instance_id,family,cells,sites,method,initialization,seed,budget,evaluations,observed_oracle_calls,best_cost,exact_cost,initial_cost,optimal_hit,ratio
quality_4_6_compact_0,compact,4,6,uniform,deterministic,401,32,32,32,10.48,9.66,12.38,False,1.0848861283643894
quality_4_6_compact_0,compact,4,6,uniform,deterministic,409,32,32,32,9.66,9.66,12.38,True,1.0
quality_4_6_compact_0,compact,4,6,uniform,deterministic,419,32,32,32,12.280000000000001,9.66,12.38,False,1.2712215320910973
quality_4_6_compact_0,compact,4,6,uniform,deterministic,421,32,32,32,10.48,9.66,12.38,False,1.0848861283643894
quality_4_6_compact_0,compact,4,6,uniform,deterministic,401,128,128,128,10.48,9.66,12.38,False,1.0848861283643894
quality_4_6_compact_0,compact,4,6,uniform,deterministic,409,128,128,128,9.66,9.66,12.38,True,1.0
quality_4_6_compact_0,compact,4,6,uniform,deterministic,419,128,128,128,10.6,9.66,12.38,False,1.0973084886128364
quality_4_6_compact_0,compact,4,6,uniform,deterministic,421,128,128,128,9.66,9.66,12.38,True,1.0
quality_4_6_compact_0,compact,4,6,uniform,deterministic,401,512,512,512,9.66,9.66,12.38,True,1.0
quality_4_6_compact_0,compact,4,6,uniform,deterministic,409,512,512,512,9.66,9.66,12.38,True,1.0
quality_4_6_compact_0,compact,4,6,uniform,deterministic,419,512,512,512,9.66,9.66,12.38,True,1.0
quality_4_6_compact_0,compact,4,6,uniform,deterministic,421,512,512,512,9.66,9.66,12.38,True,1.0
quality_4_6_compact_0,compact,4,6,annealing,deterministic,401,32,32,32,9.66,9.66,12.38,True,1.0
quality_4_6_compact_0,compact,4,6,annealing,deterministic,409,32,32,32,11.64,9.66,12.38,False,1.204968944099379
quality_4_6_compact_0,compact,4,6,annealing,deterministic,419,32,32,32,11.64,9.66,12.38,False,1.204968944099379
quality_4_6_compact_0,compact,4,6,annealing,deterministic,421,32,32,32,9.66,9.66,12.38,True,1.0
quality_4_6_compact_0,compact,4,6,annealing,deterministic,401,128,128,128,9.66,9.66,12.38,True,1.0
quality_4_6_compact_0,compact,4,6,annealing,deterministic,409,128,128,128,9.66,9.66,12.38,True,1.0
quality_4_6_compact_0,compact,4,6,annealing,deterministic,419,128,128,128,9.66,9.66,12.38,True,1.0
quality_4_6_compact_0,compact,4,6,annealing,deterministic,421,128,128,128,9.66,9.66,12.38,True,1.0
quality_4_6_compact_0,compact,4,6,annealing,deterministic,401,512,512,512,9.66,9.66,12.38,True,1.0
quality_4_6_compact_0,compact,4,6,annealing,deterministic,409,512,512,512,9.66,9.66,12.38,True,1.0
quality_4_6_compact_0,compact,4,6,annealing,deterministic,419,512,512,512,9.66,9.66,12.38,True,1.0
quality_4_6_compact_0,compact,4,6,annealing,deterministic,421,512,512,512,9.66,9.66,12.38,True,1.0
quality_4_6_compact_0,compact,4,6,multistart_greedy,deterministic,401,32,32,32,9.66,9.66,12.38,True,1.0
quality_4_6_compact_0,compact,4,6,multistart_greedy,deterministic,409,32,32,32,9.66,9.66,12.38,True,1.0
quality_4_6_compact_0,compact,4,6,multistart_greedy,deterministic,419,32,32,32,9.66,9.66,12.38,True,1.0
quality_4_6_compact_0,compact,4,6,multistart_greedy,deterministic,421,32,32,32,9.66,9.66,12.38,True,1.0
quality_4_6_compact_0,compact,4,6,multistart_greedy,deterministic,401,128,128,128,9.66,9.66,12.38,True,1.0
quality_4_6_compact_0,compact,4,6,multistart_greedy,deterministic,409,128,128,128,9.66,9.66,12.38,True,1.0
quality_4_6_compact_0,compact,4,6,multistart_greedy,deterministic,419,128,128,128,9.66,9.66,12.38,True,1.0
quality_4_6_compact_0,compact,4,6,multistart_greedy,deterministic,421,128,128,128,9.66,9.66,12.38,True,1.0
quality_4_6_compact_0,compact,4,6,multistart_greedy,deterministic,401,512,512,512,9.66,9.66,12.38,True,1.0
quality_4_6_compact_0,compact,4,6,multistart_greedy,deterministic,409,512,512,512,9.66,9.66,12.38,True,1.0
quality_4_6_compact_0,compact,4,6,multistart_greedy,deterministic,419,512,512,512,9.66,9.66,12.38,True,1.0
quality_4_6_compact_0,compact,4,6,multistart_greedy,deterministic,421,512,512,512,9.66,9.66,12.38,True,1.0
quality_4_6_compact_0,compact,4,6,uniform,poor,401,32,32,32,10.48,9.66,24.64,False,1.0848861283643894
quality_4_6_compact_0,compact,4,6,uniform,poor,409,32,32,32,9.66,9.66,24.64,True,1.0
quality_4_6_compact_0,compact,4,6,uniform,poor,419,32,32,32,12.280000000000001,9.66,24.64,False,1.2712215320910973
quality_4_6_compact_0,compact,4,6,uniform,poor,421,32,32,32,10.48,9.66,24.64,False,1.0848861283643894
quality_4_6_compact_0,compact,4,6,uniform,poor,401,128,128,128,10.48,9.66,24.64,False,1.0848861283643894
quality_4_6_compact_0,compact,4,6,uniform,poor,409,128,128,128,9.66,9.66,24.64,True,1.0
quality_4_6_compact_0,compact,4,6,uniform,poor,419,128,128,128,10.6,9.66,24.64,False,1.0973084886128364
quality_4_6_compact_0,compact,4,6,uniform,poor,421,128,128,128,9.66,9.66,24.64,True,1.0
quality_4_6_compact_0,compact,4,6,uniform,poor,401,512,512,512,9.66,9.66,24.64,True,1.0
quality_4_6_compact_0,compact,4,6,uniform,poor,409,512,512,512,9.66,9.66,24.64,True,1.0
quality_4_6_compact_0,compact,4,6,uniform,poor,419,512,512,512,9.66,9.66,24.64,True,1.0
quality_4_6_compact_0,compact,4,6,uniform,poor,421,512,512,512,9.66,9.66,24.64,True,1.0
quality_4_6_compact_0,compact,4,6,annealing,poor,401,32,32,32,12.600000000000001,9.66,24.64,False,1.3043478260869565
quality_4_6_compact_0,compact,4,6,annealing,poor,409,32,32,32,9.66,9.66,24.64,True,1.0
quality_4_6_compact_0,compact,4,6,annealing,poor,419,32,32,32,9.66,9.66,24.64,True,1.0
quality_4_6_compact_0,compact,4,6,annealing,poor,421,32,32,32,10.48,9.66,24.64,False,1.0848861283643894
quality_4_6_compact_0,compact,4,6,annealing,poor,401,128,128,128,9.66,9.66,24.64,True,1.0
quality_4_6_compact_0,compact,4,6,annealing,poor,409,128,128,128,9.66,9.66,24.64,True,1.0
quality_4_6_compact_0,compact,4,6,annealing,poor,419,128,128,128,9.66,9.66,24.64,True,1.0
quality_4_6_compact_0,compact,4,6,annealing,poor,421,128,128,128,9.66,9.66,24.64,True,1.0
quality_4_6_compact_0,compact,4,6,annealing,poor,401,512,512,512,9.66,9.66,24.64,True,1.0
quality_4_6_compact_0,compact,4,6,annealing,poor,409,512,512,512,9.66,9.66,24.64,True,1.0
quality_4_6_compact_0,compact,4,6,annealing,poor,419,512,512,512,9.66,9.66,24.64,True,1.0
quality_4_6_compact_0,compact,4,6,annealing,poor,421,512,512,512,9.66,9.66,24.64,True,1.0
quality_4_6_compact_0,compact,4,6,multistart_greedy,poor,401,32,32,32,11.64,9.66,24.64,False,1.204968944099379
quality_4_6_compact_0,compact,4,6,multistart_greedy,poor,409,32,32,32,11.64,9.66,24.64,False,1.204968944099379
quality_4_6_compact_0,compact,4,6,multistart_greedy,poor,419,32,32,32,11.64,9.66,24.64,False,1.204968944099379
quality_4_6_compact_0,compact,4,6,multistart_greedy,poor,421,32,32,32,11.64,9.66,24.64,False,1.204968944099379
quality_4_6_compact_0,compact,4,6,multistart_greedy,poor,401,128,128,128,9.66,9.66,24.64,True,1.0
quality_4_6_compact_0,compact,4,6,multistart_greedy,poor,409,128,128,128,9.66,9.66,24.64,True,1.0
quality_4_6_compact_0,compact,4,6,multistart_greedy,poor,419,128,128,128,9.66,9.66,24.64,True,1.0
quality_4_6_compact_0,compact,4,6,multistart_greedy,poor,421,128,128,128,9.66,9.66,24.64,True,1.0
quality_4_6_compact_0,compact,4,6,multistart_greedy,poor,401,512,512,512,9.66,9.66,24.64,True,1.0
quality_4_6_compact_0,compact,4,6,multistart_greedy,poor,409,512,512,512,9.66,9.66,24.64,True,1.0
quality_4_6_compact_0,compact,4,6,multistart_greedy,poor,419,512,512,512,9.66,9.66,24.64,True,1.0
quality_4_6_compact_0,compact,4,6,multistart_greedy,poor,421,512,512,512,9.66,9.66,24.64,True,1.0
quality_4_6_compact_0,compact,4,6,uniform,random,401,32,32,32,10.48,9.66,19.6,False,1.0848861283643894
quality_4_6_compact_0,compact,4,6,uniform,random,409,32,32,32,9.66,9.66,19.6,True,1.0
quality_4_6_compact_0,compact,4,6,uniform,random,419,32,32,32,12.280000000000001,9.66,19.6,False,1.2712215320910973
quality_4_6_compact_0,compact,4,6,uniform,random,421,32,32,32,10.48,9.66,19.6,False,1.0848861283643894
quality_4_6_compact_0,compact,4,6,uniform,random,401,128,128,128,10.48,9.66,19.6,False,1.0848861283643894
quality_4_6_compact_0,compact,4,6,uniform,random,409,128,128,128,9.66,9.66,19.6,True,1.0
quality_4_6_compact_0,compact,4,6,uniform,random,419,128,128,128,10.6,9.66,19.6,False,1.0973084886128364
quality_4_6_compact_0,compact,4,6,uniform,random,421,128,128,128,9.66,9.66,19.6,True,1.0
quality_4_6_compact_0,compact,4,6,uniform,random,401,512,512,512,9.66,9.66,19.6,True,1.0
quality_4_6_compact_0,compact,4,6,uniform,random,409,512,512,512,9.66,9.66,19.6,True,1.0
quality_4_6_compact_0,compact,4,6,uniform,random,419,512,512,512,9.66,9.66,19.6,True,1.0
quality_4_6_compact_0,compact,4,6,uniform,random,421,512,512,512,9.66,9.66,19.6,True,1.0
quality_4_6_compact_0,compact,4,6,annealing,random,401,32,32,32,11.64,9.66,19.6,False,1.204968944099379
quality_4_6_compact_0,compact,4,6,annealing,random,409,32,32,32,9.66,9.66,19.6,True,1.0
quality_4_6_compact_0,compact,4,6,annealing,random,419,32,32,32,9.66,9.66,19.6,True,1.0
quality_4_6_compact_0,compact,4,6,annealing,random,421,32,32,32,10.48,9.66,19.6,False,1.0848861283643894
quality_4_6_compact_0,compact,4,6,annealing,random,401,128,128,128,9.66,9.66,19.6,True,1.0
quality_4_6_compact_0,compact,4,6,annealing,random,409,128,128,128,9.66,9.66,19.6,True,1.0
quality_4_6_compact_0,compact,4,6,annealing,random,419,128,128,128,9.66,9.66,19.6,True,1.0
quality_4_6_compact_0,compact,4,6,annealing,random,421,128,128,128,9.66,9.66,19.6,True,1.0
quality_4_6_compact_0,compact,4,6,annealing,random,401,512,512,512,9.66,9.66,19.6,True,1.0
quality_4_6_compact_0,compact,4,6,annealing,random,409,512,512,512,9.66,9.66,19.6,True,1.0
quality_4_6_compact_0,compact,4,6,annealing,random,419,512,512,512,9.66,9.66,19.6,True,1.0
quality_4_6_compact_0,compact,4,6,annealing,random,421,512,512,512,9.66,9.66,19.6,True,1.0
quality_4_6_compact_0,compact,4,6,multistart_greedy,random,401,32,32,32,11.64,9.66,19.6,False,1.204968944099379
quality_4_6_compact_0,compact,4,6,multistart_greedy,random,409,32,32,32,11.64,9.66,19.6,False,1.204968944099379
quality_4_6_compact_0,compact,4,6,multistart_greedy,random,419,32,32,32,11.64,9.66,19.6,False,1.204968944099379
quality_4_6_compact_0,compact,4,6,multistart_greedy,random,421,32,32,32,11.64,9.66,19.6,False,1.204968944099379
quality_4_6_compact_0,compact,4,6,multistart_greedy,random,401,128,128,128,9.66,9.66,19.6,True,1.0
quality_4_6_compact_0,compact,4,6,multistart_greedy,random,409,128,128,128,9.66,9.66,19.6,True,1.0
quality_4_6_compact_0,compact,4,6,multistart_greedy,random,419,128,128,128,9.66,9.66,19.6,True,1.0
quality_4_6_compact_0,compact,4,6,multistart_greedy,random,421,128,128,128,9.66,9.66,19.6,True,1.0
quality_4_6_compact_0,compact,4,6,multistart_greedy,random,401,512,512,512,9.66,9.66,19.6,True,1.0
quality_4_6_compact_0,compact,4,6,multistart_greedy,random,409,512,512,512,9.66,9.66,19.6,True,1.0
quality_4_6_compact_0,compact,4,6,multistart_greedy,random,419,512,512,512,9.66,9.66,19.6,True,1.0
quality_4_6_compact_0,compact,4,6,multistart_greedy,random,421,512,512,512,9.66,9.66,19.6,True,1.0
quality_4_6_compact_1,compact,4,6,uniform,deterministic,401,32,32,32,9.959999999999999,8.23,11.129999999999999,False,1.2102065613608746
quality_4_6_compact_1,compact,4,6,uniform,deterministic,409,32,32,32,9.4,8.23,11.129999999999999,False,1.1421628189550426
quality_4_6_compact_1,compact,4,6,uniform,deterministic,419,32,32,32,8.23,8.23,11.129999999999999,True,1.0
quality_4_6_compact_1,compact,4,6,uniform,deterministic,421,32,32,32,8.26,8.23,11.129999999999999,False,1.0036452004860266
quality_4_6_compact_1,compact,4,6,uniform,deterministic,401,128,128,128,8.26,8.23,11.129999999999999,False,1.0036452004860266
quality_4_6_compact_1,compact,4,6,uniform,deterministic,409,128,128,128,9.4,8.23,11.129999999999999,False,1.1421628189550426
quality_4_6_compact_1,compact,4,6,uniform,deterministic,419,128,128,128,8.23,8.23,11.129999999999999,True,1.0
quality_4_6_compact_1,compact,4,6,uniform,deterministic,421,128,128,128,8.23,8.23,11.129999999999999,True,1.0
quality_4_6_compact_1,compact,4,6,uniform,deterministic,401,512,512,512,8.23,8.23,11.129999999999999,True,1.0
quality_4_6_compact_1,compact,4,6,uniform,deterministic,409,512,512,512,8.23,8.23,11.129999999999999,True,1.0
quality_4_6_compact_1,compact,4,6,uniform,deterministic,419,512,512,512,8.23,8.23,11.129999999999999,True,1.0
quality_4_6_compact_1,compact,4,6,uniform,deterministic,421,512,512,512,8.23,8.23,11.129999999999999,True,1.0
quality_4_6_compact_1,compact,4,6,annealing,deterministic,401,32,32,32,10.26,8.23,11.129999999999999,False,1.246658566221142
quality_4_6_compact_1,compact,4,6,annealing,deterministic,409,32,32,32,9.4,8.23,11.129999999999999,False,1.1421628189550426
quality_4_6_compact_1,compact,4,6,annealing,deterministic,419,32,32,32,8.23,8.23,11.129999999999999,True,1.0
quality_4_6_compact_1,compact,4,6,annealing,deterministic,421,32,32,32,8.26,8.23,11.129999999999999,False,1.0036452004860266
quality_4_6_compact_1,compact,4,6,annealing,deterministic,401,128,128,128,10.26,8.23,11.129999999999999,False,1.246658566221142
quality_4_6_compact_1,compact,4,6,annealing,deterministic,409,128,128,128,9.4,8.23,11.129999999999999,False,1.1421628189550426
quality_4_6_compact_1,compact,4,6,annealing,deterministic,419,128,128,128,8.23,8.23,11.129999999999999,True,1.0
quality_4_6_compact_1,compact,4,6,annealing,deterministic,421,128,128,128,8.23,8.23,11.129999999999999,True,1.0
quality_4_6_compact_1,compact,4,6,annealing,deterministic,401,512,512,512,8.23,8.23,11.129999999999999,True,1.0
quality_4_6_compact_1,compact,4,6,annealing,deterministic,409,512,512,512,8.23,8.23,11.129999999999999,True,1.0
quality_4_6_compact_1,compact,4,6,annealing,deterministic,419,512,512,512,8.23,8.23,11.129999999999999,True,1.0
quality_4_6_compact_1,compact,4,6,annealing,deterministic,421,512,512,512,8.23,8.23,11.129999999999999,True,1.0
quality_4_6_compact_1,compact,4,6,multistart_greedy,deterministic,401,32,32,32,8.23,8.23,11.129999999999999,True,1.0
quality_4_6_compact_1,compact,4,6,multistart_greedy,deterministic,409,32,32,32,8.23,8.23,11.129999999999999,True,1.0
quality_4_6_compact_1,compact,4,6,multistart_greedy,deterministic,419,32,32,32,8.23,8.23,11.129999999999999,True,1.0
quality_4_6_compact_1,compact,4,6,multistart_greedy,deterministic,421,32,32,32,8.23,8.23,11.129999999999999,True,1.0
quality_4_6_compact_1,compact,4,6,multistart_greedy,deterministic,401,128,128,128,8.23,8.23,11.129999999999999,True,1.0
quality_4_6_compact_1,compact,4,6,multistart_greedy,deterministic,409,128,128,128,8.23,8.23,11.129999999999999,True,1.0
quality_4_6_compact_1,compact,4,6,multistart_greedy,deterministic,419,128,128,128,8.23,8.23,11.129999999999999,True,1.0
quality_4_6_compact_1,compact,4,6,multistart_greedy,deterministic,421,128,128,128,8.23,8.23,11.129999999999999,True,1.0
quality_4_6_compact_1,compact,4,6,multistart_greedy,deterministic,401,512,512,512,8.23,8.23,11.129999999999999,True,1.0
quality_4_6_compact_1,compact,4,6,multistart_greedy,deterministic,409,512,512,512,8.23,8.23,11.129999999999999,True,1.0
quality_4_6_compact_1,compact,4,6,multistart_greedy,deterministic,419,512,512,512,8.23,8.23,11.129999999999999,True,1.0
quality_4_6_compact_1,compact,4,6,multistart_greedy,deterministic,421,512,512,512,8.23,8.23,11.129999999999999,True,1.0
quality_4_6_compact_1,compact,4,6,uniform,poor,401,32,32,32,9.959999999999999,8.23,17.99,False,1.2102065613608746
quality_4_6_compact_1,compact,4,6,uniform,poor,409,32,32,32,9.4,8.23,17.99,False,1.1421628189550426
quality_4_6_compact_1,compact,4,6,uniform,poor,419,32,32,32,8.23,8.23,17.99,True,1.0
quality_4_6_compact_1,compact,4,6,uniform,poor,421,32,32,32,8.26,8.23,17.99,False,1.0036452004860266
quality_4_6_compact_1,compact,4,6,uniform,poor,401,128,128,128,8.26,8.23,17.99,False,1.0036452004860266
quality_4_6_compact_1,compact,4,6,uniform,poor,409,128,128,128,9.4,8.23,17.99,False,1.1421628189550426
quality_4_6_compact_1,compact,4,6,uniform,poor,419,128,128,128,8.23,8.23,17.99,True,1.0
quality_4_6_compact_1,compact,4,6,uniform,poor,421,128,128,128,8.23,8.23,17.99,True,1.0
quality_4_6_compact_1,compact,4,6,uniform,poor,401,512,512,512,8.23,8.23,17.99,True,1.0
quality_4_6_compact_1,compact,4,6,uniform,poor,409,512,512,512,8.23,8.23,17.99,True,1.0
quality_4_6_compact_1,compact,4,6,uniform,poor,419,512,512,512,8.23,8.23,17.99,True,1.0
quality_4_6_compact_1,compact,4,6,uniform,poor,421,512,512,512,8.23,8.23,17.99,True,1.0
quality_4_6_compact_1,compact,4,6,annealing,poor,401,32,32,32,8.23,8.23,17.99,True,1.0
quality_4_6_compact_1,compact,4,6,annealing,poor,409,32,32,32,12.229999999999999,8.23,17.99,False,1.4860267314702307
quality_4_6_compact_1,compact,4,6,annealing,poor,419,32,32,32,8.23,8.23,17.99,True,1.0
quality_4_6_compact_1,compact,4,6,annealing,poor,421,32,32,32,8.26,8.23,17.99,False,1.0036452004860266
quality_4_6_compact_1,compact,4,6,annealing,poor,401,128,128,128,8.23,8.23,17.99,True,1.0
quality_4_6_compact_1,compact,4,6,annealing,poor,409,128,128,128,8.23,8.23,17.99,True,1.0
quality_4_6_compact_1,compact,4,6,annealing,poor,419,128,128,128,8.23,8.23,17.99,True,1.0
quality_4_6_compact_1,compact,4,6,annealing,poor,421,128,128,128,8.23,8.23,17.99,True,1.0
quality_4_6_compact_1,compact,4,6,annealing,poor,401,512,512,512,8.23,8.23,17.99,True,1.0
quality_4_6_compact_1,compact,4,6,annealing,poor,409,512,512,512,8.23,8.23,17.99,True,1.0
quality_4_6_compact_1,compact,4,6,annealing,poor,419,512,512,512,8.23,8.23,17.99,True,1.0
quality_4_6_compact_1,compact,4,6,annealing,poor,421,512,512,512,8.23,8.23,17.99,True,1.0
quality_4_6_compact_1,compact,4,6,multistart_greedy,poor,401,32,32,32,9.73,8.23,17.99,False,1.1822600243013366
quality_4_6_compact_1,compact,4,6,multistart_greedy,poor,409,32,32,32,9.73,8.23,17.99,False,1.1822600243013366
quality_4_6_compact_1,compact,4,6,multistart_greedy,poor,419,32,32,32,9.73,8.23,17.99,False,1.1822600243013366
quality_4_6_compact_1,compact,4,6,multistart_greedy,poor,421,32,32,32,9.73,8.23,17.99,False,1.1822600243013366
quality_4_6_compact_1,compact,4,6,multistart_greedy,poor,401,128,128,128,8.23,8.23,17.99,True,1.0
quality_4_6_compact_1,compact,4,6,multistart_greedy,poor,409,128,128,128,8.23,8.23,17.99,True,1.0
quality_4_6_compact_1,compact,4,6,multistart_greedy,poor,419,128,128,128,8.23,8.23,17.99,True,1.0
quality_4_6_compact_1,compact,4,6,multistart_greedy,poor,421,128,128,128,8.23,8.23,17.99,True,1.0
quality_4_6_compact_1,compact,4,6,multistart_greedy,poor,401,512,512,512,8.23,8.23,17.99,True,1.0
quality_4_6_compact_1,compact,4,6,multistart_greedy,poor,409,512,512,512,8.23,8.23,17.99,True,1.0
quality_4_6_compact_1,compact,4,6,multistart_greedy,poor,419,512,512,512,8.23,8.23,17.99,True,1.0
quality_4_6_compact_1,compact,4,6,multistart_greedy,poor,421,512,512,512,8.23,8.23,17.99,True,1.0
quality_4_6_compact_1,compact,4,6,uniform,random,401,32,32,32,9.959999999999999,8.23,13.989999999999998,False,1.2102065613608746
quality_4_6_compact_1,compact,4,6,uniform,random,409,32,32,32,9.4,8.23,13.989999999999998,False,1.1421628189550426
quality_4_6_compact_1,compact,4,6,uniform,random,419,32,32,32,8.23,8.23,13.989999999999998,True,1.0
quality_4_6_compact_1,compact,4,6,uniform,random,421,32,32,32,8.26,8.23,13.989999999999998,False,1.0036452004860266
quality_4_6_compact_1,compact,4,6,uniform,random,401,128,128,128,8.26,8.23,13.989999999999998,False,1.0036452004860266
quality_4_6_compact_1,compact,4,6,uniform,random,409,128,128,128,9.4,8.23,13.989999999999998,False,1.1421628189550426
quality_4_6_compact_1,compact,4,6,uniform,random,419,128,128,128,8.23,8.23,13.989999999999998,True,1.0
quality_4_6_compact_1,compact,4,6,uniform,random,421,128,128,128,8.23,8.23,13.989999999999998,True,1.0
quality_4_6_compact_1,compact,4,6,uniform,random,401,512,512,512,8.23,8.23,13.989999999999998,True,1.0
quality_4_6_compact_1,compact,4,6,uniform,random,409,512,512,512,8.23,8.23,13.989999999999998,True,1.0
quality_4_6_compact_1,compact,4,6,uniform,random,419,512,512,512,8.23,8.23,13.989999999999998,True,1.0
quality_4_6_compact_1,compact,4,6,uniform,random,421,512,512,512,8.23,8.23,13.989999999999998,True,1.0
quality_4_6_compact_1,compact,4,6,annealing,random,401,32,32,32,9.4,8.23,13.989999999999998,False,1.1421628189550426
quality_4_6_compact_1,compact,4,6,annealing,random,409,32,32,32,8.23,8.23,13.989999999999998,True,1.0
quality_4_6_compact_1,compact,4,6,annealing,random,419,32,32,32,8.26,8.23,13.989999999999998,False,1.0036452004860266
quality_4_6_compact_1,compact,4,6,annealing,random,421,32,32,32,8.26,8.23,13.989999999999998,False,1.0036452004860266
quality_4_6_compact_1,compact,4,6,annealing,random,401,128,128,128,8.23,8.23,13.989999999999998,True,1.0
quality_4_6_compact_1,compact,4,6,annealing,random,409,128,128,128,8.23,8.23,13.989999999999998,True,1.0
quality_4_6_compact_1,compact,4,6,annealing,random,419,128,128,128,8.23,8.23,13.989999999999998,True,1.0
quality_4_6_compact_1,compact,4,6,annealing,random,421,128,128,128,8.23,8.23,13.989999999999998,True,1.0
quality_4_6_compact_1,compact,4,6,annealing,random,401,512,512,512,8.23,8.23,13.989999999999998,True,1.0
quality_4_6_compact_1,compact,4,6,annealing,random,409,512,512,512,8.23,8.23,13.989999999999998,True,1.0
quality_4_6_compact_1,compact,4,6,annealing,random,419,512,512,512,8.23,8.23,13.989999999999998,True,1.0
quality_4_6_compact_1,compact,4,6,annealing,random,421,512,512,512,8.23,8.23,13.989999999999998,True,1.0
quality_4_6_compact_1,compact,4,6,multistart_greedy,random,401,32,32,32,8.23,8.23,13.989999999999998,True,1.0
quality_4_6_compact_1,compact,4,6,multistart_greedy,random,409,32,32,32,8.23,8.23,13.989999999999998,True,1.0
quality_4_6_compact_1,compact,4,6,multistart_greedy,random,419,32,32,32,8.23,8.23,13.989999999999998,True,1.0
quality_4_6_compact_1,compact,4,6,multistart_greedy,random,421,32,32,32,8.23,8.23,13.989999999999998,True,1.0
quality_4_6_compact_1,compact,4,6,multistart_greedy,random,401,128,128,128,8.23,8.23,13.989999999999998,True,1.0
quality_4_6_compact_1,compact,4,6,multistart_greedy,random,409,128,128,128,8.23,8.23,13.989999999999998,True,1.0
quality_4_6_compact_1,compact,4,6,multistart_greedy,random,419,128,128,128,8.23,8.23,13.989999999999998,True,1.0
quality_4_6_compact_1,compact,4,6,multistart_greedy,random,421,128,128,128,8.23,8.23,13.989999999999998,True,1.0
quality_4_6_compact_1,compact,4,6,multistart_greedy,random,401,512,512,512,8.23,8.23,13.989999999999998,True,1.0
quality_4_6_compact_1,compact,4,6,multistart_greedy,random,409,512,512,512,8.23,8.23,13.989999999999998,True,1.0
quality_4_6_compact_1,compact,4,6,multistart_greedy,random,419,512,512,512,8.23,8.23,13.989999999999998,True,1.0
quality_4_6_compact_1,compact,4,6,multistart_greedy,random,421,512,512,512,8.23,8.23,13.989999999999998,True,1.0
quality_4_6_compact_2,compact,4,6,uniform,deterministic,401,32,32,32,16.330000000000002,16.330000000000002,19.88,True,1.0
quality_4_6_compact_2,compact,4,6,uniform,deterministic,409,32,32,32,19.23,16.330000000000002,19.88,False,1.1775872627066748
quality_4_6_compact_2,compact,4,6,uniform,deterministic,419,32,32,32,16.78,16.330000000000002,19.88,False,1.0275566442131048
quality_4_6_compact_2,compact,4,6,uniform,deterministic,421,32,32,32,17.94,16.330000000000002,19.88,False,1.0985915492957745
quality_4_6_compact_2,compact,4,6,uniform,deterministic,401,128,128,128,16.330000000000002,16.330000000000002,19.88,True,1.0
quality_4_6_compact_2,compact,4,6,uniform,deterministic,409,128,128,128,17.32,16.330000000000002,19.88,False,1.0606246172688303
quality_4_6_compact_2,compact,4,6,uniform,deterministic,419,128,128,128,16.330000000000002,16.330000000000002,19.88,True,1.0
quality_4_6_compact_2,compact,4,6,uniform,deterministic,421,128,128,128,16.9,16.330000000000002,19.88,False,1.0349050826699324
quality_4_6_compact_2,compact,4,6,uniform,deterministic,401,512,512,512,16.330000000000002,16.330000000000002,19.88,True,1.0
quality_4_6_compact_2,compact,4,6,uniform,deterministic,409,512,512,512,16.330000000000002,16.330000000000002,19.88,True,1.0
quality_4_6_compact_2,compact,4,6,uniform,deterministic,419,512,512,512,16.330000000000002,16.330000000000002,19.88,True,1.0
quality_4_6_compact_2,compact,4,6,uniform,deterministic,421,512,512,512,16.330000000000002,16.330000000000002,19.88,True,1.0
quality_4_6_compact_2,compact,4,6,annealing,deterministic,401,32,32,32,16.78,16.330000000000002,19.88,False,1.0275566442131048
quality_4_6_compact_2,compact,4,6,annealing,deterministic,409,32,32,32,16.78,16.330000000000002,19.88,False,1.0275566442131048
quality_4_6_compact_2,compact,4,6,annealing,deterministic,419,32,32,32,16.75,16.330000000000002,19.88,False,1.0257195345988976
quality_4_6_compact_2,compact,4,6,annealing,deterministic,421,32,32,32,16.75,16.330000000000002,19.88,False,1.0257195345988976
quality_4_6_compact_2,compact,4,6,annealing,deterministic,401,128,128,128,16.78,16.330000000000002,19.88,False,1.0275566442131048
quality_4_6_compact_2,compact,4,6,annealing,deterministic,409,128,128,128,16.78,16.330000000000002,19.88,False,1.0275566442131048
quality_4_6_compact_2,compact,4,6,annealing,deterministic,419,128,128,128,16.75,16.330000000000002,19.88,False,1.0257195345988976
quality_4_6_compact_2,compact,4,6,annealing,deterministic,421,128,128,128,16.75,16.330000000000002,19.88,False,1.0257195345988976
quality_4_6_compact_2,compact,4,6,annealing,deterministic,401,512,512,512,16.78,16.330000000000002,19.88,False,1.0275566442131048
quality_4_6_compact_2,compact,4,6,annealing,deterministic,409,512,512,512,16.330000000000002,16.330000000000002,19.88,True,1.0
quality_4_6_compact_2,compact,4,6,annealing,deterministic,419,512,512,512,16.75,16.330000000000002,19.88,False,1.0257195345988976
quality_4_6_compact_2,compact,4,6,annealing,deterministic,421,512,512,512,16.330000000000002,16.330000000000002,19.88,True,1.0
quality_4_6_compact_2,compact,4,6,multistart_greedy,deterministic,401,32,32,32,16.330000000000002,16.330000000000002,19.88,True,1.0
quality_4_6_compact_2,compact,4,6,multistart_greedy,deterministic,409,32,32,32,16.330000000000002,16.330000000000002,19.88,True,1.0
quality_4_6_compact_2,compact,4,6,multistart_greedy,deterministic,419,32,32,32,16.330000000000002,16.330000000000002,19.88,True,1.0
quality_4_6_compact_2,compact,4,6,multistart_greedy,deterministic,421,32,32,32,16.330000000000002,16.330000000000002,19.88,True,1.0
quality_4_6_compact_2,compact,4,6,multistart_greedy,deterministic,401,128,128,128,16.330000000000002,16.330000000000002,19.88,True,1.0
quality_4_6_compact_2,compact,4,6,multistart_greedy,deterministic,409,128,128,128,16.330000000000002,16.330000000000002,19.88,True,1.0
quality_4_6_compact_2,compact,4,6,multistart_greedy,deterministic,419,128,128,128,16.330000000000002,16.330000000000002,19.88,True,1.0
quality_4_6_compact_2,compact,4,6,multistart_greedy,deterministic,421,128,128,128,16.330000000000002,16.330000000000002,19.88,True,1.0
quality_4_6_compact_2,compact,4,6,multistart_greedy,deterministic,401,512,512,512,16.330000000000002,16.330000000000002,19.88,True,1.0
quality_4_6_compact_2,compact,4,6,multistart_greedy,deterministic,409,512,512,512,16.330000000000002,16.330000000000002,19.88,True,1.0
quality_4_6_compact_2,compact,4,6,multistart_greedy,deterministic,419,512,512,512,16.330000000000002,16.330000000000002,19.88,True,1.0
quality_4_6_compact_2,compact,4,6,multistart_greedy,deterministic,421,512,512,512,16.330000000000002,16.330000000000002,19.88,True,1.0
quality_4_6_compact_2,compact,4,6,uniform,poor,401,32,32,32,16.330000000000002,16.330000000000002,31.1,True,1.0
quality_4_6_compact_2,compact,4,6,uniform,poor,409,32,32,32,19.23,16.330000000000002,31.1,False,1.1775872627066748
quality_4_6_compact_2,compact,4,6,uniform,poor,419,32,32,32,16.78,16.330000000000002,31.1,False,1.0275566442131048
quality_4_6_compact_2,compact,4,6,uniform,poor,421,32,32,32,17.94,16.330000000000002,31.1,False,1.0985915492957745
quality_4_6_compact_2,compact,4,6,uniform,poor,401,128,128,128,16.330000000000002,16.330000000000002,31.1,True,1.0
quality_4_6_compact_2,compact,4,6,uniform,poor,409,128,128,128,17.32,16.330000000000002,31.1,False,1.0606246172688303
quality_4_6_compact_2,compact,4,6,uniform,poor,419,128,128,128,16.330000000000002,16.330000000000002,31.1,True,1.0
quality_4_6_compact_2,compact,4,6,uniform,poor,421,128,128,128,16.9,16.330000000000002,31.1,False,1.0349050826699324
quality_4_6_compact_2,compact,4,6,uniform,poor,401,512,512,512,16.330000000000002,16.330000000000002,31.1,True,1.0
quality_4_6_compact_2,compact,4,6,uniform,poor,409,512,512,512,16.330000000000002,16.330000000000002,31.1,True,1.0
quality_4_6_compact_2,compact,4,6,uniform,poor,419,512,512,512,16.330000000000002,16.330000000000002,31.1,True,1.0
quality_4_6_compact_2,compact,4,6,uniform,poor,421,512,512,512,16.330000000000002,16.330000000000002,31.1,True,1.0
quality_4_6_compact_2,compact,4,6,annealing,poor,401,32,32,32,17.79,16.330000000000002,31.1,False,1.0894060012247395
quality_4_6_compact_2,compact,4,6,annealing,poor,409,32,32,32,17.34,16.330000000000002,31.1,False,1.061849357011635
quality_4_6_compact_2,compact,4,6,annealing,poor,419,32,32,32,17.34,16.330000000000002,31.1,False,1.061849357011635
quality_4_6_compact_2,compact,4,6,annealing,poor,421,32,32,32,17.79,16.330000000000002,31.1,False,1.0894060012247395
quality_4_6_compact_2,compact,4,6,annealing,poor,401,128,128,128,16.78,16.330000000000002,31.1,False,1.0275566442131048
quality_4_6_compact_2,compact,4,6,annealing,poor,409,128,128,128,17.34,16.330000000000002,31.1,False,1.061849357011635
quality_4_6_compact_2,compact,4,6,annealing,poor,419,128,128,128,16.330000000000002,16.330000000000002,31.1,True,1.0
quality_4_6_compact_2,compact,4,6,annealing,poor,421,128,128,128,16.78,16.330000000000002,31.1,False,1.0275566442131048
quality_4_6_compact_2,compact,4,6,annealing,poor,401,512,512,512,16.330000000000002,16.330000000000002,31.1,True,1.0
quality_4_6_compact_2,compact,4,6,annealing,poor,409,512,512,512,16.78,16.330000000000002,31.1,False,1.0275566442131048
quality_4_6_compact_2,compact,4,6,annealing,poor,419,512,512,512,16.330000000000002,16.330000000000002,31.1,True,1.0
quality_4_6_compact_2,compact,4,6,annealing,poor,421,512,512,512,16.330000000000002,16.330000000000002,31.1,True,1.0
quality_4_6_compact_2,compact,4,6,multistart_greedy,poor,401,32,32,32,16.78,16.330000000000002,31.1,False,1.0275566442131048
quality_4_6_compact_2,compact,4,6,multistart_greedy,poor,409,32,32,32,16.78,16.330000000000002,31.1,False,1.0275566442131048
quality_4_6_compact_2,compact,4,6,multistart_greedy,poor,419,32,32,32,16.78,16.330000000000002,31.1,False,1.0275566442131048
quality_4_6_compact_2,compact,4,6,multistart_greedy,poor,421,32,32,32,16.78,16.330000000000002,31.1,False,1.0275566442131048
quality_4_6_compact_2,compact,4,6,multistart_greedy,poor,401,128,128,128,16.330000000000002,16.330000000000002,31.1,True,1.0
quality_4_6_compact_2,compact,4,6,multistart_greedy,poor,409,128,128,128,16.330000000000002,16.330000000000002,31.1,True,1.0
quality_4_6_compact_2,compact,4,6,multistart_greedy,poor,419,128,128,128,16.330000000000002,16.330000000000002,31.1,True,1.0
quality_4_6_compact_2,compact,4,6,multistart_greedy,poor,421,128,128,128,16.78,16.330000000000002,31.1,False,1.0275566442131048
quality_4_6_compact_2,compact,4,6,multistart_greedy,poor,401,512,512,512,16.330000000000002,16.330000000000002,31.1,True,1.0
quality_4_6_compact_2,compact,4,6,multistart_greedy,poor,409,512,512,512,16.330000000000002,16.330000000000002,31.1,True,1.0
quality_4_6_compact_2,compact,4,6,multistart_greedy,poor,419,512,512,512,16.330000000000002,16.330000000000002,31.1,True,1.0
quality_4_6_compact_2,compact,4,6,multistart_greedy,poor,421,512,512,512,16.330000000000002,16.330000000000002,31.1,True,1.0
quality_4_6_compact_2,compact,4,6,uniform,random,401,32,32,32,16.330000000000002,16.330000000000002,23.91,True,1.0
quality_4_6_compact_2,compact,4,6,uniform,random,409,32,32,32,19.23,16.330000000000002,23.91,False,1.1775872627066748
quality_4_6_compact_2,compact,4,6,uniform,random,419,32,32,32,16.78,16.330000000000002,23.91,False,1.0275566442131048
quality_4_6_compact_2,compact,4,6,uniform,random,421,32,32,32,17.94,16.330000000000002,23.91,False,1.0985915492957745
quality_4_6_compact_2,compact,4,6,uniform,random,401,128,128,128,16.330000000000002,16.330000000000002,23.91,True,1.0
quality_4_6_compact_2,compact,4,6,uniform,random,409,128,128,128,17.32,16.330000000000002,23.91,False,1.0606246172688303
quality_4_6_compact_2,compact,4,6,uniform,random,419,128,128,128,16.330000000000002,16.330000000000002,23.91,True,1.0
quality_4_6_compact_2,compact,4,6,uniform,random,421,128,128,128,16.9,16.330000000000002,23.91,False,1.0349050826699324
quality_4_6_compact_2,compact,4,6,uniform,random,401,512,512,512,16.330000000000002,16.330000000000002,23.91,True,1.0
quality_4_6_compact_2,compact,4,6,uniform,random,409,512,512,512,16.330000000000002,16.330000000000002,23.91,True,1.0
quality_4_6_compact_2,compact,4,6,uniform,random,419,512,512,512,16.330000000000002,16.330000000000002,23.91,True,1.0
quality_4_6_compact_2,compact,4,6,uniform,random,421,512,512,512,16.330000000000002,16.330000000000002,23.91,True,1.0
quality_4_6_compact_2,compact,4,6,annealing,random,401,32,32,32,17.369999999999997,16.330000000000002,23.91,False,1.0636864666258417
quality_4_6_compact_2,compact,4,6,annealing,random,409,32,32,32,17.34,16.330000000000002,23.91,False,1.061849357011635
quality_4_6_compact_2,compact,4,6,annealing,random,419,32,32,32,17.79,16.330000000000002,23.91,False,1.0894060012247395
quality_4_6_compact_2,compact,4,6,annealing,random,421,32,32,32,17.34,16.330000000000002,23.91,False,1.061849357011635
quality_4_6_compact_2,compact,4,6,annealing,random,401,128,128,128,17.369999999999997,16.330000000000002,23.91,False,1.0636864666258417
quality_4_6_compact_2,compact,4,6,annealing,random,409,128,128,128,17.34,16.330000000000002,23.91,False,1.061849357011635
quality_4_6_compact_2,compact,4,6,annealing,random,419,128,128,128,16.75,16.330000000000002,23.91,False,1.0257195345988976
quality_4_6_compact_2,compact,4,6,annealing,random,421,128,128,128,16.330000000000002,16.330000000000002,23.91,True,1.0
quality_4_6_compact_2,compact,4,6,annealing,random,401,512,512,512,17.369999999999997,16.330000000000002,23.91,False,1.0636864666258417
quality_4_6_compact_2,compact,4,6,annealing,random,409,512,512,512,16.78,16.330000000000002,23.91,False,1.0275566442131048
quality_4_6_compact_2,compact,4,6,annealing,random,419,512,512,512,16.75,16.330000000000002,23.91,False,1.0257195345988976
quality_4_6_compact_2,compact,4,6,annealing,random,421,512,512,512,16.75,16.330000000000002,23.91,False,1.0257195345988976
quality_4_6_compact_2,compact,4,6,multistart_greedy,random,401,32,32,32,16.330000000000002,16.330000000000002,23.91,True,1.0
quality_4_6_compact_2,compact,4,6,multistart_greedy,random,409,32,32,32,16.330000000000002,16.330000000000002,23.91,True,1.0
quality_4_6_compact_2,compact,4,6,multistart_greedy,random,419,32,32,32,16.330000000000002,16.330000000000002,23.91,True,1.0
quality_4_6_compact_2,compact,4,6,multistart_greedy,random,421,32,32,32,16.330000000000002,16.330000000000002,23.91,True,1.0
quality_4_6_compact_2,compact,4,6,multistart_greedy,random,401,128,128,128,16.330000000000002,16.330000000000002,23.91,True,1.0
quality_4_6_compact_2,compact,4,6,multistart_greedy,random,409,128,128,128,16.330000000000002,16.330000000000002,23.91,True,1.0
quality_4_6_compact_2,compact,4,6,multistart_greedy,random,419,128,128,128,16.330000000000002,16.330000000000002,23.91,True,1.0
quality_4_6_compact_2,compact,4,6,multistart_greedy,random,421,128,128,128,16.330000000000002,16.330000000000002,23.91,True,1.0
quality_4_6_compact_2,compact,4,6,multistart_greedy,random,401,512,512,512,16.330000000000002,16.330000000000002,23.91,True,1.0
quality_4_6_compact_2,compact,4,6,multistart_greedy,random,409,512,512,512,16.330000000000002,16.330000000000002,23.91,True,1.0
quality_4_6_compact_2,compact,4,6,multistart_greedy,random,419,512,512,512,16.330000000000002,16.330000000000002,23.91,True,1.0
quality_4_6_compact_2,compact,4,6,multistart_greedy,random,421,512,512,512,16.330000000000002,16.330000000000002,23.91,True,1.0
quality_4_6_compact_3,compact,4,6,uniform,deterministic,401,32,32,32,11.16,10.03,16.47,False,1.1126620139581258
quality_4_6_compact_3,compact,4,6,uniform,deterministic,409,32,32,32,10.03,10.03,16.47,True,1.0
quality_4_6_compact_3,compact,4,6,uniform,deterministic,419,32,32,32,11.17,10.03,16.47,False,1.1136590229312064
quality_4_6_compact_3,compact,4,6,uniform,deterministic,421,32,32,32,12.700000000000001,10.03,16.47,False,1.2662013958125624
quality_4_6_compact_3,compact,4,6,uniform,deterministic,401,128,128,128,10.03,10.03,16.47,True,1.0
quality_4_6_compact_3,compact,4,6,uniform,deterministic,409,128,128,128,10.03,10.03,16.47,True,1.0
quality_4_6_compact_3,compact,4,6,uniform,deterministic,419,128,128,128,11.16,10.03,16.47,False,1.1126620139581258
quality_4_6_compact_3,compact,4,6,uniform,deterministic,421,128,128,128,10.03,10.03,16.47,True,1.0
quality_4_6_compact_3,compact,4,6,uniform,deterministic,401,512,512,512,10.03,10.03,16.47,True,1.0
quality_4_6_compact_3,compact,4,6,uniform,deterministic,409,512,512,512,10.03,10.03,16.47,True,1.0
quality_4_6_compact_3,compact,4,6,uniform,deterministic,419,512,512,512,10.03,10.03,16.47,True,1.0
quality_4_6_compact_3,compact,4,6,uniform,deterministic,421,512,512,512,10.03,10.03,16.47,True,1.0
quality_4_6_compact_3,compact,4,6,annealing,deterministic,401,32,32,32,11.17,10.03,16.47,False,1.1136590229312064
quality_4_6_compact_3,compact,4,6,annealing,deterministic,409,32,32,32,10.03,10.03,16.47,True,1.0
quality_4_6_compact_3,compact,4,6,annealing,deterministic,419,32,32,32,10.03,10.03,16.47,True,1.0
quality_4_6_compact_3,compact,4,6,annealing,deterministic,421,32,32,32,12.520000000000001,10.03,16.47,False,1.248255234297109
quality_4_6_compact_3,compact,4,6,annealing,deterministic,401,128,128,128,10.03,10.03,16.47,True,1.0
quality_4_6_compact_3,compact,4,6,annealing,deterministic,409,128,128,128,10.03,10.03,16.47,True,1.0
quality_4_6_compact_3,compact,4,6,annealing,deterministic,419,128,128,128,10.03,10.03,16.47,True,1.0
quality_4_6_compact_3,compact,4,6,annealing,deterministic,421,128,128,128,10.03,10.03,16.47,True,1.0
quality_4_6_compact_3,compact,4,6,annealing,deterministic,401,512,512,512,10.03,10.03,16.47,True,1.0
quality_4_6_compact_3,compact,4,6,annealing,deterministic,409,512,512,512,10.03,10.03,16.47,True,1.0
quality_4_6_compact_3,compact,4,6,annealing,deterministic,419,512,512,512,10.03,10.03,16.47,True,1.0
quality_4_6_compact_3,compact,4,6,annealing,deterministic,421,512,512,512,10.03,10.03,16.47,True,1.0
quality_4_6_compact_3,compact,4,6,multistart_greedy,deterministic,401,32,32,32,11.16,10.03,16.47,False,1.1126620139581258
quality_4_6_compact_3,compact,4,6,multistart_greedy,deterministic,409,32,32,32,11.16,10.03,16.47,False,1.1126620139581258
quality_4_6_compact_3,compact,4,6,multistart_greedy,deterministic,419,32,32,32,11.16,10.03,16.47,False,1.1126620139581258
quality_4_6_compact_3,compact,4,6,multistart_greedy,deterministic,421,32,32,32,11.16,10.03,16.47,False,1.1126620139581258
quality_4_6_compact_3,compact,4,6,multistart_greedy,deterministic,401,128,128,128,10.03,10.03,16.47,True,1.0
quality_4_6_compact_3,compact,4,6,multistart_greedy,deterministic,409,128,128,128,10.03,10.03,16.47,True,1.0
quality_4_6_compact_3,compact,4,6,multistart_greedy,deterministic,419,128,128,128,10.03,10.03,16.47,True,1.0
quality_4_6_compact_3,compact,4,6,multistart_greedy,deterministic,421,128,128,128,10.03,10.03,16.47,True,1.0
quality_4_6_compact_3,compact,4,6,multistart_greedy,deterministic,401,512,512,512,10.03,10.03,16.47,True,1.0
quality_4_6_compact_3,compact,4,6,multistart_greedy,deterministic,409,512,512,512,10.03,10.03,16.47,True,1.0
quality_4_6_compact_3,compact,4,6,multistart_greedy,deterministic,419,512,512,512,10.03,10.03,16.47,True,1.0
quality_4_6_compact_3,compact,4,6,multistart_greedy,deterministic,421,512,512,512,10.03,10.03,16.47,True,1.0
quality_4_6_compact_3,compact,4,6,uniform,poor,401,32,32,32,11.16,10.03,22.19,False,1.1126620139581258
quality_4_6_compact_3,compact,4,6,uniform,poor,409,32,32,32,10.03,10.03,22.19,True,1.0
quality_4_6_compact_3,compact,4,6,uniform,poor,419,32,32,32,11.17,10.03,22.19,False,1.1136590229312064
quality_4_6_compact_3,compact,4,6,uniform,poor,421,32,32,32,12.700000000000001,10.03,22.19,False,1.2662013958125624
quality_4_6_compact_3,compact,4,6,uniform,poor,401,128,128,128,10.03,10.03,22.19,True,1.0
quality_4_6_compact_3,compact,4,6,uniform,poor,409,128,128,128,10.03,10.03,22.19,True,1.0
quality_4_6_compact_3,compact,4,6,uniform,poor,419,128,128,128,11.16,10.03,22.19,False,1.1126620139581258
quality_4_6_compact_3,compact,4,6,uniform,poor,421,128,128,128,10.03,10.03,22.19,True,1.0
quality_4_6_compact_3,compact,4,6,uniform,poor,401,512,512,512,10.03,10.03,22.19,True,1.0
quality_4_6_compact_3,compact,4,6,uniform,poor,409,512,512,512,10.03,10.03,22.19,True,1.0
quality_4_6_compact_3,compact,4,6,uniform,poor,419,512,512,512,10.03,10.03,22.19,True,1.0
quality_4_6_compact_3,compact,4,6,uniform,poor,421,512,512,512,10.03,10.03,22.19,True,1.0
quality_4_6_compact_3,compact,4,6,annealing,poor,401,32,32,32,14.200000000000001,10.03,22.19,False,1.4157527417746762
quality_4_6_compact_3,compact,4,6,annealing,poor,409,32,32,32,13.22,10.03,22.19,False,1.3180458624127618
quality_4_6_compact_3,compact,4,6,annealing,poor,419,32,32,32,10.03,10.03,22.19,True,1.0
quality_4_6_compact_3,compact,4,6,annealing,poor,421,32,32,32,10.03,10.03,22.19,True,1.0
quality_4_6_compact_3,compact,4,6,annealing,poor,401,128,128,128,13.22,10.03,22.19,False,1.3180458624127618
quality_4_6_compact_3,compact,4,6,annealing,poor,409,128,128,128,10.03,10.03,22.19,True,1.0
quality_4_6_compact_3,compact,4,6,annealing,poor,419,128,128,128,10.03,10.03,22.19,True,1.0
quality_4_6_compact_3,compact,4,6,annealing,poor,421,128,128,128,10.03,10.03,22.19,True,1.0
quality_4_6_compact_3,compact,4,6,annealing,poor,401,512,512,512,10.03,10.03,22.19,True,1.0
quality_4_6_compact_3,compact,4,6,annealing,poor,409,512,512,512,10.03,10.03,22.19,True,1.0
quality_4_6_compact_3,compact,4,6,annealing,poor,419,512,512,512,10.03,10.03,22.19,True,1.0
quality_4_6_compact_3,compact,4,6,annealing,poor,421,512,512,512,10.03,10.03,22.19,True,1.0
quality_4_6_compact_3,compact,4,6,multistart_greedy,poor,401,32,32,32,10.03,10.03,22.19,True,1.0
quality_4_6_compact_3,compact,4,6,multistart_greedy,poor,409,32,32,32,10.03,10.03,22.19,True,1.0
quality_4_6_compact_3,compact,4,6,multistart_greedy,poor,419,32,32,32,10.03,10.03,22.19,True,1.0
quality_4_6_compact_3,compact,4,6,multistart_greedy,poor,421,32,32,32,10.03,10.03,22.19,True,1.0
quality_4_6_compact_3,compact,4,6,multistart_greedy,poor,401,128,128,128,10.03,10.03,22.19,True,1.0
quality_4_6_compact_3,compact,4,6,multistart_greedy,poor,409,128,128,128,10.03,10.03,22.19,True,1.0
quality_4_6_compact_3,compact,4,6,multistart_greedy,poor,419,128,128,128,10.03,10.03,22.19,True,1.0
quality_4_6_compact_3,compact,4,6,multistart_greedy,poor,421,128,128,128,10.03,10.03,22.19,True,1.0
quality_4_6_compact_3,compact,4,6,multistart_greedy,poor,401,512,512,512,10.03,10.03,22.19,True,1.0
quality_4_6_compact_3,compact,4,6,multistart_greedy,poor,409,512,512,512,10.03,10.03,22.19,True,1.0
quality_4_6_compact_3,compact,4,6,multistart_greedy,poor,419,512,512,512,10.03,10.03,22.19,True,1.0
quality_4_6_compact_3,compact,4,6,multistart_greedy,poor,421,512,512,512,10.03,10.03,22.19,True,1.0
quality_4_6_compact_3,compact,4,6,uniform,random,401,32,32,32,11.16,10.03,17.310000000000002,False,1.1126620139581258
quality_4_6_compact_3,compact,4,6,uniform,random,409,32,32,32,10.03,10.03,17.310000000000002,True,1.0
quality_4_6_compact_3,compact,4,6,uniform,random,419,32,32,32,11.17,10.03,17.310000000000002,False,1.1136590229312064
quality_4_6_compact_3,compact,4,6,uniform,random,421,32,32,32,12.700000000000001,10.03,17.310000000000002,False,1.2662013958125624
quality_4_6_compact_3,compact,4,6,uniform,random,401,128,128,128,10.03,10.03,17.310000000000002,True,1.0
quality_4_6_compact_3,compact,4,6,uniform,random,409,128,128,128,10.03,10.03,17.310000000000002,True,1.0
quality_4_6_compact_3,compact,4,6,uniform,random,419,128,128,128,11.16,10.03,17.310000000000002,False,1.1126620139581258
quality_4_6_compact_3,compact,4,6,uniform,random,421,128,128,128,10.03,10.03,17.310000000000002,True,1.0
quality_4_6_compact_3,compact,4,6,uniform,random,401,512,512,512,10.03,10.03,17.310000000000002,True,1.0
quality_4_6_compact_3,compact,4,6,uniform,random,409,512,512,512,10.03,10.03,17.310000000000002,True,1.0
quality_4_6_compact_3,compact,4,6,uniform,random,419,512,512,512,10.03,10.03,17.310000000000002,True,1.0
quality_4_6_compact_3,compact,4,6,uniform,random,421,512,512,512,10.03,10.03,17.310000000000002,True,1.0
quality_4_6_compact_3,compact,4,6,annealing,random,401,32,32,32,10.03,10.03,17.310000000000002,True,1.0
quality_4_6_compact_3,compact,4,6,annealing,random,409,32,32,32,11.16,10.03,17.310000000000002,False,1.1126620139581258
quality_4_6_compact_3,compact,4,6,annealing,random,419,32,32,32,10.03,10.03,17.310000000000002,True,1.0
quality_4_6_compact_3,compact,4,6,annealing,random,421,32,32,32,10.03,10.03,17.310000000000002,True,1.0
quality_4_6_compact_3,compact,4,6,annealing,random,401,128,128,128,10.03,10.03,17.310000000000002,True,1.0
quality_4_6_compact_3,compact,4,6,annealing,random,409,128,128,128,10.03,10.03,17.310000000000002,True,1.0
quality_4_6_compact_3,compact,4,6,annealing,random,419,128,128,128,10.03,10.03,17.310000000000002,True,1.0
quality_4_6_compact_3,compact,4,6,annealing,random,421,128,128,128,10.03,10.03,17.310000000000002,True,1.0
quality_4_6_compact_3,compact,4,6,annealing,random,401,512,512,512,10.03,10.03,17.310000000000002,True,1.0
quality_4_6_compact_3,compact,4,6,annealing,random,409,512,512,512,10.03,10.03,17.310000000000002,True,1.0
quality_4_6_compact_3,compact,4,6,annealing,random,419,512,512,512,10.03,10.03,17.310000000000002,True,1.0
quality_4_6_compact_3,compact,4,6,annealing,random,421,512,512,512,10.03,10.03,17.310000000000002,True,1.0
quality_4_6_compact_3,compact,4,6,multistart_greedy,random,401,32,32,32,10.03,10.03,17.310000000000002,True,1.0
quality_4_6_compact_3,compact,4,6,multistart_greedy,random,409,32,32,32,10.03,10.03,17.310000000000002,True,1.0
quality_4_6_compact_3,compact,4,6,multistart_greedy,random,419,32,32,32,10.03,10.03,17.310000000000002,True,1.0
quality_4_6_compact_3,compact,4,6,multistart_greedy,random,421,32,32,32,10.03,10.03,17.310000000000002,True,1.0
quality_4_6_compact_3,compact,4,6,multistart_greedy,random,401,128,128,128,10.03,10.03,17.310000000000002,True,1.0
quality_4_6_compact_3,compact,4,6,multistart_greedy,random,409,128,128,128,10.03,10.03,17.310000000000002,True,1.0
quality_4_6_compact_3,compact,4,6,multistart_greedy,random,419,128,128,128,10.03,10.03,17.310000000000002,True,1.0
quality_4_6_compact_3,compact,4,6,multistart_greedy,random,421,128,128,128,10.03,10.03,17.310000000000002,True,1.0
quality_4_6_compact_3,compact,4,6,multistart_greedy,random,401,512,512,512,10.03,10.03,17.310000000000002,True,1.0
quality_4_6_compact_3,compact,4,6,multistart_greedy,random,409,512,512,512,10.03,10.03,17.310000000000002,True,1.0
quality_4_6_compact_3,compact,4,6,multistart_greedy,random,419,512,512,512,10.03,10.03,17.310000000000002,True,1.0
quality_4_6_compact_3,compact,4,6,multistart_greedy,random,421,512,512,512,10.03,10.03,17.310000000000002,True,1.0
quality_4_6_line_0,line,4,6,uniform,deterministic,401,32,32,32,15.08,15.02,41.46,False,1.003994673768309
quality_4_6_line_0,line,4,6,uniform,deterministic,409,32,32,32,18.1,15.02,41.46,False,1.2050599201065249
quality_4_6_line_0,line,4,6,uniform,deterministic,419,32,32,32,15.24,15.02,41.46,False,1.0146471371504662
quality_4_6_line_0,line,4,6,uniform,deterministic,421,32,32,32,24.32,15.02,41.46,False,1.6191744340878829
quality_4_6_line_0,line,4,6,uniform,deterministic,401,128,128,128,15.08,15.02,41.46,False,1.003994673768309
quality_4_6_line_0,line,4,6,uniform,deterministic,409,128,128,128,15.08,15.02,41.46,False,1.003994673768309
quality_4_6_line_0,line,4,6,uniform,deterministic,419,128,128,128,15.02,15.02,41.46,True,1.0
quality_4_6_line_0,line,4,6,uniform,deterministic,421,128,128,128,15.700000000000001,15.02,41.46,False,1.0452729693741678
quality_4_6_line_0,line,4,6,uniform,deterministic,401,512,512,512,15.02,15.02,41.46,True,1.0
quality_4_6_line_0,line,4,6,uniform,deterministic,409,512,512,512,15.02,15.02,41.46,True,1.0
quality_4_6_line_0,line,4,6,uniform,deterministic,419,512,512,512,15.02,15.02,41.46,True,1.0
quality_4_6_line_0,line,4,6,uniform,deterministic,421,512,512,512,15.700000000000001,15.02,41.46,False,1.0452729693741678
quality_4_6_line_0,line,4,6,annealing,deterministic,401,32,32,32,15.08,15.02,41.46,False,1.003994673768309
quality_4_6_line_0,line,4,6,annealing,deterministic,409,32,32,32,15.08,15.02,41.46,False,1.003994673768309
quality_4_6_line_0,line,4,6,annealing,deterministic,419,32,32,32,36.839999999999996,15.02,41.46,False,2.4527296937416776
quality_4_6_line_0,line,4,6,annealing,deterministic,421,32,32,32,23.980000000000004,15.02,41.46,False,1.5965379494007992
quality_4_6_line_0,line,4,6,annealing,deterministic,401,128,128,128,15.02,15.02,41.46,True,1.0
quality_4_6_line_0,line,4,6,annealing,deterministic,409,128,128,128,15.02,15.02,41.46,True,1.0
quality_4_6_line_0,line,4,6,annealing,deterministic,419,128,128,128,15.02,15.02,41.46,True,1.0
quality_4_6_line_0,line,4,6,annealing,deterministic,421,128,128,128,15.02,15.02,41.46,True,1.0
quality_4_6_line_0,line,4,6,annealing,deterministic,401,512,512,512,15.02,15.02,41.46,True,1.0
quality_4_6_line_0,line,4,6,annealing,deterministic,409,512,512,512,15.02,15.02,41.46,True,1.0
quality_4_6_line_0,line,4,6,annealing,deterministic,419,512,512,512,15.02,15.02,41.46,True,1.0
quality_4_6_line_0,line,4,6,annealing,deterministic,421,512,512,512,15.02,15.02,41.46,True,1.0
quality_4_6_line_0,line,4,6,multistart_greedy,deterministic,401,32,32,32,16.340000000000003,15.02,41.46,False,1.0878828229027966
quality_4_6_line_0,line,4,6,multistart_greedy,deterministic,409,32,32,32,16.340000000000003,15.02,41.46,False,1.0878828229027966
quality_4_6_line_0,line,4,6,multistart_greedy,deterministic,419,32,32,32,16.340000000000003,15.02,41.46,False,1.0878828229027966
quality_4_6_line_0,line,4,6,multistart_greedy,deterministic,421,32,32,32,16.340000000000003,15.02,41.46,False,1.0878828229027966
quality_4_6_line_0,line,4,6,multistart_greedy,deterministic,401,128,128,128,15.02,15.02,41.46,True,1.0
quality_4_6_line_0,line,4,6,multistart_greedy,deterministic,409,128,128,128,15.02,15.02,41.46,True,1.0
quality_4_6_line_0,line,4,6,multistart_greedy,deterministic,419,128,128,128,15.02,15.02,41.46,True,1.0
quality_4_6_line_0,line,4,6,multistart_greedy,deterministic,421,128,128,128,15.02,15.02,41.46,True,1.0
quality_4_6_line_0,line,4,6,multistart_greedy,deterministic,401,512,512,512,15.02,15.02,41.46,True,1.0
quality_4_6_line_0,line,4,6,multistart_greedy,deterministic,409,512,512,512,15.02,15.02,41.46,True,1.0
quality_4_6_line_0,line,4,6,multistart_greedy,deterministic,419,512,512,512,15.02,15.02,41.46,True,1.0
quality_4_6_line_0,line,4,6,multistart_greedy,deterministic,421,512,512,512,15.02,15.02,41.46,True,1.0
quality_4_6_line_0,line,4,6,uniform,poor,401,32,32,32,15.08,15.02,60.879999999999995,False,1.003994673768309
quality_4_6_line_0,line,4,6,uniform,poor,409,32,32,32,18.1,15.02,60.879999999999995,False,1.2050599201065249
quality_4_6_line_0,line,4,6,uniform,poor,419,32,32,32,15.24,15.02,60.879999999999995,False,1.0146471371504662
quality_4_6_line_0,line,4,6,uniform,poor,421,32,32,32,24.32,15.02,60.879999999999995,False,1.6191744340878829
quality_4_6_line_0,line,4,6,uniform,poor,401,128,128,128,15.08,15.02,60.879999999999995,False,1.003994673768309
quality_4_6_line_0,line,4,6,uniform,poor,409,128,128,128,15.08,15.02,60.879999999999995,False,1.003994673768309
quality_4_6_line_0,line,4,6,uniform,poor,419,128,128,128,15.02,15.02,60.879999999999995,True,1.0
quality_4_6_line_0,line,4,6,uniform,poor,421,128,128,128,15.700000000000001,15.02,60.879999999999995,False,1.0452729693741678
quality_4_6_line_0,line,4,6,uniform,poor,401,512,512,512,15.02,15.02,60.879999999999995,True,1.0
quality_4_6_line_0,line,4,6,uniform,poor,409,512,512,512,15.02,15.02,60.879999999999995,True,1.0
quality_4_6_line_0,line,4,6,uniform,poor,419,512,512,512,15.02,15.02,60.879999999999995,True,1.0
quality_4_6_line_0,line,4,6,uniform,poor,421,512,512,512,15.700000000000001,15.02,60.879999999999995,False,1.0452729693741678
quality_4_6_line_0,line,4,6,annealing,poor,401,32,32,32,15.08,15.02,60.879999999999995,False,1.003994673768309
quality_4_6_line_0,line,4,6,annealing,poor,409,32,32,32,22.13,15.02,60.879999999999995,False,1.4733688415446071
quality_4_6_line_0,line,4,6,annealing,poor,419,32,32,32,15.24,15.02,60.879999999999995,False,1.0146471371504662
quality_4_6_line_0,line,4,6,annealing,poor,421,32,32,32,17.92,15.02,60.879999999999995,False,1.193075898801598
quality_4_6_line_0,line,4,6,annealing,poor,401,128,128,128,15.02,15.02,60.879999999999995,True,1.0
quality_4_6_line_0,line,4,6,annealing,poor,409,128,128,128,15.02,15.02,60.879999999999995,True,1.0
quality_4_6_line_0,line,4,6,annealing,poor,419,128,128,128,15.02,15.02,60.879999999999995,True,1.0
quality_4_6_line_0,line,4,6,annealing,poor,421,128,128,128,15.02,15.02,60.879999999999995,True,1.0
quality_4_6_line_0,line,4,6,annealing,poor,401,512,512,512,15.02,15.02,60.879999999999995,True,1.0
quality_4_6_line_0,line,4,6,annealing,poor,409,512,512,512,15.02,15.02,60.879999999999995,True,1.0
quality_4_6_line_0,line,4,6,annealing,poor,419,512,512,512,15.02,15.02,60.879999999999995,True,1.0
quality_4_6_line_0,line,4,6,annealing,poor,421,512,512,512,15.02,15.02,60.879999999999995,True,1.0
quality_4_6_line_0,line,4,6,multistart_greedy,poor,401,32,32,32,16.259999999999998,15.02,60.879999999999995,False,1.0825565912117177
quality_4_6_line_0,line,4,6,multistart_greedy,poor,409,32,32,32,16.259999999999998,15.02,60.879999999999995,False,1.0825565912117177
quality_4_6_line_0,line,4,6,multistart_greedy,poor,419,32,32,32,16.259999999999998,15.02,60.879999999999995,False,1.0825565912117177
quality_4_6_line_0,line,4,6,multistart_greedy,poor,421,32,32,32,16.259999999999998,15.02,60.879999999999995,False,1.0825565912117177
quality_4_6_line_0,line,4,6,multistart_greedy,poor,401,128,128,128,15.02,15.02,60.879999999999995,True,1.0
quality_4_6_line_0,line,4,6,multistart_greedy,poor,409,128,128,128,15.02,15.02,60.879999999999995,True,1.0
quality_4_6_line_0,line,4,6,multistart_greedy,poor,419,128,128,128,15.02,15.02,60.879999999999995,True,1.0
quality_4_6_line_0,line,4,6,multistart_greedy,poor,421,128,128,128,15.02,15.02,60.879999999999995,True,1.0
quality_4_6_line_0,line,4,6,multistart_greedy,poor,401,512,512,512,15.02,15.02,60.879999999999995,True,1.0
quality_4_6_line_0,line,4,6,multistart_greedy,poor,409,512,512,512,15.02,15.02,60.879999999999995,True,1.0
quality_4_6_line_0,line,4,6,multistart_greedy,poor,419,512,512,512,15.02,15.02,60.879999999999995,True,1.0
quality_4_6_line_0,line,4,6,multistart_greedy,poor,421,512,512,512,15.02,15.02,60.879999999999995,True,1.0
quality_4_6_line_0,line,4,6,uniform,random,401,32,32,32,15.08,15.02,40.980000000000004,False,1.003994673768309
quality_4_6_line_0,line,4,6,uniform,random,409,32,32,32,18.1,15.02,40.980000000000004,False,1.2050599201065249
quality_4_6_line_0,line,4,6,uniform,random,419,32,32,32,15.24,15.02,40.980000000000004,False,1.0146471371504662
quality_4_6_line_0,line,4,6,uniform,random,421,32,32,32,24.32,15.02,40.980000000000004,False,1.6191744340878829
quality_4_6_line_0,line,4,6,uniform,random,401,128,128,128,15.08,15.02,40.980000000000004,False,1.003994673768309
quality_4_6_line_0,line,4,6,uniform,random,409,128,128,128,15.08,15.02,40.980000000000004,False,1.003994673768309
quality_4_6_line_0,line,4,6,uniform,random,419,128,128,128,15.02,15.02,40.980000000000004,True,1.0
quality_4_6_line_0,line,4,6,uniform,random,421,128,128,128,15.700000000000001,15.02,40.980000000000004,False,1.0452729693741678
quality_4_6_line_0,line,4,6,uniform,random,401,512,512,512,15.02,15.02,40.980000000000004,True,1.0
quality_4_6_line_0,line,4,6,uniform,random,409,512,512,512,15.02,15.02,40.980000000000004,True,1.0
quality_4_6_line_0,line,4,6,uniform,random,419,512,512,512,15.02,15.02,40.980000000000004,True,1.0
quality_4_6_line_0,line,4,6,uniform,random,421,512,512,512,15.700000000000001,15.02,40.980000000000004,False,1.0452729693741678
quality_4_6_line_0,line,4,6,annealing,random,401,32,32,32,15.08,15.02,40.980000000000004,False,1.003994673768309
quality_4_6_line_0,line,4,6,annealing,random,409,32,32,32,15.74,15.02,40.980000000000004,False,1.047936085219707
quality_4_6_line_0,line,4,6,annealing,random,419,32,32,32,36.839999999999996,15.02,40.980000000000004,False,2.4527296937416776
quality_4_6_line_0,line,4,6,annealing,random,421,32,32,32,23.980000000000004,15.02,40.980000000000004,False,1.5965379494007992
quality_4_6_line_0,line,4,6,annealing,random,401,128,128,128,15.02,15.02,40.980000000000004,True,1.0
quality_4_6_line_0,line,4,6,annealing,random,409,128,128,128,15.02,15.02,40.980000000000004,True,1.0
quality_4_6_line_0,line,4,6,annealing,random,419,128,128,128,15.02,15.02,40.980000000000004,True,1.0
quality_4_6_line_0,line,4,6,annealing,random,421,128,128,128,15.02,15.02,40.980000000000004,True,1.0
quality_4_6_line_0,line,4,6,annealing,random,401,512,512,512,15.02,15.02,40.980000000000004,True,1.0
quality_4_6_line_0,line,4,6,annealing,random,409,512,512,512,15.02,15.02,40.980000000000004,True,1.0
quality_4_6_line_0,line,4,6,annealing,random,419,512,512,512,15.02,15.02,40.980000000000004,True,1.0
quality_4_6_line_0,line,4,6,annealing,random,421,512,512,512,15.02,15.02,40.980000000000004,True,1.0
quality_4_6_line_0,line,4,6,multistart_greedy,random,401,32,32,32,17.44,15.02,40.980000000000004,False,1.1611185086551266
quality_4_6_line_0,line,4,6,multistart_greedy,random,409,32,32,32,17.44,15.02,40.980000000000004,False,1.1611185086551266
quality_4_6_line_0,line,4,6,multistart_greedy,random,419,32,32,32,17.44,15.02,40.980000000000004,False,1.1611185086551266
quality_4_6_line_0,line,4,6,multistart_greedy,random,421,32,32,32,17.44,15.02,40.980000000000004,False,1.1611185086551266
quality_4_6_line_0,line,4,6,multistart_greedy,random,401,128,128,128,15.02,15.02,40.980000000000004,True,1.0
quality_4_6_line_0,line,4,6,multistart_greedy,random,409,128,128,128,15.02,15.02,40.980000000000004,True,1.0
quality_4_6_line_0,line,4,6,multistart_greedy,random,419,128,128,128,15.02,15.02,40.980000000000004,True,1.0
quality_4_6_line_0,line,4,6,multistart_greedy,random,421,128,128,128,15.02,15.02,40.980000000000004,True,1.0
quality_4_6_line_0,line,4,6,multistart_greedy,random,401,512,512,512,15.02,15.02,40.980000000000004,True,1.0
quality_4_6_line_0,line,4,6,multistart_greedy,random,409,512,512,512,15.02,15.02,40.980000000000004,True,1.0
quality_4_6_line_0,line,4,6,multistart_greedy,random,419,512,512,512,15.02,15.02,40.980000000000004,True,1.0
quality_4_6_line_0,line,4,6,multistart_greedy,random,421,512,512,512,15.02,15.02,40.980000000000004,True,1.0
quality_4_6_line_1,line,4,6,uniform,deterministic,401,32,32,32,14.77,9.989999999999998,29.479999999999997,False,1.4784784784784786
quality_4_6_line_1,line,4,6,uniform,deterministic,409,32,32,32,20.53,9.989999999999998,29.479999999999997,False,2.0550550550550555
quality_4_6_line_1,line,4,6,uniform,deterministic,419,32,32,32,13.260000000000002,9.989999999999998,29.479999999999997,False,1.3273273273273276
quality_4_6_line_1,line,4,6,uniform,deterministic,421,32,32,32,13.809999999999999,9.989999999999998,29.479999999999997,False,1.3823823823823824
quality_4_6_line_1,line,4,6,uniform,deterministic,401,128,128,128,11.3,9.989999999999998,29.479999999999997,False,1.1311311311311314
quality_4_6_line_1,line,4,6,uniform,deterministic,409,128,128,128,11.59,9.989999999999998,29.479999999999997,False,1.1601601601601603
quality_4_6_line_1,line,4,6,uniform,deterministic,419,128,128,128,9.989999999999998,9.989999999999998,29.479999999999997,True,1.0
quality_4_6_line_1,line,4,6,uniform,deterministic,421,128,128,128,9.989999999999998,9.989999999999998,29.479999999999997,True,1.0
quality_4_6_line_1,line,4,6,uniform,deterministic,401,512,512,512,9.989999999999998,9.989999999999998,29.479999999999997,True,1.0
quality_4_6_line_1,line,4,6,uniform,deterministic,409,512,512,512,9.989999999999998,9.989999999999998,29.479999999999997,True,1.0
quality_4_6_line_1,line,4,6,uniform,deterministic,419,512,512,512,9.989999999999998,9.989999999999998,29.479999999999997,True,1.0
quality_4_6_line_1,line,4,6,uniform,deterministic,421,512,512,512,9.989999999999998,9.989999999999998,29.479999999999997,True,1.0
quality_4_6_line_1,line,4,6,annealing,deterministic,401,32,32,32,10.64,9.989999999999998,29.479999999999997,False,1.0650650650650653
quality_4_6_line_1,line,4,6,annealing,deterministic,409,32,32,32,9.989999999999998,9.989999999999998,29.479999999999997,True,1.0
quality_4_6_line_1,line,4,6,annealing,deterministic,419,32,32,32,9.989999999999998,9.989999999999998,29.479999999999997,True,1.0
quality_4_6_line_1,line,4,6,annealing,deterministic,421,32,32,32,18.91,9.989999999999998,29.479999999999997,False,1.8928928928928932
quality_4_6_line_1,line,4,6,annealing,deterministic,401,128,128,128,10.64,9.989999999999998,29.479999999999997,False,1.0650650650650653
quality_4_6_line_1,line,4,6,annealing,deterministic,409,128,128,128,10.64,9.989999999999998,29.479999999999997,False,1.0650650650650653
quality_4_6_line_1,line,4,6,annealing,deterministic,419,128,128,128,9.989999999999998,9.989999999999998,29.479999999999997,True,1.0
quality_4_6_line_1,line,4,6,annealing,deterministic,421,128,128,128,18.91,9.989999999999998,29.479999999999997,False,1.8928928928928932
quality_4_6_line_1,line,4,6,annealing,deterministic,401,512,512,512,9.989999999999998,9.989999999999998,29.479999999999997,True,1.0
quality_4_6_line_1,line,4,6,annealing,deterministic,409,512,512,512,10.64,9.989999999999998,29.479999999999997,False,1.0650650650650653
quality_4_6_line_1,line,4,6,annealing,deterministic,419,512,512,512,9.989999999999998,9.989999999999998,29.479999999999997,True,1.0
quality_4_6_line_1,line,4,6,annealing,deterministic,421,512,512,512,18.91,9.989999999999998,29.479999999999997,False,1.8928928928928932
quality_4_6_line_1,line,4,6,multistart_greedy,deterministic,401,32,32,32,11.3,9.989999999999998,29.479999999999997,False,1.1311311311311314
quality_4_6_line_1,line,4,6,multistart_greedy,deterministic,409,32,32,32,11.3,9.989999999999998,29.479999999999997,False,1.1311311311311314
quality_4_6_line_1,line,4,6,multistart_greedy,deterministic,419,32,32,32,11.3,9.989999999999998,29.479999999999997,False,1.1311311311311314
quality_4_6_line_1,line,4,6,multistart_greedy,deterministic,421,32,32,32,11.3,9.989999999999998,29.479999999999997,False,1.1311311311311314
quality_4_6_line_1,line,4,6,multistart_greedy,deterministic,401,128,128,128,9.989999999999998,9.989999999999998,29.479999999999997,True,1.0
quality_4_6_line_1,line,4,6,multistart_greedy,deterministic,409,128,128,128,9.989999999999998,9.989999999999998,29.479999999999997,True,1.0
quality_4_6_line_1,line,4,6,multistart_greedy,deterministic,419,128,128,128,9.989999999999998,9.989999999999998,29.479999999999997,True,1.0
quality_4_6_line_1,line,4,6,multistart_greedy,deterministic,421,128,128,128,9.989999999999998,9.989999999999998,29.479999999999997,True,1.0
quality_4_6_line_1,line,4,6,multistart_greedy,deterministic,401,512,512,512,9.989999999999998,9.989999999999998,29.479999999999997,True,1.0
quality_4_6_line_1,line,4,6,multistart_greedy,deterministic,409,512,512,512,9.989999999999998,9.989999999999998,29.479999999999997,True,1.0
quality_4_6_line_1,line,4,6,multistart_greedy,deterministic,419,512,512,512,9.989999999999998,9.989999999999998,29.479999999999997,True,1.0
quality_4_6_line_1,line,4,6,multistart_greedy,deterministic,421,512,512,512,9.989999999999998,9.989999999999998,29.479999999999997,True,1.0
quality_4_6_line_1,line,4,6,uniform,poor,401,32,32,32,14.77,9.989999999999998,39.830000000000005,False,1.4784784784784786
quality_4_6_line_1,line,4,6,uniform,poor,409,32,32,32,20.53,9.989999999999998,39.830000000000005,False,2.0550550550550555
quality_4_6_line_1,line,4,6,uniform,poor,419,32,32,32,13.260000000000002,9.989999999999998,39.830000000000005,False,1.3273273273273276
quality_4_6_line_1,line,4,6,uniform,poor,421,32,32,32,13.809999999999999,9.989999999999998,39.830000000000005,False,1.3823823823823824
quality_4_6_line_1,line,4,6,uniform,poor,401,128,128,128,11.3,9.989999999999998,39.830000000000005,False,1.1311311311311314
quality_4_6_line_1,line,4,6,uniform,poor,409,128,128,128,11.59,9.989999999999998,39.830000000000005,False,1.1601601601601603
quality_4_6_line_1,line,4,6,uniform,poor,419,128,128,128,9.989999999999998,9.989999999999998,39.830000000000005,True,1.0
quality_4_6_line_1,line,4,6,uniform,poor,421,128,128,128,9.989999999999998,9.989999999999998,39.830000000000005,True,1.0
quality_4_6_line_1,line,4,6,uniform,poor,401,512,512,512,9.989999999999998,9.989999999999998,39.830000000000005,True,1.0
quality_4_6_line_1,line,4,6,uniform,poor,409,512,512,512,9.989999999999998,9.989999999999998,39.830000000000005,True,1.0
quality_4_6_line_1,line,4,6,uniform,poor,419,512,512,512,9.989999999999998,9.989999999999998,39.830000000000005,True,1.0
quality_4_6_line_1,line,4,6,uniform,poor,421,512,512,512,9.989999999999998,9.989999999999998,39.830000000000005,True,1.0
quality_4_6_line_1,line,4,6,annealing,poor,401,32,32,32,13.809999999999999,9.989999999999998,39.830000000000005,False,1.3823823823823824
quality_4_6_line_1,line,4,6,annealing,poor,409,32,32,32,23.830000000000002,9.989999999999998,39.830000000000005,False,2.385385385385386
quality_4_6_line_1,line,4,6,annealing,poor,419,32,32,32,21.790000000000003,9.989999999999998,39.830000000000005,False,2.1811811811811816
quality_4_6_line_1,line,4,6,annealing,poor,421,32,32,32,18.279999999999998,9.989999999999998,39.830000000000005,False,1.82982982982983
quality_4_6_line_1,line,4,6,annealing,poor,401,128,128,128,10.64,9.989999999999998,39.830000000000005,False,1.0650650650650653
quality_4_6_line_1,line,4,6,annealing,poor,409,128,128,128,10.64,9.989999999999998,39.830000000000005,False,1.0650650650650653
quality_4_6_line_1,line,4,6,annealing,poor,419,128,128,128,9.989999999999998,9.989999999999998,39.830000000000005,True,1.0
quality_4_6_line_1,line,4,6,annealing,poor,421,128,128,128,9.989999999999998,9.989999999999998,39.830000000000005,True,1.0
quality_4_6_line_1,line,4,6,annealing,poor,401,512,512,512,9.989999999999998,9.989999999999998,39.830000000000005,True,1.0
quality_4_6_line_1,line,4,6,annealing,poor,409,512,512,512,9.989999999999998,9.989999999999998,39.830000000000005,True,1.0
quality_4_6_line_1,line,4,6,annealing,poor,419,512,512,512,9.989999999999998,9.989999999999998,39.830000000000005,True,1.0
quality_4_6_line_1,line,4,6,annealing,poor,421,512,512,512,9.989999999999998,9.989999999999998,39.830000000000005,True,1.0
quality_4_6_line_1,line,4,6,multistart_greedy,poor,401,32,32,32,12.59,9.989999999999998,39.830000000000005,False,1.2602602602602604
quality_4_6_line_1,line,4,6,multistart_greedy,poor,409,32,32,32,12.59,9.989999999999998,39.830000000000005,False,1.2602602602602604
quality_4_6_line_1,line,4,6,multistart_greedy,poor,419,32,32,32,12.59,9.989999999999998,39.830000000000005,False,1.2602602602602604
quality_4_6_line_1,line,4,6,multistart_greedy,poor,421,32,32,32,12.59,9.989999999999998,39.830000000000005,False,1.2602602602602604
quality_4_6_line_1,line,4,6,multistart_greedy,poor,401,128,128,128,9.989999999999998,9.989999999999998,39.830000000000005,True,1.0
quality_4_6_line_1,line,4,6,multistart_greedy,poor,409,128,128,128,9.989999999999998,9.989999999999998,39.830000000000005,True,1.0
quality_4_6_line_1,line,4,6,multistart_greedy,poor,419,128,128,128,9.989999999999998,9.989999999999998,39.830000000000005,True,1.0
quality_4_6_line_1,line,4,6,multistart_greedy,poor,421,128,128,128,9.989999999999998,9.989999999999998,39.830000000000005,True,1.0
quality_4_6_line_1,line,4,6,multistart_greedy,poor,401,512,512,512,9.989999999999998,9.989999999999998,39.830000000000005,True,1.0
quality_4_6_line_1,line,4,6,multistart_greedy,poor,409,512,512,512,9.989999999999998,9.989999999999998,39.830000000000005,True,1.0
quality_4_6_line_1,line,4,6,multistart_greedy,poor,419,512,512,512,9.989999999999998,9.989999999999998,39.830000000000005,True,1.0
quality_4_6_line_1,line,4,6,multistart_greedy,poor,421,512,512,512,9.989999999999998,9.989999999999998,39.830000000000005,True,1.0
quality_4_6_line_1,line,4,6,uniform,random,401,32,32,32,14.77,9.989999999999998,15.760000000000002,False,1.4784784784784786
quality_4_6_line_1,line,4,6,uniform,random,409,32,32,32,15.760000000000002,9.989999999999998,15.760000000000002,False,1.577577577577578
quality_4_6_line_1,line,4,6,uniform,random,419,32,32,32,13.260000000000002,9.989999999999998,15.760000000000002,False,1.3273273273273276
quality_4_6_line_1,line,4,6,uniform,random,421,32,32,32,13.809999999999999,9.989999999999998,15.760000000000002,False,1.3823823823823824
quality_4_6_line_1,line,4,6,uniform,random,401,128,128,128,11.3,9.989999999999998,15.760000000000002,False,1.1311311311311314
quality_4_6_line_1,line,4,6,uniform,random,409,128,128,128,11.59,9.989999999999998,15.760000000000002,False,1.1601601601601603
quality_4_6_line_1,line,4,6,uniform,random,419,128,128,128,9.989999999999998,9.989999999999998,15.760000000000002,True,1.0
quality_4_6_line_1,line,4,6,uniform,random,421,128,128,128,9.989999999999998,9.989999999999998,15.760000000000002,True,1.0
quality_4_6_line_1,line,4,6,uniform,random,401,512,512,512,9.989999999999998,9.989999999999998,15.760000000000002,True,1.0
quality_4_6_line_1,line,4,6,uniform,random,409,512,512,512,9.989999999999998,9.989999999999998,15.760000000000002,True,1.0
quality_4_6_line_1,line,4,6,uniform,random,419,512,512,512,9.989999999999998,9.989999999999998,15.760000000000002,True,1.0
quality_4_6_line_1,line,4,6,uniform,random,421,512,512,512,9.989999999999998,9.989999999999998,15.760000000000002,True,1.0
quality_4_6_line_1,line,4,6,annealing,random,401,32,32,32,10.64,9.989999999999998,15.760000000000002,False,1.0650650650650653
quality_4_6_line_1,line,4,6,annealing,random,409,32,32,32,9.989999999999998,9.989999999999998,15.760000000000002,True,1.0
quality_4_6_line_1,line,4,6,annealing,random,419,32,32,32,9.989999999999998,9.989999999999998,15.760000000000002,True,1.0
quality_4_6_line_1,line,4,6,annealing,random,421,32,32,32,10.64,9.989999999999998,15.760000000000002,False,1.0650650650650653
quality_4_6_line_1,line,4,6,annealing,random,401,128,128,128,10.64,9.989999999999998,15.760000000000002,False,1.0650650650650653
quality_4_6_line_1,line,4,6,annealing,random,409,128,128,128,9.989999999999998,9.989999999999998,15.760000000000002,True,1.0
quality_4_6_line_1,line,4,6,annealing,random,419,128,128,128,9.989999999999998,9.989999999999998,15.760000000000002,True,1.0
quality_4_6_line_1,line,4,6,annealing,random,421,128,128,128,10.64,9.989999999999998,15.760000000000002,False,1.0650650650650653
quality_4_6_line_1,line,4,6,annealing,random,401,512,512,512,10.64,9.989999999999998,15.760000000000002,False,1.0650650650650653
quality_4_6_line_1,line,4,6,annealing,random,409,512,512,512,9.989999999999998,9.989999999999998,15.760000000000002,True,1.0
quality_4_6_line_1,line,4,6,annealing,random,419,512,512,512,9.989999999999998,9.989999999999998,15.760000000000002,True,1.0
quality_4_6_line_1,line,4,6,annealing,random,421,512,512,512,10.64,9.989999999999998,15.760000000000002,False,1.0650650650650653
quality_4_6_line_1,line,4,6,multistart_greedy,random,401,32,32,32,10.64,9.989999999999998,15.760000000000002,False,1.0650650650650653
quality_4_6_line_1,line,4,6,multistart_greedy,random,409,32,32,32,10.64,9.989999999999998,15.760000000000002,False,1.0650650650650653
quality_4_6_line_1,line,4,6,multistart_greedy,random,419,32,32,32,10.64,9.989999999999998,15.760000000000002,False,1.0650650650650653
quality_4_6_line_1,line,4,6,multistart_greedy,random,421,32,32,32,10.64,9.989999999999998,15.760000000000002,False,1.0650650650650653
quality_4_6_line_1,line,4,6,multistart_greedy,random,401,128,128,128,9.989999999999998,9.989999999999998,15.760000000000002,True,1.0
quality_4_6_line_1,line,4,6,multistart_greedy,random,409,128,128,128,9.989999999999998,9.989999999999998,15.760000000000002,True,1.0
quality_4_6_line_1,line,4,6,multistart_greedy,random,419,128,128,128,9.989999999999998,9.989999999999998,15.760000000000002,True,1.0
quality_4_6_line_1,line,4,6,multistart_greedy,random,421,128,128,128,10.64,9.989999999999998,15.760000000000002,False,1.0650650650650653
quality_4_6_line_1,line,4,6,multistart_greedy,random,401,512,512,512,9.989999999999998,9.989999999999998,15.760000000000002,True,1.0
quality_4_6_line_1,line,4,6,multistart_greedy,random,409,512,512,512,9.989999999999998,9.989999999999998,15.760000000000002,True,1.0
quality_4_6_line_1,line,4,6,multistart_greedy,random,419,512,512,512,9.989999999999998,9.989999999999998,15.760000000000002,True,1.0
quality_4_6_line_1,line,4,6,multistart_greedy,random,421,512,512,512,9.989999999999998,9.989999999999998,15.760000000000002,True,1.0
quality_4_6_line_2,line,4,6,uniform,deterministic,401,32,32,32,28.52,21.240000000000002,58.980000000000004,False,1.342749529190207
quality_4_6_line_2,line,4,6,uniform,deterministic,409,32,32,32,23.330000000000002,21.240000000000002,58.980000000000004,False,1.0983992467043315
quality_4_6_line_2,line,4,6,uniform,deterministic,419,32,32,32,28.52,21.240000000000002,58.980000000000004,False,1.342749529190207
quality_4_6_line_2,line,4,6,uniform,deterministic,421,32,32,32,23.330000000000002,21.240000000000002,58.980000000000004,False,1.0983992467043315
quality_4_6_line_2,line,4,6,uniform,deterministic,401,128,128,128,24.68,21.240000000000002,58.980000000000004,False,1.1619585687382297
quality_4_6_line_2,line,4,6,uniform,deterministic,409,128,128,128,23.330000000000002,21.240000000000002,58.980000000000004,False,1.0983992467043315
quality_4_6_line_2,line,4,6,uniform,deterministic,419,128,128,128,21.240000000000002,21.240000000000002,58.980000000000004,True,1.0
quality_4_6_line_2,line,4,6,uniform,deterministic,421,128,128,128,21.240000000000002,21.240000000000002,58.980000000000004,True,1.0
quality_4_6_line_2,line,4,6,uniform,deterministic,401,512,512,512,21.240000000000002,21.240000000000002,58.980000000000004,True,1.0
quality_4_6_line_2,line,4,6,uniform,deterministic,409,512,512,512,21.240000000000002,21.240000000000002,58.980000000000004,True,1.0
quality_4_6_line_2,line,4,6,uniform,deterministic,419,512,512,512,21.240000000000002,21.240000000000002,58.980000000000004,True,1.0
quality_4_6_line_2,line,4,6,uniform,deterministic,421,512,512,512,21.240000000000002,21.240000000000002,58.980000000000004,True,1.0
quality_4_6_line_2,line,4,6,annealing,deterministic,401,32,32,32,21.240000000000002,21.240000000000002,58.980000000000004,True,1.0
quality_4_6_line_2,line,4,6,annealing,deterministic,409,32,32,32,27.970000000000002,21.240000000000002,58.980000000000004,False,1.316854990583804
quality_4_6_line_2,line,4,6,annealing,deterministic,419,32,32,32,27.67,21.240000000000002,58.980000000000004,False,1.3027306967984933
quality_4_6_line_2,line,4,6,annealing,deterministic,421,32,32,32,27.240000000000002,21.240000000000002,58.980000000000004,False,1.2824858757062148
quality_4_6_line_2,line,4,6,annealing,deterministic,401,128,128,128,21.240000000000002,21.240000000000002,58.980000000000004,True,1.0
quality_4_6_line_2,line,4,6,annealing,deterministic,409,128,128,128,27.970000000000002,21.240000000000002,58.980000000000004,False,1.316854990583804
quality_4_6_line_2,line,4,6,annealing,deterministic,419,128,128,128,27.67,21.240000000000002,58.980000000000004,False,1.3027306967984933
quality_4_6_line_2,line,4,6,annealing,deterministic,421,128,128,128,27.240000000000002,21.240000000000002,58.980000000000004,False,1.2824858757062148
quality_4_6_line_2,line,4,6,annealing,deterministic,401,512,512,512,28.440000000000005,21.240000000000002,58.980000000000004,False,1.3389830508474578
quality_4_6_line_2,line,4,6,annealing,deterministic,409,512,512,512,27.970000000000002,21.240000000000002,58.980000000000004,False,1.316854990583804
quality_4_6_line_2,line,4,6,annealing,deterministic,419,512,512,512,27.67,21.240000000000002,58.980000000000004,False,1.3027306967984933
quality_4_6_line_2,line,4,6,annealing,deterministic,421,512,512,512,27.240000000000002,21.240000000000002,58.980000000000004,False,1.2824858757062148
quality_4_6_line_2,line,4,6,multistart_greedy,deterministic,401,32,32,32,30.05,21.240000000000002,58.980000000000004,False,1.4147834274952917
quality_4_6_line_2,line,4,6,multistart_greedy,deterministic,409,32,32,32,30.05,21.240000000000002,58.980000000000004,False,1.4147834274952917
quality_4_6_line_2,line,4,6,multistart_greedy,deterministic,419,32,32,32,30.05,21.240000000000002,58.980000000000004,False,1.4147834274952917
quality_4_6_line_2,line,4,6,multistart_greedy,deterministic,421,32,32,32,30.05,21.240000000000002,58.980000000000004,False,1.4147834274952917
quality_4_6_line_2,line,4,6,multistart_greedy,deterministic,401,128,128,128,21.240000000000002,21.240000000000002,58.980000000000004,True,1.0
quality_4_6_line_2,line,4,6,multistart_greedy,deterministic,409,128,128,128,27.240000000000002,21.240000000000002,58.980000000000004,False,1.2824858757062148
quality_4_6_line_2,line,4,6,multistart_greedy,deterministic,419,128,128,128,21.240000000000002,21.240000000000002,58.980000000000004,True,1.0
quality_4_6_line_2,line,4,6,multistart_greedy,deterministic,421,128,128,128,21.240000000000002,21.240000000000002,58.980000000000004,True,1.0
quality_4_6_line_2,line,4,6,multistart_greedy,deterministic,401,512,512,512,21.240000000000002,21.240000000000002,58.980000000000004,True,1.0
quality_4_6_line_2,line,4,6,multistart_greedy,deterministic,409,512,512,512,21.240000000000002,21.240000000000002,58.980000000000004,True,1.0
quality_4_6_line_2,line,4,6,multistart_greedy,deterministic,419,512,512,512,21.240000000000002,21.240000000000002,58.980000000000004,True,1.0
quality_4_6_line_2,line,4,6,multistart_greedy,deterministic,421,512,512,512,21.240000000000002,21.240000000000002,58.980000000000004,True,1.0
quality_4_6_line_2,line,4,6,uniform,poor,401,32,32,32,28.52,21.240000000000002,68.10000000000001,False,1.342749529190207
quality_4_6_line_2,line,4,6,uniform,poor,409,32,32,32,23.330000000000002,21.240000000000002,68.10000000000001,False,1.0983992467043315
quality_4_6_line_2,line,4,6,uniform,poor,419,32,32,32,28.52,21.240000000000002,68.10000000000001,False,1.342749529190207
quality_4_6_line_2,line,4,6,uniform,poor,421,32,32,32,23.330000000000002,21.240000000000002,68.10000000000001,False,1.0983992467043315
quality_4_6_line_2,line,4,6,uniform,poor,401,128,128,128,24.68,21.240000000000002,68.10000000000001,False,1.1619585687382297
quality_4_6_line_2,line,4,6,uniform,poor,409,128,128,128,23.330000000000002,21.240000000000002,68.10000000000001,False,1.0983992467043315
quality_4_6_line_2,line,4,6,uniform,poor,419,128,128,128,21.240000000000002,21.240000000000002,68.10000000000001,True,1.0
quality_4_6_line_2,line,4,6,uniform,poor,421,128,128,128,21.240000000000002,21.240000000000002,68.10000000000001,True,1.0
quality_4_6_line_2,line,4,6,uniform,poor,401,512,512,512,21.240000000000002,21.240000000000002,68.10000000000001,True,1.0
quality_4_6_line_2,line,4,6,uniform,poor,409,512,512,512,21.240000000000002,21.240000000000002,68.10000000000001,True,1.0
quality_4_6_line_2,line,4,6,uniform,poor,419,512,512,512,21.240000000000002,21.240000000000002,68.10000000000001,True,1.0
quality_4_6_line_2,line,4,6,uniform,poor,421,512,512,512,21.240000000000002,21.240000000000002,68.10000000000001,True,1.0
quality_4_6_line_2,line,4,6,annealing,poor,401,32,32,32,31.130000000000003,21.240000000000002,68.10000000000001,False,1.4656308851224105
quality_4_6_line_2,line,4,6,annealing,poor,409,32,32,32,30.32,21.240000000000002,68.10000000000001,False,1.4274952919020714
quality_4_6_line_2,line,4,6,annealing,poor,419,32,32,32,22.59,21.240000000000002,68.10000000000001,False,1.0635593220338981
quality_4_6_line_2,line,4,6,annealing,poor,421,32,32,32,29.540000000000003,21.240000000000002,68.10000000000001,False,1.3907721280602636
quality_4_6_line_2,line,4,6,annealing,poor,401,128,128,128,27.67,21.240000000000002,68.10000000000001,False,1.3027306967984933
quality_4_6_line_2,line,4,6,annealing,poor,409,128,128,128,28.440000000000005,21.240000000000002,68.10000000000001,False,1.3389830508474578
quality_4_6_line_2,line,4,6,annealing,poor,419,128,128,128,22.59,21.240000000000002,68.10000000000001,False,1.0635593220338981
quality_4_6_line_2,line,4,6,annealing,poor,421,128,128,128,22.59,21.240000000000002,68.10000000000001,False,1.0635593220338981
quality_4_6_line_2,line,4,6,annealing,poor,401,512,512,512,28.440000000000005,21.240000000000002,68.10000000000001,False,1.3389830508474578
quality_4_6_line_2,line,4,6,annealing,poor,409,512,512,512,28.440000000000005,21.240000000000002,68.10000000000001,False,1.3389830508474578
quality_4_6_line_2,line,4,6,annealing,poor,419,512,512,512,22.59,21.240000000000002,68.10000000000001,False,1.0635593220338981
quality_4_6_line_2,line,4,6,annealing,poor,421,512,512,512,22.59,21.240000000000002,68.10000000000001,False,1.0635593220338981
quality_4_6_line_2,line,4,6,multistart_greedy,poor,401,32,32,32,24.68,21.240000000000002,68.10000000000001,False,1.1619585687382297
quality_4_6_line_2,line,4,6,multistart_greedy,poor,409,32,32,32,24.68,21.240000000000002,68.10000000000001,False,1.1619585687382297
quality_4_6_line_2,line,4,6,multistart_greedy,poor,419,32,32,32,24.68,21.240000000000002,68.10000000000001,False,1.1619585687382297
quality_4_6_line_2,line,4,6,multistart_greedy,poor,421,32,32,32,24.68,21.240000000000002,68.10000000000001,False,1.1619585687382297
quality_4_6_line_2,line,4,6,multistart_greedy,poor,401,128,128,128,21.240000000000002,21.240000000000002,68.10000000000001,True,1.0
quality_4_6_line_2,line,4,6,multistart_greedy,poor,409,128,128,128,21.240000000000002,21.240000000000002,68.10000000000001,True,1.0
quality_4_6_line_2,line,4,6,multistart_greedy,poor,419,128,128,128,21.240000000000002,21.240000000000002,68.10000000000001,True,1.0
quality_4_6_line_2,line,4,6,multistart_greedy,poor,421,128,128,128,21.240000000000002,21.240000000000002,68.10000000000001,True,1.0
quality_4_6_line_2,line,4,6,multistart_greedy,poor,401,512,512,512,21.240000000000002,21.240000000000002,68.10000000000001,True,1.0
quality_4_6_line_2,line,4,6,multistart_greedy,poor,409,512,512,512,21.240000000000002,21.240000000000002,68.10000000000001,True,1.0
quality_4_6_line_2,line,4,6,multistart_greedy,poor,419,512,512,512,21.240000000000002,21.240000000000002,68.10000000000001,True,1.0
quality_4_6_line_2,line,4,6,multistart_greedy,poor,421,512,512,512,21.240000000000002,21.240000000000002,68.10000000000001,True,1.0
quality_4_6_line_2,line,4,6,uniform,random,401,32,32,32,28.52,21.240000000000002,39.17,False,1.342749529190207
quality_4_6_line_2,line,4,6,uniform,random,409,32,32,32,23.330000000000002,21.240000000000002,39.17,False,1.0983992467043315
quality_4_6_line_2,line,4,6,uniform,random,419,32,32,32,28.52,21.240000000000002,39.17,False,1.342749529190207
quality_4_6_line_2,line,4,6,uniform,random,421,32,32,32,23.330000000000002,21.240000000000002,39.17,False,1.0983992467043315
quality_4_6_line_2,line,4,6,uniform,random,401,128,128,128,24.68,21.240000000000002,39.17,False,1.1619585687382297
quality_4_6_line_2,line,4,6,uniform,random,409,128,128,128,23.330000000000002,21.240000000000002,39.17,False,1.0983992467043315
quality_4_6_line_2,line,4,6,uniform,random,419,128,128,128,21.240000000000002,21.240000000000002,39.17,True,1.0
quality_4_6_line_2,line,4,6,uniform,random,421,128,128,128,21.240000000000002,21.240000000000002,39.17,True,1.0
quality_4_6_line_2,line,4,6,uniform,random,401,512,512,512,21.240000000000002,21.240000000000002,39.17,True,1.0
quality_4_6_line_2,line,4,6,uniform,random,409,512,512,512,21.240000000000002,21.240000000000002,39.17,True,1.0
quality_4_6_line_2,line,4,6,uniform,random,419,512,512,512,21.240000000000002,21.240000000000002,39.17,True,1.0
quality_4_6_line_2,line,4,6,uniform,random,421,512,512,512,21.240000000000002,21.240000000000002,39.17,True,1.0
quality_4_6_line_2,line,4,6,annealing,random,401,32,32,32,21.240000000000002,21.240000000000002,39.17,True,1.0
quality_4_6_line_2,line,4,6,annealing,random,409,32,32,32,24.650000000000002,21.240000000000002,39.17,False,1.1605461393596987
quality_4_6_line_2,line,4,6,annealing,random,419,32,32,32,22.59,21.240000000000002,39.17,False,1.0635593220338981
quality_4_6_line_2,line,4,6,annealing,random,421,32,32,32,27.240000000000002,21.240000000000002,39.17,False,1.2824858757062148
quality_4_6_line_2,line,4,6,annealing,random,401,128,128,128,21.240000000000002,21.240000000000002,39.17,True,1.0
quality_4_6_line_2,line,4,6,annealing,random,409,128,128,128,21.240000000000002,21.240000000000002,39.17,True,1.0
quality_4_6_line_2,line,4,6,annealing,random,419,128,128,128,22.59,21.240000000000002,39.17,False,1.0635593220338981
quality_4_6_line_2,line,4,6,annealing,random,421,128,128,128,27.240000000000002,21.240000000000002,39.17,False,1.2824858757062148
quality_4_6_line_2,line,4,6,annealing,random,401,512,512,512,21.240000000000002,21.240000000000002,39.17,True,1.0
quality_4_6_line_2,line,4,6,annealing,random,409,512,512,512,22.59,21.240000000000002,39.17,False,1.0635593220338981
quality_4_6_line_2,line,4,6,annealing,random,419,512,512,512,22.59,21.240000000000002,39.17,False,1.0635593220338981
quality_4_6_line_2,line,4,6,annealing,random,421,512,512,512,27.240000000000002,21.240000000000002,39.17,False,1.2824858757062148
quality_4_6_line_2,line,4,6,multistart_greedy,random,401,32,32,32,27.240000000000002,21.240000000000002,39.17,False,1.2824858757062148
quality_4_6_line_2,line,4,6,multistart_greedy,random,409,32,32,32,27.240000000000002,21.240000000000002,39.17,False,1.2824858757062148
quality_4_6_line_2,line,4,6,multistart_greedy,random,419,32,32,32,27.240000000000002,21.240000000000002,39.17,False,1.2824858757062148
quality_4_6_line_2,line,4,6,multistart_greedy,random,421,32,32,32,27.240000000000002,21.240000000000002,39.17,False,1.2824858757062148
quality_4_6_line_2,line,4,6,multistart_greedy,random,401,128,128,128,21.240000000000002,21.240000000000002,39.17,True,1.0
quality_4_6_line_2,line,4,6,multistart_greedy,random,409,128,128,128,27.240000000000002,21.240000000000002,39.17,False,1.2824858757062148
quality_4_6_line_2,line,4,6,multistart_greedy,random,419,128,128,128,21.240000000000002,21.240000000000002,39.17,True,1.0
quality_4_6_line_2,line,4,6,multistart_greedy,random,421,128,128,128,21.240000000000002,21.240000000000002,39.17,True,1.0
quality_4_6_line_2,line,4,6,multistart_greedy,random,401,512,512,512,21.240000000000002,21.240000000000002,39.17,True,1.0
quality_4_6_line_2,line,4,6,multistart_greedy,random,409,512,512,512,21.240000000000002,21.240000000000002,39.17,True,1.0
quality_4_6_line_2,line,4,6,multistart_greedy,random,419,512,512,512,21.240000000000002,21.240000000000002,39.17,True,1.0
quality_4_6_line_2,line,4,6,multistart_greedy,random,421,512,512,512,21.240000000000002,21.240000000000002,39.17,True,1.0
quality_4_6_line_3,line,4,6,uniform,deterministic,401,32,32,32,18.79,18.5,31.529999999999998,False,1.0156756756756757
quality_4_6_line_3,line,4,6,uniform,deterministic,409,32,32,32,18.5,18.5,31.529999999999998,True,1.0
quality_4_6_line_3,line,4,6,uniform,deterministic,419,32,32,32,18.79,18.5,31.529999999999998,False,1.0156756756756757
quality_4_6_line_3,line,4,6,uniform,deterministic,421,32,32,32,20.259999999999998,18.5,31.529999999999998,False,1.095135135135135
quality_4_6_line_3,line,4,6,uniform,deterministic,401,128,128,128,18.79,18.5,31.529999999999998,False,1.0156756756756757
quality_4_6_line_3,line,4,6,uniform,deterministic,409,128,128,128,18.5,18.5,31.529999999999998,True,1.0
quality_4_6_line_3,line,4,6,uniform,deterministic,419,128,128,128,18.5,18.5,31.529999999999998,True,1.0
quality_4_6_line_3,line,4,6,uniform,deterministic,421,128,128,128,18.5,18.5,31.529999999999998,True,1.0
quality_4_6_line_3,line,4,6,uniform,deterministic,401,512,512,512,18.5,18.5,31.529999999999998,True,1.0
quality_4_6_line_3,line,4,6,uniform,deterministic,409,512,512,512,18.5,18.5,31.529999999999998,True,1.0
quality_4_6_line_3,line,4,6,uniform,deterministic,419,512,512,512,18.5,18.5,31.529999999999998,True,1.0
quality_4_6_line_3,line,4,6,uniform,deterministic,421,512,512,512,18.5,18.5,31.529999999999998,True,1.0
quality_4_6_line_3,line,4,6,annealing,deterministic,401,32,32,32,18.5,18.5,31.529999999999998,True,1.0
quality_4_6_line_3,line,4,6,annealing,deterministic,409,32,32,32,18.5,18.5,31.529999999999998,True,1.0
quality_4_6_line_3,line,4,6,annealing,deterministic,419,32,32,32,18.5,18.5,31.529999999999998,True,1.0
quality_4_6_line_3,line,4,6,annealing,deterministic,421,32,32,32,19.400000000000002,18.5,31.529999999999998,False,1.0486486486486488
quality_4_6_line_3,line,4,6,annealing,deterministic,401,128,128,128,18.5,18.5,31.529999999999998,True,1.0
quality_4_6_line_3,line,4,6,annealing,deterministic,409,128,128,128,18.5,18.5,31.529999999999998,True,1.0
quality_4_6_line_3,line,4,6,annealing,deterministic,419,128,128,128,18.5,18.5,31.529999999999998,True,1.0
quality_4_6_line_3,line,4,6,annealing,deterministic,421,128,128,128,19.400000000000002,18.5,31.529999999999998,False,1.0486486486486488
quality_4_6_line_3,line,4,6,annealing,deterministic,401,512,512,512,18.5,18.5,31.529999999999998,True,1.0
quality_4_6_line_3,line,4,6,annealing,deterministic,409,512,512,512,18.5,18.5,31.529999999999998,True,1.0
quality_4_6_line_3,line,4,6,annealing,deterministic,419,512,512,512,18.5,18.5,31.529999999999998,True,1.0
quality_4_6_line_3,line,4,6,annealing,deterministic,421,512,512,512,19.400000000000002,18.5,31.529999999999998,False,1.0486486486486488
quality_4_6_line_3,line,4,6,multistart_greedy,deterministic,401,32,32,32,18.5,18.5,31.529999999999998,True,1.0
quality_4_6_line_3,line,4,6,multistart_greedy,deterministic,409,32,32,32,18.5,18.5,31.529999999999998,True,1.0
quality_4_6_line_3,line,4,6,multistart_greedy,deterministic,419,32,32,32,18.5,18.5,31.529999999999998,True,1.0
quality_4_6_line_3,line,4,6,multistart_greedy,deterministic,421,32,32,32,18.5,18.5,31.529999999999998,True,1.0
quality_4_6_line_3,line,4,6,multistart_greedy,deterministic,401,128,128,128,18.5,18.5,31.529999999999998,True,1.0
quality_4_6_line_3,line,4,6,multistart_greedy,deterministic,409,128,128,128,18.5,18.5,31.529999999999998,True,1.0
quality_4_6_line_3,line,4,6,multistart_greedy,deterministic,419,128,128,128,18.5,18.5,31.529999999999998,True,1.0
quality_4_6_line_3,line,4,6,multistart_greedy,deterministic,421,128,128,128,18.5,18.5,31.529999999999998,True,1.0
quality_4_6_line_3,line,4,6,multistart_greedy,deterministic,401,512,512,512,18.5,18.5,31.529999999999998,True,1.0
quality_4_6_line_3,line,4,6,multistart_greedy,deterministic,409,512,512,512,18.5,18.5,31.529999999999998,True,1.0
quality_4_6_line_3,line,4,6,multistart_greedy,deterministic,419,512,512,512,18.5,18.5,31.529999999999998,True,1.0
quality_4_6_line_3,line,4,6,multistart_greedy,deterministic,421,512,512,512,18.5,18.5,31.529999999999998,True,1.0
quality_4_6_line_3,line,4,6,uniform,poor,401,32,32,32,18.79,18.5,50.97,False,1.0156756756756757
quality_4_6_line_3,line,4,6,uniform,poor,409,32,32,32,18.5,18.5,50.97,True,1.0
quality_4_6_line_3,line,4,6,uniform,poor,419,32,32,32,18.79,18.5,50.97,False,1.0156756756756757
quality_4_6_line_3,line,4,6,uniform,poor,421,32,32,32,20.259999999999998,18.5,50.97,False,1.095135135135135
quality_4_6_line_3,line,4,6,uniform,poor,401,128,128,128,18.79,18.5,50.97,False,1.0156756756756757
quality_4_6_line_3,line,4,6,uniform,poor,409,128,128,128,18.5,18.5,50.97,True,1.0
quality_4_6_line_3,line,4,6,uniform,poor,419,128,128,128,18.5,18.5,50.97,True,1.0
quality_4_6_line_3,line,4,6,uniform,poor,421,128,128,128,18.5,18.5,50.97,True,1.0
quality_4_6_line_3,line,4,6,uniform,poor,401,512,512,512,18.5,18.5,50.97,True,1.0
quality_4_6_line_3,line,4,6,uniform,poor,409,512,512,512,18.5,18.5,50.97,True,1.0
quality_4_6_line_3,line,4,6,uniform,poor,419,512,512,512,18.5,18.5,50.97,True,1.0
quality_4_6_line_3,line,4,6,uniform,poor,421,512,512,512,18.5,18.5,50.97,True,1.0
quality_4_6_line_3,line,4,6,annealing,poor,401,32,32,32,18.5,18.5,50.97,True,1.0
quality_4_6_line_3,line,4,6,annealing,poor,409,32,32,32,20.29,18.5,50.97,False,1.0967567567567567
quality_4_6_line_3,line,4,6,annealing,poor,419,32,32,32,18.5,18.5,50.97,True,1.0
quality_4_6_line_3,line,4,6,annealing,poor,421,32,32,32,26.770000000000003,18.5,50.97,False,1.4470270270270271
quality_4_6_line_3,line,4,6,annealing,poor,401,128,128,128,18.5,18.5,50.97,True,1.0
quality_4_6_line_3,line,4,6,annealing,poor,409,128,128,128,19.400000000000002,18.5,50.97,False,1.0486486486486488
quality_4_6_line_3,line,4,6,annealing,poor,419,128,128,128,18.5,18.5,50.97,True,1.0
quality_4_6_line_3,line,4,6,annealing,poor,421,128,128,128,18.5,18.5,50.97,True,1.0
quality_4_6_line_3,line,4,6,annealing,poor,401,512,512,512,18.5,18.5,50.97,True,1.0
quality_4_6_line_3,line,4,6,annealing,poor,409,512,512,512,18.5,18.5,50.97,True,1.0
quality_4_6_line_3,line,4,6,annealing,poor,419,512,512,512,18.5,18.5,50.97,True,1.0
quality_4_6_line_3,line,4,6,annealing,poor,421,512,512,512,18.5,18.5,50.97,True,1.0
quality_4_6_line_3,line,4,6,multistart_greedy,poor,401,32,32,32,19.400000000000002,18.5,50.97,False,1.0486486486486488
quality_4_6_line_3,line,4,6,multistart_greedy,poor,409,32,32,32,19.400000000000002,18.5,50.97,False,1.0486486486486488
quality_4_6_line_3,line,4,6,multistart_greedy,poor,419,32,32,32,19.400000000000002,18.5,50.97,False,1.0486486486486488
quality_4_6_line_3,line,4,6,multistart_greedy,poor,421,32,32,32,19.400000000000002,18.5,50.97,False,1.0486486486486488
quality_4_6_line_3,line,4,6,multistart_greedy,poor,401,128,128,128,19.400000000000002,18.5,50.97,False,1.0486486486486488
quality_4_6_line_3,line,4,6,multistart_greedy,poor,409,128,128,128,18.5,18.5,50.97,True,1.0
quality_4_6_line_3,line,4,6,multistart_greedy,poor,419,128,128,128,18.5,18.5,50.97,True,1.0
quality_4_6_line_3,line,4,6,multistart_greedy,poor,421,128,128,128,18.5,18.5,50.97,True,1.0
quality_4_6_line_3,line,4,6,multistart_greedy,poor,401,512,512,512,18.5,18.5,50.97,True,1.0
quality_4_6_line_3,line,4,6,multistart_greedy,poor,409,512,512,512,18.5,18.5,50.97,True,1.0
quality_4_6_line_3,line,4,6,multistart_greedy,poor,419,512,512,512,18.5,18.5,50.97,True,1.0
quality_4_6_line_3,line,4,6,multistart_greedy,poor,421,512,512,512,18.5,18.5,50.97,True,1.0
quality_4_6_line_3,line,4,6,uniform,random,401,32,32,32,18.79,18.5,21.64,False,1.0156756756756757
quality_4_6_line_3,line,4,6,uniform,random,409,32,32,32,18.5,18.5,21.64,True,1.0
quality_4_6_line_3,line,4,6,uniform,random,419,32,32,32,18.79,18.5,21.64,False,1.0156756756756757
quality_4_6_line_3,line,4,6,uniform,random,421,32,32,32,20.259999999999998,18.5,21.64,False,1.095135135135135
quality_4_6_line_3,line,4,6,uniform,random,401,128,128,128,18.79,18.5,21.64,False,1.0156756756756757
quality_4_6_line_3,line,4,6,uniform,random,409,128,128,128,18.5,18.5,21.64,True,1.0
quality_4_6_line_3,line,4,6,uniform,random,419,128,128,128,18.5,18.5,21.64,True,1.0
quality_4_6_line_3,line,4,6,uniform,random,421,128,128,128,18.5,18.5,21.64,True,1.0
quality_4_6_line_3,line,4,6,uniform,random,401,512,512,512,18.5,18.5,21.64,True,1.0
quality_4_6_line_3,line,4,6,uniform,random,409,512,512,512,18.5,18.5,21.64,True,1.0
quality_4_6_line_3,line,4,6,uniform,random,419,512,512,512,18.5,18.5,21.64,True,1.0
quality_4_6_line_3,line,4,6,uniform,random,421,512,512,512,18.5,18.5,21.64,True,1.0
quality_4_6_line_3,line,4,6,annealing,random,401,32,32,32,18.5,18.5,21.64,True,1.0
quality_4_6_line_3,line,4,6,annealing,random,409,32,32,32,18.5,18.5,21.64,True,1.0
quality_4_6_line_3,line,4,6,annealing,random,419,32,32,32,18.5,18.5,21.64,True,1.0
quality_4_6_line_3,line,4,6,annealing,random,421,32,32,32,19.400000000000002,18.5,21.64,False,1.0486486486486488
quality_4_6_line_3,line,4,6,annealing,random,401,128,128,128,18.5,18.5,21.64,True,1.0
quality_4_6_line_3,line,4,6,annealing,random,409,128,128,128,18.5,18.5,21.64,True,1.0
quality_4_6_line_3,line,4,6,annealing,random,419,128,128,128,18.5,18.5,21.64,True,1.0
quality_4_6_line_3,line,4,6,annealing,random,421,128,128,128,19.400000000000002,18.5,21.64,False,1.0486486486486488
quality_4_6_line_3,line,4,6,annealing,random,401,512,512,512,18.5,18.5,21.64,True,1.0
quality_4_6_line_3,line,4,6,annealing,random,409,512,512,512,18.5,18.5,21.64,True,1.0
quality_4_6_line_3,line,4,6,annealing,random,419,512,512,512,18.5,18.5,21.64,True,1.0
quality_4_6_line_3,line,4,6,annealing,random,421,512,512,512,19.400000000000002,18.5,21.64,False,1.0486486486486488
quality_4_6_line_3,line,4,6,multistart_greedy,random,401,32,32,32,18.5,18.5,21.64,True,1.0
quality_4_6_line_3,line,4,6,multistart_greedy,random,409,32,32,32,18.5,18.5,21.64,True,1.0
quality_4_6_line_3,line,4,6,multistart_greedy,random,419,32,32,32,18.5,18.5,21.64,True,1.0
quality_4_6_line_3,line,4,6,multistart_greedy,random,421,32,32,32,18.5,18.5,21.64,True,1.0
quality_4_6_line_3,line,4,6,multistart_greedy,random,401,128,128,128,18.5,18.5,21.64,True,1.0
quality_4_6_line_3,line,4,6,multistart_greedy,random,409,128,128,128,18.5,18.5,21.64,True,1.0
quality_4_6_line_3,line,4,6,multistart_greedy,random,419,128,128,128,18.5,18.5,21.64,True,1.0
quality_4_6_line_3,line,4,6,multistart_greedy,random,421,128,128,128,18.5,18.5,21.64,True,1.0
quality_4_6_line_3,line,4,6,multistart_greedy,random,401,512,512,512,18.5,18.5,21.64,True,1.0
quality_4_6_line_3,line,4,6,multistart_greedy,random,409,512,512,512,18.5,18.5,21.64,True,1.0
quality_4_6_line_3,line,4,6,multistart_greedy,random,419,512,512,512,18.5,18.5,21.64,True,1.0
quality_4_6_line_3,line,4,6,multistart_greedy,random,421,512,512,512,18.5,18.5,21.64,True,1.0
quality_4_6_scatter_0,scatter,4,6,uniform,deterministic,401,32,32,32,31.41,31.11,45.980000000000004,False,1.0096432015429122
quality_4_6_scatter_0,scatter,4,6,uniform,deterministic,409,32,32,32,31.11,31.11,45.980000000000004,True,1.0
quality_4_6_scatter_0,scatter,4,6,uniform,deterministic,419,32,32,32,34.71,31.11,45.980000000000004,False,1.115718418514947
quality_4_6_scatter_0,scatter,4,6,uniform,deterministic,421,32,32,32,31.11,31.11,45.980000000000004,True,1.0
quality_4_6_scatter_0,scatter,4,6,uniform,deterministic,401,128,128,128,31.41,31.11,45.980000000000004,False,1.0096432015429122
quality_4_6_scatter_0,scatter,4,6,uniform,deterministic,409,128,128,128,31.11,31.11,45.980000000000004,True,1.0
quality_4_6_scatter_0,scatter,4,6,uniform,deterministic,419,128,128,128,33.089999999999996,31.11,45.980000000000004,False,1.0636451301832208
quality_4_6_scatter_0,scatter,4,6,uniform,deterministic,421,128,128,128,31.11,31.11,45.980000000000004,True,1.0
quality_4_6_scatter_0,scatter,4,6,uniform,deterministic,401,512,512,512,31.11,31.11,45.980000000000004,True,1.0
quality_4_6_scatter_0,scatter,4,6,uniform,deterministic,409,512,512,512,31.11,31.11,45.980000000000004,True,1.0
quality_4_6_scatter_0,scatter,4,6,uniform,deterministic,419,512,512,512,31.11,31.11,45.980000000000004,True,1.0
quality_4_6_scatter_0,scatter,4,6,uniform,deterministic,421,512,512,512,31.11,31.11,45.980000000000004,True,1.0
quality_4_6_scatter_0,scatter,4,6,annealing,deterministic,401,32,32,32,34.71,31.11,45.980000000000004,False,1.115718418514947
quality_4_6_scatter_0,scatter,4,6,annealing,deterministic,409,32,32,32,34.07,31.11,45.980000000000004,False,1.0951462552234008
quality_4_6_scatter_0,scatter,4,6,annealing,deterministic,419,32,32,32,34.07,31.11,45.980000000000004,False,1.0951462552234008
quality_4_6_scatter_0,scatter,4,6,annealing,deterministic,421,32,32,32,37.25,31.11,45.980000000000004,False,1.1973641915782707
quality_4_6_scatter_0,scatter,4,6,annealing,deterministic,401,128,128,128,31.11,31.11,45.980000000000004,True,1.0
quality_4_6_scatter_0,scatter,4,6,annealing,deterministic,409,128,128,128,34.07,31.11,45.980000000000004,False,1.0951462552234008
quality_4_6_scatter_0,scatter,4,6,annealing,deterministic,419,128,128,128,34.07,31.11,45.980000000000004,False,1.0951462552234008
quality_4_6_scatter_0,scatter,4,6,annealing,deterministic,421,128,128,128,34.07,31.11,45.980000000000004,False,1.0951462552234008
quality_4_6_scatter_0,scatter,4,6,annealing,deterministic,401,512,512,512,31.11,31.11,45.980000000000004,True,1.0
quality_4_6_scatter_0,scatter,4,6,annealing,deterministic,409,512,512,512,34.07,31.11,45.980000000000004,False,1.0951462552234008
quality_4_6_scatter_0,scatter,4,6,annealing,deterministic,419,512,512,512,34.07,31.11,45.980000000000004,False,1.0951462552234008
quality_4_6_scatter_0,scatter,4,6,annealing,deterministic,421,512,512,512,34.07,31.11,45.980000000000004,False,1.0951462552234008
quality_4_6_scatter_0,scatter,4,6,multistart_greedy,deterministic,401,32,32,32,34.07,31.11,45.980000000000004,False,1.0951462552234008
quality_4_6_scatter_0,scatter,4,6,multistart_greedy,deterministic,409,32,32,32,34.07,31.11,45.980000000000004,False,1.0951462552234008
quality_4_6_scatter_0,scatter,4,6,multistart_greedy,deterministic,419,32,32,32,34.07,31.11,45.980000000000004,False,1.0951462552234008
quality_4_6_scatter_0,scatter,4,6,multistart_greedy,deterministic,421,32,32,32,34.07,31.11,45.980000000000004,False,1.0951462552234008
quality_4_6_scatter_0,scatter,4,6,multistart_greedy,deterministic,401,128,128,128,31.11,31.11,45.980000000000004,True,1.0
quality_4_6_scatter_0,scatter,4,6,multistart_greedy,deterministic,409,128,128,128,32.79,31.11,45.980000000000004,False,1.0540019286403086
quality_4_6_scatter_0,scatter,4,6,multistart_greedy,deterministic,419,128,128,128,31.11,31.11,45.980000000000004,True,1.0
quality_4_6_scatter_0,scatter,4,6,multistart_greedy,deterministic,421,128,128,128,31.11,31.11,45.980000000000004,True,1.0
quality_4_6_scatter_0,scatter,4,6,multistart_greedy,deterministic,401,512,512,512,31.11,31.11,45.980000000000004,True,1.0
quality_4_6_scatter_0,scatter,4,6,multistart_greedy,deterministic,409,512,512,512,31.11,31.11,45.980000000000004,True,1.0
quality_4_6_scatter_0,scatter,4,6,multistart_greedy,deterministic,419,512,512,512,31.11,31.11,45.980000000000004,True,1.0
quality_4_6_scatter_0,scatter,4,6,multistart_greedy,deterministic,421,512,512,512,31.11,31.11,45.980000000000004,True,1.0
quality_4_6_scatter_0,scatter,4,6,uniform,poor,401,32,32,32,31.41,31.11,74.55,False,1.0096432015429122
quality_4_6_scatter_0,scatter,4,6,uniform,poor,409,32,32,32,31.11,31.11,74.55,True,1.0
quality_4_6_scatter_0,scatter,4,6,uniform,poor,419,32,32,32,34.71,31.11,74.55,False,1.115718418514947
quality_4_6_scatter_0,scatter,4,6,uniform,poor,421,32,32,32,31.11,31.11,74.55,True,1.0
quality_4_6_scatter_0,scatter,4,6,uniform,poor,401,128,128,128,31.41,31.11,74.55,False,1.0096432015429122
quality_4_6_scatter_0,scatter,4,6,uniform,poor,409,128,128,128,31.11,31.11,74.55,True,1.0
quality_4_6_scatter_0,scatter,4,6,uniform,poor,419,128,128,128,33.089999999999996,31.11,74.55,False,1.0636451301832208
quality_4_6_scatter_0,scatter,4,6,uniform,poor,421,128,128,128,31.11,31.11,74.55,True,1.0
quality_4_6_scatter_0,scatter,4,6,uniform,poor,401,512,512,512,31.11,31.11,74.55,True,1.0
quality_4_6_scatter_0,scatter,4,6,uniform,poor,409,512,512,512,31.11,31.11,74.55,True,1.0
quality_4_6_scatter_0,scatter,4,6,uniform,poor,419,512,512,512,31.11,31.11,74.55,True,1.0
quality_4_6_scatter_0,scatter,4,6,uniform,poor,421,512,512,512,31.11,31.11,74.55,True,1.0
quality_4_6_scatter_0,scatter,4,6,annealing,poor,401,32,32,32,33.089999999999996,31.11,74.55,False,1.0636451301832208
quality_4_6_scatter_0,scatter,4,6,annealing,poor,409,32,32,32,40.94,31.11,74.55,False,1.3159755705560912
quality_4_6_scatter_0,scatter,4,6,annealing,poor,419,32,32,32,36.56,31.11,74.55,False,1.1751848280295725
quality_4_6_scatter_0,scatter,4,6,annealing,poor,421,32,32,32,31.11,31.11,74.55,True,1.0
quality_4_6_scatter_0,scatter,4,6,annealing,poor,401,128,128,128,31.11,31.11,74.55,True,1.0
quality_4_6_scatter_0,scatter,4,6,annealing,poor,409,128,128,128,37.25,31.11,74.55,False,1.1973641915782707
quality_4_6_scatter_0,scatter,4,6,annealing,poor,419,128,128,128,34.07,31.11,74.55,False,1.0951462552234008
quality_4_6_scatter_0,scatter,4,6,annealing,poor,421,128,128,128,31.11,31.11,74.55,True,1.0
quality_4_6_scatter_0,scatter,4,6,annealing,poor,401,512,512,512,31.11,31.11,74.55,True,1.0
quality_4_6_scatter_0,scatter,4,6,annealing,poor,409,512,512,512,37.25,31.11,74.55,False,1.1973641915782707
quality_4_6_scatter_0,scatter,4,6,annealing,poor,419,512,512,512,34.07,31.11,74.55,False,1.0951462552234008
quality_4_6_scatter_0,scatter,4,6,annealing,poor,421,512,512,512,31.11,31.11,74.55,True,1.0
quality_4_6_scatter_0,scatter,4,6,multistart_greedy,poor,401,32,32,32,38.82,31.11,74.55,False,1.2478302796528449
quality_4_6_scatter_0,scatter,4,6,multistart_greedy,poor,409,32,32,32,38.82,31.11,74.55,False,1.2478302796528449
quality_4_6_scatter_0,scatter,4,6,multistart_greedy,poor,419,32,32,32,38.82,31.11,74.55,False,1.2478302796528449
quality_4_6_scatter_0,scatter,4,6,multistart_greedy,poor,421,32,32,32,38.82,31.11,74.55,False,1.2478302796528449
quality_4_6_scatter_0,scatter,4,6,multistart_greedy,poor,401,128,128,128,31.11,31.11,74.55,True,1.0
quality_4_6_scatter_0,scatter,4,6,multistart_greedy,poor,409,128,128,128,31.11,31.11,74.55,True,1.0
quality_4_6_scatter_0,scatter,4,6,multistart_greedy,poor,419,128,128,128,31.11,31.11,74.55,True,1.0
quality_4_6_scatter_0,scatter,4,6,multistart_greedy,poor,421,128,128,128,31.11,31.11,74.55,True,1.0
quality_4_6_scatter_0,scatter,4,6,multistart_greedy,poor,401,512,512,512,31.11,31.11,74.55,True,1.0
quality_4_6_scatter_0,scatter,4,6,multistart_greedy,poor,409,512,512,512,31.11,31.11,74.55,True,1.0
quality_4_6_scatter_0,scatter,4,6,multistart_greedy,poor,419,512,512,512,31.11,31.11,74.55,True,1.0
quality_4_6_scatter_0,scatter,4,6,multistart_greedy,poor,421,512,512,512,31.11,31.11,74.55,True,1.0
quality_4_6_scatter_0,scatter,4,6,uniform,random,401,32,32,32,31.41,31.11,36.209999999999994,False,1.0096432015429122
quality_4_6_scatter_0,scatter,4,6,uniform,random,409,32,32,32,31.11,31.11,36.209999999999994,True,1.0
quality_4_6_scatter_0,scatter,4,6,uniform,random,419,32,32,32,34.71,31.11,36.209999999999994,False,1.115718418514947
quality_4_6_scatter_0,scatter,4,6,uniform,random,421,32,32,32,31.11,31.11,36.209999999999994,True,1.0
quality_4_6_scatter_0,scatter,4,6,uniform,random,401,128,128,128,31.41,31.11,36.209999999999994,False,1.0096432015429122
quality_4_6_scatter_0,scatter,4,6,uniform,random,409,128,128,128,31.11,31.11,36.209999999999994,True,1.0
quality_4_6_scatter_0,scatter,4,6,uniform,random,419,128,128,128,33.089999999999996,31.11,36.209999999999994,False,1.0636451301832208
quality_4_6_scatter_0,scatter,4,6,uniform,random,421,128,128,128,31.11,31.11,36.209999999999994,True,1.0
quality_4_6_scatter_0,scatter,4,6,uniform,random,401,512,512,512,31.11,31.11,36.209999999999994,True,1.0
quality_4_6_scatter_0,scatter,4,6,uniform,random,409,512,512,512,31.11,31.11,36.209999999999994,True,1.0
quality_4_6_scatter_0,scatter,4,6,uniform,random,419,512,512,512,31.11,31.11,36.209999999999994,True,1.0
quality_4_6_scatter_0,scatter,4,6,uniform,random,421,512,512,512,31.11,31.11,36.209999999999994,True,1.0
quality_4_6_scatter_0,scatter,4,6,annealing,random,401,32,32,32,33.33,31.11,36.209999999999994,False,1.0713596914175505
quality_4_6_scatter_0,scatter,4,6,annealing,random,409,32,32,32,31.11,31.11,36.209999999999994,True,1.0
quality_4_6_scatter_0,scatter,4,6,annealing,random,419,32,32,32,31.11,31.11,36.209999999999994,True,1.0
quality_4_6_scatter_0,scatter,4,6,annealing,random,421,32,32,32,31.11,31.11,36.209999999999994,True,1.0
quality_4_6_scatter_0,scatter,4,6,annealing,random,401,128,128,128,31.11,31.11,36.209999999999994,True,1.0
quality_4_6_scatter_0,scatter,4,6,annealing,random,409,128,128,128,31.11,31.11,36.209999999999994,True,1.0
quality_4_6_scatter_0,scatter,4,6,annealing,random,419,128,128,128,31.11,31.11,36.209999999999994,True,1.0
quality_4_6_scatter_0,scatter,4,6,annealing,random,421,128,128,128,31.11,31.11,36.209999999999994,True,1.0
quality_4_6_scatter_0,scatter,4,6,annealing,random,401,512,512,512,31.11,31.11,36.209999999999994,True,1.0
quality_4_6_scatter_0,scatter,4,6,annealing,random,409,512,512,512,31.11,31.11,36.209999999999994,True,1.0
quality_4_6_scatter_0,scatter,4,6,annealing,random,419,512,512,512,31.11,31.11,36.209999999999994,True,1.0
quality_4_6_scatter_0,scatter,4,6,annealing,random,421,512,512,512,31.11,31.11,36.209999999999994,True,1.0
quality_4_6_scatter_0,scatter,4,6,multistart_greedy,random,401,32,32,32,31.11,31.11,36.209999999999994,True,1.0
quality_4_6_scatter_0,scatter,4,6,multistart_greedy,random,409,32,32,32,31.11,31.11,36.209999999999994,True,1.0
quality_4_6_scatter_0,scatter,4,6,multistart_greedy,random,419,32,32,32,31.11,31.11,36.209999999999994,True,1.0
quality_4_6_scatter_0,scatter,4,6,multistart_greedy,random,421,32,32,32,31.11,31.11,36.209999999999994,True,1.0
quality_4_6_scatter_0,scatter,4,6,multistart_greedy,random,401,128,128,128,31.11,31.11,36.209999999999994,True,1.0
quality_4_6_scatter_0,scatter,4,6,multistart_greedy,random,409,128,128,128,31.11,31.11,36.209999999999994,True,1.0
quality_4_6_scatter_0,scatter,4,6,multistart_greedy,random,419,128,128,128,31.11,31.11,36.209999999999994,True,1.0
quality_4_6_scatter_0,scatter,4,6,multistart_greedy,random,421,128,128,128,31.11,31.11,36.209999999999994,True,1.0
quality_4_6_scatter_0,scatter,4,6,multistart_greedy,random,401,512,512,512,31.11,31.11,36.209999999999994,True,1.0
quality_4_6_scatter_0,scatter,4,6,multistart_greedy,random,409,512,512,512,31.11,31.11,36.209999999999994,True,1.0
quality_4_6_scatter_0,scatter,4,6,multistart_greedy,random,419,512,512,512,31.11,31.11,36.209999999999994,True,1.0
quality_4_6_scatter_0,scatter,4,6,multistart_greedy,random,421,512,512,512,31.11,31.11,36.209999999999994,True,1.0
quality_4_6_scatter_1,scatter,4,6,uniform,deterministic,401,32,32,32,54.03,44.98,76.07000000000001,False,1.2012005335704758
quality_4_6_scatter_1,scatter,4,6,uniform,deterministic,409,32,32,32,44.98,44.98,76.07000000000001,True,1.0
quality_4_6_scatter_1,scatter,4,6,uniform,deterministic,419,32,32,32,51.63000000000001,44.98,76.07000000000001,False,1.1478434859937754
quality_4_6_scatter_1,scatter,4,6,uniform,deterministic,421,32,32,32,47.129999999999995,44.98,76.07000000000001,False,1.047799021787461
quality_4_6_scatter_1,scatter,4,6,uniform,deterministic,401,128,128,128,46.18,44.98,76.07000000000001,False,1.0266785237883505
quality_4_6_scatter_1,scatter,4,6,uniform,deterministic,409,128,128,128,44.98,44.98,76.07000000000001,True,1.0
quality_4_6_scatter_1,scatter,4,6,uniform,deterministic,419,128,128,128,47.129999999999995,44.98,76.07000000000001,False,1.047799021787461
quality_4_6_scatter_1,scatter,4,6,uniform,deterministic,421,128,128,128,44.98,44.98,76.07000000000001,True,1.0
quality_4_6_scatter_1,scatter,4,6,uniform,deterministic,401,512,512,512,44.98,44.98,76.07000000000001,True,1.0
quality_4_6_scatter_1,scatter,4,6,uniform,deterministic,409,512,512,512,44.98,44.98,76.07000000000001,True,1.0
quality_4_6_scatter_1,scatter,4,6,uniform,deterministic,419,512,512,512,44.98,44.98,76.07000000000001,True,1.0
quality_4_6_scatter_1,scatter,4,6,uniform,deterministic,421,512,512,512,44.98,44.98,76.07000000000001,True,1.0
quality_4_6_scatter_1,scatter,4,6,annealing,deterministic,401,32,32,32,46.18,44.98,76.07000000000001,False,1.0266785237883505
quality_4_6_scatter_1,scatter,4,6,annealing,deterministic,409,32,32,32,52.83,44.98,76.07000000000001,False,1.1745220097821254
quality_4_6_scatter_1,scatter,4,6,annealing,deterministic,419,32,32,32,46.18,44.98,76.07000000000001,False,1.0266785237883505
quality_4_6_scatter_1,scatter,4,6,annealing,deterministic,421,32,32,32,59.129999999999995,44.98,76.07000000000001,False,1.314584259670965
quality_4_6_scatter_1,scatter,4,6,annealing,deterministic,401,128,128,128,46.18,44.98,76.07000000000001,False,1.0266785237883505
quality_4_6_scatter_1,scatter,4,6,annealing,deterministic,409,128,128,128,44.98,44.98,76.07000000000001,True,1.0
quality_4_6_scatter_1,scatter,4,6,annealing,deterministic,419,128,128,128,44.98,44.98,76.07000000000001,True,1.0
quality_4_6_scatter_1,scatter,4,6,annealing,deterministic,421,128,128,128,59.129999999999995,44.98,76.07000000000001,False,1.314584259670965
quality_4_6_scatter_1,scatter,4,6,annealing,deterministic,401,512,512,512,46.18,44.98,76.07000000000001,False,1.0266785237883505
quality_4_6_scatter_1,scatter,4,6,annealing,deterministic,409,512,512,512,44.98,44.98,76.07000000000001,True,1.0
quality_4_6_scatter_1,scatter,4,6,annealing,deterministic,419,512,512,512,44.98,44.98,76.07000000000001,True,1.0
quality_4_6_scatter_1,scatter,4,6,annealing,deterministic,421,512,512,512,44.98,44.98,76.07000000000001,True,1.0
quality_4_6_scatter_1,scatter,4,6,multistart_greedy,deterministic,401,32,32,32,46.18,44.98,76.07000000000001,False,1.0266785237883505
quality_4_6_scatter_1,scatter,4,6,multistart_greedy,deterministic,409,32,32,32,46.18,44.98,76.07000000000001,False,1.0266785237883505
quality_4_6_scatter_1,scatter,4,6,multistart_greedy,deterministic,419,32,32,32,46.18,44.98,76.07000000000001,False,1.0266785237883505
quality_4_6_scatter_1,scatter,4,6,multistart_greedy,deterministic,421,32,32,32,46.18,44.98,76.07000000000001,False,1.0266785237883505
quality_4_6_scatter_1,scatter,4,6,multistart_greedy,deterministic,401,128,128,128,44.98,44.98,76.07000000000001,True,1.0
quality_4_6_scatter_1,scatter,4,6,multistart_greedy,deterministic,409,128,128,128,44.98,44.98,76.07000000000001,True,1.0
quality_4_6_scatter_1,scatter,4,6,multistart_greedy,deterministic,419,128,128,128,46.18,44.98,76.07000000000001,False,1.0266785237883505
quality_4_6_scatter_1,scatter,4,6,multistart_greedy,deterministic,421,128,128,128,45.93,44.98,76.07000000000001,False,1.0211204979991109
quality_4_6_scatter_1,scatter,4,6,multistart_greedy,deterministic,401,512,512,512,44.98,44.98,76.07000000000001,True,1.0
quality_4_6_scatter_1,scatter,4,6,multistart_greedy,deterministic,409,512,512,512,44.98,44.98,76.07000000000001,True,1.0
quality_4_6_scatter_1,scatter,4,6,multistart_greedy,deterministic,419,512,512,512,44.98,44.98,76.07000000000001,True,1.0
quality_4_6_scatter_1,scatter,4,6,multistart_greedy,deterministic,421,512,512,512,44.98,44.98,76.07000000000001,True,1.0
quality_4_6_scatter_1,scatter,4,6,uniform,poor,401,32,32,32,54.03,44.98,123.36,False,1.2012005335704758
quality_4_6_scatter_1,scatter,4,6,uniform,poor,409,32,32,32,44.98,44.98,123.36,True,1.0
quality_4_6_scatter_1,scatter,4,6,uniform,poor,419,32,32,32,51.63000000000001,44.98,123.36,False,1.1478434859937754
quality_4_6_scatter_1,scatter,4,6,uniform,poor,421,32,32,32,47.129999999999995,44.98,123.36,False,1.047799021787461
quality_4_6_scatter_1,scatter,4,6,uniform,poor,401,128,128,128,46.18,44.98,123.36,False,1.0266785237883505
quality_4_6_scatter_1,scatter,4,6,uniform,poor,409,128,128,128,44.98,44.98,123.36,True,1.0
quality_4_6_scatter_1,scatter,4,6,uniform,poor,419,128,128,128,47.129999999999995,44.98,123.36,False,1.047799021787461
quality_4_6_scatter_1,scatter,4,6,uniform,poor,421,128,128,128,44.98,44.98,123.36,True,1.0
quality_4_6_scatter_1,scatter,4,6,uniform,poor,401,512,512,512,44.98,44.98,123.36,True,1.0
quality_4_6_scatter_1,scatter,4,6,uniform,poor,409,512,512,512,44.98,44.98,123.36,True,1.0
quality_4_6_scatter_1,scatter,4,6,uniform,poor,419,512,512,512,44.98,44.98,123.36,True,1.0
quality_4_6_scatter_1,scatter,4,6,uniform,poor,421,512,512,512,44.98,44.98,123.36,True,1.0
quality_4_6_scatter_1,scatter,4,6,annealing,poor,401,32,32,32,46.18,44.98,123.36,False,1.0266785237883505
quality_4_6_scatter_1,scatter,4,6,annealing,poor,409,32,32,32,72.85000000000001,44.98,123.36,False,1.6196087149844378
quality_4_6_scatter_1,scatter,4,6,annealing,poor,419,32,32,32,62.230000000000004,44.98,123.36,False,1.3835037794575369
quality_4_6_scatter_1,scatter,4,6,annealing,poor,421,32,32,32,59.129999999999995,44.98,123.36,False,1.314584259670965
quality_4_6_scatter_1,scatter,4,6,annealing,poor,401,128,128,128,46.18,44.98,123.36,False,1.0266785237883505
quality_4_6_scatter_1,scatter,4,6,annealing,poor,409,128,128,128,44.98,44.98,123.36,True,1.0
quality_4_6_scatter_1,scatter,4,6,annealing,poor,419,128,128,128,44.98,44.98,123.36,True,1.0
quality_4_6_scatter_1,scatter,4,6,annealing,poor,421,128,128,128,44.98,44.98,123.36,True,1.0
quality_4_6_scatter_1,scatter,4,6,annealing,poor,401,512,512,512,46.18,44.98,123.36,False,1.0266785237883505
quality_4_6_scatter_1,scatter,4,6,annealing,poor,409,512,512,512,44.98,44.98,123.36,True,1.0
quality_4_6_scatter_1,scatter,4,6,annealing,poor,419,512,512,512,44.98,44.98,123.36,True,1.0
quality_4_6_scatter_1,scatter,4,6,annealing,poor,421,512,512,512,44.98,44.98,123.36,True,1.0
quality_4_6_scatter_1,scatter,4,6,multistart_greedy,poor,401,32,32,32,44.98,44.98,123.36,True,1.0
quality_4_6_scatter_1,scatter,4,6,multistart_greedy,poor,409,32,32,32,44.98,44.98,123.36,True,1.0
quality_4_6_scatter_1,scatter,4,6,multistart_greedy,poor,419,32,32,32,44.98,44.98,123.36,True,1.0
quality_4_6_scatter_1,scatter,4,6,multistart_greedy,poor,421,32,32,32,44.98,44.98,123.36,True,1.0
quality_4_6_scatter_1,scatter,4,6,multistart_greedy,poor,401,128,128,128,44.98,44.98,123.36,True,1.0
quality_4_6_scatter_1,scatter,4,6,multistart_greedy,poor,409,128,128,128,44.98,44.98,123.36,True,1.0
quality_4_6_scatter_1,scatter,4,6,multistart_greedy,poor,419,128,128,128,44.98,44.98,123.36,True,1.0
quality_4_6_scatter_1,scatter,4,6,multistart_greedy,poor,421,128,128,128,44.98,44.98,123.36,True,1.0
quality_4_6_scatter_1,scatter,4,6,multistart_greedy,poor,401,512,512,512,44.98,44.98,123.36,True,1.0
quality_4_6_scatter_1,scatter,4,6,multistart_greedy,poor,409,512,512,512,44.98,44.98,123.36,True,1.0
quality_4_6_scatter_1,scatter,4,6,multistart_greedy,poor,419,512,512,512,44.98,44.98,123.36,True,1.0
quality_4_6_scatter_1,scatter,4,6,multistart_greedy,poor,421,512,512,512,44.98,44.98,123.36,True,1.0
quality_4_6_scatter_1,scatter,4,6,uniform,random,401,32,32,32,54.03,44.98,75.45,False,1.2012005335704758
quality_4_6_scatter_1,scatter,4,6,uniform,random,409,32,32,32,44.98,44.98,75.45,True,1.0
quality_4_6_scatter_1,scatter,4,6,uniform,random,419,32,32,32,51.63000000000001,44.98,75.45,False,1.1478434859937754
quality_4_6_scatter_1,scatter,4,6,uniform,random,421,32,32,32,47.129999999999995,44.98,75.45,False,1.047799021787461
quality_4_6_scatter_1,scatter,4,6,uniform,random,401,128,128,128,46.18,44.98,75.45,False,1.0266785237883505
quality_4_6_scatter_1,scatter,4,6,uniform,random,409,128,128,128,44.98,44.98,75.45,True,1.0
quality_4_6_scatter_1,scatter,4,6,uniform,random,419,128,128,128,47.129999999999995,44.98,75.45,False,1.047799021787461
quality_4_6_scatter_1,scatter,4,6,uniform,random,421,128,128,128,44.98,44.98,75.45,True,1.0
quality_4_6_scatter_1,scatter,4,6,uniform,random,401,512,512,512,44.98,44.98,75.45,True,1.0
quality_4_6_scatter_1,scatter,4,6,uniform,random,409,512,512,512,44.98,44.98,75.45,True,1.0
quality_4_6_scatter_1,scatter,4,6,uniform,random,419,512,512,512,44.98,44.98,75.45,True,1.0
quality_4_6_scatter_1,scatter,4,6,uniform,random,421,512,512,512,44.98,44.98,75.45,True,1.0
quality_4_6_scatter_1,scatter,4,6,annealing,random,401,32,32,32,46.18,44.98,75.45,False,1.0266785237883505
quality_4_6_scatter_1,scatter,4,6,annealing,random,409,32,32,32,45.93,44.98,75.45,False,1.0211204979991109
quality_4_6_scatter_1,scatter,4,6,annealing,random,419,32,32,32,44.98,44.98,75.45,True,1.0
quality_4_6_scatter_1,scatter,4,6,annealing,random,421,32,32,32,44.98,44.98,75.45,True,1.0
quality_4_6_scatter_1,scatter,4,6,annealing,random,401,128,128,128,46.18,44.98,75.45,False,1.0266785237883505
quality_4_6_scatter_1,scatter,4,6,annealing,random,409,128,128,128,44.98,44.98,75.45,True,1.0
quality_4_6_scatter_1,scatter,4,6,annealing,random,419,128,128,128,44.98,44.98,75.45,True,1.0
quality_4_6_scatter_1,scatter,4,6,annealing,random,421,128,128,128,44.98,44.98,75.45,True,1.0
quality_4_6_scatter_1,scatter,4,6,annealing,random,401,512,512,512,46.18,44.98,75.45,False,1.0266785237883505
quality_4_6_scatter_1,scatter,4,6,annealing,random,409,512,512,512,44.98,44.98,75.45,True,1.0
quality_4_6_scatter_1,scatter,4,6,annealing,random,419,512,512,512,46.18,44.98,75.45,False,1.0266785237883505
quality_4_6_scatter_1,scatter,4,6,annealing,random,421,512,512,512,44.98,44.98,75.45,True,1.0
quality_4_6_scatter_1,scatter,4,6,multistart_greedy,random,401,32,32,32,52.63,44.98,75.45,False,1.1700755891507337
quality_4_6_scatter_1,scatter,4,6,multistart_greedy,random,409,32,32,32,52.63,44.98,75.45,False,1.1700755891507337
quality_4_6_scatter_1,scatter,4,6,multistart_greedy,random,419,32,32,32,52.63,44.98,75.45,False,1.1700755891507337
quality_4_6_scatter_1,scatter,4,6,multistart_greedy,random,421,32,32,32,52.63,44.98,75.45,False,1.1700755891507337
quality_4_6_scatter_1,scatter,4,6,multistart_greedy,random,401,128,128,128,44.98,44.98,75.45,True,1.0
quality_4_6_scatter_1,scatter,4,6,multistart_greedy,random,409,128,128,128,44.98,44.98,75.45,True,1.0
quality_4_6_scatter_1,scatter,4,6,multistart_greedy,random,419,128,128,128,44.98,44.98,75.45,True,1.0
quality_4_6_scatter_1,scatter,4,6,multistart_greedy,random,421,128,128,128,44.98,44.98,75.45,True,1.0
quality_4_6_scatter_1,scatter,4,6,multistart_greedy,random,401,512,512,512,44.98,44.98,75.45,True,1.0
quality_4_6_scatter_1,scatter,4,6,multistart_greedy,random,409,512,512,512,44.98,44.98,75.45,True,1.0
quality_4_6_scatter_1,scatter,4,6,multistart_greedy,random,419,512,512,512,44.98,44.98,75.45,True,1.0
quality_4_6_scatter_1,scatter,4,6,multistart_greedy,random,421,512,512,512,44.98,44.98,75.45,True,1.0
quality_4_6_scatter_2,scatter,4,6,uniform,deterministic,401,32,32,32,56.29,51.489999999999995,69.18,False,1.0932219848514275
quality_4_6_scatter_2,scatter,4,6,uniform,deterministic,409,32,32,32,53.00999999999999,51.489999999999995,69.18,False,1.0295202952029519
quality_4_6_scatter_2,scatter,4,6,uniform,deterministic,419,32,32,32,56.29,51.489999999999995,69.18,False,1.0932219848514275
quality_4_6_scatter_2,scatter,4,6,uniform,deterministic,421,32,32,32,51.91,51.489999999999995,69.18,False,1.0081569236744998
quality_4_6_scatter_2,scatter,4,6,uniform,deterministic,401,128,128,128,52.620000000000005,51.489999999999995,69.18,False,1.0219460089337737
quality_4_6_scatter_2,scatter,4,6,uniform,deterministic,409,128,128,128,51.489999999999995,51.489999999999995,69.18,True,1.0
quality_4_6_scatter_2,scatter,4,6,uniform,deterministic,419,128,128,128,52.620000000000005,51.489999999999995,69.18,False,1.0219460089337737
quality_4_6_scatter_2,scatter,4,6,uniform,deterministic,421,128,128,128,51.489999999999995,51.489999999999995,69.18,True,1.0
quality_4_6_scatter_2,scatter,4,6,uniform,deterministic,401,512,512,512,51.61000000000001,51.489999999999995,69.18,False,1.002330549621286
quality_4_6_scatter_2,scatter,4,6,uniform,deterministic,409,512,512,512,51.489999999999995,51.489999999999995,69.18,True,1.0
quality_4_6_scatter_2,scatter,4,6,uniform,deterministic,419,512,512,512,51.489999999999995,51.489999999999995,69.18,True,1.0
quality_4_6_scatter_2,scatter,4,6,uniform,deterministic,421,512,512,512,51.489999999999995,51.489999999999995,69.18,True,1.0
quality_4_6_scatter_2,scatter,4,6,annealing,deterministic,401,32,32,32,51.91,51.489999999999995,69.18,False,1.0081569236744998
quality_4_6_scatter_2,scatter,4,6,annealing,deterministic,409,32,32,32,52.1,51.489999999999995,69.18,False,1.011846960574869
quality_4_6_scatter_2,scatter,4,6,annealing,deterministic,419,32,32,32,52.43,51.489999999999995,69.18,False,1.0182559720334046
quality_4_6_scatter_2,scatter,4,6,annealing,deterministic,421,32,32,32,51.489999999999995,51.489999999999995,69.18,True,1.0
quality_4_6_scatter_2,scatter,4,6,annealing,deterministic,401,128,128,128,51.489999999999995,51.489999999999995,69.18,True,1.0
quality_4_6_scatter_2,scatter,4,6,annealing,deterministic,409,128,128,128,51.489999999999995,51.489999999999995,69.18,True,1.0
quality_4_6_scatter_2,scatter,4,6,annealing,deterministic,419,128,128,128,51.489999999999995,51.489999999999995,69.18,True,1.0
quality_4_6_scatter_2,scatter,4,6,annealing,deterministic,421,128,128,128,51.489999999999995,51.489999999999995,69.18,True,1.0
quality_4_6_scatter_2,scatter,4,6,annealing,deterministic,401,512,512,512,51.489999999999995,51.489999999999995,69.18,True,1.0
quality_4_6_scatter_2,scatter,4,6,annealing,deterministic,409,512,512,512,51.489999999999995,51.489999999999995,69.18,True,1.0
quality_4_6_scatter_2,scatter,4,6,annealing,deterministic,419,512,512,512,51.489999999999995,51.489999999999995,69.18,True,1.0
quality_4_6_scatter_2,scatter,4,6,annealing,deterministic,421,512,512,512,51.489999999999995,51.489999999999995,69.18,True,1.0
quality_4_6_scatter_2,scatter,4,6,multistart_greedy,deterministic,401,32,32,32,51.489999999999995,51.489999999999995,69.18,True,1.0
quality_4_6_scatter_2,scatter,4,6,multistart_greedy,deterministic,409,32,32,32,51.489999999999995,51.489999999999995,69.18,True,1.0
quality_4_6_scatter_2,scatter,4,6,multistart_greedy,deterministic,419,32,32,32,51.489999999999995,51.489999999999995,69.18,True,1.0
quality_4_6_scatter_2,scatter,4,6,multistart_greedy,deterministic,421,32,32,32,51.489999999999995,51.489999999999995,69.18,True,1.0
quality_4_6_scatter_2,scatter,4,6,multistart_greedy,deterministic,401,128,128,128,51.489999999999995,51.489999999999995,69.18,True,1.0
quality_4_6_scatter_2,scatter,4,6,multistart_greedy,deterministic,409,128,128,128,51.489999999999995,51.489999999999995,69.18,True,1.0
quality_4_6_scatter_2,scatter,4,6,multistart_greedy,deterministic,419,128,128,128,51.489999999999995,51.489999999999995,69.18,True,1.0
quality_4_6_scatter_2,scatter,4,6,multistart_greedy,deterministic,421,128,128,128,51.489999999999995,51.489999999999995,69.18,True,1.0
quality_4_6_scatter_2,scatter,4,6,multistart_greedy,deterministic,401,512,512,512,51.489999999999995,51.489999999999995,69.18,True,1.0
quality_4_6_scatter_2,scatter,4,6,multistart_greedy,deterministic,409,512,512,512,51.489999999999995,51.489999999999995,69.18,True,1.0
quality_4_6_scatter_2,scatter,4,6,multistart_greedy,deterministic,419,512,512,512,51.489999999999995,51.489999999999995,69.18,True,1.0
quality_4_6_scatter_2,scatter,4,6,multistart_greedy,deterministic,421,512,512,512,51.489999999999995,51.489999999999995,69.18,True,1.0
quality_4_6_scatter_2,scatter,4,6,uniform,poor,401,32,32,32,56.29,51.489999999999995,83.93,False,1.0932219848514275
quality_4_6_scatter_2,scatter,4,6,uniform,poor,409,32,32,32,53.00999999999999,51.489999999999995,83.93,False,1.0295202952029519
quality_4_6_scatter_2,scatter,4,6,uniform,poor,419,32,32,32,56.29,51.489999999999995,83.93,False,1.0932219848514275
quality_4_6_scatter_2,scatter,4,6,uniform,poor,421,32,32,32,51.91,51.489999999999995,83.93,False,1.0081569236744998
quality_4_6_scatter_2,scatter,4,6,uniform,poor,401,128,128,128,52.620000000000005,51.489999999999995,83.93,False,1.0219460089337737
quality_4_6_scatter_2,scatter,4,6,uniform,poor,409,128,128,128,51.489999999999995,51.489999999999995,83.93,True,1.0
quality_4_6_scatter_2,scatter,4,6,uniform,poor,419,128,128,128,52.620000000000005,51.489999999999995,83.93,False,1.0219460089337737
quality_4_6_scatter_2,scatter,4,6,uniform,poor,421,128,128,128,51.489999999999995,51.489999999999995,83.93,True,1.0
quality_4_6_scatter_2,scatter,4,6,uniform,poor,401,512,512,512,51.61000000000001,51.489999999999995,83.93,False,1.002330549621286
quality_4_6_scatter_2,scatter,4,6,uniform,poor,409,512,512,512,51.489999999999995,51.489999999999995,83.93,True,1.0
quality_4_6_scatter_2,scatter,4,6,uniform,poor,419,512,512,512,51.489999999999995,51.489999999999995,83.93,True,1.0
quality_4_6_scatter_2,scatter,4,6,uniform,poor,421,512,512,512,51.489999999999995,51.489999999999995,83.93,True,1.0
quality_4_6_scatter_2,scatter,4,6,annealing,poor,401,32,32,32,53.88999999999999,51.489999999999995,83.93,False,1.0466109924257136
quality_4_6_scatter_2,scatter,4,6,annealing,poor,409,32,32,32,57.849999999999994,51.489999999999995,83.93,False,1.1235191299281413
quality_4_6_scatter_2,scatter,4,6,annealing,poor,419,32,32,32,61.75000000000001,51.489999999999995,83.93,False,1.1992619926199264
quality_4_6_scatter_2,scatter,4,6,annealing,poor,421,32,32,32,51.489999999999995,51.489999999999995,83.93,True,1.0
quality_4_6_scatter_2,scatter,4,6,annealing,poor,401,128,128,128,51.489999999999995,51.489999999999995,83.93,True,1.0
quality_4_6_scatter_2,scatter,4,6,annealing,poor,409,128,128,128,51.489999999999995,51.489999999999995,83.93,True,1.0
quality_4_6_scatter_2,scatter,4,6,annealing,poor,419,128,128,128,51.489999999999995,51.489999999999995,83.93,True,1.0
quality_4_6_scatter_2,scatter,4,6,annealing,poor,421,128,128,128,51.489999999999995,51.489999999999995,83.93,True,1.0
quality_4_6_scatter_2,scatter,4,6,annealing,poor,401,512,512,512,51.489999999999995,51.489999999999995,83.93,True,1.0
quality_4_6_scatter_2,scatter,4,6,annealing,poor,409,512,512,512,51.489999999999995,51.489999999999995,83.93,True,1.0
quality_4_6_scatter_2,scatter,4,6,annealing,poor,419,512,512,512,51.489999999999995,51.489999999999995,83.93,True,1.0
quality_4_6_scatter_2,scatter,4,6,annealing,poor,421,512,512,512,51.489999999999995,51.489999999999995,83.93,True,1.0
quality_4_6_scatter_2,scatter,4,6,multistart_greedy,poor,401,32,32,32,51.489999999999995,51.489999999999995,83.93,True,1.0
quality_4_6_scatter_2,scatter,4,6,multistart_greedy,poor,409,32,32,32,51.489999999999995,51.489999999999995,83.93,True,1.0
quality_4_6_scatter_2,scatter,4,6,multistart_greedy,poor,419,32,32,32,51.489999999999995,51.489999999999995,83.93,True,1.0
quality_4_6_scatter_2,scatter,4,6,multistart_greedy,poor,421,32,32,32,51.489999999999995,51.489999999999995,83.93,True,1.0
quality_4_6_scatter_2,scatter,4,6,multistart_greedy,poor,401,128,128,128,51.489999999999995,51.489999999999995,83.93,True,1.0
quality_4_6_scatter_2,scatter,4,6,multistart_greedy,poor,409,128,128,128,51.489999999999995,51.489999999999995,83.93,True,1.0
quality_4_6_scatter_2,scatter,4,6,multistart_greedy,poor,419,128,128,128,51.489999999999995,51.489999999999995,83.93,True,1.0
quality_4_6_scatter_2,scatter,4,6,multistart_greedy,poor,421,128,128,128,51.489999999999995,51.489999999999995,83.93,True,1.0
quality_4_6_scatter_2,scatter,4,6,multistart_greedy,poor,401,512,512,512,51.489999999999995,51.489999999999995,83.93,True,1.0
quality_4_6_scatter_2,scatter,4,6,multistart_greedy,poor,409,512,512,512,51.489999999999995,51.489999999999995,83.93,True,1.0
quality_4_6_scatter_2,scatter,4,6,multistart_greedy,poor,419,512,512,512,51.489999999999995,51.489999999999995,83.93,True,1.0
quality_4_6_scatter_2,scatter,4,6,multistart_greedy,poor,421,512,512,512,51.489999999999995,51.489999999999995,83.93,True,1.0
quality_4_6_scatter_2,scatter,4,6,uniform,random,401,32,32,32,56.29,51.489999999999995,78.56,False,1.0932219848514275
quality_4_6_scatter_2,scatter,4,6,uniform,random,409,32,32,32,53.00999999999999,51.489999999999995,78.56,False,1.0295202952029519
quality_4_6_scatter_2,scatter,4,6,uniform,random,419,32,32,32,56.29,51.489999999999995,78.56,False,1.0932219848514275
quality_4_6_scatter_2,scatter,4,6,uniform,random,421,32,32,32,51.91,51.489999999999995,78.56,False,1.0081569236744998
quality_4_6_scatter_2,scatter,4,6,uniform,random,401,128,128,128,52.620000000000005,51.489999999999995,78.56,False,1.0219460089337737
quality_4_6_scatter_2,scatter,4,6,uniform,random,409,128,128,128,51.489999999999995,51.489999999999995,78.56,True,1.0
quality_4_6_scatter_2,scatter,4,6,uniform,random,419,128,128,128,52.620000000000005,51.489999999999995,78.56,False,1.0219460089337737
quality_4_6_scatter_2,scatter,4,6,uniform,random,421,128,128,128,51.489999999999995,51.489999999999995,78.56,True,1.0
quality_4_6_scatter_2,scatter,4,6,uniform,random,401,512,512,512,51.61000000000001,51.489999999999995,78.56,False,1.002330549621286
quality_4_6_scatter_2,scatter,4,6,uniform,random,409,512,512,512,51.489999999999995,51.489999999999995,78.56,True,1.0
quality_4_6_scatter_2,scatter,4,6,uniform,random,419,512,512,512,51.489999999999995,51.489999999999995,78.56,True,1.0
quality_4_6_scatter_2,scatter,4,6,uniform,random,421,512,512,512,51.489999999999995,51.489999999999995,78.56,True,1.0
quality_4_6_scatter_2,scatter,4,6,annealing,random,401,32,32,32,51.91,51.489999999999995,78.56,False,1.0081569236744998
quality_4_6_scatter_2,scatter,4,6,annealing,random,409,32,32,32,52.1,51.489999999999995,78.56,False,1.011846960574869
quality_4_6_scatter_2,scatter,4,6,annealing,random,419,32,32,32,52.43,51.489999999999995,78.56,False,1.0182559720334046
quality_4_6_scatter_2,scatter,4,6,annealing,random,421,32,32,32,51.489999999999995,51.489999999999995,78.56,True,1.0
quality_4_6_scatter_2,scatter,4,6,annealing,random,401,128,128,128,51.489999999999995,51.489999999999995,78.56,True,1.0
quality_4_6_scatter_2,scatter,4,6,annealing,random,409,128,128,128,51.489999999999995,51.489999999999995,78.56,True,1.0
quality_4_6_scatter_2,scatter,4,6,annealing,random,419,128,128,128,51.489999999999995,51.489999999999995,78.56,True,1.0
quality_4_6_scatter_2,scatter,4,6,annealing,random,421,128,128,128,51.489999999999995,51.489999999999995,78.56,True,1.0
quality_4_6_scatter_2,scatter,4,6,annealing,random,401,512,512,512,51.489999999999995,51.489999999999995,78.56,True,1.0
quality_4_6_scatter_2,scatter,4,6,annealing,random,409,512,512,512,51.489999999999995,51.489999999999995,78.56,True,1.0
quality_4_6_scatter_2,scatter,4,6,annealing,random,419,512,512,512,51.489999999999995,51.489999999999995,78.56,True,1.0
quality_4_6_scatter_2,scatter,4,6,annealing,random,421,512,512,512,51.489999999999995,51.489999999999995,78.56,True,1.0
quality_4_6_scatter_2,scatter,4,6,multistart_greedy,random,401,32,32,32,52.43,51.489999999999995,78.56,False,1.0182559720334046
quality_4_6_scatter_2,scatter,4,6,multistart_greedy,random,409,32,32,32,52.43,51.489999999999995,78.56,False,1.0182559720334046
quality_4_6_scatter_2,scatter,4,6,multistart_greedy,random,419,32,32,32,52.43,51.489999999999995,78.56,False,1.0182559720334046
quality_4_6_scatter_2,scatter,4,6,multistart_greedy,random,421,32,32,32,52.43,51.489999999999995,78.56,False,1.0182559720334046
quality_4_6_scatter_2,scatter,4,6,multistart_greedy,random,401,128,128,128,51.489999999999995,51.489999999999995,78.56,True,1.0
quality_4_6_scatter_2,scatter,4,6,multistart_greedy,random,409,128,128,128,51.489999999999995,51.489999999999995,78.56,True,1.0
quality_4_6_scatter_2,scatter,4,6,multistart_greedy,random,419,128,128,128,51.489999999999995,51.489999999999995,78.56,True,1.0
quality_4_6_scatter_2,scatter,4,6,multistart_greedy,random,421,128,128,128,51.489999999999995,51.489999999999995,78.56,True,1.0
quality_4_6_scatter_2,scatter,4,6,multistart_greedy,random,401,512,512,512,51.489999999999995,51.489999999999995,78.56,True,1.0
quality_4_6_scatter_2,scatter,4,6,multistart_greedy,random,409,512,512,512,51.489999999999995,51.489999999999995,78.56,True,1.0
quality_4_6_scatter_2,scatter,4,6,multistart_greedy,random,419,512,512,512,51.489999999999995,51.489999999999995,78.56,True,1.0
quality_4_6_scatter_2,scatter,4,6,multistart_greedy,random,421,512,512,512,51.489999999999995,51.489999999999995,78.56,True,1.0
quality_4_6_scatter_3,scatter,4,6,uniform,deterministic,401,32,32,32,34.65,29.15,84.06,False,1.1886792452830188
quality_4_6_scatter_3,scatter,4,6,uniform,deterministic,409,32,32,32,41.8,29.15,84.06,False,1.4339622641509433
quality_4_6_scatter_3,scatter,4,6,uniform,deterministic,419,32,32,32,36.49999999999999,29.15,84.06,False,1.2521440823327614
quality_4_6_scatter_3,scatter,4,6,uniform,deterministic,421,32,32,32,35.6,29.15,84.06,False,1.221269296740995
quality_4_6_scatter_3,scatter,4,6,uniform,deterministic,401,128,128,128,30.139999999999997,29.15,84.06,False,1.0339622641509434
quality_4_6_scatter_3,scatter,4,6,uniform,deterministic,409,128,128,128,31.99,29.15,84.06,False,1.0974271012006862
quality_4_6_scatter_3,scatter,4,6,uniform,deterministic,419,128,128,128,31.269999999999996,29.15,84.06,False,1.0727272727272728
quality_4_6_scatter_3,scatter,4,6,uniform,deterministic,421,128,128,128,31.99,29.15,84.06,False,1.0974271012006862
quality_4_6_scatter_3,scatter,4,6,uniform,deterministic,401,512,512,512,29.15,29.15,84.06,True,1.0
quality_4_6_scatter_3,scatter,4,6,uniform,deterministic,409,512,512,512,29.15,29.15,84.06,True,1.0
quality_4_6_scatter_3,scatter,4,6,uniform,deterministic,419,512,512,512,29.15,29.15,84.06,True,1.0
quality_4_6_scatter_3,scatter,4,6,uniform,deterministic,421,512,512,512,29.15,29.15,84.06,True,1.0
quality_4_6_scatter_3,scatter,4,6,annealing,deterministic,401,32,32,32,33.879999999999995,29.15,84.06,False,1.1622641509433962
quality_4_6_scatter_3,scatter,4,6,annealing,deterministic,409,32,32,32,31.269999999999996,29.15,84.06,False,1.0727272727272728
quality_4_6_scatter_3,scatter,4,6,annealing,deterministic,419,32,32,32,35.269999999999996,29.15,84.06,False,1.2099485420240137
quality_4_6_scatter_3,scatter,4,6,annealing,deterministic,421,32,32,32,35.6,29.15,84.06,False,1.221269296740995
quality_4_6_scatter_3,scatter,4,6,annealing,deterministic,401,128,128,128,33.879999999999995,29.15,84.06,False,1.1622641509433962
quality_4_6_scatter_3,scatter,4,6,annealing,deterministic,409,128,128,128,29.15,29.15,84.06,True,1.0
quality_4_6_scatter_3,scatter,4,6,annealing,deterministic,419,128,128,128,33.879999999999995,29.15,84.06,False,1.1622641509433962
quality_4_6_scatter_3,scatter,4,6,annealing,deterministic,421,128,128,128,34.589999999999996,29.15,84.06,False,1.1866209262435676
quality_4_6_scatter_3,scatter,4,6,annealing,deterministic,401,512,512,512,33.879999999999995,29.15,84.06,False,1.1622641509433962
quality_4_6_scatter_3,scatter,4,6,annealing,deterministic,409,512,512,512,29.15,29.15,84.06,True,1.0
quality_4_6_scatter_3,scatter,4,6,annealing,deterministic,419,512,512,512,33.879999999999995,29.15,84.06,False,1.1622641509433962
quality_4_6_scatter_3,scatter,4,6,annealing,deterministic,421,512,512,512,29.15,29.15,84.06,True,1.0
quality_4_6_scatter_3,scatter,4,6,multistart_greedy,deterministic,401,32,32,32,31.99,29.15,84.06,False,1.0974271012006862
quality_4_6_scatter_3,scatter,4,6,multistart_greedy,deterministic,409,32,32,32,31.99,29.15,84.06,False,1.0974271012006862
quality_4_6_scatter_3,scatter,4,6,multistart_greedy,deterministic,419,32,32,32,31.99,29.15,84.06,False,1.0974271012006862
quality_4_6_scatter_3,scatter,4,6,multistart_greedy,deterministic,421,32,32,32,31.99,29.15,84.06,False,1.0974271012006862
quality_4_6_scatter_3,scatter,4,6,multistart_greedy,deterministic,401,128,128,128,29.15,29.15,84.06,True,1.0
quality_4_6_scatter_3,scatter,4,6,multistart_greedy,deterministic,409,128,128,128,29.15,29.15,84.06,True,1.0
quality_4_6_scatter_3,scatter,4,6,multistart_greedy,deterministic,419,128,128,128,29.15,29.15,84.06,True,1.0
quality_4_6_scatter_3,scatter,4,6,multistart_greedy,deterministic,421,128,128,128,29.15,29.15,84.06,True,1.0
quality_4_6_scatter_3,scatter,4,6,multistart_greedy,deterministic,401,512,512,512,29.15,29.15,84.06,True,1.0
quality_4_6_scatter_3,scatter,4,6,multistart_greedy,deterministic,409,512,512,512,29.15,29.15,84.06,True,1.0
quality_4_6_scatter_3,scatter,4,6,multistart_greedy,deterministic,419,512,512,512,29.15,29.15,84.06,True,1.0
quality_4_6_scatter_3,scatter,4,6,multistart_greedy,deterministic,421,512,512,512,29.15,29.15,84.06,True,1.0
quality_4_6_scatter_3,scatter,4,6,uniform,poor,401,32,32,32,34.65,29.15,99.51,False,1.1886792452830188
quality_4_6_scatter_3,scatter,4,6,uniform,poor,409,32,32,32,41.8,29.15,99.51,False,1.4339622641509433
quality_4_6_scatter_3,scatter,4,6,uniform,poor,419,32,32,32,36.49999999999999,29.15,99.51,False,1.2521440823327614
quality_4_6_scatter_3,scatter,4,6,uniform,poor,421,32,32,32,35.6,29.15,99.51,False,1.221269296740995
quality_4_6_scatter_3,scatter,4,6,uniform,poor,401,128,128,128,30.139999999999997,29.15,99.51,False,1.0339622641509434
quality_4_6_scatter_3,scatter,4,6,uniform,poor,409,128,128,128,31.99,29.15,99.51,False,1.0974271012006862
quality_4_6_scatter_3,scatter,4,6,uniform,poor,419,128,128,128,31.269999999999996,29.15,99.51,False,1.0727272727272728
quality_4_6_scatter_3,scatter,4,6,uniform,poor,421,128,128,128,31.99,29.15,99.51,False,1.0974271012006862
quality_4_6_scatter_3,scatter,4,6,uniform,poor,401,512,512,512,29.15,29.15,99.51,True,1.0
quality_4_6_scatter_3,scatter,4,6,uniform,poor,409,512,512,512,29.15,29.15,99.51,True,1.0
quality_4_6_scatter_3,scatter,4,6,uniform,poor,419,512,512,512,29.15,29.15,99.51,True,1.0
quality_4_6_scatter_3,scatter,4,6,uniform,poor,421,512,512,512,29.15,29.15,99.51,True,1.0
quality_4_6_scatter_3,scatter,4,6,annealing,poor,401,32,32,32,36.49,29.15,99.51,False,1.2518010291595199
quality_4_6_scatter_3,scatter,4,6,annealing,poor,409,32,32,32,31.269999999999996,29.15,99.51,False,1.0727272727272728
quality_4_6_scatter_3,scatter,4,6,annealing,poor,419,32,32,32,36.49,29.15,99.51,False,1.2518010291595199
quality_4_6_scatter_3,scatter,4,6,annealing,poor,421,32,32,32,35.6,29.15,99.51,False,1.221269296740995
quality_4_6_scatter_3,scatter,4,6,annealing,poor,401,128,128,128,29.15,29.15,99.51,True,1.0
quality_4_6_scatter_3,scatter,4,6,annealing,poor,409,128,128,128,29.15,29.15,99.51,True,1.0
quality_4_6_scatter_3,scatter,4,6,annealing,poor,419,128,128,128,29.15,29.15,99.51,True,1.0
quality_4_6_scatter_3,scatter,4,6,annealing,poor,421,128,128,128,34.589999999999996,29.15,99.51,False,1.1866209262435676
quality_4_6_scatter_3,scatter,4,6,annealing,poor,401,512,512,512,29.15,29.15,99.51,True,1.0
quality_4_6_scatter_3,scatter,4,6,annealing,poor,409,512,512,512,29.15,29.15,99.51,True,1.0
quality_4_6_scatter_3,scatter,4,6,annealing,poor,419,512,512,512,33.879999999999995,29.15,99.51,False,1.1622641509433962
quality_4_6_scatter_3,scatter,4,6,annealing,poor,421,512,512,512,29.15,29.15,99.51,True,1.0
quality_4_6_scatter_3,scatter,4,6,multistart_greedy,poor,401,32,32,32,31.99,29.15,99.51,False,1.0974271012006862
quality_4_6_scatter_3,scatter,4,6,multistart_greedy,poor,409,32,32,32,31.99,29.15,99.51,False,1.0974271012006862
quality_4_6_scatter_3,scatter,4,6,multistart_greedy,poor,419,32,32,32,31.99,29.15,99.51,False,1.0974271012006862
quality_4_6_scatter_3,scatter,4,6,multistart_greedy,poor,421,32,32,32,31.99,29.15,99.51,False,1.0974271012006862
quality_4_6_scatter_3,scatter,4,6,multistart_greedy,poor,401,128,128,128,29.15,29.15,99.51,True,1.0
quality_4_6_scatter_3,scatter,4,6,multistart_greedy,poor,409,128,128,128,29.15,29.15,99.51,True,1.0
quality_4_6_scatter_3,scatter,4,6,multistart_greedy,poor,419,128,128,128,29.15,29.15,99.51,True,1.0
quality_4_6_scatter_3,scatter,4,6,multistart_greedy,poor,421,128,128,128,29.15,29.15,99.51,True,1.0
quality_4_6_scatter_3,scatter,4,6,multistart_greedy,poor,401,512,512,512,29.15,29.15,99.51,True,1.0
quality_4_6_scatter_3,scatter,4,6,multistart_greedy,poor,409,512,512,512,29.15,29.15,99.51,True,1.0
quality_4_6_scatter_3,scatter,4,6,multistart_greedy,poor,419,512,512,512,29.15,29.15,99.51,True,1.0
quality_4_6_scatter_3,scatter,4,6,multistart_greedy,poor,421,512,512,512,29.15,29.15,99.51,True,1.0
quality_4_6_scatter_3,scatter,4,6,uniform,random,401,32,32,32,34.65,29.15,53.14999999999999,False,1.1886792452830188
quality_4_6_scatter_3,scatter,4,6,uniform,random,409,32,32,32,41.8,29.15,53.14999999999999,False,1.4339622641509433
quality_4_6_scatter_3,scatter,4,6,uniform,random,419,32,32,32,36.49999999999999,29.15,53.14999999999999,False,1.2521440823327614
quality_4_6_scatter_3,scatter,4,6,uniform,random,421,32,32,32,35.6,29.15,53.14999999999999,False,1.221269296740995
quality_4_6_scatter_3,scatter,4,6,uniform,random,401,128,128,128,30.139999999999997,29.15,53.14999999999999,False,1.0339622641509434
quality_4_6_scatter_3,scatter,4,6,uniform,random,409,128,128,128,31.99,29.15,53.14999999999999,False,1.0974271012006862
quality_4_6_scatter_3,scatter,4,6,uniform,random,419,128,128,128,31.269999999999996,29.15,53.14999999999999,False,1.0727272727272728
quality_4_6_scatter_3,scatter,4,6,uniform,random,421,128,128,128,31.99,29.15,53.14999999999999,False,1.0974271012006862
quality_4_6_scatter_3,scatter,4,6,uniform,random,401,512,512,512,29.15,29.15,53.14999999999999,True,1.0
quality_4_6_scatter_3,scatter,4,6,uniform,random,409,512,512,512,29.15,29.15,53.14999999999999,True,1.0
quality_4_6_scatter_3,scatter,4,6,uniform,random,419,512,512,512,29.15,29.15,53.14999999999999,True,1.0
quality_4_6_scatter_3,scatter,4,6,uniform,random,421,512,512,512,29.15,29.15,53.14999999999999,True,1.0
quality_4_6_scatter_3,scatter,4,6,annealing,random,401,32,32,32,33.879999999999995,29.15,53.14999999999999,False,1.1622641509433962
quality_4_6_scatter_3,scatter,4,6,annealing,random,409,32,32,32,33.879999999999995,29.15,53.14999999999999,False,1.1622641509433962
quality_4_6_scatter_3,scatter,4,6,annealing,random,419,32,32,32,39.129999999999995,29.15,53.14999999999999,False,1.3423670668953687
quality_4_6_scatter_3,scatter,4,6,annealing,random,421,32,32,32,29.15,29.15,53.14999999999999,True,1.0
quality_4_6_scatter_3,scatter,4,6,annealing,random,401,128,128,128,33.879999999999995,29.15,53.14999999999999,False,1.1622641509433962
quality_4_6_scatter_3,scatter,4,6,annealing,random,409,128,128,128,33.879999999999995,29.15,53.14999999999999,False,1.1622641509433962
quality_4_6_scatter_3,scatter,4,6,annealing,random,419,128,128,128,37.89,29.15,53.14999999999999,False,1.2998284734133791
quality_4_6_scatter_3,scatter,4,6,annealing,random,421,128,128,128,29.15,29.15,53.14999999999999,True,1.0
quality_4_6_scatter_3,scatter,4,6,annealing,random,401,512,512,512,33.879999999999995,29.15,53.14999999999999,False,1.1622641509433962
quality_4_6_scatter_3,scatter,4,6,annealing,random,409,512,512,512,33.879999999999995,29.15,53.14999999999999,False,1.1622641509433962
quality_4_6_scatter_3,scatter,4,6,annealing,random,419,512,512,512,33.879999999999995,29.15,53.14999999999999,False,1.1622641509433962
quality_4_6_scatter_3,scatter,4,6,annealing,random,421,512,512,512,29.15,29.15,53.14999999999999,True,1.0
quality_4_6_scatter_3,scatter,4,6,multistart_greedy,random,401,32,32,32,33.879999999999995,29.15,53.14999999999999,False,1.1622641509433962
quality_4_6_scatter_3,scatter,4,6,multistart_greedy,random,409,32,32,32,33.879999999999995,29.15,53.14999999999999,False,1.1622641509433962
quality_4_6_scatter_3,scatter,4,6,multistart_greedy,random,419,32,32,32,33.879999999999995,29.15,53.14999999999999,False,1.1622641509433962
quality_4_6_scatter_3,scatter,4,6,multistart_greedy,random,421,32,32,32,33.879999999999995,29.15,53.14999999999999,False,1.1622641509433962
quality_4_6_scatter_3,scatter,4,6,multistart_greedy,random,401,128,128,128,33.879999999999995,29.15,53.14999999999999,False,1.1622641509433962
quality_4_6_scatter_3,scatter,4,6,multistart_greedy,random,409,128,128,128,29.15,29.15,53.14999999999999,True,1.0
quality_4_6_scatter_3,scatter,4,6,multistart_greedy,random,419,128,128,128,29.15,29.15,53.14999999999999,True,1.0
quality_4_6_scatter_3,scatter,4,6,multistart_greedy,random,421,128,128,128,29.15,29.15,53.14999999999999,True,1.0
quality_4_6_scatter_3,scatter,4,6,multistart_greedy,random,401,512,512,512,29.15,29.15,53.14999999999999,True,1.0
quality_4_6_scatter_3,scatter,4,6,multistart_greedy,random,409,512,512,512,29.15,29.15,53.14999999999999,True,1.0
quality_4_6_scatter_3,scatter,4,6,multistart_greedy,random,419,512,512,512,29.15,29.15,53.14999999999999,True,1.0
quality_4_6_scatter_3,scatter,4,6,multistart_greedy,random,421,512,512,512,29.15,29.15,53.14999999999999,True,1.0
quality_5_8_compact_0,compact,5,8,uniform,deterministic,401,32,32,32,26.019999999999996,22.14,31.340000000000003,False,1.1752484191508579
quality_5_8_compact_0,compact,5,8,uniform,deterministic,409,32,32,32,25.1,22.14,31.340000000000003,False,1.1336946702800361
quality_5_8_compact_0,compact,5,8,uniform,deterministic,419,32,32,32,22.14,22.14,31.340000000000003,True,1.0
quality_5_8_compact_0,compact,5,8,uniform,deterministic,421,32,32,32,22.92,22.14,31.340000000000003,False,1.0352303523035231
quality_5_8_compact_0,compact,5,8,uniform,deterministic,401,128,128,128,22.14,22.14,31.340000000000003,True,1.0
quality_5_8_compact_0,compact,5,8,uniform,deterministic,409,128,128,128,22.4,22.14,31.340000000000003,False,1.011743450767841
quality_5_8_compact_0,compact,5,8,uniform,deterministic,419,128,128,128,22.14,22.14,31.340000000000003,True,1.0
quality_5_8_compact_0,compact,5,8,uniform,deterministic,421,128,128,128,22.92,22.14,31.340000000000003,False,1.0352303523035231
quality_5_8_compact_0,compact,5,8,uniform,deterministic,401,512,512,512,22.14,22.14,31.340000000000003,True,1.0
quality_5_8_compact_0,compact,5,8,uniform,deterministic,409,512,512,512,22.14,22.14,31.340000000000003,True,1.0
quality_5_8_compact_0,compact,5,8,uniform,deterministic,419,512,512,512,22.14,22.14,31.340000000000003,True,1.0
quality_5_8_compact_0,compact,5,8,uniform,deterministic,421,512,512,512,22.209999999999997,22.14,31.340000000000003,False,1.0031616982836493
quality_5_8_compact_0,compact,5,8,annealing,deterministic,401,32,32,32,22.33,22.14,31.340000000000003,False,1.0085817524841914
quality_5_8_compact_0,compact,5,8,annealing,deterministic,409,32,32,32,22.61,22.14,31.340000000000003,False,1.0212285456187895
quality_5_8_compact_0,compact,5,8,annealing,deterministic,419,32,32,32,22.459999999999997,22.14,31.340000000000003,False,1.0144534778681118
quality_5_8_compact_0,compact,5,8,annealing,deterministic,421,32,32,32,26.4,22.14,31.340000000000003,False,1.192411924119241
quality_5_8_compact_0,compact,5,8,annealing,deterministic,401,128,128,128,22.209999999999997,22.14,31.340000000000003,False,1.0031616982836493
quality_5_8_compact_0,compact,5,8,annealing,deterministic,409,128,128,128,22.209999999999997,22.14,31.340000000000003,False,1.0031616982836493
quality_5_8_compact_0,compact,5,8,annealing,deterministic,419,128,128,128,22.209999999999997,22.14,31.340000000000003,False,1.0031616982836493
quality_5_8_compact_0,compact,5,8,annealing,deterministic,421,128,128,128,22.4,22.14,31.340000000000003,False,1.011743450767841
quality_5_8_compact_0,compact,5,8,annealing,deterministic,401,512,512,512,22.209999999999997,22.14,31.340000000000003,False,1.0031616982836493
quality_5_8_compact_0,compact,5,8,annealing,deterministic,409,512,512,512,22.209999999999997,22.14,31.340000000000003,False,1.0031616982836493
quality_5_8_compact_0,compact,5,8,annealing,deterministic,419,512,512,512,22.209999999999997,22.14,31.340000000000003,False,1.0031616982836493
quality_5_8_compact_0,compact,5,8,annealing,deterministic,421,512,512,512,22.4,22.14,31.340000000000003,False,1.011743450767841
quality_5_8_compact_0,compact,5,8,multistart_greedy,deterministic,401,32,32,32,23.009999999999998,22.14,31.340000000000003,False,1.0392953929539295
quality_5_8_compact_0,compact,5,8,multistart_greedy,deterministic,409,32,32,32,23.009999999999998,22.14,31.340000000000003,False,1.0392953929539295
quality_5_8_compact_0,compact,5,8,multistart_greedy,deterministic,419,32,32,32,23.009999999999998,22.14,31.340000000000003,False,1.0392953929539295
quality_5_8_compact_0,compact,5,8,multistart_greedy,deterministic,421,32,32,32,23.009999999999998,22.14,31.340000000000003,False,1.0392953929539295
quality_5_8_compact_0,compact,5,8,multistart_greedy,deterministic,401,128,128,128,22.209999999999997,22.14,31.340000000000003,False,1.0031616982836493
quality_5_8_compact_0,compact,5,8,multistart_greedy,deterministic,409,128,128,128,22.209999999999997,22.14,31.340000000000003,False,1.0031616982836493
quality_5_8_compact_0,compact,5,8,multistart_greedy,deterministic,419,128,128,128,22.209999999999997,22.14,31.340000000000003,False,1.0031616982836493
quality_5_8_compact_0,compact,5,8,multistart_greedy,deterministic,421,128,128,128,22.209999999999997,22.14,31.340000000000003,False,1.0031616982836493
quality_5_8_compact_0,compact,5,8,multistart_greedy,deterministic,401,512,512,512,22.14,22.14,31.340000000000003,True,1.0
quality_5_8_compact_0,compact,5,8,multistart_greedy,deterministic,409,512,512,512,22.209999999999997,22.14,31.340000000000003,False,1.0031616982836493
quality_5_8_compact_0,compact,5,8,multistart_greedy,deterministic,419,512,512,512,22.209999999999997,22.14,31.340000000000003,False,1.0031616982836493
quality_5_8_compact_0,compact,5,8,multistart_greedy,deterministic,421,512,512,512,22.209999999999997,22.14,31.340000000000003,False,1.0031616982836493
quality_5_8_compact_0,compact,5,8,uniform,poor,401,32,32,32,26.019999999999996,22.14,45.4,False,1.1752484191508579
quality_5_8_compact_0,compact,5,8,uniform,poor,409,32,32,32,25.1,22.14,45.4,False,1.1336946702800361
quality_5_8_compact_0,compact,5,8,uniform,poor,419,32,32,32,22.14,22.14,45.4,True,1.0
quality_5_8_compact_0,compact,5,8,uniform,poor,421,32,32,32,22.92,22.14,45.4,False,1.0352303523035231
quality_5_8_compact_0,compact,5,8,uniform,poor,401,128,128,128,22.14,22.14,45.4,True,1.0
quality_5_8_compact_0,compact,5,8,uniform,poor,409,128,128,128,22.4,22.14,45.4,False,1.011743450767841
quality_5_8_compact_0,compact,5,8,uniform,poor,419,128,128,128,22.14,22.14,45.4,True,1.0
quality_5_8_compact_0,compact,5,8,uniform,poor,421,128,128,128,22.92,22.14,45.4,False,1.0352303523035231
quality_5_8_compact_0,compact,5,8,uniform,poor,401,512,512,512,22.14,22.14,45.4,True,1.0
quality_5_8_compact_0,compact,5,8,uniform,poor,409,512,512,512,22.14,22.14,45.4,True,1.0
quality_5_8_compact_0,compact,5,8,uniform,poor,419,512,512,512,22.14,22.14,45.4,True,1.0
quality_5_8_compact_0,compact,5,8,uniform,poor,421,512,512,512,22.209999999999997,22.14,45.4,False,1.0031616982836493
quality_5_8_compact_0,compact,5,8,annealing,poor,401,32,32,32,22.63,22.14,45.4,False,1.0221318879855466
quality_5_8_compact_0,compact,5,8,annealing,poor,409,32,32,32,22.61,22.14,45.4,False,1.0212285456187895
quality_5_8_compact_0,compact,5,8,annealing,poor,419,32,32,32,23.59,22.14,45.4,False,1.0654923215898826
quality_5_8_compact_0,compact,5,8,annealing,poor,421,32,32,32,22.209999999999997,22.14,45.4,False,1.0031616982836493
quality_5_8_compact_0,compact,5,8,annealing,poor,401,128,128,128,22.209999999999997,22.14,45.4,False,1.0031616982836493
quality_5_8_compact_0,compact,5,8,annealing,poor,409,128,128,128,22.209999999999997,22.14,45.4,False,1.0031616982836493
quality_5_8_compact_0,compact,5,8,annealing,poor,419,128,128,128,22.14,22.14,45.4,True,1.0
quality_5_8_compact_0,compact,5,8,annealing,poor,421,128,128,128,22.209999999999997,22.14,45.4,False,1.0031616982836493
quality_5_8_compact_0,compact,5,8,annealing,poor,401,512,512,512,22.209999999999997,22.14,45.4,False,1.0031616982836493
quality_5_8_compact_0,compact,5,8,annealing,poor,409,512,512,512,22.209999999999997,22.14,45.4,False,1.0031616982836493
quality_5_8_compact_0,compact,5,8,annealing,poor,419,512,512,512,22.14,22.14,45.4,True,1.0
quality_5_8_compact_0,compact,5,8,annealing,poor,421,512,512,512,22.209999999999997,22.14,45.4,False,1.0031616982836493
quality_5_8_compact_0,compact,5,8,multistart_greedy,poor,401,32,32,32,23.289999999999996,22.14,45.4,False,1.0519421860885274
quality_5_8_compact_0,compact,5,8,multistart_greedy,poor,409,32,32,32,23.289999999999996,22.14,45.4,False,1.0519421860885274
quality_5_8_compact_0,compact,5,8,multistart_greedy,poor,419,32,32,32,23.289999999999996,22.14,45.4,False,1.0519421860885274
quality_5_8_compact_0,compact,5,8,multistart_greedy,poor,421,32,32,32,23.289999999999996,22.14,45.4,False,1.0519421860885274
quality_5_8_compact_0,compact,5,8,multistart_greedy,poor,401,128,128,128,22.209999999999997,22.14,45.4,False,1.0031616982836493
quality_5_8_compact_0,compact,5,8,multistart_greedy,poor,409,128,128,128,22.209999999999997,22.14,45.4,False,1.0031616982836493
quality_5_8_compact_0,compact,5,8,multistart_greedy,poor,419,128,128,128,22.209999999999997,22.14,45.4,False,1.0031616982836493
quality_5_8_compact_0,compact,5,8,multistart_greedy,poor,421,128,128,128,22.209999999999997,22.14,45.4,False,1.0031616982836493
quality_5_8_compact_0,compact,5,8,multistart_greedy,poor,401,512,512,512,22.14,22.14,45.4,True,1.0
quality_5_8_compact_0,compact,5,8,multistart_greedy,poor,409,512,512,512,22.209999999999997,22.14,45.4,False,1.0031616982836493
quality_5_8_compact_0,compact,5,8,multistart_greedy,poor,419,512,512,512,22.209999999999997,22.14,45.4,False,1.0031616982836493
quality_5_8_compact_0,compact,5,8,multistart_greedy,poor,421,512,512,512,22.14,22.14,45.4,True,1.0
quality_5_8_compact_0,compact,5,8,uniform,random,401,32,32,32,26.019999999999996,22.14,42.099999999999994,False,1.1752484191508579
quality_5_8_compact_0,compact,5,8,uniform,random,409,32,32,32,25.1,22.14,42.099999999999994,False,1.1336946702800361
quality_5_8_compact_0,compact,5,8,uniform,random,419,32,32,32,22.14,22.14,42.099999999999994,True,1.0
quality_5_8_compact_0,compact,5,8,uniform,random,421,32,32,32,22.92,22.14,42.099999999999994,False,1.0352303523035231
quality_5_8_compact_0,compact,5,8,uniform,random,401,128,128,128,22.14,22.14,42.099999999999994,True,1.0
quality_5_8_compact_0,compact,5,8,uniform,random,409,128,128,128,22.4,22.14,42.099999999999994,False,1.011743450767841
quality_5_8_compact_0,compact,5,8,uniform,random,419,128,128,128,22.14,22.14,42.099999999999994,True,1.0
quality_5_8_compact_0,compact,5,8,uniform,random,421,128,128,128,22.92,22.14,42.099999999999994,False,1.0352303523035231
quality_5_8_compact_0,compact,5,8,uniform,random,401,512,512,512,22.14,22.14,42.099999999999994,True,1.0
quality_5_8_compact_0,compact,5,8,uniform,random,409,512,512,512,22.14,22.14,42.099999999999994,True,1.0
quality_5_8_compact_0,compact,5,8,uniform,random,419,512,512,512,22.14,22.14,42.099999999999994,True,1.0
quality_5_8_compact_0,compact,5,8,uniform,random,421,512,512,512,22.209999999999997,22.14,42.099999999999994,False,1.0031616982836493
quality_5_8_compact_0,compact,5,8,annealing,random,401,32,32,32,22.33,22.14,42.099999999999994,False,1.0085817524841914
quality_5_8_compact_0,compact,5,8,annealing,random,409,32,32,32,24.669999999999998,22.14,42.099999999999994,False,1.1142728093947605
quality_5_8_compact_0,compact,5,8,annealing,random,419,32,32,32,23.59,22.14,42.099999999999994,False,1.0654923215898826
quality_5_8_compact_0,compact,5,8,annealing,random,421,32,32,32,22.14,22.14,42.099999999999994,True,1.0
quality_5_8_compact_0,compact,5,8,annealing,random,401,128,128,128,22.209999999999997,22.14,42.099999999999994,False,1.0031616982836493
quality_5_8_compact_0,compact,5,8,annealing,random,409,128,128,128,22.33,22.14,42.099999999999994,False,1.0085817524841914
quality_5_8_compact_0,compact,5,8,annealing,random,419,128,128,128,22.14,22.14,42.099999999999994,True,1.0
quality_5_8_compact_0,compact,5,8,annealing,random,421,128,128,128,22.209999999999997,22.14,42.099999999999994,False,1.0031616982836493
quality_5_8_compact_0,compact,5,8,annealing,random,401,512,512,512,22.209999999999997,22.14,42.099999999999994,False,1.0031616982836493
quality_5_8_compact_0,compact,5,8,annealing,random,409,512,512,512,22.209999999999997,22.14,42.099999999999994,False,1.0031616982836493
quality_5_8_compact_0,compact,5,8,annealing,random,419,512,512,512,22.14,22.14,42.099999999999994,True,1.0
quality_5_8_compact_0,compact,5,8,annealing,random,421,512,512,512,22.4,22.14,42.099999999999994,False,1.011743450767841
quality_5_8_compact_0,compact,5,8,multistart_greedy,random,401,32,32,32,29.46,22.14,42.099999999999994,False,1.3306233062330624
quality_5_8_compact_0,compact,5,8,multistart_greedy,random,409,32,32,32,29.46,22.14,42.099999999999994,False,1.3306233062330624
quality_5_8_compact_0,compact,5,8,multistart_greedy,random,419,32,32,32,29.46,22.14,42.099999999999994,False,1.3306233062330624
quality_5_8_compact_0,compact,5,8,multistart_greedy,random,421,32,32,32,29.46,22.14,42.099999999999994,False,1.3306233062330624
quality_5_8_compact_0,compact,5,8,multistart_greedy,random,401,128,128,128,22.33,22.14,42.099999999999994,False,1.0085817524841914
quality_5_8_compact_0,compact,5,8,multistart_greedy,random,409,128,128,128,22.33,22.14,42.099999999999994,False,1.0085817524841914
quality_5_8_compact_0,compact,5,8,multistart_greedy,random,419,128,128,128,22.33,22.14,42.099999999999994,False,1.0085817524841914
quality_5_8_compact_0,compact,5,8,multistart_greedy,random,421,128,128,128,22.33,22.14,42.099999999999994,False,1.0085817524841914
quality_5_8_compact_0,compact,5,8,multistart_greedy,random,401,512,512,512,22.14,22.14,42.099999999999994,True,1.0
quality_5_8_compact_0,compact,5,8,multistart_greedy,random,409,512,512,512,22.209999999999997,22.14,42.099999999999994,False,1.0031616982836493
quality_5_8_compact_0,compact,5,8,multistart_greedy,random,419,512,512,512,22.209999999999997,22.14,42.099999999999994,False,1.0031616982836493
quality_5_8_compact_0,compact,5,8,multistart_greedy,random,421,512,512,512,22.209999999999997,22.14,42.099999999999994,False,1.0031616982836493
quality_5_8_compact_1,compact,5,8,uniform,deterministic,401,32,32,32,18.840000000000003,15.43,29.56,False,1.2209980557355802
quality_5_8_compact_1,compact,5,8,uniform,deterministic,409,32,32,32,23.06,15.43,29.56,False,1.49449125081011
quality_5_8_compact_1,compact,5,8,uniform,deterministic,419,32,32,32,18.840000000000003,15.43,29.56,False,1.2209980557355802
quality_5_8_compact_1,compact,5,8,uniform,deterministic,421,32,32,32,18.55,15.43,29.56,False,1.202203499675956
quality_5_8_compact_1,compact,5,8,uniform,deterministic,401,128,128,128,17.659999999999997,15.43,29.56,False,1.1445236552171094
quality_5_8_compact_1,compact,5,8,uniform,deterministic,409,128,128,128,18.82,15.43,29.56,False,1.219701879455606
quality_5_8_compact_1,compact,5,8,uniform,deterministic,419,128,128,128,16.51,15.43,29.56,False,1.0699935191186003
quality_5_8_compact_1,compact,5,8,uniform,deterministic,421,128,128,128,17.27,15.43,29.56,False,1.119248217757615
quality_5_8_compact_1,compact,5,8,uniform,deterministic,401,512,512,512,17.659999999999997,15.43,29.56,False,1.1445236552171094
quality_5_8_compact_1,compact,5,8,uniform,deterministic,409,512,512,512,16.189999999999998,15.43,29.56,False,1.0492546986390148
quality_5_8_compact_1,compact,5,8,uniform,deterministic,419,512,512,512,15.43,15.43,29.56,True,1.0
quality_5_8_compact_1,compact,5,8,uniform,deterministic,421,512,512,512,17.27,15.43,29.56,False,1.119248217757615
quality_5_8_compact_1,compact,5,8,annealing,deterministic,401,32,32,32,15.43,15.43,29.56,True,1.0
quality_5_8_compact_1,compact,5,8,annealing,deterministic,409,32,32,32,15.43,15.43,29.56,True,1.0
quality_5_8_compact_1,compact,5,8,annealing,deterministic,419,32,32,32,21.63,15.43,29.56,False,1.4018146467919637
quality_5_8_compact_1,compact,5,8,annealing,deterministic,421,32,32,32,15.43,15.43,29.56,True,1.0
quality_5_8_compact_1,compact,5,8,annealing,deterministic,401,128,128,128,15.43,15.43,29.56,True,1.0
quality_5_8_compact_1,compact,5,8,annealing,deterministic,409,128,128,128,15.43,15.43,29.56,True,1.0
quality_5_8_compact_1,compact,5,8,annealing,deterministic,419,128,128,128,17.849999999999998,15.43,29.56,False,1.156837329876863
quality_5_8_compact_1,compact,5,8,annealing,deterministic,421,128,128,128,15.43,15.43,29.56,True,1.0
quality_5_8_compact_1,compact,5,8,annealing,deterministic,401,512,512,512,15.43,15.43,29.56,True,1.0
quality_5_8_compact_1,compact,5,8,annealing,deterministic,409,512,512,512,15.43,15.43,29.56,True,1.0
quality_5_8_compact_1,compact,5,8,annealing,deterministic,419,512,512,512,17.849999999999998,15.43,29.56,False,1.156837329876863
quality_5_8_compact_1,compact,5,8,annealing,deterministic,421,512,512,512,15.43,15.43,29.56,True,1.0
quality_5_8_compact_1,compact,5,8,multistart_greedy,deterministic,401,32,32,32,18.82,15.43,29.56,False,1.219701879455606
quality_5_8_compact_1,compact,5,8,multistart_greedy,deterministic,409,32,32,32,18.82,15.43,29.56,False,1.219701879455606
quality_5_8_compact_1,compact,5,8,multistart_greedy,deterministic,419,32,32,32,18.82,15.43,29.56,False,1.219701879455606
quality_5_8_compact_1,compact,5,8,multistart_greedy,deterministic,421,32,32,32,18.82,15.43,29.56,False,1.219701879455606
quality_5_8_compact_1,compact,5,8,multistart_greedy,deterministic,401,128,128,128,15.43,15.43,29.56,True,1.0
quality_5_8_compact_1,compact,5,8,multistart_greedy,deterministic,409,128,128,128,15.43,15.43,29.56,True,1.0
quality_5_8_compact_1,compact,5,8,multistart_greedy,deterministic,419,128,128,128,15.43,15.43,29.56,True,1.0
quality_5_8_compact_1,compact,5,8,multistart_greedy,deterministic,421,128,128,128,15.43,15.43,29.56,True,1.0
quality_5_8_compact_1,compact,5,8,multistart_greedy,deterministic,401,512,512,512,15.43,15.43,29.56,True,1.0
quality_5_8_compact_1,compact,5,8,multistart_greedy,deterministic,409,512,512,512,15.43,15.43,29.56,True,1.0
quality_5_8_compact_1,compact,5,8,multistart_greedy,deterministic,419,512,512,512,15.43,15.43,29.56,True,1.0
quality_5_8_compact_1,compact,5,8,multistart_greedy,deterministic,421,512,512,512,15.43,15.43,29.56,True,1.0
quality_5_8_compact_1,compact,5,8,uniform,poor,401,32,32,32,18.840000000000003,15.43,41.07,False,1.2209980557355802
quality_5_8_compact_1,compact,5,8,uniform,poor,409,32,32,32,23.06,15.43,41.07,False,1.49449125081011
quality_5_8_compact_1,compact,5,8,uniform,poor,419,32,32,32,18.840000000000003,15.43,41.07,False,1.2209980557355802
quality_5_8_compact_1,compact,5,8,uniform,poor,421,32,32,32,18.55,15.43,41.07,False,1.202203499675956
quality_5_8_compact_1,compact,5,8,uniform,poor,401,128,128,128,17.659999999999997,15.43,41.07,False,1.1445236552171094
quality_5_8_compact_1,compact,5,8,uniform,poor,409,128,128,128,18.82,15.43,41.07,False,1.219701879455606
quality_5_8_compact_1,compact,5,8,uniform,poor,419,128,128,128,16.51,15.43,41.07,False,1.0699935191186003
quality_5_8_compact_1,compact,5,8,uniform,poor,421,128,128,128,17.27,15.43,41.07,False,1.119248217757615
quality_5_8_compact_1,compact,5,8,uniform,poor,401,512,512,512,17.659999999999997,15.43,41.07,False,1.1445236552171094
quality_5_8_compact_1,compact,5,8,uniform,poor,409,512,512,512,16.189999999999998,15.43,41.07,False,1.0492546986390148
quality_5_8_compact_1,compact,5,8,uniform,poor,419,512,512,512,15.43,15.43,41.07,True,1.0
quality_5_8_compact_1,compact,5,8,uniform,poor,421,512,512,512,17.27,15.43,41.07,False,1.119248217757615
quality_5_8_compact_1,compact,5,8,annealing,poor,401,32,32,32,19.270000000000003,15.43,41.07,False,1.248865845755023
quality_5_8_compact_1,compact,5,8,annealing,poor,409,32,32,32,16.51,15.43,41.07,False,1.0699935191186003
quality_5_8_compact_1,compact,5,8,annealing,poor,419,32,32,32,19.69,15.43,41.07,False,1.2760855476344783
quality_5_8_compact_1,compact,5,8,annealing,poor,421,32,32,32,23.54,15.43,41.07,False,1.525599481529488
quality_5_8_compact_1,compact,5,8,annealing,poor,401,128,128,128,18.12,15.43,41.07,False,1.1743357096565135
quality_5_8_compact_1,compact,5,8,annealing,poor,409,128,128,128,15.43,15.43,41.07,True,1.0
quality_5_8_compact_1,compact,5,8,annealing,poor,419,128,128,128,15.43,15.43,41.07,True,1.0
quality_5_8_compact_1,compact,5,8,annealing,poor,421,128,128,128,15.43,15.43,41.07,True,1.0
quality_5_8_compact_1,compact,5,8,annealing,poor,401,512,512,512,15.43,15.43,41.07,True,1.0
quality_5_8_compact_1,compact,5,8,annealing,poor,409,512,512,512,15.43,15.43,41.07,True,1.0
quality_5_8_compact_1,compact,5,8,annealing,poor,419,512,512,512,15.43,15.43,41.07,True,1.0
quality_5_8_compact_1,compact,5,8,annealing,poor,421,512,512,512,15.43,15.43,41.07,True,1.0
quality_5_8_compact_1,compact,5,8,multistart_greedy,poor,401,32,32,32,23.65,15.43,41.07,False,1.5327284510693453
quality_5_8_compact_1,compact,5,8,multistart_greedy,poor,409,32,32,32,23.65,15.43,41.07,False,1.5327284510693453
quality_5_8_compact_1,compact,5,8,multistart_greedy,poor,419,32,32,32,23.65,15.43,41.07,False,1.5327284510693453
quality_5_8_compact_1,compact,5,8,multistart_greedy,poor,421,32,32,32,23.65,15.43,41.07,False,1.5327284510693453
quality_5_8_compact_1,compact,5,8,multistart_greedy,poor,401,128,128,128,15.43,15.43,41.07,True,1.0
quality_5_8_compact_1,compact,5,8,multistart_greedy,poor,409,128,128,128,15.43,15.43,41.07,True,1.0
quality_5_8_compact_1,compact,5,8,multistart_greedy,poor,419,128,128,128,15.43,15.43,41.07,True,1.0
quality_5_8_compact_1,compact,5,8,multistart_greedy,poor,421,128,128,128,15.43,15.43,41.07,True,1.0
quality_5_8_compact_1,compact,5,8,multistart_greedy,poor,401,512,512,512,15.43,15.43,41.07,True,1.0
quality_5_8_compact_1,compact,5,8,multistart_greedy,poor,409,512,512,512,15.43,15.43,41.07,True,1.0
quality_5_8_compact_1,compact,5,8,multistart_greedy,poor,419,512,512,512,15.43,15.43,41.07,True,1.0
quality_5_8_compact_1,compact,5,8,multistart_greedy,poor,421,512,512,512,15.43,15.43,41.07,True,1.0
quality_5_8_compact_1,compact,5,8,uniform,random,401,32,32,32,18.840000000000003,15.43,24.950000000000003,False,1.2209980557355802
quality_5_8_compact_1,compact,5,8,uniform,random,409,32,32,32,23.06,15.43,24.950000000000003,False,1.49449125081011
quality_5_8_compact_1,compact,5,8,uniform,random,419,32,32,32,18.840000000000003,15.43,24.950000000000003,False,1.2209980557355802
quality_5_8_compact_1,compact,5,8,uniform,random,421,32,32,32,18.55,15.43,24.950000000000003,False,1.202203499675956
quality_5_8_compact_1,compact,5,8,uniform,random,401,128,128,128,17.659999999999997,15.43,24.950000000000003,False,1.1445236552171094
quality_5_8_compact_1,compact,5,8,uniform,random,409,128,128,128,18.82,15.43,24.950000000000003,False,1.219701879455606
quality_5_8_compact_1,compact,5,8,uniform,random,419,128,128,128,16.51,15.43,24.950000000000003,False,1.0699935191186003
quality_5_8_compact_1,compact,5,8,uniform,random,421,128,128,128,17.27,15.43,24.950000000000003,False,1.119248217757615
quality_5_8_compact_1,compact,5,8,uniform,random,401,512,512,512,17.659999999999997,15.43,24.950000000000003,False,1.1445236552171094
quality_5_8_compact_1,compact,5,8,uniform,random,409,512,512,512,16.189999999999998,15.43,24.950000000000003,False,1.0492546986390148
quality_5_8_compact_1,compact,5,8,uniform,random,419,512,512,512,15.43,15.43,24.950000000000003,True,1.0
quality_5_8_compact_1,compact,5,8,uniform,random,421,512,512,512,17.27,15.43,24.950000000000003,False,1.119248217757615
quality_5_8_compact_1,compact,5,8,annealing,random,401,32,32,32,20.209999999999997,15.43,24.950000000000003,False,1.3097861309138041
quality_5_8_compact_1,compact,5,8,annealing,random,409,32,32,32,15.43,15.43,24.950000000000003,True,1.0
quality_5_8_compact_1,compact,5,8,annealing,random,419,32,32,32,18.12,15.43,24.950000000000003,False,1.1743357096565135
quality_5_8_compact_1,compact,5,8,annealing,random,421,32,32,32,23.78,15.43,24.950000000000003,False,1.541153596889177
quality_5_8_compact_1,compact,5,8,annealing,random,401,128,128,128,19.759999999999998,15.43,24.950000000000003,False,1.2806221646143874
quality_5_8_compact_1,compact,5,8,annealing,random,409,128,128,128,15.43,15.43,24.950000000000003,True,1.0
quality_5_8_compact_1,compact,5,8,annealing,random,419,128,128,128,18.12,15.43,24.950000000000003,False,1.1743357096565135
quality_5_8_compact_1,compact,5,8,annealing,random,421,128,128,128,15.43,15.43,24.950000000000003,True,1.0
quality_5_8_compact_1,compact,5,8,annealing,random,401,512,512,512,19.759999999999998,15.43,24.950000000000003,False,1.2806221646143874
quality_5_8_compact_1,compact,5,8,annealing,random,409,512,512,512,15.43,15.43,24.950000000000003,True,1.0
quality_5_8_compact_1,compact,5,8,annealing,random,419,512,512,512,18.12,15.43,24.950000000000003,False,1.1743357096565135
quality_5_8_compact_1,compact,5,8,annealing,random,421,512,512,512,15.43,15.43,24.950000000000003,True,1.0
quality_5_8_compact_1,compact,5,8,multistart_greedy,random,401,32,32,32,20.969999999999995,15.43,24.950000000000003,False,1.359040829552819
quality_5_8_compact_1,compact,5,8,multistart_greedy,random,409,32,32,32,20.969999999999995,15.43,24.950000000000003,False,1.359040829552819
quality_5_8_compact_1,compact,5,8,multistart_greedy,random,419,32,32,32,20.969999999999995,15.43,24.950000000000003,False,1.359040829552819
quality_5_8_compact_1,compact,5,8,multistart_greedy,random,421,32,32,32,20.969999999999995,15.43,24.950000000000003,False,1.359040829552819
quality_5_8_compact_1,compact,5,8,multistart_greedy,random,401,128,128,128,19.759999999999998,15.43,24.950000000000003,False,1.2806221646143874
quality_5_8_compact_1,compact,5,8,multistart_greedy,random,409,128,128,128,18.82,15.43,24.950000000000003,False,1.219701879455606
quality_5_8_compact_1,compact,5,8,multistart_greedy,random,419,128,128,128,19.759999999999998,15.43,24.950000000000003,False,1.2806221646143874
quality_5_8_compact_1,compact,5,8,multistart_greedy,random,421,128,128,128,19.759999999999998,15.43,24.950000000000003,False,1.2806221646143874
quality_5_8_compact_1,compact,5,8,multistart_greedy,random,401,512,512,512,15.43,15.43,24.950000000000003,True,1.0
quality_5_8_compact_1,compact,5,8,multistart_greedy,random,409,512,512,512,15.43,15.43,24.950000000000003,True,1.0
quality_5_8_compact_1,compact,5,8,multistart_greedy,random,419,512,512,512,15.43,15.43,24.950000000000003,True,1.0
quality_5_8_compact_1,compact,5,8,multistart_greedy,random,421,512,512,512,15.43,15.43,24.950000000000003,True,1.0
quality_5_8_compact_2,compact,5,8,uniform,deterministic,401,32,32,32,18.009999999999998,12.97,23.67,False,1.3885890516576713
quality_5_8_compact_2,compact,5,8,uniform,deterministic,409,32,32,32,16.0,12.97,23.67,False,1.233616037008481
quality_5_8_compact_2,compact,5,8,uniform,deterministic,419,32,32,32,13.78,12.97,23.67,False,1.0624518118735542
quality_5_8_compact_2,compact,5,8,uniform,deterministic,421,32,32,32,15.770000000000001,12.97,23.67,False,1.2158828064764842
quality_5_8_compact_2,compact,5,8,uniform,deterministic,401,128,128,128,14.83,12.97,23.67,False,1.1434078643022358
quality_5_8_compact_2,compact,5,8,uniform,deterministic,409,128,128,128,15.92,12.97,23.67,False,1.2274479568234387
quality_5_8_compact_2,compact,5,8,uniform,deterministic,419,128,128,128,13.78,12.97,23.67,False,1.0624518118735542
quality_5_8_compact_2,compact,5,8,uniform,deterministic,421,128,128,128,15.770000000000001,12.97,23.67,False,1.2158828064764842
quality_5_8_compact_2,compact,5,8,uniform,deterministic,401,512,512,512,13.78,12.97,23.67,False,1.0624518118735542
quality_5_8_compact_2,compact,5,8,uniform,deterministic,409,512,512,512,14.49,12.97,23.67,False,1.1171935235158057
quality_5_8_compact_2,compact,5,8,uniform,deterministic,419,512,512,512,13.78,12.97,23.67,False,1.0624518118735542
quality_5_8_compact_2,compact,5,8,uniform,deterministic,421,512,512,512,14.969999999999999,12.97,23.67,False,1.15420200462606
quality_5_8_compact_2,compact,5,8,annealing,deterministic,401,32,32,32,14.07,12.97,23.67,False,1.084811102544333
quality_5_8_compact_2,compact,5,8,annealing,deterministic,409,32,32,32,15.770000000000001,12.97,23.67,False,1.2158828064764842
quality_5_8_compact_2,compact,5,8,annealing,deterministic,419,32,32,32,14.07,12.97,23.67,False,1.084811102544333
quality_5_8_compact_2,compact,5,8,annealing,deterministic,421,32,32,32,14.78,12.97,23.67,False,1.1395528141865843
quality_5_8_compact_2,compact,5,8,annealing,deterministic,401,128,128,128,14.07,12.97,23.67,False,1.084811102544333
quality_5_8_compact_2,compact,5,8,annealing,deterministic,409,128,128,128,16.880000000000003,12.97,23.67,False,1.3014649190439478
quality_5_8_compact_2,compact,5,8,annealing,deterministic,419,128,128,128,14.07,12.97,23.67,False,1.084811102544333
quality_5_8_compact_2,compact,5,8,annealing,deterministic,421,128,128,128,14.07,12.97,23.67,False,1.084811102544333
quality_5_8_compact_2,compact,5,8,annealing,deterministic,401,512,512,512,12.97,12.97,23.67,True,1.0
quality_5_8_compact_2,compact,5,8,annealing,deterministic,409,512,512,512,16.880000000000003,12.97,23.67,False,1.3014649190439478
quality_5_8_compact_2,compact,5,8,annealing,deterministic,419,512,512,512,14.07,12.97,23.67,False,1.084811102544333
quality_5_8_compact_2,compact,5,8,annealing,deterministic,421,512,512,512,14.07,12.97,23.67,False,1.084811102544333
quality_5_8_compact_2,compact,5,8,multistart_greedy,deterministic,401,32,32,32,18.81,12.97,23.67,False,1.4502698535080953
quality_5_8_compact_2,compact,5,8,multistart_greedy,deterministic,409,32,32,32,18.81,12.97,23.67,False,1.4502698535080953
quality_5_8_compact_2,compact,5,8,multistart_greedy,deterministic,419,32,32,32,18.81,12.97,23.67,False,1.4502698535080953
quality_5_8_compact_2,compact,5,8,multistart_greedy,deterministic,421,32,32,32,18.81,12.97,23.67,False,1.4502698535080953
quality_5_8_compact_2,compact,5,8,multistart_greedy,deterministic,401,128,128,128,12.97,12.97,23.67,True,1.0
quality_5_8_compact_2,compact,5,8,multistart_greedy,deterministic,409,128,128,128,12.97,12.97,23.67,True,1.0
quality_5_8_compact_2,compact,5,8,multistart_greedy,deterministic,419,128,128,128,12.97,12.97,23.67,True,1.0
quality_5_8_compact_2,compact,5,8,multistart_greedy,deterministic,421,128,128,128,12.97,12.97,23.67,True,1.0
quality_5_8_compact_2,compact,5,8,multistart_greedy,deterministic,401,512,512,512,12.97,12.97,23.67,True,1.0
quality_5_8_compact_2,compact,5,8,multistart_greedy,deterministic,409,512,512,512,12.97,12.97,23.67,True,1.0
quality_5_8_compact_2,compact,5,8,multistart_greedy,deterministic,419,512,512,512,12.97,12.97,23.67,True,1.0
quality_5_8_compact_2,compact,5,8,multistart_greedy,deterministic,421,512,512,512,12.97,12.97,23.67,True,1.0
quality_5_8_compact_2,compact,5,8,uniform,poor,401,32,32,32,18.009999999999998,12.97,33.38,False,1.3885890516576713
quality_5_8_compact_2,compact,5,8,uniform,poor,409,32,32,32,16.0,12.97,33.38,False,1.233616037008481
quality_5_8_compact_2,compact,5,8,uniform,poor,419,32,32,32,13.78,12.97,33.38,False,1.0624518118735542
quality_5_8_compact_2,compact,5,8,uniform,poor,421,32,32,32,15.770000000000001,12.97,33.38,False,1.2158828064764842
quality_5_8_compact_2,compact,5,8,uniform,poor,401,128,128,128,14.83,12.97,33.38,False,1.1434078643022358
quality_5_8_compact_2,compact,5,8,uniform,poor,409,128,128,128,15.92,12.97,33.38,False,1.2274479568234387
quality_5_8_compact_2,compact,5,8,uniform,poor,419,128,128,128,13.78,12.97,33.38,False,1.0624518118735542
quality_5_8_compact_2,compact,5,8,uniform,poor,421,128,128,128,15.770000000000001,12.97,33.38,False,1.2158828064764842
quality_5_8_compact_2,compact,5,8,uniform,poor,401,512,512,512,13.78,12.97,33.38,False,1.0624518118735542
quality_5_8_compact_2,compact,5,8,uniform,poor,409,512,512,512,14.49,12.97,33.38,False,1.1171935235158057
quality_5_8_compact_2,compact,5,8,uniform,poor,419,512,512,512,13.78,12.97,33.38,False,1.0624518118735542
quality_5_8_compact_2,compact,5,8,uniform,poor,421,512,512,512,14.969999999999999,12.97,33.38,False,1.15420200462606
quality_5_8_compact_2,compact,5,8,annealing,poor,401,32,32,32,15.92,12.97,33.38,False,1.2274479568234387
quality_5_8_compact_2,compact,5,8,annealing,poor,409,32,32,32,15.1,12.97,33.38,False,1.164225134926754
quality_5_8_compact_2,compact,5,8,annealing,poor,419,32,32,32,16.54,12.97,33.38,False,1.2752505782575172
quality_5_8_compact_2,compact,5,8,annealing,poor,421,32,32,32,13.26,12.97,33.38,False,1.0223592906707786
quality_5_8_compact_2,compact,5,8,annealing,poor,401,128,128,128,15.92,12.97,33.38,False,1.2274479568234387
quality_5_8_compact_2,compact,5,8,annealing,poor,409,128,128,128,13.78,12.97,33.38,False,1.0624518118735542
quality_5_8_compact_2,compact,5,8,annealing,poor,419,128,128,128,15.02,12.97,33.38,False,1.1580570547417115
quality_5_8_compact_2,compact,5,8,annealing,poor,421,128,128,128,13.26,12.97,33.38,False,1.0223592906707786
quality_5_8_compact_2,compact,5,8,annealing,poor,401,512,512,512,15.92,12.97,33.38,False,1.2274479568234387
quality_5_8_compact_2,compact,5,8,annealing,poor,409,512,512,512,13.78,12.97,33.38,False,1.0624518118735542
quality_5_8_compact_2,compact,5,8,annealing,poor,419,512,512,512,14.07,12.97,33.38,False,1.084811102544333
quality_5_8_compact_2,compact,5,8,annealing,poor,421,512,512,512,13.26,12.97,33.38,False,1.0223592906707786
quality_5_8_compact_2,compact,5,8,multistart_greedy,poor,401,32,32,32,23.189999999999998,12.97,33.38,False,1.787972243639167
quality_5_8_compact_2,compact,5,8,multistart_greedy,poor,409,32,32,32,23.189999999999998,12.97,33.38,False,1.787972243639167
quality_5_8_compact_2,compact,5,8,multistart_greedy,poor,419,32,32,32,23.189999999999998,12.97,33.38,False,1.787972243639167
quality_5_8_compact_2,compact,5,8,multistart_greedy,poor,421,32,32,32,23.189999999999998,12.97,33.38,False,1.787972243639167
quality_5_8_compact_2,compact,5,8,multistart_greedy,poor,401,128,128,128,16.07,12.97,33.38,False,1.2390131071703931
quality_5_8_compact_2,compact,5,8,multistart_greedy,poor,409,128,128,128,16.0,12.97,33.38,False,1.233616037008481
quality_5_8_compact_2,compact,5,8,multistart_greedy,poor,419,128,128,128,16.07,12.97,33.38,False,1.2390131071703931
quality_5_8_compact_2,compact,5,8,multistart_greedy,poor,421,128,128,128,16.07,12.97,33.38,False,1.2390131071703931
quality_5_8_compact_2,compact,5,8,multistart_greedy,poor,401,512,512,512,13.78,12.97,33.38,False,1.0624518118735542
quality_5_8_compact_2,compact,5,8,multistart_greedy,poor,409,512,512,512,13.78,12.97,33.38,False,1.0624518118735542
quality_5_8_compact_2,compact,5,8,multistart_greedy,poor,419,512,512,512,14.07,12.97,33.38,False,1.084811102544333
quality_5_8_compact_2,compact,5,8,multistart_greedy,poor,421,512,512,512,12.97,12.97,33.38,True,1.0
quality_5_8_compact_2,compact,5,8,uniform,random,401,32,32,32,18.009999999999998,12.97,31.11,False,1.3885890516576713
quality_5_8_compact_2,compact,5,8,uniform,random,409,32,32,32,16.0,12.97,31.11,False,1.233616037008481
quality_5_8_compact_2,compact,5,8,uniform,random,419,32,32,32,13.78,12.97,31.11,False,1.0624518118735542
quality_5_8_compact_2,compact,5,8,uniform,random,421,32,32,32,15.770000000000001,12.97,31.11,False,1.2158828064764842
quality_5_8_compact_2,compact,5,8,uniform,random,401,128,128,128,14.83,12.97,31.11,False,1.1434078643022358
quality_5_8_compact_2,compact,5,8,uniform,random,409,128,128,128,15.92,12.97,31.11,False,1.2274479568234387
quality_5_8_compact_2,compact,5,8,uniform,random,419,128,128,128,13.78,12.97,31.11,False,1.0624518118735542
quality_5_8_compact_2,compact,5,8,uniform,random,421,128,128,128,15.770000000000001,12.97,31.11,False,1.2158828064764842
quality_5_8_compact_2,compact,5,8,uniform,random,401,512,512,512,13.78,12.97,31.11,False,1.0624518118735542
quality_5_8_compact_2,compact,5,8,uniform,random,409,512,512,512,14.49,12.97,31.11,False,1.1171935235158057
quality_5_8_compact_2,compact,5,8,uniform,random,419,512,512,512,13.78,12.97,31.11,False,1.0624518118735542
quality_5_8_compact_2,compact,5,8,uniform,random,421,512,512,512,14.969999999999999,12.97,31.11,False,1.15420200462606
quality_5_8_compact_2,compact,5,8,annealing,random,401,32,32,32,16.810000000000002,12.97,31.11,False,1.2960678488820356
quality_5_8_compact_2,compact,5,8,annealing,random,409,32,32,32,17.86,12.97,31.11,False,1.3770239013107168
quality_5_8_compact_2,compact,5,8,annealing,random,419,32,32,32,15.680000000000001,12.97,31.11,False,1.2089437162683117
quality_5_8_compact_2,compact,5,8,annealing,random,421,32,32,32,19.060000000000002,12.97,31.11,False,1.4695451040863532
quality_5_8_compact_2,compact,5,8,annealing,random,401,128,128,128,14.250000000000002,12.97,31.11,False,1.0986892829606785
quality_5_8_compact_2,compact,5,8,annealing,random,409,128,128,128,15.549999999999997,12.97,31.11,False,1.1989205859676173
quality_5_8_compact_2,compact,5,8,annealing,random,419,128,128,128,13.26,12.97,31.11,False,1.0223592906707786
quality_5_8_compact_2,compact,5,8,annealing,random,421,128,128,128,15.969999999999999,12.97,31.11,False,1.23130300693909
quality_5_8_compact_2,compact,5,8,annealing,random,401,512,512,512,12.97,12.97,31.11,True,1.0
quality_5_8_compact_2,compact,5,8,annealing,random,409,512,512,512,13.78,12.97,31.11,False,1.0624518118735542
quality_5_8_compact_2,compact,5,8,annealing,random,419,512,512,512,13.26,12.97,31.11,False,1.0223592906707786
quality_5_8_compact_2,compact,5,8,annealing,random,421,512,512,512,14.07,12.97,31.11,False,1.084811102544333
quality_5_8_compact_2,compact,5,8,multistart_greedy,random,401,32,32,32,17.86,12.97,31.11,False,1.3770239013107168
quality_5_8_compact_2,compact,5,8,multistart_greedy,random,409,32,32,32,17.86,12.97,31.11,False,1.3770239013107168
quality_5_8_compact_2,compact,5,8,multistart_greedy,random,419,32,32,32,17.86,12.97,31.11,False,1.3770239013107168
quality_5_8_compact_2,compact,5,8,multistart_greedy,random,421,32,32,32,17.86,12.97,31.11,False,1.3770239013107168
quality_5_8_compact_2,compact,5,8,multistart_greedy,random,401,128,128,128,12.97,12.97,31.11,True,1.0
quality_5_8_compact_2,compact,5,8,multistart_greedy,random,409,128,128,128,12.97,12.97,31.11,True,1.0
quality_5_8_compact_2,compact,5,8,multistart_greedy,random,419,128,128,128,12.97,12.97,31.11,True,1.0
quality_5_8_compact_2,compact,5,8,multistart_greedy,random,421,128,128,128,12.97,12.97,31.11,True,1.0
quality_5_8_compact_2,compact,5,8,multistart_greedy,random,401,512,512,512,12.97,12.97,31.11,True,1.0
quality_5_8_compact_2,compact,5,8,multistart_greedy,random,409,512,512,512,12.97,12.97,31.11,True,1.0
quality_5_8_compact_2,compact,5,8,multistart_greedy,random,419,512,512,512,12.97,12.97,31.11,True,1.0
quality_5_8_compact_2,compact,5,8,multistart_greedy,random,421,512,512,512,12.97,12.97,31.11,True,1.0
quality_5_8_compact_3,compact,5,8,uniform,deterministic,401,32,32,32,14.360000000000001,13.56,29.319999999999997,False,1.0589970501474926
quality_5_8_compact_3,compact,5,8,uniform,deterministic,409,32,32,32,18.83,13.56,29.319999999999997,False,1.3886430678466075
quality_5_8_compact_3,compact,5,8,uniform,deterministic,419,32,32,32,14.87,13.56,29.319999999999997,False,1.096607669616519
quality_5_8_compact_3,compact,5,8,uniform,deterministic,421,32,32,32,19.05,13.56,29.319999999999997,False,1.404867256637168
quality_5_8_compact_3,compact,5,8,uniform,deterministic,401,128,128,128,14.360000000000001,13.56,29.319999999999997,False,1.0589970501474926
quality_5_8_compact_3,compact,5,8,uniform,deterministic,409,128,128,128,17.8,13.56,29.319999999999997,False,1.3126843657817109
quality_5_8_compact_3,compact,5,8,uniform,deterministic,419,128,128,128,14.82,13.56,29.319999999999997,False,1.092920353982301
quality_5_8_compact_3,compact,5,8,uniform,deterministic,421,128,128,128,18.86,13.56,29.319999999999997,False,1.3908554572271385
quality_5_8_compact_3,compact,5,8,uniform,deterministic,401,512,512,512,14.360000000000001,13.56,29.319999999999997,False,1.0589970501474926
quality_5_8_compact_3,compact,5,8,uniform,deterministic,409,512,512,512,16.93,13.56,29.319999999999997,False,1.2485250737463127
quality_5_8_compact_3,compact,5,8,uniform,deterministic,419,512,512,512,14.82,13.56,29.319999999999997,False,1.092920353982301
quality_5_8_compact_3,compact,5,8,uniform,deterministic,421,512,512,512,13.56,13.56,29.319999999999997,True,1.0
quality_5_8_compact_3,compact,5,8,annealing,deterministic,401,32,32,32,17.599999999999998,13.56,29.319999999999997,False,1.2979351032448376
quality_5_8_compact_3,compact,5,8,annealing,deterministic,409,32,32,32,17.599999999999998,13.56,29.319999999999997,False,1.2979351032448376
quality_5_8_compact_3,compact,5,8,annealing,deterministic,419,32,32,32,17.77,13.56,29.319999999999997,False,1.3104719764011798
quality_5_8_compact_3,compact,5,8,annealing,deterministic,421,32,32,32,19.63,13.56,29.319999999999997,False,1.4476401179941
quality_5_8_compact_3,compact,5,8,annealing,deterministic,401,128,128,128,14.360000000000001,13.56,29.319999999999997,False,1.0589970501474926
quality_5_8_compact_3,compact,5,8,annealing,deterministic,409,128,128,128,14.360000000000001,13.56,29.319999999999997,False,1.0589970501474926
quality_5_8_compact_3,compact,5,8,annealing,deterministic,419,128,128,128,14.87,13.56,29.319999999999997,False,1.096607669616519
quality_5_8_compact_3,compact,5,8,annealing,deterministic,421,128,128,128,19.63,13.56,29.319999999999997,False,1.4476401179941
quality_5_8_compact_3,compact,5,8,annealing,deterministic,401,512,512,512,13.56,13.56,29.319999999999997,True,1.0
quality_5_8_compact_3,compact,5,8,annealing,deterministic,409,512,512,512,14.360000000000001,13.56,29.319999999999997,False,1.0589970501474926
quality_5_8_compact_3,compact,5,8,annealing,deterministic,419,512,512,512,13.56,13.56,29.319999999999997,True,1.0
quality_5_8_compact_3,compact,5,8,annealing,deterministic,421,512,512,512,18.83,13.56,29.319999999999997,False,1.3886430678466075
quality_5_8_compact_3,compact,5,8,multistart_greedy,deterministic,401,32,32,32,18.44,13.56,29.319999999999997,False,1.359882005899705
quality_5_8_compact_3,compact,5,8,multistart_greedy,deterministic,409,32,32,32,18.44,13.56,29.319999999999997,False,1.359882005899705
quality_5_8_compact_3,compact,5,8,multistart_greedy,deterministic,419,32,32,32,18.44,13.56,29.319999999999997,False,1.359882005899705
quality_5_8_compact_3,compact,5,8,multistart_greedy,deterministic,421,32,32,32,18.44,13.56,29.319999999999997,False,1.359882005899705
quality_5_8_compact_3,compact,5,8,multistart_greedy,deterministic,401,128,128,128,14.82,13.56,29.319999999999997,False,1.092920353982301
quality_5_8_compact_3,compact,5,8,multistart_greedy,deterministic,409,128,128,128,14.82,13.56,29.319999999999997,False,1.092920353982301
quality_5_8_compact_3,compact,5,8,multistart_greedy,deterministic,419,128,128,128,14.82,13.56,29.319999999999997,False,1.092920353982301
quality_5_8_compact_3,compact,5,8,multistart_greedy,deterministic,421,128,128,128,14.82,13.56,29.319999999999997,False,1.092920353982301
quality_5_8_compact_3,compact,5,8,multistart_greedy,deterministic,401,512,512,512,13.56,13.56,29.319999999999997,True,1.0
quality_5_8_compact_3,compact,5,8,multistart_greedy,deterministic,409,512,512,512,13.56,13.56,29.319999999999997,True,1.0
quality_5_8_compact_3,compact,5,8,multistart_greedy,deterministic,419,512,512,512,13.56,13.56,29.319999999999997,True,1.0
quality_5_8_compact_3,compact,5,8,multistart_greedy,deterministic,421,512,512,512,13.56,13.56,29.319999999999997,True,1.0
quality_5_8_compact_3,compact,5,8,uniform,poor,401,32,32,32,14.360000000000001,13.56,36.720000000000006,False,1.0589970501474926
quality_5_8_compact_3,compact,5,8,uniform,poor,409,32,32,32,18.83,13.56,36.720000000000006,False,1.3886430678466075
quality_5_8_compact_3,compact,5,8,uniform,poor,419,32,32,32,14.87,13.56,36.720000000000006,False,1.096607669616519
quality_5_8_compact_3,compact,5,8,uniform,poor,421,32,32,32,19.05,13.56,36.720000000000006,False,1.404867256637168
quality_5_8_compact_3,compact,5,8,uniform,poor,401,128,128,128,14.360000000000001,13.56,36.720000000000006,False,1.0589970501474926
quality_5_8_compact_3,compact,5,8,uniform,poor,409,128,128,128,17.8,13.56,36.720000000000006,False,1.3126843657817109
quality_5_8_compact_3,compact,5,8,uniform,poor,419,128,128,128,14.82,13.56,36.720000000000006,False,1.092920353982301
quality_5_8_compact_3,compact,5,8,uniform,poor,421,128,128,128,18.86,13.56,36.720000000000006,False,1.3908554572271385
quality_5_8_compact_3,compact,5,8,uniform,poor,401,512,512,512,14.360000000000001,13.56,36.720000000000006,False,1.0589970501474926
quality_5_8_compact_3,compact,5,8,uniform,poor,409,512,512,512,16.93,13.56,36.720000000000006,False,1.2485250737463127
quality_5_8_compact_3,compact,5,8,uniform,poor,419,512,512,512,14.82,13.56,36.720000000000006,False,1.092920353982301
quality_5_8_compact_3,compact,5,8,uniform,poor,421,512,512,512,13.56,13.56,36.720000000000006,True,1.0
quality_5_8_compact_3,compact,5,8,annealing,poor,401,32,32,32,21.65,13.56,36.720000000000006,False,1.596607669616519
quality_5_8_compact_3,compact,5,8,annealing,poor,409,32,32,32,21.17,13.56,36.720000000000006,False,1.5612094395280236
quality_5_8_compact_3,compact,5,8,annealing,poor,419,32,32,32,21.110000000000003,13.56,36.720000000000006,False,1.5567846607669618
quality_5_8_compact_3,compact,5,8,annealing,poor,421,32,32,32,20.130000000000003,13.56,36.720000000000006,False,1.4845132743362832
quality_5_8_compact_3,compact,5,8,annealing,poor,401,128,128,128,18.83,13.56,36.720000000000006,False,1.3886430678466075
quality_5_8_compact_3,compact,5,8,annealing,poor,409,128,128,128,21.17,13.56,36.720000000000006,False,1.5612094395280236
quality_5_8_compact_3,compact,5,8,annealing,poor,419,128,128,128,14.87,13.56,36.720000000000006,False,1.096607669616519
quality_5_8_compact_3,compact,5,8,annealing,poor,421,128,128,128,20.130000000000003,13.56,36.720000000000006,False,1.4845132743362832
quality_5_8_compact_3,compact,5,8,annealing,poor,401,512,512,512,18.85,13.56,36.720000000000006,False,1.390117994100295
quality_5_8_compact_3,compact,5,8,annealing,poor,409,512,512,512,18.85,13.56,36.720000000000006,False,1.390117994100295
quality_5_8_compact_3,compact,5,8,annealing,poor,419,512,512,512,13.56,13.56,36.720000000000006,True,1.0
quality_5_8_compact_3,compact,5,8,annealing,poor,421,512,512,512,18.83,13.56,36.720000000000006,False,1.3886430678466075
quality_5_8_compact_3,compact,5,8,multistart_greedy,poor,401,32,32,32,22.4,13.56,36.720000000000006,False,1.6519174041297933
quality_5_8_compact_3,compact,5,8,multistart_greedy,poor,409,32,32,32,22.4,13.56,36.720000000000006,False,1.6519174041297933
quality_5_8_compact_3,compact,5,8,multistart_greedy,poor,419,32,32,32,22.4,13.56,36.720000000000006,False,1.6519174041297933
quality_5_8_compact_3,compact,5,8,multistart_greedy,poor,421,32,32,32,22.4,13.56,36.720000000000006,False,1.6519174041297933
quality_5_8_compact_3,compact,5,8,multistart_greedy,poor,401,128,128,128,19.63,13.56,36.720000000000006,False,1.4476401179941
quality_5_8_compact_3,compact,5,8,multistart_greedy,poor,409,128,128,128,19.63,13.56,36.720000000000006,False,1.4476401179941
quality_5_8_compact_3,compact,5,8,multistart_greedy,poor,419,128,128,128,19.63,13.56,36.720000000000006,False,1.4476401179941
quality_5_8_compact_3,compact,5,8,multistart_greedy,poor,421,128,128,128,19.63,13.56,36.720000000000006,False,1.4476401179941
quality_5_8_compact_3,compact,5,8,multistart_greedy,poor,401,512,512,512,13.56,13.56,36.720000000000006,True,1.0
quality_5_8_compact_3,compact,5,8,multistart_greedy,poor,409,512,512,512,13.56,13.56,36.720000000000006,True,1.0
quality_5_8_compact_3,compact,5,8,multistart_greedy,poor,419,512,512,512,13.56,13.56,36.720000000000006,True,1.0
quality_5_8_compact_3,compact,5,8,multistart_greedy,poor,421,512,512,512,13.56,13.56,36.720000000000006,True,1.0
quality_5_8_compact_3,compact,5,8,uniform,random,401,32,32,32,14.360000000000001,13.56,21.32,False,1.0589970501474926
quality_5_8_compact_3,compact,5,8,uniform,random,409,32,32,32,18.83,13.56,21.32,False,1.3886430678466075
quality_5_8_compact_3,compact,5,8,uniform,random,419,32,32,32,14.87,13.56,21.32,False,1.096607669616519
quality_5_8_compact_3,compact,5,8,uniform,random,421,32,32,32,19.05,13.56,21.32,False,1.404867256637168
quality_5_8_compact_3,compact,5,8,uniform,random,401,128,128,128,14.360000000000001,13.56,21.32,False,1.0589970501474926
quality_5_8_compact_3,compact,5,8,uniform,random,409,128,128,128,17.8,13.56,21.32,False,1.3126843657817109
quality_5_8_compact_3,compact,5,8,uniform,random,419,128,128,128,14.82,13.56,21.32,False,1.092920353982301
quality_5_8_compact_3,compact,5,8,uniform,random,421,128,128,128,18.86,13.56,21.32,False,1.3908554572271385
quality_5_8_compact_3,compact,5,8,uniform,random,401,512,512,512,14.360000000000001,13.56,21.32,False,1.0589970501474926
quality_5_8_compact_3,compact,5,8,uniform,random,409,512,512,512,16.93,13.56,21.32,False,1.2485250737463127
quality_5_8_compact_3,compact,5,8,uniform,random,419,512,512,512,14.82,13.56,21.32,False,1.092920353982301
quality_5_8_compact_3,compact,5,8,uniform,random,421,512,512,512,13.56,13.56,21.32,True,1.0
quality_5_8_compact_3,compact,5,8,annealing,random,401,32,32,32,17.599999999999998,13.56,21.32,False,1.2979351032448376
quality_5_8_compact_3,compact,5,8,annealing,random,409,32,32,32,21.119999999999997,13.56,21.32,False,1.557522123893805
quality_5_8_compact_3,compact,5,8,annealing,random,419,32,32,32,19.63,13.56,21.32,False,1.4476401179941
quality_5_8_compact_3,compact,5,8,annealing,random,421,32,32,32,19.63,13.56,21.32,False,1.4476401179941
quality_5_8_compact_3,compact,5,8,annealing,random,401,128,128,128,14.360000000000001,13.56,21.32,False,1.0589970501474926
quality_5_8_compact_3,compact,5,8,annealing,random,409,128,128,128,18.83,13.56,21.32,False,1.3886430678466075
quality_5_8_compact_3,compact,5,8,annealing,random,419,128,128,128,18.880000000000003,13.56,21.32,False,1.392330383480826
quality_5_8_compact_3,compact,5,8,annealing,random,421,128,128,128,19.63,13.56,21.32,False,1.4476401179941
quality_5_8_compact_3,compact,5,8,annealing,random,401,512,512,512,13.56,13.56,21.32,True,1.0
quality_5_8_compact_3,compact,5,8,annealing,random,409,512,512,512,18.83,13.56,21.32,False,1.3886430678466075
quality_5_8_compact_3,compact,5,8,annealing,random,419,512,512,512,18.83,13.56,21.32,False,1.3886430678466075
quality_5_8_compact_3,compact,5,8,annealing,random,421,512,512,512,18.83,13.56,21.32,False,1.3886430678466075
quality_5_8_compact_3,compact,5,8,multistart_greedy,random,401,32,32,32,19.830000000000002,13.56,21.32,False,1.4623893805309736
quality_5_8_compact_3,compact,5,8,multistart_greedy,random,409,32,32,32,19.830000000000002,13.56,21.32,False,1.4623893805309736
quality_5_8_compact_3,compact,5,8,multistart_greedy,random,419,32,32,32,19.830000000000002,13.56,21.32,False,1.4623893805309736
quality_5_8_compact_3,compact,5,8,multistart_greedy,random,421,32,32,32,19.830000000000002,13.56,21.32,False,1.4623893805309736
quality_5_8_compact_3,compact,5,8,multistart_greedy,random,401,128,128,128,16.21,13.56,21.32,False,1.1954277286135693
quality_5_8_compact_3,compact,5,8,multistart_greedy,random,409,128,128,128,18.880000000000003,13.56,21.32,False,1.392330383480826
quality_5_8_compact_3,compact,5,8,multistart_greedy,random,419,128,128,128,16.869999999999997,13.56,21.32,False,1.2441002949852504
quality_5_8_compact_3,compact,5,8,multistart_greedy,random,421,128,128,128,18.360000000000003,13.56,21.32,False,1.3539823008849559
quality_5_8_compact_3,compact,5,8,multistart_greedy,random,401,512,512,512,13.56,13.56,21.32,True,1.0
quality_5_8_compact_3,compact,5,8,multistart_greedy,random,409,512,512,512,13.56,13.56,21.32,True,1.0
quality_5_8_compact_3,compact,5,8,multistart_greedy,random,419,512,512,512,13.56,13.56,21.32,True,1.0
quality_5_8_compact_3,compact,5,8,multistart_greedy,random,421,512,512,512,13.56,13.56,21.32,True,1.0
quality_5_8_line_0,line,5,8,uniform,deterministic,401,32,32,32,45.620000000000005,22.220000000000002,93.17,False,2.0531053105310533
quality_5_8_line_0,line,5,8,uniform,deterministic,409,32,32,32,40.63,22.220000000000002,93.17,False,1.8285328532853284
quality_5_8_line_0,line,5,8,uniform,deterministic,419,32,32,32,27.11,22.220000000000002,93.17,False,1.2200720072007198
quality_5_8_line_0,line,5,8,uniform,deterministic,421,32,32,32,54.300000000000004,22.220000000000002,93.17,False,2.443744374437444
quality_5_8_line_0,line,5,8,uniform,deterministic,401,128,128,128,24.53,22.220000000000002,93.17,False,1.1039603960396038
quality_5_8_line_0,line,5,8,uniform,deterministic,409,128,128,128,40.63,22.220000000000002,93.17,False,1.8285328532853284
quality_5_8_line_0,line,5,8,uniform,deterministic,419,128,128,128,27.11,22.220000000000002,93.17,False,1.2200720072007198
quality_5_8_line_0,line,5,8,uniform,deterministic,421,128,128,128,23.11,22.220000000000002,93.17,False,1.0400540054005398
quality_5_8_line_0,line,5,8,uniform,deterministic,401,512,512,512,24.53,22.220000000000002,93.17,False,1.1039603960396038
quality_5_8_line_0,line,5,8,uniform,deterministic,409,512,512,512,27.17,22.220000000000002,93.17,False,1.2227722772277227
quality_5_8_line_0,line,5,8,uniform,deterministic,419,512,512,512,23.11,22.220000000000002,93.17,False,1.0400540054005398
quality_5_8_line_0,line,5,8,uniform,deterministic,421,512,512,512,23.11,22.220000000000002,93.17,False,1.0400540054005398
quality_5_8_line_0,line,5,8,annealing,deterministic,401,32,32,32,39.57,22.220000000000002,93.17,False,1.7808280828082808
quality_5_8_line_0,line,5,8,annealing,deterministic,409,32,32,32,44.64000000000001,22.220000000000002,93.17,False,2.009000900090009
quality_5_8_line_0,line,5,8,annealing,deterministic,419,32,32,32,48.52,22.220000000000002,93.17,False,2.1836183618361837
quality_5_8_line_0,line,5,8,annealing,deterministic,421,32,32,32,37.28,22.220000000000002,93.17,False,1.6777677767776777
quality_5_8_line_0,line,5,8,annealing,deterministic,401,128,128,128,22.220000000000002,22.220000000000002,93.17,True,1.0
quality_5_8_line_0,line,5,8,annealing,deterministic,409,128,128,128,36.790000000000006,22.220000000000002,93.17,False,1.6557155715571559
quality_5_8_line_0,line,5,8,annealing,deterministic,419,128,128,128,22.220000000000002,22.220000000000002,93.17,True,1.0
quality_5_8_line_0,line,5,8,annealing,deterministic,421,128,128,128,22.220000000000002,22.220000000000002,93.17,True,1.0
quality_5_8_line_0,line,5,8,annealing,deterministic,401,512,512,512,22.54,22.220000000000002,93.17,False,1.0144014401440142
quality_5_8_line_0,line,5,8,annealing,deterministic,409,512,512,512,22.220000000000002,22.220000000000002,93.17,True,1.0
quality_5_8_line_0,line,5,8,annealing,deterministic,419,512,512,512,22.54,22.220000000000002,93.17,False,1.0144014401440142
quality_5_8_line_0,line,5,8,annealing,deterministic,421,512,512,512,22.220000000000002,22.220000000000002,93.17,True,1.0
quality_5_8_line_0,line,5,8,multistart_greedy,deterministic,401,32,32,32,59.3,22.220000000000002,93.17,False,2.6687668766876684
quality_5_8_line_0,line,5,8,multistart_greedy,deterministic,409,32,32,32,59.3,22.220000000000002,93.17,False,2.6687668766876684
quality_5_8_line_0,line,5,8,multistart_greedy,deterministic,419,32,32,32,59.3,22.220000000000002,93.17,False,2.6687668766876684
quality_5_8_line_0,line,5,8,multistart_greedy,deterministic,421,32,32,32,59.3,22.220000000000002,93.17,False,2.6687668766876684
quality_5_8_line_0,line,5,8,multistart_greedy,deterministic,401,128,128,128,23.11,22.220000000000002,93.17,False,1.0400540054005398
quality_5_8_line_0,line,5,8,multistart_greedy,deterministic,409,128,128,128,23.11,22.220000000000002,93.17,False,1.0400540054005398
quality_5_8_line_0,line,5,8,multistart_greedy,deterministic,419,128,128,128,23.11,22.220000000000002,93.17,False,1.0400540054005398
quality_5_8_line_0,line,5,8,multistart_greedy,deterministic,421,128,128,128,23.11,22.220000000000002,93.17,False,1.0400540054005398
quality_5_8_line_0,line,5,8,multistart_greedy,deterministic,401,512,512,512,22.220000000000002,22.220000000000002,93.17,True,1.0
quality_5_8_line_0,line,5,8,multistart_greedy,deterministic,409,512,512,512,22.220000000000002,22.220000000000002,93.17,True,1.0
quality_5_8_line_0,line,5,8,multistart_greedy,deterministic,419,512,512,512,22.220000000000002,22.220000000000002,93.17,True,1.0
quality_5_8_line_0,line,5,8,multistart_greedy,deterministic,421,512,512,512,22.220000000000002,22.220000000000002,93.17,True,1.0
quality_5_8_line_0,line,5,8,uniform,poor,401,32,32,32,45.620000000000005,22.220000000000002,114.93,False,2.0531053105310533
quality_5_8_line_0,line,5,8,uniform,poor,409,32,32,32,40.63,22.220000000000002,114.93,False,1.8285328532853284
quality_5_8_line_0,line,5,8,uniform,poor,419,32,32,32,27.11,22.220000000000002,114.93,False,1.2200720072007198
quality_5_8_line_0,line,5,8,uniform,poor,421,32,32,32,54.300000000000004,22.220000000000002,114.93,False,2.443744374437444
quality_5_8_line_0,line,5,8,uniform,poor,401,128,128,128,24.53,22.220000000000002,114.93,False,1.1039603960396038
quality_5_8_line_0,line,5,8,uniform,poor,409,128,128,128,40.63,22.220000000000002,114.93,False,1.8285328532853284
quality_5_8_line_0,line,5,8,uniform,poor,419,128,128,128,27.11,22.220000000000002,114.93,False,1.2200720072007198
quality_5_8_line_0,line,5,8,uniform,poor,421,128,128,128,23.11,22.220000000000002,114.93,False,1.0400540054005398
quality_5_8_line_0,line,5,8,uniform,poor,401,512,512,512,24.53,22.220000000000002,114.93,False,1.1039603960396038
quality_5_8_line_0,line,5,8,uniform,poor,409,512,512,512,27.17,22.220000000000002,114.93,False,1.2227722772277227
quality_5_8_line_0,line,5,8,uniform,poor,419,512,512,512,23.11,22.220000000000002,114.93,False,1.0400540054005398
quality_5_8_line_0,line,5,8,uniform,poor,421,512,512,512,23.11,22.220000000000002,114.93,False,1.0400540054005398
quality_5_8_line_0,line,5,8,annealing,poor,401,32,32,32,56.85000000000001,22.220000000000002,114.93,False,2.5585058505850586
quality_5_8_line_0,line,5,8,annealing,poor,409,32,32,32,23.05,22.220000000000002,114.93,False,1.0373537353735374
quality_5_8_line_0,line,5,8,annealing,poor,419,32,32,32,56.809999999999995,22.220000000000002,114.93,False,2.556705670567056
quality_5_8_line_0,line,5,8,annealing,poor,421,32,32,32,37.14,22.220000000000002,114.93,False,1.6714671467146713
quality_5_8_line_0,line,5,8,annealing,poor,401,128,128,128,22.220000000000002,22.220000000000002,114.93,True,1.0
quality_5_8_line_0,line,5,8,annealing,poor,409,128,128,128,22.220000000000002,22.220000000000002,114.93,True,1.0
quality_5_8_line_0,line,5,8,annealing,poor,419,128,128,128,22.220000000000002,22.220000000000002,114.93,True,1.0
quality_5_8_line_0,line,5,8,annealing,poor,421,128,128,128,22.220000000000002,22.220000000000002,114.93,True,1.0
quality_5_8_line_0,line,5,8,annealing,poor,401,512,512,512,22.54,22.220000000000002,114.93,False,1.0144014401440142
quality_5_8_line_0,line,5,8,annealing,poor,409,512,512,512,22.54,22.220000000000002,114.93,False,1.0144014401440142
quality_5_8_line_0,line,5,8,annealing,poor,419,512,512,512,22.220000000000002,22.220000000000002,114.93,True,1.0
quality_5_8_line_0,line,5,8,annealing,poor,421,512,512,512,22.220000000000002,22.220000000000002,114.93,True,1.0
quality_5_8_line_0,line,5,8,multistart_greedy,poor,401,32,32,32,37.28,22.220000000000002,114.93,False,1.6777677767776777
quality_5_8_line_0,line,5,8,multistart_greedy,poor,409,32,32,32,37.28,22.220000000000002,114.93,False,1.6777677767776777
quality_5_8_line_0,line,5,8,multistart_greedy,poor,419,32,32,32,37.28,22.220000000000002,114.93,False,1.6777677767776777
quality_5_8_line_0,line,5,8,multistart_greedy,poor,421,32,32,32,37.28,22.220000000000002,114.93,False,1.6777677767776777
quality_5_8_line_0,line,5,8,multistart_greedy,poor,401,128,128,128,22.220000000000002,22.220000000000002,114.93,True,1.0
quality_5_8_line_0,line,5,8,multistart_greedy,poor,409,128,128,128,22.220000000000002,22.220000000000002,114.93,True,1.0
quality_5_8_line_0,line,5,8,multistart_greedy,poor,419,128,128,128,22.220000000000002,22.220000000000002,114.93,True,1.0
quality_5_8_line_0,line,5,8,multistart_greedy,poor,421,128,128,128,22.220000000000002,22.220000000000002,114.93,True,1.0
quality_5_8_line_0,line,5,8,multistart_greedy,poor,401,512,512,512,22.220000000000002,22.220000000000002,114.93,True,1.0
quality_5_8_line_0,line,5,8,multistart_greedy,poor,409,512,512,512,22.220000000000002,22.220000000000002,114.93,True,1.0
quality_5_8_line_0,line,5,8,multistart_greedy,poor,419,512,512,512,22.220000000000002,22.220000000000002,114.93,True,1.0
quality_5_8_line_0,line,5,8,multistart_greedy,poor,421,512,512,512,22.220000000000002,22.220000000000002,114.93,True,1.0
quality_5_8_line_0,line,5,8,uniform,random,401,32,32,32,45.620000000000005,22.220000000000002,97.5,False,2.0531053105310533
quality_5_8_line_0,line,5,8,uniform,random,409,32,32,32,40.63,22.220000000000002,97.5,False,1.8285328532853284
quality_5_8_line_0,line,5,8,uniform,random,419,32,32,32,27.11,22.220000000000002,97.5,False,1.2200720072007198
quality_5_8_line_0,line,5,8,uniform,random,421,32,32,32,54.300000000000004,22.220000000000002,97.5,False,2.443744374437444
quality_5_8_line_0,line,5,8,uniform,random,401,128,128,128,24.53,22.220000000000002,97.5,False,1.1039603960396038
quality_5_8_line_0,line,5,8,uniform,random,409,128,128,128,40.63,22.220000000000002,97.5,False,1.8285328532853284
quality_5_8_line_0,line,5,8,uniform,random,419,128,128,128,27.11,22.220000000000002,97.5,False,1.2200720072007198
quality_5_8_line_0,line,5,8,uniform,random,421,128,128,128,23.11,22.220000000000002,97.5,False,1.0400540054005398
quality_5_8_line_0,line,5,8,uniform,random,401,512,512,512,24.53,22.220000000000002,97.5,False,1.1039603960396038
quality_5_8_line_0,line,5,8,uniform,random,409,512,512,512,27.17,22.220000000000002,97.5,False,1.2227722772277227
quality_5_8_line_0,line,5,8,uniform,random,419,512,512,512,23.11,22.220000000000002,97.5,False,1.0400540054005398
quality_5_8_line_0,line,5,8,uniform,random,421,512,512,512,23.11,22.220000000000002,97.5,False,1.0400540054005398
quality_5_8_line_0,line,5,8,annealing,random,401,32,32,32,23.11,22.220000000000002,97.5,False,1.0400540054005398
quality_5_8_line_0,line,5,8,annealing,random,409,32,32,32,40.1,22.220000000000002,97.5,False,1.8046804680468045
quality_5_8_line_0,line,5,8,annealing,random,419,32,32,32,53.910000000000004,22.220000000000002,97.5,False,2.426192619261926
quality_5_8_line_0,line,5,8,annealing,random,421,32,32,32,46.37,22.220000000000002,97.5,False,2.0868586858685867
quality_5_8_line_0,line,5,8,annealing,random,401,128,128,128,22.54,22.220000000000002,97.5,False,1.0144014401440142
quality_5_8_line_0,line,5,8,annealing,random,409,128,128,128,30.92,22.220000000000002,97.5,False,1.3915391539153914
quality_5_8_line_0,line,5,8,annealing,random,419,128,128,128,53.910000000000004,22.220000000000002,97.5,False,2.426192619261926
quality_5_8_line_0,line,5,8,annealing,random,421,128,128,128,43.470000000000006,22.220000000000002,97.5,False,1.9563456345634564
quality_5_8_line_0,line,5,8,annealing,random,401,512,512,512,22.54,22.220000000000002,97.5,False,1.0144014401440142
quality_5_8_line_0,line,5,8,annealing,random,409,512,512,512,22.220000000000002,22.220000000000002,97.5,True,1.0
quality_5_8_line_0,line,5,8,annealing,random,419,512,512,512,53.910000000000004,22.220000000000002,97.5,False,2.426192619261926
quality_5_8_line_0,line,5,8,annealing,random,421,512,512,512,22.54,22.220000000000002,97.5,False,1.0144014401440142
quality_5_8_line_0,line,5,8,multistart_greedy,random,401,32,32,32,50.88,22.220000000000002,97.5,False,2.28982898289829
quality_5_8_line_0,line,5,8,multistart_greedy,random,409,32,32,32,50.88,22.220000000000002,97.5,False,2.28982898289829
quality_5_8_line_0,line,5,8,multistart_greedy,random,419,32,32,32,50.88,22.220000000000002,97.5,False,2.28982898289829
quality_5_8_line_0,line,5,8,multistart_greedy,random,421,32,32,32,50.88,22.220000000000002,97.5,False,2.28982898289829
quality_5_8_line_0,line,5,8,multistart_greedy,random,401,128,128,128,22.220000000000002,22.220000000000002,97.5,True,1.0
quality_5_8_line_0,line,5,8,multistart_greedy,random,409,128,128,128,22.220000000000002,22.220000000000002,97.5,True,1.0
quality_5_8_line_0,line,5,8,multistart_greedy,random,419,128,128,128,22.220000000000002,22.220000000000002,97.5,True,1.0
quality_5_8_line_0,line,5,8,multistart_greedy,random,421,128,128,128,22.220000000000002,22.220000000000002,97.5,True,1.0
quality_5_8_line_0,line,5,8,multistart_greedy,random,401,512,512,512,22.220000000000002,22.220000000000002,97.5,True,1.0
quality_5_8_line_0,line,5,8,multistart_greedy,random,409,512,512,512,22.220000000000002,22.220000000000002,97.5,True,1.0
quality_5_8_line_0,line,5,8,multistart_greedy,random,419,512,512,512,22.220000000000002,22.220000000000002,97.5,True,1.0
quality_5_8_line_0,line,5,8,multistart_greedy,random,421,512,512,512,22.220000000000002,22.220000000000002,97.5,True,1.0
quality_5_8_line_1,line,5,8,uniform,deterministic,401,32,32,32,40.330000000000005,23.49,68.21,False,1.716900808854832
quality_5_8_line_1,line,5,8,uniform,deterministic,409,32,32,32,37.489999999999995,23.49,68.21,False,1.5959982971477222
quality_5_8_line_1,line,5,8,uniform,deterministic,419,32,32,32,32.91,23.49,68.21,False,1.4010217113665389
quality_5_8_line_1,line,5,8,uniform,deterministic,421,32,32,32,24.240000000000002,23.49,68.21,False,1.0319284802043425
quality_5_8_line_1,line,5,8,uniform,deterministic,401,128,128,128,25.11,23.49,68.21,False,1.0689655172413794
quality_5_8_line_1,line,5,8,uniform,deterministic,409,128,128,128,28.189999999999998,23.49,68.21,False,1.2000851426138783
quality_5_8_line_1,line,5,8,uniform,deterministic,419,128,128,128,29.320000000000004,23.49,68.21,False,1.2481907194550874
quality_5_8_line_1,line,5,8,uniform,deterministic,421,128,128,128,24.240000000000002,23.49,68.21,False,1.0319284802043425
quality_5_8_line_1,line,5,8,uniform,deterministic,401,512,512,512,25.11,23.49,68.21,False,1.0689655172413794
quality_5_8_line_1,line,5,8,uniform,deterministic,409,512,512,512,26.980000000000004,23.49,68.21,False,1.1485738612175396
quality_5_8_line_1,line,5,8,uniform,deterministic,419,512,512,512,25.11,23.49,68.21,False,1.0689655172413794
quality_5_8_line_1,line,5,8,uniform,deterministic,421,512,512,512,24.240000000000002,23.49,68.21,False,1.0319284802043425
quality_5_8_line_1,line,5,8,annealing,deterministic,401,32,32,32,25.66,23.49,68.21,False,1.092379736057897
quality_5_8_line_1,line,5,8,annealing,deterministic,409,32,32,32,29.169999999999998,23.49,68.21,False,1.2418050234142188
quality_5_8_line_1,line,5,8,annealing,deterministic,419,32,32,32,26.79,23.49,68.21,False,1.1404853128991062
quality_5_8_line_1,line,5,8,annealing,deterministic,421,32,32,32,30.759999999999998,23.49,68.21,False,1.3094934014474244
quality_5_8_line_1,line,5,8,annealing,deterministic,401,128,128,128,24.540000000000003,23.49,68.21,False,1.0446998722860794
quality_5_8_line_1,line,5,8,annealing,deterministic,409,128,128,128,24.540000000000003,23.49,68.21,False,1.0446998722860794
quality_5_8_line_1,line,5,8,annealing,deterministic,419,128,128,128,25.11,23.49,68.21,False,1.0689655172413794
quality_5_8_line_1,line,5,8,annealing,deterministic,421,128,128,128,24.540000000000003,23.49,68.21,False,1.0446998722860794
quality_5_8_line_1,line,5,8,annealing,deterministic,401,512,512,512,24.540000000000003,23.49,68.21,False,1.0446998722860794
quality_5_8_line_1,line,5,8,annealing,deterministic,409,512,512,512,24.540000000000003,23.49,68.21,False,1.0446998722860794
quality_5_8_line_1,line,5,8,annealing,deterministic,419,512,512,512,25.11,23.49,68.21,False,1.0689655172413794
quality_5_8_line_1,line,5,8,annealing,deterministic,421,512,512,512,24.540000000000003,23.49,68.21,False,1.0446998722860794
quality_5_8_line_1,line,5,8,multistart_greedy,deterministic,401,32,32,32,33.94,23.49,68.21,False,1.4448701575138356
quality_5_8_line_1,line,5,8,multistart_greedy,deterministic,409,32,32,32,33.94,23.49,68.21,False,1.4448701575138356
quality_5_8_line_1,line,5,8,multistart_greedy,deterministic,419,32,32,32,33.94,23.49,68.21,False,1.4448701575138356
quality_5_8_line_1,line,5,8,multistart_greedy,deterministic,421,32,32,32,33.94,23.49,68.21,False,1.4448701575138356
quality_5_8_line_1,line,5,8,multistart_greedy,deterministic,401,128,128,128,25.810000000000002,23.49,68.21,False,1.0987654320987656
quality_5_8_line_1,line,5,8,multistart_greedy,deterministic,409,128,128,128,25.810000000000002,23.49,68.21,False,1.0987654320987656
quality_5_8_line_1,line,5,8,multistart_greedy,deterministic,419,128,128,128,25.810000000000002,23.49,68.21,False,1.0987654320987656
quality_5_8_line_1,line,5,8,multistart_greedy,deterministic,421,128,128,128,25.810000000000002,23.49,68.21,False,1.0987654320987656
quality_5_8_line_1,line,5,8,multistart_greedy,deterministic,401,512,512,512,24.540000000000003,23.49,68.21,False,1.0446998722860794
quality_5_8_line_1,line,5,8,multistart_greedy,deterministic,409,512,512,512,25.810000000000002,23.49,68.21,False,1.0987654320987656
quality_5_8_line_1,line,5,8,multistart_greedy,deterministic,419,512,512,512,23.49,23.49,68.21,True,1.0
quality_5_8_line_1,line,5,8,multistart_greedy,deterministic,421,512,512,512,23.49,23.49,68.21,True,1.0
quality_5_8_line_1,line,5,8,uniform,poor,401,32,32,32,40.330000000000005,23.49,125.47999999999999,False,1.716900808854832
quality_5_8_line_1,line,5,8,uniform,poor,409,32,32,32,37.489999999999995,23.49,125.47999999999999,False,1.5959982971477222
quality_5_8_line_1,line,5,8,uniform,poor,419,32,32,32,32.91,23.49,125.47999999999999,False,1.4010217113665389
quality_5_8_line_1,line,5,8,uniform,poor,421,32,32,32,24.240000000000002,23.49,125.47999999999999,False,1.0319284802043425
quality_5_8_line_1,line,5,8,uniform,poor,401,128,128,128,25.11,23.49,125.47999999999999,False,1.0689655172413794
quality_5_8_line_1,line,5,8,uniform,poor,409,128,128,128,28.189999999999998,23.49,125.47999999999999,False,1.2000851426138783
quality_5_8_line_1,line,5,8,uniform,poor,419,128,128,128,29.320000000000004,23.49,125.47999999999999,False,1.2481907194550874
quality_5_8_line_1,line,5,8,uniform,poor,421,128,128,128,24.240000000000002,23.49,125.47999999999999,False,1.0319284802043425
quality_5_8_line_1,line,5,8,uniform,poor,401,512,512,512,25.11,23.49,125.47999999999999,False,1.0689655172413794
quality_5_8_line_1,line,5,8,uniform,poor,409,512,512,512,26.980000000000004,23.49,125.47999999999999,False,1.1485738612175396
quality_5_8_line_1,line,5,8,uniform,poor,419,512,512,512,25.11,23.49,125.47999999999999,False,1.0689655172413794
quality_5_8_line_1,line,5,8,uniform,poor,421,512,512,512,24.240000000000002,23.49,125.47999999999999,False,1.0319284802043425
quality_5_8_line_1,line,5,8,annealing,poor,401,32,32,32,54.2,23.49,125.47999999999999,False,2.3073648361004686
quality_5_8_line_1,line,5,8,annealing,poor,409,32,32,32,27.38,23.49,125.47999999999999,False,1.1656023839931886
quality_5_8_line_1,line,5,8,annealing,poor,419,32,32,32,25.96,23.49,125.47999999999999,False,1.105151128139634
quality_5_8_line_1,line,5,8,annealing,poor,421,32,32,32,32.18000000000001,23.49,125.47999999999999,False,1.3699446573009795
quality_5_8_line_1,line,5,8,annealing,poor,401,128,128,128,24.540000000000003,23.49,125.47999999999999,False,1.0446998722860794
quality_5_8_line_1,line,5,8,annealing,poor,409,128,128,128,24.540000000000003,23.49,125.47999999999999,False,1.0446998722860794
quality_5_8_line_1,line,5,8,annealing,poor,419,128,128,128,24.540000000000003,23.49,125.47999999999999,False,1.0446998722860794
quality_5_8_line_1,line,5,8,annealing,poor,421,128,128,128,24.540000000000003,23.49,125.47999999999999,False,1.0446998722860794
quality_5_8_line_1,line,5,8,annealing,poor,401,512,512,512,24.540000000000003,23.49,125.47999999999999,False,1.0446998722860794
quality_5_8_line_1,line,5,8,annealing,poor,409,512,512,512,25.11,23.49,125.47999999999999,False,1.0689655172413794
quality_5_8_line_1,line,5,8,annealing,poor,419,512,512,512,24.540000000000003,23.49,125.47999999999999,False,1.0446998722860794
quality_5_8_line_1,line,5,8,annealing,poor,421,512,512,512,24.540000000000003,23.49,125.47999999999999,False,1.0446998722860794
quality_5_8_line_1,line,5,8,multistart_greedy,poor,401,32,32,32,71.16,23.49,125.47999999999999,False,3.029374201787995
quality_5_8_line_1,line,5,8,multistart_greedy,poor,409,32,32,32,71.16,23.49,125.47999999999999,False,3.029374201787995
quality_5_8_line_1,line,5,8,multistart_greedy,poor,419,32,32,32,71.16,23.49,125.47999999999999,False,3.029374201787995
quality_5_8_line_1,line,5,8,multistart_greedy,poor,421,32,32,32,71.16,23.49,125.47999999999999,False,3.029374201787995
quality_5_8_line_1,line,5,8,multistart_greedy,poor,401,128,128,128,25.810000000000002,23.49,125.47999999999999,False,1.0987654320987656
quality_5_8_line_1,line,5,8,multistart_greedy,poor,409,128,128,128,25.810000000000002,23.49,125.47999999999999,False,1.0987654320987656
quality_5_8_line_1,line,5,8,multistart_greedy,poor,419,128,128,128,25.810000000000002,23.49,125.47999999999999,False,1.0987654320987656
quality_5_8_line_1,line,5,8,multistart_greedy,poor,421,128,128,128,25.810000000000002,23.49,125.47999999999999,False,1.0987654320987656
quality_5_8_line_1,line,5,8,multistart_greedy,poor,401,512,512,512,24.540000000000003,23.49,125.47999999999999,False,1.0446998722860794
quality_5_8_line_1,line,5,8,multistart_greedy,poor,409,512,512,512,25.810000000000002,23.49,125.47999999999999,False,1.0987654320987656
quality_5_8_line_1,line,5,8,multistart_greedy,poor,419,512,512,512,23.49,23.49,125.47999999999999,True,1.0
quality_5_8_line_1,line,5,8,multistart_greedy,poor,421,512,512,512,23.49,23.49,125.47999999999999,True,1.0
quality_5_8_line_1,line,5,8,uniform,random,401,32,32,32,40.330000000000005,23.49,74.72,False,1.716900808854832
quality_5_8_line_1,line,5,8,uniform,random,409,32,32,32,37.489999999999995,23.49,74.72,False,1.5959982971477222
quality_5_8_line_1,line,5,8,uniform,random,419,32,32,32,32.91,23.49,74.72,False,1.4010217113665389
quality_5_8_line_1,line,5,8,uniform,random,421,32,32,32,24.240000000000002,23.49,74.72,False,1.0319284802043425
quality_5_8_line_1,line,5,8,uniform,random,401,128,128,128,25.11,23.49,74.72,False,1.0689655172413794
quality_5_8_line_1,line,5,8,uniform,random,409,128,128,128,28.189999999999998,23.49,74.72,False,1.2000851426138783
quality_5_8_line_1,line,5,8,uniform,random,419,128,128,128,29.320000000000004,23.49,74.72,False,1.2481907194550874
quality_5_8_line_1,line,5,8,uniform,random,421,128,128,128,24.240000000000002,23.49,74.72,False,1.0319284802043425
quality_5_8_line_1,line,5,8,uniform,random,401,512,512,512,25.11,23.49,74.72,False,1.0689655172413794
quality_5_8_line_1,line,5,8,uniform,random,409,512,512,512,26.980000000000004,23.49,74.72,False,1.1485738612175396
quality_5_8_line_1,line,5,8,uniform,random,419,512,512,512,25.11,23.49,74.72,False,1.0689655172413794
quality_5_8_line_1,line,5,8,uniform,random,421,512,512,512,24.240000000000002,23.49,74.72,False,1.0319284802043425
quality_5_8_line_1,line,5,8,annealing,random,401,32,32,32,27.23,23.49,74.72,False,1.1592166879523202
quality_5_8_line_1,line,5,8,annealing,random,409,32,32,32,48.269999999999996,23.49,74.72,False,2.054916985951469
quality_5_8_line_1,line,5,8,annealing,random,419,32,32,32,25.96,23.49,74.72,False,1.105151128139634
quality_5_8_line_1,line,5,8,annealing,random,421,32,32,32,23.49,23.49,74.72,True,1.0
quality_5_8_line_1,line,5,8,annealing,random,401,128,128,128,25.810000000000002,23.49,74.72,False,1.0987654320987656
quality_5_8_line_1,line,5,8,annealing,random,409,128,128,128,24.540000000000003,23.49,74.72,False,1.0446998722860794
quality_5_8_line_1,line,5,8,annealing,random,419,128,128,128,24.540000000000003,23.49,74.72,False,1.0446998722860794
quality_5_8_line_1,line,5,8,annealing,random,421,128,128,128,23.49,23.49,74.72,True,1.0
quality_5_8_line_1,line,5,8,annealing,random,401,512,512,512,25.810000000000002,23.49,74.72,False,1.0987654320987656
quality_5_8_line_1,line,5,8,annealing,random,409,512,512,512,24.540000000000003,23.49,74.72,False,1.0446998722860794
quality_5_8_line_1,line,5,8,annealing,random,419,512,512,512,24.540000000000003,23.49,74.72,False,1.0446998722860794
quality_5_8_line_1,line,5,8,annealing,random,421,512,512,512,23.49,23.49,74.72,True,1.0
quality_5_8_line_1,line,5,8,multistart_greedy,random,401,32,32,32,24.0,23.49,74.72,False,1.0217113665389528
quality_5_8_line_1,line,5,8,multistart_greedy,random,409,32,32,32,24.0,23.49,74.72,False,1.0217113665389528
quality_5_8_line_1,line,5,8,multistart_greedy,random,419,32,32,32,24.0,23.49,74.72,False,1.0217113665389528
quality_5_8_line_1,line,5,8,multistart_greedy,random,421,32,32,32,24.0,23.49,74.72,False,1.0217113665389528
quality_5_8_line_1,line,5,8,multistart_greedy,random,401,128,128,128,23.49,23.49,74.72,True,1.0
quality_5_8_line_1,line,5,8,multistart_greedy,random,409,128,128,128,23.49,23.49,74.72,True,1.0
quality_5_8_line_1,line,5,8,multistart_greedy,random,419,128,128,128,23.49,23.49,74.72,True,1.0
quality_5_8_line_1,line,5,8,multistart_greedy,random,421,128,128,128,23.49,23.49,74.72,True,1.0
quality_5_8_line_1,line,5,8,multistart_greedy,random,401,512,512,512,23.49,23.49,74.72,True,1.0
quality_5_8_line_1,line,5,8,multistart_greedy,random,409,512,512,512,23.49,23.49,74.72,True,1.0
quality_5_8_line_1,line,5,8,multistart_greedy,random,419,512,512,512,23.49,23.49,74.72,True,1.0
quality_5_8_line_1,line,5,8,multistart_greedy,random,421,512,512,512,23.49,23.49,74.72,True,1.0
quality_5_8_line_2,line,5,8,uniform,deterministic,401,32,32,32,25.759999999999998,13.14,45.58,False,1.9604261796042615
quality_5_8_line_2,line,5,8,uniform,deterministic,409,32,32,32,28.72,13.14,45.58,False,2.185692541856925
quality_5_8_line_2,line,5,8,uniform,deterministic,419,32,32,32,17.88,13.14,45.58,False,1.3607305936073057
quality_5_8_line_2,line,5,8,uniform,deterministic,421,32,32,32,21.560000000000002,13.14,45.58,False,1.6407914764079148
quality_5_8_line_2,line,5,8,uniform,deterministic,401,128,128,128,17.349999999999998,13.14,45.58,False,1.320395738203957
quality_5_8_line_2,line,5,8,uniform,deterministic,409,128,128,128,14.36,13.14,45.58,False,1.0928462709284625
quality_5_8_line_2,line,5,8,uniform,deterministic,419,128,128,128,17.88,13.14,45.58,False,1.3607305936073057
quality_5_8_line_2,line,5,8,uniform,deterministic,421,128,128,128,20.3,13.14,45.58,False,1.5449010654490107
quality_5_8_line_2,line,5,8,uniform,deterministic,401,512,512,512,13.71,13.14,45.58,False,1.04337899543379
quality_5_8_line_2,line,5,8,uniform,deterministic,409,512,512,512,13.170000000000002,13.14,45.58,False,1.0022831050228311
quality_5_8_line_2,line,5,8,uniform,deterministic,419,512,512,512,13.71,13.14,45.58,False,1.04337899543379
quality_5_8_line_2,line,5,8,uniform,deterministic,421,512,512,512,13.14,13.14,45.58,True,1.0
quality_5_8_line_2,line,5,8,annealing,deterministic,401,32,32,32,14.950000000000003,13.14,45.58,False,1.1377473363774735
quality_5_8_line_2,line,5,8,annealing,deterministic,409,32,32,32,15.5,13.14,45.58,False,1.1796042617960425
quality_5_8_line_2,line,5,8,annealing,deterministic,419,32,32,32,20.38,13.14,45.58,False,1.5509893455098933
quality_5_8_line_2,line,5,8,annealing,deterministic,421,32,32,32,13.14,13.14,45.58,True,1.0
quality_5_8_line_2,line,5,8,annealing,deterministic,401,128,128,128,13.14,13.14,45.58,True,1.0
quality_5_8_line_2,line,5,8,annealing,deterministic,409,128,128,128,14.36,13.14,45.58,False,1.0928462709284625
quality_5_8_line_2,line,5,8,annealing,deterministic,419,128,128,128,13.14,13.14,45.58,True,1.0
quality_5_8_line_2,line,5,8,annealing,deterministic,421,128,128,128,13.14,13.14,45.58,True,1.0
quality_5_8_line_2,line,5,8,annealing,deterministic,401,512,512,512,13.14,13.14,45.58,True,1.0
quality_5_8_line_2,line,5,8,annealing,deterministic,409,512,512,512,14.36,13.14,45.58,False,1.0928462709284625
quality_5_8_line_2,line,5,8,annealing,deterministic,419,512,512,512,13.14,13.14,45.58,True,1.0
quality_5_8_line_2,line,5,8,annealing,deterministic,421,512,512,512,13.14,13.14,45.58,True,1.0
quality_5_8_line_2,line,5,8,multistart_greedy,deterministic,401,32,32,32,31.700000000000003,13.14,45.58,False,2.4124809741248097
quality_5_8_line_2,line,5,8,multistart_greedy,deterministic,409,32,32,32,31.700000000000003,13.14,45.58,False,2.4124809741248097
quality_5_8_line_2,line,5,8,multistart_greedy,deterministic,419,32,32,32,31.700000000000003,13.14,45.58,False,2.4124809741248097
quality_5_8_line_2,line,5,8,multistart_greedy,deterministic,421,32,32,32,31.700000000000003,13.14,45.58,False,2.4124809741248097
quality_5_8_line_2,line,5,8,multistart_greedy,deterministic,401,128,128,128,13.14,13.14,45.58,True,1.0
quality_5_8_line_2,line,5,8,multistart_greedy,deterministic,409,128,128,128,13.14,13.14,45.58,True,1.0
quality_5_8_line_2,line,5,8,multistart_greedy,deterministic,419,128,128,128,13.14,13.14,45.58,True,1.0
quality_5_8_line_2,line,5,8,multistart_greedy,deterministic,421,128,128,128,13.14,13.14,45.58,True,1.0
quality_5_8_line_2,line,5,8,multistart_greedy,deterministic,401,512,512,512,13.14,13.14,45.58,True,1.0
quality_5_8_line_2,line,5,8,multistart_greedy,deterministic,409,512,512,512,13.14,13.14,45.58,True,1.0
quality_5_8_line_2,line,5,8,multistart_greedy,deterministic,419,512,512,512,13.14,13.14,45.58,True,1.0
quality_5_8_line_2,line,5,8,multistart_greedy,deterministic,421,512,512,512,13.14,13.14,45.58,True,1.0
quality_5_8_line_2,line,5,8,uniform,poor,401,32,32,32,25.759999999999998,13.14,117.18,False,1.9604261796042615
quality_5_8_line_2,line,5,8,uniform,poor,409,32,32,32,28.72,13.14,117.18,False,2.185692541856925
quality_5_8_line_2,line,5,8,uniform,poor,419,32,32,32,17.88,13.14,117.18,False,1.3607305936073057
quality_5_8_line_2,line,5,8,uniform,poor,421,32,32,32,21.560000000000002,13.14,117.18,False,1.6407914764079148
quality_5_8_line_2,line,5,8,uniform,poor,401,128,128,128,17.349999999999998,13.14,117.18,False,1.320395738203957
quality_5_8_line_2,line,5,8,uniform,poor,409,128,128,128,14.36,13.14,117.18,False,1.0928462709284625
quality_5_8_line_2,line,5,8,uniform,poor,419,128,128,128,17.88,13.14,117.18,False,1.3607305936073057
quality_5_8_line_2,line,5,8,uniform,poor,421,128,128,128,20.3,13.14,117.18,False,1.5449010654490107
quality_5_8_line_2,line,5,8,uniform,poor,401,512,512,512,13.71,13.14,117.18,False,1.04337899543379
quality_5_8_line_2,line,5,8,uniform,poor,409,512,512,512,13.170000000000002,13.14,117.18,False,1.0022831050228311
quality_5_8_line_2,line,5,8,uniform,poor,419,512,512,512,13.71,13.14,117.18,False,1.04337899543379
quality_5_8_line_2,line,5,8,uniform,poor,421,512,512,512,13.14,13.14,117.18,True,1.0
quality_5_8_line_2,line,5,8,annealing,poor,401,32,32,32,30.57,13.14,117.18,False,2.32648401826484
quality_5_8_line_2,line,5,8,annealing,poor,409,32,32,32,23.880000000000003,13.14,117.18,False,1.817351598173516
quality_5_8_line_2,line,5,8,annealing,poor,419,32,32,32,22.14,13.14,117.18,False,1.6849315068493151
quality_5_8_line_2,line,5,8,annealing,poor,421,32,32,32,28.010000000000005,13.14,117.18,False,2.131659056316591
quality_5_8_line_2,line,5,8,annealing,poor,401,128,128,128,17.34,13.14,117.18,False,1.319634703196347
quality_5_8_line_2,line,5,8,annealing,poor,409,128,128,128,14.36,13.14,117.18,False,1.0928462709284625
quality_5_8_line_2,line,5,8,annealing,poor,419,128,128,128,14.36,13.14,117.18,False,1.0928462709284625
quality_5_8_line_2,line,5,8,annealing,poor,421,128,128,128,27.440000000000005,13.14,117.18,False,2.0882800608828007
quality_5_8_line_2,line,5,8,annealing,poor,401,512,512,512,14.36,13.14,117.18,False,1.0928462709284625
quality_5_8_line_2,line,5,8,annealing,poor,409,512,512,512,16.72,13.14,117.18,False,1.2724505327245053
quality_5_8_line_2,line,5,8,annealing,poor,419,512,512,512,14.36,13.14,117.18,False,1.0928462709284625
quality_5_8_line_2,line,5,8,annealing,poor,421,512,512,512,13.14,13.14,117.18,True,1.0
quality_5_8_line_2,line,5,8,multistart_greedy,poor,401,32,32,32,29.39,13.14,117.18,False,2.2366818873668186
quality_5_8_line_2,line,5,8,multistart_greedy,poor,409,32,32,32,29.39,13.14,117.18,False,2.2366818873668186
quality_5_8_line_2,line,5,8,multistart_greedy,poor,419,32,32,32,29.39,13.14,117.18,False,2.2366818873668186
quality_5_8_line_2,line,5,8,multistart_greedy,poor,421,32,32,32,29.39,13.14,117.18,False,2.2366818873668186
quality_5_8_line_2,line,5,8,multistart_greedy,poor,401,128,128,128,13.14,13.14,117.18,True,1.0
quality_5_8_line_2,line,5,8,multistart_greedy,poor,409,128,128,128,13.14,13.14,117.18,True,1.0
quality_5_8_line_2,line,5,8,multistart_greedy,poor,419,128,128,128,13.14,13.14,117.18,True,1.0
quality_5_8_line_2,line,5,8,multistart_greedy,poor,421,128,128,128,13.14,13.14,117.18,True,1.0
quality_5_8_line_2,line,5,8,multistart_greedy,poor,401,512,512,512,13.14,13.14,117.18,True,1.0
quality_5_8_line_2,line,5,8,multistart_greedy,poor,409,512,512,512,13.14,13.14,117.18,True,1.0
quality_5_8_line_2,line,5,8,multistart_greedy,poor,419,512,512,512,13.14,13.14,117.18,True,1.0
quality_5_8_line_2,line,5,8,multistart_greedy,poor,421,512,512,512,13.14,13.14,117.18,True,1.0
quality_5_8_line_2,line,5,8,uniform,random,401,32,32,32,25.759999999999998,13.14,59.120000000000005,False,1.9604261796042615
quality_5_8_line_2,line,5,8,uniform,random,409,32,32,32,28.72,13.14,59.120000000000005,False,2.185692541856925
quality_5_8_line_2,line,5,8,uniform,random,419,32,32,32,17.88,13.14,59.120000000000005,False,1.3607305936073057
quality_5_8_line_2,line,5,8,uniform,random,421,32,32,32,21.560000000000002,13.14,59.120000000000005,False,1.6407914764079148
quality_5_8_line_2,line,5,8,uniform,random,401,128,128,128,17.349999999999998,13.14,59.120000000000005,False,1.320395738203957
quality_5_8_line_2,line,5,8,uniform,random,409,128,128,128,14.36,13.14,59.120000000000005,False,1.0928462709284625
quality_5_8_line_2,line,5,8,uniform,random,419,128,128,128,17.88,13.14,59.120000000000005,False,1.3607305936073057
quality_5_8_line_2,line,5,8,uniform,random,421,128,128,128,20.3,13.14,59.120000000000005,False,1.5449010654490107
quality_5_8_line_2,line,5,8,uniform,random,401,512,512,512,13.71,13.14,59.120000000000005,False,1.04337899543379
quality_5_8_line_2,line,5,8,uniform,random,409,512,512,512,13.170000000000002,13.14,59.120000000000005,False,1.0022831050228311
quality_5_8_line_2,line,5,8,uniform,random,419,512,512,512,13.71,13.14,59.120000000000005,False,1.04337899543379
quality_5_8_line_2,line,5,8,uniform,random,421,512,512,512,13.14,13.14,59.120000000000005,True,1.0
quality_5_8_line_2,line,5,8,annealing,random,401,32,32,32,17.29,13.14,59.120000000000005,False,1.3158295281582952
quality_5_8_line_2,line,5,8,annealing,random,409,32,32,32,16.72,13.14,59.120000000000005,False,1.2724505327245053
quality_5_8_line_2,line,5,8,annealing,random,419,32,32,32,25.72,13.14,59.120000000000005,False,1.9573820395738202
quality_5_8_line_2,line,5,8,annealing,random,421,32,32,32,17.9,13.14,59.120000000000005,False,1.3622526636225265
quality_5_8_line_2,line,5,8,annealing,random,401,128,128,128,16.72,13.14,59.120000000000005,False,1.2724505327245053
quality_5_8_line_2,line,5,8,annealing,random,409,128,128,128,16.72,13.14,59.120000000000005,False,1.2724505327245053
quality_5_8_line_2,line,5,8,annealing,random,419,128,128,128,13.14,13.14,59.120000000000005,True,1.0
quality_5_8_line_2,line,5,8,annealing,random,421,128,128,128,13.14,13.14,59.120000000000005,True,1.0
quality_5_8_line_2,line,5,8,annealing,random,401,512,512,512,16.72,13.14,59.120000000000005,False,1.2724505327245053
quality_5_8_line_2,line,5,8,annealing,random,409,512,512,512,16.72,13.14,59.120000000000005,False,1.2724505327245053
quality_5_8_line_2,line,5,8,annealing,random,419,512,512,512,13.14,13.14,59.120000000000005,True,1.0
quality_5_8_line_2,line,5,8,annealing,random,421,512,512,512,13.14,13.14,59.120000000000005,True,1.0
quality_5_8_line_2,line,5,8,multistart_greedy,random,401,32,32,32,33.4,13.14,59.120000000000005,False,2.541856925418569
quality_5_8_line_2,line,5,8,multistart_greedy,random,409,32,32,32,33.4,13.14,59.120000000000005,False,2.541856925418569
quality_5_8_line_2,line,5,8,multistart_greedy,random,419,32,32,32,33.4,13.14,59.120000000000005,False,2.541856925418569
quality_5_8_line_2,line,5,8,multistart_greedy,random,421,32,32,32,33.4,13.14,59.120000000000005,False,2.541856925418569
quality_5_8_line_2,line,5,8,multistart_greedy,random,401,128,128,128,13.14,13.14,59.120000000000005,True,1.0
quality_5_8_line_2,line,5,8,multistart_greedy,random,409,128,128,128,13.14,13.14,59.120000000000005,True,1.0
quality_5_8_line_2,line,5,8,multistart_greedy,random,419,128,128,128,13.14,13.14,59.120000000000005,True,1.0
quality_5_8_line_2,line,5,8,multistart_greedy,random,421,128,128,128,13.14,13.14,59.120000000000005,True,1.0
quality_5_8_line_2,line,5,8,multistart_greedy,random,401,512,512,512,13.14,13.14,59.120000000000005,True,1.0
quality_5_8_line_2,line,5,8,multistart_greedy,random,409,512,512,512,13.14,13.14,59.120000000000005,True,1.0
quality_5_8_line_2,line,5,8,multistart_greedy,random,419,512,512,512,13.14,13.14,59.120000000000005,True,1.0
quality_5_8_line_2,line,5,8,multistart_greedy,random,421,512,512,512,13.14,13.14,59.120000000000005,True,1.0
quality_5_8_line_3,line,5,8,uniform,deterministic,401,32,32,32,72.03999999999999,29.979999999999997,85.03999999999999,False,2.4029352901934624
quality_5_8_line_3,line,5,8,uniform,deterministic,409,32,32,32,33.239999999999995,29.979999999999997,85.03999999999999,False,1.1087391594396263
quality_5_8_line_3,line,5,8,uniform,deterministic,419,32,32,32,57.900000000000006,29.979999999999997,85.03999999999999,False,1.931287525016678
quality_5_8_line_3,line,5,8,uniform,deterministic,421,32,32,32,62.839999999999996,29.979999999999997,85.03999999999999,False,2.0960640426951302
quality_5_8_line_3,line,5,8,uniform,deterministic,401,128,128,128,31.06,29.979999999999997,85.03999999999999,False,1.036024016010674
quality_5_8_line_3,line,5,8,uniform,deterministic,409,128,128,128,33.239999999999995,29.979999999999997,85.03999999999999,False,1.1087391594396263
quality_5_8_line_3,line,5,8,uniform,deterministic,419,128,128,128,42.06,29.979999999999997,85.03999999999999,False,1.4029352901934626
quality_5_8_line_3,line,5,8,uniform,deterministic,421,128,128,128,54.6,29.979999999999997,85.03999999999999,False,1.8212141427618416
quality_5_8_line_3,line,5,8,uniform,deterministic,401,512,512,512,29.979999999999997,29.979999999999997,85.03999999999999,True,1.0
quality_5_8_line_3,line,5,8,uniform,deterministic,409,512,512,512,33.18,29.979999999999997,85.03999999999999,False,1.1067378252168114
quality_5_8_line_3,line,5,8,uniform,deterministic,419,512,512,512,33.260000000000005,29.979999999999997,85.03999999999999,False,1.1094062708472319
quality_5_8_line_3,line,5,8,uniform,deterministic,421,512,512,512,30.779999999999994,29.979999999999997,85.03999999999999,False,1.0266844563042028
quality_5_8_line_3,line,5,8,annealing,deterministic,401,32,32,32,46.5,29.979999999999997,85.03999999999999,False,1.551034022681788
quality_5_8_line_3,line,5,8,annealing,deterministic,409,32,32,32,30.779999999999994,29.979999999999997,85.03999999999999,False,1.0266844563042028
quality_5_8_line_3,line,5,8,annealing,deterministic,419,32,32,32,42.06,29.979999999999997,85.03999999999999,False,1.4029352901934626
quality_5_8_line_3,line,5,8,annealing,deterministic,421,32,32,32,35.56,29.979999999999997,85.03999999999999,False,1.1861240827218147
quality_5_8_line_3,line,5,8,annealing,deterministic,401,128,128,128,29.979999999999997,29.979999999999997,85.03999999999999,True,1.0
quality_5_8_line_3,line,5,8,annealing,deterministic,409,128,128,128,29.979999999999997,29.979999999999997,85.03999999999999,True,1.0
quality_5_8_line_3,line,5,8,annealing,deterministic,419,128,128,128,29.979999999999997,29.979999999999997,85.03999999999999,True,1.0
quality_5_8_line_3,line,5,8,annealing,deterministic,421,128,128,128,29.979999999999997,29.979999999999997,85.03999999999999,True,1.0
quality_5_8_line_3,line,5,8,annealing,deterministic,401,512,512,512,29.979999999999997,29.979999999999997,85.03999999999999,True,1.0
quality_5_8_line_3,line,5,8,annealing,deterministic,409,512,512,512,29.979999999999997,29.979999999999997,85.03999999999999,True,1.0
quality_5_8_line_3,line,5,8,annealing,deterministic,419,512,512,512,29.979999999999997,29.979999999999997,85.03999999999999,True,1.0
quality_5_8_line_3,line,5,8,annealing,deterministic,421,512,512,512,29.979999999999997,29.979999999999997,85.03999999999999,True,1.0
quality_5_8_line_3,line,5,8,multistart_greedy,deterministic,401,32,32,32,62.46,29.979999999999997,85.03999999999999,False,2.083388925950634
quality_5_8_line_3,line,5,8,multistart_greedy,deterministic,409,32,32,32,62.46,29.979999999999997,85.03999999999999,False,2.083388925950634
quality_5_8_line_3,line,5,8,multistart_greedy,deterministic,419,32,32,32,62.46,29.979999999999997,85.03999999999999,False,2.083388925950634
quality_5_8_line_3,line,5,8,multistart_greedy,deterministic,421,32,32,32,62.46,29.979999999999997,85.03999999999999,False,2.083388925950634
quality_5_8_line_3,line,5,8,multistart_greedy,deterministic,401,128,128,128,29.979999999999997,29.979999999999997,85.03999999999999,True,1.0
quality_5_8_line_3,line,5,8,multistart_greedy,deterministic,409,128,128,128,29.979999999999997,29.979999999999997,85.03999999999999,True,1.0
quality_5_8_line_3,line,5,8,multistart_greedy,deterministic,419,128,128,128,29.979999999999997,29.979999999999997,85.03999999999999,True,1.0
quality_5_8_line_3,line,5,8,multistart_greedy,deterministic,421,128,128,128,29.979999999999997,29.979999999999997,85.03999999999999,True,1.0
quality_5_8_line_3,line,5,8,multistart_greedy,deterministic,401,512,512,512,29.979999999999997,29.979999999999997,85.03999999999999,True,1.0
quality_5_8_line_3,line,5,8,multistart_greedy,deterministic,409,512,512,512,29.979999999999997,29.979999999999997,85.03999999999999,True,1.0
quality_5_8_line_3,line,5,8,multistart_greedy,deterministic,419,512,512,512,29.979999999999997,29.979999999999997,85.03999999999999,True,1.0
quality_5_8_line_3,line,5,8,multistart_greedy,deterministic,421,512,512,512,29.979999999999997,29.979999999999997,85.03999999999999,True,1.0
quality_5_8_line_3,line,5,8,uniform,poor,401,32,32,32,72.03999999999999,29.979999999999997,178.44000000000003,False,2.4029352901934624
quality_5_8_line_3,line,5,8,uniform,poor,409,32,32,32,33.239999999999995,29.979999999999997,178.44000000000003,False,1.1087391594396263
quality_5_8_line_3,line,5,8,uniform,poor,419,32,32,32,57.900000000000006,29.979999999999997,178.44000000000003,False,1.931287525016678
quality_5_8_line_3,line,5,8,uniform,poor,421,32,32,32,62.839999999999996,29.979999999999997,178.44000000000003,False,2.0960640426951302
quality_5_8_line_3,line,5,8,uniform,poor,401,128,128,128,31.06,29.979999999999997,178.44000000000003,False,1.036024016010674
quality_5_8_line_3,line,5,8,uniform,poor,409,128,128,128,33.239999999999995,29.979999999999997,178.44000000000003,False,1.1087391594396263
quality_5_8_line_3,line,5,8,uniform,poor,419,128,128,128,42.06,29.979999999999997,178.44000000000003,False,1.4029352901934626
quality_5_8_line_3,line,5,8,uniform,poor,421,128,128,128,54.6,29.979999999999997,178.44000000000003,False,1.8212141427618416
quality_5_8_line_3,line,5,8,uniform,poor,401,512,512,512,29.979999999999997,29.979999999999997,178.44000000000003,True,1.0
quality_5_8_line_3,line,5,8,uniform,poor,409,512,512,512,33.18,29.979999999999997,178.44000000000003,False,1.1067378252168114
quality_5_8_line_3,line,5,8,uniform,poor,419,512,512,512,33.260000000000005,29.979999999999997,178.44000000000003,False,1.1094062708472319
quality_5_8_line_3,line,5,8,uniform,poor,421,512,512,512,30.779999999999994,29.979999999999997,178.44000000000003,False,1.0266844563042028
quality_5_8_line_3,line,5,8,annealing,poor,401,32,32,32,63.660000000000004,29.979999999999997,178.44000000000003,False,2.1234156104069384
quality_5_8_line_3,line,5,8,annealing,poor,409,32,32,32,50.86000000000001,29.979999999999997,178.44000000000003,False,1.6964643095396936
quality_5_8_line_3,line,5,8,annealing,poor,419,32,32,32,52.22,29.979999999999997,178.44000000000003,False,1.741827885256838
quality_5_8_line_3,line,5,8,annealing,poor,421,32,32,32,45.06,29.979999999999997,178.44000000000003,False,1.5030020013342231
quality_5_8_line_3,line,5,8,annealing,poor,401,128,128,128,29.979999999999997,29.979999999999997,178.44000000000003,True,1.0
quality_5_8_line_3,line,5,8,annealing,poor,409,128,128,128,29.979999999999997,29.979999999999997,178.44000000000003,True,1.0
quality_5_8_line_3,line,5,8,annealing,poor,419,128,128,128,29.979999999999997,29.979999999999997,178.44000000000003,True,1.0
quality_5_8_line_3,line,5,8,annealing,poor,421,128,128,128,31.959999999999997,29.979999999999997,178.44000000000003,False,1.0660440293529019
quality_5_8_line_3,line,5,8,annealing,poor,401,512,512,512,29.979999999999997,29.979999999999997,178.44000000000003,True,1.0
quality_5_8_line_3,line,5,8,annealing,poor,409,512,512,512,29.979999999999997,29.979999999999997,178.44000000000003,True,1.0
quality_5_8_line_3,line,5,8,annealing,poor,419,512,512,512,29.979999999999997,29.979999999999997,178.44000000000003,True,1.0
quality_5_8_line_3,line,5,8,annealing,poor,421,512,512,512,29.979999999999997,29.979999999999997,178.44000000000003,True,1.0
quality_5_8_line_3,line,5,8,multistart_greedy,poor,401,32,32,32,109.14,29.979999999999997,178.44000000000003,False,3.6404269513008676
quality_5_8_line_3,line,5,8,multistart_greedy,poor,409,32,32,32,109.14,29.979999999999997,178.44000000000003,False,3.6404269513008676
quality_5_8_line_3,line,5,8,multistart_greedy,poor,419,32,32,32,109.14,29.979999999999997,178.44000000000003,False,3.6404269513008676
quality_5_8_line_3,line,5,8,multistart_greedy,poor,421,32,32,32,109.14,29.979999999999997,178.44000000000003,False,3.6404269513008676
quality_5_8_line_3,line,5,8,multistart_greedy,poor,401,128,128,128,31.06,29.979999999999997,178.44000000000003,False,1.036024016010674
quality_5_8_line_3,line,5,8,multistart_greedy,poor,409,128,128,128,31.06,29.979999999999997,178.44000000000003,False,1.036024016010674
quality_5_8_line_3,line,5,8,multistart_greedy,poor,419,128,128,128,31.06,29.979999999999997,178.44000000000003,False,1.036024016010674
quality_5_8_line_3,line,5,8,multistart_greedy,poor,421,128,128,128,31.06,29.979999999999997,178.44000000000003,False,1.036024016010674
quality_5_8_line_3,line,5,8,multistart_greedy,poor,401,512,512,512,29.979999999999997,29.979999999999997,178.44000000000003,True,1.0
quality_5_8_line_3,line,5,8,multistart_greedy,poor,409,512,512,512,29.979999999999997,29.979999999999997,178.44000000000003,True,1.0
quality_5_8_line_3,line,5,8,multistart_greedy,poor,419,512,512,512,29.979999999999997,29.979999999999997,178.44000000000003,True,1.0
quality_5_8_line_3,line,5,8,multistart_greedy,poor,421,512,512,512,29.979999999999997,29.979999999999997,178.44000000000003,True,1.0
quality_5_8_line_3,line,5,8,uniform,random,401,32,32,32,72.03999999999999,29.979999999999997,89.97999999999999,False,2.4029352901934624
quality_5_8_line_3,line,5,8,uniform,random,409,32,32,32,33.239999999999995,29.979999999999997,89.97999999999999,False,1.1087391594396263
quality_5_8_line_3,line,5,8,uniform,random,419,32,32,32,57.900000000000006,29.979999999999997,89.97999999999999,False,1.931287525016678
quality_5_8_line_3,line,5,8,uniform,random,421,32,32,32,62.839999999999996,29.979999999999997,89.97999999999999,False,2.0960640426951302
quality_5_8_line_3,line,5,8,uniform,random,401,128,128,128,31.06,29.979999999999997,89.97999999999999,False,1.036024016010674
quality_5_8_line_3,line,5,8,uniform,random,409,128,128,128,33.239999999999995,29.979999999999997,89.97999999999999,False,1.1087391594396263
quality_5_8_line_3,line,5,8,uniform,random,419,128,128,128,42.06,29.979999999999997,89.97999999999999,False,1.4029352901934626
quality_5_8_line_3,line,5,8,uniform,random,421,128,128,128,54.6,29.979999999999997,89.97999999999999,False,1.8212141427618416
quality_5_8_line_3,line,5,8,uniform,random,401,512,512,512,29.979999999999997,29.979999999999997,89.97999999999999,True,1.0
quality_5_8_line_3,line,5,8,uniform,random,409,512,512,512,33.18,29.979999999999997,89.97999999999999,False,1.1067378252168114
quality_5_8_line_3,line,5,8,uniform,random,419,512,512,512,33.260000000000005,29.979999999999997,89.97999999999999,False,1.1094062708472319
quality_5_8_line_3,line,5,8,uniform,random,421,512,512,512,30.779999999999994,29.979999999999997,89.97999999999999,False,1.0266844563042028
quality_5_8_line_3,line,5,8,annealing,random,401,32,32,32,78.28,29.979999999999997,89.97999999999999,False,2.6110740493662443
quality_5_8_line_3,line,5,8,annealing,random,409,32,32,32,76.8,29.979999999999997,89.97999999999999,False,2.561707805203469
quality_5_8_line_3,line,5,8,annealing,random,419,32,32,32,85.12,29.979999999999997,89.97999999999999,False,2.8392261507671788
quality_5_8_line_3,line,5,8,annealing,random,421,32,32,32,44.34,29.979999999999997,89.97999999999999,False,1.4789859906604406
quality_5_8_line_3,line,5,8,annealing,random,401,128,128,128,29.979999999999997,29.979999999999997,89.97999999999999,True,1.0
quality_5_8_line_3,line,5,8,annealing,random,409,128,128,128,29.979999999999997,29.979999999999997,89.97999999999999,True,1.0
quality_5_8_line_3,line,5,8,annealing,random,419,128,128,128,82.84,29.979999999999997,89.97999999999999,False,2.7631754503002006
quality_5_8_line_3,line,5,8,annealing,random,421,128,128,128,31.959999999999997,29.979999999999997,89.97999999999999,False,1.0660440293529019
quality_5_8_line_3,line,5,8,annealing,random,401,512,512,512,29.979999999999997,29.979999999999997,89.97999999999999,True,1.0
quality_5_8_line_3,line,5,8,annealing,random,409,512,512,512,29.979999999999997,29.979999999999997,89.97999999999999,True,1.0
quality_5_8_line_3,line,5,8,annealing,random,419,512,512,512,82.84,29.979999999999997,89.97999999999999,False,2.7631754503002006
quality_5_8_line_3,line,5,8,annealing,random,421,512,512,512,29.979999999999997,29.979999999999997,89.97999999999999,True,1.0
quality_5_8_line_3,line,5,8,multistart_greedy,random,401,32,32,32,75.88,29.979999999999997,89.97999999999999,False,2.531020680453636
quality_5_8_line_3,line,5,8,multistart_greedy,random,409,32,32,32,75.88,29.979999999999997,89.97999999999999,False,2.531020680453636
quality_5_8_line_3,line,5,8,multistart_greedy,random,419,32,32,32,75.88,29.979999999999997,89.97999999999999,False,2.531020680453636
quality_5_8_line_3,line,5,8,multistart_greedy,random,421,32,32,32,75.88,29.979999999999997,89.97999999999999,False,2.531020680453636
quality_5_8_line_3,line,5,8,multistart_greedy,random,401,128,128,128,31.06,29.979999999999997,89.97999999999999,False,1.036024016010674
quality_5_8_line_3,line,5,8,multistart_greedy,random,409,128,128,128,31.06,29.979999999999997,89.97999999999999,False,1.036024016010674
quality_5_8_line_3,line,5,8,multistart_greedy,random,419,128,128,128,31.06,29.979999999999997,89.97999999999999,False,1.036024016010674
quality_5_8_line_3,line,5,8,multistart_greedy,random,421,128,128,128,31.06,29.979999999999997,89.97999999999999,False,1.036024016010674
quality_5_8_line_3,line,5,8,multistart_greedy,random,401,512,512,512,29.979999999999997,29.979999999999997,89.97999999999999,True,1.0
quality_5_8_line_3,line,5,8,multistart_greedy,random,409,512,512,512,29.979999999999997,29.979999999999997,89.97999999999999,True,1.0
quality_5_8_line_3,line,5,8,multistart_greedy,random,419,512,512,512,29.979999999999997,29.979999999999997,89.97999999999999,True,1.0
quality_5_8_line_3,line,5,8,multistart_greedy,random,421,512,512,512,29.979999999999997,29.979999999999997,89.97999999999999,True,1.0
quality_5_8_scatter_0,scatter,5,8,uniform,deterministic,401,32,32,32,95.89999999999999,72.47,158.10999999999996,False,1.3233061956671726
quality_5_8_scatter_0,scatter,5,8,uniform,deterministic,409,32,32,32,84.74000000000001,72.47,158.10999999999996,False,1.1693114392162276
quality_5_8_scatter_0,scatter,5,8,uniform,deterministic,419,32,32,32,98.10000000000001,72.47,158.10999999999996,False,1.353663584931696
quality_5_8_scatter_0,scatter,5,8,uniform,deterministic,421,32,32,32,94.6,72.47,158.10999999999996,False,1.3053677383744997
quality_5_8_scatter_0,scatter,5,8,uniform,deterministic,401,128,128,128,80.16,72.47,158.10999999999996,False,1.1061128742928108
quality_5_8_scatter_0,scatter,5,8,uniform,deterministic,409,128,128,128,84.74000000000001,72.47,158.10999999999996,False,1.1693114392162276
quality_5_8_scatter_0,scatter,5,8,uniform,deterministic,419,128,128,128,93.15,72.47,158.10999999999996,False,1.2853594590865187
quality_5_8_scatter_0,scatter,5,8,uniform,deterministic,421,128,128,128,79.6,72.47,158.10999999999996,False,1.0983855388436594
quality_5_8_scatter_0,scatter,5,8,uniform,deterministic,401,512,512,512,74.84,72.47,158.10999999999996,False,1.0327031875258728
quality_5_8_scatter_0,scatter,5,8,uniform,deterministic,409,512,512,512,82.86,72.47,158.10999999999996,False,1.143369670208362
quality_5_8_scatter_0,scatter,5,8,uniform,deterministic,419,512,512,512,79.49,72.47,158.10999999999996,False,1.0968676693804331
quality_5_8_scatter_0,scatter,5,8,uniform,deterministic,421,512,512,512,74.75,72.47,158.10999999999996,False,1.0314612943286878
quality_5_8_scatter_0,scatter,5,8,annealing,deterministic,401,32,32,32,115.02000000000001,72.47,158.10999999999996,False,1.587139506002484
quality_5_8_scatter_0,scatter,5,8,annealing,deterministic,409,32,32,32,112.09,72.47,158.10999999999996,False,1.5467089830274596
quality_5_8_scatter_0,scatter,5,8,annealing,deterministic,419,32,32,32,93.02,72.47,158.10999999999996,False,1.2835656133572513
quality_5_8_scatter_0,scatter,5,8,annealing,deterministic,421,32,32,32,88.75000000000001,72.47,158.10999999999996,False,1.2246446805574722
quality_5_8_scatter_0,scatter,5,8,annealing,deterministic,401,128,128,128,103.06,72.47,158.10999999999996,False,1.422105698909894
quality_5_8_scatter_0,scatter,5,8,annealing,deterministic,409,128,128,128,89.93999999999998,72.47,158.10999999999996,False,1.2410652683869186
quality_5_8_scatter_0,scatter,5,8,annealing,deterministic,419,128,128,128,90.2,72.47,158.10999999999996,False,1.2446529598454534
quality_5_8_scatter_0,scatter,5,8,annealing,deterministic,421,128,128,128,72.73,72.47,158.10999999999996,False,1.0035876914585347
quality_5_8_scatter_0,scatter,5,8,annealing,deterministic,401,512,512,512,89.93999999999998,72.47,158.10999999999996,False,1.2410652683869186
quality_5_8_scatter_0,scatter,5,8,annealing,deterministic,409,512,512,512,89.93999999999998,72.47,158.10999999999996,False,1.2410652683869186
quality_5_8_scatter_0,scatter,5,8,annealing,deterministic,419,512,512,512,89.93999999999998,72.47,158.10999999999996,False,1.2410652683869186
quality_5_8_scatter_0,scatter,5,8,annealing,deterministic,421,512,512,512,72.47,72.47,158.10999999999996,True,1.0
quality_5_8_scatter_0,scatter,5,8,multistart_greedy,deterministic,401,32,32,32,111.55,72.47,158.10999999999996,False,1.5392576238443494
quality_5_8_scatter_0,scatter,5,8,multistart_greedy,deterministic,409,32,32,32,111.55,72.47,158.10999999999996,False,1.5392576238443494
quality_5_8_scatter_0,scatter,5,8,multistart_greedy,deterministic,419,32,32,32,111.55,72.47,158.10999999999996,False,1.5392576238443494
quality_5_8_scatter_0,scatter,5,8,multistart_greedy,deterministic,421,32,32,32,111.55,72.47,158.10999999999996,False,1.5392576238443494
quality_5_8_scatter_0,scatter,5,8,multistart_greedy,deterministic,401,128,128,128,72.73,72.47,158.10999999999996,False,1.0035876914585347
quality_5_8_scatter_0,scatter,5,8,multistart_greedy,deterministic,409,128,128,128,72.73,72.47,158.10999999999996,False,1.0035876914585347
quality_5_8_scatter_0,scatter,5,8,multistart_greedy,deterministic,419,128,128,128,72.73,72.47,158.10999999999996,False,1.0035876914585347
quality_5_8_scatter_0,scatter,5,8,multistart_greedy,deterministic,421,128,128,128,72.73,72.47,158.10999999999996,False,1.0035876914585347
quality_5_8_scatter_0,scatter,5,8,multistart_greedy,deterministic,401,512,512,512,72.47,72.47,158.10999999999996,True,1.0
quality_5_8_scatter_0,scatter,5,8,multistart_greedy,deterministic,409,512,512,512,72.73,72.47,158.10999999999996,False,1.0035876914585347
quality_5_8_scatter_0,scatter,5,8,multistart_greedy,deterministic,419,512,512,512,72.47,72.47,158.10999999999996,True,1.0
quality_5_8_scatter_0,scatter,5,8,multistart_greedy,deterministic,421,512,512,512,72.47,72.47,158.10999999999996,True,1.0
quality_5_8_scatter_0,scatter,5,8,uniform,poor,401,32,32,32,95.89999999999999,72.47,217.34000000000003,False,1.3233061956671726
quality_5_8_scatter_0,scatter,5,8,uniform,poor,409,32,32,32,84.74000000000001,72.47,217.34000000000003,False,1.1693114392162276
quality_5_8_scatter_0,scatter,5,8,uniform,poor,419,32,32,32,98.10000000000001,72.47,217.34000000000003,False,1.353663584931696
quality_5_8_scatter_0,scatter,5,8,uniform,poor,421,32,32,32,94.6,72.47,217.34000000000003,False,1.3053677383744997
quality_5_8_scatter_0,scatter,5,8,uniform,poor,401,128,128,128,80.16,72.47,217.34000000000003,False,1.1061128742928108
quality_5_8_scatter_0,scatter,5,8,uniform,poor,409,128,128,128,84.74000000000001,72.47,217.34000000000003,False,1.1693114392162276
quality_5_8_scatter_0,scatter,5,8,uniform,poor,419,128,128,128,93.15,72.47,217.34000000000003,False,1.2853594590865187
quality_5_8_scatter_0,scatter,5,8,uniform,poor,421,128,128,128,79.6,72.47,217.34000000000003,False,1.0983855388436594
quality_5_8_scatter_0,scatter,5,8,uniform,poor,401,512,512,512,74.84,72.47,217.34000000000003,False,1.0327031875258728
quality_5_8_scatter_0,scatter,5,8,uniform,poor,409,512,512,512,82.86,72.47,217.34000000000003,False,1.143369670208362
quality_5_8_scatter_0,scatter,5,8,uniform,poor,419,512,512,512,79.49,72.47,217.34000000000003,False,1.0968676693804331
quality_5_8_scatter_0,scatter,5,8,uniform,poor,421,512,512,512,74.75,72.47,217.34000000000003,False,1.0314612943286878
quality_5_8_scatter_0,scatter,5,8,annealing,poor,401,32,32,32,102.31,72.47,217.34000000000003,False,1.4117565889333519
quality_5_8_scatter_0,scatter,5,8,annealing,poor,409,32,32,32,96.06,72.47,217.34000000000003,False,1.3255140057955017
quality_5_8_scatter_0,scatter,5,8,annealing,poor,419,32,32,32,107.02999999999999,72.47,217.34000000000003,False,1.476886987719056
quality_5_8_scatter_0,scatter,5,8,annealing,poor,421,32,32,32,89.45,72.47,217.34000000000003,False,1.2343038498689114
quality_5_8_scatter_0,scatter,5,8,annealing,poor,401,128,128,128,72.47,72.47,217.34000000000003,True,1.0
quality_5_8_scatter_0,scatter,5,8,annealing,poor,409,128,128,128,90.2,72.47,217.34000000000003,False,1.2446529598454534
quality_5_8_scatter_0,scatter,5,8,annealing,poor,419,128,128,128,90.2,72.47,217.34000000000003,False,1.2446529598454534
quality_5_8_scatter_0,scatter,5,8,annealing,poor,421,128,128,128,72.47,72.47,217.34000000000003,True,1.0
quality_5_8_scatter_0,scatter,5,8,annealing,poor,401,512,512,512,72.73,72.47,217.34000000000003,False,1.0035876914585347
quality_5_8_scatter_0,scatter,5,8,annealing,poor,409,512,512,512,72.47,72.47,217.34000000000003,True,1.0
quality_5_8_scatter_0,scatter,5,8,annealing,poor,419,512,512,512,72.73,72.47,217.34000000000003,False,1.0035876914585347
quality_5_8_scatter_0,scatter,5,8,annealing,poor,421,512,512,512,72.47,72.47,217.34000000000003,True,1.0
quality_5_8_scatter_0,scatter,5,8,multistart_greedy,poor,401,32,32,32,91.97,72.47,217.34000000000003,False,1.2690768593900925
quality_5_8_scatter_0,scatter,5,8,multistart_greedy,poor,409,32,32,32,91.97,72.47,217.34000000000003,False,1.2690768593900925
quality_5_8_scatter_0,scatter,5,8,multistart_greedy,poor,419,32,32,32,91.97,72.47,217.34000000000003,False,1.2690768593900925
quality_5_8_scatter_0,scatter,5,8,multistart_greedy,poor,421,32,32,32,91.97,72.47,217.34000000000003,False,1.2690768593900925
quality_5_8_scatter_0,scatter,5,8,multistart_greedy,poor,401,128,128,128,72.73,72.47,217.34000000000003,False,1.0035876914585347
quality_5_8_scatter_0,scatter,5,8,multistart_greedy,poor,409,128,128,128,72.73,72.47,217.34000000000003,False,1.0035876914585347
quality_5_8_scatter_0,scatter,5,8,multistart_greedy,poor,419,128,128,128,72.73,72.47,217.34000000000003,False,1.0035876914585347
quality_5_8_scatter_0,scatter,5,8,multistart_greedy,poor,421,128,128,128,72.73,72.47,217.34000000000003,False,1.0035876914585347
quality_5_8_scatter_0,scatter,5,8,multistart_greedy,poor,401,512,512,512,72.47,72.47,217.34000000000003,True,1.0
quality_5_8_scatter_0,scatter,5,8,multistart_greedy,poor,409,512,512,512,72.73,72.47,217.34000000000003,False,1.0035876914585347
quality_5_8_scatter_0,scatter,5,8,multistart_greedy,poor,419,512,512,512,72.47,72.47,217.34000000000003,True,1.0
quality_5_8_scatter_0,scatter,5,8,multistart_greedy,poor,421,512,512,512,72.47,72.47,217.34000000000003,True,1.0
quality_5_8_scatter_0,scatter,5,8,uniform,random,401,32,32,32,95.89999999999999,72.47,147.48000000000002,False,1.3233061956671726
quality_5_8_scatter_0,scatter,5,8,uniform,random,409,32,32,32,84.74000000000001,72.47,147.48000000000002,False,1.1693114392162276
quality_5_8_scatter_0,scatter,5,8,uniform,random,419,32,32,32,98.10000000000001,72.47,147.48000000000002,False,1.353663584931696
quality_5_8_scatter_0,scatter,5,8,uniform,random,421,32,32,32,94.6,72.47,147.48000000000002,False,1.3053677383744997
quality_5_8_scatter_0,scatter,5,8,uniform,random,401,128,128,128,80.16,72.47,147.48000000000002,False,1.1061128742928108
quality_5_8_scatter_0,scatter,5,8,uniform,random,409,128,128,128,84.74000000000001,72.47,147.48000000000002,False,1.1693114392162276
quality_5_8_scatter_0,scatter,5,8,uniform,random,419,128,128,128,93.15,72.47,147.48000000000002,False,1.2853594590865187
quality_5_8_scatter_0,scatter,5,8,uniform,random,421,128,128,128,79.6,72.47,147.48000000000002,False,1.0983855388436594
quality_5_8_scatter_0,scatter,5,8,uniform,random,401,512,512,512,74.84,72.47,147.48000000000002,False,1.0327031875258728
quality_5_8_scatter_0,scatter,5,8,uniform,random,409,512,512,512,82.86,72.47,147.48000000000002,False,1.143369670208362
quality_5_8_scatter_0,scatter,5,8,uniform,random,419,512,512,512,79.49,72.47,147.48000000000002,False,1.0968676693804331
quality_5_8_scatter_0,scatter,5,8,uniform,random,421,512,512,512,74.75,72.47,147.48000000000002,False,1.0314612943286878
quality_5_8_scatter_0,scatter,5,8,annealing,random,401,32,32,32,120.11000000000001,72.47,147.48000000000002,False,1.657375465709949
quality_5_8_scatter_0,scatter,5,8,annealing,random,409,32,32,32,90.2,72.47,147.48000000000002,False,1.2446529598454534
quality_5_8_scatter_0,scatter,5,8,annealing,random,419,32,32,32,79.49,72.47,147.48000000000002,False,1.0968676693804331
quality_5_8_scatter_0,scatter,5,8,annealing,random,421,32,32,32,107.11,72.47,147.48000000000002,False,1.4779908927832206
quality_5_8_scatter_0,scatter,5,8,annealing,random,401,128,128,128,103.06,72.47,147.48000000000002,False,1.422105698909894
quality_5_8_scatter_0,scatter,5,8,annealing,random,409,128,128,128,89.93999999999998,72.47,147.48000000000002,False,1.2410652683869186
quality_5_8_scatter_0,scatter,5,8,annealing,random,419,128,128,128,72.73,72.47,147.48000000000002,False,1.0035876914585347
quality_5_8_scatter_0,scatter,5,8,annealing,random,421,128,128,128,103.06,72.47,147.48000000000002,False,1.422105698909894
quality_5_8_scatter_0,scatter,5,8,annealing,random,401,512,512,512,103.06,72.47,147.48000000000002,False,1.422105698909894
quality_5_8_scatter_0,scatter,5,8,annealing,random,409,512,512,512,89.93999999999998,72.47,147.48000000000002,False,1.2410652683869186
quality_5_8_scatter_0,scatter,5,8,annealing,random,419,512,512,512,72.47,72.47,147.48000000000002,True,1.0
quality_5_8_scatter_0,scatter,5,8,annealing,random,421,512,512,512,103.06,72.47,147.48000000000002,False,1.422105698909894
quality_5_8_scatter_0,scatter,5,8,multistart_greedy,random,401,32,32,32,116.46,72.47,147.48000000000002,False,1.6070097971574444
quality_5_8_scatter_0,scatter,5,8,multistart_greedy,random,409,32,32,32,116.46,72.47,147.48000000000002,False,1.6070097971574444
quality_5_8_scatter_0,scatter,5,8,multistart_greedy,random,419,32,32,32,116.46,72.47,147.48000000000002,False,1.6070097971574444
quality_5_8_scatter_0,scatter,5,8,multistart_greedy,random,421,32,32,32,116.46,72.47,147.48000000000002,False,1.6070097971574444
quality_5_8_scatter_0,scatter,5,8,multistart_greedy,random,401,128,128,128,74.75,72.47,147.48000000000002,False,1.0314612943286878
quality_5_8_scatter_0,scatter,5,8,multistart_greedy,random,409,128,128,128,74.75,72.47,147.48000000000002,False,1.0314612943286878
quality_5_8_scatter_0,scatter,5,8,multistart_greedy,random,419,128,128,128,74.75,72.47,147.48000000000002,False,1.0314612943286878
quality_5_8_scatter_0,scatter,5,8,multistart_greedy,random,421,128,128,128,74.75,72.47,147.48000000000002,False,1.0314612943286878
quality_5_8_scatter_0,scatter,5,8,multistart_greedy,random,401,512,512,512,72.47,72.47,147.48000000000002,True,1.0
quality_5_8_scatter_0,scatter,5,8,multistart_greedy,random,409,512,512,512,72.47,72.47,147.48000000000002,True,1.0
quality_5_8_scatter_0,scatter,5,8,multistart_greedy,random,419,512,512,512,72.47,72.47,147.48000000000002,True,1.0
quality_5_8_scatter_0,scatter,5,8,multistart_greedy,random,421,512,512,512,72.47,72.47,147.48000000000002,True,1.0
quality_5_8_scatter_1,scatter,5,8,uniform,deterministic,401,32,32,32,138.69,120.42999999999999,188.92,False,1.1516233496637052
quality_5_8_scatter_1,scatter,5,8,uniform,deterministic,409,32,32,32,133.20999999999998,120.42999999999999,188.92,False,1.1061197376069085
quality_5_8_scatter_1,scatter,5,8,uniform,deterministic,419,32,32,32,149.15000000000003,120.42999999999999,188.92,False,1.2384787843560578
quality_5_8_scatter_1,scatter,5,8,uniform,deterministic,421,32,32,32,149.01,120.42999999999999,188.92,False,1.2373162833181102
quality_5_8_scatter_1,scatter,5,8,uniform,deterministic,401,128,128,128,138.69,120.42999999999999,188.92,False,1.1516233496637052
quality_5_8_scatter_1,scatter,5,8,uniform,deterministic,409,128,128,128,120.82000000000001,120.42999999999999,188.92,False,1.0032383957485678
quality_5_8_scatter_1,scatter,5,8,uniform,deterministic,419,128,128,128,127.10999999999999,120.42999999999999,188.92,False,1.0554679066677737
quality_5_8_scatter_1,scatter,5,8,uniform,deterministic,421,128,128,128,139.92999999999998,120.42999999999999,188.92,False,1.1619197874283815
quality_5_8_scatter_1,scatter,5,8,uniform,deterministic,401,512,512,512,120.82000000000001,120.42999999999999,188.92,False,1.0032383957485678
quality_5_8_scatter_1,scatter,5,8,uniform,deterministic,409,512,512,512,120.82000000000001,120.42999999999999,188.92,False,1.0032383957485678
quality_5_8_scatter_1,scatter,5,8,uniform,deterministic,419,512,512,512,127.10999999999999,120.42999999999999,188.92,False,1.0554679066677737
quality_5_8_scatter_1,scatter,5,8,uniform,deterministic,421,512,512,512,129.05,120.42999999999999,188.92,False,1.0715768496221874
quality_5_8_scatter_1,scatter,5,8,annealing,deterministic,401,32,32,32,134.72,120.42999999999999,188.92,False,1.118658141659055
quality_5_8_scatter_1,scatter,5,8,annealing,deterministic,409,32,32,32,143.36999999999998,120.42999999999999,188.92,False,1.1904840986465166
quality_5_8_scatter_1,scatter,5,8,annealing,deterministic,419,32,32,32,157.17000000000002,120.42999999999999,188.92,False,1.3050734866727562
quality_5_8_scatter_1,scatter,5,8,annealing,deterministic,421,32,32,32,144.08,120.42999999999999,188.92,False,1.1963796396246784
quality_5_8_scatter_1,scatter,5,8,annealing,deterministic,401,128,128,128,120.42999999999999,120.42999999999999,188.92,True,1.0
quality_5_8_scatter_1,scatter,5,8,annealing,deterministic,409,128,128,128,140.51,120.42999999999999,188.92,False,1.1667358631570206
quality_5_8_scatter_1,scatter,5,8,annealing,deterministic,419,128,128,128,143.45,120.42999999999999,188.92,False,1.191148384953915
quality_5_8_scatter_1,scatter,5,8,annealing,deterministic,421,128,128,128,120.82000000000001,120.42999999999999,188.92,False,1.0032383957485678
quality_5_8_scatter_1,scatter,5,8,annealing,deterministic,401,512,512,512,120.42999999999999,120.42999999999999,188.92,True,1.0
quality_5_8_scatter_1,scatter,5,8,annealing,deterministic,409,512,512,512,140.51,120.42999999999999,188.92,False,1.1667358631570206
quality_5_8_scatter_1,scatter,5,8,annealing,deterministic,419,512,512,512,140.51,120.42999999999999,188.92,False,1.1667358631570206
quality_5_8_scatter_1,scatter,5,8,annealing,deterministic,421,512,512,512,120.42999999999999,120.42999999999999,188.92,True,1.0
quality_5_8_scatter_1,scatter,5,8,multistart_greedy,deterministic,401,32,32,32,154.20000000000002,120.42999999999999,188.92,False,1.2804118575105874
quality_5_8_scatter_1,scatter,5,8,multistart_greedy,deterministic,409,32,32,32,154.20000000000002,120.42999999999999,188.92,False,1.2804118575105874
quality_5_8_scatter_1,scatter,5,8,multistart_greedy,deterministic,419,32,32,32,154.20000000000002,120.42999999999999,188.92,False,1.2804118575105874
quality_5_8_scatter_1,scatter,5,8,multistart_greedy,deterministic,421,32,32,32,154.20000000000002,120.42999999999999,188.92,False,1.2804118575105874
quality_5_8_scatter_1,scatter,5,8,multistart_greedy,deterministic,401,128,128,128,120.42999999999999,120.42999999999999,188.92,True,1.0
quality_5_8_scatter_1,scatter,5,8,multistart_greedy,deterministic,409,128,128,128,120.42999999999999,120.42999999999999,188.92,True,1.0
quality_5_8_scatter_1,scatter,5,8,multistart_greedy,deterministic,419,128,128,128,120.42999999999999,120.42999999999999,188.92,True,1.0
quality_5_8_scatter_1,scatter,5,8,multistart_greedy,deterministic,421,128,128,128,120.42999999999999,120.42999999999999,188.92,True,1.0
quality_5_8_scatter_1,scatter,5,8,multistart_greedy,deterministic,401,512,512,512,120.42999999999999,120.42999999999999,188.92,True,1.0
quality_5_8_scatter_1,scatter,5,8,multistart_greedy,deterministic,409,512,512,512,120.42999999999999,120.42999999999999,188.92,True,1.0
quality_5_8_scatter_1,scatter,5,8,multistart_greedy,deterministic,419,512,512,512,120.42999999999999,120.42999999999999,188.92,True,1.0
quality_5_8_scatter_1,scatter,5,8,multistart_greedy,deterministic,421,512,512,512,120.42999999999999,120.42999999999999,188.92,True,1.0
quality_5_8_scatter_1,scatter,5,8,uniform,poor,401,32,32,32,138.69,120.42999999999999,268.36,False,1.1516233496637052
quality_5_8_scatter_1,scatter,5,8,uniform,poor,409,32,32,32,133.20999999999998,120.42999999999999,268.36,False,1.1061197376069085
quality_5_8_scatter_1,scatter,5,8,uniform,poor,419,32,32,32,149.15000000000003,120.42999999999999,268.36,False,1.2384787843560578
quality_5_8_scatter_1,scatter,5,8,uniform,poor,421,32,32,32,149.01,120.42999999999999,268.36,False,1.2373162833181102
quality_5_8_scatter_1,scatter,5,8,uniform,poor,401,128,128,128,138.69,120.42999999999999,268.36,False,1.1516233496637052
quality_5_8_scatter_1,scatter,5,8,uniform,poor,409,128,128,128,120.82000000000001,120.42999999999999,268.36,False,1.0032383957485678
quality_5_8_scatter_1,scatter,5,8,uniform,poor,419,128,128,128,127.10999999999999,120.42999999999999,268.36,False,1.0554679066677737
quality_5_8_scatter_1,scatter,5,8,uniform,poor,421,128,128,128,139.92999999999998,120.42999999999999,268.36,False,1.1619197874283815
quality_5_8_scatter_1,scatter,5,8,uniform,poor,401,512,512,512,120.82000000000001,120.42999999999999,268.36,False,1.0032383957485678
quality_5_8_scatter_1,scatter,5,8,uniform,poor,409,512,512,512,120.82000000000001,120.42999999999999,268.36,False,1.0032383957485678
quality_5_8_scatter_1,scatter,5,8,uniform,poor,419,512,512,512,127.10999999999999,120.42999999999999,268.36,False,1.0554679066677737
quality_5_8_scatter_1,scatter,5,8,uniform,poor,421,512,512,512,129.05,120.42999999999999,268.36,False,1.0715768496221874
quality_5_8_scatter_1,scatter,5,8,annealing,poor,401,32,32,32,146.91,120.42999999999999,268.36,False,1.2198787677488998
quality_5_8_scatter_1,scatter,5,8,annealing,poor,409,32,32,32,165.34000000000003,120.42999999999999,268.36,False,1.372913725815827
quality_5_8_scatter_1,scatter,5,8,annealing,poor,419,32,32,32,140.51,120.42999999999999,268.36,False,1.1667358631570206
quality_5_8_scatter_1,scatter,5,8,annealing,poor,421,32,32,32,173.84,120.42999999999999,268.36,False,1.4434941459769162
quality_5_8_scatter_1,scatter,5,8,annealing,poor,401,128,128,128,143.45,120.42999999999999,268.36,False,1.191148384953915
quality_5_8_scatter_1,scatter,5,8,annealing,poor,409,128,128,128,148.79,120.42999999999999,268.36,False,1.2354894959727643
quality_5_8_scatter_1,scatter,5,8,annealing,poor,419,128,128,128,140.51,120.42999999999999,268.36,False,1.1667358631570206
quality_5_8_scatter_1,scatter,5,8,annealing,poor,421,128,128,128,124.14999999999999,120.42999999999999,268.36,False,1.0308893132940298
quality_5_8_scatter_1,scatter,5,8,annealing,poor,401,512,512,512,140.51,120.42999999999999,268.36,False,1.1667358631570206
quality_5_8_scatter_1,scatter,5,8,annealing,poor,409,512,512,512,140.51,120.42999999999999,268.36,False,1.1667358631570206
quality_5_8_scatter_1,scatter,5,8,annealing,poor,419,512,512,512,140.51,120.42999999999999,268.36,False,1.1667358631570206
quality_5_8_scatter_1,scatter,5,8,annealing,poor,421,512,512,512,120.42999999999999,120.42999999999999,268.36,True,1.0
quality_5_8_scatter_1,scatter,5,8,multistart_greedy,poor,401,32,32,32,161.51000000000002,120.42999999999999,268.36,False,1.3411110188491242
quality_5_8_scatter_1,scatter,5,8,multistart_greedy,poor,409,32,32,32,161.51000000000002,120.42999999999999,268.36,False,1.3411110188491242
quality_5_8_scatter_1,scatter,5,8,multistart_greedy,poor,419,32,32,32,161.51000000000002,120.42999999999999,268.36,False,1.3411110188491242
quality_5_8_scatter_1,scatter,5,8,multistart_greedy,poor,421,32,32,32,161.51000000000002,120.42999999999999,268.36,False,1.3411110188491242
quality_5_8_scatter_1,scatter,5,8,multistart_greedy,poor,401,128,128,128,120.82000000000001,120.42999999999999,268.36,False,1.0032383957485678
quality_5_8_scatter_1,scatter,5,8,multistart_greedy,poor,409,128,128,128,120.82000000000001,120.42999999999999,268.36,False,1.0032383957485678
quality_5_8_scatter_1,scatter,5,8,multistart_greedy,poor,419,128,128,128,120.82000000000001,120.42999999999999,268.36,False,1.0032383957485678
quality_5_8_scatter_1,scatter,5,8,multistart_greedy,poor,421,128,128,128,120.82000000000001,120.42999999999999,268.36,False,1.0032383957485678
quality_5_8_scatter_1,scatter,5,8,multistart_greedy,poor,401,512,512,512,120.42999999999999,120.42999999999999,268.36,True,1.0
quality_5_8_scatter_1,scatter,5,8,multistart_greedy,poor,409,512,512,512,120.42999999999999,120.42999999999999,268.36,True,1.0
quality_5_8_scatter_1,scatter,5,8,multistart_greedy,poor,419,512,512,512,120.42999999999999,120.42999999999999,268.36,True,1.0
quality_5_8_scatter_1,scatter,5,8,multistart_greedy,poor,421,512,512,512,120.42999999999999,120.42999999999999,268.36,True,1.0
quality_5_8_scatter_1,scatter,5,8,uniform,random,401,32,32,32,138.69,120.42999999999999,200.65999999999997,False,1.1516233496637052
quality_5_8_scatter_1,scatter,5,8,uniform,random,409,32,32,32,133.20999999999998,120.42999999999999,200.65999999999997,False,1.1061197376069085
quality_5_8_scatter_1,scatter,5,8,uniform,random,419,32,32,32,149.15000000000003,120.42999999999999,200.65999999999997,False,1.2384787843560578
quality_5_8_scatter_1,scatter,5,8,uniform,random,421,32,32,32,149.01,120.42999999999999,200.65999999999997,False,1.2373162833181102
quality_5_8_scatter_1,scatter,5,8,uniform,random,401,128,128,128,138.69,120.42999999999999,200.65999999999997,False,1.1516233496637052
quality_5_8_scatter_1,scatter,5,8,uniform,random,409,128,128,128,120.82000000000001,120.42999999999999,200.65999999999997,False,1.0032383957485678
quality_5_8_scatter_1,scatter,5,8,uniform,random,419,128,128,128,127.10999999999999,120.42999999999999,200.65999999999997,False,1.0554679066677737
quality_5_8_scatter_1,scatter,5,8,uniform,random,421,128,128,128,139.92999999999998,120.42999999999999,200.65999999999997,False,1.1619197874283815
quality_5_8_scatter_1,scatter,5,8,uniform,random,401,512,512,512,120.82000000000001,120.42999999999999,200.65999999999997,False,1.0032383957485678
quality_5_8_scatter_1,scatter,5,8,uniform,random,409,512,512,512,120.82000000000001,120.42999999999999,200.65999999999997,False,1.0032383957485678
quality_5_8_scatter_1,scatter,5,8,uniform,random,419,512,512,512,127.10999999999999,120.42999999999999,200.65999999999997,False,1.0554679066677737
quality_5_8_scatter_1,scatter,5,8,uniform,random,421,512,512,512,129.05,120.42999999999999,200.65999999999997,False,1.0715768496221874
quality_5_8_scatter_1,scatter,5,8,annealing,random,401,32,32,32,144.08,120.42999999999999,200.65999999999997,False,1.1963796396246784
quality_5_8_scatter_1,scatter,5,8,annealing,random,409,32,32,32,133.20999999999998,120.42999999999999,200.65999999999997,False,1.1061197376069085
quality_5_8_scatter_1,scatter,5,8,annealing,random,419,32,32,32,136.35,120.42999999999999,200.65999999999997,False,1.1321929751722992
quality_5_8_scatter_1,scatter,5,8,annealing,random,421,32,32,32,133.20999999999998,120.42999999999999,200.65999999999997,False,1.1061197376069085
quality_5_8_scatter_1,scatter,5,8,annealing,random,401,128,128,128,144.08,120.42999999999999,200.65999999999997,False,1.1963796396246784
quality_5_8_scatter_1,scatter,5,8,annealing,random,409,128,128,128,120.42999999999999,120.42999999999999,200.65999999999997,True,1.0
quality_5_8_scatter_1,scatter,5,8,annealing,random,419,128,128,128,120.42999999999999,120.42999999999999,200.65999999999997,True,1.0
quality_5_8_scatter_1,scatter,5,8,annealing,random,421,128,128,128,120.42999999999999,120.42999999999999,200.65999999999997,True,1.0
quality_5_8_scatter_1,scatter,5,8,annealing,random,401,512,512,512,120.42999999999999,120.42999999999999,200.65999999999997,True,1.0
quality_5_8_scatter_1,scatter,5,8,annealing,random,409,512,512,512,120.42999999999999,120.42999999999999,200.65999999999997,True,1.0
quality_5_8_scatter_1,scatter,5,8,annealing,random,419,512,512,512,120.42999999999999,120.42999999999999,200.65999999999997,True,1.0
quality_5_8_scatter_1,scatter,5,8,annealing,random,421,512,512,512,120.42999999999999,120.42999999999999,200.65999999999997,True,1.0
quality_5_8_scatter_1,scatter,5,8,multistart_greedy,random,401,32,32,32,141.58,120.42999999999999,200.65999999999997,False,1.1756206925184756
quality_5_8_scatter_1,scatter,5,8,multistart_greedy,random,409,32,32,32,141.58,120.42999999999999,200.65999999999997,False,1.1756206925184756
quality_5_8_scatter_1,scatter,5,8,multistart_greedy,random,419,32,32,32,141.58,120.42999999999999,200.65999999999997,False,1.1756206925184756
quality_5_8_scatter_1,scatter,5,8,multistart_greedy,random,421,32,32,32,141.58,120.42999999999999,200.65999999999997,False,1.1756206925184756
quality_5_8_scatter_1,scatter,5,8,multistart_greedy,random,401,128,128,128,120.42999999999999,120.42999999999999,200.65999999999997,True,1.0
quality_5_8_scatter_1,scatter,5,8,multistart_greedy,random,409,128,128,128,120.42999999999999,120.42999999999999,200.65999999999997,True,1.0
quality_5_8_scatter_1,scatter,5,8,multistart_greedy,random,419,128,128,128,120.42999999999999,120.42999999999999,200.65999999999997,True,1.0
quality_5_8_scatter_1,scatter,5,8,multistart_greedy,random,421,128,128,128,120.42999999999999,120.42999999999999,200.65999999999997,True,1.0
quality_5_8_scatter_1,scatter,5,8,multistart_greedy,random,401,512,512,512,120.42999999999999,120.42999999999999,200.65999999999997,True,1.0
quality_5_8_scatter_1,scatter,5,8,multistart_greedy,random,409,512,512,512,120.42999999999999,120.42999999999999,200.65999999999997,True,1.0
quality_5_8_scatter_1,scatter,5,8,multistart_greedy,random,419,512,512,512,120.42999999999999,120.42999999999999,200.65999999999997,True,1.0
quality_5_8_scatter_1,scatter,5,8,multistart_greedy,random,421,512,512,512,120.42999999999999,120.42999999999999,200.65999999999997,True,1.0
quality_5_8_scatter_2,scatter,5,8,uniform,deterministic,401,32,32,32,151.63,141.28,214.44,False,1.0732587768969422
quality_5_8_scatter_2,scatter,5,8,uniform,deterministic,409,32,32,32,153.37,141.28,214.44,False,1.085574745186863
quality_5_8_scatter_2,scatter,5,8,uniform,deterministic,419,32,32,32,141.45999999999998,141.28,214.44,False,1.001274065685164
quality_5_8_scatter_2,scatter,5,8,uniform,deterministic,421,32,32,32,156.47,141.28,214.44,False,1.1075169875424689
quality_5_8_scatter_2,scatter,5,8,uniform,deterministic,401,128,128,128,149.7,141.28,214.44,False,1.0595979614949036
quality_5_8_scatter_2,scatter,5,8,uniform,deterministic,409,128,128,128,148.94000000000003,141.28,214.44,False,1.0542185730464328
quality_5_8_scatter_2,scatter,5,8,uniform,deterministic,419,128,128,128,141.45999999999998,141.28,214.44,False,1.001274065685164
quality_5_8_scatter_2,scatter,5,8,uniform,deterministic,421,128,128,128,147.9,141.28,214.44,False,1.0468573046432617
quality_5_8_scatter_2,scatter,5,8,uniform,deterministic,401,512,512,512,148.1,141.28,214.44,False,1.0482729331823328
quality_5_8_scatter_2,scatter,5,8,uniform,deterministic,409,512,512,512,142.17999999999998,141.28,214.44,False,1.006370328425821
quality_5_8_scatter_2,scatter,5,8,uniform,deterministic,419,512,512,512,141.45999999999998,141.28,214.44,False,1.001274065685164
quality_5_8_scatter_2,scatter,5,8,uniform,deterministic,421,512,512,512,146.33999999999997,141.28,214.44,False,1.0358154020385049
quality_5_8_scatter_2,scatter,5,8,annealing,deterministic,401,32,32,32,145.55999999999997,141.28,214.44,False,1.0302944507361267
quality_5_8_scatter_2,scatter,5,8,annealing,deterministic,409,32,32,32,148.71000000000004,141.28,214.44,False,1.0525906002265009
quality_5_8_scatter_2,scatter,5,8,annealing,deterministic,419,32,32,32,141.28,141.28,214.44,True,1.0
quality_5_8_scatter_2,scatter,5,8,annealing,deterministic,421,32,32,32,141.28,141.28,214.44,True,1.0
quality_5_8_scatter_2,scatter,5,8,annealing,deterministic,401,128,128,128,141.28,141.28,214.44,True,1.0
quality_5_8_scatter_2,scatter,5,8,annealing,deterministic,409,128,128,128,147.27000000000004,141.28,214.44,False,1.042398074745187
quality_5_8_scatter_2,scatter,5,8,annealing,deterministic,419,128,128,128,141.28,141.28,214.44,True,1.0
quality_5_8_scatter_2,scatter,5,8,annealing,deterministic,421,128,128,128,141.28,141.28,214.44,True,1.0
quality_5_8_scatter_2,scatter,5,8,annealing,deterministic,401,512,512,512,145.55999999999997,141.28,214.44,False,1.0302944507361267
quality_5_8_scatter_2,scatter,5,8,annealing,deterministic,409,512,512,512,147.27000000000004,141.28,214.44,False,1.042398074745187
quality_5_8_scatter_2,scatter,5,8,annealing,deterministic,419,512,512,512,141.28,141.28,214.44,True,1.0
quality_5_8_scatter_2,scatter,5,8,annealing,deterministic,421,512,512,512,141.28,141.28,214.44,True,1.0
quality_5_8_scatter_2,scatter,5,8,multistart_greedy,deterministic,401,32,32,32,145.55999999999997,141.28,214.44,False,1.0302944507361267
quality_5_8_scatter_2,scatter,5,8,multistart_greedy,deterministic,409,32,32,32,145.55999999999997,141.28,214.44,False,1.0302944507361267
quality_5_8_scatter_2,scatter,5,8,multistart_greedy,deterministic,419,32,32,32,145.55999999999997,141.28,214.44,False,1.0302944507361267
quality_5_8_scatter_2,scatter,5,8,multistart_greedy,deterministic,421,32,32,32,145.55999999999997,141.28,214.44,False,1.0302944507361267
quality_5_8_scatter_2,scatter,5,8,multistart_greedy,deterministic,401,128,128,128,141.28,141.28,214.44,True,1.0
quality_5_8_scatter_2,scatter,5,8,multistart_greedy,deterministic,409,128,128,128,141.28,141.28,214.44,True,1.0
quality_5_8_scatter_2,scatter,5,8,multistart_greedy,deterministic,419,128,128,128,141.28,141.28,214.44,True,1.0
quality_5_8_scatter_2,scatter,5,8,multistart_greedy,deterministic,421,128,128,128,141.28,141.28,214.44,True,1.0
quality_5_8_scatter_2,scatter,5,8,multistart_greedy,deterministic,401,512,512,512,141.28,141.28,214.44,True,1.0
quality_5_8_scatter_2,scatter,5,8,multistart_greedy,deterministic,409,512,512,512,141.28,141.28,214.44,True,1.0
quality_5_8_scatter_2,scatter,5,8,multistart_greedy,deterministic,419,512,512,512,141.28,141.28,214.44,True,1.0
quality_5_8_scatter_2,scatter,5,8,multistart_greedy,deterministic,421,512,512,512,141.28,141.28,214.44,True,1.0
quality_5_8_scatter_2,scatter,5,8,uniform,poor,401,32,32,32,151.63,141.28,332.34,False,1.0732587768969422
quality_5_8_scatter_2,scatter,5,8,uniform,poor,409,32,32,32,153.37,141.28,332.34,False,1.085574745186863
quality_5_8_scatter_2,scatter,5,8,uniform,poor,419,32,32,32,141.45999999999998,141.28,332.34,False,1.001274065685164
quality_5_8_scatter_2,scatter,5,8,uniform,poor,421,32,32,32,156.47,141.28,332.34,False,1.1075169875424689
quality_5_8_scatter_2,scatter,5,8,uniform,poor,401,128,128,128,149.7,141.28,332.34,False,1.0595979614949036
quality_5_8_scatter_2,scatter,5,8,uniform,poor,409,128,128,128,148.94000000000003,141.28,332.34,False,1.0542185730464328
quality_5_8_scatter_2,scatter,5,8,uniform,poor,419,128,128,128,141.45999999999998,141.28,332.34,False,1.001274065685164
quality_5_8_scatter_2,scatter,5,8,uniform,poor,421,128,128,128,147.9,141.28,332.34,False,1.0468573046432617
quality_5_8_scatter_2,scatter,5,8,uniform,poor,401,512,512,512,148.1,141.28,332.34,False,1.0482729331823328
quality_5_8_scatter_2,scatter,5,8,uniform,poor,409,512,512,512,142.17999999999998,141.28,332.34,False,1.006370328425821
quality_5_8_scatter_2,scatter,5,8,uniform,poor,419,512,512,512,141.45999999999998,141.28,332.34,False,1.001274065685164
quality_5_8_scatter_2,scatter,5,8,uniform,poor,421,512,512,512,146.33999999999997,141.28,332.34,False,1.0358154020385049
quality_5_8_scatter_2,scatter,5,8,annealing,poor,401,32,32,32,147.27000000000004,141.28,332.34,False,1.042398074745187
quality_5_8_scatter_2,scatter,5,8,annealing,poor,409,32,32,32,148.71000000000004,141.28,332.34,False,1.0525906002265009
quality_5_8_scatter_2,scatter,5,8,annealing,poor,419,32,32,32,189.26000000000002,141.28,332.34,False,1.3396092865232165
quality_5_8_scatter_2,scatter,5,8,annealing,poor,421,32,32,32,149.41000000000003,141.28,332.34,False,1.0575453001132504
quality_5_8_scatter_2,scatter,5,8,annealing,poor,401,128,128,128,147.27000000000004,141.28,332.34,False,1.042398074745187
quality_5_8_scatter_2,scatter,5,8,annealing,poor,409,128,128,128,147.32,141.28,332.34,False,1.0427519818799547
quality_5_8_scatter_2,scatter,5,8,annealing,poor,419,128,128,128,148.1,141.28,332.34,False,1.0482729331823328
quality_5_8_scatter_2,scatter,5,8,annealing,poor,421,128,128,128,141.45999999999998,141.28,332.34,False,1.001274065685164
quality_5_8_scatter_2,scatter,5,8,annealing,poor,401,512,512,512,141.28,141.28,332.34,True,1.0
quality_5_8_scatter_2,scatter,5,8,annealing,poor,409,512,512,512,144.87,141.28,332.34,False,1.0254105322763307
quality_5_8_scatter_2,scatter,5,8,annealing,poor,419,512,512,512,144.87,141.28,332.34,False,1.0254105322763307
quality_5_8_scatter_2,scatter,5,8,annealing,poor,421,512,512,512,141.28,141.28,332.34,True,1.0
quality_5_8_scatter_2,scatter,5,8,multistart_greedy,poor,401,32,32,32,210.68,141.28,332.34,False,1.4912231030577576
quality_5_8_scatter_2,scatter,5,8,multistart_greedy,poor,409,32,32,32,210.68,141.28,332.34,False,1.4912231030577576
quality_5_8_scatter_2,scatter,5,8,multistart_greedy,poor,419,32,32,32,210.68,141.28,332.34,False,1.4912231030577576
quality_5_8_scatter_2,scatter,5,8,multistart_greedy,poor,421,32,32,32,210.68,141.28,332.34,False,1.4912231030577576
quality_5_8_scatter_2,scatter,5,8,multistart_greedy,poor,401,128,128,128,146.78,141.28,332.34,False,1.038929784824462
quality_5_8_scatter_2,scatter,5,8,multistart_greedy,poor,409,128,128,128,146.78,141.28,332.34,False,1.038929784824462
quality_5_8_scatter_2,scatter,5,8,multistart_greedy,poor,419,128,128,128,146.78,141.28,332.34,False,1.038929784824462
quality_5_8_scatter_2,scatter,5,8,multistart_greedy,poor,421,128,128,128,146.78,141.28,332.34,False,1.038929784824462
quality_5_8_scatter_2,scatter,5,8,multistart_greedy,poor,401,512,512,512,141.28,141.28,332.34,True,1.0
quality_5_8_scatter_2,scatter,5,8,multistart_greedy,poor,409,512,512,512,141.28,141.28,332.34,True,1.0
quality_5_8_scatter_2,scatter,5,8,multistart_greedy,poor,419,512,512,512,141.28,141.28,332.34,True,1.0
quality_5_8_scatter_2,scatter,5,8,multistart_greedy,poor,421,512,512,512,141.28,141.28,332.34,True,1.0
quality_5_8_scatter_2,scatter,5,8,uniform,random,401,32,32,32,151.63,141.28,193.5,False,1.0732587768969422
quality_5_8_scatter_2,scatter,5,8,uniform,random,409,32,32,32,153.37,141.28,193.5,False,1.085574745186863
quality_5_8_scatter_2,scatter,5,8,uniform,random,419,32,32,32,141.45999999999998,141.28,193.5,False,1.001274065685164
quality_5_8_scatter_2,scatter,5,8,uniform,random,421,32,32,32,156.47,141.28,193.5,False,1.1075169875424689
quality_5_8_scatter_2,scatter,5,8,uniform,random,401,128,128,128,149.7,141.28,193.5,False,1.0595979614949036
quality_5_8_scatter_2,scatter,5,8,uniform,random,409,128,128,128,148.94000000000003,141.28,193.5,False,1.0542185730464328
quality_5_8_scatter_2,scatter,5,8,uniform,random,419,128,128,128,141.45999999999998,141.28,193.5,False,1.001274065685164
quality_5_8_scatter_2,scatter,5,8,uniform,random,421,128,128,128,147.9,141.28,193.5,False,1.0468573046432617
quality_5_8_scatter_2,scatter,5,8,uniform,random,401,512,512,512,148.1,141.28,193.5,False,1.0482729331823328
quality_5_8_scatter_2,scatter,5,8,uniform,random,409,512,512,512,142.17999999999998,141.28,193.5,False,1.006370328425821
quality_5_8_scatter_2,scatter,5,8,uniform,random,419,512,512,512,141.45999999999998,141.28,193.5,False,1.001274065685164
quality_5_8_scatter_2,scatter,5,8,uniform,random,421,512,512,512,146.33999999999997,141.28,193.5,False,1.0358154020385049
quality_5_8_scatter_2,scatter,5,8,annealing,random,401,32,32,32,141.28,141.28,193.5,True,1.0
quality_5_8_scatter_2,scatter,5,8,annealing,random,409,32,32,32,148.71000000000004,141.28,193.5,False,1.0525906002265009
quality_5_8_scatter_2,scatter,5,8,annealing,random,419,32,32,32,174.31,141.28,193.5,False,1.233791053227633
quality_5_8_scatter_2,scatter,5,8,annealing,random,421,32,32,32,148.94000000000003,141.28,193.5,False,1.0542185730464328
quality_5_8_scatter_2,scatter,5,8,annealing,random,401,128,128,128,141.28,141.28,193.5,True,1.0
quality_5_8_scatter_2,scatter,5,8,annealing,random,409,128,128,128,147.27000000000004,141.28,193.5,False,1.042398074745187
quality_5_8_scatter_2,scatter,5,8,annealing,random,419,128,128,128,141.28,141.28,193.5,True,1.0
quality_5_8_scatter_2,scatter,5,8,annealing,random,421,128,128,128,148.94000000000003,141.28,193.5,False,1.0542185730464328
quality_5_8_scatter_2,scatter,5,8,annealing,random,401,512,512,512,141.28,141.28,193.5,True,1.0
quality_5_8_scatter_2,scatter,5,8,annealing,random,409,512,512,512,144.87,141.28,193.5,False,1.0254105322763307
quality_5_8_scatter_2,scatter,5,8,annealing,random,419,512,512,512,141.28,141.28,193.5,True,1.0
quality_5_8_scatter_2,scatter,5,8,annealing,random,421,512,512,512,144.87,141.28,193.5,False,1.0254105322763307
quality_5_8_scatter_2,scatter,5,8,multistart_greedy,random,401,32,32,32,141.45999999999998,141.28,193.5,False,1.001274065685164
quality_5_8_scatter_2,scatter,5,8,multistart_greedy,random,409,32,32,32,141.45999999999998,141.28,193.5,False,1.001274065685164
quality_5_8_scatter_2,scatter,5,8,multistart_greedy,random,419,32,32,32,141.45999999999998,141.28,193.5,False,1.001274065685164
quality_5_8_scatter_2,scatter,5,8,multistart_greedy,random,421,32,32,32,141.45999999999998,141.28,193.5,False,1.001274065685164
quality_5_8_scatter_2,scatter,5,8,multistart_greedy,random,401,128,128,128,141.28,141.28,193.5,True,1.0
quality_5_8_scatter_2,scatter,5,8,multistart_greedy,random,409,128,128,128,141.28,141.28,193.5,True,1.0
quality_5_8_scatter_2,scatter,5,8,multistart_greedy,random,419,128,128,128,141.28,141.28,193.5,True,1.0
quality_5_8_scatter_2,scatter,5,8,multistart_greedy,random,421,128,128,128,141.28,141.28,193.5,True,1.0
quality_5_8_scatter_2,scatter,5,8,multistart_greedy,random,401,512,512,512,141.28,141.28,193.5,True,1.0
quality_5_8_scatter_2,scatter,5,8,multistart_greedy,random,409,512,512,512,141.28,141.28,193.5,True,1.0
quality_5_8_scatter_2,scatter,5,8,multistart_greedy,random,419,512,512,512,141.28,141.28,193.5,True,1.0
quality_5_8_scatter_2,scatter,5,8,multistart_greedy,random,421,512,512,512,141.28,141.28,193.5,True,1.0
quality_5_8_scatter_3,scatter,5,8,uniform,deterministic,401,32,32,32,142.71,107.61,171.93,False,1.3261778645107334
quality_5_8_scatter_3,scatter,5,8,uniform,deterministic,409,32,32,32,155.66000000000003,107.61,171.93,False,1.4465198401635537
quality_5_8_scatter_3,scatter,5,8,uniform,deterministic,419,32,32,32,116.55000000000001,107.61,171.93,False,1.0830777808753835
quality_5_8_scatter_3,scatter,5,8,uniform,deterministic,421,32,32,32,134.15,107.61,171.93,False,1.2466313539633864
quality_5_8_scatter_3,scatter,5,8,uniform,deterministic,401,128,128,128,135.71,107.61,171.93,False,1.2611281479416412
quality_5_8_scatter_3,scatter,5,8,uniform,deterministic,409,128,128,128,136.46,107.61,171.93,False,1.2680977604311867
quality_5_8_scatter_3,scatter,5,8,uniform,deterministic,419,128,128,128,116.55000000000001,107.61,171.93,False,1.0830777808753835
quality_5_8_scatter_3,scatter,5,8,uniform,deterministic,421,128,128,128,122.57,107.61,171.93,False,1.1390205371248026
quality_5_8_scatter_3,scatter,5,8,uniform,deterministic,401,512,512,512,120.97999999999999,107.61,171.93,False,1.1242449586469658
quality_5_8_scatter_3,scatter,5,8,uniform,deterministic,409,512,512,512,123.41999999999999,107.61,171.93,False,1.1469194312796207
quality_5_8_scatter_3,scatter,5,8,uniform,deterministic,419,512,512,512,116.55000000000001,107.61,171.93,False,1.0830777808753835
quality_5_8_scatter_3,scatter,5,8,uniform,deterministic,421,512,512,512,116.18,107.61,171.93,False,1.0796394387138744
quality_5_8_scatter_3,scatter,5,8,annealing,deterministic,401,32,32,32,108.19999999999999,107.61,171.93,False,1.005482761825109
quality_5_8_scatter_3,scatter,5,8,annealing,deterministic,409,32,32,32,113.09,107.61,171.93,False,1.0509246352569463
quality_5_8_scatter_3,scatter,5,8,annealing,deterministic,419,32,32,32,140.18,107.61,171.93,False,1.3026670383793328
quality_5_8_scatter_3,scatter,5,8,annealing,deterministic,421,32,32,32,116.55000000000001,107.61,171.93,False,1.0830777808753835
quality_5_8_scatter_3,scatter,5,8,annealing,deterministic,401,128,128,128,108.19999999999999,107.61,171.93,False,1.005482761825109
quality_5_8_scatter_3,scatter,5,8,annealing,deterministic,409,128,128,128,107.84000000000002,107.61,171.93,False,1.0021373478301274
quality_5_8_scatter_3,scatter,5,8,annealing,deterministic,419,128,128,128,107.84000000000002,107.61,171.93,False,1.0021373478301274
quality_5_8_scatter_3,scatter,5,8,annealing,deterministic,421,128,128,128,116.55000000000001,107.61,171.93,False,1.0830777808753835
quality_5_8_scatter_3,scatter,5,8,annealing,deterministic,401,512,512,512,108.19999999999999,107.61,171.93,False,1.005482761825109
quality_5_8_scatter_3,scatter,5,8,annealing,deterministic,409,512,512,512,107.84000000000002,107.61,171.93,False,1.0021373478301274
quality_5_8_scatter_3,scatter,5,8,annealing,deterministic,419,512,512,512,107.84000000000002,107.61,171.93,False,1.0021373478301274
quality_5_8_scatter_3,scatter,5,8,annealing,deterministic,421,512,512,512,116.55000000000001,107.61,171.93,False,1.0830777808753835
quality_5_8_scatter_3,scatter,5,8,multistart_greedy,deterministic,401,32,32,32,116.91999999999999,107.61,171.93,False,1.0865161230368923
quality_5_8_scatter_3,scatter,5,8,multistart_greedy,deterministic,409,32,32,32,116.91999999999999,107.61,171.93,False,1.0865161230368923
quality_5_8_scatter_3,scatter,5,8,multistart_greedy,deterministic,419,32,32,32,116.91999999999999,107.61,171.93,False,1.0865161230368923
quality_5_8_scatter_3,scatter,5,8,multistart_greedy,deterministic,421,32,32,32,116.91999999999999,107.61,171.93,False,1.0865161230368923
quality_5_8_scatter_3,scatter,5,8,multistart_greedy,deterministic,401,128,128,128,108.19999999999999,107.61,171.93,False,1.005482761825109
quality_5_8_scatter_3,scatter,5,8,multistart_greedy,deterministic,409,128,128,128,108.19999999999999,107.61,171.93,False,1.005482761825109
quality_5_8_scatter_3,scatter,5,8,multistart_greedy,deterministic,419,128,128,128,108.19999999999999,107.61,171.93,False,1.005482761825109
quality_5_8_scatter_3,scatter,5,8,multistart_greedy,deterministic,421,128,128,128,108.19999999999999,107.61,171.93,False,1.005482761825109
quality_5_8_scatter_3,scatter,5,8,multistart_greedy,deterministic,401,512,512,512,107.61,107.61,171.93,True,1.0
quality_5_8_scatter_3,scatter,5,8,multistart_greedy,deterministic,409,512,512,512,107.84000000000002,107.61,171.93,False,1.0021373478301274
quality_5_8_scatter_3,scatter,5,8,multistart_greedy,deterministic,419,512,512,512,107.61,107.61,171.93,True,1.0
quality_5_8_scatter_3,scatter,5,8,multistart_greedy,deterministic,421,512,512,512,108.19999999999999,107.61,171.93,False,1.005482761825109
quality_5_8_scatter_3,scatter,5,8,uniform,poor,401,32,32,32,142.71,107.61,268.53000000000003,False,1.3261778645107334
quality_5_8_scatter_3,scatter,5,8,uniform,poor,409,32,32,32,155.66000000000003,107.61,268.53000000000003,False,1.4465198401635537
quality_5_8_scatter_3,scatter,5,8,uniform,poor,419,32,32,32,116.55000000000001,107.61,268.53000000000003,False,1.0830777808753835
quality_5_8_scatter_3,scatter,5,8,uniform,poor,421,32,32,32,134.15,107.61,268.53000000000003,False,1.2466313539633864
quality_5_8_scatter_3,scatter,5,8,uniform,poor,401,128,128,128,135.71,107.61,268.53000000000003,False,1.2611281479416412
quality_5_8_scatter_3,scatter,5,8,uniform,poor,409,128,128,128,136.46,107.61,268.53000000000003,False,1.2680977604311867
quality_5_8_scatter_3,scatter,5,8,uniform,poor,419,128,128,128,116.55000000000001,107.61,268.53000000000003,False,1.0830777808753835
quality_5_8_scatter_3,scatter,5,8,uniform,poor,421,128,128,128,122.57,107.61,268.53000000000003,False,1.1390205371248026
quality_5_8_scatter_3,scatter,5,8,uniform,poor,401,512,512,512,120.97999999999999,107.61,268.53000000000003,False,1.1242449586469658
quality_5_8_scatter_3,scatter,5,8,uniform,poor,409,512,512,512,123.41999999999999,107.61,268.53000000000003,False,1.1469194312796207
quality_5_8_scatter_3,scatter,5,8,uniform,poor,419,512,512,512,116.55000000000001,107.61,268.53000000000003,False,1.0830777808753835
quality_5_8_scatter_3,scatter,5,8,uniform,poor,421,512,512,512,116.18,107.61,268.53000000000003,False,1.0796394387138744
quality_5_8_scatter_3,scatter,5,8,annealing,poor,401,32,32,32,108.19999999999999,107.61,268.53000000000003,False,1.005482761825109
quality_5_8_scatter_3,scatter,5,8,annealing,poor,409,32,32,32,140.2,107.61,268.53000000000003,False,1.3028528947123872
quality_5_8_scatter_3,scatter,5,8,annealing,poor,419,32,32,32,143.88,107.61,268.53000000000003,False,1.3370504599944242
quality_5_8_scatter_3,scatter,5,8,annealing,poor,421,32,32,32,130.58,107.61,268.53000000000003,False,1.2134559985131494
quality_5_8_scatter_3,scatter,5,8,annealing,poor,401,128,128,128,108.19999999999999,107.61,268.53000000000003,False,1.005482761825109
quality_5_8_scatter_3,scatter,5,8,annealing,poor,409,128,128,128,107.84000000000002,107.61,268.53000000000003,False,1.0021373478301274
quality_5_8_scatter_3,scatter,5,8,annealing,poor,419,128,128,128,123.41999999999999,107.61,268.53000000000003,False,1.1469194312796207
quality_5_8_scatter_3,scatter,5,8,annealing,poor,421,128,128,128,120.97999999999999,107.61,268.53000000000003,False,1.1242449586469658
quality_5_8_scatter_3,scatter,5,8,annealing,poor,401,512,512,512,107.84000000000002,107.61,268.53000000000003,False,1.0021373478301274
quality_5_8_scatter_3,scatter,5,8,annealing,poor,409,512,512,512,107.84000000000002,107.61,268.53000000000003,False,1.0021373478301274
quality_5_8_scatter_3,scatter,5,8,annealing,poor,419,512,512,512,123.08999999999999,107.61,268.53000000000003,False,1.1438528017842207
quality_5_8_scatter_3,scatter,5,8,annealing,poor,421,512,512,512,123.08999999999999,107.61,268.53000000000003,False,1.1438528017842207
quality_5_8_scatter_3,scatter,5,8,multistart_greedy,poor,401,32,32,32,144.15,107.61,268.53000000000003,False,1.3395595204906607
quality_5_8_scatter_3,scatter,5,8,multistart_greedy,poor,409,32,32,32,144.15,107.61,268.53000000000003,False,1.3395595204906607
quality_5_8_scatter_3,scatter,5,8,multistart_greedy,poor,419,32,32,32,144.15,107.61,268.53000000000003,False,1.3395595204906607
quality_5_8_scatter_3,scatter,5,8,multistart_greedy,poor,421,32,32,32,144.15,107.61,268.53000000000003,False,1.3395595204906607
quality_5_8_scatter_3,scatter,5,8,multistart_greedy,poor,401,128,128,128,107.84000000000002,107.61,268.53000000000003,False,1.0021373478301274
quality_5_8_scatter_3,scatter,5,8,multistart_greedy,poor,409,128,128,128,107.84000000000002,107.61,268.53000000000003,False,1.0021373478301274
quality_5_8_scatter_3,scatter,5,8,multistart_greedy,poor,419,128,128,128,107.84000000000002,107.61,268.53000000000003,False,1.0021373478301274
quality_5_8_scatter_3,scatter,5,8,multistart_greedy,poor,421,128,128,128,107.84000000000002,107.61,268.53000000000003,False,1.0021373478301274
quality_5_8_scatter_3,scatter,5,8,multistart_greedy,poor,401,512,512,512,107.61,107.61,268.53000000000003,True,1.0
quality_5_8_scatter_3,scatter,5,8,multistart_greedy,poor,409,512,512,512,107.84000000000002,107.61,268.53000000000003,False,1.0021373478301274
quality_5_8_scatter_3,scatter,5,8,multistart_greedy,poor,419,512,512,512,107.84000000000002,107.61,268.53000000000003,False,1.0021373478301274
quality_5_8_scatter_3,scatter,5,8,multistart_greedy,poor,421,512,512,512,107.84000000000002,107.61,268.53000000000003,False,1.0021373478301274
quality_5_8_scatter_3,scatter,5,8,uniform,random,401,32,32,32,142.71,107.61,203.72,False,1.3261778645107334
quality_5_8_scatter_3,scatter,5,8,uniform,random,409,32,32,32,155.66000000000003,107.61,203.72,False,1.4465198401635537
quality_5_8_scatter_3,scatter,5,8,uniform,random,419,32,32,32,116.55000000000001,107.61,203.72,False,1.0830777808753835
quality_5_8_scatter_3,scatter,5,8,uniform,random,421,32,32,32,134.15,107.61,203.72,False,1.2466313539633864
quality_5_8_scatter_3,scatter,5,8,uniform,random,401,128,128,128,135.71,107.61,203.72,False,1.2611281479416412
quality_5_8_scatter_3,scatter,5,8,uniform,random,409,128,128,128,136.46,107.61,203.72,False,1.2680977604311867
quality_5_8_scatter_3,scatter,5,8,uniform,random,419,128,128,128,116.55000000000001,107.61,203.72,False,1.0830777808753835
quality_5_8_scatter_3,scatter,5,8,uniform,random,421,128,128,128,122.57,107.61,203.72,False,1.1390205371248026
quality_5_8_scatter_3,scatter,5,8,uniform,random,401,512,512,512,120.97999999999999,107.61,203.72,False,1.1242449586469658
quality_5_8_scatter_3,scatter,5,8,uniform,random,409,512,512,512,123.41999999999999,107.61,203.72,False,1.1469194312796207
quality_5_8_scatter_3,scatter,5,8,uniform,random,419,512,512,512,116.55000000000001,107.61,203.72,False,1.0830777808753835
quality_5_8_scatter_3,scatter,5,8,uniform,random,421,512,512,512,116.18,107.61,203.72,False,1.0796394387138744
quality_5_8_scatter_3,scatter,5,8,annealing,random,401,32,32,32,156.22,107.61,203.72,False,1.451723817489081
quality_5_8_scatter_3,scatter,5,8,annealing,random,409,32,32,32,150.71000000000004,107.61,203.72,False,1.400520397732553
quality_5_8_scatter_3,scatter,5,8,annealing,random,419,32,32,32,136.9,107.61,203.72,False,1.2721865997583868
quality_5_8_scatter_3,scatter,5,8,annealing,random,421,32,32,32,133.34,107.61,203.72,False,1.2391041724746772
quality_5_8_scatter_3,scatter,5,8,annealing,random,401,128,128,128,120.97999999999999,107.61,203.72,False,1.1242449586469658
quality_5_8_scatter_3,scatter,5,8,annealing,random,409,128,128,128,107.84000000000002,107.61,203.72,False,1.0021373478301274
quality_5_8_scatter_3,scatter,5,8,annealing,random,419,128,128,128,120.97999999999999,107.61,203.72,False,1.1242449586469658
quality_5_8_scatter_3,scatter,5,8,annealing,random,421,128,128,128,120.97999999999999,107.61,203.72,False,1.1242449586469658
quality_5_8_scatter_3,scatter,5,8,annealing,random,401,512,512,512,107.84000000000002,107.61,203.72,False,1.0021373478301274
quality_5_8_scatter_3,scatter,5,8,annealing,random,409,512,512,512,107.84000000000002,107.61,203.72,False,1.0021373478301274
quality_5_8_scatter_3,scatter,5,8,annealing,random,419,512,512,512,120.97999999999999,107.61,203.72,False,1.1242449586469658
quality_5_8_scatter_3,scatter,5,8,annealing,random,421,512,512,512,120.97999999999999,107.61,203.72,False,1.1242449586469658
quality_5_8_scatter_3,scatter,5,8,multistart_greedy,random,401,32,32,32,161.72,107.61,203.72,False,1.5028343090790819
quality_5_8_scatter_3,scatter,5,8,multistart_greedy,random,409,32,32,32,161.72,107.61,203.72,False,1.5028343090790819
quality_5_8_scatter_3,scatter,5,8,multistart_greedy,random,419,32,32,32,161.72,107.61,203.72,False,1.5028343090790819
quality_5_8_scatter_3,scatter,5,8,multistart_greedy,random,421,32,32,32,161.72,107.61,203.72,False,1.5028343090790819
quality_5_8_scatter_3,scatter,5,8,multistart_greedy,random,401,128,128,128,138.76,107.61,203.72,False,1.2894712387324598
quality_5_8_scatter_3,scatter,5,8,multistart_greedy,random,409,128,128,128,138.76,107.61,203.72,False,1.2894712387324598
quality_5_8_scatter_3,scatter,5,8,multistart_greedy,random,419,128,128,128,138.76,107.61,203.72,False,1.2894712387324598
quality_5_8_scatter_3,scatter,5,8,multistart_greedy,random,421,128,128,128,138.76,107.61,203.72,False,1.2894712387324598
quality_5_8_scatter_3,scatter,5,8,multistart_greedy,random,401,512,512,512,107.61,107.61,203.72,True,1.0
quality_5_8_scatter_3,scatter,5,8,multistart_greedy,random,409,512,512,512,107.84000000000002,107.61,203.72,False,1.0021373478301274
quality_5_8_scatter_3,scatter,5,8,multistart_greedy,random,419,512,512,512,120.97999999999999,107.61,203.72,False,1.1242449586469658
quality_5_8_scatter_3,scatter,5,8,multistart_greedy,random,421,512,512,512,120.97999999999999,107.61,203.72,False,1.1242449586469658
quality_6_8_compact_0,compact,6,8,uniform,deterministic,401,32,32,32,33.47,28.210000000000004,39.940000000000005,False,1.1864587025877347
quality_6_8_compact_0,compact,6,8,uniform,deterministic,409,32,32,32,35.559999999999995,28.210000000000004,39.940000000000005,False,1.2605459057071957
quality_6_8_compact_0,compact,6,8,uniform,deterministic,419,32,32,32,33.78,28.210000000000004,39.940000000000005,False,1.1974477135767456
quality_6_8_compact_0,compact,6,8,uniform,deterministic,421,32,32,32,30.560000000000002,28.210000000000004,39.940000000000005,False,1.0833037929812122
quality_6_8_compact_0,compact,6,8,uniform,deterministic,401,128,128,128,33.47,28.210000000000004,39.940000000000005,False,1.1864587025877347
quality_6_8_compact_0,compact,6,8,uniform,deterministic,409,128,128,128,31.670000000000005,28.210000000000004,39.940000000000005,False,1.1226515420063807
quality_6_8_compact_0,compact,6,8,uniform,deterministic,419,128,128,128,29.51,28.210000000000004,39.940000000000005,False,1.0460829493087556
quality_6_8_compact_0,compact,6,8,uniform,deterministic,421,128,128,128,30.560000000000002,28.210000000000004,39.940000000000005,False,1.0833037929812122
quality_6_8_compact_0,compact,6,8,uniform,deterministic,401,512,512,512,30.070000000000007,28.210000000000004,39.940000000000005,False,1.065934065934066
quality_6_8_compact_0,compact,6,8,uniform,deterministic,409,512,512,512,30.080000000000005,28.210000000000004,39.940000000000005,False,1.0662885501595178
quality_6_8_compact_0,compact,6,8,uniform,deterministic,419,512,512,512,28.210000000000004,28.210000000000004,39.940000000000005,True,1.0
quality_6_8_compact_0,compact,6,8,uniform,deterministic,421,512,512,512,30.560000000000002,28.210000000000004,39.940000000000005,False,1.0833037929812122
quality_6_8_compact_0,compact,6,8,annealing,deterministic,401,32,32,32,36.24000000000001,28.210000000000004,39.940000000000005,False,1.28465083303793
quality_6_8_compact_0,compact,6,8,annealing,deterministic,409,32,32,32,35.11,28.210000000000004,39.940000000000005,False,1.2445941155618572
quality_6_8_compact_0,compact,6,8,annealing,deterministic,419,32,32,32,30.66,28.210000000000004,39.940000000000005,False,1.0868486352357318
quality_6_8_compact_0,compact,6,8,annealing,deterministic,421,32,32,32,30.860000000000003,28.210000000000004,39.940000000000005,False,1.0939383197447714
quality_6_8_compact_0,compact,6,8,annealing,deterministic,401,128,128,128,29.330000000000002,28.210000000000004,39.940000000000005,False,1.0397022332506203
quality_6_8_compact_0,compact,6,8,annealing,deterministic,409,128,128,128,28.210000000000004,28.210000000000004,39.940000000000005,True,1.0
quality_6_8_compact_0,compact,6,8,annealing,deterministic,419,128,128,128,28.88000000000001,28.210000000000004,39.940000000000005,False,1.023750443105282
quality_6_8_compact_0,compact,6,8,annealing,deterministic,421,128,128,128,30.860000000000003,28.210000000000004,39.940000000000005,False,1.0939383197447714
quality_6_8_compact_0,compact,6,8,annealing,deterministic,401,512,512,512,29.330000000000002,28.210000000000004,39.940000000000005,False,1.0397022332506203
quality_6_8_compact_0,compact,6,8,annealing,deterministic,409,512,512,512,28.210000000000004,28.210000000000004,39.940000000000005,True,1.0
quality_6_8_compact_0,compact,6,8,annealing,deterministic,419,512,512,512,28.88000000000001,28.210000000000004,39.940000000000005,False,1.023750443105282
quality_6_8_compact_0,compact,6,8,annealing,deterministic,421,512,512,512,30.860000000000003,28.210000000000004,39.940000000000005,False,1.0939383197447714
quality_6_8_compact_0,compact,6,8,multistart_greedy,deterministic,401,32,32,32,38.04,28.210000000000004,39.940000000000005,False,1.3484579936192838
quality_6_8_compact_0,compact,6,8,multistart_greedy,deterministic,409,32,32,32,38.04,28.210000000000004,39.940000000000005,False,1.3484579936192838
quality_6_8_compact_0,compact,6,8,multistart_greedy,deterministic,419,32,32,32,38.04,28.210000000000004,39.940000000000005,False,1.3484579936192838
quality_6_8_compact_0,compact,6,8,multistart_greedy,deterministic,421,32,32,32,38.04,28.210000000000004,39.940000000000005,False,1.3484579936192838
quality_6_8_compact_0,compact,6,8,multistart_greedy,deterministic,401,128,128,128,33.00000000000001,28.210000000000004,39.940000000000005,False,1.1697979439914925
quality_6_8_compact_0,compact,6,8,multistart_greedy,deterministic,409,128,128,128,33.00000000000001,28.210000000000004,39.940000000000005,False,1.1697979439914925
quality_6_8_compact_0,compact,6,8,multistart_greedy,deterministic,419,128,128,128,33.00000000000001,28.210000000000004,39.940000000000005,False,1.1697979439914925
quality_6_8_compact_0,compact,6,8,multistart_greedy,deterministic,421,128,128,128,33.00000000000001,28.210000000000004,39.940000000000005,False,1.1697979439914925
quality_6_8_compact_0,compact,6,8,multistart_greedy,deterministic,401,512,512,512,28.210000000000004,28.210000000000004,39.940000000000005,True,1.0
quality_6_8_compact_0,compact,6,8,multistart_greedy,deterministic,409,512,512,512,28.949999999999996,28.210000000000004,39.940000000000005,False,1.0262318326834452
quality_6_8_compact_0,compact,6,8,multistart_greedy,deterministic,419,512,512,512,28.210000000000004,28.210000000000004,39.940000000000005,True,1.0
quality_6_8_compact_0,compact,6,8,multistart_greedy,deterministic,421,512,512,512,28.210000000000004,28.210000000000004,39.940000000000005,True,1.0
quality_6_8_compact_0,compact,6,8,uniform,poor,401,32,32,32,33.47,28.210000000000004,58.26,False,1.1864587025877347
quality_6_8_compact_0,compact,6,8,uniform,poor,409,32,32,32,35.559999999999995,28.210000000000004,58.26,False,1.2605459057071957
quality_6_8_compact_0,compact,6,8,uniform,poor,419,32,32,32,33.78,28.210000000000004,58.26,False,1.1974477135767456
quality_6_8_compact_0,compact,6,8,uniform,poor,421,32,32,32,30.560000000000002,28.210000000000004,58.26,False,1.0833037929812122
quality_6_8_compact_0,compact,6,8,uniform,poor,401,128,128,128,33.47,28.210000000000004,58.26,False,1.1864587025877347
quality_6_8_compact_0,compact,6,8,uniform,poor,409,128,128,128,31.670000000000005,28.210000000000004,58.26,False,1.1226515420063807
quality_6_8_compact_0,compact,6,8,uniform,poor,419,128,128,128,29.51,28.210000000000004,58.26,False,1.0460829493087556
quality_6_8_compact_0,compact,6,8,uniform,poor,421,128,128,128,30.560000000000002,28.210000000000004,58.26,False,1.0833037929812122
quality_6_8_compact_0,compact,6,8,uniform,poor,401,512,512,512,30.070000000000007,28.210000000000004,58.26,False,1.065934065934066
quality_6_8_compact_0,compact,6,8,uniform,poor,409,512,512,512,30.080000000000005,28.210000000000004,58.26,False,1.0662885501595178
quality_6_8_compact_0,compact,6,8,uniform,poor,419,512,512,512,28.210000000000004,28.210000000000004,58.26,True,1.0
quality_6_8_compact_0,compact,6,8,uniform,poor,421,512,512,512,30.560000000000002,28.210000000000004,58.26,False,1.0833037929812122
quality_6_8_compact_0,compact,6,8,annealing,poor,401,32,32,32,34.53,28.210000000000004,58.26,False,1.2240340304856432
quality_6_8_compact_0,compact,6,8,annealing,poor,409,32,32,32,32.02,28.210000000000004,58.26,False,1.1350584898971996
quality_6_8_compact_0,compact,6,8,annealing,poor,419,32,32,32,34.44,28.210000000000004,58.26,False,1.2208436724565754
quality_6_8_compact_0,compact,6,8,annealing,poor,421,32,32,32,38.74,28.210000000000004,58.26,False,1.3732718894009215
quality_6_8_compact_0,compact,6,8,annealing,poor,401,128,128,128,30.860000000000003,28.210000000000004,58.26,False,1.0939383197447714
quality_6_8_compact_0,compact,6,8,annealing,poor,409,128,128,128,28.210000000000004,28.210000000000004,58.26,True,1.0
quality_6_8_compact_0,compact,6,8,annealing,poor,419,128,128,128,28.88000000000001,28.210000000000004,58.26,False,1.023750443105282
quality_6_8_compact_0,compact,6,8,annealing,poor,421,128,128,128,30.860000000000003,28.210000000000004,58.26,False,1.0939383197447714
quality_6_8_compact_0,compact,6,8,annealing,poor,401,512,512,512,28.210000000000004,28.210000000000004,58.26,True,1.0
quality_6_8_compact_0,compact,6,8,annealing,poor,409,512,512,512,28.210000000000004,28.210000000000004,58.26,True,1.0
quality_6_8_compact_0,compact,6,8,annealing,poor,419,512,512,512,28.210000000000004,28.210000000000004,58.26,True,1.0
quality_6_8_compact_0,compact,6,8,annealing,poor,421,512,512,512,30.860000000000003,28.210000000000004,58.26,False,1.0939383197447714
quality_6_8_compact_0,compact,6,8,multistart_greedy,poor,401,32,32,32,39.32,28.210000000000004,58.26,False,1.3938319744771355
quality_6_8_compact_0,compact,6,8,multistart_greedy,poor,409,32,32,32,39.32,28.210000000000004,58.26,False,1.3938319744771355
quality_6_8_compact_0,compact,6,8,multistart_greedy,poor,419,32,32,32,39.32,28.210000000000004,58.26,False,1.3938319744771355
quality_6_8_compact_0,compact,6,8,multistart_greedy,poor,421,32,32,32,39.32,28.210000000000004,58.26,False,1.3938319744771355
quality_6_8_compact_0,compact,6,8,multistart_greedy,poor,401,128,128,128,28.88000000000001,28.210000000000004,58.26,False,1.023750443105282
quality_6_8_compact_0,compact,6,8,multistart_greedy,poor,409,128,128,128,28.88000000000001,28.210000000000004,58.26,False,1.023750443105282
quality_6_8_compact_0,compact,6,8,multistart_greedy,poor,419,128,128,128,28.88000000000001,28.210000000000004,58.26,False,1.023750443105282
quality_6_8_compact_0,compact,6,8,multistart_greedy,poor,421,128,128,128,28.88000000000001,28.210000000000004,58.26,False,1.023750443105282
quality_6_8_compact_0,compact,6,8,multistart_greedy,poor,401,512,512,512,28.210000000000004,28.210000000000004,58.26,True,1.0
quality_6_8_compact_0,compact,6,8,multistart_greedy,poor,409,512,512,512,28.88000000000001,28.210000000000004,58.26,False,1.023750443105282
quality_6_8_compact_0,compact,6,8,multistart_greedy,poor,419,512,512,512,28.210000000000004,28.210000000000004,58.26,True,1.0
quality_6_8_compact_0,compact,6,8,multistart_greedy,poor,421,512,512,512,28.210000000000004,28.210000000000004,58.26,True,1.0
quality_6_8_compact_0,compact,6,8,uniform,random,401,32,32,32,33.47,28.210000000000004,51.440000000000005,False,1.1864587025877347
quality_6_8_compact_0,compact,6,8,uniform,random,409,32,32,32,35.559999999999995,28.210000000000004,51.440000000000005,False,1.2605459057071957
quality_6_8_compact_0,compact,6,8,uniform,random,419,32,32,32,33.78,28.210000000000004,51.440000000000005,False,1.1974477135767456
quality_6_8_compact_0,compact,6,8,uniform,random,421,32,32,32,30.560000000000002,28.210000000000004,51.440000000000005,False,1.0833037929812122
quality_6_8_compact_0,compact,6,8,uniform,random,401,128,128,128,33.47,28.210000000000004,51.440000000000005,False,1.1864587025877347
quality_6_8_compact_0,compact,6,8,uniform,random,409,128,128,128,31.670000000000005,28.210000000000004,51.440000000000005,False,1.1226515420063807
quality_6_8_compact_0,compact,6,8,uniform,random,419,128,128,128,29.51,28.210000000000004,51.440000000000005,False,1.0460829493087556
quality_6_8_compact_0,compact,6,8,uniform,random,421,128,128,128,30.560000000000002,28.210000000000004,51.440000000000005,False,1.0833037929812122
quality_6_8_compact_0,compact,6,8,uniform,random,401,512,512,512,30.070000000000007,28.210000000000004,51.440000000000005,False,1.065934065934066
quality_6_8_compact_0,compact,6,8,uniform,random,409,512,512,512,30.080000000000005,28.210000000000004,51.440000000000005,False,1.0662885501595178
quality_6_8_compact_0,compact,6,8,uniform,random,419,512,512,512,28.210000000000004,28.210000000000004,51.440000000000005,True,1.0
quality_6_8_compact_0,compact,6,8,uniform,random,421,512,512,512,30.560000000000002,28.210000000000004,51.440000000000005,False,1.0833037929812122
quality_6_8_compact_0,compact,6,8,annealing,random,401,32,32,32,32.13,28.210000000000004,51.440000000000005,False,1.1389578163771712
quality_6_8_compact_0,compact,6,8,annealing,random,409,32,32,32,29.910000000000004,28.210000000000004,51.440000000000005,False,1.0602623183268345
quality_6_8_compact_0,compact,6,8,annealing,random,419,32,32,32,33.269999999999996,28.210000000000004,51.440000000000005,False,1.179369018078695
quality_6_8_compact_0,compact,6,8,annealing,random,421,32,32,32,31.180000000000003,28.210000000000004,51.440000000000005,False,1.1052818149592343
quality_6_8_compact_0,compact,6,8,annealing,random,401,128,128,128,32.13,28.210000000000004,51.440000000000005,False,1.1389578163771712
quality_6_8_compact_0,compact,6,8,annealing,random,409,128,128,128,28.949999999999996,28.210000000000004,51.440000000000005,False,1.0262318326834452
quality_6_8_compact_0,compact,6,8,annealing,random,419,128,128,128,30.860000000000003,28.210000000000004,51.440000000000005,False,1.0939383197447714
quality_6_8_compact_0,compact,6,8,annealing,random,421,128,128,128,30.570000000000004,28.210000000000004,51.440000000000005,False,1.0836582772066643
quality_6_8_compact_0,compact,6,8,annealing,random,401,512,512,512,29.500000000000004,28.210000000000004,51.440000000000005,False,1.0457284650833039
quality_6_8_compact_0,compact,6,8,annealing,random,409,512,512,512,28.210000000000004,28.210000000000004,51.440000000000005,True,1.0
quality_6_8_compact_0,compact,6,8,annealing,random,419,512,512,512,28.210000000000004,28.210000000000004,51.440000000000005,True,1.0
quality_6_8_compact_0,compact,6,8,annealing,random,421,512,512,512,28.88000000000001,28.210000000000004,51.440000000000005,False,1.023750443105282
quality_6_8_compact_0,compact,6,8,multistart_greedy,random,401,32,32,32,35.14,28.210000000000004,51.440000000000005,False,1.2456575682382132
quality_6_8_compact_0,compact,6,8,multistart_greedy,random,409,32,32,32,35.14,28.210000000000004,51.440000000000005,False,1.2456575682382132
quality_6_8_compact_0,compact,6,8,multistart_greedy,random,419,32,32,32,35.14,28.210000000000004,51.440000000000005,False,1.2456575682382132
quality_6_8_compact_0,compact,6,8,multistart_greedy,random,421,32,32,32,35.14,28.210000000000004,51.440000000000005,False,1.2456575682382132
quality_6_8_compact_0,compact,6,8,multistart_greedy,random,401,128,128,128,28.88000000000001,28.210000000000004,51.440000000000005,False,1.023750443105282
quality_6_8_compact_0,compact,6,8,multistart_greedy,random,409,128,128,128,28.88000000000001,28.210000000000004,51.440000000000005,False,1.023750443105282
quality_6_8_compact_0,compact,6,8,multistart_greedy,random,419,128,128,128,28.88000000000001,28.210000000000004,51.440000000000005,False,1.023750443105282
quality_6_8_compact_0,compact,6,8,multistart_greedy,random,421,128,128,128,28.88000000000001,28.210000000000004,51.440000000000005,False,1.023750443105282
quality_6_8_compact_0,compact,6,8,multistart_greedy,random,401,512,512,512,28.210000000000004,28.210000000000004,51.440000000000005,True,1.0
quality_6_8_compact_0,compact,6,8,multistart_greedy,random,409,512,512,512,28.88000000000001,28.210000000000004,51.440000000000005,False,1.023750443105282
quality_6_8_compact_0,compact,6,8,multistart_greedy,random,419,512,512,512,28.210000000000004,28.210000000000004,51.440000000000005,True,1.0
quality_6_8_compact_0,compact,6,8,multistart_greedy,random,421,512,512,512,28.210000000000004,28.210000000000004,51.440000000000005,True,1.0
quality_6_8_compact_1,compact,6,8,uniform,deterministic,401,32,32,32,28.0,23.380000000000003,42.08,False,1.1976047904191616
quality_6_8_compact_1,compact,6,8,uniform,deterministic,409,32,32,32,25.660000000000004,23.380000000000003,42.08,False,1.097519247219846
quality_6_8_compact_1,compact,6,8,uniform,deterministic,419,32,32,32,28.2,23.380000000000003,42.08,False,1.206159110350727
quality_6_8_compact_1,compact,6,8,uniform,deterministic,421,32,32,32,31.200000000000003,23.380000000000003,42.08,False,1.3344739093242086
quality_6_8_compact_1,compact,6,8,uniform,deterministic,401,128,128,128,27.860000000000007,23.380000000000003,42.08,False,1.191616766467066
quality_6_8_compact_1,compact,6,8,uniform,deterministic,409,128,128,128,25.660000000000004,23.380000000000003,42.08,False,1.097519247219846
quality_6_8_compact_1,compact,6,8,uniform,deterministic,419,128,128,128,25.16,23.380000000000003,42.08,False,1.0761334473909323
quality_6_8_compact_1,compact,6,8,uniform,deterministic,421,128,128,128,26.56,23.380000000000003,42.08,False,1.1360136869118904
quality_6_8_compact_1,compact,6,8,uniform,deterministic,401,512,512,512,23.380000000000003,23.380000000000003,42.08,True,1.0
quality_6_8_compact_1,compact,6,8,uniform,deterministic,409,512,512,512,24.5,23.380000000000003,42.08,False,1.0479041916167664
quality_6_8_compact_1,compact,6,8,uniform,deterministic,419,512,512,512,25.16,23.380000000000003,42.08,False,1.0761334473909323
quality_6_8_compact_1,compact,6,8,uniform,deterministic,421,512,512,512,23.380000000000003,23.380000000000003,42.08,True,1.0
quality_6_8_compact_1,compact,6,8,annealing,deterministic,401,32,32,32,26.340000000000003,23.380000000000003,42.08,False,1.1266039349871686
quality_6_8_compact_1,compact,6,8,annealing,deterministic,409,32,32,32,30.56,23.380000000000003,42.08,False,1.3071000855431991
quality_6_8_compact_1,compact,6,8,annealing,deterministic,419,32,32,32,24.32,23.380000000000003,42.08,False,1.0402053036783574
quality_6_8_compact_1,compact,6,8,annealing,deterministic,421,32,32,32,28.02,23.380000000000003,42.08,False,1.198460222412318
quality_6_8_compact_1,compact,6,8,annealing,deterministic,401,128,128,128,26.04,23.380000000000003,42.08,False,1.1137724550898203
quality_6_8_compact_1,compact,6,8,annealing,deterministic,409,128,128,128,24.32,23.380000000000003,42.08,False,1.0402053036783574
quality_6_8_compact_1,compact,6,8,annealing,deterministic,419,128,128,128,23.380000000000003,23.380000000000003,42.08,True,1.0
quality_6_8_compact_1,compact,6,8,annealing,deterministic,421,128,128,128,23.380000000000003,23.380000000000003,42.08,True,1.0
quality_6_8_compact_1,compact,6,8,annealing,deterministic,401,512,512,512,23.380000000000003,23.380000000000003,42.08,True,1.0
quality_6_8_compact_1,compact,6,8,annealing,deterministic,409,512,512,512,24.32,23.380000000000003,42.08,False,1.0402053036783574
quality_6_8_compact_1,compact,6,8,annealing,deterministic,419,512,512,512,23.380000000000003,23.380000000000003,42.08,True,1.0
quality_6_8_compact_1,compact,6,8,annealing,deterministic,421,512,512,512,23.380000000000003,23.380000000000003,42.08,True,1.0
quality_6_8_compact_1,compact,6,8,multistart_greedy,deterministic,401,32,32,32,26.04,23.380000000000003,42.08,False,1.1137724550898203
quality_6_8_compact_1,compact,6,8,multistart_greedy,deterministic,409,32,32,32,26.04,23.380000000000003,42.08,False,1.1137724550898203
quality_6_8_compact_1,compact,6,8,multistart_greedy,deterministic,419,32,32,32,26.04,23.380000000000003,42.08,False,1.1137724550898203
quality_6_8_compact_1,compact,6,8,multistart_greedy,deterministic,421,32,32,32,26.04,23.380000000000003,42.08,False,1.1137724550898203
quality_6_8_compact_1,compact,6,8,multistart_greedy,deterministic,401,128,128,128,23.380000000000003,23.380000000000003,42.08,True,1.0
quality_6_8_compact_1,compact,6,8,multistart_greedy,deterministic,409,128,128,128,23.380000000000003,23.380000000000003,42.08,True,1.0
quality_6_8_compact_1,compact,6,8,multistart_greedy,deterministic,419,128,128,128,23.380000000000003,23.380000000000003,42.08,True,1.0
quality_6_8_compact_1,compact,6,8,multistart_greedy,deterministic,421,128,128,128,23.380000000000003,23.380000000000003,42.08,True,1.0
quality_6_8_compact_1,compact,6,8,multistart_greedy,deterministic,401,512,512,512,23.380000000000003,23.380000000000003,42.08,True,1.0
quality_6_8_compact_1,compact,6,8,multistart_greedy,deterministic,409,512,512,512,23.380000000000003,23.380000000000003,42.08,True,1.0
quality_6_8_compact_1,compact,6,8,multistart_greedy,deterministic,419,512,512,512,23.380000000000003,23.380000000000003,42.08,True,1.0
quality_6_8_compact_1,compact,6,8,multistart_greedy,deterministic,421,512,512,512,23.380000000000003,23.380000000000003,42.08,True,1.0
quality_6_8_compact_1,compact,6,8,uniform,poor,401,32,32,32,28.0,23.380000000000003,52.74000000000001,False,1.1976047904191616
quality_6_8_compact_1,compact,6,8,uniform,poor,409,32,32,32,25.660000000000004,23.380000000000003,52.74000000000001,False,1.097519247219846
quality_6_8_compact_1,compact,6,8,uniform,poor,419,32,32,32,28.2,23.380000000000003,52.74000000000001,False,1.206159110350727
quality_6_8_compact_1,compact,6,8,uniform,poor,421,32,32,32,31.200000000000003,23.380000000000003,52.74000000000001,False,1.3344739093242086
quality_6_8_compact_1,compact,6,8,uniform,poor,401,128,128,128,27.860000000000007,23.380000000000003,52.74000000000001,False,1.191616766467066
quality_6_8_compact_1,compact,6,8,uniform,poor,409,128,128,128,25.660000000000004,23.380000000000003,52.74000000000001,False,1.097519247219846
quality_6_8_compact_1,compact,6,8,uniform,poor,419,128,128,128,25.16,23.380000000000003,52.74000000000001,False,1.0761334473909323
quality_6_8_compact_1,compact,6,8,uniform,poor,421,128,128,128,26.56,23.380000000000003,52.74000000000001,False,1.1360136869118904
quality_6_8_compact_1,compact,6,8,uniform,poor,401,512,512,512,23.380000000000003,23.380000000000003,52.74000000000001,True,1.0
quality_6_8_compact_1,compact,6,8,uniform,poor,409,512,512,512,24.5,23.380000000000003,52.74000000000001,False,1.0479041916167664
quality_6_8_compact_1,compact,6,8,uniform,poor,419,512,512,512,25.16,23.380000000000003,52.74000000000001,False,1.0761334473909323
quality_6_8_compact_1,compact,6,8,uniform,poor,421,512,512,512,23.380000000000003,23.380000000000003,52.74000000000001,True,1.0
quality_6_8_compact_1,compact,6,8,annealing,poor,401,32,32,32,23.380000000000003,23.380000000000003,52.74000000000001,True,1.0
quality_6_8_compact_1,compact,6,8,annealing,poor,409,32,32,32,24.759999999999998,23.380000000000003,52.74000000000001,False,1.0590248075278013
quality_6_8_compact_1,compact,6,8,annealing,poor,419,32,32,32,29.04,23.380000000000003,52.74000000000001,False,1.242087254063302
quality_6_8_compact_1,compact,6,8,annealing,poor,421,32,32,32,31.36,23.380000000000003,52.74000000000001,False,1.341317365269461
quality_6_8_compact_1,compact,6,8,annealing,poor,401,128,128,128,23.380000000000003,23.380000000000003,52.74000000000001,True,1.0
quality_6_8_compact_1,compact,6,8,annealing,poor,409,128,128,128,23.380000000000003,23.380000000000003,52.74000000000001,True,1.0
quality_6_8_compact_1,compact,6,8,annealing,poor,419,128,128,128,23.380000000000003,23.380000000000003,52.74000000000001,True,1.0
quality_6_8_compact_1,compact,6,8,annealing,poor,421,128,128,128,23.380000000000003,23.380000000000003,52.74000000000001,True,1.0
quality_6_8_compact_1,compact,6,8,annealing,poor,401,512,512,512,23.380000000000003,23.380000000000003,52.74000000000001,True,1.0
quality_6_8_compact_1,compact,6,8,annealing,poor,409,512,512,512,23.380000000000003,23.380000000000003,52.74000000000001,True,1.0
quality_6_8_compact_1,compact,6,8,annealing,poor,419,512,512,512,23.380000000000003,23.380000000000003,52.74000000000001,True,1.0
quality_6_8_compact_1,compact,6,8,annealing,poor,421,512,512,512,23.380000000000003,23.380000000000003,52.74000000000001,True,1.0
quality_6_8_compact_1,compact,6,8,multistart_greedy,poor,401,32,32,32,35.68,23.380000000000003,52.74000000000001,False,1.5260906757912744
quality_6_8_compact_1,compact,6,8,multistart_greedy,poor,409,32,32,32,35.68,23.380000000000003,52.74000000000001,False,1.5260906757912744
quality_6_8_compact_1,compact,6,8,multistart_greedy,poor,419,32,32,32,35.68,23.380000000000003,52.74000000000001,False,1.5260906757912744
quality_6_8_compact_1,compact,6,8,multistart_greedy,poor,421,32,32,32,35.68,23.380000000000003,52.74000000000001,False,1.5260906757912744
quality_6_8_compact_1,compact,6,8,multistart_greedy,poor,401,128,128,128,26.259999999999998,23.380000000000003,52.74000000000001,False,1.123182207014542
quality_6_8_compact_1,compact,6,8,multistart_greedy,poor,409,128,128,128,24.5,23.380000000000003,52.74000000000001,False,1.0479041916167664
quality_6_8_compact_1,compact,6,8,multistart_greedy,poor,419,128,128,128,26.259999999999998,23.380000000000003,52.74000000000001,False,1.123182207014542
quality_6_8_compact_1,compact,6,8,multistart_greedy,poor,421,128,128,128,26.259999999999998,23.380000000000003,52.74000000000001,False,1.123182207014542
quality_6_8_compact_1,compact,6,8,multistart_greedy,poor,401,512,512,512,23.380000000000003,23.380000000000003,52.74000000000001,True,1.0
quality_6_8_compact_1,compact,6,8,multistart_greedy,poor,409,512,512,512,23.380000000000003,23.380000000000003,52.74000000000001,True,1.0
quality_6_8_compact_1,compact,6,8,multistart_greedy,poor,419,512,512,512,23.380000000000003,23.380000000000003,52.74000000000001,True,1.0
quality_6_8_compact_1,compact,6,8,multistart_greedy,poor,421,512,512,512,23.380000000000003,23.380000000000003,52.74000000000001,True,1.0
quality_6_8_compact_1,compact,6,8,uniform,random,401,32,32,32,28.0,23.380000000000003,42.11999999999999,False,1.1976047904191616
quality_6_8_compact_1,compact,6,8,uniform,random,409,32,32,32,25.660000000000004,23.380000000000003,42.11999999999999,False,1.097519247219846
quality_6_8_compact_1,compact,6,8,uniform,random,419,32,32,32,28.2,23.380000000000003,42.11999999999999,False,1.206159110350727
quality_6_8_compact_1,compact,6,8,uniform,random,421,32,32,32,31.200000000000003,23.380000000000003,42.11999999999999,False,1.3344739093242086
quality_6_8_compact_1,compact,6,8,uniform,random,401,128,128,128,27.860000000000007,23.380000000000003,42.11999999999999,False,1.191616766467066
quality_6_8_compact_1,compact,6,8,uniform,random,409,128,128,128,25.660000000000004,23.380000000000003,42.11999999999999,False,1.097519247219846
quality_6_8_compact_1,compact,6,8,uniform,random,419,128,128,128,25.16,23.380000000000003,42.11999999999999,False,1.0761334473909323
quality_6_8_compact_1,compact,6,8,uniform,random,421,128,128,128,26.56,23.380000000000003,42.11999999999999,False,1.1360136869118904
quality_6_8_compact_1,compact,6,8,uniform,random,401,512,512,512,23.380000000000003,23.380000000000003,42.11999999999999,True,1.0
quality_6_8_compact_1,compact,6,8,uniform,random,409,512,512,512,24.5,23.380000000000003,42.11999999999999,False,1.0479041916167664
quality_6_8_compact_1,compact,6,8,uniform,random,419,512,512,512,25.16,23.380000000000003,42.11999999999999,False,1.0761334473909323
quality_6_8_compact_1,compact,6,8,uniform,random,421,512,512,512,23.380000000000003,23.380000000000003,42.11999999999999,True,1.0
quality_6_8_compact_1,compact,6,8,annealing,random,401,32,32,32,26.04,23.380000000000003,42.11999999999999,False,1.1137724550898203
quality_6_8_compact_1,compact,6,8,annealing,random,409,32,32,32,26.799999999999997,23.380000000000003,42.11999999999999,False,1.1462788708297689
quality_6_8_compact_1,compact,6,8,annealing,random,419,32,32,32,23.380000000000003,23.380000000000003,42.11999999999999,True,1.0
quality_6_8_compact_1,compact,6,8,annealing,random,421,32,32,32,34.980000000000004,23.380000000000003,42.11999999999999,False,1.4961505560307955
quality_6_8_compact_1,compact,6,8,annealing,random,401,128,128,128,24.5,23.380000000000003,42.11999999999999,False,1.0479041916167664
quality_6_8_compact_1,compact,6,8,annealing,random,409,128,128,128,23.380000000000003,23.380000000000003,42.11999999999999,True,1.0
quality_6_8_compact_1,compact,6,8,annealing,random,419,128,128,128,23.380000000000003,23.380000000000003,42.11999999999999,True,1.0
quality_6_8_compact_1,compact,6,8,annealing,random,421,128,128,128,24.5,23.380000000000003,42.11999999999999,False,1.0479041916167664
quality_6_8_compact_1,compact,6,8,annealing,random,401,512,512,512,24.5,23.380000000000003,42.11999999999999,False,1.0479041916167664
quality_6_8_compact_1,compact,6,8,annealing,random,409,512,512,512,23.380000000000003,23.380000000000003,42.11999999999999,True,1.0
quality_6_8_compact_1,compact,6,8,annealing,random,419,512,512,512,23.380000000000003,23.380000000000003,42.11999999999999,True,1.0
quality_6_8_compact_1,compact,6,8,annealing,random,421,512,512,512,23.380000000000003,23.380000000000003,42.11999999999999,True,1.0
quality_6_8_compact_1,compact,6,8,multistart_greedy,random,401,32,32,32,28.16,23.380000000000003,42.11999999999999,False,1.204448246364414
quality_6_8_compact_1,compact,6,8,multistart_greedy,random,409,32,32,32,28.16,23.380000000000003,42.11999999999999,False,1.204448246364414
quality_6_8_compact_1,compact,6,8,multistart_greedy,random,419,32,32,32,28.16,23.380000000000003,42.11999999999999,False,1.204448246364414
quality_6_8_compact_1,compact,6,8,multistart_greedy,random,421,32,32,32,28.16,23.380000000000003,42.11999999999999,False,1.204448246364414
quality_6_8_compact_1,compact,6,8,multistart_greedy,random,401,128,128,128,24.32,23.380000000000003,42.11999999999999,False,1.0402053036783574
quality_6_8_compact_1,compact,6,8,multistart_greedy,random,409,128,128,128,24.32,23.380000000000003,42.11999999999999,False,1.0402053036783574
quality_6_8_compact_1,compact,6,8,multistart_greedy,random,419,128,128,128,24.32,23.380000000000003,42.11999999999999,False,1.0402053036783574
quality_6_8_compact_1,compact,6,8,multistart_greedy,random,421,128,128,128,24.32,23.380000000000003,42.11999999999999,False,1.0402053036783574
quality_6_8_compact_1,compact,6,8,multistart_greedy,random,401,512,512,512,23.380000000000003,23.380000000000003,42.11999999999999,True,1.0
quality_6_8_compact_1,compact,6,8,multistart_greedy,random,409,512,512,512,23.380000000000003,23.380000000000003,42.11999999999999,True,1.0
quality_6_8_compact_1,compact,6,8,multistart_greedy,random,419,512,512,512,23.380000000000003,23.380000000000003,42.11999999999999,True,1.0
quality_6_8_compact_1,compact,6,8,multistart_greedy,random,421,512,512,512,23.380000000000003,23.380000000000003,42.11999999999999,True,1.0
quality_6_8_compact_2,compact,6,8,uniform,deterministic,401,32,32,32,30.15,27.22,32.87,False,1.1076414401175607
quality_6_8_compact_2,compact,6,8,uniform,deterministic,409,32,32,32,29.16,27.22,32.87,False,1.0712711241734019
quality_6_8_compact_2,compact,6,8,uniform,deterministic,419,32,32,32,29.729999999999997,27.22,32.87,False,1.0922116091109477
quality_6_8_compact_2,compact,6,8,uniform,deterministic,421,32,32,32,28.6,27.22,32.87,False,1.050698016164585
quality_6_8_compact_2,compact,6,8,uniform,deterministic,401,128,128,128,28.08,27.22,32.87,False,1.0315944158706833
quality_6_8_compact_2,compact,6,8,uniform,deterministic,409,128,128,128,29.16,27.22,32.87,False,1.0712711241734019
quality_6_8_compact_2,compact,6,8,uniform,deterministic,419,128,128,128,29.689999999999998,27.22,32.87,False,1.0907421013960323
quality_6_8_compact_2,compact,6,8,uniform,deterministic,421,128,128,128,28.6,27.22,32.87,False,1.050698016164585
quality_6_8_compact_2,compact,6,8,uniform,deterministic,401,512,512,512,28.08,27.22,32.87,False,1.0315944158706833
quality_6_8_compact_2,compact,6,8,uniform,deterministic,409,512,512,512,27.740000000000002,27.22,32.87,False,1.0191036002939016
quality_6_8_compact_2,compact,6,8,uniform,deterministic,419,512,512,512,28.86,27.22,32.87,False,1.0602498163115357
quality_6_8_compact_2,compact,6,8,uniform,deterministic,421,512,512,512,28.25,27.22,32.87,False,1.0378398236590742
quality_6_8_compact_2,compact,6,8,annealing,deterministic,401,32,32,32,27.960000000000008,27.22,32.87,False,1.0271858927259372
quality_6_8_compact_2,compact,6,8,annealing,deterministic,409,32,32,32,31.17,27.22,32.87,False,1.145113886847906
quality_6_8_compact_2,compact,6,8,annealing,deterministic,419,32,32,32,29.310000000000002,27.22,32.87,False,1.0767817781043352
quality_6_8_compact_2,compact,6,8,annealing,deterministic,421,32,32,32,28.07,27.22,32.87,False,1.0312270389419544
quality_6_8_compact_2,compact,6,8,annealing,deterministic,401,128,128,128,27.720000000000006,27.22,32.87,False,1.018368846436444
quality_6_8_compact_2,compact,6,8,annealing,deterministic,409,128,128,128,28.139999999999997,27.22,32.87,False,1.0337986774430565
quality_6_8_compact_2,compact,6,8,annealing,deterministic,419,128,128,128,27.720000000000006,27.22,32.87,False,1.018368846436444
quality_6_8_compact_2,compact,6,8,annealing,deterministic,421,128,128,128,28.449999999999996,27.22,32.87,False,1.0451873622336516
quality_6_8_compact_2,compact,6,8,annealing,deterministic,401,512,512,512,27.720000000000006,27.22,32.87,False,1.018368846436444
quality_6_8_compact_2,compact,6,8,annealing,deterministic,409,512,512,512,28.139999999999997,27.22,32.87,False,1.0337986774430565
quality_6_8_compact_2,compact,6,8,annealing,deterministic,419,512,512,512,27.720000000000006,27.22,32.87,False,1.018368846436444
quality_6_8_compact_2,compact,6,8,annealing,deterministic,421,512,512,512,28.07,27.22,32.87,False,1.0312270389419544
quality_6_8_compact_2,compact,6,8,multistart_greedy,deterministic,401,32,32,32,30.090000000000003,27.22,32.87,False,1.1054371785451875
quality_6_8_compact_2,compact,6,8,multistart_greedy,deterministic,409,32,32,32,30.090000000000003,27.22,32.87,False,1.1054371785451875
quality_6_8_compact_2,compact,6,8,multistart_greedy,deterministic,419,32,32,32,30.090000000000003,27.22,32.87,False,1.1054371785451875
quality_6_8_compact_2,compact,6,8,multistart_greedy,deterministic,421,32,32,32,30.090000000000003,27.22,32.87,False,1.1054371785451875
quality_6_8_compact_2,compact,6,8,multistart_greedy,deterministic,401,128,128,128,28.07,27.22,32.87,False,1.0312270389419544
quality_6_8_compact_2,compact,6,8,multistart_greedy,deterministic,409,128,128,128,28.07,27.22,32.87,False,1.0312270389419544
quality_6_8_compact_2,compact,6,8,multistart_greedy,deterministic,419,128,128,128,28.07,27.22,32.87,False,1.0312270389419544
quality_6_8_compact_2,compact,6,8,multistart_greedy,deterministic,421,128,128,128,28.07,27.22,32.87,False,1.0312270389419544
quality_6_8_compact_2,compact,6,8,multistart_greedy,deterministic,401,512,512,512,27.490000000000002,27.22,32.87,False,1.0099191770756797
quality_6_8_compact_2,compact,6,8,multistart_greedy,deterministic,409,512,512,512,27.22,27.22,32.87,True,1.0
quality_6_8_compact_2,compact,6,8,multistart_greedy,deterministic,419,512,512,512,27.22,27.22,32.87,True,1.0
quality_6_8_compact_2,compact,6,8,multistart_greedy,deterministic,421,512,512,512,27.580000000000005,27.22,32.87,False,1.0132255694342398
quality_6_8_compact_2,compact,6,8,uniform,poor,401,32,32,32,30.15,27.22,45.85,False,1.1076414401175607
quality_6_8_compact_2,compact,6,8,uniform,poor,409,32,32,32,29.16,27.22,45.85,False,1.0712711241734019
quality_6_8_compact_2,compact,6,8,uniform,poor,419,32,32,32,29.729999999999997,27.22,45.85,False,1.0922116091109477
quality_6_8_compact_2,compact,6,8,uniform,poor,421,32,32,32,28.6,27.22,45.85,False,1.050698016164585
quality_6_8_compact_2,compact,6,8,uniform,poor,401,128,128,128,28.08,27.22,45.85,False,1.0315944158706833
quality_6_8_compact_2,compact,6,8,uniform,poor,409,128,128,128,29.16,27.22,45.85,False,1.0712711241734019
quality_6_8_compact_2,compact,6,8,uniform,poor,419,128,128,128,29.689999999999998,27.22,45.85,False,1.0907421013960323
quality_6_8_compact_2,compact,6,8,uniform,poor,421,128,128,128,28.6,27.22,45.85,False,1.050698016164585
quality_6_8_compact_2,compact,6,8,uniform,poor,401,512,512,512,28.08,27.22,45.85,False,1.0315944158706833
quality_6_8_compact_2,compact,6,8,uniform,poor,409,512,512,512,27.740000000000002,27.22,45.85,False,1.0191036002939016
quality_6_8_compact_2,compact,6,8,uniform,poor,419,512,512,512,28.86,27.22,45.85,False,1.0602498163115357
quality_6_8_compact_2,compact,6,8,uniform,poor,421,512,512,512,28.25,27.22,45.85,False,1.0378398236590742
quality_6_8_compact_2,compact,6,8,annealing,poor,401,32,32,32,28.449999999999996,27.22,45.85,False,1.0451873622336516
quality_6_8_compact_2,compact,6,8,annealing,poor,409,32,32,32,31.46,27.22,45.85,False,1.1557678177810435
quality_6_8_compact_2,compact,6,8,annealing,poor,419,32,32,32,29.6,27.22,45.85,False,1.0874357090374724
quality_6_8_compact_2,compact,6,8,annealing,poor,421,32,32,32,27.740000000000002,27.22,45.85,False,1.0191036002939016
quality_6_8_compact_2,compact,6,8,annealing,poor,401,128,128,128,28.449999999999996,27.22,45.85,False,1.0451873622336516
quality_6_8_compact_2,compact,6,8,annealing,poor,409,128,128,128,27.22,27.22,45.85,True,1.0
quality_6_8_compact_2,compact,6,8,annealing,poor,419,128,128,128,28.139999999999997,27.22,45.85,False,1.0337986774430565
quality_6_8_compact_2,compact,6,8,annealing,poor,421,128,128,128,28.449999999999996,27.22,45.85,False,1.0451873622336516
quality_6_8_compact_2,compact,6,8,annealing,poor,401,512,512,512,28.189999999999998,27.22,45.85,False,1.0356355620867008
quality_6_8_compact_2,compact,6,8,annealing,poor,409,512,512,512,27.22,27.22,45.85,True,1.0
quality_6_8_compact_2,compact,6,8,annealing,poor,419,512,512,512,28.139999999999997,27.22,45.85,False,1.0337986774430565
quality_6_8_compact_2,compact,6,8,annealing,poor,421,512,512,512,28.139999999999997,27.22,45.85,False,1.0337986774430565
quality_6_8_compact_2,compact,6,8,multistart_greedy,poor,401,32,32,32,35.73,27.22,45.85,False,1.3126377663482733
quality_6_8_compact_2,compact,6,8,multistart_greedy,poor,409,32,32,32,35.73,27.22,45.85,False,1.3126377663482733
quality_6_8_compact_2,compact,6,8,multistart_greedy,poor,419,32,32,32,35.73,27.22,45.85,False,1.3126377663482733
quality_6_8_compact_2,compact,6,8,multistart_greedy,poor,421,32,32,32,35.73,27.22,45.85,False,1.3126377663482733
quality_6_8_compact_2,compact,6,8,multistart_greedy,poor,401,128,128,128,27.32,27.22,45.85,False,1.0036737692872888
quality_6_8_compact_2,compact,6,8,multistart_greedy,poor,409,128,128,128,27.32,27.22,45.85,False,1.0036737692872888
quality_6_8_compact_2,compact,6,8,multistart_greedy,poor,419,128,128,128,27.32,27.22,45.85,False,1.0036737692872888
quality_6_8_compact_2,compact,6,8,multistart_greedy,poor,421,128,128,128,27.32,27.22,45.85,False,1.0036737692872888
quality_6_8_compact_2,compact,6,8,multistart_greedy,poor,401,512,512,512,27.32,27.22,45.85,False,1.0036737692872888
quality_6_8_compact_2,compact,6,8,multistart_greedy,poor,409,512,512,512,27.22,27.22,45.85,True,1.0
quality_6_8_compact_2,compact,6,8,multistart_greedy,poor,419,512,512,512,27.22,27.22,45.85,True,1.0
quality_6_8_compact_2,compact,6,8,multistart_greedy,poor,421,512,512,512,27.32,27.22,45.85,False,1.0036737692872888
quality_6_8_compact_2,compact,6,8,uniform,random,401,32,32,32,30.15,27.22,37.56,False,1.1076414401175607
quality_6_8_compact_2,compact,6,8,uniform,random,409,32,32,32,29.16,27.22,37.56,False,1.0712711241734019
quality_6_8_compact_2,compact,6,8,uniform,random,419,32,32,32,29.729999999999997,27.22,37.56,False,1.0922116091109477
quality_6_8_compact_2,compact,6,8,uniform,random,421,32,32,32,28.6,27.22,37.56,False,1.050698016164585
quality_6_8_compact_2,compact,6,8,uniform,random,401,128,128,128,28.08,27.22,37.56,False,1.0315944158706833
quality_6_8_compact_2,compact,6,8,uniform,random,409,128,128,128,29.16,27.22,37.56,False,1.0712711241734019
quality_6_8_compact_2,compact,6,8,uniform,random,419,128,128,128,29.689999999999998,27.22,37.56,False,1.0907421013960323
quality_6_8_compact_2,compact,6,8,uniform,random,421,128,128,128,28.6,27.22,37.56,False,1.050698016164585
quality_6_8_compact_2,compact,6,8,uniform,random,401,512,512,512,28.08,27.22,37.56,False,1.0315944158706833
quality_6_8_compact_2,compact,6,8,uniform,random,409,512,512,512,27.740000000000002,27.22,37.56,False,1.0191036002939016
quality_6_8_compact_2,compact,6,8,uniform,random,419,512,512,512,28.86,27.22,37.56,False,1.0602498163115357
quality_6_8_compact_2,compact,6,8,uniform,random,421,512,512,512,28.25,27.22,37.56,False,1.0378398236590742
quality_6_8_compact_2,compact,6,8,annealing,random,401,32,32,32,29.97,27.22,37.56,False,1.101028655400441
quality_6_8_compact_2,compact,6,8,annealing,random,409,32,32,32,29.06,27.22,37.56,False,1.067597354886113
quality_6_8_compact_2,compact,6,8,annealing,random,419,32,32,32,29.960000000000004,27.22,37.56,False,1.1006612784717122
quality_6_8_compact_2,compact,6,8,annealing,random,421,32,32,32,28.369999999999997,27.22,37.56,False,1.0422483468038206
quality_6_8_compact_2,compact,6,8,annealing,random,401,128,128,128,28.369999999999997,27.22,37.56,False,1.0422483468038206
quality_6_8_compact_2,compact,6,8,annealing,random,409,128,128,128,28.379999999999995,27.22,37.56,False,1.0426157237325495
quality_6_8_compact_2,compact,6,8,annealing,random,419,128,128,128,28.25,27.22,37.56,False,1.0378398236590742
quality_6_8_compact_2,compact,6,8,annealing,random,421,128,128,128,28.369999999999997,27.22,37.56,False,1.0422483468038206
quality_6_8_compact_2,compact,6,8,annealing,random,401,512,512,512,28.189999999999998,27.22,37.56,False,1.0356355620867008
quality_6_8_compact_2,compact,6,8,annealing,random,409,512,512,512,28.379999999999995,27.22,37.56,False,1.0426157237325495
quality_6_8_compact_2,compact,6,8,annealing,random,419,512,512,512,28.25,27.22,37.56,False,1.0378398236590742
quality_6_8_compact_2,compact,6,8,annealing,random,421,512,512,512,28.189999999999998,27.22,37.56,False,1.0356355620867008
quality_6_8_compact_2,compact,6,8,multistart_greedy,random,401,32,32,32,30.759999999999998,27.22,37.56,False,1.130051432770022
quality_6_8_compact_2,compact,6,8,multistart_greedy,random,409,32,32,32,30.759999999999998,27.22,37.56,False,1.130051432770022
quality_6_8_compact_2,compact,6,8,multistart_greedy,random,419,32,32,32,30.759999999999998,27.22,37.56,False,1.130051432770022
quality_6_8_compact_2,compact,6,8,multistart_greedy,random,421,32,32,32,30.759999999999998,27.22,37.56,False,1.130051432770022
quality_6_8_compact_2,compact,6,8,multistart_greedy,random,401,128,128,128,27.32,27.22,37.56,False,1.0036737692872888
quality_6_8_compact_2,compact,6,8,multistart_greedy,random,409,128,128,128,27.32,27.22,37.56,False,1.0036737692872888
quality_6_8_compact_2,compact,6,8,multistart_greedy,random,419,128,128,128,27.32,27.22,37.56,False,1.0036737692872888
quality_6_8_compact_2,compact,6,8,multistart_greedy,random,421,128,128,128,27.32,27.22,37.56,False,1.0036737692872888
quality_6_8_compact_2,compact,6,8,multistart_greedy,random,401,512,512,512,27.32,27.22,37.56,False,1.0036737692872888
quality_6_8_compact_2,compact,6,8,multistart_greedy,random,409,512,512,512,27.22,27.22,37.56,True,1.0
quality_6_8_compact_2,compact,6,8,multistart_greedy,random,419,512,512,512,27.22,27.22,37.56,True,1.0
quality_6_8_compact_2,compact,6,8,multistart_greedy,random,421,512,512,512,27.32,27.22,37.56,False,1.0036737692872888
quality_6_8_compact_3,compact,6,8,uniform,deterministic,401,32,32,32,27.77,25.490000000000002,41.83,False,1.0894468418987837
quality_6_8_compact_3,compact,6,8,uniform,deterministic,409,32,32,32,30.25,25.490000000000002,41.83,False,1.1867398979992152
quality_6_8_compact_3,compact,6,8,uniform,deterministic,419,32,32,32,27.35,25.490000000000002,41.83,False,1.0729697920753236
quality_6_8_compact_3,compact,6,8,uniform,deterministic,421,32,32,32,33.60999999999999,25.490000000000002,41.83,False,1.3185562965868964
quality_6_8_compact_3,compact,6,8,uniform,deterministic,401,128,128,128,27.77,25.490000000000002,41.83,False,1.0894468418987837
quality_6_8_compact_3,compact,6,8,uniform,deterministic,409,128,128,128,26.5,25.490000000000002,41.83,False,1.039623381718321
quality_6_8_compact_3,compact,6,8,uniform,deterministic,419,128,128,128,27.35,25.490000000000002,41.83,False,1.0729697920753236
quality_6_8_compact_3,compact,6,8,uniform,deterministic,421,128,128,128,28.329999999999995,25.490000000000002,41.83,False,1.111416241663397
quality_6_8_compact_3,compact,6,8,uniform,deterministic,401,512,512,512,27.77,25.490000000000002,41.83,False,1.0894468418987837
quality_6_8_compact_3,compact,6,8,uniform,deterministic,409,512,512,512,26.5,25.490000000000002,41.83,False,1.039623381718321
quality_6_8_compact_3,compact,6,8,uniform,deterministic,419,512,512,512,27.35,25.490000000000002,41.83,False,1.0729697920753236
quality_6_8_compact_3,compact,6,8,uniform,deterministic,421,512,512,512,27.369999999999997,25.490000000000002,41.83,False,1.0737544134954882
quality_6_8_compact_3,compact,6,8,annealing,deterministic,401,32,32,32,35.160000000000004,25.490000000000002,41.83,False,1.3793644566496666
quality_6_8_compact_3,compact,6,8,annealing,deterministic,409,32,32,32,26.11,25.490000000000002,41.83,False,1.0243232640251079
quality_6_8_compact_3,compact,6,8,annealing,deterministic,419,32,32,32,31.83,25.490000000000002,41.83,False,1.2487249901922322
quality_6_8_compact_3,compact,6,8,annealing,deterministic,421,32,32,32,33.53,25.490000000000002,41.83,False,1.3154178109062378
quality_6_8_compact_3,compact,6,8,annealing,deterministic,401,128,128,128,28.749999999999996,25.490000000000002,41.83,False,1.1278932914868574
quality_6_8_compact_3,compact,6,8,annealing,deterministic,409,128,128,128,26.11,25.490000000000002,41.83,False,1.0243232640251079
quality_6_8_compact_3,compact,6,8,annealing,deterministic,419,128,128,128,31.83,25.490000000000002,41.83,False,1.2487249901922322
quality_6_8_compact_3,compact,6,8,annealing,deterministic,421,128,128,128,26.11,25.490000000000002,41.83,False,1.0243232640251079
quality_6_8_compact_3,compact,6,8,annealing,deterministic,401,512,512,512,27.859999999999996,25.490000000000002,41.83,False,1.092977638289525
quality_6_8_compact_3,compact,6,8,annealing,deterministic,409,512,512,512,26.11,25.490000000000002,41.83,False,1.0243232640251079
quality_6_8_compact_3,compact,6,8,annealing,deterministic,419,512,512,512,31.589999999999996,25.490000000000002,41.83,False,1.2393095331502548
quality_6_8_compact_3,compact,6,8,annealing,deterministic,421,512,512,512,26.11,25.490000000000002,41.83,False,1.0243232640251079
quality_6_8_compact_3,compact,6,8,multistart_greedy,deterministic,401,32,32,32,31.509999999999998,25.490000000000002,41.83,False,1.2361710474695957
quality_6_8_compact_3,compact,6,8,multistart_greedy,deterministic,409,32,32,32,31.509999999999998,25.490000000000002,41.83,False,1.2361710474695957
quality_6_8_compact_3,compact,6,8,multistart_greedy,deterministic,419,32,32,32,31.509999999999998,25.490000000000002,41.83,False,1.2361710474695957
quality_6_8_compact_3,compact,6,8,multistart_greedy,deterministic,421,32,32,32,31.509999999999998,25.490000000000002,41.83,False,1.2361710474695957
quality_6_8_compact_3,compact,6,8,multistart_greedy,deterministic,401,128,128,128,26.11,25.490000000000002,41.83,False,1.0243232640251079
quality_6_8_compact_3,compact,6,8,multistart_greedy,deterministic,409,128,128,128,26.11,25.490000000000002,41.83,False,1.0243232640251079
quality_6_8_compact_3,compact,6,8,multistart_greedy,deterministic,419,128,128,128,26.11,25.490000000000002,41.83,False,1.0243232640251079
quality_6_8_compact_3,compact,6,8,multistart_greedy,deterministic,421,128,128,128,26.11,25.490000000000002,41.83,False,1.0243232640251079
quality_6_8_compact_3,compact,6,8,multistart_greedy,deterministic,401,512,512,512,26.11,25.490000000000002,41.83,False,1.0243232640251079
quality_6_8_compact_3,compact,6,8,multistart_greedy,deterministic,409,512,512,512,26.11,25.490000000000002,41.83,False,1.0243232640251079
quality_6_8_compact_3,compact,6,8,multistart_greedy,deterministic,419,512,512,512,25.490000000000002,25.490000000000002,41.83,True,1.0
quality_6_8_compact_3,compact,6,8,multistart_greedy,deterministic,421,512,512,512,26.11,25.490000000000002,41.83,False,1.0243232640251079
quality_6_8_compact_3,compact,6,8,uniform,poor,401,32,32,32,27.77,25.490000000000002,56.91999999999999,False,1.0894468418987837
quality_6_8_compact_3,compact,6,8,uniform,poor,409,32,32,32,30.25,25.490000000000002,56.91999999999999,False,1.1867398979992152
quality_6_8_compact_3,compact,6,8,uniform,poor,419,32,32,32,27.35,25.490000000000002,56.91999999999999,False,1.0729697920753236
quality_6_8_compact_3,compact,6,8,uniform,poor,421,32,32,32,33.60999999999999,25.490000000000002,56.91999999999999,False,1.3185562965868964
quality_6_8_compact_3,compact,6,8,uniform,poor,401,128,128,128,27.77,25.490000000000002,56.91999999999999,False,1.0894468418987837
quality_6_8_compact_3,compact,6,8,uniform,poor,409,128,128,128,26.5,25.490000000000002,56.91999999999999,False,1.039623381718321
quality_6_8_compact_3,compact,6,8,uniform,poor,419,128,128,128,27.35,25.490000000000002,56.91999999999999,False,1.0729697920753236
quality_6_8_compact_3,compact,6,8,uniform,poor,421,128,128,128,28.329999999999995,25.490000000000002,56.91999999999999,False,1.111416241663397
quality_6_8_compact_3,compact,6,8,uniform,poor,401,512,512,512,27.77,25.490000000000002,56.91999999999999,False,1.0894468418987837
quality_6_8_compact_3,compact,6,8,uniform,poor,409,512,512,512,26.5,25.490000000000002,56.91999999999999,False,1.039623381718321
quality_6_8_compact_3,compact,6,8,uniform,poor,419,512,512,512,27.35,25.490000000000002,56.91999999999999,False,1.0729697920753236
quality_6_8_compact_3,compact,6,8,uniform,poor,421,512,512,512,27.369999999999997,25.490000000000002,56.91999999999999,False,1.0737544134954882
quality_6_8_compact_3,compact,6,8,annealing,poor,401,32,32,32,28.749999999999996,25.490000000000002,56.91999999999999,False,1.1278932914868574
quality_6_8_compact_3,compact,6,8,annealing,poor,409,32,32,32,29.340000000000007,25.490000000000002,56.91999999999999,False,1.1510396233817186
quality_6_8_compact_3,compact,6,8,annealing,poor,419,32,32,32,33.620000000000005,25.490000000000002,56.91999999999999,False,1.3189486072969794
quality_6_8_compact_3,compact,6,8,annealing,poor,421,32,32,32,30.32,25.490000000000002,56.91999999999999,False,1.189486072969792
quality_6_8_compact_3,compact,6,8,annealing,poor,401,128,128,128,27.859999999999996,25.490000000000002,56.91999999999999,False,1.092977638289525
quality_6_8_compact_3,compact,6,8,annealing,poor,409,128,128,128,27.659999999999997,25.490000000000002,56.91999999999999,False,1.0851314240878773
quality_6_8_compact_3,compact,6,8,annealing,poor,419,128,128,128,25.490000000000002,25.490000000000002,56.91999999999999,True,1.0
quality_6_8_compact_3,compact,6,8,annealing,poor,421,128,128,128,28.749999999999996,25.490000000000002,56.91999999999999,False,1.1278932914868574
quality_6_8_compact_3,compact,6,8,annealing,poor,401,512,512,512,27.859999999999996,25.490000000000002,56.91999999999999,False,1.092977638289525
quality_6_8_compact_3,compact,6,8,annealing,poor,409,512,512,512,27.280000000000005,25.490000000000002,56.91999999999999,False,1.070223617104747
quality_6_8_compact_3,compact,6,8,annealing,poor,419,512,512,512,31.589999999999996,25.490000000000002,56.91999999999999,False,1.2393095331502548
quality_6_8_compact_3,compact,6,8,annealing,poor,421,512,512,512,25.490000000000002,25.490000000000002,56.91999999999999,True,1.0
quality_6_8_compact_3,compact,6,8,multistart_greedy,poor,401,32,32,32,40.47,25.490000000000002,56.91999999999999,False,1.587681443703413
quality_6_8_compact_3,compact,6,8,multistart_greedy,poor,409,32,32,32,40.47,25.490000000000002,56.91999999999999,False,1.587681443703413
quality_6_8_compact_3,compact,6,8,multistart_greedy,poor,419,32,32,32,40.47,25.490000000000002,56.91999999999999,False,1.587681443703413
quality_6_8_compact_3,compact,6,8,multistart_greedy,poor,421,32,32,32,40.47,25.490000000000002,56.91999999999999,False,1.587681443703413
quality_6_8_compact_3,compact,6,8,multistart_greedy,poor,401,128,128,128,27.659999999999997,25.490000000000002,56.91999999999999,False,1.0851314240878773
quality_6_8_compact_3,compact,6,8,multistart_greedy,poor,409,128,128,128,27.659999999999997,25.490000000000002,56.91999999999999,False,1.0851314240878773
quality_6_8_compact_3,compact,6,8,multistart_greedy,poor,419,128,128,128,27.659999999999997,25.490000000000002,56.91999999999999,False,1.0851314240878773
quality_6_8_compact_3,compact,6,8,multistart_greedy,poor,421,128,128,128,27.659999999999997,25.490000000000002,56.91999999999999,False,1.0851314240878773
quality_6_8_compact_3,compact,6,8,multistart_greedy,poor,401,512,512,512,26.11,25.490000000000002,56.91999999999999,False,1.0243232640251079
quality_6_8_compact_3,compact,6,8,multistart_greedy,poor,409,512,512,512,26.11,25.490000000000002,56.91999999999999,False,1.0243232640251079
quality_6_8_compact_3,compact,6,8,multistart_greedy,poor,419,512,512,512,25.490000000000002,25.490000000000002,56.91999999999999,True,1.0
quality_6_8_compact_3,compact,6,8,multistart_greedy,poor,421,512,512,512,26.11,25.490000000000002,56.91999999999999,False,1.0243232640251079
quality_6_8_compact_3,compact,6,8,uniform,random,401,32,32,32,27.77,25.490000000000002,33.529999999999994,False,1.0894468418987837
quality_6_8_compact_3,compact,6,8,uniform,random,409,32,32,32,30.25,25.490000000000002,33.529999999999994,False,1.1867398979992152
quality_6_8_compact_3,compact,6,8,uniform,random,419,32,32,32,27.35,25.490000000000002,33.529999999999994,False,1.0729697920753236
quality_6_8_compact_3,compact,6,8,uniform,random,421,32,32,32,33.529999999999994,25.490000000000002,33.529999999999994,False,1.3154178109062373
quality_6_8_compact_3,compact,6,8,uniform,random,401,128,128,128,27.77,25.490000000000002,33.529999999999994,False,1.0894468418987837
quality_6_8_compact_3,compact,6,8,uniform,random,409,128,128,128,26.5,25.490000000000002,33.529999999999994,False,1.039623381718321
quality_6_8_compact_3,compact,6,8,uniform,random,419,128,128,128,27.35,25.490000000000002,33.529999999999994,False,1.0729697920753236
quality_6_8_compact_3,compact,6,8,uniform,random,421,128,128,128,28.329999999999995,25.490000000000002,33.529999999999994,False,1.111416241663397
quality_6_8_compact_3,compact,6,8,uniform,random,401,512,512,512,27.77,25.490000000000002,33.529999999999994,False,1.0894468418987837
quality_6_8_compact_3,compact,6,8,uniform,random,409,512,512,512,26.5,25.490000000000002,33.529999999999994,False,1.039623381718321
quality_6_8_compact_3,compact,6,8,uniform,random,419,512,512,512,27.35,25.490000000000002,33.529999999999994,False,1.0729697920753236
quality_6_8_compact_3,compact,6,8,uniform,random,421,512,512,512,27.369999999999997,25.490000000000002,33.529999999999994,False,1.0737544134954882
quality_6_8_compact_3,compact,6,8,annealing,random,401,32,32,32,32.14999999999999,25.490000000000002,33.529999999999994,False,1.2612789329148681
quality_6_8_compact_3,compact,6,8,annealing,random,409,32,32,32,31.66,25.490000000000002,33.529999999999994,False,1.2420557081208317
quality_6_8_compact_3,compact,6,8,annealing,random,419,32,32,32,27.35,25.490000000000002,33.529999999999994,False,1.0729697920753236
quality_6_8_compact_3,compact,6,8,annealing,random,421,32,32,32,27.750000000000004,25.490000000000002,33.529999999999994,False,1.0886622204786192
quality_6_8_compact_3,compact,6,8,annealing,random,401,128,128,128,27.77,25.490000000000002,33.529999999999994,False,1.0894468418987837
quality_6_8_compact_3,compact,6,8,annealing,random,409,128,128,128,28.130000000000003,25.490000000000002,33.529999999999994,False,1.1035700274617497
quality_6_8_compact_3,compact,6,8,annealing,random,419,128,128,128,26.11,25.490000000000002,33.529999999999994,False,1.0243232640251079
quality_6_8_compact_3,compact,6,8,annealing,random,421,128,128,128,27.280000000000005,25.490000000000002,33.529999999999994,False,1.070223617104747
quality_6_8_compact_3,compact,6,8,annealing,random,401,512,512,512,27.77,25.490000000000002,33.529999999999994,False,1.0894468418987837
quality_6_8_compact_3,compact,6,8,annealing,random,409,512,512,512,27.280000000000005,25.490000000000002,33.529999999999994,False,1.070223617104747
quality_6_8_compact_3,compact,6,8,annealing,random,419,512,512,512,26.11,25.490000000000002,33.529999999999994,False,1.0243232640251079
quality_6_8_compact_3,compact,6,8,annealing,random,421,512,512,512,27.280000000000005,25.490000000000002,33.529999999999994,False,1.070223617104747
quality_6_8_compact_3,compact,6,8,multistart_greedy,random,401,32,32,32,27.77,25.490000000000002,33.529999999999994,False,1.0894468418987837
quality_6_8_compact_3,compact,6,8,multistart_greedy,random,409,32,32,32,27.77,25.490000000000002,33.529999999999994,False,1.0894468418987837
quality_6_8_compact_3,compact,6,8,multistart_greedy,random,419,32,32,32,27.77,25.490000000000002,33.529999999999994,False,1.0894468418987837
quality_6_8_compact_3,compact,6,8,multistart_greedy,random,421,32,32,32,27.77,25.490000000000002,33.529999999999994,False,1.0894468418987837
quality_6_8_compact_3,compact,6,8,multistart_greedy,random,401,128,128,128,26.11,25.490000000000002,33.529999999999994,False,1.0243232640251079
quality_6_8_compact_3,compact,6,8,multistart_greedy,random,409,128,128,128,26.11,25.490000000000002,33.529999999999994,False,1.0243232640251079
quality_6_8_compact_3,compact,6,8,multistart_greedy,random,419,128,128,128,26.11,25.490000000000002,33.529999999999994,False,1.0243232640251079
quality_6_8_compact_3,compact,6,8,multistart_greedy,random,421,128,128,128,26.11,25.490000000000002,33.529999999999994,False,1.0243232640251079
quality_6_8_compact_3,compact,6,8,multistart_greedy,random,401,512,512,512,26.11,25.490000000000002,33.529999999999994,False,1.0243232640251079
quality_6_8_compact_3,compact,6,8,multistart_greedy,random,409,512,512,512,26.11,25.490000000000002,33.529999999999994,False,1.0243232640251079
quality_6_8_compact_3,compact,6,8,multistart_greedy,random,419,512,512,512,25.490000000000002,25.490000000000002,33.529999999999994,True,1.0
quality_6_8_compact_3,compact,6,8,multistart_greedy,random,421,512,512,512,26.11,25.490000000000002,33.529999999999994,False,1.0243232640251079
quality_6_8_line_0,line,6,8,uniform,deterministic,401,32,32,32,94.27,66.77,149.31,False,1.411861614497529
quality_6_8_line_0,line,6,8,uniform,deterministic,409,32,32,32,75.25999999999999,66.77,149.31,False,1.1271529129848734
quality_6_8_line_0,line,6,8,uniform,deterministic,419,32,32,32,76.08000000000001,66.77,149.31,False,1.139433877489891
quality_6_8_line_0,line,6,8,uniform,deterministic,421,32,32,32,77.80000000000001,66.77,149.31,False,1.1651939493784635
quality_6_8_line_0,line,6,8,uniform,deterministic,401,128,128,128,73.67,66.77,149.31,False,1.1033398232739255
quality_6_8_line_0,line,6,8,uniform,deterministic,409,128,128,128,75.25999999999999,66.77,149.31,False,1.1271529129848734
quality_6_8_line_0,line,6,8,uniform,deterministic,419,128,128,128,75.61000000000001,66.77,149.31,False,1.1323947880784786
quality_6_8_line_0,line,6,8,uniform,deterministic,421,128,128,128,69.86999999999999,66.77,149.31,False,1.0464280365433578
quality_6_8_line_0,line,6,8,uniform,deterministic,401,512,512,512,67.77,66.77,149.31,False,1.0149767859817282
quality_6_8_line_0,line,6,8,uniform,deterministic,409,512,512,512,68.99,66.77,149.31,False,1.033248464879437
quality_6_8_line_0,line,6,8,uniform,deterministic,419,512,512,512,72.09,66.77,149.31,False,1.0796765014227947
quality_6_8_line_0,line,6,8,uniform,deterministic,421,512,512,512,68.27,66.77,149.31,False,1.0224651789725925
quality_6_8_line_0,line,6,8,annealing,deterministic,401,32,32,32,82.92,66.77,149.31,False,1.2418750936049125
quality_6_8_line_0,line,6,8,annealing,deterministic,409,32,32,32,78.94999999999999,66.77,149.31,False,1.1824172532574508
quality_6_8_line_0,line,6,8,annealing,deterministic,419,32,32,32,74.75999999999999,66.77,149.31,False,1.1196645199940092
quality_6_8_line_0,line,6,8,annealing,deterministic,421,32,32,32,79.2,66.77,149.31,False,1.1861614497528832
quality_6_8_line_0,line,6,8,annealing,deterministic,401,128,128,128,67.74,66.77,149.31,False,1.0145274824022765
quality_6_8_line_0,line,6,8,annealing,deterministic,409,128,128,128,68.05,66.77,149.31,False,1.0191702860566123
quality_6_8_line_0,line,6,8,annealing,deterministic,419,128,128,128,74.75999999999999,66.77,149.31,False,1.1196645199940092
quality_6_8_line_0,line,6,8,annealing,deterministic,421,128,128,128,67.74,66.77,149.31,False,1.0145274824022765
quality_6_8_line_0,line,6,8,annealing,deterministic,401,512,512,512,68.05,66.77,149.31,False,1.0191702860566123
quality_6_8_line_0,line,6,8,annealing,deterministic,409,512,512,512,66.77,66.77,149.31,True,1.0
quality_6_8_line_0,line,6,8,annealing,deterministic,419,512,512,512,67.74,66.77,149.31,False,1.0145274824022765
quality_6_8_line_0,line,6,8,annealing,deterministic,421,512,512,512,67.74,66.77,149.31,False,1.0145274824022765
quality_6_8_line_0,line,6,8,multistart_greedy,deterministic,401,32,32,32,93.55999999999999,66.77,149.31,False,1.4012280964505017
quality_6_8_line_0,line,6,8,multistart_greedy,deterministic,409,32,32,32,93.55999999999999,66.77,149.31,False,1.4012280964505017
quality_6_8_line_0,line,6,8,multistart_greedy,deterministic,419,32,32,32,93.55999999999999,66.77,149.31,False,1.4012280964505017
quality_6_8_line_0,line,6,8,multistart_greedy,deterministic,421,32,32,32,93.55999999999999,66.77,149.31,False,1.4012280964505017
quality_6_8_line_0,line,6,8,multistart_greedy,deterministic,401,128,128,128,67.74,66.77,149.31,False,1.0145274824022765
quality_6_8_line_0,line,6,8,multistart_greedy,deterministic,409,128,128,128,67.74,66.77,149.31,False,1.0145274824022765
quality_6_8_line_0,line,6,8,multistart_greedy,deterministic,419,128,128,128,67.74,66.77,149.31,False,1.0145274824022765
quality_6_8_line_0,line,6,8,multistart_greedy,deterministic,421,128,128,128,67.74,66.77,149.31,False,1.0145274824022765
quality_6_8_line_0,line,6,8,multistart_greedy,deterministic,401,512,512,512,67.74,66.77,149.31,False,1.0145274824022765
quality_6_8_line_0,line,6,8,multistart_greedy,deterministic,409,512,512,512,67.74,66.77,149.31,False,1.0145274824022765
quality_6_8_line_0,line,6,8,multistart_greedy,deterministic,419,512,512,512,66.77,66.77,149.31,True,1.0
quality_6_8_line_0,line,6,8,multistart_greedy,deterministic,421,512,512,512,66.77,66.77,149.31,True,1.0
quality_6_8_line_0,line,6,8,uniform,poor,401,32,32,32,94.27,66.77,200.67000000000002,False,1.411861614497529
quality_6_8_line_0,line,6,8,uniform,poor,409,32,32,32,75.25999999999999,66.77,200.67000000000002,False,1.1271529129848734
quality_6_8_line_0,line,6,8,uniform,poor,419,32,32,32,76.08000000000001,66.77,200.67000000000002,False,1.139433877489891
quality_6_8_line_0,line,6,8,uniform,poor,421,32,32,32,77.80000000000001,66.77,200.67000000000002,False,1.1651939493784635
quality_6_8_line_0,line,6,8,uniform,poor,401,128,128,128,73.67,66.77,200.67000000000002,False,1.1033398232739255
quality_6_8_line_0,line,6,8,uniform,poor,409,128,128,128,75.25999999999999,66.77,200.67000000000002,False,1.1271529129848734
quality_6_8_line_0,line,6,8,uniform,poor,419,128,128,128,75.61000000000001,66.77,200.67000000000002,False,1.1323947880784786
quality_6_8_line_0,line,6,8,uniform,poor,421,128,128,128,69.86999999999999,66.77,200.67000000000002,False,1.0464280365433578
quality_6_8_line_0,line,6,8,uniform,poor,401,512,512,512,67.77,66.77,200.67000000000002,False,1.0149767859817282
quality_6_8_line_0,line,6,8,uniform,poor,409,512,512,512,68.99,66.77,200.67000000000002,False,1.033248464879437
quality_6_8_line_0,line,6,8,uniform,poor,419,512,512,512,72.09,66.77,200.67000000000002,False,1.0796765014227947
quality_6_8_line_0,line,6,8,uniform,poor,421,512,512,512,68.27,66.77,200.67000000000002,False,1.0224651789725925
quality_6_8_line_0,line,6,8,annealing,poor,401,32,32,32,71.39999999999999,66.77,200.67000000000002,False,1.069342519095402
quality_6_8_line_0,line,6,8,annealing,poor,409,32,32,32,74.57000000000001,66.77,200.67000000000002,False,1.1168189306574812
quality_6_8_line_0,line,6,8,annealing,poor,419,32,32,32,68.25,66.77,200.67000000000002,False,1.022165643252958
quality_6_8_line_0,line,6,8,annealing,poor,421,32,32,32,129.97,66.77,200.67000000000002,False,1.94653287404523
quality_6_8_line_0,line,6,8,annealing,poor,401,128,128,128,67.74,66.77,200.67000000000002,False,1.0145274824022765
quality_6_8_line_0,line,6,8,annealing,poor,409,128,128,128,72.09,66.77,200.67000000000002,False,1.0796765014227947
quality_6_8_line_0,line,6,8,annealing,poor,419,128,128,128,67.74,66.77,200.67000000000002,False,1.0145274824022765
quality_6_8_line_0,line,6,8,annealing,poor,421,128,128,128,68.05,66.77,200.67000000000002,False,1.0191702860566123
quality_6_8_line_0,line,6,8,annealing,poor,401,512,512,512,67.74,66.77,200.67000000000002,False,1.0145274824022765
quality_6_8_line_0,line,6,8,annealing,poor,409,512,512,512,66.77,66.77,200.67000000000002,True,1.0
quality_6_8_line_0,line,6,8,annealing,poor,419,512,512,512,67.74,66.77,200.67000000000002,False,1.0145274824022765
quality_6_8_line_0,line,6,8,annealing,poor,421,512,512,512,66.77,66.77,200.67000000000002,True,1.0
quality_6_8_line_0,line,6,8,multistart_greedy,poor,401,32,32,32,87.63,66.77,200.67000000000002,False,1.3124157555788527
quality_6_8_line_0,line,6,8,multistart_greedy,poor,409,32,32,32,87.63,66.77,200.67000000000002,False,1.3124157555788527
quality_6_8_line_0,line,6,8,multistart_greedy,poor,419,32,32,32,87.63,66.77,200.67000000000002,False,1.3124157555788527
quality_6_8_line_0,line,6,8,multistart_greedy,poor,421,32,32,32,87.63,66.77,200.67000000000002,False,1.3124157555788527
quality_6_8_line_0,line,6,8,multistart_greedy,poor,401,128,128,128,66.77,66.77,200.67000000000002,True,1.0
quality_6_8_line_0,line,6,8,multistart_greedy,poor,409,128,128,128,66.77,66.77,200.67000000000002,True,1.0
quality_6_8_line_0,line,6,8,multistart_greedy,poor,419,128,128,128,66.77,66.77,200.67000000000002,True,1.0
quality_6_8_line_0,line,6,8,multistart_greedy,poor,421,128,128,128,66.77,66.77,200.67000000000002,True,1.0
quality_6_8_line_0,line,6,8,multistart_greedy,poor,401,512,512,512,66.77,66.77,200.67000000000002,True,1.0
quality_6_8_line_0,line,6,8,multistart_greedy,poor,409,512,512,512,66.77,66.77,200.67000000000002,True,1.0
quality_6_8_line_0,line,6,8,multistart_greedy,poor,419,512,512,512,66.77,66.77,200.67000000000002,True,1.0
quality_6_8_line_0,line,6,8,multistart_greedy,poor,421,512,512,512,66.77,66.77,200.67000000000002,True,1.0
quality_6_8_line_0,line,6,8,uniform,random,401,32,32,32,94.27,66.77,167.4,False,1.411861614497529
quality_6_8_line_0,line,6,8,uniform,random,409,32,32,32,75.25999999999999,66.77,167.4,False,1.1271529129848734
quality_6_8_line_0,line,6,8,uniform,random,419,32,32,32,76.08000000000001,66.77,167.4,False,1.139433877489891
quality_6_8_line_0,line,6,8,uniform,random,421,32,32,32,77.80000000000001,66.77,167.4,False,1.1651939493784635
quality_6_8_line_0,line,6,8,uniform,random,401,128,128,128,73.67,66.77,167.4,False,1.1033398232739255
quality_6_8_line_0,line,6,8,uniform,random,409,128,128,128,75.25999999999999,66.77,167.4,False,1.1271529129848734
quality_6_8_line_0,line,6,8,uniform,random,419,128,128,128,75.61000000000001,66.77,167.4,False,1.1323947880784786
quality_6_8_line_0,line,6,8,uniform,random,421,128,128,128,69.86999999999999,66.77,167.4,False,1.0464280365433578
quality_6_8_line_0,line,6,8,uniform,random,401,512,512,512,67.77,66.77,167.4,False,1.0149767859817282
quality_6_8_line_0,line,6,8,uniform,random,409,512,512,512,68.99,66.77,167.4,False,1.033248464879437
quality_6_8_line_0,line,6,8,uniform,random,419,512,512,512,72.09,66.77,167.4,False,1.0796765014227947
quality_6_8_line_0,line,6,8,uniform,random,421,512,512,512,68.27,66.77,167.4,False,1.0224651789725925
quality_6_8_line_0,line,6,8,annealing,random,401,32,32,32,66.77,66.77,167.4,True,1.0
quality_6_8_line_0,line,6,8,annealing,random,409,32,32,32,74.91,66.77,167.4,False,1.1219110378912684
quality_6_8_line_0,line,6,8,annealing,random,419,32,32,32,85.53000000000002,66.77,167.4,False,1.2809645050172236
quality_6_8_line_0,line,6,8,annealing,random,421,32,32,32,70.49000000000001,66.77,167.4,False,1.0557136438520296
quality_6_8_line_0,line,6,8,annealing,random,401,128,128,128,66.77,66.77,167.4,True,1.0
quality_6_8_line_0,line,6,8,annealing,random,409,128,128,128,68.05,66.77,167.4,False,1.0191702860566123
quality_6_8_line_0,line,6,8,annealing,random,419,128,128,128,67.74,66.77,167.4,False,1.0145274824022765
quality_6_8_line_0,line,6,8,annealing,random,421,128,128,128,67.74,66.77,167.4,False,1.0145274824022765
quality_6_8_line_0,line,6,8,annealing,random,401,512,512,512,66.77,66.77,167.4,True,1.0
quality_6_8_line_0,line,6,8,annealing,random,409,512,512,512,66.77,66.77,167.4,True,1.0
quality_6_8_line_0,line,6,8,annealing,random,419,512,512,512,67.74,66.77,167.4,False,1.0145274824022765
quality_6_8_line_0,line,6,8,annealing,random,421,512,512,512,67.74,66.77,167.4,False,1.0145274824022765
quality_6_8_line_0,line,6,8,multistart_greedy,random,401,32,32,32,72.09,66.77,167.4,False,1.0796765014227947
quality_6_8_line_0,line,6,8,multistart_greedy,random,409,32,32,32,72.09,66.77,167.4,False,1.0796765014227947
quality_6_8_line_0,line,6,8,multistart_greedy,random,419,32,32,32,72.09,66.77,167.4,False,1.0796765014227947
quality_6_8_line_0,line,6,8,multistart_greedy,random,421,32,32,32,72.09,66.77,167.4,False,1.0796765014227947
quality_6_8_line_0,line,6,8,multistart_greedy,random,401,128,128,128,67.74,66.77,167.4,False,1.0145274824022765
quality_6_8_line_0,line,6,8,multistart_greedy,random,409,128,128,128,67.74,66.77,167.4,False,1.0145274824022765
quality_6_8_line_0,line,6,8,multistart_greedy,random,419,128,128,128,67.74,66.77,167.4,False,1.0145274824022765
quality_6_8_line_0,line,6,8,multistart_greedy,random,421,128,128,128,67.74,66.77,167.4,False,1.0145274824022765
quality_6_8_line_0,line,6,8,multistart_greedy,random,401,512,512,512,67.74,66.77,167.4,False,1.0145274824022765
quality_6_8_line_0,line,6,8,multistart_greedy,random,409,512,512,512,67.74,66.77,167.4,False,1.0145274824022765
quality_6_8_line_0,line,6,8,multistart_greedy,random,419,512,512,512,66.77,66.77,167.4,True,1.0
quality_6_8_line_0,line,6,8,multistart_greedy,random,421,512,512,512,66.77,66.77,167.4,True,1.0
quality_6_8_line_1,line,6,8,uniform,deterministic,401,32,32,32,43.71,33.68,151.13000000000002,False,1.2978028503562946
quality_6_8_line_1,line,6,8,uniform,deterministic,409,32,32,32,47.230000000000004,33.68,151.13000000000002,False,1.4023159144893114
quality_6_8_line_1,line,6,8,uniform,deterministic,419,32,32,32,39.2,33.68,151.13000000000002,False,1.163895486935867
quality_6_8_line_1,line,6,8,uniform,deterministic,421,32,32,32,76.6,33.68,151.13000000000002,False,2.2743467933491686
quality_6_8_line_1,line,6,8,uniform,deterministic,401,128,128,128,38.800000000000004,33.68,151.13000000000002,False,1.152019002375297
quality_6_8_line_1,line,6,8,uniform,deterministic,409,128,128,128,37.27,33.68,151.13000000000002,False,1.1065914489311164
quality_6_8_line_1,line,6,8,uniform,deterministic,419,128,128,128,34.010000000000005,33.68,151.13000000000002,False,1.0097980997624705
quality_6_8_line_1,line,6,8,uniform,deterministic,421,128,128,128,40.040000000000006,33.68,151.13000000000002,False,1.1888361045130644
quality_6_8_line_1,line,6,8,uniform,deterministic,401,512,512,512,38.800000000000004,33.68,151.13000000000002,False,1.152019002375297
quality_6_8_line_1,line,6,8,uniform,deterministic,409,512,512,512,35.54,33.68,151.13000000000002,False,1.0552256532066508
quality_6_8_line_1,line,6,8,uniform,deterministic,419,512,512,512,34.010000000000005,33.68,151.13000000000002,False,1.0097980997624705
quality_6_8_line_1,line,6,8,uniform,deterministic,421,512,512,512,36.730000000000004,33.68,151.13000000000002,False,1.090558194774347
quality_6_8_line_1,line,6,8,annealing,deterministic,401,32,32,32,89.38999999999999,33.68,151.13000000000002,False,2.654097387173396
quality_6_8_line_1,line,6,8,annealing,deterministic,409,32,32,32,41.160000000000004,33.68,151.13000000000002,False,1.2220902612826605
quality_6_8_line_1,line,6,8,annealing,deterministic,419,32,32,32,59.92999999999999,33.68,151.13000000000002,False,1.7793942992874108
quality_6_8_line_1,line,6,8,annealing,deterministic,421,32,32,32,88.11000000000001,33.68,151.13000000000002,False,2.6160926365795727
quality_6_8_line_1,line,6,8,annealing,deterministic,401,128,128,128,33.68,33.68,151.13000000000002,True,1.0
quality_6_8_line_1,line,6,8,annealing,deterministic,409,128,128,128,33.68000000000001,33.68,151.13000000000002,True,1.0000000000000002
quality_6_8_line_1,line,6,8,annealing,deterministic,419,128,128,128,59.92999999999999,33.68,151.13000000000002,False,1.7793942992874108
quality_6_8_line_1,line,6,8,annealing,deterministic,421,128,128,128,36.790000000000006,33.68,151.13000000000002,False,1.0923396674584325
quality_6_8_line_1,line,6,8,annealing,deterministic,401,512,512,512,33.68,33.68,151.13000000000002,True,1.0
quality_6_8_line_1,line,6,8,annealing,deterministic,409,512,512,512,33.68000000000001,33.68,151.13000000000002,True,1.0000000000000002
quality_6_8_line_1,line,6,8,annealing,deterministic,419,512,512,512,33.68,33.68,151.13000000000002,True,1.0
quality_6_8_line_1,line,6,8,annealing,deterministic,421,512,512,512,33.68,33.68,151.13000000000002,True,1.0
quality_6_8_line_1,line,6,8,multistart_greedy,deterministic,401,32,32,32,68.24999999999999,33.68,151.13000000000002,False,2.026425178147268
quality_6_8_line_1,line,6,8,multistart_greedy,deterministic,409,32,32,32,68.24999999999999,33.68,151.13000000000002,False,2.026425178147268
quality_6_8_line_1,line,6,8,multistart_greedy,deterministic,419,32,32,32,68.24999999999999,33.68,151.13000000000002,False,2.026425178147268
quality_6_8_line_1,line,6,8,multistart_greedy,deterministic,421,32,32,32,68.24999999999999,33.68,151.13000000000002,False,2.026425178147268
quality_6_8_line_1,line,6,8,multistart_greedy,deterministic,401,128,128,128,34.01,33.68,151.13000000000002,False,1.0097980997624703
quality_6_8_line_1,line,6,8,multistart_greedy,deterministic,409,128,128,128,34.01,33.68,151.13000000000002,False,1.0097980997624703
quality_6_8_line_1,line,6,8,multistart_greedy,deterministic,419,128,128,128,34.01,33.68,151.13000000000002,False,1.0097980997624703
quality_6_8_line_1,line,6,8,multistart_greedy,deterministic,421,128,128,128,34.01,33.68,151.13000000000002,False,1.0097980997624703
quality_6_8_line_1,line,6,8,multistart_greedy,deterministic,401,512,512,512,33.68,33.68,151.13000000000002,True,1.0
quality_6_8_line_1,line,6,8,multistart_greedy,deterministic,409,512,512,512,33.68,33.68,151.13000000000002,True,1.0
quality_6_8_line_1,line,6,8,multistart_greedy,deterministic,419,512,512,512,33.68,33.68,151.13000000000002,True,1.0
quality_6_8_line_1,line,6,8,multistart_greedy,deterministic,421,512,512,512,33.68,33.68,151.13000000000002,True,1.0
quality_6_8_line_1,line,6,8,uniform,poor,401,32,32,32,43.71,33.68,175.96,False,1.2978028503562946
quality_6_8_line_1,line,6,8,uniform,poor,409,32,32,32,47.230000000000004,33.68,175.96,False,1.4023159144893114
quality_6_8_line_1,line,6,8,uniform,poor,419,32,32,32,39.2,33.68,175.96,False,1.163895486935867
quality_6_8_line_1,line,6,8,uniform,poor,421,32,32,32,76.6,33.68,175.96,False,2.2743467933491686
quality_6_8_line_1,line,6,8,uniform,poor,401,128,128,128,38.800000000000004,33.68,175.96,False,1.152019002375297
quality_6_8_line_1,line,6,8,uniform,poor,409,128,128,128,37.27,33.68,175.96,False,1.1065914489311164
quality_6_8_line_1,line,6,8,uniform,poor,419,128,128,128,34.010000000000005,33.68,175.96,False,1.0097980997624705
quality_6_8_line_1,line,6,8,uniform,poor,421,128,128,128,40.040000000000006,33.68,175.96,False,1.1888361045130644
quality_6_8_line_1,line,6,8,uniform,poor,401,512,512,512,38.800000000000004,33.68,175.96,False,1.152019002375297
quality_6_8_line_1,line,6,8,uniform,poor,409,512,512,512,35.54,33.68,175.96,False,1.0552256532066508
quality_6_8_line_1,line,6,8,uniform,poor,419,512,512,512,34.010000000000005,33.68,175.96,False,1.0097980997624705
quality_6_8_line_1,line,6,8,uniform,poor,421,512,512,512,36.730000000000004,33.68,175.96,False,1.090558194774347
quality_6_8_line_1,line,6,8,annealing,poor,401,32,32,32,72.22,33.68,175.96,False,2.1442992874109263
quality_6_8_line_1,line,6,8,annealing,poor,409,32,32,32,39.940000000000005,33.68,175.96,False,1.1858669833729218
quality_6_8_line_1,line,6,8,annealing,poor,419,32,32,32,86.2,33.68,175.96,False,2.5593824228028503
quality_6_8_line_1,line,6,8,annealing,poor,421,32,32,32,63.629999999999995,33.68,175.96,False,1.889251781472684
quality_6_8_line_1,line,6,8,annealing,poor,401,128,128,128,33.68,33.68,175.96,True,1.0
quality_6_8_line_1,line,6,8,annealing,poor,409,128,128,128,33.68,33.68,175.96,True,1.0
quality_6_8_line_1,line,6,8,annealing,poor,419,128,128,128,35.06,33.68,175.96,False,1.0409738717339667
quality_6_8_line_1,line,6,8,annealing,poor,421,128,128,128,33.68,33.68,175.96,True,1.0
quality_6_8_line_1,line,6,8,annealing,poor,401,512,512,512,33.68,33.68,175.96,True,1.0
quality_6_8_line_1,line,6,8,annealing,poor,409,512,512,512,33.68,33.68,175.96,True,1.0
quality_6_8_line_1,line,6,8,annealing,poor,419,512,512,512,33.68,33.68,175.96,True,1.0
quality_6_8_line_1,line,6,8,annealing,poor,421,512,512,512,33.68,33.68,175.96,True,1.0
quality_6_8_line_1,line,6,8,multistart_greedy,poor,401,32,32,32,79.02,33.68,175.96,False,2.3461995249406176
quality_6_8_line_1,line,6,8,multistart_greedy,poor,409,32,32,32,79.02,33.68,175.96,False,2.3461995249406176
quality_6_8_line_1,line,6,8,multistart_greedy,poor,419,32,32,32,79.02,33.68,175.96,False,2.3461995249406176
quality_6_8_line_1,line,6,8,multistart_greedy,poor,421,32,32,32,79.02,33.68,175.96,False,2.3461995249406176
quality_6_8_line_1,line,6,8,multistart_greedy,poor,401,128,128,128,36.68,33.68,175.96,False,1.0890736342042755
quality_6_8_line_1,line,6,8,multistart_greedy,poor,409,128,128,128,36.68,33.68,175.96,False,1.0890736342042755
quality_6_8_line_1,line,6,8,multistart_greedy,poor,419,128,128,128,36.68,33.68,175.96,False,1.0890736342042755
quality_6_8_line_1,line,6,8,multistart_greedy,poor,421,128,128,128,36.68,33.68,175.96,False,1.0890736342042755
quality_6_8_line_1,line,6,8,multistart_greedy,poor,401,512,512,512,33.68000000000001,33.68,175.96,True,1.0000000000000002
quality_6_8_line_1,line,6,8,multistart_greedy,poor,409,512,512,512,33.68000000000001,33.68,175.96,True,1.0000000000000002
quality_6_8_line_1,line,6,8,multistart_greedy,poor,419,512,512,512,33.68,33.68,175.96,True,1.0
quality_6_8_line_1,line,6,8,multistart_greedy,poor,421,512,512,512,33.68000000000001,33.68,175.96,True,1.0000000000000002
quality_6_8_line_1,line,6,8,uniform,random,401,32,32,32,43.71,33.68,150.63000000000002,False,1.2978028503562946
quality_6_8_line_1,line,6,8,uniform,random,409,32,32,32,47.230000000000004,33.68,150.63000000000002,False,1.4023159144893114
quality_6_8_line_1,line,6,8,uniform,random,419,32,32,32,39.2,33.68,150.63000000000002,False,1.163895486935867
quality_6_8_line_1,line,6,8,uniform,random,421,32,32,32,76.6,33.68,150.63000000000002,False,2.2743467933491686
quality_6_8_line_1,line,6,8,uniform,random,401,128,128,128,38.800000000000004,33.68,150.63000000000002,False,1.152019002375297
quality_6_8_line_1,line,6,8,uniform,random,409,128,128,128,37.27,33.68,150.63000000000002,False,1.1065914489311164
quality_6_8_line_1,line,6,8,uniform,random,419,128,128,128,34.010000000000005,33.68,150.63000000000002,False,1.0097980997624705
quality_6_8_line_1,line,6,8,uniform,random,421,128,128,128,40.040000000000006,33.68,150.63000000000002,False,1.1888361045130644
quality_6_8_line_1,line,6,8,uniform,random,401,512,512,512,38.800000000000004,33.68,150.63000000000002,False,1.152019002375297
quality_6_8_line_1,line,6,8,uniform,random,409,512,512,512,35.54,33.68,150.63000000000002,False,1.0552256532066508
quality_6_8_line_1,line,6,8,uniform,random,419,512,512,512,34.010000000000005,33.68,150.63000000000002,False,1.0097980997624705
quality_6_8_line_1,line,6,8,uniform,random,421,512,512,512,36.730000000000004,33.68,150.63000000000002,False,1.090558194774347
quality_6_8_line_1,line,6,8,annealing,random,401,32,32,32,40.27,33.68,150.63000000000002,False,1.195665083135392
quality_6_8_line_1,line,6,8,annealing,random,409,32,32,32,100.31,33.68,150.63000000000002,False,2.97832541567696
quality_6_8_line_1,line,6,8,annealing,random,419,32,32,32,44.010000000000005,33.68,150.63000000000002,False,1.3067102137767224
quality_6_8_line_1,line,6,8,annealing,random,421,32,32,32,37.38000000000001,33.68,150.63000000000002,False,1.1098574821852734
quality_6_8_line_1,line,6,8,annealing,random,401,128,128,128,33.68000000000001,33.68,150.63000000000002,True,1.0000000000000002
quality_6_8_line_1,line,6,8,annealing,random,409,128,128,128,33.68000000000001,33.68,150.63000000000002,True,1.0000000000000002
quality_6_8_line_1,line,6,8,annealing,random,419,128,128,128,35.06,33.68,150.63000000000002,False,1.0409738717339667
quality_6_8_line_1,line,6,8,annealing,random,421,128,128,128,33.68,33.68,150.63000000000002,True,1.0
quality_6_8_line_1,line,6,8,annealing,random,401,512,512,512,33.68000000000001,33.68,150.63000000000002,True,1.0000000000000002
quality_6_8_line_1,line,6,8,annealing,random,409,512,512,512,33.68,33.68,150.63000000000002,True,1.0
quality_6_8_line_1,line,6,8,annealing,random,419,512,512,512,33.68,33.68,150.63000000000002,True,1.0
quality_6_8_line_1,line,6,8,annealing,random,421,512,512,512,33.68,33.68,150.63000000000002,True,1.0
quality_6_8_line_1,line,6,8,multistart_greedy,random,401,32,32,32,85.08,33.68,150.63000000000002,False,2.526128266033254
quality_6_8_line_1,line,6,8,multistart_greedy,random,409,32,32,32,85.08,33.68,150.63000000000002,False,2.526128266033254
quality_6_8_line_1,line,6,8,multistart_greedy,random,419,32,32,32,85.08,33.68,150.63000000000002,False,2.526128266033254
quality_6_8_line_1,line,6,8,multistart_greedy,random,421,32,32,32,85.08,33.68,150.63000000000002,False,2.526128266033254
quality_6_8_line_1,line,6,8,multistart_greedy,random,401,128,128,128,33.68000000000001,33.68,150.63000000000002,True,1.0000000000000002
quality_6_8_line_1,line,6,8,multistart_greedy,random,409,128,128,128,33.68000000000001,33.68,150.63000000000002,True,1.0000000000000002
quality_6_8_line_1,line,6,8,multistart_greedy,random,419,128,128,128,33.68000000000001,33.68,150.63000000000002,True,1.0000000000000002
quality_6_8_line_1,line,6,8,multistart_greedy,random,421,128,128,128,33.68000000000001,33.68,150.63000000000002,True,1.0000000000000002
quality_6_8_line_1,line,6,8,multistart_greedy,random,401,512,512,512,33.68,33.68,150.63000000000002,True,1.0
quality_6_8_line_1,line,6,8,multistart_greedy,random,409,512,512,512,33.68000000000001,33.68,150.63000000000002,True,1.0000000000000002
quality_6_8_line_1,line,6,8,multistart_greedy,random,419,512,512,512,33.68,33.68,150.63000000000002,True,1.0
quality_6_8_line_1,line,6,8,multistart_greedy,random,421,512,512,512,33.68,33.68,150.63000000000002,True,1.0
quality_6_8_line_2,line,6,8,uniform,deterministic,401,32,32,32,63.540000000000006,50.12,98.74999999999999,False,1.267757382282522
quality_6_8_line_2,line,6,8,uniform,deterministic,409,32,32,32,66.57000000000001,50.12,98.74999999999999,False,1.3282122905027935
quality_6_8_line_2,line,6,8,uniform,deterministic,419,32,32,32,69.81,50.12,98.74999999999999,False,1.392857142857143
quality_6_8_line_2,line,6,8,uniform,deterministic,421,32,32,32,76.68,50.12,98.74999999999999,False,1.5299281723862732
quality_6_8_line_2,line,6,8,uniform,deterministic,401,128,128,128,59.620000000000005,50.12,98.74999999999999,False,1.1895450917797288
quality_6_8_line_2,line,6,8,uniform,deterministic,409,128,128,128,61.82,50.12,98.74999999999999,False,1.233439744612929
quality_6_8_line_2,line,6,8,uniform,deterministic,419,128,128,128,62.87,50.12,98.74999999999999,False,1.25438946528332
quality_6_8_line_2,line,6,8,uniform,deterministic,421,128,128,128,64.11,50.12,98.74999999999999,False,1.2791300877893057
quality_6_8_line_2,line,6,8,uniform,deterministic,401,512,512,512,53.120000000000005,50.12,98.74999999999999,False,1.059856344772546
quality_6_8_line_2,line,6,8,uniform,deterministic,409,512,512,512,57.24,50.12,98.74999999999999,False,1.1420590582601757
quality_6_8_line_2,line,6,8,uniform,deterministic,419,512,512,512,55.57,50.12,98.74999999999999,False,1.1087390263367918
quality_6_8_line_2,line,6,8,uniform,deterministic,421,512,512,512,54.35999999999999,50.12,98.74999999999999,False,1.0845969672785314
quality_6_8_line_2,line,6,8,annealing,deterministic,401,32,32,32,59.43,50.12,98.74999999999999,False,1.1857541899441342
quality_6_8_line_2,line,6,8,annealing,deterministic,409,32,32,32,60.51,50.12,98.74999999999999,False,1.2073024740622507
quality_6_8_line_2,line,6,8,annealing,deterministic,419,32,32,32,63.290000000000006,50.12,98.74999999999999,False,1.2627693535514766
quality_6_8_line_2,line,6,8,annealing,deterministic,421,32,32,32,57.89,50.12,98.74999999999999,False,1.155027932960894
quality_6_8_line_2,line,6,8,annealing,deterministic,401,128,128,128,58.85000000000001,50.12,98.74999999999999,False,1.1741819632881088
quality_6_8_line_2,line,6,8,annealing,deterministic,409,128,128,128,58.470000000000006,50.12,98.74999999999999,False,1.1666001596169195
quality_6_8_line_2,line,6,8,annealing,deterministic,419,128,128,128,54.87,50.12,98.74999999999999,False,1.0947725458898643
quality_6_8_line_2,line,6,8,annealing,deterministic,421,128,128,128,52.370000000000005,50.12,98.74999999999999,False,1.0448922585794096
quality_6_8_line_2,line,6,8,annealing,deterministic,401,512,512,512,52.370000000000005,50.12,98.74999999999999,False,1.0448922585794096
quality_6_8_line_2,line,6,8,annealing,deterministic,409,512,512,512,58.470000000000006,50.12,98.74999999999999,False,1.1666001596169195
quality_6_8_line_2,line,6,8,annealing,deterministic,419,512,512,512,54.87,50.12,98.74999999999999,False,1.0947725458898643
quality_6_8_line_2,line,6,8,annealing,deterministic,421,512,512,512,52.370000000000005,50.12,98.74999999999999,False,1.0448922585794096
quality_6_8_line_2,line,6,8,multistart_greedy,deterministic,401,32,32,32,68.60999999999999,50.12,98.74999999999999,False,1.3689146049481242
quality_6_8_line_2,line,6,8,multistart_greedy,deterministic,409,32,32,32,68.60999999999999,50.12,98.74999999999999,False,1.3689146049481242
quality_6_8_line_2,line,6,8,multistart_greedy,deterministic,419,32,32,32,68.60999999999999,50.12,98.74999999999999,False,1.3689146049481242
quality_6_8_line_2,line,6,8,multistart_greedy,deterministic,421,32,32,32,68.60999999999999,50.12,98.74999999999999,False,1.3689146049481242
quality_6_8_line_2,line,6,8,multistart_greedy,deterministic,401,128,128,128,55.50000000000001,50.12,98.74999999999999,False,1.1073423782920992
quality_6_8_line_2,line,6,8,multistart_greedy,deterministic,409,128,128,128,55.50000000000001,50.12,98.74999999999999,False,1.1073423782920992
quality_6_8_line_2,line,6,8,multistart_greedy,deterministic,419,128,128,128,55.50000000000001,50.12,98.74999999999999,False,1.1073423782920992
quality_6_8_line_2,line,6,8,multistart_greedy,deterministic,421,128,128,128,55.50000000000001,50.12,98.74999999999999,False,1.1073423782920992
quality_6_8_line_2,line,6,8,multistart_greedy,deterministic,401,512,512,512,51.14,50.12,98.74999999999999,False,1.0203511572226656
quality_6_8_line_2,line,6,8,multistart_greedy,deterministic,409,512,512,512,50.12,50.12,98.74999999999999,True,1.0
quality_6_8_line_2,line,6,8,multistart_greedy,deterministic,419,512,512,512,50.12,50.12,98.74999999999999,True,1.0
quality_6_8_line_2,line,6,8,multistart_greedy,deterministic,421,512,512,512,50.12,50.12,98.74999999999999,True,1.0
quality_6_8_line_2,line,6,8,uniform,poor,401,32,32,32,63.540000000000006,50.12,168.41,False,1.267757382282522
quality_6_8_line_2,line,6,8,uniform,poor,409,32,32,32,66.57000000000001,50.12,168.41,False,1.3282122905027935
quality_6_8_line_2,line,6,8,uniform,poor,419,32,32,32,69.81,50.12,168.41,False,1.392857142857143
quality_6_8_line_2,line,6,8,uniform,poor,421,32,32,32,76.68,50.12,168.41,False,1.5299281723862732
quality_6_8_line_2,line,6,8,uniform,poor,401,128,128,128,59.620000000000005,50.12,168.41,False,1.1895450917797288
quality_6_8_line_2,line,6,8,uniform,poor,409,128,128,128,61.82,50.12,168.41,False,1.233439744612929
quality_6_8_line_2,line,6,8,uniform,poor,419,128,128,128,62.87,50.12,168.41,False,1.25438946528332
quality_6_8_line_2,line,6,8,uniform,poor,421,128,128,128,64.11,50.12,168.41,False,1.2791300877893057
quality_6_8_line_2,line,6,8,uniform,poor,401,512,512,512,53.120000000000005,50.12,168.41,False,1.059856344772546
quality_6_8_line_2,line,6,8,uniform,poor,409,512,512,512,57.24,50.12,168.41,False,1.1420590582601757
quality_6_8_line_2,line,6,8,uniform,poor,419,512,512,512,55.57,50.12,168.41,False,1.1087390263367918
quality_6_8_line_2,line,6,8,uniform,poor,421,512,512,512,54.35999999999999,50.12,168.41,False,1.0845969672785314
quality_6_8_line_2,line,6,8,annealing,poor,401,32,32,32,57.89,50.12,168.41,False,1.155027932960894
quality_6_8_line_2,line,6,8,annealing,poor,409,32,32,32,67.06,50.12,168.41,False,1.3379888268156426
quality_6_8_line_2,line,6,8,annealing,poor,419,32,32,32,55.13,50.12,168.41,False,1.0999600957701516
quality_6_8_line_2,line,6,8,annealing,poor,421,32,32,32,65.69,50.12,168.41,False,1.3106544293695133
quality_6_8_line_2,line,6,8,annealing,poor,401,128,128,128,52.370000000000005,50.12,168.41,False,1.0448922585794096
quality_6_8_line_2,line,6,8,annealing,poor,409,128,128,128,54.87,50.12,168.41,False,1.0947725458898643
quality_6_8_line_2,line,6,8,annealing,poor,419,128,128,128,55.13,50.12,168.41,False,1.0999600957701516
quality_6_8_line_2,line,6,8,annealing,poor,421,128,128,128,51.35,50.12,168.41,False,1.0245411013567438
quality_6_8_line_2,line,6,8,annealing,poor,401,512,512,512,51.14,50.12,168.41,False,1.0203511572226656
quality_6_8_line_2,line,6,8,annealing,poor,409,512,512,512,54.87,50.12,168.41,False,1.0947725458898643
quality_6_8_line_2,line,6,8,annealing,poor,419,512,512,512,51.28,50.12,168.41,False,1.023144453312051
quality_6_8_line_2,line,6,8,annealing,poor,421,512,512,512,51.14,50.12,168.41,False,1.0203511572226656
quality_6_8_line_2,line,6,8,multistart_greedy,poor,401,32,32,32,92.71000000000001,50.12,168.41,False,1.84976057462091
quality_6_8_line_2,line,6,8,multistart_greedy,poor,409,32,32,32,92.71000000000001,50.12,168.41,False,1.84976057462091
quality_6_8_line_2,line,6,8,multistart_greedy,poor,419,32,32,32,92.71000000000001,50.12,168.41,False,1.84976057462091
quality_6_8_line_2,line,6,8,multistart_greedy,poor,421,32,32,32,92.71000000000001,50.12,168.41,False,1.84976057462091
quality_6_8_line_2,line,6,8,multistart_greedy,poor,401,128,128,128,51.28,50.12,168.41,False,1.023144453312051
quality_6_8_line_2,line,6,8,multistart_greedy,poor,409,128,128,128,51.28,50.12,168.41,False,1.023144453312051
quality_6_8_line_2,line,6,8,multistart_greedy,poor,419,128,128,128,51.28,50.12,168.41,False,1.023144453312051
quality_6_8_line_2,line,6,8,multistart_greedy,poor,421,128,128,128,51.28,50.12,168.41,False,1.023144453312051
quality_6_8_line_2,line,6,8,multistart_greedy,poor,401,512,512,512,50.12,50.12,168.41,True,1.0
quality_6_8_line_2,line,6,8,multistart_greedy,poor,409,512,512,512,50.12,50.12,168.41,True,1.0
quality_6_8_line_2,line,6,8,multistart_greedy,poor,419,512,512,512,50.12,50.12,168.41,True,1.0
quality_6_8_line_2,line,6,8,multistart_greedy,poor,421,512,512,512,50.12,50.12,168.41,True,1.0
quality_6_8_line_2,line,6,8,uniform,random,401,32,32,32,63.540000000000006,50.12,109.17,False,1.267757382282522
quality_6_8_line_2,line,6,8,uniform,random,409,32,32,32,66.57000000000001,50.12,109.17,False,1.3282122905027935
quality_6_8_line_2,line,6,8,uniform,random,419,32,32,32,69.81,50.12,109.17,False,1.392857142857143
quality_6_8_line_2,line,6,8,uniform,random,421,32,32,32,76.68,50.12,109.17,False,1.5299281723862732
quality_6_8_line_2,line,6,8,uniform,random,401,128,128,128,59.620000000000005,50.12,109.17,False,1.1895450917797288
quality_6_8_line_2,line,6,8,uniform,random,409,128,128,128,61.82,50.12,109.17,False,1.233439744612929
quality_6_8_line_2,line,6,8,uniform,random,419,128,128,128,62.87,50.12,109.17,False,1.25438946528332
quality_6_8_line_2,line,6,8,uniform,random,421,128,128,128,64.11,50.12,109.17,False,1.2791300877893057
quality_6_8_line_2,line,6,8,uniform,random,401,512,512,512,53.120000000000005,50.12,109.17,False,1.059856344772546
quality_6_8_line_2,line,6,8,uniform,random,409,512,512,512,57.24,50.12,109.17,False,1.1420590582601757
quality_6_8_line_2,line,6,8,uniform,random,419,512,512,512,55.57,50.12,109.17,False,1.1087390263367918
quality_6_8_line_2,line,6,8,uniform,random,421,512,512,512,54.35999999999999,50.12,109.17,False,1.0845969672785314
quality_6_8_line_2,line,6,8,annealing,random,401,32,32,32,76.84,50.12,109.17,False,1.5331205107741421
quality_6_8_line_2,line,6,8,annealing,random,409,32,32,32,67.37,50.12,109.17,False,1.344173982442139
quality_6_8_line_2,line,6,8,annealing,random,419,32,32,32,55.02,50.12,109.17,False,1.0977653631284918
quality_6_8_line_2,line,6,8,annealing,random,421,32,32,32,67.45,50.12,109.17,False,1.3457701516360736
quality_6_8_line_2,line,6,8,annealing,random,401,128,128,128,51.709999999999994,50.12,109.17,False,1.0317238627294492
quality_6_8_line_2,line,6,8,annealing,random,409,128,128,128,54.87,50.12,109.17,False,1.0947725458898643
quality_6_8_line_2,line,6,8,annealing,random,419,128,128,128,66.17000000000002,50.12,109.17,False,1.320231444533121
quality_6_8_line_2,line,6,8,annealing,random,421,128,128,128,51.35,50.12,109.17,False,1.0245411013567438
quality_6_8_line_2,line,6,8,annealing,random,401,512,512,512,50.12,50.12,109.17,True,1.0
quality_6_8_line_2,line,6,8,annealing,random,409,512,512,512,54.87,50.12,109.17,False,1.0947725458898643
quality_6_8_line_2,line,6,8,annealing,random,419,512,512,512,52.370000000000005,50.12,109.17,False,1.0448922585794096
quality_6_8_line_2,line,6,8,annealing,random,421,512,512,512,50.12,50.12,109.17,True,1.0
quality_6_8_line_2,line,6,8,multistart_greedy,random,401,32,32,32,69.65,50.12,109.17,False,1.3896648044692739
quality_6_8_line_2,line,6,8,multistart_greedy,random,409,32,32,32,69.65,50.12,109.17,False,1.3896648044692739
quality_6_8_line_2,line,6,8,multistart_greedy,random,419,32,32,32,69.65,50.12,109.17,False,1.3896648044692739
quality_6_8_line_2,line,6,8,multistart_greedy,random,421,32,32,32,69.65,50.12,109.17,False,1.3896648044692739
quality_6_8_line_2,line,6,8,multistart_greedy,random,401,128,128,128,50.12,50.12,109.17,True,1.0
quality_6_8_line_2,line,6,8,multistart_greedy,random,409,128,128,128,50.12,50.12,109.17,True,1.0
quality_6_8_line_2,line,6,8,multistart_greedy,random,419,128,128,128,50.12,50.12,109.17,True,1.0
quality_6_8_line_2,line,6,8,multistart_greedy,random,421,128,128,128,50.12,50.12,109.17,True,1.0
quality_6_8_line_2,line,6,8,multistart_greedy,random,401,512,512,512,50.12,50.12,109.17,True,1.0
quality_6_8_line_2,line,6,8,multistart_greedy,random,409,512,512,512,50.12,50.12,109.17,True,1.0
quality_6_8_line_2,line,6,8,multistart_greedy,random,419,512,512,512,50.12,50.12,109.17,True,1.0
quality_6_8_line_2,line,6,8,multistart_greedy,random,421,512,512,512,50.12,50.12,109.17,True,1.0
quality_6_8_line_3,line,6,8,uniform,deterministic,401,32,32,32,180.6,118.14999999999999,226.78999999999996,False,1.5285653829877275
quality_6_8_line_3,line,6,8,uniform,deterministic,409,32,32,32,135.03,118.14999999999999,226.78999999999996,False,1.1428692340245452
quality_6_8_line_3,line,6,8,uniform,deterministic,419,32,32,32,147.18000000000004,118.14999999999999,226.78999999999996,False,1.2457046127803644
quality_6_8_line_3,line,6,8,uniform,deterministic,421,32,32,32,147.48000000000002,118.14999999999999,226.78999999999996,False,1.248243757934829
quality_6_8_line_3,line,6,8,uniform,deterministic,401,128,128,128,130.0,118.14999999999999,226.78999999999996,False,1.1002962336013542
quality_6_8_line_3,line,6,8,uniform,deterministic,409,128,128,128,130.17999999999998,118.14999999999999,226.78999999999996,False,1.101819720694033
quality_6_8_line_3,line,6,8,uniform,deterministic,419,128,128,128,122.72999999999999,118.14999999999999,226.78999999999996,False,1.0387642826914938
quality_6_8_line_3,line,6,8,uniform,deterministic,421,128,128,128,122.01000000000002,118.14999999999999,226.78999999999996,False,1.0326703343207788
quality_6_8_line_3,line,6,8,uniform,deterministic,401,512,512,512,119.49000000000001,118.14999999999999,226.78999999999996,False,1.0113415150232756
quality_6_8_line_3,line,6,8,uniform,deterministic,409,512,512,512,119.87000000000002,118.14999999999999,226.78999999999996,False,1.0145577655522644
quality_6_8_line_3,line,6,8,uniform,deterministic,419,512,512,512,118.40000000000002,118.14999999999999,226.78999999999996,False,1.0021159542953875
quality_6_8_line_3,line,6,8,uniform,deterministic,421,512,512,512,119.77,118.14999999999999,226.78999999999996,False,1.0137113838341092
quality_6_8_line_3,line,6,8,annealing,deterministic,401,32,32,32,143.19,118.14999999999999,226.78999999999996,False,1.211933982225984
quality_6_8_line_3,line,6,8,annealing,deterministic,409,32,32,32,146.14,118.14999999999999,226.78999999999996,False,1.236902242911553
quality_6_8_line_3,line,6,8,annealing,deterministic,419,32,32,32,142.35999999999999,118.14999999999999,226.78999999999996,False,1.2049090139652983
quality_6_8_line_3,line,6,8,annealing,deterministic,421,32,32,32,148.34,118.14999999999999,226.78999999999996,False,1.2555226407109608
quality_6_8_line_3,line,6,8,annealing,deterministic,401,128,128,128,122.83,118.14999999999999,226.78999999999996,False,1.0396106644096488
quality_6_8_line_3,line,6,8,annealing,deterministic,409,128,128,128,143.26999999999998,118.14999999999999,226.78999999999996,False,1.2126110876005078
quality_6_8_line_3,line,6,8,annealing,deterministic,419,128,128,128,118.67999999999999,118.14999999999999,226.78999999999996,False,1.0044858231062208
quality_6_8_line_3,line,6,8,annealing,deterministic,421,128,128,128,143.02,118.14999999999999,226.78999999999996,False,1.2104951333051208
quality_6_8_line_3,line,6,8,annealing,deterministic,401,512,512,512,118.14999999999999,118.14999999999999,226.78999999999996,True,1.0
quality_6_8_line_3,line,6,8,annealing,deterministic,409,512,512,512,118.14999999999999,118.14999999999999,226.78999999999996,True,1.0
quality_6_8_line_3,line,6,8,annealing,deterministic,419,512,512,512,118.87,118.14999999999999,226.78999999999996,False,1.0060939483707152
quality_6_8_line_3,line,6,8,annealing,deterministic,421,512,512,512,143.02,118.14999999999999,226.78999999999996,False,1.2104951333051208
quality_6_8_line_3,line,6,8,multistart_greedy,deterministic,401,32,32,32,131.55,118.14999999999999,226.78999999999996,False,1.1134151502327552
quality_6_8_line_3,line,6,8,multistart_greedy,deterministic,409,32,32,32,131.55,118.14999999999999,226.78999999999996,False,1.1134151502327552
quality_6_8_line_3,line,6,8,multistart_greedy,deterministic,419,32,32,32,131.55,118.14999999999999,226.78999999999996,False,1.1134151502327552
quality_6_8_line_3,line,6,8,multistart_greedy,deterministic,421,32,32,32,131.55,118.14999999999999,226.78999999999996,False,1.1134151502327552
quality_6_8_line_3,line,6,8,multistart_greedy,deterministic,401,128,128,128,119.87000000000002,118.14999999999999,226.78999999999996,False,1.0145577655522644
quality_6_8_line_3,line,6,8,multistart_greedy,deterministic,409,128,128,128,119.87000000000002,118.14999999999999,226.78999999999996,False,1.0145577655522644
quality_6_8_line_3,line,6,8,multistart_greedy,deterministic,419,128,128,128,119.87000000000002,118.14999999999999,226.78999999999996,False,1.0145577655522644
quality_6_8_line_3,line,6,8,multistart_greedy,deterministic,421,128,128,128,119.87000000000002,118.14999999999999,226.78999999999996,False,1.0145577655522644
quality_6_8_line_3,line,6,8,multistart_greedy,deterministic,401,512,512,512,118.87,118.14999999999999,226.78999999999996,False,1.0060939483707152
quality_6_8_line_3,line,6,8,multistart_greedy,deterministic,409,512,512,512,118.87,118.14999999999999,226.78999999999996,False,1.0060939483707152
quality_6_8_line_3,line,6,8,multistart_greedy,deterministic,419,512,512,512,118.87,118.14999999999999,226.78999999999996,False,1.0060939483707152
quality_6_8_line_3,line,6,8,multistart_greedy,deterministic,421,512,512,512,118.14999999999999,118.14999999999999,226.78999999999996,True,1.0
quality_6_8_line_3,line,6,8,uniform,poor,401,32,32,32,180.6,118.14999999999999,269.71,False,1.5285653829877275
quality_6_8_line_3,line,6,8,uniform,poor,409,32,32,32,135.03,118.14999999999999,269.71,False,1.1428692340245452
quality_6_8_line_3,line,6,8,uniform,poor,419,32,32,32,147.18000000000004,118.14999999999999,269.71,False,1.2457046127803644
quality_6_8_line_3,line,6,8,uniform,poor,421,32,32,32,147.48000000000002,118.14999999999999,269.71,False,1.248243757934829
quality_6_8_line_3,line,6,8,uniform,poor,401,128,128,128,130.0,118.14999999999999,269.71,False,1.1002962336013542
quality_6_8_line_3,line,6,8,uniform,poor,409,128,128,128,130.17999999999998,118.14999999999999,269.71,False,1.101819720694033
quality_6_8_line_3,line,6,8,uniform,poor,419,128,128,128,122.72999999999999,118.14999999999999,269.71,False,1.0387642826914938
quality_6_8_line_3,line,6,8,uniform,poor,421,128,128,128,122.01000000000002,118.14999999999999,269.71,False,1.0326703343207788
quality_6_8_line_3,line,6,8,uniform,poor,401,512,512,512,119.49000000000001,118.14999999999999,269.71,False,1.0113415150232756
quality_6_8_line_3,line,6,8,uniform,poor,409,512,512,512,119.87000000000002,118.14999999999999,269.71,False,1.0145577655522644
quality_6_8_line_3,line,6,8,uniform,poor,419,512,512,512,118.40000000000002,118.14999999999999,269.71,False,1.0021159542953875
quality_6_8_line_3,line,6,8,uniform,poor,421,512,512,512,119.77,118.14999999999999,269.71,False,1.0137113838341092
quality_6_8_line_3,line,6,8,annealing,poor,401,32,32,32,143.02,118.14999999999999,269.71,False,1.2104951333051208
quality_6_8_line_3,line,6,8,annealing,poor,409,32,32,32,142.35999999999999,118.14999999999999,269.71,False,1.2049090139652983
quality_6_8_line_3,line,6,8,annealing,poor,419,32,32,32,148.92000000000002,118.14999999999999,269.71,False,1.2604316546762593
quality_6_8_line_3,line,6,8,annealing,poor,421,32,32,32,193.23,118.14999999999999,269.71,False,1.6354633939906897
quality_6_8_line_3,line,6,8,annealing,poor,401,128,128,128,143.02,118.14999999999999,269.71,False,1.2104951333051208
quality_6_8_line_3,line,6,8,annealing,poor,409,128,128,128,143.26999999999998,118.14999999999999,269.71,False,1.2126110876005078
quality_6_8_line_3,line,6,8,annealing,poor,419,128,128,128,118.67999999999999,118.14999999999999,269.71,False,1.0044858231062208
quality_6_8_line_3,line,6,8,annealing,poor,421,128,128,128,143.02,118.14999999999999,269.71,False,1.2104951333051208
quality_6_8_line_3,line,6,8,annealing,poor,401,512,512,512,143.02,118.14999999999999,269.71,False,1.2104951333051208
quality_6_8_line_3,line,6,8,annealing,poor,409,512,512,512,118.87,118.14999999999999,269.71,False,1.0060939483707152
quality_6_8_line_3,line,6,8,annealing,poor,419,512,512,512,118.87,118.14999999999999,269.71,False,1.0060939483707152
quality_6_8_line_3,line,6,8,annealing,poor,421,512,512,512,118.14999999999999,118.14999999999999,269.71,True,1.0
quality_6_8_line_3,line,6,8,multistart_greedy,poor,401,32,32,32,182.77,118.14999999999999,269.71,False,1.5469318662716887
quality_6_8_line_3,line,6,8,multistart_greedy,poor,409,32,32,32,182.77,118.14999999999999,269.71,False,1.5469318662716887
quality_6_8_line_3,line,6,8,multistart_greedy,poor,419,32,32,32,182.77,118.14999999999999,269.71,False,1.5469318662716887
quality_6_8_line_3,line,6,8,multistart_greedy,poor,421,32,32,32,182.77,118.14999999999999,269.71,False,1.5469318662716887
quality_6_8_line_3,line,6,8,multistart_greedy,poor,401,128,128,128,118.87,118.14999999999999,269.71,False,1.0060939483707152
quality_6_8_line_3,line,6,8,multistart_greedy,poor,409,128,128,128,118.87,118.14999999999999,269.71,False,1.0060939483707152
quality_6_8_line_3,line,6,8,multistart_greedy,poor,419,128,128,128,118.87,118.14999999999999,269.71,False,1.0060939483707152
quality_6_8_line_3,line,6,8,multistart_greedy,poor,421,128,128,128,118.87,118.14999999999999,269.71,False,1.0060939483707152
quality_6_8_line_3,line,6,8,multistart_greedy,poor,401,512,512,512,118.14999999999999,118.14999999999999,269.71,True,1.0
quality_6_8_line_3,line,6,8,multistart_greedy,poor,409,512,512,512,118.87,118.14999999999999,269.71,False,1.0060939483707152
quality_6_8_line_3,line,6,8,multistart_greedy,poor,419,512,512,512,118.87,118.14999999999999,269.71,False,1.0060939483707152
quality_6_8_line_3,line,6,8,multistart_greedy,poor,421,512,512,512,118.14999999999999,118.14999999999999,269.71,True,1.0
quality_6_8_line_3,line,6,8,uniform,random,401,32,32,32,180.6,118.14999999999999,219.91,False,1.5285653829877275
quality_6_8_line_3,line,6,8,uniform,random,409,32,32,32,135.03,118.14999999999999,219.91,False,1.1428692340245452
quality_6_8_line_3,line,6,8,uniform,random,419,32,32,32,147.18000000000004,118.14999999999999,219.91,False,1.2457046127803644
quality_6_8_line_3,line,6,8,uniform,random,421,32,32,32,147.48000000000002,118.14999999999999,219.91,False,1.248243757934829
quality_6_8_line_3,line,6,8,uniform,random,401,128,128,128,130.0,118.14999999999999,219.91,False,1.1002962336013542
quality_6_8_line_3,line,6,8,uniform,random,409,128,128,128,130.17999999999998,118.14999999999999,219.91,False,1.101819720694033
quality_6_8_line_3,line,6,8,uniform,random,419,128,128,128,122.72999999999999,118.14999999999999,219.91,False,1.0387642826914938
quality_6_8_line_3,line,6,8,uniform,random,421,128,128,128,122.01000000000002,118.14999999999999,219.91,False,1.0326703343207788
quality_6_8_line_3,line,6,8,uniform,random,401,512,512,512,119.49000000000001,118.14999999999999,219.91,False,1.0113415150232756
quality_6_8_line_3,line,6,8,uniform,random,409,512,512,512,119.87000000000002,118.14999999999999,219.91,False,1.0145577655522644
quality_6_8_line_3,line,6,8,uniform,random,419,512,512,512,118.40000000000002,118.14999999999999,219.91,False,1.0021159542953875
quality_6_8_line_3,line,6,8,uniform,random,421,512,512,512,119.77,118.14999999999999,219.91,False,1.0137113838341092
quality_6_8_line_3,line,6,8,annealing,random,401,32,32,32,148.92000000000002,118.14999999999999,219.91,False,1.2604316546762593
quality_6_8_line_3,line,6,8,annealing,random,409,32,32,32,143.02,118.14999999999999,219.91,False,1.2104951333051208
quality_6_8_line_3,line,6,8,annealing,random,419,32,32,32,148.92000000000002,118.14999999999999,219.91,False,1.2604316546762593
quality_6_8_line_3,line,6,8,annealing,random,421,32,32,32,148.85999999999999,118.14999999999999,219.91,False,1.259923825645366
quality_6_8_line_3,line,6,8,annealing,random,401,128,128,128,118.87,118.14999999999999,219.91,False,1.0060939483707152
quality_6_8_line_3,line,6,8,annealing,random,409,128,128,128,143.02,118.14999999999999,219.91,False,1.2104951333051208
quality_6_8_line_3,line,6,8,annealing,random,419,128,128,128,118.67999999999999,118.14999999999999,219.91,False,1.0044858231062208
quality_6_8_line_3,line,6,8,annealing,random,421,128,128,128,144.53,118.14999999999999,219.91,False,1.2232754972492594
quality_6_8_line_3,line,6,8,annealing,random,401,512,512,512,118.14999999999999,118.14999999999999,219.91,True,1.0
quality_6_8_line_3,line,6,8,annealing,random,409,512,512,512,143.02,118.14999999999999,219.91,False,1.2104951333051208
quality_6_8_line_3,line,6,8,annealing,random,419,512,512,512,118.87,118.14999999999999,219.91,False,1.0060939483707152
quality_6_8_line_3,line,6,8,annealing,random,421,512,512,512,143.02,118.14999999999999,219.91,False,1.2104951333051208
quality_6_8_line_3,line,6,8,multistart_greedy,random,401,32,32,32,156.54999999999998,118.14999999999999,219.91,False,1.3250105797714768
quality_6_8_line_3,line,6,8,multistart_greedy,random,409,32,32,32,156.54999999999998,118.14999999999999,219.91,False,1.3250105797714768
quality_6_8_line_3,line,6,8,multistart_greedy,random,419,32,32,32,156.54999999999998,118.14999999999999,219.91,False,1.3250105797714768
quality_6_8_line_3,line,6,8,multistart_greedy,random,421,32,32,32,156.54999999999998,118.14999999999999,219.91,False,1.3250105797714768
quality_6_8_line_3,line,6,8,multistart_greedy,random,401,128,128,128,118.87,118.14999999999999,219.91,False,1.0060939483707152
quality_6_8_line_3,line,6,8,multistart_greedy,random,409,128,128,128,118.87,118.14999999999999,219.91,False,1.0060939483707152
quality_6_8_line_3,line,6,8,multistart_greedy,random,419,128,128,128,118.87,118.14999999999999,219.91,False,1.0060939483707152
quality_6_8_line_3,line,6,8,multistart_greedy,random,421,128,128,128,118.87,118.14999999999999,219.91,False,1.0060939483707152
quality_6_8_line_3,line,6,8,multistart_greedy,random,401,512,512,512,118.14999999999999,118.14999999999999,219.91,True,1.0
quality_6_8_line_3,line,6,8,multistart_greedy,random,409,512,512,512,118.87,118.14999999999999,219.91,False,1.0060939483707152
quality_6_8_line_3,line,6,8,multistart_greedy,random,419,512,512,512,118.87,118.14999999999999,219.91,False,1.0060939483707152
quality_6_8_line_3,line,6,8,multistart_greedy,random,421,512,512,512,118.14999999999999,118.14999999999999,219.91,True,1.0
quality_6_8_scatter_0,scatter,6,8,uniform,deterministic,401,32,32,32,84.47,80.2,204.48999999999998,False,1.0532418952618454
quality_6_8_scatter_0,scatter,6,8,uniform,deterministic,409,32,32,32,133.07999999999998,80.2,204.48999999999998,False,1.6593516209476307
quality_6_8_scatter_0,scatter,6,8,uniform,deterministic,419,32,32,32,142.47,80.2,204.48999999999998,False,1.77643391521197
quality_6_8_scatter_0,scatter,6,8,uniform,deterministic,421,32,32,32,120.72999999999999,80.2,204.48999999999998,False,1.5053615960099749
quality_6_8_scatter_0,scatter,6,8,uniform,deterministic,401,128,128,128,84.47,80.2,204.48999999999998,False,1.0532418952618454
quality_6_8_scatter_0,scatter,6,8,uniform,deterministic,409,128,128,128,104.69000000000003,80.2,204.48999999999998,False,1.3053615960099754
quality_6_8_scatter_0,scatter,6,8,uniform,deterministic,419,128,128,128,90.67,80.2,204.48999999999998,False,1.1305486284289277
quality_6_8_scatter_0,scatter,6,8,uniform,deterministic,421,128,128,128,91.46999999999998,80.2,204.48999999999998,False,1.1405236907730671
quality_6_8_scatter_0,scatter,6,8,uniform,deterministic,401,512,512,512,84.47,80.2,204.48999999999998,False,1.0532418952618454
quality_6_8_scatter_0,scatter,6,8,uniform,deterministic,409,512,512,512,85.91,80.2,204.48999999999998,False,1.0711970074812966
quality_6_8_scatter_0,scatter,6,8,uniform,deterministic,419,512,512,512,89.09,80.2,204.48999999999998,False,1.1108478802992519
quality_6_8_scatter_0,scatter,6,8,uniform,deterministic,421,512,512,512,90.95,80.2,204.48999999999998,False,1.1340399002493766
quality_6_8_scatter_0,scatter,6,8,annealing,deterministic,401,32,32,32,123.78999999999998,80.2,204.48999999999998,False,1.5435162094763089
quality_6_8_scatter_0,scatter,6,8,annealing,deterministic,409,32,32,32,122.36,80.2,204.48999999999998,False,1.5256857855361596
quality_6_8_scatter_0,scatter,6,8,annealing,deterministic,419,32,32,32,137.57,80.2,204.48999999999998,False,1.7153366583541145
quality_6_8_scatter_0,scatter,6,8,annealing,deterministic,421,32,32,32,120.32,80.2,204.48999999999998,False,1.5002493765586034
quality_6_8_scatter_0,scatter,6,8,annealing,deterministic,401,128,128,128,123.78999999999998,80.2,204.48999999999998,False,1.5435162094763089
quality_6_8_scatter_0,scatter,6,8,annealing,deterministic,409,128,128,128,112.58,80.2,204.48999999999998,False,1.4037406483790522
quality_6_8_scatter_0,scatter,6,8,annealing,deterministic,419,128,128,128,80.2,80.2,204.48999999999998,True,1.0
quality_6_8_scatter_0,scatter,6,8,annealing,deterministic,421,128,128,128,87.41,80.2,204.48999999999998,False,1.0899002493765586
quality_6_8_scatter_0,scatter,6,8,annealing,deterministic,401,512,512,512,87.41,80.2,204.48999999999998,False,1.0899002493765586
quality_6_8_scatter_0,scatter,6,8,annealing,deterministic,409,512,512,512,112.58,80.2,204.48999999999998,False,1.4037406483790522
quality_6_8_scatter_0,scatter,6,8,annealing,deterministic,419,512,512,512,80.2,80.2,204.48999999999998,True,1.0
quality_6_8_scatter_0,scatter,6,8,annealing,deterministic,421,512,512,512,80.2,80.2,204.48999999999998,True,1.0
quality_6_8_scatter_0,scatter,6,8,multistart_greedy,deterministic,401,32,32,32,145.91000000000003,80.2,204.48999999999998,False,1.8193266832917707
quality_6_8_scatter_0,scatter,6,8,multistart_greedy,deterministic,409,32,32,32,145.91000000000003,80.2,204.48999999999998,False,1.8193266832917707
quality_6_8_scatter_0,scatter,6,8,multistart_greedy,deterministic,419,32,32,32,145.91000000000003,80.2,204.48999999999998,False,1.8193266832917707
quality_6_8_scatter_0,scatter,6,8,multistart_greedy,deterministic,421,32,32,32,145.91000000000003,80.2,204.48999999999998,False,1.8193266832917707
quality_6_8_scatter_0,scatter,6,8,multistart_greedy,deterministic,401,128,128,128,112.58,80.2,204.48999999999998,False,1.4037406483790522
quality_6_8_scatter_0,scatter,6,8,multistart_greedy,deterministic,409,128,128,128,112.58,80.2,204.48999999999998,False,1.4037406483790522
quality_6_8_scatter_0,scatter,6,8,multistart_greedy,deterministic,419,128,128,128,112.58,80.2,204.48999999999998,False,1.4037406483790522
quality_6_8_scatter_0,scatter,6,8,multistart_greedy,deterministic,421,128,128,128,112.58,80.2,204.48999999999998,False,1.4037406483790522
quality_6_8_scatter_0,scatter,6,8,multistart_greedy,deterministic,401,512,512,512,80.2,80.2,204.48999999999998,True,1.0
quality_6_8_scatter_0,scatter,6,8,multistart_greedy,deterministic,409,512,512,512,83.89999999999999,80.2,204.48999999999998,False,1.0461346633416457
quality_6_8_scatter_0,scatter,6,8,multistart_greedy,deterministic,419,512,512,512,80.2,80.2,204.48999999999998,True,1.0
quality_6_8_scatter_0,scatter,6,8,multistart_greedy,deterministic,421,512,512,512,83.89999999999999,80.2,204.48999999999998,False,1.0461346633416457
quality_6_8_scatter_0,scatter,6,8,uniform,poor,401,32,32,32,84.47,80.2,254.25000000000003,False,1.0532418952618454
quality_6_8_scatter_0,scatter,6,8,uniform,poor,409,32,32,32,133.07999999999998,80.2,254.25000000000003,False,1.6593516209476307
quality_6_8_scatter_0,scatter,6,8,uniform,poor,419,32,32,32,142.47,80.2,254.25000000000003,False,1.77643391521197
quality_6_8_scatter_0,scatter,6,8,uniform,poor,421,32,32,32,120.72999999999999,80.2,254.25000000000003,False,1.5053615960099749
quality_6_8_scatter_0,scatter,6,8,uniform,poor,401,128,128,128,84.47,80.2,254.25000000000003,False,1.0532418952618454
quality_6_8_scatter_0,scatter,6,8,uniform,poor,409,128,128,128,104.69000000000003,80.2,254.25000000000003,False,1.3053615960099754
quality_6_8_scatter_0,scatter,6,8,uniform,poor,419,128,128,128,90.67,80.2,254.25000000000003,False,1.1305486284289277
quality_6_8_scatter_0,scatter,6,8,uniform,poor,421,128,128,128,91.46999999999998,80.2,254.25000000000003,False,1.1405236907730671
quality_6_8_scatter_0,scatter,6,8,uniform,poor,401,512,512,512,84.47,80.2,254.25000000000003,False,1.0532418952618454
quality_6_8_scatter_0,scatter,6,8,uniform,poor,409,512,512,512,85.91,80.2,254.25000000000003,False,1.0711970074812966
quality_6_8_scatter_0,scatter,6,8,uniform,poor,419,512,512,512,89.09,80.2,254.25000000000003,False,1.1108478802992519
quality_6_8_scatter_0,scatter,6,8,uniform,poor,421,512,512,512,90.95,80.2,254.25000000000003,False,1.1340399002493766
quality_6_8_scatter_0,scatter,6,8,annealing,poor,401,32,32,32,135.58000000000004,80.2,254.25000000000003,False,1.6905236907730679
quality_6_8_scatter_0,scatter,6,8,annealing,poor,409,32,32,32,128.22,80.2,254.25000000000003,False,1.5987531172069824
quality_6_8_scatter_0,scatter,6,8,annealing,poor,419,32,32,32,131.27999999999997,80.2,254.25000000000003,False,1.6369077306733164
quality_6_8_scatter_0,scatter,6,8,annealing,poor,421,32,32,32,87.41,80.2,254.25000000000003,False,1.0899002493765586
quality_6_8_scatter_0,scatter,6,8,annealing,poor,401,128,128,128,123.78999999999998,80.2,254.25000000000003,False,1.5435162094763089
quality_6_8_scatter_0,scatter,6,8,annealing,poor,409,128,128,128,125.16000000000001,80.2,254.25000000000003,False,1.5605985037406485
quality_6_8_scatter_0,scatter,6,8,annealing,poor,419,128,128,128,90.45,80.2,254.25000000000003,False,1.1278054862842892
quality_6_8_scatter_0,scatter,6,8,annealing,poor,421,128,128,128,83.89999999999999,80.2,254.25000000000003,False,1.0461346633416457
quality_6_8_scatter_0,scatter,6,8,annealing,poor,401,512,512,512,87.41,80.2,254.25000000000003,False,1.0899002493765586
quality_6_8_scatter_0,scatter,6,8,annealing,poor,409,512,512,512,80.2,80.2,254.25000000000003,True,1.0
quality_6_8_scatter_0,scatter,6,8,annealing,poor,419,512,512,512,85.52000000000001,80.2,254.25000000000003,False,1.0663341645885287
quality_6_8_scatter_0,scatter,6,8,annealing,poor,421,512,512,512,83.89999999999999,80.2,254.25000000000003,False,1.0461346633416457
quality_6_8_scatter_0,scatter,6,8,multistart_greedy,poor,401,32,32,32,149.10000000000002,80.2,254.25000000000003,False,1.8591022443890277
quality_6_8_scatter_0,scatter,6,8,multistart_greedy,poor,409,32,32,32,149.10000000000002,80.2,254.25000000000003,False,1.8591022443890277
quality_6_8_scatter_0,scatter,6,8,multistart_greedy,poor,419,32,32,32,149.10000000000002,80.2,254.25000000000003,False,1.8591022443890277
quality_6_8_scatter_0,scatter,6,8,multistart_greedy,poor,421,32,32,32,149.10000000000002,80.2,254.25000000000003,False,1.8591022443890277
quality_6_8_scatter_0,scatter,6,8,multistart_greedy,poor,401,128,128,128,86.95,80.2,254.25000000000003,False,1.0841645885286784
quality_6_8_scatter_0,scatter,6,8,multistart_greedy,poor,409,128,128,128,86.95,80.2,254.25000000000003,False,1.0841645885286784
quality_6_8_scatter_0,scatter,6,8,multistart_greedy,poor,419,128,128,128,86.95,80.2,254.25000000000003,False,1.0841645885286784
quality_6_8_scatter_0,scatter,6,8,multistart_greedy,poor,421,128,128,128,86.95,80.2,254.25000000000003,False,1.0841645885286784
quality_6_8_scatter_0,scatter,6,8,multistart_greedy,poor,401,512,512,512,80.2,80.2,254.25000000000003,True,1.0
quality_6_8_scatter_0,scatter,6,8,multistart_greedy,poor,409,512,512,512,80.2,80.2,254.25000000000003,True,1.0
quality_6_8_scatter_0,scatter,6,8,multistart_greedy,poor,419,512,512,512,80.2,80.2,254.25000000000003,True,1.0
quality_6_8_scatter_0,scatter,6,8,multistart_greedy,poor,421,512,512,512,80.2,80.2,254.25000000000003,True,1.0
quality_6_8_scatter_0,scatter,6,8,uniform,random,401,32,32,32,84.47,80.2,207.11,False,1.0532418952618454
quality_6_8_scatter_0,scatter,6,8,uniform,random,409,32,32,32,133.07999999999998,80.2,207.11,False,1.6593516209476307
quality_6_8_scatter_0,scatter,6,8,uniform,random,419,32,32,32,142.47,80.2,207.11,False,1.77643391521197
quality_6_8_scatter_0,scatter,6,8,uniform,random,421,32,32,32,120.72999999999999,80.2,207.11,False,1.5053615960099749
quality_6_8_scatter_0,scatter,6,8,uniform,random,401,128,128,128,84.47,80.2,207.11,False,1.0532418952618454
quality_6_8_scatter_0,scatter,6,8,uniform,random,409,128,128,128,104.69000000000003,80.2,207.11,False,1.3053615960099754
quality_6_8_scatter_0,scatter,6,8,uniform,random,419,128,128,128,90.67,80.2,207.11,False,1.1305486284289277
quality_6_8_scatter_0,scatter,6,8,uniform,random,421,128,128,128,91.46999999999998,80.2,207.11,False,1.1405236907730671
quality_6_8_scatter_0,scatter,6,8,uniform,random,401,512,512,512,84.47,80.2,207.11,False,1.0532418952618454
quality_6_8_scatter_0,scatter,6,8,uniform,random,409,512,512,512,85.91,80.2,207.11,False,1.0711970074812966
quality_6_8_scatter_0,scatter,6,8,uniform,random,419,512,512,512,89.09,80.2,207.11,False,1.1108478802992519
quality_6_8_scatter_0,scatter,6,8,uniform,random,421,512,512,512,90.95,80.2,207.11,False,1.1340399002493766
quality_6_8_scatter_0,scatter,6,8,annealing,random,401,32,32,32,138.21,80.2,207.11,False,1.7233167082294265
quality_6_8_scatter_0,scatter,6,8,annealing,random,409,32,32,32,120.69999999999999,80.2,207.11,False,1.5049875311720697
quality_6_8_scatter_0,scatter,6,8,annealing,random,419,32,32,32,135.32999999999998,80.2,207.11,False,1.6874064837905234
quality_6_8_scatter_0,scatter,6,8,annealing,random,421,32,32,32,130.78,80.2,207.11,False,1.6306733167082295
quality_6_8_scatter_0,scatter,6,8,annealing,random,401,128,128,128,83.89999999999999,80.2,207.11,False,1.0461346633416457
quality_6_8_scatter_0,scatter,6,8,annealing,random,409,128,128,128,112.58,80.2,207.11,False,1.4037406483790522
quality_6_8_scatter_0,scatter,6,8,annealing,random,419,128,128,128,126.58000000000001,80.2,207.11,False,1.5783042394014963
quality_6_8_scatter_0,scatter,6,8,annealing,random,421,128,128,128,85.52000000000001,80.2,207.11,False,1.0663341645885287
quality_6_8_scatter_0,scatter,6,8,annealing,random,401,512,512,512,83.8,80.2,207.11,False,1.0448877805486283
quality_6_8_scatter_0,scatter,6,8,annealing,random,409,512,512,512,112.58,80.2,207.11,False,1.4037406483790522
quality_6_8_scatter_0,scatter,6,8,annealing,random,419,512,512,512,83.8,80.2,207.11,False,1.0448877805486283
quality_6_8_scatter_0,scatter,6,8,annealing,random,421,512,512,512,85.52000000000001,80.2,207.11,False,1.0663341645885287
quality_6_8_scatter_0,scatter,6,8,multistart_greedy,random,401,32,32,32,139.83,80.2,207.11,False,1.7435162094763093
quality_6_8_scatter_0,scatter,6,8,multistart_greedy,random,409,32,32,32,139.83,80.2,207.11,False,1.7435162094763093
quality_6_8_scatter_0,scatter,6,8,multistart_greedy,random,419,32,32,32,139.83,80.2,207.11,False,1.7435162094763093
quality_6_8_scatter_0,scatter,6,8,multistart_greedy,random,421,32,32,32,139.83,80.2,207.11,False,1.7435162094763093
quality_6_8_scatter_0,scatter,6,8,multistart_greedy,random,401,128,128,128,87.41,80.2,207.11,False,1.0899002493765586
quality_6_8_scatter_0,scatter,6,8,multistart_greedy,random,409,128,128,128,87.41,80.2,207.11,False,1.0899002493765586
quality_6_8_scatter_0,scatter,6,8,multistart_greedy,random,419,128,128,128,87.41,80.2,207.11,False,1.0899002493765586
quality_6_8_scatter_0,scatter,6,8,multistart_greedy,random,421,128,128,128,87.41,80.2,207.11,False,1.0899002493765586
quality_6_8_scatter_0,scatter,6,8,multistart_greedy,random,401,512,512,512,80.2,80.2,207.11,True,1.0
quality_6_8_scatter_0,scatter,6,8,multistart_greedy,random,409,512,512,512,83.89999999999999,80.2,207.11,False,1.0461346633416457
quality_6_8_scatter_0,scatter,6,8,multistart_greedy,random,419,512,512,512,80.2,80.2,207.11,True,1.0
quality_6_8_scatter_0,scatter,6,8,multistart_greedy,random,421,512,512,512,80.2,80.2,207.11,True,1.0
quality_6_8_scatter_1,scatter,6,8,uniform,deterministic,401,32,32,32,139.89,130.13,254.39000000000001,False,1.0750019211557673
quality_6_8_scatter_1,scatter,6,8,uniform,deterministic,409,32,32,32,153.02,130.13,254.39000000000001,False,1.1759010220548682
quality_6_8_scatter_1,scatter,6,8,uniform,deterministic,419,32,32,32,163.93,130.13,254.39000000000001,False,1.2597402597402598
quality_6_8_scatter_1,scatter,6,8,uniform,deterministic,421,32,32,32,159.17,130.13,254.39000000000001,False,1.2231614539306845
quality_6_8_scatter_1,scatter,6,8,uniform,deterministic,401,128,128,128,134.05999999999997,130.13,254.39000000000001,False,1.030200568662107
quality_6_8_scatter_1,scatter,6,8,uniform,deterministic,409,128,128,128,136.52,130.13,254.39000000000001,False,1.049104741412434
quality_6_8_scatter_1,scatter,6,8,uniform,deterministic,419,128,128,128,138.55,130.13,254.39000000000001,False,1.064704526242988
quality_6_8_scatter_1,scatter,6,8,uniform,deterministic,421,128,128,128,147.35999999999999,130.13,254.39000000000001,False,1.1324060554829785
quality_6_8_scatter_1,scatter,6,8,uniform,deterministic,401,512,512,512,134.05999999999997,130.13,254.39000000000001,False,1.030200568662107
quality_6_8_scatter_1,scatter,6,8,uniform,deterministic,409,512,512,512,135.32000000000002,130.13,254.39000000000001,False,1.0398831937293478
quality_6_8_scatter_1,scatter,6,8,uniform,deterministic,419,512,512,512,131.99,130.13,254.39000000000001,False,1.0142933989087837
quality_6_8_scatter_1,scatter,6,8,uniform,deterministic,421,512,512,512,136.43,130.13,254.39000000000001,False,1.0484131253362023
quality_6_8_scatter_1,scatter,6,8,annealing,deterministic,401,32,32,32,145.64,130.13,254.39000000000001,False,1.1191885038038885
quality_6_8_scatter_1,scatter,6,8,annealing,deterministic,409,32,32,32,146.72,130.13,254.39000000000001,False,1.127487896718666
quality_6_8_scatter_1,scatter,6,8,annealing,deterministic,419,32,32,32,144.84,130.13,254.39000000000001,False,1.1130408053484977
quality_6_8_scatter_1,scatter,6,8,annealing,deterministic,421,32,32,32,145.21,130.13,254.39000000000001,False,1.115884115884116
quality_6_8_scatter_1,scatter,6,8,annealing,deterministic,401,128,128,128,132.97,130.13,254.39000000000001,False,1.0218243295166372
quality_6_8_scatter_1,scatter,6,8,annealing,deterministic,409,128,128,128,130.5,130.13,254.39000000000001,False,1.0028433105356183
quality_6_8_scatter_1,scatter,6,8,annealing,deterministic,419,128,128,128,139.2,130.13,254.39000000000001,False,1.0696995312379927
quality_6_8_scatter_1,scatter,6,8,annealing,deterministic,421,128,128,128,139.2,130.13,254.39000000000001,False,1.0696995312379927
quality_6_8_scatter_1,scatter,6,8,annealing,deterministic,401,512,512,512,132.97,130.13,254.39000000000001,False,1.0218243295166372
quality_6_8_scatter_1,scatter,6,8,annealing,deterministic,409,512,512,512,130.13,130.13,254.39000000000001,True,1.0
quality_6_8_scatter_1,scatter,6,8,annealing,deterministic,419,512,512,512,139.2,130.13,254.39000000000001,False,1.0696995312379927
quality_6_8_scatter_1,scatter,6,8,annealing,deterministic,421,512,512,512,130.13,130.13,254.39000000000001,True,1.0
quality_6_8_scatter_1,scatter,6,8,multistart_greedy,deterministic,401,32,32,32,174.09,130.13,254.39000000000001,False,1.3378160301237225
quality_6_8_scatter_1,scatter,6,8,multistart_greedy,deterministic,409,32,32,32,174.09,130.13,254.39000000000001,False,1.3378160301237225
quality_6_8_scatter_1,scatter,6,8,multistart_greedy,deterministic,419,32,32,32,174.09,130.13,254.39000000000001,False,1.3378160301237225
quality_6_8_scatter_1,scatter,6,8,multistart_greedy,deterministic,421,32,32,32,174.09,130.13,254.39000000000001,False,1.3378160301237225
quality_6_8_scatter_1,scatter,6,8,multistart_greedy,deterministic,401,128,128,128,130.13,130.13,254.39000000000001,True,1.0
quality_6_8_scatter_1,scatter,6,8,multistart_greedy,deterministic,409,128,128,128,130.13,130.13,254.39000000000001,True,1.0
quality_6_8_scatter_1,scatter,6,8,multistart_greedy,deterministic,419,128,128,128,130.13,130.13,254.39000000000001,True,1.0
quality_6_8_scatter_1,scatter,6,8,multistart_greedy,deterministic,421,128,128,128,130.13,130.13,254.39000000000001,True,1.0
quality_6_8_scatter_1,scatter,6,8,multistart_greedy,deterministic,401,512,512,512,130.13,130.13,254.39000000000001,True,1.0
quality_6_8_scatter_1,scatter,6,8,multistart_greedy,deterministic,409,512,512,512,130.13,130.13,254.39000000000001,True,1.0
quality_6_8_scatter_1,scatter,6,8,multistart_greedy,deterministic,419,512,512,512,130.13,130.13,254.39000000000001,True,1.0
quality_6_8_scatter_1,scatter,6,8,multistart_greedy,deterministic,421,512,512,512,130.13,130.13,254.39000000000001,True,1.0
quality_6_8_scatter_1,scatter,6,8,uniform,poor,401,32,32,32,139.89,130.13,308.77000000000004,False,1.0750019211557673
quality_6_8_scatter_1,scatter,6,8,uniform,poor,409,32,32,32,153.02,130.13,308.77000000000004,False,1.1759010220548682
quality_6_8_scatter_1,scatter,6,8,uniform,poor,419,32,32,32,163.93,130.13,308.77000000000004,False,1.2597402597402598
quality_6_8_scatter_1,scatter,6,8,uniform,poor,421,32,32,32,159.17,130.13,308.77000000000004,False,1.2231614539306845
quality_6_8_scatter_1,scatter,6,8,uniform,poor,401,128,128,128,134.05999999999997,130.13,308.77000000000004,False,1.030200568662107
quality_6_8_scatter_1,scatter,6,8,uniform,poor,409,128,128,128,136.52,130.13,308.77000000000004,False,1.049104741412434
quality_6_8_scatter_1,scatter,6,8,uniform,poor,419,128,128,128,138.55,130.13,308.77000000000004,False,1.064704526242988
quality_6_8_scatter_1,scatter,6,8,uniform,poor,421,128,128,128,147.35999999999999,130.13,308.77000000000004,False,1.1324060554829785
quality_6_8_scatter_1,scatter,6,8,uniform,poor,401,512,512,512,134.05999999999997,130.13,308.77000000000004,False,1.030200568662107
quality_6_8_scatter_1,scatter,6,8,uniform,poor,409,512,512,512,135.32000000000002,130.13,308.77000000000004,False,1.0398831937293478
quality_6_8_scatter_1,scatter,6,8,uniform,poor,419,512,512,512,131.99,130.13,308.77000000000004,False,1.0142933989087837
quality_6_8_scatter_1,scatter,6,8,uniform,poor,421,512,512,512,136.43,130.13,308.77000000000004,False,1.0484131253362023
quality_6_8_scatter_1,scatter,6,8,annealing,poor,401,32,32,32,132.97,130.13,308.77000000000004,False,1.0218243295166372
quality_6_8_scatter_1,scatter,6,8,annealing,poor,409,32,32,32,160.95999999999998,130.13,308.77000000000004,False,1.2369169292246214
quality_6_8_scatter_1,scatter,6,8,annealing,poor,419,32,32,32,167.21,130.13,308.77000000000004,False,1.284945823407362
quality_6_8_scatter_1,scatter,6,8,annealing,poor,421,32,32,32,148.22,130.13,308.77000000000004,False,1.1390148313225237
quality_6_8_scatter_1,scatter,6,8,annealing,poor,401,128,128,128,132.97,130.13,308.77000000000004,False,1.0218243295166372
quality_6_8_scatter_1,scatter,6,8,annealing,poor,409,128,128,128,149.58999999999997,130.13,308.77000000000004,False,1.1495427649273802
quality_6_8_scatter_1,scatter,6,8,annealing,poor,419,128,128,128,130.13,130.13,308.77000000000004,True,1.0
quality_6_8_scatter_1,scatter,6,8,annealing,poor,421,128,128,128,139.2,130.13,308.77000000000004,False,1.0696995312379927
quality_6_8_scatter_1,scatter,6,8,annealing,poor,401,512,512,512,132.97,130.13,308.77000000000004,False,1.0218243295166372
quality_6_8_scatter_1,scatter,6,8,annealing,poor,409,512,512,512,132.44,130.13,308.77000000000004,False,1.017751479289941
quality_6_8_scatter_1,scatter,6,8,annealing,poor,419,512,512,512,130.13,130.13,308.77000000000004,True,1.0
quality_6_8_scatter_1,scatter,6,8,annealing,poor,421,512,512,512,139.2,130.13,308.77000000000004,False,1.0696995312379927
quality_6_8_scatter_1,scatter,6,8,multistart_greedy,poor,401,32,32,32,186.71,130.13,308.77000000000004,False,1.4347959732575117
quality_6_8_scatter_1,scatter,6,8,multistart_greedy,poor,409,32,32,32,186.71,130.13,308.77000000000004,False,1.4347959732575117
quality_6_8_scatter_1,scatter,6,8,multistart_greedy,poor,419,32,32,32,186.71,130.13,308.77000000000004,False,1.4347959732575117
quality_6_8_scatter_1,scatter,6,8,multistart_greedy,poor,421,32,32,32,186.71,130.13,308.77000000000004,False,1.4347959732575117
quality_6_8_scatter_1,scatter,6,8,multistart_greedy,poor,401,128,128,128,130.13,130.13,308.77000000000004,True,1.0
quality_6_8_scatter_1,scatter,6,8,multistart_greedy,poor,409,128,128,128,130.13,130.13,308.77000000000004,True,1.0
quality_6_8_scatter_1,scatter,6,8,multistart_greedy,poor,419,128,128,128,130.13,130.13,308.77000000000004,True,1.0
quality_6_8_scatter_1,scatter,6,8,multistart_greedy,poor,421,128,128,128,130.13,130.13,308.77000000000004,True,1.0
quality_6_8_scatter_1,scatter,6,8,multistart_greedy,poor,401,512,512,512,130.13,130.13,308.77000000000004,True,1.0
quality_6_8_scatter_1,scatter,6,8,multistart_greedy,poor,409,512,512,512,130.13,130.13,308.77000000000004,True,1.0
quality_6_8_scatter_1,scatter,6,8,multistart_greedy,poor,419,512,512,512,130.13,130.13,308.77000000000004,True,1.0
quality_6_8_scatter_1,scatter,6,8,multistart_greedy,poor,421,512,512,512,130.13,130.13,308.77000000000004,True,1.0
quality_6_8_scatter_1,scatter,6,8,uniform,random,401,32,32,32,139.89,130.13,212.98,False,1.0750019211557673
quality_6_8_scatter_1,scatter,6,8,uniform,random,409,32,32,32,153.02,130.13,212.98,False,1.1759010220548682
quality_6_8_scatter_1,scatter,6,8,uniform,random,419,32,32,32,163.93,130.13,212.98,False,1.2597402597402598
quality_6_8_scatter_1,scatter,6,8,uniform,random,421,32,32,32,159.17,130.13,212.98,False,1.2231614539306845
quality_6_8_scatter_1,scatter,6,8,uniform,random,401,128,128,128,134.05999999999997,130.13,212.98,False,1.030200568662107
quality_6_8_scatter_1,scatter,6,8,uniform,random,409,128,128,128,136.52,130.13,212.98,False,1.049104741412434
quality_6_8_scatter_1,scatter,6,8,uniform,random,419,128,128,128,138.55,130.13,212.98,False,1.064704526242988
quality_6_8_scatter_1,scatter,6,8,uniform,random,421,128,128,128,147.35999999999999,130.13,212.98,False,1.1324060554829785
quality_6_8_scatter_1,scatter,6,8,uniform,random,401,512,512,512,134.05999999999997,130.13,212.98,False,1.030200568662107
quality_6_8_scatter_1,scatter,6,8,uniform,random,409,512,512,512,135.32000000000002,130.13,212.98,False,1.0398831937293478
quality_6_8_scatter_1,scatter,6,8,uniform,random,419,512,512,512,131.99,130.13,212.98,False,1.0142933989087837
quality_6_8_scatter_1,scatter,6,8,uniform,random,421,512,512,512,136.43,130.13,212.98,False,1.0484131253362023
quality_6_8_scatter_1,scatter,6,8,annealing,random,401,32,32,32,155.19,130.13,212.98,False,1.1925766541151157
quality_6_8_scatter_1,scatter,6,8,annealing,random,409,32,32,32,145.73,130.13,212.98,False,1.1198801198801198
quality_6_8_scatter_1,scatter,6,8,annealing,random,419,32,32,32,152.73999999999998,130.13,212.98,False,1.1737493275954813
quality_6_8_scatter_1,scatter,6,8,annealing,random,421,32,32,32,165.46999999999997,130.13,212.98,False,1.2715745792668869
quality_6_8_scatter_1,scatter,6,8,annealing,random,401,128,128,128,142.25,130.13,212.98,False,1.09313763159917
quality_6_8_scatter_1,scatter,6,8,annealing,random,409,128,128,128,144.4,130.13,212.98,False,1.1096595711980328
quality_6_8_scatter_1,scatter,6,8,annealing,random,419,128,128,128,134.35,130.13,212.98,False,1.0324291093521862
quality_6_8_scatter_1,scatter,6,8,annealing,random,421,128,128,128,139.2,130.13,212.98,False,1.0696995312379927
quality_6_8_scatter_1,scatter,6,8,annealing,random,401,512,512,512,138.83999999999997,130.13,212.98,False,1.0669330669330668
quality_6_8_scatter_1,scatter,6,8,annealing,random,409,512,512,512,132.44,130.13,212.98,False,1.017751479289941
quality_6_8_scatter_1,scatter,6,8,annealing,random,419,512,512,512,131.98,130.13,212.98,False,1.014216552678091
quality_6_8_scatter_1,scatter,6,8,annealing,random,421,512,512,512,139.2,130.13,212.98,False,1.0696995312379927
quality_6_8_scatter_1,scatter,6,8,multistart_greedy,random,401,32,32,32,158.47,130.13,212.98,False,1.2177822177822177
quality_6_8_scatter_1,scatter,6,8,multistart_greedy,random,409,32,32,32,158.47,130.13,212.98,False,1.2177822177822177
quality_6_8_scatter_1,scatter,6,8,multistart_greedy,random,419,32,32,32,158.47,130.13,212.98,False,1.2177822177822177
quality_6_8_scatter_1,scatter,6,8,multistart_greedy,random,421,32,32,32,158.47,130.13,212.98,False,1.2177822177822177
quality_6_8_scatter_1,scatter,6,8,multistart_greedy,random,401,128,128,128,138.83999999999997,130.13,212.98,False,1.0669330669330668
quality_6_8_scatter_1,scatter,6,8,multistart_greedy,random,409,128,128,128,138.83999999999997,130.13,212.98,False,1.0669330669330668
quality_6_8_scatter_1,scatter,6,8,multistart_greedy,random,419,128,128,128,138.83999999999997,130.13,212.98,False,1.0669330669330668
quality_6_8_scatter_1,scatter,6,8,multistart_greedy,random,421,128,128,128,138.83999999999997,130.13,212.98,False,1.0669330669330668
quality_6_8_scatter_1,scatter,6,8,multistart_greedy,random,401,512,512,512,130.13,130.13,212.98,True,1.0
quality_6_8_scatter_1,scatter,6,8,multistart_greedy,random,409,512,512,512,130.13,130.13,212.98,True,1.0
quality_6_8_scatter_1,scatter,6,8,multistart_greedy,random,419,512,512,512,132.97,130.13,212.98,False,1.0218243295166372
quality_6_8_scatter_1,scatter,6,8,multistart_greedy,random,421,512,512,512,130.57,130.13,212.98,False,1.0033812341504649
quality_6_8_scatter_2,scatter,6,8,uniform,deterministic,401,32,32,32,142.63,106.05,171.36,False,1.3449316360207448
quality_6_8_scatter_2,scatter,6,8,uniform,deterministic,409,32,32,32,131.16,106.05,171.36,False,1.2367751060820367
quality_6_8_scatter_2,scatter,6,8,uniform,deterministic,419,32,32,32,124.73,106.05,171.36,False,1.1761433286185763
quality_6_8_scatter_2,scatter,6,8,uniform,deterministic,421,32,32,32,150.07999999999998,106.05,171.36,False,1.415181518151815
quality_6_8_scatter_2,scatter,6,8,uniform,deterministic,401,128,128,128,124.36,106.05,171.36,False,1.1726544082979726
quality_6_8_scatter_2,scatter,6,8,uniform,deterministic,409,128,128,128,117.70000000000002,106.05,171.36,False,1.10985384252711
quality_6_8_scatter_2,scatter,6,8,uniform,deterministic,419,128,128,128,124.73,106.05,171.36,False,1.1761433286185763
quality_6_8_scatter_2,scatter,6,8,uniform,deterministic,421,128,128,128,119.08,106.05,171.36,False,1.122866572371523
quality_6_8_scatter_2,scatter,6,8,uniform,deterministic,401,512,512,512,121.61,106.05,171.36,False,1.1467232437529467
quality_6_8_scatter_2,scatter,6,8,uniform,deterministic,409,512,512,512,106.05000000000001,106.05,171.36,True,1.0000000000000002
quality_6_8_scatter_2,scatter,6,8,uniform,deterministic,419,512,512,512,114.17,106.05,171.36,False,1.0765676567656766
quality_6_8_scatter_2,scatter,6,8,uniform,deterministic,421,512,512,512,118.23000000000002,106.05,171.36,False,1.114851485148515
quality_6_8_scatter_2,scatter,6,8,annealing,deterministic,401,32,32,32,113.41000000000001,106.05,171.36,False,1.0694012258368695
quality_6_8_scatter_2,scatter,6,8,annealing,deterministic,409,32,32,32,111.00999999999999,106.05,171.36,False,1.0467703913248467
quality_6_8_scatter_2,scatter,6,8,annealing,deterministic,419,32,32,32,116.21,106.05,171.36,False,1.0958038661008958
quality_6_8_scatter_2,scatter,6,8,annealing,deterministic,421,32,32,32,127.73,106.05,171.36,False,1.2044318717586044
quality_6_8_scatter_2,scatter,6,8,annealing,deterministic,401,128,128,128,106.05,106.05,171.36,True,1.0
quality_6_8_scatter_2,scatter,6,8,annealing,deterministic,409,128,128,128,111.00999999999999,106.05,171.36,False,1.0467703913248467
quality_6_8_scatter_2,scatter,6,8,annealing,deterministic,419,128,128,128,106.05000000000001,106.05,171.36,True,1.0000000000000002
quality_6_8_scatter_2,scatter,6,8,annealing,deterministic,421,128,128,128,127.73,106.05,171.36,False,1.2044318717586044
quality_6_8_scatter_2,scatter,6,8,annealing,deterministic,401,512,512,512,106.05,106.05,171.36,True,1.0
quality_6_8_scatter_2,scatter,6,8,annealing,deterministic,409,512,512,512,111.00999999999999,106.05,171.36,False,1.0467703913248467
quality_6_8_scatter_2,scatter,6,8,annealing,deterministic,419,512,512,512,114.97999999999999,106.05,171.36,False,1.0842055634134842
quality_6_8_scatter_2,scatter,6,8,annealing,deterministic,421,512,512,512,121.61,106.05,171.36,False,1.1467232437529467
quality_6_8_scatter_2,scatter,6,8,multistart_greedy,deterministic,401,32,32,32,127.75999999999999,106.05,171.36,False,1.2047147571900048
quality_6_8_scatter_2,scatter,6,8,multistart_greedy,deterministic,409,32,32,32,127.75999999999999,106.05,171.36,False,1.2047147571900048
quality_6_8_scatter_2,scatter,6,8,multistart_greedy,deterministic,419,32,32,32,127.75999999999999,106.05,171.36,False,1.2047147571900048
quality_6_8_scatter_2,scatter,6,8,multistart_greedy,deterministic,421,32,32,32,127.75999999999999,106.05,171.36,False,1.2047147571900048
quality_6_8_scatter_2,scatter,6,8,multistart_greedy,deterministic,401,128,128,128,106.05000000000001,106.05,171.36,True,1.0000000000000002
quality_6_8_scatter_2,scatter,6,8,multistart_greedy,deterministic,409,128,128,128,106.05000000000001,106.05,171.36,True,1.0000000000000002
quality_6_8_scatter_2,scatter,6,8,multistart_greedy,deterministic,419,128,128,128,106.05000000000001,106.05,171.36,True,1.0000000000000002
quality_6_8_scatter_2,scatter,6,8,multistart_greedy,deterministic,421,128,128,128,106.05000000000001,106.05,171.36,True,1.0000000000000002
quality_6_8_scatter_2,scatter,6,8,multistart_greedy,deterministic,401,512,512,512,106.05000000000001,106.05,171.36,True,1.0000000000000002
quality_6_8_scatter_2,scatter,6,8,multistart_greedy,deterministic,409,512,512,512,106.05000000000001,106.05,171.36,True,1.0000000000000002
quality_6_8_scatter_2,scatter,6,8,multistart_greedy,deterministic,419,512,512,512,106.05,106.05,171.36,True,1.0
quality_6_8_scatter_2,scatter,6,8,multistart_greedy,deterministic,421,512,512,512,106.05000000000001,106.05,171.36,True,1.0000000000000002
quality_6_8_scatter_2,scatter,6,8,uniform,poor,401,32,32,32,142.63,106.05,268.33,False,1.3449316360207448
quality_6_8_scatter_2,scatter,6,8,uniform,poor,409,32,32,32,131.16,106.05,268.33,False,1.2367751060820367
quality_6_8_scatter_2,scatter,6,8,uniform,poor,419,32,32,32,124.73,106.05,268.33,False,1.1761433286185763
quality_6_8_scatter_2,scatter,6,8,uniform,poor,421,32,32,32,150.07999999999998,106.05,268.33,False,1.415181518151815
quality_6_8_scatter_2,scatter,6,8,uniform,poor,401,128,128,128,124.36,106.05,268.33,False,1.1726544082979726
quality_6_8_scatter_2,scatter,6,8,uniform,poor,409,128,128,128,117.70000000000002,106.05,268.33,False,1.10985384252711
quality_6_8_scatter_2,scatter,6,8,uniform,poor,419,128,128,128,124.73,106.05,268.33,False,1.1761433286185763
quality_6_8_scatter_2,scatter,6,8,uniform,poor,421,128,128,128,119.08,106.05,268.33,False,1.122866572371523
quality_6_8_scatter_2,scatter,6,8,uniform,poor,401,512,512,512,121.61,106.05,268.33,False,1.1467232437529467
quality_6_8_scatter_2,scatter,6,8,uniform,poor,409,512,512,512,106.05000000000001,106.05,268.33,True,1.0000000000000002
quality_6_8_scatter_2,scatter,6,8,uniform,poor,419,512,512,512,114.17,106.05,268.33,False,1.0765676567656766
quality_6_8_scatter_2,scatter,6,8,uniform,poor,421,512,512,512,118.23000000000002,106.05,268.33,False,1.114851485148515
quality_6_8_scatter_2,scatter,6,8,annealing,poor,401,32,32,32,125.47,106.05,268.33,False,1.1831211692597832
quality_6_8_scatter_2,scatter,6,8,annealing,poor,409,32,32,32,155.1,106.05,268.33,False,1.4625176803394626
quality_6_8_scatter_2,scatter,6,8,annealing,poor,419,32,32,32,131.14000000000001,106.05,268.33,False,1.2365865157944367
quality_6_8_scatter_2,scatter,6,8,annealing,poor,421,32,32,32,109.15999999999998,106.05,268.33,False,1.029325789721829
quality_6_8_scatter_2,scatter,6,8,annealing,poor,401,128,128,128,106.05,106.05,268.33,True,1.0
quality_6_8_scatter_2,scatter,6,8,annealing,poor,409,128,128,128,111.00999999999999,106.05,268.33,False,1.0467703913248467
quality_6_8_scatter_2,scatter,6,8,annealing,poor,419,128,128,128,121.61,106.05,268.33,False,1.1467232437529467
quality_6_8_scatter_2,scatter,6,8,annealing,poor,421,128,128,128,109.15999999999998,106.05,268.33,False,1.029325789721829
quality_6_8_scatter_2,scatter,6,8,annealing,poor,401,512,512,512,106.05,106.05,268.33,True,1.0
quality_6_8_scatter_2,scatter,6,8,annealing,poor,409,512,512,512,121.61,106.05,268.33,False,1.1467232437529467
quality_6_8_scatter_2,scatter,6,8,annealing,poor,419,512,512,512,109.15999999999998,106.05,268.33,False,1.029325789721829
quality_6_8_scatter_2,scatter,6,8,annealing,poor,421,512,512,512,109.15999999999998,106.05,268.33,False,1.029325789721829
quality_6_8_scatter_2,scatter,6,8,multistart_greedy,poor,401,32,32,32,151.48999999999998,106.05,268.33,False,1.4284771334276283
quality_6_8_scatter_2,scatter,6,8,multistart_greedy,poor,409,32,32,32,151.48999999999998,106.05,268.33,False,1.4284771334276283
quality_6_8_scatter_2,scatter,6,8,multistart_greedy,poor,419,32,32,32,151.48999999999998,106.05,268.33,False,1.4284771334276283
quality_6_8_scatter_2,scatter,6,8,multistart_greedy,poor,421,32,32,32,151.48999999999998,106.05,268.33,False,1.4284771334276283
quality_6_8_scatter_2,scatter,6,8,multistart_greedy,poor,401,128,128,128,111.00999999999999,106.05,268.33,False,1.0467703913248467
quality_6_8_scatter_2,scatter,6,8,multistart_greedy,poor,409,128,128,128,111.00999999999999,106.05,268.33,False,1.0467703913248467
quality_6_8_scatter_2,scatter,6,8,multistart_greedy,poor,419,128,128,128,111.00999999999999,106.05,268.33,False,1.0467703913248467
quality_6_8_scatter_2,scatter,6,8,multistart_greedy,poor,421,128,128,128,111.00999999999999,106.05,268.33,False,1.0467703913248467
quality_6_8_scatter_2,scatter,6,8,multistart_greedy,poor,401,512,512,512,106.05000000000001,106.05,268.33,True,1.0000000000000002
quality_6_8_scatter_2,scatter,6,8,multistart_greedy,poor,409,512,512,512,111.00999999999999,106.05,268.33,False,1.0467703913248467
quality_6_8_scatter_2,scatter,6,8,multistart_greedy,poor,419,512,512,512,106.05,106.05,268.33,True,1.0
quality_6_8_scatter_2,scatter,6,8,multistart_greedy,poor,421,512,512,512,106.05000000000001,106.05,268.33,True,1.0000000000000002
quality_6_8_scatter_2,scatter,6,8,uniform,random,401,32,32,32,142.63,106.05,162.31,False,1.3449316360207448
quality_6_8_scatter_2,scatter,6,8,uniform,random,409,32,32,32,131.16,106.05,162.31,False,1.2367751060820367
quality_6_8_scatter_2,scatter,6,8,uniform,random,419,32,32,32,124.73,106.05,162.31,False,1.1761433286185763
quality_6_8_scatter_2,scatter,6,8,uniform,random,421,32,32,32,150.07999999999998,106.05,162.31,False,1.415181518151815
quality_6_8_scatter_2,scatter,6,8,uniform,random,401,128,128,128,124.36,106.05,162.31,False,1.1726544082979726
quality_6_8_scatter_2,scatter,6,8,uniform,random,409,128,128,128,117.70000000000002,106.05,162.31,False,1.10985384252711
quality_6_8_scatter_2,scatter,6,8,uniform,random,419,128,128,128,124.73,106.05,162.31,False,1.1761433286185763
quality_6_8_scatter_2,scatter,6,8,uniform,random,421,128,128,128,119.08,106.05,162.31,False,1.122866572371523
quality_6_8_scatter_2,scatter,6,8,uniform,random,401,512,512,512,121.61,106.05,162.31,False,1.1467232437529467
quality_6_8_scatter_2,scatter,6,8,uniform,random,409,512,512,512,106.05000000000001,106.05,162.31,True,1.0000000000000002
quality_6_8_scatter_2,scatter,6,8,uniform,random,419,512,512,512,114.17,106.05,162.31,False,1.0765676567656766
quality_6_8_scatter_2,scatter,6,8,uniform,random,421,512,512,512,118.23000000000002,106.05,162.31,False,1.114851485148515
quality_6_8_scatter_2,scatter,6,8,annealing,random,401,32,32,32,106.05,106.05,162.31,True,1.0
quality_6_8_scatter_2,scatter,6,8,annealing,random,409,32,32,32,115.03,106.05,162.31,False,1.0846770391324847
quality_6_8_scatter_2,scatter,6,8,annealing,random,419,32,32,32,116.21,106.05,162.31,False,1.0958038661008958
quality_6_8_scatter_2,scatter,6,8,annealing,random,421,32,32,32,121.88000000000001,106.05,162.31,False,1.1492692126355495
quality_6_8_scatter_2,scatter,6,8,annealing,random,401,128,128,128,106.05,106.05,162.31,True,1.0
quality_6_8_scatter_2,scatter,6,8,annealing,random,409,128,128,128,111.00999999999999,106.05,162.31,False,1.0467703913248467
quality_6_8_scatter_2,scatter,6,8,annealing,random,419,128,128,128,106.05000000000001,106.05,162.31,True,1.0000000000000002
quality_6_8_scatter_2,scatter,6,8,annealing,random,421,128,128,128,111.00999999999999,106.05,162.31,False,1.0467703913248467
quality_6_8_scatter_2,scatter,6,8,annealing,random,401,512,512,512,106.05,106.05,162.31,True,1.0
quality_6_8_scatter_2,scatter,6,8,annealing,random,409,512,512,512,111.00999999999999,106.05,162.31,False,1.0467703913248467
quality_6_8_scatter_2,scatter,6,8,annealing,random,419,512,512,512,106.05,106.05,162.31,True,1.0
quality_6_8_scatter_2,scatter,6,8,annealing,random,421,512,512,512,109.15999999999998,106.05,162.31,False,1.029325789721829
quality_6_8_scatter_2,scatter,6,8,multistart_greedy,random,401,32,32,32,131.37,106.05,162.31,False,1.2387553041018389
quality_6_8_scatter_2,scatter,6,8,multistart_greedy,random,409,32,32,32,131.37,106.05,162.31,False,1.2387553041018389
quality_6_8_scatter_2,scatter,6,8,multistart_greedy,random,419,32,32,32,131.37,106.05,162.31,False,1.2387553041018389
quality_6_8_scatter_2,scatter,6,8,multistart_greedy,random,421,32,32,32,131.37,106.05,162.31,False,1.2387553041018389
quality_6_8_scatter_2,scatter,6,8,multistart_greedy,random,401,128,128,128,106.05,106.05,162.31,True,1.0
quality_6_8_scatter_2,scatter,6,8,multistart_greedy,random,409,128,128,128,106.05,106.05,162.31,True,1.0
quality_6_8_scatter_2,scatter,6,8,multistart_greedy,random,419,128,128,128,106.05,106.05,162.31,True,1.0
quality_6_8_scatter_2,scatter,6,8,multistart_greedy,random,421,128,128,128,106.05,106.05,162.31,True,1.0
quality_6_8_scatter_2,scatter,6,8,multistart_greedy,random,401,512,512,512,106.05,106.05,162.31,True,1.0
quality_6_8_scatter_2,scatter,6,8,multistart_greedy,random,409,512,512,512,106.05,106.05,162.31,True,1.0
quality_6_8_scatter_2,scatter,6,8,multistart_greedy,random,419,512,512,512,106.05,106.05,162.31,True,1.0
quality_6_8_scatter_2,scatter,6,8,multistart_greedy,random,421,512,512,512,106.05,106.05,162.31,True,1.0
quality_6_8_scatter_3,scatter,6,8,uniform,deterministic,401,32,32,32,263.71,238.65000000000003,263.71,False,1.1050073329143095
quality_6_8_scatter_3,scatter,6,8,uniform,deterministic,409,32,32,32,263.71,238.65000000000003,263.71,False,1.1050073329143095
quality_6_8_scatter_3,scatter,6,8,uniform,deterministic,419,32,32,32,260.89,238.65000000000003,263.71,False,1.0931908652838884
quality_6_8_scatter_3,scatter,6,8,uniform,deterministic,421,32,32,32,256.92,238.65000000000003,263.71,False,1.0765556253928346
quality_6_8_scatter_3,scatter,6,8,uniform,deterministic,401,128,128,128,257.7099999999999,238.65000000000003,263.71,False,1.0798659124240515
quality_6_8_scatter_3,scatter,6,8,uniform,deterministic,409,128,128,128,257.21000000000004,238.65000000000003,263.71,False,1.0777707940498638
quality_6_8_scatter_3,scatter,6,8,uniform,deterministic,419,128,128,128,259.02000000000004,238.65000000000003,263.71,False,1.085355122564425
quality_6_8_scatter_3,scatter,6,8,uniform,deterministic,421,128,128,128,256.92,238.65000000000003,263.71,False,1.0765556253928346
quality_6_8_scatter_3,scatter,6,8,uniform,deterministic,401,512,512,512,252.09,238.65000000000003,263.71,False,1.0563167818981771
quality_6_8_scatter_3,scatter,6,8,uniform,deterministic,409,512,512,512,244.47000000000003,238.65000000000003,263.71,False,1.02438717787555
quality_6_8_scatter_3,scatter,6,8,uniform,deterministic,419,512,512,512,253.15000000000003,238.65000000000003,263.71,False,1.060758432851456
quality_6_8_scatter_3,scatter,6,8,uniform,deterministic,421,512,512,512,253.56,238.65000000000003,263.71,False,1.0624764299182903
quality_6_8_scatter_3,scatter,6,8,annealing,deterministic,401,32,32,32,256.28999999999996,238.65000000000003,263.71,False,1.0739157762413574
quality_6_8_scatter_3,scatter,6,8,annealing,deterministic,409,32,32,32,255.41000000000003,238.65000000000003,263.71,False,1.0702283679027864
quality_6_8_scatter_3,scatter,6,8,annealing,deterministic,419,32,32,32,255.75000000000003,238.65000000000003,263.71,False,1.0716530483972344
quality_6_8_scatter_3,scatter,6,8,annealing,deterministic,421,32,32,32,255.75000000000003,238.65000000000003,263.71,False,1.0716530483972344
quality_6_8_scatter_3,scatter,6,8,annealing,deterministic,401,128,128,128,243.45999999999998,238.65000000000003,263.71,False,1.0201550387596896
quality_6_8_scatter_3,scatter,6,8,annealing,deterministic,409,128,128,128,249.69000000000003,238.65000000000003,263.71,False,1.0462602137020742
quality_6_8_scatter_3,scatter,6,8,annealing,deterministic,419,128,128,128,251.65,238.65000000000003,263.71,False,1.0544730777288915
quality_6_8_scatter_3,scatter,6,8,annealing,deterministic,421,128,128,128,255.75000000000003,238.65000000000003,263.71,False,1.0716530483972344
quality_6_8_scatter_3,scatter,6,8,annealing,deterministic,401,512,512,512,243.04999999999998,238.65000000000003,263.71,False,1.0184370416928554
quality_6_8_scatter_3,scatter,6,8,annealing,deterministic,409,512,512,512,249.69000000000003,238.65000000000003,263.71,False,1.0462602137020742
quality_6_8_scatter_3,scatter,6,8,annealing,deterministic,419,512,512,512,251.65,238.65000000000003,263.71,False,1.0544730777288915
quality_6_8_scatter_3,scatter,6,8,annealing,deterministic,421,512,512,512,251.65,238.65000000000003,263.71,False,1.0544730777288915
quality_6_8_scatter_3,scatter,6,8,multistart_greedy,deterministic,401,32,32,32,251.9,238.65000000000003,263.71,False,1.0555206369159855
quality_6_8_scatter_3,scatter,6,8,multistart_greedy,deterministic,409,32,32,32,251.9,238.65000000000003,263.71,False,1.0555206369159855
quality_6_8_scatter_3,scatter,6,8,multistart_greedy,deterministic,419,32,32,32,251.9,238.65000000000003,263.71,False,1.0555206369159855
quality_6_8_scatter_3,scatter,6,8,multistart_greedy,deterministic,421,32,32,32,251.9,238.65000000000003,263.71,False,1.0555206369159855
quality_6_8_scatter_3,scatter,6,8,multistart_greedy,deterministic,401,128,128,128,243.45999999999998,238.65000000000003,263.71,False,1.0201550387596896
quality_6_8_scatter_3,scatter,6,8,multistart_greedy,deterministic,409,128,128,128,243.45999999999998,238.65000000000003,263.71,False,1.0201550387596896
quality_6_8_scatter_3,scatter,6,8,multistart_greedy,deterministic,419,128,128,128,243.45999999999998,238.65000000000003,263.71,False,1.0201550387596896
quality_6_8_scatter_3,scatter,6,8,multistart_greedy,deterministic,421,128,128,128,243.45999999999998,238.65000000000003,263.71,False,1.0201550387596896
quality_6_8_scatter_3,scatter,6,8,multistart_greedy,deterministic,401,512,512,512,243.45999999999998,238.65000000000003,263.71,False,1.0201550387596896
quality_6_8_scatter_3,scatter,6,8,multistart_greedy,deterministic,409,512,512,512,243.45999999999998,238.65000000000003,263.71,False,1.0201550387596896
quality_6_8_scatter_3,scatter,6,8,multistart_greedy,deterministic,419,512,512,512,243.45999999999998,238.65000000000003,263.71,False,1.0201550387596896
quality_6_8_scatter_3,scatter,6,8,multistart_greedy,deterministic,421,512,512,512,238.65000000000003,238.65000000000003,263.71,True,1.0
quality_6_8_scatter_3,scatter,6,8,uniform,poor,401,32,32,32,288.78,238.65000000000003,432.51,False,1.2100565681961029
quality_6_8_scatter_3,scatter,6,8,uniform,poor,409,32,32,32,267.96,238.65000000000003,432.51,False,1.1228158390949086
quality_6_8_scatter_3,scatter,6,8,uniform,poor,419,32,32,32,260.89,238.65000000000003,432.51,False,1.0931908652838884
quality_6_8_scatter_3,scatter,6,8,uniform,poor,421,32,32,32,256.92,238.65000000000003,432.51,False,1.0765556253928346
quality_6_8_scatter_3,scatter,6,8,uniform,poor,401,128,128,128,257.7099999999999,238.65000000000003,432.51,False,1.0798659124240515
quality_6_8_scatter_3,scatter,6,8,uniform,poor,409,128,128,128,257.21000000000004,238.65000000000003,432.51,False,1.0777707940498638
quality_6_8_scatter_3,scatter,6,8,uniform,poor,419,128,128,128,259.02000000000004,238.65000000000003,432.51,False,1.085355122564425
quality_6_8_scatter_3,scatter,6,8,uniform,poor,421,128,128,128,256.92,238.65000000000003,432.51,False,1.0765556253928346
quality_6_8_scatter_3,scatter,6,8,uniform,poor,401,512,512,512,252.09,238.65000000000003,432.51,False,1.0563167818981771
quality_6_8_scatter_3,scatter,6,8,uniform,poor,409,512,512,512,244.47000000000003,238.65000000000003,432.51,False,1.02438717787555
quality_6_8_scatter_3,scatter,6,8,uniform,poor,419,512,512,512,253.15000000000003,238.65000000000003,432.51,False,1.060758432851456
quality_6_8_scatter_3,scatter,6,8,uniform,poor,421,512,512,512,253.56,238.65000000000003,432.51,False,1.0624764299182903
quality_6_8_scatter_3,scatter,6,8,annealing,poor,401,32,32,32,249.69000000000003,238.65000000000003,432.51,False,1.0462602137020742
quality_6_8_scatter_3,scatter,6,8,annealing,poor,409,32,32,32,265.66999999999996,238.65000000000003,432.51,False,1.1132201969411268
quality_6_8_scatter_3,scatter,6,8,annealing,poor,419,32,32,32,263.54999999999995,238.65000000000003,432.51,False,1.104336895034569
quality_6_8_scatter_3,scatter,6,8,annealing,poor,421,32,32,32,257.3,238.65000000000003,432.51,False,1.0781479153572175
quality_6_8_scatter_3,scatter,6,8,annealing,poor,401,128,128,128,249.69000000000003,238.65000000000003,432.51,False,1.0462602137020742
quality_6_8_scatter_3,scatter,6,8,annealing,poor,409,128,128,128,263.1,238.65000000000003,432.51,False,1.1024512884978002
quality_6_8_scatter_3,scatter,6,8,annealing,poor,419,128,128,128,263.54999999999995,238.65000000000003,432.51,False,1.104336895034569
quality_6_8_scatter_3,scatter,6,8,annealing,poor,421,128,128,128,257.3,238.65000000000003,432.51,False,1.0781479153572175
quality_6_8_scatter_3,scatter,6,8,annealing,poor,401,512,512,512,243.04999999999998,238.65000000000003,432.51,False,1.0184370416928554
quality_6_8_scatter_3,scatter,6,8,annealing,poor,409,512,512,512,243.45999999999998,238.65000000000003,432.51,False,1.0201550387596896
quality_6_8_scatter_3,scatter,6,8,annealing,poor,419,512,512,512,263.54999999999995,238.65000000000003,432.51,False,1.104336895034569
quality_6_8_scatter_3,scatter,6,8,annealing,poor,421,512,512,512,243.45999999999998,238.65000000000003,432.51,False,1.0201550387596896
quality_6_8_scatter_3,scatter,6,8,multistart_greedy,poor,401,32,32,32,288.83,238.65000000000003,432.51,False,1.2102660800335217
quality_6_8_scatter_3,scatter,6,8,multistart_greedy,poor,409,32,32,32,288.83,238.65000000000003,432.51,False,1.2102660800335217
quality_6_8_scatter_3,scatter,6,8,multistart_greedy,poor,419,32,32,32,288.83,238.65000000000003,432.51,False,1.2102660800335217
quality_6_8_scatter_3,scatter,6,8,multistart_greedy,poor,421,32,32,32,288.83,238.65000000000003,432.51,False,1.2102660800335217
quality_6_8_scatter_3,scatter,6,8,multistart_greedy,poor,401,128,128,128,248.81,238.65000000000003,432.51,False,1.0425728053635028
quality_6_8_scatter_3,scatter,6,8,multistart_greedy,poor,409,128,128,128,248.81,238.65000000000003,432.51,False,1.0425728053635028
quality_6_8_scatter_3,scatter,6,8,multistart_greedy,poor,419,128,128,128,248.81,238.65000000000003,432.51,False,1.0425728053635028
quality_6_8_scatter_3,scatter,6,8,multistart_greedy,poor,421,128,128,128,248.81,238.65000000000003,432.51,False,1.0425728053635028
quality_6_8_scatter_3,scatter,6,8,multistart_greedy,poor,401,512,512,512,243.45999999999998,238.65000000000003,432.51,False,1.0201550387596896
quality_6_8_scatter_3,scatter,6,8,multistart_greedy,poor,409,512,512,512,243.45999999999998,238.65000000000003,432.51,False,1.0201550387596896
quality_6_8_scatter_3,scatter,6,8,multistart_greedy,poor,419,512,512,512,243.45999999999998,238.65000000000003,432.51,False,1.0201550387596896
quality_6_8_scatter_3,scatter,6,8,multistart_greedy,poor,421,512,512,512,242.82000000000002,238.65000000000003,432.51,False,1.017473287240729
quality_6_8_scatter_3,scatter,6,8,uniform,random,401,32,32,32,287.29,238.65000000000003,287.29,False,1.2038131154410223
quality_6_8_scatter_3,scatter,6,8,uniform,random,409,32,32,32,267.96,238.65000000000003,287.29,False,1.1228158390949086
quality_6_8_scatter_3,scatter,6,8,uniform,random,419,32,32,32,260.89,238.65000000000003,287.29,False,1.0931908652838884
quality_6_8_scatter_3,scatter,6,8,uniform,random,421,32,32,32,256.92,238.65000000000003,287.29,False,1.0765556253928346
quality_6_8_scatter_3,scatter,6,8,uniform,random,401,128,128,128,257.7099999999999,238.65000000000003,287.29,False,1.0798659124240515
quality_6_8_scatter_3,scatter,6,8,uniform,random,409,128,128,128,257.21000000000004,238.65000000000003,287.29,False,1.0777707940498638
quality_6_8_scatter_3,scatter,6,8,uniform,random,419,128,128,128,259.02000000000004,238.65000000000003,287.29,False,1.085355122564425
quality_6_8_scatter_3,scatter,6,8,uniform,random,421,128,128,128,256.92,238.65000000000003,287.29,False,1.0765556253928346
quality_6_8_scatter_3,scatter,6,8,uniform,random,401,512,512,512,252.09,238.65000000000003,287.29,False,1.0563167818981771
quality_6_8_scatter_3,scatter,6,8,uniform,random,409,512,512,512,244.47000000000003,238.65000000000003,287.29,False,1.02438717787555
quality_6_8_scatter_3,scatter,6,8,uniform,random,419,512,512,512,253.15000000000003,238.65000000000003,287.29,False,1.060758432851456
quality_6_8_scatter_3,scatter,6,8,uniform,random,421,512,512,512,253.56,238.65000000000003,287.29,False,1.0624764299182903
quality_6_8_scatter_3,scatter,6,8,annealing,random,401,32,32,32,252.23000000000002,238.65000000000003,287.29,False,1.05690341504295
quality_6_8_scatter_3,scatter,6,8,annealing,random,409,32,32,32,252.23000000000002,238.65000000000003,287.29,False,1.05690341504295
quality_6_8_scatter_3,scatter,6,8,annealing,random,419,32,32,32,256.37,238.65000000000003,287.29,False,1.0742509951812276
quality_6_8_scatter_3,scatter,6,8,annealing,random,421,32,32,32,252.02,238.65000000000003,287.29,False,1.0560234653257907
quality_6_8_scatter_3,scatter,6,8,annealing,random,401,128,128,128,251.65,238.65000000000003,287.29,False,1.0544730777288915
quality_6_8_scatter_3,scatter,6,8,annealing,random,409,128,128,128,251.65,238.65000000000003,287.29,False,1.0544730777288915
quality_6_8_scatter_3,scatter,6,8,annealing,random,419,128,128,128,263.26,238.65000000000003,287.29,False,1.1031217263775401
quality_6_8_scatter_3,scatter,6,8,annealing,random,421,128,128,128,252.02,238.65000000000003,287.29,False,1.0560234653257907
quality_6_8_scatter_3,scatter,6,8,annealing,random,401,512,512,512,252.02,238.65000000000003,287.29,False,1.0560234653257907
quality_6_8_scatter_3,scatter,6,8,annealing,random,409,512,512,512,251.65,238.65000000000003,287.29,False,1.0544730777288915
quality_6_8_scatter_3,scatter,6,8,annealing,random,419,512,512,512,251.65,238.65000000000003,287.29,False,1.0544730777288915
quality_6_8_scatter_3,scatter,6,8,annealing,random,421,512,512,512,250.03000000000003,238.65000000000003,287.29,False,1.047684894196522
quality_6_8_scatter_3,scatter,6,8,multistart_greedy,random,401,32,32,32,259.77,238.65000000000003,287.29,False,1.0884978001257068
quality_6_8_scatter_3,scatter,6,8,multistart_greedy,random,409,32,32,32,259.77,238.65000000000003,287.29,False,1.0884978001257068
quality_6_8_scatter_3,scatter,6,8,multistart_greedy,random,419,32,32,32,259.77,238.65000000000003,287.29,False,1.0884978001257068
quality_6_8_scatter_3,scatter,6,8,multistart_greedy,random,421,32,32,32,259.77,238.65000000000003,287.29,False,1.0884978001257068
quality_6_8_scatter_3,scatter,6,8,multistart_greedy,random,401,128,128,128,252.02,238.65000000000003,287.29,False,1.0560234653257907
quality_6_8_scatter_3,scatter,6,8,multistart_greedy,random,409,128,128,128,252.02,238.65000000000003,287.29,False,1.0560234653257907
quality_6_8_scatter_3,scatter,6,8,multistart_greedy,random,419,128,128,128,252.02,238.65000000000003,287.29,False,1.0560234653257907
quality_6_8_scatter_3,scatter,6,8,multistart_greedy,random,421,128,128,128,252.02,238.65000000000003,287.29,False,1.0560234653257907
quality_6_8_scatter_3,scatter,6,8,multistart_greedy,random,401,512,512,512,243.45999999999998,238.65000000000003,287.29,False,1.0201550387596896
quality_6_8_scatter_3,scatter,6,8,multistart_greedy,random,409,512,512,512,249.69000000000003,238.65000000000003,287.29,False,1.0462602137020742
quality_6_8_scatter_3,scatter,6,8,multistart_greedy,random,419,512,512,512,247.50000000000003,238.65000000000003,287.29,False,1.03708359522313
quality_6_8_scatter_3,scatter,6,8,multistart_greedy,random,421,512,512,512,238.65000000000003,238.65000000000003,287.29,True,1.0
