instance_id,family,net_count,variant,p,penalty_lambda,routing_seed,status,active_qubits,logical_cx,logical_depth,logical_two_qubit_depth,routed_ecr,routed_depth,routed_two_qubit_depth,routing_seconds,operations
0000_sparse_grid_502,sparse_grid,3,token_line_rotating,3,,101,ok,19,1281,1692,1006,3722,9471,2460,1.0075263977050781,"{""ecr"": 3722, ""rz"": 10973, ""sx"": 6256, ""x"": 690}"
0000_sparse_grid_502,sparse_grid,3,token_line_rotating,3,,102,ok,19,1281,1692,1006,3665,9454,2448,0.7529599666595459,"{""ecr"": 3665, ""rz"": 10927, ""sx"": 6303, ""x"": 636}"
0000_sparse_grid_502,sparse_grid,3,token_line_rotating,3,,103,ok,19,1281,1692,1006,3737,9590,2486,0.44617700576782227,"{""ecr"": 3737, ""rz"": 11044, ""sx"": 6312, ""x"": 631}"
0000_sparse_grid_502,sparse_grid,3,token_line_rotating,3,,104,ok,19,1281,1692,1006,3772,9328,2421,0.5850253105163574,"{""ecr"": 3772, ""rz"": 11105, ""sx"": 6326, ""x"": 745}"
0000_sparse_grid_502,sparse_grid,3,token_line_rotating,3,,105,ok,19,1281,1692,1006,3773,9615,2478,0.6818912029266357,"{""ecr"": 3773, ""rz"": 11152, ""sx"": 6514, ""x"": 654}"
0000_sparse_grid_502,sparse_grid,3,token_line_rotating,3,,106,ok,19,1281,1692,1006,3697,9315,2423,0.5176029205322266,"{""ecr"": 3697, ""rz"": 10992, ""sx"": 6201, ""x"": 702}"
0000_sparse_grid_502,sparse_grid,3,token_line_rotating,3,,107,ok,19,1281,1692,1006,3668,9304,2410,0.5210449695587158,"{""ecr"": 3668, ""rz"": 10831, ""sx"": 6175, ""x"": 659}"
0000_sparse_grid_502,sparse_grid,3,token_line_rotating,3,,108,ok,19,1281,1692,1006,3785,9650,2513,0.6041519641876221,"{""ecr"": 3785, ""rz"": 11017, ""sx"": 6245, ""x"": 746}"
0000_sparse_grid_502,sparse_grid,3,token_line_rotating,3,,109,ok,19,1281,1692,1006,3752,9204,2386,0.6801300048828125,"{""ecr"": 3752, ""rz"": 11106, ""sx"": 6342, ""x"": 670}"
0000_sparse_grid_502,sparse_grid,3,token_line_rotating,3,,110,ok,19,1281,1692,1006,3777,9117,2381,0.7481298446655273,"{""ecr"": 3777, ""rz"": 11043, ""sx"": 6180, ""x"": 783}"
0000_sparse_grid_502,sparse_grid,3,token_line_rotating,3,,111,ok,19,1281,1692,1006,3815,9373,2431,0.629225492477417,"{""ecr"": 3815, ""rz"": 11292, ""sx"": 6438, ""x"": 689}"
0000_sparse_grid_502,sparse_grid,3,token_line_rotating,3,,112,ok,19,1281,1692,1006,3728,9637,2497,0.7310097217559814,"{""ecr"": 3728, ""rz"": 11095, ""sx"": 6375, ""x"": 603}"
0000_sparse_grid_502,sparse_grid,3,token_line_rotating,3,,113,ok,19,1281,1692,1006,3740,9215,2383,0.5296387672424316,"{""ecr"": 3740, ""rz"": 10985, ""sx"": 6266, ""x"": 675}"
0000_sparse_grid_502,sparse_grid,3,token_line_rotating,3,,114,ok,19,1281,1692,1006,3821,9469,2460,0.5296323299407959,"{""ecr"": 3821, ""rz"": 11226, ""sx"": 6369, ""x"": 730}"
0000_sparse_grid_502,sparse_grid,3,token_line_rotating,3,,115,ok,19,1281,1692,1006,3679,9458,2452,0.7552993297576904,"{""ecr"": 3679, ""rz"": 10884, ""sx"": 6274, ""x"": 638}"
0000_sparse_grid_502,sparse_grid,3,token_line_rotating,3,,116,ok,19,1281,1692,1006,3728,9737,2531,0.7533543109893799,"{""ecr"": 3728, ""rz"": 10917, ""sx"": 6285, ""x"": 692}"
0000_sparse_grid_502,sparse_grid,3,token_line_rotating,3,,117,ok,19,1281,1692,1006,3787,9562,2478,0.6699104309082031,"{""ecr"": 3787, ""rz"": 11199, ""sx"": 6302, ""x"": 726}"
0000_sparse_grid_502,sparse_grid,3,token_line_rotating,3,,118,ok,19,1281,1692,1006,3660,9093,2349,0.8122632503509521,"{""ecr"": 3660, ""rz"": 10800, ""sx"": 6099, ""x"": 637}"
0000_sparse_grid_502,sparse_grid,3,token_line_rotating,3,,119,ok,19,1281,1692,1006,3751,9397,2422,0.5802631378173828,"{""ecr"": 3751, ""rz"": 11121, ""sx"": 6364, ""x"": 698}"
0000_sparse_grid_502,sparse_grid,3,token_line_rotating,3,,120,ok,19,1281,1692,1006,3713,9489,2466,0.848212480545044,"{""ecr"": 3713, ""rz"": 11044, ""sx"": 6388, ""x"": 639}"
0000_sparse_grid_502,sparse_grid,3,penalty_row_xy,3,5.0,101,ok,24,1836,466,224,4908,5363,1290,0.8291168212890625,"{""ecr"": 4908, ""rz"": 16181, ""sx"": 8583, ""x"": 1011}"
0000_sparse_grid_502,sparse_grid,3,penalty_row_xy,3,5.0,102,ok,24,1836,466,224,4856,6203,1513,0.5783183574676514,"{""ecr"": 4856, ""rz"": 15983, ""sx"": 8429, ""x"": 1045}"
0000_sparse_grid_502,sparse_grid,3,penalty_row_xy,3,5.0,103,ok,24,1836,466,224,4923,6124,1486,0.644582986831665,"{""ecr"": 4923, ""rz"": 16368, ""sx"": 8740, ""x"": 981}"
0000_sparse_grid_502,sparse_grid,3,penalty_row_xy,3,5.0,104,ok,24,1836,466,224,4903,6467,1590,0.6295976638793945,"{""ecr"": 4903, ""rz"": 16019, ""sx"": 8463, ""x"": 1018}"
0000_sparse_grid_502,sparse_grid,3,penalty_row_xy,3,5.0,105,ok,24,1836,466,224,4867,5517,1349,0.7837157249450684,"{""ecr"": 4867, ""rz"": 16030, ""sx"": 8458, ""x"": 1024}"
0000_sparse_grid_502,sparse_grid,3,penalty_row_xy,3,5.0,106,ok,24,1836,466,224,4889,5434,1325,0.5948140621185303,"{""ecr"": 4889, ""rz"": 16169, ""sx"": 8561, ""x"": 1033}"
0000_sparse_grid_502,sparse_grid,3,penalty_row_xy,3,5.0,107,ok,24,1836,466,224,4787,5144,1273,1.0214135646820068,"{""ecr"": 4787, ""rz"": 15954, ""sx"": 8454, ""x"": 986}"
0000_sparse_grid_502,sparse_grid,3,penalty_row_xy,3,5.0,108,ok,24,1836,466,224,4884,5735,1406,0.6992762088775635,"{""ecr"": 4884, ""rz"": 16111, ""sx"": 8515, ""x"": 1050}"
0000_sparse_grid_502,sparse_grid,3,penalty_row_xy,3,5.0,109,ok,24,1836,466,224,4859,5641,1389,0.7409062385559082,"{""ecr"": 4859, ""rz"": 15971, ""sx"": 8500, ""x"": 962}"
0000_sparse_grid_502,sparse_grid,3,penalty_row_xy,3,5.0,110,ok,24,1836,466,224,4665,5999,1452,0.6817615032196045,"{""ecr"": 4665, ""rz"": 15508, ""sx"": 8319, ""x"": 908}"
0000_sparse_grid_502,sparse_grid,3,penalty_row_xy,3,5.0,111,ok,24,1836,466,224,4896,5113,1265,0.8066847324371338,"{""ecr"": 4896, ""rz"": 16175, ""sx"": 8592, ""x"": 987}"
0000_sparse_grid_502,sparse_grid,3,penalty_row_xy,3,5.0,112,ok,24,1836,466,224,4873,5978,1464,0.7522053718566895,"{""ecr"": 4873, ""rz"": 16163, ""sx"": 8589, ""x"": 971}"
0000_sparse_grid_502,sparse_grid,3,penalty_row_xy,3,5.0,113,ok,24,1836,466,224,4950,5828,1443,0.8438379764556885,"{""ecr"": 4950, ""rz"": 16176, ""sx"": 8480, ""x"": 1099}"
0000_sparse_grid_502,sparse_grid,3,penalty_row_xy,3,5.0,114,ok,24,1836,466,224,4902,6118,1478,0.6927218437194824,"{""ecr"": 4902, ""rz"": 16208, ""sx"": 8492, ""x"": 1041}"
0000_sparse_grid_502,sparse_grid,3,penalty_row_xy,3,5.0,115,ok,24,1836,466,224,4878,5650,1385,0.8080177307128906,"{""ecr"": 4878, ""rz"": 16031, ""sx"": 8483, ""x"": 968}"
0000_sparse_grid_502,sparse_grid,3,penalty_row_xy,3,5.0,116,ok,24,1836,466,224,4905,5868,1442,0.7793974876403809,"{""ecr"": 4905, ""rz"": 16175, ""sx"": 8590, ""x"": 974}"
0000_sparse_grid_502,sparse_grid,3,penalty_row_xy,3,5.0,117,ok,24,1836,466,224,4926,5790,1407,0.750586986541748,"{""ecr"": 4926, ""rz"": 16198, ""sx"": 8592, ""x"": 1051}"
0000_sparse_grid_502,sparse_grid,3,penalty_row_xy,3,5.0,118,ok,24,1836,466,224,4955,5353,1322,0.8273875713348389,"{""ecr"": 4955, ""rz"": 16369, ""sx"": 8689, ""x"": 1011}"
0000_sparse_grid_502,sparse_grid,3,penalty_row_xy,3,5.0,119,ok,24,1836,466,224,4908,6137,1482,0.9498684406280518,"{""ecr"": 4908, ""rz"": 16340, ""sx"": 8655, ""x"": 1053}"
0000_sparse_grid_502,sparse_grid,3,penalty_row_xy,3,5.0,120,ok,24,1836,466,224,4942,6269,1512,0.7446155548095703,"{""ecr"": 4942, ""rz"": 16420, ""sx"": 8700, ""x"": 1007}"
0001_dense_grid_503,dense_grid,6,token_line_rotating,3,,101,ok,19,1995,2786,1746,6667,16967,4428,1.5103332996368408,"{""ecr"": 6667, ""rz"": 19591, ""sx"": 10940, ""x"": 1185}"
0001_dense_grid_503,dense_grid,6,token_line_rotating,3,,102,ok,19,1995,2786,1746,6662,16658,4353,1.2196447849273682,"{""ecr"": 6662, ""rz"": 19451, ""sx"": 11020, ""x"": 1191}"
0001_dense_grid_503,dense_grid,6,token_line_rotating,3,,103,ok,19,1995,2786,1746,6781,17038,4443,1.391793966293335,"{""ecr"": 6781, ""rz"": 19879, ""sx"": 11192, ""x"": 1117}"
0001_dense_grid_503,dense_grid,6,token_line_rotating,3,,104,ok,19,1995,2786,1746,6627,17005,4421,1.1069426536560059,"{""ecr"": 6627, ""rz"": 19550, ""sx"": 11156, ""x"": 1143}"
0001_dense_grid_503,dense_grid,6,token_line_rotating,3,,105,ok,19,1995,2786,1746,6787,16991,4450,0.9688189029693604,"{""ecr"": 6787, ""rz"": 19887, ""sx"": 11031, ""x"": 1176}"
0001_dense_grid_503,dense_grid,6,token_line_rotating,3,,106,ok,19,1995,2786,1746,6708,17522,4580,1.1716814041137695,"{""ecr"": 6708, ""rz"": 19586, ""sx"": 11175, ""x"": 1056}"
0001_dense_grid_503,dense_grid,6,token_line_rotating,3,,107,ok,19,1995,2786,1746,6623,16738,4368,0.9135971069335938,"{""ecr"": 6623, ""rz"": 19502, ""sx"": 10917, ""x"": 1104}"
0001_dense_grid_503,dense_grid,6,token_line_rotating,3,,108,ok,19,1995,2786,1746,6668,16686,4367,1.364168643951416,"{""ecr"": 6668, ""rz"": 19545, ""sx"": 10922, ""x"": 1188}"
0001_dense_grid_503,dense_grid,6,token_line_rotating,3,,109,ok,19,1995,2786,1746,6639,17045,4449,1.0171434879302979,"{""ecr"": 6639, ""rz"": 19526, ""sx"": 11067, ""x"": 1060}"
0001_dense_grid_503,dense_grid,6,token_line_rotating,3,,110,ok,19,1995,2786,1746,6781,17225,4523,1.0331237316131592,"{""ecr"": 6781, ""rz"": 19844, ""sx"": 10931, ""x"": 1272}"
0001_dense_grid_503,dense_grid,6,token_line_rotating,3,,111,ok,19,1995,2786,1746,6662,16920,4415,1.0039501190185547,"{""ecr"": 6662, ""rz"": 19382, ""sx"": 10838, ""x"": 1262}"
0001_dense_grid_503,dense_grid,6,token_line_rotating,3,,112,ok,19,1995,2786,1746,6642,16577,4347,1.3334364891052246,"{""ecr"": 6642, ""rz"": 19610, ""sx"": 10897, ""x"": 1136}"
0001_dense_grid_503,dense_grid,6,token_line_rotating,3,,113,ok,19,1995,2786,1746,6768,17012,4451,1.3276891708374023,"{""ecr"": 6768, ""rz"": 19835, ""sx"": 11066, ""x"": 1202}"
0001_dense_grid_503,dense_grid,6,token_line_rotating,3,,114,ok,19,1995,2786,1746,6710,17126,4476,1.2229914665222168,"{""ecr"": 6710, ""rz"": 19727, ""sx"": 11023, ""x"": 1193}"
0001_dense_grid_503,dense_grid,6,token_line_rotating,3,,115,ok,19,1995,2786,1746,6688,16647,4345,0.9669959545135498,"{""ecr"": 6688, ""rz"": 19562, ""sx"": 11057, ""x"": 1100}"
0001_dense_grid_503,dense_grid,6,token_line_rotating,3,,116,ok,19,1995,2786,1746,6716,16904,4416,1.3276598453521729,"{""ecr"": 6716, ""rz"": 19716, ""sx"": 11032, ""x"": 1120}"
0001_dense_grid_503,dense_grid,6,token_line_rotating,3,,117,ok,19,1995,2786,1746,6675,16845,4426,1.1123325824737549,"{""ecr"": 6675, ""rz"": 19381, ""sx"": 10890, ""x"": 1167}"
0001_dense_grid_503,dense_grid,6,token_line_rotating,3,,118,ok,19,1995,2786,1746,6646,17080,4475,1.5761516094207764,"{""ecr"": 6646, ""rz"": 19364, ""sx"": 10816, ""x"": 1226}"
0001_dense_grid_503,dense_grid,6,token_line_rotating,3,,119,ok,19,1995,2786,1746,6625,16814,4390,1.3034443855285645,"{""ecr"": 6625, ""rz"": 19406, ""sx"": 10763, ""x"": 1241}"
0001_dense_grid_503,dense_grid,6,token_line_rotating,3,,120,ok,19,1995,2786,1746,6735,16774,4402,1.5923197269439697,"{""ecr"": 6735, ""rz"": 19819, ""sx"": 10925, ""x"": 1227}"
0001_dense_grid_503,dense_grid,6,penalty_row_xy,3,5.0,101,ok,24,2376,628,332,6818,8496,2088,1.31211256980896,"{""ecr"": 6818, ""rz"": 22253, ""sx"": 11578, ""x"": 1429}"
0001_dense_grid_503,dense_grid,6,penalty_row_xy,3,5.0,102,ok,24,2376,628,332,6781,8327,2072,1.517282247543335,"{""ecr"": 6781, ""rz"": 22087, ""sx"": 11569, ""x"": 1401}"
0001_dense_grid_503,dense_grid,6,penalty_row_xy,3,5.0,103,ok,24,2376,628,332,6823,8104,1991,0.9800968170166016,"{""ecr"": 6823, ""rz"": 22252, ""sx"": 11690, ""x"": 1345}"
0001_dense_grid_503,dense_grid,6,penalty_row_xy,3,5.0,104,ok,24,2376,628,332,6815,8327,2048,1.188438892364502,"{""ecr"": 6815, ""rz"": 22189, ""sx"": 11549, ""x"": 1422}"
0001_dense_grid_503,dense_grid,6,penalty_row_xy,3,5.0,105,ok,24,2376,628,332,6652,7869,1937,0.9737939834594727,"{""ecr"": 6652, ""rz"": 21614, ""sx"": 11216, ""x"": 1392}"
0001_dense_grid_503,dense_grid,6,penalty_row_xy,3,5.0,106,ok,24,2376,628,332,6868,9190,2275,0.9042508602142334,"{""ecr"": 6868, ""rz"": 22341, ""sx"": 11700, ""x"": 1418}"
0001_dense_grid_503,dense_grid,6,penalty_row_xy,3,5.0,107,ok,24,2376,628,332,6745,8880,2172,1.0757997035980225,"{""ecr"": 6745, ""rz"": 22060, ""sx"": 11583, ""x"": 1358}"
0001_dense_grid_503,dense_grid,6,penalty_row_xy,3,5.0,108,ok,24,2376,628,332,6864,9858,2414,1.1831715106964111,"{""ecr"": 6864, ""rz"": 22415, ""sx"": 11695, ""x"": 1462}"
0001_dense_grid_503,dense_grid,6,penalty_row_xy,3,5.0,109,ok,24,2376,628,332,6841,8739,2172,1.012157678604126,"{""ecr"": 6841, ""rz"": 22229, ""sx"": 11647, ""x"": 1378}"
0001_dense_grid_503,dense_grid,6,penalty_row_xy,3,5.0,110,ok,24,2376,628,332,6818,8613,2139,1.025592565536499,"{""ecr"": 6818, ""rz"": 22118, ""sx"": 11606, ""x"": 1404}"
0001_dense_grid_503,dense_grid,6,penalty_row_xy,3,5.0,111,ok,24,2376,628,332,6844,9129,2243,1.09898042678833,"{""ecr"": 6844, ""rz"": 22345, ""sx"": 11685, ""x"": 1441}"
0001_dense_grid_503,dense_grid,6,penalty_row_xy,3,5.0,112,ok,24,2376,628,332,6875,8268,2024,1.1143889427185059,"{""ecr"": 6875, ""rz"": 22415, ""sx"": 11536, ""x"": 1561}"
0001_dense_grid_503,dense_grid,6,penalty_row_xy,3,5.0,113,ok,24,2376,628,332,6825,8661,2129,1.1727795600891113,"{""ecr"": 6825, ""rz"": 22199, ""sx"": 11610, ""x"": 1404}"
0001_dense_grid_503,dense_grid,6,penalty_row_xy,3,5.0,114,ok,24,2376,628,332,6742,9210,2293,1.1775619983673096,"{""ecr"": 6742, ""rz"": 21877, ""sx"": 11424, ""x"": 1452}"
0001_dense_grid_503,dense_grid,6,penalty_row_xy,3,5.0,115,ok,24,2376,628,332,6904,8581,2133,1.1127715110778809,"{""ecr"": 6904, ""rz"": 22500, ""sx"": 11704, ""x"": 1442}"
0001_dense_grid_503,dense_grid,6,penalty_row_xy,3,5.0,116,ok,24,2376,628,332,6772,8050,1978,1.1871206760406494,"{""ecr"": 6772, ""rz"": 22120, ""sx"": 11572, ""x"": 1413}"
0001_dense_grid_503,dense_grid,6,penalty_row_xy,3,5.0,117,ok,24,2376,628,332,6839,8131,2023,1.0189406871795654,"{""ecr"": 6839, ""rz"": 22129, ""sx"": 11588, ""x"": 1437}"
0001_dense_grid_503,dense_grid,6,penalty_row_xy,3,5.0,118,ok,24,2376,628,332,6827,9123,2245,1.2289745807647705,"{""ecr"": 6827, ""rz"": 22187, ""sx"": 11658, ""x"": 1416}"
0001_dense_grid_503,dense_grid,6,penalty_row_xy,3,5.0,119,ok,24,2376,628,332,6949,8447,2069,1.3658416271209717,"{""ecr"": 6949, ""rz"": 22601, ""sx"": 11753, ""x"": 1511}"
0001_dense_grid_503,dense_grid,6,penalty_row_xy,3,5.0,120,ok,24,2376,628,332,6859,9352,2326,1.3371591567993164,"{""ecr"": 6859, ""rz"": 22307, ""sx"": 11538, ""x"": 1564}"
0003_dense_grid_line_505,dense_grid_line,6,token_line_rotating,3,,101,ok,19,1767,2454,1504,5639,14282,3725,1.2968668937683105,"{""ecr"": 5639, ""rz"": 16541, ""sx"": 9228, ""x"": 1045}"
0003_dense_grid_line_505,dense_grid_line,6,token_line_rotating,3,,102,ok,19,1767,2454,1504,5674,15035,3907,1.057990550994873,"{""ecr"": 5674, ""rz"": 16646, ""sx"": 9343, ""x"": 1013}"
0003_dense_grid_line_505,dense_grid_line,6,token_line_rotating,3,,103,ok,19,1767,2454,1504,5667,14771,3836,0.9701528549194336,"{""ecr"": 5667, ""rz"": 16627, ""sx"": 9396, ""x"": 1025}"
0003_dense_grid_line_505,dense_grid_line,6,token_line_rotating,3,,104,ok,19,1767,2454,1504,5710,15014,3921,0.998166561126709,"{""ecr"": 5710, ""rz"": 16697, ""sx"": 9433, ""x"": 973}"
0003_dense_grid_line_505,dense_grid_line,6,token_line_rotating,3,,105,ok,19,1767,2454,1504,5653,14691,3849,0.9109091758728027,"{""ecr"": 5653, ""rz"": 16563, ""sx"": 9253, ""x"": 1048}"
0003_dense_grid_line_505,dense_grid_line,6,token_line_rotating,3,,106,ok,19,1767,2454,1504,5696,14135,3700,1.1090424060821533,"{""ecr"": 5696, ""rz"": 16766, ""sx"": 9180, ""x"": 1076}"
0003_dense_grid_line_505,dense_grid_line,6,token_line_rotating,3,,107,ok,19,1767,2454,1504,5586,14777,3851,0.9037020206451416,"{""ecr"": 5586, ""rz"": 16423, ""sx"": 9439, ""x"": 899}"
0003_dense_grid_line_505,dense_grid_line,6,token_line_rotating,3,,108,ok,19,1767,2454,1504,5685,14484,3771,1.0283839702606201,"{""ecr"": 5685, ""rz"": 16751, ""sx"": 9129, ""x"": 1183}"
0003_dense_grid_line_505,dense_grid_line,6,token_line_rotating,3,,109,ok,19,1767,2454,1504,5659,14529,3760,1.342221736907959,"{""ecr"": 5659, ""rz"": 16608, ""sx"": 9434, ""x"": 972}"
0003_dense_grid_line_505,dense_grid_line,6,token_line_rotating,3,,110,ok,19,1767,2454,1504,5696,14427,3769,0.8454530239105225,"{""ecr"": 5696, ""rz"": 16602, ""sx"": 9269, ""x"": 1070}"
0003_dense_grid_line_505,dense_grid_line,6,token_line_rotating,3,,111,ok,19,1767,2454,1504,5685,14567,3785,0.9395203590393066,"{""ecr"": 5685, ""rz"": 16692, ""sx"": 9476, ""x"": 996}"
0003_dense_grid_line_505,dense_grid_line,6,token_line_rotating,3,,112,ok,19,1767,2454,1504,5679,14496,3792,0.8952274322509766,"{""ecr"": 5679, ""rz"": 16731, ""sx"": 9319, ""x"": 1011}"
0003_dense_grid_line_505,dense_grid_line,6,token_line_rotating,3,,113,ok,19,1767,2454,1504,5616,14452,3780,1.2117855548858643,"{""ecr"": 5616, ""rz"": 16539, ""sx"": 9256, ""x"": 983}"
0003_dense_grid_line_505,dense_grid_line,6,token_line_rotating,3,,114,ok,19,1767,2454,1504,5759,14913,3879,1.3425827026367188,"{""ecr"": 5759, ""rz"": 16856, ""sx"": 9511, ""x"": 981}"
0003_dense_grid_line_505,dense_grid_line,6,token_line_rotating,3,,115,ok,19,1767,2454,1504,5592,14426,3771,0.911461353302002,"{""ecr"": 5592, ""rz"": 16498, ""sx"": 9342, ""x"": 984}"
0003_dense_grid_line_505,dense_grid_line,6,token_line_rotating,3,,116,ok,19,1767,2454,1504,5713,14525,3769,1.1876425743103027,"{""ecr"": 5713, ""rz"": 16810, ""sx"": 9539, ""x"": 997}"
0003_dense_grid_line_505,dense_grid_line,6,token_line_rotating,3,,117,ok,19,1767,2454,1504,5635,14088,3678,1.06776762008667,"{""ecr"": 5635, ""rz"": 16632, ""sx"": 9376, ""x"": 998}"
0003_dense_grid_line_505,dense_grid_line,6,token_line_rotating,3,,118,ok,19,1767,2454,1504,5667,14758,3829,0.8733913898468018,"{""ecr"": 5667, ""rz"": 16623, ""sx"": 9367, ""x"": 981}"
0003_dense_grid_line_505,dense_grid_line,6,token_line_rotating,3,,119,ok,19,1767,2454,1504,5684,14370,3735,1.0839629173278809,"{""ecr"": 5684, ""rz"": 16766, ""sx"": 9355, ""x"": 1039}"
0003_dense_grid_line_505,dense_grid_line,6,token_line_rotating,3,,120,ok,19,1767,2454,1504,5560,14201,3702,1.380126953125,"{""ecr"": 5560, ""rz"": 16296, ""sx"": 9211, ""x"": 968}"
0003_dense_grid_line_505,dense_grid_line,6,penalty_row_xy,3,5.0,101,ok,24,2376,628,332,6818,8496,2088,1.2602529525756836,"{""ecr"": 6818, ""rz"": 22253, ""sx"": 11578, ""x"": 1429}"
0003_dense_grid_line_505,dense_grid_line,6,penalty_row_xy,3,5.0,102,ok,24,2376,628,332,6781,8327,2072,1.3349554538726807,"{""ecr"": 6781, ""rz"": 22087, ""sx"": 11569, ""x"": 1401}"
0003_dense_grid_line_505,dense_grid_line,6,penalty_row_xy,3,5.0,103,ok,24,2376,628,332,6823,8104,1991,0.9312589168548584,"{""ecr"": 6823, ""rz"": 22252, ""sx"": 11690, ""x"": 1345}"
0003_dense_grid_line_505,dense_grid_line,6,penalty_row_xy,3,5.0,104,ok,24,2376,628,332,6815,8327,2048,1.2020049095153809,"{""ecr"": 6815, ""rz"": 22189, ""sx"": 11549, ""x"": 1422}"
0003_dense_grid_line_505,dense_grid_line,6,penalty_row_xy,3,5.0,105,ok,24,2376,628,332,6652,7869,1937,0.9869117736816406,"{""ecr"": 6652, ""rz"": 21614, ""sx"": 11216, ""x"": 1392}"
0003_dense_grid_line_505,dense_grid_line,6,penalty_row_xy,3,5.0,106,ok,24,2376,628,332,6868,9190,2275,1.0133371353149414,"{""ecr"": 6868, ""rz"": 22341, ""sx"": 11700, ""x"": 1418}"
0003_dense_grid_line_505,dense_grid_line,6,penalty_row_xy,3,5.0,107,ok,24,2376,628,332,6745,8880,2172,1.0502192974090576,"{""ecr"": 6745, ""rz"": 22060, ""sx"": 11583, ""x"": 1358}"
0003_dense_grid_line_505,dense_grid_line,6,penalty_row_xy,3,5.0,108,ok,24,2376,628,332,6864,9858,2414,1.0268938541412354,"{""ecr"": 6864, ""rz"": 22415, ""sx"": 11695, ""x"": 1462}"
0003_dense_grid_line_505,dense_grid_line,6,penalty_row_xy,3,5.0,109,ok,24,2376,628,332,6841,8739,2172,1.2038755416870117,"{""ecr"": 6841, ""rz"": 22229, ""sx"": 11647, ""x"": 1378}"
0003_dense_grid_line_505,dense_grid_line,6,penalty_row_xy,3,5.0,110,ok,24,2376,628,332,6818,8613,2139,1.1523637771606445,"{""ecr"": 6818, ""rz"": 22118, ""sx"": 11606, ""x"": 1404}"
0003_dense_grid_line_505,dense_grid_line,6,penalty_row_xy,3,5.0,111,ok,24,2376,628,332,6844,9129,2243,1.3054945468902588,"{""ecr"": 6844, ""rz"": 22345, ""sx"": 11685, ""x"": 1441}"
0003_dense_grid_line_505,dense_grid_line,6,penalty_row_xy,3,5.0,112,ok,24,2376,628,332,6875,8268,2024,1.2371230125427246,"{""ecr"": 6875, ""rz"": 22415, ""sx"": 11536, ""x"": 1561}"
0003_dense_grid_line_505,dense_grid_line,6,penalty_row_xy,3,5.0,113,ok,24,2376,628,332,6825,8661,2129,1.133995771408081,"{""ecr"": 6825, ""rz"": 22199, ""sx"": 11610, ""x"": 1404}"
0003_dense_grid_line_505,dense_grid_line,6,penalty_row_xy,3,5.0,114,ok,24,2376,628,332,6742,9210,2293,1.158874750137329,"{""ecr"": 6742, ""rz"": 21877, ""sx"": 11424, ""x"": 1452}"
0003_dense_grid_line_505,dense_grid_line,6,penalty_row_xy,3,5.0,115,ok,24,2376,628,332,6904,8581,2133,1.2560911178588867,"{""ecr"": 6904, ""rz"": 22500, ""sx"": 11704, ""x"": 1442}"
0003_dense_grid_line_505,dense_grid_line,6,penalty_row_xy,3,5.0,116,ok,24,2376,628,332,6772,8050,1978,1.3214857578277588,"{""ecr"": 6772, ""rz"": 22120, ""sx"": 11572, ""x"": 1413}"
0003_dense_grid_line_505,dense_grid_line,6,penalty_row_xy,3,5.0,117,ok,24,2376,628,332,6839,8131,2023,1.228572130203247,"{""ecr"": 6839, ""rz"": 22129, ""sx"": 11588, ""x"": 1437}"
0003_dense_grid_line_505,dense_grid_line,6,penalty_row_xy,3,5.0,118,ok,24,2376,628,332,6827,9123,2245,1.4885601997375488,"{""ecr"": 6827, ""rz"": 22187, ""sx"": 11658, ""x"": 1416}"
0003_dense_grid_line_505,dense_grid_line,6,penalty_row_xy,3,5.0,119,ok,24,2376,628,332,6949,8447,2069,1.2939221858978271,"{""ecr"": 6949, ""rz"": 22601, ""sx"": 11753, ""x"": 1511}"
0003_dense_grid_line_505,dense_grid_line,6,penalty_row_xy,3,5.0,120,ok,24,2376,628,332,6859,9352,2326,1.2267200946807861,"{""ecr"": 6859, ""rz"": 22307, ""sx"": 11538, ""x"": 1564}"
0005_dense_grid_lshape_507,dense_grid_lshape,5,token_line_rotating,3,,101,ok,19,1617,2234,1374,5021,13155,3446,1.1098134517669678,"{""ecr"": 5021, ""rz"": 14641, ""sx"": 8161, ""x"": 967}"
0005_dense_grid_lshape_507,dense_grid_lshape,5,token_line_rotating,3,,102,ok,19,1617,2234,1374,5001,13110,3398,1.0459325313568115,"{""ecr"": 5001, ""rz"": 14667, ""sx"": 8347, ""x"": 913}"
0005_dense_grid_lshape_507,dense_grid_lshape,5,token_line_rotating,3,,103,ok,19,1617,2234,1374,5041,12505,3238,0.6442615985870361,"{""ecr"": 5041, ""rz"": 14785, ""sx"": 8419, ""x"": 934}"
0005_dense_grid_lshape_507,dense_grid_lshape,5,token_line_rotating,3,,104,ok,19,1617,2234,1374,5083,13049,3395,0.9560840129852295,"{""ecr"": 5083, ""rz"": 14971, ""sx"": 8465, ""x"": 840}"
0005_dense_grid_lshape_507,dense_grid_lshape,5,token_line_rotating,3,,105,ok,19,1617,2234,1374,5021,12709,3301,0.9240243434906006,"{""ecr"": 5021, ""rz"": 14610, ""sx"": 8391, ""x"": 986}"
0005_dense_grid_lshape_507,dense_grid_lshape,5,token_line_rotating,3,,106,ok,19,1617,2234,1374,5054,13132,3385,1.235586404800415,"{""ecr"": 5054, ""rz"": 14806, ""sx"": 8530, ""x"": 938}"
0005_dense_grid_lshape_507,dense_grid_lshape,5,token_line_rotating,3,,107,ok,19,1617,2234,1374,5058,12599,3275,0.8174197673797607,"{""ecr"": 5058, ""rz"": 14827, ""sx"": 8334, ""x"": 923}"
0005_dense_grid_lshape_507,dense_grid_lshape,5,token_line_rotating,3,,108,ok,19,1617,2234,1374,4954,12680,3303,1.2895376682281494,"{""ecr"": 4954, ""rz"": 14642, ""sx"": 7963, ""x"": 1040}"
0005_dense_grid_lshape_507,dense_grid_lshape,5,token_line_rotating,3,,109,ok,19,1617,2234,1374,5103,12749,3314,0.8346631526947021,"{""ecr"": 5103, ""rz"": 14905, ""sx"": 8314, ""x"": 1051}"
0005_dense_grid_lshape_507,dense_grid_lshape,5,token_line_rotating,3,,110,ok,19,1617,2234,1374,5050,12787,3327,1.3287339210510254,"{""ecr"": 5050, ""rz"": 14767, ""sx"": 8352, ""x"": 927}"
0005_dense_grid_lshape_507,dense_grid_lshape,5,token_line_rotating,3,,111,ok,19,1617,2234,1374,5113,13020,3395,1.0843923091888428,"{""ecr"": 5113, ""rz"": 15060, ""sx"": 8575, ""x"": 810}"
0005_dense_grid_lshape_507,dense_grid_lshape,5,token_line_rotating,3,,112,ok,19,1617,2234,1374,5069,12929,3350,0.988189697265625,"{""ecr"": 5069, ""rz"": 14887, ""sx"": 8363, ""x"": 978}"
0005_dense_grid_lshape_507,dense_grid_lshape,5,token_line_rotating,3,,113,ok,19,1617,2234,1374,5142,13520,3492,0.742377758026123,"{""ecr"": 5142, ""rz"": 15255, ""sx"": 8676, ""x"": 902}"
0005_dense_grid_lshape_507,dense_grid_lshape,5,token_line_rotating,3,,114,ok,19,1617,2234,1374,5072,13127,3422,1.1703412532806396,"{""ecr"": 5072, ""rz"": 14846, ""sx"": 8344, ""x"": 927}"
0005_dense_grid_lshape_507,dense_grid_lshape,5,token_line_rotating,3,,115,ok,19,1617,2234,1374,5030,12952,3352,1.049527883529663,"{""ecr"": 5030, ""rz"": 14718, ""sx"": 8543, ""x"": 858}"
0005_dense_grid_lshape_507,dense_grid_lshape,5,token_line_rotating,3,,116,ok,19,1617,2234,1374,5082,13288,3448,1.2134509086608887,"{""ecr"": 5082, ""rz"": 15010, ""sx"": 8500, ""x"": 866}"
0005_dense_grid_lshape_507,dense_grid_lshape,5,token_line_rotating,3,,117,ok,19,1617,2234,1374,5108,13302,3458,0.9164512157440186,"{""ecr"": 5108, ""rz"": 15005, ""sx"": 8461, ""x"": 892}"
0005_dense_grid_lshape_507,dense_grid_lshape,5,token_line_rotating,3,,118,ok,19,1617,2234,1374,5118,13212,3456,0.8521976470947266,"{""ecr"": 5118, ""rz"": 14973, ""sx"": 8524, ""x"": 857}"
0005_dense_grid_lshape_507,dense_grid_lshape,5,token_line_rotating,3,,119,ok,19,1617,2234,1374,5101,12968,3398,0.8004951477050781,"{""ecr"": 5101, ""rz"": 14942, ""sx"": 8450, ""x"": 909}"
0005_dense_grid_lshape_507,dense_grid_lshape,5,token_line_rotating,3,,120,ok,19,1617,2234,1374,5114,13064,3409,0.8176524639129639,"{""ecr"": 5114, ""rz"": 15044, ""sx"": 8454, ""x"": 903}"
0005_dense_grid_lshape_507,dense_grid_lshape,5,penalty_row_xy,3,5.0,101,ok,24,2196,628,332,6081,8265,2026,1.096989393234253,"{""ecr"": 6081, ""rz"": 19984, ""sx"": 10419, ""x"": 1295}"
0005_dense_grid_lshape_507,dense_grid_lshape,5,penalty_row_xy,3,5.0,102,ok,24,2196,628,332,6154,8632,2119,1.078310489654541,"{""ecr"": 6154, ""rz"": 20168, ""sx"": 10593, ""x"": 1284}"
0005_dense_grid_lshape_507,dense_grid_lshape,5,penalty_row_xy,3,5.0,103,ok,24,2196,628,332,6307,7756,1915,1.1547296047210693,"{""ecr"": 6307, ""rz"": 20592, ""sx"": 10730, ""x"": 1332}"
0005_dense_grid_lshape_507,dense_grid_lshape,5,penalty_row_xy,3,5.0,104,ok,24,2196,628,332,6341,8874,2195,1.1933646202087402,"{""ecr"": 6341, ""rz"": 20718, ""sx"": 10771, ""x"": 1380}"
0005_dense_grid_lshape_507,dense_grid_lshape,5,penalty_row_xy,3,5.0,105,ok,24,2196,628,332,6298,8698,2118,1.2268435955047607,"{""ecr"": 6298, ""rz"": 20542, ""sx"": 10798, ""x"": 1265}"
0005_dense_grid_lshape_507,dense_grid_lshape,5,penalty_row_xy,3,5.0,106,ok,24,2196,628,332,6311,8407,2041,1.2181317806243896,"{""ecr"": 6311, ""rz"": 20615, ""sx"": 10751, ""x"": 1398}"
0005_dense_grid_lshape_507,dense_grid_lshape,5,penalty_row_xy,3,5.0,107,ok,24,2196,628,332,6230,8426,2070,1.1956822872161865,"{""ecr"": 6230, ""rz"": 20417, ""sx"": 10586, ""x"": 1389}"
0005_dense_grid_lshape_507,dense_grid_lshape,5,penalty_row_xy,3,5.0,108,ok,24,2196,628,332,6260,8775,2124,1.2910897731781006,"{""ecr"": 6260, ""rz"": 20575, ""sx"": 10815, ""x"": 1301}"
0005_dense_grid_lshape_507,dense_grid_lshape,5,penalty_row_xy,3,5.0,109,ok,24,2196,628,332,6264,8693,2123,1.2362401485443115,"{""ecr"": 6264, ""rz"": 20515, ""sx"": 10847, ""x"": 1232}"
0005_dense_grid_lshape_507,dense_grid_lshape,5,penalty_row_xy,3,5.0,110,ok,24,2196,628,332,6248,8617,2108,1.044370174407959,"{""ecr"": 6248, ""rz"": 20522, ""sx"": 10924, ""x"": 1164}"
0005_dense_grid_lshape_507,dense_grid_lshape,5,penalty_row_xy,3,5.0,111,ok,24,2196,628,332,6207,8085,1991,0.9380872249603271,"{""ecr"": 6207, ""rz"": 20260, ""sx"": 10527, ""x"": 1371}"
0005_dense_grid_lshape_507,dense_grid_lshape,5,penalty_row_xy,3,5.0,112,ok,24,2196,628,332,6100,9400,2297,0.9608826637268066,"{""ecr"": 6100, ""rz"": 20135, ""sx"": 10465, ""x"": 1262}"
0005_dense_grid_lshape_507,dense_grid_lshape,5,penalty_row_xy,3,5.0,113,ok,24,2196,628,332,6193,8267,2048,0.9046010971069336,"{""ecr"": 6193, ""rz"": 20277, ""sx"": 10824, ""x"": 1150}"
0005_dense_grid_lshape_507,dense_grid_lshape,5,penalty_row_xy,3,5.0,114,ok,24,2196,628,332,6219,7670,1882,0.802952766418457,"{""ecr"": 6219, ""rz"": 20451, ""sx"": 10794, ""x"": 1224}"
0005_dense_grid_lshape_507,dense_grid_lshape,5,penalty_row_xy,3,5.0,115,ok,24,2196,628,332,6284,8452,2075,1.1450529098510742,"{""ecr"": 6284, ""rz"": 20559, ""sx"": 10722, ""x"": 1314}"
0005_dense_grid_lshape_507,dense_grid_lshape,5,penalty_row_xy,3,5.0,116,ok,24,2196,628,332,6263,8460,2064,0.9970703125,"{""ecr"": 6263, ""rz"": 20457, ""sx"": 10642, ""x"": 1383}"
0005_dense_grid_lshape_507,dense_grid_lshape,5,penalty_row_xy,3,5.0,117,ok,24,2196,628,332,6267,8162,2017,1.3240790367126465,"{""ecr"": 6267, ""rz"": 20461, ""sx"": 10769, ""x"": 1263}"
0005_dense_grid_lshape_507,dense_grid_lshape,5,penalty_row_xy,3,5.0,118,ok,24,2196,628,332,6208,9058,2217,0.804710865020752,"{""ecr"": 6208, ""rz"": 20171, ""sx"": 10536, ""x"": 1280}"
0005_dense_grid_lshape_507,dense_grid_lshape,5,penalty_row_xy,3,5.0,119,ok,24,2196,628,332,6246,8718,2128,0.9066288471221924,"{""ecr"": 6246, ""rz"": 20441, ""sx"": 10666, ""x"": 1305}"
0005_dense_grid_lshape_507,dense_grid_lshape,5,penalty_row_xy,3,5.0,120,ok,24,2196,628,332,6170,8844,2145,1.1235675811767578,"{""ecr"": 6170, ""rz"": 20146, ""sx"": 10589, ""x"": 1289}"
0006_sparse_grid_510,sparse_grid,5,token_line_rotating,3,,101,ok,19,1773,2460,1532,5655,14656,3831,1.1538171768188477,"{""ecr"": 5655, ""rz"": 16614, ""sx"": 9368, ""x"": 1021}"
0006_sparse_grid_510,sparse_grid,5,token_line_rotating,3,,102,ok,19,1773,2460,1532,5613,14352,3748,0.9678506851196289,"{""ecr"": 5613, ""rz"": 16528, ""sx"": 9155, ""x"": 1009}"
0006_sparse_grid_510,sparse_grid,5,token_line_rotating,3,,103,ok,19,1773,2460,1532,5757,14911,3897,0.8093469142913818,"{""ecr"": 5757, ""rz"": 16948, ""sx"": 9418, ""x"": 1058}"
0006_sparse_grid_510,sparse_grid,5,token_line_rotating,3,,104,ok,19,1773,2460,1532,5644,14292,3758,0.9397969245910645,"{""ecr"": 5644, ""rz"": 16699, ""sx"": 9279, ""x"": 936}"
0006_sparse_grid_510,sparse_grid,5,token_line_rotating,3,,105,ok,19,1773,2460,1532,5690,14397,3765,0.8936784267425537,"{""ecr"": 5690, ""rz"": 16736, ""sx"": 9325, ""x"": 992}"
0006_sparse_grid_510,sparse_grid,5,token_line_rotating,3,,106,ok,19,1773,2460,1532,5714,14436,3756,1.2290458679199219,"{""ecr"": 5714, ""rz"": 16768, ""sx"": 9541, ""x"": 985}"
0006_sparse_grid_510,sparse_grid,5,token_line_rotating,3,,107,ok,19,1773,2460,1532,5778,14803,3859,0.9255754947662354,"{""ecr"": 5778, ""rz"": 17005, ""sx"": 9589, ""x"": 956}"
0006_sparse_grid_510,sparse_grid,5,token_line_rotating,3,,108,ok,19,1773,2460,1532,5619,14351,3733,1.0069942474365234,"{""ecr"": 5619, ""rz"": 16503, ""sx"": 9392, ""x"": 964}"
0006_sparse_grid_510,sparse_grid,5,token_line_rotating,3,,109,ok,19,1773,2460,1532,5717,14771,3859,0.9853737354278564,"{""ecr"": 5717, ""rz"": 16882, ""sx"": 9518, ""x"": 930}"
0006_sparse_grid_510,sparse_grid,5,token_line_rotating,3,,110,ok,19,1773,2460,1532,5568,14345,3738,0.9149689674377441,"{""ecr"": 5568, ""rz"": 16287, ""sx"": 9290, ""x"": 977}"
0006_sparse_grid_510,sparse_grid,5,token_line_rotating,3,,111,ok,19,1773,2460,1532,5636,14792,3866,0.8919973373413086,"{""ecr"": 5636, ""rz"": 16599, ""sx"": 9292, ""x"": 1087}"
0006_sparse_grid_510,sparse_grid,5,token_line_rotating,3,,112,ok,19,1773,2460,1532,5582,14159,3717,1.0063295364379883,"{""ecr"": 5582, ""rz"": 16540, ""sx"": 9165, ""x"": 907}"
0006_sparse_grid_510,sparse_grid,5,token_line_rotating,3,,113,ok,19,1773,2460,1532,5708,14740,3855,1.0370142459869385,"{""ecr"": 5708, ""rz"": 16763, ""sx"": 9535, ""x"": 898}"
0006_sparse_grid_510,sparse_grid,5,token_line_rotating,3,,114,ok,19,1773,2460,1532,5693,14797,3862,0.9602506160736084,"{""ecr"": 5693, ""rz"": 16704, ""sx"": 9344, ""x"": 1019}"
0006_sparse_grid_510,sparse_grid,5,token_line_rotating,3,,115,ok,19,1773,2460,1532,5747,14889,3889,0.9662816524505615,"{""ecr"": 5747, ""rz"": 16851, ""sx"": 9419, ""x"": 1022}"
0006_sparse_grid_510,sparse_grid,5,token_line_rotating,3,,116,ok,19,1773,2460,1532,5652,14308,3715,0.8146131038665771,"{""ecr"": 5652, ""rz"": 16543, ""sx"": 9283, ""x"": 1064}"
0006_sparse_grid_510,sparse_grid,5,token_line_rotating,3,,117,ok,19,1773,2460,1532,5702,14489,3790,0.9146513938903809,"{""ecr"": 5702, ""rz"": 16795, ""sx"": 9379, ""x"": 1007}"
0006_sparse_grid_510,sparse_grid,5,token_line_rotating,3,,118,ok,19,1773,2460,1532,5697,15034,3906,1.0833556652069092,"{""ecr"": 5697, ""rz"": 16672, ""sx"": 9467, ""x"": 1002}"
0006_sparse_grid_510,sparse_grid,5,token_line_rotating,3,,119,ok,19,1773,2460,1532,5707,14008,3669,0.9590723514556885,"{""ecr"": 5707, ""rz"": 16766, ""sx"": 9273, ""x"": 1074}"
0006_sparse_grid_510,sparse_grid,5,token_line_rotating,3,,120,ok,19,1773,2460,1532,5592,14588,3799,1.1391043663024902,"{""ecr"": 5592, ""rz"": 16442, ""sx"": 9230, ""x"": 1041}"
0006_sparse_grid_510,sparse_grid,5,penalty_row_xy,3,5.0,101,ok,24,2196,574,296,6158,7863,1899,0.9084579944610596,"{""ecr"": 6158, ""rz"": 20353, ""sx"": 10670, ""x"": 1283}"
0006_sparse_grid_510,sparse_grid,5,penalty_row_xy,3,5.0,102,ok,24,2196,574,296,6215,7883,1935,0.8958299160003662,"{""ecr"": 6215, ""rz"": 20391, ""sx"": 10671, ""x"": 1292}"
0006_sparse_grid_510,sparse_grid,5,penalty_row_xy,3,5.0,103,ok,24,2196,574,296,6217,8397,2057,0.9325592517852783,"{""ecr"": 6217, ""rz"": 20272, ""sx"": 10593, ""x"": 1317}"
0006_sparse_grid_510,sparse_grid,5,penalty_row_xy,3,5.0,104,ok,24,2196,574,296,6199,7368,1825,0.9590342044830322,"{""ecr"": 6199, ""rz"": 20145, ""sx"": 10559, ""x"": 1299}"
0006_sparse_grid_510,sparse_grid,5,penalty_row_xy,3,5.0,105,ok,24,2196,574,296,6273,7793,1927,0.9925618171691895,"{""ecr"": 6273, ""rz"": 20477, ""sx"": 10704, ""x"": 1348}"
0006_sparse_grid_510,sparse_grid,5,penalty_row_xy,3,5.0,106,ok,24,2196,574,296,6095,7542,1863,0.9823637008666992,"{""ecr"": 6095, ""rz"": 20007, ""sx"": 10484, ""x"": 1225}"
0006_sparse_grid_510,sparse_grid,5,penalty_row_xy,3,5.0,107,ok,24,2196,574,296,6093,7235,1794,1.189915418624878,"{""ecr"": 6093, ""rz"": 20030, ""sx"": 10412, ""x"": 1261}"
0006_sparse_grid_510,sparse_grid,5,penalty_row_xy,3,5.0,108,ok,24,2196,574,296,6136,7732,1878,0.9524827003479004,"{""ecr"": 6136, ""rz"": 20258, ""sx"": 10633, ""x"": 1203}"
0006_sparse_grid_510,sparse_grid,5,penalty_row_xy,3,5.0,109,ok,24,2196,574,296,6191,8513,2086,0.905909538269043,"{""ecr"": 6191, ""rz"": 20300, ""sx"": 10696, ""x"": 1299}"
0006_sparse_grid_510,sparse_grid,5,penalty_row_xy,3,5.0,110,ok,24,2196,574,296,6221,7352,1812,0.8138694763183594,"{""ecr"": 6221, ""rz"": 20479, ""sx"": 10648, ""x"": 1312}"
0006_sparse_grid_510,sparse_grid,5,penalty_row_xy,3,5.0,111,ok,24,2196,574,296,6116,7194,1769,0.9174745082855225,"{""ecr"": 6116, ""rz"": 19951, ""sx"": 10471, ""x"": 1229}"
0006_sparse_grid_510,sparse_grid,5,penalty_row_xy,3,5.0,112,ok,24,2196,574,296,6136,7708,1887,0.9811201095581055,"{""ecr"": 6136, ""rz"": 20150, ""sx"": 10552, ""x"": 1271}"
0006_sparse_grid_510,sparse_grid,5,penalty_row_xy,3,5.0,113,ok,24,2196,574,296,6144,8636,2122,1.0493457317352295,"{""ecr"": 6144, ""rz"": 20192, ""sx"": 10556, ""x"": 1290}"
0006_sparse_grid_510,sparse_grid,5,penalty_row_xy,3,5.0,114,ok,24,2196,574,296,6018,7607,1838,1.111220121383667,"{""ecr"": 6018, ""rz"": 19891, ""sx"": 10406, ""x"": 1253}"
0006_sparse_grid_510,sparse_grid,5,penalty_row_xy,3,5.0,115,ok,24,2196,574,296,6229,7818,1921,1.14215087890625,"{""ecr"": 6229, ""rz"": 20330, ""sx"": 10655, ""x"": 1279}"
0006_sparse_grid_510,sparse_grid,5,penalty_row_xy,3,5.0,116,ok,24,2196,574,296,6189,7730,1922,1.2199311256408691,"{""ecr"": 6189, ""rz"": 20254, ""sx"": 10620, ""x"": 1262}"
0006_sparse_grid_510,sparse_grid,5,penalty_row_xy,3,5.0,117,ok,24,2196,574,296,6106,7149,1733,0.9109432697296143,"{""ecr"": 6106, ""rz"": 20112, ""sx"": 10504, ""x"": 1322}"
0006_sparse_grid_510,sparse_grid,5,penalty_row_xy,3,5.0,118,ok,24,2196,574,296,6174,8034,1989,0.8278837203979492,"{""ecr"": 6174, ""rz"": 20043, ""sx"": 10475, ""x"": 1253}"
0006_sparse_grid_510,sparse_grid,5,penalty_row_xy,3,5.0,119,ok,24,2196,574,296,6034,7095,1721,0.8377535343170166,"{""ecr"": 6034, ""rz"": 19847, ""sx"": 10477, ""x"": 1221}"
0006_sparse_grid_510,sparse_grid,5,penalty_row_xy,3,5.0,120,ok,24,2196,574,296,6323,7624,1876,1.251988410949707,"{""ecr"": 6323, ""rz"": 20566, ""sx"": 10822, ""x"": 1314}"
0007_dense_grid_511,dense_grid,6,token_line_rotating,3,,101,ok,19,1995,2786,1746,6667,16961,4428,1.4210810661315918,"{""ecr"": 6667, ""rz"": 19585, ""sx"": 10934, ""x"": 1187}"
0007_dense_grid_511,dense_grid,6,token_line_rotating,3,,102,ok,19,1995,2786,1746,6662,16670,4353,1.3096084594726562,"{""ecr"": 6662, ""rz"": 19474, ""sx"": 11025, ""x"": 1197}"
0007_dense_grid_511,dense_grid,6,token_line_rotating,3,,103,ok,19,1995,2786,1746,6781,17038,4443,1.4822688102722168,"{""ecr"": 6781, ""rz"": 19886, ""sx"": 11196, ""x"": 1120}"
0007_dense_grid_511,dense_grid,6,token_line_rotating,3,,104,ok,19,1995,2786,1746,6627,17001,4421,1.2588002681732178,"{""ecr"": 6627, ""rz"": 19566, ""sx"": 11160, ""x"": 1138}"
0007_dense_grid_511,dense_grid,6,token_line_rotating,3,,105,ok,19,1995,2786,1746,6787,16999,4450,1.1428203582763672,"{""ecr"": 6787, ""rz"": 19914, ""sx"": 11036, ""x"": 1167}"
0007_dense_grid_511,dense_grid,6,token_line_rotating,3,,106,ok,19,1995,2786,1746,6708,17515,4580,1.3829317092895508,"{""ecr"": 6708, ""rz"": 19572, ""sx"": 11180, ""x"": 1044}"
0007_dense_grid_511,dense_grid,6,token_line_rotating,3,,107,ok,19,1995,2786,1746,6623,16735,4368,1.1801397800445557,"{""ecr"": 6623, ""rz"": 19488, ""sx"": 10915, ""x"": 1114}"
0007_dense_grid_511,dense_grid,6,token_line_rotating,3,,108,ok,19,1995,2786,1746,6668,16678,4367,1.2874369621276855,"{""ecr"": 6668, ""rz"": 19534, ""sx"": 10910, ""x"": 1174}"
0007_dense_grid_511,dense_grid,6,token_line_rotating,3,,109,ok,19,1995,2786,1746,6639,17038,4449,0.8577432632446289,"{""ecr"": 6639, ""rz"": 19507, ""sx"": 11075, ""x"": 1058}"
0007_dense_grid_511,dense_grid,6,token_line_rotating,3,,110,ok,19,1995,2786,1746,6781,17215,4523,1.0267224311828613,"{""ecr"": 6781, ""rz"": 19830, ""sx"": 10934, ""x"": 1267}"
0007_dense_grid_511,dense_grid,6,token_line_rotating,3,,111,ok,19,1995,2786,1746,6662,16892,4415,1.0794563293457031,"{""ecr"": 6662, ""rz"": 19360, ""sx"": 10833, ""x"": 1250}"
0007_dense_grid_511,dense_grid,6,token_line_rotating,3,,112,ok,19,1995,2786,1746,6642,16557,4347,1.2381558418273926,"{""ecr"": 6642, ""rz"": 19589, ""sx"": 10893, ""x"": 1126}"
0007_dense_grid_511,dense_grid,6,token_line_rotating,3,,113,ok,19,1995,2786,1746,6768,17003,4451,1.1543879508972168,"{""ecr"": 6768, ""rz"": 19826, ""sx"": 11055, ""x"": 1198}"
0007_dense_grid_511,dense_grid,6,token_line_rotating,3,,114,ok,19,1995,2786,1746,6710,17111,4476,1.122225284576416,"{""ecr"": 6710, ""rz"": 19718, ""sx"": 11021, ""x"": 1188}"
0007_dense_grid_511,dense_grid,6,token_line_rotating,3,,115,ok,19,1995,2786,1746,6688,16646,4345,1.2610142230987549,"{""ecr"": 6688, ""rz"": 19568, ""sx"": 11062, ""x"": 1099}"
0007_dense_grid_511,dense_grid,6,token_line_rotating,3,,116,ok,19,1995,2786,1746,6716,16895,4416,1.6774516105651855,"{""ecr"": 6716, ""rz"": 19720, ""sx"": 11042, ""x"": 1128}"
0007_dense_grid_511,dense_grid,6,token_line_rotating,3,,117,ok,19,1995,2786,1746,6675,16828,4426,1.1197140216827393,"{""ecr"": 6675, ""rz"": 19384, ""sx"": 10887, ""x"": 1161}"
0007_dense_grid_511,dense_grid,6,token_line_rotating,3,,118,ok,19,1995,2786,1746,6646,17068,4475,1.6629862785339355,"{""ecr"": 6646, ""rz"": 19370, ""sx"": 10813, ""x"": 1221}"
0007_dense_grid_511,dense_grid,6,token_line_rotating,3,,119,ok,19,1995,2786,1746,6625,16805,4390,1.6549232006072998,"{""ecr"": 6625, ""rz"": 19388, ""sx"": 10764, ""x"": 1233}"
0007_dense_grid_511,dense_grid,6,token_line_rotating,3,,120,ok,19,1995,2786,1746,6735,16761,4402,1.6196177005767822,"{""ecr"": 6735, ""rz"": 19805, ""sx"": 10922, ""x"": 1216}"
0007_dense_grid_511,dense_grid,6,penalty_row_xy,3,5.0,101,ok,24,2376,628,332,6818,8496,2088,1.3972959518432617,"{""ecr"": 6818, ""rz"": 22253, ""sx"": 11578, ""x"": 1429}"
0007_dense_grid_511,dense_grid,6,penalty_row_xy,3,5.0,102,ok,24,2376,628,332,6781,8327,2072,1.2959330081939697,"{""ecr"": 6781, ""rz"": 22087, ""sx"": 11569, ""x"": 1401}"
0007_dense_grid_511,dense_grid,6,penalty_row_xy,3,5.0,103,ok,24,2376,628,332,6823,8104,1991,1.2095057964324951,"{""ecr"": 6823, ""rz"": 22252, ""sx"": 11690, ""x"": 1345}"
0007_dense_grid_511,dense_grid,6,penalty_row_xy,3,5.0,104,ok,24,2376,628,332,6815,8327,2048,1.4912266731262207,"{""ecr"": 6815, ""rz"": 22189, ""sx"": 11549, ""x"": 1422}"
0007_dense_grid_511,dense_grid,6,penalty_row_xy,3,5.0,105,ok,24,2376,628,332,6652,7869,1937,0.9313933849334717,"{""ecr"": 6652, ""rz"": 21614, ""sx"": 11216, ""x"": 1392}"
0007_dense_grid_511,dense_grid,6,penalty_row_xy,3,5.0,106,ok,24,2376,628,332,6868,9190,2275,1.061997890472412,"{""ecr"": 6868, ""rz"": 22341, ""sx"": 11700, ""x"": 1418}"
0007_dense_grid_511,dense_grid,6,penalty_row_xy,3,5.0,107,ok,24,2376,628,332,6745,8880,2172,1.0276379585266113,"{""ecr"": 6745, ""rz"": 22060, ""sx"": 11583, ""x"": 1358}"
0007_dense_grid_511,dense_grid,6,penalty_row_xy,3,5.0,108,ok,24,2376,628,332,6864,9858,2414,1.0688297748565674,"{""ecr"": 6864, ""rz"": 22415, ""sx"": 11695, ""x"": 1462}"
0007_dense_grid_511,dense_grid,6,penalty_row_xy,3,5.0,109,ok,24,2376,628,332,6841,8739,2172,0.9886343479156494,"{""ecr"": 6841, ""rz"": 22229, ""sx"": 11647, ""x"": 1378}"
0007_dense_grid_511,dense_grid,6,penalty_row_xy,3,5.0,110,ok,24,2376,628,332,6818,8613,2139,0.9806919097900391,"{""ecr"": 6818, ""rz"": 22118, ""sx"": 11606, ""x"": 1404}"
0007_dense_grid_511,dense_grid,6,penalty_row_xy,3,5.0,111,ok,24,2376,628,332,6844,9129,2243,1.0648906230926514,"{""ecr"": 6844, ""rz"": 22345, ""sx"": 11685, ""x"": 1441}"
0007_dense_grid_511,dense_grid,6,penalty_row_xy,3,5.0,112,ok,24,2376,628,332,6875,8268,2024,1.0445528030395508,"{""ecr"": 6875, ""rz"": 22415, ""sx"": 11536, ""x"": 1561}"
0007_dense_grid_511,dense_grid,6,penalty_row_xy,3,5.0,113,ok,24,2376,628,332,6825,8661,2129,0.8588030338287354,"{""ecr"": 6825, ""rz"": 22199, ""sx"": 11610, ""x"": 1404}"
0007_dense_grid_511,dense_grid,6,penalty_row_xy,3,5.0,114,ok,24,2376,628,332,6742,9210,2293,0.9311225414276123,"{""ecr"": 6742, ""rz"": 21877, ""sx"": 11424, ""x"": 1452}"
0007_dense_grid_511,dense_grid,6,penalty_row_xy,3,5.0,115,ok,24,2376,628,332,6904,8581,2133,1.4264183044433594,"{""ecr"": 6904, ""rz"": 22500, ""sx"": 11704, ""x"": 1442}"
0007_dense_grid_511,dense_grid,6,penalty_row_xy,3,5.0,116,ok,24,2376,628,332,6772,8050,1978,1.3056285381317139,"{""ecr"": 6772, ""rz"": 22120, ""sx"": 11572, ""x"": 1413}"
0007_dense_grid_511,dense_grid,6,penalty_row_xy,3,5.0,117,ok,24,2376,628,332,6839,8131,2023,1.147932767868042,"{""ecr"": 6839, ""rz"": 22129, ""sx"": 11588, ""x"": 1437}"
0007_dense_grid_511,dense_grid,6,penalty_row_xy,3,5.0,118,ok,24,2376,628,332,6827,9123,2245,1.3911983966827393,"{""ecr"": 6827, ""rz"": 22187, ""sx"": 11658, ""x"": 1416}"
0007_dense_grid_511,dense_grid,6,penalty_row_xy,3,5.0,119,ok,24,2376,628,332,6949,8447,2069,1.2265291213989258,"{""ecr"": 6949, ""rz"": 22601, ""sx"": 11753, ""x"": 1511}"
0007_dense_grid_511,dense_grid,6,penalty_row_xy,3,5.0,120,ok,24,2376,628,332,6859,9352,2326,1.0514378547668457,"{""ecr"": 6859, ""rz"": 22307, ""sx"": 11538, ""x"": 1564}"
0009_dense_grid_line_513,dense_grid_line,6,token_line_rotating,3,,101,ok,19,1767,2454,1504,5639,14286,3725,1.5188913345336914,"{""ecr"": 5639, ""rz"": 16558, ""sx"": 9232, ""x"": 1046}"
0009_dense_grid_line_513,dense_grid_line,6,token_line_rotating,3,,102,ok,19,1767,2454,1504,5674,15025,3907,1.0968430042266846,"{""ecr"": 5674, ""rz"": 16641, ""sx"": 9332, ""x"": 1007}"
0009_dense_grid_line_513,dense_grid_line,6,token_line_rotating,3,,103,ok,19,1767,2454,1504,5667,14768,3836,1.3127875328063965,"{""ecr"": 5667, ""rz"": 16617, ""sx"": 9396, ""x"": 1029}"
0009_dense_grid_line_513,dense_grid_line,6,token_line_rotating,3,,104,ok,19,1767,2454,1504,5710,15015,3921,1.118736743927002,"{""ecr"": 5710, ""rz"": 16708, ""sx"": 9432, ""x"": 970}"
0009_dense_grid_line_513,dense_grid_line,6,token_line_rotating,3,,105,ok,19,1767,2454,1504,5653,14689,3849,0.7933809757232666,"{""ecr"": 5653, ""rz"": 16575, ""sx"": 9246, ""x"": 1042}"
0009_dense_grid_line_513,dense_grid_line,6,token_line_rotating,3,,106,ok,19,1767,2454,1504,5696,14122,3700,1.0704255104064941,"{""ecr"": 5696, ""rz"": 16759, ""sx"": 9172, ""x"": 1063}"
0009_dense_grid_line_513,dense_grid_line,6,token_line_rotating,3,,107,ok,19,1767,2454,1504,5586,14796,3851,0.7988972663879395,"{""ecr"": 5586, ""rz"": 16450, ""sx"": 9446, ""x"": 891}"
0009_dense_grid_line_513,dense_grid_line,6,token_line_rotating,3,,108,ok,19,1767,2454,1504,5685,14496,3771,0.9054346084594727,"{""ecr"": 5685, ""rz"": 16756, ""sx"": 9130, ""x"": 1186}"
0009_dense_grid_line_513,dense_grid_line,6,token_line_rotating,3,,109,ok,19,1767,2454,1504,5659,14536,3760,0.8651561737060547,"{""ecr"": 5659, ""rz"": 16614, ""sx"": 9438, ""x"": 981}"
0009_dense_grid_line_513,dense_grid_line,6,token_line_rotating,3,,110,ok,19,1767,2454,1504,5696,14425,3769,0.698758602142334,"{""ecr"": 5696, ""rz"": 16614, ""sx"": 9263, ""x"": 1077}"
0009_dense_grid_line_513,dense_grid_line,6,token_line_rotating,3,,111,ok,19,1767,2454,1504,5685,14575,3785,1.052607774734497,"{""ecr"": 5685, ""rz"": 16699, ""sx"": 9476, ""x"": 987}"
0009_dense_grid_line_513,dense_grid_line,6,token_line_rotating,3,,112,ok,19,1767,2454,1504,5679,14487,3792,1.0075407028198242,"{""ecr"": 5679, ""rz"": 16733, ""sx"": 9310, ""x"": 1005}"
0009_dense_grid_line_513,dense_grid_line,6,token_line_rotating,3,,113,ok,19,1767,2454,1504,5616,14461,3780,0.8404548168182373,"{""ecr"": 5616, ""rz"": 16566, ""sx"": 9261, ""x"": 990}"
0009_dense_grid_line_513,dense_grid_line,6,token_line_rotating,3,,114,ok,19,1767,2454,1504,5759,14894,3879,1.0705561637878418,"{""ecr"": 5759, ""rz"": 16838, ""sx"": 9506, ""x"": 985}"
0009_dense_grid_line_513,dense_grid_line,6,token_line_rotating,3,,115,ok,19,1767,2454,1504,5592,14432,3771,1.5043528079986572,"{""ecr"": 5592, ""rz"": 16502, ""sx"": 9337, ""x"": 996}"
0009_dense_grid_line_513,dense_grid_line,6,token_line_rotating,3,,116,ok,19,1767,2454,1504,5713,14539,3769,1.0669128894805908,"{""ecr"": 5713, ""rz"": 16835, ""sx"": 9548, ""x"": 1002}"
0009_dense_grid_line_513,dense_grid_line,6,token_line_rotating,3,,117,ok,19,1767,2454,1504,5635,14099,3678,1.049060344696045,"{""ecr"": 5635, ""rz"": 16635, ""sx"": 9369, ""x"": 1014}"
0009_dense_grid_line_513,dense_grid_line,6,token_line_rotating,3,,118,ok,19,1767,2454,1504,5667,14748,3829,1.0942790508270264,"{""ecr"": 5667, ""rz"": 16595, ""sx"": 9370, ""x"": 971}"
0009_dense_grid_line_513,dense_grid_line,6,token_line_rotating,3,,119,ok,19,1767,2454,1504,5684,14354,3735,0.9783964157104492,"{""ecr"": 5684, ""rz"": 16765, ""sx"": 9354, ""x"": 1042}"
0009_dense_grid_line_513,dense_grid_line,6,token_line_rotating,3,,120,ok,19,1767,2454,1504,5560,14212,3702,1.21793794631958,"{""ecr"": 5560, ""rz"": 16306, ""sx"": 9215, ""x"": 974}"
0009_dense_grid_line_513,dense_grid_line,6,penalty_row_xy,3,5.0,101,ok,24,2376,628,332,6818,8496,2088,1.0434560775756836,"{""ecr"": 6818, ""rz"": 22253, ""sx"": 11578, ""x"": 1429}"
0009_dense_grid_line_513,dense_grid_line,6,penalty_row_xy,3,5.0,102,ok,24,2376,628,332,6781,8327,2072,1.2992379665374756,"{""ecr"": 6781, ""rz"": 22087, ""sx"": 11569, ""x"": 1401}"
0009_dense_grid_line_513,dense_grid_line,6,penalty_row_xy,3,5.0,103,ok,24,2376,628,332,6823,8104,1991,1.0582923889160156,"{""ecr"": 6823, ""rz"": 22252, ""sx"": 11690, ""x"": 1345}"
0009_dense_grid_line_513,dense_grid_line,6,penalty_row_xy,3,5.0,104,ok,24,2376,628,332,6815,8327,2048,1.3790416717529297,"{""ecr"": 6815, ""rz"": 22189, ""sx"": 11549, ""x"": 1422}"
0009_dense_grid_line_513,dense_grid_line,6,penalty_row_xy,3,5.0,105,ok,24,2376,628,332,6652,7869,1937,0.8709003925323486,"{""ecr"": 6652, ""rz"": 21614, ""sx"": 11216, ""x"": 1392}"
0009_dense_grid_line_513,dense_grid_line,6,penalty_row_xy,3,5.0,106,ok,24,2376,628,332,6868,9190,2275,0.8840658664703369,"{""ecr"": 6868, ""rz"": 22341, ""sx"": 11700, ""x"": 1418}"
0009_dense_grid_line_513,dense_grid_line,6,penalty_row_xy,3,5.0,107,ok,24,2376,628,332,6745,8880,2172,0.952326774597168,"{""ecr"": 6745, ""rz"": 22060, ""sx"": 11583, ""x"": 1358}"
0009_dense_grid_line_513,dense_grid_line,6,penalty_row_xy,3,5.0,108,ok,24,2376,628,332,6864,9858,2414,0.9689028263092041,"{""ecr"": 6864, ""rz"": 22415, ""sx"": 11695, ""x"": 1462}"
0009_dense_grid_line_513,dense_grid_line,6,penalty_row_xy,3,5.0,109,ok,24,2376,628,332,6841,8739,2172,1.0240795612335205,"{""ecr"": 6841, ""rz"": 22229, ""sx"": 11647, ""x"": 1378}"
0009_dense_grid_line_513,dense_grid_line,6,penalty_row_xy,3,5.0,110,ok,24,2376,628,332,6818,8613,2139,0.9542717933654785,"{""ecr"": 6818, ""rz"": 22118, ""sx"": 11606, ""x"": 1404}"
0009_dense_grid_line_513,dense_grid_line,6,penalty_row_xy,3,5.0,111,ok,24,2376,628,332,6844,9129,2243,1.1410777568817139,"{""ecr"": 6844, ""rz"": 22345, ""sx"": 11685, ""x"": 1441}"
0009_dense_grid_line_513,dense_grid_line,6,penalty_row_xy,3,5.0,112,ok,24,2376,628,332,6875,8268,2024,1.2277939319610596,"{""ecr"": 6875, ""rz"": 22415, ""sx"": 11536, ""x"": 1561}"
0009_dense_grid_line_513,dense_grid_line,6,penalty_row_xy,3,5.0,113,ok,24,2376,628,332,6825,8661,2129,1.1611716747283936,"{""ecr"": 6825, ""rz"": 22199, ""sx"": 11610, ""x"": 1404}"
0009_dense_grid_line_513,dense_grid_line,6,penalty_row_xy,3,5.0,114,ok,24,2376,628,332,6742,9210,2293,1.0792605876922607,"{""ecr"": 6742, ""rz"": 21877, ""sx"": 11424, ""x"": 1452}"
0009_dense_grid_line_513,dense_grid_line,6,penalty_row_xy,3,5.0,115,ok,24,2376,628,332,6904,8581,2133,1.1014201641082764,"{""ecr"": 6904, ""rz"": 22500, ""sx"": 11704, ""x"": 1442}"
0009_dense_grid_line_513,dense_grid_line,6,penalty_row_xy,3,5.0,116,ok,24,2376,628,332,6772,8050,1978,1.068007469177246,"{""ecr"": 6772, ""rz"": 22120, ""sx"": 11572, ""x"": 1413}"
0009_dense_grid_line_513,dense_grid_line,6,penalty_row_xy,3,5.0,117,ok,24,2376,628,332,6839,8131,2023,1.066375970840454,"{""ecr"": 6839, ""rz"": 22129, ""sx"": 11588, ""x"": 1437}"
0009_dense_grid_line_513,dense_grid_line,6,penalty_row_xy,3,5.0,118,ok,24,2376,628,332,6827,9123,2245,1.3280484676361084,"{""ecr"": 6827, ""rz"": 22187, ""sx"": 11658, ""x"": 1416}"
0009_dense_grid_line_513,dense_grid_line,6,penalty_row_xy,3,5.0,119,ok,24,2376,628,332,6949,8447,2069,1.1858439445495605,"{""ecr"": 6949, ""rz"": 22601, ""sx"": 11753, ""x"": 1511}"
0009_dense_grid_line_513,dense_grid_line,6,penalty_row_xy,3,5.0,120,ok,24,2376,628,332,6859,9352,2326,1.4462687969207764,"{""ecr"": 6859, ""rz"": 22307, ""sx"": 11538, ""x"": 1564}"
0011_dense_grid_lshape_515,dense_grid_lshape,6,token_line_rotating,3,,101,ok,19,1785,2465,1516,5662,14596,3788,1.4842607975006104,"{""ecr"": 5662, ""rz"": 16769, ""sx"": 9405, ""x"": 968}"
0011_dense_grid_lshape_515,dense_grid_lshape,6,token_line_rotating,3,,102,ok,19,1785,2465,1516,5776,14628,3832,1.521714210510254,"{""ecr"": 5776, ""rz"": 16932, ""sx"": 9351, ""x"": 1039}"
0011_dense_grid_lshape_515,dense_grid_lshape,6,token_line_rotating,3,,103,ok,19,1785,2465,1516,5796,14665,3824,1.0986194610595703,"{""ecr"": 5796, ""rz"": 17016, ""sx"": 9686, ""x"": 914}"
0011_dense_grid_lshape_515,dense_grid_lshape,6,token_line_rotating,3,,104,ok,19,1785,2465,1516,5916,14766,3856,1.3103704452514648,"{""ecr"": 5916, ""rz"": 17435, ""sx"": 9704, ""x"": 1106}"
0011_dense_grid_lshape_515,dense_grid_lshape,6,token_line_rotating,3,,105,ok,19,1785,2465,1516,5800,14943,3898,1.2320799827575684,"{""ecr"": 5800, ""rz"": 17116, ""sx"": 9508, ""x"": 1041}"
0011_dense_grid_lshape_515,dense_grid_lshape,6,token_line_rotating,3,,106,ok,19,1785,2465,1516,5748,14432,3749,0.8922829627990723,"{""ecr"": 5748, ""rz"": 16909, ""sx"": 9260, ""x"": 1168}"
0011_dense_grid_lshape_515,dense_grid_lshape,6,token_line_rotating,3,,107,ok,19,1785,2465,1516,5886,14880,3876,1.1053955554962158,"{""ecr"": 5886, ""rz"": 17411, ""sx"": 9751, ""x"": 1019}"
0011_dense_grid_lshape_515,dense_grid_lshape,6,token_line_rotating,3,,108,ok,19,1785,2465,1516,5794,14663,3846,1.057884931564331,"{""ecr"": 5794, ""rz"": 17114, ""sx"": 9469, ""x"": 1027}"
0011_dense_grid_lshape_515,dense_grid_lshape,6,token_line_rotating,3,,109,ok,19,1785,2465,1516,5806,14761,3844,1.0250046253204346,"{""ecr"": 5806, ""rz"": 17171, ""sx"": 9585, ""x"": 1001}"
0011_dense_grid_lshape_515,dense_grid_lshape,6,token_line_rotating,3,,110,ok,19,1785,2465,1516,5901,15069,3899,0.8636345863342285,"{""ecr"": 5901, ""rz"": 17324, ""sx"": 9952, ""x"": 969}"
0011_dense_grid_lshape_515,dense_grid_lshape,6,token_line_rotating,3,,111,ok,19,1785,2465,1516,5822,15250,3983,1.060107707977295,"{""ecr"": 5822, ""rz"": 17152, ""sx"": 9357, ""x"": 1149}"
0011_dense_grid_lshape_515,dense_grid_lshape,6,token_line_rotating,3,,112,ok,19,1785,2465,1516,5754,14802,3841,1.1309754848480225,"{""ecr"": 5754, ""rz"": 16970, ""sx"": 9514, ""x"": 1082}"
0011_dense_grid_lshape_515,dense_grid_lshape,6,token_line_rotating,3,,113,ok,19,1785,2465,1516,5694,14524,3755,0.9103469848632812,"{""ecr"": 5694, ""rz"": 16726, ""sx"": 9659, ""x"": 944}"
0011_dense_grid_lshape_515,dense_grid_lshape,6,token_line_rotating,3,,114,ok,19,1785,2465,1516,5728,14517,3776,1.47849702835083,"{""ecr"": 5728, ""rz"": 16793, ""sx"": 9450, ""x"": 1053}"
0011_dense_grid_lshape_515,dense_grid_lshape,6,token_line_rotating,3,,115,ok,19,1785,2465,1516,5633,14111,3668,1.2530276775360107,"{""ecr"": 5633, ""rz"": 16602, ""sx"": 9255, ""x"": 1064}"
0011_dense_grid_lshape_515,dense_grid_lshape,6,token_line_rotating,3,,116,ok,19,1785,2465,1516,5702,14670,3815,1.2319447994232178,"{""ecr"": 5702, ""rz"": 16754, ""sx"": 9586, ""x"": 958}"
0011_dense_grid_lshape_515,dense_grid_lshape,6,token_line_rotating,3,,117,ok,19,1785,2465,1516,5772,15087,3909,1.6248712539672852,"{""ecr"": 5772, ""rz"": 16995, ""sx"": 9835, ""x"": 903}"
0011_dense_grid_lshape_515,dense_grid_lshape,6,token_line_rotating,3,,118,ok,19,1785,2465,1516,5780,14667,3806,1.24143648147583,"{""ecr"": 5780, ""rz"": 17033, ""sx"": 9697, ""x"": 989}"
0011_dense_grid_lshape_515,dense_grid_lshape,6,token_line_rotating,3,,119,ok,19,1785,2465,1516,5790,14710,3849,1.1900815963745117,"{""ecr"": 5790, ""rz"": 16933, ""sx"": 9495, ""x"": 1072}"
0011_dense_grid_lshape_515,dense_grid_lshape,6,token_line_rotating,3,,120,ok,19,1785,2465,1516,5821,15136,3954,1.2163004875183105,"{""ecr"": 5821, ""rz"": 17060, ""sx"": 9526, ""x"": 1110}"
0011_dense_grid_lshape_515,dense_grid_lshape,6,penalty_row_xy,3,5.0,101,ok,24,2376,628,332,6818,8496,2088,1.0974202156066895,"{""ecr"": 6818, ""rz"": 22253, ""sx"": 11578, ""x"": 1429}"
0011_dense_grid_lshape_515,dense_grid_lshape,6,penalty_row_xy,3,5.0,102,ok,24,2376,628,332,6781,8327,2072,1.3844261169433594,"{""ecr"": 6781, ""rz"": 22087, ""sx"": 11569, ""x"": 1401}"
0011_dense_grid_lshape_515,dense_grid_lshape,6,penalty_row_xy,3,5.0,103,ok,24,2376,628,332,6823,8104,1991,1.0984539985656738,"{""ecr"": 6823, ""rz"": 22252, ""sx"": 11690, ""x"": 1345}"
0011_dense_grid_lshape_515,dense_grid_lshape,6,penalty_row_xy,3,5.0,104,ok,24,2376,628,332,6815,8327,2048,1.2915890216827393,"{""ecr"": 6815, ""rz"": 22189, ""sx"": 11549, ""x"": 1422}"
0011_dense_grid_lshape_515,dense_grid_lshape,6,penalty_row_xy,3,5.0,105,ok,24,2376,628,332,6652,7869,1937,1.145895004272461,"{""ecr"": 6652, ""rz"": 21614, ""sx"": 11216, ""x"": 1392}"
0011_dense_grid_lshape_515,dense_grid_lshape,6,penalty_row_xy,3,5.0,106,ok,24,2376,628,332,6868,9190,2275,1.1837496757507324,"{""ecr"": 6868, ""rz"": 22341, ""sx"": 11700, ""x"": 1418}"
0011_dense_grid_lshape_515,dense_grid_lshape,6,penalty_row_xy,3,5.0,107,ok,24,2376,628,332,6745,8880,2172,1.212423324584961,"{""ecr"": 6745, ""rz"": 22060, ""sx"": 11583, ""x"": 1358}"
0011_dense_grid_lshape_515,dense_grid_lshape,6,penalty_row_xy,3,5.0,108,ok,24,2376,628,332,6864,9858,2414,1.0243959426879883,"{""ecr"": 6864, ""rz"": 22415, ""sx"": 11695, ""x"": 1462}"
0011_dense_grid_lshape_515,dense_grid_lshape,6,penalty_row_xy,3,5.0,109,ok,24,2376,628,332,6841,8739,2172,1.1345791816711426,"{""ecr"": 6841, ""rz"": 22229, ""sx"": 11647, ""x"": 1378}"
0011_dense_grid_lshape_515,dense_grid_lshape,6,penalty_row_xy,3,5.0,110,ok,24,2376,628,332,6818,8613,2139,1.2862799167633057,"{""ecr"": 6818, ""rz"": 22118, ""sx"": 11606, ""x"": 1404}"
0011_dense_grid_lshape_515,dense_grid_lshape,6,penalty_row_xy,3,5.0,111,ok,24,2376,628,332,6844,9129,2243,1.1602768898010254,"{""ecr"": 6844, ""rz"": 22345, ""sx"": 11685, ""x"": 1441}"
0011_dense_grid_lshape_515,dense_grid_lshape,6,penalty_row_xy,3,5.0,112,ok,24,2376,628,332,6875,8268,2024,0.9517779350280762,"{""ecr"": 6875, ""rz"": 22415, ""sx"": 11536, ""x"": 1561}"
0011_dense_grid_lshape_515,dense_grid_lshape,6,penalty_row_xy,3,5.0,113,ok,24,2376,628,332,6825,8661,2129,1.263641357421875,"{""ecr"": 6825, ""rz"": 22199, ""sx"": 11610, ""x"": 1404}"
0011_dense_grid_lshape_515,dense_grid_lshape,6,penalty_row_xy,3,5.0,114,ok,24,2376,628,332,6742,9210,2293,1.1279137134552002,"{""ecr"": 6742, ""rz"": 21877, ""sx"": 11424, ""x"": 1452}"
0011_dense_grid_lshape_515,dense_grid_lshape,6,penalty_row_xy,3,5.0,115,ok,24,2376,628,332,6904,8581,2133,1.2192106246948242,"{""ecr"": 6904, ""rz"": 22500, ""sx"": 11704, ""x"": 1442}"
0011_dense_grid_lshape_515,dense_grid_lshape,6,penalty_row_xy,3,5.0,116,ok,24,2376,628,332,6772,8050,1978,1.24876070022583,"{""ecr"": 6772, ""rz"": 22120, ""sx"": 11572, ""x"": 1413}"
0011_dense_grid_lshape_515,dense_grid_lshape,6,penalty_row_xy,3,5.0,117,ok,24,2376,628,332,6839,8131,2023,1.1099159717559814,"{""ecr"": 6839, ""rz"": 22129, ""sx"": 11588, ""x"": 1437}"
0011_dense_grid_lshape_515,dense_grid_lshape,6,penalty_row_xy,3,5.0,118,ok,24,2376,628,332,6827,9123,2245,1.2659430503845215,"{""ecr"": 6827, ""rz"": 22187, ""sx"": 11658, ""x"": 1416}"
0011_dense_grid_lshape_515,dense_grid_lshape,6,penalty_row_xy,3,5.0,119,ok,24,2376,628,332,6949,8447,2069,1.1074426174163818,"{""ecr"": 6949, ""rz"": 22601, ""sx"": 11753, ""x"": 1511}"
0011_dense_grid_lshape_515,dense_grid_lshape,6,penalty_row_xy,3,5.0,120,ok,24,2376,628,332,6859,9352,2326,1.318535566329956,"{""ecr"": 6859, ""rz"": 22307, ""sx"": 11538, ""x"": 1564}"
0012_sparse_grid_518,sparse_grid,3,token_line_rotating,3,,101,ok,19,1281,1771,1064,3643,9670,2538,0.8387777805328369,"{""ecr"": 3643, ""rz"": 10773, ""sx"": 6142, ""x"": 623}"
0012_sparse_grid_518,sparse_grid,3,token_line_rotating,3,,102,ok,19,1281,1771,1064,3770,9939,2600,0.7064642906188965,"{""ecr"": 3770, ""rz"": 11110, ""sx"": 6292, ""x"": 672}"
0012_sparse_grid_518,sparse_grid,3,token_line_rotating,3,,103,ok,19,1281,1771,1064,3608,9578,2487,1.1882460117340088,"{""ecr"": 3608, ""rz"": 10734, ""sx"": 6034, ""x"": 717}"
0012_sparse_grid_518,sparse_grid,3,token_line_rotating,3,,104,ok,19,1281,1771,1064,3715,9811,2531,0.90358567237854,"{""ecr"": 3715, ""rz"": 11064, ""sx"": 6383, ""x"": 638}"
0012_sparse_grid_518,sparse_grid,3,token_line_rotating,3,,105,ok,19,1281,1771,1064,3753,10149,2633,0.9605996608734131,"{""ecr"": 3753, ""rz"": 11202, ""sx"": 6310, ""x"": 641}"
0012_sparse_grid_518,sparse_grid,3,token_line_rotating,3,,106,ok,19,1281,1771,1064,3729,9773,2537,0.551171064376831,"{""ecr"": 3729, ""rz"": 11013, ""sx"": 6279, ""x"": 691}"
0012_sparse_grid_518,sparse_grid,3,token_line_rotating,3,,107,ok,19,1281,1771,1064,3748,9814,2548,0.6496450901031494,"{""ecr"": 3748, ""rz"": 11045, ""sx"": 6220, ""x"": 709}"
0012_sparse_grid_518,sparse_grid,3,token_line_rotating,3,,108,ok,19,1281,1771,1064,3641,9705,2536,0.7815573215484619,"{""ecr"": 3641, ""rz"": 10722, ""sx"": 6055, ""x"": 704}"
0012_sparse_grid_518,sparse_grid,3,token_line_rotating,3,,109,ok,19,1281,1771,1064,3764,9746,2558,0.9683609008789062,"{""ecr"": 3764, ""rz"": 11145, ""sx"": 6239, ""x"": 729}"
0012_sparse_grid_518,sparse_grid,3,token_line_rotating,3,,110,ok,19,1281,1771,1064,3681,10009,2600,0.648535966873169,"{""ecr"": 3681, ""rz"": 10858, ""sx"": 6175, ""x"": 627}"
0012_sparse_grid_518,sparse_grid,3,token_line_rotating,3,,111,ok,19,1281,1771,1064,3730,9738,2520,1.0121691226959229,"{""ecr"": 3730, ""rz"": 11047, ""sx"": 6285, ""x"": 641}"
0012_sparse_grid_518,sparse_grid,3,token_line_rotating,3,,112,ok,19,1281,1771,1064,3708,10097,2618,0.5780043601989746,"{""ecr"": 3708, ""rz"": 11004, ""sx"": 6281, ""x"": 702}"
0012_sparse_grid_518,sparse_grid,3,token_line_rotating,3,,113,ok,19,1281,1771,1064,3755,9973,2620,0.777817964553833,"{""ecr"": 3755, ""rz"": 11049, ""sx"": 6219, ""x"": 691}"
0012_sparse_grid_518,sparse_grid,3,token_line_rotating,3,,114,ok,19,1281,1771,1064,3626,9783,2554,0.6705355644226074,"{""ecr"": 3626, ""rz"": 10711, ""sx"": 6001, ""x"": 719}"
0012_sparse_grid_518,sparse_grid,3,token_line_rotating,3,,115,ok,19,1281,1771,1064,3701,9892,2562,0.6748654842376709,"{""ecr"": 3701, ""rz"": 10918, ""sx"": 6302, ""x"": 648}"
0012_sparse_grid_518,sparse_grid,3,token_line_rotating,3,,116,ok,19,1281,1771,1064,3747,9917,2583,0.853919506072998,"{""ecr"": 3747, ""rz"": 10992, ""sx"": 6267, ""x"": 683}"
0012_sparse_grid_518,sparse_grid,3,token_line_rotating,3,,117,ok,19,1281,1771,1064,3681,9951,2576,0.8374481201171875,"{""ecr"": 3681, ""rz"": 10845, ""sx"": 6228, ""x"": 680}"
0012_sparse_grid_518,sparse_grid,3,token_line_rotating,3,,118,ok,19,1281,1771,1064,3722,9971,2592,0.6118957996368408,"{""ecr"": 3722, ""rz"": 11019, ""sx"": 6194, ""x"": 718}"
0012_sparse_grid_518,sparse_grid,3,token_line_rotating,3,,119,ok,19,1281,1771,1064,3783,10104,2630,0.5793278217315674,"{""ecr"": 3783, ""rz"": 11181, ""sx"": 6459, ""x"": 640}"
0012_sparse_grid_518,sparse_grid,3,token_line_rotating,3,,120,ok,19,1281,1771,1064,3705,10069,2607,0.7205197811126709,"{""ecr"": 3705, ""rz"": 10975, ""sx"": 6340, ""x"": 727}"
0012_sparse_grid_518,sparse_grid,3,penalty_row_xy,3,5.0,101,ok,24,1836,511,254,4986,6065,1464,1.0318005084991455,"{""ecr"": 4986, ""rz"": 16499, ""sx"": 8822, ""x"": 987}"
0012_sparse_grid_518,sparse_grid,3,penalty_row_xy,3,5.0,102,ok,24,1836,511,254,4940,6613,1597,0.8689525127410889,"{""ecr"": 4940, ""rz"": 16318, ""sx"": 8575, ""x"": 1053}"
0012_sparse_grid_518,sparse_grid,3,penalty_row_xy,3,5.0,103,ok,24,1836,511,254,4880,5980,1450,0.6983015537261963,"{""ecr"": 4880, ""rz"": 16062, ""sx"": 8515, ""x"": 958}"
0012_sparse_grid_518,sparse_grid,3,penalty_row_xy,3,5.0,104,ok,24,1836,511,254,5002,6751,1630,0.6545834541320801,"{""ecr"": 5002, ""rz"": 16365, ""sx"": 8762, ""x"": 914}"
0012_sparse_grid_518,sparse_grid,3,penalty_row_xy,3,5.0,105,ok,24,1836,511,254,4846,6542,1570,0.7365119457244873,"{""ecr"": 4846, ""rz"": 15994, ""sx"": 8391, ""x"": 1078}"
0012_sparse_grid_518,sparse_grid,3,penalty_row_xy,3,5.0,106,ok,24,1836,511,254,4972,6975,1684,0.9663686752319336,"{""ecr"": 4972, ""rz"": 16364, ""sx"": 8655, ""x"": 1033}"
0012_sparse_grid_518,sparse_grid,3,penalty_row_xy,3,5.0,107,ok,24,1836,511,254,4989,5872,1431,0.7149097919464111,"{""ecr"": 4989, ""rz"": 16523, ""sx"": 8724, ""x"": 978}"
0012_sparse_grid_518,sparse_grid,3,penalty_row_xy,3,5.0,108,ok,24,1836,511,254,4945,6642,1601,0.6611006259918213,"{""ecr"": 4945, ""rz"": 16517, ""sx"": 8782, ""x"": 987}"
0012_sparse_grid_518,sparse_grid,3,penalty_row_xy,3,5.0,109,ok,24,1836,511,254,5005,6586,1627,0.8113205432891846,"{""ecr"": 5005, ""rz"": 16359, ""sx"": 8472, ""x"": 1165}"
0012_sparse_grid_518,sparse_grid,3,penalty_row_xy,3,5.0,110,ok,24,1836,511,254,4934,6416,1540,0.9540450572967529,"{""ecr"": 4934, ""rz"": 16267, ""sx"": 8610, ""x"": 1028}"
0012_sparse_grid_518,sparse_grid,3,penalty_row_xy,3,5.0,111,ok,24,1836,511,254,5031,7044,1682,0.7287521362304688,"{""ecr"": 5031, ""rz"": 16582, ""sx"": 8740, ""x"": 1105}"
0012_sparse_grid_518,sparse_grid,3,penalty_row_xy,3,5.0,112,ok,24,1836,511,254,4962,6767,1672,0.6662018299102783,"{""ecr"": 4962, ""rz"": 16235, ""sx"": 8482, ""x"": 1103}"
0012_sparse_grid_518,sparse_grid,3,penalty_row_xy,3,5.0,113,ok,24,1836,511,254,4993,7412,1822,0.7974555492401123,"{""ecr"": 4993, ""rz"": 16212, ""sx"": 8477, ""x"": 1112}"
0012_sparse_grid_518,sparse_grid,3,penalty_row_xy,3,5.0,114,ok,24,1836,511,254,5002,7438,1781,0.6638529300689697,"{""ecr"": 5002, ""rz"": 16542, ""sx"": 8712, ""x"": 1048}"
0012_sparse_grid_518,sparse_grid,3,penalty_row_xy,3,5.0,115,ok,24,1836,511,254,4950,5977,1463,0.7211699485778809,"{""ecr"": 4950, ""rz"": 16238, ""sx"": 8540, ""x"": 1076}"
0012_sparse_grid_518,sparse_grid,3,penalty_row_xy,3,5.0,116,ok,24,1836,511,254,5023,6475,1585,1.0105996131896973,"{""ecr"": 5023, ""rz"": 16468, ""sx"": 8763, ""x"": 937}"
0012_sparse_grid_518,sparse_grid,3,penalty_row_xy,3,5.0,117,ok,24,1836,511,254,5040,7398,1768,0.7779572010040283,"{""ecr"": 5040, ""rz"": 16629, ""sx"": 8872, ""x"": 1034}"
0012_sparse_grid_518,sparse_grid,3,penalty_row_xy,3,5.0,118,ok,24,1836,511,254,4974,6388,1563,0.644585132598877,"{""ecr"": 4974, ""rz"": 16282, ""sx"": 8684, ""x"": 1000}"
0012_sparse_grid_518,sparse_grid,3,penalty_row_xy,3,5.0,119,ok,24,1836,511,254,4998,7290,1753,0.7586805820465088,"{""ecr"": 4998, ""rz"": 16497, ""sx"": 8836, ""x"": 944}"
0012_sparse_grid_518,sparse_grid,3,penalty_row_xy,3,5.0,120,ok,24,1836,511,254,4954,6354,1536,0.8657596111297607,"{""ecr"": 4954, ""rz"": 16249, ""sx"": 8617, ""x"": 1005}"
0013_dense_grid_519,dense_grid,6,token_line_rotating,3,,101,ok,19,1995,2786,1746,6667,16953,4428,1.273399829864502,"{""ecr"": 6667, ""rz"": 19584, ""sx"": 10941, ""x"": 1186}"
0013_dense_grid_519,dense_grid,6,token_line_rotating,3,,102,ok,19,1995,2786,1746,6662,16643,4353,1.4441094398498535,"{""ecr"": 6662, ""rz"": 19439, ""sx"": 11019, ""x"": 1186}"
0013_dense_grid_519,dense_grid,6,token_line_rotating,3,,103,ok,19,1995,2786,1746,6781,17034,4443,1.0958478450775146,"{""ecr"": 6781, ""rz"": 19872, ""sx"": 11188, ""x"": 1118}"
0013_dense_grid_519,dense_grid,6,token_line_rotating,3,,104,ok,19,1995,2786,1746,6627,17001,4421,0.9290323257446289,"{""ecr"": 6627, ""rz"": 19557, ""sx"": 11154, ""x"": 1148}"
0013_dense_grid_519,dense_grid,6,token_line_rotating,3,,105,ok,19,1995,2786,1746,6787,16998,4450,0.865466833114624,"{""ecr"": 6787, ""rz"": 19898, ""sx"": 11028, ""x"": 1174}"
0013_dense_grid_519,dense_grid,6,token_line_rotating,3,,106,ok,19,1995,2786,1746,6708,17518,4580,1.5947859287261963,"{""ecr"": 6708, ""rz"": 19558, ""sx"": 11175, ""x"": 1053}"
0013_dense_grid_519,dense_grid,6,token_line_rotating,3,,107,ok,19,1995,2786,1746,6623,16741,4368,1.1575531959533691,"{""ecr"": 6623, ""rz"": 19487, ""sx"": 10919, ""x"": 1110}"
0013_dense_grid_519,dense_grid,6,token_line_rotating,3,,108,ok,19,1995,2786,1746,6668,16670,4367,1.2597966194152832,"{""ecr"": 6668, ""rz"": 19543, ""sx"": 10907, ""x"": 1187}"
0013_dense_grid_519,dense_grid,6,token_line_rotating,3,,109,ok,19,1995,2786,1746,6639,17035,4449,1.2550578117370605,"{""ecr"": 6639, ""rz"": 19504, ""sx"": 11060, ""x"": 1065}"
0013_dense_grid_519,dense_grid,6,token_line_rotating,3,,110,ok,19,1995,2786,1746,6781,17216,4523,1.1337156295776367,"{""ecr"": 6781, ""rz"": 19841, ""sx"": 10925, ""x"": 1269}"
0013_dense_grid_519,dense_grid,6,token_line_rotating,3,,111,ok,19,1995,2786,1746,6662,16915,4415,1.116182565689087,"{""ecr"": 6662, ""rz"": 19380, ""sx"": 10833, ""x"": 1251}"
0013_dense_grid_519,dense_grid,6,token_line_rotating,3,,112,ok,19,1995,2786,1746,6642,16555,4347,1.5314984321594238,"{""ecr"": 6642, ""rz"": 19591, ""sx"": 10891, ""x"": 1136}"
0013_dense_grid_519,dense_grid,6,token_line_rotating,3,,113,ok,19,1995,2786,1746,6768,17005,4451,1.6077237129211426,"{""ecr"": 6768, ""rz"": 19804, ""sx"": 11052, ""x"": 1216}"
0013_dense_grid_519,dense_grid,6,token_line_rotating,3,,114,ok,19,1995,2786,1746,6710,17119,4476,1.4352293014526367,"{""ecr"": 6710, ""rz"": 19735, ""sx"": 11022, ""x"": 1192}"
0013_dense_grid_519,dense_grid,6,token_line_rotating,3,,115,ok,19,1995,2786,1746,6688,16649,4345,1.3476049900054932,"{""ecr"": 6688, ""rz"": 19567, ""sx"": 11055, ""x"": 1098}"
0013_dense_grid_519,dense_grid,6,token_line_rotating,3,,116,ok,19,1995,2786,1746,6716,16898,4416,1.5531301498413086,"{""ecr"": 6716, ""rz"": 19707, ""sx"": 11028, ""x"": 1119}"
0013_dense_grid_519,dense_grid,6,token_line_rotating,3,,117,ok,19,1995,2786,1746,6675,16829,4426,1.0922441482543945,"{""ecr"": 6675, ""rz"": 19375, ""sx"": 10883, ""x"": 1167}"
0013_dense_grid_519,dense_grid,6,token_line_rotating,3,,118,ok,19,1995,2786,1746,6646,17065,4475,1.3931405544281006,"{""ecr"": 6646, ""rz"": 19367, ""sx"": 10816, ""x"": 1224}"
0013_dense_grid_519,dense_grid,6,token_line_rotating,3,,119,ok,19,1995,2786,1746,6625,16806,4390,1.2702314853668213,"{""ecr"": 6625, ""rz"": 19385, ""sx"": 10761, ""x"": 1236}"
0013_dense_grid_519,dense_grid,6,token_line_rotating,3,,120,ok,19,1995,2786,1746,6735,16755,4402,1.1826541423797607,"{""ecr"": 6735, ""rz"": 19798, ""sx"": 10928, ""x"": 1224}"
0013_dense_grid_519,dense_grid,6,penalty_row_xy,3,5.0,101,ok,24,2376,628,332,6818,8496,2088,1.1913914680480957,"{""ecr"": 6818, ""rz"": 22253, ""sx"": 11578, ""x"": 1429}"
0013_dense_grid_519,dense_grid,6,penalty_row_xy,3,5.0,102,ok,24,2376,628,332,6781,8327,2072,1.1474645137786865,"{""ecr"": 6781, ""rz"": 22087, ""sx"": 11569, ""x"": 1401}"
0013_dense_grid_519,dense_grid,6,penalty_row_xy,3,5.0,103,ok,24,2376,628,332,6823,8104,1991,0.9158618450164795,"{""ecr"": 6823, ""rz"": 22252, ""sx"": 11690, ""x"": 1345}"
0013_dense_grid_519,dense_grid,6,penalty_row_xy,3,5.0,104,ok,24,2376,628,332,6815,8327,2048,1.2538244724273682,"{""ecr"": 6815, ""rz"": 22189, ""sx"": 11549, ""x"": 1422}"
0013_dense_grid_519,dense_grid,6,penalty_row_xy,3,5.0,105,ok,24,2376,628,332,6652,7869,1937,0.9968752861022949,"{""ecr"": 6652, ""rz"": 21614, ""sx"": 11216, ""x"": 1392}"
0013_dense_grid_519,dense_grid,6,penalty_row_xy,3,5.0,106,ok,24,2376,628,332,6868,9190,2275,1.0709242820739746,"{""ecr"": 6868, ""rz"": 22341, ""sx"": 11700, ""x"": 1418}"
0013_dense_grid_519,dense_grid,6,penalty_row_xy,3,5.0,107,ok,24,2376,628,332,6745,8880,2172,1.1480498313903809,"{""ecr"": 6745, ""rz"": 22060, ""sx"": 11583, ""x"": 1358}"
0013_dense_grid_519,dense_grid,6,penalty_row_xy,3,5.0,108,ok,24,2376,628,332,6864,9858,2414,1.056152105331421,"{""ecr"": 6864, ""rz"": 22415, ""sx"": 11695, ""x"": 1462}"
0013_dense_grid_519,dense_grid,6,penalty_row_xy,3,5.0,109,ok,24,2376,628,332,6841,8739,2172,1.1896812915802002,"{""ecr"": 6841, ""rz"": 22229, ""sx"": 11647, ""x"": 1378}"
0013_dense_grid_519,dense_grid,6,penalty_row_xy,3,5.0,110,ok,24,2376,628,332,6818,8613,2139,1.1055715084075928,"{""ecr"": 6818, ""rz"": 22118, ""sx"": 11606, ""x"": 1404}"
0013_dense_grid_519,dense_grid,6,penalty_row_xy,3,5.0,111,ok,24,2376,628,332,6844,9129,2243,1.1153597831726074,"{""ecr"": 6844, ""rz"": 22345, ""sx"": 11685, ""x"": 1441}"
0013_dense_grid_519,dense_grid,6,penalty_row_xy,3,5.0,112,ok,24,2376,628,332,6875,8268,2024,1.0027453899383545,"{""ecr"": 6875, ""rz"": 22415, ""sx"": 11536, ""x"": 1561}"
0013_dense_grid_519,dense_grid,6,penalty_row_xy,3,5.0,113,ok,24,2376,628,332,6825,8661,2129,0.9121286869049072,"{""ecr"": 6825, ""rz"": 22199, ""sx"": 11610, ""x"": 1404}"
0013_dense_grid_519,dense_grid,6,penalty_row_xy,3,5.0,114,ok,24,2376,628,332,6742,9210,2293,1.1593306064605713,"{""ecr"": 6742, ""rz"": 21877, ""sx"": 11424, ""x"": 1452}"
0013_dense_grid_519,dense_grid,6,penalty_row_xy,3,5.0,115,ok,24,2376,628,332,6904,8581,2133,1.293776273727417,"{""ecr"": 6904, ""rz"": 22500, ""sx"": 11704, ""x"": 1442}"
0013_dense_grid_519,dense_grid,6,penalty_row_xy,3,5.0,116,ok,24,2376,628,332,6772,8050,1978,1.0512299537658691,"{""ecr"": 6772, ""rz"": 22120, ""sx"": 11572, ""x"": 1413}"
0013_dense_grid_519,dense_grid,6,penalty_row_xy,3,5.0,117,ok,24,2376,628,332,6839,8131,2023,1.0789670944213867,"{""ecr"": 6839, ""rz"": 22129, ""sx"": 11588, ""x"": 1437}"
0013_dense_grid_519,dense_grid,6,penalty_row_xy,3,5.0,118,ok,24,2376,628,332,6827,9123,2245,1.209237813949585,"{""ecr"": 6827, ""rz"": 22187, ""sx"": 11658, ""x"": 1416}"
0013_dense_grid_519,dense_grid,6,penalty_row_xy,3,5.0,119,ok,24,2376,628,332,6949,8447,2069,1.2671902179718018,"{""ecr"": 6949, ""rz"": 22601, ""sx"": 11753, ""x"": 1511}"
0013_dense_grid_519,dense_grid,6,penalty_row_xy,3,5.0,120,ok,24,2376,628,332,6859,9352,2326,1.203444242477417,"{""ecr"": 6859, ""rz"": 22307, ""sx"": 11538, ""x"": 1564}"
0015_dense_grid_line_521,dense_grid_line,4,token_line_rotating,3,,101,ok,19,1359,1922,1155,4190,10480,2724,1.2480297088623047,"{""ecr"": 4190, ""rz"": 12356, ""sx"": 7108, ""x"": 717}"
0015_dense_grid_line_521,dense_grid_line,4,token_line_rotating,3,,102,ok,19,1359,1922,1155,4237,11040,2863,0.6265609264373779,"{""ecr"": 4237, ""rz"": 12461, ""sx"": 7057, ""x"": 751}"
0015_dense_grid_line_521,dense_grid_line,4,token_line_rotating,3,,103,ok,19,1359,1922,1155,4095,10586,2749,0.8010644912719727,"{""ecr"": 4095, ""rz"": 12071, ""sx"": 6835, ""x"": 744}"
0015_dense_grid_line_521,dense_grid_line,4,token_line_rotating,3,,104,ok,19,1359,1922,1155,4302,10920,2848,0.8293600082397461,"{""ecr"": 4302, ""rz"": 12706, ""sx"": 7254, ""x"": 711}"
0015_dense_grid_line_521,dense_grid_line,4,token_line_rotating,3,,105,ok,19,1359,1922,1155,4234,10930,2850,0.6927645206451416,"{""ecr"": 4234, ""rz"": 12511, ""sx"": 7004, ""x"": 741}"
0015_dense_grid_line_521,dense_grid_line,4,token_line_rotating,3,,106,ok,19,1359,1922,1155,4248,10724,2785,0.9189326763153076,"{""ecr"": 4248, ""rz"": 12386, ""sx"": 7049, ""x"": 804}"
0015_dense_grid_line_521,dense_grid_line,4,token_line_rotating,3,,107,ok,19,1359,1922,1155,4282,10747,2806,0.5772988796234131,"{""ecr"": 4282, ""rz"": 12548, ""sx"": 7017, ""x"": 831}"
0015_dense_grid_line_521,dense_grid_line,4,token_line_rotating,3,,108,ok,19,1359,1922,1155,4210,10902,2815,1.1062231063842773,"{""ecr"": 4210, ""rz"": 12493, ""sx"": 7160, ""x"": 694}"
0015_dense_grid_line_521,dense_grid_line,4,token_line_rotating,3,,109,ok,19,1359,1922,1155,4321,11016,2851,0.9264316558837891,"{""ecr"": 4321, ""rz"": 12800, ""sx"": 7225, ""x"": 724}"
0015_dense_grid_line_521,dense_grid_line,4,token_line_rotating,3,,110,ok,19,1359,1922,1155,4243,10798,2811,0.9166855812072754,"{""ecr"": 4243, ""rz"": 12432, ""sx"": 7039, ""x"": 759}"
0015_dense_grid_line_521,dense_grid_line,4,token_line_rotating,3,,111,ok,19,1359,1922,1155,4218,10579,2745,0.6422736644744873,"{""ecr"": 4218, ""rz"": 12410, ""sx"": 7099, ""x"": 724}"
0015_dense_grid_line_521,dense_grid_line,4,token_line_rotating,3,,112,ok,19,1359,1922,1155,4315,10806,2810,0.9390954971313477,"{""ecr"": 4315, ""rz"": 12648, ""sx"": 7184, ""x"": 801}"
0015_dense_grid_line_521,dense_grid_line,4,token_line_rotating,3,,113,ok,19,1359,1922,1155,4197,10783,2793,0.9531471729278564,"{""ecr"": 4197, ""rz"": 12372, ""sx"": 7023, ""x"": 737}"
0015_dense_grid_line_521,dense_grid_line,4,token_line_rotating,3,,114,ok,19,1359,1922,1155,4272,10626,2745,0.736553430557251,"{""ecr"": 4272, ""rz"": 12600, ""sx"": 7168, ""x"": 680}"
0015_dense_grid_line_521,dense_grid_line,4,token_line_rotating,3,,115,ok,19,1359,1922,1155,4231,10558,2742,0.8214428424835205,"{""ecr"": 4231, ""rz"": 12419, ""sx"": 7102, ""x"": 796}"
0015_dense_grid_line_521,dense_grid_line,4,token_line_rotating,3,,116,ok,19,1359,1922,1155,4227,10956,2825,0.7086973190307617,"{""ecr"": 4227, ""rz"": 12432, ""sx"": 7101, ""x"": 699}"
0015_dense_grid_line_521,dense_grid_line,4,token_line_rotating,3,,117,ok,19,1359,1922,1155,4273,10983,2834,0.9318914413452148,"{""ecr"": 4273, ""rz"": 12596, ""sx"": 7282, ""x"": 696}"
0015_dense_grid_line_521,dense_grid_line,4,token_line_rotating,3,,118,ok,19,1359,1922,1155,4275,10726,2770,0.6773636341094971,"{""ecr"": 4275, ""rz"": 12718, ""sx"": 7228, ""x"": 746}"
0015_dense_grid_line_521,dense_grid_line,4,token_line_rotating,3,,119,ok,19,1359,1922,1155,4228,10826,2819,0.7883293628692627,"{""ecr"": 4228, ""rz"": 12369, ""sx"": 6995, ""x"": 763}"
0015_dense_grid_line_521,dense_grid_line,4,token_line_rotating,3,,120,ok,19,1359,1922,1155,4266,10735,2779,0.6667087078094482,"{""ecr"": 4266, ""rz"": 12624, ""sx"": 7118, ""x"": 778}"
0015_dense_grid_line_521,dense_grid_line,4,penalty_row_xy,3,5.0,101,ok,24,2016,535,270,5604,7062,1737,0.8688740730285645,"{""ecr"": 5604, ""rz"": 18368, ""sx"": 9622, ""x"": 1185}"
0015_dense_grid_line_521,dense_grid_line,4,penalty_row_xy,3,5.0,102,ok,24,2016,535,270,5531,6293,1557,0.9990217685699463,"{""ecr"": 5531, ""rz"": 18176, ""sx"": 9505, ""x"": 1200}"
0015_dense_grid_line_521,dense_grid_line,4,penalty_row_xy,3,5.0,103,ok,24,2016,535,270,5459,6557,1596,1.0269927978515625,"{""ecr"": 5459, ""rz"": 18083, ""sx"": 9554, ""x"": 1101}"
0015_dense_grid_line_521,dense_grid_line,4,penalty_row_xy,3,5.0,104,ok,24,2016,535,270,5480,6518,1571,0.9621350765228271,"{""ecr"": 5480, ""rz"": 18151, ""sx"": 9547, ""x"": 1116}"
0015_dense_grid_line_521,dense_grid_line,4,penalty_row_xy,3,5.0,105,ok,24,2016,535,270,5419,6164,1498,0.8802046775817871,"{""ecr"": 5419, ""rz"": 17817, ""sx"": 9447, ""x"": 1053}"
0015_dense_grid_line_521,dense_grid_line,4,penalty_row_xy,3,5.0,106,ok,24,2016,535,270,5530,6860,1673,0.7631707191467285,"{""ecr"": 5530, ""rz"": 18264, ""sx"": 9537, ""x"": 1180}"
0015_dense_grid_line_521,dense_grid_line,4,penalty_row_xy,3,5.0,107,ok,24,2016,535,270,5387,7089,1730,1.060502529144287,"{""ecr"": 5387, ""rz"": 17831, ""sx"": 9402, ""x"": 1101}"
0015_dense_grid_line_521,dense_grid_line,4,penalty_row_xy,3,5.0,108,ok,24,2016,535,270,5534,7123,1751,0.7421529293060303,"{""ecr"": 5534, ""rz"": 18175, ""sx"": 9569, ""x"": 1128}"
0015_dense_grid_line_521,dense_grid_line,4,penalty_row_xy,3,5.0,109,ok,24,2016,535,270,5347,6706,1642,0.9163074493408203,"{""ecr"": 5347, ""rz"": 17676, ""sx"": 9310, ""x"": 1111}"
0015_dense_grid_line_521,dense_grid_line,4,penalty_row_xy,3,5.0,110,ok,24,2016,535,270,5411,5753,1401,0.8706586360931396,"{""ecr"": 5411, ""rz"": 17803, ""sx"": 9345, ""x"": 1132}"
0015_dense_grid_line_521,dense_grid_line,4,penalty_row_xy,3,5.0,111,ok,24,2016,535,270,5486,6228,1506,0.7208080291748047,"{""ecr"": 5486, ""rz"": 18250, ""sx"": 9642, ""x"": 1125}"
0015_dense_grid_line_521,dense_grid_line,4,penalty_row_xy,3,5.0,112,ok,24,2016,535,270,5540,6610,1616,0.7341160774230957,"{""ecr"": 5540, ""rz"": 18289, ""sx"": 9670, ""x"": 1132}"
0015_dense_grid_line_521,dense_grid_line,4,penalty_row_xy,3,5.0,113,ok,24,2016,535,270,5450,6669,1604,1.1726551055908203,"{""ecr"": 5450, ""rz"": 17998, ""sx"": 9464, ""x"": 1132}"
0015_dense_grid_line_521,dense_grid_line,4,penalty_row_xy,3,5.0,114,ok,24,2016,535,270,5454,6647,1639,0.8158888816833496,"{""ecr"": 5454, ""rz"": 17997, ""sx"": 9433, ""x"": 1146}"
0015_dense_grid_line_521,dense_grid_line,4,penalty_row_xy,3,5.0,115,ok,24,2016,535,270,5377,6467,1577,0.706737756729126,"{""ecr"": 5377, ""rz"": 17749, ""sx"": 9335, ""x"": 1125}"
0015_dense_grid_line_521,dense_grid_line,4,penalty_row_xy,3,5.0,116,ok,24,2016,535,270,5505,6962,1710,0.8746392726898193,"{""ecr"": 5505, ""rz"": 18026, ""sx"": 9436, ""x"": 1172}"
0015_dense_grid_line_521,dense_grid_line,4,penalty_row_xy,3,5.0,117,ok,24,2016,535,270,5489,6503,1572,1.2776234149932861,"{""ecr"": 5489, ""rz"": 18158, ""sx"": 9552, ""x"": 1145}"
0015_dense_grid_line_521,dense_grid_line,4,penalty_row_xy,3,5.0,118,ok,24,2016,535,270,5331,6541,1564,1.8416855335235596,"{""ecr"": 5331, ""rz"": 17811, ""sx"": 9396, ""x"": 1066}"
0015_dense_grid_line_521,dense_grid_line,4,penalty_row_xy,3,5.0,119,ok,24,2016,535,270,5528,7642,1884,2.1990373134613037,"{""ecr"": 5528, ""rz"": 18139, ""sx"": 9625, ""x"": 1076}"
0015_dense_grid_line_521,dense_grid_line,4,penalty_row_xy,3,5.0,120,ok,24,2016,535,270,5482,6708,1637,1.1612255573272705,"{""ecr"": 5482, ""rz"": 17985, ""sx"": 9454, ""x"": 1103}"
0017_dense_grid_lshape_523,dense_grid_lshape,5,token_line_rotating,3,,101,ok,19,1665,2272,1413,5327,13886,3620,1.5186171531677246,"{""ecr"": 5327, ""rz"": 15561, ""sx"": 8824, ""x"": 930}"
0017_dense_grid_lshape_523,dense_grid_lshape,5,token_line_rotating,3,,102,ok,19,1665,2272,1413,5307,13250,3451,1.2552423477172852,"{""ecr"": 5307, ""rz"": 15578, ""sx"": 8865, ""x"": 884}"
0017_dense_grid_lshape_523,dense_grid_lshape,5,token_line_rotating,3,,103,ok,19,1665,2272,1413,5263,13832,3609,1.6877501010894775,"{""ecr"": 5263, ""rz"": 15447, ""sx"": 8581, ""x"": 963}"
0017_dense_grid_lshape_523,dense_grid_lshape,5,token_line_rotating,3,,104,ok,19,1665,2272,1413,5394,13580,3532,0.7562017440795898,"{""ecr"": 5394, ""rz"": 15675, ""sx"": 8885, ""x"": 956}"
0017_dense_grid_lshape_523,dense_grid_lshape,5,token_line_rotating,3,,105,ok,19,1665,2272,1413,5272,13399,3516,0.6950631141662598,"{""ecr"": 5272, ""rz"": 15334, ""sx"": 8480, ""x"": 1057}"
0017_dense_grid_lshape_523,dense_grid_lshape,5,token_line_rotating,3,,106,ok,19,1665,2272,1413,5338,13555,3546,0.7732024192810059,"{""ecr"": 5338, ""rz"": 15692, ""sx"": 8762, ""x"": 913}"
0017_dense_grid_lshape_523,dense_grid_lshape,5,token_line_rotating,3,,107,ok,19,1665,2272,1413,5303,13412,3489,0.8993370532989502,"{""ecr"": 5303, ""rz"": 15457, ""sx"": 8750, ""x"": 963}"
0017_dense_grid_lshape_523,dense_grid_lshape,5,token_line_rotating,3,,108,ok,19,1665,2272,1413,5198,13349,3487,1.116166591644287,"{""ecr"": 5198, ""rz"": 15108, ""sx"": 8628, ""x"": 918}"
0017_dense_grid_lshape_523,dense_grid_lshape,5,token_line_rotating,3,,109,ok,19,1665,2272,1413,5313,13166,3428,1.0605792999267578,"{""ecr"": 5313, ""rz"": 15527, ""sx"": 8737, ""x"": 966}"
0017_dense_grid_lshape_523,dense_grid_lshape,5,token_line_rotating,3,,110,ok,19,1665,2272,1413,5314,13359,3491,1.0626347064971924,"{""ecr"": 5314, ""rz"": 15565, ""sx"": 8713, ""x"": 988}"
0017_dense_grid_lshape_523,dense_grid_lshape,5,token_line_rotating,3,,111,ok,19,1665,2272,1413,5222,13335,3472,0.9602234363555908,"{""ecr"": 5222, ""rz"": 15488, ""sx"": 8620, ""x"": 892}"
0017_dense_grid_lshape_523,dense_grid_lshape,5,token_line_rotating,3,,112,ok,19,1665,2272,1413,5235,13898,3619,0.8978064060211182,"{""ecr"": 5235, ""rz"": 15440, ""sx"": 8595, ""x"": 936}"
0017_dense_grid_lshape_523,dense_grid_lshape,5,token_line_rotating,3,,113,ok,19,1665,2272,1413,5375,13858,3615,0.8708853721618652,"{""ecr"": 5375, ""rz"": 15681, ""sx"": 8858, ""x"": 963}"
0017_dense_grid_lshape_523,dense_grid_lshape,5,token_line_rotating,3,,114,ok,19,1665,2272,1413,5214,13238,3454,1.0169508457183838,"{""ecr"": 5214, ""rz"": 15177, ""sx"": 8479, ""x"": 997}"
0017_dense_grid_lshape_523,dense_grid_lshape,5,token_line_rotating,3,,115,ok,19,1665,2272,1413,5126,13311,3457,0.8657889366149902,"{""ecr"": 5126, ""rz"": 15065, ""sx"": 8519, ""x"": 890}"
0017_dense_grid_lshape_523,dense_grid_lshape,5,token_line_rotating,3,,116,ok,19,1665,2272,1413,5190,13094,3401,1.2788751125335693,"{""ecr"": 5190, ""rz"": 15156, ""sx"": 8568, ""x"": 960}"
0017_dense_grid_lshape_523,dense_grid_lshape,5,token_line_rotating,3,,117,ok,19,1665,2272,1413,5235,13371,3504,1.2599687576293945,"{""ecr"": 5235, ""rz"": 15263, ""sx"": 8405, ""x"": 994}"
0017_dense_grid_lshape_523,dense_grid_lshape,5,token_line_rotating,3,,118,ok,19,1665,2272,1413,5308,13552,3536,1.3424408435821533,"{""ecr"": 5308, ""rz"": 15573, ""sx"": 8486, ""x"": 1089}"
0017_dense_grid_lshape_523,dense_grid_lshape,5,token_line_rotating,3,,119,ok,19,1665,2272,1413,5300,13579,3544,1.127511739730835,"{""ecr"": 5300, ""rz"": 15549, ""sx"": 8629, ""x"": 958}"
0017_dense_grid_lshape_523,dense_grid_lshape,5,token_line_rotating,3,,120,ok,19,1665,2272,1413,5305,13572,3530,0.8172602653503418,"{""ecr"": 5305, ""rz"": 15481, ""sx"": 8783, ""x"": 936}"
0017_dense_grid_lshape_523,dense_grid_lshape,5,penalty_row_xy,3,5.0,101,ok,24,2196,610,320,6218,7668,1880,1.0170536041259766,"{""ecr"": 6218, ""rz"": 20215, ""sx"": 10732, ""x"": 1225}"
0017_dense_grid_lshape_523,dense_grid_lshape,5,penalty_row_xy,3,5.0,102,ok,24,2196,610,320,6321,8398,2076,1.189023494720459,"{""ecr"": 6321, ""rz"": 20592, ""sx"": 10870, ""x"": 1271}"
0017_dense_grid_lshape_523,dense_grid_lshape,5,penalty_row_xy,3,5.0,103,ok,24,2196,610,320,6249,8587,2109,1.0273003578186035,"{""ecr"": 6249, ""rz"": 20447, ""sx"": 10764, ""x"": 1286}"
0017_dense_grid_lshape_523,dense_grid_lshape,5,penalty_row_xy,3,5.0,104,ok,24,2196,610,320,6285,7953,1973,1.4496910572052002,"{""ecr"": 6285, ""rz"": 20436, ""sx"": 10730, ""x"": 1301}"
0017_dense_grid_lshape_523,dense_grid_lshape,5,penalty_row_xy,3,5.0,105,ok,24,2196,610,320,6256,8818,2152,1.7672858238220215,"{""ecr"": 6256, ""rz"": 20481, ""sx"": 10717, ""x"": 1316}"
0017_dense_grid_lshape_523,dense_grid_lshape,5,penalty_row_xy,3,5.0,106,ok,24,2196,610,320,6381,7390,1851,2.139507532119751,"{""ecr"": 6381, ""rz"": 20874, ""sx"": 10929, ""x"": 1370}"
0017_dense_grid_lshape_523,dense_grid_lshape,5,penalty_row_xy,3,5.0,107,ok,24,2196,610,320,6360,8689,2140,0.8142707347869873,"{""ecr"": 6360, ""rz"": 20736, ""sx"": 10871, ""x"": 1351}"
0017_dense_grid_lshape_523,dense_grid_lshape,5,penalty_row_xy,3,5.0,108,ok,24,2196,610,320,6239,8198,2000,0.9669151306152344,"{""ecr"": 6239, ""rz"": 20413, ""sx"": 10734, ""x"": 1295}"
0017_dense_grid_lshape_523,dense_grid_lshape,5,penalty_row_xy,3,5.0,109,ok,24,2196,610,320,6292,7306,1783,0.9566085338592529,"{""ecr"": 6292, ""rz"": 20429, ""sx"": 10774, ""x"": 1311}"
0017_dense_grid_lshape_523,dense_grid_lshape,5,penalty_row_xy,3,5.0,110,ok,24,2196,610,320,6289,7527,1868,1.2475006580352783,"{""ecr"": 6289, ""rz"": 20512, ""sx"": 10865, ""x"": 1221}"
0017_dense_grid_lshape_523,dense_grid_lshape,5,penalty_row_xy,3,5.0,111,ok,24,2196,610,320,6335,8054,1991,0.9852054119110107,"{""ecr"": 6335, ""rz"": 20609, ""sx"": 10810, ""x"": 1280}"
0017_dense_grid_lshape_523,dense_grid_lshape,5,penalty_row_xy,3,5.0,112,ok,24,2196,610,320,6273,8063,1992,1.0970642566680908,"{""ecr"": 6273, ""rz"": 20412, ""sx"": 10747, ""x"": 1188}"
0017_dense_grid_lshape_523,dense_grid_lshape,5,penalty_row_xy,3,5.0,113,ok,24,2196,610,320,6285,7779,1902,1.2041006088256836,"{""ecr"": 6285, ""rz"": 20541, ""sx"": 10816, ""x"": 1305}"
0017_dense_grid_lshape_523,dense_grid_lshape,5,penalty_row_xy,3,5.0,114,ok,24,2196,610,320,6306,8525,2095,1.1224379539489746,"{""ecr"": 6306, ""rz"": 20452, ""sx"": 10758, ""x"": 1305}"
0017_dense_grid_lshape_523,dense_grid_lshape,5,penalty_row_xy,3,5.0,115,ok,24,2196,610,320,6245,7904,1949,1.096238613128662,"{""ecr"": 6245, ""rz"": 20430, ""sx"": 10753, ""x"": 1283}"
0017_dense_grid_lshape_523,dense_grid_lshape,5,penalty_row_xy,3,5.0,116,ok,24,2196,610,320,6237,8448,2043,1.0674195289611816,"{""ecr"": 6237, ""rz"": 20370, ""sx"": 10754, ""x"": 1260}"
0017_dense_grid_lshape_523,dense_grid_lshape,5,penalty_row_xy,3,5.0,117,ok,24,2196,610,320,6358,8975,2190,1.4377715587615967,"{""ecr"": 6358, ""rz"": 20891, ""sx"": 10904, ""x"": 1281}"
0017_dense_grid_lshape_523,dense_grid_lshape,5,penalty_row_xy,3,5.0,118,ok,24,2196,610,320,6234,7384,1822,1.1247477531433105,"{""ecr"": 6234, ""rz"": 20376, ""sx"": 10790, ""x"": 1190}"
0017_dense_grid_lshape_523,dense_grid_lshape,5,penalty_row_xy,3,5.0,119,ok,24,2196,610,320,6259,8327,2051,1.2232096195220947,"{""ecr"": 6259, ""rz"": 20452, ""sx"": 10597, ""x"": 1379}"
0017_dense_grid_lshape_523,dense_grid_lshape,5,penalty_row_xy,3,5.0,120,ok,24,2196,610,320,6335,8743,2168,1.331268072128296,"{""ecr"": 6335, ""rz"": 20770, ""sx"": 10896, ""x"": 1323}"
0018_sparse_grid_526,sparse_grid,3,token_line_rotating,3,,101,ok,19,1245,1506,896,3519,8808,2267,1.0892667770385742,"{""ecr"": 3519, ""rz"": 10520, ""sx"": 6011, ""x"": 653}"
0018_sparse_grid_526,sparse_grid,3,token_line_rotating,3,,102,ok,19,1245,1506,896,3527,8285,2143,0.5445642471313477,"{""ecr"": 3527, ""rz"": 10492, ""sx"": 5980, ""x"": 672}"
0018_sparse_grid_526,sparse_grid,3,token_line_rotating,3,,103,ok,19,1245,1506,896,3533,8597,2212,0.7992660999298096,"{""ecr"": 3533, ""rz"": 10447, ""sx"": 6018, ""x"": 661}"
0018_sparse_grid_526,sparse_grid,3,token_line_rotating,3,,104,ok,19,1245,1506,896,3591,8782,2260,1.025191307067871,"{""ecr"": 3591, ""rz"": 10606, ""sx"": 6111, ""x"": 541}"
0018_sparse_grid_526,sparse_grid,3,token_line_rotating,3,,105,ok,19,1245,1506,896,3542,8738,2273,0.7058305740356445,"{""ecr"": 3542, ""rz"": 10390, ""sx"": 5942, ""x"": 664}"
0018_sparse_grid_526,sparse_grid,3,token_line_rotating,3,,106,ok,19,1245,1506,896,3603,8960,2323,0.7429568767547607,"{""ecr"": 3603, ""rz"": 10658, ""sx"": 6178, ""x"": 592}"
0018_sparse_grid_526,sparse_grid,3,token_line_rotating,3,,107,ok,19,1245,1506,896,3553,8132,2107,0.8289942741394043,"{""ecr"": 3553, ""rz"": 10498, ""sx"": 6008, ""x"": 639}"
0018_sparse_grid_526,sparse_grid,3,token_line_rotating,3,,108,ok,19,1245,1506,896,3472,8862,2287,0.6728768348693848,"{""ecr"": 3472, ""rz"": 10374, ""sx"": 5943, ""x"": 594}"
0018_sparse_grid_526,sparse_grid,3,token_line_rotating,3,,109,ok,19,1245,1506,896,3363,8275,2167,0.5600271224975586,"{""ecr"": 3363, ""rz"": 9913, ""sx"": 5632, ""x"": 613}"
0018_sparse_grid_526,sparse_grid,3,token_line_rotating,3,,110,ok,19,1245,1506,896,3580,8890,2298,0.9518930912017822,"{""ecr"": 3580, ""rz"": 10554, ""sx"": 6028, ""x"": 639}"
0018_sparse_grid_526,sparse_grid,3,token_line_rotating,3,,111,ok,19,1245,1506,896,3521,8465,2177,0.5317533016204834,"{""ecr"": 3521, ""rz"": 10494, ""sx"": 5977, ""x"": 650}"
0018_sparse_grid_526,sparse_grid,3,token_line_rotating,3,,112,ok,19,1245,1506,896,3582,8341,2155,0.6888728141784668,"{""ecr"": 3582, ""rz"": 10696, ""sx"": 6041, ""x"": 655}"
0018_sparse_grid_526,sparse_grid,3,token_line_rotating,3,,113,ok,19,1245,1506,896,3572,8535,2208,0.7279355525970459,"{""ecr"": 3572, ""rz"": 10636, ""sx"": 6053, ""x"": 655}"
0018_sparse_grid_526,sparse_grid,3,token_line_rotating,3,,114,ok,19,1245,1506,896,3587,8640,2226,0.6002902984619141,"{""ecr"": 3587, ""rz"": 10630, ""sx"": 6077, ""x"": 655}"
0018_sparse_grid_526,sparse_grid,3,token_line_rotating,3,,115,ok,19,1245,1506,896,3462,8040,2093,0.45589756965637207,"{""ecr"": 3462, ""rz"": 10250, ""sx"": 5761, ""x"": 728}"
0018_sparse_grid_526,sparse_grid,3,token_line_rotating,3,,116,ok,19,1245,1506,896,3399,8468,2179,0.7767865657806396,"{""ecr"": 3399, ""rz"": 10136, ""sx"": 5826, ""x"": 686}"
0018_sparse_grid_526,sparse_grid,3,token_line_rotating,3,,117,ok,19,1245,1506,896,3620,8447,2195,0.5057551860809326,"{""ecr"": 3620, ""rz"": 10733, ""sx"": 6082, ""x"": 677}"
0018_sparse_grid_526,sparse_grid,3,token_line_rotating,3,,118,ok,19,1245,1506,896,3519,8445,2156,0.794304609298706,"{""ecr"": 3519, ""rz"": 10342, ""sx"": 6014, ""x"": 662}"
0018_sparse_grid_526,sparse_grid,3,token_line_rotating,3,,119,ok,19,1245,1506,896,3540,8291,2146,0.7588596343994141,"{""ecr"": 3540, ""rz"": 10446, ""sx"": 6037, ""x"": 638}"
0018_sparse_grid_526,sparse_grid,3,token_line_rotating,3,,120,ok,19,1245,1506,896,3486,8801,2289,0.8833465576171875,"{""ecr"": 3486, ""rz"": 10306, ""sx"": 5839, ""x"": 628}"
0018_sparse_grid_526,sparse_grid,3,penalty_row_xy,3,5.0,101,ok,24,1836,514,256,5040,6723,1643,0.8694736957550049,"{""ecr"": 5040, ""rz"": 16539, ""sx"": 8738, ""x"": 1046}"
0018_sparse_grid_526,sparse_grid,3,penalty_row_xy,3,5.0,102,ok,24,1836,514,256,5004,7938,1899,0.7061166763305664,"{""ecr"": 5004, ""rz"": 16627, ""sx"": 8934, ""x"": 958}"
0018_sparse_grid_526,sparse_grid,3,penalty_row_xy,3,5.0,103,ok,24,1836,514,256,5039,7220,1746,0.8186631202697754,"{""ecr"": 5039, ""rz"": 16755, ""sx"": 8926, ""x"": 968}"
0018_sparse_grid_526,sparse_grid,3,penalty_row_xy,3,5.0,104,ok,24,1836,514,256,4988,6503,1575,0.7533092498779297,"{""ecr"": 4988, ""rz"": 16332, ""sx"": 8659, ""x"": 1029}"
0018_sparse_grid_526,sparse_grid,3,penalty_row_xy,3,5.0,105,ok,24,1836,514,256,5082,7194,1732,0.6562800407409668,"{""ecr"": 5082, ""rz"": 16695, ""sx"": 8838, ""x"": 1075}"
0018_sparse_grid_526,sparse_grid,3,penalty_row_xy,3,5.0,106,ok,24,1836,514,256,4972,7130,1721,0.7888832092285156,"{""ecr"": 4972, ""rz"": 16349, ""sx"": 8597, ""x"": 1062}"
0018_sparse_grid_526,sparse_grid,3,penalty_row_xy,3,5.0,107,ok,24,1836,514,256,4998,6349,1539,0.6665148735046387,"{""ecr"": 4998, ""rz"": 16269, ""sx"": 8543, ""x"": 1079}"
0018_sparse_grid_526,sparse_grid,3,penalty_row_xy,3,5.0,108,ok,24,1836,514,256,5046,6628,1621,0.7544171810150146,"{""ecr"": 5046, ""rz"": 16657, ""sx"": 8736, ""x"": 1079}"
0018_sparse_grid_526,sparse_grid,3,penalty_row_xy,3,5.0,109,ok,24,1836,514,256,4956,6505,1580,0.7205991744995117,"{""ecr"": 4956, ""rz"": 16358, ""sx"": 8657, ""x"": 1055}"
0018_sparse_grid_526,sparse_grid,3,penalty_row_xy,3,5.0,110,ok,24,1836,514,256,5079,6178,1500,0.6254298686981201,"{""ecr"": 5079, ""rz"": 16722, ""sx"": 8838, ""x"": 1081}"
0018_sparse_grid_526,sparse_grid,3,penalty_row_xy,3,5.0,111,ok,24,1836,514,256,5062,6660,1631,0.8263876438140869,"{""ecr"": 5062, ""rz"": 16628, ""sx"": 8802, ""x"": 1061}"
0018_sparse_grid_526,sparse_grid,3,penalty_row_xy,3,5.0,112,ok,24,1836,514,256,5004,6135,1497,0.8616173267364502,"{""ecr"": 5004, ""rz"": 16417, ""sx"": 8620, ""x"": 1103}"
0018_sparse_grid_526,sparse_grid,3,penalty_row_xy,3,5.0,113,ok,24,1836,514,256,5007,6035,1485,0.7322402000427246,"{""ecr"": 5007, ""rz"": 16499, ""sx"": 8788, ""x"": 1038}"
0018_sparse_grid_526,sparse_grid,3,penalty_row_xy,3,5.0,114,ok,24,1836,514,256,5009,7543,1848,0.643770694732666,"{""ecr"": 5009, ""rz"": 16439, ""sx"": 8684, ""x"": 1075}"
0018_sparse_grid_526,sparse_grid,3,penalty_row_xy,3,5.0,115,ok,24,1836,514,256,5014,6699,1623,0.840691328048706,"{""ecr"": 5014, ""rz"": 16636, ""sx"": 8832, ""x"": 1067}"
0018_sparse_grid_526,sparse_grid,3,penalty_row_xy,3,5.0,116,ok,24,1836,514,256,5027,7317,1763,0.7288534641265869,"{""ecr"": 5027, ""rz"": 16658, ""sx"": 8811, ""x"": 1070}"
0018_sparse_grid_526,sparse_grid,3,penalty_row_xy,3,5.0,117,ok,24,1836,514,256,5044,6818,1664,0.6516168117523193,"{""ecr"": 5044, ""rz"": 16507, ""sx"": 8739, ""x"": 998}"
0018_sparse_grid_526,sparse_grid,3,penalty_row_xy,3,5.0,118,ok,24,1836,514,256,4894,6627,1619,0.7736866474151611,"{""ecr"": 4894, ""rz"": 16129, ""sx"": 8540, ""x"": 992}"
0018_sparse_grid_526,sparse_grid,3,penalty_row_xy,3,5.0,119,ok,24,1836,514,256,5020,7113,1750,0.7501664161682129,"{""ecr"": 5020, ""rz"": 16478, ""sx"": 8742, ""x"": 1045}"
0018_sparse_grid_526,sparse_grid,3,penalty_row_xy,3,5.0,120,ok,24,1836,514,256,5004,6901,1666,1.0161395072937012,"{""ecr"": 5004, ""rz"": 16535, ""sx"": 8693, ""x"": 1027}"
0019_dense_grid_527,dense_grid,6,token_line_rotating,3,,101,ok,19,1995,2786,1746,6667,16968,4428,1.23295259475708,"{""ecr"": 6667, ""rz"": 19585, ""sx"": 10945, ""x"": 1186}"
0019_dense_grid_527,dense_grid,6,token_line_rotating,3,,102,ok,19,1995,2786,1746,6662,16677,4353,1.3165695667266846,"{""ecr"": 6662, ""rz"": 19465, ""sx"": 11025, ""x"": 1195}"
0019_dense_grid_527,dense_grid,6,token_line_rotating,3,,103,ok,19,1995,2786,1746,6781,17044,4443,1.2104110717773438,"{""ecr"": 6781, ""rz"": 19872, ""sx"": 11192, ""x"": 1115}"
0019_dense_grid_527,dense_grid,6,token_line_rotating,3,,104,ok,19,1995,2786,1746,6627,17005,4421,0.9286410808563232,"{""ecr"": 6627, ""rz"": 19568, ""sx"": 11146, ""x"": 1146}"
0019_dense_grid_527,dense_grid,6,token_line_rotating,3,,105,ok,19,1995,2786,1746,6787,16995,4450,0.9686079025268555,"{""ecr"": 6787, ""rz"": 19898, ""sx"": 11036, ""x"": 1175}"
0019_dense_grid_527,dense_grid,6,token_line_rotating,3,,106,ok,19,1995,2786,1746,6708,17515,4580,1.4578821659088135,"{""ecr"": 6708, ""rz"": 19580, ""sx"": 11177, ""x"": 1051}"
0019_dense_grid_527,dense_grid,6,token_line_rotating,3,,107,ok,19,1995,2786,1746,6623,16742,4368,0.9041078090667725,"{""ecr"": 6623, ""rz"": 19494, ""sx"": 10914, ""x"": 1116}"
0019_dense_grid_527,dense_grid,6,token_line_rotating,3,,108,ok,19,1995,2786,1746,6668,16688,4367,1.0776476860046387,"{""ecr"": 6668, ""rz"": 19535, ""sx"": 10908, ""x"": 1187}"
0019_dense_grid_527,dense_grid,6,token_line_rotating,3,,109,ok,19,1995,2786,1746,6639,17034,4449,1.0050382614135742,"{""ecr"": 6639, ""rz"": 19489, ""sx"": 11062, ""x"": 1067}"
0019_dense_grid_527,dense_grid,6,token_line_rotating,3,,110,ok,19,1995,2786,1746,6781,17220,4523,0.9801054000854492,"{""ecr"": 6781, ""rz"": 19842, ""sx"": 10935, ""x"": 1265}"
0019_dense_grid_527,dense_grid,6,token_line_rotating,3,,111,ok,19,1995,2786,1746,6662,16916,4415,1.5757091045379639,"{""ecr"": 6662, ""rz"": 19382, ""sx"": 10830, ""x"": 1252}"
0019_dense_grid_527,dense_grid,6,token_line_rotating,3,,112,ok,19,1995,2786,1746,6642,16567,4347,1.5720620155334473,"{""ecr"": 6642, ""rz"": 19586, ""sx"": 10884, ""x"": 1138}"
0019_dense_grid_527,dense_grid,6,token_line_rotating,3,,113,ok,19,1995,2786,1746,6768,17010,4451,1.5847089290618896,"{""ecr"": 6768, ""rz"": 19849, ""sx"": 11060, ""x"": 1199}"
0019_dense_grid_527,dense_grid,6,token_line_rotating,3,,114,ok,19,1995,2786,1746,6710,17135,4476,1.5106945037841797,"{""ecr"": 6710, ""rz"": 19741, ""sx"": 11016, ""x"": 1193}"
0019_dense_grid_527,dense_grid,6,token_line_rotating,3,,115,ok,19,1995,2786,1746,6688,16664,4345,1.1421985626220703,"{""ecr"": 6688, ""rz"": 19571, ""sx"": 11059, ""x"": 1092}"
0019_dense_grid_527,dense_grid,6,token_line_rotating,3,,116,ok,19,1995,2786,1746,6716,16911,4416,1.1708471775054932,"{""ecr"": 6716, ""rz"": 19736, ""sx"": 11040, ""x"": 1124}"
0019_dense_grid_527,dense_grid,6,token_line_rotating,3,,117,ok,19,1995,2786,1746,6675,16834,4426,1.3557586669921875,"{""ecr"": 6675, ""rz"": 19383, ""sx"": 10881, ""x"": 1160}"
0019_dense_grid_527,dense_grid,6,token_line_rotating,3,,118,ok,19,1995,2786,1746,6646,17069,4475,2.2234890460968018,"{""ecr"": 6646, ""rz"": 19371, ""sx"": 10799, ""x"": 1229}"
0019_dense_grid_527,dense_grid,6,token_line_rotating,3,,119,ok,19,1995,2786,1746,6625,16817,4390,2.81955623626709,"{""ecr"": 6625, ""rz"": 19418, ""sx"": 10764, ""x"": 1230}"
0019_dense_grid_527,dense_grid,6,token_line_rotating,3,,120,ok,19,1995,2786,1746,6735,16777,4402,1.5742409229278564,"{""ecr"": 6735, ""rz"": 19801, ""sx"": 10917, ""x"": 1230}"
0019_dense_grid_527,dense_grid,6,penalty_row_xy,3,5.0,101,ok,24,2376,628,332,6818,8496,2088,1.1866869926452637,"{""ecr"": 6818, ""rz"": 22253, ""sx"": 11578, ""x"": 1429}"
0019_dense_grid_527,dense_grid,6,penalty_row_xy,3,5.0,102,ok,24,2376,628,332,6781,8327,2072,1.3075001239776611,"{""ecr"": 6781, ""rz"": 22087, ""sx"": 11569, ""x"": 1401}"
0019_dense_grid_527,dense_grid,6,penalty_row_xy,3,5.0,103,ok,24,2376,628,332,6823,8104,1991,0.9990782737731934,"{""ecr"": 6823, ""rz"": 22252, ""sx"": 11690, ""x"": 1345}"
0019_dense_grid_527,dense_grid,6,penalty_row_xy,3,5.0,104,ok,24,2376,628,332,6815,8327,2048,1.1628332138061523,"{""ecr"": 6815, ""rz"": 22189, ""sx"": 11549, ""x"": 1422}"
0019_dense_grid_527,dense_grid,6,penalty_row_xy,3,5.0,105,ok,24,2376,628,332,6652,7869,1937,1.0329704284667969,"{""ecr"": 6652, ""rz"": 21614, ""sx"": 11216, ""x"": 1392}"
0019_dense_grid_527,dense_grid,6,penalty_row_xy,3,5.0,106,ok,24,2376,628,332,6868,9190,2275,1.0057764053344727,"{""ecr"": 6868, ""rz"": 22341, ""sx"": 11700, ""x"": 1418}"
0019_dense_grid_527,dense_grid,6,penalty_row_xy,3,5.0,107,ok,24,2376,628,332,6745,8880,2172,0.9878997802734375,"{""ecr"": 6745, ""rz"": 22060, ""sx"": 11583, ""x"": 1358}"
0019_dense_grid_527,dense_grid,6,penalty_row_xy,3,5.0,108,ok,24,2376,628,332,6864,9858,2414,1.191631555557251,"{""ecr"": 6864, ""rz"": 22415, ""sx"": 11695, ""x"": 1462}"
0019_dense_grid_527,dense_grid,6,penalty_row_xy,3,5.0,109,ok,24,2376,628,332,6841,8739,2172,0.991870641708374,"{""ecr"": 6841, ""rz"": 22229, ""sx"": 11647, ""x"": 1378}"
0019_dense_grid_527,dense_grid,6,penalty_row_xy,3,5.0,110,ok,24,2376,628,332,6818,8613,2139,1.003920555114746,"{""ecr"": 6818, ""rz"": 22118, ""sx"": 11606, ""x"": 1404}"
0019_dense_grid_527,dense_grid,6,penalty_row_xy,3,5.0,111,ok,24,2376,628,332,6844,9129,2243,1.061692476272583,"{""ecr"": 6844, ""rz"": 22345, ""sx"": 11685, ""x"": 1441}"
0019_dense_grid_527,dense_grid,6,penalty_row_xy,3,5.0,112,ok,24,2376,628,332,6875,8268,2024,1.123399257659912,"{""ecr"": 6875, ""rz"": 22415, ""sx"": 11536, ""x"": 1561}"
0019_dense_grid_527,dense_grid,6,penalty_row_xy,3,5.0,113,ok,24,2376,628,332,6825,8661,2129,1.1134259700775146,"{""ecr"": 6825, ""rz"": 22199, ""sx"": 11610, ""x"": 1404}"
0019_dense_grid_527,dense_grid,6,penalty_row_xy,3,5.0,114,ok,24,2376,628,332,6742,9210,2293,1.042069673538208,"{""ecr"": 6742, ""rz"": 21877, ""sx"": 11424, ""x"": 1452}"
0019_dense_grid_527,dense_grid,6,penalty_row_xy,3,5.0,115,ok,24,2376,628,332,6904,8581,2133,1.0980968475341797,"{""ecr"": 6904, ""rz"": 22500, ""sx"": 11704, ""x"": 1442}"
0019_dense_grid_527,dense_grid,6,penalty_row_xy,3,5.0,116,ok,24,2376,628,332,6772,8050,1978,1.0905909538269043,"{""ecr"": 6772, ""rz"": 22120, ""sx"": 11572, ""x"": 1413}"
0019_dense_grid_527,dense_grid,6,penalty_row_xy,3,5.0,117,ok,24,2376,628,332,6839,8131,2023,1.1273036003112793,"{""ecr"": 6839, ""rz"": 22129, ""sx"": 11588, ""x"": 1437}"
0019_dense_grid_527,dense_grid,6,penalty_row_xy,3,5.0,118,ok,24,2376,628,332,6827,9123,2245,1.0491716861724854,"{""ecr"": 6827, ""rz"": 22187, ""sx"": 11658, ""x"": 1416}"
0019_dense_grid_527,dense_grid,6,penalty_row_xy,3,5.0,119,ok,24,2376,628,332,6949,8447,2069,1.212545394897461,"{""ecr"": 6949, ""rz"": 22601, ""sx"": 11753, ""x"": 1511}"
0019_dense_grid_527,dense_grid,6,penalty_row_xy,3,5.0,120,ok,24,2376,628,332,6859,9352,2326,1.1805808544158936,"{""ecr"": 6859, ""rz"": 22307, ""sx"": 11538, ""x"": 1564}"
0021_dense_grid_line_529,dense_grid_line,6,token_line_rotating,3,,101,ok,19,1767,2454,1504,5639,14279,3725,1.2075810432434082,"{""ecr"": 5639, ""rz"": 16554, ""sx"": 9222, ""x"": 1041}"
0021_dense_grid_line_529,dense_grid_line,6,token_line_rotating,3,,102,ok,19,1767,2454,1504,5674,15015,3907,0.955939769744873,"{""ecr"": 5674, ""rz"": 16636, ""sx"": 9339, ""x"": 1009}"
0021_dense_grid_line_529,dense_grid_line,6,token_line_rotating,3,,103,ok,19,1767,2454,1504,5667,14762,3836,0.9732224941253662,"{""ecr"": 5667, ""rz"": 16615, ""sx"": 9384, ""x"": 1026}"
0021_dense_grid_line_529,dense_grid_line,6,token_line_rotating,3,,104,ok,19,1767,2454,1504,5710,15025,3921,1.1288084983825684,"{""ecr"": 5710, ""rz"": 16706, ""sx"": 9426, ""x"": 967}"
0021_dense_grid_line_529,dense_grid_line,6,token_line_rotating,3,,105,ok,19,1767,2454,1504,5653,14682,3849,1.081554889678955,"{""ecr"": 5653, ""rz"": 16574, ""sx"": 9239, ""x"": 1038}"
0021_dense_grid_line_529,dense_grid_line,6,token_line_rotating,3,,106,ok,19,1767,2454,1504,5696,14133,3700,1.20015549659729,"{""ecr"": 5696, ""rz"": 16748, ""sx"": 9171, ""x"": 1080}"
0021_dense_grid_line_529,dense_grid_line,6,token_line_rotating,3,,107,ok,19,1767,2454,1504,5586,14779,3851,1.0028729438781738,"{""ecr"": 5586, ""rz"": 16424, ""sx"": 9427, ""x"": 884}"
0021_dense_grid_line_529,dense_grid_line,6,token_line_rotating,3,,108,ok,19,1767,2454,1504,5685,14485,3771,0.7177431583404541,"{""ecr"": 5685, ""rz"": 16754, ""sx"": 9129, ""x"": 1179}"
0021_dense_grid_line_529,dense_grid_line,6,token_line_rotating,3,,109,ok,19,1767,2454,1504,5659,14541,3760,1.2746610641479492,"{""ecr"": 5659, ""rz"": 16609, ""sx"": 9427, ""x"": 991}"
0021_dense_grid_line_529,dense_grid_line,6,token_line_rotating,3,,110,ok,19,1767,2454,1504,5696,14459,3769,1.0689640045166016,"{""ecr"": 5696, ""rz"": 16622, ""sx"": 9266, ""x"": 1069}"
0021_dense_grid_line_529,dense_grid_line,6,token_line_rotating,3,,111,ok,19,1767,2454,1504,5685,14564,3785,1.896967887878418,"{""ecr"": 5685, ""rz"": 16696, ""sx"": 9467, ""x"": 990}"
0021_dense_grid_line_529,dense_grid_line,6,token_line_rotating,3,,112,ok,19,1767,2454,1504,5679,14468,3792,1.5169193744659424,"{""ecr"": 5679, ""rz"": 16713, ""sx"": 9304, ""x"": 1003}"
0021_dense_grid_line_529,dense_grid_line,6,token_line_rotating,3,,113,ok,19,1767,2454,1504,5616,14449,3780,1.7031161785125732,"{""ecr"": 5616, ""rz"": 16543, ""sx"": 9252, ""x"": 986}"
0021_dense_grid_line_529,dense_grid_line,6,token_line_rotating,3,,114,ok,19,1767,2454,1504,5759,14909,3879,0.9915850162506104,"{""ecr"": 5759, ""rz"": 16861, ""sx"": 9501, ""x"": 985}"
0021_dense_grid_line_529,dense_grid_line,6,token_line_rotating,3,,115,ok,19,1767,2454,1504,5592,14445,3771,0.8298449516296387,"{""ecr"": 5592, ""rz"": 16498, ""sx"": 9344, ""x"": 984}"
0021_dense_grid_line_529,dense_grid_line,6,token_line_rotating,3,,116,ok,19,1767,2454,1504,5713,14543,3769,1.2073917388916016,"{""ecr"": 5713, ""rz"": 16825, ""sx"": 9543, ""x"": 995}"
0021_dense_grid_line_529,dense_grid_line,6,token_line_rotating,3,,117,ok,19,1767,2454,1504,5635,14097,3678,0.9996187686920166,"{""ecr"": 5635, ""rz"": 16634, ""sx"": 9371, ""x"": 1011}"
0021_dense_grid_line_529,dense_grid_line,6,token_line_rotating,3,,118,ok,19,1767,2454,1504,5667,14737,3829,0.9321820735931396,"{""ecr"": 5667, ""rz"": 16589, ""sx"": 9361, ""x"": 967}"
0021_dense_grid_line_529,dense_grid_line,6,token_line_rotating,3,,119,ok,19,1767,2454,1504,5684,14370,3735,1.1398370265960693,"{""ecr"": 5684, ""rz"": 16770, ""sx"": 9347, ""x"": 1046}"
0021_dense_grid_line_529,dense_grid_line,6,token_line_rotating,3,,120,ok,19,1767,2454,1504,5560,14210,3702,0.9444918632507324,"{""ecr"": 5560, ""rz"": 16318, ""sx"": 9208, ""x"": 965}"
0021_dense_grid_line_529,dense_grid_line,6,penalty_row_xy,3,5.0,101,ok,24,2376,628,332,6818,8496,2088,1.0560147762298584,"{""ecr"": 6818, ""rz"": 22253, ""sx"": 11578, ""x"": 1429}"
0021_dense_grid_line_529,dense_grid_line,6,penalty_row_xy,3,5.0,102,ok,24,2376,628,332,6781,8327,2072,1.6915249824523926,"{""ecr"": 6781, ""rz"": 22087, ""sx"": 11569, ""x"": 1401}"
0021_dense_grid_line_529,dense_grid_line,6,penalty_row_xy,3,5.0,103,ok,24,2376,628,332,6823,8104,1991,1.0628108978271484,"{""ecr"": 6823, ""rz"": 22252, ""sx"": 11690, ""x"": 1345}"
0021_dense_grid_line_529,dense_grid_line,6,penalty_row_xy,3,5.0,104,ok,24,2376,628,332,6815,8327,2048,1.4824953079223633,"{""ecr"": 6815, ""rz"": 22189, ""sx"": 11549, ""x"": 1422}"
0021_dense_grid_line_529,dense_grid_line,6,penalty_row_xy,3,5.0,105,ok,24,2376,628,332,6652,7869,1937,1.3108112812042236,"{""ecr"": 6652, ""rz"": 21614, ""sx"": 11216, ""x"": 1392}"
0021_dense_grid_line_529,dense_grid_line,6,penalty_row_xy,3,5.0,106,ok,24,2376,628,332,6868,9190,2275,1.1759834289550781,"{""ecr"": 6868, ""rz"": 22341, ""sx"": 11700, ""x"": 1418}"
0021_dense_grid_line_529,dense_grid_line,6,penalty_row_xy,3,5.0,107,ok,24,2376,628,332,6745,8880,2172,1.1496169567108154,"{""ecr"": 6745, ""rz"": 22060, ""sx"": 11583, ""x"": 1358}"
0021_dense_grid_line_529,dense_grid_line,6,penalty_row_xy,3,5.0,108,ok,24,2376,628,332,6864,9858,2414,1.1452159881591797,"{""ecr"": 6864, ""rz"": 22415, ""sx"": 11695, ""x"": 1462}"
0021_dense_grid_line_529,dense_grid_line,6,penalty_row_xy,3,5.0,109,ok,24,2376,628,332,6841,8739,2172,1.1919431686401367,"{""ecr"": 6841, ""rz"": 22229, ""sx"": 11647, ""x"": 1378}"
0021_dense_grid_line_529,dense_grid_line,6,penalty_row_xy,3,5.0,110,ok,24,2376,628,332,6818,8613,2139,2.2097856998443604,"{""ecr"": 6818, ""rz"": 22118, ""sx"": 11606, ""x"": 1404}"
0021_dense_grid_line_529,dense_grid_line,6,penalty_row_xy,3,5.0,111,ok,24,2376,628,332,6844,9129,2243,2.2366533279418945,"{""ecr"": 6844, ""rz"": 22345, ""sx"": 11685, ""x"": 1441}"
0021_dense_grid_line_529,dense_grid_line,6,penalty_row_xy,3,5.0,112,ok,24,2376,628,332,6875,8268,2024,1.3816447257995605,"{""ecr"": 6875, ""rz"": 22415, ""sx"": 11536, ""x"": 1561}"
0021_dense_grid_line_529,dense_grid_line,6,penalty_row_xy,3,5.0,113,ok,24,2376,628,332,6825,8661,2129,0.9806632995605469,"{""ecr"": 6825, ""rz"": 22199, ""sx"": 11610, ""x"": 1404}"
0021_dense_grid_line_529,dense_grid_line,6,penalty_row_xy,3,5.0,114,ok,24,2376,628,332,6742,9210,2293,0.8959639072418213,"{""ecr"": 6742, ""rz"": 21877, ""sx"": 11424, ""x"": 1452}"
0021_dense_grid_line_529,dense_grid_line,6,penalty_row_xy,3,5.0,115,ok,24,2376,628,332,6904,8581,2133,0.9657022953033447,"{""ecr"": 6904, ""rz"": 22500, ""sx"": 11704, ""x"": 1442}"
0021_dense_grid_line_529,dense_grid_line,6,penalty_row_xy,3,5.0,116,ok,24,2376,628,332,6772,8050,1978,1.1730849742889404,"{""ecr"": 6772, ""rz"": 22120, ""sx"": 11572, ""x"": 1413}"
0021_dense_grid_line_529,dense_grid_line,6,penalty_row_xy,3,5.0,117,ok,24,2376,628,332,6839,8131,2023,0.9305939674377441,"{""ecr"": 6839, ""rz"": 22129, ""sx"": 11588, ""x"": 1437}"
0021_dense_grid_line_529,dense_grid_line,6,penalty_row_xy,3,5.0,118,ok,24,2376,628,332,6827,9123,2245,0.9784448146820068,"{""ecr"": 6827, ""rz"": 22187, ""sx"": 11658, ""x"": 1416}"
0021_dense_grid_line_529,dense_grid_line,6,penalty_row_xy,3,5.0,119,ok,24,2376,628,332,6949,8447,2069,1.129133939743042,"{""ecr"": 6949, ""rz"": 22601, ""sx"": 11753, ""x"": 1511}"
0021_dense_grid_line_529,dense_grid_line,6,penalty_row_xy,3,5.0,120,ok,24,2376,628,332,6859,9352,2326,1.4027152061462402,"{""ecr"": 6859, ""rz"": 22307, ""sx"": 11538, ""x"": 1564}"
0023_dense_grid_lshape_531,dense_grid_lshape,6,token_line_rotating,3,,101,ok,19,1785,2465,1516,5662,14606,3788,1.7264838218688965,"{""ecr"": 5662, ""rz"": 16764, ""sx"": 9413, ""x"": 983}"
0023_dense_grid_lshape_531,dense_grid_lshape,6,token_line_rotating,3,,102,ok,19,1785,2465,1516,5776,14619,3832,0.7968549728393555,"{""ecr"": 5776, ""rz"": 16919, ""sx"": 9343, ""x"": 1033}"
0023_dense_grid_lshape_531,dense_grid_lshape,6,token_line_rotating,3,,103,ok,19,1785,2465,1516,5796,14663,3824,1.0780079364776611,"{""ecr"": 5796, ""rz"": 17015, ""sx"": 9684, ""x"": 924}"
0023_dense_grid_lshape_531,dense_grid_lshape,6,token_line_rotating,3,,104,ok,19,1785,2465,1516,5916,14770,3856,1.2726683616638184,"{""ecr"": 5916, ""rz"": 17439, ""sx"": 9703, ""x"": 1110}"
0023_dense_grid_lshape_531,dense_grid_lshape,6,token_line_rotating,3,,105,ok,19,1785,2465,1516,5800,14932,3898,0.9562082290649414,"{""ecr"": 5800, ""rz"": 17096, ""sx"": 9491, ""x"": 1047}"
0023_dense_grid_lshape_531,dense_grid_lshape,6,token_line_rotating,3,,106,ok,19,1785,2465,1516,5748,14423,3749,0.8676071166992188,"{""ecr"": 5748, ""rz"": 16893, ""sx"": 9262, ""x"": 1167}"
0023_dense_grid_lshape_531,dense_grid_lshape,6,token_line_rotating,3,,107,ok,19,1785,2465,1516,5886,14873,3876,1.1974503993988037,"{""ecr"": 5886, ""rz"": 17403, ""sx"": 9753, ""x"": 1020}"
0023_dense_grid_lshape_531,dense_grid_lshape,6,token_line_rotating,3,,108,ok,19,1785,2465,1516,5794,14683,3846,1.3911058902740479,"{""ecr"": 5794, ""rz"": 17130, ""sx"": 9481, ""x"": 1032}"
0023_dense_grid_lshape_531,dense_grid_lshape,6,token_line_rotating,3,,109,ok,19,1785,2465,1516,5806,14759,3844,1.0842397212982178,"{""ecr"": 5806, ""rz"": 17174, ""sx"": 9572, ""x"": 1007}"
0023_dense_grid_lshape_531,dense_grid_lshape,6,token_line_rotating,3,,110,ok,19,1785,2465,1516,5901,15044,3899,0.9701602458953857,"{""ecr"": 5901, ""rz"": 17311, ""sx"": 9943, ""x"": 961}"
0023_dense_grid_lshape_531,dense_grid_lshape,6,token_line_rotating,3,,111,ok,19,1785,2465,1516,5822,15238,3983,0.9857602119445801,"{""ecr"": 5822, ""rz"": 17142, ""sx"": 9359, ""x"": 1145}"
0023_dense_grid_lshape_531,dense_grid_lshape,6,token_line_rotating,3,,112,ok,19,1785,2465,1516,5754,14800,3841,1.1309828758239746,"{""ecr"": 5754, ""rz"": 16957, ""sx"": 9526, ""x"": 1082}"
0023_dense_grid_lshape_531,dense_grid_lshape,6,token_line_rotating,3,,113,ok,19,1785,2465,1516,5694,14511,3755,0.992957353591919,"{""ecr"": 5694, ""rz"": 16718, ""sx"": 9661, ""x"": 939}"
0023_dense_grid_lshape_531,dense_grid_lshape,6,token_line_rotating,3,,114,ok,19,1785,2465,1516,5728,14501,3776,1.0187010765075684,"{""ecr"": 5728, ""rz"": 16777, ""sx"": 9441, ""x"": 1064}"
0023_dense_grid_lshape_531,dense_grid_lshape,6,token_line_rotating,3,,115,ok,19,1785,2465,1516,5633,14111,3668,1.1437408924102783,"{""ecr"": 5633, ""rz"": 16594, ""sx"": 9243, ""x"": 1073}"
0023_dense_grid_lshape_531,dense_grid_lshape,6,token_line_rotating,3,,116,ok,19,1785,2465,1516,5702,14672,3815,1.1205196380615234,"{""ecr"": 5702, ""rz"": 16759, ""sx"": 9588, ""x"": 946}"
0023_dense_grid_lshape_531,dense_grid_lshape,6,token_line_rotating,3,,117,ok,19,1785,2465,1516,5772,15075,3909,1.1356618404388428,"{""ecr"": 5772, ""rz"": 16977, ""sx"": 9831, ""x"": 905}"
0023_dense_grid_lshape_531,dense_grid_lshape,6,token_line_rotating,3,,118,ok,19,1785,2465,1516,5780,14668,3806,1.0323777198791504,"{""ecr"": 5780, ""rz"": 17045, ""sx"": 9705, ""x"": 985}"
0023_dense_grid_lshape_531,dense_grid_lshape,6,token_line_rotating,3,,119,ok,19,1785,2465,1516,5790,14706,3849,1.162769079208374,"{""ecr"": 5790, ""rz"": 16942, ""sx"": 9492, ""x"": 1077}"
0023_dense_grid_lshape_531,dense_grid_lshape,6,token_line_rotating,3,,120,ok,19,1785,2465,1516,5821,15147,3954,1.198082685470581,"{""ecr"": 5821, ""rz"": 17083, ""sx"": 9530, ""x"": 1112}"
0023_dense_grid_lshape_531,dense_grid_lshape,6,penalty_row_xy,3,5.0,101,ok,24,2376,628,332,6818,8496,2088,1.3709526062011719,"{""ecr"": 6818, ""rz"": 22253, ""sx"": 11578, ""x"": 1429}"
0023_dense_grid_lshape_531,dense_grid_lshape,6,penalty_row_xy,3,5.0,102,ok,24,2376,628,332,6781,8327,2072,1.8506205081939697,"{""ecr"": 6781, ""rz"": 22087, ""sx"": 11569, ""x"": 1401}"
0023_dense_grid_lshape_531,dense_grid_lshape,6,penalty_row_xy,3,5.0,103,ok,24,2376,628,332,6823,8104,1991,1.7533788681030273,"{""ecr"": 6823, ""rz"": 22252, ""sx"": 11690, ""x"": 1345}"
0023_dense_grid_lshape_531,dense_grid_lshape,6,penalty_row_xy,3,5.0,104,ok,24,2376,628,332,6815,8327,2048,1.6925199031829834,"{""ecr"": 6815, ""rz"": 22189, ""sx"": 11549, ""x"": 1422}"
0023_dense_grid_lshape_531,dense_grid_lshape,6,penalty_row_xy,3,5.0,105,ok,24,2376,628,332,6652,7869,1937,1.0357286930084229,"{""ecr"": 6652, ""rz"": 21614, ""sx"": 11216, ""x"": 1392}"
0023_dense_grid_lshape_531,dense_grid_lshape,6,penalty_row_xy,3,5.0,106,ok,24,2376,628,332,6868,9190,2275,1.044342279434204,"{""ecr"": 6868, ""rz"": 22341, ""sx"": 11700, ""x"": 1418}"
0023_dense_grid_lshape_531,dense_grid_lshape,6,penalty_row_xy,3,5.0,107,ok,24,2376,628,332,6745,8880,2172,1.1058309078216553,"{""ecr"": 6745, ""rz"": 22060, ""sx"": 11583, ""x"": 1358}"
0023_dense_grid_lshape_531,dense_grid_lshape,6,penalty_row_xy,3,5.0,108,ok,24,2376,628,332,6864,9858,2414,1.1839406490325928,"{""ecr"": 6864, ""rz"": 22415, ""sx"": 11695, ""x"": 1462}"
0023_dense_grid_lshape_531,dense_grid_lshape,6,penalty_row_xy,3,5.0,109,ok,24,2376,628,332,6841,8739,2172,1.0134210586547852,"{""ecr"": 6841, ""rz"": 22229, ""sx"": 11647, ""x"": 1378}"
0023_dense_grid_lshape_531,dense_grid_lshape,6,penalty_row_xy,3,5.0,110,ok,24,2376,628,332,6818,8613,2139,1.282067060470581,"{""ecr"": 6818, ""rz"": 22118, ""sx"": 11606, ""x"": 1404}"
0023_dense_grid_lshape_531,dense_grid_lshape,6,penalty_row_xy,3,5.0,111,ok,24,2376,628,332,6844,9129,2243,1.1894264221191406,"{""ecr"": 6844, ""rz"": 22345, ""sx"": 11685, ""x"": 1441}"
0023_dense_grid_lshape_531,dense_grid_lshape,6,penalty_row_xy,3,5.0,112,ok,24,2376,628,332,6875,8268,2024,1.198075294494629,"{""ecr"": 6875, ""rz"": 22415, ""sx"": 11536, ""x"": 1561}"
0023_dense_grid_lshape_531,dense_grid_lshape,6,penalty_row_xy,3,5.0,113,ok,24,2376,628,332,6825,8661,2129,1.0504236221313477,"{""ecr"": 6825, ""rz"": 22199, ""sx"": 11610, ""x"": 1404}"
0023_dense_grid_lshape_531,dense_grid_lshape,6,penalty_row_xy,3,5.0,114,ok,24,2376,628,332,6742,9210,2293,1.1742849349975586,"{""ecr"": 6742, ""rz"": 21877, ""sx"": 11424, ""x"": 1452}"
0023_dense_grid_lshape_531,dense_grid_lshape,6,penalty_row_xy,3,5.0,115,ok,24,2376,628,332,6904,8581,2133,1.3064050674438477,"{""ecr"": 6904, ""rz"": 22500, ""sx"": 11704, ""x"": 1442}"
0023_dense_grid_lshape_531,dense_grid_lshape,6,penalty_row_xy,3,5.0,116,ok,24,2376,628,332,6772,8050,1978,1.2314889430999756,"{""ecr"": 6772, ""rz"": 22120, ""sx"": 11572, ""x"": 1413}"
0023_dense_grid_lshape_531,dense_grid_lshape,6,penalty_row_xy,3,5.0,117,ok,24,2376,628,332,6839,8131,2023,1.2226665019989014,"{""ecr"": 6839, ""rz"": 22129, ""sx"": 11588, ""x"": 1437}"
0023_dense_grid_lshape_531,dense_grid_lshape,6,penalty_row_xy,3,5.0,118,ok,24,2376,628,332,6827,9123,2245,1.1665256023406982,"{""ecr"": 6827, ""rz"": 22187, ""sx"": 11658, ""x"": 1416}"
0023_dense_grid_lshape_531,dense_grid_lshape,6,penalty_row_xy,3,5.0,119,ok,24,2376,628,332,6949,8447,2069,1.2402427196502686,"{""ecr"": 6949, ""rz"": 22601, ""sx"": 11753, ""x"": 1511}"
0023_dense_grid_lshape_531,dense_grid_lshape,6,penalty_row_xy,3,5.0,120,ok,24,2376,628,332,6859,9352,2326,1.2944650650024414,"{""ecr"": 6859, ""rz"": 22307, ""sx"": 11538, ""x"": 1564}"
0024_sparse_grid_534,sparse_grid,4,token_line_rotating,3,,101,ok,19,1623,2130,1329,4856,13411,3512,1.170985221862793,"{""ecr"": 4856, ""rz"": 14229, ""sx"": 7922, ""x"": 889}"
0024_sparse_grid_534,sparse_grid,4,token_line_rotating,3,,102,ok,19,1623,2130,1329,4987,13071,3427,0.7768754959106445,"{""ecr"": 4987, ""rz"": 14557, ""sx"": 8132, ""x"": 910}"
0024_sparse_grid_534,sparse_grid,4,token_line_rotating,3,,103,ok,19,1623,2130,1329,4961,13390,3504,0.9277768135070801,"{""ecr"": 4961, ""rz"": 14525, ""sx"": 8113, ""x"": 888}"
0024_sparse_grid_534,sparse_grid,4,token_line_rotating,3,,104,ok,19,1623,2130,1329,4933,12910,3392,0.9598774909973145,"{""ecr"": 4933, ""rz"": 14359, ""sx"": 8203, ""x"": 782}"
0024_sparse_grid_534,sparse_grid,4,token_line_rotating,3,,105,ok,19,1623,2130,1329,4791,12969,3407,0.9878594875335693,"{""ecr"": 4791, ""rz"": 14003, ""sx"": 7941, ""x"": 810}"
0024_sparse_grid_534,sparse_grid,4,token_line_rotating,3,,106,ok,19,1623,2130,1329,4948,12828,3346,1.094029188156128,"{""ecr"": 4948, ""rz"": 14449, ""sx"": 8098, ""x"": 891}"
0024_sparse_grid_534,sparse_grid,4,token_line_rotating,3,,107,ok,19,1623,2130,1329,4774,12910,3363,0.946279764175415,"{""ecr"": 4774, ""rz"": 13949, ""sx"": 7824, ""x"": 915}"
0024_sparse_grid_534,sparse_grid,4,token_line_rotating,3,,108,ok,19,1623,2130,1329,4917,13216,3436,0.639885663986206,"{""ecr"": 4917, ""rz"": 14312, ""sx"": 8184, ""x"": 853}"
0024_sparse_grid_534,sparse_grid,4,token_line_rotating,3,,109,ok,19,1623,2130,1329,4921,12741,3356,1.1689369678497314,"{""ecr"": 4921, ""rz"": 14274, ""sx"": 8085, ""x"": 890}"
0024_sparse_grid_534,sparse_grid,4,token_line_rotating,3,,110,ok,19,1623,2130,1329,4804,13021,3404,1.0309369564056396,"{""ecr"": 4804, ""rz"": 14232, ""sx"": 8025, ""x"": 762}"
0024_sparse_grid_534,sparse_grid,4,token_line_rotating,3,,111,ok,19,1623,2130,1329,4860,13040,3402,0.6244163513183594,"{""ecr"": 4860, ""rz"": 14235, ""sx"": 8068, ""x"": 912}"
0024_sparse_grid_534,sparse_grid,4,token_line_rotating,3,,112,ok,19,1623,2130,1329,5028,12978,3421,0.8453841209411621,"{""ecr"": 5028, ""rz"": 14551, ""sx"": 8268, ""x"": 880}"
0024_sparse_grid_534,sparse_grid,4,token_line_rotating,3,,113,ok,19,1623,2130,1329,4947,13373,3513,0.9902615547180176,"{""ecr"": 4947, ""rz"": 14456, ""sx"": 8088, ""x"": 850}"
0024_sparse_grid_534,sparse_grid,4,token_line_rotating,3,,114,ok,19,1623,2130,1329,4840,13165,3443,1.092869758605957,"{""ecr"": 4840, ""rz"": 14139, ""sx"": 7934, ""x"": 935}"
0024_sparse_grid_534,sparse_grid,4,token_line_rotating,3,,115,ok,19,1623,2130,1329,4886,13091,3415,0.8965713977813721,"{""ecr"": 4886, ""rz"": 14248, ""sx"": 8092, ""x"": 864}"
0024_sparse_grid_534,sparse_grid,4,token_line_rotating,3,,116,ok,19,1623,2130,1329,4850,12666,3320,0.9930727481842041,"{""ecr"": 4850, ""rz"": 14237, ""sx"": 8081, ""x"": 768}"
0024_sparse_grid_534,sparse_grid,4,token_line_rotating,3,,117,ok,19,1623,2130,1329,4951,12937,3396,1.2076261043548584,"{""ecr"": 4951, ""rz"": 14491, ""sx"": 8037, ""x"": 930}"
0024_sparse_grid_534,sparse_grid,4,token_line_rotating,3,,118,ok,19,1623,2130,1329,4796,12807,3370,0.9064807891845703,"{""ecr"": 4796, ""rz"": 14084, ""sx"": 7835, ""x"": 915}"
0024_sparse_grid_534,sparse_grid,4,token_line_rotating,3,,119,ok,19,1623,2130,1329,4811,12875,3387,0.9342803955078125,"{""ecr"": 4811, ""rz"": 14176, ""sx"": 7775, ""x"": 966}"
0024_sparse_grid_534,sparse_grid,4,token_line_rotating,3,,120,ok,19,1623,2130,1329,4792,12958,3363,0.8607888221740723,"{""ecr"": 4792, ""rz"": 14055, ""sx"": 7983, ""x"": 862}"
0024_sparse_grid_534,sparse_grid,4,penalty_row_xy,3,5.0,101,ok,24,2016,559,286,5584,7117,1758,1.0955443382263184,"{""ecr"": 5584, ""rz"": 18270, ""sx"": 9523, ""x"": 1259}"
0024_sparse_grid_534,sparse_grid,4,penalty_row_xy,3,5.0,102,ok,24,2016,559,286,5663,7893,1929,0.9361832141876221,"{""ecr"": 5663, ""rz"": 18500, ""sx"": 9834, ""x"": 1133}"
0024_sparse_grid_534,sparse_grid,4,penalty_row_xy,3,5.0,103,ok,24,2016,559,286,5435,6574,1618,0.9663486480712891,"{""ecr"": 5435, ""rz"": 17946, ""sx"": 9408, ""x"": 1098}"
0024_sparse_grid_534,sparse_grid,4,penalty_row_xy,3,5.0,104,ok,24,2016,559,286,5497,6468,1597,0.9007203578948975,"{""ecr"": 5497, ""rz"": 18082, ""sx"": 9419, ""x"": 1138}"
0024_sparse_grid_534,sparse_grid,4,penalty_row_xy,3,5.0,105,ok,24,2016,559,286,5622,7578,1864,0.9019184112548828,"{""ecr"": 5622, ""rz"": 18452, ""sx"": 9696, ""x"": 1162}"
0024_sparse_grid_534,sparse_grid,4,penalty_row_xy,3,5.0,106,ok,24,2016,559,286,5640,8245,1988,0.8436596393585205,"{""ecr"": 5640, ""rz"": 18532, ""sx"": 9731, ""x"": 1151}"
0024_sparse_grid_534,sparse_grid,4,penalty_row_xy,3,5.0,107,ok,24,2016,559,286,5623,7145,1776,0.7071030139923096,"{""ecr"": 5623, ""rz"": 18455, ""sx"": 9654, ""x"": 1185}"
0024_sparse_grid_534,sparse_grid,4,penalty_row_xy,3,5.0,108,ok,24,2016,559,286,5597,7521,1853,0.9547204971313477,"{""ecr"": 5597, ""rz"": 18199, ""sx"": 9595, ""x"": 1128}"
0024_sparse_grid_534,sparse_grid,4,penalty_row_xy,3,5.0,109,ok,24,2016,559,286,5560,7800,1902,0.8961122035980225,"{""ecr"": 5560, ""rz"": 18298, ""sx"": 9711, ""x"": 1099}"
0024_sparse_grid_534,sparse_grid,4,penalty_row_xy,3,5.0,110,ok,24,2016,559,286,5508,7457,1809,0.7443625926971436,"{""ecr"": 5508, ""rz"": 18147, ""sx"": 9534, ""x"": 1163}"
0024_sparse_grid_534,sparse_grid,4,penalty_row_xy,3,5.0,111,ok,24,2016,559,286,5602,8226,2006,0.8228340148925781,"{""ecr"": 5602, ""rz"": 18512, ""sx"": 9787, ""x"": 1139}"
0024_sparse_grid_534,sparse_grid,4,penalty_row_xy,3,5.0,112,ok,24,2016,559,286,5633,6944,1717,1.0345447063446045,"{""ecr"": 5633, ""rz"": 18393, ""sx"": 9678, ""x"": 1173}"
0024_sparse_grid_534,sparse_grid,4,penalty_row_xy,3,5.0,113,ok,24,2016,559,286,5529,7729,1875,1.0143237113952637,"{""ecr"": 5529, ""rz"": 18213, ""sx"": 9652, ""x"": 1096}"
0024_sparse_grid_534,sparse_grid,4,penalty_row_xy,3,5.0,114,ok,24,2016,559,286,5599,7059,1716,0.8207986354827881,"{""ecr"": 5599, ""rz"": 18429, ""sx"": 9645, ""x"": 1154}"
0024_sparse_grid_534,sparse_grid,4,penalty_row_xy,3,5.0,115,ok,24,2016,559,286,5622,8278,2005,0.7539408206939697,"{""ecr"": 5622, ""rz"": 18438, ""sx"": 9572, ""x"": 1253}"
0024_sparse_grid_534,sparse_grid,4,penalty_row_xy,3,5.0,116,ok,24,2016,559,286,5630,7605,1873,0.695497989654541,"{""ecr"": 5630, ""rz"": 18349, ""sx"": 9636, ""x"": 1206}"
0024_sparse_grid_534,sparse_grid,4,penalty_row_xy,3,5.0,117,ok,24,2016,559,286,5580,7415,1820,0.9818832874298096,"{""ecr"": 5580, ""rz"": 18303, ""sx"": 9660, ""x"": 1150}"
0024_sparse_grid_534,sparse_grid,4,penalty_row_xy,3,5.0,118,ok,24,2016,559,286,5623,6666,1623,1.0867524147033691,"{""ecr"": 5623, ""rz"": 18473, ""sx"": 9710, ""x"": 1186}"
0024_sparse_grid_534,sparse_grid,4,penalty_row_xy,3,5.0,119,ok,24,2016,559,286,5566,7346,1804,0.8885982036590576,"{""ecr"": 5566, ""rz"": 18292, ""sx"": 9563, ""x"": 1206}"
0024_sparse_grid_534,sparse_grid,4,penalty_row_xy,3,5.0,120,ok,24,2016,559,286,5695,7545,1842,0.8396728038787842,"{""ecr"": 5695, ""rz"": 18777, ""sx"": 9903, ""x"": 1201}"
0025_dense_grid_535,dense_grid,6,token_line_rotating,3,,101,ok,19,1995,2786,1746,6667,16944,4428,1.2656233310699463,"{""ecr"": 6667, ""rz"": 19568, ""sx"": 10930, ""x"": 1190}"
0025_dense_grid_535,dense_grid,6,token_line_rotating,3,,102,ok,19,1995,2786,1746,6662,16656,4353,1.526860237121582,"{""ecr"": 6662, ""rz"": 19445, ""sx"": 11016, ""x"": 1205}"
0025_dense_grid_535,dense_grid,6,token_line_rotating,3,,103,ok,19,1995,2786,1746,6781,17032,4443,1.3330297470092773,"{""ecr"": 6781, ""rz"": 19849, ""sx"": 11178, ""x"": 1134}"
0025_dense_grid_535,dense_grid,6,token_line_rotating,3,,104,ok,19,1995,2786,1746,6627,17020,4421,1.0797359943389893,"{""ecr"": 6627, ""rz"": 19553, ""sx"": 11144, ""x"": 1161}"
0025_dense_grid_535,dense_grid,6,token_line_rotating,3,,105,ok,19,1995,2786,1746,6787,16992,4450,1.0097370147705078,"{""ecr"": 6787, ""rz"": 19893, ""sx"": 11022, ""x"": 1182}"
0025_dense_grid_535,dense_grid,6,token_line_rotating,3,,106,ok,19,1995,2786,1746,6708,17518,4580,1.397587776184082,"{""ecr"": 6708, ""rz"": 19563, ""sx"": 11168, ""x"": 1054}"
0025_dense_grid_535,dense_grid,6,token_line_rotating,3,,107,ok,19,1995,2786,1746,6623,16742,4368,1.0337786674499512,"{""ecr"": 6623, ""rz"": 19505, ""sx"": 10921, ""x"": 1113}"
0025_dense_grid_535,dense_grid,6,token_line_rotating,3,,108,ok,19,1995,2786,1746,6668,16690,4367,1.2169685363769531,"{""ecr"": 6668, ""rz"": 19542, ""sx"": 10920, ""x"": 1179}"
0025_dense_grid_535,dense_grid,6,token_line_rotating,3,,109,ok,19,1995,2786,1746,6639,17040,4449,0.8802204132080078,"{""ecr"": 6639, ""rz"": 19507, ""sx"": 11069, ""x"": 1062}"
0025_dense_grid_535,dense_grid,6,token_line_rotating,3,,110,ok,19,1995,2786,1746,6781,17231,4523,0.9570832252502441,"{""ecr"": 6781, ""rz"": 19853, ""sx"": 10934, ""x"": 1273}"
0025_dense_grid_535,dense_grid,6,token_line_rotating,3,,111,ok,19,1995,2786,1746,6662,16890,4415,1.026521921157837,"{""ecr"": 6662, ""rz"": 19356, ""sx"": 10819, ""x"": 1260}"
0025_dense_grid_535,dense_grid,6,token_line_rotating,3,,112,ok,19,1995,2786,1746,6642,16558,4347,1.360436201095581,"{""ecr"": 6642, ""rz"": 19601, ""sx"": 10888, ""x"": 1132}"
0025_dense_grid_535,dense_grid,6,token_line_rotating,3,,113,ok,19,1995,2786,1746,6768,17006,4451,1.5328407287597656,"{""ecr"": 6768, ""rz"": 19848, ""sx"": 11067, ""x"": 1199}"
0025_dense_grid_535,dense_grid,6,token_line_rotating,3,,114,ok,19,1995,2786,1746,6710,17109,4476,1.4110321998596191,"{""ecr"": 6710, ""rz"": 19709, ""sx"": 11017, ""x"": 1197}"
0025_dense_grid_535,dense_grid,6,token_line_rotating,3,,115,ok,19,1995,2786,1746,6688,16668,4345,1.218083381652832,"{""ecr"": 6688, ""rz"": 19585, ""sx"": 11053, ""x"": 1115}"
0025_dense_grid_535,dense_grid,6,token_line_rotating,3,,116,ok,19,1995,2786,1746,6716,16904,4416,1.5534679889678955,"{""ecr"": 6716, ""rz"": 19723, ""sx"": 11031, ""x"": 1130}"
0025_dense_grid_535,dense_grid,6,token_line_rotating,3,,117,ok,19,1995,2786,1746,6675,16847,4426,1.1626255512237549,"{""ecr"": 6675, ""rz"": 19385, ""sx"": 10890, ""x"": 1174}"
0025_dense_grid_535,dense_grid,6,token_line_rotating,3,,118,ok,19,1995,2786,1746,6646,17079,4475,1.6832616329193115,"{""ecr"": 6646, ""rz"": 19386, ""sx"": 10810, ""x"": 1234}"
0025_dense_grid_535,dense_grid,6,token_line_rotating,3,,119,ok,19,1995,2786,1746,6625,16802,4390,1.8278083801269531,"{""ecr"": 6625, ""rz"": 19408, ""sx"": 10762, ""x"": 1228}"
0025_dense_grid_535,dense_grid,6,token_line_rotating,3,,120,ok,19,1995,2786,1746,6735,16756,4402,1.4663689136505127,"{""ecr"": 6735, ""rz"": 19804, ""sx"": 10921, ""x"": 1223}"
0025_dense_grid_535,dense_grid,6,penalty_row_xy,3,5.0,101,ok,24,2376,628,332,6818,8496,2088,1.1358757019042969,"{""ecr"": 6818, ""rz"": 22253, ""sx"": 11578, ""x"": 1429}"
0025_dense_grid_535,dense_grid,6,penalty_row_xy,3,5.0,102,ok,24,2376,628,332,6781,8327,2072,1.2693402767181396,"{""ecr"": 6781, ""rz"": 22087, ""sx"": 11569, ""x"": 1401}"
0025_dense_grid_535,dense_grid,6,penalty_row_xy,3,5.0,103,ok,24,2376,628,332,6823,8104,1991,1.0095744132995605,"{""ecr"": 6823, ""rz"": 22252, ""sx"": 11690, ""x"": 1345}"
0025_dense_grid_535,dense_grid,6,penalty_row_xy,3,5.0,104,ok,24,2376,628,332,6815,8327,2048,1.4679512977600098,"{""ecr"": 6815, ""rz"": 22189, ""sx"": 11549, ""x"": 1422}"
0025_dense_grid_535,dense_grid,6,penalty_row_xy,3,5.0,105,ok,24,2376,628,332,6652,7869,1937,0.9071438312530518,"{""ecr"": 6652, ""rz"": 21614, ""sx"": 11216, ""x"": 1392}"
0025_dense_grid_535,dense_grid,6,penalty_row_xy,3,5.0,106,ok,24,2376,628,332,6868,9190,2275,1.035043716430664,"{""ecr"": 6868, ""rz"": 22341, ""sx"": 11700, ""x"": 1418}"
0025_dense_grid_535,dense_grid,6,penalty_row_xy,3,5.0,107,ok,24,2376,628,332,6745,8880,2172,1.0421833992004395,"{""ecr"": 6745, ""rz"": 22060, ""sx"": 11583, ""x"": 1358}"
0025_dense_grid_535,dense_grid,6,penalty_row_xy,3,5.0,108,ok,24,2376,628,332,6864,9858,2414,1.1461608409881592,"{""ecr"": 6864, ""rz"": 22415, ""sx"": 11695, ""x"": 1462}"
0025_dense_grid_535,dense_grid,6,penalty_row_xy,3,5.0,109,ok,24,2376,628,332,6841,8739,2172,0.9980309009552002,"{""ecr"": 6841, ""rz"": 22229, ""sx"": 11647, ""x"": 1378}"
0025_dense_grid_535,dense_grid,6,penalty_row_xy,3,5.0,110,ok,24,2376,628,332,6818,8613,2139,0.9923305511474609,"{""ecr"": 6818, ""rz"": 22118, ""sx"": 11606, ""x"": 1404}"
0025_dense_grid_535,dense_grid,6,penalty_row_xy,3,5.0,111,ok,24,2376,628,332,6844,9129,2243,1.1485297679901123,"{""ecr"": 6844, ""rz"": 22345, ""sx"": 11685, ""x"": 1441}"
0025_dense_grid_535,dense_grid,6,penalty_row_xy,3,5.0,112,ok,24,2376,628,332,6875,8268,2024,1.373918056488037,"{""ecr"": 6875, ""rz"": 22415, ""sx"": 11536, ""x"": 1561}"
0025_dense_grid_535,dense_grid,6,penalty_row_xy,3,5.0,113,ok,24,2376,628,332,6825,8661,2129,1.127237319946289,"{""ecr"": 6825, ""rz"": 22199, ""sx"": 11610, ""x"": 1404}"
0025_dense_grid_535,dense_grid,6,penalty_row_xy,3,5.0,114,ok,24,2376,628,332,6742,9210,2293,0.9808368682861328,"{""ecr"": 6742, ""rz"": 21877, ""sx"": 11424, ""x"": 1452}"
0025_dense_grid_535,dense_grid,6,penalty_row_xy,3,5.0,115,ok,24,2376,628,332,6904,8581,2133,1.1709141731262207,"{""ecr"": 6904, ""rz"": 22500, ""sx"": 11704, ""x"": 1442}"
0025_dense_grid_535,dense_grid,6,penalty_row_xy,3,5.0,116,ok,24,2376,628,332,6772,8050,1978,1.1389095783233643,"{""ecr"": 6772, ""rz"": 22120, ""sx"": 11572, ""x"": 1413}"
0025_dense_grid_535,dense_grid,6,penalty_row_xy,3,5.0,117,ok,24,2376,628,332,6839,8131,2023,0.9153034687042236,"{""ecr"": 6839, ""rz"": 22129, ""sx"": 11588, ""x"": 1437}"
0025_dense_grid_535,dense_grid,6,penalty_row_xy,3,5.0,118,ok,24,2376,628,332,6827,9123,2245,1.1010773181915283,"{""ecr"": 6827, ""rz"": 22187, ""sx"": 11658, ""x"": 1416}"
0025_dense_grid_535,dense_grid,6,penalty_row_xy,3,5.0,119,ok,24,2376,628,332,6949,8447,2069,1.0711145401000977,"{""ecr"": 6949, ""rz"": 22601, ""sx"": 11753, ""x"": 1511}"
0025_dense_grid_535,dense_grid,6,penalty_row_xy,3,5.0,120,ok,24,2376,628,332,6859,9352,2326,1.059709072113037,"{""ecr"": 6859, ""rz"": 22307, ""sx"": 11538, ""x"": 1564}"
0027_dense_grid_line_537,dense_grid_line,6,token_line_rotating,3,,101,ok,19,1767,2454,1504,5639,14274,3725,1.7400290966033936,"{""ecr"": 5639, ""rz"": 16547, ""sx"": 9226, ""x"": 1050}"
0027_dense_grid_line_537,dense_grid_line,6,token_line_rotating,3,,102,ok,19,1767,2454,1504,5674,15033,3907,1.1145987510681152,"{""ecr"": 5674, ""rz"": 16645, ""sx"": 9336, ""x"": 1009}"
0027_dense_grid_line_537,dense_grid_line,6,token_line_rotating,3,,103,ok,19,1767,2454,1504,5667,14777,3836,1.1022260189056396,"{""ecr"": 5667, ""rz"": 16626, ""sx"": 9397, ""x"": 1031}"
0027_dense_grid_line_537,dense_grid_line,6,token_line_rotating,3,,104,ok,19,1767,2454,1504,5710,15034,3921,0.9024248123168945,"{""ecr"": 5710, ""rz"": 16721, ""sx"": 9433, ""x"": 976}"
0027_dense_grid_line_537,dense_grid_line,6,token_line_rotating,3,,105,ok,19,1767,2454,1504,5653,14681,3849,0.9489123821258545,"{""ecr"": 5653, ""rz"": 16575, ""sx"": 9254, ""x"": 1032}"
0027_dense_grid_line_537,dense_grid_line,6,token_line_rotating,3,,106,ok,19,1767,2454,1504,5696,14118,3700,1.3258357048034668,"{""ecr"": 5696, ""rz"": 16743, ""sx"": 9162, ""x"": 1074}"
0027_dense_grid_line_537,dense_grid_line,6,token_line_rotating,3,,107,ok,19,1767,2454,1504,5586,14785,3851,1.0288596153259277,"{""ecr"": 5586, ""rz"": 16434, ""sx"": 9430, ""x"": 894}"
0027_dense_grid_line_537,dense_grid_line,6,token_line_rotating,3,,108,ok,19,1767,2454,1504,5685,14471,3771,0.866445779800415,"{""ecr"": 5685, ""rz"": 16747, ""sx"": 9122, ""x"": 1175}"
0027_dense_grid_line_537,dense_grid_line,6,token_line_rotating,3,,109,ok,19,1767,2454,1504,5659,14529,3760,1.1886544227600098,"{""ecr"": 5659, ""rz"": 16604, ""sx"": 9430, ""x"": 978}"
0027_dense_grid_line_537,dense_grid_line,6,token_line_rotating,3,,110,ok,19,1767,2454,1504,5696,14437,3769,0.8580098152160645,"{""ecr"": 5696, ""rz"": 16633, ""sx"": 9269, ""x"": 1071}"
0027_dense_grid_line_537,dense_grid_line,6,token_line_rotating,3,,111,ok,19,1767,2454,1504,5685,14568,3785,1.0936434268951416,"{""ecr"": 5685, ""rz"": 16674, ""sx"": 9471, ""x"": 990}"
0027_dense_grid_line_537,dense_grid_line,6,token_line_rotating,3,,112,ok,19,1767,2454,1504,5679,14472,3792,0.9611039161682129,"{""ecr"": 5679, ""rz"": 16721, ""sx"": 9317, ""x"": 1014}"
0027_dense_grid_line_537,dense_grid_line,6,token_line_rotating,3,,113,ok,19,1767,2454,1504,5616,14441,3780,1.066004991531372,"{""ecr"": 5616, ""rz"": 16533, ""sx"": 9250, ""x"": 991}"
0027_dense_grid_line_537,dense_grid_line,6,token_line_rotating,3,,114,ok,19,1767,2454,1504,5759,14912,3879,1.1642553806304932,"{""ecr"": 5759, ""rz"": 16853, ""sx"": 9507, ""x"": 982}"
0027_dense_grid_line_537,dense_grid_line,6,token_line_rotating,3,,115,ok,19,1767,2454,1504,5592,14431,3771,1.3378071784973145,"{""ecr"": 5592, ""rz"": 16499, ""sx"": 9342, ""x"": 998}"
0027_dense_grid_line_537,dense_grid_line,6,token_line_rotating,3,,116,ok,19,1767,2454,1504,5713,14532,3769,1.05989670753479,"{""ecr"": 5713, ""rz"": 16835, ""sx"": 9544, ""x"": 999}"
0027_dense_grid_line_537,dense_grid_line,6,token_line_rotating,3,,117,ok,19,1767,2454,1504,5635,14087,3678,1.289961576461792,"{""ecr"": 5635, ""rz"": 16629, ""sx"": 9367, ""x"": 1006}"
0027_dense_grid_line_537,dense_grid_line,6,token_line_rotating,3,,118,ok,19,1767,2454,1504,5667,14741,3829,0.7813019752502441,"{""ecr"": 5667, ""rz"": 16596, ""sx"": 9365, ""x"": 978}"
0027_dense_grid_line_537,dense_grid_line,6,token_line_rotating,3,,119,ok,19,1767,2454,1504,5684,14355,3735,0.9773955345153809,"{""ecr"": 5684, ""rz"": 16762, ""sx"": 9343, ""x"": 1045}"
0027_dense_grid_line_537,dense_grid_line,6,token_line_rotating,3,,120,ok,19,1767,2454,1504,5560,14208,3702,1.1119399070739746,"{""ecr"": 5560, ""rz"": 16309, ""sx"": 9213, ""x"": 969}"
0027_dense_grid_line_537,dense_grid_line,6,penalty_row_xy,3,5.0,101,ok,24,2376,628,332,6818,8496,2088,1.0888891220092773,"{""ecr"": 6818, ""rz"": 22253, ""sx"": 11578, ""x"": 1429}"
0027_dense_grid_line_537,dense_grid_line,6,penalty_row_xy,3,5.0,102,ok,24,2376,628,332,6781,8327,2072,1.25681734085083,"{""ecr"": 6781, ""rz"": 22087, ""sx"": 11569, ""x"": 1401}"
0027_dense_grid_line_537,dense_grid_line,6,penalty_row_xy,3,5.0,103,ok,24,2376,628,332,6823,8104,1991,0.8927555084228516,"{""ecr"": 6823, ""rz"": 22252, ""sx"": 11690, ""x"": 1345}"
0027_dense_grid_line_537,dense_grid_line,6,penalty_row_xy,3,5.0,104,ok,24,2376,628,332,6815,8327,2048,1.6198666095733643,"{""ecr"": 6815, ""rz"": 22189, ""sx"": 11549, ""x"": 1422}"
0027_dense_grid_line_537,dense_grid_line,6,penalty_row_xy,3,5.0,105,ok,24,2376,628,332,6652,7869,1937,1.181466817855835,"{""ecr"": 6652, ""rz"": 21614, ""sx"": 11216, ""x"": 1392}"
0027_dense_grid_line_537,dense_grid_line,6,penalty_row_xy,3,5.0,106,ok,24,2376,628,332,6868,9190,2275,1.1157052516937256,"{""ecr"": 6868, ""rz"": 22341, ""sx"": 11700, ""x"": 1418}"
0027_dense_grid_line_537,dense_grid_line,6,penalty_row_xy,3,5.0,107,ok,24,2376,628,332,6745,8880,2172,1.1642975807189941,"{""ecr"": 6745, ""rz"": 22060, ""sx"": 11583, ""x"": 1358}"
0027_dense_grid_line_537,dense_grid_line,6,penalty_row_xy,3,5.0,108,ok,24,2376,628,332,6864,9858,2414,1.0069835186004639,"{""ecr"": 6864, ""rz"": 22415, ""sx"": 11695, ""x"": 1462}"
0027_dense_grid_line_537,dense_grid_line,6,penalty_row_xy,3,5.0,109,ok,24,2376,628,332,6841,8739,2172,1.0350759029388428,"{""ecr"": 6841, ""rz"": 22229, ""sx"": 11647, ""x"": 1378}"
0027_dense_grid_line_537,dense_grid_line,6,penalty_row_xy,3,5.0,110,ok,24,2376,628,332,6818,8613,2139,1.2755212783813477,"{""ecr"": 6818, ""rz"": 22118, ""sx"": 11606, ""x"": 1404}"
0027_dense_grid_line_537,dense_grid_line,6,penalty_row_xy,3,5.0,111,ok,24,2376,628,332,6844,9129,2243,1.2722692489624023,"{""ecr"": 6844, ""rz"": 22345, ""sx"": 11685, ""x"": 1441}"
0027_dense_grid_line_537,dense_grid_line,6,penalty_row_xy,3,5.0,112,ok,24,2376,628,332,6875,8268,2024,1.0635709762573242,"{""ecr"": 6875, ""rz"": 22415, ""sx"": 11536, ""x"": 1561}"
0027_dense_grid_line_537,dense_grid_line,6,penalty_row_xy,3,5.0,113,ok,24,2376,628,332,6825,8661,2129,1.2334363460540771,"{""ecr"": 6825, ""rz"": 22199, ""sx"": 11610, ""x"": 1404}"
0027_dense_grid_line_537,dense_grid_line,6,penalty_row_xy,3,5.0,114,ok,24,2376,628,332,6742,9210,2293,0.9920485019683838,"{""ecr"": 6742, ""rz"": 21877, ""sx"": 11424, ""x"": 1452}"
0027_dense_grid_line_537,dense_grid_line,6,penalty_row_xy,3,5.0,115,ok,24,2376,628,332,6904,8581,2133,1.0882363319396973,"{""ecr"": 6904, ""rz"": 22500, ""sx"": 11704, ""x"": 1442}"
0027_dense_grid_line_537,dense_grid_line,6,penalty_row_xy,3,5.0,116,ok,24,2376,628,332,6772,8050,1978,1.0544841289520264,"{""ecr"": 6772, ""rz"": 22120, ""sx"": 11572, ""x"": 1413}"
0027_dense_grid_line_537,dense_grid_line,6,penalty_row_xy,3,5.0,117,ok,24,2376,628,332,6839,8131,2023,1.0490021705627441,"{""ecr"": 6839, ""rz"": 22129, ""sx"": 11588, ""x"": 1437}"
0027_dense_grid_line_537,dense_grid_line,6,penalty_row_xy,3,5.0,118,ok,24,2376,628,332,6827,9123,2245,1.1150341033935547,"{""ecr"": 6827, ""rz"": 22187, ""sx"": 11658, ""x"": 1416}"
0027_dense_grid_line_537,dense_grid_line,6,penalty_row_xy,3,5.0,119,ok,24,2376,628,332,6949,8447,2069,1.0820972919464111,"{""ecr"": 6949, ""rz"": 22601, ""sx"": 11753, ""x"": 1511}"
0027_dense_grid_line_537,dense_grid_line,6,penalty_row_xy,3,5.0,120,ok,24,2376,628,332,6859,9352,2326,1.0195748805999756,"{""ecr"": 6859, ""rz"": 22307, ""sx"": 11538, ""x"": 1564}"
0029_dense_grid_lshape_539,dense_grid_lshape,6,token_line_rotating,3,,101,ok,19,1785,2465,1516,5662,14597,3788,1.4280469417572021,"{""ecr"": 5662, ""rz"": 16749, ""sx"": 9406, ""x"": 981}"
0029_dense_grid_lshape_539,dense_grid_lshape,6,token_line_rotating,3,,102,ok,19,1785,2465,1516,5776,14612,3832,0.8526973724365234,"{""ecr"": 5776, ""rz"": 16944, ""sx"": 9347, ""x"": 1026}"
0029_dense_grid_lshape_539,dense_grid_lshape,6,token_line_rotating,3,,103,ok,19,1785,2465,1516,5796,14657,3824,1.207871913909912,"{""ecr"": 5796, ""rz"": 17015, ""sx"": 9691, ""x"": 919}"
0029_dense_grid_lshape_539,dense_grid_lshape,6,token_line_rotating,3,,104,ok,19,1785,2465,1516,5916,14751,3856,0.8801484107971191,"{""ecr"": 5916, ""rz"": 17424, ""sx"": 9697, ""x"": 1103}"
0029_dense_grid_lshape_539,dense_grid_lshape,6,token_line_rotating,3,,105,ok,19,1785,2465,1516,5800,14939,3898,0.9106838703155518,"{""ecr"": 5800, ""rz"": 17115, ""sx"": 9505, ""x"": 1039}"
0029_dense_grid_lshape_539,dense_grid_lshape,6,token_line_rotating,3,,106,ok,19,1785,2465,1516,5748,14423,3749,0.8992178440093994,"{""ecr"": 5748, ""rz"": 16912, ""sx"": 9251, ""x"": 1174}"
0029_dense_grid_lshape_539,dense_grid_lshape,6,token_line_rotating,3,,107,ok,19,1785,2465,1516,5886,14879,3876,1.1080784797668457,"{""ecr"": 5886, ""rz"": 17415, ""sx"": 9747, ""x"": 1009}"
0029_dense_grid_lshape_539,dense_grid_lshape,6,token_line_rotating,3,,108,ok,19,1785,2465,1516,5794,14675,3846,0.9650402069091797,"{""ecr"": 5794, ""rz"": 17117, ""sx"": 9471, ""x"": 1035}"
0029_dense_grid_lshape_539,dense_grid_lshape,6,token_line_rotating,3,,109,ok,19,1785,2465,1516,5806,14751,3844,0.8545534610748291,"{""ecr"": 5806, ""rz"": 17155, ""sx"": 9588, ""x"": 997}"
0029_dense_grid_lshape_539,dense_grid_lshape,6,token_line_rotating,3,,110,ok,19,1785,2465,1516,5901,15050,3899,1.0779438018798828,"{""ecr"": 5901, ""rz"": 17331, ""sx"": 9941, ""x"": 974}"
0029_dense_grid_lshape_539,dense_grid_lshape,6,token_line_rotating,3,,111,ok,19,1785,2465,1516,5822,15245,3983,1.164529800415039,"{""ecr"": 5822, ""rz"": 17134, ""sx"": 9353, ""x"": 1150}"
0029_dense_grid_lshape_539,dense_grid_lshape,6,token_line_rotating,3,,112,ok,19,1785,2465,1516,5754,14794,3841,0.9954493045806885,"{""ecr"": 5754, ""rz"": 16954, ""sx"": 9524, ""x"": 1073}"
0029_dense_grid_lshape_539,dense_grid_lshape,6,token_line_rotating,3,,113,ok,19,1785,2465,1516,5694,14528,3755,0.9704546928405762,"{""ecr"": 5694, ""rz"": 16728, ""sx"": 9668, ""x"": 944}"
0029_dense_grid_lshape_539,dense_grid_lshape,6,token_line_rotating,3,,114,ok,19,1785,2465,1516,5728,14513,3776,1.4150073528289795,"{""ecr"": 5728, ""rz"": 16795, ""sx"": 9455, ""x"": 1054}"
0029_dense_grid_lshape_539,dense_grid_lshape,6,token_line_rotating,3,,115,ok,19,1785,2465,1516,5633,14096,3668,1.318695306777954,"{""ecr"": 5633, ""rz"": 16583, ""sx"": 9241, ""x"": 1057}"
0029_dense_grid_lshape_539,dense_grid_lshape,6,token_line_rotating,3,,116,ok,19,1785,2465,1516,5702,14672,3815,1.0399341583251953,"{""ecr"": 5702, ""rz"": 16762, ""sx"": 9586, ""x"": 950}"
0029_dense_grid_lshape_539,dense_grid_lshape,6,token_line_rotating,3,,117,ok,19,1785,2465,1516,5772,15078,3909,1.8547158241271973,"{""ecr"": 5772, ""rz"": 16987, ""sx"": 9845, ""x"": 899}"
0029_dense_grid_lshape_539,dense_grid_lshape,6,token_line_rotating,3,,118,ok,19,1785,2465,1516,5780,14667,3806,0.8863241672515869,"{""ecr"": 5780, ""rz"": 17026, ""sx"": 9710, ""x"": 984}"
0029_dense_grid_lshape_539,dense_grid_lshape,6,token_line_rotating,3,,119,ok,19,1785,2465,1516,5790,14699,3849,1.4047727584838867,"{""ecr"": 5790, ""rz"": 16928, ""sx"": 9495, ""x"": 1065}"
0029_dense_grid_lshape_539,dense_grid_lshape,6,token_line_rotating,3,,120,ok,19,1785,2465,1516,5821,15146,3954,1.0327141284942627,"{""ecr"": 5821, ""rz"": 17095, ""sx"": 9523, ""x"": 1115}"
0029_dense_grid_lshape_539,dense_grid_lshape,6,penalty_row_xy,3,5.0,101,ok,24,2376,628,332,6818,8496,2088,1.138176441192627,"{""ecr"": 6818, ""rz"": 22253, ""sx"": 11578, ""x"": 1429}"
0029_dense_grid_lshape_539,dense_grid_lshape,6,penalty_row_xy,3,5.0,102,ok,24,2376,628,332,6781,8327,2072,1.3215413093566895,"{""ecr"": 6781, ""rz"": 22087, ""sx"": 11569, ""x"": 1401}"
0029_dense_grid_lshape_539,dense_grid_lshape,6,penalty_row_xy,3,5.0,103,ok,24,2376,628,332,6823,8104,1991,0.9421758651733398,"{""ecr"": 6823, ""rz"": 22252, ""sx"": 11690, ""x"": 1345}"
0029_dense_grid_lshape_539,dense_grid_lshape,6,penalty_row_xy,3,5.0,104,ok,24,2376,628,332,6815,8327,2048,1.1774604320526123,"{""ecr"": 6815, ""rz"": 22189, ""sx"": 11549, ""x"": 1422}"
0029_dense_grid_lshape_539,dense_grid_lshape,6,penalty_row_xy,3,5.0,105,ok,24,2376,628,332,6652,7869,1937,1.0535130500793457,"{""ecr"": 6652, ""rz"": 21614, ""sx"": 11216, ""x"": 1392}"
0029_dense_grid_lshape_539,dense_grid_lshape,6,penalty_row_xy,3,5.0,106,ok,24,2376,628,332,6868,9190,2275,0.9554545879364014,"{""ecr"": 6868, ""rz"": 22341, ""sx"": 11700, ""x"": 1418}"
0029_dense_grid_lshape_539,dense_grid_lshape,6,penalty_row_xy,3,5.0,107,ok,24,2376,628,332,6745,8880,2172,1.0254693031311035,"{""ecr"": 6745, ""rz"": 22060, ""sx"": 11583, ""x"": 1358}"
0029_dense_grid_lshape_539,dense_grid_lshape,6,penalty_row_xy,3,5.0,108,ok,24,2376,628,332,6864,9858,2414,1.2962946891784668,"{""ecr"": 6864, ""rz"": 22415, ""sx"": 11695, ""x"": 1462}"
0029_dense_grid_lshape_539,dense_grid_lshape,6,penalty_row_xy,3,5.0,109,ok,24,2376,628,332,6841,8739,2172,1.135427474975586,"{""ecr"": 6841, ""rz"": 22229, ""sx"": 11647, ""x"": 1378}"
0029_dense_grid_lshape_539,dense_grid_lshape,6,penalty_row_xy,3,5.0,110,ok,24,2376,628,332,6818,8613,2139,0.9913020133972168,"{""ecr"": 6818, ""rz"": 22118, ""sx"": 11606, ""x"": 1404}"
0029_dense_grid_lshape_539,dense_grid_lshape,6,penalty_row_xy,3,5.0,111,ok,24,2376,628,332,6844,9129,2243,1.1614110469818115,"{""ecr"": 6844, ""rz"": 22345, ""sx"": 11685, ""x"": 1441}"
0029_dense_grid_lshape_539,dense_grid_lshape,6,penalty_row_xy,3,5.0,112,ok,24,2376,628,332,6875,8268,2024,1.0942466259002686,"{""ecr"": 6875, ""rz"": 22415, ""sx"": 11536, ""x"": 1561}"
0029_dense_grid_lshape_539,dense_grid_lshape,6,penalty_row_xy,3,5.0,113,ok,24,2376,628,332,6825,8661,2129,1.1105623245239258,"{""ecr"": 6825, ""rz"": 22199, ""sx"": 11610, ""x"": 1404}"
0029_dense_grid_lshape_539,dense_grid_lshape,6,penalty_row_xy,3,5.0,114,ok,24,2376,628,332,6742,9210,2293,1.1780424118041992,"{""ecr"": 6742, ""rz"": 21877, ""sx"": 11424, ""x"": 1452}"
0029_dense_grid_lshape_539,dense_grid_lshape,6,penalty_row_xy,3,5.0,115,ok,24,2376,628,332,6904,8581,2133,1.324087142944336,"{""ecr"": 6904, ""rz"": 22500, ""sx"": 11704, ""x"": 1442}"
0029_dense_grid_lshape_539,dense_grid_lshape,6,penalty_row_xy,3,5.0,116,ok,24,2376,628,332,6772,8050,1978,1.303117036819458,"{""ecr"": 6772, ""rz"": 22120, ""sx"": 11572, ""x"": 1413}"
0029_dense_grid_lshape_539,dense_grid_lshape,6,penalty_row_xy,3,5.0,117,ok,24,2376,628,332,6839,8131,2023,1.2915065288543701,"{""ecr"": 6839, ""rz"": 22129, ""sx"": 11588, ""x"": 1437}"
0029_dense_grid_lshape_539,dense_grid_lshape,6,penalty_row_xy,3,5.0,118,ok,24,2376,628,332,6827,9123,2245,1.3082194328308105,"{""ecr"": 6827, ""rz"": 22187, ""sx"": 11658, ""x"": 1416}"
0029_dense_grid_lshape_539,dense_grid_lshape,6,penalty_row_xy,3,5.0,119,ok,24,2376,628,332,6949,8447,2069,1.380483627319336,"{""ecr"": 6949, ""rz"": 22601, ""sx"": 11753, ""x"": 1511}"
0029_dense_grid_lshape_539,dense_grid_lshape,6,penalty_row_xy,3,5.0,120,ok,24,2376,628,332,6859,9352,2326,1.4535329341888428,"{""ecr"": 6859, ""rz"": 22307, ""sx"": 11538, ""x"": 1564}"
0030_sparse_grid_542,sparse_grid,4,token_line_rotating,3,,101,ok,19,1593,2168,1354,4929,12814,3336,0.9902791976928711,"{""ecr"": 4929, ""rz"": 14489, ""sx"": 8247, ""x"": 856}"
0030_sparse_grid_542,sparse_grid,4,token_line_rotating,3,,102,ok,19,1593,2168,1354,4875,12517,3289,0.9852378368377686,"{""ecr"": 4875, ""rz"": 14180, ""sx"": 7907, ""x"": 974}"
0030_sparse_grid_542,sparse_grid,4,token_line_rotating,3,,103,ok,19,1593,2168,1354,4922,12609,3308,0.8577017784118652,"{""ecr"": 4922, ""rz"": 14464, ""sx"": 8068, ""x"": 902}"
0030_sparse_grid_542,sparse_grid,4,token_line_rotating,3,,104,ok,19,1593,2168,1354,4978,13034,3405,0.968320369720459,"{""ecr"": 4978, ""rz"": 14594, ""sx"": 8154, ""x"": 883}"
0030_sparse_grid_542,sparse_grid,4,token_line_rotating,3,,105,ok,19,1593,2168,1354,4904,12667,3298,0.858651876449585,"{""ecr"": 4904, ""rz"": 14481, ""sx"": 8185, ""x"": 871}"
0030_sparse_grid_542,sparse_grid,4,token_line_rotating,3,,106,ok,19,1593,2168,1354,4927,12978,3398,0.6523644924163818,"{""ecr"": 4927, ""rz"": 14456, ""sx"": 8098, ""x"": 901}"
0030_sparse_grid_542,sparse_grid,4,token_line_rotating,3,,107,ok,19,1593,2168,1354,4911,12689,3319,0.8408656120300293,"{""ecr"": 4911, ""rz"": 14440, ""sx"": 8140, ""x"": 834}"
0030_sparse_grid_542,sparse_grid,4,token_line_rotating,3,,108,ok,19,1593,2168,1354,4831,12476,3263,0.9323036670684814,"{""ecr"": 4831, ""rz"": 14112, ""sx"": 7852, ""x"": 901}"
0030_sparse_grid_542,sparse_grid,4,token_line_rotating,3,,109,ok,19,1593,2168,1354,4937,12579,3285,0.9738085269927979,"{""ecr"": 4937, ""rz"": 14513, ""sx"": 8157, ""x"": 906}"
0030_sparse_grid_542,sparse_grid,4,token_line_rotating,3,,110,ok,19,1593,2168,1354,4999,12935,3385,0.8089790344238281,"{""ecr"": 4999, ""rz"": 14650, ""sx"": 8280, ""x"": 916}"
0030_sparse_grid_542,sparse_grid,4,token_line_rotating,3,,111,ok,19,1593,2168,1354,4839,12651,3286,0.9218196868896484,"{""ecr"": 4839, ""rz"": 14190, ""sx"": 8109, ""x"": 829}"
0030_sparse_grid_542,sparse_grid,4,token_line_rotating,3,,112,ok,19,1593,2168,1354,4851,12730,3322,1.0471282005310059,"{""ecr"": 4851, ""rz"": 14237, ""sx"": 8088, ""x"": 852}"
0030_sparse_grid_542,sparse_grid,4,token_line_rotating,3,,113,ok,19,1593,2168,1354,4997,12694,3330,0.91428542137146,"{""ecr"": 4997, ""rz"": 14575, ""sx"": 8186, ""x"": 935}"
0030_sparse_grid_542,sparse_grid,4,token_line_rotating,3,,114,ok,19,1593,2168,1354,4878,13029,3383,0.7365961074829102,"{""ecr"": 4878, ""rz"": 14379, ""sx"": 8174, ""x"": 863}"
0030_sparse_grid_542,sparse_grid,4,token_line_rotating,3,,115,ok,19,1593,2168,1354,4833,12450,3244,0.8445558547973633,"{""ecr"": 4833, ""rz"": 14218, ""sx"": 7930, ""x"": 923}"
0030_sparse_grid_542,sparse_grid,4,token_line_rotating,3,,116,ok,19,1593,2168,1354,4871,12446,3264,0.6449916362762451,"{""ecr"": 4871, ""rz"": 14235, ""sx"": 8020, ""x"": 935}"
0030_sparse_grid_542,sparse_grid,4,token_line_rotating,3,,117,ok,19,1593,2168,1354,4758,12889,3339,0.9663698673248291,"{""ecr"": 4758, ""rz"": 14103, ""sx"": 8113, ""x"": 796}"
0030_sparse_grid_542,sparse_grid,4,token_line_rotating,3,,118,ok,19,1593,2168,1354,4853,12789,3344,0.8023788928985596,"{""ecr"": 4853, ""rz"": 14273, ""sx"": 8082, ""x"": 855}"
0030_sparse_grid_542,sparse_grid,4,token_line_rotating,3,,119,ok,19,1593,2168,1354,4877,12596,3298,0.8669934272766113,"{""ecr"": 4877, ""rz"": 14405, ""sx"": 8129, ""x"": 802}"
0030_sparse_grid_542,sparse_grid,4,token_line_rotating,3,,120,ok,19,1593,2168,1354,4929,12862,3369,1.171105146408081,"{""ecr"": 4929, ""rz"": 14546, ""sx"": 8206, ""x"": 817}"
0030_sparse_grid_542,sparse_grid,4,penalty_row_xy,3,5.0,101,ok,24,2016,526,264,5658,7518,1860,1.130600929260254,"{""ecr"": 5658, ""rz"": 18455, ""sx"": 9699, ""x"": 1206}"
0030_sparse_grid_542,sparse_grid,4,penalty_row_xy,3,5.0,102,ok,24,2016,526,264,5666,6691,1655,0.8765084743499756,"{""ecr"": 5666, ""rz"": 18399, ""sx"": 9739, ""x"": 1197}"
0030_sparse_grid_542,sparse_grid,4,penalty_row_xy,3,5.0,103,ok,24,2016,526,264,5703,7200,1759,0.6955423355102539,"{""ecr"": 5703, ""rz"": 18535, ""sx"": 9784, ""x"": 1233}"
0030_sparse_grid_542,sparse_grid,4,penalty_row_xy,3,5.0,104,ok,24,2016,526,264,5521,7115,1716,0.9669966697692871,"{""ecr"": 5521, ""rz"": 18129, ""sx"": 9543, ""x"": 1163}"
0030_sparse_grid_542,sparse_grid,4,penalty_row_xy,3,5.0,105,ok,24,2016,526,264,5646,7481,1816,0.8944141864776611,"{""ecr"": 5646, ""rz"": 18496, ""sx"": 9825, ""x"": 1153}"
0030_sparse_grid_542,sparse_grid,4,penalty_row_xy,3,5.0,106,ok,24,2016,526,264,5518,7627,1870,0.7401187419891357,"{""ecr"": 5518, ""rz"": 18115, ""sx"": 9574, ""x"": 1086}"
0030_sparse_grid_542,sparse_grid,4,penalty_row_xy,3,5.0,107,ok,24,2016,526,264,5610,6394,1559,0.7205209732055664,"{""ecr"": 5610, ""rz"": 18501, ""sx"": 9767, ""x"": 1174}"
0030_sparse_grid_542,sparse_grid,4,penalty_row_xy,3,5.0,108,ok,24,2016,526,264,5567,6809,1665,0.9184525012969971,"{""ecr"": 5567, ""rz"": 18304, ""sx"": 9689, ""x"": 1096}"
0030_sparse_grid_542,sparse_grid,4,penalty_row_xy,3,5.0,109,ok,24,2016,526,264,5584,7232,1767,0.9015429019927979,"{""ecr"": 5584, ""rz"": 18333, ""sx"": 9750, ""x"": 1096}"
0030_sparse_grid_542,sparse_grid,4,penalty_row_xy,3,5.0,110,ok,24,2016,526,264,5499,7121,1732,0.7267069816589355,"{""ecr"": 5499, ""rz"": 18077, ""sx"": 9536, ""x"": 1145}"
0030_sparse_grid_542,sparse_grid,4,penalty_row_xy,3,5.0,111,ok,24,2016,526,264,5588,7380,1779,0.7220282554626465,"{""ecr"": 5588, ""rz"": 18414, ""sx"": 9911, ""x"": 989}"
0030_sparse_grid_542,sparse_grid,4,penalty_row_xy,3,5.0,112,ok,24,2016,526,264,5590,7825,1915,1.0142993927001953,"{""ecr"": 5590, ""rz"": 18358, ""sx"": 9683, ""x"": 1122}"
0030_sparse_grid_542,sparse_grid,4,penalty_row_xy,3,5.0,113,ok,24,2016,526,264,5604,6425,1581,0.7506065368652344,"{""ecr"": 5604, ""rz"": 18442, ""sx"": 9761, ""x"": 1133}"
0030_sparse_grid_542,sparse_grid,4,penalty_row_xy,3,5.0,114,ok,24,2016,526,264,5684,7012,1733,1.0538132190704346,"{""ecr"": 5684, ""rz"": 18586, ""sx"": 9748, ""x"": 1214}"
0030_sparse_grid_542,sparse_grid,4,penalty_row_xy,3,5.0,115,ok,24,2016,526,264,5573,6624,1594,1.0155494213104248,"{""ecr"": 5573, ""rz"": 18480, ""sx"": 9662, ""x"": 1223}"
0030_sparse_grid_542,sparse_grid,4,penalty_row_xy,3,5.0,116,ok,24,2016,526,264,5588,7038,1728,0.9202156066894531,"{""ecr"": 5588, ""rz"": 18298, ""sx"": 9698, ""x"": 1113}"
0030_sparse_grid_542,sparse_grid,4,penalty_row_xy,3,5.0,117,ok,24,2016,526,264,5560,6481,1593,0.8430147171020508,"{""ecr"": 5560, ""rz"": 18245, ""sx"": 9549, ""x"": 1186}"
0030_sparse_grid_542,sparse_grid,4,penalty_row_xy,3,5.0,118,ok,24,2016,526,264,5602,6166,1519,0.8648087978363037,"{""ecr"": 5602, ""rz"": 18529, ""sx"": 9767, ""x"": 1116}"
0030_sparse_grid_542,sparse_grid,4,penalty_row_xy,3,5.0,119,ok,24,2016,526,264,5564,6829,1682,0.9678027629852295,"{""ecr"": 5564, ""rz"": 18186, ""sx"": 9504, ""x"": 1215}"
0030_sparse_grid_542,sparse_grid,4,penalty_row_xy,3,5.0,120,ok,24,2016,526,264,5733,8554,2089,0.9643619060516357,"{""ecr"": 5733, ""rz"": 18725, ""sx"": 9806, ""x"": 1268}"
0031_dense_grid_543,dense_grid,6,token_line_rotating,3,,101,ok,19,1995,2786,1746,6667,16975,4428,1.3189177513122559,"{""ecr"": 6667, ""rz"": 19580, ""sx"": 10941, ""x"": 1191}"
0031_dense_grid_543,dense_grid,6,token_line_rotating,3,,102,ok,19,1995,2786,1746,6662,16665,4353,1.3876152038574219,"{""ecr"": 6662, ""rz"": 19469, ""sx"": 11023, ""x"": 1196}"
0031_dense_grid_543,dense_grid,6,token_line_rotating,3,,103,ok,19,1995,2786,1746,6781,17044,4443,1.2520332336425781,"{""ecr"": 6781, ""rz"": 19874, ""sx"": 11196, ""x"": 1121}"
0031_dense_grid_543,dense_grid,6,token_line_rotating,3,,104,ok,19,1995,2786,1746,6627,17001,4421,1.1255643367767334,"{""ecr"": 6627, ""rz"": 19542, ""sx"": 11151, ""x"": 1144}"
0031_dense_grid_543,dense_grid,6,token_line_rotating,3,,105,ok,19,1995,2786,1746,6787,16999,4450,0.9907503128051758,"{""ecr"": 6787, ""rz"": 19907, ""sx"": 11028, ""x"": 1166}"
0031_dense_grid_543,dense_grid,6,token_line_rotating,3,,106,ok,19,1995,2786,1746,6708,17513,4580,1.3523163795471191,"{""ecr"": 6708, ""rz"": 19575, ""sx"": 11173, ""x"": 1048}"
0031_dense_grid_543,dense_grid,6,token_line_rotating,3,,107,ok,19,1995,2786,1746,6623,16743,4368,1.1164374351501465,"{""ecr"": 6623, ""rz"": 19503, ""sx"": 10913, ""x"": 1106}"
0031_dense_grid_543,dense_grid,6,token_line_rotating,3,,108,ok,19,1995,2786,1746,6668,16685,4367,1.2709870338439941,"{""ecr"": 6668, ""rz"": 19551, ""sx"": 10913, ""x"": 1174}"
0031_dense_grid_543,dense_grid,6,token_line_rotating,3,,109,ok,19,1995,2786,1746,6639,17022,4449,1.050513505935669,"{""ecr"": 6639, ""rz"": 19482, ""sx"": 11059, ""x"": 1060}"
0031_dense_grid_543,dense_grid,6,token_line_rotating,3,,110,ok,19,1995,2786,1746,6781,17231,4523,1.087125539779663,"{""ecr"": 6781, ""rz"": 19833, ""sx"": 10928, ""x"": 1267}"
0031_dense_grid_543,dense_grid,6,token_line_rotating,3,,111,ok,19,1995,2786,1746,6662,16911,4415,0.9077110290527344,"{""ecr"": 6662, ""rz"": 19383, ""sx"": 10830, ""x"": 1257}"
0031_dense_grid_543,dense_grid,6,token_line_rotating,3,,112,ok,19,1995,2786,1746,6642,16570,4347,1.2486858367919922,"{""ecr"": 6642, ""rz"": 19593, ""sx"": 10893, ""x"": 1129}"
0031_dense_grid_543,dense_grid,6,token_line_rotating,3,,113,ok,19,1995,2786,1746,6768,16999,4451,1.5969228744506836,"{""ecr"": 6768, ""rz"": 19849, ""sx"": 11066, ""x"": 1197}"
0031_dense_grid_543,dense_grid,6,token_line_rotating,3,,114,ok,19,1995,2786,1746,6710,17121,4476,1.6630046367645264,"{""ecr"": 6710, ""rz"": 19734, ""sx"": 11028, ""x"": 1190}"
0031_dense_grid_543,dense_grid,6,token_line_rotating,3,,115,ok,19,1995,2786,1746,6688,16655,4345,1.2218084335327148,"{""ecr"": 6688, ""rz"": 19575, ""sx"": 11061, ""x"": 1102}"
0031_dense_grid_543,dense_grid,6,token_line_rotating,3,,116,ok,19,1995,2786,1746,6716,16909,4416,1.2473948001861572,"{""ecr"": 6716, ""rz"": 19718, ""sx"": 11031, ""x"": 1131}"
0031_dense_grid_543,dense_grid,6,token_line_rotating,3,,117,ok,19,1995,2786,1746,6675,16858,4426,1.1215665340423584,"{""ecr"": 6675, ""rz"": 19389, ""sx"": 10890, ""x"": 1165}"
0031_dense_grid_543,dense_grid,6,token_line_rotating,3,,118,ok,19,1995,2786,1746,6646,17076,4475,1.619018793106079,"{""ecr"": 6646, ""rz"": 19384, ""sx"": 10810, ""x"": 1223}"
0031_dense_grid_543,dense_grid,6,token_line_rotating,3,,119,ok,19,1995,2786,1746,6625,16800,4390,1.6189935207366943,"{""ecr"": 6625, ""rz"": 19391, ""sx"": 10760, ""x"": 1245}"
0031_dense_grid_543,dense_grid,6,token_line_rotating,3,,120,ok,19,1995,2786,1746,6735,16774,4402,1.4335763454437256,"{""ecr"": 6735, ""rz"": 19818, ""sx"": 10928, ""x"": 1224}"
0031_dense_grid_543,dense_grid,6,penalty_row_xy,3,5.0,101,ok,24,2376,628,332,6818,8496,2088,1.1971793174743652,"{""ecr"": 6818, ""rz"": 22253, ""sx"": 11578, ""x"": 1429}"
0031_dense_grid_543,dense_grid,6,penalty_row_xy,3,5.0,102,ok,24,2376,628,332,6781,8327,2072,1.3205697536468506,"{""ecr"": 6781, ""rz"": 22087, ""sx"": 11569, ""x"": 1401}"
0031_dense_grid_543,dense_grid,6,penalty_row_xy,3,5.0,103,ok,24,2376,628,332,6823,8104,1991,1.0122313499450684,"{""ecr"": 6823, ""rz"": 22252, ""sx"": 11690, ""x"": 1345}"
0031_dense_grid_543,dense_grid,6,penalty_row_xy,3,5.0,104,ok,24,2376,628,332,6815,8327,2048,1.290400505065918,"{""ecr"": 6815, ""rz"": 22189, ""sx"": 11549, ""x"": 1422}"
0031_dense_grid_543,dense_grid,6,penalty_row_xy,3,5.0,105,ok,24,2376,628,332,6652,7869,1937,0.8726165294647217,"{""ecr"": 6652, ""rz"": 21614, ""sx"": 11216, ""x"": 1392}"
0031_dense_grid_543,dense_grid,6,penalty_row_xy,3,5.0,106,ok,24,2376,628,332,6868,9190,2275,0.895841121673584,"{""ecr"": 6868, ""rz"": 22341, ""sx"": 11700, ""x"": 1418}"
0031_dense_grid_543,dense_grid,6,penalty_row_xy,3,5.0,107,ok,24,2376,628,332,6745,8880,2172,0.9853086471557617,"{""ecr"": 6745, ""rz"": 22060, ""sx"": 11583, ""x"": 1358}"
0031_dense_grid_543,dense_grid,6,penalty_row_xy,3,5.0,108,ok,24,2376,628,332,6864,9858,2414,1.0125031471252441,"{""ecr"": 6864, ""rz"": 22415, ""sx"": 11695, ""x"": 1462}"
0031_dense_grid_543,dense_grid,6,penalty_row_xy,3,5.0,109,ok,24,2376,628,332,6841,8739,2172,1.0449631214141846,"{""ecr"": 6841, ""rz"": 22229, ""sx"": 11647, ""x"": 1378}"
0031_dense_grid_543,dense_grid,6,penalty_row_xy,3,5.0,110,ok,24,2376,628,332,6818,8613,2139,1.0294005870819092,"{""ecr"": 6818, ""rz"": 22118, ""sx"": 11606, ""x"": 1404}"
0031_dense_grid_543,dense_grid,6,penalty_row_xy,3,5.0,111,ok,24,2376,628,332,6844,9129,2243,1.159794807434082,"{""ecr"": 6844, ""rz"": 22345, ""sx"": 11685, ""x"": 1441}"
0031_dense_grid_543,dense_grid,6,penalty_row_xy,3,5.0,112,ok,24,2376,628,332,6875,8268,2024,1.0575411319732666,"{""ecr"": 6875, ""rz"": 22415, ""sx"": 11536, ""x"": 1561}"
0031_dense_grid_543,dense_grid,6,penalty_row_xy,3,5.0,113,ok,24,2376,628,332,6825,8661,2129,1.0492501258850098,"{""ecr"": 6825, ""rz"": 22199, ""sx"": 11610, ""x"": 1404}"
0031_dense_grid_543,dense_grid,6,penalty_row_xy,3,5.0,114,ok,24,2376,628,332,6742,9210,2293,0.959805965423584,"{""ecr"": 6742, ""rz"": 21877, ""sx"": 11424, ""x"": 1452}"
0031_dense_grid_543,dense_grid,6,penalty_row_xy,3,5.0,115,ok,24,2376,628,332,6904,8581,2133,1.0421793460845947,"{""ecr"": 6904, ""rz"": 22500, ""sx"": 11704, ""x"": 1442}"
0031_dense_grid_543,dense_grid,6,penalty_row_xy,3,5.0,116,ok,24,2376,628,332,6772,8050,1978,1.222646713256836,"{""ecr"": 6772, ""rz"": 22120, ""sx"": 11572, ""x"": 1413}"
0031_dense_grid_543,dense_grid,6,penalty_row_xy,3,5.0,117,ok,24,2376,628,332,6839,8131,2023,1.122781753540039,"{""ecr"": 6839, ""rz"": 22129, ""sx"": 11588, ""x"": 1437}"
0031_dense_grid_543,dense_grid,6,penalty_row_xy,3,5.0,118,ok,24,2376,628,332,6827,9123,2245,1.0410151481628418,"{""ecr"": 6827, ""rz"": 22187, ""sx"": 11658, ""x"": 1416}"
0031_dense_grid_543,dense_grid,6,penalty_row_xy,3,5.0,119,ok,24,2376,628,332,6949,8447,2069,1.070605993270874,"{""ecr"": 6949, ""rz"": 22601, ""sx"": 11753, ""x"": 1511}"
0031_dense_grid_543,dense_grid,6,penalty_row_xy,3,5.0,120,ok,24,2376,628,332,6859,9352,2326,1.152247428894043,"{""ecr"": 6859, ""rz"": 22307, ""sx"": 11538, ""x"": 1564}"
0033_dense_grid_line_545,dense_grid_line,6,token_line_rotating,3,,101,ok,19,1767,2454,1504,5639,14296,3725,1.2782247066497803,"{""ecr"": 5639, ""rz"": 16559, ""sx"": 9234, ""x"": 1050}"
0033_dense_grid_line_545,dense_grid_line,6,token_line_rotating,3,,102,ok,19,1767,2454,1504,5674,15022,3907,0.8658957481384277,"{""ecr"": 5674, ""rz"": 16643, ""sx"": 9338, ""x"": 1009}"
0033_dense_grid_line_545,dense_grid_line,6,token_line_rotating,3,,103,ok,19,1767,2454,1504,5667,14770,3836,1.0119225978851318,"{""ecr"": 5667, ""rz"": 16624, ""sx"": 9390, ""x"": 1028}"
0033_dense_grid_line_545,dense_grid_line,6,token_line_rotating,3,,104,ok,19,1767,2454,1504,5710,15015,3921,1.145214557647705,"{""ecr"": 5710, ""rz"": 16704, ""sx"": 9420, ""x"": 962}"
0033_dense_grid_line_545,dense_grid_line,6,token_line_rotating,3,,105,ok,19,1767,2454,1504,5653,14693,3849,1.0004453659057617,"{""ecr"": 5653, ""rz"": 16572, ""sx"": 9239, ""x"": 1038}"
0033_dense_grid_line_545,dense_grid_line,6,token_line_rotating,3,,106,ok,19,1767,2454,1504,5696,14120,3700,0.9785666465759277,"{""ecr"": 5696, ""rz"": 16741, ""sx"": 9175, ""x"": 1073}"
0033_dense_grid_line_545,dense_grid_line,6,token_line_rotating,3,,107,ok,19,1767,2454,1504,5586,14794,3851,0.9397494792938232,"{""ecr"": 5586, ""rz"": 16430, ""sx"": 9441, ""x"": 898}"
0033_dense_grid_line_545,dense_grid_line,6,token_line_rotating,3,,108,ok,19,1767,2454,1504,5685,14464,3771,1.0031509399414062,"{""ecr"": 5685, ""rz"": 16729, ""sx"": 9117, ""x"": 1175}"
0033_dense_grid_line_545,dense_grid_line,6,token_line_rotating,3,,109,ok,19,1767,2454,1504,5659,14532,3760,0.8298454284667969,"{""ecr"": 5659, ""rz"": 16617, ""sx"": 9437, ""x"": 981}"
0033_dense_grid_line_545,dense_grid_line,6,token_line_rotating,3,,110,ok,19,1767,2454,1504,5696,14441,3769,1.0827527046203613,"{""ecr"": 5696, ""rz"": 16633, ""sx"": 9274, ""x"": 1071}"
0033_dense_grid_line_545,dense_grid_line,6,token_line_rotating,3,,111,ok,19,1767,2454,1504,5685,14565,3785,1.2630202770233154,"{""ecr"": 5685, ""rz"": 16678, ""sx"": 9462, ""x"": 1002}"
0033_dense_grid_line_545,dense_grid_line,6,token_line_rotating,3,,112,ok,19,1767,2454,1504,5679,14492,3792,0.9951624870300293,"{""ecr"": 5679, ""rz"": 16731, ""sx"": 9319, ""x"": 1013}"
0033_dense_grid_line_545,dense_grid_line,6,token_line_rotating,3,,113,ok,19,1767,2454,1504,5616,14454,3780,0.8218104839324951,"{""ecr"": 5616, ""rz"": 16550, ""sx"": 9253, ""x"": 987}"
0033_dense_grid_line_545,dense_grid_line,6,token_line_rotating,3,,114,ok,19,1767,2454,1504,5759,14916,3879,0.8907918930053711,"{""ecr"": 5759, ""rz"": 16857, ""sx"": 9514, ""x"": 982}"
0033_dense_grid_line_545,dense_grid_line,6,token_line_rotating,3,,115,ok,19,1767,2454,1504,5592,14447,3771,1.0936365127563477,"{""ecr"": 5592, ""rz"": 16509, ""sx"": 9346, ""x"": 992}"
0033_dense_grid_line_545,dense_grid_line,6,token_line_rotating,3,,116,ok,19,1767,2454,1504,5713,14527,3769,1.0284051895141602,"{""ecr"": 5713, ""rz"": 16804, ""sx"": 9531, ""x"": 1005}"
0033_dense_grid_line_545,dense_grid_line,6,token_line_rotating,3,,117,ok,19,1767,2454,1504,5635,14096,3678,1.006659984588623,"{""ecr"": 5635, ""rz"": 16638, ""sx"": 9371, ""x"": 1015}"
0033_dense_grid_line_545,dense_grid_line,6,token_line_rotating,3,,118,ok,19,1767,2454,1504,5667,14754,3829,0.883345365524292,"{""ecr"": 5667, ""rz"": 16605, ""sx"": 9364, ""x"": 974}"
0033_dense_grid_line_545,dense_grid_line,6,token_line_rotating,3,,119,ok,19,1767,2454,1504,5684,14363,3735,0.8207046985626221,"{""ecr"": 5684, ""rz"": 16762, ""sx"": 9355, ""x"": 1049}"
0033_dense_grid_line_545,dense_grid_line,6,token_line_rotating,3,,120,ok,19,1767,2454,1504,5560,14191,3702,1.0187246799468994,"{""ecr"": 5560, ""rz"": 16302, ""sx"": 9216, ""x"": 963}"
0033_dense_grid_line_545,dense_grid_line,6,penalty_row_xy,3,5.0,101,ok,24,2376,628,332,6818,8496,2088,1.2964646816253662,"{""ecr"": 6818, ""rz"": 22253, ""sx"": 11578, ""x"": 1429}"
0033_dense_grid_line_545,dense_grid_line,6,penalty_row_xy,3,5.0,102,ok,24,2376,628,332,6781,8327,2072,1.3488116264343262,"{""ecr"": 6781, ""rz"": 22087, ""sx"": 11569, ""x"": 1401}"
0033_dense_grid_line_545,dense_grid_line,6,penalty_row_xy,3,5.0,103,ok,24,2376,628,332,6823,8104,1991,1.0566072463989258,"{""ecr"": 6823, ""rz"": 22252, ""sx"": 11690, ""x"": 1345}"
0033_dense_grid_line_545,dense_grid_line,6,penalty_row_xy,3,5.0,104,ok,24,2376,628,332,6815,8327,2048,1.2346367835998535,"{""ecr"": 6815, ""rz"": 22189, ""sx"": 11549, ""x"": 1422}"
0033_dense_grid_line_545,dense_grid_line,6,penalty_row_xy,3,5.0,105,ok,24,2376,628,332,6652,7869,1937,0.9091238975524902,"{""ecr"": 6652, ""rz"": 21614, ""sx"": 11216, ""x"": 1392}"
0033_dense_grid_line_545,dense_grid_line,6,penalty_row_xy,3,5.0,106,ok,24,2376,628,332,6868,9190,2275,1.2330760955810547,"{""ecr"": 6868, ""rz"": 22341, ""sx"": 11700, ""x"": 1418}"
0033_dense_grid_line_545,dense_grid_line,6,penalty_row_xy,3,5.0,107,ok,24,2376,628,332,6745,8880,2172,1.1780879497528076,"{""ecr"": 6745, ""rz"": 22060, ""sx"": 11583, ""x"": 1358}"
0033_dense_grid_line_545,dense_grid_line,6,penalty_row_xy,3,5.0,108,ok,24,2376,628,332,6864,9858,2414,1.2104766368865967,"{""ecr"": 6864, ""rz"": 22415, ""sx"": 11695, ""x"": 1462}"
0033_dense_grid_line_545,dense_grid_line,6,penalty_row_xy,3,5.0,109,ok,24,2376,628,332,6841,8739,2172,1.2116262912750244,"{""ecr"": 6841, ""rz"": 22229, ""sx"": 11647, ""x"": 1378}"
0033_dense_grid_line_545,dense_grid_line,6,penalty_row_xy,3,5.0,110,ok,24,2376,628,332,6818,8613,2139,1.1689305305480957,"{""ecr"": 6818, ""rz"": 22118, ""sx"": 11606, ""x"": 1404}"
0033_dense_grid_line_545,dense_grid_line,6,penalty_row_xy,3,5.0,111,ok,24,2376,628,332,6844,9129,2243,1.0579280853271484,"{""ecr"": 6844, ""rz"": 22345, ""sx"": 11685, ""x"": 1441}"
0033_dense_grid_line_545,dense_grid_line,6,penalty_row_xy,3,5.0,112,ok,24,2376,628,332,6875,8268,2024,1.2757534980773926,"{""ecr"": 6875, ""rz"": 22415, ""sx"": 11536, ""x"": 1561}"
0033_dense_grid_line_545,dense_grid_line,6,penalty_row_xy,3,5.0,113,ok,24,2376,628,332,6825,8661,2129,1.3296444416046143,"{""ecr"": 6825, ""rz"": 22199, ""sx"": 11610, ""x"": 1404}"
0033_dense_grid_line_545,dense_grid_line,6,penalty_row_xy,3,5.0,114,ok,24,2376,628,332,6742,9210,2293,1.1896953582763672,"{""ecr"": 6742, ""rz"": 21877, ""sx"": 11424, ""x"": 1452}"
0033_dense_grid_line_545,dense_grid_line,6,penalty_row_xy,3,5.0,115,ok,24,2376,628,332,6904,8581,2133,1.149503231048584,"{""ecr"": 6904, ""rz"": 22500, ""sx"": 11704, ""x"": 1442}"
0033_dense_grid_line_545,dense_grid_line,6,penalty_row_xy,3,5.0,116,ok,24,2376,628,332,6772,8050,1978,1.047438621520996,"{""ecr"": 6772, ""rz"": 22120, ""sx"": 11572, ""x"": 1413}"
0033_dense_grid_line_545,dense_grid_line,6,penalty_row_xy,3,5.0,117,ok,24,2376,628,332,6839,8131,2023,1.0491447448730469,"{""ecr"": 6839, ""rz"": 22129, ""sx"": 11588, ""x"": 1437}"
0033_dense_grid_line_545,dense_grid_line,6,penalty_row_xy,3,5.0,118,ok,24,2376,628,332,6827,9123,2245,1.1238596439361572,"{""ecr"": 6827, ""rz"": 22187, ""sx"": 11658, ""x"": 1416}"
0033_dense_grid_line_545,dense_grid_line,6,penalty_row_xy,3,5.0,119,ok,24,2376,628,332,6949,8447,2069,1.18170166015625,"{""ecr"": 6949, ""rz"": 22601, ""sx"": 11753, ""x"": 1511}"
0033_dense_grid_line_545,dense_grid_line,6,penalty_row_xy,3,5.0,120,ok,24,2376,628,332,6859,9352,2326,1.1331055164337158,"{""ecr"": 6859, ""rz"": 22307, ""sx"": 11538, ""x"": 1564}"
0035_dense_grid_lshape_547,dense_grid_lshape,6,token_line_rotating,3,,101,ok,19,1785,2465,1516,5662,14596,3788,1.2290472984313965,"{""ecr"": 5662, ""rz"": 16755, ""sx"": 9408, ""x"": 979}"
0035_dense_grid_lshape_547,dense_grid_lshape,6,token_line_rotating,3,,102,ok,19,1785,2465,1516,5776,14618,3832,1.0900933742523193,"{""ecr"": 5776, ""rz"": 16921, ""sx"": 9342, ""x"": 1034}"
0035_dense_grid_lshape_547,dense_grid_lshape,6,token_line_rotating,3,,103,ok,19,1785,2465,1516,5796,14649,3824,1.1108412742614746,"{""ecr"": 5796, ""rz"": 17011, ""sx"": 9690, ""x"": 917}"
0035_dense_grid_lshape_547,dense_grid_lshape,6,token_line_rotating,3,,104,ok,19,1785,2465,1516,5916,14774,3856,1.2624216079711914,"{""ecr"": 5916, ""rz"": 17446, ""sx"": 9706, ""x"": 1110}"
0035_dense_grid_lshape_547,dense_grid_lshape,6,token_line_rotating,3,,105,ok,19,1785,2465,1516,5800,14942,3898,1.365281581878662,"{""ecr"": 5800, ""rz"": 17115, ""sx"": 9502, ""x"": 1042}"
0035_dense_grid_lshape_547,dense_grid_lshape,6,token_line_rotating,3,,106,ok,19,1785,2465,1516,5748,14424,3749,0.8463006019592285,"{""ecr"": 5748, ""rz"": 16919, ""sx"": 9255, ""x"": 1165}"
0035_dense_grid_lshape_547,dense_grid_lshape,6,token_line_rotating,3,,107,ok,19,1785,2465,1516,5886,14856,3876,1.0255517959594727,"{""ecr"": 5886, ""rz"": 17389, ""sx"": 9741, ""x"": 1007}"
0035_dense_grid_lshape_547,dense_grid_lshape,6,token_line_rotating,3,,108,ok,19,1785,2465,1516,5794,14686,3846,1.2663211822509766,"{""ecr"": 5794, ""rz"": 17119, ""sx"": 9481, ""x"": 1028}"
0035_dense_grid_lshape_547,dense_grid_lshape,6,token_line_rotating,3,,109,ok,19,1785,2465,1516,5806,14761,3844,1.181302547454834,"{""ecr"": 5806, ""rz"": 17173, ""sx"": 9576, ""x"": 999}"
0035_dense_grid_lshape_547,dense_grid_lshape,6,token_line_rotating,3,,110,ok,19,1785,2465,1516,5901,15054,3899,1.0266399383544922,"{""ecr"": 5901, ""rz"": 17312, ""sx"": 9947, ""x"": 980}"
0035_dense_grid_lshape_547,dense_grid_lshape,6,token_line_rotating,3,,111,ok,19,1785,2465,1516,5822,15251,3983,0.9918811321258545,"{""ecr"": 5822, ""rz"": 17159, ""sx"": 9352, ""x"": 1148}"
0035_dense_grid_lshape_547,dense_grid_lshape,6,token_line_rotating,3,,112,ok,19,1785,2465,1516,5754,14792,3841,1.147493839263916,"{""ecr"": 5754, ""rz"": 16970, ""sx"": 9518, ""x"": 1079}"
0035_dense_grid_lshape_547,dense_grid_lshape,6,token_line_rotating,3,,113,ok,19,1785,2465,1516,5694,14510,3755,0.7766618728637695,"{""ecr"": 5694, ""rz"": 16722, ""sx"": 9655, ""x"": 932}"
0035_dense_grid_lshape_547,dense_grid_lshape,6,token_line_rotating,3,,114,ok,19,1785,2465,1516,5728,14526,3776,1.175896167755127,"{""ecr"": 5728, ""rz"": 16777, ""sx"": 9440, ""x"": 1062}"
0035_dense_grid_lshape_547,dense_grid_lshape,6,token_line_rotating,3,,115,ok,19,1785,2465,1516,5633,14101,3668,1.5490880012512207,"{""ecr"": 5633, ""rz"": 16583, ""sx"": 9247, ""x"": 1068}"
0035_dense_grid_lshape_547,dense_grid_lshape,6,token_line_rotating,3,,116,ok,19,1785,2465,1516,5702,14666,3815,1.4367928504943848,"{""ecr"": 5702, ""rz"": 16755, ""sx"": 9583, ""x"": 952}"
0035_dense_grid_lshape_547,dense_grid_lshape,6,token_line_rotating,3,,117,ok,19,1785,2465,1516,5772,15064,3909,1.407127857208252,"{""ecr"": 5772, ""rz"": 16965, ""sx"": 9837, ""x"": 887}"
0035_dense_grid_lshape_547,dense_grid_lshape,6,token_line_rotating,3,,118,ok,19,1785,2465,1516,5780,14663,3806,1.3500850200653076,"{""ecr"": 5780, ""rz"": 17028, ""sx"": 9703, ""x"": 995}"
0035_dense_grid_lshape_547,dense_grid_lshape,6,token_line_rotating,3,,119,ok,19,1785,2465,1516,5790,14708,3849,0.8811748027801514,"{""ecr"": 5790, ""rz"": 16956, ""sx"": 9496, ""x"": 1065}"
0035_dense_grid_lshape_547,dense_grid_lshape,6,token_line_rotating,3,,120,ok,19,1785,2465,1516,5821,15141,3954,1.1738677024841309,"{""ecr"": 5821, ""rz"": 17077, ""sx"": 9519, ""x"": 1107}"
0035_dense_grid_lshape_547,dense_grid_lshape,6,penalty_row_xy,3,5.0,101,ok,24,2376,628,332,6818,8496,2088,0.9111557006835938,"{""ecr"": 6818, ""rz"": 22253, ""sx"": 11578, ""x"": 1429}"
0035_dense_grid_lshape_547,dense_grid_lshape,6,penalty_row_xy,3,5.0,102,ok,24,2376,628,332,6781,8327,2072,1.0823097229003906,"{""ecr"": 6781, ""rz"": 22087, ""sx"": 11569, ""x"": 1401}"
0035_dense_grid_lshape_547,dense_grid_lshape,6,penalty_row_xy,3,5.0,103,ok,24,2376,628,332,6823,8104,1991,1.0044467449188232,"{""ecr"": 6823, ""rz"": 22252, ""sx"": 11690, ""x"": 1345}"
0035_dense_grid_lshape_547,dense_grid_lshape,6,penalty_row_xy,3,5.0,104,ok,24,2376,628,332,6815,8327,2048,1.3052639961242676,"{""ecr"": 6815, ""rz"": 22189, ""sx"": 11549, ""x"": 1422}"
0035_dense_grid_lshape_547,dense_grid_lshape,6,penalty_row_xy,3,5.0,105,ok,24,2376,628,332,6652,7869,1937,0.8851208686828613,"{""ecr"": 6652, ""rz"": 21614, ""sx"": 11216, ""x"": 1392}"
0035_dense_grid_lshape_547,dense_grid_lshape,6,penalty_row_xy,3,5.0,106,ok,24,2376,628,332,6868,9190,2275,1.0669617652893066,"{""ecr"": 6868, ""rz"": 22341, ""sx"": 11700, ""x"": 1418}"
0035_dense_grid_lshape_547,dense_grid_lshape,6,penalty_row_xy,3,5.0,107,ok,24,2376,628,332,6745,8880,2172,1.2194151878356934,"{""ecr"": 6745, ""rz"": 22060, ""sx"": 11583, ""x"": 1358}"
0035_dense_grid_lshape_547,dense_grid_lshape,6,penalty_row_xy,3,5.0,108,ok,24,2376,628,332,6864,9858,2414,1.087843656539917,"{""ecr"": 6864, ""rz"": 22415, ""sx"": 11695, ""x"": 1462}"
0035_dense_grid_lshape_547,dense_grid_lshape,6,penalty_row_xy,3,5.0,109,ok,24,2376,628,332,6841,8739,2172,1.1194348335266113,"{""ecr"": 6841, ""rz"": 22229, ""sx"": 11647, ""x"": 1378}"
0035_dense_grid_lshape_547,dense_grid_lshape,6,penalty_row_xy,3,5.0,110,ok,24,2376,628,332,6818,8613,2139,1.3403868675231934,"{""ecr"": 6818, ""rz"": 22118, ""sx"": 11606, ""x"": 1404}"
0035_dense_grid_lshape_547,dense_grid_lshape,6,penalty_row_xy,3,5.0,111,ok,24,2376,628,332,6844,9129,2243,1.3833436965942383,"{""ecr"": 6844, ""rz"": 22345, ""sx"": 11685, ""x"": 1441}"
0035_dense_grid_lshape_547,dense_grid_lshape,6,penalty_row_xy,3,5.0,112,ok,24,2376,628,332,6875,8268,2024,1.172957420349121,"{""ecr"": 6875, ""rz"": 22415, ""sx"": 11536, ""x"": 1561}"
0035_dense_grid_lshape_547,dense_grid_lshape,6,penalty_row_xy,3,5.0,113,ok,24,2376,628,332,6825,8661,2129,1.0791511535644531,"{""ecr"": 6825, ""rz"": 22199, ""sx"": 11610, ""x"": 1404}"
0035_dense_grid_lshape_547,dense_grid_lshape,6,penalty_row_xy,3,5.0,114,ok,24,2376,628,332,6742,9210,2293,1.334188461303711,"{""ecr"": 6742, ""rz"": 21877, ""sx"": 11424, ""x"": 1452}"
0035_dense_grid_lshape_547,dense_grid_lshape,6,penalty_row_xy,3,5.0,115,ok,24,2376,628,332,6904,8581,2133,1.2719488143920898,"{""ecr"": 6904, ""rz"": 22500, ""sx"": 11704, ""x"": 1442}"
0035_dense_grid_lshape_547,dense_grid_lshape,6,penalty_row_xy,3,5.0,116,ok,24,2376,628,332,6772,8050,1978,1.5012197494506836,"{""ecr"": 6772, ""rz"": 22120, ""sx"": 11572, ""x"": 1413}"
0035_dense_grid_lshape_547,dense_grid_lshape,6,penalty_row_xy,3,5.0,117,ok,24,2376,628,332,6839,8131,2023,1.3188121318817139,"{""ecr"": 6839, ""rz"": 22129, ""sx"": 11588, ""x"": 1437}"
0035_dense_grid_lshape_547,dense_grid_lshape,6,penalty_row_xy,3,5.0,118,ok,24,2376,628,332,6827,9123,2245,1.2653682231903076,"{""ecr"": 6827, ""rz"": 22187, ""sx"": 11658, ""x"": 1416}"
0035_dense_grid_lshape_547,dense_grid_lshape,6,penalty_row_xy,3,5.0,119,ok,24,2376,628,332,6949,8447,2069,1.3451976776123047,"{""ecr"": 6949, ""rz"": 22601, ""sx"": 11753, ""x"": 1511}"
0035_dense_grid_lshape_547,dense_grid_lshape,6,penalty_row_xy,3,5.0,120,ok,24,2376,628,332,6859,9352,2326,1.2328250408172607,"{""ecr"": 6859, ""rz"": 22307, ""sx"": 11538, ""x"": 1564}"
0036_sparse_grid_550,sparse_grid,4,token_line_rotating,3,,101,ok,19,1515,2054,1257,4842,12122,3186,1.0538179874420166,"{""ecr"": 4842, ""rz"": 14242, ""sx"": 8033, ""x"": 811}"
0036_sparse_grid_550,sparse_grid,4,token_line_rotating,3,,102,ok,19,1515,2054,1257,4778,12221,3168,0.7995078563690186,"{""ecr"": 4778, ""rz"": 14058, ""sx"": 8002, ""x"": 815}"
0036_sparse_grid_550,sparse_grid,4,token_line_rotating,3,,103,ok,19,1515,2054,1257,4848,12196,3192,1.10396409034729,"{""ecr"": 4848, ""rz"": 14215, ""sx"": 8006, ""x"": 853}"
0036_sparse_grid_550,sparse_grid,4,token_line_rotating,3,,104,ok,19,1515,2054,1257,4844,12535,3244,0.6848840713500977,"{""ecr"": 4844, ""rz"": 14224, ""sx"": 8105, ""x"": 807}"
0036_sparse_grid_550,sparse_grid,4,token_line_rotating,3,,105,ok,19,1515,2054,1257,4894,12233,3193,1.262390375137329,"{""ecr"": 4894, ""rz"": 14388, ""sx"": 8103, ""x"": 882}"
0036_sparse_grid_550,sparse_grid,4,token_line_rotating,3,,106,ok,19,1515,2054,1257,4926,12375,3202,1.1424894332885742,"{""ecr"": 4926, ""rz"": 14484, ""sx"": 8213, ""x"": 912}"
0036_sparse_grid_550,sparse_grid,4,token_line_rotating,3,,107,ok,19,1515,2054,1257,4857,12566,3247,1.3270490169525146,"{""ecr"": 4857, ""rz"": 14247, ""sx"": 8188, ""x"": 824}"
0036_sparse_grid_550,sparse_grid,4,token_line_rotating,3,,108,ok,19,1515,2054,1257,4793,12411,3231,1.152247667312622,"{""ecr"": 4793, ""rz"": 14198, ""sx"": 7899, ""x"": 737}"
0036_sparse_grid_550,sparse_grid,4,token_line_rotating,3,,109,ok,19,1515,2054,1257,4837,12840,3342,0.9793927669525146,"{""ecr"": 4837, ""rz"": 14270, ""sx"": 8057, ""x"": 787}"
0036_sparse_grid_550,sparse_grid,4,token_line_rotating,3,,110,ok,19,1515,2054,1257,4816,12327,3220,0.8094325065612793,"{""ecr"": 4816, ""rz"": 14149, ""sx"": 7897, ""x"": 824}"
0036_sparse_grid_550,sparse_grid,4,token_line_rotating,3,,111,ok,19,1515,2054,1257,4854,12838,3335,1.0788447856903076,"{""ecr"": 4854, ""rz"": 14286, ""sx"": 8079, ""x"": 814}"
0036_sparse_grid_550,sparse_grid,4,token_line_rotating,3,,112,ok,19,1515,2054,1257,4737,12287,3208,1.1810214519500732,"{""ecr"": 4737, ""rz"": 14010, ""sx"": 7967, ""x"": 814}"
0036_sparse_grid_550,sparse_grid,4,token_line_rotating,3,,113,ok,19,1515,2054,1257,4733,12175,3141,1.0135266780853271,"{""ecr"": 4733, ""rz"": 13967, ""sx"": 8008, ""x"": 780}"
0036_sparse_grid_550,sparse_grid,4,token_line_rotating,3,,114,ok,19,1515,2054,1257,4718,12140,3177,0.9127523899078369,"{""ecr"": 4718, ""rz"": 13762, ""sx"": 7691, ""x"": 907}"
0036_sparse_grid_550,sparse_grid,4,token_line_rotating,3,,115,ok,19,1515,2054,1257,4858,12382,3232,0.953258752822876,"{""ecr"": 4858, ""rz"": 14271, ""sx"": 7932, ""x"": 944}"
0036_sparse_grid_550,sparse_grid,4,token_line_rotating,3,,116,ok,19,1515,2054,1257,4864,12355,3214,0.9012093544006348,"{""ecr"": 4864, ""rz"": 14309, ""sx"": 8073, ""x"": 875}"
0036_sparse_grid_550,sparse_grid,4,token_line_rotating,3,,117,ok,19,1515,2054,1257,4848,12770,3327,0.8932821750640869,"{""ecr"": 4848, ""rz"": 14292, ""sx"": 7927, ""x"": 874}"
0036_sparse_grid_550,sparse_grid,4,token_line_rotating,3,,118,ok,19,1515,2054,1257,4902,12428,3243,0.6934120655059814,"{""ecr"": 4902, ""rz"": 14389, ""sx"": 7958, ""x"": 924}"
0036_sparse_grid_550,sparse_grid,4,token_line_rotating,3,,119,ok,19,1515,2054,1257,4834,12373,3249,0.9073233604431152,"{""ecr"": 4834, ""rz"": 14215, ""sx"": 8066, ""x"": 795}"
0036_sparse_grid_550,sparse_grid,4,token_line_rotating,3,,120,ok,19,1515,2054,1257,4867,12639,3293,0.9761297702789307,"{""ecr"": 4867, ""rz"": 14275, ""sx"": 8011, ""x"": 873}"
0036_sparse_grid_550,sparse_grid,4,penalty_row_xy,3,5.0,101,ok,24,2016,514,256,5399,7138,1731,1.0423460006713867,"{""ecr"": 5399, ""rz"": 17641, ""sx"": 9192, ""x"": 1221}"
0036_sparse_grid_550,sparse_grid,4,penalty_row_xy,3,5.0,102,ok,24,2016,514,256,5446,6075,1487,0.834599494934082,"{""ecr"": 5446, ""rz"": 17933, ""sx"": 9450, ""x"": 1143}"
0036_sparse_grid_550,sparse_grid,4,penalty_row_xy,3,5.0,103,ok,24,2016,514,256,5528,6001,1470,0.8613362312316895,"{""ecr"": 5528, ""rz"": 18106, ""sx"": 9594, ""x"": 1087}"
0036_sparse_grid_550,sparse_grid,4,penalty_row_xy,3,5.0,104,ok,24,2016,514,256,5301,6774,1629,0.6721837520599365,"{""ecr"": 5301, ""rz"": 17776, ""sx"": 9344, ""x"": 1103}"
0036_sparse_grid_550,sparse_grid,4,penalty_row_xy,3,5.0,105,ok,24,2016,514,256,5413,6601,1613,0.773181676864624,"{""ecr"": 5413, ""rz"": 17986, ""sx"": 9557, ""x"": 1052}"
0036_sparse_grid_550,sparse_grid,4,penalty_row_xy,3,5.0,106,ok,24,2016,514,256,5380,5939,1440,0.8433246612548828,"{""ecr"": 5380, ""rz"": 17883, ""sx"": 9421, ""x"": 1088}"
0036_sparse_grid_550,sparse_grid,4,penalty_row_xy,3,5.0,107,ok,24,2016,514,256,5449,6631,1608,0.8851926326751709,"{""ecr"": 5449, ""rz"": 17981, ""sx"": 9452, ""x"": 1128}"
0036_sparse_grid_550,sparse_grid,4,penalty_row_xy,3,5.0,108,ok,24,2016,514,256,5443,7033,1724,0.9324171543121338,"{""ecr"": 5443, ""rz"": 17857, ""sx"": 9363, ""x"": 1148}"
0036_sparse_grid_550,sparse_grid,4,penalty_row_xy,3,5.0,109,ok,24,2016,514,256,5477,6323,1522,0.8066310882568359,"{""ecr"": 5477, ""rz"": 18160, ""sx"": 9548, ""x"": 1111}"
0036_sparse_grid_550,sparse_grid,4,penalty_row_xy,3,5.0,110,ok,24,2016,514,256,5513,6348,1544,1.0197703838348389,"{""ecr"": 5513, ""rz"": 18238, ""sx"": 9664, ""x"": 1071}"
0036_sparse_grid_550,sparse_grid,4,penalty_row_xy,3,5.0,111,ok,24,2016,514,256,5373,7020,1731,0.8459110260009766,"{""ecr"": 5373, ""rz"": 17688, ""sx"": 9227, ""x"": 1111}"
0036_sparse_grid_550,sparse_grid,4,penalty_row_xy,3,5.0,112,ok,24,2016,514,256,5418,7719,1874,0.9336259365081787,"{""ecr"": 5418, ""rz"": 17870, ""sx"": 9505, ""x"": 1079}"
0036_sparse_grid_550,sparse_grid,4,penalty_row_xy,3,5.0,113,ok,24,2016,514,256,5507,6575,1608,0.6871435642242432,"{""ecr"": 5507, ""rz"": 18087, ""sx"": 9553, ""x"": 1103}"
0036_sparse_grid_550,sparse_grid,4,penalty_row_xy,3,5.0,114,ok,24,2016,514,256,5517,7153,1742,0.6854557991027832,"{""ecr"": 5517, ""rz"": 18227, ""sx"": 9702, ""x"": 1083}"
0036_sparse_grid_550,sparse_grid,4,penalty_row_xy,3,5.0,115,ok,24,2016,514,256,5453,6014,1471,0.914954423904419,"{""ecr"": 5453, ""rz"": 17970, ""sx"": 9410, ""x"": 1156}"
0036_sparse_grid_550,sparse_grid,4,penalty_row_xy,3,5.0,116,ok,24,2016,514,256,5370,6299,1563,0.8644578456878662,"{""ecr"": 5370, ""rz"": 17676, ""sx"": 9204, ""x"": 1172}"
0036_sparse_grid_550,sparse_grid,4,penalty_row_xy,3,5.0,117,ok,24,2016,514,256,5543,6544,1594,0.9547309875488281,"{""ecr"": 5543, ""rz"": 18413, ""sx"": 9765, ""x"": 1090}"
0036_sparse_grid_550,sparse_grid,4,penalty_row_xy,3,5.0,118,ok,24,2016,514,256,5474,6658,1638,1.2191212177276611,"{""ecr"": 5474, ""rz"": 18009, ""sx"": 9574, ""x"": 1093}"
0036_sparse_grid_550,sparse_grid,4,penalty_row_xy,3,5.0,119,ok,24,2016,514,256,5517,6746,1644,1.188126564025879,"{""ecr"": 5517, ""rz"": 18262, ""sx"": 9579, ""x"": 1164}"
0036_sparse_grid_550,sparse_grid,4,penalty_row_xy,3,5.0,120,ok,24,2016,514,256,5568,6523,1606,0.81357741355896,"{""ecr"": 5568, ""rz"": 18292, ""sx"": 9546, ""x"": 1221}"
0037_dense_grid_551,dense_grid,6,token_line_rotating,3,,101,ok,19,1995,2786,1746,6667,16942,4428,1.2897887229919434,"{""ecr"": 6667, ""rz"": 19574, ""sx"": 10923, ""x"": 1196}"
0037_dense_grid_551,dense_grid,6,token_line_rotating,3,,102,ok,19,1995,2786,1746,6662,16658,4353,1.59993314743042,"{""ecr"": 6662, ""rz"": 19431, ""sx"": 11005, ""x"": 1205}"
0037_dense_grid_551,dense_grid,6,token_line_rotating,3,,103,ok,19,1995,2786,1746,6781,17042,4443,1.1646149158477783,"{""ecr"": 6781, ""rz"": 19877, ""sx"": 11195, ""x"": 1130}"
0037_dense_grid_551,dense_grid,6,token_line_rotating,3,,104,ok,19,1995,2786,1746,6627,17031,4421,0.9438011646270752,"{""ecr"": 6627, ""rz"": 19572, ""sx"": 11155, ""x"": 1158}"
0037_dense_grid_551,dense_grid,6,token_line_rotating,3,,105,ok,19,1995,2786,1746,6787,16986,4450,1.0619804859161377,"{""ecr"": 6787, ""rz"": 19891, ""sx"": 11028, ""x"": 1178}"
0037_dense_grid_551,dense_grid,6,token_line_rotating,3,,106,ok,19,1995,2786,1746,6708,17509,4580,1.2330677509307861,"{""ecr"": 6708, ""rz"": 19555, ""sx"": 11174, ""x"": 1050}"
0037_dense_grid_551,dense_grid,6,token_line_rotating,3,,107,ok,19,1995,2786,1746,6623,16747,4368,1.0605552196502686,"{""ecr"": 6623, ""rz"": 19480, ""sx"": 10912, ""x"": 1119}"
0037_dense_grid_551,dense_grid,6,token_line_rotating,3,,108,ok,19,1995,2786,1746,6668,16687,4367,0.89023756980896,"{""ecr"": 6668, ""rz"": 19531, ""sx"": 10916, ""x"": 1195}"
0037_dense_grid_551,dense_grid,6,token_line_rotating,3,,109,ok,19,1995,2786,1746,6639,17040,4449,0.8370604515075684,"{""ecr"": 6639, ""rz"": 19499, ""sx"": 11060, ""x"": 1060}"
0037_dense_grid_551,dense_grid,6,token_line_rotating,3,,110,ok,19,1995,2786,1746,6781,17234,4523,1.0357067584991455,"{""ecr"": 6781, ""rz"": 19864, ""sx"": 10932, ""x"": 1264}"
0037_dense_grid_551,dense_grid,6,token_line_rotating,3,,111,ok,19,1995,2786,1746,6662,16891,4415,0.9988663196563721,"{""ecr"": 6662, ""rz"": 19371, ""sx"": 10827, ""x"": 1257}"
0037_dense_grid_551,dense_grid,6,token_line_rotating,3,,112,ok,19,1995,2786,1746,6642,16558,4347,1.3436992168426514,"{""ecr"": 6642, ""rz"": 19601, ""sx"": 10900, ""x"": 1133}"
0037_dense_grid_551,dense_grid,6,token_line_rotating,3,,113,ok,19,1995,2786,1746,6768,17010,4451,1.3117949962615967,"{""ecr"": 6768, ""rz"": 19837, ""sx"": 11063, ""x"": 1204}"
0037_dense_grid_551,dense_grid,6,token_line_rotating,3,,114,ok,19,1995,2786,1746,6710,17106,4476,1.565077304840088,"{""ecr"": 6710, ""rz"": 19718, ""sx"": 11018, ""x"": 1188}"
0037_dense_grid_551,dense_grid,6,token_line_rotating,3,,115,ok,19,1995,2786,1746,6688,16649,4345,1.1490297317504883,"{""ecr"": 6688, ""rz"": 19557, ""sx"": 11066, ""x"": 1102}"
0037_dense_grid_551,dense_grid,6,token_line_rotating,3,,116,ok,19,1995,2786,1746,6716,16896,4416,1.5393640995025635,"{""ecr"": 6716, ""rz"": 19711, ""sx"": 11029, ""x"": 1131}"
0037_dense_grid_551,dense_grid,6,token_line_rotating,3,,117,ok,19,1995,2786,1746,6675,16849,4426,1.3435673713684082,"{""ecr"": 6675, ""rz"": 19377, ""sx"": 10891, ""x"": 1169}"
0037_dense_grid_551,dense_grid,6,token_line_rotating,3,,118,ok,19,1995,2786,1746,6646,17071,4475,1.7635154724121094,"{""ecr"": 6646, ""rz"": 19378, ""sx"": 10811, ""x"": 1227}"
0037_dense_grid_551,dense_grid,6,token_line_rotating,3,,119,ok,19,1995,2786,1746,6625,16815,4390,1.428163766860962,"{""ecr"": 6625, ""rz"": 19401, ""sx"": 10750, ""x"": 1234}"
0037_dense_grid_551,dense_grid,6,token_line_rotating,3,,120,ok,19,1995,2786,1746,6735,16774,4402,1.7321014404296875,"{""ecr"": 6735, ""rz"": 19811, ""sx"": 10932, ""x"": 1229}"
0037_dense_grid_551,dense_grid,6,penalty_row_xy,3,5.0,101,ok,24,2376,628,332,6818,8496,2088,1.131594181060791,"{""ecr"": 6818, ""rz"": 22253, ""sx"": 11578, ""x"": 1429}"
0037_dense_grid_551,dense_grid,6,penalty_row_xy,3,5.0,102,ok,24,2376,628,332,6781,8327,2072,1.3633882999420166,"{""ecr"": 6781, ""rz"": 22087, ""sx"": 11569, ""x"": 1401}"
0037_dense_grid_551,dense_grid,6,penalty_row_xy,3,5.0,103,ok,24,2376,628,332,6823,8104,1991,0.9817616939544678,"{""ecr"": 6823, ""rz"": 22252, ""sx"": 11690, ""x"": 1345}"
0037_dense_grid_551,dense_grid,6,penalty_row_xy,3,5.0,104,ok,24,2376,628,332,6815,8327,2048,1.1178812980651855,"{""ecr"": 6815, ""rz"": 22189, ""sx"": 11549, ""x"": 1422}"
0037_dense_grid_551,dense_grid,6,penalty_row_xy,3,5.0,105,ok,24,2376,628,332,6652,7869,1937,0.9763815402984619,"{""ecr"": 6652, ""rz"": 21614, ""sx"": 11216, ""x"": 1392}"
0037_dense_grid_551,dense_grid,6,penalty_row_xy,3,5.0,106,ok,24,2376,628,332,6868,9190,2275,1.0339362621307373,"{""ecr"": 6868, ""rz"": 22341, ""sx"": 11700, ""x"": 1418}"
0037_dense_grid_551,dense_grid,6,penalty_row_xy,3,5.0,107,ok,24,2376,628,332,6745,8880,2172,1.0363433361053467,"{""ecr"": 6745, ""rz"": 22060, ""sx"": 11583, ""x"": 1358}"
0037_dense_grid_551,dense_grid,6,penalty_row_xy,3,5.0,108,ok,24,2376,628,332,6864,9858,2414,1.05003023147583,"{""ecr"": 6864, ""rz"": 22415, ""sx"": 11695, ""x"": 1462}"
0037_dense_grid_551,dense_grid,6,penalty_row_xy,3,5.0,109,ok,24,2376,628,332,6841,8739,2172,0.9128513336181641,"{""ecr"": 6841, ""rz"": 22229, ""sx"": 11647, ""x"": 1378}"
0037_dense_grid_551,dense_grid,6,penalty_row_xy,3,5.0,110,ok,24,2376,628,332,6818,8613,2139,0.9913632869720459,"{""ecr"": 6818, ""rz"": 22118, ""sx"": 11606, ""x"": 1404}"
0037_dense_grid_551,dense_grid,6,penalty_row_xy,3,5.0,111,ok,24,2376,628,332,6844,9129,2243,1.0886812210083008,"{""ecr"": 6844, ""rz"": 22345, ""sx"": 11685, ""x"": 1441}"
0037_dense_grid_551,dense_grid,6,penalty_row_xy,3,5.0,112,ok,24,2376,628,332,6875,8268,2024,0.9386765956878662,"{""ecr"": 6875, ""rz"": 22415, ""sx"": 11536, ""x"": 1561}"
0037_dense_grid_551,dense_grid,6,penalty_row_xy,3,5.0,113,ok,24,2376,628,332,6825,8661,2129,1.222595453262329,"{""ecr"": 6825, ""rz"": 22199, ""sx"": 11610, ""x"": 1404}"
0037_dense_grid_551,dense_grid,6,penalty_row_xy,3,5.0,114,ok,24,2376,628,332,6742,9210,2293,1.1918442249298096,"{""ecr"": 6742, ""rz"": 21877, ""sx"": 11424, ""x"": 1452}"
0037_dense_grid_551,dense_grid,6,penalty_row_xy,3,5.0,115,ok,24,2376,628,332,6904,8581,2133,1.1330952644348145,"{""ecr"": 6904, ""rz"": 22500, ""sx"": 11704, ""x"": 1442}"
0037_dense_grid_551,dense_grid,6,penalty_row_xy,3,5.0,116,ok,24,2376,628,332,6772,8050,1978,1.1410191059112549,"{""ecr"": 6772, ""rz"": 22120, ""sx"": 11572, ""x"": 1413}"
0037_dense_grid_551,dense_grid,6,penalty_row_xy,3,5.0,117,ok,24,2376,628,332,6839,8131,2023,0.9715070724487305,"{""ecr"": 6839, ""rz"": 22129, ""sx"": 11588, ""x"": 1437}"
0037_dense_grid_551,dense_grid,6,penalty_row_xy,3,5.0,118,ok,24,2376,628,332,6827,9123,2245,0.998507022857666,"{""ecr"": 6827, ""rz"": 22187, ""sx"": 11658, ""x"": 1416}"
0037_dense_grid_551,dense_grid,6,penalty_row_xy,3,5.0,119,ok,24,2376,628,332,6949,8447,2069,0.9755229949951172,"{""ecr"": 6949, ""rz"": 22601, ""sx"": 11753, ""x"": 1511}"
0037_dense_grid_551,dense_grid,6,penalty_row_xy,3,5.0,120,ok,24,2376,628,332,6859,9352,2326,0.9715626239776611,"{""ecr"": 6859, ""rz"": 22307, ""sx"": 11538, ""x"": 1564}"
0039_dense_grid_line_553,dense_grid_line,6,token_line_rotating,3,,101,ok,19,1767,2454,1504,5639,14279,3725,1.2245948314666748,"{""ecr"": 5639, ""rz"": 16558, ""sx"": 9233, ""x"": 1042}"
0039_dense_grid_line_553,dense_grid_line,6,token_line_rotating,3,,102,ok,19,1767,2454,1504,5674,15032,3907,0.9397904872894287,"{""ecr"": 5674, ""rz"": 16665, ""sx"": 9343, ""x"": 1006}"
0039_dense_grid_line_553,dense_grid_line,6,token_line_rotating,3,,103,ok,19,1767,2454,1504,5667,14777,3836,0.8743994235992432,"{""ecr"": 5667, ""rz"": 16628, ""sx"": 9397, ""x"": 1026}"
0039_dense_grid_line_553,dense_grid_line,6,token_line_rotating,3,,104,ok,19,1767,2454,1504,5710,15022,3921,1.184920072555542,"{""ecr"": 5710, ""rz"": 16713, ""sx"": 9430, ""x"": 957}"
0039_dense_grid_line_553,dense_grid_line,6,token_line_rotating,3,,105,ok,19,1767,2454,1504,5653,14705,3849,0.9028103351593018,"{""ecr"": 5653, ""rz"": 16577, ""sx"": 9241, ""x"": 1046}"
0039_dense_grid_line_553,dense_grid_line,6,token_line_rotating,3,,106,ok,19,1767,2454,1504,5696,14120,3700,1.198582410812378,"{""ecr"": 5696, ""rz"": 16747, ""sx"": 9167, ""x"": 1067}"
0039_dense_grid_line_553,dense_grid_line,6,token_line_rotating,3,,107,ok,19,1767,2454,1504,5586,14805,3851,1.1881475448608398,"{""ecr"": 5586, ""rz"": 16444, ""sx"": 9449, ""x"": 899}"
0039_dense_grid_line_553,dense_grid_line,6,token_line_rotating,3,,108,ok,19,1767,2454,1504,5685,14490,3771,0.8750247955322266,"{""ecr"": 5685, ""rz"": 16768, ""sx"": 9131, ""x"": 1164}"
0039_dense_grid_line_553,dense_grid_line,6,token_line_rotating,3,,109,ok,19,1767,2454,1504,5659,14541,3760,1.235806941986084,"{""ecr"": 5659, ""rz"": 16631, ""sx"": 9446, ""x"": 982}"
0039_dense_grid_line_553,dense_grid_line,6,token_line_rotating,3,,110,ok,19,1767,2454,1504,5696,14447,3769,1.1268815994262695,"{""ecr"": 5696, ""rz"": 16630, ""sx"": 9265, ""x"": 1071}"
0039_dense_grid_line_553,dense_grid_line,6,token_line_rotating,3,,111,ok,19,1767,2454,1504,5685,14566,3785,1.072521686553955,"{""ecr"": 5685, ""rz"": 16695, ""sx"": 9474, ""x"": 993}"
0039_dense_grid_line_553,dense_grid_line,6,token_line_rotating,3,,112,ok,19,1767,2454,1504,5679,14493,3792,0.8249650001525879,"{""ecr"": 5679, ""rz"": 16726, ""sx"": 9319, ""x"": 1006}"
0039_dense_grid_line_553,dense_grid_line,6,token_line_rotating,3,,113,ok,19,1767,2454,1504,5616,14458,3780,0.8492074012756348,"{""ecr"": 5616, ""rz"": 16557, ""sx"": 9245, ""x"": 984}"
0039_dense_grid_line_553,dense_grid_line,6,token_line_rotating,3,,114,ok,19,1767,2454,1504,5759,14900,3879,1.1155056953430176,"{""ecr"": 5759, ""rz"": 16846, ""sx"": 9513, ""x"": 977}"
0039_dense_grid_line_553,dense_grid_line,6,token_line_rotating,3,,115,ok,19,1767,2454,1504,5592,14433,3771,0.7548794746398926,"{""ecr"": 5592, ""rz"": 16497, ""sx"": 9347, ""x"": 990}"
0039_dense_grid_line_553,dense_grid_line,6,token_line_rotating,3,,116,ok,19,1767,2454,1504,5713,14535,3769,1.2429702281951904,"{""ecr"": 5713, ""rz"": 16814, ""sx"": 9541, ""x"": 1003}"
0039_dense_grid_line_553,dense_grid_line,6,token_line_rotating,3,,117,ok,19,1767,2454,1504,5635,14105,3678,1.2580127716064453,"{""ecr"": 5635, ""rz"": 16658, ""sx"": 9375, ""x"": 1016}"
0039_dense_grid_line_553,dense_grid_line,6,token_line_rotating,3,,118,ok,19,1767,2454,1504,5667,14736,3829,1.1717212200164795,"{""ecr"": 5667, ""rz"": 16600, ""sx"": 9371, ""x"": 965}"
0039_dense_grid_line_553,dense_grid_line,6,token_line_rotating,3,,119,ok,19,1767,2454,1504,5684,14351,3735,1.2178728580474854,"{""ecr"": 5684, ""rz"": 16768, ""sx"": 9359, ""x"": 1030}"
0039_dense_grid_line_553,dense_grid_line,6,token_line_rotating,3,,120,ok,19,1767,2454,1504,5560,14205,3702,1.666064739227295,"{""ecr"": 5560, ""rz"": 16305, ""sx"": 9215, ""x"": 973}"
0039_dense_grid_line_553,dense_grid_line,6,penalty_row_xy,3,5.0,101,ok,24,2376,628,332,6818,8496,2088,1.2101740837097168,"{""ecr"": 6818, ""rz"": 22253, ""sx"": 11578, ""x"": 1429}"
0039_dense_grid_line_553,dense_grid_line,6,penalty_row_xy,3,5.0,102,ok,24,2376,628,332,6781,8327,2072,1.3776862621307373,"{""ecr"": 6781, ""rz"": 22087, ""sx"": 11569, ""x"": 1401}"
0039_dense_grid_line_553,dense_grid_line,6,penalty_row_xy,3,5.0,103,ok,24,2376,628,332,6823,8104,1991,0.946584939956665,"{""ecr"": 6823, ""rz"": 22252, ""sx"": 11690, ""x"": 1345}"
0039_dense_grid_line_553,dense_grid_line,6,penalty_row_xy,3,5.0,104,ok,24,2376,628,332,6815,8327,2048,1.2573966979980469,"{""ecr"": 6815, ""rz"": 22189, ""sx"": 11549, ""x"": 1422}"
0039_dense_grid_line_553,dense_grid_line,6,penalty_row_xy,3,5.0,105,ok,24,2376,628,332,6652,7869,1937,1.1108973026275635,"{""ecr"": 6652, ""rz"": 21614, ""sx"": 11216, ""x"": 1392}"
0039_dense_grid_line_553,dense_grid_line,6,penalty_row_xy,3,5.0,106,ok,24,2376,628,332,6868,9190,2275,1.1185827255249023,"{""ecr"": 6868, ""rz"": 22341, ""sx"": 11700, ""x"": 1418}"
0039_dense_grid_line_553,dense_grid_line,6,penalty_row_xy,3,5.0,107,ok,24,2376,628,332,6745,8880,2172,1.176095724105835,"{""ecr"": 6745, ""rz"": 22060, ""sx"": 11583, ""x"": 1358}"
0039_dense_grid_line_553,dense_grid_line,6,penalty_row_xy,3,5.0,108,ok,24,2376,628,332,6864,9858,2414,1.1104459762573242,"{""ecr"": 6864, ""rz"": 22415, ""sx"": 11695, ""x"": 1462}"
0039_dense_grid_line_553,dense_grid_line,6,penalty_row_xy,3,5.0,109,ok,24,2376,628,332,6841,8739,2172,1.1065070629119873,"{""ecr"": 6841, ""rz"": 22229, ""sx"": 11647, ""x"": 1378}"
0039_dense_grid_line_553,dense_grid_line,6,penalty_row_xy,3,5.0,110,ok,24,2376,628,332,6818,8613,2139,1.1726887226104736,"{""ecr"": 6818, ""rz"": 22118, ""sx"": 11606, ""x"": 1404}"
0039_dense_grid_line_553,dense_grid_line,6,penalty_row_xy,3,5.0,111,ok,24,2376,628,332,6844,9129,2243,1.260986089706421,"{""ecr"": 6844, ""rz"": 22345, ""sx"": 11685, ""x"": 1441}"
0039_dense_grid_line_553,dense_grid_line,6,penalty_row_xy,3,5.0,112,ok,24,2376,628,332,6875,8268,2024,1.1140556335449219,"{""ecr"": 6875, ""rz"": 22415, ""sx"": 11536, ""x"": 1561}"
0039_dense_grid_line_553,dense_grid_line,6,penalty_row_xy,3,5.0,113,ok,24,2376,628,332,6825,8661,2129,1.0413613319396973,"{""ecr"": 6825, ""rz"": 22199, ""sx"": 11610, ""x"": 1404}"
0039_dense_grid_line_553,dense_grid_line,6,penalty_row_xy,3,5.0,114,ok,24,2376,628,332,6742,9210,2293,1.1034421920776367,"{""ecr"": 6742, ""rz"": 21877, ""sx"": 11424, ""x"": 1452}"
0039_dense_grid_line_553,dense_grid_line,6,penalty_row_xy,3,5.0,115,ok,24,2376,628,332,6904,8581,2133,0.9867866039276123,"{""ecr"": 6904, ""rz"": 22500, ""sx"": 11704, ""x"": 1442}"
0039_dense_grid_line_553,dense_grid_line,6,penalty_row_xy,3,5.0,116,ok,24,2376,628,332,6772,8050,1978,1.2308249473571777,"{""ecr"": 6772, ""rz"": 22120, ""sx"": 11572, ""x"": 1413}"
0039_dense_grid_line_553,dense_grid_line,6,penalty_row_xy,3,5.0,117,ok,24,2376,628,332,6839,8131,2023,1.0400114059448242,"{""ecr"": 6839, ""rz"": 22129, ""sx"": 11588, ""x"": 1437}"
0039_dense_grid_line_553,dense_grid_line,6,penalty_row_xy,3,5.0,118,ok,24,2376,628,332,6827,9123,2245,1.0870277881622314,"{""ecr"": 6827, ""rz"": 22187, ""sx"": 11658, ""x"": 1416}"
0039_dense_grid_line_553,dense_grid_line,6,penalty_row_xy,3,5.0,119,ok,24,2376,628,332,6949,8447,2069,1.1839680671691895,"{""ecr"": 6949, ""rz"": 22601, ""sx"": 11753, ""x"": 1511}"
0039_dense_grid_line_553,dense_grid_line,6,penalty_row_xy,3,5.0,120,ok,24,2376,628,332,6859,9352,2326,1.1464085578918457,"{""ecr"": 6859, ""rz"": 22307, ""sx"": 11538, ""x"": 1564}"
0041_dense_grid_lshape_555,dense_grid_lshape,6,token_line_rotating,3,,101,ok,19,1785,2465,1516,5662,14598,3788,1.240840196609497,"{""ecr"": 5662, ""rz"": 16765, ""sx"": 9406, ""x"": 982}"
0041_dense_grid_lshape_555,dense_grid_lshape,6,token_line_rotating,3,,102,ok,19,1785,2465,1516,5776,14629,3832,1.0876739025115967,"{""ecr"": 5776, ""rz"": 16936, ""sx"": 9335, ""x"": 1041}"
0041_dense_grid_lshape_555,dense_grid_lshape,6,token_line_rotating,3,,103,ok,19,1785,2465,1516,5796,14657,3824,0.9818410873413086,"{""ecr"": 5796, ""rz"": 17022, ""sx"": 9694, ""x"": 912}"
0041_dense_grid_lshape_555,dense_grid_lshape,6,token_line_rotating,3,,104,ok,19,1785,2465,1516,5916,14757,3856,1.193525791168213,"{""ecr"": 5916, ""rz"": 17424, ""sx"": 9710, ""x"": 1104}"
0041_dense_grid_lshape_555,dense_grid_lshape,6,token_line_rotating,3,,105,ok,19,1785,2465,1516,5800,14960,3898,1.163618564605713,"{""ecr"": 5800, ""rz"": 17115, ""sx"": 9509, ""x"": 1042}"
0041_dense_grid_lshape_555,dense_grid_lshape,6,token_line_rotating,3,,106,ok,19,1785,2465,1516,5748,14435,3749,0.911689281463623,"{""ecr"": 5748, ""rz"": 16904, ""sx"": 9256, ""x"": 1171}"
0041_dense_grid_lshape_555,dense_grid_lshape,6,token_line_rotating,3,,107,ok,19,1785,2465,1516,5886,14886,3876,1.1614792346954346,"{""ecr"": 5886, ""rz"": 17424, ""sx"": 9746, ""x"": 1027}"
0041_dense_grid_lshape_555,dense_grid_lshape,6,token_line_rotating,3,,108,ok,19,1785,2465,1516,5794,14683,3846,1.1315875053405762,"{""ecr"": 5794, ""rz"": 17115, ""sx"": 9471, ""x"": 1036}"
0041_dense_grid_lshape_555,dense_grid_lshape,6,token_line_rotating,3,,109,ok,19,1785,2465,1516,5806,14773,3844,1.1158087253570557,"{""ecr"": 5806, ""rz"": 17178, ""sx"": 9580, ""x"": 1008}"
0041_dense_grid_lshape_555,dense_grid_lshape,6,token_line_rotating,3,,110,ok,19,1785,2465,1516,5901,15079,3899,0.9043102264404297,"{""ecr"": 5901, ""rz"": 17349, ""sx"": 9959, ""x"": 977}"
0041_dense_grid_lshape_555,dense_grid_lshape,6,token_line_rotating,3,,111,ok,19,1785,2465,1516,5822,15250,3983,0.991692066192627,"{""ecr"": 5822, ""rz"": 17153, ""sx"": 9355, ""x"": 1148}"
0041_dense_grid_lshape_555,dense_grid_lshape,6,token_line_rotating,3,,112,ok,19,1785,2465,1516,5754,14807,3841,1.2774946689605713,"{""ecr"": 5754, ""rz"": 16969, ""sx"": 9521, ""x"": 1081}"
0041_dense_grid_lshape_555,dense_grid_lshape,6,token_line_rotating,3,,113,ok,19,1785,2465,1516,5694,14526,3755,0.9506030082702637,"{""ecr"": 5694, ""rz"": 16726, ""sx"": 9662, ""x"": 935}"
0041_dense_grid_lshape_555,dense_grid_lshape,6,token_line_rotating,3,,114,ok,19,1785,2465,1516,5728,14506,3776,1.510636568069458,"{""ecr"": 5728, ""rz"": 16782, ""sx"": 9444, ""x"": 1051}"
0041_dense_grid_lshape_555,dense_grid_lshape,6,token_line_rotating,3,,115,ok,19,1785,2465,1516,5633,14113,3668,1.068028211593628,"{""ecr"": 5633, ""rz"": 16609, ""sx"": 9252, ""x"": 1058}"
0041_dense_grid_lshape_555,dense_grid_lshape,6,token_line_rotating,3,,116,ok,19,1785,2465,1516,5702,14675,3815,1.1370363235473633,"{""ecr"": 5702, ""rz"": 16762, ""sx"": 9584, ""x"": 957}"
0041_dense_grid_lshape_555,dense_grid_lshape,6,token_line_rotating,3,,117,ok,19,1785,2465,1516,5772,15087,3909,1.1733226776123047,"{""ecr"": 5772, ""rz"": 16997, ""sx"": 9835, ""x"": 898}"
0041_dense_grid_lshape_555,dense_grid_lshape,6,token_line_rotating,3,,118,ok,19,1785,2465,1516,5780,14659,3806,1.1251246929168701,"{""ecr"": 5780, ""rz"": 17020, ""sx"": 9709, ""x"": 987}"
0041_dense_grid_lshape_555,dense_grid_lshape,6,token_line_rotating,3,,119,ok,19,1785,2465,1516,5790,14705,3849,1.0945541858673096,"{""ecr"": 5790, ""rz"": 16947, ""sx"": 9501, ""x"": 1069}"
0041_dense_grid_lshape_555,dense_grid_lshape,6,token_line_rotating,3,,120,ok,19,1785,2465,1516,5821,15148,3954,0.9833559989929199,"{""ecr"": 5821, ""rz"": 17096, ""sx"": 9528, ""x"": 1106}"
0041_dense_grid_lshape_555,dense_grid_lshape,6,penalty_row_xy,3,5.0,101,ok,24,2376,628,332,6818,8496,2088,1.1455509662628174,"{""ecr"": 6818, ""rz"": 22253, ""sx"": 11578, ""x"": 1429}"
0041_dense_grid_lshape_555,dense_grid_lshape,6,penalty_row_xy,3,5.0,102,ok,24,2376,628,332,6781,8327,2072,1.2699155807495117,"{""ecr"": 6781, ""rz"": 22087, ""sx"": 11569, ""x"": 1401}"
0041_dense_grid_lshape_555,dense_grid_lshape,6,penalty_row_xy,3,5.0,103,ok,24,2376,628,332,6823,8104,1991,1.1224794387817383,"{""ecr"": 6823, ""rz"": 22252, ""sx"": 11690, ""x"": 1345}"
0041_dense_grid_lshape_555,dense_grid_lshape,6,penalty_row_xy,3,5.0,104,ok,24,2376,628,332,6815,8327,2048,1.2945313453674316,"{""ecr"": 6815, ""rz"": 22189, ""sx"": 11549, ""x"": 1422}"
0041_dense_grid_lshape_555,dense_grid_lshape,6,penalty_row_xy,3,5.0,105,ok,24,2376,628,332,6652,7869,1937,1.0772202014923096,"{""ecr"": 6652, ""rz"": 21614, ""sx"": 11216, ""x"": 1392}"
0041_dense_grid_lshape_555,dense_grid_lshape,6,penalty_row_xy,3,5.0,106,ok,24,2376,628,332,6868,9190,2275,1.0666170120239258,"{""ecr"": 6868, ""rz"": 22341, ""sx"": 11700, ""x"": 1418}"
0041_dense_grid_lshape_555,dense_grid_lshape,6,penalty_row_xy,3,5.0,107,ok,24,2376,628,332,6745,8880,2172,1.0165719985961914,"{""ecr"": 6745, ""rz"": 22060, ""sx"": 11583, ""x"": 1358}"
0041_dense_grid_lshape_555,dense_grid_lshape,6,penalty_row_xy,3,5.0,108,ok,24,2376,628,332,6864,9858,2414,1.1102287769317627,"{""ecr"": 6864, ""rz"": 22415, ""sx"": 11695, ""x"": 1462}"
0041_dense_grid_lshape_555,dense_grid_lshape,6,penalty_row_xy,3,5.0,109,ok,24,2376,628,332,6841,8739,2172,1.0676922798156738,"{""ecr"": 6841, ""rz"": 22229, ""sx"": 11647, ""x"": 1378}"
0041_dense_grid_lshape_555,dense_grid_lshape,6,penalty_row_xy,3,5.0,110,ok,24,2376,628,332,6818,8613,2139,1.1282684803009033,"{""ecr"": 6818, ""rz"": 22118, ""sx"": 11606, ""x"": 1404}"
0041_dense_grid_lshape_555,dense_grid_lshape,6,penalty_row_xy,3,5.0,111,ok,24,2376,628,332,6844,9129,2243,1.1889410018920898,"{""ecr"": 6844, ""rz"": 22345, ""sx"": 11685, ""x"": 1441}"
0041_dense_grid_lshape_555,dense_grid_lshape,6,penalty_row_xy,3,5.0,112,ok,24,2376,628,332,6875,8268,2024,1.251892328262329,"{""ecr"": 6875, ""rz"": 22415, ""sx"": 11536, ""x"": 1561}"
0041_dense_grid_lshape_555,dense_grid_lshape,6,penalty_row_xy,3,5.0,113,ok,24,2376,628,332,6825,8661,2129,1.2393720149993896,"{""ecr"": 6825, ""rz"": 22199, ""sx"": 11610, ""x"": 1404}"
0041_dense_grid_lshape_555,dense_grid_lshape,6,penalty_row_xy,3,5.0,114,ok,24,2376,628,332,6742,9210,2293,1.0883259773254395,"{""ecr"": 6742, ""rz"": 21877, ""sx"": 11424, ""x"": 1452}"
0041_dense_grid_lshape_555,dense_grid_lshape,6,penalty_row_xy,3,5.0,115,ok,24,2376,628,332,6904,8581,2133,1.1624772548675537,"{""ecr"": 6904, ""rz"": 22500, ""sx"": 11704, ""x"": 1442}"
0041_dense_grid_lshape_555,dense_grid_lshape,6,penalty_row_xy,3,5.0,116,ok,24,2376,628,332,6772,8050,1978,1.1930716037750244,"{""ecr"": 6772, ""rz"": 22120, ""sx"": 11572, ""x"": 1413}"
0041_dense_grid_lshape_555,dense_grid_lshape,6,penalty_row_xy,3,5.0,117,ok,24,2376,628,332,6839,8131,2023,1.1033763885498047,"{""ecr"": 6839, ""rz"": 22129, ""sx"": 11588, ""x"": 1437}"
0041_dense_grid_lshape_555,dense_grid_lshape,6,penalty_row_xy,3,5.0,118,ok,24,2376,628,332,6827,9123,2245,1.171661615371704,"{""ecr"": 6827, ""rz"": 22187, ""sx"": 11658, ""x"": 1416}"
0041_dense_grid_lshape_555,dense_grid_lshape,6,penalty_row_xy,3,5.0,119,ok,24,2376,628,332,6949,8447,2069,1.129164457321167,"{""ecr"": 6949, ""rz"": 22601, ""sx"": 11753, ""x"": 1511}"
0041_dense_grid_lshape_555,dense_grid_lshape,6,penalty_row_xy,3,5.0,120,ok,24,2376,628,332,6859,9352,2326,1.2264065742492676,"{""ecr"": 6859, ""rz"": 22307, ""sx"": 11538, ""x"": 1564}"
0042_sparse_grid_558,sparse_grid,5,token_line_rotating,3,,101,ok,19,1773,2458,1536,5624,14949,3896,1.33766770362854,"{""ecr"": 5624, ""rz"": 16515, ""sx"": 9357, ""x"": 991}"
0042_sparse_grid_558,sparse_grid,5,token_line_rotating,3,,102,ok,19,1773,2458,1536,5615,15185,3963,1.1478629112243652,"{""ecr"": 5615, ""rz"": 16332, ""sx"": 9161, ""x"": 1085}"
0042_sparse_grid_558,sparse_grid,5,token_line_rotating,3,,103,ok,19,1773,2458,1536,5509,14368,3767,1.0647637844085693,"{""ecr"": 5509, ""rz"": 16218, ""sx"": 9306, ""x"": 907}"
0042_sparse_grid_558,sparse_grid,5,token_line_rotating,3,,104,ok,19,1773,2458,1536,5705,14873,3889,1.1192564964294434,"{""ecr"": 5705, ""rz"": 16713, ""sx"": 9574, ""x"": 966}"
0042_sparse_grid_558,sparse_grid,5,token_line_rotating,3,,105,ok,19,1773,2458,1536,5511,14218,3701,0.8228001594543457,"{""ecr"": 5511, ""rz"": 16303, ""sx"": 9180, ""x"": 898}"
0042_sparse_grid_558,sparse_grid,5,token_line_rotating,3,,106,ok,19,1773,2458,1536,5599,14873,3870,1.2342190742492676,"{""ecr"": 5599, ""rz"": 16351, ""sx"": 9268, ""x"": 971}"
0042_sparse_grid_558,sparse_grid,5,token_line_rotating,3,,107,ok,19,1773,2458,1536,5643,14551,3776,1.0176892280578613,"{""ecr"": 5643, ""rz"": 16590, ""sx"": 9349, ""x"": 997}"
0042_sparse_grid_558,sparse_grid,5,token_line_rotating,3,,108,ok,19,1773,2458,1536,5593,14866,3892,1.0007257461547852,"{""ecr"": 5593, ""rz"": 16360, ""sx"": 9203, ""x"": 1005}"
0042_sparse_grid_558,sparse_grid,5,token_line_rotating,3,,109,ok,19,1773,2458,1536,5524,14572,3794,1.2593305110931396,"{""ecr"": 5524, ""rz"": 16323, ""sx"": 9093, ""x"": 978}"
0042_sparse_grid_558,sparse_grid,5,token_line_rotating,3,,110,ok,19,1773,2458,1536,5529,14799,3874,0.9508552551269531,"{""ecr"": 5529, ""rz"": 16199, ""sx"": 9124, ""x"": 982}"
0042_sparse_grid_558,sparse_grid,5,token_line_rotating,3,,111,ok,19,1773,2458,1536,5613,15001,3879,1.1531705856323242,"{""ecr"": 5613, ""rz"": 16510, ""sx"": 9459, ""x"": 969}"
0042_sparse_grid_558,sparse_grid,5,token_line_rotating,3,,112,ok,19,1773,2458,1536,5619,14616,3852,0.7659461498260498,"{""ecr"": 5619, ""rz"": 16357, ""sx"": 9275, ""x"": 1022}"
0042_sparse_grid_558,sparse_grid,5,token_line_rotating,3,,113,ok,19,1773,2458,1536,5665,14765,3858,0.7618985176086426,"{""ecr"": 5665, ""rz"": 16593, ""sx"": 9225, ""x"": 1042}"
0042_sparse_grid_558,sparse_grid,5,token_line_rotating,3,,114,ok,19,1773,2458,1536,5651,14712,3836,0.8237290382385254,"{""ecr"": 5651, ""rz"": 16497, ""sx"": 9354, ""x"": 1019}"
0042_sparse_grid_558,sparse_grid,5,token_line_rotating,3,,115,ok,19,1773,2458,1536,5563,14756,3832,1.483459234237671,"{""ecr"": 5563, ""rz"": 16397, ""sx"": 9391, ""x"": 951}"
0042_sparse_grid_558,sparse_grid,5,token_line_rotating,3,,116,ok,19,1773,2458,1536,5606,14770,3859,0.932948112487793,"{""ecr"": 5606, ""rz"": 16396, ""sx"": 9377, ""x"": 929}"
0042_sparse_grid_558,sparse_grid,5,token_line_rotating,3,,117,ok,19,1773,2458,1536,5503,14731,3841,0.8335773944854736,"{""ecr"": 5503, ""rz"": 16211, ""sx"": 9219, ""x"": 893}"
0042_sparse_grid_558,sparse_grid,5,token_line_rotating,3,,118,ok,19,1773,2458,1536,5477,14061,3658,0.8277490139007568,"{""ecr"": 5477, ""rz"": 15997, ""sx"": 8976, ""x"": 1068}"
0042_sparse_grid_558,sparse_grid,5,token_line_rotating,3,,119,ok,19,1773,2458,1536,5582,14864,3853,1.1335163116455078,"{""ecr"": 5582, ""rz"": 16415, ""sx"": 9385, ""x"": 935}"
0042_sparse_grid_558,sparse_grid,5,token_line_rotating,3,,120,ok,19,1773,2458,1536,5596,14526,3807,1.1985950469970703,"{""ecr"": 5596, ""rz"": 16427, ""sx"": 9150, ""x"": 1098}"
0042_sparse_grid_558,sparse_grid,5,penalty_row_xy,3,5.0,101,ok,24,2196,610,320,6218,7668,1880,1.1730153560638428,"{""ecr"": 6218, ""rz"": 20215, ""sx"": 10732, ""x"": 1225}"
0042_sparse_grid_558,sparse_grid,5,penalty_row_xy,3,5.0,102,ok,24,2196,610,320,6321,8398,2076,1.2373638153076172,"{""ecr"": 6321, ""rz"": 20592, ""sx"": 10870, ""x"": 1271}"
0042_sparse_grid_558,sparse_grid,5,penalty_row_xy,3,5.0,103,ok,24,2196,610,320,6249,8587,2109,0.8068153858184814,"{""ecr"": 6249, ""rz"": 20447, ""sx"": 10764, ""x"": 1286}"
0042_sparse_grid_558,sparse_grid,5,penalty_row_xy,3,5.0,104,ok,24,2196,610,320,6285,7953,1973,0.8197839260101318,"{""ecr"": 6285, ""rz"": 20436, ""sx"": 10730, ""x"": 1301}"
0042_sparse_grid_558,sparse_grid,5,penalty_row_xy,3,5.0,105,ok,24,2196,610,320,6256,8818,2152,0.9853248596191406,"{""ecr"": 6256, ""rz"": 20481, ""sx"": 10717, ""x"": 1316}"
0042_sparse_grid_558,sparse_grid,5,penalty_row_xy,3,5.0,106,ok,24,2196,610,320,6381,7390,1851,1.1022334098815918,"{""ecr"": 6381, ""rz"": 20874, ""sx"": 10929, ""x"": 1370}"
0042_sparse_grid_558,sparse_grid,5,penalty_row_xy,3,5.0,107,ok,24,2196,610,320,6360,8689,2140,0.8877620697021484,"{""ecr"": 6360, ""rz"": 20736, ""sx"": 10871, ""x"": 1351}"
0042_sparse_grid_558,sparse_grid,5,penalty_row_xy,3,5.0,108,ok,24,2196,610,320,6239,8198,2000,1.048734426498413,"{""ecr"": 6239, ""rz"": 20413, ""sx"": 10734, ""x"": 1295}"
0042_sparse_grid_558,sparse_grid,5,penalty_row_xy,3,5.0,109,ok,24,2196,610,320,6292,7306,1783,0.8579897880554199,"{""ecr"": 6292, ""rz"": 20429, ""sx"": 10774, ""x"": 1311}"
0042_sparse_grid_558,sparse_grid,5,penalty_row_xy,3,5.0,110,ok,24,2196,610,320,6289,7527,1868,0.8433265686035156,"{""ecr"": 6289, ""rz"": 20512, ""sx"": 10865, ""x"": 1221}"
0042_sparse_grid_558,sparse_grid,5,penalty_row_xy,3,5.0,111,ok,24,2196,610,320,6335,8054,1991,0.9322526454925537,"{""ecr"": 6335, ""rz"": 20609, ""sx"": 10810, ""x"": 1280}"
0042_sparse_grid_558,sparse_grid,5,penalty_row_xy,3,5.0,112,ok,24,2196,610,320,6273,8063,1992,0.8382458686828613,"{""ecr"": 6273, ""rz"": 20412, ""sx"": 10747, ""x"": 1188}"
0042_sparse_grid_558,sparse_grid,5,penalty_row_xy,3,5.0,113,ok,24,2196,610,320,6285,7779,1902,1.218250036239624,"{""ecr"": 6285, ""rz"": 20541, ""sx"": 10816, ""x"": 1305}"
0042_sparse_grid_558,sparse_grid,5,penalty_row_xy,3,5.0,114,ok,24,2196,610,320,6306,8525,2095,1.0616977214813232,"{""ecr"": 6306, ""rz"": 20452, ""sx"": 10758, ""x"": 1305}"
0042_sparse_grid_558,sparse_grid,5,penalty_row_xy,3,5.0,115,ok,24,2196,610,320,6245,7904,1949,1.141894817352295,"{""ecr"": 6245, ""rz"": 20430, ""sx"": 10753, ""x"": 1283}"
0042_sparse_grid_558,sparse_grid,5,penalty_row_xy,3,5.0,116,ok,24,2196,610,320,6237,8448,2043,0.9463672637939453,"{""ecr"": 6237, ""rz"": 20370, ""sx"": 10754, ""x"": 1260}"
0042_sparse_grid_558,sparse_grid,5,penalty_row_xy,3,5.0,117,ok,24,2196,610,320,6358,8975,2190,1.5069520473480225,"{""ecr"": 6358, ""rz"": 20891, ""sx"": 10904, ""x"": 1281}"
0042_sparse_grid_558,sparse_grid,5,penalty_row_xy,3,5.0,118,ok,24,2196,610,320,6234,7384,1822,1.266728162765503,"{""ecr"": 6234, ""rz"": 20376, ""sx"": 10790, ""x"": 1190}"
0042_sparse_grid_558,sparse_grid,5,penalty_row_xy,3,5.0,119,ok,24,2196,610,320,6259,8327,2051,1.1829984188079834,"{""ecr"": 6259, ""rz"": 20452, ""sx"": 10597, ""x"": 1379}"
0042_sparse_grid_558,sparse_grid,5,penalty_row_xy,3,5.0,120,ok,24,2196,610,320,6335,8743,2168,1.3959472179412842,"{""ecr"": 6335, ""rz"": 20770, ""sx"": 10896, ""x"": 1323}"
0043_dense_grid_559,dense_grid,5,token_line_rotating,3,,101,ok,19,1773,2460,1532,5655,14654,3831,1.168879508972168,"{""ecr"": 5655, ""rz"": 16623, ""sx"": 9368, ""x"": 1009}"
0043_dense_grid_559,dense_grid,5,token_line_rotating,3,,102,ok,19,1773,2460,1532,5613,14344,3748,1.013681411743164,"{""ecr"": 5613, ""rz"": 16530, ""sx"": 9156, ""x"": 1003}"
0043_dense_grid_559,dense_grid,5,token_line_rotating,3,,103,ok,19,1773,2460,1532,5757,14906,3897,0.8813538551330566,"{""ecr"": 5757, ""rz"": 16943, ""sx"": 9418, ""x"": 1044}"
0043_dense_grid_559,dense_grid,5,token_line_rotating,3,,104,ok,19,1773,2460,1532,5644,14269,3758,1.0388283729553223,"{""ecr"": 5644, ""rz"": 16686, ""sx"": 9279, ""x"": 924}"
0043_dense_grid_559,dense_grid,5,token_line_rotating,3,,105,ok,19,1773,2460,1532,5690,14395,3765,0.846062183380127,"{""ecr"": 5690, ""rz"": 16740, ""sx"": 9325, ""x"": 989}"
0043_dense_grid_559,dense_grid,5,token_line_rotating,3,,106,ok,19,1773,2460,1532,5714,14447,3756,1.445983648300171,"{""ecr"": 5714, ""rz"": 16793, ""sx"": 9548, ""x"": 981}"
0043_dense_grid_559,dense_grid,5,token_line_rotating,3,,107,ok,19,1773,2460,1532,5778,14808,3859,0.8740699291229248,"{""ecr"": 5778, ""rz"": 17016, ""sx"": 9597, ""x"": 968}"
0043_dense_grid_559,dense_grid,5,token_line_rotating,3,,108,ok,19,1773,2460,1532,5619,14341,3733,1.1442835330963135,"{""ecr"": 5619, ""rz"": 16494, ""sx"": 9376, ""x"": 967}"
0043_dense_grid_559,dense_grid,5,token_line_rotating,3,,109,ok,19,1773,2460,1532,5717,14760,3859,1.0929548740386963,"{""ecr"": 5717, ""rz"": 16874, ""sx"": 9516, ""x"": 921}"
0043_dense_grid_559,dense_grid,5,token_line_rotating,3,,110,ok,19,1773,2460,1532,5568,14371,3738,0.9224197864532471,"{""ecr"": 5568, ""rz"": 16319, ""sx"": 9304, ""x"": 978}"
0043_dense_grid_559,dense_grid,5,token_line_rotating,3,,111,ok,19,1773,2460,1532,5636,14795,3866,0.8862879276275635,"{""ecr"": 5636, ""rz"": 16616, ""sx"": 9311, ""x"": 1082}"
0043_dense_grid_559,dense_grid,5,token_line_rotating,3,,112,ok,19,1773,2460,1532,5582,14161,3717,1.2120459079742432,"{""ecr"": 5582, ""rz"": 16531, ""sx"": 9165, ""x"": 907}"
0043_dense_grid_559,dense_grid,5,token_line_rotating,3,,113,ok,19,1773,2460,1532,5708,14734,3855,1.2112092971801758,"{""ecr"": 5708, ""rz"": 16760, ""sx"": 9526, ""x"": 903}"
0043_dense_grid_559,dense_grid,5,token_line_rotating,3,,114,ok,19,1773,2460,1532,5693,14763,3862,0.8075242042541504,"{""ecr"": 5693, ""rz"": 16694, ""sx"": 9346, ""x"": 1002}"
0043_dense_grid_559,dense_grid,5,token_line_rotating,3,,115,ok,19,1773,2460,1532,5747,14907,3889,1.207228660583496,"{""ecr"": 5747, ""rz"": 16856, ""sx"": 9438, ""x"": 1024}"
0043_dense_grid_559,dense_grid,5,token_line_rotating,3,,116,ok,19,1773,2460,1532,5652,14314,3715,0.8908846378326416,"{""ecr"": 5652, ""rz"": 16577, ""sx"": 9289, ""x"": 1041}"
0043_dense_grid_559,dense_grid,5,token_line_rotating,3,,117,ok,19,1773,2460,1532,5702,14491,3790,1.0235612392425537,"{""ecr"": 5702, ""rz"": 16783, ""sx"": 9392, ""x"": 997}"
0043_dense_grid_559,dense_grid,5,token_line_rotating,3,,118,ok,19,1773,2460,1532,5697,15030,3906,0.8729169368743896,"{""ecr"": 5697, ""rz"": 16676, ""sx"": 9453, ""x"": 992}"
0043_dense_grid_559,dense_grid,5,token_line_rotating,3,,119,ok,19,1773,2460,1532,5707,14003,3669,0.8703830242156982,"{""ecr"": 5707, ""rz"": 16758, ""sx"": 9280, ""x"": 1062}"
0043_dense_grid_559,dense_grid,5,token_line_rotating,3,,120,ok,19,1773,2460,1532,5592,14586,3799,1.2601947784423828,"{""ecr"": 5592, ""rz"": 16438, ""sx"": 9232, ""x"": 1042}"
0043_dense_grid_559,dense_grid,5,penalty_row_xy,3,5.0,101,ok,24,2196,574,296,6158,7863,1899,1.2055397033691406,"{""ecr"": 6158, ""rz"": 20353, ""sx"": 10670, ""x"": 1283}"
0043_dense_grid_559,dense_grid,5,penalty_row_xy,3,5.0,102,ok,24,2196,574,296,6215,7883,1935,0.9081883430480957,"{""ecr"": 6215, ""rz"": 20391, ""sx"": 10671, ""x"": 1292}"
0043_dense_grid_559,dense_grid,5,penalty_row_xy,3,5.0,103,ok,24,2196,574,296,6217,8397,2057,1.163435459136963,"{""ecr"": 6217, ""rz"": 20272, ""sx"": 10593, ""x"": 1317}"
0043_dense_grid_559,dense_grid,5,penalty_row_xy,3,5.0,104,ok,24,2196,574,296,6199,7368,1825,1.079042673110962,"{""ecr"": 6199, ""rz"": 20145, ""sx"": 10559, ""x"": 1299}"
0043_dense_grid_559,dense_grid,5,penalty_row_xy,3,5.0,105,ok,24,2196,574,296,6273,7793,1927,1.0691297054290771,"{""ecr"": 6273, ""rz"": 20477, ""sx"": 10704, ""x"": 1348}"
0043_dense_grid_559,dense_grid,5,penalty_row_xy,3,5.0,106,ok,24,2196,574,296,6095,7542,1863,0.9985394477844238,"{""ecr"": 6095, ""rz"": 20007, ""sx"": 10484, ""x"": 1225}"
0043_dense_grid_559,dense_grid,5,penalty_row_xy,3,5.0,107,ok,24,2196,574,296,6093,7235,1794,1.0747191905975342,"{""ecr"": 6093, ""rz"": 20030, ""sx"": 10412, ""x"": 1261}"
0043_dense_grid_559,dense_grid,5,penalty_row_xy,3,5.0,108,ok,24,2196,574,296,6136,7732,1878,1.275102138519287,"{""ecr"": 6136, ""rz"": 20258, ""sx"": 10633, ""x"": 1203}"
0043_dense_grid_559,dense_grid,5,penalty_row_xy,3,5.0,109,ok,24,2196,574,296,6191,8513,2086,1.1470732688903809,"{""ecr"": 6191, ""rz"": 20300, ""sx"": 10696, ""x"": 1299}"
0043_dense_grid_559,dense_grid,5,penalty_row_xy,3,5.0,110,ok,24,2196,574,296,6221,7352,1812,0.9704916477203369,"{""ecr"": 6221, ""rz"": 20479, ""sx"": 10648, ""x"": 1312}"
0043_dense_grid_559,dense_grid,5,penalty_row_xy,3,5.0,111,ok,24,2196,574,296,6116,7194,1769,1.0098979473114014,"{""ecr"": 6116, ""rz"": 19951, ""sx"": 10471, ""x"": 1229}"
0043_dense_grid_559,dense_grid,5,penalty_row_xy,3,5.0,112,ok,24,2196,574,296,6136,7708,1887,1.0588023662567139,"{""ecr"": 6136, ""rz"": 20150, ""sx"": 10552, ""x"": 1271}"
0043_dense_grid_559,dense_grid,5,penalty_row_xy,3,5.0,113,ok,24,2196,574,296,6144,8636,2122,1.0166237354278564,"{""ecr"": 6144, ""rz"": 20192, ""sx"": 10556, ""x"": 1290}"
0043_dense_grid_559,dense_grid,5,penalty_row_xy,3,5.0,114,ok,24,2196,574,296,6018,7607,1838,1.0454025268554688,"{""ecr"": 6018, ""rz"": 19891, ""sx"": 10406, ""x"": 1253}"
0043_dense_grid_559,dense_grid,5,penalty_row_xy,3,5.0,115,ok,24,2196,574,296,6229,7818,1921,1.0923380851745605,"{""ecr"": 6229, ""rz"": 20330, ""sx"": 10655, ""x"": 1279}"
0043_dense_grid_559,dense_grid,5,penalty_row_xy,3,5.0,116,ok,24,2196,574,296,6189,7730,1922,1.3481340408325195,"{""ecr"": 6189, ""rz"": 20254, ""sx"": 10620, ""x"": 1262}"
0043_dense_grid_559,dense_grid,5,penalty_row_xy,3,5.0,117,ok,24,2196,574,296,6106,7149,1733,0.7454025745391846,"{""ecr"": 6106, ""rz"": 20112, ""sx"": 10504, ""x"": 1322}"
0043_dense_grid_559,dense_grid,5,penalty_row_xy,3,5.0,118,ok,24,2196,574,296,6174,8034,1989,0.9736840724945068,"{""ecr"": 6174, ""rz"": 20043, ""sx"": 10475, ""x"": 1253}"
0043_dense_grid_559,dense_grid,5,penalty_row_xy,3,5.0,119,ok,24,2196,574,296,6034,7095,1721,1.0063974857330322,"{""ecr"": 6034, ""rz"": 19847, ""sx"": 10477, ""x"": 1221}"
0043_dense_grid_559,dense_grid,5,penalty_row_xy,3,5.0,120,ok,24,2196,574,296,6323,7624,1876,0.8399507999420166,"{""ecr"": 6323, ""rz"": 20566, ""sx"": 10822, ""x"": 1314}"
0045_dense_grid_line_561,dense_grid_line,6,token_line_rotating,3,,101,ok,19,1767,2454,1504,5639,14289,3725,1.316004991531372,"{""ecr"": 5639, ""rz"": 16561, ""sx"": 9232, ""x"": 1048}"
0045_dense_grid_line_561,dense_grid_line,6,token_line_rotating,3,,102,ok,19,1767,2454,1504,5674,15036,3907,0.9386765956878662,"{""ecr"": 5674, ""rz"": 16654, ""sx"": 9346, ""x"": 1011}"
0045_dense_grid_line_561,dense_grid_line,6,token_line_rotating,3,,103,ok,19,1767,2454,1504,5667,14770,3836,0.7049918174743652,"{""ecr"": 5667, ""rz"": 16611, ""sx"": 9398, ""x"": 1031}"
0045_dense_grid_line_561,dense_grid_line,6,token_line_rotating,3,,104,ok,19,1767,2454,1504,5710,15016,3921,0.8473730087280273,"{""ecr"": 5710, ""rz"": 16705, ""sx"": 9435, ""x"": 958}"
0045_dense_grid_line_561,dense_grid_line,6,token_line_rotating,3,,105,ok,19,1767,2454,1504,5653,14674,3849,0.692620038986206,"{""ecr"": 5653, ""rz"": 16559, ""sx"": 9252, ""x"": 1039}"
0045_dense_grid_line_561,dense_grid_line,6,token_line_rotating,3,,106,ok,19,1767,2454,1504,5696,14136,3700,1.3299469947814941,"{""ecr"": 5696, ""rz"": 16752, ""sx"": 9166, ""x"": 1077}"
0045_dense_grid_line_561,dense_grid_line,6,token_line_rotating,3,,107,ok,19,1767,2454,1504,5586,14800,3851,0.9370443820953369,"{""ecr"": 5586, ""rz"": 16446, ""sx"": 9442, ""x"": 893}"
0045_dense_grid_line_561,dense_grid_line,6,token_line_rotating,3,,108,ok,19,1767,2454,1504,5685,14498,3771,0.9744789600372314,"{""ecr"": 5685, ""rz"": 16758, ""sx"": 9131, ""x"": 1179}"
0045_dense_grid_line_561,dense_grid_line,6,token_line_rotating,3,,109,ok,19,1767,2454,1504,5659,14537,3760,0.9388878345489502,"{""ecr"": 5659, ""rz"": 16630, ""sx"": 9440, ""x"": 982}"
0045_dense_grid_line_561,dense_grid_line,6,token_line_rotating,3,,110,ok,19,1767,2454,1504,5696,14413,3769,0.79189133644104,"{""ecr"": 5696, ""rz"": 16621, ""sx"": 9265, ""x"": 1069}"
0045_dense_grid_line_561,dense_grid_line,6,token_line_rotating,3,,111,ok,19,1767,2454,1504,5685,14568,3785,0.7723498344421387,"{""ecr"": 5685, ""rz"": 16671, ""sx"": 9465, ""x"": 996}"
0045_dense_grid_line_561,dense_grid_line,6,token_line_rotating,3,,112,ok,19,1767,2454,1504,5679,14474,3792,0.9426941871643066,"{""ecr"": 5679, ""rz"": 16728, ""sx"": 9322, ""x"": 1000}"
0045_dense_grid_line_561,dense_grid_line,6,token_line_rotating,3,,113,ok,19,1767,2454,1504,5616,14471,3780,1.295006275177002,"{""ecr"": 5616, ""rz"": 16575, ""sx"": 9263, ""x"": 992}"
0045_dense_grid_line_561,dense_grid_line,6,token_line_rotating,3,,114,ok,19,1767,2454,1504,5759,14902,3879,1.3688507080078125,"{""ecr"": 5759, ""rz"": 16854, ""sx"": 9509, ""x"": 981}"
0045_dense_grid_line_561,dense_grid_line,6,token_line_rotating,3,,115,ok,19,1767,2454,1504,5592,14443,3771,1.361837387084961,"{""ecr"": 5592, ""rz"": 16508, ""sx"": 9348, ""x"": 990}"
0045_dense_grid_line_561,dense_grid_line,6,token_line_rotating,3,,116,ok,19,1767,2454,1504,5713,14544,3769,1.2857654094696045,"{""ecr"": 5713, ""rz"": 16820, ""sx"": 9542, ""x"": 1003}"
0045_dense_grid_line_561,dense_grid_line,6,token_line_rotating,3,,117,ok,19,1767,2454,1504,5635,14112,3678,1.117499589920044,"{""ecr"": 5635, ""rz"": 16644, ""sx"": 9377, ""x"": 1001}"
0045_dense_grid_line_561,dense_grid_line,6,token_line_rotating,3,,118,ok,19,1767,2454,1504,5667,14764,3829,1.0346555709838867,"{""ecr"": 5667, ""rz"": 16628, ""sx"": 9370, ""x"": 980}"
0045_dense_grid_line_561,dense_grid_line,6,token_line_rotating,3,,119,ok,19,1767,2454,1504,5684,14364,3735,1.1903679370880127,"{""ecr"": 5684, ""rz"": 16761, ""sx"": 9353, ""x"": 1048}"
0045_dense_grid_line_561,dense_grid_line,6,token_line_rotating,3,,120,ok,19,1767,2454,1504,5560,14206,3702,1.3782930374145508,"{""ecr"": 5560, ""rz"": 16300, ""sx"": 9213, ""x"": 981}"
0045_dense_grid_line_561,dense_grid_line,6,penalty_row_xy,3,5.0,101,ok,24,2376,628,332,6818,8496,2088,1.1727628707885742,"{""ecr"": 6818, ""rz"": 22253, ""sx"": 11578, ""x"": 1429}"
0045_dense_grid_line_561,dense_grid_line,6,penalty_row_xy,3,5.0,102,ok,24,2376,628,332,6781,8327,2072,1.3504564762115479,"{""ecr"": 6781, ""rz"": 22087, ""sx"": 11569, ""x"": 1401}"
0045_dense_grid_line_561,dense_grid_line,6,penalty_row_xy,3,5.0,103,ok,24,2376,628,332,6823,8104,1991,0.869396448135376,"{""ecr"": 6823, ""rz"": 22252, ""sx"": 11690, ""x"": 1345}"
0045_dense_grid_line_561,dense_grid_line,6,penalty_row_xy,3,5.0,104,ok,24,2376,628,332,6815,8327,2048,1.1690325736999512,"{""ecr"": 6815, ""rz"": 22189, ""sx"": 11549, ""x"": 1422}"
0045_dense_grid_line_561,dense_grid_line,6,penalty_row_xy,3,5.0,105,ok,24,2376,628,332,6652,7869,1937,0.9913580417633057,"{""ecr"": 6652, ""rz"": 21614, ""sx"": 11216, ""x"": 1392}"
0045_dense_grid_line_561,dense_grid_line,6,penalty_row_xy,3,5.0,106,ok,24,2376,628,332,6868,9190,2275,0.9710962772369385,"{""ecr"": 6868, ""rz"": 22341, ""sx"": 11700, ""x"": 1418}"
0045_dense_grid_line_561,dense_grid_line,6,penalty_row_xy,3,5.0,107,ok,24,2376,628,332,6745,8880,2172,1.0329856872558594,"{""ecr"": 6745, ""rz"": 22060, ""sx"": 11583, ""x"": 1358}"
0045_dense_grid_line_561,dense_grid_line,6,penalty_row_xy,3,5.0,108,ok,24,2376,628,332,6864,9858,2414,1.140805959701538,"{""ecr"": 6864, ""rz"": 22415, ""sx"": 11695, ""x"": 1462}"
0045_dense_grid_line_561,dense_grid_line,6,penalty_row_xy,3,5.0,109,ok,24,2376,628,332,6841,8739,2172,1.0283114910125732,"{""ecr"": 6841, ""rz"": 22229, ""sx"": 11647, ""x"": 1378}"
0045_dense_grid_line_561,dense_grid_line,6,penalty_row_xy,3,5.0,110,ok,24,2376,628,332,6818,8613,2139,0.9968650341033936,"{""ecr"": 6818, ""rz"": 22118, ""sx"": 11606, ""x"": 1404}"
0045_dense_grid_line_561,dense_grid_line,6,penalty_row_xy,3,5.0,111,ok,24,2376,628,332,6844,9129,2243,1.2354722023010254,"{""ecr"": 6844, ""rz"": 22345, ""sx"": 11685, ""x"": 1441}"
0045_dense_grid_line_561,dense_grid_line,6,penalty_row_xy,3,5.0,112,ok,24,2376,628,332,6875,8268,2024,1.1423494815826416,"{""ecr"": 6875, ""rz"": 22415, ""sx"": 11536, ""x"": 1561}"
0045_dense_grid_line_561,dense_grid_line,6,penalty_row_xy,3,5.0,113,ok,24,2376,628,332,6825,8661,2129,0.956005334854126,"{""ecr"": 6825, ""rz"": 22199, ""sx"": 11610, ""x"": 1404}"
0045_dense_grid_line_561,dense_grid_line,6,penalty_row_xy,3,5.0,114,ok,24,2376,628,332,6742,9210,2293,1.1373116970062256,"{""ecr"": 6742, ""rz"": 21877, ""sx"": 11424, ""x"": 1452}"
0045_dense_grid_line_561,dense_grid_line,6,penalty_row_xy,3,5.0,115,ok,24,2376,628,332,6904,8581,2133,1.4396336078643799,"{""ecr"": 6904, ""rz"": 22500, ""sx"": 11704, ""x"": 1442}"
0045_dense_grid_line_561,dense_grid_line,6,penalty_row_xy,3,5.0,116,ok,24,2376,628,332,6772,8050,1978,1.343139886856079,"{""ecr"": 6772, ""rz"": 22120, ""sx"": 11572, ""x"": 1413}"
0045_dense_grid_line_561,dense_grid_line,6,penalty_row_xy,3,5.0,117,ok,24,2376,628,332,6839,8131,2023,1.1525921821594238,"{""ecr"": 6839, ""rz"": 22129, ""sx"": 11588, ""x"": 1437}"
0045_dense_grid_line_561,dense_grid_line,6,penalty_row_xy,3,5.0,118,ok,24,2376,628,332,6827,9123,2245,1.0504956245422363,"{""ecr"": 6827, ""rz"": 22187, ""sx"": 11658, ""x"": 1416}"
0045_dense_grid_line_561,dense_grid_line,6,penalty_row_xy,3,5.0,119,ok,24,2376,628,332,6949,8447,2069,1.1537837982177734,"{""ecr"": 6949, ""rz"": 22601, ""sx"": 11753, ""x"": 1511}"
0045_dense_grid_line_561,dense_grid_line,6,penalty_row_xy,3,5.0,120,ok,24,2376,628,332,6859,9352,2326,1.4692342281341553,"{""ecr"": 6859, ""rz"": 22307, ""sx"": 11538, ""x"": 1564}"
0047_dense_grid_lshape_563,dense_grid_lshape,6,token_line_rotating,3,,101,ok,19,1785,2465,1516,5662,14596,3788,1.4984464645385742,"{""ecr"": 5662, ""rz"": 16762, ""sx"": 9411, ""x"": 966}"
0047_dense_grid_lshape_563,dense_grid_lshape,6,token_line_rotating,3,,102,ok,19,1785,2465,1516,5776,14626,3832,1.4075555801391602,"{""ecr"": 5776, ""rz"": 16946, ""sx"": 9345, ""x"": 1036}"
0047_dense_grid_lshape_563,dense_grid_lshape,6,token_line_rotating,3,,103,ok,19,1785,2465,1516,5796,14659,3824,0.8541724681854248,"{""ecr"": 5796, ""rz"": 17032, ""sx"": 9694, ""x"": 908}"
0047_dense_grid_lshape_563,dense_grid_lshape,6,token_line_rotating,3,,104,ok,19,1785,2465,1516,5916,14770,3856,1.1615655422210693,"{""ecr"": 5916, ""rz"": 17440, ""sx"": 9700, ""x"": 1109}"
0047_dense_grid_lshape_563,dense_grid_lshape,6,token_line_rotating,3,,105,ok,19,1785,2465,1516,5800,14965,3898,1.2555630207061768,"{""ecr"": 5800, ""rz"": 17125, ""sx"": 9508, ""x"": 1050}"
0047_dense_grid_lshape_563,dense_grid_lshape,6,token_line_rotating,3,,106,ok,19,1785,2465,1516,5748,14430,3749,1.0901103019714355,"{""ecr"": 5748, ""rz"": 16909, ""sx"": 9268, ""x"": 1159}"
0047_dense_grid_lshape_563,dense_grid_lshape,6,token_line_rotating,3,,107,ok,19,1785,2465,1516,5886,14883,3876,1.1359918117523193,"{""ecr"": 5886, ""rz"": 17414, ""sx"": 9750, ""x"": 1022}"
0047_dense_grid_lshape_563,dense_grid_lshape,6,token_line_rotating,3,,108,ok,19,1785,2465,1516,5794,14685,3846,1.1604089736938477,"{""ecr"": 5794, ""rz"": 17119, ""sx"": 9480, ""x"": 1030}"
0047_dense_grid_lshape_563,dense_grid_lshape,6,token_line_rotating,3,,109,ok,19,1785,2465,1516,5806,14763,3844,1.072183609008789,"{""ecr"": 5806, ""rz"": 17181, ""sx"": 9586, ""x"": 994}"
0047_dense_grid_lshape_563,dense_grid_lshape,6,token_line_rotating,3,,110,ok,19,1785,2465,1516,5901,15063,3899,1.2545576095581055,"{""ecr"": 5901, ""rz"": 17342, ""sx"": 9957, ""x"": 963}"
0047_dense_grid_lshape_563,dense_grid_lshape,6,token_line_rotating,3,,111,ok,19,1785,2465,1516,5822,15252,3983,0.8466784954071045,"{""ecr"": 5822, ""rz"": 17150, ""sx"": 9363, ""x"": 1145}"
0047_dense_grid_lshape_563,dense_grid_lshape,6,token_line_rotating,3,,112,ok,19,1785,2465,1516,5754,14795,3841,0.8801708221435547,"{""ecr"": 5754, ""rz"": 16973, ""sx"": 9531, ""x"": 1075}"
0047_dense_grid_lshape_563,dense_grid_lshape,6,token_line_rotating,3,,113,ok,19,1785,2465,1516,5694,14521,3755,0.7501306533813477,"{""ecr"": 5694, ""rz"": 16718, ""sx"": 9668, ""x"": 933}"
0047_dense_grid_lshape_563,dense_grid_lshape,6,token_line_rotating,3,,114,ok,19,1785,2465,1516,5728,14512,3776,1.0042462348937988,"{""ecr"": 5728, ""rz"": 16792, ""sx"": 9450, ""x"": 1056}"
0047_dense_grid_lshape_563,dense_grid_lshape,6,token_line_rotating,3,,115,ok,19,1785,2465,1516,5633,14108,3668,0.9988231658935547,"{""ecr"": 5633, ""rz"": 16596, ""sx"": 9259, ""x"": 1051}"
0047_dense_grid_lshape_563,dense_grid_lshape,6,token_line_rotating,3,,116,ok,19,1785,2465,1516,5702,14661,3815,0.9809741973876953,"{""ecr"": 5702, ""rz"": 16743, ""sx"": 9583, ""x"": 944}"
0047_dense_grid_lshape_563,dense_grid_lshape,6,token_line_rotating,3,,117,ok,19,1785,2465,1516,5772,15090,3909,1.253359317779541,"{""ecr"": 5772, ""rz"": 16997, ""sx"": 9842, ""x"": 908}"
0047_dense_grid_lshape_563,dense_grid_lshape,6,token_line_rotating,3,,118,ok,19,1785,2465,1516,5780,14660,3806,1.175668716430664,"{""ecr"": 5780, ""rz"": 17013, ""sx"": 9711, ""x"": 989}"
0047_dense_grid_lshape_563,dense_grid_lshape,6,token_line_rotating,3,,119,ok,19,1785,2465,1516,5790,14712,3849,0.7455630302429199,"{""ecr"": 5790, ""rz"": 16962, ""sx"": 9504, ""x"": 1073}"
0047_dense_grid_lshape_563,dense_grid_lshape,6,token_line_rotating,3,,120,ok,19,1785,2465,1516,5821,15145,3954,0.9224114418029785,"{""ecr"": 5821, ""rz"": 17082, ""sx"": 9529, ""x"": 1109}"
0047_dense_grid_lshape_563,dense_grid_lshape,6,penalty_row_xy,3,5.0,101,ok,24,2376,628,332,6818,8496,2088,1.2715773582458496,"{""ecr"": 6818, ""rz"": 22253, ""sx"": 11578, ""x"": 1429}"
0047_dense_grid_lshape_563,dense_grid_lshape,6,penalty_row_xy,3,5.0,102,ok,24,2376,628,332,6781,8327,2072,1.2847988605499268,"{""ecr"": 6781, ""rz"": 22087, ""sx"": 11569, ""x"": 1401}"
0047_dense_grid_lshape_563,dense_grid_lshape,6,penalty_row_xy,3,5.0,103,ok,24,2376,628,332,6823,8104,1991,0.9155375957489014,"{""ecr"": 6823, ""rz"": 22252, ""sx"": 11690, ""x"": 1345}"
0047_dense_grid_lshape_563,dense_grid_lshape,6,penalty_row_xy,3,5.0,104,ok,24,2376,628,332,6815,8327,2048,1.2423803806304932,"{""ecr"": 6815, ""rz"": 22189, ""sx"": 11549, ""x"": 1422}"
0047_dense_grid_lshape_563,dense_grid_lshape,6,penalty_row_xy,3,5.0,105,ok,24,2376,628,332,6652,7869,1937,0.9642980098724365,"{""ecr"": 6652, ""rz"": 21614, ""sx"": 11216, ""x"": 1392}"
0047_dense_grid_lshape_563,dense_grid_lshape,6,penalty_row_xy,3,5.0,106,ok,24,2376,628,332,6868,9190,2275,1.0046632289886475,"{""ecr"": 6868, ""rz"": 22341, ""sx"": 11700, ""x"": 1418}"
0047_dense_grid_lshape_563,dense_grid_lshape,6,penalty_row_xy,3,5.0,107,ok,24,2376,628,332,6745,8880,2172,0.9920444488525391,"{""ecr"": 6745, ""rz"": 22060, ""sx"": 11583, ""x"": 1358}"
0047_dense_grid_lshape_563,dense_grid_lshape,6,penalty_row_xy,3,5.0,108,ok,24,2376,628,332,6864,9858,2414,1.0554754734039307,"{""ecr"": 6864, ""rz"": 22415, ""sx"": 11695, ""x"": 1462}"
0047_dense_grid_lshape_563,dense_grid_lshape,6,penalty_row_xy,3,5.0,109,ok,24,2376,628,332,6841,8739,2172,0.8923296928405762,"{""ecr"": 6841, ""rz"": 22229, ""sx"": 11647, ""x"": 1378}"
0047_dense_grid_lshape_563,dense_grid_lshape,6,penalty_row_xy,3,5.0,110,ok,24,2376,628,332,6818,8613,2139,1.0020339488983154,"{""ecr"": 6818, ""rz"": 22118, ""sx"": 11606, ""x"": 1404}"
0047_dense_grid_lshape_563,dense_grid_lshape,6,penalty_row_xy,3,5.0,111,ok,24,2376,628,332,6844,9129,2243,0.8678252696990967,"{""ecr"": 6844, ""rz"": 22345, ""sx"": 11685, ""x"": 1441}"
0047_dense_grid_lshape_563,dense_grid_lshape,6,penalty_row_xy,3,5.0,112,ok,24,2376,628,332,6875,8268,2024,0.7496869564056396,"{""ecr"": 6875, ""rz"": 22415, ""sx"": 11536, ""x"": 1561}"
0047_dense_grid_lshape_563,dense_grid_lshape,6,penalty_row_xy,3,5.0,113,ok,24,2376,628,332,6825,8661,2129,0.755258321762085,"{""ecr"": 6825, ""rz"": 22199, ""sx"": 11610, ""x"": 1404}"
0047_dense_grid_lshape_563,dense_grid_lshape,6,penalty_row_xy,3,5.0,114,ok,24,2376,628,332,6742,9210,2293,0.7282757759094238,"{""ecr"": 6742, ""rz"": 21877, ""sx"": 11424, ""x"": 1452}"
0047_dense_grid_lshape_563,dense_grid_lshape,6,penalty_row_xy,3,5.0,115,ok,24,2376,628,332,6904,8581,2133,0.8320550918579102,"{""ecr"": 6904, ""rz"": 22500, ""sx"": 11704, ""x"": 1442}"
0047_dense_grid_lshape_563,dense_grid_lshape,6,penalty_row_xy,3,5.0,116,ok,24,2376,628,332,6772,8050,1978,0.8403542041778564,"{""ecr"": 6772, ""rz"": 22120, ""sx"": 11572, ""x"": 1413}"
0047_dense_grid_lshape_563,dense_grid_lshape,6,penalty_row_xy,3,5.0,117,ok,24,2376,628,332,6839,8131,2023,0.7857131958007812,"{""ecr"": 6839, ""rz"": 22129, ""sx"": 11588, ""x"": 1437}"
0047_dense_grid_lshape_563,dense_grid_lshape,6,penalty_row_xy,3,5.0,118,ok,24,2376,628,332,6827,9123,2245,0.8212251663208008,"{""ecr"": 6827, ""rz"": 22187, ""sx"": 11658, ""x"": 1416}"
0047_dense_grid_lshape_563,dense_grid_lshape,6,penalty_row_xy,3,5.0,119,ok,24,2376,628,332,6949,8447,2069,0.8644096851348877,"{""ecr"": 6949, ""rz"": 22601, ""sx"": 11753, ""x"": 1511}"
0047_dense_grid_lshape_563,dense_grid_lshape,6,penalty_row_xy,3,5.0,120,ok,24,2376,628,332,6859,9352,2326,0.8156368732452393,"{""ecr"": 6859, ""rz"": 22307, ""sx"": 11538, ""x"": 1564}"
