instance_id,family,num_cells,num_sites,init_mode,optimizer,restart_seed,evaluation_budget,method,token_graph,token_schedule,penalty_lambda,optimizer_evaluations,optimizer_success,initial_objective,final_objective,optimal_probability,probability_beating_initial,feasible_probability,runtime_seconds
0000_sparse_grid_502,sparse_grid,4,6,deterministic,COBYLA,11,40,penalty_row_xy,,,5.0,40,False,18.174909475335777,17.77501981795988,0.03564235643039685,0.15797359704833236,0.2999964988748525,3.9610788822174072
0000_sparse_grid_502,sparse_grid,4,6,deterministic,COBYLA,11,40,token,line,empty_prioritized,,40,False,14.540845321869337,12.730000000000002,0.2596079292980144,0.5879092970603234,1.0,0.2601323127746582
0000_sparse_grid_502,sparse_grid,4,6,deterministic,COBYLA,11,200,penalty_row_xy,,,5.0,61,True,18.174909475335777,17.77258095415983,0.0354242442478067,0.1586170915581438,0.3008978916415054,5.706856727600098
0000_sparse_grid_502,sparse_grid,4,6,deterministic,COBYLA,11,200,token,line,empty_prioritized,,44,True,14.540845321869337,12.73,0.25935260451578745,0.5875300842311427,1.0,0.3044295310974121
0000_sparse_grid_502,sparse_grid,4,6,deterministic,COBYLA,11,800,penalty_row_xy,,,5.0,61,True,18.174909475335777,17.77258095415983,0.0354242442478067,0.1586170915581438,0.3008978916415054,5.711436986923218
0000_sparse_grid_502,sparse_grid,4,6,deterministic,COBYLA,11,800,token,line,empty_prioritized,,44,True,14.540845321869337,12.73,0.25935260451578745,0.5875300842311427,1.0,0.29503297805786133
0000_sparse_grid_502,sparse_grid,4,6,deterministic,COBYLA,17,40,penalty_row_xy,,,5.0,40,False,17.987948585973363,17.772858443842456,0.03523689348369655,0.15869873570001664,0.30126130990557676,3.9765734672546387
0000_sparse_grid_502,sparse_grid,4,6,deterministic,COBYLA,17,40,token,line,empty_prioritized,,40,False,14.837166453844938,12.73,0.2569886647918256,0.6112229776229064,1.0,0.23390436172485352
0000_sparse_grid_502,sparse_grid,4,6,deterministic,COBYLA,17,200,penalty_row_xy,,,5.0,53,True,17.987948585973363,17.772471880968364,0.035347599349305286,0.1588891640003347,0.30132736656382997,4.950180530548096
0000_sparse_grid_502,sparse_grid,4,6,deterministic,COBYLA,17,200,token,line,empty_prioritized,,41,True,14.837166453844938,12.730000000000002,0.25669913974229186,0.6115722095950498,1.0,0.23514437675476074
0000_sparse_grid_502,sparse_grid,4,6,deterministic,COBYLA,17,800,penalty_row_xy,,,5.0,53,True,17.987948585973363,17.772471880968364,0.035347599349305286,0.1588891640003347,0.30132736656382997,4.996835231781006
0000_sparse_grid_502,sparse_grid,4,6,deterministic,COBYLA,17,800,token,line,empty_prioritized,,41,True,14.837166453844938,12.730000000000002,0.25669913974229186,0.6115722095950498,1.0,0.2795901298522949
0000_sparse_grid_502,sparse_grid,4,6,deterministic,COBYLA,23,40,penalty_row_xy,,,5.0,40,False,18.48510273095887,17.32354376000421,0.07637906961005404,0.1718964792569767,0.2965762968230472,3.8510966300964355
0000_sparse_grid_502,sparse_grid,4,6,deterministic,COBYLA,23,40,token,line,empty_prioritized,,40,False,14.169102543330961,12.730000000000002,0.2858538581102217,0.583146006536858,1.0,0.24203968048095703
0000_sparse_grid_502,sparse_grid,4,6,deterministic,COBYLA,23,200,penalty_row_xy,,,5.0,200,False,18.48510273095887,16.482994197609603,0.06568758563117752,0.2444000937722697,0.39180249212378077,17.991517066955566
0000_sparse_grid_502,sparse_grid,4,6,deterministic,COBYLA,23,200,token,line,empty_prioritized,,47,True,14.169102543330961,12.729999999999999,0.28586355789931844,0.5837769848333145,1.0,0.3205902576446533
0000_sparse_grid_502,sparse_grid,4,6,deterministic,COBYLA,23,800,penalty_row_xy,,,5.0,219,True,18.48510273095887,16.478453823280415,0.06470114633998761,0.2436084837580808,0.3921480362913129,19.665881156921387
0000_sparse_grid_502,sparse_grid,4,6,deterministic,COBYLA,23,800,token,line,empty_prioritized,,47,True,14.169102543330961,12.729999999999999,0.28586355789931844,0.5837769848333145,1.0,0.3096022605895996
0000_sparse_grid_502,sparse_grid,4,6,deterministic,COBYLA,29,40,penalty_row_xy,,,5.0,40,False,18.111320701058396,17.774011090370852,0.0352786199830517,0.15954372330080446,0.3023354378922549,4.005015850067139
0000_sparse_grid_502,sparse_grid,4,6,deterministic,COBYLA,29,40,token,line,empty_prioritized,,40,False,14.462534150580423,12.730000000000002,0.25715953334840197,0.625119633067744,1.0,0.2436208724975586
0000_sparse_grid_502,sparse_grid,4,6,deterministic,COBYLA,29,200,penalty_row_xy,,,5.0,59,True,18.111320701058396,17.772530949833527,0.03525314934513939,0.15893851209723853,0.30146196710564804,5.761184930801392
0000_sparse_grid_502,sparse_grid,4,6,deterministic,COBYLA,29,200,token,line,empty_prioritized,,44,True,14.462534150580423,12.729999999999999,0.2571191875814646,0.6252569569063615,1.0,0.2689244747161865
0000_sparse_grid_502,sparse_grid,4,6,deterministic,COBYLA,29,800,penalty_row_xy,,,5.0,59,True,18.111320701058396,17.772530949833527,0.03525314934513939,0.15893851209723853,0.30146196710564804,5.385878801345825
0000_sparse_grid_502,sparse_grid,4,6,deterministic,COBYLA,29,800,token,line,empty_prioritized,,44,True,14.462534150580423,12.729999999999999,0.2571191875814646,0.6252569569063615,1.0,0.29689717292785645
0000_sparse_grid_502,sparse_grid,4,6,deterministic,COBYLA,31,40,penalty_row_xy,,,5.0,40,False,18.231223795480464,17.778432984585656,0.03476693331441805,0.1591558153285561,0.30299885450646125,4.057575702667236
0000_sparse_grid_502,sparse_grid,4,6,deterministic,COBYLA,31,40,token,line,empty_prioritized,,40,False,14.405190390759836,12.729999999999999,0.25686073542601173,0.545078797667633,1.0,0.23061633110046387
0000_sparse_grid_502,sparse_grid,4,6,deterministic,COBYLA,31,200,penalty_row_xy,,,5.0,59,True,18.231223795480464,17.772549473359735,0.03532751745974173,0.1592227581451431,0.3019582709816231,5.8245744705200195
0000_sparse_grid_502,sparse_grid,4,6,deterministic,COBYLA,31,200,token,line,empty_prioritized,,42,True,14.405190390759836,12.729999999999997,0.25640565989889147,0.5452559390871365,1.0,0.26314783096313477
0000_sparse_grid_502,sparse_grid,4,6,deterministic,COBYLA,31,800,penalty_row_xy,,,5.0,59,True,18.231223795480464,17.772549473359735,0.03532751745974173,0.1592227581451431,0.3019582709816231,5.425426721572876
0000_sparse_grid_502,sparse_grid,4,6,deterministic,COBYLA,31,800,token,line,empty_prioritized,,42,True,14.405190390759836,12.729999999999997,0.25640565989889147,0.5452559390871365,1.0,0.2924482822418213
0000_sparse_grid_502,sparse_grid,4,6,deterministic,COBYLA,37,40,penalty_row_xy,,,5.0,40,False,18.200476229840376,17.394113963268786,0.05607094782318953,0.1860843219735123,0.33526799287879266,3.92604923248291
0000_sparse_grid_502,sparse_grid,4,6,deterministic,COBYLA,37,40,token,line,empty_prioritized,,40,False,14.213152629709478,12.73,0.25395885868148727,0.5943706508478792,1.0,0.23645949363708496
0000_sparse_grid_502,sparse_grid,4,6,deterministic,COBYLA,37,200,penalty_row_xy,,,5.0,72,True,18.200476229840376,17.387395900014294,0.05589019918311088,0.18830806868499944,0.33710722613082234,6.704699516296387
0000_sparse_grid_502,sparse_grid,4,6,deterministic,COBYLA,37,200,token,line,empty_prioritized,,45,True,14.213152629709478,12.73,0.2542991153231992,0.5943718490591514,1.0,0.3107771873474121
0000_sparse_grid_502,sparse_grid,4,6,deterministic,COBYLA,37,800,penalty_row_xy,,,5.0,72,True,18.200476229840376,17.387395900014294,0.05589019918311088,0.18830806868499944,0.33710722613082234,6.525637149810791
0000_sparse_grid_502,sparse_grid,4,6,deterministic,COBYLA,37,800,token,line,empty_prioritized,,45,True,14.213152629709478,12.73,0.2542991153231992,0.5943718490591514,1.0,0.28534722328186035
0000_sparse_grid_502,sparse_grid,4,6,deterministic,COBYLA,41,40,penalty_row_xy,,,5.0,40,False,17.966071865294836,17.772773449575546,0.0355908465970374,0.15855317526795049,0.30098633417235243,3.544559955596924
0000_sparse_grid_502,sparse_grid,4,6,deterministic,COBYLA,41,40,token,line,empty_prioritized,,40,False,14.962352692212631,12.730000000000002,0.26339806698917073,0.6124624420175347,1.0,0.26006126403808594
0000_sparse_grid_502,sparse_grid,4,6,deterministic,COBYLA,41,200,penalty_row_xy,,,5.0,52,True,17.966071865294836,17.772503871325128,0.035375085048050606,0.15889010805592846,0.3015134688541954,4.609310865402222
0000_sparse_grid_502,sparse_grid,4,6,deterministic,COBYLA,41,200,token,line,empty_prioritized,,43,True,14.962352692212631,12.73,0.2636359395740287,0.6122256352291289,1.0,0.2591068744659424
0000_sparse_grid_502,sparse_grid,4,6,deterministic,COBYLA,41,800,penalty_row_xy,,,5.0,52,True,17.966071865294836,17.772503871325128,0.035375085048050606,0.15889010805592846,0.3015134688541954,4.6431005001068115
0000_sparse_grid_502,sparse_grid,4,6,deterministic,COBYLA,41,800,token,line,empty_prioritized,,43,True,14.962352692212631,12.73,0.2636359395740287,0.6122256352291289,1.0,0.2646784782409668
0000_sparse_grid_502,sparse_grid,4,6,deterministic,COBYLA,43,40,penalty_row_xy,,,5.0,40,False,17.894514895502095,17.77375473754009,0.03498067076818167,0.15914980145887625,0.3017301934352345,3.6289374828338623
0000_sparse_grid_502,sparse_grid,4,6,deterministic,COBYLA,43,40,token,line,empty_prioritized,,40,False,14.968662677255558,12.730000000000002,0.25332847170585543,0.6304068956338682,1.0,0.24891209602355957
0000_sparse_grid_502,sparse_grid,4,6,deterministic,COBYLA,43,200,penalty_row_xy,,,5.0,55,True,17.894514895502095,17.772538586345057,0.03528895200329912,0.15899237693652957,0.30144198671805594,5.016999244689941
0000_sparse_grid_502,sparse_grid,4,6,deterministic,COBYLA,43,200,token,line,empty_prioritized,,46,True,14.968662677255558,12.729999999999997,0.2536896338300423,0.6304119535345487,1.0,0.2857804298400879
0000_sparse_grid_502,sparse_grid,4,6,deterministic,COBYLA,43,800,penalty_row_xy,,,5.0,55,True,17.894514895502095,17.772538586345057,0.03528895200329912,0.15899237693652957,0.30144198671805594,5.222458124160767
0000_sparse_grid_502,sparse_grid,4,6,deterministic,COBYLA,43,800,token,line,empty_prioritized,,46,True,14.968662677255558,12.729999999999997,0.2536896338300423,0.6304119535345487,1.0,0.26612305641174316
0000_sparse_grid_502,sparse_grid,4,6,deterministic,Nelder-Mead,11,40,penalty_row_xy,,,5.0,40,False,18.174909475335777,17.893085520338268,0.034131449122791035,0.16198322984395724,0.31455528183283527,3.6503775119781494
0000_sparse_grid_502,sparse_grid,4,6,deterministic,Nelder-Mead,11,40,token,line,empty_prioritized,,40,False,14.540845321869337,12.772645718223279,0.2568050103533874,0.5650606312725411,1.0,0.2537417411804199
0000_sparse_grid_502,sparse_grid,4,6,deterministic,Nelder-Mead,11,200,penalty_row_xy,,,5.0,200,False,18.174909475335777,17.772412354517996,0.035357262546590745,0.15893082640818362,0.30148181618512415,18.10888147354126
0000_sparse_grid_502,sparse_grid,4,6,deterministic,Nelder-Mead,11,200,token,line,empty_prioritized,,121,True,14.540845321869337,12.729999999999997,0.2606456933924203,0.5747954092462909,1.0,0.7119994163513184
0000_sparse_grid_502,sparse_grid,4,6,deterministic,Nelder-Mead,11,800,penalty_row_xy,,,5.0,238,True,18.174909475335777,17.772410413515587,0.03537334445055168,0.15893698641013482,0.3014863895679626,21.08256244659424
0000_sparse_grid_502,sparse_grid,4,6,deterministic,Nelder-Mead,11,800,token,line,empty_prioritized,,121,True,14.540845321869337,12.729999999999997,0.2606456933924203,0.5747954092462909,1.0,0.6965043544769287
0000_sparse_grid_502,sparse_grid,4,6,deterministic,Nelder-Mead,17,40,penalty_row_xy,,,5.0,40,False,17.987948585973363,17.828077685293007,0.034539358643667015,0.16099346372128254,0.3082165173374397,3.801137685775757
0000_sparse_grid_502,sparse_grid,4,6,deterministic,Nelder-Mead,17,40,token,line,empty_prioritized,,40,False,14.837166453844938,12.73,0.25434087032115443,0.5023764171136968,1.0,0.22944927215576172
0000_sparse_grid_502,sparse_grid,4,6,deterministic,Nelder-Mead,17,200,penalty_row_xy,,,5.0,191,True,17.987948585973363,17.772410426464727,0.03537240117269352,0.15894228480871067,0.30149625954448733,17.15605068206787
0000_sparse_grid_502,sparse_grid,4,6,deterministic,Nelder-Mead,17,200,token,line,empty_prioritized,,125,True,14.837166453844938,12.730000000000002,0.25497975337265316,0.5028275438476786,1.0,0.7471318244934082
0000_sparse_grid_502,sparse_grid,4,6,deterministic,Nelder-Mead,17,800,penalty_row_xy,,,5.0,191,True,17.987948585973363,17.772410426464727,0.03537240117269352,0.15894228480871067,0.30149625954448733,16.888364791870117
0000_sparse_grid_502,sparse_grid,4,6,deterministic,Nelder-Mead,17,800,token,line,empty_prioritized,,125,True,14.837166453844938,12.730000000000002,0.25497975337265316,0.5028275438476786,1.0,0.7933802604675293
0000_sparse_grid_502,sparse_grid,4,6,deterministic,Nelder-Mead,23,40,penalty_row_xy,,,5.0,40,False,18.48510273095887,18.002214853576536,0.032959445192228036,0.1559314774998071,0.3181930229454465,3.743046283721924
0000_sparse_grid_502,sparse_grid,4,6,deterministic,Nelder-Mead,23,40,token,line,empty_prioritized,,40,False,14.169102543330961,12.729999999999999,0.25175206018160107,0.5861975936428963,1.0,0.22988009452819824
0000_sparse_grid_502,sparse_grid,4,6,deterministic,Nelder-Mead,23,200,penalty_row_xy,,,5.0,200,False,18.48510273095887,17.396690300402017,0.05727242276744993,0.18973758366743004,0.3365832353267257,17.89783239364624
0000_sparse_grid_502,sparse_grid,4,6,deterministic,Nelder-Mead,23,200,token,line,empty_prioritized,,109,True,14.169102543330961,12.730000000000002,0.2510582804720483,0.5864398494533355,1.0,0.6571886539459229
0000_sparse_grid_502,sparse_grid,4,6,deterministic,Nelder-Mead,23,800,penalty_row_xy,,,5.0,362,True,18.48510273095887,17.38720995267416,0.05609203547006062,0.18822765128134358,0.33645210098335493,32.26867914199829
0000_sparse_grid_502,sparse_grid,4,6,deterministic,Nelder-Mead,23,800,token,line,empty_prioritized,,109,True,14.169102543330961,12.730000000000002,0.2510582804720483,0.5864398494533355,1.0,0.6256885528564453
0000_sparse_grid_502,sparse_grid,4,6,deterministic,Nelder-Mead,29,40,penalty_row_xy,,,5.0,40,False,18.111320701058396,17.873927655211915,0.033856924663070165,0.16348122665932596,0.3136492469233062,3.7101681232452393
0000_sparse_grid_502,sparse_grid,4,6,deterministic,Nelder-Mead,29,40,token,line,empty_prioritized,,40,False,14.462534150580423,12.73,0.25394507161961943,0.5848165275767544,1.0,0.2704763412475586
0000_sparse_grid_502,sparse_grid,4,6,deterministic,Nelder-Mead,29,200,penalty_row_xy,,,5.0,200,False,18.111320701058396,17.772412988279246,0.03537788627022333,0.15896114984164245,0.30152409669529,17.436217069625854
0000_sparse_grid_502,sparse_grid,4,6,deterministic,Nelder-Mead,29,200,token,line,empty_prioritized,,125,True,14.462534150580423,12.729999999999999,0.254631599712937,0.6052371401447459,1.0,0.7897746562957764
0000_sparse_grid_502,sparse_grid,4,6,deterministic,Nelder-Mead,29,800,penalty_row_xy,,,5.0,244,True,18.111320701058396,17.7724103625545,0.035370209055791337,0.15893826587488924,0.3014890248099472,22.10821509361267
0000_sparse_grid_502,sparse_grid,4,6,deterministic,Nelder-Mead,29,800,token,line,empty_prioritized,,125,True,14.462534150580423,12.729999999999999,0.254631599712937,0.6052371401447459,1.0,0.8273327350616455
0000_sparse_grid_502,sparse_grid,4,6,deterministic,Nelder-Mead,31,40,penalty_row_xy,,,5.0,40,False,18.231223795480464,17.857945730443042,0.03247391759539804,0.16211143166489494,0.3094482201992109,3.6309800148010254
0000_sparse_grid_502,sparse_grid,4,6,deterministic,Nelder-Mead,31,40,token,line,empty_prioritized,,40,False,14.405190390759836,12.73,0.2586327397401581,0.5101310333149605,1.0,0.2898290157318115
0000_sparse_grid_502,sparse_grid,4,6,deterministic,Nelder-Mead,31,200,penalty_row_xy,,,5.0,200,False,18.231223795480464,17.772479988671538,0.03533951924950472,0.15900468994191713,0.30159069389291837,18.325338125228882
0000_sparse_grid_502,sparse_grid,4,6,deterministic,Nelder-Mead,31,200,token,line,empty_prioritized,,107,True,14.405190390759836,12.73,0.2608395912802927,0.508572551072149,1.0,0.6473684310913086
0000_sparse_grid_502,sparse_grid,4,6,deterministic,Nelder-Mead,31,800,penalty_row_xy,,,5.0,284,True,18.231223795480464,17.772410688524374,0.03536967676487752,0.15893954722164394,0.3014878848137501,25.746679544448853
0000_sparse_grid_502,sparse_grid,4,6,deterministic,Nelder-Mead,31,800,token,line,empty_prioritized,,107,True,14.405190390759836,12.73,0.2608395912802927,0.508572551072149,1.0,0.6685922145843506
0000_sparse_grid_502,sparse_grid,4,6,deterministic,Nelder-Mead,37,40,penalty_row_xy,,,5.0,40,False,18.200476229840376,17.85804657613152,0.03624071744724783,0.162913635893832,0.3129258646779074,3.640516757965088
0000_sparse_grid_502,sparse_grid,4,6,deterministic,Nelder-Mead,37,40,token,line,empty_prioritized,,40,False,14.213152629709478,12.729999999999999,0.25079281235623974,0.534400979410035,1.0,0.24603748321533203
0000_sparse_grid_502,sparse_grid,4,6,deterministic,Nelder-Mead,37,200,penalty_row_xy,,,5.0,200,False,18.200476229840376,17.772411275088654,0.03536246369435013,0.1589429160398944,0.30149949235736,17.816211700439453
0000_sparse_grid_502,sparse_grid,4,6,deterministic,Nelder-Mead,37,200,token,line,empty_prioritized,,91,True,14.213152629709478,12.73,0.2509679695281233,0.5346931019158556,1.0,0.5711765289306641
0000_sparse_grid_502,sparse_grid,4,6,deterministic,Nelder-Mead,37,800,penalty_row_xy,,,5.0,216,True,18.200476229840376,17.772410451332014,0.03537546527538062,0.1589320552772256,0.30147918733268614,19.463623762130737
0000_sparse_grid_502,sparse_grid,4,6,deterministic,Nelder-Mead,37,800,token,line,empty_prioritized,,91,True,14.213152629709478,12.73,0.2509679695281233,0.5346931019158556,1.0,0.5416665077209473
0000_sparse_grid_502,sparse_grid,4,6,deterministic,Nelder-Mead,41,40,penalty_row_xy,,,5.0,40,False,17.966071865294836,17.78111002032183,0.03543255749024916,0.15971511862511978,0.303484388217629,3.483666181564331
0000_sparse_grid_502,sparse_grid,4,6,deterministic,Nelder-Mead,41,40,token,line,empty_prioritized,,40,False,14.962352692212631,12.73,0.2537340186409074,0.4880795460935237,1.0,0.25010204315185547
0000_sparse_grid_502,sparse_grid,4,6,deterministic,Nelder-Mead,41,200,penalty_row_xy,,,5.0,200,False,17.966071865294836,17.772410454039406,0.03537002747154507,0.15894268375218673,0.30149441978280456,18.29636859893799
0000_sparse_grid_502,sparse_grid,4,6,deterministic,Nelder-Mead,41,200,token,line,empty_prioritized,,117,True,14.962352692212631,12.73,0.2625449364186669,0.5075547100444144,1.0,0.7411963939666748
0000_sparse_grid_502,sparse_grid,4,6,deterministic,Nelder-Mead,41,800,penalty_row_xy,,,5.0,204,True,17.966071865294836,17.772410395992164,0.03537523466636973,0.15893430703490602,0.3014834288608614,18.072870016098022
0000_sparse_grid_502,sparse_grid,4,6,deterministic,Nelder-Mead,41,800,token,line,empty_prioritized,,117,True,14.962352692212631,12.73,0.2625449364186669,0.5075547100444144,1.0,0.7036926746368408
0000_sparse_grid_502,sparse_grid,4,6,deterministic,Nelder-Mead,43,40,penalty_row_xy,,,5.0,40,False,17.894514895502095,17.783938842702767,0.036023626032568964,0.1584839249841706,0.3015633028664042,3.7437756061553955
0000_sparse_grid_502,sparse_grid,4,6,deterministic,Nelder-Mead,43,40,token,line,empty_prioritized,,40,False,14.968662677255558,13.015613018527933,0.252268018862013,0.5127403859122488,1.0,0.24395370483398438
0000_sparse_grid_502,sparse_grid,4,6,deterministic,Nelder-Mead,43,200,penalty_row_xy,,,5.0,140,True,17.894514895502095,17.77241276914008,0.03535756990427735,0.1589283102161339,0.30147625981501763,13.272339582443237
0000_sparse_grid_502,sparse_grid,4,6,deterministic,Nelder-Mead,43,200,token,line,empty_prioritized,,134,True,14.968662677255558,12.729999999999997,0.26137122951483943,0.49462727752908536,1.0,0.8339707851409912
0000_sparse_grid_502,sparse_grid,4,6,deterministic,Nelder-Mead,43,800,penalty_row_xy,,,5.0,140,True,17.894514895502095,17.77241276914008,0.03535756990427735,0.1589283102161339,0.30147625981501763,12.848750352859497
0000_sparse_grid_502,sparse_grid,4,6,deterministic,Nelder-Mead,43,800,token,line,empty_prioritized,,134,True,14.968662677255558,12.729999999999997,0.26137122951483943,0.49462727752908536,1.0,0.8543996810913086
0000_sparse_grid_502,sparse_grid,4,6,poor,COBYLA,11,40,penalty_row_xy,,,5.0,40,False,18.49562597447538,16.842731146764113,0.047198868995617906,0.3767830515961136,0.3799784536654219,3.6838693618774414
0000_sparse_grid_502,sparse_grid,4,6,poor,COBYLA,11,40,token,line,empty_prioritized,,40,False,23.858227832690233,16.671561162274873,3.93692781243155e-06,0.7547202958231213,1.0,0.26497793197631836
0000_sparse_grid_502,sparse_grid,4,6,poor,COBYLA,11,200,penalty_row_xy,,,5.0,148,True,18.49562597447538,16.720799535001408,0.05068325454625095,0.3815146037955929,0.38441054976313693,13.292977333068848
0000_sparse_grid_502,sparse_grid,4,6,poor,COBYLA,11,200,token,line,empty_prioritized,,64,True,23.858227832690233,16.67035056738458,4.060896571157732e-06,0.7566078754543537,1.0,0.4465370178222656
0000_sparse_grid_502,sparse_grid,4,6,poor,COBYLA,11,800,penalty_row_xy,,,5.0,148,True,18.49562597447538,16.720799535001408,0.05068325454625095,0.3815146037955929,0.38441054976313693,13.179327011108398
0000_sparse_grid_502,sparse_grid,4,6,poor,COBYLA,11,800,token,line,empty_prioritized,,64,True,23.858227832690233,16.67035056738458,4.060896571157732e-06,0.7566078754543537,1.0,0.3815622329711914
0000_sparse_grid_502,sparse_grid,4,6,poor,COBYLA,17,40,penalty_row_xy,,,5.0,40,False,18.626937825311593,16.881192098912976,0.05709149452905668,0.3787559098464902,0.38088683393178047,3.6576876640319824
0000_sparse_grid_502,sparse_grid,4,6,poor,COBYLA,17,40,token,line,empty_prioritized,,40,False,19.477610200903403,16.669711882628487,1.4786160308182067e-05,0.7335977691546892,1.0,0.2805807590484619
0000_sparse_grid_502,sparse_grid,4,6,poor,COBYLA,17,200,penalty_row_xy,,,5.0,63,True,18.626937825311593,16.87386733613927,0.05675397524930326,0.37792711887571184,0.37982460174019306,5.639363050460815
0000_sparse_grid_502,sparse_grid,4,6,poor,COBYLA,17,200,token,line,empty_prioritized,,58,True,19.477610200903403,16.669685953347084,1.6203393607973824e-05,0.7348448910582214,1.0,0.3625612258911133
0000_sparse_grid_502,sparse_grid,4,6,poor,COBYLA,17,800,penalty_row_xy,,,5.0,63,True,18.626937825311593,16.87386733613927,0.05675397524930326,0.37792711887571184,0.37982460174019306,5.621984004974365
0000_sparse_grid_502,sparse_grid,4,6,poor,COBYLA,17,800,token,line,empty_prioritized,,58,True,19.477610200903403,16.669685953347084,1.6203393607973824e-05,0.7348448910582214,1.0,0.36208581924438477
0000_sparse_grid_502,sparse_grid,4,6,poor,COBYLA,23,40,penalty_row_xy,,,5.0,40,False,18.533403993761876,16.771901807736764,0.04879719228323052,0.3764309180306624,0.37948792692164945,3.673713207244873
0000_sparse_grid_502,sparse_grid,4,6,poor,COBYLA,23,40,token,line,empty_prioritized,,40,False,22.51528051372901,16.67091437484627,2.8156116664677743e-06,0.7529785982198026,1.0,0.25341105461120605
0000_sparse_grid_502,sparse_grid,4,6,poor,COBYLA,23,200,penalty_row_xy,,,5.0,126,True,18.533403993761876,16.720126541173105,0.05044954004774607,0.38190896404873365,0.38479696912780476,11.451127767562866
0000_sparse_grid_502,sparse_grid,4,6,poor,COBYLA,23,200,token,line,empty_prioritized,,56,True,22.51528051372901,16.66993662576711,3.0406371436619066e-06,0.7526839079178715,1.0,0.3544011116027832
0000_sparse_grid_502,sparse_grid,4,6,poor,COBYLA,23,800,penalty_row_xy,,,5.0,126,True,18.533403993761876,16.720126541173105,0.05044954004774607,0.38190896404873365,0.38479696912780476,11.356118440628052
0000_sparse_grid_502,sparse_grid,4,6,poor,COBYLA,23,800,token,line,empty_prioritized,,56,True,22.51528051372901,16.66993662576711,3.0406371436619066e-06,0.7526839079178715,1.0,0.354419469833374
0000_sparse_grid_502,sparse_grid,4,6,poor,COBYLA,29,40,penalty_row_xy,,,5.0,40,False,18.42133274278585,17.206888345919374,0.05116920139272229,0.3723668032227123,0.3740269119988663,3.6806209087371826
0000_sparse_grid_502,sparse_grid,4,6,poor,COBYLA,29,40,token,line,empty_prioritized,,40,False,22.634963722444112,16.67027782580888,2.13897684756207e-06,0.7452004304842831,1.0,0.26733922958374023
0000_sparse_grid_502,sparse_grid,4,6,poor,COBYLA,29,200,penalty_row_xy,,,5.0,200,False,18.42133274278585,16.87494636107178,0.0567097829430555,0.377478695900666,0.37927710924513136,18.215728044509888
0000_sparse_grid_502,sparse_grid,4,6,poor,COBYLA,29,200,token,line,empty_prioritized,,65,True,22.634963722444112,16.66994372685498,2.474379524747853e-06,0.7495157814123508,1.0,0.4416637420654297
0000_sparse_grid_502,sparse_grid,4,6,poor,COBYLA,29,800,penalty_row_xy,,,5.0,211,True,18.42133274278585,16.873951560992154,0.05670862237811469,0.37756221499033193,0.3794194847418706,18.72925615310669
0000_sparse_grid_502,sparse_grid,4,6,poor,COBYLA,29,800,token,line,empty_prioritized,,65,True,22.634963722444112,16.66994372685498,2.474379524747853e-06,0.7495157814123508,1.0,0.47339963912963867
0000_sparse_grid_502,sparse_grid,4,6,poor,COBYLA,31,40,penalty_row_xy,,,5.0,40,False,18.511534929056914,16.993617775630486,0.02648526504471543,0.39862143964542623,0.4057418334101601,3.6562178134918213
0000_sparse_grid_502,sparse_grid,4,6,poor,COBYLA,31,40,token,line,empty_prioritized,,40,False,24.344880234728155,16.66998507137959,8.001314914276552e-07,0.7515586214604758,1.0,0.2691679000854492
0000_sparse_grid_502,sparse_grid,4,6,poor,COBYLA,31,200,penalty_row_xy,,,5.0,86,True,18.511534929056914,16.834027049728082,0.03926270482892983,0.37054986990561223,0.3784432688454992,7.892563819885254
0000_sparse_grid_502,sparse_grid,4,6,poor,COBYLA,31,200,token,line,empty_prioritized,,52,True,24.344880234728155,16.669983339531978,8.881454471895934e-07,0.7537343402093392,1.0,0.337630033493042
0000_sparse_grid_502,sparse_grid,4,6,poor,COBYLA,31,800,penalty_row_xy,,,5.0,86,True,18.511534929056914,16.834027049728082,0.03926270482892983,0.37054986990561223,0.3784432688454992,7.708834648132324
0000_sparse_grid_502,sparse_grid,4,6,poor,COBYLA,31,800,token,line,empty_prioritized,,52,True,24.344880234728155,16.669983339531978,8.881454471895934e-07,0.7537343402093392,1.0,0.31044769287109375
0000_sparse_grid_502,sparse_grid,4,6,poor,COBYLA,37,40,penalty_row_xy,,,5.0,40,False,18.40078771573178,17.02300823452449,0.053170506450965944,0.3725725674189942,0.37455938967754054,3.774989128112793
0000_sparse_grid_502,sparse_grid,4,6,poor,COBYLA,37,40,token,line,empty_prioritized,,40,False,20.93085468690505,16.66990733919465,4.224765131848396e-06,0.7393595926686489,1.0,0.26211047172546387
0000_sparse_grid_502,sparse_grid,4,6,poor,COBYLA,37,200,penalty_row_xy,,,5.0,84,True,18.40078771573178,16.874102930288608,0.056678701722734405,0.37744964913239765,0.37928760943755846,7.867449998855591
0000_sparse_grid_502,sparse_grid,4,6,poor,COBYLA,37,200,token,line,empty_prioritized,,62,True,20.93085468690505,16.669881670998958,5.497290622559156e-06,0.7437082283652414,1.0,0.42568111419677734
0000_sparse_grid_502,sparse_grid,4,6,poor,COBYLA,37,800,penalty_row_xy,,,5.0,84,True,18.40078771573178,16.874102930288608,0.056678701722734405,0.37744964913239765,0.37928760943755846,7.5956807136535645
0000_sparse_grid_502,sparse_grid,4,6,poor,COBYLA,37,800,token,line,empty_prioritized,,62,True,20.93085468690505,16.669881670998958,5.497290622559156e-06,0.7437082283652414,1.0,0.4467778205871582
0000_sparse_grid_502,sparse_grid,4,6,poor,COBYLA,41,40,penalty_row_xy,,,5.0,40,False,18.46638803661421,16.912990055639153,0.03827583665086107,0.37272149363330975,0.37865793044590956,3.7721643447875977
0000_sparse_grid_502,sparse_grid,4,6,poor,COBYLA,41,40,token,line,empty_prioritized,,40,False,21.30317743092767,16.669823417048782,9.816795267492458e-06,0.7595968105595166,1.0,0.23598885536193848
0000_sparse_grid_502,sparse_grid,4,6,poor,COBYLA,41,200,penalty_row_xy,,,5.0,89,True,18.46638803661421,16.828352270903956,0.038405630368413726,0.3765789284734013,0.38255470230380423,8.004928588867188
0000_sparse_grid_502,sparse_grid,4,6,poor,COBYLA,41,200,token,line,empty_prioritized,,59,True,21.30317743092767,16.66979130622269,1.0270087731121973e-05,0.7629535027015755,1.0,0.3777749538421631
0000_sparse_grid_502,sparse_grid,4,6,poor,COBYLA,41,800,penalty_row_xy,,,5.0,89,True,18.46638803661421,16.828352270903956,0.038405630368413726,0.3765789284734013,0.38255470230380423,7.781121015548706
0000_sparse_grid_502,sparse_grid,4,6,poor,COBYLA,41,800,token,line,empty_prioritized,,59,True,21.30317743092767,16.66979130622269,1.0270087731121973e-05,0.7629535027015755,1.0,0.3646097183227539
0000_sparse_grid_502,sparse_grid,4,6,poor,COBYLA,43,40,penalty_row_xy,,,5.0,40,False,18.650305999216826,16.90679587203274,0.05682437056119149,0.3751556605305196,0.377409809567534,3.609234571456909
0000_sparse_grid_502,sparse_grid,4,6,poor,COBYLA,43,40,token,line,empty_prioritized,,40,False,19.107852665071444,16.669788350221506,9.965880736086702e-06,0.7353169604880025,1.0,0.2485368251800537
0000_sparse_grid_502,sparse_grid,4,6,poor,COBYLA,43,200,penalty_row_xy,,,5.0,71,True,18.650305999216826,16.873849314813736,0.05666172334901296,0.3774260358834447,0.3792958370743639,6.416456937789917
0000_sparse_grid_502,sparse_grid,4,6,poor,COBYLA,43,200,token,line,empty_prioritized,,62,True,19.107852665071444,16.66974206881562,1.2295875056357839e-05,0.7425096026731977,1.0,0.39919304847717285
0000_sparse_grid_502,sparse_grid,4,6,poor,COBYLA,43,800,penalty_row_xy,,,5.0,71,True,18.650305999216826,16.873849314813736,0.05666172334901296,0.3774260358834447,0.3792958370743639,6.250959873199463
0000_sparse_grid_502,sparse_grid,4,6,poor,COBYLA,43,800,token,line,empty_prioritized,,62,True,19.107852665071444,16.66974206881562,1.2295875056357839e-05,0.7425096026731977,1.0,0.3595609664916992
0000_sparse_grid_502,sparse_grid,4,6,poor,Nelder-Mead,11,40,penalty_row_xy,,,5.0,40,False,18.49562597447538,17.74001303764474,0.03372231263286118,0.2311448482514392,0.2326164213159363,3.6074013710021973
0000_sparse_grid_502,sparse_grid,4,6,poor,Nelder-Mead,11,40,token,line,empty_prioritized,,40,False,23.858227832690233,17.202563065091628,3.2106385584870785e-07,0.6599221643544845,1.0,0.24357366561889648
0000_sparse_grid_502,sparse_grid,4,6,poor,Nelder-Mead,11,200,penalty_row_xy,,,5.0,200,False,18.49562597447538,16.457981140935452,0.06772745406274919,0.2791980661326108,0.2800297724055847,17.745615243911743
0000_sparse_grid_502,sparse_grid,4,6,poor,Nelder-Mead,11,200,token,line,empty_prioritized,,200,False,23.858227832690233,16.670009446378337,2.2666364288312845e-06,0.7424004209035733,1.0,1.2695777416229248
0000_sparse_grid_502,sparse_grid,4,6,poor,Nelder-Mead,11,800,penalty_row_xy,,,5.0,468,True,18.49562597447538,16.438664608319947,0.0689158182391126,0.27852443753106193,0.27972113791572556,41.540613889694214
0000_sparse_grid_502,sparse_grid,4,6,poor,Nelder-Mead,11,800,token,line,empty_prioritized,,799,True,23.858227832690233,16.66979568361141,9.27812950312457e-06,0.7530138636947692,1.0,4.939746618270874
0000_sparse_grid_502,sparse_grid,4,6,poor,Nelder-Mead,17,40,penalty_row_xy,,,5.0,40,False,18.626937825311593,17.568458794442527,0.02651633462070612,0.2335876380472965,0.23410822294836586,3.6325292587280273
0000_sparse_grid_502,sparse_grid,4,6,poor,Nelder-Mead,17,40,token,line,empty_prioritized,,40,False,19.477610200903403,16.669990129753515,5.883184207149547e-07,0.7193976993083838,1.0,0.282581090927124
0000_sparse_grid_502,sparse_grid,4,6,poor,Nelder-Mead,17,200,penalty_row_xy,,,5.0,200,False,18.626937825311593,16.442382180145803,0.06873774201862472,0.2782535088165683,0.279346920033651,17.946269035339355
0000_sparse_grid_502,sparse_grid,4,6,poor,Nelder-Mead,17,200,token,line,empty_prioritized,,200,False,19.477610200903403,16.669940415916574,2.936983039189948e-06,0.7726663622213286,1.0,1.2483282089233398
0000_sparse_grid_502,sparse_grid,4,6,poor,Nelder-Mead,17,800,penalty_row_xy,,,5.0,361,True,18.626937825311593,16.438661611615203,0.06891097305471298,0.27851311512678767,0.2797037092417785,33.06514358520508
0000_sparse_grid_502,sparse_grid,4,6,poor,Nelder-Mead,17,800,token,line,empty_prioritized,,516,True,19.477610200903403,16.669857664467898,6.971709789727071e-06,0.777213616166553,1.0,3.191180944442749
0000_sparse_grid_502,sparse_grid,4,6,poor,Nelder-Mead,23,40,penalty_row_xy,,,5.0,40,False,18.533403993761876,17.16228311006819,0.03282425547231894,0.23940335286489522,0.24163253533855036,3.630302667617798
0000_sparse_grid_502,sparse_grid,4,6,poor,Nelder-Mead,23,40,token,line,empty_prioritized,,40,False,22.51528051372901,16.688260234015473,1.5979807621757394e-07,0.7115376957068401,1.0,0.2475755214691162
0000_sparse_grid_502,sparse_grid,4,6,poor,Nelder-Mead,23,200,penalty_row_xy,,,5.0,200,False,18.533403993761876,15.473513033597545,0.09559003025505752,0.33604985419345523,0.33660382713206044,18.224454402923584
0000_sparse_grid_502,sparse_grid,4,6,poor,Nelder-Mead,23,200,token,line,empty_prioritized,,200,False,22.51528051372901,16.669992983423068,3.3405623826269417e-07,0.7342538289027358,1.0,1.3095221519470215
0000_sparse_grid_502,sparse_grid,4,6,poor,Nelder-Mead,23,800,penalty_row_xy,,,5.0,380,True,18.533403993761876,15.44515655912924,0.09785430299462758,0.33712317695347616,0.33779610454149456,34.919753313064575
0000_sparse_grid_502,sparse_grid,4,6,poor,Nelder-Mead,23,800,token,line,empty_prioritized,,706,True,22.51528051372901,16.669992265227577,3.729924728467963e-07,0.7373931189213327,1.0,4.25553822517395
0000_sparse_grid_502,sparse_grid,4,6,poor,Nelder-Mead,29,40,penalty_row_xy,,,5.0,40,False,18.42133274278585,17.781719582213114,0.04226927304904509,0.270060737899313,0.2707495324854585,3.546287775039673
0000_sparse_grid_502,sparse_grid,4,6,poor,Nelder-Mead,29,40,token,line,empty_prioritized,,40,False,22.634963722444112,16.678694381164014,6.026563370569374e-07,0.7412657631572266,1.0,0.2370908260345459
0000_sparse_grid_502,sparse_grid,4,6,poor,Nelder-Mead,29,200,penalty_row_xy,,,5.0,200,False,18.42133274278585,16.441429252177993,0.06880878538610317,0.2789877204338548,0.2802811790644053,17.66604232788086
0000_sparse_grid_502,sparse_grid,4,6,poor,Nelder-Mead,29,200,token,line,empty_prioritized,,200,False,22.634963722444112,16.670146190014275,1.2173197174818394e-06,0.762369688842916,1.0,1.267791748046875
0000_sparse_grid_502,sparse_grid,4,6,poor,Nelder-Mead,29,800,penalty_row_xy,,,5.0,384,True,18.42133274278585,16.438662011258142,0.06891190310298567,0.27853011747210954,0.2797218960272453,34.227569341659546
0000_sparse_grid_502,sparse_grid,4,6,poor,Nelder-Mead,29,800,token,line,empty_prioritized,,505,True,22.634963722444112,16.669964738391627,1.911495488695515e-06,0.767590000607732,1.0,3.0216012001037598
0000_sparse_grid_502,sparse_grid,4,6,poor,Nelder-Mead,31,40,penalty_row_xy,,,5.0,40,False,18.511534929056914,17.940106361454756,0.024609370241171054,0.24329558772956264,0.24418732543776467,3.6992740631103516
0000_sparse_grid_502,sparse_grid,4,6,poor,Nelder-Mead,31,40,token,line,empty_prioritized,,40,False,24.344880234728155,16.66999550579557,2.279326819743408e-07,0.6362236533249873,1.0,0.3108851909637451
0000_sparse_grid_502,sparse_grid,4,6,poor,Nelder-Mead,31,200,penalty_row_xy,,,5.0,200,False,18.511534929056914,16.43971427852985,0.06891114205021971,0.27809989543568814,0.27928536360277434,17.606917142868042
0000_sparse_grid_502,sparse_grid,4,6,poor,Nelder-Mead,31,200,token,line,empty_prioritized,,200,False,24.344880234728155,16.67015387185251,2.2302150066208644e-06,0.7510236810779946,1.0,1.2014915943145752
0000_sparse_grid_502,sparse_grid,4,6,poor,Nelder-Mead,31,800,penalty_row_xy,,,5.0,369,True,18.511534929056914,16.43866971813344,0.06890171322085938,0.27851838504284065,0.27970512393428304,33.543976068496704
0000_sparse_grid_502,sparse_grid,4,6,poor,Nelder-Mead,31,800,token,line,empty_prioritized,,408,True,24.344880234728155,16.66987687725733,4.62955461295395e-06,0.7094593186878418,1.0,2.463150978088379
0000_sparse_grid_502,sparse_grid,4,6,poor,Nelder-Mead,37,40,penalty_row_xy,,,5.0,40,False,18.40078771573178,17.246403305678005,0.046487719199591396,0.3414487612364197,0.34673046753619025,3.7070631980895996
0000_sparse_grid_502,sparse_grid,4,6,poor,Nelder-Mead,37,40,token,line,empty_prioritized,,40,False,20.93085468690505,16.684817118137435,1.0099643404375667e-06,0.7412562285575286,1.0,0.27574944496154785
0000_sparse_grid_502,sparse_grid,4,6,poor,Nelder-Mead,37,200,penalty_row_xy,,,5.0,200,False,18.40078771573178,16.72004536358792,0.05030235585922197,0.381640741054823,0.38454160715933144,18.304384469985962
0000_sparse_grid_502,sparse_grid,4,6,poor,Nelder-Mead,37,200,token,line,empty_prioritized,,200,False,20.93085468690505,16.66996878381722,1.6726109902355085e-06,0.7652118458470297,1.0,1.29518461227417
0000_sparse_grid_502,sparse_grid,4,6,poor,Nelder-Mead,37,800,penalty_row_xy,,,5.0,298,True,18.40078771573178,16.719764894406936,0.05044948442662428,0.38168906005073305,0.3845876434505467,26.7181658744812
0000_sparse_grid_502,sparse_grid,4,6,poor,Nelder-Mead,37,800,token,line,empty_prioritized,,641,True,20.93085468690505,16.669959684728273,2.197202472330709e-06,0.768149974370839,1.0,4.1116414070129395
0000_sparse_grid_502,sparse_grid,4,6,poor,Nelder-Mead,41,40,penalty_row_xy,,,5.0,40,False,18.46638803661421,17.673566103023546,0.03872039448666641,0.33505979735631264,0.3405580669110774,3.4914848804473877
0000_sparse_grid_502,sparse_grid,4,6,poor,Nelder-Mead,41,40,token,line,empty_prioritized,,40,False,21.30317743092767,16.66997774899204,1.3606433983663316e-06,0.7446830767013021,1.0,0.27561020851135254
0000_sparse_grid_502,sparse_grid,4,6,poor,Nelder-Mead,41,200,penalty_row_xy,,,5.0,200,False,18.46638803661421,16.719860775575427,0.05047724680107735,0.3816543764792878,0.384555570182845,18.576390027999878
0000_sparse_grid_502,sparse_grid,4,6,poor,Nelder-Mead,41,200,token,line,empty_prioritized,,200,False,21.30317743092767,16.669935697433946,3.528832445737563e-06,0.7742355200305193,1.0,1.1948416233062744
0000_sparse_grid_502,sparse_grid,4,6,poor,Nelder-Mead,41,800,penalty_row_xy,,,5.0,282,True,18.46638803661421,16.71976477359851,0.050440843579026326,0.381703072018297,0.3846014332771286,25.342379331588745
0000_sparse_grid_502,sparse_grid,4,6,poor,Nelder-Mead,41,800,token,line,empty_prioritized,,476,True,21.30317743092767,16.669916968662626,4.606240405011563e-06,0.7791857823534192,1.0,2.8370771408081055
0000_sparse_grid_502,sparse_grid,4,6,poor,Nelder-Mead,43,40,penalty_row_xy,,,5.0,40,False,18.650305999216826,17.93180296309423,0.029856737512884885,0.19317217107604334,0.19405516798530142,3.7471494674682617
0000_sparse_grid_502,sparse_grid,4,6,poor,Nelder-Mead,43,40,token,line,empty_prioritized,,40,False,19.107852665071444,16.669979459171326,9.837878815918823e-07,0.7367027953730002,1.0,0.23476052284240723
0000_sparse_grid_502,sparse_grid,4,6,poor,Nelder-Mead,43,200,penalty_row_xy,,,5.0,200,False,18.650305999216826,15.454826639721821,0.09792341957238482,0.33484657360877945,0.3354814331219834,18.540979385375977
0000_sparse_grid_502,sparse_grid,4,6,poor,Nelder-Mead,43,200,token,line,empty_prioritized,,200,False,19.107852665071444,16.67016960530784,9.134798059098155e-06,0.7876794278402471,1.0,1.242469072341919
0000_sparse_grid_502,sparse_grid,4,6,poor,Nelder-Mead,43,800,penalty_row_xy,,,5.0,281,True,18.650305999216826,15.445160061280399,0.09785994641196769,0.33711449445286246,0.33778826315743343,25.487570762634277
0000_sparse_grid_502,sparse_grid,4,6,poor,Nelder-Mead,43,800,token,line,empty_prioritized,,388,True,19.107852665071444,16.66981006458521,9.280859988338904e-06,0.7860508085853349,1.0,2.3635144233703613
0001_dense_grid_503,dense_grid,4,6,deterministic,COBYLA,11,40,penalty_row_xy,,,5.0,40,False,22.00170216077931,20.52733242191028,0.043143500925153365,0.3622505246858582,0.3746056842960366,3.698878765106201
0001_dense_grid_503,dense_grid,4,6,deterministic,COBYLA,11,40,token,ring,rotating,,40,False,22.968385086557337,19.650908112542723,0.04937403593928443,0.7348738737694153,1.0,0.29727935791015625
0001_dense_grid_503,dense_grid,4,6,deterministic,COBYLA,11,200,penalty_row_xy,,,5.0,148,True,22.00170216077931,20.429895648675863,0.027474609964160398,0.3684583978659523,0.3784471159716657,13.809521675109863
0001_dense_grid_503,dense_grid,4,6,deterministic,COBYLA,11,200,token,ring,rotating,,100,True,22.968385086557337,19.643040478174715,0.04823447627956378,0.7212830889687306,1.0,0.6887252330780029
0001_dense_grid_503,dense_grid,4,6,deterministic,COBYLA,11,800,penalty_row_xy,,,5.0,148,True,22.00170216077931,20.429895648675863,0.027474609964160398,0.3684583978659523,0.3784471159716657,13.767792463302612
0001_dense_grid_503,dense_grid,4,6,deterministic,COBYLA,11,800,token,ring,rotating,,100,True,22.968385086557337,19.643040478174715,0.04823447627956378,0.7212830889687306,1.0,0.7258734703063965
0001_dense_grid_503,dense_grid,4,6,deterministic,COBYLA,17,40,penalty_row_xy,,,5.0,40,False,21.940829600018052,21.516277332105886,0.039908866890013855,0.25709017814499685,0.3182409322652471,3.7263166904449463
0001_dense_grid_503,dense_grid,4,6,deterministic,COBYLA,17,40,token,ring,rotating,,40,False,22.79012863217405,19.646480703269457,0.04824826650485501,0.7286674476608475,1.0,0.278240442276001
0001_dense_grid_503,dense_grid,4,6,deterministic,COBYLA,17,200,penalty_row_xy,,,5.0,94,True,21.940829600018052,21.471140685170568,0.039330910425033255,0.25184879168243657,0.3176689424708272,9.186278104782104
0001_dense_grid_503,dense_grid,4,6,deterministic,COBYLA,17,200,token,ring,rotating,,68,True,22.79012863217405,19.643046316154752,0.048252565731093766,0.7210281234535315,1.0,0.49594902992248535
0001_dense_grid_503,dense_grid,4,6,deterministic,COBYLA,17,800,penalty_row_xy,,,5.0,94,True,21.940829600018052,21.471140685170568,0.039330910425033255,0.25184879168243657,0.3176689424708272,8.541872024536133
0001_dense_grid_503,dense_grid,4,6,deterministic,COBYLA,17,800,token,ring,rotating,,68,True,22.79012863217405,19.643046316154752,0.048252565731093766,0.7210281234535315,1.0,0.5059561729431152
0001_dense_grid_503,dense_grid,4,6,deterministic,COBYLA,23,40,penalty_row_xy,,,5.0,40,False,21.793265024581153,20.455195488619488,0.04606243344694911,0.3583060900382394,0.36947848694648067,3.781989336013794
0001_dense_grid_503,dense_grid,4,6,deterministic,COBYLA,23,40,token,ring,rotating,,40,False,23.376666442648055,19.645140449161666,0.04881370756110905,0.7292996745786555,1.0,0.3427772521972656
0001_dense_grid_503,dense_grid,4,6,deterministic,COBYLA,23,200,penalty_row_xy,,,5.0,200,False,21.793265024581153,20.110252733963492,0.08863491612287336,0.3486770578300147,0.3730363038603567,19.14167618751526
0001_dense_grid_503,dense_grid,4,6,deterministic,COBYLA,23,200,token,ring,rotating,,76,True,23.376666442648055,19.643052375687756,0.04828281198349807,0.7209784520783125,1.0,0.5560226440429688
0001_dense_grid_503,dense_grid,4,6,deterministic,COBYLA,23,800,penalty_row_xy,,,5.0,226,True,21.793265024581153,20.108450610670513,0.08793785080693603,0.34943359596753054,0.3734665200730659,20.295841217041016
0001_dense_grid_503,dense_grid,4,6,deterministic,COBYLA,23,800,token,ring,rotating,,76,True,23.376666442648055,19.643052375687756,0.04828281198349807,0.7209784520783125,1.0,0.5871946811676025
0001_dense_grid_503,dense_grid,4,6,deterministic,COBYLA,29,40,penalty_row_xy,,,5.0,40,False,22.065586350573383,21.634221585119242,0.02127848898273163,0.26757189906627166,0.3230879646843213,3.761854648590088
0001_dense_grid_503,dense_grid,4,6,deterministic,COBYLA,29,40,token,ring,rotating,,40,False,23.108429777827922,19.65741634384456,0.04851971958870322,0.7252680538420321,1.0,0.3335893154144287
0001_dense_grid_503,dense_grid,4,6,deterministic,COBYLA,29,200,penalty_row_xy,,,5.0,200,False,22.065586350573383,21.545840865257695,0.021712673838647473,0.2625189639274722,0.32713743732508604,19.21852421760559
0001_dense_grid_503,dense_grid,4,6,deterministic,COBYLA,29,200,token,ring,rotating,,108,True,23.108429777827922,19.643046295735083,0.04826340048182226,0.7209521941646733,1.0,0.8340775966644287
0001_dense_grid_503,dense_grid,4,6,deterministic,COBYLA,29,800,penalty_row_xy,,,5.0,228,True,22.065586350573383,21.54031303036009,0.021845642332069017,0.2613112776677392,0.32637815016082977,20.69920587539673
0001_dense_grid_503,dense_grid,4,6,deterministic,COBYLA,29,800,token,ring,rotating,,108,True,23.108429777827922,19.643046295735083,0.04826340048182226,0.7209521941646733,1.0,0.8363814353942871
0001_dense_grid_503,dense_grid,4,6,deterministic,COBYLA,31,40,penalty_row_xy,,,5.0,40,False,21.953928048267056,20.93718904201803,0.0072882691769768975,0.36293440789314946,0.3774412438661362,3.7181057929992676
0001_dense_grid_503,dense_grid,4,6,deterministic,COBYLA,31,40,token,ring,rotating,,40,False,23.294746559519325,19.665611481325236,0.04848908245169755,0.7235213798421748,1.0,0.3028254508972168
0001_dense_grid_503,dense_grid,4,6,deterministic,COBYLA,31,200,penalty_row_xy,,,5.0,100,True,21.953928048267056,20.551684554694546,0.040349102190385275,0.36492214703863834,0.3803845723514918,9.009917497634888
0001_dense_grid_503,dense_grid,4,6,deterministic,COBYLA,31,200,token,ring,rotating,,90,True,23.294746559519325,19.643036492587527,0.04828663744355206,0.7218573947809055,1.0,0.7066991329193115
0001_dense_grid_503,dense_grid,4,6,deterministic,COBYLA,31,800,penalty_row_xy,,,5.0,100,True,21.953928048267056,20.551684554694546,0.040349102190385275,0.36492214703863834,0.3803845723514918,9.284078598022461
0001_dense_grid_503,dense_grid,4,6,deterministic,COBYLA,31,800,token,ring,rotating,,90,True,23.294746559519325,19.643036492587527,0.04828663744355206,0.7218573947809055,1.0,0.6791164875030518
0001_dense_grid_503,dense_grid,4,6,deterministic,COBYLA,37,40,penalty_row_xy,,,5.0,40,False,22.15542037687441,21.56989711745673,0.039613420349354694,0.25989615992216025,0.31588594238723017,3.6404411792755127
0001_dense_grid_503,dense_grid,4,6,deterministic,COBYLA,37,40,token,ring,rotating,,40,False,22.95316613735652,19.656782236580064,0.04781544409816518,0.7202746371231048,1.0,0.3179783821105957
0001_dense_grid_503,dense_grid,4,6,deterministic,COBYLA,37,200,penalty_row_xy,,,5.0,124,True,22.15542037687441,21.47111896114825,0.039276389913554054,0.25148544924229965,0.3171737819902488,11.252875089645386
0001_dense_grid_503,dense_grid,4,6,deterministic,COBYLA,37,200,token,ring,rotating,,94,True,22.95316613735652,19.643044901417785,0.04819436398394383,0.7208034459571463,1.0,0.7083449363708496
0001_dense_grid_503,dense_grid,4,6,deterministic,COBYLA,37,800,penalty_row_xy,,,5.0,124,True,22.15542037687441,21.47111896114825,0.039276389913554054,0.25148544924229965,0.3171737819902488,11.057362079620361
0001_dense_grid_503,dense_grid,4,6,deterministic,COBYLA,37,800,token,ring,rotating,,94,True,22.95316613735652,19.643044901417785,0.04819436398394383,0.7208034459571463,1.0,0.7176525592803955
0001_dense_grid_503,dense_grid,4,6,deterministic,COBYLA,41,40,penalty_row_xy,,,5.0,40,False,21.996000443093003,21.128051524877513,0.01635979950530175,0.2922654433910143,0.32735120237452076,3.775636911392212
0001_dense_grid_503,dense_grid,4,6,deterministic,COBYLA,41,40,token,ring,rotating,,40,False,22.74972463082962,19.64357199776146,0.04835806881424427,0.7219534129479813,1.0,0.30503082275390625
0001_dense_grid_503,dense_grid,4,6,deterministic,COBYLA,41,200,penalty_row_xy,,,5.0,200,False,21.996000443093003,20.56676045851987,0.03776038325002875,0.3673500213966085,0.38150077270118404,17.42476177215576
0001_dense_grid_503,dense_grid,4,6,deterministic,COBYLA,41,200,token,ring,rotating,,78,True,22.74972463082962,19.643065057218067,0.04823749121568935,0.7220835574575116,1.0,0.6317451000213623
0001_dense_grid_503,dense_grid,4,6,deterministic,COBYLA,41,800,penalty_row_xy,,,5.0,270,True,21.996000443093003,20.550234206060576,0.040647622608911235,0.36438771508719725,0.3801081634545158,23.997472763061523
0001_dense_grid_503,dense_grid,4,6,deterministic,COBYLA,41,800,token,ring,rotating,,78,True,22.74972463082962,19.643065057218067,0.04823749121568935,0.7220835574575116,1.0,0.5692300796508789
0001_dense_grid_503,dense_grid,4,6,deterministic,COBYLA,43,40,penalty_row_xy,,,5.0,40,False,21.895138353179206,20.965515686791026,0.004446971664972876,0.3329794617552756,0.36460140891473397,3.5910391807556152
0001_dense_grid_503,dense_grid,4,6,deterministic,COBYLA,43,40,token,ring,rotating,,40,False,22.526665839920852,19.643387687365276,0.048214994767046174,0.7230429516156475,1.0,0.2969963550567627
0001_dense_grid_503,dense_grid,4,6,deterministic,COBYLA,43,200,penalty_row_xy,,,5.0,200,False,21.895138353179206,20.543117924124942,0.04005845363409402,0.3572587608151493,0.3742409546947614,17.668074131011963
0001_dense_grid_503,dense_grid,4,6,deterministic,COBYLA,43,200,token,ring,rotating,,72,True,22.526665839920852,19.64304542990447,0.048216208923591054,0.7211206173233234,1.0,0.5423507690429688
0001_dense_grid_503,dense_grid,4,6,deterministic,COBYLA,43,800,penalty_row_xy,,,5.0,203,True,21.895138353179206,20.543004815955904,0.0401639424678152,0.357414228981343,0.37438025451107626,17.793492078781128
0001_dense_grid_503,dense_grid,4,6,deterministic,COBYLA,43,800,token,ring,rotating,,72,True,22.526665839920852,19.64304542990447,0.048216208923591054,0.7211206173233234,1.0,0.5544655323028564
0001_dense_grid_503,dense_grid,4,6,deterministic,Nelder-Mead,11,40,penalty_row_xy,,,5.0,40,False,22.00170216077931,21.432461193224313,0.020129543162148822,0.27918298309083994,0.32694824134440714,3.676744222640991
0001_dense_grid_503,dense_grid,4,6,deterministic,Nelder-Mead,11,40,token,ring,rotating,,40,False,22.968385086557337,20.660700078022412,0.03985336072093825,0.6242121328217018,1.0,0.2856931686401367
0001_dense_grid_503,dense_grid,4,6,deterministic,Nelder-Mead,11,200,penalty_row_xy,,,5.0,200,False,22.00170216077931,20.85633366552154,0.005718688619548826,0.33585440219485885,0.3587251196543208,18.187036991119385
0001_dense_grid_503,dense_grid,4,6,deterministic,Nelder-Mead,11,200,token,ring,rotating,,200,False,22.968385086557337,19.657207476071573,0.04903897798016619,0.7263965867529993,1.0,1.5515217781066895
0001_dense_grid_503,dense_grid,4,6,deterministic,Nelder-Mead,11,800,penalty_row_xy,,,5.0,322,True,22.00170216077931,20.84743865153533,0.005888467604907235,0.3350242054907726,0.3591520302819981,28.81206750869751
0001_dense_grid_503,dense_grid,4,6,deterministic,Nelder-Mead,11,800,token,ring,rotating,,465,True,22.968385086557337,19.643024729813327,0.04824704838597739,0.7213733450987428,1.0,3.425786256790161
0001_dense_grid_503,dense_grid,4,6,deterministic,Nelder-Mead,17,40,penalty_row_xy,,,5.0,40,False,21.940829600018052,21.29733266755845,0.017533624664601774,0.2791324512817257,0.32185630253250086,3.5889015197753906
0001_dense_grid_503,dense_grid,4,6,deterministic,Nelder-Mead,17,40,token,ring,rotating,,40,False,22.79012863217405,20.949805624563318,0.03726310389890349,0.519461162266222,1.0,0.2802116870880127
0001_dense_grid_503,dense_grid,4,6,deterministic,Nelder-Mead,17,200,penalty_row_xy,,,5.0,200,False,21.940829600018052,20.847483436259513,0.005838677986525837,0.335316056171741,0.35949105694505556,17.94813895225525
0001_dense_grid_503,dense_grid,4,6,deterministic,Nelder-Mead,17,200,token,ring,rotating,,200,False,22.79012863217405,19.756863636519274,0.04625532518184824,0.7310449137400874,1.0,1.4238195419311523
0001_dense_grid_503,dense_grid,4,6,deterministic,Nelder-Mead,17,800,penalty_row_xy,,,5.0,261,True,21.940829600018052,20.84743868332929,0.005886090724049316,0.3350182969357976,0.359149519850623,23.053113222122192
0001_dense_grid_503,dense_grid,4,6,deterministic,Nelder-Mead,17,800,token,ring,rotating,,404,True,22.79012863217405,19.643024695537385,0.04824549365659208,0.7213491387864408,1.0,2.8362767696380615
0001_dense_grid_503,dense_grid,4,6,deterministic,Nelder-Mead,23,40,penalty_row_xy,,,5.0,40,False,21.793265024581153,21.086660039369384,0.030193240839255033,0.32697902991334477,0.34690737083076906,3.7401492595672607
0001_dense_grid_503,dense_grid,4,6,deterministic,Nelder-Mead,23,40,token,ring,rotating,,40,False,23.376666442648055,21.357807520360485,0.023351006262572607,0.6239426308091754,1.0,0.3102283477783203
0001_dense_grid_503,dense_grid,4,6,deterministic,Nelder-Mead,23,200,penalty_row_xy,,,5.0,200,False,21.793265024581153,20.29805207037738,0.0848831958030448,0.34730888266291177,0.3913283080858809,18.06710386276245
0001_dense_grid_503,dense_grid,4,6,deterministic,Nelder-Mead,23,200,token,ring,rotating,,200,False,23.376666442648055,20.6327038053148,0.03903497250562838,0.7273361366896601,1.0,1.4743194580078125
0001_dense_grid_503,dense_grid,4,6,deterministic,Nelder-Mead,23,800,penalty_row_xy,,,5.0,410,True,21.793265024581153,20.292518951813445,0.08484648822872909,0.34743069299850116,0.38947571136639014,35.99058651924133
0001_dense_grid_503,dense_grid,4,6,deterministic,Nelder-Mead,23,800,token,ring,rotating,,800,False,23.376666442648055,19.000455009197143,0.07570237400647468,0.784965384071171,1.0,5.725789308547974
0001_dense_grid_503,dense_grid,4,6,deterministic,Nelder-Mead,29,40,penalty_row_xy,,,5.0,40,False,22.065586350573383,21.102365510360244,0.011063650830307368,0.2916262402064721,0.3216169875581808,3.7722227573394775
0001_dense_grid_503,dense_grid,4,6,deterministic,Nelder-Mead,29,40,token,ring,rotating,,40,False,23.108429777827922,21.237974506570765,0.03478333702516956,0.47900022525142155,1.0,0.2794620990753174
0001_dense_grid_503,dense_grid,4,6,deterministic,Nelder-Mead,29,200,penalty_row_xy,,,5.0,200,False,22.065586350573383,20.84745940719519,0.005871917201253946,0.3350979396444099,0.35932509383851163,17.79951238632202
0001_dense_grid_503,dense_grid,4,6,deterministic,Nelder-Mead,29,200,token,ring,rotating,,200,False,23.108429777827922,19.663475275439527,0.04918424763398046,0.7282488959835587,1.0,1.4595239162445068
0001_dense_grid_503,dense_grid,4,6,deterministic,Nelder-Mead,29,800,penalty_row_xy,,,5.0,287,True,22.065586350573383,20.84743856316608,0.005886991823338062,0.33501863298919476,0.35915415571365833,25.211164474487305
0001_dense_grid_503,dense_grid,4,6,deterministic,Nelder-Mead,29,800,token,ring,rotating,,414,True,23.108429777827922,19.643024592011848,0.048244496117642345,0.721369738604931,1.0,2.9263010025024414
0001_dense_grid_503,dense_grid,4,6,deterministic,Nelder-Mead,31,40,penalty_row_xy,,,5.0,40,False,21.953928048267056,21.16425904200972,0.011612795463724644,0.2931220632232223,0.32298146493044755,3.5222930908203125
0001_dense_grid_503,dense_grid,4,6,deterministic,Nelder-Mead,31,40,token,ring,rotating,,40,False,23.294746559519325,21.475818239753306,0.026752147377726788,0.5601044882579206,1.0,0.2739710807800293
0001_dense_grid_503,dense_grid,4,6,deterministic,Nelder-Mead,31,200,penalty_row_xy,,,5.0,200,False,21.953928048267056,20.848481818681492,0.005852901050366155,0.3365221441087677,0.36049508762568744,17.98048496246338
0001_dense_grid_503,dense_grid,4,6,deterministic,Nelder-Mead,31,200,token,ring,rotating,,200,False,23.294746559519325,19.8383899499968,0.045176242451581076,0.7395546832653074,1.0,1.43428373336792
0001_dense_grid_503,dense_grid,4,6,deterministic,Nelder-Mead,31,800,penalty_row_xy,,,5.0,299,True,21.953928048267056,20.84743860048772,0.00588537620045073,0.33502529982332757,0.35916848361979464,26.45830225944519
0001_dense_grid_503,dense_grid,4,6,deterministic,Nelder-Mead,31,800,token,ring,rotating,,516,True,23.294746559519325,19.64302459570857,0.048243460296033186,0.7213616158099279,1.0,3.73594331741333
0001_dense_grid_503,dense_grid,4,6,deterministic,Nelder-Mead,37,40,penalty_row_xy,,,5.0,40,False,22.15542037687441,21.245450674242534,0.009902920043167479,0.30003791323688145,0.3336335347294448,3.7037267684936523
0001_dense_grid_503,dense_grid,4,6,deterministic,Nelder-Mead,37,40,token,ring,rotating,,40,False,22.95316613735652,21.23750795622807,0.029240457871362494,0.4623893027306128,1.0,0.2913637161254883
0001_dense_grid_503,dense_grid,4,6,deterministic,Nelder-Mead,37,200,penalty_row_xy,,,5.0,200,False,22.15542037687441,20.476533557911072,0.04005744750425482,0.36637929495262755,0.3862820801443156,18.207802295684814
0001_dense_grid_503,dense_grid,4,6,deterministic,Nelder-Mead,37,200,token,ring,rotating,,200,False,22.95316613735652,19.69301793108835,0.0507141148856837,0.7424584779210036,1.0,1.4627554416656494
0001_dense_grid_503,dense_grid,4,6,deterministic,Nelder-Mead,37,800,penalty_row_xy,,,5.0,542,True,22.15542037687441,20.39552595465952,0.02529409170868404,0.3816761520562685,0.39882657251074294,49.35436964035034
0001_dense_grid_503,dense_grid,4,6,deterministic,Nelder-Mead,37,800,token,ring,rotating,,493,True,22.95316613735652,19.64302459237357,0.048245061523279675,0.7213682773636504,1.0,3.6389994621276855
0001_dense_grid_503,dense_grid,4,6,deterministic,Nelder-Mead,41,40,penalty_row_xy,,,5.0,40,False,21.996000443093003,21.750444950088877,0.016605800710897737,0.2743975778364906,0.328175840344998,3.7404613494873047
0001_dense_grid_503,dense_grid,4,6,deterministic,Nelder-Mead,41,40,token,ring,rotating,,40,False,22.74972463082962,21.350132849965476,0.03679605443284036,0.5340905121875241,1.0,0.26163792610168457
0001_dense_grid_503,dense_grid,4,6,deterministic,Nelder-Mead,41,200,penalty_row_xy,,,5.0,200,False,21.996000443093003,20.90933460225526,0.036019745767875595,0.3511636028843836,0.3689849142954055,17.87786626815796
0001_dense_grid_503,dense_grid,4,6,deterministic,Nelder-Mead,41,200,token,ring,rotating,,200,False,22.74972463082962,19.681871482483025,0.04860717163966115,0.7345148065487366,1.0,1.4324042797088623
0001_dense_grid_503,dense_grid,4,6,deterministic,Nelder-Mead,41,800,penalty_row_xy,,,5.0,466,True,21.996000443093003,20.109145120971593,0.04770912623326052,0.38377319748940314,0.3942956353740905,41.80845856666565
0001_dense_grid_503,dense_grid,4,6,deterministic,Nelder-Mead,41,800,token,ring,rotating,,507,True,22.74972463082962,19.643024594541384,0.04824403555561217,0.7213582018676193,1.0,3.658635139465332
0001_dense_grid_503,dense_grid,4,6,deterministic,Nelder-Mead,43,40,penalty_row_xy,,,5.0,40,False,21.895138353179206,21.266154723355147,0.016411031832297186,0.28233967593158116,0.3298310638348472,3.8434879779815674
0001_dense_grid_503,dense_grid,4,6,deterministic,Nelder-Mead,43,40,token,ring,rotating,,40,False,22.526665839920852,20.389897478824356,0.03843597410104333,0.5915878837382654,1.0,0.2985067367553711
0001_dense_grid_503,dense_grid,4,6,deterministic,Nelder-Mead,43,200,penalty_row_xy,,,5.0,200,False,21.895138353179206,20.848677977832516,0.006071711874526803,0.33678439130814936,0.3593299452404867,18.533613681793213
0001_dense_grid_503,dense_grid,4,6,deterministic,Nelder-Mead,43,200,token,ring,rotating,,200,False,22.526665839920852,19.689162344251464,0.048140485829225185,0.7268135225389025,1.0,1.5406444072723389
0001_dense_grid_503,dense_grid,4,6,deterministic,Nelder-Mead,43,800,penalty_row_xy,,,5.0,333,True,21.895138353179206,20.847438564489355,0.00588729860774762,0.3350264348591644,0.3591564880793483,30.038036108016968
0001_dense_grid_503,dense_grid,4,6,deterministic,Nelder-Mead,43,800,token,ring,rotating,,488,True,22.526665839920852,19.64302459992909,0.048244850924603656,0.7213614603860758,1.0,3.6807329654693604
0001_dense_grid_503,dense_grid,4,6,poor,COBYLA,11,40,penalty_row_xy,,,5.0,40,False,22.611456105297037,20.577801942929657,0.022909708621314313,0.47449095123528995,0.47905998642758907,3.6174116134643555
0001_dense_grid_503,dense_grid,4,6,poor,COBYLA,11,40,token,ring,rotating,,40,False,25.11097879266623,18.839589695444193,0.12575154466985053,0.9972248004483436,1.0,0.27959680557250977
0001_dense_grid_503,dense_grid,4,6,poor,COBYLA,11,200,penalty_row_xy,,,5.0,200,False,22.611456105297037,20.096263828663453,0.048491891156552516,0.48540098533909165,0.4953674692045521,17.986961603164673
0001_dense_grid_503,dense_grid,4,6,poor,COBYLA,11,200,token,ring,rotating,,200,False,25.11097879266623,18.742173309119842,0.13909917438056071,0.9998133167821897,1.0,1.4763660430908203
0001_dense_grid_503,dense_grid,4,6,poor,COBYLA,11,800,penalty_row_xy,,,5.0,280,True,22.611456105297037,20.068809957533993,0.048321580842876265,0.46182654563702,0.4714168345540223,25.181438207626343
0001_dense_grid_503,dense_grid,4,6,poor,COBYLA,11,800,token,ring,rotating,,275,True,25.11097879266623,18.741594824558707,0.13902529945981268,0.999828954456479,1.0,1.9596450328826904
0001_dense_grid_503,dense_grid,4,6,poor,COBYLA,17,40,penalty_row_xy,,,5.0,40,False,22.542444772899515,21.349652755089743,0.0101060569459974,0.3596336411474774,0.37007904455974694,3.8369717597961426
0001_dense_grid_503,dense_grid,4,6,poor,COBYLA,17,40,token,ring,rotating,,40,False,24.869110961778294,19.237622201114274,0.041407893069004026,0.9960979080556545,1.0,0.2712128162384033
0001_dense_grid_503,dense_grid,4,6,poor,COBYLA,17,200,penalty_row_xy,,,5.0,102,True,22.542444772899515,20.527748307734445,0.022096640847390714,0.37665750038817586,0.37705481353179143,9.588580131530762
0001_dense_grid_503,dense_grid,4,6,poor,COBYLA,17,200,token,ring,rotating,,200,False,24.869110961778294,19.199482169306627,0.049428254136855226,0.9952936075471883,1.0,1.4242033958435059
0001_dense_grid_503,dense_grid,4,6,poor,COBYLA,17,800,penalty_row_xy,,,5.0,102,True,22.542444772899515,20.527748307734445,0.022096640847390714,0.37665750038817586,0.37705481353179143,9.22403073310852
0001_dense_grid_503,dense_grid,4,6,poor,COBYLA,17,800,token,ring,rotating,,800,False,24.869110961778294,18.856218748512447,0.09921746433092439,0.9978514720177534,1.0,5.810122728347778
0001_dense_grid_503,dense_grid,4,6,poor,COBYLA,23,40,penalty_row_xy,,,5.0,40,False,22.675384364604266,20.535615274487075,0.031100201992164123,0.47762425688768173,0.48197156639535654,3.926292657852173
0001_dense_grid_503,dense_grid,4,6,poor,COBYLA,23,40,token,ring,rotating,,40,False,25.700329959419523,19.15703374809747,0.05964663409055691,0.9958376757396807,1.0,0.3027215003967285
0001_dense_grid_503,dense_grid,4,6,poor,COBYLA,23,200,penalty_row_xy,,,5.0,175,True,22.675384364604266,20.439019541689735,0.04419306619176108,0.4874330661136655,0.4880737905660887,15.935817241668701
0001_dense_grid_503,dense_grid,4,6,poor,COBYLA,23,200,token,ring,rotating,,185,True,25.700329959419523,18.907102825191174,0.13671859887593793,0.9952322617069491,1.0,1.3455252647399902
0001_dense_grid_503,dense_grid,4,6,poor,COBYLA,23,800,penalty_row_xy,,,5.0,175,True,22.675384364604266,20.439019541689735,0.04419306619176108,0.4874330661136655,0.4880737905660887,16.173291206359863
0001_dense_grid_503,dense_grid,4,6,poor,COBYLA,23,800,token,ring,rotating,,185,True,25.700329959419523,18.907102825191174,0.13671859887593793,0.9952322617069491,1.0,1.45794677734375
0001_dense_grid_503,dense_grid,4,6,poor,COBYLA,29,40,penalty_row_xy,,,5.0,40,False,22.46462349417419,20.441693020299887,0.03487480415977027,0.49828053363283326,0.5019469014240817,3.6039321422576904
0001_dense_grid_503,dense_grid,4,6,poor,COBYLA,29,40,token,ring,rotating,,40,False,25.32876995034058,19.12658053190082,0.0997839042173693,0.9994085524336216,1.0,0.29123950004577637
0001_dense_grid_503,dense_grid,4,6,poor,COBYLA,29,200,penalty_row_xy,,,5.0,200,False,22.46462349417419,20.068931999335465,0.04805301930742564,0.4612238076973392,0.4711373339913402,17.909881353378296
0001_dense_grid_503,dense_grid,4,6,poor,COBYLA,29,200,token,ring,rotating,,91,True,25.32876995034058,19.115367256954105,0.10007443400762256,0.999324813717572,1.0,0.6472799777984619
0001_dense_grid_503,dense_grid,4,6,poor,COBYLA,29,800,penalty_row_xy,,,5.0,205,True,22.46462349417419,20.068794111557622,0.048122689466300855,0.46205088762834273,0.47191785556085003,18.597365140914917
0001_dense_grid_503,dense_grid,4,6,poor,COBYLA,29,800,token,ring,rotating,,91,True,25.32876995034058,19.115367256954105,0.10007443400762256,0.999324813717572,1.0,0.6934418678283691
0001_dense_grid_503,dense_grid,4,6,poor,COBYLA,31,40,penalty_row_xy,,,5.0,40,False,22.41052913156127,20.50023065096054,0.02670368417187743,0.49871782345164034,0.5023517593849919,3.7403242588043213
0001_dense_grid_503,dense_grid,4,6,poor,COBYLA,31,40,token,ring,rotating,,40,False,25.53301177732108,19.185263024459868,0.052589733956878604,0.9953834190903769,1.0,0.2847096920013428
0001_dense_grid_503,dense_grid,4,6,poor,COBYLA,31,200,penalty_row_xy,,,5.0,200,False,22.41052913156127,20.245953611374325,0.03883762633795236,0.5208639780437898,0.5224485799122167,19.053388595581055
0001_dense_grid_503,dense_grid,4,6,poor,COBYLA,31,200,token,ring,rotating,,200,False,25.53301177732108,18.907141175646366,0.13661053832355705,0.9952713211578769,1.0,1.4959962368011475
0001_dense_grid_503,dense_grid,4,6,poor,COBYLA,31,800,penalty_row_xy,,,5.0,385,True,22.41052913156127,20.06939853985527,0.04818203099215193,0.46010362863395915,0.46979092655536075,35.95815563201904
0001_dense_grid_503,dense_grid,4,6,poor,COBYLA,31,800,token,ring,rotating,,232,True,25.53301177732108,18.90710040405701,0.13696858633485745,0.9951993485876343,1.0,1.6186919212341309
0001_dense_grid_503,dense_grid,4,6,poor,COBYLA,37,40,penalty_row_xy,,,5.0,40,False,22.323743014310246,20.294256733185378,0.03665125794060918,0.5289100292809914,0.5306168436533323,3.7173004150390625
0001_dense_grid_503,dense_grid,4,6,poor,COBYLA,37,40,token,ring,rotating,,40,False,25.161752749309827,19.15128625501463,0.06392287492148428,0.9976021509589647,1.0,0.2978551387786865
0001_dense_grid_503,dense_grid,4,6,poor,COBYLA,37,200,penalty_row_xy,,,5.0,198,True,22.323743014310246,20.068818265892162,0.0486091036178053,0.4631060069108107,0.4725533924293866,17.667802333831787
0001_dense_grid_503,dense_grid,4,6,poor,COBYLA,37,200,token,ring,rotating,,114,True,25.161752749309827,18.90725452111693,0.1366804391427004,0.9951485920178317,1.0,0.8013980388641357
0001_dense_grid_503,dense_grid,4,6,poor,COBYLA,37,800,penalty_row_xy,,,5.0,198,True,22.323743014310246,20.068818265892162,0.0486091036178053,0.4631060069108107,0.4725533924293866,17.58752465248108
0001_dense_grid_503,dense_grid,4,6,poor,COBYLA,37,800,token,ring,rotating,,114,True,25.161752749309827,18.90725452111693,0.1366804391427004,0.9951485920178317,1.0,0.8331031799316406
0001_dense_grid_503,dense_grid,4,6,poor,COBYLA,41,40,penalty_row_xy,,,5.0,40,False,22.442109318198167,20.85793384868589,0.028236553462896323,0.3967081807176902,0.39851812082431703,3.531367063522339
0001_dense_grid_503,dense_grid,4,6,poor,COBYLA,41,40,token,ring,rotating,,40,False,24.80992925365304,19.20238243435953,0.050544850893277656,0.9942097174334144,1.0,0.2990567684173584
0001_dense_grid_503,dense_grid,4,6,poor,COBYLA,41,200,penalty_row_xy,,,5.0,119,True,22.442109318198167,20.283809322021686,0.03152976431512428,0.4927461705744841,0.49457561305986314,11.3060884475708
0001_dense_grid_503,dense_grid,4,6,poor,COBYLA,41,200,token,ring,rotating,,132,True,24.80992925365304,18.907122584326803,0.1369828882554284,0.9951666946942058,1.0,0.9630270004272461
0001_dense_grid_503,dense_grid,4,6,poor,COBYLA,41,800,penalty_row_xy,,,5.0,119,True,22.442109318198167,20.283809322021686,0.03152976431512428,0.4927461705744841,0.49457561305986314,10.839512825012207
0001_dense_grid_503,dense_grid,4,6,poor,COBYLA,41,800,token,ring,rotating,,132,True,24.80992925365304,18.907122584326803,0.1369828882554284,0.9951666946942058,1.0,0.9300587177276611
0001_dense_grid_503,dense_grid,4,6,poor,COBYLA,43,40,penalty_row_xy,,,5.0,40,False,22.460406838275105,20.585288306360848,0.02539925542536608,0.5049698410576762,0.5089035652571057,3.595337390899658
0001_dense_grid_503,dense_grid,4,6,poor,COBYLA,43,40,token,ring,rotating,,40,False,24.536331172521823,19.120632747044272,0.0858334603457362,0.9949483340782621,1.0,0.30817246437072754
0001_dense_grid_503,dense_grid,4,6,poor,COBYLA,43,200,penalty_row_xy,,,5.0,161,True,22.460406838275105,20.070345145832377,0.048120507966682,0.46144849079942263,0.4714281908490269,14.709656238555908
0001_dense_grid_503,dense_grid,4,6,poor,COBYLA,43,200,token,ring,rotating,,200,False,24.536331172521823,18.83028986753279,0.09864268746084467,0.9972038298120666,1.0,1.4219164848327637
0001_dense_grid_503,dense_grid,4,6,poor,COBYLA,43,800,penalty_row_xy,,,5.0,161,True,22.460406838275105,20.070345145832377,0.048120507966682,0.46144849079942263,0.4714281908490269,14.152426719665527
0001_dense_grid_503,dense_grid,4,6,poor,COBYLA,43,800,token,ring,rotating,,296,True,24.536331172521823,18.82818683868741,0.09876614355715202,0.9971581925207723,1.0,2.0992074012756348
0001_dense_grid_503,dense_grid,4,6,poor,Nelder-Mead,11,40,penalty_row_xy,,,5.0,40,False,22.611456105297037,22.18394005832338,0.013239157068862067,0.29708536940848107,0.3006970078009634,3.881082773208618
0001_dense_grid_503,dense_grid,4,6,poor,Nelder-Mead,11,40,token,ring,rotating,,40,False,25.11097879266623,22.82389590094392,0.0035268395426686,0.8072808174109993,1.0,0.3493187427520752
0001_dense_grid_503,dense_grid,4,6,poor,Nelder-Mead,11,200,penalty_row_xy,,,5.0,200,False,22.611456105297037,21.859732976181427,0.027996190916525693,0.31065710313544354,0.3150872829406569,18.723395824432373
0001_dense_grid_503,dense_grid,4,6,poor,Nelder-Mead,11,200,token,ring,rotating,,200,False,25.11097879266623,20.38772725971633,0.005766007798896155,0.9458731970923652,1.0,1.657198190689087
0001_dense_grid_503,dense_grid,4,6,poor,Nelder-Mead,11,800,penalty_row_xy,,,5.0,297,True,22.611456105297037,21.85949001797111,0.027980120507892295,0.3108738849668603,0.3153150600152415,27.214542388916016
0001_dense_grid_503,dense_grid,4,6,poor,Nelder-Mead,11,800,token,ring,rotating,,800,False,25.11097879266623,19.73104046837145,0.020576861596952725,0.9828209484918405,1.0,5.851443767547607
0001_dense_grid_503,dense_grid,4,6,poor,Nelder-Mead,17,40,penalty_row_xy,,,5.0,40,False,22.542444772899515,22.073180333981767,0.013240177353987598,0.3096282112191793,0.31074625019732827,3.5209171772003174
0001_dense_grid_503,dense_grid,4,6,poor,Nelder-Mead,17,40,token,ring,rotating,,40,False,24.869110961778294,21.946244545001726,0.0027540177046863935,0.8415203381179387,1.0,0.32103872299194336
0001_dense_grid_503,dense_grid,4,6,poor,Nelder-Mead,17,200,penalty_row_xy,,,5.0,200,False,22.542444772899515,21.090728693799296,0.03825762604368054,0.36887070539522615,0.3702211214851948,19.077932119369507
0001_dense_grid_503,dense_grid,4,6,poor,Nelder-Mead,17,200,token,ring,rotating,,200,False,24.869110961778294,20.279795738261637,0.011941637114325143,0.9223860553700416,1.0,1.529839038848877
0001_dense_grid_503,dense_grid,4,6,poor,Nelder-Mead,17,800,penalty_row_xy,,,5.0,612,True,22.542444772899515,20.49040127863274,0.03320931512683535,0.4343712085076812,0.43719085017359915,56.44937038421631
0001_dense_grid_503,dense_grid,4,6,poor,Nelder-Mead,17,800,token,ring,rotating,,623,True,24.869110961778294,19.710514674139556,0.020095327462279943,0.9791797391146242,1.0,4.410121440887451
0001_dense_grid_503,dense_grid,4,6,poor,Nelder-Mead,23,40,penalty_row_xy,,,5.0,40,False,22.675384364604266,21.447872138440104,0.014293075196328173,0.34771382168183784,0.3480061292261283,4.069933652877808
0001_dense_grid_503,dense_grid,4,6,poor,Nelder-Mead,23,40,token,ring,rotating,,40,False,25.700329959419523,22.988865868669887,0.0014397695885470943,0.7808207665147884,1.0,0.30274438858032227
0001_dense_grid_503,dense_grid,4,6,poor,Nelder-Mead,23,200,penalty_row_xy,,,5.0,200,False,22.675384364604266,20.735319944288282,0.018334174186109393,0.43167231244140736,0.44106500685670746,18.686808347702026
0001_dense_grid_503,dense_grid,4,6,poor,Nelder-Mead,23,200,token,ring,rotating,,200,False,25.700329959419523,20.09871898476526,0.02212896875416288,0.9267764321676917,1.0,1.4615027904510498
0001_dense_grid_503,dense_grid,4,6,poor,Nelder-Mead,23,800,penalty_row_xy,,,5.0,325,True,22.675384364604266,20.732655394589177,0.01879691647372099,0.42927716339906186,0.43821542146109776,29.7915256023407
0001_dense_grid_503,dense_grid,4,6,poor,Nelder-Mead,23,800,token,ring,rotating,,800,False,25.700329959419523,18.70494604024326,0.1779357115653312,0.9997311934452494,1.0,5.913352966308594
0001_dense_grid_503,dense_grid,4,6,poor,Nelder-Mead,29,40,penalty_row_xy,,,5.0,40,False,22.46462349417419,22.107309735378024,0.015582568647138448,0.30784387365764687,0.3120596599674108,4.097879409790039
0001_dense_grid_503,dense_grid,4,6,poor,Nelder-Mead,29,40,token,ring,rotating,,40,False,25.32876995034058,22.50663944065021,0.0035528241015930126,0.7865162893255646,1.0,0.3716850280761719
0001_dense_grid_503,dense_grid,4,6,poor,Nelder-Mead,29,200,penalty_row_xy,,,5.0,200,False,22.46462349417419,21.865238260745773,0.028158534640203903,0.31179110762457735,0.31602464939377517,17.84202527999878
0001_dense_grid_503,dense_grid,4,6,poor,Nelder-Mead,29,200,token,ring,rotating,,200,False,25.32876995034058,19.656516911651426,0.11115451741503163,0.9997312254121165,1.0,1.5309853553771973
0001_dense_grid_503,dense_grid,4,6,poor,Nelder-Mead,29,800,penalty_row_xy,,,5.0,319,True,22.46462349417419,21.859490080445628,0.027976993363690833,0.31088234965412853,0.3153232585568092,29.983025312423706
0001_dense_grid_503,dense_grid,4,6,poor,Nelder-Mead,29,800,token,ring,rotating,,628,True,25.32876995034058,18.5939911099614,0.23251111254824122,0.9997326525563699,1.0,5.159191846847534
0001_dense_grid_503,dense_grid,4,6,poor,Nelder-Mead,31,40,penalty_row_xy,,,5.0,40,False,22.41052913156127,22.11168388879196,0.01837265931059776,0.30365899938842716,0.3079652774105005,3.955096960067749
0001_dense_grid_503,dense_grid,4,6,poor,Nelder-Mead,31,40,token,ring,rotating,,40,False,25.53301177732108,22.371201527808864,0.003243722533163128,0.7921481420228573,1.0,0.31894683837890625
0001_dense_grid_503,dense_grid,4,6,poor,Nelder-Mead,31,200,penalty_row_xy,,,5.0,200,False,22.41052913156127,22.03788978125708,0.020359049690463305,0.3068951190013624,0.31114911697610365,18.160772800445557
0001_dense_grid_503,dense_grid,4,6,poor,Nelder-Mead,31,200,token,ring,rotating,,200,False,25.53301177732108,20.214271028225046,0.012134889203879047,0.9365775295059668,1.0,1.5325541496276855
0001_dense_grid_503,dense_grid,4,6,poor,Nelder-Mead,31,800,penalty_row_xy,,,5.0,622,True,22.41052913156127,21.85948999698691,0.02797972344778069,0.3108797439586392,0.3153213541554783,64.09143781661987
0001_dense_grid_503,dense_grid,4,6,poor,Nelder-Mead,31,800,token,ring,rotating,,800,False,25.53301177732108,18.60967176400881,0.2136127570705548,0.9998893900801046,1.0,6.565578460693359
0001_dense_grid_503,dense_grid,4,6,poor,Nelder-Mead,37,40,penalty_row_xy,,,5.0,40,False,22.323743014310246,22.09121943569019,0.016280451161285882,0.3026640574886209,0.30686665921801287,3.758840560913086
0001_dense_grid_503,dense_grid,4,6,poor,Nelder-Mead,37,40,token,ring,rotating,,40,False,25.161752749309827,22.395394201327612,0.003985210400903427,0.7669528999915076,1.0,0.31163573265075684
0001_dense_grid_503,dense_grid,4,6,poor,Nelder-Mead,37,200,penalty_row_xy,,,5.0,200,False,22.323743014310246,22.020344602635237,0.02367294612259703,0.3070648698952965,0.31143699980844364,18.954934120178223
0001_dense_grid_503,dense_grid,4,6,poor,Nelder-Mead,37,200,token,ring,rotating,,200,False,25.161752749309827,19.095081456078407,0.06552101742568212,0.9973816166808445,1.0,1.4215424060821533
0001_dense_grid_503,dense_grid,4,6,poor,Nelder-Mead,37,800,penalty_row_xy,,,5.0,470,True,22.323743014310246,21.85626629091291,0.023414835263839508,0.2918467827561828,0.2949487368843462,51.14513421058655
0001_dense_grid_503,dense_grid,4,6,poor,Nelder-Mead,37,800,token,ring,rotating,,665,True,25.161752749309827,18.644039768642706,0.1699503010219982,0.9999531248149054,1.0,5.013407230377197
0001_dense_grid_503,dense_grid,4,6,poor,Nelder-Mead,41,40,penalty_row_xy,,,5.0,40,False,22.442109318198167,22.081722055878863,0.019404083549994074,0.29239418939443107,0.2959297944342327,3.9285495281219482
0001_dense_grid_503,dense_grid,4,6,poor,Nelder-Mead,41,40,token,ring,rotating,,40,False,24.80992925365304,22.346260272579784,0.004344225228934314,0.7866644099823764,1.0,0.30549144744873047
0001_dense_grid_503,dense_grid,4,6,poor,Nelder-Mead,41,200,penalty_row_xy,,,5.0,200,False,22.442109318198167,21.655720529772296,0.02327192919151702,0.3125291626290111,0.31455064936795224,18.454463720321655
0001_dense_grid_503,dense_grid,4,6,poor,Nelder-Mead,41,200,token,ring,rotating,,200,False,24.80992925365304,18.97160887487763,0.12112210824492727,0.9985037967483156,1.0,1.5778357982635498
0001_dense_grid_503,dense_grid,4,6,poor,Nelder-Mead,41,800,penalty_row_xy,,,5.0,278,True,22.442109318198167,21.655516449629584,0.0232821816523038,0.31258198000714565,0.3145852787335889,32.99705743789673
0001_dense_grid_503,dense_grid,4,6,poor,Nelder-Mead,41,800,token,ring,rotating,,746,True,24.80992925365304,18.795661514919523,0.15299750603473117,0.9986333287869154,1.0,5.613297462463379
0001_dense_grid_503,dense_grid,4,6,poor,Nelder-Mead,43,40,penalty_row_xy,,,5.0,40,False,22.460406838275105,22.10417952319042,0.019768299999414103,0.28741646772866863,0.2909509347826278,3.8483285903930664
0001_dense_grid_503,dense_grid,4,6,poor,Nelder-Mead,43,40,token,ring,rotating,,40,False,24.536331172521823,22.16484891829393,0.0034912685431644106,0.8459882982420451,1.0,0.27240753173828125
0001_dense_grid_503,dense_grid,4,6,poor,Nelder-Mead,43,200,penalty_row_xy,,,5.0,200,False,22.460406838275105,21.65557399046443,0.023294357810368926,0.3125969221465596,0.3146053008094676,19.051288843154907
0001_dense_grid_503,dense_grid,4,6,poor,Nelder-Mead,43,200,token,ring,rotating,,200,False,24.536331172521823,19.968939254895172,0.03074228253035637,0.8914043855619641,1.0,1.4303231239318848
0001_dense_grid_503,dense_grid,4,6,poor,Nelder-Mead,43,800,penalty_row_xy,,,5.0,252,True,22.460406838275105,21.6555168007636,0.023279923984687645,0.3125999429113031,0.3146027002446351,28.524450540542603
0001_dense_grid_503,dense_grid,4,6,poor,Nelder-Mead,43,800,token,ring,rotating,,583,True,24.536331172521823,19.931607369618423,0.044070241218144304,0.9072307862611894,1.0,4.577228784561157
0002_sparse_grid_line_504,sparse_grid_line,3,6,deterministic,COBYLA,11,40,penalty_row_xy,,,5.0,40,False,14.26535270370752,13.090053963387119,0.09275657773991872,0.18647791599441696,0.6253824276813391,0.42273497581481934
0002_sparse_grid_line_504,sparse_grid_line,3,6,deterministic,COBYLA,11,40,token,line,empty_prioritized,,40,False,12.765215037235789,11.450000000000001,0.28155175365829205,0.5775617884312093,1.0,0.2537269592285156
0002_sparse_grid_line_504,sparse_grid_line,3,6,deterministic,COBYLA,11,200,penalty_row_xy,,,5.0,84,True,14.26535270370752,12.874270071047677,0.10650039789578214,0.194435844229536,0.655803594408845,0.9564821720123291
0002_sparse_grid_line_504,sparse_grid_line,3,6,deterministic,COBYLA,11,200,token,line,empty_prioritized,,51,True,12.765215037235789,11.45,0.2812477844870129,0.5776164416896291,1.0,0.29657506942749023
0002_sparse_grid_line_504,sparse_grid_line,3,6,deterministic,COBYLA,11,800,penalty_row_xy,,,5.0,84,True,14.26535270370752,12.874270071047677,0.10650039789578214,0.194435844229536,0.655803594408845,0.8862547874450684
0002_sparse_grid_line_504,sparse_grid_line,3,6,deterministic,COBYLA,11,800,token,line,empty_prioritized,,51,True,12.765215037235789,11.45,0.2812477844870129,0.5776164416896291,1.0,0.3078460693359375
0002_sparse_grid_line_504,sparse_grid_line,3,6,deterministic,COBYLA,17,40,penalty_row_xy,,,5.0,39,True,13.915459421161287,11.45,0.2670688902247541,0.2766760957429985,0.684018860077942,0.4524881839752197
0002_sparse_grid_line_504,sparse_grid_line,3,6,deterministic,COBYLA,17,40,token,line,empty_prioritized,,40,False,12.7607693189559,11.45,0.29664922013498257,0.5752151459844058,1.0,0.26020026206970215
0002_sparse_grid_line_504,sparse_grid_line,3,6,deterministic,COBYLA,17,200,penalty_row_xy,,,5.0,39,True,13.915459421161287,11.45,0.2670688902247541,0.2766760957429985,0.684018860077942,0.40191006660461426
0002_sparse_grid_line_504,sparse_grid_line,3,6,deterministic,COBYLA,17,200,token,line,empty_prioritized,,49,True,12.7607693189559,11.45,0.2963658915009793,0.5743315049031701,1.0,0.32415151596069336
0002_sparse_grid_line_504,sparse_grid_line,3,6,deterministic,COBYLA,17,800,penalty_row_xy,,,5.0,39,True,13.915459421161287,11.45,0.2670688902247541,0.2766760957429985,0.684018860077942,0.44084715843200684
0002_sparse_grid_line_504,sparse_grid_line,3,6,deterministic,COBYLA,17,800,token,line,empty_prioritized,,49,True,12.7607693189559,11.45,0.2963658915009793,0.5743315049031701,1.0,0.3207366466522217
0002_sparse_grid_line_504,sparse_grid_line,3,6,deterministic,COBYLA,23,40,penalty_row_xy,,,5.0,40,False,14.145042685879472,11.45,0.29924401837936326,0.308375750928696,0.7211686322770181,0.4112379550933838
0002_sparse_grid_line_504,sparse_grid_line,3,6,deterministic,COBYLA,23,40,token,line,empty_prioritized,,40,False,12.86779337897442,11.450000000000001,0.2830045519419792,0.5527973836791562,1.0,0.23460865020751953
0002_sparse_grid_line_504,sparse_grid_line,3,6,deterministic,COBYLA,23,200,penalty_row_xy,,,5.0,41,True,14.145042685879472,11.45,0.3011041303293774,0.31021587931644845,0.7236566655808744,0.4154651165008545
0002_sparse_grid_line_504,sparse_grid_line,3,6,deterministic,COBYLA,23,200,token,line,empty_prioritized,,48,True,12.86779337897442,11.45,0.28319781488705836,0.5525311189760176,1.0,0.2893805503845215
0002_sparse_grid_line_504,sparse_grid_line,3,6,deterministic,COBYLA,23,800,penalty_row_xy,,,5.0,41,True,14.145042685879472,11.45,0.3011041303293774,0.31021587931644845,0.7236566655808744,0.5084240436553955
0002_sparse_grid_line_504,sparse_grid_line,3,6,deterministic,COBYLA,23,800,token,line,empty_prioritized,,48,True,12.86779337897442,11.45,0.28319781488705836,0.5525311189760176,1.0,0.27800464630126953
0002_sparse_grid_line_504,sparse_grid_line,3,6,deterministic,COBYLA,29,40,penalty_row_xy,,,5.0,40,False,14.105837359461708,11.449999999999998,0.32061178740706886,0.33217260932408726,0.7667368526185605,0.45691347122192383
0002_sparse_grid_line_504,sparse_grid_line,3,6,deterministic,COBYLA,29,40,token,line,empty_prioritized,,40,False,12.864736182986416,11.45,0.2830721575739139,0.5421250380413043,1.0,0.23682856559753418
0002_sparse_grid_line_504,sparse_grid_line,3,6,deterministic,COBYLA,29,200,penalty_row_xy,,,5.0,41,True,14.105837359461708,11.450000000000001,0.3209474356406346,0.33251318963833787,0.7667113811381995,0.4252288341522217
0002_sparse_grid_line_504,sparse_grid_line,3,6,deterministic,COBYLA,29,200,token,line,empty_prioritized,,45,True,12.864736182986416,11.45,0.2830721575739139,0.5421250380413043,1.0,0.24927258491516113
0002_sparse_grid_line_504,sparse_grid_line,3,6,deterministic,COBYLA,29,800,penalty_row_xy,,,5.0,41,True,14.105837359461708,11.450000000000001,0.3209474356406346,0.33251318963833787,0.7667113811381995,0.4500999450683594
0002_sparse_grid_line_504,sparse_grid_line,3,6,deterministic,COBYLA,29,800,token,line,empty_prioritized,,45,True,12.864736182986416,11.45,0.2830721575739139,0.5421250380413043,1.0,0.31109070777893066
0002_sparse_grid_line_504,sparse_grid_line,3,6,deterministic,COBYLA,31,40,penalty_row_xy,,,5.0,40,False,14.148143885077662,11.45,0.3334268671968762,0.34532628040506275,0.7705634941129607,0.49747633934020996
0002_sparse_grid_line_504,sparse_grid_line,3,6,deterministic,COBYLA,31,40,token,line,empty_prioritized,,40,False,12.799857709877562,11.45,0.2787346896979223,0.512327479888223,1.0,0.262404203414917
0002_sparse_grid_line_504,sparse_grid_line,3,6,deterministic,COBYLA,31,200,penalty_row_xy,,,5.0,42,True,14.148143885077662,11.45,0.3332486214981135,0.34516867209968466,0.7696893481280853,0.4226517677307129
0002_sparse_grid_line_504,sparse_grid_line,3,6,deterministic,COBYLA,31,200,token,line,empty_prioritized,,50,True,12.799857709877562,11.45,0.2786778422172085,0.5125002997051014,1.0,0.31321144104003906
0002_sparse_grid_line_504,sparse_grid_line,3,6,deterministic,COBYLA,31,800,penalty_row_xy,,,5.0,42,True,14.148143885077662,11.45,0.3332486214981135,0.34516867209968466,0.7696893481280853,0.49077701568603516
0002_sparse_grid_line_504,sparse_grid_line,3,6,deterministic,COBYLA,31,800,token,line,empty_prioritized,,50,True,12.799857709877562,11.45,0.2786778422172085,0.5125002997051014,1.0,0.3251168727874756
0002_sparse_grid_line_504,sparse_grid_line,3,6,deterministic,COBYLA,37,40,penalty_row_xy,,,5.0,40,False,14.053625331644986,11.45,0.2901899170184833,0.3005280420753065,0.7176175773082385,0.4350883960723877
0002_sparse_grid_line_504,sparse_grid_line,3,6,deterministic,COBYLA,37,40,token,line,empty_prioritized,,40,False,12.92804099309929,11.45,0.259396277820071,0.5676324976920226,1.0,0.2462005615234375
0002_sparse_grid_line_504,sparse_grid_line,3,6,deterministic,COBYLA,37,200,penalty_row_xy,,,5.0,43,True,14.053625331644986,11.45,0.2916813441809456,0.30202857490470136,0.7185435470122493,0.5204870700836182
0002_sparse_grid_line_504,sparse_grid_line,3,6,deterministic,COBYLA,37,200,token,line,empty_prioritized,,47,True,12.92804099309929,11.449999999999998,0.2594356417522729,0.5668814097404684,1.0,0.289139986038208
0002_sparse_grid_line_504,sparse_grid_line,3,6,deterministic,COBYLA,37,800,penalty_row_xy,,,5.0,43,True,14.053625331644986,11.45,0.2916813441809456,0.30202857490470136,0.7185435470122493,0.44112563133239746
0002_sparse_grid_line_504,sparse_grid_line,3,6,deterministic,COBYLA,37,800,token,line,empty_prioritized,,47,True,12.92804099309929,11.449999999999998,0.2594356417522729,0.5668814097404684,1.0,0.30899691581726074
0002_sparse_grid_line_504,sparse_grid_line,3,6,deterministic,COBYLA,41,40,penalty_row_xy,,,5.0,40,False,14.23395610953766,12.968654808555186,0.1147074901406861,0.18617880139523305,0.5717309075162917,0.5009682178497314
0002_sparse_grid_line_504,sparse_grid_line,3,6,deterministic,COBYLA,41,40,token,line,empty_prioritized,,40,False,12.79055028910922,11.45,0.26947054933037945,0.5818054551707649,1.0,0.2556910514831543
0002_sparse_grid_line_504,sparse_grid_line,3,6,deterministic,COBYLA,41,200,penalty_row_xy,,,5.0,94,True,14.23395610953766,12.91903805224195,0.11788033451930421,0.1908280492611455,0.5564566808061036,1.1330757141113281
0002_sparse_grid_line_504,sparse_grid_line,3,6,deterministic,COBYLA,41,200,token,line,empty_prioritized,,47,True,12.79055028910922,11.45,0.26947054933037945,0.5818054551707649,1.0,0.2707481384277344
0002_sparse_grid_line_504,sparse_grid_line,3,6,deterministic,COBYLA,41,800,penalty_row_xy,,,5.0,94,True,14.23395610953766,12.91903805224195,0.11788033451930421,0.1908280492611455,0.5564566808061036,1.1572644710540771
0002_sparse_grid_line_504,sparse_grid_line,3,6,deterministic,COBYLA,41,800,token,line,empty_prioritized,,47,True,12.79055028910922,11.45,0.26947054933037945,0.5818054551707649,1.0,0.31180286407470703
0002_sparse_grid_line_504,sparse_grid_line,3,6,deterministic,COBYLA,43,40,penalty_row_xy,,,5.0,38,True,13.964828152954482,11.45,0.3577853927518308,0.36571468991578737,0.7522457260865602,0.4017205238342285
0002_sparse_grid_line_504,sparse_grid_line,3,6,deterministic,COBYLA,43,40,token,line,empty_prioritized,,40,False,12.705992704829281,11.45,0.2522144217139286,0.5695750195252604,1.0,0.2481858730316162
0002_sparse_grid_line_504,sparse_grid_line,3,6,deterministic,COBYLA,43,200,penalty_row_xy,,,5.0,38,True,13.964828152954482,11.45,0.3577853927518308,0.36571468991578737,0.7522457260865602,0.4763975143432617
0002_sparse_grid_line_504,sparse_grid_line,3,6,deterministic,COBYLA,43,200,token,line,empty_prioritized,,53,True,12.705992704829281,11.45,0.2522121435391848,0.5700652398387351,1.0,0.34926438331604004
0002_sparse_grid_line_504,sparse_grid_line,3,6,deterministic,COBYLA,43,800,penalty_row_xy,,,5.0,38,True,13.964828152954482,11.45,0.3577853927518308,0.36571468991578737,0.7522457260865602,0.42589497566223145
0002_sparse_grid_line_504,sparse_grid_line,3,6,deterministic,COBYLA,43,800,token,line,empty_prioritized,,53,True,12.705992704829281,11.45,0.2522121435391848,0.5700652398387351,1.0,0.31627941131591797
0002_sparse_grid_line_504,sparse_grid_line,3,6,deterministic,Nelder-Mead,11,40,penalty_row_xy,,,5.0,40,False,14.26535270370752,12.787417797822188,0.1492451333151691,0.18013648150381165,0.5766055845139513,0.4768667221069336
0002_sparse_grid_line_504,sparse_grid_line,3,6,deterministic,Nelder-Mead,11,40,token,line,empty_prioritized,,40,False,12.765215037235789,11.450000000000001,0.2549990615455873,0.5431576809726798,1.0,0.3054988384246826
0002_sparse_grid_line_504,sparse_grid_line,3,6,deterministic,Nelder-Mead,11,200,penalty_row_xy,,,5.0,184,True,14.26535270370752,11.45,0.2863519501828354,0.30274558355512526,0.7074117445850931,2.1080167293548584
0002_sparse_grid_line_504,sparse_grid_line,3,6,deterministic,Nelder-Mead,11,200,token,line,empty_prioritized,,134,True,12.765215037235789,11.45,0.2549990615455873,0.5431576809726798,1.0,0.906782865524292
0002_sparse_grid_line_504,sparse_grid_line,3,6,deterministic,Nelder-Mead,11,800,penalty_row_xy,,,5.0,184,True,14.26535270370752,11.45,0.2863519501828354,0.30274558355512526,0.7074117445850931,2.111231803894043
0002_sparse_grid_line_504,sparse_grid_line,3,6,deterministic,Nelder-Mead,11,800,token,line,empty_prioritized,,134,True,12.765215037235789,11.45,0.2549990615455873,0.5431576809726798,1.0,0.8454728126525879
0002_sparse_grid_line_504,sparse_grid_line,3,6,deterministic,Nelder-Mead,17,40,penalty_row_xy,,,5.0,40,False,13.915459421161287,12.858393607975763,0.18964350756426668,0.1995649786427895,0.6577887772677626,0.45331883430480957
0002_sparse_grid_line_504,sparse_grid_line,3,6,deterministic,Nelder-Mead,17,40,token,line,empty_prioritized,,40,False,12.7607693189559,11.449999999999998,0.25563146686083793,0.567061308516642,1.0,0.2672698497772217
0002_sparse_grid_line_504,sparse_grid_line,3,6,deterministic,Nelder-Mead,17,200,penalty_row_xy,,,5.0,143,True,13.915459421161287,11.449999999999998,0.25096830928574887,0.27168450835341146,0.631548325596625,1.6876637935638428
0002_sparse_grid_line_504,sparse_grid_line,3,6,deterministic,Nelder-Mead,17,200,token,line,empty_prioritized,,134,True,12.7607693189559,11.450000000000003,0.2525104412153693,0.5727505515301283,1.0,0.8371243476867676
0002_sparse_grid_line_504,sparse_grid_line,3,6,deterministic,Nelder-Mead,17,800,penalty_row_xy,,,5.0,143,True,13.915459421161287,11.449999999999998,0.25096830928574887,0.27168450835341146,0.631548325596625,1.6660974025726318
0002_sparse_grid_line_504,sparse_grid_line,3,6,deterministic,Nelder-Mead,17,800,token,line,empty_prioritized,,134,True,12.7607693189559,11.450000000000003,0.2525104412153693,0.5727505515301283,1.0,0.8486471176147461
0002_sparse_grid_line_504,sparse_grid_line,3,6,deterministic,Nelder-Mead,23,40,penalty_row_xy,,,5.0,40,False,14.145042685879472,11.45,0.31549392928226394,0.32564809574227654,0.7344397006314772,1.0918405055999756
0002_sparse_grid_line_504,sparse_grid_line,3,6,deterministic,Nelder-Mead,23,40,token,line,empty_prioritized,,40,False,12.86779337897442,11.645093498105128,0.2321954437287904,0.5077298227310989,1.0,0.2776196002960205
0002_sparse_grid_line_504,sparse_grid_line,3,6,deterministic,Nelder-Mead,23,200,penalty_row_xy,,,5.0,118,True,14.145042685879472,11.45,0.3161750780969288,0.324551779294687,0.7374589985741032,2.002755880355835
0002_sparse_grid_line_504,sparse_grid_line,3,6,deterministic,Nelder-Mead,23,200,token,line,empty_prioritized,,200,False,12.86779337897442,11.449999999999994,0.25512980171797284,0.5904352301347041,1.0,1.3155581951141357
0002_sparse_grid_line_504,sparse_grid_line,3,6,deterministic,Nelder-Mead,23,800,penalty_row_xy,,,5.0,118,True,14.145042685879472,11.45,0.3161750780969288,0.324551779294687,0.7374589985741032,2.3110382556915283
0002_sparse_grid_line_504,sparse_grid_line,3,6,deterministic,Nelder-Mead,23,800,token,line,empty_prioritized,,202,True,12.86779337897442,11.449999999999996,0.25512980171797284,0.5904352301347041,1.0,1.9487056732177734
0002_sparse_grid_line_504,sparse_grid_line,3,6,deterministic,Nelder-Mead,29,40,penalty_row_xy,,,5.0,40,False,14.105837359461708,12.38478148099029,0.2186627456917413,0.23945357505474724,0.6419573191742154,0.6951735019683838
0002_sparse_grid_line_504,sparse_grid_line,3,6,deterministic,Nelder-Mead,29,40,token,line,empty_prioritized,,40,False,12.864736182986416,11.488721589175102,0.24331511778986373,0.5287503502564135,1.0,0.2458782196044922
0002_sparse_grid_line_504,sparse_grid_line,3,6,deterministic,Nelder-Mead,29,200,penalty_row_xy,,,5.0,150,True,14.105837359461708,11.449999999999998,0.26337164394300006,0.27969568550005036,0.6855429692925783,3.2605762481689453
0002_sparse_grid_line_504,sparse_grid_line,3,6,deterministic,Nelder-Mead,29,200,token,line,empty_prioritized,,156,True,12.864736182986416,11.45,0.25347517095916217,0.5539733716167783,1.0,1.0272018909454346
0002_sparse_grid_line_504,sparse_grid_line,3,6,deterministic,Nelder-Mead,29,800,penalty_row_xy,,,5.0,150,True,14.105837359461708,11.449999999999998,0.26337164394300006,0.27969568550005036,0.6855429692925783,3.149984836578369
0002_sparse_grid_line_504,sparse_grid_line,3,6,deterministic,Nelder-Mead,29,800,token,line,empty_prioritized,,156,True,12.864736182986416,11.45,0.25347517095916217,0.5539733716167783,1.0,1.0787174701690674
0002_sparse_grid_line_504,sparse_grid_line,3,6,deterministic,Nelder-Mead,31,40,penalty_row_xy,,,5.0,40,False,14.148143885077662,12.394362284094942,0.19985400865782205,0.20974017162121628,0.632177378548643,0.7561848163604736
0002_sparse_grid_line_504,sparse_grid_line,3,6,deterministic,Nelder-Mead,31,40,token,line,empty_prioritized,,40,False,12.799857709877562,11.449999999999998,0.25443450970147896,0.5458616859259368,1.0,0.5390360355377197
0002_sparse_grid_line_504,sparse_grid_line,3,6,deterministic,Nelder-Mead,31,200,penalty_row_xy,,,5.0,131,True,14.148143885077662,11.45,0.26264919698426453,0.28179222514859875,0.6610268326954076,2.036978006362915
0002_sparse_grid_line_504,sparse_grid_line,3,6,deterministic,Nelder-Mead,31,200,token,line,empty_prioritized,,127,True,12.799857709877562,11.449999999999992,0.25444653586952803,0.5462404890356202,1.0,1.217280626296997
0002_sparse_grid_line_504,sparse_grid_line,3,6,deterministic,Nelder-Mead,31,800,penalty_row_xy,,,5.0,131,True,14.148143885077662,11.45,0.26264919698426453,0.28179222514859875,0.6610268326954076,2.9169399738311768
0002_sparse_grid_line_504,sparse_grid_line,3,6,deterministic,Nelder-Mead,31,800,token,line,empty_prioritized,,127,True,12.799857709877562,11.449999999999992,0.25444653586952803,0.5462404890356202,1.0,1.4443113803863525
0002_sparse_grid_line_504,sparse_grid_line,3,6,deterministic,Nelder-Mead,37,40,penalty_row_xy,,,5.0,40,False,14.053625331644986,12.755434250199851,0.16451593714025578,0.17956204572827117,0.6574941674393958,0.9667394161224365
0002_sparse_grid_line_504,sparse_grid_line,3,6,deterministic,Nelder-Mead,37,40,token,line,empty_prioritized,,40,False,12.92804099309929,11.449999999999996,0.2574584842893785,0.5723980008402832,1.0,0.5539956092834473
0002_sparse_grid_line_504,sparse_grid_line,3,6,deterministic,Nelder-Mead,37,200,penalty_row_xy,,,5.0,162,True,14.053625331644986,11.45,0.26269877491184035,0.282362685456011,0.6764323847636713,3.3262417316436768
0002_sparse_grid_line_504,sparse_grid_line,3,6,deterministic,Nelder-Mead,37,200,token,line,empty_prioritized,,126,True,12.92804099309929,11.449999999999998,0.25815735361087006,0.5691031309757142,1.0,1.5071825981140137
0002_sparse_grid_line_504,sparse_grid_line,3,6,deterministic,Nelder-Mead,37,800,penalty_row_xy,,,5.0,162,True,14.053625331644986,11.45,0.26269877491184035,0.282362685456011,0.6764323847636713,1.714249610900879
0002_sparse_grid_line_504,sparse_grid_line,3,6,deterministic,Nelder-Mead,37,800,token,line,empty_prioritized,,126,True,12.92804099309929,11.449999999999998,0.25815735361087006,0.5691031309757142,1.0,1.7678987979888916
0002_sparse_grid_line_504,sparse_grid_line,3,6,deterministic,Nelder-Mead,41,40,penalty_row_xy,,,5.0,40,False,14.23395610953766,12.853570825069127,0.1341864248487555,0.16408429944558908,0.6546966789779957,0.43797945976257324
0002_sparse_grid_line_504,sparse_grid_line,3,6,deterministic,Nelder-Mead,41,40,token,line,empty_prioritized,,40,False,12.79055028910922,11.449999999999996,0.2507989957285847,0.5842762016023884,1.0,0.4978787899017334
0002_sparse_grid_line_504,sparse_grid_line,3,6,deterministic,Nelder-Mead,41,200,penalty_row_xy,,,5.0,181,True,14.23395610953766,11.449999999999998,0.27377623486603214,0.29247280755941263,0.6609169307798947,2.1799471378326416
0002_sparse_grid_line_504,sparse_grid_line,3,6,deterministic,Nelder-Mead,41,200,token,line,empty_prioritized,,129,True,12.79055028910922,11.449999999999998,0.2559312862453166,0.5808898069228797,1.0,1.6284921169281006
0002_sparse_grid_line_504,sparse_grid_line,3,6,deterministic,Nelder-Mead,41,800,penalty_row_xy,,,5.0,181,True,14.23395610953766,11.449999999999998,0.27377623486603214,0.29247280755941263,0.6609169307798947,2.1086151599884033
0002_sparse_grid_line_504,sparse_grid_line,3,6,deterministic,Nelder-Mead,41,800,token,line,empty_prioritized,,129,True,12.79055028910922,11.449999999999998,0.2559312862453166,0.5808898069228797,1.0,1.5151212215423584
0002_sparse_grid_line_504,sparse_grid_line,3,6,deterministic,Nelder-Mead,43,40,penalty_row_xy,,,5.0,40,False,13.964828152954482,13.01047061604322,0.15505060609460966,0.18178431800931244,0.5948515496541319,0.49524617195129395
0002_sparse_grid_line_504,sparse_grid_line,3,6,deterministic,Nelder-Mead,43,40,token,line,empty_prioritized,,40,False,12.705992704829281,11.450000000000008,0.2541621922478356,0.5335183104521657,1.0,0.5354187488555908
0002_sparse_grid_line_504,sparse_grid_line,3,6,deterministic,Nelder-Mead,43,200,penalty_row_xy,,,5.0,187,True,13.964828152954482,11.449999999999998,0.2736025955936754,0.28186973667873855,0.7389969879800031,2.064329147338867
0002_sparse_grid_line_504,sparse_grid_line,3,6,deterministic,Nelder-Mead,43,200,token,line,empty_prioritized,,128,True,12.705992704829281,11.450000000000001,0.25258703128012167,0.5389278460807444,1.0,0.9794681072235107
0002_sparse_grid_line_504,sparse_grid_line,3,6,deterministic,Nelder-Mead,43,800,penalty_row_xy,,,5.0,187,True,13.964828152954482,11.449999999999998,0.2736025955936754,0.28186973667873855,0.7389969879800031,2.1077582836151123
0002_sparse_grid_line_504,sparse_grid_line,3,6,deterministic,Nelder-Mead,43,800,token,line,empty_prioritized,,128,True,12.705992704829281,11.450000000000001,0.25258703128012167,0.5389278460807444,1.0,0.8424637317657471
0002_sparse_grid_line_504,sparse_grid_line,3,6,poor,COBYLA,11,40,penalty_row_xy,,,5.0,40,False,14.536291428976632,13.606475946522899,0.08470498893041796,0.5778079255900456,0.6011186074635896,0.5795247554779053
0002_sparse_grid_line_504,sparse_grid_line,3,6,poor,COBYLA,11,40,token,line,empty_prioritized,,40,False,28.363109424901968,12.429395264229655,0.14804918190270583,0.9999999989452092,1.0,0.4444267749786377
0002_sparse_grid_line_504,sparse_grid_line,3,6,poor,COBYLA,11,200,penalty_row_xy,,,5.0,104,True,14.536291428976632,13.400988880069608,0.10257214790302147,0.6008413234962504,0.6195094593602646,1.229233980178833
0002_sparse_grid_line_504,sparse_grid_line,3,6,poor,COBYLA,11,200,token,line,empty_prioritized,,77,True,28.363109424901968,12.427780314786629,0.1481478838763932,0.9999999999999407,1.0,0.46837902069091797
0002_sparse_grid_line_504,sparse_grid_line,3,6,poor,COBYLA,11,800,penalty_row_xy,,,5.0,104,True,14.536291428976632,13.400988880069608,0.10257214790302147,0.6008413234962504,0.6195094593602646,1.281332015991211
0002_sparse_grid_line_504,sparse_grid_line,3,6,poor,COBYLA,11,800,token,line,empty_prioritized,,77,True,28.363109424901968,12.427780314786629,0.1481478838763932,0.9999999999999407,1.0,0.5100758075714111
0002_sparse_grid_line_504,sparse_grid_line,3,6,poor,COBYLA,17,40,penalty_row_xy,,,5.0,40,False,14.944671575232682,13.967822675241571,0.07049243788346424,0.5721846371292871,0.5809994765305697,0.43743181228637695
0002_sparse_grid_line_504,sparse_grid_line,3,6,poor,COBYLA,17,40,token,line,empty_prioritized,,40,False,28.482626980097578,12.441044426906187,0.14797564009145703,0.9999999999983724,1.0,0.303342342376709
0002_sparse_grid_line_504,sparse_grid_line,3,6,poor,COBYLA,17,200,penalty_row_xy,,,5.0,75,True,14.944671575232682,13.897546704792838,0.07999993562029717,0.5471738117240414,0.5506563419285841,0.8884658813476562
0002_sparse_grid_line_504,sparse_grid_line,3,6,poor,COBYLA,17,200,token,line,empty_prioritized,,76,True,28.482626980097578,12.427781830538324,0.14814772598559106,0.9999999999999976,1.0,0.5262479782104492
0002_sparse_grid_line_504,sparse_grid_line,3,6,poor,COBYLA,17,800,penalty_row_xy,,,5.0,75,True,14.944671575232682,13.897546704792838,0.07999993562029717,0.5471738117240414,0.5506563419285841,0.868919849395752
0002_sparse_grid_line_504,sparse_grid_line,3,6,poor,COBYLA,17,800,token,line,empty_prioritized,,76,True,28.482626980097578,12.427781830538324,0.14814772598559106,0.9999999999999976,1.0,0.48473095893859863
0002_sparse_grid_line_504,sparse_grid_line,3,6,poor,COBYLA,23,40,penalty_row_xy,,,5.0,40,False,15.20066729770284,13.790900970495022,0.08012729691450947,0.6072286992039949,0.612301137309458,0.4221458435058594
0002_sparse_grid_line_504,sparse_grid_line,3,6,poor,COBYLA,23,40,token,line,empty_prioritized,,40,False,28.792315459704632,12.429505154144762,0.1479682131099206,0.9999999997300475,1.0,0.22831392288208008
0002_sparse_grid_line_504,sparse_grid_line,3,6,poor,COBYLA,23,200,penalty_row_xy,,,5.0,200,False,15.20066729770284,13.401986332455943,0.10284150589413416,0.6000189272805155,0.6190686198047347,2.119279146194458
0002_sparse_grid_line_504,sparse_grid_line,3,6,poor,COBYLA,23,200,token,line,empty_prioritized,,77,True,28.792315459704632,12.427778316987991,0.14814809198041728,0.9999999999999956,1.0,0.4769620895385742
0002_sparse_grid_line_504,sparse_grid_line,3,6,poor,COBYLA,23,800,penalty_row_xy,,,5.0,213,True,15.20066729770284,13.400739791007572,0.1026106193608429,0.600413408414146,0.6195964790648184,2.4265356063842773
0002_sparse_grid_line_504,sparse_grid_line,3,6,poor,COBYLA,23,800,token,line,empty_prioritized,,77,True,28.792315459704632,12.427778316987991,0.14814809198041728,0.9999999999999956,1.0,0.4976375102996826
0002_sparse_grid_line_504,sparse_grid_line,3,6,poor,COBYLA,29,40,penalty_row_xy,,,5.0,40,False,14.663485983255118,12.871778678892701,0.11051423951783038,0.6031859381558025,0.6097426536922788,0.4113757610321045
0002_sparse_grid_line_504,sparse_grid_line,3,6,poor,COBYLA,29,40,token,line,empty_prioritized,,40,False,28.582711589042923,12.141378037097898,0.19413309572483012,0.9989190697514444,1.0,0.27259182929992676
0002_sparse_grid_line_504,sparse_grid_line,3,6,poor,COBYLA,29,200,penalty_row_xy,,,5.0,68,True,14.663485983255118,12.798169683307945,0.1158206021502754,0.6071783289514121,0.6125361211964948,0.7759294509887695
0002_sparse_grid_line_504,sparse_grid_line,3,6,poor,COBYLA,29,200,token,line,empty_prioritized,,82,True,28.582711589042923,11.936784045492404,0.19929332859454135,0.9976249890600238,1.0,0.5018367767333984
0002_sparse_grid_line_504,sparse_grid_line,3,6,poor,COBYLA,29,800,penalty_row_xy,,,5.0,68,True,14.663485983255118,12.798169683307945,0.1158206021502754,0.6071783289514121,0.6125361211964948,0.7453904151916504
0002_sparse_grid_line_504,sparse_grid_line,3,6,poor,COBYLA,29,800,token,line,empty_prioritized,,82,True,28.582711589042923,11.936784045492404,0.19929332859454135,0.9976249890600238,1.0,0.5540416240692139
0002_sparse_grid_line_504,sparse_grid_line,3,6,poor,COBYLA,31,40,penalty_row_xy,,,5.0,40,False,14.545594138464839,13.430367261161516,0.10045766929675162,0.5996700090927467,0.6209994576599784,0.4213979244232178
0002_sparse_grid_line_504,sparse_grid_line,3,6,poor,COBYLA,31,40,token,line,empty_prioritized,,40,False,28.71243201189728,12.432703257280563,0.1476350773666084,0.9999995482064032,1.0,0.24205303192138672
0002_sparse_grid_line_504,sparse_grid_line,3,6,poor,COBYLA,31,200,penalty_row_xy,,,5.0,82,True,14.545594138464839,13.40071221193047,0.10257826312459965,0.6005209581763697,0.619523565853234,0.8874435424804688
0002_sparse_grid_line_504,sparse_grid_line,3,6,poor,COBYLA,31,200,token,line,empty_prioritized,,88,True,28.71243201189728,12.427782816471476,0.14814762328422137,0.9999999999999095,1.0,0.5693206787109375
0002_sparse_grid_line_504,sparse_grid_line,3,6,poor,COBYLA,31,800,penalty_row_xy,,,5.0,82,True,14.545594138464839,13.40071221193047,0.10257826312459965,0.6005209581763697,0.619523565853234,0.8870244026184082
0002_sparse_grid_line_504,sparse_grid_line,3,6,poor,COBYLA,31,800,token,line,empty_prioritized,,88,True,28.71243201189728,12.427782816471476,0.14814762328422137,0.9999999999999095,1.0,0.5368266105651855
0002_sparse_grid_line_504,sparse_grid_line,3,6,poor,COBYLA,37,40,penalty_row_xy,,,5.0,40,False,14.641979223979252,12.824999116727696,0.11275574021602003,0.6032879060024532,0.6090244737698411,0.44386982917785645
0002_sparse_grid_line_504,sparse_grid_line,3,6,poor,COBYLA,37,40,token,line,empty_prioritized,,40,False,28.541320255245513,11.95008877897347,0.1979074188569299,0.9979972770350773,1.0,0.27559447288513184
0002_sparse_grid_line_504,sparse_grid_line,3,6,poor,COBYLA,37,200,penalty_row_xy,,,5.0,62,True,14.641979223979252,12.80009641304479,0.11590591777475384,0.6053620584015561,0.6105689008849672,0.6866023540496826
0002_sparse_grid_line_504,sparse_grid_line,3,6,poor,COBYLA,37,200,token,line,empty_prioritized,,92,True,28.541320255245513,11.936786078016649,0.19929311687326556,0.9976374106458482,1.0,0.5764050483703613
0002_sparse_grid_line_504,sparse_grid_line,3,6,poor,COBYLA,37,800,penalty_row_xy,,,5.0,62,True,14.641979223979252,12.80009641304479,0.11590591777475384,0.6053620584015561,0.6105689008849672,0.6416511535644531
0002_sparse_grid_line_504,sparse_grid_line,3,6,poor,COBYLA,37,800,token,line,empty_prioritized,,92,True,28.541320255245513,11.936786078016649,0.19929311687326556,0.9976374106458482,1.0,0.571359395980835
0002_sparse_grid_line_504,sparse_grid_line,3,6,poor,COBYLA,41,40,penalty_row_xy,,,5.0,40,False,14.558536729550386,12.888490335602897,0.1061860298919221,0.6022437860963864,0.6087928763683115,0.44577503204345703
0002_sparse_grid_line_504,sparse_grid_line,3,6,poor,COBYLA,41,40,token,line,empty_prioritized,,40,False,28.37774538505771,12.272289057663137,0.16880673105169397,0.9988782841293327,1.0,0.25389909744262695
0002_sparse_grid_line_504,sparse_grid_line,3,6,poor,COBYLA,41,200,penalty_row_xy,,,5.0,79,True,14.558536729550386,12.805404729644623,0.11529591563089664,0.6056841516642623,0.6109734145918337,0.9172201156616211
0002_sparse_grid_line_504,sparse_grid_line,3,6,poor,COBYLA,41,200,token,line,empty_prioritized,,163,True,28.37774538505771,12.11370468844576,0.18086409495356645,0.999314586472028,1.0,1.037201166152954
0002_sparse_grid_line_504,sparse_grid_line,3,6,poor,COBYLA,41,800,penalty_row_xy,,,5.0,79,True,14.558536729550386,12.805404729644623,0.11529591563089664,0.6056841516642623,0.6109734145918337,0.867469310760498
0002_sparse_grid_line_504,sparse_grid_line,3,6,poor,COBYLA,41,800,token,line,empty_prioritized,,163,True,28.37774538505771,12.11370468844576,0.18086409495356645,0.999314586472028,1.0,1.0110414028167725
0002_sparse_grid_line_504,sparse_grid_line,3,6,poor,COBYLA,43,40,penalty_row_xy,,,5.0,40,False,14.787191736957766,13.86918945298893,0.07133452228185885,0.5544179435972154,0.5920972237354102,0.4542856216430664
0002_sparse_grid_line_504,sparse_grid_line,3,6,poor,COBYLA,43,40,token,line,empty_prioritized,,40,False,28.328435880849273,12.451011124591055,0.1471723224718717,0.9999986788444345,1.0,0.23335838317871094
0002_sparse_grid_line_504,sparse_grid_line,3,6,poor,COBYLA,43,200,penalty_row_xy,,,5.0,153,True,14.787191736957766,13.400663809904039,0.10236977520568422,0.6003760851028639,0.6193258139672972,1.7908508777618408
0002_sparse_grid_line_504,sparse_grid_line,3,6,poor,COBYLA,43,200,token,line,empty_prioritized,,70,True,28.328435880849273,12.427781021427789,0.14814781026793872,0.9999999999999952,1.0,0.4275217056274414
0002_sparse_grid_line_504,sparse_grid_line,3,6,poor,COBYLA,43,800,penalty_row_xy,,,5.0,153,True,14.787191736957766,13.400663809904039,0.10236977520568422,0.6003760851028639,0.6193258139672972,1.6480762958526611
0002_sparse_grid_line_504,sparse_grid_line,3,6,poor,COBYLA,43,800,token,line,empty_prioritized,,70,True,28.328435880849273,12.427781021427789,0.14814781026793872,0.9999999999999952,1.0,0.4468557834625244
0002_sparse_grid_line_504,sparse_grid_line,3,6,poor,Nelder-Mead,11,40,penalty_row_xy,,,5.0,40,False,14.536291428976632,14.031156694566947,0.08236174580088475,0.6162498216197916,0.6196517504710246,0.42786383628845215
0002_sparse_grid_line_504,sparse_grid_line,3,6,poor,Nelder-Mead,11,40,token,line,empty_prioritized,,40,False,28.363109424901968,25.635484626049877,1.0774027446293864e-06,0.7990414728921049,1.0,0.2934541702270508
0002_sparse_grid_line_504,sparse_grid_line,3,6,poor,Nelder-Mead,11,200,penalty_row_xy,,,5.0,200,False,14.536291428976632,13.432921822468105,0.09935440077840524,0.5988849947003754,0.6140897288699534,2.346025228500366
0002_sparse_grid_line_504,sparse_grid_line,3,6,poor,Nelder-Mead,11,200,token,line,empty_prioritized,,200,False,28.363109424901968,14.621513049855846,0.0313414362046686,0.9999948324965656,1.0,1.3279170989990234
0002_sparse_grid_line_504,sparse_grid_line,3,6,poor,Nelder-Mead,11,800,penalty_row_xy,,,5.0,345,True,14.536291428976632,13.40062062283857,0.10245881473816151,0.6003983179638105,0.619461733523796,3.949050188064575
0002_sparse_grid_line_504,sparse_grid_line,3,6,poor,Nelder-Mead,11,800,token,line,empty_prioritized,,401,True,28.363109424901968,12.427777783403595,0.14814814787881975,1.0000000000000002,1.0,2.772024631500244
0002_sparse_grid_line_504,sparse_grid_line,3,6,poor,Nelder-Mead,17,40,penalty_row_xy,,,5.0,40,False,14.944671575232682,14.497880871914104,0.06033349012562246,0.6137553416041152,0.6615793673701267,0.4844639301300049
0002_sparse_grid_line_504,sparse_grid_line,3,6,poor,Nelder-Mead,17,40,token,line,empty_prioritized,,40,False,28.482626980097578,26.019575536192033,4.713737611822051e-07,0.7883197008596051,1.0,0.24938297271728516
0002_sparse_grid_line_504,sparse_grid_line,3,6,poor,Nelder-Mead,17,200,penalty_row_xy,,,5.0,200,False,14.944671575232682,13.671252208773808,0.07720547997989956,0.5600229355053195,0.58379284419932,2.2473881244659424
0002_sparse_grid_line_504,sparse_grid_line,3,6,poor,Nelder-Mead,17,200,token,line,empty_prioritized,,200,False,28.482626980097578,17.044108033865907,0.0011875290058538336,0.9999402535726488,1.0,1.2638695240020752
0002_sparse_grid_line_504,sparse_grid_line,3,6,poor,Nelder-Mead,17,800,penalty_row_xy,,,5.0,638,True,14.944671575232682,13.400620247303376,0.1024618001626715,0.6004013929749327,0.6194521884417113,6.991786241531372
0002_sparse_grid_line_504,sparse_grid_line,3,6,poor,Nelder-Mead,17,800,token,line,empty_prioritized,,680,True,28.482626980097578,11.944746361977725,0.1984639206273206,0.9978999963606658,1.0,4.356048822402954
0002_sparse_grid_line_504,sparse_grid_line,3,6,poor,Nelder-Mead,23,40,penalty_row_xy,,,5.0,40,False,15.20066729770284,14.693006105207912,0.05442376669504051,0.5917827940481709,0.5973393674701768,0.47336888313293457
0002_sparse_grid_line_504,sparse_grid_line,3,6,poor,Nelder-Mead,23,40,token,line,empty_prioritized,,40,False,28.792315459704632,26.443469958982835,1.2482461384642772e-07,0.7750502695885967,1.0,0.27752113342285156
0002_sparse_grid_line_504,sparse_grid_line,3,6,poor,Nelder-Mead,23,200,penalty_row_xy,,,5.0,200,False,15.20066729770284,13.875224645462565,0.08513072856275981,0.5936558343083017,0.6046109956206676,2.2924606800079346
0002_sparse_grid_line_504,sparse_grid_line,3,6,poor,Nelder-Mead,23,200,token,line,empty_prioritized,,200,False,28.792315459704632,15.727816511719972,0.02173812397160067,0.9850502256634263,1.0,1.4050898551940918
0002_sparse_grid_line_504,sparse_grid_line,3,6,poor,Nelder-Mead,23,800,penalty_row_xy,,,5.0,381,True,15.20066729770284,13.809234063004784,0.08059774228545422,0.6034289530132668,0.6143164273818051,4.338963508605957
0002_sparse_grid_line_504,sparse_grid_line,3,6,poor,Nelder-Mead,23,800,token,line,empty_prioritized,,763,True,28.792315459704632,12.427777777821209,0.14814814814366878,1.0000000000000004,1.0,5.033063888549805
0002_sparse_grid_line_504,sparse_grid_line,3,6,poor,Nelder-Mead,29,40,penalty_row_xy,,,5.0,40,False,14.663485983255118,13.85499487659771,0.07676380370992995,0.6095347432970184,0.618033603834534,0.4624180793762207
0002_sparse_grid_line_504,sparse_grid_line,3,6,poor,Nelder-Mead,29,40,token,line,empty_prioritized,,40,False,28.582711589042923,26.308384541822488,6.714723376318963e-07,0.9270700969003761,1.0,0.2621121406555176
0002_sparse_grid_line_504,sparse_grid_line,3,6,poor,Nelder-Mead,29,200,penalty_row_xy,,,5.0,200,False,14.663485983255118,13.400626446607495,0.10247765558735943,0.6003542597671082,0.6194635429453461,2.291872501373291
0002_sparse_grid_line_504,sparse_grid_line,3,6,poor,Nelder-Mead,29,200,token,line,empty_prioritized,,200,False,28.582711589042923,12.524087624270681,0.13811587247180407,0.9955399731043082,1.0,1.2975471019744873
0002_sparse_grid_line_504,sparse_grid_line,3,6,poor,Nelder-Mead,29,800,penalty_row_xy,,,5.0,248,True,14.663485983255118,13.40062029524619,0.10246685896292637,0.6004000757686478,0.6194594715057988,2.847529172897339
0002_sparse_grid_line_504,sparse_grid_line,3,6,poor,Nelder-Mead,29,800,token,line,empty_prioritized,,800,False,28.582711589042923,11.945154090423905,0.19842574280797443,0.9978640990449618,1.0,5.098761796951294
0002_sparse_grid_line_504,sparse_grid_line,3,6,poor,Nelder-Mead,31,40,penalty_row_xy,,,5.0,40,False,14.545594138464839,14.20123583763196,0.07253107094915591,0.5634114213422394,0.6055108596053613,0.4044373035430908
0002_sparse_grid_line_504,sparse_grid_line,3,6,poor,Nelder-Mead,31,40,token,line,empty_prioritized,,40,False,28.71243201189728,24.36852266635777,1.655408594022478e-07,0.9735107622412273,1.0,0.29326367378234863
0002_sparse_grid_line_504,sparse_grid_line,3,6,poor,Nelder-Mead,31,200,penalty_row_xy,,,5.0,200,False,14.545594138464839,13.400704592394224,0.10243227671603397,0.6001550271544924,0.619319134935925,2.305042266845703
0002_sparse_grid_line_504,sparse_grid_line,3,6,poor,Nelder-Mead,31,200,token,line,empty_prioritized,,200,False,28.71243201189728,12.675346796078387,0.12594533313082365,0.9999908807703384,1.0,1.3025732040405273
0002_sparse_grid_line_504,sparse_grid_line,3,6,poor,Nelder-Mead,31,800,penalty_row_xy,,,5.0,302,True,14.545594138464839,13.400620201498173,0.10246341838309823,0.600400977711336,0.6194591390491866,3.4849233627319336
0002_sparse_grid_line_504,sparse_grid_line,3,6,poor,Nelder-Mead,31,800,token,line,empty_prioritized,,400,True,28.71243201189728,12.427777779140229,0.14814814800622572,1.0,1.0,2.4745290279388428
0002_sparse_grid_line_504,sparse_grid_line,3,6,poor,Nelder-Mead,37,40,penalty_row_xy,,,5.0,40,False,14.641979223979252,14.117330836836906,0.08603427843250244,0.5520688682456533,0.596750220966239,0.4408128261566162
0002_sparse_grid_line_504,sparse_grid_line,3,6,poor,Nelder-Mead,37,40,token,line,empty_prioritized,,40,False,28.541320255245513,26.203720610894386,1.2618406696688257e-06,0.7527688243748876,1.0,0.2529761791229248
0002_sparse_grid_line_504,sparse_grid_line,3,6,poor,Nelder-Mead,37,200,penalty_row_xy,,,5.0,200,False,14.641979223979252,13.400622494083542,0.10248398418795107,0.6004090731607081,0.6194358897629231,2.4014787673950195
0002_sparse_grid_line_504,sparse_grid_line,3,6,poor,Nelder-Mead,37,200,token,line,empty_prioritized,,200,False,28.541320255245513,12.556341940814423,0.14260514550158915,0.9853219300025317,1.0,1.4104223251342773
0002_sparse_grid_line_504,sparse_grid_line,3,6,poor,Nelder-Mead,37,800,penalty_row_xy,,,5.0,217,True,14.641979223979252,13.400622235806074,0.10247781257319719,0.6003984759611452,0.619433173039456,2.3286361694335938
0002_sparse_grid_line_504,sparse_grid_line,3,6,poor,Nelder-Mead,37,800,token,line,empty_prioritized,,561,True,28.541320255245513,11.967293595732421,0.19611525044453948,0.9980759298686812,1.0,3.680744171142578
0002_sparse_grid_line_504,sparse_grid_line,3,6,poor,Nelder-Mead,41,40,penalty_row_xy,,,5.0,40,False,14.558536729550386,14.111650029930878,0.07225515459085974,0.550725076473694,0.5914843665961491,0.45728182792663574
0002_sparse_grid_line_504,sparse_grid_line,3,6,poor,Nelder-Mead,41,40,token,line,empty_prioritized,,40,False,28.37774538505771,26.500993488312538,1.478057101086822e-06,0.7444742972854028,1.0,0.28232502937316895
0002_sparse_grid_line_504,sparse_grid_line,3,6,poor,Nelder-Mead,41,200,penalty_row_xy,,,5.0,200,False,14.558536729550386,13.450375633891042,0.09597288291652262,0.5989975649386996,0.6117355034654721,2.3137853145599365
0002_sparse_grid_line_504,sparse_grid_line,3,6,poor,Nelder-Mead,41,200,token,line,empty_prioritized,,200,False,28.37774538505771,12.515536395125807,0.1480297552315898,0.9984577160126591,1.0,1.3023908138275146
0002_sparse_grid_line_504,sparse_grid_line,3,6,poor,Nelder-Mead,41,800,penalty_row_xy,,,5.0,433,True,14.558536729550386,13.400620205559981,0.10246529155716398,0.6004023257345416,0.6194580989644338,4.5484700202941895
0002_sparse_grid_line_504,sparse_grid_line,3,6,poor,Nelder-Mead,41,800,token,line,empty_prioritized,,542,True,28.37774538505771,12.134409303768333,0.1787073643083682,0.9995545797065253,1.0,3.3060996532440186
0002_sparse_grid_line_504,sparse_grid_line,3,6,poor,Nelder-Mead,43,40,penalty_row_xy,,,5.0,40,False,14.787191736957766,14.413361501852362,0.05719729352788974,0.6030484357053465,0.6468585250159311,0.4512033462524414
0002_sparse_grid_line_504,sparse_grid_line,3,6,poor,Nelder-Mead,43,40,token,line,empty_prioritized,,40,False,28.328435880849273,26.635027251221118,1.8006696674250845e-06,0.7426315859459665,1.0,0.26708316802978516
0002_sparse_grid_line_504,sparse_grid_line,3,6,poor,Nelder-Mead,43,200,penalty_row_xy,,,5.0,200,False,14.787191736957766,13.433221914642607,0.10026986637121375,0.5996404911628321,0.6169879666449762,2.104694128036499
0002_sparse_grid_line_504,sparse_grid_line,3,6,poor,Nelder-Mead,43,200,token,line,empty_prioritized,,200,False,28.328435880849273,12.428544352007739,0.14813545319577587,0.9999999999963822,1.0,1.1841013431549072
0002_sparse_grid_line_504,sparse_grid_line,3,6,poor,Nelder-Mead,43,800,penalty_row_xy,,,5.0,405,True,14.787191736957766,13.400620215682956,0.10246415336248,0.6004060273344374,0.6194575247870141,4.272463321685791
0002_sparse_grid_line_504,sparse_grid_line,3,6,poor,Nelder-Mead,43,800,token,line,empty_prioritized,,402,True,28.328435880849273,12.427777778092192,0.14814814811539664,1.0,1.0,2.6826560497283936
0003_dense_grid_line_505,dense_grid_line,4,6,deterministic,COBYLA,11,40,penalty_row_xy,,,5.0,40,False,33.79080412161084,29.932193988543755,0.0013210285298121062,0.04782036106833482,0.32809972925435793,3.84167742729187
0003_dense_grid_line_505,dense_grid_line,4,6,deterministic,COBYLA,11,40,token,line,empty_prioritized,,40,False,31.211531746276076,28.689999999999998,0.2824063087555366,0.6721176716662683,1.0,0.23278021812438965
0003_dense_grid_line_505,dense_grid_line,4,6,deterministic,COBYLA,11,200,penalty_row_xy,,,5.0,199,True,33.79080412161084,29.699652438466007,0.0012019887431741736,0.059125316790630586,0.30227999815461276,18.496952056884766
0003_dense_grid_line_505,dense_grid_line,4,6,deterministic,COBYLA,11,200,token,line,empty_prioritized,,45,True,31.211531746276076,28.689999999999994,0.2825514547281487,0.6718772061172898,1.0,0.24851179122924805
0003_dense_grid_line_505,dense_grid_line,4,6,deterministic,COBYLA,11,800,penalty_row_xy,,,5.0,199,True,33.79080412161084,29.699652438466007,0.0012019887431741736,0.059125316790630586,0.30227999815461276,17.730382204055786
0003_dense_grid_line_505,dense_grid_line,4,6,deterministic,COBYLA,11,800,token,line,empty_prioritized,,45,True,31.211531746276076,28.689999999999994,0.2825514547281487,0.6718772061172898,1.0,0.2729916572570801
0003_dense_grid_line_505,dense_grid_line,4,6,deterministic,COBYLA,17,40,penalty_row_xy,,,5.0,40,False,33.037188483229414,30.056101446865405,0.002431619473211654,0.1390480531998534,0.3723622442113797,3.838233709335327
0003_dense_grid_line_505,dense_grid_line,4,6,deterministic,COBYLA,17,40,token,line,empty_prioritized,,40,False,31.17286603029209,28.689999999999994,0.28004320385532944,0.5960322066716787,1.0,0.24965119361877441
0003_dense_grid_line_505,dense_grid_line,4,6,deterministic,COBYLA,17,200,penalty_row_xy,,,5.0,117,True,33.037188483229414,29.990745528692997,0.002892861829919755,0.13546594810270227,0.37708259801212407,11.380104541778564
0003_dense_grid_line_505,dense_grid_line,4,6,deterministic,COBYLA,17,200,token,line,empty_prioritized,,43,True,31.17286603029209,28.689999999999998,0.2800604328556722,0.5958704746321408,1.0,0.27068471908569336
0003_dense_grid_line_505,dense_grid_line,4,6,deterministic,COBYLA,17,800,penalty_row_xy,,,5.0,117,True,33.037188483229414,29.990745528692997,0.002892861829919755,0.13546594810270227,0.37708259801212407,10.808665752410889
0003_dense_grid_line_505,dense_grid_line,4,6,deterministic,COBYLA,17,800,token,line,empty_prioritized,,43,True,31.17286603029209,28.689999999999998,0.2800604328556722,0.5958704746321408,1.0,0.30442261695861816
0003_dense_grid_line_505,dense_grid_line,4,6,deterministic,COBYLA,23,40,penalty_row_xy,,,5.0,40,False,32.83250403049499,29.90713193304512,0.0011986630678879264,0.046652786374185275,0.341677667823231,3.955142021179199
0003_dense_grid_line_505,dense_grid_line,4,6,deterministic,COBYLA,23,40,token,line,empty_prioritized,,40,False,31.44584173675797,28.689999999999994,0.2648013075769674,0.6618644200454908,1.0,0.2289409637451172
0003_dense_grid_line_505,dense_grid_line,4,6,deterministic,COBYLA,23,200,penalty_row_xy,,,5.0,89,True,32.83250403049499,29.879152008753053,0.0013224190866926093,0.04566251501998183,0.3381146845210431,8.665883541107178
0003_dense_grid_line_505,dense_grid_line,4,6,deterministic,COBYLA,23,200,token,line,empty_prioritized,,45,True,31.44584173675797,28.689999999999994,0.264921804772566,0.6618836091712883,1.0,0.2898824214935303
0003_dense_grid_line_505,dense_grid_line,4,6,deterministic,COBYLA,23,800,penalty_row_xy,,,5.0,89,True,32.83250403049499,29.879152008753053,0.0013224190866926093,0.04566251501998183,0.3381146845210431,8.653344869613647
0003_dense_grid_line_505,dense_grid_line,4,6,deterministic,COBYLA,23,800,token,line,empty_prioritized,,45,True,31.44584173675797,28.689999999999994,0.264921804772566,0.6618836091712883,1.0,0.2840144634246826
0003_dense_grid_line_505,dense_grid_line,4,6,deterministic,COBYLA,29,40,penalty_row_xy,,,5.0,40,False,33.44769133334599,29.880962494211268,0.0013837324594373995,0.04545344758842903,0.33735061384974663,3.961303234100342
0003_dense_grid_line_505,dense_grid_line,4,6,deterministic,COBYLA,29,40,token,line,empty_prioritized,,40,False,31.381103673995135,28.689999999999998,0.2581521437856546,0.5878381053009674,1.0,0.2303791046142578
0003_dense_grid_line_505,dense_grid_line,4,6,deterministic,COBYLA,29,200,penalty_row_xy,,,5.0,55,True,33.44769133334599,29.878617499952558,0.001397457788842545,0.04553952969238467,0.33770674494797215,5.111198425292969
0003_dense_grid_line_505,dense_grid_line,4,6,deterministic,COBYLA,29,200,token,line,empty_prioritized,,45,True,31.381103673995135,28.689999999999998,0.2584994787667271,0.5885725997661176,1.0,0.307598352432251
0003_dense_grid_line_505,dense_grid_line,4,6,deterministic,COBYLA,29,800,penalty_row_xy,,,5.0,55,True,33.44769133334599,29.878617499952558,0.001397457788842545,0.04553952969238467,0.33770674494797215,5.202223300933838
0003_dense_grid_line_505,dense_grid_line,4,6,deterministic,COBYLA,29,800,token,line,empty_prioritized,,45,True,31.381103673995135,28.689999999999998,0.2584994787667271,0.5885725997661176,1.0,0.40781378746032715
0003_dense_grid_line_505,dense_grid_line,4,6,deterministic,COBYLA,31,40,penalty_row_xy,,,5.0,40,False,33.59993025008421,29.911829953354076,0.0014613942922848703,0.0435406161209617,0.34273807562021297,3.9706039428710938
0003_dense_grid_line_505,dense_grid_line,4,6,deterministic,COBYLA,31,40,token,line,empty_prioritized,,40,False,31.14107826914241,28.689999999999998,0.27862359854429064,0.6785593157755476,1.0,0.2511634826660156
0003_dense_grid_line_505,dense_grid_line,4,6,deterministic,COBYLA,31,200,penalty_row_xy,,,5.0,86,True,33.59993025008421,29.879066771543155,0.001405462529432727,0.04504004008684265,0.33849019469931996,8.066563844680786
0003_dense_grid_line_505,dense_grid_line,4,6,deterministic,COBYLA,31,200,token,line,empty_prioritized,,48,True,31.14107826914241,28.689999999999998,0.27867204930328454,0.6786942362800751,1.0,0.2998464107513428
0003_dense_grid_line_505,dense_grid_line,4,6,deterministic,COBYLA,31,800,penalty_row_xy,,,5.0,86,True,33.59993025008421,29.879066771543155,0.001405462529432727,0.04504004008684265,0.33849019469931996,8.012446403503418
0003_dense_grid_line_505,dense_grid_line,4,6,deterministic,COBYLA,31,800,token,line,empty_prioritized,,48,True,31.14107826914241,28.689999999999998,0.27867204930328454,0.6786942362800751,1.0,0.29708123207092285
0003_dense_grid_line_505,dense_grid_line,4,6,deterministic,COBYLA,37,40,penalty_row_xy,,,5.0,40,False,33.27019625059616,30.798347905308564,0.004758272776160898,0.07435529618887614,0.3269426199244594,4.027133226394653
0003_dense_grid_line_505,dense_grid_line,4,6,deterministic,COBYLA,37,40,token,line,empty_prioritized,,40,False,31.428342234984186,28.689999999999998,0.2547947555400746,0.5548511336860974,1.0,0.2542269229888916
0003_dense_grid_line_505,dense_grid_line,4,6,deterministic,COBYLA,37,200,penalty_row_xy,,,5.0,114,True,33.27019625059616,29.891281271234448,0.0015585989047345455,0.0741718378283859,0.3831739959699453,10.57285213470459
0003_dense_grid_line_505,dense_grid_line,4,6,deterministic,COBYLA,37,200,token,line,empty_prioritized,,46,True,31.428342234984186,28.689999999999998,0.2549399451305957,0.5560898384200571,1.0,0.31302380561828613
0003_dense_grid_line_505,dense_grid_line,4,6,deterministic,COBYLA,37,800,penalty_row_xy,,,5.0,114,True,33.27019625059616,29.891281271234448,0.0015585989047345455,0.0741718378283859,0.3831739959699453,10.122700452804565
0003_dense_grid_line_505,dense_grid_line,4,6,deterministic,COBYLA,37,800,token,line,empty_prioritized,,46,True,31.428342234984186,28.689999999999998,0.2549399451305957,0.5560898384200571,1.0,0.2888829708099365
0003_dense_grid_line_505,dense_grid_line,4,6,deterministic,COBYLA,41,40,penalty_row_xy,,,5.0,40,False,33.40890783236057,31.58640123300922,0.002115345503723053,0.04900853402598292,0.343392510588162,3.8794796466827393
0003_dense_grid_line_505,dense_grid_line,4,6,deterministic,COBYLA,41,40,token,line,empty_prioritized,,40,False,31.160252966162382,28.689999999999998,0.27469097994542385,0.6103433945207989,1.0,0.23303723335266113
0003_dense_grid_line_505,dense_grid_line,4,6,deterministic,COBYLA,41,200,penalty_row_xy,,,5.0,114,True,33.40890783236057,29.89140088418882,0.001586822418852417,0.0739691998226689,0.38419288044303046,10.502772808074951
0003_dense_grid_line_505,dense_grid_line,4,6,deterministic,COBYLA,41,200,token,line,empty_prioritized,,49,True,31.160252966162382,28.689999999999998,0.27452408206414375,0.6110503140356414,1.0,0.30452942848205566
0003_dense_grid_line_505,dense_grid_line,4,6,deterministic,COBYLA,41,800,penalty_row_xy,,,5.0,114,True,33.40890783236057,29.89140088418882,0.001586822418852417,0.0739691998226689,0.38419288044303046,10.438548564910889
0003_dense_grid_line_505,dense_grid_line,4,6,deterministic,COBYLA,41,800,token,line,empty_prioritized,,49,True,31.160252966162382,28.689999999999998,0.27452408206414375,0.6110503140356414,1.0,0.2895674705505371
0003_dense_grid_line_505,dense_grid_line,4,6,deterministic,COBYLA,43,40,penalty_row_xy,,,5.0,40,False,33.17312636742677,29.996398291833643,0.002792793025116056,0.14249806004254612,0.37790665569664095,3.563070774078369
0003_dense_grid_line_505,dense_grid_line,4,6,deterministic,COBYLA,43,40,token,line,empty_prioritized,,40,False,30.975597770131827,28.689999999999994,0.2859128008165461,0.6039558677694893,1.0,0.2528088092803955
0003_dense_grid_line_505,dense_grid_line,4,6,deterministic,COBYLA,43,200,penalty_row_xy,,,5.0,61,True,33.17312636742677,29.99081689415005,0.002847029885895385,0.13721948214987473,0.3788006819322923,5.717074155807495
0003_dense_grid_line_505,dense_grid_line,4,6,deterministic,COBYLA,43,200,token,line,empty_prioritized,,49,True,30.975597770131827,28.689999999999998,0.28594823800152325,0.6036959806422767,1.0,0.337679386138916
0003_dense_grid_line_505,dense_grid_line,4,6,deterministic,COBYLA,43,800,penalty_row_xy,,,5.0,61,True,33.17312636742677,29.99081689415005,0.002847029885895385,0.13721948214987473,0.3788006819322923,5.5957581996917725
0003_dense_grid_line_505,dense_grid_line,4,6,deterministic,COBYLA,43,800,token,line,empty_prioritized,,49,True,30.975597770131827,28.689999999999998,0.28594823800152325,0.6036959806422767,1.0,0.3165602684020996
0003_dense_grid_line_505,dense_grid_line,4,6,deterministic,Nelder-Mead,11,40,penalty_row_xy,,,5.0,40,False,33.79080412161084,31.241734700840677,0.0026112363420751844,0.03962573442994794,0.30944590401660454,3.5262796878814697
0003_dense_grid_line_505,dense_grid_line,4,6,deterministic,Nelder-Mead,11,40,token,line,empty_prioritized,,40,False,31.211531746276076,29.961390273608778,0.11970782217150103,0.3296336854162876,1.0,0.2812056541442871
0003_dense_grid_line_505,dense_grid_line,4,6,deterministic,Nelder-Mead,11,200,penalty_row_xy,,,5.0,200,False,33.79080412161084,30.714249071874466,0.008483529145158599,0.04508809334112923,0.3226340342499515,18.500985145568848
0003_dense_grid_line_505,dense_grid_line,4,6,deterministic,Nelder-Mead,11,200,token,line,empty_prioritized,,200,False,31.211531746276076,28.99639802190978,0.21521042850868677,0.5339391576430743,1.0,1.3632385730743408
0003_dense_grid_line_505,dense_grid_line,4,6,deterministic,Nelder-Mead,11,800,penalty_row_xy,,,5.0,629,True,33.79080412161084,29.905900304553867,0.0010646714160467705,0.050500294783230024,0.32699018792716367,57.93673825263977
0003_dense_grid_line_505,dense_grid_line,4,6,deterministic,Nelder-Mead,11,800,token,line,empty_prioritized,,339,True,31.211531746276076,28.689999999999998,0.2608417119418111,0.6337480113129998,1.0,2.026350498199463
0003_dense_grid_line_505,dense_grid_line,4,6,deterministic,Nelder-Mead,17,40,penalty_row_xy,,,5.0,40,False,33.037188483229414,32.20519559175464,0.002269847896527409,0.055276079336173914,0.32667490792594644,3.726567268371582
0003_dense_grid_line_505,dense_grid_line,4,6,deterministic,Nelder-Mead,17,40,token,line,empty_prioritized,,40,False,31.17286603029209,30.173861232291237,0.09559713987545576,0.3719962623883835,1.0,0.24365472793579102
0003_dense_grid_line_505,dense_grid_line,4,6,deterministic,Nelder-Mead,17,200,penalty_row_xy,,,5.0,200,False,33.037188483229414,30.160342952809252,0.0009288410620891162,0.12476646222268478,0.38141472032201024,18.638859748840332
0003_dense_grid_line_505,dense_grid_line,4,6,deterministic,Nelder-Mead,17,200,token,line,empty_prioritized,,200,False,31.17286603029209,28.950364202050835,0.22103131380582797,0.5456145666879012,1.0,1.2035799026489258
0003_dense_grid_line_505,dense_grid_line,4,6,deterministic,Nelder-Mead,17,800,penalty_row_xy,,,5.0,451,True,33.037188483229414,30.153584201741133,0.0006994176511662792,0.12641314138145807,0.3852562985007373,42.54670858383179
0003_dense_grid_line_505,dense_grid_line,4,6,deterministic,Nelder-Mead,17,800,token,line,empty_prioritized,,320,True,31.17286603029209,28.689999999999998,0.256331280382974,0.5902348473985839,1.0,1.884077548980713
0003_dense_grid_line_505,dense_grid_line,4,6,deterministic,Nelder-Mead,23,40,penalty_row_xy,,,5.0,40,False,32.83250403049499,31.42674135059485,0.006146056128667362,0.05245022225295882,0.35490856073487276,3.7579097747802734
0003_dense_grid_line_505,dense_grid_line,4,6,deterministic,Nelder-Mead,23,40,token,line,empty_prioritized,,40,False,31.44584173675797,30.153002007174358,0.09647631604281823,0.34333546416056193,1.0,0.3012044429779053
0003_dense_grid_line_505,dense_grid_line,4,6,deterministic,Nelder-Mead,23,200,penalty_row_xy,,,5.0,200,False,32.83250403049499,30.405066895674583,0.003605667669597622,0.08742631031402892,0.33274143131037226,18.617509841918945
0003_dense_grid_line_505,dense_grid_line,4,6,deterministic,Nelder-Mead,23,200,token,line,empty_prioritized,,200,False,31.44584173675797,28.689999999999998,0.2941809053732736,0.657954494852788,1.0,1.2322299480438232
0003_dense_grid_line_505,dense_grid_line,4,6,deterministic,Nelder-Mead,23,800,penalty_row_xy,,,5.0,594,True,32.83250403049499,30.153581592120467,0.0006987552640030342,0.12639252766227616,0.38528556387942425,55.13612341880798
0003_dense_grid_line_505,dense_grid_line,4,6,deterministic,Nelder-Mead,23,800,token,line,empty_prioritized,,268,True,31.44584173675797,28.689999999999998,0.2943047916519136,0.6582610405934968,1.0,1.5794920921325684
0003_dense_grid_line_505,dense_grid_line,4,6,deterministic,Nelder-Mead,29,40,penalty_row_xy,,,5.0,40,False,33.44769133334599,31.458874637506398,0.011149013007652635,0.04494120000484784,0.29327635981888434,4.157994508743286
0003_dense_grid_line_505,dense_grid_line,4,6,deterministic,Nelder-Mead,29,40,token,line,empty_prioritized,,40,False,31.381103673995135,28.8768499473752,0.22729677949468147,0.5469201547057272,1.0,0.2321324348449707
0003_dense_grid_line_505,dense_grid_line,4,6,deterministic,Nelder-Mead,29,200,penalty_row_xy,,,5.0,200,False,33.44769133334599,31.20489137119767,0.010821818961401199,0.044981102520498306,0.30217083337902323,19.16072678565979
0003_dense_grid_line_505,dense_grid_line,4,6,deterministic,Nelder-Mead,29,200,token,line,empty_prioritized,,148,True,31.381103673995135,28.689999999999998,0.2556287234819039,0.6017964338357586,1.0,0.9392557144165039
0003_dense_grid_line_505,dense_grid_line,4,6,deterministic,Nelder-Mead,29,800,penalty_row_xy,,,5.0,800,False,33.44769133334599,30.065703336910396,0.0037585833963843423,0.055627931087852606,0.2962446345187555,75.20930027961731
0003_dense_grid_line_505,dense_grid_line,4,6,deterministic,Nelder-Mead,29,800,token,line,empty_prioritized,,148,True,31.381103673995135,28.689999999999998,0.2556287234819039,0.6017964338357586,1.0,0.9569742679595947
0003_dense_grid_line_505,dense_grid_line,4,6,deterministic,Nelder-Mead,31,40,penalty_row_xy,,,5.0,40,False,33.59993025008421,32.05665980448854,0.010163037679984901,0.03900453764051574,0.29528964213116216,3.949284076690674
0003_dense_grid_line_505,dense_grid_line,4,6,deterministic,Nelder-Mead,31,40,token,line,empty_prioritized,,40,False,31.14107826914241,30.19200632412921,0.10007714589177114,0.3324439656655081,1.0,0.27576327323913574
0003_dense_grid_line_505,dense_grid_line,4,6,deterministic,Nelder-Mead,31,200,penalty_row_xy,,,5.0,200,False,33.59993025008421,31.055368848676682,0.003967264124135334,0.05699790994483643,0.28917328098146716,18.83004403114319
0003_dense_grid_line_505,dense_grid_line,4,6,deterministic,Nelder-Mead,31,200,token,line,empty_prioritized,,200,False,31.14107826914241,28.689999999999998,0.2554450799329737,0.6035232384567593,1.0,1.3506848812103271
0003_dense_grid_line_505,dense_grid_line,4,6,deterministic,Nelder-Mead,31,800,penalty_row_xy,,,5.0,370,True,33.59993025008421,31.023456001905704,0.0030966495986834,0.05650618994878054,0.28756815620911835,36.083329916000366
0003_dense_grid_line_505,dense_grid_line,4,6,deterministic,Nelder-Mead,31,800,token,line,empty_prioritized,,222,True,31.14107826914241,28.689999999999998,0.2554450799329737,0.6035232384567593,1.0,1.5532729625701904
0003_dense_grid_line_505,dense_grid_line,4,6,deterministic,Nelder-Mead,37,40,penalty_row_xy,,,5.0,40,False,33.27019625059616,31.3167756100362,0.007294727961991473,0.045610600058864706,0.28935662983232757,3.7891173362731934
0003_dense_grid_line_505,dense_grid_line,4,6,deterministic,Nelder-Mead,37,40,token,line,empty_prioritized,,40,False,31.428342234984186,30.14542068177544,0.08380027960786977,0.4120735789733286,1.0,0.29024648666381836
0003_dense_grid_line_505,dense_grid_line,4,6,deterministic,Nelder-Mead,37,200,penalty_row_xy,,,5.0,200,False,33.27019625059616,31.024879436615123,0.0031408958641332115,0.05854576817504462,0.28984358947919375,18.721179008483887
0003_dense_grid_line_505,dense_grid_line,4,6,deterministic,Nelder-Mead,37,200,token,line,empty_prioritized,,200,False,31.428342234984186,28.689999999999998,0.292640101629366,0.6483006339605994,1.0,1.410416603088379
0003_dense_grid_line_505,dense_grid_line,4,6,deterministic,Nelder-Mead,37,800,penalty_row_xy,,,5.0,361,True,33.27019625059616,31.01581209357324,0.003175056304756302,0.05915399288931766,0.2903927492327048,34.59962201118469
0003_dense_grid_line_505,dense_grid_line,4,6,deterministic,Nelder-Mead,37,800,token,line,empty_prioritized,,209,True,31.428342234984186,28.689999999999998,0.292640101629366,0.6483006339605994,1.0,1.4628651142120361
0003_dense_grid_line_505,dense_grid_line,4,6,deterministic,Nelder-Mead,41,40,penalty_row_xy,,,5.0,40,False,33.40890783236057,32.06263555191225,0.003479247448088683,0.044081534498951205,0.28927759338273873,4.095733165740967
0003_dense_grid_line_505,dense_grid_line,4,6,deterministic,Nelder-Mead,41,40,token,line,empty_prioritized,,40,False,31.160252966162382,29.93782914489715,0.11229366817506443,0.4057343896562995,1.0,0.28000807762145996
0003_dense_grid_line_505,dense_grid_line,4,6,deterministic,Nelder-Mead,41,200,penalty_row_xy,,,5.0,200,False,33.40890783236057,31.347732581942985,0.004965415922033572,0.05188197664750907,0.29105588350391676,18.399744749069214
0003_dense_grid_line_505,dense_grid_line,4,6,deterministic,Nelder-Mead,41,200,token,line,empty_prioritized,,164,True,31.160252966162382,28.689999999999998,0.27559169952249757,0.5552386437812379,1.0,0.9787664413452148
0003_dense_grid_line_505,dense_grid_line,4,6,deterministic,Nelder-Mead,41,800,penalty_row_xy,,,5.0,281,True,33.40890783236057,31.347279861042747,0.004927011905361395,0.05178929345352039,0.2916789943302339,25.92913508415222
0003_dense_grid_line_505,dense_grid_line,4,6,deterministic,Nelder-Mead,41,800,token,line,empty_prioritized,,164,True,31.160252966162382,28.689999999999998,0.27559169952249757,0.5552386437812379,1.0,1.0462901592254639
0003_dense_grid_line_505,dense_grid_line,4,6,deterministic,Nelder-Mead,43,40,penalty_row_xy,,,5.0,40,False,33.17312636742677,32.33985233957335,0.0025860199429023566,0.04037468157947263,0.29639772426101496,3.7733078002929688
0003_dense_grid_line_505,dense_grid_line,4,6,deterministic,Nelder-Mead,43,40,token,line,empty_prioritized,,40,False,30.975597770131827,29.87502163612744,0.11852661373092441,0.3790616393084149,1.0,0.2543299198150635
0003_dense_grid_line_505,dense_grid_line,4,6,deterministic,Nelder-Mead,43,200,penalty_row_xy,,,5.0,200,False,33.17312636742677,30.192859561570163,0.003940552846198059,0.0582776639995875,0.3096320421911383,17.99736452102661
0003_dense_grid_line_505,dense_grid_line,4,6,deterministic,Nelder-Mead,43,200,token,line,empty_prioritized,,200,False,30.975597770131827,28.824033284632016,0.2332420024861841,0.6184793558500598,1.0,1.2159779071807861
0003_dense_grid_line_505,dense_grid_line,4,6,deterministic,Nelder-Mead,43,800,penalty_row_xy,,,5.0,426,True,33.17312636742677,30.017167808404214,0.001676966273330761,0.05508863162751375,0.2815702229940955,39.54239344596863
0003_dense_grid_line_505,dense_grid_line,4,6,deterministic,Nelder-Mead,43,800,token,line,empty_prioritized,,367,True,30.975597770131827,28.689999999999998,0.25084244150470936,0.6475624365157382,1.0,2.170910358428955
0003_dense_grid_line_505,dense_grid_line,4,6,poor,COBYLA,11,40,penalty_row_xy,,,5.0,40,False,33.135724673308715,31.736972512352704,0.0029098106487911233,0.2661166097618075,0.2671258037533363,3.8540220260620117
0003_dense_grid_line_505,dense_grid_line,4,6,poor,COBYLA,11,40,token,line,empty_prioritized,,40,False,48.47403270138746,30.703472502185896,0.017124585043229355,0.999986644097935,1.0,0.2560539245605469
0003_dense_grid_line_505,dense_grid_line,4,6,poor,COBYLA,11,200,penalty_row_xy,,,5.0,73,True,33.135724673308715,31.710438846962827,0.002710468620957943,0.26096825694308395,0.2621333758395855,6.961072206497192
0003_dense_grid_line_505,dense_grid_line,4,6,poor,COBYLA,11,200,token,line,empty_prioritized,,87,True,48.47403270138746,30.664496705996328,0.02528468627479577,0.999804657272205,1.0,0.5619945526123047
0003_dense_grid_line_505,dense_grid_line,4,6,poor,COBYLA,11,800,penalty_row_xy,,,5.0,73,True,33.135724673308715,31.710438846962827,0.002710468620957943,0.26096825694308395,0.2621333758395855,6.662525177001953
0003_dense_grid_line_505,dense_grid_line,4,6,poor,COBYLA,11,800,token,line,empty_prioritized,,87,True,48.47403270138746,30.664496705996328,0.02528468627479577,0.999804657272205,1.0,0.6016318798065186
0003_dense_grid_line_505,dense_grid_line,4,6,poor,COBYLA,17,40,penalty_row_xy,,,5.0,40,False,33.647928361454575,31.753281769883692,0.013536096773115068,0.29023766132817486,0.29070485287740216,3.634687900543213
0003_dense_grid_line_505,dense_grid_line,4,6,poor,COBYLA,17,40,token,line,empty_prioritized,,40,False,47.949864354399935,30.69846163447038,0.0148481971053798,0.9999667565061352,1.0,0.26796555519104004
0003_dense_grid_line_505,dense_grid_line,4,6,poor,COBYLA,17,200,penalty_row_xy,,,5.0,89,True,33.647928361454575,31.685138971377548,0.01469393437152717,0.2996988555271134,0.30012596275405823,8.23536467552185
0003_dense_grid_line_505,dense_grid_line,4,6,poor,COBYLA,17,200,token,line,empty_prioritized,,97,True,47.949864354399935,30.662562263111003,0.025684839625645377,0.9998251091916376,1.0,0.6154093742370605
0003_dense_grid_line_505,dense_grid_line,4,6,poor,COBYLA,17,800,penalty_row_xy,,,5.0,89,True,33.647928361454575,31.685138971377548,0.01469393437152717,0.2996988555271134,0.30012596275405823,7.996366262435913
0003_dense_grid_line_505,dense_grid_line,4,6,poor,COBYLA,17,800,token,line,empty_prioritized,,97,True,47.949864354399935,30.662562263111003,0.025684839625645377,0.9998251091916376,1.0,0.6236021518707275
0003_dense_grid_line_505,dense_grid_line,4,6,poor,COBYLA,23,40,penalty_row_xy,,,5.0,40,False,34.021734472321484,31.44618825682476,0.004769260269846588,0.2804808655926145,0.28088994385364174,3.7156896591186523
0003_dense_grid_line_505,dense_grid_line,4,6,poor,COBYLA,23,40,token,line,empty_prioritized,,40,False,49.06830553774731,30.55982649735706,0.01691956435345298,0.9996353478054744,1.0,0.2657294273376465
0003_dense_grid_line_505,dense_grid_line,4,6,poor,COBYLA,23,200,penalty_row_xy,,,5.0,74,True,34.021734472321484,31.428773995803276,0.004922171574409232,0.28379070116394417,0.28411567459462195,6.463845729827881
0003_dense_grid_line_505,dense_grid_line,4,6,poor,COBYLA,23,200,token,line,empty_prioritized,,97,True,49.06830553774731,30.544166725322413,0.020204715215287244,0.9996543282940485,1.0,0.5764420032501221
0003_dense_grid_line_505,dense_grid_line,4,6,poor,COBYLA,23,800,penalty_row_xy,,,5.0,74,True,34.021734472321484,31.428773995803276,0.004922171574409232,0.28379070116394417,0.28411567459462195,6.501842975616455
0003_dense_grid_line_505,dense_grid_line,4,6,poor,COBYLA,23,800,token,line,empty_prioritized,,97,True,49.06830553774731,30.544166725322413,0.020204715215287244,0.9996543282940485,1.0,0.5878903865814209
0003_dense_grid_line_505,dense_grid_line,4,6,poor,COBYLA,29,40,penalty_row_xy,,,5.0,40,False,33.38341835573204,31.669744771897797,0.0064178189446628345,0.2774988603962156,0.2790042055926466,3.583554983139038
0003_dense_grid_line_505,dense_grid_line,4,6,poor,COBYLA,29,40,token,line,empty_prioritized,,40,False,48.16117340436979,30.6567599442815,0.0019562736132332443,0.9999999217145736,1.0,0.2664930820465088
0003_dense_grid_line_505,dense_grid_line,4,6,poor,COBYLA,29,200,penalty_row_xy,,,5.0,89,True,33.38341835573204,31.628039046672228,0.005395619855356094,0.2760433923302551,0.2775542266018297,8.314141035079956
0003_dense_grid_line_505,dense_grid_line,4,6,poor,COBYLA,29,200,token,line,empty_prioritized,,167,True,48.16117340436979,30.640572289957287,0.0076002321923327445,0.9999613693951048,1.0,0.9832556247711182
0003_dense_grid_line_505,dense_grid_line,4,6,poor,COBYLA,29,800,penalty_row_xy,,,5.0,89,True,33.38341835573204,31.628039046672228,0.005395619855356094,0.2760433923302551,0.2775542266018297,8.510220050811768
0003_dense_grid_line_505,dense_grid_line,4,6,poor,COBYLA,29,800,token,line,empty_prioritized,,167,True,48.16117340436979,30.640572289957287,0.0076002321923327445,0.9999613693951048,1.0,1.016216516494751
0003_dense_grid_line_505,dense_grid_line,4,6,poor,COBYLA,31,40,penalty_row_xy,,,5.0,40,False,33.62840211017272,31.839786395705847,0.00566499169427729,0.2674672221447891,0.27013862793717874,3.850369691848755
0003_dense_grid_line_505,dense_grid_line,4,6,poor,COBYLA,31,40,token,line,empty_prioritized,,40,False,48.72273000952195,30.68530648926505,0.004617171388585747,0.9998224657121901,1.0,0.24101924896240234
0003_dense_grid_line_505,dense_grid_line,4,6,poor,COBYLA,31,200,penalty_row_xy,,,5.0,74,True,33.62840211017272,31.809268280647068,0.005048942511092155,0.26465455665505233,0.2672960785439553,7.063043594360352
0003_dense_grid_line_505,dense_grid_line,4,6,poor,COBYLA,31,200,token,line,empty_prioritized,,94,True,48.72273000952195,30.679523544602624,0.0036765117421233913,0.9999116088710022,1.0,0.5663628578186035
0003_dense_grid_line_505,dense_grid_line,4,6,poor,COBYLA,31,800,penalty_row_xy,,,5.0,74,True,33.62840211017272,31.809268280647068,0.005048942511092155,0.26465455665505233,0.2672960785439553,7.3179521560668945
0003_dense_grid_line_505,dense_grid_line,4,6,poor,COBYLA,31,800,token,line,empty_prioritized,,94,True,48.72273000952195,30.679523544602624,0.0036765117421233913,0.9999116088710022,1.0,0.5837476253509521
0003_dense_grid_line_505,dense_grid_line,4,6,poor,COBYLA,37,40,penalty_row_xy,,,5.0,40,False,33.342136290653826,31.70891975937256,0.00611792048175281,0.32996386921284615,0.33052161529994983,3.8146023750305176
0003_dense_grid_line_505,dense_grid_line,4,6,poor,COBYLA,37,40,token,line,empty_prioritized,,40,False,47.306793808499044,30.70832117381338,0.013723850397409903,0.9999661248227293,1.0,0.2619209289550781
0003_dense_grid_line_505,dense_grid_line,4,6,poor,COBYLA,37,200,penalty_row_xy,,,5.0,105,True,33.342136290653826,31.657704644639196,0.006532833786647721,0.3226210805643417,0.32314537352051365,10.622671842575073
0003_dense_grid_line_505,dense_grid_line,4,6,poor,COBYLA,37,200,token,line,empty_prioritized,,105,True,47.306793808499044,30.651843352105505,0.023208281313198457,0.9995853193729134,1.0,0.664841890335083
0003_dense_grid_line_505,dense_grid_line,4,6,poor,COBYLA,37,800,penalty_row_xy,,,5.0,105,True,33.342136290653826,31.657704644639196,0.006532833786647721,0.3226210805643417,0.32314537352051365,9.508736610412598
0003_dense_grid_line_505,dense_grid_line,4,6,poor,COBYLA,37,800,token,line,empty_prioritized,,105,True,47.306793808499044,30.651843352105505,0.023208281313198457,0.9995853193729134,1.0,0.6283392906188965
0003_dense_grid_line_505,dense_grid_line,4,6,poor,COBYLA,41,40,penalty_row_xy,,,5.0,40,False,33.03143027697331,31.100067425936327,0.0036605720574955846,0.285591146064315,0.2864399677080959,3.9910998344421387
0003_dense_grid_line_505,dense_grid_line,4,6,poor,COBYLA,41,40,token,line,empty_prioritized,,40,False,47.47413469246866,30.684258069039945,0.004815538814341148,0.9999011220697818,1.0,0.26937294006347656
0003_dense_grid_line_505,dense_grid_line,4,6,poor,COBYLA,41,200,penalty_row_xy,,,5.0,178,True,33.03143027697331,31.065947580633416,0.004220569013104783,0.29740571605730043,0.298330849274114,16.86595368385315
0003_dense_grid_line_505,dense_grid_line,4,6,poor,COBYLA,41,200,token,line,empty_prioritized,,115,True,47.47413469246866,30.679513716170156,0.0037139317955846808,0.9999105292695456,1.0,0.7515559196472168
0003_dense_grid_line_505,dense_grid_line,4,6,poor,COBYLA,41,800,penalty_row_xy,,,5.0,178,True,33.03143027697331,31.065947580633416,0.004220569013104783,0.29740571605730043,0.298330849274114,16.52706003189087
0003_dense_grid_line_505,dense_grid_line,4,6,poor,COBYLA,41,800,token,line,empty_prioritized,,115,True,47.47413469246866,30.679513716170156,0.0037139317955846808,0.9999105292695456,1.0,0.7480871677398682
0003_dense_grid_line_505,dense_grid_line,4,6,poor,COBYLA,43,40,penalty_row_xy,,,5.0,40,False,33.458552669097735,31.750775835615663,0.002626012525128423,0.26484007640324836,0.2660288051791518,4.138609170913696
0003_dense_grid_line_505,dense_grid_line,4,6,poor,COBYLA,43,40,token,line,empty_prioritized,,40,False,47.41690058021306,30.706065610341344,0.007815549852110755,0.998915899986952,1.0,0.28090953826904297
0003_dense_grid_line_505,dense_grid_line,4,6,poor,COBYLA,43,200,penalty_row_xy,,,5.0,70,True,33.458552669097735,31.71042412174303,0.002668396287382576,0.26129836473069273,0.26248830252158617,6.557203769683838
0003_dense_grid_line_505,dense_grid_line,4,6,poor,COBYLA,43,200,token,line,empty_prioritized,,161,True,47.41690058021306,30.675860434407213,0.005572200715306412,0.999699738552603,1.0,1.1030211448669434
0003_dense_grid_line_505,dense_grid_line,4,6,poor,COBYLA,43,800,penalty_row_xy,,,5.0,70,True,33.458552669097735,31.71042412174303,0.002668396287382576,0.26129836473069273,0.26248830252158617,6.6789751052856445
0003_dense_grid_line_505,dense_grid_line,4,6,poor,COBYLA,43,800,token,line,empty_prioritized,,161,True,47.41690058021306,30.675860434407213,0.005572200715306412,0.999699738552603,1.0,1.1051933765411377
0003_dense_grid_line_505,dense_grid_line,4,6,poor,Nelder-Mead,11,40,penalty_row_xy,,,5.0,40,False,33.135724673308715,31.91198569423878,0.005462889971814868,0.2599349318706963,0.2612037059753284,3.558610200881958
0003_dense_grid_line_505,dense_grid_line,4,6,poor,Nelder-Mead,11,40,token,line,empty_prioritized,,40,False,48.47403270138746,46.62566975476838,4.201716877843582e-07,0.8056884375145301,1.0,0.2872791290283203
0003_dense_grid_line_505,dense_grid_line,4,6,poor,Nelder-Mead,11,200,penalty_row_xy,,,5.0,200,False,33.135724673308715,30.88839277379311,0.003684420458085259,0.2613944551513051,0.2648160461393148,18.285123348236084
0003_dense_grid_line_505,dense_grid_line,4,6,poor,Nelder-Mead,11,200,token,line,empty_prioritized,,200,False,48.47403270138746,31.987105304800814,0.007772791639831671,0.999992623800694,1.0,1.3333897590637207
0003_dense_grid_line_505,dense_grid_line,4,6,poor,Nelder-Mead,11,800,penalty_row_xy,,,5.0,388,True,33.135724673308715,30.86372576855076,0.003570800713893734,0.25506498076767437,0.25812594055515514,36.750428676605225
0003_dense_grid_line_505,dense_grid_line,4,6,poor,Nelder-Mead,11,800,token,line,empty_prioritized,,800,False,48.47403270138746,31.03958654080886,0.017986207155096457,0.9998332091757625,1.0,4.8684327602386475
0003_dense_grid_line_505,dense_grid_line,4,6,poor,Nelder-Mead,17,40,penalty_row_xy,,,5.0,40,False,33.647928361454575,32.10274835337406,0.0036267468600295434,0.2653405952909751,0.266390528386775,3.6631152629852295
0003_dense_grid_line_505,dense_grid_line,4,6,poor,Nelder-Mead,17,40,token,line,empty_prioritized,,40,False,47.949864354399935,46.87750488956415,3.0750880691856566e-07,0.7477952005253244,1.0,0.24538826942443848
0003_dense_grid_line_505,dense_grid_line,4,6,poor,Nelder-Mead,17,200,penalty_row_xy,,,5.0,200,False,33.647928361454575,31.177965901565056,0.005232849407777644,0.2712580165497903,0.27246919860330077,18.34114360809326
0003_dense_grid_line_505,dense_grid_line,4,6,poor,Nelder-Mead,17,200,token,line,empty_prioritized,,200,False,47.949864354399935,30.6620275067086,0.005447428991675682,0.999791752865146,1.0,1.2353110313415527
0003_dense_grid_line_505,dense_grid_line,4,6,poor,Nelder-Mead,17,800,penalty_row_xy,,,5.0,436,True,33.647928361454575,30.86372498385523,0.0035710279099489817,0.25498262049746645,0.2580463765216746,42.27805685997009
0003_dense_grid_line_505,dense_grid_line,4,6,poor,Nelder-Mead,17,800,token,line,empty_prioritized,,474,True,47.949864354399935,30.650264728430884,0.006442767330111289,0.9995685830762966,1.0,2.8438680171966553
0003_dense_grid_line_505,dense_grid_line,4,6,poor,Nelder-Mead,23,40,penalty_row_xy,,,5.0,40,False,34.021734472321484,32.22241371732365,0.0030160967843395185,0.2922516372092074,0.29429772451603,3.949697732925415
0003_dense_grid_line_505,dense_grid_line,4,6,poor,Nelder-Mead,23,40,token,line,empty_prioritized,,40,False,49.06830553774731,47.28907998072606,2.5753834204697564e-07,0.7301503180356407,1.0,0.3051028251647949
0003_dense_grid_line_505,dense_grid_line,4,6,poor,Nelder-Mead,23,200,penalty_row_xy,,,5.0,200,False,34.021734472321484,31.07980441523321,0.005495176702353021,0.30426736890301637,0.3053976811585089,18.725037097930908
0003_dense_grid_line_505,dense_grid_line,4,6,poor,Nelder-Mead,23,200,token,line,empty_prioritized,,200,False,49.06830553774731,30.7193885378586,0.004214387548017858,0.9999779004170111,1.0,1.3000643253326416
0003_dense_grid_line_505,dense_grid_line,4,6,poor,Nelder-Mead,23,800,penalty_row_xy,,,5.0,437,True,34.021734472321484,31.06320619774738,0.004715632816214672,0.29888632091647727,0.29983860927249756,47.2888720035553
0003_dense_grid_line_505,dense_grid_line,4,6,poor,Nelder-Mead,23,800,token,line,empty_prioritized,,345,True,49.06830553774731,30.65657956623664,0.010210749902599337,0.999868927401349,1.0,2.2082459926605225
0003_dense_grid_line_505,dense_grid_line,4,6,poor,Nelder-Mead,29,40,penalty_row_xy,,,5.0,40,False,33.38341835573204,31.78404506137311,0.0027065216174690385,0.24691084083437473,0.2478274519000952,3.6495521068573
0003_dense_grid_line_505,dense_grid_line,4,6,poor,Nelder-Mead,29,40,token,line,empty_prioritized,,40,False,48.16117340436979,47.765131233017605,2.692713803686115e-07,0.747428019540968,1.0,0.28839612007141113
0003_dense_grid_line_505,dense_grid_line,4,6,poor,Nelder-Mead,29,200,penalty_row_xy,,,5.0,200,False,33.38341835573204,31.120446361520788,0.006085170100546934,0.2558685982149965,0.2573590292043132,18.801170587539673
0003_dense_grid_line_505,dense_grid_line,4,6,poor,Nelder-Mead,29,200,token,line,empty_prioritized,,200,False,48.16117340436979,32.49001791536965,0.0005112619915931421,0.9999934552159352,1.0,1.2246556282043457
0003_dense_grid_line_505,dense_grid_line,4,6,poor,Nelder-Mead,29,800,penalty_row_xy,,,5.0,558,True,33.38341835573204,30.86372599165706,0.003570766099809239,0.2548889668535642,0.25795471387292696,61.29627084732056
0003_dense_grid_line_505,dense_grid_line,4,6,poor,Nelder-Mead,29,800,token,line,empty_prioritized,,752,True,48.16117340436979,30.650783416300094,0.0018973627798999071,0.9999558183533264,1.0,4.710934400558472
0003_dense_grid_line_505,dense_grid_line,4,6,poor,Nelder-Mead,31,40,penalty_row_xy,,,5.0,40,False,33.62840211017272,31.839184318038242,0.004758929165843782,0.26202488163448445,0.26330244255165086,3.6151368618011475
0003_dense_grid_line_505,dense_grid_line,4,6,poor,Nelder-Mead,31,40,token,line,empty_prioritized,,40,False,48.72273000952195,47.07974398362232,1.9711373037194612e-07,0.7806565069101232,1.0,0.2689938545227051
0003_dense_grid_line_505,dense_grid_line,4,6,poor,Nelder-Mead,31,200,penalty_row_xy,,,5.0,200,False,33.62840211017272,30.878143648449985,0.0032836205576015566,0.25959265608405574,0.2632617638936907,19.276787996292114
0003_dense_grid_line_505,dense_grid_line,4,6,poor,Nelder-Mead,31,200,token,line,empty_prioritized,,200,False,48.72273000952195,30.789306636623145,0.0049713381970647365,0.9996921173268455,1.0,1.28468918800354
0003_dense_grid_line_505,dense_grid_line,4,6,poor,Nelder-Mead,31,800,penalty_row_xy,,,5.0,375,True,33.62840211017272,30.863724970240078,0.0035695036634523767,0.2549898952516639,0.25805420498048837,41.29031753540039
0003_dense_grid_line_505,dense_grid_line,4,6,poor,Nelder-Mead,31,800,token,line,empty_prioritized,,800,False,48.72273000952195,30.220053209046494,0.06911006324002664,0.9998512385113942,1.0,4.848809480667114
0003_dense_grid_line_505,dense_grid_line,4,6,poor,Nelder-Mead,37,40,penalty_row_xy,,,5.0,40,False,33.342136290653826,32.51354353068258,0.005884486131151017,0.269027998308959,0.2698469178182894,4.138856410980225
0003_dense_grid_line_505,dense_grid_line,4,6,poor,Nelder-Mead,37,40,token,line,empty_prioritized,,40,False,47.306793808499044,46.90726675057288,9.10267495747494e-08,0.7912432887702605,1.0,0.2496356964111328
0003_dense_grid_line_505,dense_grid_line,4,6,poor,Nelder-Mead,37,200,penalty_row_xy,,,5.0,200,False,33.342136290653826,31.250414623131554,0.005119773156532472,0.28151482422353524,0.28302497535455934,19.277222633361816
0003_dense_grid_line_505,dense_grid_line,4,6,poor,Nelder-Mead,37,200,token,line,empty_prioritized,,200,False,47.306793808499044,35.78981164186041,5.6937633998032405e-05,0.9999996209383282,1.0,1.2923076152801514
0003_dense_grid_line_505,dense_grid_line,4,6,poor,Nelder-Mead,37,800,penalty_row_xy,,,5.0,558,True,33.342136290653826,30.863725064721812,0.0035679848281651777,0.25498610437697034,0.2580528994334333,64.85630989074707
0003_dense_grid_line_505,dense_grid_line,4,6,poor,Nelder-Mead,37,800,token,line,empty_prioritized,,624,True,47.306793808499044,30.630687486407734,0.009428020818773482,0.9992518679514353,1.0,4.191580295562744
0003_dense_grid_line_505,dense_grid_line,4,6,poor,Nelder-Mead,41,40,penalty_row_xy,,,5.0,40,False,33.03143027697331,32.67203084192703,0.0031885328576803733,0.24723320185041062,0.248535048434181,8.591791152954102
0003_dense_grid_line_505,dense_grid_line,4,6,poor,Nelder-Mead,41,40,token,line,empty_prioritized,,40,False,47.47413469246866,46.434893585657015,1.2938964858531228e-07,0.8152062052461146,1.0,0.273806095123291
0003_dense_grid_line_505,dense_grid_line,4,6,poor,Nelder-Mead,41,200,penalty_row_xy,,,5.0,200,False,33.03143027697331,30.864395997126465,0.003592950647276944,0.2558261284764274,0.2589480075448916,19.715282201766968
0003_dense_grid_line_505,dense_grid_line,4,6,poor,Nelder-Mead,41,200,token,line,empty_prioritized,,200,False,47.47413469246866,30.8151696092696,0.004121262597069418,0.9999812004839641,1.0,1.2582316398620605
0003_dense_grid_line_505,dense_grid_line,4,6,poor,Nelder-Mead,41,800,penalty_row_xy,,,5.0,281,True,33.03143027697331,30.863725101125365,0.0035677051134754153,0.2550042290436694,0.25806949974703347,42.97651815414429
0003_dense_grid_line_505,dense_grid_line,4,6,poor,Nelder-Mead,41,800,token,line,empty_prioritized,,800,False,47.47413469246866,30.786584751733322,0.004022709107341245,0.9999504028564472,1.0,8.964020729064941
0003_dense_grid_line_505,dense_grid_line,4,6,poor,Nelder-Mead,43,40,penalty_row_xy,,,5.0,40,False,33.458552669097735,32.30395383597716,0.004158837984031014,0.2664410327431355,0.2675230970547854,7.5793609619140625
0003_dense_grid_line_505,dense_grid_line,4,6,poor,Nelder-Mead,43,40,token,line,empty_prioritized,,40,False,47.41690058021306,46.46978010606632,2.1067582500544144e-08,0.8478786632479826,1.0,0.2995340824127197
0003_dense_grid_line_505,dense_grid_line,4,6,poor,Nelder-Mead,43,200,penalty_row_xy,,,5.0,200,False,33.458552669097735,31.178719420258652,0.005127295841877672,0.27796789354995355,0.27922763884032337,18.95393681526184
0003_dense_grid_line_505,dense_grid_line,4,6,poor,Nelder-Mead,43,200,token,line,empty_prioritized,,200,False,47.41690058021306,30.707480179973366,0.0002966525794023376,0.9999995694893082,1.0,1.7155258655548096
0003_dense_grid_line_505,dense_grid_line,4,6,poor,Nelder-Mead,43,800,penalty_row_xy,,,5.0,524,True,33.458552669097735,30.863724969902798,0.0035704770866883664,0.2549868693475449,0.2580514606903711,81.69644451141357
0003_dense_grid_line_505,dense_grid_line,4,6,poor,Nelder-Mead,43,800,token,line,empty_prioritized,,437,True,47.41690058021306,30.69928127559519,0.0010563376518969432,0.9999999676897372,1.0,3.243699073791504
0004_sparse_grid_lshape_506,sparse_grid_lshape,3,6,deterministic,COBYLA,11,40,penalty_row_xy,,,5.0,40,False,11.122115612878737,9.414386951639035,0.10407332557668073,0.10407332557668073,0.6845591677806598,0.4158813953399658
0004_sparse_grid_lshape_506,sparse_grid_lshape,3,6,deterministic,COBYLA,11,40,token,ring,reversed,,40,False,9.218439955161745,9.069999999999997,0.2578042968558949,0.2578042968558949,1.0,0.6425251960754395
0004_sparse_grid_lshape_506,sparse_grid_lshape,3,6,deterministic,COBYLA,11,200,penalty_row_xy,,,5.0,121,True,11.122115612878737,9.377615455865115,0.11965446785376485,0.11965446785376485,0.7025894990634772,1.3992974758148193
0004_sparse_grid_lshape_506,sparse_grid_lshape,3,6,deterministic,COBYLA,11,200,token,ring,reversed,,51,True,9.218439955161745,9.069999999999999,0.2581384402951009,0.2581384402951009,1.0,0.5963284969329834
0004_sparse_grid_lshape_506,sparse_grid_lshape,3,6,deterministic,COBYLA,11,800,penalty_row_xy,,,5.0,121,True,11.122115612878737,9.377615455865115,0.11965446785376485,0.11965446785376485,0.7025894990634772,1.3827605247497559
0004_sparse_grid_lshape_506,sparse_grid_lshape,3,6,deterministic,COBYLA,11,800,token,ring,reversed,,51,True,9.218439955161745,9.069999999999999,0.2581384402951009,0.2581384402951009,1.0,0.39536118507385254
0004_sparse_grid_lshape_506,sparse_grid_lshape,3,6,deterministic,COBYLA,17,40,penalty_row_xy,,,5.0,40,False,10.660540356041391,9.933117564630521,0.03613574382312591,0.03613574382312591,0.6868809060109289,0.4477658271789551
0004_sparse_grid_lshape_506,sparse_grid_lshape,3,6,deterministic,COBYLA,17,40,token,ring,reversed,,40,False,9.22877334573283,9.070000000000004,0.2586083397354002,0.2586083397354002,1.0,0.33502674102783203
0004_sparse_grid_lshape_506,sparse_grid_lshape,3,6,deterministic,COBYLA,17,200,penalty_row_xy,,,5.0,69,True,10.660540356041391,9.926044176528858,0.03783612426298148,0.03783612426298148,0.6887962734655841,0.802924633026123
0004_sparse_grid_lshape_506,sparse_grid_lshape,3,6,deterministic,COBYLA,17,200,token,ring,reversed,,44,True,9.22877334573283,9.07,0.25879870725763815,0.25879870725763815,1.0,0.3371598720550537
0004_sparse_grid_lshape_506,sparse_grid_lshape,3,6,deterministic,COBYLA,17,800,penalty_row_xy,,,5.0,69,True,10.660540356041391,9.926044176528858,0.03783612426298148,0.03783612426298148,0.6887962734655841,0.7873525619506836
0004_sparse_grid_lshape_506,sparse_grid_lshape,3,6,deterministic,COBYLA,17,800,token,ring,reversed,,44,True,9.22877334573283,9.07,0.25879870725763815,0.25879870725763815,1.0,0.3107616901397705
0004_sparse_grid_lshape_506,sparse_grid_lshape,3,6,deterministic,COBYLA,23,40,penalty_row_xy,,,5.0,40,False,11.042349783145635,9.586016871298417,0.042022750905227876,0.042022750905227876,0.6475348586223357,0.45107603073120117
0004_sparse_grid_lshape_506,sparse_grid_lshape,3,6,deterministic,COBYLA,23,40,token,ring,reversed,,40,False,9.27441822377517,9.070000000000002,0.2692233074361532,0.2692233074361532,1.0,0.3185875415802002
0004_sparse_grid_lshape_506,sparse_grid_lshape,3,6,deterministic,COBYLA,23,200,penalty_row_xy,,,5.0,103,True,11.042349783145635,9.575022009452711,0.047234597456347185,0.047234597456347185,0.6539913718010015,1.1286463737487793
0004_sparse_grid_lshape_506,sparse_grid_lshape,3,6,deterministic,COBYLA,23,200,token,ring,reversed,,46,True,9.27441822377517,9.07,0.26947134254219873,0.2694713425421987,1.0,0.3265972137451172
0004_sparse_grid_lshape_506,sparse_grid_lshape,3,6,deterministic,COBYLA,23,800,penalty_row_xy,,,5.0,103,True,11.042349783145635,9.575022009452711,0.047234597456347185,0.047234597456347185,0.6539913718010015,1.1274394989013672
0004_sparse_grid_lshape_506,sparse_grid_lshape,3,6,deterministic,COBYLA,23,800,token,ring,reversed,,46,True,9.27441822377517,9.07,0.26947134254219873,0.2694713425421987,1.0,0.34813618659973145
0004_sparse_grid_lshape_506,sparse_grid_lshape,3,6,deterministic,COBYLA,29,40,penalty_row_xy,,,5.0,40,False,10.790385265246767,9.94880388833097,0.03430486303329362,0.03430486303329362,0.6901304176300566,0.4301328659057617
0004_sparse_grid_lshape_506,sparse_grid_lshape,3,6,deterministic,COBYLA,29,40,token,ring,reversed,,39,True,9.227173651662348,9.07,0.2717373790969768,0.2717373790969768,1.0,0.2872176170349121
0004_sparse_grid_lshape_506,sparse_grid_lshape,3,6,deterministic,COBYLA,29,200,penalty_row_xy,,,5.0,69,True,10.790385265246767,9.926015942440548,0.03722657603806222,0.03722657603806222,0.689167662305787,0.7906088829040527
0004_sparse_grid_lshape_506,sparse_grid_lshape,3,6,deterministic,COBYLA,29,200,token,ring,reversed,,39,True,9.227173651662348,9.07,0.2717373790969768,0.2717373790969768,1.0,0.29939937591552734
0004_sparse_grid_lshape_506,sparse_grid_lshape,3,6,deterministic,COBYLA,29,800,penalty_row_xy,,,5.0,69,True,10.790385265246767,9.926015942440548,0.03722657603806222,0.03722657603806222,0.689167662305787,0.750490665435791
0004_sparse_grid_lshape_506,sparse_grid_lshape,3,6,deterministic,COBYLA,29,800,token,ring,reversed,,39,True,9.227173651662348,9.07,0.2717373790969768,0.2717373790969768,1.0,0.2952611446380615
0004_sparse_grid_lshape_506,sparse_grid_lshape,3,6,deterministic,COBYLA,31,40,penalty_row_xy,,,5.0,40,False,10.993565796576174,9.954567609821167,0.03817015392237209,0.03817015392237209,0.6868322455089378,0.42606186866760254
0004_sparse_grid_lshape_506,sparse_grid_lshape,3,6,deterministic,COBYLA,31,40,token,ring,reversed,,40,False,9.23809153639797,9.07,0.2885590133620764,0.28855901336207634,1.0,0.3355989456176758
0004_sparse_grid_lshape_506,sparse_grid_lshape,3,6,deterministic,COBYLA,31,200,penalty_row_xy,,,5.0,67,True,10.993565796576174,9.926072442972366,0.036991636683964386,0.036991636683964386,0.6894104313496423,0.7487626075744629
0004_sparse_grid_lshape_506,sparse_grid_lshape,3,6,deterministic,COBYLA,31,200,token,ring,reversed,,50,True,9.23809153639797,9.069999999999999,0.28877583225745107,0.28877583225745107,1.0,0.3765733242034912
0004_sparse_grid_lshape_506,sparse_grid_lshape,3,6,deterministic,COBYLA,31,800,penalty_row_xy,,,5.0,67,True,10.993565796576174,9.926072442972366,0.036991636683964386,0.036991636683964386,0.6894104313496423,0.6905300617218018
0004_sparse_grid_lshape_506,sparse_grid_lshape,3,6,deterministic,COBYLA,31,800,token,ring,reversed,,50,True,9.23809153639797,9.069999999999999,0.28877583225745107,0.28877583225745107,1.0,0.3948354721069336
0004_sparse_grid_lshape_506,sparse_grid_lshape,3,6,deterministic,COBYLA,37,40,penalty_row_xy,,,5.0,40,False,11.144428348850646,9.407968117506265,0.10679317054819246,0.10679317054819246,0.7469977111693056,0.4560258388519287
0004_sparse_grid_lshape_506,sparse_grid_lshape,3,6,deterministic,COBYLA,37,40,token,ring,reversed,,40,True,9.225683333486012,9.070000000000002,0.2531168952092093,0.2531168952092094,1.0,0.32235145568847656
0004_sparse_grid_lshape_506,sparse_grid_lshape,3,6,deterministic,COBYLA,37,200,penalty_row_xy,,,5.0,149,True,11.144428348850646,9.349653987649404,0.1315025476061848,0.1315025476061848,0.7141475785826518,1.663588285446167
0004_sparse_grid_lshape_506,sparse_grid_lshape,3,6,deterministic,COBYLA,37,200,token,ring,reversed,,40,True,9.225683333486012,9.070000000000002,0.2531168952092093,0.2531168952092094,1.0,0.3149080276489258
0004_sparse_grid_lshape_506,sparse_grid_lshape,3,6,deterministic,COBYLA,37,800,penalty_row_xy,,,5.0,149,True,11.144428348850646,9.349653987649404,0.1315025476061848,0.1315025476061848,0.7141475785826518,1.5544941425323486
0004_sparse_grid_lshape_506,sparse_grid_lshape,3,6,deterministic,COBYLA,37,800,token,ring,reversed,,40,True,9.225683333486012,9.070000000000002,0.2531168952092093,0.2531168952092094,1.0,0.29592466354370117
0004_sparse_grid_lshape_506,sparse_grid_lshape,3,6,deterministic,COBYLA,41,40,penalty_row_xy,,,5.0,40,False,10.862254484541708,10.095207074796217,0.0305937395932279,0.0305937395932279,0.6765557176272816,0.4269294738769531
0004_sparse_grid_lshape_506,sparse_grid_lshape,3,6,deterministic,COBYLA,41,40,token,ring,reversed,,40,False,9.194697568387033,9.070000000000004,0.27551332110283944,0.2755133211028394,1.0,0.3170955181121826
0004_sparse_grid_lshape_506,sparse_grid_lshape,3,6,deterministic,COBYLA,41,200,penalty_row_xy,,,5.0,60,True,10.862254484541708,10.091932591137867,0.030513381559506458,0.030513381559506458,0.6759284324543379,0.7714779376983643
0004_sparse_grid_lshape_506,sparse_grid_lshape,3,6,deterministic,COBYLA,41,200,token,ring,reversed,,43,True,9.194697568387033,9.07,0.27568427180742183,0.2756842718074219,1.0,0.3113222122192383
0004_sparse_grid_lshape_506,sparse_grid_lshape,3,6,deterministic,COBYLA,41,800,penalty_row_xy,,,5.0,60,True,10.862254484541708,10.091932591137867,0.030513381559506458,0.030513381559506458,0.6759284324543379,0.6545548439025879
0004_sparse_grid_lshape_506,sparse_grid_lshape,3,6,deterministic,COBYLA,41,800,token,ring,reversed,,43,True,9.194697568387033,9.07,0.27568427180742183,0.2756842718074219,1.0,0.34640002250671387
0004_sparse_grid_lshape_506,sparse_grid_lshape,3,6,deterministic,COBYLA,43,40,penalty_row_xy,,,5.0,40,False,10.826425566318171,9.934039153108358,0.036131568617582904,0.036131568617582904,0.6891263678357837,0.42964625358581543
0004_sparse_grid_lshape_506,sparse_grid_lshape,3,6,deterministic,COBYLA,43,40,token,ring,reversed,,37,True,9.21284861733111,9.070000000000002,0.2961299810384238,0.2961299810384238,1.0,0.2823007106781006
0004_sparse_grid_lshape_506,sparse_grid_lshape,3,6,deterministic,COBYLA,43,200,penalty_row_xy,,,5.0,74,True,10.826425566318171,9.926102341433445,0.03705802863550406,0.03705802863550406,0.6892680110754509,0.801206111907959
0004_sparse_grid_lshape_506,sparse_grid_lshape,3,6,deterministic,COBYLA,43,200,token,ring,reversed,,37,True,9.21284861733111,9.070000000000002,0.2961299810384238,0.2961299810384238,1.0,0.29197263717651367
0004_sparse_grid_lshape_506,sparse_grid_lshape,3,6,deterministic,COBYLA,43,800,penalty_row_xy,,,5.0,74,True,10.826425566318171,9.926102341433445,0.03705802863550406,0.03705802863550406,0.6892680110754509,0.8251612186431885
0004_sparse_grid_lshape_506,sparse_grid_lshape,3,6,deterministic,COBYLA,43,800,token,ring,reversed,,37,True,9.21284861733111,9.070000000000002,0.2961299810384238,0.2961299810384238,1.0,0.3136622905731201
0004_sparse_grid_lshape_506,sparse_grid_lshape,3,6,deterministic,Nelder-Mead,11,40,penalty_row_xy,,,5.0,40,False,11.122115612878737,10.023206697839605,0.03487183478019771,0.03487183478019771,0.687036678923252,0.4664347171783447
0004_sparse_grid_lshape_506,sparse_grid_lshape,3,6,deterministic,Nelder-Mead,11,40,token,ring,reversed,,40,False,9.218439955161745,9.109186878534587,0.23605524597661054,0.23605524597661054,1.0,0.2970619201660156
0004_sparse_grid_lshape_506,sparse_grid_lshape,3,6,deterministic,Nelder-Mead,11,200,penalty_row_xy,,,5.0,200,False,11.122115612878737,9.925898594341417,0.03753944832879325,0.03753944832879325,0.6888341594933951,2.2194197177886963
0004_sparse_grid_lshape_506,sparse_grid_lshape,3,6,deterministic,Nelder-Mead,11,200,token,ring,reversed,,151,True,9.218439955161745,9.070000000000002,0.26791550320753493,0.26791550320753493,1.0,1.148125171661377
0004_sparse_grid_lshape_506,sparse_grid_lshape,3,6,deterministic,Nelder-Mead,11,800,penalty_row_xy,,,5.0,238,True,11.122115612878737,9.92589139515789,0.037478595531269344,0.037478595531269344,0.6889236215955385,2.5404655933380127
0004_sparse_grid_lshape_506,sparse_grid_lshape,3,6,deterministic,Nelder-Mead,11,800,token,ring,reversed,,151,True,9.218439955161745,9.070000000000002,0.26791550320753493,0.26791550320753493,1.0,1.1759564876556396
0004_sparse_grid_lshape_506,sparse_grid_lshape,3,6,deterministic,Nelder-Mead,17,40,penalty_row_xy,,,5.0,40,False,10.660540356041391,10.139585474335528,0.04019029281529894,0.04019029281529894,0.6834781448404162,0.45098090171813965
0004_sparse_grid_lshape_506,sparse_grid_lshape,3,6,deterministic,Nelder-Mead,17,40,token,ring,reversed,,40,False,9.22877334573283,9.1178154941735,0.23189657782070108,0.23189657782070108,1.0,0.28604578971862793
0004_sparse_grid_lshape_506,sparse_grid_lshape,3,6,deterministic,Nelder-Mead,17,200,penalty_row_xy,,,5.0,200,False,10.660540356041391,9.926539215799023,0.03724987024766807,0.03724987024766807,0.6889916229293349,2.20627760887146
0004_sparse_grid_lshape_506,sparse_grid_lshape,3,6,deterministic,Nelder-Mead,17,200,token,ring,reversed,,151,True,9.22877334573283,9.070000000000002,0.25496184944620565,0.2549618494462056,1.0,1.2285988330841064
0004_sparse_grid_lshape_506,sparse_grid_lshape,3,6,deterministic,Nelder-Mead,17,800,penalty_row_xy,,,5.0,315,True,10.660540356041391,9.925891195361148,0.03747851786511933,0.03747851786511933,0.6889258876168519,3.3734374046325684
0004_sparse_grid_lshape_506,sparse_grid_lshape,3,6,deterministic,Nelder-Mead,17,800,token,ring,reversed,,151,True,9.22877334573283,9.070000000000002,0.25496184944620565,0.2549618494462056,1.0,1.1652522087097168
0004_sparse_grid_lshape_506,sparse_grid_lshape,3,6,deterministic,Nelder-Mead,23,40,penalty_row_xy,,,5.0,40,False,11.042349783145635,10.141810578739078,0.041603077283188364,0.041603077283188364,0.6917685660485804,0.4493401050567627
0004_sparse_grid_lshape_506,sparse_grid_lshape,3,6,deterministic,Nelder-Mead,23,40,token,ring,reversed,,40,False,9.27441822377517,9.179312167788428,0.20679290942958467,0.20679290942958464,1.0,0.3078739643096924
0004_sparse_grid_lshape_506,sparse_grid_lshape,3,6,deterministic,Nelder-Mead,23,200,penalty_row_xy,,,5.0,200,False,11.042349783145635,9.92611629362583,0.037275213421685646,0.037275213421685646,0.689205587501388,2.243533134460449
0004_sparse_grid_lshape_506,sparse_grid_lshape,3,6,deterministic,Nelder-Mead,23,200,token,ring,reversed,,200,False,9.27441822377517,9.07,0.2686194420666157,0.26861944206661564,1.0,1.447972059249878
0004_sparse_grid_lshape_506,sparse_grid_lshape,3,6,deterministic,Nelder-Mead,23,800,penalty_row_xy,,,5.0,254,True,11.042349783145635,9.925891812861058,0.037459603651049056,0.037459603651049056,0.6889488558171082,3.2426297664642334
0004_sparse_grid_lshape_506,sparse_grid_lshape,3,6,deterministic,Nelder-Mead,23,800,token,ring,reversed,,228,True,9.27441822377517,9.070000000000006,0.2686194420666157,0.26861944206661564,1.0,1.6830825805664062
0004_sparse_grid_lshape_506,sparse_grid_lshape,3,6,deterministic,Nelder-Mead,29,40,penalty_row_xy,,,5.0,40,False,10.790385265246767,9.99490106952502,0.031806618262743946,0.031806618262743946,0.685481310790495,0.4089772701263428
0004_sparse_grid_lshape_506,sparse_grid_lshape,3,6,deterministic,Nelder-Mead,29,40,token,ring,reversed,,40,False,9.227173651662348,9.07,0.2598398829205931,0.2598398829205931,1.0,0.2762150764465332
0004_sparse_grid_lshape_506,sparse_grid_lshape,3,6,deterministic,Nelder-Mead,29,200,penalty_row_xy,,,5.0,200,False,10.790385265246767,9.9260888290772,0.037404489697199506,0.037404489697199506,0.6889289900986311,2.1572351455688477
0004_sparse_grid_lshape_506,sparse_grid_lshape,3,6,deterministic,Nelder-Mead,29,200,token,ring,reversed,,140,True,9.227173651662348,9.070000000000002,0.2598398829205931,0.2598398829205931,1.0,1.0592093467712402
0004_sparse_grid_lshape_506,sparse_grid_lshape,3,6,deterministic,Nelder-Mead,29,800,penalty_row_xy,,,5.0,292,True,10.790385265246767,9.925891194842379,0.037476480293929776,0.037476480293929776,0.6889285562410541,3.8955445289611816
0004_sparse_grid_lshape_506,sparse_grid_lshape,3,6,deterministic,Nelder-Mead,29,800,token,ring,reversed,,140,True,9.227173651662348,9.070000000000002,0.2598398829205931,0.2598398829205931,1.0,0.9627485275268555
0004_sparse_grid_lshape_506,sparse_grid_lshape,3,6,deterministic,Nelder-Mead,31,40,penalty_row_xy,,,5.0,40,False,10.993565796576174,10.25914298578973,0.022834359470725818,0.022834359470725818,0.6792597547891392,0.6076622009277344
0004_sparse_grid_lshape_506,sparse_grid_lshape,3,6,deterministic,Nelder-Mead,31,40,token,ring,reversed,,40,False,9.23809153639797,9.12972902407096,0.22993781715001746,0.22993781715001746,1.0,0.3026273250579834
0004_sparse_grid_lshape_506,sparse_grid_lshape,3,6,deterministic,Nelder-Mead,31,200,penalty_row_xy,,,5.0,200,False,10.993565796576174,9.925954874834504,0.03740338554571855,0.03740338554571855,0.6889224062413554,3.180251359939575
0004_sparse_grid_lshape_506,sparse_grid_lshape,3,6,deterministic,Nelder-Mead,31,200,token,ring,reversed,,200,False,9.23809153639797,9.070000000000006,0.2564478477757473,0.25644784777574736,1.0,1.5849628448486328
0004_sparse_grid_lshape_506,sparse_grid_lshape,3,6,deterministic,Nelder-Mead,31,800,penalty_row_xy,,,5.0,255,True,10.993565796576174,9.925891242216561,0.03747811172075469,0.03747811172075469,0.6889188446836698,5.8201353549957275
0004_sparse_grid_lshape_506,sparse_grid_lshape,3,6,deterministic,Nelder-Mead,31,800,token,ring,reversed,,201,True,9.23809153639797,9.069999999999999,0.2564478477757473,0.25644784777574736,1.0,1.6301352977752686
0004_sparse_grid_lshape_506,sparse_grid_lshape,3,6,deterministic,Nelder-Mead,37,40,penalty_row_xy,,,5.0,40,False,11.144428348850646,10.102635758021494,0.032459218743138084,0.032459218743138084,0.6759237578875243,0.5075440406799316
0004_sparse_grid_lshape_506,sparse_grid_lshape,3,6,deterministic,Nelder-Mead,37,40,token,ring,reversed,,40,False,9.225683333486012,9.07,0.2517857197079347,0.2517857197079346,1.0,0.5012176036834717
0004_sparse_grid_lshape_506,sparse_grid_lshape,3,6,deterministic,Nelder-Mead,37,200,penalty_row_xy,,,5.0,200,False,11.144428348850646,9.932725260147492,0.036419396279454924,0.036419396279454924,0.6889698118253971,3.6646406650543213
0004_sparse_grid_lshape_506,sparse_grid_lshape,3,6,deterministic,Nelder-Mead,37,200,token,ring,reversed,,119,True,9.225683333486012,9.07,0.25274342296315233,0.25274342296315233,1.0,1.0371601581573486
0004_sparse_grid_lshape_506,sparse_grid_lshape,3,6,deterministic,Nelder-Mead,37,800,penalty_row_xy,,,5.0,300,True,11.144428348850646,9.925891241001798,0.037472581274252584,0.037472581274252584,0.6889314671727405,6.989551305770874
0004_sparse_grid_lshape_506,sparse_grid_lshape,3,6,deterministic,Nelder-Mead,37,800,token,ring,reversed,,119,True,9.225683333486012,9.07,0.25274342296315233,0.25274342296315233,1.0,1.1384141445159912
0004_sparse_grid_lshape_506,sparse_grid_lshape,3,6,deterministic,Nelder-Mead,41,40,penalty_row_xy,,,5.0,40,False,10.862254484541708,10.134457757668969,0.03570242951426059,0.03570242951426059,0.6752141422025104,0.9693481922149658
0004_sparse_grid_lshape_506,sparse_grid_lshape,3,6,deterministic,Nelder-Mead,41,40,token,ring,reversed,,40,False,9.194697568387033,9.07,0.25507695259254914,0.25507695259254914,1.0,0.5963156223297119
0004_sparse_grid_lshape_506,sparse_grid_lshape,3,6,deterministic,Nelder-Mead,41,200,penalty_row_xy,,,5.0,200,False,10.862254484541708,9.926097169323013,0.037555407397997044,0.037555407397997044,0.6888071275343769,4.6148293018341064
0004_sparse_grid_lshape_506,sparse_grid_lshape,3,6,deterministic,Nelder-Mead,41,200,token,ring,reversed,,114,True,9.194697568387033,9.07,0.2564522973315996,0.2564522973315996,1.0,1.5673573017120361
0004_sparse_grid_lshape_506,sparse_grid_lshape,3,6,deterministic,Nelder-Mead,41,800,penalty_row_xy,,,5.0,291,True,10.862254484541708,9.925891204156155,0.03747284235080972,0.03747284235080972,0.6889333731822699,6.635195016860962
0004_sparse_grid_lshape_506,sparse_grid_lshape,3,6,deterministic,Nelder-Mead,41,800,token,ring,reversed,,114,True,9.194697568387033,9.07,0.2564522973315996,0.2564522973315996,1.0,1.8221020698547363
0004_sparse_grid_lshape_506,sparse_grid_lshape,3,6,deterministic,Nelder-Mead,43,40,penalty_row_xy,,,5.0,40,False,10.826425566318171,10.039542353934939,0.04094789794112376,0.04094789794112376,0.6773632189300103,0.9833886623382568
0004_sparse_grid_lshape_506,sparse_grid_lshape,3,6,deterministic,Nelder-Mead,43,40,token,ring,reversed,,40,False,9.21284861733111,9.098205895227684,0.2391212244915757,0.2391212244915757,1.0,0.6071369647979736
0004_sparse_grid_lshape_506,sparse_grid_lshape,3,6,deterministic,Nelder-Mead,43,200,penalty_row_xy,,,5.0,200,False,10.826425566318171,9.925912114326739,0.037491518044316066,0.037491518044316066,0.6888698815736068,4.566284894943237
0004_sparse_grid_lshape_506,sparse_grid_lshape,3,6,deterministic,Nelder-Mead,43,200,token,ring,reversed,,163,True,9.21284861733111,9.069999999999997,0.25732160033232093,0.25732160033232093,1.0,2.441399335861206
0004_sparse_grid_lshape_506,sparse_grid_lshape,3,6,deterministic,Nelder-Mead,43,800,penalty_row_xy,,,5.0,270,True,10.826425566318171,9.92589120923115,0.03747321147931425,0.03747321147931425,0.6889264546949805,6.845418214797974
0004_sparse_grid_lshape_506,sparse_grid_lshape,3,6,deterministic,Nelder-Mead,43,800,token,ring,reversed,,163,True,9.21284861733111,9.069999999999997,0.25732160033232093,0.25732160033232093,1.0,2.479245185852051
0004_sparse_grid_lshape_506,sparse_grid_lshape,3,6,poor,COBYLA,11,40,penalty_row_xy,,,5.0,40,False,10.893890984590389,9.352431107337203,0.1364651320907354,0.5996208521975399,0.6013550000685823,0.9347293376922607
0004_sparse_grid_lshape_506,sparse_grid_lshape,3,6,poor,COBYLA,11,40,token,ring,reversed,,40,False,14.139356016989126,9.67644649551327,0.014517046301030704,0.7702808708136952,1.0,0.6568770408630371
0004_sparse_grid_lshape_506,sparse_grid_lshape,3,6,poor,COBYLA,11,200,penalty_row_xy,,,5.0,76,True,10.893890984590389,9.35024436768164,0.13722334375324882,0.6015909060499788,0.6033320220846448,1.8347892761230469
0004_sparse_grid_lshape_506,sparse_grid_lshape,3,6,poor,COBYLA,11,200,token,ring,reversed,,122,True,14.139356016989126,9.637356961532888,0.026122247070702452,0.850577805504515,1.0,1.4807448387145996
0004_sparse_grid_lshape_506,sparse_grid_lshape,3,6,poor,COBYLA,11,800,penalty_row_xy,,,5.0,76,True,10.893890984590389,9.35024436768164,0.13722334375324882,0.6015909060499788,0.6033320220846448,1.846750259399414
0004_sparse_grid_lshape_506,sparse_grid_lshape,3,6,poor,COBYLA,11,800,token,ring,reversed,,122,True,14.139356016989126,9.637356961532888,0.026122247070702452,0.850577805504515,1.0,1.905299425125122
0004_sparse_grid_lshape_506,sparse_grid_lshape,3,6,poor,COBYLA,17,40,penalty_row_xy,,,5.0,40,False,11.169671362824236,9.42242616860203,0.10434758567878799,0.6304169909101652,0.6307571809300428,1.007533073425293
0004_sparse_grid_lshape_506,sparse_grid_lshape,3,6,poor,COBYLA,17,40,token,ring,reversed,,40,False,15.533129303554162,9.615586842408238,0.035124384430367694,0.9062464264555121,1.0,0.6745727062225342
0004_sparse_grid_lshape_506,sparse_grid_lshape,3,6,poor,COBYLA,17,200,penalty_row_xy,,,5.0,75,True,11.169671362824236,9.421096210694072,0.10507613130614439,0.6242113816943734,0.6245391512747073,1.5120823383331299
0004_sparse_grid_lshape_506,sparse_grid_lshape,3,6,poor,COBYLA,17,200,token,ring,reversed,,64,True,15.533129303554162,9.609708166491847,0.03565941986314795,0.9081633348068057,1.0,1.0399017333984375
0004_sparse_grid_lshape_506,sparse_grid_lshape,3,6,poor,COBYLA,17,800,penalty_row_xy,,,5.0,75,True,11.169671362824236,9.421096210694072,0.10507613130614439,0.6242113816943734,0.6245391512747073,0.8477869033813477
0004_sparse_grid_lshape_506,sparse_grid_lshape,3,6,poor,COBYLA,17,800,token,ring,reversed,,64,True,15.533129303554162,9.609708166491847,0.03565941986314795,0.9081633348068057,1.0,1.0543863773345947
0004_sparse_grid_lshape_506,sparse_grid_lshape,3,6,poor,COBYLA,23,40,penalty_row_xy,,,5.0,40,False,11.280708718999763,9.347871936658201,0.13225765395838968,0.5502430434731579,0.5505075095274847,0.8166263103485107
0004_sparse_grid_lshape_506,sparse_grid_lshape,3,6,poor,COBYLA,23,40,token,ring,reversed,,40,False,15.700370370925755,9.685579421914182,0.012595411307185833,0.8039757793117221,1.0,0.7038850784301758
0004_sparse_grid_lshape_506,sparse_grid_lshape,3,6,poor,COBYLA,23,200,penalty_row_xy,,,5.0,93,True,11.280708718999763,9.260540257325214,0.17135171023537757,0.6431625918415811,0.6438843584153753,2.444483757019043
0004_sparse_grid_lshape_506,sparse_grid_lshape,3,6,poor,COBYLA,23,200,token,ring,reversed,,104,True,15.700370370925755,9.632631410857519,0.028594478068239945,0.8937316348627047,1.0,1.2136056423187256
0004_sparse_grid_lshape_506,sparse_grid_lshape,3,6,poor,COBYLA,23,800,penalty_row_xy,,,5.0,93,True,11.280708718999763,9.260540257325214,0.17135171023537757,0.6431625918415811,0.6438843584153753,2.3134565353393555
0004_sparse_grid_lshape_506,sparse_grid_lshape,3,6,poor,COBYLA,23,800,token,ring,reversed,,104,True,15.700370370925755,9.632631410857519,0.028594478068239945,0.8937316348627047,1.0,1.07413911819458
0004_sparse_grid_lshape_506,sparse_grid_lshape,3,6,poor,COBYLA,29,40,penalty_row_xy,,,5.0,40,False,11.304123924252952,9.620015470059021,0.05035354304251333,0.5643517530357101,0.5657106237854128,1.1184563636779785
0004_sparse_grid_lshape_506,sparse_grid_lshape,3,6,poor,COBYLA,29,40,token,ring,reversed,,40,False,15.539336195360187,9.676275679289251,0.016386875107353253,0.8365435463289398,1.0,0.6750762462615967
0004_sparse_grid_lshape_506,sparse_grid_lshape,3,6,poor,COBYLA,29,200,penalty_row_xy,,,5.0,57,True,11.304123924252952,9.618472225746526,0.050852682372738996,0.5638940226192514,0.565262517831082,1.4036054611206055
0004_sparse_grid_lshape_506,sparse_grid_lshape,3,6,poor,COBYLA,29,200,token,ring,reversed,,119,True,15.539336195360187,9.636890465774421,0.0274203605645651,0.8950405292333001,1.0,1.968688726425171
0004_sparse_grid_lshape_506,sparse_grid_lshape,3,6,poor,COBYLA,29,800,penalty_row_xy,,,5.0,57,True,11.304123924252952,9.618472225746526,0.050852682372738996,0.5638940226192514,0.565262517831082,1.492389440536499
0004_sparse_grid_lshape_506,sparse_grid_lshape,3,6,poor,COBYLA,29,800,token,ring,reversed,,119,True,15.539336195360187,9.636890465774421,0.0274203605645651,0.8950405292333001,1.0,2.1564602851867676
0004_sparse_grid_lshape_506,sparse_grid_lshape,3,6,poor,COBYLA,31,40,penalty_row_xy,,,5.0,40,False,11.096543378133918,9.583316838537417,0.06780930134365402,0.5394964679361395,0.5411047341824506,0.9866693019866943
0004_sparse_grid_lshape_506,sparse_grid_lshape,3,6,poor,COBYLA,31,40,token,ring,reversed,,40,False,15.115522690883617,9.63407957997024,0.027143492721605225,0.8625349077491662,1.0,0.3169538974761963
0004_sparse_grid_lshape_506,sparse_grid_lshape,3,6,poor,COBYLA,31,200,penalty_row_xy,,,5.0,75,True,11.096543378133918,9.578160172913028,0.06959053002253358,0.5418930532178542,0.5434796449166934,1.1960208415985107
0004_sparse_grid_lshape_506,sparse_grid_lshape,3,6,poor,COBYLA,31,200,token,ring,reversed,,67,True,15.115522690883617,9.632005497083599,0.027945698048854696,0.869398721653289,1.0,0.9075784683227539
0004_sparse_grid_lshape_506,sparse_grid_lshape,3,6,poor,COBYLA,31,800,penalty_row_xy,,,5.0,75,True,11.096543378133918,9.578160172913028,0.06959053002253358,0.5418930532178542,0.5434796449166934,1.3244645595550537
0004_sparse_grid_lshape_506,sparse_grid_lshape,3,6,poor,COBYLA,31,800,token,ring,reversed,,67,True,15.115522690883617,9.632005497083599,0.027945698048854696,0.869398721653289,1.0,0.6977293491363525
0004_sparse_grid_lshape_506,sparse_grid_lshape,3,6,poor,COBYLA,37,40,penalty_row_xy,,,5.0,40,False,11.543010727306502,9.352239100768434,0.1367027589456169,0.6002337172443981,0.6023043445485079,0.8562939167022705
0004_sparse_grid_lshape_506,sparse_grid_lshape,3,6,poor,COBYLA,37,40,token,ring,reversed,,40,False,16.55752811185888,10.463155607295255,0.00915549329029456,0.8232494659207625,1.0,0.7364077568054199
0004_sparse_grid_lshape_506,sparse_grid_lshape,3,6,poor,COBYLA,37,200,penalty_row_xy,,,5.0,70,True,11.543010727306502,9.350220270972839,0.13717920960276656,0.6012252068721168,0.6030597038082938,1.5771205425262451
0004_sparse_grid_lshape_506,sparse_grid_lshape,3,6,poor,COBYLA,37,200,token,ring,reversed,,151,True,16.55752811185888,9.64756229703825,0.02455481421212409,0.8871481805043441,1.0,2.41186261177063
0004_sparse_grid_lshape_506,sparse_grid_lshape,3,6,poor,COBYLA,37,800,penalty_row_xy,,,5.0,70,True,11.543010727306502,9.350220270972839,0.13717920960276656,0.6012252068721168,0.6030597038082938,1.5322198867797852
0004_sparse_grid_lshape_506,sparse_grid_lshape,3,6,poor,COBYLA,37,800,token,ring,reversed,,151,True,16.55752811185888,9.64756229703825,0.02455481421212409,0.8871481805043441,1.0,2.497413396835327
0004_sparse_grid_lshape_506,sparse_grid_lshape,3,6,poor,COBYLA,41,40,penalty_row_xy,,,5.0,40,False,11.132057173819542,9.35173156462948,0.13661694609173336,0.6001492737463664,0.6020023844131267,0.44382143020629883
0004_sparse_grid_lshape_506,sparse_grid_lshape,3,6,poor,COBYLA,41,40,token,ring,reversed,,40,False,15.174745499698908,9.664116079926757,0.017982334798973605,0.7958620419721385,1.0,0.6771080493927002
0004_sparse_grid_lshape_506,sparse_grid_lshape,3,6,poor,COBYLA,41,200,penalty_row_xy,,,5.0,65,True,11.132057173819542,9.350184851430502,0.1371633561303562,0.6012384623295802,0.6030129636992789,0.7213077545166016
0004_sparse_grid_lshape_506,sparse_grid_lshape,3,6,poor,COBYLA,41,200,token,ring,reversed,,97,True,15.174745499698908,9.627371572323453,0.029488844298781867,0.8687277483735527,1.0,1.430614948272705
0004_sparse_grid_lshape_506,sparse_grid_lshape,3,6,poor,COBYLA,41,800,penalty_row_xy,,,5.0,65,True,11.132057173819542,9.350184851430502,0.1371633561303562,0.6012384623295802,0.6030129636992789,0.7540793418884277
0004_sparse_grid_lshape_506,sparse_grid_lshape,3,6,poor,COBYLA,41,800,token,ring,reversed,,97,True,15.174745499698908,9.627371572323453,0.029488844298781867,0.8687277483735527,1.0,0.7610282897949219
0004_sparse_grid_lshape_506,sparse_grid_lshape,3,6,poor,COBYLA,43,40,penalty_row_xy,,,5.0,40,False,11.012175759125615,9.433084741320076,0.11029048920869614,0.5791417028063488,0.5834508080388188,1.006657361984253
0004_sparse_grid_lshape_506,sparse_grid_lshape,3,6,poor,COBYLA,43,40,token,ring,reversed,,40,False,15.285655387450813,9.613872528953342,0.034125625237776916,0.9030436349361585,1.0,0.6053433418273926
0004_sparse_grid_lshape_506,sparse_grid_lshape,3,6,poor,COBYLA,43,200,penalty_row_xy,,,5.0,106,True,11.012175759125615,9.35024932570152,0.13710396106333256,0.6009745501912039,0.6028181581312007,2.398014545440674
0004_sparse_grid_lshape_506,sparse_grid_lshape,3,6,poor,COBYLA,43,200,token,ring,reversed,,67,True,15.285655387450813,9.613382351459462,0.03559804890425622,0.9100956876404638,1.0,1.0914349555969238
0004_sparse_grid_lshape_506,sparse_grid_lshape,3,6,poor,COBYLA,43,800,penalty_row_xy,,,5.0,106,True,11.012175759125615,9.35024932570152,0.13710396106333256,0.6009745501912039,0.6028181581312007,2.397406816482544
0004_sparse_grid_lshape_506,sparse_grid_lshape,3,6,poor,COBYLA,43,800,token,ring,reversed,,67,True,15.285655387450813,9.613382351459462,0.03559804890425622,0.9100956876404638,1.0,0.9901199340820312
0004_sparse_grid_lshape_506,sparse_grid_lshape,3,6,poor,Nelder-Mead,11,40,penalty_row_xy,,,5.0,40,False,10.893890984590389,9.397742805020895,0.12552344675600294,0.586948000633593,0.5900043953633571,0.8564178943634033
0004_sparse_grid_lshape_506,sparse_grid_lshape,3,6,poor,Nelder-Mead,11,40,token,ring,reversed,,40,False,14.139356016989126,10.096980449798346,0.005072307503535496,0.6921036380521781,1.0,0.640049934387207
0004_sparse_grid_lshape_506,sparse_grid_lshape,3,6,poor,Nelder-Mead,11,200,penalty_row_xy,,,5.0,200,False,10.893890984590389,9.350157180466244,0.1371819385520699,0.601257516581428,0.6030496036083463,4.2760090827941895
0004_sparse_grid_lshape_506,sparse_grid_lshape,3,6,poor,Nelder-Mead,11,200,token,ring,reversed,,200,False,14.139356016989126,9.60807663683487,0.03797768368052693,0.9265955012949105,1.0,3.235903024673462
0004_sparse_grid_lshape_506,sparse_grid_lshape,3,6,poor,Nelder-Mead,11,800,penalty_row_xy,,,5.0,227,True,10.893890984590389,9.350156982496067,0.13718627404628278,0.6012634564294046,0.6030526025747138,5.051886796951294
0004_sparse_grid_lshape_506,sparse_grid_lshape,3,6,poor,Nelder-Mead,11,800,token,ring,reversed,,477,True,14.139356016989126,9.599875953742792,0.0394268059110133,0.9309002844470404,1.0,7.586930751800537
0004_sparse_grid_lshape_506,sparse_grid_lshape,3,6,poor,Nelder-Mead,17,40,penalty_row_xy,,,5.0,40,False,11.169671362824236,9.808443452285514,0.10135117828393173,0.5585031015602765,0.5623247080604232,0.9277098178863525
0004_sparse_grid_lshape_506,sparse_grid_lshape,3,6,poor,Nelder-Mead,17,40,token,ring,reversed,,40,False,15.533129303554162,9.920166074793434,0.005759749502518471,0.6728568558259886,1.0,0.3492465019226074
0004_sparse_grid_lshape_506,sparse_grid_lshape,3,6,poor,Nelder-Mead,17,200,penalty_row_xy,,,5.0,200,False,11.169671362824236,9.417420691371508,0.11637179455038489,0.5763327416118587,0.5800779837341371,4.546029806137085
0004_sparse_grid_lshape_506,sparse_grid_lshape,3,6,poor,Nelder-Mead,17,200,token,ring,reversed,,200,False,15.533129303554162,9.6240349432447,0.03147755379411378,0.899032376590054,1.0,1.6788618564605713
0004_sparse_grid_lshape_506,sparse_grid_lshape,3,6,poor,Nelder-Mead,17,800,penalty_row_xy,,,5.0,628,True,11.169671362824236,9.350156969531843,0.1371844930023117,0.6012701803286928,0.6030597889267042,13.963188886642456
0004_sparse_grid_lshape_506,sparse_grid_lshape,3,6,poor,Nelder-Mead,17,800,token,ring,reversed,,612,True,15.533129303554162,9.560326564914574,0.05522957879068128,0.9452382934925406,1.0,5.092256546020508
0004_sparse_grid_lshape_506,sparse_grid_lshape,3,6,poor,Nelder-Mead,23,40,penalty_row_xy,,,5.0,40,False,11.280708718999763,9.663551930595172,0.0838724882503905,0.5388738948877967,0.5399949564495872,0.8588964939117432
0004_sparse_grid_lshape_506,sparse_grid_lshape,3,6,poor,Nelder-Mead,23,40,token,ring,reversed,,40,False,15.700370370925755,10.77420359324816,0.0025058958205165026,0.67210410087477,1.0,0.6331419944763184
0004_sparse_grid_lshape_506,sparse_grid_lshape,3,6,poor,Nelder-Mead,23,200,penalty_row_xy,,,5.0,200,False,11.280708718999763,9.351479925573825,0.1430760132281065,0.5402649027865039,0.5419624067956105,4.144516706466675
0004_sparse_grid_lshape_506,sparse_grid_lshape,3,6,poor,Nelder-Mead,23,200,token,ring,reversed,,200,False,15.700370370925755,9.654537205266122,0.03149480445052043,0.8981592382546794,1.0,3.158989429473877
0004_sparse_grid_lshape_506,sparse_grid_lshape,3,6,poor,Nelder-Mead,23,800,penalty_row_xy,,,5.0,455,True,11.280708718999763,9.260493077059436,0.1713956290259783,0.644655366099107,0.6453693514363621,10.063075542449951
0004_sparse_grid_lshape_506,sparse_grid_lshape,3,6,poor,Nelder-Mead,23,800,token,ring,reversed,,800,False,15.700370370925755,9.597842803584756,0.04030747133263972,0.9427140021221514,1.0,11.707186937332153
0004_sparse_grid_lshape_506,sparse_grid_lshape,3,6,poor,Nelder-Mead,29,40,penalty_row_xy,,,5.0,40,False,11.304123924252952,9.74553461033106,0.12060052431123205,0.5924162742637845,0.5937368181370724,0.4801192283630371
0004_sparse_grid_lshape_506,sparse_grid_lshape,3,6,poor,Nelder-Mead,29,40,token,ring,reversed,,40,False,15.539336195360187,9.999362653521995,0.004294846438116769,0.6483023710582634,1.0,0.6892011165618896
0004_sparse_grid_lshape_506,sparse_grid_lshape,3,6,poor,Nelder-Mead,29,200,penalty_row_xy,,,5.0,200,False,11.304123924252952,9.350187094230064,0.13718188998725805,0.6013320967386321,0.603123965447093,2.2460243701934814
0004_sparse_grid_lshape_506,sparse_grid_lshape,3,6,poor,Nelder-Mead,29,200,token,ring,reversed,,200,False,15.539336195360187,9.65623403794094,0.02023649432015436,0.8235621682886493,1.0,3.2876136302948
0004_sparse_grid_lshape_506,sparse_grid_lshape,3,6,poor,Nelder-Mead,29,800,penalty_row_xy,,,5.0,244,True,11.304123924252952,9.350157045061959,0.1371829875649279,0.601265856049647,0.6030548214752057,2.621568202972412
0004_sparse_grid_lshape_506,sparse_grid_lshape,3,6,poor,Nelder-Mead,29,800,token,ring,reversed,,800,False,15.539336195360187,9.654539068068512,0.02080416127931703,0.8295976113691992,1.0,11.026980876922607
0004_sparse_grid_lshape_506,sparse_grid_lshape,3,6,poor,Nelder-Mead,31,40,penalty_row_xy,,,5.0,40,False,11.096543378133918,10.045265167510085,0.12482315551201789,0.5985898241216735,0.6002748518687095,0.8640568256378174
0004_sparse_grid_lshape_506,sparse_grid_lshape,3,6,poor,Nelder-Mead,31,40,token,ring,reversed,,40,False,15.115522690883617,9.997960319109781,0.00453653915077651,0.6671642254250707,1.0,0.7180938720703125
0004_sparse_grid_lshape_506,sparse_grid_lshape,3,6,poor,Nelder-Mead,31,200,penalty_row_xy,,,5.0,200,False,11.096543378133918,9.350172198097885,0.13720686867026055,0.6014116933263461,0.6031991710436073,4.564236164093018
0004_sparse_grid_lshape_506,sparse_grid_lshape,3,6,poor,Nelder-Mead,31,200,token,ring,reversed,,200,False,15.115522690883617,9.673872381972881,0.015131922436547353,0.7982474360221407,1.0,3.229358434677124
0004_sparse_grid_lshape_506,sparse_grid_lshape,3,6,poor,Nelder-Mead,31,800,penalty_row_xy,,,5.0,279,True,11.096543378133918,9.350157002338902,0.13718726263328324,0.6012696776543794,0.6030590624907595,6.308361530303955
0004_sparse_grid_lshape_506,sparse_grid_lshape,3,6,poor,Nelder-Mead,31,800,token,ring,reversed,,800,False,15.115522690883617,9.650595267533982,0.021052576109637053,0.8777732094943388,1.0,12.47466254234314
0004_sparse_grid_lshape_506,sparse_grid_lshape,3,6,poor,Nelder-Mead,37,40,penalty_row_xy,,,5.0,40,False,11.543010727306502,9.45084105721826,0.10578429574832567,0.5938155856294396,0.595825417595482,1.0076191425323486
0004_sparse_grid_lshape_506,sparse_grid_lshape,3,6,poor,Nelder-Mead,37,40,token,ring,reversed,,40,False,16.55752811185888,9.751077037121446,0.0056353959297050305,0.6589968752807757,1.0,0.6094691753387451
0004_sparse_grid_lshape_506,sparse_grid_lshape,3,6,poor,Nelder-Mead,37,200,penalty_row_xy,,,5.0,200,False,11.543010727306502,9.350179327177043,0.13715283938428086,0.6012287947755071,0.6030252814722377,4.520633220672607
0004_sparse_grid_lshape_506,sparse_grid_lshape,3,6,poor,Nelder-Mead,37,200,token,ring,reversed,,200,False,16.55752811185888,9.66994946229833,0.01690613506023384,0.846675020036615,1.0,3.135035514831543
0004_sparse_grid_lshape_506,sparse_grid_lshape,3,6,poor,Nelder-Mead,37,800,penalty_row_xy,,,5.0,248,True,11.543010727306502,9.350157044969148,0.13718208020724149,0.6012690621726429,0.6030602528335208,5.858702898025513
0004_sparse_grid_lshape_506,sparse_grid_lshape,3,6,poor,Nelder-Mead,37,800,token,ring,reversed,,800,False,16.55752811185888,9.661798599935036,0.019755160282698477,0.8673677837306801,1.0,12.549248456954956
0004_sparse_grid_lshape_506,sparse_grid_lshape,3,6,poor,Nelder-Mead,41,40,penalty_row_xy,,,5.0,40,False,11.132057173819542,9.832547707851472,0.12608484531274633,0.5867345755171639,0.5893067500832161,0.9553964138031006
0004_sparse_grid_lshape_506,sparse_grid_lshape,3,6,poor,Nelder-Mead,41,40,token,ring,reversed,,40,False,15.174745499698908,10.20101971899386,0.006387076081049573,0.697764449476391,1.0,0.36495471000671387
0004_sparse_grid_lshape_506,sparse_grid_lshape,3,6,poor,Nelder-Mead,41,200,penalty_row_xy,,,5.0,200,False,11.132057173819542,9.350157122354268,0.13718529554667191,0.6012682579932113,0.6030574376379412,4.761933088302612
0004_sparse_grid_lshape_506,sparse_grid_lshape,3,6,poor,Nelder-Mead,41,200,token,ring,reversed,,200,False,15.174745499698908,9.65004668404803,0.02321959034773276,0.8803325264362067,1.0,3.145533800125122
0004_sparse_grid_lshape_506,sparse_grid_lshape,3,6,poor,Nelder-Mead,41,800,penalty_row_xy,,,5.0,213,True,11.132057173819542,9.350156978517898,0.13718497313472988,0.6012707131672077,0.6030606586436107,5.162823915481567
0004_sparse_grid_lshape_506,sparse_grid_lshape,3,6,poor,Nelder-Mead,41,800,token,ring,reversed,,800,False,15.174745499698908,9.627525379779987,0.030449922525075904,0.9050930453921416,1.0,12.513136386871338
0004_sparse_grid_lshape_506,sparse_grid_lshape,3,6,poor,Nelder-Mead,43,40,penalty_row_xy,,,5.0,40,False,11.012175759125615,9.868750414176704,0.10620806358078846,0.5968503628134189,0.598597286154163,0.9657566547393799
0004_sparse_grid_lshape_506,sparse_grid_lshape,3,6,poor,Nelder-Mead,43,40,token,ring,reversed,,40,False,15.285655387450813,9.892526183610878,0.006708528030895535,0.686211304562713,1.0,0.6249535083770752
0004_sparse_grid_lshape_506,sparse_grid_lshape,3,6,poor,Nelder-Mead,43,200,penalty_row_xy,,,5.0,200,False,11.012175759125615,9.351112786528235,0.13663846470043725,0.6012869074841393,0.6031223720120154,4.810466051101685
0004_sparse_grid_lshape_506,sparse_grid_lshape,3,6,poor,Nelder-Mead,43,200,token,ring,reversed,,200,False,15.285655387450813,9.594670869153262,0.0422702934469265,0.9149755550966379,1.0,3.270015239715576
0004_sparse_grid_lshape_506,sparse_grid_lshape,3,6,poor,Nelder-Mead,43,800,penalty_row_xy,,,5.0,368,True,11.012175759125615,9.350156966966502,0.13718504250257502,0.6012665744616029,0.6030562213765044,8.399366855621338
0004_sparse_grid_lshape_506,sparse_grid_lshape,3,6,poor,Nelder-Mead,43,800,token,ring,reversed,,800,False,15.285655387450813,9.576120440620487,0.04972036440752566,0.9422074806733931,1.0,12.791682004928589
0005_dense_grid_lshape_507,dense_grid_lshape,4,6,deterministic,COBYLA,11,40,penalty_row_xy,,,5.0,40,False,28.906092559913365,21.11762536068757,0.15262374770109235,0.15262374770109235,0.3614395891279426,6.966392993927002
0005_dense_grid_lshape_507,dense_grid_lshape,4,6,deterministic,COBYLA,11,40,token,line,empty_prioritized,,29,True,21.195786356957736,21.08,0.2649440769001183,0.2649440769001183,1.0,0.1850590705871582
0005_dense_grid_lshape_507,dense_grid_lshape,4,6,deterministic,COBYLA,11,200,penalty_row_xy,,,5.0,64,True,28.906092559913365,21.113782971664847,0.15710057588692847,0.15710057588692847,0.3758056621738331,12.561485767364502
0005_dense_grid_lshape_507,dense_grid_lshape,4,6,deterministic,COBYLA,11,200,token,line,empty_prioritized,,29,True,21.195786356957736,21.08,0.2649440769001183,0.2649440769001183,1.0,0.22401785850524902
0005_dense_grid_lshape_507,dense_grid_lshape,4,6,deterministic,COBYLA,11,800,penalty_row_xy,,,5.0,64,True,28.906092559913365,21.113782971664847,0.15710057588692847,0.15710057588692847,0.3758056621738331,12.321421146392822
0005_dense_grid_lshape_507,dense_grid_lshape,4,6,deterministic,COBYLA,11,800,token,line,empty_prioritized,,29,True,21.195786356957736,21.08,0.2649440769001183,0.2649440769001183,1.0,0.2209949493408203
0005_dense_grid_lshape_507,dense_grid_lshape,4,6,deterministic,COBYLA,17,40,penalty_row_xy,,,5.0,40,False,28.974850025717508,24.451662514130742,0.004505254302439738,0.004505254302439738,0.3459647774070559,8.026637554168701
0005_dense_grid_lshape_507,dense_grid_lshape,4,6,deterministic,COBYLA,17,40,token,line,empty_prioritized,,32,True,21.18572422979202,21.08,0.2590073197721629,0.2590073197721629,1.0,0.20326471328735352
0005_dense_grid_lshape_507,dense_grid_lshape,4,6,deterministic,COBYLA,17,200,penalty_row_xy,,,5.0,86,True,28.974850025717508,21.44306746118847,0.003973635750505442,0.003973635750505442,0.5306756990109404,16.922343492507935
0005_dense_grid_lshape_507,dense_grid_lshape,4,6,deterministic,COBYLA,17,200,token,line,empty_prioritized,,32,True,21.18572422979202,21.08,0.2590073197721629,0.2590073197721629,1.0,0.272566556930542
0005_dense_grid_lshape_507,dense_grid_lshape,4,6,deterministic,COBYLA,17,800,penalty_row_xy,,,5.0,86,True,28.974850025717508,21.44306746118847,0.003973635750505442,0.003973635750505442,0.5306756990109404,11.683090209960938
0005_dense_grid_lshape_507,dense_grid_lshape,4,6,deterministic,COBYLA,17,800,token,line,empty_prioritized,,32,True,21.18572422979202,21.08,0.2590073197721629,0.2590073197721629,1.0,0.42098450660705566
0005_dense_grid_lshape_507,dense_grid_lshape,4,6,deterministic,COBYLA,23,40,penalty_row_xy,,,5.0,40,False,28.927286784371898,26.853823675524843,0.002877557768872027,0.002877557768872027,0.21301523373102155,4.716992616653442
0005_dense_grid_lshape_507,dense_grid_lshape,4,6,deterministic,COBYLA,23,40,token,line,empty_prioritized,,35,True,21.214858351806903,21.08,0.2561973668943307,0.2561973668943307,1.0,0.21773910522460938
0005_dense_grid_lshape_507,dense_grid_lshape,4,6,deterministic,COBYLA,23,200,penalty_row_xy,,,5.0,63,True,28.927286784371898,26.845895591421247,0.002971562839399762,0.002971562839399762,0.209025759186826,10.657371759414673
0005_dense_grid_lshape_507,dense_grid_lshape,4,6,deterministic,COBYLA,23,200,token,line,empty_prioritized,,35,True,21.214858351806903,21.08,0.2561973668943307,0.2561973668943307,1.0,0.22280001640319824
0005_dense_grid_lshape_507,dense_grid_lshape,4,6,deterministic,COBYLA,23,800,penalty_row_xy,,,5.0,63,True,28.927286784371898,26.845895591421247,0.002971562839399762,0.002971562839399762,0.209025759186826,8.133667469024658
0005_dense_grid_lshape_507,dense_grid_lshape,4,6,deterministic,COBYLA,23,800,token,line,empty_prioritized,,35,True,21.214858351806903,21.08,0.2561973668943307,0.2561973668943307,1.0,0.25089311599731445
0005_dense_grid_lshape_507,dense_grid_lshape,4,6,deterministic,COBYLA,29,40,penalty_row_xy,,,5.0,40,False,28.90791770396999,27.457433299193287,0.009745470241618216,0.009745470241618216,0.2785072422210936,7.973941802978516
0005_dense_grid_lshape_507,dense_grid_lshape,4,6,deterministic,COBYLA,29,40,token,line,empty_prioritized,,30,True,21.17763124009396,21.08,0.25493798915872545,0.25493798915872545,1.0,0.44036006927490234
0005_dense_grid_lshape_507,dense_grid_lshape,4,6,deterministic,COBYLA,29,200,penalty_row_xy,,,5.0,200,False,28.90791770396999,27.015150473858245,0.006425614905697682,0.006425614905697682,0.2801475662739935,36.08755421638489
0005_dense_grid_lshape_507,dense_grid_lshape,4,6,deterministic,COBYLA,29,200,token,line,empty_prioritized,,30,True,21.17763124009396,21.08,0.25493798915872545,0.25493798915872545,1.0,0.3973848819732666
0005_dense_grid_lshape_507,dense_grid_lshape,4,6,deterministic,COBYLA,29,800,penalty_row_xy,,,5.0,366,True,28.90791770396999,26.549362727428793,0.0020207840800377996,0.0020207840800377996,0.2757497635675299,63.466572761535645
0005_dense_grid_lshape_507,dense_grid_lshape,4,6,deterministic,COBYLA,29,800,token,line,empty_prioritized,,30,True,21.17763124009396,21.08,0.25493798915872545,0.25493798915872545,1.0,0.37752413749694824
0005_dense_grid_lshape_507,dense_grid_lshape,4,6,deterministic,COBYLA,31,40,penalty_row_xy,,,5.0,40,False,28.75819393004103,27.13850505274576,0.0030382427809207695,0.0030382427809207695,0.22588539311860495,8.199078559875488
0005_dense_grid_lshape_507,dense_grid_lshape,4,6,deterministic,COBYLA,31,40,token,line,empty_prioritized,,28,True,21.184074778314496,21.08,0.2638767993400795,0.2638767993400795,1.0,0.37178468704223633
0005_dense_grid_lshape_507,dense_grid_lshape,4,6,deterministic,COBYLA,31,200,penalty_row_xy,,,5.0,116,True,28.75819393004103,26.84578845956567,0.002984432886924095,0.002984432886924095,0.20888700250705305,17.302743196487427
0005_dense_grid_lshape_507,dense_grid_lshape,4,6,deterministic,COBYLA,31,200,token,line,empty_prioritized,,28,True,21.184074778314496,21.08,0.2638767993400795,0.2638767993400795,1.0,0.33501386642456055
0005_dense_grid_lshape_507,dense_grid_lshape,4,6,deterministic,COBYLA,31,800,penalty_row_xy,,,5.0,116,True,28.75819393004103,26.84578845956567,0.002984432886924095,0.002984432886924095,0.20888700250705305,11.406718730926514
0005_dense_grid_lshape_507,dense_grid_lshape,4,6,deterministic,COBYLA,31,800,token,line,empty_prioritized,,28,True,21.184074778314496,21.08,0.2638767993400795,0.2638767993400795,1.0,0.3559582233428955
0005_dense_grid_lshape_507,dense_grid_lshape,4,6,deterministic,COBYLA,37,40,penalty_row_xy,,,5.0,40,False,28.915146735515506,21.279892352388245,0.0789295487013607,0.0789295487013607,0.346973613783057,7.845812797546387
0005_dense_grid_lshape_507,dense_grid_lshape,4,6,deterministic,COBYLA,37,40,token,line,empty_prioritized,,31,True,21.153012048277247,21.08,0.2773305267655293,0.2773305267655293,1.0,0.4810526371002197
0005_dense_grid_lshape_507,dense_grid_lshape,4,6,deterministic,COBYLA,37,200,penalty_row_xy,,,5.0,52,True,28.915146735515506,21.27277418418009,0.08058869222042733,0.08058869222042733,0.3450270174937081,9.711646795272827
0005_dense_grid_lshape_507,dense_grid_lshape,4,6,deterministic,COBYLA,37,200,token,line,empty_prioritized,,31,True,21.153012048277247,21.08,0.2773305267655293,0.2773305267655293,1.0,0.485076904296875
0005_dense_grid_lshape_507,dense_grid_lshape,4,6,deterministic,COBYLA,37,800,penalty_row_xy,,,5.0,52,True,28.915146735515506,21.27277418418009,0.08058869222042733,0.08058869222042733,0.3450270174937081,10.279169797897339
0005_dense_grid_lshape_507,dense_grid_lshape,4,6,deterministic,COBYLA,37,800,token,line,empty_prioritized,,31,True,21.153012048277247,21.08,0.2773305267655293,0.2773305267655293,1.0,0.39962005615234375
0005_dense_grid_lshape_507,dense_grid_lshape,4,6,deterministic,COBYLA,41,40,penalty_row_xy,,,5.0,40,False,28.72916425675499,21.211371298782318,0.07789694615742102,0.07789694615742102,0.3484909639856929,4.130761384963989
0005_dense_grid_lshape_507,dense_grid_lshape,4,6,deterministic,COBYLA,41,40,token,line,empty_prioritized,,40,False,21.165786709545923,21.080000000000002,0.2505624758563591,0.2505624758563591,1.0,0.29114556312561035
0005_dense_grid_lshape_507,dense_grid_lshape,4,6,deterministic,COBYLA,41,200,penalty_row_xy,,,5.0,68,True,28.72916425675499,21.176411452106336,0.11163080876927511,0.11163080876927511,0.32755785135759996,12.048698902130127
0005_dense_grid_lshape_507,dense_grid_lshape,4,6,deterministic,COBYLA,41,200,token,line,empty_prioritized,,43,True,21.165786709545923,21.07999999999999,0.25027500212019094,0.25027500212019094,1.0,0.2693614959716797
0005_dense_grid_lshape_507,dense_grid_lshape,4,6,deterministic,COBYLA,41,800,penalty_row_xy,,,5.0,68,True,28.72916425675499,21.176411452106336,0.11163080876927511,0.11163080876927511,0.32755785135759996,12.655221223831177
0005_dense_grid_lshape_507,dense_grid_lshape,4,6,deterministic,COBYLA,41,800,token,line,empty_prioritized,,43,True,21.165786709545923,21.07999999999999,0.25027500212019094,0.25027500212019094,1.0,0.297896146774292
0005_dense_grid_lshape_507,dense_grid_lshape,4,6,deterministic,COBYLA,43,40,penalty_row_xy,,,5.0,40,False,28.939893755779227,21.255348652874993,0.04927809629688953,0.04927809629688953,0.2818185154411374,7.181865453720093
0005_dense_grid_lshape_507,dense_grid_lshape,4,6,deterministic,COBYLA,43,40,token,line,empty_prioritized,,35,True,21.175940664448714,21.08,0.2546578891981726,0.2546578891981726,1.0,0.41791725158691406
0005_dense_grid_lshape_507,dense_grid_lshape,4,6,deterministic,COBYLA,43,200,penalty_row_xy,,,5.0,61,True,28.939893755779227,21.246722721010613,0.05388627140926324,0.05388627140926324,0.27682958811374153,11.264832019805908
0005_dense_grid_lshape_507,dense_grid_lshape,4,6,deterministic,COBYLA,43,200,token,line,empty_prioritized,,35,True,21.175940664448714,21.08,0.2546578891981726,0.2546578891981726,1.0,0.33699488639831543
0005_dense_grid_lshape_507,dense_grid_lshape,4,6,deterministic,COBYLA,43,800,penalty_row_xy,,,5.0,61,True,28.939893755779227,21.246722721010613,0.05388627140926324,0.05388627140926324,0.27682958811374153,11.214239120483398
0005_dense_grid_lshape_507,dense_grid_lshape,4,6,deterministic,COBYLA,43,800,token,line,empty_prioritized,,35,True,21.175940664448714,21.08,0.2546578891981726,0.2546578891981726,1.0,0.5154893398284912
0005_dense_grid_lshape_507,dense_grid_lshape,4,6,deterministic,Nelder-Mead,11,40,penalty_row_xy,,,5.0,40,False,28.906092559913365,27.887117428803005,0.005648151263857695,0.005648151263857695,0.29737899596100204,5.2503015995025635
0005_dense_grid_lshape_507,dense_grid_lshape,4,6,deterministic,Nelder-Mead,11,40,token,line,empty_prioritized,,40,False,21.195786356957736,21.08,0.25035754275367533,0.25035754275367533,1.0,0.30460214614868164
0005_dense_grid_lshape_507,dense_grid_lshape,4,6,deterministic,Nelder-Mead,11,200,penalty_row_xy,,,5.0,200,False,28.906092559913365,25.222251359627826,0.0073637121155891334,0.0073637121155891334,0.2994683806989965,32.5226628780365
0005_dense_grid_lshape_507,dense_grid_lshape,4,6,deterministic,Nelder-Mead,11,200,token,line,empty_prioritized,,114,True,21.195786356957736,21.08,0.25035754275367533,0.25035754275367533,1.0,0.795257568359375
0005_dense_grid_lshape_507,dense_grid_lshape,4,6,deterministic,Nelder-Mead,11,800,penalty_row_xy,,,5.0,574,True,28.906092559913365,21.439372405701477,0.004815516224538073,0.004815516224538073,0.4608376568486537,96.3102159500122
0005_dense_grid_lshape_507,dense_grid_lshape,4,6,deterministic,Nelder-Mead,11,800,token,line,empty_prioritized,,114,True,21.195786356957736,21.08,0.25035754275367533,0.25035754275367533,1.0,1.5019690990447998
0005_dense_grid_lshape_507,dense_grid_lshape,4,6,deterministic,Nelder-Mead,17,40,penalty_row_xy,,,5.0,40,False,28.974850025717508,27.88079672720294,0.005202854559923418,0.005202854559923418,0.26202233673904896,7.73630952835083
0005_dense_grid_lshape_507,dense_grid_lshape,4,6,deterministic,Nelder-Mead,17,40,token,line,empty_prioritized,,40,False,21.18572422979202,21.08309875798826,0.2458065184000201,0.2458065184000201,1.0,0.4949023723602295
0005_dense_grid_lshape_507,dense_grid_lshape,4,6,deterministic,Nelder-Mead,17,200,penalty_row_xy,,,5.0,200,False,28.974850025717508,22.61903474446891,0.0068531230248080315,0.0068531230248080315,0.49129807523089336,30.639968156814575
0005_dense_grid_lshape_507,dense_grid_lshape,4,6,deterministic,Nelder-Mead,17,200,token,line,empty_prioritized,,146,True,21.18572422979202,21.08,0.25025497487046405,0.25025497487046405,1.0,1.906186580657959
0005_dense_grid_lshape_507,dense_grid_lshape,4,6,deterministic,Nelder-Mead,17,800,penalty_row_xy,,,5.0,800,False,28.974850025717508,21.44391923797557,0.005596198201714385,0.005596198201714385,0.47114137451044263,115.92335104942322
0005_dense_grid_lshape_507,dense_grid_lshape,4,6,deterministic,Nelder-Mead,17,800,token,line,empty_prioritized,,146,True,21.18572422979202,21.08,0.25025497487046405,0.25025497487046405,1.0,1.787092685699463
0005_dense_grid_lshape_507,dense_grid_lshape,4,6,deterministic,Nelder-Mead,23,40,penalty_row_xy,,,5.0,40,False,28.927286784371898,27.7516967804968,0.003291195897984361,0.003291195897984361,0.271424259207683,3.8804359436035156
0005_dense_grid_lshape_507,dense_grid_lshape,4,6,deterministic,Nelder-Mead,23,40,token,line,empty_prioritized,,40,False,21.214858351806903,21.124008491227315,0.22104704524518795,0.22104704524518795,1.0,0.27871012687683105
0005_dense_grid_lshape_507,dense_grid_lshape,4,6,deterministic,Nelder-Mead,23,200,penalty_row_xy,,,5.0,200,False,28.927286784371898,26.43404143204063,0.003954982038219477,0.003954982038219477,0.3023092557508993,33.25648498535156
0005_dense_grid_lshape_507,dense_grid_lshape,4,6,deterministic,Nelder-Mead,23,200,token,line,empty_prioritized,,178,True,21.214858351806903,21.08,0.2528268306713641,0.2528268306713641,1.0,1.0701794624328613
0005_dense_grid_lshape_507,dense_grid_lshape,4,6,deterministic,Nelder-Mead,23,800,penalty_row_xy,,,5.0,694,True,28.927286784371898,21.420104531619636,0.011551230327184308,0.011551230327184308,0.4301286194130892,104.34870743751526
0005_dense_grid_lshape_507,dense_grid_lshape,4,6,deterministic,Nelder-Mead,23,800,token,line,empty_prioritized,,178,True,21.214858351806903,21.08,0.2528268306713641,0.2528268306713641,1.0,1.115462064743042
0005_dense_grid_lshape_507,dense_grid_lshape,4,6,deterministic,Nelder-Mead,29,40,penalty_row_xy,,,5.0,40,False,28.90791770396999,27.94347748894838,0.004321944697031593,0.004321944697031593,0.28769474303792236,4.316996097564697
0005_dense_grid_lshape_507,dense_grid_lshape,4,6,deterministic,Nelder-Mead,29,40,token,line,empty_prioritized,,40,False,21.17763124009396,21.08,0.2506784529104491,0.2506784529104491,1.0,0.5326495170593262
0005_dense_grid_lshape_507,dense_grid_lshape,4,6,deterministic,Nelder-Mead,29,200,penalty_row_xy,,,5.0,200,False,28.90791770396999,21.44684353417131,0.004090984337828673,0.004090984337828673,0.4642387741565285,20.01175832748413
0005_dense_grid_lshape_507,dense_grid_lshape,4,6,deterministic,Nelder-Mead,29,200,token,line,empty_prioritized,,103,True,21.17763124009396,21.08,0.2506784529104491,0.2506784529104491,1.0,1.160423994064331
0005_dense_grid_lshape_507,dense_grid_lshape,4,6,deterministic,Nelder-Mead,29,800,penalty_row_xy,,,5.0,436,True,28.90791770396999,21.439240524359516,0.004061467357739154,0.004061467357739154,0.44615173229346977,73.95844602584839
0005_dense_grid_lshape_507,dense_grid_lshape,4,6,deterministic,Nelder-Mead,29,800,token,line,empty_prioritized,,103,True,21.17763124009396,21.08,0.2506784529104491,0.2506784529104491,1.0,0.6770939826965332
0005_dense_grid_lshape_507,dense_grid_lshape,4,6,deterministic,Nelder-Mead,31,40,penalty_row_xy,,,5.0,40,False,28.75819393004103,27.974904584685735,0.003810113841638507,0.003810113841638507,0.28818784299645595,7.429473876953125
0005_dense_grid_lshape_507,dense_grid_lshape,4,6,deterministic,Nelder-Mead,31,40,token,line,empty_prioritized,,40,False,21.184074778314496,21.08,0.25002160133300066,0.25002160133300066,1.0,0.5264992713928223
0005_dense_grid_lshape_507,dense_grid_lshape,4,6,deterministic,Nelder-Mead,31,200,penalty_row_xy,,,5.0,200,False,28.75819393004103,26.99943433608039,0.008520052310754972,0.008520052310754972,0.2594357611666318,37.19125509262085
0005_dense_grid_lshape_507,dense_grid_lshape,4,6,deterministic,Nelder-Mead,31,200,token,line,empty_prioritized,,101,True,21.184074778314496,21.080000000000002,0.25002160133300066,0.25002160133300066,1.0,1.270470142364502
0005_dense_grid_lshape_507,dense_grid_lshape,4,6,deterministic,Nelder-Mead,31,800,penalty_row_xy,,,5.0,747,True,28.75819393004103,21.42799334785588,0.009240629295069941,0.009240629295069941,0.5095262825985888,124.62866854667664
0005_dense_grid_lshape_507,dense_grid_lshape,4,6,deterministic,Nelder-Mead,31,800,token,line,empty_prioritized,,101,True,21.184074778314496,21.080000000000002,0.25002160133300066,0.25002160133300066,1.0,1.215951919555664
0005_dense_grid_lshape_507,dense_grid_lshape,4,6,deterministic,Nelder-Mead,37,40,penalty_row_xy,,,5.0,40,False,28.915146735515506,27.697835066028325,0.0061908897418468944,0.0061908897418468944,0.27116683527948926,7.713149309158325
0005_dense_grid_lshape_507,dense_grid_lshape,4,6,deterministic,Nelder-Mead,37,40,token,line,empty_prioritized,,40,False,21.153012048277247,21.08,0.2548391991682359,0.2548391991682359,1.0,0.506134033203125
0005_dense_grid_lshape_507,dense_grid_lshape,4,6,deterministic,Nelder-Mead,37,200,penalty_row_xy,,,5.0,200,False,28.915146735515506,24.10729027094324,0.0027796832000951347,0.0027796832000951347,0.346363783385488,31.687712907791138
0005_dense_grid_lshape_507,dense_grid_lshape,4,6,deterministic,Nelder-Mead,37,200,token,line,empty_prioritized,,86,True,21.153012048277247,21.08,0.2548391991682359,0.2548391991682359,1.0,0.9537346363067627
0005_dense_grid_lshape_507,dense_grid_lshape,4,6,deterministic,Nelder-Mead,37,800,penalty_row_xy,,,5.0,695,True,28.915146735515506,21.431062598742887,0.003629670835219513,0.003629670835219513,0.4663408009967509,103.46425890922546
0005_dense_grid_lshape_507,dense_grid_lshape,4,6,deterministic,Nelder-Mead,37,800,token,line,empty_prioritized,,86,True,21.153012048277247,21.08,0.2548391991682359,0.2548391991682359,1.0,1.038205623626709
0005_dense_grid_lshape_507,dense_grid_lshape,4,6,deterministic,Nelder-Mead,41,40,penalty_row_xy,,,5.0,40,False,28.72916425675499,27.925846309339153,0.002549241294379383,0.002549241294379383,0.2810807658958361,7.665910243988037
0005_dense_grid_lshape_507,dense_grid_lshape,4,6,deterministic,Nelder-Mead,41,40,token,line,empty_prioritized,,40,False,21.165786709545923,21.08,0.25789188794258694,0.25789188794258694,1.0,0.513209342956543
0005_dense_grid_lshape_507,dense_grid_lshape,4,6,deterministic,Nelder-Mead,41,200,penalty_row_xy,,,5.0,200,False,28.72916425675499,25.745461724470463,0.004994273706065628,0.004994273706065628,0.30704825850661654,32.96677899360657
0005_dense_grid_lshape_507,dense_grid_lshape,4,6,deterministic,Nelder-Mead,41,200,token,line,empty_prioritized,,86,True,21.165786709545923,21.08,0.25789188794258694,0.25789188794258694,1.0,1.0317749977111816
0005_dense_grid_lshape_507,dense_grid_lshape,4,6,deterministic,Nelder-Mead,41,800,penalty_row_xy,,,5.0,800,False,28.72916425675499,21.44000560262471,0.005543786680707329,0.005543786680707329,0.4917806975754731,113.573721408844
0005_dense_grid_lshape_507,dense_grid_lshape,4,6,deterministic,Nelder-Mead,41,800,token,line,empty_prioritized,,86,True,21.165786709545923,21.08,0.25789188794258694,0.25789188794258694,1.0,1.111063003540039
0005_dense_grid_lshape_507,dense_grid_lshape,4,6,deterministic,Nelder-Mead,43,40,penalty_row_xy,,,5.0,40,False,28.939893755779227,27.926865039935514,0.005485138487335154,0.005485138487335154,0.2828276452390376,7.40891170501709
0005_dense_grid_lshape_507,dense_grid_lshape,4,6,deterministic,Nelder-Mead,43,40,token,line,empty_prioritized,,40,False,21.175940664448714,21.08,0.2534339951177341,0.2534339951177341,1.0,0.3040471076965332
0005_dense_grid_lshape_507,dense_grid_lshape,4,6,deterministic,Nelder-Mead,43,200,penalty_row_xy,,,5.0,200,False,28.939893755779227,26.335674288526825,0.002775410632065516,0.002775410632065516,0.3392331782094418,35.811885833740234
0005_dense_grid_lshape_507,dense_grid_lshape,4,6,deterministic,Nelder-Mead,43,200,token,line,empty_prioritized,,98,True,21.175940664448714,21.08,0.2534339951177341,0.2534339951177341,1.0,1.0576176643371582
0005_dense_grid_lshape_507,dense_grid_lshape,4,6,deterministic,Nelder-Mead,43,800,penalty_row_xy,,,5.0,800,False,28.939893755779227,21.435971524775415,0.005590434408345202,0.005590434408345202,0.48550980388710296,142.46635007858276
0005_dense_grid_lshape_507,dense_grid_lshape,4,6,deterministic,Nelder-Mead,43,800,token,line,empty_prioritized,,98,True,21.175940664448714,21.08,0.2534339951177341,0.2534339951177341,1.0,1.3004393577575684
0005_dense_grid_lshape_507,dense_grid_lshape,4,6,poor,COBYLA,11,40,penalty_row_xy,,,5.0,40,False,27.027514771885293,25.193953815817263,0.014208260035734091,0.36660004926542034,0.36682752858521234,8.471025228500366
0005_dense_grid_lshape_507,dense_grid_lshape,4,6,poor,COBYLA,11,40,token,line,empty_prioritized,,40,False,33.43316169047682,29.494667751753095,0.006253113651936732,0.9976093796525024,1.0,0.5306792259216309
0005_dense_grid_lshape_507,dense_grid_lshape,4,6,poor,COBYLA,11,200,penalty_row_xy,,,5.0,65,True,27.027514771885293,25.18432230340885,0.015210114074952293,0.3835228739383165,0.3837215144414588,12.752218961715698
0005_dense_grid_lshape_507,dense_grid_lshape,4,6,poor,COBYLA,11,200,token,line,empty_prioritized,,200,False,33.43316169047682,27.167761262976676,0.06673970556622935,0.9991635938408224,1.0,2.634784460067749
0005_dense_grid_lshape_507,dense_grid_lshape,4,6,poor,COBYLA,11,800,penalty_row_xy,,,5.0,65,True,27.027514771885293,25.18432230340885,0.015210114074952293,0.3835228739383165,0.3837215144414588,12.915671348571777
0005_dense_grid_lshape_507,dense_grid_lshape,4,6,poor,COBYLA,11,800,token,line,empty_prioritized,,345,True,33.43316169047682,24.76096090845237,0.04883968122563384,0.9999463343221691,1.0,4.7002363204956055
0005_dense_grid_lshape_507,dense_grid_lshape,4,6,poor,COBYLA,17,40,penalty_row_xy,,,5.0,40,False,26.246777659994127,25.1923254242784,0.015502875218136435,0.3817356156260212,0.3819265355614168,5.386679172515869
0005_dense_grid_lshape_507,dense_grid_lshape,4,6,poor,COBYLA,17,40,token,line,empty_prioritized,,40,False,35.12498624386731,29.200361260771242,0.006126924390545603,0.9859251613359822,1.0,0.564002275466919
0005_dense_grid_lshape_507,dense_grid_lshape,4,6,poor,COBYLA,17,200,penalty_row_xy,,,5.0,53,True,26.246777659994127,25.18421456990555,0.015416685245452236,0.38428419187766655,0.3844766023088071,6.960179090499878
0005_dense_grid_lshape_507,dense_grid_lshape,4,6,poor,COBYLA,17,200,token,line,empty_prioritized,,200,False,35.12498624386731,25.45286862036101,0.04956584745440806,0.9981473306399522,1.0,2.8431286811828613
0005_dense_grid_lshape_507,dense_grid_lshape,4,6,poor,COBYLA,17,800,penalty_row_xy,,,5.0,53,True,26.246777659994127,25.18421456990555,0.015416685245452236,0.38428419187766655,0.3844766023088071,6.352396726608276
0005_dense_grid_lshape_507,dense_grid_lshape,4,6,poor,COBYLA,17,800,token,line,empty_prioritized,,352,True,35.12498624386731,25.241708239095907,0.050463853522605406,0.9999026142475359,1.0,3.694404125213623
0005_dense_grid_lshape_507,dense_grid_lshape,4,6,poor,COBYLA,23,40,penalty_row_xy,,,5.0,40,False,26.625694543990466,24.68637120693247,0.0637200099224171,0.4181832305689104,0.4182221759950278,5.833648204803467
0005_dense_grid_lshape_507,dense_grid_lshape,4,6,poor,COBYLA,23,40,token,line,empty_prioritized,,40,False,35.07400836772616,29.17867514671227,0.009108665673684773,0.9980292237314663,1.0,0.48631954193115234
0005_dense_grid_lshape_507,dense_grid_lshape,4,6,poor,COBYLA,23,200,penalty_row_xy,,,5.0,106,True,26.625694543990466,24.64421100203949,0.0652142481002913,0.42374001007497386,0.42377111335505524,19.769362211227417
0005_dense_grid_lshape_507,dense_grid_lshape,4,6,poor,COBYLA,23,200,token,line,empty_prioritized,,182,True,35.07400836772616,24.760987698849966,0.0492095163562263,0.9999483444524992,1.0,2.22244930267334
0005_dense_grid_lshape_507,dense_grid_lshape,4,6,poor,COBYLA,23,800,penalty_row_xy,,,5.0,106,True,26.625694543990466,24.64421100203949,0.0652142481002913,0.42374001007497386,0.42377111335505524,20.210687398910522
0005_dense_grid_lshape_507,dense_grid_lshape,4,6,poor,COBYLA,23,800,token,line,empty_prioritized,,182,True,35.07400836772616,24.760987698849966,0.0492095163562263,0.9999483444524992,1.0,2.5987071990966797
0005_dense_grid_lshape_507,dense_grid_lshape,4,6,poor,COBYLA,29,40,penalty_row_xy,,,5.0,40,False,27.078211579478086,25.20788839913797,0.018001451291557957,0.3926673594295302,0.39282325695331893,5.557187557220459
0005_dense_grid_lshape_507,dense_grid_lshape,4,6,poor,COBYLA,29,40,token,line,empty_prioritized,,40,False,34.35859013285348,28.049251497732705,0.019961513538502937,0.9902440585803425,1.0,0.5393307209014893
0005_dense_grid_lshape_507,dense_grid_lshape,4,6,poor,COBYLA,29,200,penalty_row_xy,,,5.0,92,True,27.078211579478086,25.18414692717521,0.015401417686245256,0.38428453256693507,0.38447839538744094,14.465083122253418
0005_dense_grid_lshape_507,dense_grid_lshape,4,6,poor,COBYLA,29,200,token,line,empty_prioritized,,200,False,34.35859013285348,25.2832278164901,0.05314561274083709,0.9994827017620938,1.0,2.777013063430786
0005_dense_grid_lshape_507,dense_grid_lshape,4,6,poor,COBYLA,29,800,penalty_row_xy,,,5.0,92,True,27.078211579478086,25.18414692717521,0.015401417686245256,0.38428453256693507,0.38447839538744094,16.783276319503784
0005_dense_grid_lshape_507,dense_grid_lshape,4,6,poor,COBYLA,29,800,token,line,empty_prioritized,,317,True,34.35859013285348,25.241663127217056,0.05040841204434862,0.9999082344921203,1.0,2.8600614070892334
0005_dense_grid_lshape_507,dense_grid_lshape,4,6,poor,COBYLA,31,40,penalty_row_xy,,,5.0,40,False,27.108800396832414,25.19053809310433,0.014108905500068592,0.37408138796144574,0.3743345623328614,5.388022422790527
0005_dense_grid_lshape_507,dense_grid_lshape,4,6,poor,COBYLA,31,40,token,line,empty_prioritized,,40,False,34.000845230116276,29.482703372469306,0.007786356033151439,0.9950281955469691,1.0,0.6186497211456299
0005_dense_grid_lshape_507,dense_grid_lshape,4,6,poor,COBYLA,31,200,penalty_row_xy,,,5.0,71,True,27.108800396832414,25.18451562725529,0.014957422572216866,0.3814326090966521,0.38163706708057904,11.986693382263184
0005_dense_grid_lshape_507,dense_grid_lshape,4,6,poor,COBYLA,31,200,token,line,empty_prioritized,,200,False,34.000845230116276,24.76123127790695,0.048352449927594104,0.9999404712112652,1.0,2.126702070236206
0005_dense_grid_lshape_507,dense_grid_lshape,4,6,poor,COBYLA,31,800,penalty_row_xy,,,5.0,71,True,27.108800396832414,25.18451562725529,0.014957422572216866,0.3814326090966521,0.38163706708057904,13.624626159667969
0005_dense_grid_lshape_507,dense_grid_lshape,4,6,poor,COBYLA,31,800,token,line,empty_prioritized,,216,True,34.000845230116276,24.760957231977255,0.04891851264754175,0.9999449835726775,1.0,2.7665154933929443
0005_dense_grid_lshape_507,dense_grid_lshape,4,6,poor,COBYLA,37,40,penalty_row_xy,,,5.0,40,False,27.40429241987983,24.761108566577185,0.056823327063196774,0.40771899748497764,0.40772700906226755,4.41402006149292
0005_dense_grid_lshape_507,dense_grid_lshape,4,6,poor,COBYLA,37,40,token,line,empty_prioritized,,40,False,35.63461893912202,27.568024289613216,0.02190688872711317,0.9886101519739484,1.0,0.3697812557220459
0005_dense_grid_lshape_507,dense_grid_lshape,4,6,poor,COBYLA,37,200,penalty_row_xy,,,5.0,196,True,27.40429241987983,24.643526996460878,0.06461706378780455,0.4206359478863131,0.420669414650216,25.727718353271484
0005_dense_grid_lshape_507,dense_grid_lshape,4,6,poor,COBYLA,37,200,token,line,empty_prioritized,,200,False,35.63461893912202,25.2433976314891,0.05113978646265598,0.9998614676906821,1.0,2.591794729232788
0005_dense_grid_lshape_507,dense_grid_lshape,4,6,poor,COBYLA,37,800,penalty_row_xy,,,5.0,196,True,27.40429241987983,24.643526996460878,0.06461706378780455,0.4206359478863131,0.420669414650216,31.209309101104736
0005_dense_grid_lshape_507,dense_grid_lshape,4,6,poor,COBYLA,37,800,token,line,empty_prioritized,,239,True,35.63461893912202,25.241794148947598,0.05046149332830393,0.999897578019003,1.0,3.017901659011841
0005_dense_grid_lshape_507,dense_grid_lshape,4,6,poor,COBYLA,41,40,penalty_row_xy,,,5.0,40,False,26.971717174211925,25.215155929048596,0.01488651494954259,0.3697424407365608,0.3699955923316841,7.508714199066162
0005_dense_grid_lshape_507,dense_grid_lshape,4,6,poor,COBYLA,41,40,token,line,empty_prioritized,,40,False,33.747739194209196,27.440894530430818,0.017111697364633287,0.9911014557036041,1.0,0.5221960544586182
0005_dense_grid_lshape_507,dense_grid_lshape,4,6,poor,COBYLA,41,200,penalty_row_xy,,,5.0,68,True,26.971717174211925,25.184149688991,0.01515222024027001,0.381961635416704,0.38216546535995666,12.990580797195435
0005_dense_grid_lshape_507,dense_grid_lshape,4,6,poor,COBYLA,41,200,token,line,empty_prioritized,,200,False,33.747739194209196,25.25788241378596,0.0521656323827626,0.9997233770084597,1.0,2.5134336948394775
0005_dense_grid_lshape_507,dense_grid_lshape,4,6,poor,COBYLA,41,800,penalty_row_xy,,,5.0,68,True,26.971717174211925,25.184149688991,0.01515222024027001,0.381961635416704,0.38216546535995666,13.5362229347229
0005_dense_grid_lshape_507,dense_grid_lshape,4,6,poor,COBYLA,41,800,token,line,empty_prioritized,,277,True,33.747739194209196,25.241654972707078,0.05040145622528162,0.9999100048511109,1.0,3.601879596710205
0005_dense_grid_lshape_507,dense_grid_lshape,4,6,poor,COBYLA,43,40,penalty_row_xy,,,5.0,40,False,26.269899337114033,25.22028832100609,0.018059529681726683,0.3851971992742097,0.3854315299037451,3.7514476776123047
0005_dense_grid_lshape_507,dense_grid_lshape,4,6,poor,COBYLA,43,40,token,line,empty_prioritized,,40,False,34.84696099142646,29.344559309317944,0.00820805851757353,0.9930819030384183,1.0,0.44029784202575684
0005_dense_grid_lshape_507,dense_grid_lshape,4,6,poor,COBYLA,43,200,penalty_row_xy,,,5.0,82,True,26.269899337114033,25.184535319191042,0.015679619767659976,0.38503899383199824,0.3852301299727958,7.683288097381592
0005_dense_grid_lshape_507,dense_grid_lshape,4,6,poor,COBYLA,43,200,token,line,empty_prioritized,,200,False,34.84696099142646,24.854697332226806,0.03495494673838217,0.9998052643511831,1.0,1.3027598857879639
0005_dense_grid_lshape_507,dense_grid_lshape,4,6,poor,COBYLA,43,800,penalty_row_xy,,,5.0,82,True,26.269899337114033,25.184535319191042,0.015679619767659976,0.38503899383199824,0.3852301299727958,10.247132778167725
0005_dense_grid_lshape_507,dense_grid_lshape,4,6,poor,COBYLA,43,800,token,line,empty_prioritized,,244,True,34.84696099142646,24.76100379962695,0.049057569015859885,0.9999482616991806,1.0,1.4929378032684326
0005_dense_grid_lshape_507,dense_grid_lshape,4,6,poor,Nelder-Mead,11,40,penalty_row_xy,,,5.0,40,False,27.027514771885293,25.429125703609266,0.010997698643431931,0.3338472699153081,0.3341766852797946,6.6312150955200195
0005_dense_grid_lshape_507,dense_grid_lshape,4,6,poor,Nelder-Mead,11,40,token,line,empty_prioritized,,40,False,33.43316169047682,32.81477034938236,0.00018088670137250058,0.8133386968355061,1.0,0.5190520286560059
0005_dense_grid_lshape_507,dense_grid_lshape,4,6,poor,Nelder-Mead,11,200,penalty_row_xy,,,5.0,200,False,27.027514771885293,25.184181258240894,0.015147838515520998,0.38151531789921966,0.381715534626741,35.94802737236023
0005_dense_grid_lshape_507,dense_grid_lshape,4,6,poor,Nelder-Mead,11,200,token,line,empty_prioritized,,200,False,33.43316169047682,26.01069343532027,0.02602941067184824,0.9978253777674109,1.0,2.4662926197052
0005_dense_grid_lshape_507,dense_grid_lshape,4,6,poor,Nelder-Mead,11,800,penalty_row_xy,,,5.0,262,True,27.027514771885293,25.184070572184872,0.015246883841404294,0.3827161257167886,0.3829152459100691,47.249252796173096
0005_dense_grid_lshape_507,dense_grid_lshape,4,6,poor,Nelder-Mead,11,800,token,line,empty_prioritized,,461,True,33.43316169047682,24.259968442486535,0.08481431545475852,0.9999999476497526,1.0,5.713861465454102
0005_dense_grid_lshape_507,dense_grid_lshape,4,6,poor,Nelder-Mead,17,40,penalty_row_xy,,,5.0,40,False,26.246777659994127,25.709286145842533,0.01358867192651,0.33827772429011993,0.3385671045678794,4.708968639373779
0005_dense_grid_lshape_507,dense_grid_lshape,4,6,poor,Nelder-Mead,17,40,token,line,empty_prioritized,,40,False,35.12498624386731,33.11941651380922,9.40228955586385e-05,0.7558253944920645,1.0,0.25934290885925293
0005_dense_grid_lshape_507,dense_grid_lshape,4,6,poor,Nelder-Mead,17,200,penalty_row_xy,,,5.0,200,False,26.246777659994127,25.18903553574565,0.014626593190795057,0.38176523210241914,0.38199418219148085,20.987138032913208
0005_dense_grid_lshape_507,dense_grid_lshape,4,6,poor,Nelder-Mead,17,200,token,line,empty_prioritized,,200,False,35.12498624386731,27.05876695053861,0.0679806694824466,0.9999012494062565,1.0,2.145559549331665
0005_dense_grid_lshape_507,dense_grid_lshape,4,6,poor,Nelder-Mead,17,800,penalty_row_xy,,,5.0,338,True,26.246777659994127,25.184069314509358,0.015262762031010391,0.38282845340837574,0.3830267521045616,34.393643856048584
0005_dense_grid_lshape_507,dense_grid_lshape,4,6,poor,Nelder-Mead,17,800,token,line,empty_prioritized,,682,True,35.12498624386731,25.269532431477252,0.04885229570862372,0.9999934234582071,1.0,6.685365915298462
0005_dense_grid_lshape_507,dense_grid_lshape,4,6,poor,Nelder-Mead,23,40,penalty_row_xy,,,5.0,40,False,26.625694543990466,25.427534886950514,0.015090054627918854,0.3776533209276236,0.3778139561546954,5.653419733047485
0005_dense_grid_lshape_507,dense_grid_lshape,4,6,poor,Nelder-Mead,23,40,token,line,empty_prioritized,,40,False,35.07400836772616,33.21438240925953,5.66206305506664e-05,0.7248873316586093,1.0,0.41373372077941895
0005_dense_grid_lshape_507,dense_grid_lshape,4,6,poor,Nelder-Mead,23,200,penalty_row_xy,,,5.0,200,False,26.625694543990466,25.184147695873715,0.015323438897791832,0.38321022939774896,0.38340554394309967,25.077350616455078
0005_dense_grid_lshape_507,dense_grid_lshape,4,6,poor,Nelder-Mead,23,200,token,line,empty_prioritized,,200,False,35.07400836772616,26.919492155085923,0.009934992150323245,0.9921497590084497,1.0,2.3768036365509033
0005_dense_grid_lshape_507,dense_grid_lshape,4,6,poor,Nelder-Mead,23,800,penalty_row_xy,,,5.0,238,True,26.625694543990466,25.18406986873932,0.015273082128700618,0.3829216769611741,0.3831195401497727,30.258495330810547
0005_dense_grid_lshape_507,dense_grid_lshape,4,6,poor,Nelder-Mead,23,800,token,line,empty_prioritized,,502,True,35.07400836772616,25.662449432934455,0.03462941620274468,0.9999998534434131,1.0,5.307799339294434
0005_dense_grid_lshape_507,dense_grid_lshape,4,6,poor,Nelder-Mead,29,40,penalty_row_xy,,,5.0,40,False,27.078211579478086,25.67543868307431,0.009117193913963616,0.3255380869642773,0.32588113003891006,7.73313570022583
0005_dense_grid_lshape_507,dense_grid_lshape,4,6,poor,Nelder-Mead,29,40,token,line,empty_prioritized,,40,False,34.35859013285348,33.09198279719536,0.00010825622901806389,0.743400553738581,1.0,0.5109696388244629
0005_dense_grid_lshape_507,dense_grid_lshape,4,6,poor,Nelder-Mead,29,200,penalty_row_xy,,,5.0,200,False,27.078211579478086,25.185032763155945,0.014888477508506782,0.3833827256394448,0.38360818774841393,37.47766590118408
0005_dense_grid_lshape_507,dense_grid_lshape,4,6,poor,Nelder-Mead,29,200,token,line,empty_prioritized,,200,False,34.35859013285348,26.177995822725546,0.026382934844090572,0.9990571484649639,1.0,2.600898265838623
0005_dense_grid_lshape_507,dense_grid_lshape,4,6,poor,Nelder-Mead,29,800,penalty_row_xy,,,5.0,334,True,27.078211579478086,25.18406930971673,0.01526201909682616,0.3828172322111909,0.3830155044318869,49.686445474624634
0005_dense_grid_lshape_507,dense_grid_lshape,4,6,poor,Nelder-Mead,29,800,token,line,empty_prioritized,,566,True,34.35859013285348,25.661659215332254,0.03465096252643015,0.9999999170659096,1.0,7.220121383666992
0005_dense_grid_lshape_507,dense_grid_lshape,4,6,poor,Nelder-Mead,31,40,penalty_row_xy,,,5.0,40,False,27.108800396832414,25.725703012573714,0.012311412225147342,0.33952894946171075,0.33998401124192235,5.814770698547363
0005_dense_grid_lshape_507,dense_grid_lshape,4,6,poor,Nelder-Mead,31,40,token,line,empty_prioritized,,40,False,34.000845230116276,32.92686288926568,0.00018448701361529148,0.7471751993214522,1.0,0.26944994926452637
0005_dense_grid_lshape_507,dense_grid_lshape,4,6,poor,Nelder-Mead,31,200,penalty_row_xy,,,5.0,200,False,27.108800396832414,24.243230144344587,0.0777179111847197,0.380240683603432,0.3803739670417098,30.449277639389038
0005_dense_grid_lshape_507,dense_grid_lshape,4,6,poor,Nelder-Mead,31,200,token,line,empty_prioritized,,200,False,34.000845230116276,26.22887988244648,0.02470000854634358,0.9915339381120384,1.0,1.368537425994873
0005_dense_grid_lshape_507,dense_grid_lshape,4,6,poor,Nelder-Mead,31,800,penalty_row_xy,,,5.0,511,True,27.108800396832414,24.020710066562067,0.08361217045626824,0.3900510011848171,0.3901464311528077,70.91239213943481
0005_dense_grid_lshape_507,dense_grid_lshape,4,6,poor,Nelder-Mead,31,800,token,line,empty_prioritized,,639,True,34.000845230116276,25.245037267446758,0.049399710479307524,0.9999427282039872,1.0,4.775794744491577
0005_dense_grid_lshape_507,dense_grid_lshape,4,6,poor,Nelder-Mead,37,40,penalty_row_xy,,,5.0,40,False,27.40429241987983,25.61986291222185,0.012651462167434912,0.32686082884081585,0.3272733509587789,7.6429054737091064
0005_dense_grid_lshape_507,dense_grid_lshape,4,6,poor,Nelder-Mead,37,40,token,line,empty_prioritized,,40,False,35.63461893912202,32.99671900207082,0.00021253162292898911,0.7666837414834589,1.0,0.39777350425720215
0005_dense_grid_lshape_507,dense_grid_lshape,4,6,poor,Nelder-Mead,37,200,penalty_row_xy,,,5.0,200,False,27.40429241987983,25.214494873341938,0.013802336034615476,0.37762806250517783,0.37790210582075506,28.975966215133667
0005_dense_grid_lshape_507,dense_grid_lshape,4,6,poor,Nelder-Mead,37,200,token,line,empty_prioritized,,200,False,35.63461893912202,26.540854560363996,0.018166888124230878,0.9922909266904031,1.0,2.6394202709198
0005_dense_grid_lshape_507,dense_grid_lshape,4,6,poor,Nelder-Mead,37,800,penalty_row_xy,,,5.0,396,True,27.40429241987983,25.184070141747064,0.015275640278654587,0.38283711203276294,0.38303496734757825,49.000216007232666
0005_dense_grid_lshape_507,dense_grid_lshape,4,6,poor,Nelder-Mead,37,800,token,line,empty_prioritized,,760,True,35.63461893912202,25.662606005908785,0.034412039625136115,0.999999900726215,1.0,9.84478497505188
0005_dense_grid_lshape_507,dense_grid_lshape,4,6,poor,Nelder-Mead,41,40,penalty_row_xy,,,5.0,40,False,26.971717174211925,25.824606630005587,0.013643277348941529,0.3279727597931778,0.32869690973587185,3.872340679168701
0005_dense_grid_lshape_507,dense_grid_lshape,4,6,poor,Nelder-Mead,41,40,token,line,empty_prioritized,,40,False,33.747739194209196,32.78239106589007,0.00023617351770277564,0.8082402513164705,1.0,0.26934385299682617
0005_dense_grid_lshape_507,dense_grid_lshape,4,6,poor,Nelder-Mead,41,200,penalty_row_xy,,,5.0,200,False,26.971717174211925,25.200432934969857,0.013407849710271926,0.363502541933574,0.3638078710831395,29.033562421798706
0005_dense_grid_lshape_507,dense_grid_lshape,4,6,poor,Nelder-Mead,41,200,token,line,empty_prioritized,,200,False,33.747739194209196,25.668664004989434,0.03367292769124935,0.9999996079600203,1.0,1.2539136409759521
0005_dense_grid_lshape_507,dense_grid_lshape,4,6,poor,Nelder-Mead,41,800,penalty_row_xy,,,5.0,311,True,26.971717174211925,25.184069632558256,0.015258496098876717,0.38283493201014673,0.3830331722080798,39.783427000045776
0005_dense_grid_lshape_507,dense_grid_lshape,4,6,poor,Nelder-Mead,41,800,token,line,empty_prioritized,,800,False,33.747739194209196,24.624749866892312,0.0685921254625392,0.9995837411923129,1.0,5.131432294845581
0005_dense_grid_lshape_507,dense_grid_lshape,4,6,poor,Nelder-Mead,43,40,penalty_row_xy,,,5.0,40,False,26.269899337114033,25.600745040432706,0.01193401002870098,0.32589287436803893,0.3261089749210721,5.416162729263306
0005_dense_grid_lshape_507,dense_grid_lshape,4,6,poor,Nelder-Mead,43,40,token,line,empty_prioritized,,40,False,34.84696099142646,33.06149455829419,0.00013358744311863703,0.7852036129732805,1.0,0.5685069561004639
0005_dense_grid_lshape_507,dense_grid_lshape,4,6,poor,Nelder-Mead,43,200,penalty_row_xy,,,5.0,200,False,26.269899337114033,25.184109365948732,0.015259980809866939,0.3830409164152685,0.3832371916194913,26.77303647994995
0005_dense_grid_lshape_507,dense_grid_lshape,4,6,poor,Nelder-Mead,43,200,token,line,empty_prioritized,,200,False,34.84696099142646,25.530770660322105,0.008637724656127924,0.9998506777991567,1.0,2.651085138320923
0005_dense_grid_lshape_507,dense_grid_lshape,4,6,poor,Nelder-Mead,43,800,penalty_row_xy,,,5.0,252,True,26.269899337114033,25.184070491602146,0.015268442153903336,0.3828500503497257,0.383048361392275,30.121247053146362
0005_dense_grid_lshape_507,dense_grid_lshape,4,6,poor,Nelder-Mead,43,800,token,line,empty_prioritized,,451,True,34.84696099142646,24.63819444199397,0.04110112143022918,0.9995367155737817,1.0,4.105739593505859
