instance_id,family,num_cells,num_sites,method,init_mode,optimizer_seed,budget,expected_best_hpwl
fresh4_dense_grid_904100,dense_grid,4,6,greedy,deterministic,,1,30.0
fresh4_dense_grid_904100,dense_grid,4,6,greedy,deterministic,,8,23.479999999999997
fresh4_dense_grid_904100,dense_grid,4,6,greedy,deterministic,,32,22.03
fresh4_dense_grid_904100,dense_grid,4,6,greedy,deterministic,,128,22.03
fresh4_dense_grid_904100,dense_grid,4,6,greedy,deterministic,,512,22.03
fresh4_dense_grid_904100,dense_grid,4,6,greedy,poor,,1,38.9
fresh4_dense_grid_904100,dense_grid,4,6,greedy,poor,,8,30.0
fresh4_dense_grid_904100,dense_grid,4,6,greedy,poor,,32,22.03
fresh4_dense_grid_904100,dense_grid,4,6,greedy,poor,,128,22.03
fresh4_dense_grid_904100,dense_grid,4,6,greedy,poor,,512,22.03
fresh4_dense_grid_904100,dense_grid,4,6,greedy,random,,1,25.619999999999997
fresh4_dense_grid_904100,dense_grid,4,6,greedy,random,,8,25.58
fresh4_dense_grid_904100,dense_grid,4,6,greedy,random,,32,22.03
fresh4_dense_grid_904100,dense_grid,4,6,greedy,random,,128,22.03
fresh4_dense_grid_904100,dense_grid,4,6,greedy,random,,512,22.03
fresh4_dense_grid_904100,dense_grid,4,6,penalty_row_xy,deterministic,11,1,29.44884642636319
fresh4_dense_grid_904100,dense_grid,4,6,penalty_row_xy,deterministic,11,8,26.78167258606935
fresh4_dense_grid_904100,dense_grid,4,6,penalty_row_xy,deterministic,11,32,23.80965846468588
fresh4_dense_grid_904100,dense_grid,4,6,penalty_row_xy,deterministic,11,128,22.240749527815655
fresh4_dense_grid_904100,dense_grid,4,6,penalty_row_xy,deterministic,11,512,22.030273164242733
fresh4_dense_grid_904100,dense_grid,4,6,penalty_row_xy,deterministic,17,1,28.972858546693377
fresh4_dense_grid_904100,dense_grid,4,6,penalty_row_xy,deterministic,17,8,25.107627242518756
fresh4_dense_grid_904100,dense_grid,4,6,penalty_row_xy,deterministic,17,32,22.57560732863533
fresh4_dense_grid_904100,dense_grid,4,6,penalty_row_xy,deterministic,17,128,22.032499227097567
fresh4_dense_grid_904100,dense_grid,4,6,penalty_row_xy,deterministic,17,512,22.03000000000564
fresh4_dense_grid_904100,dense_grid,4,6,penalty_row_xy,deterministic,23,1,28.96686195979904
fresh4_dense_grid_904100,dense_grid,4,6,penalty_row_xy,deterministic,23,8,25.085647909937705
fresh4_dense_grid_904100,dense_grid,4,6,penalty_row_xy,deterministic,23,32,22.557167122985575
fresh4_dense_grid_904100,dense_grid,4,6,penalty_row_xy,deterministic,23,128,22.032135054285586
fresh4_dense_grid_904100,dense_grid,4,6,penalty_row_xy,deterministic,23,512,22.03000000000287
fresh4_dense_grid_904100,dense_grid,4,6,penalty_row_xy,deterministic,31,1,28.963962361474085
fresh4_dense_grid_904100,dense_grid,4,6,penalty_row_xy,deterministic,31,8,25.062667303200868
fresh4_dense_grid_904100,dense_grid,4,6,penalty_row_xy,deterministic,31,32,22.533672396511562
fresh4_dense_grid_904100,dense_grid,4,6,penalty_row_xy,deterministic,31,128,22.03198953949141
fresh4_dense_grid_904100,dense_grid,4,6,penalty_row_xy,deterministic,31,512,22.030000000002808
fresh4_dense_grid_904100,dense_grid,4,6,penalty_row_xy,poor,11,1,34.60820181706898
fresh4_dense_grid_904100,dense_grid,4,6,penalty_row_xy,poor,11,8,25.007947542375415
fresh4_dense_grid_904100,dense_grid,4,6,penalty_row_xy,poor,11,32,22.62306730174646
fresh4_dense_grid_904100,dense_grid,4,6,penalty_row_xy,poor,11,128,22.058493534468973
fresh4_dense_grid_904100,dense_grid,4,6,penalty_row_xy,poor,11,512,22.030000216196534
fresh4_dense_grid_904100,dense_grid,4,6,penalty_row_xy,poor,17,1,34.16745756933087
fresh4_dense_grid_904100,dense_grid,4,6,penalty_row_xy,poor,17,8,24.92862583229246
fresh4_dense_grid_904100,dense_grid,4,6,penalty_row_xy,poor,17,32,22.80814270270481
fresh4_dense_grid_904100,dense_grid,4,6,penalty_row_xy,poor,17,128,22.117278086322088
fresh4_dense_grid_904100,dense_grid,4,6,penalty_row_xy,poor,17,512,22.03001903230774
fresh4_dense_grid_904100,dense_grid,4,6,penalty_row_xy,poor,23,1,34.163524498981275
fresh4_dense_grid_904100,dense_grid,4,6,penalty_row_xy,poor,23,8,24.928292603268908
fresh4_dense_grid_904100,dense_grid,4,6,penalty_row_xy,poor,23,32,22.814986001587936
fresh4_dense_grid_904100,dense_grid,4,6,penalty_row_xy,poor,23,128,22.12057376068896
fresh4_dense_grid_904100,dense_grid,4,6,penalty_row_xy,poor,23,512,22.03002207398412
fresh4_dense_grid_904100,dense_grid,4,6,penalty_row_xy,poor,31,1,34.16328860659348
fresh4_dense_grid_904100,dense_grid,4,6,penalty_row_xy,poor,31,8,24.927276199376298
fresh4_dense_grid_904100,dense_grid,4,6,penalty_row_xy,poor,31,32,22.81269229342987
fresh4_dense_grid_904100,dense_grid,4,6,penalty_row_xy,poor,31,128,22.11934800235544
fresh4_dense_grid_904100,dense_grid,4,6,penalty_row_xy,poor,31,512,22.030020903060535
fresh4_dense_grid_904100,dense_grid,4,6,penalty_row_xy,random,11,1,25.478964099912282
fresh4_dense_grid_904100,dense_grid,4,6,penalty_row_xy,random,11,8,24.68747592053134
fresh4_dense_grid_904100,dense_grid,4,6,penalty_row_xy,random,11,32,23.377955361486148
fresh4_dense_grid_904100,dense_grid,4,6,penalty_row_xy,random,11,128,22.382529410083382
fresh4_dense_grid_904100,dense_grid,4,6,penalty_row_xy,random,11,512,22.034989558694427
fresh4_dense_grid_904100,dense_grid,4,6,penalty_row_xy,random,17,1,25.37660080276908
fresh4_dense_grid_904100,dense_grid,4,6,penalty_row_xy,random,17,8,24.086030766950735
fresh4_dense_grid_904100,dense_grid,4,6,penalty_row_xy,random,17,32,22.43836645340766
fresh4_dense_grid_904100,dense_grid,4,6,penalty_row_xy,random,17,128,22.031151498175205
fresh4_dense_grid_904100,dense_grid,4,6,penalty_row_xy,random,17,512,22.030000000000413
fresh4_dense_grid_904100,dense_grid,4,6,penalty_row_xy,random,23,1,25.47849796630549
fresh4_dense_grid_904100,dense_grid,4,6,penalty_row_xy,random,23,8,24.683916466922327
fresh4_dense_grid_904100,dense_grid,4,6,penalty_row_xy,random,23,32,23.374573165193446
fresh4_dense_grid_904100,dense_grid,4,6,penalty_row_xy,random,23,128,22.38489326925568
fresh4_dense_grid_904100,dense_grid,4,6,penalty_row_xy,random,23,512,22.035130505766656
fresh4_dense_grid_904100,dense_grid,4,6,penalty_row_xy,random,31,1,25.46410854156158
fresh4_dense_grid_904100,dense_grid,4,6,penalty_row_xy,random,31,8,24.553533995557054
fresh4_dense_grid_904100,dense_grid,4,6,penalty_row_xy,random,31,32,22.93471662140291
fresh4_dense_grid_904100,dense_grid,4,6,penalty_row_xy,random,31,128,22.050616128472587
fresh4_dense_grid_904100,dense_grid,4,6,penalty_row_xy,random,31,512,22.030000026011468
fresh4_dense_grid_904100,dense_grid,4,6,token,deterministic,11,1,24.918602299183647
fresh4_dense_grid_904100,dense_grid,4,6,token,deterministic,11,8,22.342997951926066
fresh4_dense_grid_904100,dense_grid,4,6,token,deterministic,11,32,22.03176433896473
fresh4_dense_grid_904100,dense_grid,4,6,token,deterministic,11,128,22.030000000003177
fresh4_dense_grid_904100,dense_grid,4,6,token,deterministic,11,512,22.03
fresh4_dense_grid_904100,dense_grid,4,6,token,deterministic,17,1,25.173330226434373
fresh4_dense_grid_904100,dense_grid,4,6,token,deterministic,17,8,22.20141556536453
fresh4_dense_grid_904100,dense_grid,4,6,token,deterministic,17,32,22.03004832270531
fresh4_dense_grid_904100,dense_grid,4,6,token,deterministic,17,128,22.03
fresh4_dense_grid_904100,dense_grid,4,6,token,deterministic,17,512,22.03
fresh4_dense_grid_904100,dense_grid,4,6,token,deterministic,23,1,24.873376507364195
fresh4_dense_grid_904100,dense_grid,4,6,token,deterministic,23,8,22.19956514497357
fresh4_dense_grid_904100,dense_grid,4,6,token,deterministic,23,32,22.030086720979675
fresh4_dense_grid_904100,dense_grid,4,6,token,deterministic,23,128,22.03
fresh4_dense_grid_904100,dense_grid,4,6,token,deterministic,23,512,22.03
fresh4_dense_grid_904100,dense_grid,4,6,token,deterministic,31,1,25.130200247225275
fresh4_dense_grid_904100,dense_grid,4,6,token,deterministic,31,8,22.330306654495654
fresh4_dense_grid_904100,dense_grid,4,6,token,deterministic,31,32,22.031246916712288
fresh4_dense_grid_904100,dense_grid,4,6,token,deterministic,31,128,22.03000000000079
fresh4_dense_grid_904100,dense_grid,4,6,token,deterministic,31,512,22.03
fresh4_dense_grid_904100,dense_grid,4,6,token,poor,11,1,27.04560062177844
fresh4_dense_grid_904100,dense_grid,4,6,token,poor,11,8,22.150198599090842
fresh4_dense_grid_904100,dense_grid,4,6,token,poor,11,32,22.03002203690383
fresh4_dense_grid_904100,dense_grid,4,6,token,poor,11,128,22.03
fresh4_dense_grid_904100,dense_grid,4,6,token,poor,11,512,22.03
fresh4_dense_grid_904100,dense_grid,4,6,token,poor,17,1,26.915130821738394
fresh4_dense_grid_904100,dense_grid,4,6,token,poor,17,8,22.135123825885575
fresh4_dense_grid_904100,dense_grid,4,6,token,poor,17,32,22.030015453632274
fresh4_dense_grid_904100,dense_grid,4,6,token,poor,17,128,22.03
fresh4_dense_grid_904100,dense_grid,4,6,token,poor,17,512,22.03
fresh4_dense_grid_904100,dense_grid,4,6,token,poor,23,1,27.12682550644772
fresh4_dense_grid_904100,dense_grid,4,6,token,poor,23,8,22.17120538740892
fresh4_dense_grid_904100,dense_grid,4,6,token,poor,23,32,22.030034648663676
fresh4_dense_grid_904100,dense_grid,4,6,token,poor,23,128,22.03
fresh4_dense_grid_904100,dense_grid,4,6,token,poor,23,512,22.03
fresh4_dense_grid_904100,dense_grid,4,6,token,poor,31,1,26.64499304690852
fresh4_dense_grid_904100,dense_grid,4,6,token,poor,31,8,22.12049425908775
fresh4_dense_grid_904100,dense_grid,4,6,token,poor,31,32,22.03001014724837
fresh4_dense_grid_904100,dense_grid,4,6,token,poor,31,128,22.03
fresh4_dense_grid_904100,dense_grid,4,6,token,poor,31,512,22.03
fresh4_dense_grid_904100,dense_grid,4,6,token,random,11,1,24.905565716605075
fresh4_dense_grid_904100,dense_grid,4,6,token,random,11,8,22.795240907671033
fresh4_dense_grid_904100,dense_grid,4,6,token,random,11,32,22.063083369132176
fresh4_dense_grid_904100,dense_grid,4,6,token,random,11,128,22.030000383589094
fresh4_dense_grid_904100,dense_grid,4,6,token,random,11,512,22.03
fresh4_dense_grid_904100,dense_grid,4,6,token,random,17,1,24.712999185308288
fresh4_dense_grid_904100,dense_grid,4,6,token,random,17,8,22.44933356179158
fresh4_dense_grid_904100,dense_grid,4,6,token,random,17,32,22.031995692147444
fresh4_dense_grid_904100,dense_grid,4,6,token,random,17,128,22.030000000004687
fresh4_dense_grid_904100,dense_grid,4,6,token,random,17,512,22.03
fresh4_dense_grid_904100,dense_grid,4,6,token,random,23,1,24.708959771075673
fresh4_dense_grid_904100,dense_grid,4,6,token,random,23,8,22.44552965385159
fresh4_dense_grid_904100,dense_grid,4,6,token,random,23,32,22.032008628927716
fresh4_dense_grid_904100,dense_grid,4,6,token,random,23,128,22.030000000004875
fresh4_dense_grid_904100,dense_grid,4,6,token,random,23,512,22.03
fresh4_dense_grid_904100,dense_grid,4,6,token,random,31,1,24.905706163833454
fresh4_dense_grid_904100,dense_grid,4,6,token,random,31,8,22.795636234003553
fresh4_dense_grid_904100,dense_grid,4,6,token,random,31,32,22.06317903230444
fresh4_dense_grid_904100,dense_grid,4,6,token,random,31,128,22.030000388078484
fresh4_dense_grid_904100,dense_grid,4,6,token,random,31,512,22.03
fresh4_dense_grid_904100,dense_grid,4,6,uniform_feasible,deterministic,,1,28.2464444444444
fresh4_dense_grid_904100,dense_grid,4,6,uniform_feasible,deterministic,,8,24.240189410680596
fresh4_dense_grid_904100,dense_grid,4,6,uniform_feasible,deterministic,,32,22.46958329811051
fresh4_dense_grid_904100,dense_grid,4,6,uniform_feasible,deterministic,,128,22.03431971149707
fresh4_dense_grid_904100,dense_grid,4,6,uniform_feasible,deterministic,,512,22.030000000112828
fresh4_dense_grid_904100,dense_grid,4,6,uniform_feasible,poor,,1,29.566666666666663
fresh4_dense_grid_904100,dense_grid,4,6,uniform_feasible,poor,,8,24.241646215489713
fresh4_dense_grid_904100,dense_grid,4,6,uniform_feasible,poor,,32,22.46958329811646
fresh4_dense_grid_904100,dense_grid,4,6,uniform_feasible,poor,,128,22.03431971149707
fresh4_dense_grid_904100,dense_grid,4,6,uniform_feasible,poor,,512,22.030000000112828
fresh4_dense_grid_904100,dense_grid,4,6,uniform_feasible,random,,1,25.352111111111043
fresh4_dense_grid_904100,dense_grid,4,6,uniform_feasible,random,,8,24.013754302310417
fresh4_dense_grid_904100,dense_grid,4,6,uniform_feasible,random,,32,22.469377742511103
fresh4_dense_grid_904100,dense_grid,4,6,uniform_feasible,random,,128,22.034319711497066
fresh4_dense_grid_904100,dense_grid,4,6,uniform_feasible,random,,512,22.030000000112828
fresh4_dense_grid_904101,dense_grid,4,6,greedy,deterministic,,1,16.869999999999997
fresh4_dense_grid_904101,dense_grid,4,6,greedy,deterministic,,8,12.549999999999999
fresh4_dense_grid_904101,dense_grid,4,6,greedy,deterministic,,32,12.18
fresh4_dense_grid_904101,dense_grid,4,6,greedy,deterministic,,128,12.18
fresh4_dense_grid_904101,dense_grid,4,6,greedy,deterministic,,512,12.18
fresh4_dense_grid_904101,dense_grid,4,6,greedy,poor,,1,21.950000000000003
fresh4_dense_grid_904101,dense_grid,4,6,greedy,poor,,8,16.869999999999997
fresh4_dense_grid_904101,dense_grid,4,6,greedy,poor,,32,12.18
fresh4_dense_grid_904101,dense_grid,4,6,greedy,poor,,128,12.18
fresh4_dense_grid_904101,dense_grid,4,6,greedy,poor,,512,12.18
fresh4_dense_grid_904101,dense_grid,4,6,greedy,random,,1,20.61
fresh4_dense_grid_904101,dense_grid,4,6,greedy,random,,8,14.51
fresh4_dense_grid_904101,dense_grid,4,6,greedy,random,,32,12.18
fresh4_dense_grid_904101,dense_grid,4,6,greedy,random,,128,12.18
fresh4_dense_grid_904101,dense_grid,4,6,greedy,random,,512,12.18
fresh4_dense_grid_904101,dense_grid,4,6,penalty_row_xy,deterministic,11,1,16.311302972546965
fresh4_dense_grid_904101,dense_grid,4,6,penalty_row_xy,deterministic,11,8,14.052461039681262
fresh4_dense_grid_904101,dense_grid,4,6,penalty_row_xy,deterministic,11,32,12.468314452230409
fresh4_dense_grid_904101,dense_grid,4,6,penalty_row_xy,deterministic,11,128,12.183478545668144
fresh4_dense_grid_904101,dense_grid,4,6,penalty_row_xy,deterministic,11,512,12.1800000021437
fresh4_dense_grid_904101,dense_grid,4,6,penalty_row_xy,deterministic,17,1,16.11343609039274
fresh4_dense_grid_904101,dense_grid,4,6,penalty_row_xy,deterministic,17,8,13.60719409440975
fresh4_dense_grid_904101,dense_grid,4,6,penalty_row_xy,deterministic,17,32,12.31340540560023
fresh4_dense_grid_904101,dense_grid,4,6,penalty_row_xy,deterministic,17,128,12.18016025635614
fresh4_dense_grid_904101,dense_grid,4,6,penalty_row_xy,deterministic,17,512,12.180000000000012
fresh4_dense_grid_904101,dense_grid,4,6,penalty_row_xy,deterministic,23,1,16.314719373484813
fresh4_dense_grid_904101,dense_grid,4,6,penalty_row_xy,deterministic,23,8,14.114203622202584
fresh4_dense_grid_904101,dense_grid,4,6,penalty_row_xy,deterministic,23,32,12.533643134536677
fresh4_dense_grid_904101,dense_grid,4,6,penalty_row_xy,deterministic,23,128,12.1861520704789
fresh4_dense_grid_904101,dense_grid,4,6,penalty_row_xy,deterministic,23,512,12.1800000180408
fresh4_dense_grid_904101,dense_grid,4,6,penalty_row_xy,deterministic,31,1,16.291597080627547
fresh4_dense_grid_904101,dense_grid,4,6,penalty_row_xy,deterministic,31,8,14.022629527994377
fresh4_dense_grid_904101,dense_grid,4,6,penalty_row_xy,deterministic,31,32,12.468958991415576
fresh4_dense_grid_904101,dense_grid,4,6,penalty_row_xy,deterministic,31,128,12.18523153081032
fresh4_dense_grid_904101,dense_grid,4,6,penalty_row_xy,deterministic,31,512,12.180000013407854
fresh4_dense_grid_904101,dense_grid,4,6,penalty_row_xy,poor,11,1,19.93086842322642
fresh4_dense_grid_904101,dense_grid,4,6,penalty_row_xy,poor,11,8,14.149107539991919
fresh4_dense_grid_904101,dense_grid,4,6,penalty_row_xy,poor,11,32,12.299220257346304
fresh4_dense_grid_904101,dense_grid,4,6,penalty_row_xy,poor,11,128,12.180095053061319
fresh4_dense_grid_904101,dense_grid,4,6,penalty_row_xy,poor,11,512,12.180000000000001
fresh4_dense_grid_904101,dense_grid,4,6,penalty_row_xy,poor,17,1,19.932457726466914
fresh4_dense_grid_904101,dense_grid,4,6,penalty_row_xy,poor,17,8,14.150088392826797
fresh4_dense_grid_904101,dense_grid,4,6,penalty_row_xy,poor,17,32,12.298998524163803
fresh4_dense_grid_904101,dense_grid,4,6,penalty_row_xy,poor,17,128,12.18009461629568
fresh4_dense_grid_904101,dense_grid,4,6,penalty_row_xy,poor,17,512,12.18
fresh4_dense_grid_904101,dense_grid,4,6,penalty_row_xy,poor,23,1,19.261827837806198
fresh4_dense_grid_904101,dense_grid,4,6,penalty_row_xy,poor,23,8,13.806499251379861
fresh4_dense_grid_904101,dense_grid,4,6,penalty_row_xy,poor,23,32,12.38344719220882
fresh4_dense_grid_904101,dense_grid,4,6,penalty_row_xy,poor,23,128,12.182584165699476
fresh4_dense_grid_904101,dense_grid,4,6,penalty_row_xy,poor,23,512,12.18000000081001
fresh4_dense_grid_904101,dense_grid,4,6,penalty_row_xy,poor,31,1,19.930944973710748
fresh4_dense_grid_904101,dense_grid,4,6,penalty_row_xy,poor,31,8,14.149481551707636
fresh4_dense_grid_904101,dense_grid,4,6,penalty_row_xy,poor,31,32,12.29928078694009
fresh4_dense_grid_904101,dense_grid,4,6,penalty_row_xy,poor,31,128,12.180094409389094
fresh4_dense_grid_904101,dense_grid,4,6,penalty_row_xy,poor,31,512,12.18
fresh4_dense_grid_904101,dense_grid,4,6,penalty_row_xy,random,11,1,18.814658527725197
fresh4_dense_grid_904101,dense_grid,4,6,penalty_row_xy,random,11,8,14.186473545186852
fresh4_dense_grid_904101,dense_grid,4,6,penalty_row_xy,random,11,32,12.474662753813467
fresh4_dense_grid_904101,dense_grid,4,6,penalty_row_xy,random,11,128,12.182886227931187
fresh4_dense_grid_904101,dense_grid,4,6,penalty_row_xy,random,11,512,12.180000000497973
fresh4_dense_grid_904101,dense_grid,4,6,penalty_row_xy,random,17,1,18.813337965769218
fresh4_dense_grid_904101,dense_grid,4,6,penalty_row_xy,random,17,8,14.185450488663454
fresh4_dense_grid_904101,dense_grid,4,6,penalty_row_xy,random,17,32,12.47380874929298
fresh4_dense_grid_904101,dense_grid,4,6,penalty_row_xy,random,17,128,12.182823798832882
fresh4_dense_grid_904101,dense_grid,4,6,penalty_row_xy,random,17,512,12.180000000453434
fresh4_dense_grid_904101,dense_grid,4,6,penalty_row_xy,random,23,1,18.802774526796608
fresh4_dense_grid_904101,dense_grid,4,6,penalty_row_xy,random,23,8,14.175075319628986
fresh4_dense_grid_904101,dense_grid,4,6,penalty_row_xy,random,23,32,12.458047064107786
fresh4_dense_grid_904101,dense_grid,4,6,penalty_row_xy,random,23,128,12.183064075799932
fresh4_dense_grid_904101,dense_grid,4,6,penalty_row_xy,random,23,512,12.180000000758568
fresh4_dense_grid_904101,dense_grid,4,6,penalty_row_xy,random,31,1,18.814772361147785
fresh4_dense_grid_904101,dense_grid,4,6,penalty_row_xy,random,31,8,14.186369291289378
fresh4_dense_grid_904101,dense_grid,4,6,penalty_row_xy,random,31,32,12.475358496727264
fresh4_dense_grid_904101,dense_grid,4,6,penalty_row_xy,random,31,128,12.18296456448388
fresh4_dense_grid_904101,dense_grid,4,6,penalty_row_xy,random,31,512,12.180000000565071
fresh4_dense_grid_904101,dense_grid,4,6,token,deterministic,11,1,15.293630008056745
fresh4_dense_grid_904101,dense_grid,4,6,token,deterministic,11,8,12.509684376156768
fresh4_dense_grid_904101,dense_grid,4,6,token,deterministic,11,32,12.181463384411725
fresh4_dense_grid_904101,dense_grid,4,6,token,deterministic,11,128,12.180000000023679
fresh4_dense_grid_904101,dense_grid,4,6,token,deterministic,11,512,12.18
fresh4_dense_grid_904101,dense_grid,4,6,token,deterministic,17,1,15.292645692682198
fresh4_dense_grid_904101,dense_grid,4,6,token,deterministic,17,8,12.509424022274855
fresh4_dense_grid_904101,dense_grid,4,6,token,deterministic,17,32,12.181463222188361
fresh4_dense_grid_904101,dense_grid,4,6,token,deterministic,17,128,12.180000000023766
fresh4_dense_grid_904101,dense_grid,4,6,token,deterministic,17,512,12.18
fresh4_dense_grid_904101,dense_grid,4,6,token,deterministic,23,1,15.294412438287171
fresh4_dense_grid_904101,dense_grid,4,6,token,deterministic,23,8,12.51003645720446
fresh4_dense_grid_904101,dense_grid,4,6,token,deterministic,23,32,12.181461582964795
fresh4_dense_grid_904101,dense_grid,4,6,token,deterministic,23,128,12.180000000023533
fresh4_dense_grid_904101,dense_grid,4,6,token,deterministic,23,512,12.18
fresh4_dense_grid_904101,dense_grid,4,6,token,deterministic,31,1,15.291489521684444
fresh4_dense_grid_904101,dense_grid,4,6,token,deterministic,31,8,12.509130274894046
fresh4_dense_grid_904101,dense_grid,4,6,token,deterministic,31,32,12.181464785304017
fresh4_dense_grid_904101,dense_grid,4,6,token,deterministic,31,128,12.180000000023908
fresh4_dense_grid_904101,dense_grid,4,6,token,deterministic,31,512,12.18
fresh4_dense_grid_904101,dense_grid,4,6,token,poor,11,1,14.790825153359979
fresh4_dense_grid_904101,dense_grid,4,6,token,poor,11,8,12.266586259840606
fresh4_dense_grid_904101,dense_grid,4,6,token,poor,11,32,12.180036582414042
fresh4_dense_grid_904101,dense_grid,4,6,token,poor,11,128,12.18
fresh4_dense_grid_904101,dense_grid,4,6,token,poor,11,512,12.18
fresh4_dense_grid_904101,dense_grid,4,6,token,poor,17,1,14.810909253409424
fresh4_dense_grid_904101,dense_grid,4,6,token,poor,17,8,12.265851328675181
fresh4_dense_grid_904101,dense_grid,4,6,token,poor,17,32,12.18002827739649
fresh4_dense_grid_904101,dense_grid,4,6,token,poor,17,128,12.18
fresh4_dense_grid_904101,dense_grid,4,6,token,poor,17,512,12.18
fresh4_dense_grid_904101,dense_grid,4,6,token,poor,23,1,14.952763168908344
fresh4_dense_grid_904101,dense_grid,4,6,token,poor,23,8,12.255015048449794
fresh4_dense_grid_904101,dense_grid,4,6,token,poor,23,32,12.180012955774151
fresh4_dense_grid_904101,dense_grid,4,6,token,poor,23,128,12.18
fresh4_dense_grid_904101,dense_grid,4,6,token,poor,23,512,12.18
fresh4_dense_grid_904101,dense_grid,4,6,token,poor,31,1,14.915043149073714
fresh4_dense_grid_904101,dense_grid,4,6,token,poor,31,8,12.277201569676137
fresh4_dense_grid_904101,dense_grid,4,6,token,poor,31,32,12.180029008511466
fresh4_dense_grid_904101,dense_grid,4,6,token,poor,31,128,12.18
fresh4_dense_grid_904101,dense_grid,4,6,token,poor,31,512,12.18
fresh4_dense_grid_904101,dense_grid,4,6,token,random,11,1,14.742461644425287
fresh4_dense_grid_904101,dense_grid,4,6,token,random,11,8,12.204795165707008
fresh4_dense_grid_904101,dense_grid,4,6,token,random,11,32,12.180000074491732
fresh4_dense_grid_904101,dense_grid,4,6,token,random,11,128,12.18
fresh4_dense_grid_904101,dense_grid,4,6,token,random,11,512,12.18
fresh4_dense_grid_904101,dense_grid,4,6,token,random,17,1,15.1624546162587
fresh4_dense_grid_904101,dense_grid,4,6,token,random,17,8,12.260783657810448
fresh4_dense_grid_904101,dense_grid,4,6,token,random,17,32,12.180007154435403
fresh4_dense_grid_904101,dense_grid,4,6,token,random,17,128,12.18
fresh4_dense_grid_904101,dense_grid,4,6,token,random,17,512,12.18
fresh4_dense_grid_904101,dense_grid,4,6,token,random,23,1,15.210382329174639
fresh4_dense_grid_904101,dense_grid,4,6,token,random,23,8,12.287484586065078
fresh4_dense_grid_904101,dense_grid,4,6,token,random,23,32,12.180033232712049
fresh4_dense_grid_904101,dense_grid,4,6,token,random,23,128,12.18
fresh4_dense_grid_904101,dense_grid,4,6,token,random,23,512,12.18
fresh4_dense_grid_904101,dense_grid,4,6,token,random,31,1,15.039933856090911
fresh4_dense_grid_904101,dense_grid,4,6,token,random,31,8,12.240969725387957
fresh4_dense_grid_904101,dense_grid,4,6,token,random,31,32,12.180002269346401
fresh4_dense_grid_904101,dense_grid,4,6,token,random,31,128,12.18
fresh4_dense_grid_904101,dense_grid,4,6,token,random,31,512,12.18
fresh4_dense_grid_904101,dense_grid,4,6,uniform_feasible,deterministic,,1,15.613111111111088
fresh4_dense_grid_904101,dense_grid,4,6,uniform_feasible,deterministic,,8,12.942640280040251
fresh4_dense_grid_904101,dense_grid,4,6,uniform_feasible,deterministic,,32,12.220099491820188
fresh4_dense_grid_904101,dense_grid,4,6,uniform_feasible,deterministic,,128,12.180011707564395
fresh4_dense_grid_904101,dense_grid,4,6,uniform_feasible,deterministic,,512,12.18
fresh4_dense_grid_904101,dense_grid,4,6,uniform_feasible,poor,,1,16.35
fresh4_dense_grid_904101,dense_grid,4,6,uniform_feasible,poor,,8,12.942885520659514
fresh4_dense_grid_904101,dense_grid,4,6,uniform_feasible,poor,,32,12.220099491820216
fresh4_dense_grid_904101,dense_grid,4,6,uniform_feasible,poor,,128,12.180011707564395
fresh4_dense_grid_904101,dense_grid,4,6,uniform_feasible,poor,,512,12.18
fresh4_dense_grid_904101,dense_grid,4,6,uniform_feasible,random,,1,16.316555555555553
fresh4_dense_grid_904101,dense_grid,4,6,uniform_feasible,random,,8,12.942885520654148
fresh4_dense_grid_904101,dense_grid,4,6,uniform_feasible,random,,32,12.220099491820216
fresh4_dense_grid_904101,dense_grid,4,6,uniform_feasible,random,,128,12.180011707564395
fresh4_dense_grid_904101,dense_grid,4,6,uniform_feasible,random,,512,12.18
fresh4_dense_grid_904102,dense_grid,4,6,greedy,deterministic,,1,22.86
fresh4_dense_grid_904102,dense_grid,4,6,greedy,deterministic,,8,18.599999999999998
fresh4_dense_grid_904102,dense_grid,4,6,greedy,deterministic,,32,18.599999999999998
fresh4_dense_grid_904102,dense_grid,4,6,greedy,deterministic,,128,18.599999999999998
fresh4_dense_grid_904102,dense_grid,4,6,greedy,deterministic,,512,18.599999999999998
fresh4_dense_grid_904102,dense_grid,4,6,greedy,poor,,1,34.78
fresh4_dense_grid_904102,dense_grid,4,6,greedy,poor,,8,26.200000000000003
fresh4_dense_grid_904102,dense_grid,4,6,greedy,poor,,32,18.599999999999998
fresh4_dense_grid_904102,dense_grid,4,6,greedy,poor,,128,18.599999999999998
fresh4_dense_grid_904102,dense_grid,4,6,greedy,poor,,512,18.599999999999998
fresh4_dense_grid_904102,dense_grid,4,6,greedy,random,,1,27.880000000000003
fresh4_dense_grid_904102,dense_grid,4,6,greedy,random,,8,24.020000000000003
fresh4_dense_grid_904102,dense_grid,4,6,greedy,random,,32,18.599999999999998
fresh4_dense_grid_904102,dense_grid,4,6,greedy,random,,128,18.599999999999998
fresh4_dense_grid_904102,dense_grid,4,6,greedy,random,,512,18.599999999999998
fresh4_dense_grid_904102,dense_grid,4,6,penalty_row_xy,deterministic,11,1,22.668115328481576
fresh4_dense_grid_904102,dense_grid,4,6,penalty_row_xy,deterministic,11,8,21.559289338086195
fresh4_dense_grid_904102,dense_grid,4,6,penalty_row_xy,deterministic,11,32,19.644270591428626
fresh4_dense_grid_904102,dense_grid,4,6,penalty_row_xy,deterministic,11,128,18.623462469479765
fresh4_dense_grid_904102,dense_grid,4,6,penalty_row_xy,deterministic,11,512,18.600000012270808
fresh4_dense_grid_904102,dense_grid,4,6,penalty_row_xy,deterministic,17,1,22.668576358839147
fresh4_dense_grid_904102,dense_grid,4,6,penalty_row_xy,deterministic,17,8,21.56184243227254
fresh4_dense_grid_904102,dense_grid,4,6,penalty_row_xy,deterministic,17,32,19.647383617715047
fresh4_dense_grid_904102,dense_grid,4,6,penalty_row_xy,deterministic,17,128,18.62368318682101
fresh4_dense_grid_904102,dense_grid,4,6,penalty_row_xy,deterministic,17,512,18.600000012716585
fresh4_dense_grid_904102,dense_grid,4,6,penalty_row_xy,deterministic,23,1,22.668023892281145
fresh4_dense_grid_904102,dense_grid,4,6,penalty_row_xy,deterministic,23,8,21.55857568803834
fresh4_dense_grid_904102,dense_grid,4,6,penalty_row_xy,deterministic,23,32,19.64257016785648
fresh4_dense_grid_904102,dense_grid,4,6,penalty_row_xy,deterministic,23,128,18.623221121893604
fresh4_dense_grid_904102,dense_grid,4,6,penalty_row_xy,deterministic,23,512,18.600000011732376
fresh4_dense_grid_904102,dense_grid,4,6,penalty_row_xy,deterministic,31,1,22.67089304149524
fresh4_dense_grid_904102,dense_grid,4,6,penalty_row_xy,deterministic,31,8,21.575534377345903
fresh4_dense_grid_904102,dense_grid,4,6,penalty_row_xy,deterministic,31,32,19.66759262444345
fresh4_dense_grid_904102,dense_grid,4,6,penalty_row_xy,deterministic,31,128,18.62567940338069
fresh4_dense_grid_904102,dense_grid,4,6,penalty_row_xy,deterministic,31,512,18.6000000176766
fresh4_dense_grid_904102,dense_grid,4,6,penalty_row_xy,poor,11,1,31.094612467390228
fresh4_dense_grid_904102,dense_grid,4,6,penalty_row_xy,poor,11,8,22.86696863790354
fresh4_dense_grid_904102,dense_grid,4,6,penalty_row_xy,poor,11,32,20.563133724527045
fresh4_dense_grid_904102,dense_grid,4,6,penalty_row_xy,poor,11,128,19.16286085872294
fresh4_dense_grid_904102,dense_grid,4,6,penalty_row_xy,poor,11,512,18.604983332328565
fresh4_dense_grid_904102,dense_grid,4,6,penalty_row_xy,poor,17,1,30.92928736764872
fresh4_dense_grid_904102,dense_grid,4,6,penalty_row_xy,poor,17,8,22.698132457940442
fresh4_dense_grid_904102,dense_grid,4,6,penalty_row_xy,poor,17,32,20.58982571267458
fresh4_dense_grid_904102,dense_grid,4,6,penalty_row_xy,poor,17,128,19.246174011260134
fresh4_dense_grid_904102,dense_grid,4,6,penalty_row_xy,poor,17,512,18.60866130325777
fresh4_dense_grid_904102,dense_grid,4,6,penalty_row_xy,poor,23,1,30.929232970621307
fresh4_dense_grid_904102,dense_grid,4,6,penalty_row_xy,poor,23,8,22.697442313506848
fresh4_dense_grid_904102,dense_grid,4,6,penalty_row_xy,poor,23,32,20.57770733796162
fresh4_dense_grid_904102,dense_grid,4,6,penalty_row_xy,poor,23,128,19.22959546208489
fresh4_dense_grid_904102,dense_grid,4,6,penalty_row_xy,poor,23,512,18.607805975027876
fresh4_dense_grid_904102,dense_grid,4,6,penalty_row_xy,poor,31,1,31.092790873232296
fresh4_dense_grid_904102,dense_grid,4,6,penalty_row_xy,poor,31,8,22.865119577808105
fresh4_dense_grid_904102,dense_grid,4,6,penalty_row_xy,poor,31,32,20.561400786542414
fresh4_dense_grid_904102,dense_grid,4,6,penalty_row_xy,poor,31,128,19.16072542264871
fresh4_dense_grid_904102,dense_grid,4,6,penalty_row_xy,poor,31,512,18.60490808798807
fresh4_dense_grid_904102,dense_grid,4,6,penalty_row_xy,random,11,1,26.864383624786328
fresh4_dense_grid_904102,dense_grid,4,6,penalty_row_xy,random,11,8,23.003838330084683
fresh4_dense_grid_904102,dense_grid,4,6,penalty_row_xy,random,11,32,20.061786993380064
fresh4_dense_grid_904102,dense_grid,4,6,penalty_row_xy,random,11,128,18.69786477094822
fresh4_dense_grid_904102,dense_grid,4,6,penalty_row_xy,random,11,512,18.6000043392463
fresh4_dense_grid_904102,dense_grid,4,6,penalty_row_xy,random,17,1,26.89446884206625
fresh4_dense_grid_904102,dense_grid,4,6,penalty_row_xy,random,17,8,23.12270004160994
fresh4_dense_grid_904102,dense_grid,4,6,penalty_row_xy,random,17,32,20.221595791836503
fresh4_dense_grid_904102,dense_grid,4,6,penalty_row_xy,random,17,128,18.737126429733046
fresh4_dense_grid_904102,dense_grid,4,6,penalty_row_xy,random,17,512,18.60001571841978
fresh4_dense_grid_904102,dense_grid,4,6,penalty_row_xy,random,23,1,26.28140428267818
fresh4_dense_grid_904102,dense_grid,4,6,penalty_row_xy,random,23,8,22.059603252961743
fresh4_dense_grid_904102,dense_grid,4,6,penalty_row_xy,random,23,32,21.048790397177058
fresh4_dense_grid_904102,dense_grid,4,6,penalty_row_xy,random,23,128,20.366639068745776
fresh4_dense_grid_904102,dense_grid,4,6,penalty_row_xy,random,23,512,19.084043736054596
fresh4_dense_grid_904102,dense_grid,4,6,penalty_row_xy,random,31,1,26.88978981667645
fresh4_dense_grid_904102,dense_grid,4,6,penalty_row_xy,random,31,8,22.98241694017301
fresh4_dense_grid_904102,dense_grid,4,6,penalty_row_xy,random,31,32,19.854531066105586
fresh4_dense_grid_904102,dense_grid,4,6,penalty_row_xy,random,31,128,18.638748741735654
fresh4_dense_grid_904102,dense_grid,4,6,penalty_row_xy,random,31,512,18.60000008525965
fresh4_dense_grid_904102,dense_grid,4,6,token,deterministic,11,1,21.366855199807777
fresh4_dense_grid_904102,dense_grid,4,6,token,deterministic,11,8,19.00998329130308
fresh4_dense_grid_904102,dense_grid,4,6,token,deterministic,11,32,18.601302992185254
fresh4_dense_grid_904102,dense_grid,4,6,token,deterministic,11,128,18.60000000000014
fresh4_dense_grid_904102,dense_grid,4,6,token,deterministic,11,512,18.599999999999998
fresh4_dense_grid_904102,dense_grid,4,6,token,deterministic,17,1,21.366957720801548
fresh4_dense_grid_904102,dense_grid,4,6,token,deterministic,17,8,19.009943698739157
fresh4_dense_grid_904102,dense_grid,4,6,token,deterministic,17,32,18.60130220870612
fresh4_dense_grid_904102,dense_grid,4,6,token,deterministic,17,128,18.60000000000014
fresh4_dense_grid_904102,dense_grid,4,6,token,deterministic,17,512,18.599999999999998
fresh4_dense_grid_904102,dense_grid,4,6,token,deterministic,23,1,21.367996203349
fresh4_dense_grid_904102,dense_grid,4,6,token,deterministic,23,8,19.010162079164505
fresh4_dense_grid_904102,dense_grid,4,6,token,deterministic,23,32,18.601302462738452
fresh4_dense_grid_904102,dense_grid,4,6,token,deterministic,23,128,18.600000000000136
fresh4_dense_grid_904102,dense_grid,4,6,token,deterministic,23,512,18.599999999999998
fresh4_dense_grid_904102,dense_grid,4,6,token,deterministic,31,1,21.36648323939187
fresh4_dense_grid_904102,dense_grid,4,6,token,deterministic,31,8,19.009692487083893
fresh4_dense_grid_904102,dense_grid,4,6,token,deterministic,31,32,18.601300021457952
fresh4_dense_grid_904102,dense_grid,4,6,token,deterministic,31,128,18.60000000000014
fresh4_dense_grid_904102,dense_grid,4,6,token,deterministic,31,512,18.599999999999998
fresh4_dense_grid_904102,dense_grid,4,6,token,poor,11,1,25.770071593421967
fresh4_dense_grid_904102,dense_grid,4,6,token,poor,11,8,19.196564503218813
fresh4_dense_grid_904102,dense_grid,4,6,token,poor,11,32,18.600948184802448
fresh4_dense_grid_904102,dense_grid,4,6,token,poor,11,128,18.600000000000033
fresh4_dense_grid_904102,dense_grid,4,6,token,poor,11,512,18.599999999999998
fresh4_dense_grid_904102,dense_grid,4,6,token,poor,17,1,25.778340195712815
fresh4_dense_grid_904102,dense_grid,4,6,token,poor,17,8,19.198813948958467
fresh4_dense_grid_904102,dense_grid,4,6,token,poor,17,32,18.60094916035951
fresh4_dense_grid_904102,dense_grid,4,6,token,poor,17,128,18.600000000000033
fresh4_dense_grid_904102,dense_grid,4,6,token,poor,17,512,18.599999999999998
fresh4_dense_grid_904102,dense_grid,4,6,token,poor,23,1,25.77080408849875
fresh4_dense_grid_904102,dense_grid,4,6,token,poor,23,8,19.197760604861212
fresh4_dense_grid_904102,dense_grid,4,6,token,poor,23,32,18.60094906714576
fresh4_dense_grid_904102,dense_grid,4,6,token,poor,23,128,18.60000000000003
fresh4_dense_grid_904102,dense_grid,4,6,token,poor,23,512,18.599999999999998
fresh4_dense_grid_904102,dense_grid,4,6,token,poor,31,1,25.77335963860775
fresh4_dense_grid_904102,dense_grid,4,6,token,poor,31,8,19.198468519383887
fresh4_dense_grid_904102,dense_grid,4,6,token,poor,31,32,18.600949026070648
fresh4_dense_grid_904102,dense_grid,4,6,token,poor,31,128,18.600000000000033
fresh4_dense_grid_904102,dense_grid,4,6,token,poor,31,512,18.599999999999998
fresh4_dense_grid_904102,dense_grid,4,6,token,random,11,1,23.961643560334466
fresh4_dense_grid_904102,dense_grid,4,6,token,random,11,8,19.95484213152643
fresh4_dense_grid_904102,dense_grid,4,6,token,random,11,32,18.684933320843438
fresh4_dense_grid_904102,dense_grid,4,6,token,random,11,128,18.60000208056664
fresh4_dense_grid_904102,dense_grid,4,6,token,random,11,512,18.599999999999998
fresh4_dense_grid_904102,dense_grid,4,6,token,random,17,1,24.47010682849646
fresh4_dense_grid_904102,dense_grid,4,6,token,random,17,8,20.62787459450198
fresh4_dense_grid_904102,dense_grid,4,6,token,random,17,32,18.865060782194508
fresh4_dense_grid_904102,dense_grid,4,6,token,random,17,128,18.600130033311935
fresh4_dense_grid_904102,dense_grid,4,6,token,random,17,512,18.599999999999998
fresh4_dense_grid_904102,dense_grid,4,6,token,random,23,1,24.443285337186957
fresh4_dense_grid_904102,dense_grid,4,6,token,random,23,8,20.622950738110422
fresh4_dense_grid_904102,dense_grid,4,6,token,random,23,32,18.859370775326237
fresh4_dense_grid_904102,dense_grid,4,6,token,random,23,128,18.600111873329965
fresh4_dense_grid_904102,dense_grid,4,6,token,random,23,512,18.599999999999998
fresh4_dense_grid_904102,dense_grid,4,6,token,random,31,1,23.78987096136087
fresh4_dense_grid_904102,dense_grid,4,6,token,random,31,8,19.937905800391775
fresh4_dense_grid_904102,dense_grid,4,6,token,random,31,32,18.679805384771193
fresh4_dense_grid_904102,dense_grid,4,6,token,random,31,128,18.600001515261436
fresh4_dense_grid_904102,dense_grid,4,6,token,random,31,512,18.599999999999998
fresh4_dense_grid_904102,dense_grid,4,6,uniform_feasible,deterministic,,1,22.541777777777718
fresh4_dense_grid_904102,dense_grid,4,6,uniform_feasible,deterministic,,8,21.025114564802784
fresh4_dense_grid_904102,dense_grid,4,6,uniform_feasible,deterministic,,32,19.2691966845185
fresh4_dense_grid_904102,dense_grid,4,6,uniform_feasible,deterministic,,128,18.608081845133253
fresh4_dense_grid_904102,dense_grid,4,6,uniform_feasible,deterministic,,512,18.600000000211647
fresh4_dense_grid_904102,dense_grid,4,6,uniform_feasible,poor,,1,25.91666666666666
fresh4_dense_grid_904102,dense_grid,4,6,uniform_feasible,poor,,8,21.169763735638707
fresh4_dense_grid_904102,dense_grid,4,6,uniform_feasible,poor,,32,19.269375918158495
fresh4_dense_grid_904102,dense_grid,4,6,uniform_feasible,poor,,128,18.6080818451333
fresh4_dense_grid_904102,dense_grid,4,6,uniform_feasible,poor,,512,18.600000000211647
fresh4_dense_grid_904102,dense_grid,4,6,uniform_feasible,random,,1,25.257999999999974
fresh4_dense_grid_904102,dense_grid,4,6,uniform_feasible,random,,8,21.169737387051015
fresh4_dense_grid_904102,dense_grid,4,6,uniform_feasible,random,,32,19.269375918158495
fresh4_dense_grid_904102,dense_grid,4,6,uniform_feasible,random,,128,18.6080818451333
fresh4_dense_grid_904102,dense_grid,4,6,uniform_feasible,random,,512,18.600000000211647
fresh4_dense_grid_904103,dense_grid,4,6,greedy,deterministic,,1,22.74
fresh4_dense_grid_904103,dense_grid,4,6,greedy,deterministic,,8,16.939999999999998
fresh4_dense_grid_904103,dense_grid,4,6,greedy,deterministic,,32,16.939999999999998
fresh4_dense_grid_904103,dense_grid,4,6,greedy,deterministic,,128,16.939999999999998
fresh4_dense_grid_904103,dense_grid,4,6,greedy,deterministic,,512,16.939999999999998
fresh4_dense_grid_904103,dense_grid,4,6,greedy,poor,,1,28.030000000000005
fresh4_dense_grid_904103,dense_grid,4,6,greedy,poor,,8,22.790000000000003
fresh4_dense_grid_904103,dense_grid,4,6,greedy,poor,,32,16.939999999999998
fresh4_dense_grid_904103,dense_grid,4,6,greedy,poor,,128,16.939999999999998
fresh4_dense_grid_904103,dense_grid,4,6,greedy,poor,,512,16.939999999999998
fresh4_dense_grid_904103,dense_grid,4,6,greedy,random,,1,24.15
fresh4_dense_grid_904103,dense_grid,4,6,greedy,random,,8,21.41
fresh4_dense_grid_904103,dense_grid,4,6,greedy,random,,32,16.939999999999998
fresh4_dense_grid_904103,dense_grid,4,6,greedy,random,,128,16.939999999999998
fresh4_dense_grid_904103,dense_grid,4,6,greedy,random,,512,16.939999999999998
fresh4_dense_grid_904103,dense_grid,4,6,penalty_row_xy,deterministic,11,1,21.937969776403307
fresh4_dense_grid_904103,dense_grid,4,6,penalty_row_xy,deterministic,11,8,19.025057906420685
fresh4_dense_grid_904103,dense_grid,4,6,penalty_row_xy,deterministic,11,32,17.295507791865766
fresh4_dense_grid_904103,dense_grid,4,6,penalty_row_xy,deterministic,11,128,16.943511245359044
fresh4_dense_grid_904103,dense_grid,4,6,penalty_row_xy,deterministic,11,512,16.940000000086798
fresh4_dense_grid_904103,dense_grid,4,6,penalty_row_xy,deterministic,17,1,22.155721944165784
fresh4_dense_grid_904103,dense_grid,4,6,penalty_row_xy,deterministic,17,8,19.744074261507564
fresh4_dense_grid_904103,dense_grid,4,6,penalty_row_xy,deterministic,17,32,17.82062794640304
fresh4_dense_grid_904103,dense_grid,4,6,penalty_row_xy,deterministic,17,128,17.064037986187888
fresh4_dense_grid_904103,dense_grid,4,6,penalty_row_xy,deterministic,17,512,16.940187494530893
fresh4_dense_grid_904103,dense_grid,4,6,penalty_row_xy,deterministic,23,1,21.93732266274605
fresh4_dense_grid_904103,dense_grid,4,6,penalty_row_xy,deterministic,23,8,19.023430362616402
fresh4_dense_grid_904103,dense_grid,4,6,penalty_row_xy,deterministic,23,32,17.29311762339074
fresh4_dense_grid_904103,dense_grid,4,6,penalty_row_xy,deterministic,23,128,16.94334736290039
fresh4_dense_grid_904103,dense_grid,4,6,penalty_row_xy,deterministic,23,512,16.94000000007146
fresh4_dense_grid_904103,dense_grid,4,6,penalty_row_xy,deterministic,31,1,21.938039945377163
fresh4_dense_grid_904103,dense_grid,4,6,penalty_row_xy,deterministic,31,8,19.02112671940157
fresh4_dense_grid_904103,dense_grid,4,6,penalty_row_xy,deterministic,31,32,17.289270192143036
fresh4_dense_grid_904103,dense_grid,4,6,penalty_row_xy,deterministic,31,128,16.943279952661108
fresh4_dense_grid_904103,dense_grid,4,6,penalty_row_xy,deterministic,31,512,16.94000000006585
fresh4_dense_grid_904103,dense_grid,4,6,penalty_row_xy,poor,11,1,24.911478076560684
fresh4_dense_grid_904103,dense_grid,4,6,penalty_row_xy,poor,11,8,19.01665351016991
fresh4_dense_grid_904103,dense_grid,4,6,penalty_row_xy,poor,11,32,17.20600039411042
fresh4_dense_grid_904103,dense_grid,4,6,penalty_row_xy,poor,11,128,16.941025476293724
fresh4_dense_grid_904103,dense_grid,4,6,penalty_row_xy,poor,11,512,16.940000000000907
fresh4_dense_grid_904103,dense_grid,4,6,penalty_row_xy,poor,17,1,24.916508932167318
fresh4_dense_grid_904103,dense_grid,4,6,penalty_row_xy,poor,17,8,19.01549588856443
fresh4_dense_grid_904103,dense_grid,4,6,penalty_row_xy,poor,17,32,17.203399451094192
fresh4_dense_grid_904103,dense_grid,4,6,penalty_row_xy,poor,17,128,16.94098462829866
fresh4_dense_grid_904103,dense_grid,4,6,penalty_row_xy,poor,17,512,16.94000000000077
fresh4_dense_grid_904103,dense_grid,4,6,penalty_row_xy,poor,23,1,24.916959957925375
fresh4_dense_grid_904103,dense_grid,4,6,penalty_row_xy,poor,23,8,19.017515651156238
fresh4_dense_grid_904103,dense_grid,4,6,penalty_row_xy,poor,23,32,17.205016832989
fresh4_dense_grid_904103,dense_grid,4,6,penalty_row_xy,poor,23,128,16.94100267660089
fresh4_dense_grid_904103,dense_grid,4,6,penalty_row_xy,poor,23,512,16.940000000000826
fresh4_dense_grid_904103,dense_grid,4,6,penalty_row_xy,poor,31,1,24.9153418212668
fresh4_dense_grid_904103,dense_grid,4,6,penalty_row_xy,poor,31,8,19.015151385846444
fresh4_dense_grid_904103,dense_grid,4,6,penalty_row_xy,poor,31,32,17.203131642895016
fresh4_dense_grid_904103,dense_grid,4,6,penalty_row_xy,poor,31,128,16.940981658315017
fresh4_dense_grid_904103,dense_grid,4,6,penalty_row_xy,poor,31,512,16.94000000000076
fresh4_dense_grid_904103,dense_grid,4,6,penalty_row_xy,random,11,1,22.130229151479618
fresh4_dense_grid_904103,dense_grid,4,6,penalty_row_xy,random,11,8,17.797588290051184
fresh4_dense_grid_904103,dense_grid,4,6,penalty_row_xy,random,11,32,16.94835543426982
fresh4_dense_grid_904103,dense_grid,4,6,penalty_row_xy,random,11,128,16.940000000334717
fresh4_dense_grid_904103,dense_grid,4,6,penalty_row_xy,random,11,512,16.939999999999998
fresh4_dense_grid_904103,dense_grid,4,6,penalty_row_xy,random,17,1,22.12097308345207
fresh4_dense_grid_904103,dense_grid,4,6,penalty_row_xy,random,17,8,17.79285666176847
fresh4_dense_grid_904103,dense_grid,4,6,penalty_row_xy,random,17,32,16.9482591164077
fresh4_dense_grid_904103,dense_grid,4,6,penalty_row_xy,random,17,128,16.94000000030865
fresh4_dense_grid_904103,dense_grid,4,6,penalty_row_xy,random,17,512,16.939999999999998
fresh4_dense_grid_904103,dense_grid,4,6,penalty_row_xy,random,23,1,23.065517851285115
fresh4_dense_grid_904103,dense_grid,4,6,penalty_row_xy,random,23,8,19.392898741948617
fresh4_dense_grid_904103,dense_grid,4,6,penalty_row_xy,random,23,32,17.40522927162604
fresh4_dense_grid_904103,dense_grid,4,6,penalty_row_xy,random,23,128,16.949046456085778
fresh4_dense_grid_904103,dense_grid,4,6,penalty_row_xy,random,23,512,16.940000004908477
fresh4_dense_grid_904103,dense_grid,4,6,penalty_row_xy,random,31,1,22.121981426204908
fresh4_dense_grid_904103,dense_grid,4,6,penalty_row_xy,random,31,8,17.793106975483482
fresh4_dense_grid_904103,dense_grid,4,6,penalty_row_xy,random,31,32,16.948246156134452
fresh4_dense_grid_904103,dense_grid,4,6,penalty_row_xy,random,31,128,16.94000000030615
fresh4_dense_grid_904103,dense_grid,4,6,penalty_row_xy,random,31,512,16.939999999999998
fresh4_dense_grid_904103,dense_grid,4,6,token,deterministic,11,1,18.65847462947453
fresh4_dense_grid_904103,dense_grid,4,6,token,deterministic,11,8,17.103361093338723
fresh4_dense_grid_904103,dense_grid,4,6,token,deterministic,11,32,16.940616727618906
fresh4_dense_grid_904103,dense_grid,4,6,token,deterministic,11,128,16.940000000000136
fresh4_dense_grid_904103,dense_grid,4,6,token,deterministic,11,512,16.939999999999998
fresh4_dense_grid_904103,dense_grid,4,6,token,deterministic,17,1,18.653311501409735
fresh4_dense_grid_904103,dense_grid,4,6,token,deterministic,17,8,17.103090006393128
fresh4_dense_grid_904103,dense_grid,4,6,token,deterministic,17,32,16.94061486535457
fresh4_dense_grid_904103,dense_grid,4,6,token,deterministic,17,128,16.940000000000136
fresh4_dense_grid_904103,dense_grid,4,6,token,deterministic,17,512,16.939999999999998
fresh4_dense_grid_904103,dense_grid,4,6,token,deterministic,23,1,18.65838292649489
fresh4_dense_grid_904103,dense_grid,4,6,token,deterministic,23,8,17.103396199478038
fresh4_dense_grid_904103,dense_grid,4,6,token,deterministic,23,32,16.940617315161674
fresh4_dense_grid_904103,dense_grid,4,6,token,deterministic,23,128,16.94000000000014
fresh4_dense_grid_904103,dense_grid,4,6,token,deterministic,23,512,16.939999999999998
fresh4_dense_grid_904103,dense_grid,4,6,token,deterministic,31,1,18.652671869497155
fresh4_dense_grid_904103,dense_grid,4,6,token,deterministic,31,8,17.10314622822464
fresh4_dense_grid_904103,dense_grid,4,6,token,deterministic,31,32,16.940615710042895
fresh4_dense_grid_904103,dense_grid,4,6,token,deterministic,31,128,16.940000000000136
fresh4_dense_grid_904103,dense_grid,4,6,token,deterministic,31,512,16.939999999999998
fresh4_dense_grid_904103,dense_grid,4,6,token,poor,11,1,21.320618774328533
fresh4_dense_grid_904103,dense_grid,4,6,token,poor,11,8,17.394635842031544
fresh4_dense_grid_904103,dense_grid,4,6,token,poor,11,32,16.941141164402914
fresh4_dense_grid_904103,dense_grid,4,6,token,poor,11,128,16.940000000001007
fresh4_dense_grid_904103,dense_grid,4,6,token,poor,11,512,16.939999999999998
fresh4_dense_grid_904103,dense_grid,4,6,token,poor,17,1,21.847700981977756
fresh4_dense_grid_904103,dense_grid,4,6,token,poor,17,8,18.364204420476348
fresh4_dense_grid_904103,dense_grid,4,6,token,poor,17,32,17.02462962428564
fresh4_dense_grid_904103,dense_grid,4,6,token,poor,17,128,16.94000313421452
fresh4_dense_grid_904103,dense_grid,4,6,token,poor,17,512,16.939999999999998
fresh4_dense_grid_904103,dense_grid,4,6,token,poor,23,1,21.322057854818315
fresh4_dense_grid_904103,dense_grid,4,6,token,poor,23,8,17.394372186523363
fresh4_dense_grid_904103,dense_grid,4,6,token,poor,23,32,16.941179238198508
fresh4_dense_grid_904103,dense_grid,4,6,token,poor,23,128,16.9400000000012
fresh4_dense_grid_904103,dense_grid,4,6,token,poor,23,512,16.939999999999998
fresh4_dense_grid_904103,dense_grid,4,6,token,poor,31,1,21.8504197257173
fresh4_dense_grid_904103,dense_grid,4,6,token,poor,31,8,18.359858978418004
fresh4_dense_grid_904103,dense_grid,4,6,token,poor,31,32,17.024250889180593
fresh4_dense_grid_904103,dense_grid,4,6,token,poor,31,128,16.94000328883386
fresh4_dense_grid_904103,dense_grid,4,6,token,poor,31,512,16.939999999999998
fresh4_dense_grid_904103,dense_grid,4,6,token,random,11,1,21.41101081201344
fresh4_dense_grid_904103,dense_grid,4,6,token,random,11,8,17.597620865749917
fresh4_dense_grid_904103,dense_grid,4,6,token,random,11,32,16.9533966111539
fresh4_dense_grid_904103,dense_grid,4,6,token,random,11,128,16.94000002264642
fresh4_dense_grid_904103,dense_grid,4,6,token,random,11,512,16.939999999999998
fresh4_dense_grid_904103,dense_grid,4,6,token,random,17,1,21.43191309995641
fresh4_dense_grid_904103,dense_grid,4,6,token,random,17,8,17.58827466207856
fresh4_dense_grid_904103,dense_grid,4,6,token,random,17,32,16.95192503582827
fresh4_dense_grid_904103,dense_grid,4,6,token,random,17,128,16.940000013623187
fresh4_dense_grid_904103,dense_grid,4,6,token,random,17,512,16.939999999999998
fresh4_dense_grid_904103,dense_grid,4,6,token,random,23,1,21.41026481723965
fresh4_dense_grid_904103,dense_grid,4,6,token,random,23,8,17.58787760586645
fresh4_dense_grid_904103,dense_grid,4,6,token,random,23,32,16.952252078272856
fresh4_dense_grid_904103,dense_grid,4,6,token,random,23,128,16.94000001554807
fresh4_dense_grid_904103,dense_grid,4,6,token,random,23,512,16.939999999999998
fresh4_dense_grid_904103,dense_grid,4,6,token,random,31,1,21.44730145662064
fresh4_dense_grid_904103,dense_grid,4,6,token,random,31,8,17.586731838530554
fresh4_dense_grid_904103,dense_grid,4,6,token,random,31,32,16.9513904345424
fresh4_dense_grid_904103,dense_grid,4,6,token,random,31,128,16.940000011003598
fresh4_dense_grid_904103,dense_grid,4,6,token,random,31,512,16.939999999999998
fresh4_dense_grid_904103,dense_grid,4,6,uniform_feasible,deterministic,,1,21.417888888888854
fresh4_dense_grid_904103,dense_grid,4,6,uniform_feasible,deterministic,,8,18.39767355670072
fresh4_dense_grid_904103,dense_grid,4,6,uniform_feasible,deterministic,,32,17.205544556037438
fresh4_dense_grid_904103,dense_grid,4,6,uniform_feasible,deterministic,,128,16.94300240978543
fresh4_dense_grid_904103,dense_grid,4,6,uniform_feasible,deterministic,,512,16.940000000078587
fresh4_dense_grid_904103,dense_grid,4,6,uniform_feasible,poor,,1,22.18333333333333
fresh4_dense_grid_904103,dense_grid,4,6,uniform_feasible,poor,,8,18.39799801814266
fresh4_dense_grid_904103,dense_grid,4,6,uniform_feasible,poor,,32,17.205544556037577
fresh4_dense_grid_904103,dense_grid,4,6,uniform_feasible,poor,,128,16.94300240978543
fresh4_dense_grid_904103,dense_grid,4,6,uniform_feasible,poor,,512,16.940000000078587
fresh4_dense_grid_904103,dense_grid,4,6,uniform_feasible,random,,1,21.886222222222205
fresh4_dense_grid_904103,dense_grid,4,6,uniform_feasible,random,,8,18.397996096640995
fresh4_dense_grid_904103,dense_grid,4,6,uniform_feasible,random,,32,17.205544556037573
fresh4_dense_grid_904103,dense_grid,4,6,uniform_feasible,random,,128,16.94300240978543
fresh4_dense_grid_904103,dense_grid,4,6,uniform_feasible,random,,512,16.940000000078587
fresh4_dense_grid_904104,dense_grid,4,6,greedy,deterministic,,1,33.04
fresh4_dense_grid_904104,dense_grid,4,6,greedy,deterministic,,8,27.699999999999996
fresh4_dense_grid_904104,dense_grid,4,6,greedy,deterministic,,32,25.37
fresh4_dense_grid_904104,dense_grid,4,6,greedy,deterministic,,128,25.37
fresh4_dense_grid_904104,dense_grid,4,6,greedy,deterministic,,512,25.37
fresh4_dense_grid_904104,dense_grid,4,6,greedy,poor,,1,42.45
fresh4_dense_grid_904104,dense_grid,4,6,greedy,poor,,8,36.19
fresh4_dense_grid_904104,dense_grid,4,6,greedy,poor,,32,27.17
fresh4_dense_grid_904104,dense_grid,4,6,greedy,poor,,128,25.37
fresh4_dense_grid_904104,dense_grid,4,6,greedy,poor,,512,25.37
fresh4_dense_grid_904104,dense_grid,4,6,greedy,random,,1,36.83
fresh4_dense_grid_904104,dense_grid,4,6,greedy,random,,8,30.57
fresh4_dense_grid_904104,dense_grid,4,6,greedy,random,,32,25.37
fresh4_dense_grid_904104,dense_grid,4,6,greedy,random,,128,25.37
fresh4_dense_grid_904104,dense_grid,4,6,greedy,random,,512,25.37
fresh4_dense_grid_904104,dense_grid,4,6,penalty_row_xy,deterministic,11,1,32.39142841047354
fresh4_dense_grid_904104,dense_grid,4,6,penalty_row_xy,deterministic,11,8,29.365757602050955
fresh4_dense_grid_904104,dense_grid,4,6,penalty_row_xy,deterministic,11,32,26.394085611348988
fresh4_dense_grid_904104,dense_grid,4,6,penalty_row_xy,deterministic,11,128,25.40909335420657
fresh4_dense_grid_904104,dense_grid,4,6,penalty_row_xy,deterministic,11,512,25.370000338370563
fresh4_dense_grid_904104,dense_grid,4,6,penalty_row_xy,deterministic,17,1,32.52716106472955
fresh4_dense_grid_904104,dense_grid,4,6,penalty_row_xy,deterministic,17,8,30.023865896814556
fresh4_dense_grid_904104,dense_grid,4,6,penalty_row_xy,deterministic,17,32,27.16700626720418
fresh4_dense_grid_904104,dense_grid,4,6,penalty_row_xy,deterministic,17,128,25.670963573235042
fresh4_dense_grid_904104,dense_grid,4,6,penalty_row_xy,deterministic,17,512,25.37119554602331
fresh4_dense_grid_904104,dense_grid,4,6,penalty_row_xy,deterministic,23,1,32.39124932893412
fresh4_dense_grid_904104,dense_grid,4,6,penalty_row_xy,deterministic,23,8,29.364674188713547
fresh4_dense_grid_904104,dense_grid,4,6,penalty_row_xy,deterministic,23,32,26.39166105458708
fresh4_dense_grid_904104,dense_grid,4,6,penalty_row_xy,deterministic,23,128,25.408450707888598
fresh4_dense_grid_904104,dense_grid,4,6,penalty_row_xy,deterministic,23,512,25.37000031551335
fresh4_dense_grid_904104,dense_grid,4,6,penalty_row_xy,deterministic,31,1,32.357014498699314
fresh4_dense_grid_904104,dense_grid,4,6,penalty_row_xy,deterministic,31,8,29.34405549000947
fresh4_dense_grid_904104,dense_grid,4,6,penalty_row_xy,deterministic,31,32,26.81153134566453
fresh4_dense_grid_904104,dense_grid,4,6,penalty_row_xy,deterministic,31,128,25.672978533581986
fresh4_dense_grid_904104,dense_grid,4,6,penalty_row_xy,deterministic,31,512,25.37136724875878
fresh4_dense_grid_904104,dense_grid,4,6,penalty_row_xy,poor,11,1,39.10623615226216
fresh4_dense_grid_904104,dense_grid,4,6,penalty_row_xy,poor,11,8,30.26994206348644
fresh4_dense_grid_904104,dense_grid,4,6,penalty_row_xy,poor,11,32,27.070482676244648
fresh4_dense_grid_904104,dense_grid,4,6,penalty_row_xy,poor,11,128,26.13081569569909
fresh4_dense_grid_904104,dense_grid,4,6,penalty_row_xy,poor,11,512,25.42733473729581
fresh4_dense_grid_904104,dense_grid,4,6,penalty_row_xy,poor,17,1,39.39954198829863
fresh4_dense_grid_904104,dense_grid,4,6,penalty_row_xy,poor,17,8,30.59512449470498
fresh4_dense_grid_904104,dense_grid,4,6,penalty_row_xy,poor,17,32,26.763203743962194
fresh4_dense_grid_904104,dense_grid,4,6,penalty_row_xy,poor,17,128,25.498721241680116
fresh4_dense_grid_904104,dense_grid,4,6,penalty_row_xy,poor,17,512,25.370042513396182
fresh4_dense_grid_904104,dense_grid,4,6,penalty_row_xy,poor,23,1,38.20666514072133
fresh4_dense_grid_904104,dense_grid,4,6,penalty_row_xy,poor,23,8,29.578133805068916
fresh4_dense_grid_904104,dense_grid,4,6,penalty_row_xy,poor,23,32,26.61320820025924
fresh4_dense_grid_904104,dense_grid,4,6,penalty_row_xy,poor,23,128,25.451760841040773
fresh4_dense_grid_904104,dense_grid,4,6,penalty_row_xy,poor,23,512,25.370004293439475
fresh4_dense_grid_904104,dense_grid,4,6,penalty_row_xy,poor,31,1,39.40574000710074
fresh4_dense_grid_904104,dense_grid,4,6,penalty_row_xy,poor,31,8,30.60283914242123
fresh4_dense_grid_904104,dense_grid,4,6,penalty_row_xy,poor,31,32,26.75783854908094
fresh4_dense_grid_904104,dense_grid,4,6,penalty_row_xy,poor,31,128,25.495079873149443
fresh4_dense_grid_904104,dense_grid,4,6,penalty_row_xy,poor,31,512,25.370037869826827
fresh4_dense_grid_904104,dense_grid,4,6,penalty_row_xy,random,11,1,35.5635781828785
fresh4_dense_grid_904104,dense_grid,4,6,penalty_row_xy,random,11,8,30.49152216336223
fresh4_dense_grid_904104,dense_grid,4,6,penalty_row_xy,random,11,32,26.586057544997786
fresh4_dense_grid_904104,dense_grid,4,6,penalty_row_xy,random,11,128,25.417439603544892
fresh4_dense_grid_904104,dense_grid,4,6,penalty_row_xy,random,11,512,25.3700006949885
fresh4_dense_grid_904104,dense_grid,4,6,penalty_row_xy,random,17,1,35.56262359978662
fresh4_dense_grid_904104,dense_grid,4,6,penalty_row_xy,random,17,8,30.486621813156006
fresh4_dense_grid_904104,dense_grid,4,6,penalty_row_xy,random,17,32,26.578610766606733
fresh4_dense_grid_904104,dense_grid,4,6,penalty_row_xy,random,17,128,25.416226489743874
fresh4_dense_grid_904104,dense_grid,4,6,penalty_row_xy,random,17,512,25.370000630889635
fresh4_dense_grid_904104,dense_grid,4,6,penalty_row_xy,random,23,1,35.10191047106702
fresh4_dense_grid_904104,dense_grid,4,6,penalty_row_xy,random,23,8,29.29756140305375
fresh4_dense_grid_904104,dense_grid,4,6,penalty_row_xy,random,23,32,26.02718251052123
fresh4_dense_grid_904104,dense_grid,4,6,penalty_row_xy,random,23,128,25.375622945917378
fresh4_dense_grid_904104,dense_grid,4,6,penalty_row_xy,random,23,512,25.370000000114786
fresh4_dense_grid_904104,dense_grid,4,6,penalty_row_xy,random,31,1,35.50342509034079
fresh4_dense_grid_904104,dense_grid,4,6,penalty_row_xy,random,31,8,30.38844299999303
fresh4_dense_grid_904104,dense_grid,4,6,penalty_row_xy,random,31,32,26.71797989263859
fresh4_dense_grid_904104,dense_grid,4,6,penalty_row_xy,random,31,128,25.49816987613333
fresh4_dense_grid_904104,dense_grid,4,6,penalty_row_xy,random,31,512,25.370045295511535
fresh4_dense_grid_904104,dense_grid,4,6,token,deterministic,11,1,28.978383813010055
fresh4_dense_grid_904104,dense_grid,4,6,token,deterministic,11,8,25.443342689084712
fresh4_dense_grid_904104,dense_grid,4,6,token,deterministic,11,32,25.370001846193986
fresh4_dense_grid_904104,dense_grid,4,6,token,deterministic,11,128,25.37
fresh4_dense_grid_904104,dense_grid,4,6,token,deterministic,11,512,25.37
fresh4_dense_grid_904104,dense_grid,4,6,token,deterministic,17,1,28.19766610804714
fresh4_dense_grid_904104,dense_grid,4,6,token,deterministic,17,8,25.478988378064905
fresh4_dense_grid_904104,dense_grid,4,6,token,deterministic,17,32,25.370018968664525
fresh4_dense_grid_904104,dense_grid,4,6,token,deterministic,17,128,25.37
fresh4_dense_grid_904104,dense_grid,4,6,token,deterministic,17,512,25.37
fresh4_dense_grid_904104,dense_grid,4,6,token,deterministic,23,1,27.30582041224263
fresh4_dense_grid_904104,dense_grid,4,6,token,deterministic,23,8,25.37401226414258
fresh4_dense_grid_904104,dense_grid,4,6,token,deterministic,23,32,25.370000000033595
fresh4_dense_grid_904104,dense_grid,4,6,token,deterministic,23,128,25.37
fresh4_dense_grid_904104,dense_grid,4,6,token,deterministic,23,512,25.37
fresh4_dense_grid_904104,dense_grid,4,6,token,deterministic,31,1,27.841654817050795
fresh4_dense_grid_904104,dense_grid,4,6,token,deterministic,31,8,25.391129587873593
fresh4_dense_grid_904104,dense_grid,4,6,token,deterministic,31,32,25.370000024017926
fresh4_dense_grid_904104,dense_grid,4,6,token,deterministic,31,128,25.37
fresh4_dense_grid_904104,dense_grid,4,6,token,deterministic,31,512,25.37
fresh4_dense_grid_904104,dense_grid,4,6,token,poor,11,1,33.23181559618496
fresh4_dense_grid_904104,dense_grid,4,6,token,poor,11,8,26.79069192100981
fresh4_dense_grid_904104,dense_grid,4,6,token,poor,11,32,25.40276381407288
fresh4_dense_grid_904104,dense_grid,4,6,token,poor,11,128,25.3700000268514
fresh4_dense_grid_904104,dense_grid,4,6,token,poor,11,512,25.37
fresh4_dense_grid_904104,dense_grid,4,6,token,poor,17,1,33.00256554697281
fresh4_dense_grid_904104,dense_grid,4,6,token,poor,17,8,27.383866746922305
fresh4_dense_grid_904104,dense_grid,4,6,token,poor,17,32,25.55777585354918
fresh4_dense_grid_904104,dense_grid,4,6,token,poor,17,128,25.370024583014324
fresh4_dense_grid_904104,dense_grid,4,6,token,poor,17,512,25.37
fresh4_dense_grid_904104,dense_grid,4,6,token,poor,23,1,33.095053857280305
fresh4_dense_grid_904104,dense_grid,4,6,token,poor,23,8,27.015171752437002
fresh4_dense_grid_904104,dense_grid,4,6,token,poor,23,32,25.473000183882867
fresh4_dense_grid_904104,dense_grid,4,6,token,poor,23,128,25.370008479945213
fresh4_dense_grid_904104,dense_grid,4,6,token,poor,23,512,25.37
fresh4_dense_grid_904104,dense_grid,4,6,token,poor,31,1,32.97996284566097
fresh4_dense_grid_904104,dense_grid,4,6,token,poor,31,8,27.41421151856709
fresh4_dense_grid_904104,dense_grid,4,6,token,poor,31,32,25.576604831583868
fresh4_dense_grid_904104,dense_grid,4,6,token,poor,31,128,25.37004131350571
fresh4_dense_grid_904104,dense_grid,4,6,token,poor,31,512,25.37
fresh4_dense_grid_904104,dense_grid,4,6,token,random,11,1,29.621124663578133
fresh4_dense_grid_904104,dense_grid,4,6,token,random,11,8,25.497365522087314
fresh4_dense_grid_904104,dense_grid,4,6,token,random,11,32,25.370029080044272
fresh4_dense_grid_904104,dense_grid,4,6,token,random,11,128,25.37
fresh4_dense_grid_904104,dense_grid,4,6,token,random,11,512,25.37
fresh4_dense_grid_904104,dense_grid,4,6,token,random,17,1,27.738238049092693
fresh4_dense_grid_904104,dense_grid,4,6,token,random,17,8,25.376971913163768
fresh4_dense_grid_904104,dense_grid,4,6,token,random,17,32,25.370000000365273
fresh4_dense_grid_904104,dense_grid,4,6,token,random,17,128,25.37
fresh4_dense_grid_904104,dense_grid,4,6,token,random,17,512,25.37
fresh4_dense_grid_904104,dense_grid,4,6,token,random,23,1,28.580527787343243
fresh4_dense_grid_904104,dense_grid,4,6,token,random,23,8,25.411446856967785
fresh4_dense_grid_904104,dense_grid,4,6,token,random,23,32,25.370000405239324
fresh4_dense_grid_904104,dense_grid,4,6,token,random,23,128,25.37
fresh4_dense_grid_904104,dense_grid,4,6,token,random,23,512,25.37
fresh4_dense_grid_904104,dense_grid,4,6,token,random,31,1,30.099793337365178
fresh4_dense_grid_904104,dense_grid,4,6,token,random,31,8,25.543561744134937
fresh4_dense_grid_904104,dense_grid,4,6,token,random,31,32,25.37007586412648
fresh4_dense_grid_904104,dense_grid,4,6,token,random,31,128,25.37
fresh4_dense_grid_904104,dense_grid,4,6,token,random,31,512,25.37
fresh4_dense_grid_904104,dense_grid,4,6,uniform_feasible,deterministic,,1,31.683888888888834
fresh4_dense_grid_904104,dense_grid,4,6,uniform_feasible,deterministic,,8,27.75785559991451
fresh4_dense_grid_904104,dense_grid,4,6,uniform_feasible,deterministic,,32,25.834403189799513
fresh4_dense_grid_904104,dense_grid,4,6,uniform_feasible,deterministic,,128,25.375349610020418
fresh4_dense_grid_904104,dense_grid,4,6,uniform_feasible,deterministic,,512,25.370000000140063
fresh4_dense_grid_904104,dense_grid,4,6,uniform_feasible,poor,,1,33.43333333333333
fresh4_dense_grid_904104,dense_grid,4,6,uniform_feasible,poor,,8,27.761938644493604
fresh4_dense_grid_904104,dense_grid,4,6,uniform_feasible,poor,,32,25.834403189914234
fresh4_dense_grid_904104,dense_grid,4,6,uniform_feasible,poor,,128,25.375349610020418
fresh4_dense_grid_904104,dense_grid,4,6,uniform_feasible,poor,,512,25.370000000140063
fresh4_dense_grid_904104,dense_grid,4,6,uniform_feasible,random,,1,33.08688888888888
fresh4_dense_grid_904104,dense_grid,4,6,uniform_feasible,random,,8,27.761938056555657
fresh4_dense_grid_904104,dense_grid,4,6,uniform_feasible,random,,32,25.834403189914234
fresh4_dense_grid_904104,dense_grid,4,6,uniform_feasible,random,,128,25.375349610020418
fresh4_dense_grid_904104,dense_grid,4,6,uniform_feasible,random,,512,25.370000000140063
fresh4_dense_grid_904105,dense_grid,4,6,greedy,deterministic,,1,23.18
fresh4_dense_grid_904105,dense_grid,4,6,greedy,deterministic,,8,19.88
fresh4_dense_grid_904105,dense_grid,4,6,greedy,deterministic,,32,17.44
fresh4_dense_grid_904105,dense_grid,4,6,greedy,deterministic,,128,17.44
fresh4_dense_grid_904105,dense_grid,4,6,greedy,deterministic,,512,17.44
fresh4_dense_grid_904105,dense_grid,4,6,greedy,poor,,1,30.7
fresh4_dense_grid_904105,dense_grid,4,6,greedy,poor,,8,22.32
fresh4_dense_grid_904105,dense_grid,4,6,greedy,poor,,32,17.44
fresh4_dense_grid_904105,dense_grid,4,6,greedy,poor,,128,17.44
fresh4_dense_grid_904105,dense_grid,4,6,greedy,poor,,512,17.44
fresh4_dense_grid_904105,dense_grid,4,6,greedy,random,,1,23.62
fresh4_dense_grid_904105,dense_grid,4,6,greedy,random,,8,17.44
fresh4_dense_grid_904105,dense_grid,4,6,greedy,random,,32,17.44
fresh4_dense_grid_904105,dense_grid,4,6,greedy,random,,128,17.44
fresh4_dense_grid_904105,dense_grid,4,6,greedy,random,,512,17.44
fresh4_dense_grid_904105,dense_grid,4,6,penalty_row_xy,deterministic,11,1,22.481560453695952
fresh4_dense_grid_904105,dense_grid,4,6,penalty_row_xy,deterministic,11,8,20.41749447604265
fresh4_dense_grid_904105,dense_grid,4,6,penalty_row_xy,deterministic,11,32,19.441151840023785
fresh4_dense_grid_904105,dense_grid,4,6,penalty_row_xy,deterministic,11,128,18.84671150679329
fresh4_dense_grid_904105,dense_grid,4,6,penalty_row_xy,deterministic,11,512,18.144300055705695
fresh4_dense_grid_904105,dense_grid,4,6,penalty_row_xy,deterministic,17,1,22.48500843947367
fresh4_dense_grid_904105,dense_grid,4,6,penalty_row_xy,deterministic,17,8,20.409182030866887
fresh4_dense_grid_904105,dense_grid,4,6,penalty_row_xy,deterministic,17,32,19.424729531425847
fresh4_dense_grid_904105,dense_grid,4,6,penalty_row_xy,deterministic,17,128,18.857715162793596
fresh4_dense_grid_904105,dense_grid,4,6,penalty_row_xy,deterministic,17,512,18.169798298005748
fresh4_dense_grid_904105,dense_grid,4,6,penalty_row_xy,deterministic,23,1,22.45945607393133
fresh4_dense_grid_904105,dense_grid,4,6,penalty_row_xy,deterministic,23,8,20.410690467490042
fresh4_dense_grid_904105,dense_grid,4,6,penalty_row_xy,deterministic,23,32,19.334098819640715
fresh4_dense_grid_904105,dense_grid,4,6,penalty_row_xy,deterministic,23,128,18.261378916490198
fresh4_dense_grid_904105,dense_grid,4,6,penalty_row_xy,deterministic,23,512,17.515499112800814
fresh4_dense_grid_904105,dense_grid,4,6,penalty_row_xy,deterministic,31,1,22.48927305157974
fresh4_dense_grid_904105,dense_grid,4,6,penalty_row_xy,deterministic,31,8,20.377263299044554
fresh4_dense_grid_904105,dense_grid,4,6,penalty_row_xy,deterministic,31,32,19.324696451486155
fresh4_dense_grid_904105,dense_grid,4,6,penalty_row_xy,deterministic,31,128,18.69974419582258
fresh4_dense_grid_904105,dense_grid,4,6,penalty_row_xy,deterministic,31,512,17.89805004806281
fresh4_dense_grid_904105,dense_grid,4,6,penalty_row_xy,poor,11,1,27.760213493899613
fresh4_dense_grid_904105,dense_grid,4,6,penalty_row_xy,poor,11,8,20.68525652580442
fresh4_dense_grid_904105,dense_grid,4,6,penalty_row_xy,poor,11,32,18.68754625778847
fresh4_dense_grid_904105,dense_grid,4,6,penalty_row_xy,poor,11,128,17.80492859906278
fresh4_dense_grid_904105,dense_grid,4,6,penalty_row_xy,poor,11,512,17.443251521015352
fresh4_dense_grid_904105,dense_grid,4,6,penalty_row_xy,poor,17,1,27.997503694420995
fresh4_dense_grid_904105,dense_grid,4,6,penalty_row_xy,poor,17,8,20.990659017685342
fresh4_dense_grid_904105,dense_grid,4,6,penalty_row_xy,poor,17,32,18.55749070805589
fresh4_dense_grid_904105,dense_grid,4,6,penalty_row_xy,poor,17,128,17.60219645594703
fresh4_dense_grid_904105,dense_grid,4,6,penalty_row_xy,poor,17,512,17.440123207759207
fresh4_dense_grid_904105,dense_grid,4,6,penalty_row_xy,poor,23,1,27.883818470736788
fresh4_dense_grid_904105,dense_grid,4,6,penalty_row_xy,poor,23,8,20.80393744783858
fresh4_dense_grid_904105,dense_grid,4,6,penalty_row_xy,poor,23,32,18.38541536167326
fresh4_dense_grid_904105,dense_grid,4,6,penalty_row_xy,poor,23,128,17.523975498935787
fresh4_dense_grid_904105,dense_grid,4,6,penalty_row_xy,poor,23,512,17.440008869907086
fresh4_dense_grid_904105,dense_grid,4,6,penalty_row_xy,poor,31,1,27.88073855342433
fresh4_dense_grid_904105,dense_grid,4,6,penalty_row_xy,poor,31,8,20.803383675729172
fresh4_dense_grid_904105,dense_grid,4,6,penalty_row_xy,poor,31,32,18.388471549930635
fresh4_dense_grid_904105,dense_grid,4,6,penalty_row_xy,poor,31,128,17.525119400340937
fresh4_dense_grid_904105,dense_grid,4,6,penalty_row_xy,poor,31,512,17.440009357019086
fresh4_dense_grid_904105,dense_grid,4,6,penalty_row_xy,random,11,1,23.00328754905855
fresh4_dense_grid_904105,dense_grid,4,6,penalty_row_xy,random,11,8,20.50170430466212
fresh4_dense_grid_904105,dense_grid,4,6,penalty_row_xy,random,11,32,18.67461683028643
fresh4_dense_grid_904105,dense_grid,4,6,penalty_row_xy,random,11,128,17.715267465505974
fresh4_dense_grid_904105,dense_grid,4,6,penalty_row_xy,random,11,512,17.441036356174035
fresh4_dense_grid_904105,dense_grid,4,6,penalty_row_xy,random,17,1,22.957008635188355
fresh4_dense_grid_904105,dense_grid,4,6,penalty_row_xy,random,17,8,20.46962150916641
fresh4_dense_grid_904105,dense_grid,4,6,penalty_row_xy,random,17,32,18.852078712303975
fresh4_dense_grid_904105,dense_grid,4,6,penalty_row_xy,random,17,128,17.844539724144756
fresh4_dense_grid_904105,dense_grid,4,6,penalty_row_xy,random,17,512,17.44455972877593
fresh4_dense_grid_904105,dense_grid,4,6,penalty_row_xy,random,23,1,23.229812130030723
fresh4_dense_grid_904105,dense_grid,4,6,penalty_row_xy,random,23,8,21.33786310343345
fresh4_dense_grid_904105,dense_grid,4,6,penalty_row_xy,random,23,32,19.24190243835764
fresh4_dense_grid_904105,dense_grid,4,6,penalty_row_xy,random,23,128,18.110428236929305
fresh4_dense_grid_904105,dense_grid,4,6,penalty_row_xy,random,23,512,17.476242939427127
fresh4_dense_grid_904105,dense_grid,4,6,penalty_row_xy,random,31,1,22.937549709177
fresh4_dense_grid_904105,dense_grid,4,6,penalty_row_xy,random,31,8,20.000956632302234
fresh4_dense_grid_904105,dense_grid,4,6,penalty_row_xy,random,31,32,17.756588905554143
fresh4_dense_grid_904105,dense_grid,4,6,penalty_row_xy,random,31,128,17.44057124615595
fresh4_dense_grid_904105,dense_grid,4,6,penalty_row_xy,random,31,512,17.44000000000002
fresh4_dense_grid_904105,dense_grid,4,6,token,deterministic,11,1,20.11843468718665
fresh4_dense_grid_904105,dense_grid,4,6,token,deterministic,11,8,17.585082729479584
fresh4_dense_grid_904105,dense_grid,4,6,token,deterministic,11,32,17.440066451681783
fresh4_dense_grid_904105,dense_grid,4,6,token,deterministic,11,128,17.44
fresh4_dense_grid_904105,dense_grid,4,6,token,deterministic,11,512,17.44
fresh4_dense_grid_904105,dense_grid,4,6,token,deterministic,17,1,21.360091049327472
fresh4_dense_grid_904105,dense_grid,4,6,token,deterministic,17,8,18.265316857987575
fresh4_dense_grid_904105,dense_grid,4,6,token,deterministic,17,32,17.48484478931517
fresh4_dense_grid_904105,dense_grid,4,6,token,deterministic,17,128,17.440000684756477
fresh4_dense_grid_904105,dense_grid,4,6,token,deterministic,17,512,17.44
fresh4_dense_grid_904105,dense_grid,4,6,token,deterministic,23,1,20.00459123108773
fresh4_dense_grid_904105,dense_grid,4,6,token,deterministic,23,8,17.475961373769696
fresh4_dense_grid_904105,dense_grid,4,6,token,deterministic,23,32,17.44000016664228
fresh4_dense_grid_904105,dense_grid,4,6,token,deterministic,23,128,17.44
fresh4_dense_grid_904105,dense_grid,4,6,token,deterministic,23,512,17.44
fresh4_dense_grid_904105,dense_grid,4,6,token,deterministic,31,1,19.49671520917988
fresh4_dense_grid_904105,dense_grid,4,6,token,deterministic,31,8,17.542174888168788
fresh4_dense_grid_904105,dense_grid,4,6,token,deterministic,31,32,17.44001892447811
fresh4_dense_grid_904105,dense_grid,4,6,token,deterministic,31,128,17.44
fresh4_dense_grid_904105,dense_grid,4,6,token,deterministic,31,512,17.44
fresh4_dense_grid_904105,dense_grid,4,6,token,poor,11,1,19.49665396815322
fresh4_dense_grid_904105,dense_grid,4,6,token,poor,11,8,17.9327392389086
fresh4_dense_grid_904105,dense_grid,4,6,token,poor,11,32,17.450408807646017
fresh4_dense_grid_904105,dense_grid,4,6,token,poor,11,128,17.44000000215299
fresh4_dense_grid_904105,dense_grid,4,6,token,poor,11,512,17.44
fresh4_dense_grid_904105,dense_grid,4,6,token,poor,17,1,19.493889388172985
fresh4_dense_grid_904105,dense_grid,4,6,token,poor,17,8,17.93276245987437
fresh4_dense_grid_904105,dense_grid,4,6,token,poor,17,32,17.450404234744457
fresh4_dense_grid_904105,dense_grid,4,6,token,poor,17,128,17.440000002149198
fresh4_dense_grid_904105,dense_grid,4,6,token,poor,17,512,17.44
fresh4_dense_grid_904105,dense_grid,4,6,token,poor,23,1,19.494785368389426
fresh4_dense_grid_904105,dense_grid,4,6,token,poor,23,8,17.932730477179923
fresh4_dense_grid_904105,dense_grid,4,6,token,poor,23,32,17.45040543039032
fresh4_dense_grid_904105,dense_grid,4,6,token,poor,23,128,17.440000002150192
fresh4_dense_grid_904105,dense_grid,4,6,token,poor,23,512,17.44
fresh4_dense_grid_904105,dense_grid,4,6,token,poor,31,1,19.495553956621947
fresh4_dense_grid_904105,dense_grid,4,6,token,poor,31,8,17.932700087357045
fresh4_dense_grid_904105,dense_grid,4,6,token,poor,31,32,17.450405369130443
fresh4_dense_grid_904105,dense_grid,4,6,token,poor,31,128,17.440000002150143
fresh4_dense_grid_904105,dense_grid,4,6,token,poor,31,512,17.44
fresh4_dense_grid_904105,dense_grid,4,6,token,random,11,1,21.38407198584602
fresh4_dense_grid_904105,dense_grid,4,6,token,random,11,8,18.405383445194058
fresh4_dense_grid_904105,dense_grid,4,6,token,random,11,32,17.52851843265938
fresh4_dense_grid_904105,dense_grid,4,6,token,random,11,128,17.44001093272997
fresh4_dense_grid_904105,dense_grid,4,6,token,random,11,512,17.44
fresh4_dense_grid_904105,dense_grid,4,6,token,random,17,1,21.528847885467698
fresh4_dense_grid_904105,dense_grid,4,6,token,random,17,8,17.901278883911438
fresh4_dense_grid_904105,dense_grid,4,6,token,random,17,32,17.44204796965812
fresh4_dense_grid_904105,dense_grid,4,6,token,random,17,128,17.44000000000276
fresh4_dense_grid_904105,dense_grid,4,6,token,random,17,512,17.44
fresh4_dense_grid_904105,dense_grid,4,6,token,random,23,1,21.456787791474675
fresh4_dense_grid_904105,dense_grid,4,6,token,random,23,8,18.435013630358316
fresh4_dense_grid_904105,dense_grid,4,6,token,random,23,32,17.54109642178921
fresh4_dense_grid_904105,dense_grid,4,6,token,random,23,128,17.44001878784574
fresh4_dense_grid_904105,dense_grid,4,6,token,random,23,512,17.44
fresh4_dense_grid_904105,dense_grid,4,6,token,random,31,1,21.54950240627227
fresh4_dense_grid_904105,dense_grid,4,6,token,random,31,8,18.498822980169553
fresh4_dense_grid_904105,dense_grid,4,6,token,random,31,32,17.573326462442278
fresh4_dense_grid_904105,dense_grid,4,6,token,random,31,128,17.440056656186265
fresh4_dense_grid_904105,dense_grid,4,6,token,random,31,512,17.44
fresh4_dense_grid_904105,dense_grid,4,6,uniform_feasible,deterministic,,1,22.104666666666624
fresh4_dense_grid_904105,dense_grid,4,6,uniform_feasible,deterministic,,8,19.25164520598906
fresh4_dense_grid_904105,dense_grid,4,6,uniform_feasible,deterministic,,32,17.86754563683843
fresh4_dense_grid_904105,dense_grid,4,6,uniform_feasible,deterministic,,128,17.445228083391026
fresh4_dense_grid_904105,dense_grid,4,6,uniform_feasible,deterministic,,512,17.44000000013695
fresh4_dense_grid_904105,dense_grid,4,6,uniform_feasible,poor,,1,23.55
fresh4_dense_grid_904105,dense_grid,4,6,uniform_feasible,poor,,8,19.2537682378775
fresh4_dense_grid_904105,dense_grid,4,6,uniform_feasible,poor,,32,17.867545636871466
fresh4_dense_grid_904105,dense_grid,4,6,uniform_feasible,poor,,128,17.445228083391026
fresh4_dense_grid_904105,dense_grid,4,6,uniform_feasible,poor,,512,17.44000000013695
fresh4_dense_grid_904105,dense_grid,4,6,uniform_feasible,random,,1,22.31555555555552
fresh4_dense_grid_904105,dense_grid,4,6,uniform_feasible,random,,8,19.252878748576716
fresh4_dense_grid_904105,dense_grid,4,6,uniform_feasible,random,,32,17.867545636870666
fresh4_dense_grid_904105,dense_grid,4,6,uniform_feasible,random,,128,17.445228083391026
fresh4_dense_grid_904105,dense_grid,4,6,uniform_feasible,random,,512,17.44000000013695
fresh4_dense_grid_line_904300,dense_grid_line,4,6,greedy,deterministic,,1,16.910000000000004
fresh4_dense_grid_line_904300,dense_grid_line,4,6,greedy,deterministic,,8,16.85
fresh4_dense_grid_line_904300,dense_grid_line,4,6,greedy,deterministic,,32,16.85
fresh4_dense_grid_line_904300,dense_grid_line,4,6,greedy,deterministic,,128,16.85
fresh4_dense_grid_line_904300,dense_grid_line,4,6,greedy,deterministic,,512,16.85
fresh4_dense_grid_line_904300,dense_grid_line,4,6,greedy,poor,,1,44.03000000000001
fresh4_dense_grid_line_904300,dense_grid_line,4,6,greedy,poor,,8,29.230000000000004
fresh4_dense_grid_line_904300,dense_grid_line,4,6,greedy,poor,,32,16.910000000000004
fresh4_dense_grid_line_904300,dense_grid_line,4,6,greedy,poor,,128,16.85
fresh4_dense_grid_line_904300,dense_grid_line,4,6,greedy,poor,,512,16.85
fresh4_dense_grid_line_904300,dense_grid_line,4,6,greedy,random,,1,29.61
fresh4_dense_grid_line_904300,dense_grid_line,4,6,greedy,random,,8,25.67
fresh4_dense_grid_line_904300,dense_grid_line,4,6,greedy,random,,32,16.85
fresh4_dense_grid_line_904300,dense_grid_line,4,6,greedy,random,,128,16.85
fresh4_dense_grid_line_904300,dense_grid_line,4,6,greedy,random,,512,16.85
fresh4_dense_grid_line_904300,dense_grid_line,4,6,penalty_row_xy,deterministic,11,1,16.90979506862457
fresh4_dense_grid_line_904300,dense_grid_line,4,6,penalty_row_xy,deterministic,11,8,16.908380014226772
fresh4_dense_grid_line_904300,dense_grid_line,4,6,penalty_row_xy,deterministic,11,32,16.90377780038742
fresh4_dense_grid_line_904300,dense_grid_line,4,6,penalty_row_xy,deterministic,11,128,16.888722054156503
fresh4_dense_grid_line_904300,dense_grid_line,4,6,penalty_row_xy,deterministic,11,512,16.86040829998764
fresh4_dense_grid_line_904300,dense_grid_line,4,6,penalty_row_xy,deterministic,17,1,16.909795024466785
fresh4_dense_grid_line_904300,dense_grid_line,4,6,penalty_row_xy,deterministic,17,8,16.90837966932536
fresh4_dense_grid_line_904300,dense_grid_line,4,6,penalty_row_xy,deterministic,17,32,16.90377652955012
fresh4_dense_grid_line_904300,dense_grid_line,4,6,penalty_row_xy,deterministic,17,128,16.88871839408219
fresh4_dense_grid_line_904300,dense_grid_line,4,6,penalty_row_xy,deterministic,17,512,16.86040436530479
fresh4_dense_grid_line_904300,dense_grid_line,4,6,penalty_row_xy,deterministic,23,1,16.909795828456634
fresh4_dense_grid_line_904300,dense_grid_line,4,6,penalty_row_xy,deterministic,23,8,16.908385949295408
fresh4_dense_grid_line_904300,dense_grid_line,4,6,penalty_row_xy,deterministic,23,32,16.903799672503492
fresh4_dense_grid_line_904300,dense_grid_line,4,6,penalty_row_xy,deterministic,23,128,16.88878508760784
fresh4_dense_grid_line_904300,dense_grid_line,4,6,penalty_row_xy,deterministic,23,512,16.8604762379931
fresh4_dense_grid_line_904300,dense_grid_line,4,6,penalty_row_xy,deterministic,31,1,16.909800314009463
fresh4_dense_grid_line_904300,dense_grid_line,4,6,penalty_row_xy,deterministic,31,8,16.908420996827925
fresh4_dense_grid_line_904300,dense_grid_line,4,6,penalty_row_xy,deterministic,31,32,16.90392896691342
fresh4_dense_grid_line_904300,dense_grid_line,4,6,penalty_row_xy,deterministic,31,128,16.889159275862877
fresh4_dense_grid_line_904300,dense_grid_line,4,6,penalty_row_xy,deterministic,31,512,16.86088641428841
fresh4_dense_grid_line_904300,dense_grid_line,4,6,penalty_row_xy,poor,11,1,39.884264707387125
fresh4_dense_grid_line_904300,dense_grid_line,4,6,penalty_row_xy,poor,11,8,26.513622400605033
fresh4_dense_grid_line_904300,dense_grid_line,4,6,penalty_row_xy,poor,11,32,20.13307334403654
fresh4_dense_grid_line_904300,dense_grid_line,4,6,penalty_row_xy,poor,11,128,17.6576549649049
fresh4_dense_grid_line_904300,dense_grid_line,4,6,penalty_row_xy,poor,11,512,16.86286641708921
fresh4_dense_grid_line_904300,dense_grid_line,4,6,penalty_row_xy,poor,17,1,39.9502143927249
fresh4_dense_grid_line_904300,dense_grid_line,4,6,penalty_row_xy,poor,17,8,26.42736517603756
fresh4_dense_grid_line_904300,dense_grid_line,4,6,penalty_row_xy,poor,17,32,19.75663028576576
fresh4_dense_grid_line_904300,dense_grid_line,4,6,penalty_row_xy,poor,17,128,17.364047380692988
fresh4_dense_grid_line_904300,dense_grid_line,4,6,penalty_row_xy,poor,17,512,16.852387345316473
fresh4_dense_grid_line_904300,dense_grid_line,4,6,penalty_row_xy,poor,23,1,39.052130812983464
fresh4_dense_grid_line_904300,dense_grid_line,4,6,penalty_row_xy,poor,23,8,24.3594748205211
fresh4_dense_grid_line_904300,dense_grid_line,4,6,penalty_row_xy,poor,23,32,18.77685917977587
fresh4_dense_grid_line_904300,dense_grid_line,4,6,penalty_row_xy,poor,23,128,17.035022740537805
fresh4_dense_grid_line_904300,dense_grid_line,4,6,penalty_row_xy,poor,23,512,16.850362357891587
fresh4_dense_grid_line_904300,dense_grid_line,4,6,penalty_row_xy,poor,31,1,38.983899313825766
fresh4_dense_grid_line_904300,dense_grid_line,4,6,penalty_row_xy,poor,31,8,24.688218988810487
fresh4_dense_grid_line_904300,dense_grid_line,4,6,penalty_row_xy,poor,31,32,19.48646318376489
fresh4_dense_grid_line_904300,dense_grid_line,4,6,penalty_row_xy,poor,31,128,17.403114698535823
fresh4_dense_grid_line_904300,dense_grid_line,4,6,penalty_row_xy,poor,31,512,16.854745344826846
fresh4_dense_grid_line_904300,dense_grid_line,4,6,penalty_row_xy,random,11,1,28.687123863072365
fresh4_dense_grid_line_904300,dense_grid_line,4,6,penalty_row_xy,random,11,8,24.316993891339635
fresh4_dense_grid_line_904300,dense_grid_line,4,6,penalty_row_xy,random,11,32,19.64941429355795
fresh4_dense_grid_line_904300,dense_grid_line,4,6,penalty_row_xy,random,11,128,17.218169039488036
fresh4_dense_grid_line_904300,dense_grid_line,4,6,penalty_row_xy,random,11,512,16.850304795195928
fresh4_dense_grid_line_904300,dense_grid_line,4,6,penalty_row_xy,random,17,1,28.236428054268007
fresh4_dense_grid_line_904300,dense_grid_line,4,6,penalty_row_xy,random,17,8,22.631992723342126
fresh4_dense_grid_line_904300,dense_grid_line,4,6,penalty_row_xy,random,17,32,18.3600635152393
fresh4_dense_grid_line_904300,dense_grid_line,4,6,penalty_row_xy,random,17,128,16.910348867653124
fresh4_dense_grid_line_904300,dense_grid_line,4,6,penalty_row_xy,random,17,512,16.850009421916347
fresh4_dense_grid_line_904300,dense_grid_line,4,6,penalty_row_xy,random,23,1,28.764636665639667
fresh4_dense_grid_line_904300,dense_grid_line,4,6,penalty_row_xy,random,23,8,24.619239721267185
fresh4_dense_grid_line_904300,dense_grid_line,4,6,penalty_row_xy,random,23,32,19.938138632381868
fresh4_dense_grid_line_904300,dense_grid_line,4,6,penalty_row_xy,random,23,128,17.449547998848807
fresh4_dense_grid_line_904300,dense_grid_line,4,6,penalty_row_xy,random,23,512,16.856071924080272
fresh4_dense_grid_line_904300,dense_grid_line,4,6,penalty_row_xy,random,31,1,28.685921957888755
fresh4_dense_grid_line_904300,dense_grid_line,4,6,penalty_row_xy,random,31,8,24.312921793403074
fresh4_dense_grid_line_904300,dense_grid_line,4,6,penalty_row_xy,random,31,32,19.649315775771267
fresh4_dense_grid_line_904300,dense_grid_line,4,6,penalty_row_xy,random,31,128,17.219166565039615
fresh4_dense_grid_line_904300,dense_grid_line,4,6,penalty_row_xy,random,31,512,16.85030780707908
fresh4_dense_grid_line_904300,dense_grid_line,4,6,token,deterministic,11,1,16.894110367854115
fresh4_dense_grid_line_904300,dense_grid_line,4,6,token,deterministic,11,8,16.855119961363766
fresh4_dense_grid_line_904300,dense_grid_line,4,6,token,deterministic,11,32,16.850003181361227
fresh4_dense_grid_line_904300,dense_grid_line,4,6,token,deterministic,11,128,16.85
fresh4_dense_grid_line_904300,dense_grid_line,4,6,token,deterministic,11,512,16.85
fresh4_dense_grid_line_904300,dense_grid_line,4,6,token,deterministic,17,1,16.894041897994054
fresh4_dense_grid_line_904300,dense_grid_line,4,6,token,deterministic,17,8,16.855056726454798
fresh4_dense_grid_line_904300,dense_grid_line,4,6,token,deterministic,17,32,16.850003027081353
fresh4_dense_grid_line_904300,dense_grid_line,4,6,token,deterministic,17,128,16.85
fresh4_dense_grid_line_904300,dense_grid_line,4,6,token,deterministic,17,512,16.85
fresh4_dense_grid_line_904300,dense_grid_line,4,6,token,deterministic,23,1,16.894821115136033
fresh4_dense_grid_line_904300,dense_grid_line,4,6,token,deterministic,23,8,16.855818385696463
fresh4_dense_grid_line_904300,dense_grid_line,4,6,token,deterministic,23,32,16.850005305865988
fresh4_dense_grid_line_904300,dense_grid_line,4,6,token,deterministic,23,128,16.849999999999998
fresh4_dense_grid_line_904300,dense_grid_line,4,6,token,deterministic,23,512,16.85
fresh4_dense_grid_line_904300,dense_grid_line,4,6,token,deterministic,31,1,16.894816099594
fresh4_dense_grid_line_904300,dense_grid_line,4,6,token,deterministic,31,8,16.855813179055605
fresh4_dense_grid_line_904300,dense_grid_line,4,6,token,deterministic,31,32,16.850005286899435
fresh4_dense_grid_line_904300,dense_grid_line,4,6,token,deterministic,31,128,16.849999999999998
fresh4_dense_grid_line_904300,dense_grid_line,4,6,token,deterministic,31,512,16.85
fresh4_dense_grid_line_904300,dense_grid_line,4,6,token,poor,11,1,26.277930052306605
fresh4_dense_grid_line_904300,dense_grid_line,4,6,token,poor,11,8,18.32988409393674
fresh4_dense_grid_line_904300,dense_grid_line,4,6,token,poor,11,32,16.869868029059297
fresh4_dense_grid_line_904300,dense_grid_line,4,6,token,poor,11,128,16.850000002351894
fresh4_dense_grid_line_904300,dense_grid_line,4,6,token,poor,11,512,16.85
fresh4_dense_grid_line_904300,dense_grid_line,4,6,token,poor,17,1,26.25508189023418
fresh4_dense_grid_line_904300,dense_grid_line,4,6,token,poor,17,8,18.32938192861258
fresh4_dense_grid_line_904300,dense_grid_line,4,6,token,poor,17,32,16.869868606430522
fresh4_dense_grid_line_904300,dense_grid_line,4,6,token,poor,17,128,16.8500000023548
fresh4_dense_grid_line_904300,dense_grid_line,4,6,token,poor,17,512,16.85
fresh4_dense_grid_line_904300,dense_grid_line,4,6,token,poor,23,1,26.267257220445998
fresh4_dense_grid_line_904300,dense_grid_line,4,6,token,poor,23,8,18.329716813442253
fresh4_dense_grid_line_904300,dense_grid_line,4,6,token,poor,23,32,16.869825798118754
fresh4_dense_grid_line_904300,dense_grid_line,4,6,token,poor,23,128,16.850000002329597
fresh4_dense_grid_line_904300,dense_grid_line,4,6,token,poor,23,512,16.85
fresh4_dense_grid_line_904300,dense_grid_line,4,6,token,poor,31,1,26.272873875645466
fresh4_dense_grid_line_904300,dense_grid_line,4,6,token,poor,31,8,18.330134574305003
fresh4_dense_grid_line_904300,dense_grid_line,4,6,token,poor,31,32,16.869955873380057
fresh4_dense_grid_line_904300,dense_grid_line,4,6,token,poor,31,128,16.85000000240043
fresh4_dense_grid_line_904300,dense_grid_line,4,6,token,poor,31,512,16.85
fresh4_dense_grid_line_904300,dense_grid_line,4,6,token,random,11,1,27.025240089967028
fresh4_dense_grid_line_904300,dense_grid_line,4,6,token,random,11,8,21.265282236401944
fresh4_dense_grid_line_904300,dense_grid_line,4,6,token,random,11,32,19.820788905471833
fresh4_dense_grid_line_904300,dense_grid_line,4,6,token,random,11,128,18.408949523196426
fresh4_dense_grid_line_904300,dense_grid_line,4,6,token,random,11,512,16.99680427600045
fresh4_dense_grid_line_904300,dense_grid_line,4,6,token,random,17,1,27.027755045746208
fresh4_dense_grid_line_904300,dense_grid_line,4,6,token,random,17,8,21.265839133691667
fresh4_dense_grid_line_904300,dense_grid_line,4,6,token,random,17,32,19.819836322402566
fresh4_dense_grid_line_904300,dense_grid_line,4,6,token,random,17,128,18.406806140361702
fresh4_dense_grid_line_904300,dense_grid_line,4,6,token,random,17,512,16.996043563051757
fresh4_dense_grid_line_904300,dense_grid_line,4,6,token,random,23,1,27.027831713652557
fresh4_dense_grid_line_904300,dense_grid_line,4,6,token,random,23,8,21.266701606371107
fresh4_dense_grid_line_904300,dense_grid_line,4,6,token,random,23,32,19.82350528671988
fresh4_dense_grid_line_904300,dense_grid_line,4,6,token,random,23,128,18.414496487635763
fresh4_dense_grid_line_904300,dense_grid_line,4,6,token,random,23,512,16.998538876350892
fresh4_dense_grid_line_904300,dense_grid_line,4,6,token,random,31,1,27.028316283272822
fresh4_dense_grid_line_904300,dense_grid_line,4,6,token,random,31,8,21.26648327702523
fresh4_dense_grid_line_904300,dense_grid_line,4,6,token,random,31,32,19.821917382216427
fresh4_dense_grid_line_904300,dense_grid_line,4,6,token,random,31,128,18.411162481698675
fresh4_dense_grid_line_904300,dense_grid_line,4,6,token,random,31,512,16.99747034791228
fresh4_dense_grid_line_904300,dense_grid_line,4,6,uniform_feasible,deterministic,,1,16.90899999999995
fresh4_dense_grid_line_904300,dense_grid_line,4,6,uniform_feasible,deterministic,,8,16.902451430900037
fresh4_dense_grid_line_904300,dense_grid_line,4,6,uniform_feasible,deterministic,,32,16.885040928923758
fresh4_dense_grid_line_904300,dense_grid_line,4,6,uniform_feasible,deterministic,,128,16.856979891817478
fresh4_dense_grid_line_904300,dense_grid_line,4,6,uniform_feasible,deterministic,,512,16.850010988565842
fresh4_dense_grid_line_904300,dense_grid_line,4,6,uniform_feasible,poor,,1,29.749999999999936
fresh4_dense_grid_line_904300,dense_grid_line,4,6,uniform_feasible,poor,,8,20.62898864808374
fresh4_dense_grid_line_904300,dense_grid_line,4,6,uniform_feasible,poor,,32,18.06274765554964
fresh4_dense_grid_line_904300,dense_grid_line,4,6,uniform_feasible,poor,,128,16.898682682612556
fresh4_dense_grid_line_904300,dense_grid_line,4,6,uniform_feasible,poor,,512,16.850011080058398
fresh4_dense_grid_line_904300,dense_grid_line,4,6,uniform_feasible,random,,1,26.832888888888842
fresh4_dense_grid_line_904300,dense_grid_line,4,6,uniform_feasible,random,,8,20.625777634712996
fresh4_dense_grid_line_904300,dense_grid_line,4,6,uniform_feasible,random,,32,18.062747655499994
fresh4_dense_grid_line_904300,dense_grid_line,4,6,uniform_feasible,random,,128,16.898682682612556
fresh4_dense_grid_line_904300,dense_grid_line,4,6,uniform_feasible,random,,512,16.850011080058398
fresh4_dense_grid_line_904301,dense_grid_line,4,6,greedy,deterministic,,1,41.87
fresh4_dense_grid_line_904301,dense_grid_line,4,6,greedy,deterministic,,8,39.209999999999994
fresh4_dense_grid_line_904301,dense_grid_line,4,6,greedy,deterministic,,32,34.809999999999995
fresh4_dense_grid_line_904301,dense_grid_line,4,6,greedy,deterministic,,128,34.809999999999995
fresh4_dense_grid_line_904301,dense_grid_line,4,6,greedy,deterministic,,512,34.809999999999995
fresh4_dense_grid_line_904301,dense_grid_line,4,6,greedy,poor,,1,77.89999999999999
fresh4_dense_grid_line_904301,dense_grid_line,4,6,greedy,poor,,8,54.410000000000004
fresh4_dense_grid_line_904301,dense_grid_line,4,6,greedy,poor,,32,37.589999999999996
fresh4_dense_grid_line_904301,dense_grid_line,4,6,greedy,poor,,128,34.809999999999995
fresh4_dense_grid_line_904301,dense_grid_line,4,6,greedy,poor,,512,34.809999999999995
fresh4_dense_grid_line_904301,dense_grid_line,4,6,greedy,random,,1,40.92
fresh4_dense_grid_line_904301,dense_grid_line,4,6,greedy,random,,8,35.480000000000004
fresh4_dense_grid_line_904301,dense_grid_line,4,6,greedy,random,,32,34.809999999999995
fresh4_dense_grid_line_904301,dense_grid_line,4,6,greedy,random,,128,34.809999999999995
fresh4_dense_grid_line_904301,dense_grid_line,4,6,greedy,random,,512,34.809999999999995
fresh4_dense_grid_line_904301,dense_grid_line,4,6,penalty_row_xy,deterministic,11,1,41.72036467812211
fresh4_dense_grid_line_904301,dense_grid_line,4,6,penalty_row_xy,deterministic,11,8,40.77642832587489
fresh4_dense_grid_line_904301,dense_grid_line,4,6,penalty_row_xy,deterministic,11,32,38.557210462520615
fresh4_dense_grid_line_904301,dense_grid_line,4,6,penalty_row_xy,deterministic,11,128,35.724680454898795
fresh4_dense_grid_line_904301,dense_grid_line,4,6,penalty_row_xy,deterministic,11,512,34.865873956823386
fresh4_dense_grid_line_904301,dense_grid_line,4,6,penalty_row_xy,deterministic,17,1,41.68914954914887
fresh4_dense_grid_line_904301,dense_grid_line,4,6,penalty_row_xy,deterministic,17,8,40.63076277571784
fresh4_dense_grid_line_904301,dense_grid_line,4,6,penalty_row_xy,deterministic,17,32,38.653529794325806
fresh4_dense_grid_line_904301,dense_grid_line,4,6,penalty_row_xy,deterministic,17,128,36.483179465065305
fresh4_dense_grid_line_904301,dense_grid_line,4,6,penalty_row_xy,deterministic,17,512,34.98373540756458
fresh4_dense_grid_line_904301,dense_grid_line,4,6,penalty_row_xy,deterministic,23,1,41.69909290063948
fresh4_dense_grid_line_904301,dense_grid_line,4,6,penalty_row_xy,deterministic,23,8,40.66130670533257
fresh4_dense_grid_line_904301,dense_grid_line,4,6,penalty_row_xy,deterministic,23,32,38.479080001662474
fresh4_dense_grid_line_904301,dense_grid_line,4,6,penalty_row_xy,deterministic,23,128,35.979358509716334
fresh4_dense_grid_line_904301,dense_grid_line,4,6,penalty_row_xy,deterministic,23,512,34.88155666377376
fresh4_dense_grid_line_904301,dense_grid_line,4,6,penalty_row_xy,deterministic,31,1,41.703867778224954
fresh4_dense_grid_line_904301,dense_grid_line,4,6,penalty_row_xy,deterministic,31,8,40.66691901219258
fresh4_dense_grid_line_904301,dense_grid_line,4,6,penalty_row_xy,deterministic,31,32,38.316144462422386
fresh4_dense_grid_line_904301,dense_grid_line,4,6,penalty_row_xy,deterministic,31,128,35.56759746528232
fresh4_dense_grid_line_904301,dense_grid_line,4,6,penalty_row_xy,deterministic,31,512,34.84305113373062
fresh4_dense_grid_line_904301,dense_grid_line,4,6,penalty_row_xy,poor,11,1,73.36022665404427
fresh4_dense_grid_line_904301,dense_grid_line,4,6,penalty_row_xy,poor,11,8,54.795432706242636
fresh4_dense_grid_line_904301,dense_grid_line,4,6,penalty_row_xy,poor,11,32,40.890855079294035
fresh4_dense_grid_line_904301,dense_grid_line,4,6,penalty_row_xy,poor,11,128,36.139301245082606
fresh4_dense_grid_line_904301,dense_grid_line,4,6,penalty_row_xy,poor,11,512,34.89792215923675
fresh4_dense_grid_line_904301,dense_grid_line,4,6,penalty_row_xy,poor,17,1,71.77546879673372
fresh4_dense_grid_line_904301,dense_grid_line,4,6,penalty_row_xy,poor,17,8,50.91957911391329
fresh4_dense_grid_line_904301,dense_grid_line,4,6,penalty_row_xy,poor,17,32,39.5813114108916
fresh4_dense_grid_line_904301,dense_grid_line,4,6,penalty_row_xy,poor,17,128,35.87782163971307
fresh4_dense_grid_line_904301,dense_grid_line,4,6,penalty_row_xy,poor,17,512,34.86711503532581
fresh4_dense_grid_line_904301,dense_grid_line,4,6,penalty_row_xy,poor,23,1,71.09093869031429
fresh4_dense_grid_line_904301,dense_grid_line,4,6,penalty_row_xy,poor,23,8,49.25200739828316
fresh4_dense_grid_line_904301,dense_grid_line,4,6,penalty_row_xy,poor,23,32,38.95405864874139
fresh4_dense_grid_line_904301,dense_grid_line,4,6,penalty_row_xy,poor,23,128,36.098600425721735
fresh4_dense_grid_line_904301,dense_grid_line,4,6,penalty_row_xy,poor,23,512,34.89495301551011
fresh4_dense_grid_line_904301,dense_grid_line,4,6,penalty_row_xy,poor,31,1,73.36132936446965
fresh4_dense_grid_line_904301,dense_grid_line,4,6,penalty_row_xy,poor,31,8,54.79996594869962
fresh4_dense_grid_line_904301,dense_grid_line,4,6,penalty_row_xy,poor,31,32,40.895559894113696
fresh4_dense_grid_line_904301,dense_grid_line,4,6,penalty_row_xy,poor,31,128,36.14589381368565
fresh4_dense_grid_line_904301,dense_grid_line,4,6,penalty_row_xy,poor,31,512,34.89981888183476
fresh4_dense_grid_line_904301,dense_grid_line,4,6,penalty_row_xy,random,11,1,40.73314508909687
fresh4_dense_grid_line_904301,dense_grid_line,4,6,penalty_row_xy,random,11,8,39.59593297747426
fresh4_dense_grid_line_904301,dense_grid_line,4,6,penalty_row_xy,random,11,32,37.24991730783025
fresh4_dense_grid_line_904301,dense_grid_line,4,6,penalty_row_xy,random,11,128,35.19151044620107
fresh4_dense_grid_line_904301,dense_grid_line,4,6,penalty_row_xy,random,11,512,34.8257560696156
fresh4_dense_grid_line_904301,dense_grid_line,4,6,penalty_row_xy,random,17,1,40.78728595439906
fresh4_dense_grid_line_904301,dense_grid_line,4,6,penalty_row_xy,random,17,8,39.9476655986884
fresh4_dense_grid_line_904301,dense_grid_line,4,6,penalty_row_xy,random,17,32,37.97210822105702
fresh4_dense_grid_line_904301,dense_grid_line,4,6,penalty_row_xy,random,17,128,35.65020421842147
fresh4_dense_grid_line_904301,dense_grid_line,4,6,penalty_row_xy,random,17,512,35.0900300982702
fresh4_dense_grid_line_904301,dense_grid_line,4,6,penalty_row_xy,random,23,1,40.73297084987878
fresh4_dense_grid_line_904301,dense_grid_line,4,6,penalty_row_xy,random,23,8,39.59467894324355
fresh4_dense_grid_line_904301,dense_grid_line,4,6,penalty_row_xy,random,23,32,37.246906217560436
fresh4_dense_grid_line_904301,dense_grid_line,4,6,penalty_row_xy,random,23,128,35.19219385529785
fresh4_dense_grid_line_904301,dense_grid_line,4,6,penalty_row_xy,random,23,512,34.82639488993315
fresh4_dense_grid_line_904301,dense_grid_line,4,6,penalty_row_xy,random,31,1,40.733306172006145
fresh4_dense_grid_line_904301,dense_grid_line,4,6,penalty_row_xy,random,31,8,39.596845657610075
fresh4_dense_grid_line_904301,dense_grid_line,4,6,penalty_row_xy,random,31,32,37.251237894098416
fresh4_dense_grid_line_904301,dense_grid_line,4,6,penalty_row_xy,random,31,128,35.19412962152609
fresh4_dense_grid_line_904301,dense_grid_line,4,6,penalty_row_xy,random,31,512,34.8266111093657
fresh4_dense_grid_line_904301,dense_grid_line,4,6,token,deterministic,11,1,39.404565655307664
fresh4_dense_grid_line_904301,dense_grid_line,4,6,token,deterministic,11,8,35.305494866895465
fresh4_dense_grid_line_904301,dense_grid_line,4,6,token,deterministic,11,32,34.81389639871339
fresh4_dense_grid_line_904301,dense_grid_line,4,6,token,deterministic,11,128,34.81000000060585
fresh4_dense_grid_line_904301,dense_grid_line,4,6,token,deterministic,11,512,34.809999999999995
fresh4_dense_grid_line_904301,dense_grid_line,4,6,token,deterministic,17,1,39.234017422403696
fresh4_dense_grid_line_904301,dense_grid_line,4,6,token,deterministic,17,8,35.174610579185625
fresh4_dense_grid_line_904301,dense_grid_line,4,6,token,deterministic,17,32,34.811507808574305
fresh4_dense_grid_line_904301,dense_grid_line,4,6,token,deterministic,17,128,34.810000000014945
fresh4_dense_grid_line_904301,dense_grid_line,4,6,token,deterministic,17,512,34.809999999999995
fresh4_dense_grid_line_904301,dense_grid_line,4,6,token,deterministic,23,1,39.34055138624272
fresh4_dense_grid_line_904301,dense_grid_line,4,6,token,deterministic,23,8,35.24740374450723
fresh4_dense_grid_line_904301,dense_grid_line,4,6,token,deterministic,23,32,34.81238256319318
fresh4_dense_grid_line_904301,dense_grid_line,4,6,token,deterministic,23,128,34.810000000085246
fresh4_dense_grid_line_904301,dense_grid_line,4,6,token,deterministic,23,512,34.809999999999995
fresh4_dense_grid_line_904301,dense_grid_line,4,6,token,deterministic,31,1,39.39766685679849
fresh4_dense_grid_line_904301,dense_grid_line,4,6,token,deterministic,31,8,35.30146766038641
fresh4_dense_grid_line_904301,dense_grid_line,4,6,token,deterministic,31,32,34.81371331698186
fresh4_dense_grid_line_904301,dense_grid_line,4,6,token,deterministic,31,128,34.81000000049645
fresh4_dense_grid_line_904301,dense_grid_line,4,6,token,deterministic,31,512,34.809999999999995
fresh4_dense_grid_line_904301,dense_grid_line,4,6,token,poor,11,1,48.89590714508442
fresh4_dense_grid_line_904301,dense_grid_line,4,6,token,poor,11,8,35.92654562380701
fresh4_dense_grid_line_904301,dense_grid_line,4,6,token,poor,11,32,34.92726337929651
fresh4_dense_grid_line_904301,dense_grid_line,4,6,token,poor,11,128,34.810555808309175
fresh4_dense_grid_line_904301,dense_grid_line,4,6,token,poor,11,512,34.810000000000315
fresh4_dense_grid_line_904301,dense_grid_line,4,6,token,poor,17,1,48.865310864681064
fresh4_dense_grid_line_904301,dense_grid_line,4,6,token,poor,17,8,35.92757466267565
fresh4_dense_grid_line_904301,dense_grid_line,4,6,token,poor,17,32,34.92757273226982
fresh4_dense_grid_line_904301,dense_grid_line,4,6,token,poor,17,128,34.8105612565922
fresh4_dense_grid_line_904301,dense_grid_line,4,6,token,poor,17,512,34.81000000000033
fresh4_dense_grid_line_904301,dense_grid_line,4,6,token,poor,23,1,48.88888459021952
fresh4_dense_grid_line_904301,dense_grid_line,4,6,token,poor,23,8,35.92740749202784
fresh4_dense_grid_line_904301,dense_grid_line,4,6,token,poor,23,32,34.927015823998104
fresh4_dense_grid_line_904301,dense_grid_line,4,6,token,poor,23,128,34.81055067481312
fresh4_dense_grid_line_904301,dense_grid_line,4,6,token,poor,23,512,34.81000000000031
fresh4_dense_grid_line_904301,dense_grid_line,4,6,token,poor,31,1,48.87200703117775
fresh4_dense_grid_line_904301,dense_grid_line,4,6,token,poor,31,8,35.91470073430271
fresh4_dense_grid_line_904301,dense_grid_line,4,6,token,poor,31,32,34.93036738472192
fresh4_dense_grid_line_904301,dense_grid_line,4,6,token,poor,31,128,34.81062364848474
fresh4_dense_grid_line_904301,dense_grid_line,4,6,token,poor,31,512,34.81000000000049
fresh4_dense_grid_line_904301,dense_grid_line,4,6,token,random,11,1,38.07036320061033
fresh4_dense_grid_line_904301,dense_grid_line,4,6,token,random,11,8,34.90190133936766
fresh4_dense_grid_line_904301,dense_grid_line,4,6,token,random,11,32,34.81006283226378
fresh4_dense_grid_line_904301,dense_grid_line,4,6,token,random,11,128,34.80999999999999
fresh4_dense_grid_line_904301,dense_grid_line,4,6,token,random,11,512,34.809999999999995
fresh4_dense_grid_line_904301,dense_grid_line,4,6,token,random,17,1,37.70426048913593
fresh4_dense_grid_line_904301,dense_grid_line,4,6,token,random,17,8,34.875412499134285
fresh4_dense_grid_line_904301,dense_grid_line,4,6,token,random,17,32,34.810033687780184
fresh4_dense_grid_line_904301,dense_grid_line,4,6,token,random,17,128,34.809999999999995
fresh4_dense_grid_line_904301,dense_grid_line,4,6,token,random,17,512,34.809999999999995
fresh4_dense_grid_line_904301,dense_grid_line,4,6,token,random,23,1,38.07606174510349
fresh4_dense_grid_line_904301,dense_grid_line,4,6,token,random,23,8,34.900147876215094
fresh4_dense_grid_line_904301,dense_grid_line,4,6,token,random,23,32,34.81005317549513
fresh4_dense_grid_line_904301,dense_grid_line,4,6,token,random,23,128,34.809999999999995
fresh4_dense_grid_line_904301,dense_grid_line,4,6,token,random,23,512,34.809999999999995
fresh4_dense_grid_line_904301,dense_grid_line,4,6,token,random,31,1,39.185568333823156
fresh4_dense_grid_line_904301,dense_grid_line,4,6,token,random,31,8,35.35931866951223
fresh4_dense_grid_line_904301,dense_grid_line,4,6,token,random,31,32,34.81799531192002
fresh4_dense_grid_line_904301,dense_grid_line,4,6,token,random,31,128,34.81000001269674
fresh4_dense_grid_line_904301,dense_grid_line,4,6,token,random,31,512,34.809999999999995
fresh4_dense_grid_line_904301,dense_grid_line,4,6,uniform_feasible,deterministic,,1,41.39833333333322
fresh4_dense_grid_line_904301,dense_grid_line,4,6,uniform_feasible,deterministic,,8,39.054847681861105
fresh4_dense_grid_line_904301,dense_grid_line,4,6,uniform_feasible,deterministic,,32,36.23594436635045
fresh4_dense_grid_line_904301,dense_grid_line,4,6,uniform_feasible,deterministic,,128,34.916977839664646
fresh4_dense_grid_line_904301,dense_grid_line,4,6,uniform_feasible,deterministic,,512,34.81012276674665
fresh4_dense_grid_line_904301,dense_grid_line,4,6,uniform_feasible,poor,,1,55.41666666666656
fresh4_dense_grid_line_904301,dense_grid_line,4,6,uniform_feasible,poor,,8,40.232634337072604
fresh4_dense_grid_line_904301,dense_grid_line,4,6,uniform_feasible,poor,,32,36.23985166341713
fresh4_dense_grid_line_904301,dense_grid_line,4,6,uniform_feasible,poor,,128,34.916977839693395
fresh4_dense_grid_line_904301,dense_grid_line,4,6,uniform_feasible,poor,,512,34.81012276674665
fresh4_dense_grid_line_904301,dense_grid_line,4,6,uniform_feasible,random,,1,40.57183333333322
fresh4_dense_grid_line_904301,dense_grid_line,4,6,uniform_feasible,random,,8,38.7413343139993
fresh4_dense_grid_line_904301,dense_grid_line,4,6,uniform_feasible,random,,32,36.22386148349296
fresh4_dense_grid_line_904301,dense_grid_line,4,6,uniform_feasible,random,,128,34.91697778805498
fresh4_dense_grid_line_904301,dense_grid_line,4,6,uniform_feasible,random,,512,34.81012276674665
fresh4_dense_grid_line_904302,dense_grid_line,4,6,greedy,deterministic,,1,18.24
fresh4_dense_grid_line_904302,dense_grid_line,4,6,greedy,deterministic,,8,17.09
fresh4_dense_grid_line_904302,dense_grid_line,4,6,greedy,deterministic,,32,17.09
fresh4_dense_grid_line_904302,dense_grid_line,4,6,greedy,deterministic,,128,17.09
fresh4_dense_grid_line_904302,dense_grid_line,4,6,greedy,deterministic,,512,17.09
fresh4_dense_grid_line_904302,dense_grid_line,4,6,greedy,poor,,1,47.760000000000005
fresh4_dense_grid_line_904302,dense_grid_line,4,6,greedy,poor,,8,29.42
fresh4_dense_grid_line_904302,dense_grid_line,4,6,greedy,poor,,32,21.08
fresh4_dense_grid_line_904302,dense_grid_line,4,6,greedy,poor,,128,17.09
fresh4_dense_grid_line_904302,dense_grid_line,4,6,greedy,poor,,512,17.09
fresh4_dense_grid_line_904302,dense_grid_line,4,6,greedy,random,,1,21.27
fresh4_dense_grid_line_904302,dense_grid_line,4,6,greedy,random,,8,21.08
fresh4_dense_grid_line_904302,dense_grid_line,4,6,greedy,random,,32,17.09
fresh4_dense_grid_line_904302,dense_grid_line,4,6,greedy,random,,128,17.09
fresh4_dense_grid_line_904302,dense_grid_line,4,6,greedy,random,,512,17.09
fresh4_dense_grid_line_904302,dense_grid_line,4,6,penalty_row_xy,deterministic,11,1,18.235493307756702
fresh4_dense_grid_line_904302,dense_grid_line,4,6,penalty_row_xy,deterministic,11,8,18.204437116181634
fresh4_dense_grid_line_904302,dense_grid_line,4,6,penalty_row_xy,deterministic,11,32,18.104212012379822
fresh4_dense_grid_line_904302,dense_grid_line,4,6,penalty_row_xy,deterministic,11,128,17.785699160242466
fresh4_dense_grid_line_904302,dense_grid_line,4,6,penalty_row_xy,deterministic,11,512,17.244025417788617
fresh4_dense_grid_line_904302,dense_grid_line,4,6,penalty_row_xy,deterministic,17,1,18.231281386195334
fresh4_dense_grid_line_904302,dense_grid_line,4,6,penalty_row_xy,deterministic,17,8,18.172074072036583
fresh4_dense_grid_line_904302,dense_grid_line,4,6,penalty_row_xy,deterministic,17,32,17.991435054055476
fresh4_dense_grid_line_904302,dense_grid_line,4,6,penalty_row_xy,deterministic,17,128,17.52415444192104
fresh4_dense_grid_line_904302,dense_grid_line,4,6,penalty_row_xy,deterministic,17,512,17.113360572070167
fresh4_dense_grid_line_904302,dense_grid_line,4,6,penalty_row_xy,deterministic,23,1,18.08610626219829
fresh4_dense_grid_line_904302,dense_grid_line,4,6,penalty_row_xy,deterministic,23,8,17.45438499136395
fresh4_dense_grid_line_904302,dense_grid_line,4,6,penalty_row_xy,deterministic,23,32,17.10159173385116
fresh4_dense_grid_line_904302,dense_grid_line,4,6,penalty_row_xy,deterministic,23,128,17.09000001187135
fresh4_dense_grid_line_904302,dense_grid_line,4,6,penalty_row_xy,deterministic,23,512,17.09
fresh4_dense_grid_line_904302,dense_grid_line,4,6,penalty_row_xy,deterministic,31,1,18.22226785505461
fresh4_dense_grid_line_904302,dense_grid_line,4,6,penalty_row_xy,deterministic,31,8,18.105566907654403
fresh4_dense_grid_line_904302,dense_grid_line,4,6,penalty_row_xy,deterministic,31,32,17.789424180325742
fresh4_dense_grid_line_904302,dense_grid_line,4,6,penalty_row_xy,deterministic,31,128,17.247350834015446
fresh4_dense_grid_line_904302,dense_grid_line,4,6,penalty_row_xy,deterministic,31,512,17.09040307204208
fresh4_dense_grid_line_904302,dense_grid_line,4,6,penalty_row_xy,poor,11,1,42.66159748323207
fresh4_dense_grid_line_904302,dense_grid_line,4,6,penalty_row_xy,poor,11,8,26.810231691497478
fresh4_dense_grid_line_904302,dense_grid_line,4,6,penalty_row_xy,poor,11,32,20.168733324395923
fresh4_dense_grid_line_904302,dense_grid_line,4,6,penalty_row_xy,poor,11,128,17.933894417528442
fresh4_dense_grid_line_904302,dense_grid_line,4,6,penalty_row_xy,poor,11,512,17.135508444491304
fresh4_dense_grid_line_904302,dense_grid_line,4,6,penalty_row_xy,poor,17,1,41.92520979850206
fresh4_dense_grid_line_904302,dense_grid_line,4,6,penalty_row_xy,poor,17,8,26.040343433143743
fresh4_dense_grid_line_904302,dense_grid_line,4,6,penalty_row_xy,poor,17,32,20.004837593352658
fresh4_dense_grid_line_904302,dense_grid_line,4,6,penalty_row_xy,poor,17,128,17.607126926798212
fresh4_dense_grid_line_904302,dense_grid_line,4,6,penalty_row_xy,poor,17,512,17.091129641683438
fresh4_dense_grid_line_904302,dense_grid_line,4,6,penalty_row_xy,poor,23,1,42.40285250276646
fresh4_dense_grid_line_904302,dense_grid_line,4,6,penalty_row_xy,poor,23,8,26.707442699856596
fresh4_dense_grid_line_904302,dense_grid_line,4,6,penalty_row_xy,poor,23,32,20.529466108416653
fresh4_dense_grid_line_904302,dense_grid_line,4,6,penalty_row_xy,poor,23,128,18.147061478693566
fresh4_dense_grid_line_904302,dense_grid_line,4,6,penalty_row_xy,poor,23,512,17.129183000595543
fresh4_dense_grid_line_904302,dense_grid_line,4,6,penalty_row_xy,poor,31,1,41.92117800145952
fresh4_dense_grid_line_904302,dense_grid_line,4,6,penalty_row_xy,poor,31,8,26.03410568028828
fresh4_dense_grid_line_904302,dense_grid_line,4,6,penalty_row_xy,poor,31,32,20.001374971153624
fresh4_dense_grid_line_904302,dense_grid_line,4,6,penalty_row_xy,poor,31,128,17.604550686202057
fresh4_dense_grid_line_904302,dense_grid_line,4,6,penalty_row_xy,poor,31,512,17.09110544109716
fresh4_dense_grid_line_904302,dense_grid_line,4,6,penalty_row_xy,random,11,1,21.146872040171342
fresh4_dense_grid_line_904302,dense_grid_line,4,6,penalty_row_xy,random,11,8,20.384808242953028
fresh4_dense_grid_line_904302,dense_grid_line,4,6,penalty_row_xy,random,11,32,18.728936320904086
fresh4_dense_grid_line_904302,dense_grid_line,4,6,penalty_row_xy,random,11,128,17.21215544640987
fresh4_dense_grid_line_904302,dense_grid_line,4,6,penalty_row_xy,random,11,512,17.09002032352009
fresh4_dense_grid_line_904302,dense_grid_line,4,6,penalty_row_xy,random,17,1,21.253836818997595
fresh4_dense_grid_line_904302,dense_grid_line,4,6,penalty_row_xy,random,17,8,21.142466497584476
fresh4_dense_grid_line_904302,dense_grid_line,4,6,penalty_row_xy,random,17,32,20.783177922166058
fresh4_dense_grid_line_904302,dense_grid_line,4,6,penalty_row_xy,random,17,128,19.64182826184505
fresh4_dense_grid_line_904302,dense_grid_line,4,6,penalty_row_xy,random,17,512,17.6845849269166
fresh4_dense_grid_line_904302,dense_grid_line,4,6,penalty_row_xy,random,23,1,21.13979438209074
fresh4_dense_grid_line_904302,dense_grid_line,4,6,penalty_row_xy,random,23,8,20.337206678262802
fresh4_dense_grid_line_904302,dense_grid_line,4,6,penalty_row_xy,random,23,32,18.625638545324662
fresh4_dense_grid_line_904302,dense_grid_line,4,6,penalty_row_xy,random,23,128,17.176938615444158
fresh4_dense_grid_line_904302,dense_grid_line,4,6,penalty_row_xy,random,23,512,17.090003350701334
fresh4_dense_grid_line_904302,dense_grid_line,4,6,penalty_row_xy,random,31,1,21.11955436629886
fresh4_dense_grid_line_904302,dense_grid_line,4,6,penalty_row_xy,random,31,8,20.210098111032078
fresh4_dense_grid_line_904302,dense_grid_line,4,6,penalty_row_xy,random,31,32,18.401241907275438
fresh4_dense_grid_line_904302,dense_grid_line,4,6,penalty_row_xy,random,31,128,17.136952251480338
fresh4_dense_grid_line_904302,dense_grid_line,4,6,penalty_row_xy,random,31,512,17.090000302379753
fresh4_dense_grid_line_904302,dense_grid_line,4,6,token,deterministic,11,1,17.937210425376634
fresh4_dense_grid_line_904302,dense_grid_line,4,6,token,deterministic,11,8,17.189780447737885
fresh4_dense_grid_line_904302,dense_grid_line,4,6,token,deterministic,11,32,17.090065176085417
fresh4_dense_grid_line_904302,dense_grid_line,4,6,token,deterministic,11,128,17.09
fresh4_dense_grid_line_904302,dense_grid_line,4,6,token,deterministic,11,512,17.09
fresh4_dense_grid_line_904302,dense_grid_line,4,6,token,deterministic,17,1,17.93907494027859
fresh4_dense_grid_line_904302,dense_grid_line,4,6,token,deterministic,17,8,17.191550789334432
fresh4_dense_grid_line_904302,dense_grid_line,4,6,token,deterministic,17,32,17.090069926162112
fresh4_dense_grid_line_904302,dense_grid_line,4,6,token,deterministic,17,128,17.09
fresh4_dense_grid_line_904302,dense_grid_line,4,6,token,deterministic,17,512,17.09
fresh4_dense_grid_line_904302,dense_grid_line,4,6,token,deterministic,23,1,17.93379014655438
fresh4_dense_grid_line_904302,dense_grid_line,4,6,token,deterministic,23,8,17.186603022326146
fresh4_dense_grid_line_904302,dense_grid_line,4,6,token,deterministic,23,32,17.090057262372113
fresh4_dense_grid_line_904302,dense_grid_line,4,6,token,deterministic,23,128,17.09
fresh4_dense_grid_line_904302,dense_grid_line,4,6,token,deterministic,23,512,17.09
fresh4_dense_grid_line_904302,dense_grid_line,4,6,token,deterministic,31,1,17.941391961531476
fresh4_dense_grid_line_904302,dense_grid_line,4,6,token,deterministic,31,8,17.193789036682638
fresh4_dense_grid_line_904302,dense_grid_line,4,6,token,deterministic,31,32,17.090076297868112
fresh4_dense_grid_line_904302,dense_grid_line,4,6,token,deterministic,31,128,17.09
fresh4_dense_grid_line_904302,dense_grid_line,4,6,token,deterministic,31,512,17.09
fresh4_dense_grid_line_904302,dense_grid_line,4,6,token,poor,11,1,34.4228283293864
fresh4_dense_grid_line_904302,dense_grid_line,4,6,token,poor,11,8,23.19468980054209
fresh4_dense_grid_line_904302,dense_grid_line,4,6,token,poor,11,32,19.06066165768234
fresh4_dense_grid_line_904302,dense_grid_line,4,6,token,poor,11,128,17.19770056395279
fresh4_dense_grid_line_904302,dense_grid_line,4,6,token,poor,11,512,17.090004863087493
fresh4_dense_grid_line_904302,dense_grid_line,4,6,token,poor,17,1,34.86080674608832
fresh4_dense_grid_line_904302,dense_grid_line,4,6,token,poor,17,8,23.51773073697895
fresh4_dense_grid_line_904302,dense_grid_line,4,6,token,poor,17,32,18.774145661118297
fresh4_dense_grid_line_904302,dense_grid_line,4,6,token,poor,17,128,17.15482862712637
fresh4_dense_grid_line_904302,dense_grid_line,4,6,token,poor,17,512,17.09000285956431
fresh4_dense_grid_line_904302,dense_grid_line,4,6,token,poor,23,1,34.85380935834556
fresh4_dense_grid_line_904302,dense_grid_line,4,6,token,poor,23,8,23.30332122826449
fresh4_dense_grid_line_904302,dense_grid_line,4,6,token,poor,23,32,18.54033089979553
fresh4_dense_grid_line_904302,dense_grid_line,4,6,token,poor,23,128,17.124674977422735
fresh4_dense_grid_line_904302,dense_grid_line,4,6,token,poor,23,512,17.09000022228556
fresh4_dense_grid_line_904302,dense_grid_line,4,6,token,poor,31,1,34.86569355778777
fresh4_dense_grid_line_904302,dense_grid_line,4,6,token,poor,31,8,23.491674411314364
fresh4_dense_grid_line_904302,dense_grid_line,4,6,token,poor,31,32,18.755342134517853
fresh4_dense_grid_line_904302,dense_grid_line,4,6,token,poor,31,128,17.15146121778236
fresh4_dense_grid_line_904302,dense_grid_line,4,6,token,poor,31,512,17.090002080831994
fresh4_dense_grid_line_904302,dense_grid_line,4,6,token,random,11,1,19.911064134329855
fresh4_dense_grid_line_904302,dense_grid_line,4,6,token,random,11,8,17.270137139016303
fresh4_dense_grid_line_904302,dense_grid_line,4,6,token,random,11,32,17.09001467501269
fresh4_dense_grid_line_904302,dense_grid_line,4,6,token,random,11,128,17.09
fresh4_dense_grid_line_904302,dense_grid_line,4,6,token,random,11,512,17.09
fresh4_dense_grid_line_904302,dense_grid_line,4,6,token,random,17,1,19.938586516717198
fresh4_dense_grid_line_904302,dense_grid_line,4,6,token,random,17,8,17.288691125573504
fresh4_dense_grid_line_904302,dense_grid_line,4,6,token,random,17,32,17.090029628096637
fresh4_dense_grid_line_904302,dense_grid_line,4,6,token,random,17,128,17.09
fresh4_dense_grid_line_904302,dense_grid_line,4,6,token,random,17,512,17.09
fresh4_dense_grid_line_904302,dense_grid_line,4,6,token,random,23,1,19.893274490487663
fresh4_dense_grid_line_904302,dense_grid_line,4,6,token,random,23,8,17.26157043178665
fresh4_dense_grid_line_904302,dense_grid_line,4,6,token,random,23,32,17.09001242551326
fresh4_dense_grid_line_904302,dense_grid_line,4,6,token,random,23,128,17.09
fresh4_dense_grid_line_904302,dense_grid_line,4,6,token,random,23,512,17.09
fresh4_dense_grid_line_904302,dense_grid_line,4,6,token,random,31,1,19.968949745100133
fresh4_dense_grid_line_904302,dense_grid_line,4,6,token,random,31,8,17.305080104955994
fresh4_dense_grid_line_904302,dense_grid_line,4,6,token,random,31,32,17.090037448596988
fresh4_dense_grid_line_904302,dense_grid_line,4,6,token,random,31,128,17.09
fresh4_dense_grid_line_904302,dense_grid_line,4,6,token,random,31,512,17.09
fresh4_dense_grid_line_904302,dense_grid_line,4,6,uniform_feasible,deterministic,,1,18.220833333333275
fresh4_dense_grid_line_904302,dense_grid_line,4,6,uniform_feasible,deterministic,,8,18.095319092250662
fresh4_dense_grid_line_904302,dense_grid_line,4,6,uniform_feasible,deterministic,,32,17.761617804371948
fresh4_dense_grid_line_904302,dense_grid_line,4,6,uniform_feasible,deterministic,,128,17.223781259834965
fresh4_dense_grid_line_904302,dense_grid_line,4,6,uniform_feasible,deterministic,,512,17.090210614178627
fresh4_dense_grid_line_904302,dense_grid_line,4,6,uniform_feasible,poor,,1,31.266666666666605
fresh4_dense_grid_line_904302,dense_grid_line,4,6,uniform_feasible,poor,,8,21.571608620434926
fresh4_dense_grid_line_904302,dense_grid_line,4,6,uniform_feasible,poor,,32,18.783793429802316
fresh4_dense_grid_line_904302,dense_grid_line,4,6,uniform_feasible,poor,,128,17.260892908176096
fresh4_dense_grid_line_904302,dense_grid_line,4,6,uniform_feasible,poor,,512,17.090210696405066
fresh4_dense_grid_line_904302,dense_grid_line,4,6,uniform_feasible,random,,1,21.143888888888828
fresh4_dense_grid_line_904302,dense_grid_line,4,6,uniform_feasible,random,,8,20.372199241486513
fresh4_dense_grid_line_904302,dense_grid_line,4,6,uniform_feasible,random,,32,18.7444557552926
fresh4_dense_grid_line_904302,dense_grid_line,4,6,uniform_feasible,random,,128,17.26089174735443
fresh4_dense_grid_line_904302,dense_grid_line,4,6,uniform_feasible,random,,512,17.090210696405066
fresh4_dense_grid_line_904303,dense_grid_line,4,6,greedy,deterministic,,1,33.08
fresh4_dense_grid_line_904303,dense_grid_line,4,6,greedy,deterministic,,8,30.009999999999998
fresh4_dense_grid_line_904303,dense_grid_line,4,6,greedy,deterministic,,32,29.21
fresh4_dense_grid_line_904303,dense_grid_line,4,6,greedy,deterministic,,128,29.21
fresh4_dense_grid_line_904303,dense_grid_line,4,6,greedy,deterministic,,512,29.21
fresh4_dense_grid_line_904303,dense_grid_line,4,6,greedy,poor,,1,65.11
fresh4_dense_grid_line_904303,dense_grid_line,4,6,greedy,poor,,8,43.5
fresh4_dense_grid_line_904303,dense_grid_line,4,6,greedy,poor,,32,30.240000000000002
fresh4_dense_grid_line_904303,dense_grid_line,4,6,greedy,poor,,128,29.21
fresh4_dense_grid_line_904303,dense_grid_line,4,6,greedy,poor,,512,29.21
fresh4_dense_grid_line_904303,dense_grid_line,4,6,greedy,random,,1,39.25
fresh4_dense_grid_line_904303,dense_grid_line,4,6,greedy,random,,8,33.81999999999999
fresh4_dense_grid_line_904303,dense_grid_line,4,6,greedy,random,,32,29.21
fresh4_dense_grid_line_904303,dense_grid_line,4,6,greedy,random,,128,29.21
fresh4_dense_grid_line_904303,dense_grid_line,4,6,greedy,random,,512,29.21
fresh4_dense_grid_line_904303,dense_grid_line,4,6,penalty_row_xy,deterministic,11,1,32.65361219446372
fresh4_dense_grid_line_904303,dense_grid_line,4,6,penalty_row_xy,deterministic,11,8,30.73453621660377
fresh4_dense_grid_line_904303,dense_grid_line,4,6,penalty_row_xy,deterministic,11,32,29.306470595414076
fresh4_dense_grid_line_904303,dense_grid_line,4,6,penalty_row_xy,deterministic,11,128,29.210002753885526
fresh4_dense_grid_line_904303,dense_grid_line,4,6,penalty_row_xy,deterministic,11,512,29.21
fresh4_dense_grid_line_904303,dense_grid_line,4,6,penalty_row_xy,deterministic,17,1,32.79938181752124
fresh4_dense_grid_line_904303,dense_grid_line,4,6,penalty_row_xy,deterministic,17,8,31.334494703911602
fresh4_dense_grid_line_904303,dense_grid_line,4,6,penalty_row_xy,deterministic,17,32,29.574963066007737
fresh4_dense_grid_line_904303,dense_grid_line,4,6,penalty_row_xy,deterministic,17,128,29.210609951229504
fresh4_dense_grid_line_904303,dense_grid_line,4,6,penalty_row_xy,deterministic,17,512,29.210000000000115
fresh4_dense_grid_line_904303,dense_grid_line,4,6,penalty_row_xy,deterministic,23,1,32.81171807470991
fresh4_dense_grid_line_904303,dense_grid_line,4,6,penalty_row_xy,deterministic,23,8,31.4207080325914
fresh4_dense_grid_line_904303,dense_grid_line,4,6,penalty_row_xy,deterministic,23,32,29.739335645927632
fresh4_dense_grid_line_904303,dense_grid_line,4,6,penalty_row_xy,deterministic,23,128,29.229481203289716
fresh4_dense_grid_line_904303,dense_grid_line,4,6,penalty_row_xy,deterministic,23,512,29.210000277165786
fresh4_dense_grid_line_904303,dense_grid_line,4,6,penalty_row_xy,deterministic,31,1,32.85373717108649
fresh4_dense_grid_line_904303,dense_grid_line,4,6,penalty_row_xy,deterministic,31,8,31.619319304947616
fresh4_dense_grid_line_904303,dense_grid_line,4,6,penalty_row_xy,deterministic,31,32,29.873613472555576
fresh4_dense_grid_line_904303,dense_grid_line,4,6,penalty_row_xy,deterministic,31,128,29.23170521431812
fresh4_dense_grid_line_904303,dense_grid_line,4,6,penalty_row_xy,deterministic,31,512,29.210000397071727
fresh4_dense_grid_line_904303,dense_grid_line,4,6,penalty_row_xy,poor,11,1,58.673661611057206
fresh4_dense_grid_line_904303,dense_grid_line,4,6,penalty_row_xy,poor,11,8,39.62474703011711
fresh4_dense_grid_line_904303,dense_grid_line,4,6,penalty_row_xy,poor,11,32,31.460107845751928
fresh4_dense_grid_line_904303,dense_grid_line,4,6,penalty_row_xy,poor,11,128,29.422712090795528
fresh4_dense_grid_line_904303,dense_grid_line,4,6,penalty_row_xy,poor,11,512,29.21091555729549
fresh4_dense_grid_line_904303,dense_grid_line,4,6,penalty_row_xy,poor,17,1,60.033227589006806
fresh4_dense_grid_line_904303,dense_grid_line,4,6,penalty_row_xy,poor,17,8,42.218757713267564
fresh4_dense_grid_line_904303,dense_grid_line,4,6,penalty_row_xy,poor,17,32,32.008893456048696
fresh4_dense_grid_line_904303,dense_grid_line,4,6,penalty_row_xy,poor,17,128,29.37451131339645
fresh4_dense_grid_line_904303,dense_grid_line,4,6,penalty_row_xy,poor,17,512,29.21015993493161
fresh4_dense_grid_line_904303,dense_grid_line,4,6,penalty_row_xy,poor,23,1,59.33366153024828
fresh4_dense_grid_line_904303,dense_grid_line,4,6,penalty_row_xy,poor,23,8,40.941922062112035
fresh4_dense_grid_line_904303,dense_grid_line,4,6,penalty_row_xy,poor,23,32,32.01462536254702
fresh4_dense_grid_line_904303,dense_grid_line,4,6,penalty_row_xy,poor,23,128,29.661018438084533
fresh4_dense_grid_line_904303,dense_grid_line,4,6,penalty_row_xy,poor,23,512,29.239155951477397
fresh4_dense_grid_line_904303,dense_grid_line,4,6,penalty_row_xy,poor,31,1,59.57085586098807
fresh4_dense_grid_line_904303,dense_grid_line,4,6,penalty_row_xy,poor,31,8,41.17328668178148
fresh4_dense_grid_line_904303,dense_grid_line,4,6,penalty_row_xy,poor,31,32,31.87107988927597
fresh4_dense_grid_line_904303,dense_grid_line,4,6,penalty_row_xy,poor,31,128,29.652585893200683
fresh4_dense_grid_line_904303,dense_grid_line,4,6,penalty_row_xy,poor,31,512,29.242171519399687
fresh4_dense_grid_line_904303,dense_grid_line,4,6,penalty_row_xy,random,11,1,38.431451305942275
fresh4_dense_grid_line_904303,dense_grid_line,4,6,penalty_row_xy,random,11,8,34.41842866252259
fresh4_dense_grid_line_904303,dense_grid_line,4,6,penalty_row_xy,random,11,32,30.234655613000477
fresh4_dense_grid_line_904303,dense_grid_line,4,6,penalty_row_xy,random,11,128,29.242170376332577
fresh4_dense_grid_line_904303,dense_grid_line,4,6,penalty_row_xy,random,11,512,29.21000130206141
fresh4_dense_grid_line_904303,dense_grid_line,4,6,penalty_row_xy,random,17,1,38.43593905286438
fresh4_dense_grid_line_904303,dense_grid_line,4,6,penalty_row_xy,random,17,8,34.43773509646788
fresh4_dense_grid_line_904303,dense_grid_line,4,6,penalty_row_xy,random,17,32,30.247532874999443
fresh4_dense_grid_line_904303,dense_grid_line,4,6,penalty_row_xy,random,17,128,29.2434556065224
fresh4_dense_grid_line_904303,dense_grid_line,4,6,penalty_row_xy,random,17,512,29.21000151479637
fresh4_dense_grid_line_904303,dense_grid_line,4,6,penalty_row_xy,random,23,1,38.436838134290326
fresh4_dense_grid_line_904303,dense_grid_line,4,6,penalty_row_xy,random,23,8,34.44174386583194
fresh4_dense_grid_line_904303,dense_grid_line,4,6,penalty_row_xy,random,23,32,30.250579052550993
fresh4_dense_grid_line_904303,dense_grid_line,4,6,penalty_row_xy,random,23,128,29.243882816016775
fresh4_dense_grid_line_904303,dense_grid_line,4,6,penalty_row_xy,random,23,512,29.21000159276655
fresh4_dense_grid_line_904303,dense_grid_line,4,6,penalty_row_xy,random,31,1,38.43539662450671
fresh4_dense_grid_line_904303,dense_grid_line,4,6,penalty_row_xy,random,31,8,34.43524972513281
fresh4_dense_grid_line_904303,dense_grid_line,4,6,penalty_row_xy,random,31,32,30.245016596675903
fresh4_dense_grid_line_904303,dense_grid_line,4,6,penalty_row_xy,random,31,128,29.243081985127045
fresh4_dense_grid_line_904303,dense_grid_line,4,6,penalty_row_xy,random,31,512,29.210001440911775
fresh4_dense_grid_line_904303,dense_grid_line,4,6,token,deterministic,11,1,32.10292001046424
fresh4_dense_grid_line_904303,dense_grid_line,4,6,token,deterministic,11,8,30.019709057414914
fresh4_dense_grid_line_904303,dense_grid_line,4,6,token,deterministic,11,32,29.50407056583534
fresh4_dense_grid_line_904303,dense_grid_line,4,6,token,deterministic,11,128,29.224589064219092
fresh4_dense_grid_line_904303,dense_grid_line,4,6,token,deterministic,11,512,29.210000088478914
fresh4_dense_grid_line_904303,dense_grid_line,4,6,token,deterministic,17,1,32.09476313308342
fresh4_dense_grid_line_904303,dense_grid_line,4,6,token,deterministic,17,8,30.016251373695447
fresh4_dense_grid_line_904303,dense_grid_line,4,6,token,deterministic,17,32,29.502532389049783
fresh4_dense_grid_line_904303,dense_grid_line,4,6,token,deterministic,17,128,29.224286586417406
fresh4_dense_grid_line_904303,dense_grid_line,4,6,token,deterministic,17,512,29.21000008136618
fresh4_dense_grid_line_904303,dense_grid_line,4,6,token,deterministic,23,1,32.08221073848263
fresh4_dense_grid_line_904303,dense_grid_line,4,6,token,deterministic,23,8,29.98773265579041
fresh4_dense_grid_line_904303,dense_grid_line,4,6,token,deterministic,23,32,29.455513368216874
fresh4_dense_grid_line_904303,dense_grid_line,4,6,token,deterministic,23,128,29.21708654610463
fresh4_dense_grid_line_904303,dense_grid_line,4,6,token,deterministic,23,512,29.210000004925707
fresh4_dense_grid_line_904303,dense_grid_line,4,6,token,deterministic,31,1,32.08600716161141
fresh4_dense_grid_line_904303,dense_grid_line,4,6,token,deterministic,31,8,29.995011547599486
fresh4_dense_grid_line_904303,dense_grid_line,4,6,token,deterministic,31,32,29.465310684266726
fresh4_dense_grid_line_904303,dense_grid_line,4,6,token,deterministic,31,128,29.218287454684898
fresh4_dense_grid_line_904303,dense_grid_line,4,6,token,deterministic,31,512,29.210000009213292
fresh4_dense_grid_line_904303,dense_grid_line,4,6,token,poor,11,1,35.86649173687639
fresh4_dense_grid_line_904303,dense_grid_line,4,6,token,poor,11,8,29.681663785558786
fresh4_dense_grid_line_904303,dense_grid_line,4,6,token,poor,11,32,29.227429154501223
fresh4_dense_grid_line_904303,dense_grid_line,4,6,token,poor,11,128,29.210000152092096
fresh4_dense_grid_line_904303,dense_grid_line,4,6,token,poor,11,512,29.21
fresh4_dense_grid_line_904303,dense_grid_line,4,6,token,poor,17,1,35.77176493659953
fresh4_dense_grid_line_904303,dense_grid_line,4,6,token,poor,17,8,29.703553988538506
fresh4_dense_grid_line_904303,dense_grid_line,4,6,token,poor,17,32,29.227472807609814
fresh4_dense_grid_line_904303,dense_grid_line,4,6,token,poor,17,128,29.210000145968554
fresh4_dense_grid_line_904303,dense_grid_line,4,6,token,poor,17,512,29.21
fresh4_dense_grid_line_904303,dense_grid_line,4,6,token,poor,23,1,35.59100546418198
fresh4_dense_grid_line_904303,dense_grid_line,4,6,token,poor,23,8,29.720106680588604
fresh4_dense_grid_line_904303,dense_grid_line,4,6,token,poor,23,32,29.22759821164913
fresh4_dense_grid_line_904303,dense_grid_line,4,6,token,poor,23,128,29.21000014172288
fresh4_dense_grid_line_904303,dense_grid_line,4,6,token,poor,23,512,29.21
fresh4_dense_grid_line_904303,dense_grid_line,4,6,token,poor,31,1,35.87601249508734
fresh4_dense_grid_line_904303,dense_grid_line,4,6,token,poor,31,8,29.6810516056217
fresh4_dense_grid_line_904303,dense_grid_line,4,6,token,poor,31,32,29.227428843415243
fresh4_dense_grid_line_904303,dense_grid_line,4,6,token,poor,31,128,29.21000015250378
fresh4_dense_grid_line_904303,dense_grid_line,4,6,token,poor,31,512,29.21
fresh4_dense_grid_line_904303,dense_grid_line,4,6,token,random,11,1,35.82231447764778
fresh4_dense_grid_line_904303,dense_grid_line,4,6,token,random,11,8,30.33331995616101
fresh4_dense_grid_line_904303,dense_grid_line,4,6,token,random,11,32,29.47382101701424
fresh4_dense_grid_line_904303,dense_grid_line,4,6,token,random,11,128,29.215115835223866
fresh4_dense_grid_line_904303,dense_grid_line,4,6,token,random,11,512,29.210000001149076
fresh4_dense_grid_line_904303,dense_grid_line,4,6,token,random,17,1,35.67481833339177
fresh4_dense_grid_line_904303,dense_grid_line,4,6,token,random,17,8,30.337268428775346
fresh4_dense_grid_line_904303,dense_grid_line,4,6,token,random,17,32,29.62788863325867
fresh4_dense_grid_line_904303,dense_grid_line,4,6,token,random,17,128,29.239729099807484
fresh4_dense_grid_line_904303,dense_grid_line,4,6,token,random,17,512,29.21000108338328
fresh4_dense_grid_line_904303,dense_grid_line,4,6,token,random,23,1,35.68278283858927
fresh4_dense_grid_line_904303,dense_grid_line,4,6,token,random,23,8,30.33831519971067
fresh4_dense_grid_line_904303,dense_grid_line,4,6,token,random,23,32,29.628184783528987
fresh4_dense_grid_line_904303,dense_grid_line,4,6,token,random,23,128,29.239728015563
fresh4_dense_grid_line_904303,dense_grid_line,4,6,token,random,23,512,29.210001072552508
fresh4_dense_grid_line_904303,dense_grid_line,4,6,token,random,31,1,35.669263941015814
fresh4_dense_grid_line_904303,dense_grid_line,4,6,token,random,31,8,30.33769445587334
fresh4_dense_grid_line_904303,dense_grid_line,4,6,token,random,31,32,29.633404945139407
fresh4_dense_grid_line_904303,dense_grid_line,4,6,token,random,31,128,29.24142450588017
fresh4_dense_grid_line_904303,dense_grid_line,4,6,token,random,31,512,29.210001365838973
fresh4_dense_grid_line_904303,dense_grid_line,4,6,uniform_feasible,deterministic,,1,32.83499999999991
fresh4_dense_grid_line_904303,dense_grid_line,4,6,uniform_feasible,deterministic,,8,31.571810662247426
fresh4_dense_grid_line_904303,dense_grid_line,4,6,uniform_feasible,deterministic,,32,29.993805353263635
fresh4_dense_grid_line_904303,dense_grid_line,4,6,uniform_feasible,deterministic,,128,29.306389860792155
fresh4_dense_grid_line_904303,dense_grid_line,4,6,uniform_feasible,deterministic,,512,29.21014652087059
fresh4_dense_grid_line_904303,dense_grid_line,4,6,uniform_feasible,poor,,1,45.31333333333326
fresh4_dense_grid_line_904303,dense_grid_line,4,6,uniform_feasible,poor,,8,32.9624624336056
fresh4_dense_grid_line_904303,dense_grid_line,4,6,uniform_feasible,poor,,32,30.007977257105665
fresh4_dense_grid_line_904303,dense_grid_line,4,6,uniform_feasible,poor,,128,29.306389868588596
fresh4_dense_grid_line_904303,dense_grid_line,4,6,uniform_feasible,poor,,512,29.21014652087059
fresh4_dense_grid_line_904303,dense_grid_line,4,6,uniform_feasible,random,,1,37.833444444444346
fresh4_dense_grid_line_904303,dense_grid_line,4,6,uniform_feasible,random,,8,32.76113844850385
fresh4_dense_grid_line_904303,dense_grid_line,4,6,uniform_feasible,random,,32,30.00794101675588
fresh4_dense_grid_line_904303,dense_grid_line,4,6,uniform_feasible,random,,128,29.306389868588596
fresh4_dense_grid_line_904303,dense_grid_line,4,6,uniform_feasible,random,,512,29.21014652087059
fresh4_dense_grid_line_904304,dense_grid_line,4,6,greedy,deterministic,,1,37.790000000000006
fresh4_dense_grid_line_904304,dense_grid_line,4,6,greedy,deterministic,,8,37.71
fresh4_dense_grid_line_904304,dense_grid_line,4,6,greedy,deterministic,,32,36.19
fresh4_dense_grid_line_904304,dense_grid_line,4,6,greedy,deterministic,,128,36.19
fresh4_dense_grid_line_904304,dense_grid_line,4,6,greedy,deterministic,,512,36.19
fresh4_dense_grid_line_904304,dense_grid_line,4,6,greedy,poor,,1,71.21999999999998
fresh4_dense_grid_line_904304,dense_grid_line,4,6,greedy,poor,,8,50.72
fresh4_dense_grid_line_904304,dense_grid_line,4,6,greedy,poor,,32,36.19
fresh4_dense_grid_line_904304,dense_grid_line,4,6,greedy,poor,,128,36.19
fresh4_dense_grid_line_904304,dense_grid_line,4,6,greedy,poor,,512,36.19
fresh4_dense_grid_line_904304,dense_grid_line,4,6,greedy,random,,1,52.25
fresh4_dense_grid_line_904304,dense_grid_line,4,6,greedy,random,,8,40.080000000000005
fresh4_dense_grid_line_904304,dense_grid_line,4,6,greedy,random,,32,36.19
fresh4_dense_grid_line_904304,dense_grid_line,4,6,greedy,random,,128,36.19
fresh4_dense_grid_line_904304,dense_grid_line,4,6,greedy,random,,512,36.19
fresh4_dense_grid_line_904304,dense_grid_line,4,6,penalty_row_xy,deterministic,11,1,37.76083549398503
fresh4_dense_grid_line_904304,dense_grid_line,4,6,penalty_row_xy,deterministic,11,8,37.57404482111004
fresh4_dense_grid_line_904304,dense_grid_line,4,6,penalty_row_xy,deterministic,11,32,37.11257101570292
fresh4_dense_grid_line_904304,dense_grid_line,4,6,penalty_row_xy,deterministic,11,128,36.45087074832402
fresh4_dense_grid_line_904304,dense_grid_line,4,6,penalty_row_xy,deterministic,11,512,36.19764426959112
fresh4_dense_grid_line_904304,dense_grid_line,4,6,penalty_row_xy,deterministic,17,1,37.76821227863845
fresh4_dense_grid_line_904304,dense_grid_line,4,6,penalty_row_xy,deterministic,17,8,37.62585102733369
fresh4_dense_grid_line_904304,dense_grid_line,4,6,penalty_row_xy,deterministic,17,32,37.24770701086942
fresh4_dense_grid_line_904304,dense_grid_line,4,6,penalty_row_xy,deterministic,17,128,36.583149442224226
fresh4_dense_grid_line_904304,dense_grid_line,4,6,penalty_row_xy,deterministic,17,512,36.21697790119759
fresh4_dense_grid_line_904304,dense_grid_line,4,6,penalty_row_xy,deterministic,23,1,37.77655809857585
fresh4_dense_grid_line_904304,dense_grid_line,4,6,penalty_row_xy,deterministic,23,8,37.686575108581295
fresh4_dense_grid_line_904304,dense_grid_line,4,6,penalty_row_xy,deterministic,23,32,37.425308139221244
fresh4_dense_grid_line_904304,dense_grid_line,4,6,penalty_row_xy,deterministic,23,128,36.82382891657383
fresh4_dense_grid_line_904304,dense_grid_line,4,6,penalty_row_xy,deterministic,23,512,36.279523444743255
fresh4_dense_grid_line_904304,dense_grid_line,4,6,penalty_row_xy,deterministic,31,1,37.77388043231848
fresh4_dense_grid_line_904304,dense_grid_line,4,6,penalty_row_xy,deterministic,31,8,37.66774625736841
fresh4_dense_grid_line_904304,dense_grid_line,4,6,penalty_row_xy,deterministic,31,32,37.37803372191789
fresh4_dense_grid_line_904304,dense_grid_line,4,6,penalty_row_xy,deterministic,31,128,36.82676388500404
fresh4_dense_grid_line_904304,dense_grid_line,4,6,penalty_row_xy,deterministic,31,512,36.3845990877311
fresh4_dense_grid_line_904304,dense_grid_line,4,6,penalty_row_xy,poor,11,1,65.94958225545587
fresh4_dense_grid_line_904304,dense_grid_line,4,6,penalty_row_xy,poor,11,8,47.59778308912274
fresh4_dense_grid_line_904304,dense_grid_line,4,6,penalty_row_xy,poor,11,32,38.06993739105094
fresh4_dense_grid_line_904304,dense_grid_line,4,6,penalty_row_xy,poor,11,128,36.3813639655889
fresh4_dense_grid_line_904304,dense_grid_line,4,6,penalty_row_xy,poor,11,512,36.1910591678304
fresh4_dense_grid_line_904304,dense_grid_line,4,6,penalty_row_xy,poor,17,1,66.12511587874948
fresh4_dense_grid_line_904304,dense_grid_line,4,6,penalty_row_xy,poor,17,8,48.74444823080489
fresh4_dense_grid_line_904304,dense_grid_line,4,6,penalty_row_xy,poor,17,32,38.999141872982236
fresh4_dense_grid_line_904304,dense_grid_line,4,6,penalty_row_xy,poor,17,128,36.595393491361165
fresh4_dense_grid_line_904304,dense_grid_line,4,6,penalty_row_xy,poor,17,512,36.219426989244546
fresh4_dense_grid_line_904304,dense_grid_line,4,6,penalty_row_xy,poor,23,1,66.70253029154898
fresh4_dense_grid_line_904304,dense_grid_line,4,6,penalty_row_xy,poor,23,8,50.054695777608295
fresh4_dense_grid_line_904304,dense_grid_line,4,6,penalty_row_xy,poor,23,32,39.448432006087074
fresh4_dense_grid_line_904304,dense_grid_line,4,6,penalty_row_xy,poor,23,128,36.578965256560195
fresh4_dense_grid_line_904304,dense_grid_line,4,6,penalty_row_xy,poor,23,512,36.20498090956231
fresh4_dense_grid_line_904304,dense_grid_line,4,6,penalty_row_xy,poor,31,1,65.05169729536401
fresh4_dense_grid_line_904304,dense_grid_line,4,6,penalty_row_xy,poor,31,8,46.32369319713119
fresh4_dense_grid_line_904304,dense_grid_line,4,6,penalty_row_xy,poor,31,32,38.034841161899735
fresh4_dense_grid_line_904304,dense_grid_line,4,6,penalty_row_xy,poor,31,128,36.478214576588094
fresh4_dense_grid_line_904304,dense_grid_line,4,6,penalty_row_xy,poor,31,512,36.19960027703919
fresh4_dense_grid_line_904304,dense_grid_line,4,6,penalty_row_xy,random,11,1,51.11784495586013
fresh4_dense_grid_line_904304,dense_grid_line,4,6,penalty_row_xy,random,11,8,45.387785214290176
fresh4_dense_grid_line_904304,dense_grid_line,4,6,penalty_row_xy,random,11,32,38.708623989589796
fresh4_dense_grid_line_904304,dense_grid_line,4,6,penalty_row_xy,random,11,128,36.74805395596953
fresh4_dense_grid_line_904304,dense_grid_line,4,6,penalty_row_xy,random,11,512,36.366240430947954
fresh4_dense_grid_line_904304,dense_grid_line,4,6,penalty_row_xy,random,17,1,50.67078581786114
fresh4_dense_grid_line_904304,dense_grid_line,4,6,penalty_row_xy,random,17,8,43.64188482307984
fresh4_dense_grid_line_904304,dense_grid_line,4,6,penalty_row_xy,random,17,32,38.09183195367587
fresh4_dense_grid_line_904304,dense_grid_line,4,6,penalty_row_xy,random,17,128,36.79726455810588
fresh4_dense_grid_line_904304,dense_grid_line,4,6,penalty_row_xy,random,17,512,36.26766365429236
fresh4_dense_grid_line_904304,dense_grid_line,4,6,penalty_row_xy,random,23,1,51.215056656198406
fresh4_dense_grid_line_904304,dense_grid_line,4,6,penalty_row_xy,random,23,8,45.87724223837245
fresh4_dense_grid_line_904304,dense_grid_line,4,6,penalty_row_xy,random,23,32,39.33589098962048
fresh4_dense_grid_line_904304,dense_grid_line,4,6,penalty_row_xy,random,23,128,36.990499143516296
fresh4_dense_grid_line_904304,dense_grid_line,4,6,penalty_row_xy,random,23,512,36.36611761748237
fresh4_dense_grid_line_904304,dense_grid_line,4,6,penalty_row_xy,random,31,1,51.20916104848491
fresh4_dense_grid_line_904304,dense_grid_line,4,6,penalty_row_xy,random,31,8,45.820090128521784
fresh4_dense_grid_line_904304,dense_grid_line,4,6,penalty_row_xy,random,31,32,39.084032335895955
fresh4_dense_grid_line_904304,dense_grid_line,4,6,penalty_row_xy,random,31,128,36.76529184930818
fresh4_dense_grid_line_904304,dense_grid_line,4,6,penalty_row_xy,random,31,512,36.29639978380142
fresh4_dense_grid_line_904304,dense_grid_line,4,6,token,deterministic,11,1,37.47783859122501
fresh4_dense_grid_line_904304,dense_grid_line,4,6,token,deterministic,11,8,36.570741618312795
fresh4_dense_grid_line_904304,dense_grid_line,4,6,token,deterministic,11,32,36.21338022275048
fresh4_dense_grid_line_904304,dense_grid_line,4,6,token,deterministic,11,128,36.19000086964581
fresh4_dense_grid_line_904304,dense_grid_line,4,6,token,deterministic,11,512,36.19
fresh4_dense_grid_line_904304,dense_grid_line,4,6,token,deterministic,17,1,37.47800567310233
fresh4_dense_grid_line_904304,dense_grid_line,4,6,token,deterministic,17,8,36.5707775191746
fresh4_dense_grid_line_904304,dense_grid_line,4,6,token,deterministic,17,32,36.21335989314676
fresh4_dense_grid_line_904304,dense_grid_line,4,6,token,deterministic,17,128,36.19000086526748
fresh4_dense_grid_line_904304,dense_grid_line,4,6,token,deterministic,17,512,36.19
fresh4_dense_grid_line_904304,dense_grid_line,4,6,token,deterministic,23,1,37.477401239251876
fresh4_dense_grid_line_904304,dense_grid_line,4,6,token,deterministic,23,8,36.57051532259771
fresh4_dense_grid_line_904304,dense_grid_line,4,6,token,deterministic,23,32,36.21338558835713
fresh4_dense_grid_line_904304,dense_grid_line,4,6,token,deterministic,23,128,36.1900008695371
fresh4_dense_grid_line_904304,dense_grid_line,4,6,token,deterministic,23,512,36.19
fresh4_dense_grid_line_904304,dense_grid_line,4,6,token,deterministic,31,1,37.47705796155265
fresh4_dense_grid_line_904304,dense_grid_line,4,6,token,deterministic,31,8,36.57080604901233
fresh4_dense_grid_line_904304,dense_grid_line,4,6,token,deterministic,31,32,36.21357326001903
fresh4_dense_grid_line_904304,dense_grid_line,4,6,token,deterministic,31,128,36.19000090239153
fresh4_dense_grid_line_904304,dense_grid_line,4,6,token,deterministic,31,512,36.19
fresh4_dense_grid_line_904304,dense_grid_line,4,6,token,poor,11,1,42.5198775333382
fresh4_dense_grid_line_904304,dense_grid_line,4,6,token,poor,11,8,36.475288596081064
fresh4_dense_grid_line_904304,dense_grid_line,4,6,token,poor,11,32,36.20055600781801
fresh4_dense_grid_line_904304,dense_grid_line,4,6,token,poor,11,128,36.19000003019854
fresh4_dense_grid_line_904304,dense_grid_line,4,6,token,poor,11,512,36.19
fresh4_dense_grid_line_904304,dense_grid_line,4,6,token,poor,17,1,42.49688359579792
fresh4_dense_grid_line_904304,dense_grid_line,4,6,token,poor,17,8,36.47476173315837
fresh4_dense_grid_line_904304,dense_grid_line,4,6,token,poor,17,32,36.20055565739855
fresh4_dense_grid_line_904304,dense_grid_line,4,6,token,poor,17,128,36.19000003018896
fresh4_dense_grid_line_904304,dense_grid_line,4,6,token,poor,17,512,36.19
fresh4_dense_grid_line_904304,dense_grid_line,4,6,token,poor,23,1,42.50327295418783
fresh4_dense_grid_line_904304,dense_grid_line,4,6,token,poor,23,8,36.47478703901907
fresh4_dense_grid_line_904304,dense_grid_line,4,6,token,poor,23,32,36.20055591464868
fresh4_dense_grid_line_904304,dense_grid_line,4,6,token,poor,23,128,36.190000030196735
fresh4_dense_grid_line_904304,dense_grid_line,4,6,token,poor,23,512,36.19
fresh4_dense_grid_line_904304,dense_grid_line,4,6,token,poor,31,1,44.56451033998627
fresh4_dense_grid_line_904304,dense_grid_line,4,6,token,poor,31,8,36.50075566248787
fresh4_dense_grid_line_904304,dense_grid_line,4,6,token,poor,31,32,36.209784255986875
fresh4_dense_grid_line_904304,dense_grid_line,4,6,token,poor,31,128,36.190000438341535
fresh4_dense_grid_line_904304,dense_grid_line,4,6,token,poor,31,512,36.19
fresh4_dense_grid_line_904304,dense_grid_line,4,6,token,random,11,1,48.671021034637974
fresh4_dense_grid_line_904304,dense_grid_line,4,6,token,random,11,8,39.264021762547316
fresh4_dense_grid_line_904304,dense_grid_line,4,6,token,random,11,32,36.588447897378174
fresh4_dense_grid_line_904304,dense_grid_line,4,6,token,random,11,128,36.24309272678846
fresh4_dense_grid_line_904304,dense_grid_line,4,6,token,random,11,512,36.19002527027166
fresh4_dense_grid_line_904304,dense_grid_line,4,6,token,random,17,1,48.669583159304494
fresh4_dense_grid_line_904304,dense_grid_line,4,6,token,random,17,8,39.26458956428083
fresh4_dense_grid_line_904304,dense_grid_line,4,6,token,random,17,32,36.59235899385212
fresh4_dense_grid_line_904304,dense_grid_line,4,6,token,random,17,128,36.24553143639828
fresh4_dense_grid_line_904304,dense_grid_line,4,6,token,random,17,512,36.19003024305569
fresh4_dense_grid_line_904304,dense_grid_line,4,6,token,random,23,1,45.317026843275926
fresh4_dense_grid_line_904304,dense_grid_line,4,6,token,random,23,8,36.732069827819274
fresh4_dense_grid_line_904304,dense_grid_line,4,6,token,random,23,32,36.19401626435203
fresh4_dense_grid_line_904304,dense_grid_line,4,6,token,random,23,128,36.19000000078054
fresh4_dense_grid_line_904304,dense_grid_line,4,6,token,random,23,512,36.19
fresh4_dense_grid_line_904304,dense_grid_line,4,6,token,random,31,1,48.671103373479475
fresh4_dense_grid_line_904304,dense_grid_line,4,6,token,random,31,8,39.26446406742949
fresh4_dense_grid_line_904304,dense_grid_line,4,6,token,random,31,32,36.5897807549687
fresh4_dense_grid_line_904304,dense_grid_line,4,6,token,random,31,128,36.24392909645208
fresh4_dense_grid_line_904304,dense_grid_line,4,6,token,random,31,512,36.19002690063128
fresh4_dense_grid_line_904304,dense_grid_line,4,6,uniform_feasible,deterministic,,1,37.728333333333225
fresh4_dense_grid_line_904304,dense_grid_line,4,6,uniform_feasible,deterministic,,8,37.37364712861293
fresh4_dense_grid_line_904304,dense_grid_line,4,6,uniform_feasible,deterministic,,32,36.750646277389954
fresh4_dense_grid_line_904304,dense_grid_line,4,6,uniform_feasible,deterministic,,128,36.27088938796041
fresh4_dense_grid_line_904304,dense_grid_line,4,6,uniform_feasible,deterministic,,512,36.19012453910859
fresh4_dense_grid_line_904304,dense_grid_line,4,6,uniform_feasible,poor,,1,53.52666666666657
fresh4_dense_grid_line_904304,dense_grid_line,4,6,uniform_feasible,poor,,8,39.54827992572123
fresh4_dense_grid_line_904304,dense_grid_line,4,6,uniform_feasible,poor,,32,36.79741897700765
fresh4_dense_grid_line_904304,dense_grid_line,4,6,uniform_feasible,poor,,128,36.27089064793259
fresh4_dense_grid_line_904304,dense_grid_line,4,6,uniform_feasible,poor,,512,36.19012453910859
fresh4_dense_grid_line_904304,dense_grid_line,4,6,uniform_feasible,random,,1,48.745666666666594
fresh4_dense_grid_line_904304,dense_grid_line,4,6,uniform_feasible,random,,8,39.53892828316476
fresh4_dense_grid_line_904304,dense_grid_line,4,6,uniform_feasible,random,,32,36.79741897664265
fresh4_dense_grid_line_904304,dense_grid_line,4,6,uniform_feasible,random,,128,36.27089064793259
fresh4_dense_grid_line_904304,dense_grid_line,4,6,uniform_feasible,random,,512,36.19012453910859
fresh4_dense_grid_line_904305,dense_grid_line,4,6,greedy,deterministic,,1,22.130000000000003
fresh4_dense_grid_line_904305,dense_grid_line,4,6,greedy,deterministic,,8,17.57
fresh4_dense_grid_line_904305,dense_grid_line,4,6,greedy,deterministic,,32,17.57
fresh4_dense_grid_line_904305,dense_grid_line,4,6,greedy,deterministic,,128,17.57
fresh4_dense_grid_line_904305,dense_grid_line,4,6,greedy,deterministic,,512,17.57
fresh4_dense_grid_line_904305,dense_grid_line,4,6,greedy,poor,,1,50.370000000000005
fresh4_dense_grid_line_904305,dense_grid_line,4,6,greedy,poor,,8,28.14
fresh4_dense_grid_line_904305,dense_grid_line,4,6,greedy,poor,,32,18.65
fresh4_dense_grid_line_904305,dense_grid_line,4,6,greedy,poor,,128,17.57
fresh4_dense_grid_line_904305,dense_grid_line,4,6,greedy,poor,,512,17.57
fresh4_dense_grid_line_904305,dense_grid_line,4,6,greedy,random,,1,27.769999999999996
fresh4_dense_grid_line_904305,dense_grid_line,4,6,greedy,random,,8,19.61
fresh4_dense_grid_line_904305,dense_grid_line,4,6,greedy,random,,32,18.65
fresh4_dense_grid_line_904305,dense_grid_line,4,6,greedy,random,,128,17.57
fresh4_dense_grid_line_904305,dense_grid_line,4,6,greedy,random,,512,17.57
fresh4_dense_grid_line_904305,dense_grid_line,4,6,penalty_row_xy,deterministic,11,1,21.911628994205984
fresh4_dense_grid_line_904305,dense_grid_line,4,6,penalty_row_xy,deterministic,11,8,20.6778861623119
fresh4_dense_grid_line_904305,dense_grid_line,4,6,penalty_row_xy,deterministic,11,32,18.66490236195859
fresh4_dense_grid_line_904305,dense_grid_line,4,6,penalty_row_xy,deterministic,11,128,17.609889022691085
fresh4_dense_grid_line_904305,dense_grid_line,4,6,penalty_row_xy,deterministic,11,512,17.570000851019895
fresh4_dense_grid_line_904305,dense_grid_line,4,6,penalty_row_xy,deterministic,17,1,21.606304222180537
fresh4_dense_grid_line_904305,dense_grid_line,4,6,penalty_row_xy,deterministic,17,8,19.292320891017326
fresh4_dense_grid_line_904305,dense_grid_line,4,6,penalty_row_xy,deterministic,17,32,17.665673889829037
fresh4_dense_grid_line_904305,dense_grid_line,4,6,penalty_row_xy,deterministic,17,128,17.57000129622015
fresh4_dense_grid_line_904305,dense_grid_line,4,6,penalty_row_xy,deterministic,17,512,17.57
fresh4_dense_grid_line_904305,dense_grid_line,4,6,penalty_row_xy,deterministic,23,1,21.744963716941694
fresh4_dense_grid_line_904305,dense_grid_line,4,6,penalty_row_xy,deterministic,23,8,20.137059061539958
fresh4_dense_grid_line_904305,dense_grid_line,4,6,penalty_row_xy,deterministic,23,32,18.945802536615417
fresh4_dense_grid_line_904305,dense_grid_line,4,6,penalty_row_xy,deterministic,23,128,18.343481848406537
fresh4_dense_grid_line_904305,dense_grid_line,4,6,penalty_row_xy,deterministic,23,512,17.825314949244117
fresh4_dense_grid_line_904305,dense_grid_line,4,6,penalty_row_xy,deterministic,31,1,21.578014904277214
fresh4_dense_grid_line_904305,dense_grid_line,4,6,penalty_row_xy,deterministic,31,8,19.19776769447777
fresh4_dense_grid_line_904305,dense_grid_line,4,6,penalty_row_xy,deterministic,31,32,17.64616420140543
fresh4_dense_grid_line_904305,dense_grid_line,4,6,penalty_row_xy,deterministic,31,128,17.570000515262965
fresh4_dense_grid_line_904305,dense_grid_line,4,6,penalty_row_xy,deterministic,31,512,17.57
fresh4_dense_grid_line_904305,dense_grid_line,4,6,penalty_row_xy,poor,11,1,44.347236202091224
fresh4_dense_grid_line_904305,dense_grid_line,4,6,penalty_row_xy,poor,11,8,26.700059497302178
fresh4_dense_grid_line_904305,dense_grid_line,4,6,penalty_row_xy,poor,11,32,19.78345819201973
fresh4_dense_grid_line_904305,dense_grid_line,4,6,penalty_row_xy,poor,11,128,17.86546415510555
fresh4_dense_grid_line_904305,dense_grid_line,4,6,penalty_row_xy,poor,11,512,17.57145388844822
fresh4_dense_grid_line_904305,dense_grid_line,4,6,penalty_row_xy,poor,17,1,44.51203891164472
fresh4_dense_grid_line_904305,dense_grid_line,4,6,penalty_row_xy,poor,17,8,26.981557609727062
fresh4_dense_grid_line_904305,dense_grid_line,4,6,penalty_row_xy,poor,17,32,19.828988454459797
fresh4_dense_grid_line_904305,dense_grid_line,4,6,penalty_row_xy,poor,17,128,17.890038006733064
fresh4_dense_grid_line_904305,dense_grid_line,4,6,penalty_row_xy,poor,17,512,17.575104096717165
fresh4_dense_grid_line_904305,dense_grid_line,4,6,penalty_row_xy,poor,23,1,44.343750384874845
fresh4_dense_grid_line_904305,dense_grid_line,4,6,penalty_row_xy,poor,23,8,26.697386661902563
fresh4_dense_grid_line_904305,dense_grid_line,4,6,penalty_row_xy,poor,23,32,19.78404593807226
fresh4_dense_grid_line_904305,dense_grid_line,4,6,penalty_row_xy,poor,23,128,17.863955898515417
fresh4_dense_grid_line_904305,dense_grid_line,4,6,penalty_row_xy,poor,23,512,17.57141055262966
fresh4_dense_grid_line_904305,dense_grid_line,4,6,penalty_row_xy,poor,31,1,45.002753431963306
fresh4_dense_grid_line_904305,dense_grid_line,4,6,penalty_row_xy,poor,31,8,27.570960628296717
fresh4_dense_grid_line_904305,dense_grid_line,4,6,penalty_row_xy,poor,31,32,20.213215685057484
fresh4_dense_grid_line_904305,dense_grid_line,4,6,penalty_row_xy,poor,31,128,18.243929828393306
fresh4_dense_grid_line_904305,dense_grid_line,4,6,penalty_row_xy,poor,31,512,17.61715013552775
fresh4_dense_grid_line_904305,dense_grid_line,4,6,penalty_row_xy,random,11,1,26.801246856252895
fresh4_dense_grid_line_904305,dense_grid_line,4,6,penalty_row_xy,random,11,8,22.626597488567036
fresh4_dense_grid_line_904305,dense_grid_line,4,6,penalty_row_xy,random,11,32,19.279769757622052
fresh4_dense_grid_line_904305,dense_grid_line,4,6,penalty_row_xy,random,11,128,18.264894735428307
fresh4_dense_grid_line_904305,dense_grid_line,4,6,penalty_row_xy,random,11,512,17.718984674642822
fresh4_dense_grid_line_904305,dense_grid_line,4,6,penalty_row_xy,random,17,1,27.08655889575949
fresh4_dense_grid_line_904305,dense_grid_line,4,6,penalty_row_xy,random,17,8,23.69482726206884
fresh4_dense_grid_line_904305,dense_grid_line,4,6,penalty_row_xy,random,17,32,19.658045284957495
fresh4_dense_grid_line_904305,dense_grid_line,4,6,penalty_row_xy,random,17,128,17.785794233697384
fresh4_dense_grid_line_904305,dense_grid_line,4,6,penalty_row_xy,random,17,512,17.570653357927316
fresh4_dense_grid_line_904305,dense_grid_line,4,6,penalty_row_xy,random,23,1,26.57580232154186
fresh4_dense_grid_line_904305,dense_grid_line,4,6,penalty_row_xy,random,23,8,21.818001228153882
fresh4_dense_grid_line_904305,dense_grid_line,4,6,penalty_row_xy,random,23,32,18.807020266157682
fresh4_dense_grid_line_904305,dense_grid_line,4,6,penalty_row_xy,random,23,128,18.225165571896127
fresh4_dense_grid_line_904305,dense_grid_line,4,6,penalty_row_xy,random,23,512,17.715966302447093
fresh4_dense_grid_line_904305,dense_grid_line,4,6,penalty_row_xy,random,31,1,27.239784047318892
fresh4_dense_grid_line_904305,dense_grid_line,4,6,penalty_row_xy,random,31,8,24.43951256418061
fresh4_dense_grid_line_904305,dense_grid_line,4,6,penalty_row_xy,random,31,32,20.50934211285746
fresh4_dense_grid_line_904305,dense_grid_line,4,6,penalty_row_xy,random,31,128,18.132793910241013
fresh4_dense_grid_line_904305,dense_grid_line,4,6,penalty_row_xy,random,31,512,17.58607899306216
fresh4_dense_grid_line_904305,dense_grid_line,4,6,token,deterministic,11,1,21.166068037045655
fresh4_dense_grid_line_904305,dense_grid_line,4,6,token,deterministic,11,8,18.76352508448248
fresh4_dense_grid_line_904305,dense_grid_line,4,6,token,deterministic,11,32,17.91079476830607
fresh4_dense_grid_line_904305,dense_grid_line,4,6,token,deterministic,11,128,17.580229911607972
fresh4_dense_grid_line_904305,dense_grid_line,4,6,token,deterministic,11,512,17.57000000869393
fresh4_dense_grid_line_904305,dense_grid_line,4,6,token,deterministic,17,1,21.09282169152675
fresh4_dense_grid_line_904305,dense_grid_line,4,6,token,deterministic,17,8,18.826029131604184
fresh4_dense_grid_line_904305,dense_grid_line,4,6,token,deterministic,17,32,18.13606416549278
fresh4_dense_grid_line_904305,dense_grid_line,4,6,token,deterministic,17,128,17.64931752550317
fresh4_dense_grid_line_904305,dense_grid_line,4,6,token,deterministic,17,512,17.570031419940324
fresh4_dense_grid_line_904305,dense_grid_line,4,6,token,deterministic,23,1,21.089606799034406
fresh4_dense_grid_line_904305,dense_grid_line,4,6,token,deterministic,23,8,18.819556119956793
fresh4_dense_grid_line_904305,dense_grid_line,4,6,token,deterministic,23,32,18.123987049759343
fresh4_dense_grid_line_904305,dense_grid_line,4,6,token,deterministic,23,128,17.642752079909393
fresh4_dense_grid_line_904305,dense_grid_line,4,6,token,deterministic,23,512,17.570022238750564
fresh4_dense_grid_line_904305,dense_grid_line,4,6,token,deterministic,31,1,21.165416919865546
fresh4_dense_grid_line_904305,dense_grid_line,4,6,token,deterministic,31,8,18.768042297331014
fresh4_dense_grid_line_904305,dense_grid_line,4,6,token,deterministic,31,32,17.92028264675948
fresh4_dense_grid_line_904305,dense_grid_line,4,6,token,deterministic,31,128,17.58143623196447
fresh4_dense_grid_line_904305,dense_grid_line,4,6,token,deterministic,31,512,17.57000001357877
fresh4_dense_grid_line_904305,dense_grid_line,4,6,token,poor,11,1,29.05127718289698
fresh4_dense_grid_line_904305,dense_grid_line,4,6,token,poor,11,8,18.86293745747934
fresh4_dense_grid_line_904305,dense_grid_line,4,6,token,poor,11,32,17.666530565076535
fresh4_dense_grid_line_904305,dense_grid_line,4,6,token,poor,11,128,17.57006118305164
fresh4_dense_grid_line_904305,dense_grid_line,4,6,token,poor,11,512,17.57
fresh4_dense_grid_line_904305,dense_grid_line,4,6,token,poor,17,1,29.58554172006083
fresh4_dense_grid_line_904305,dense_grid_line,4,6,token,poor,17,8,18.985020426429685
fresh4_dense_grid_line_904305,dense_grid_line,4,6,token,poor,17,32,17.70314746908688
fresh4_dense_grid_line_904305,dense_grid_line,4,6,token,poor,17,128,17.570188366211095
fresh4_dense_grid_line_904305,dense_grid_line,4,6,token,poor,17,512,17.570000000000004
fresh4_dense_grid_line_904305,dense_grid_line,4,6,token,poor,23,1,29.03320153257217
fresh4_dense_grid_line_904305,dense_grid_line,4,6,token,poor,23,8,18.857370193538472
fresh4_dense_grid_line_904305,dense_grid_line,4,6,token,poor,23,32,17.666343010006337
fresh4_dense_grid_line_904305,dense_grid_line,4,6,token,poor,23,128,17.570061350226457
fresh4_dense_grid_line_904305,dense_grid_line,4,6,token,poor,23,512,17.57
fresh4_dense_grid_line_904305,dense_grid_line,4,6,token,poor,31,1,29.066596191721707
fresh4_dense_grid_line_904305,dense_grid_line,4,6,token,poor,31,8,18.864876836875645
fresh4_dense_grid_line_904305,dense_grid_line,4,6,token,poor,31,32,17.66721644499905
fresh4_dense_grid_line_904305,dense_grid_line,4,6,token,poor,31,128,17.570063252085077
fresh4_dense_grid_line_904305,dense_grid_line,4,6,token,poor,31,512,17.57
fresh4_dense_grid_line_904305,dense_grid_line,4,6,token,random,11,1,22.455819160108796
fresh4_dense_grid_line_904305,dense_grid_line,4,6,token,random,11,8,18.86763925683451
fresh4_dense_grid_line_904305,dense_grid_line,4,6,token,random,11,32,18.563051886262265
fresh4_dense_grid_line_904305,dense_grid_line,4,6,token,random,11,128,18.34106821746982
fresh4_dense_grid_line_904305,dense_grid_line,4,6,token,random,11,512,17.850607931946872
fresh4_dense_grid_line_904305,dense_grid_line,4,6,token,random,17,1,22.450012130607714
fresh4_dense_grid_line_904305,dense_grid_line,4,6,token,random,17,8,18.867695939887277
fresh4_dense_grid_line_904305,dense_grid_line,4,6,token,random,17,32,18.563644183570798
fresh4_dense_grid_line_904305,dense_grid_line,4,6,token,random,17,128,18.34291053005243
fresh4_dense_grid_line_904305,dense_grid_line,4,6,token,random,17,512,17.853299383883776
fresh4_dense_grid_line_904305,dense_grid_line,4,6,token,random,23,1,22.45706235181877
fresh4_dense_grid_line_904305,dense_grid_line,4,6,token,random,23,8,18.86741772733662
fresh4_dense_grid_line_904305,dense_grid_line,4,6,token,random,23,32,18.562661519660725
fresh4_dense_grid_line_904305,dense_grid_line,4,6,token,random,23,128,18.3398562473791
fresh4_dense_grid_line_904305,dense_grid_line,4,6,token,random,23,512,17.848847841604076
fresh4_dense_grid_line_904305,dense_grid_line,4,6,token,random,31,1,22.453106177918322
fresh4_dense_grid_line_904305,dense_grid_line,4,6,token,random,31,8,18.86790264521094
fresh4_dense_grid_line_904305,dense_grid_line,4,6,token,random,31,32,18.563734004051078
fresh4_dense_grid_line_904305,dense_grid_line,4,6,token,random,31,128,18.343189552397178
fresh4_dense_grid_line_904305,dense_grid_line,4,6,token,random,31,512,17.85370869217865
fresh4_dense_grid_line_904305,dense_grid_line,4,6,uniform_feasible,deterministic,,1,21.869499999999938
fresh4_dense_grid_line_904305,dense_grid_line,4,6,uniform_feasible,deterministic,,8,20.519012847471352
fresh4_dense_grid_line_904305,dense_grid_line,4,6,uniform_feasible,deterministic,,32,18.72579723742604
fresh4_dense_grid_line_904305,dense_grid_line,4,6,uniform_feasible,deterministic,,128,17.708850716090442
fresh4_dense_grid_line_904305,dense_grid_line,4,6,uniform_feasible,deterministic,,512,17.570197821981694
fresh4_dense_grid_line_904305,dense_grid_line,4,6,uniform_feasible,poor,,1,30.963333333333267
fresh4_dense_grid_line_904305,dense_grid_line,4,6,uniform_feasible,poor,,8,21.46205062058843
fresh4_dense_grid_line_904305,dense_grid_line,4,6,uniform_feasible,poor,,32,18.74330996246039
fresh4_dense_grid_line_904305,dense_grid_line,4,6,uniform_feasible,poor,,128,17.708850735746747
fresh4_dense_grid_line_904305,dense_grid_line,4,6,uniform_feasible,poor,,512,17.570197821981694
fresh4_dense_grid_line_904305,dense_grid_line,4,6,uniform_feasible,random,,1,26.222888888888832
fresh4_dense_grid_line_904305,dense_grid_line,4,6,uniform_feasible,random,,8,21.428718755192804
fresh4_dense_grid_line_904305,dense_grid_line,4,6,uniform_feasible,random,,32,18.743309899133546
fresh4_dense_grid_line_904305,dense_grid_line,4,6,uniform_feasible,random,,128,17.708850735746747
fresh4_dense_grid_line_904305,dense_grid_line,4,6,uniform_feasible,random,,512,17.570197821981694
fresh4_dense_grid_lshape_904500,dense_grid_lshape,4,6,greedy,deterministic,,1,32.39
fresh4_dense_grid_lshape_904500,dense_grid_lshape,4,6,greedy,deterministic,,8,29.909999999999997
fresh4_dense_grid_lshape_904500,dense_grid_lshape,4,6,greedy,deterministic,,32,29.909999999999997
fresh4_dense_grid_lshape_904500,dense_grid_lshape,4,6,greedy,deterministic,,128,29.909999999999997
fresh4_dense_grid_lshape_904500,dense_grid_lshape,4,6,greedy,deterministic,,512,29.909999999999997
fresh4_dense_grid_lshape_904500,dense_grid_lshape,4,6,greedy,poor,,1,65.43
fresh4_dense_grid_lshape_904500,dense_grid_lshape,4,6,greedy,poor,,8,42.38
fresh4_dense_grid_lshape_904500,dense_grid_lshape,4,6,greedy,poor,,32,30.990000000000002
fresh4_dense_grid_lshape_904500,dense_grid_lshape,4,6,greedy,poor,,128,29.909999999999997
fresh4_dense_grid_lshape_904500,dense_grid_lshape,4,6,greedy,poor,,512,29.909999999999997
fresh4_dense_grid_lshape_904500,dense_grid_lshape,4,6,greedy,random,,1,47.370000000000005
fresh4_dense_grid_lshape_904500,dense_grid_lshape,4,6,greedy,random,,8,30.990000000000002
fresh4_dense_grid_lshape_904500,dense_grid_lshape,4,6,greedy,random,,32,29.909999999999997
fresh4_dense_grid_lshape_904500,dense_grid_lshape,4,6,greedy,random,,128,29.909999999999997
fresh4_dense_grid_lshape_904500,dense_grid_lshape,4,6,greedy,random,,512,29.909999999999997
fresh4_dense_grid_lshape_904500,dense_grid_lshape,4,6,penalty_row_xy,deterministic,11,1,32.34621418446707
fresh4_dense_grid_lshape_904500,dense_grid_lshape,4,6,penalty_row_xy,deterministic,11,8,32.061782052035646
fresh4_dense_grid_lshape_904500,dense_grid_lshape,4,6,penalty_row_xy,deterministic,11,32,31.326052442262043
fresh4_dense_grid_lshape_904500,dense_grid_lshape,4,6,penalty_row_xy,deterministic,11,128,30.205821505815024
fresh4_dense_grid_lshape_904500,dense_grid_lshape,4,6,penalty_row_xy,deterministic,11,512,29.911608345981577
fresh4_dense_grid_lshape_904500,dense_grid_lshape,4,6,penalty_row_xy,deterministic,17,1,32.3313245570453
fresh4_dense_grid_lshape_904500,dense_grid_lshape,4,6,penalty_row_xy,deterministic,17,8,31.972330224883397
fresh4_dense_grid_lshape_904500,dense_grid_lshape,4,6,penalty_row_xy,deterministic,17,32,31.21369321059674
fresh4_dense_grid_lshape_904500,dense_grid_lshape,4,6,penalty_row_xy,deterministic,17,128,30.400939784916037
fresh4_dense_grid_lshape_904500,dense_grid_lshape,4,6,penalty_row_xy,deterministic,17,512,29.956513620047577
fresh4_dense_grid_lshape_904500,dense_grid_lshape,4,6,penalty_row_xy,deterministic,23,1,32.33646430711588
fresh4_dense_grid_lshape_904500,dense_grid_lshape,4,6,penalty_row_xy,deterministic,23,8,31.994964491772436
fresh4_dense_grid_lshape_904500,dense_grid_lshape,4,6,penalty_row_xy,deterministic,23,32,31.168020294964947
fresh4_dense_grid_lshape_904500,dense_grid_lshape,4,6,penalty_row_xy,deterministic,23,128,30.123003695018795
fresh4_dense_grid_lshape_904500,dense_grid_lshape,4,6,penalty_row_xy,deterministic,23,512,29.91235622966946
fresh4_dense_grid_lshape_904500,dense_grid_lshape,4,6,penalty_row_xy,deterministic,31,1,32.33642802909683
fresh4_dense_grid_lshape_904500,dense_grid_lshape,4,6,penalty_row_xy,deterministic,31,8,31.994719055115844
fresh4_dense_grid_lshape_904500,dense_grid_lshape,4,6,penalty_row_xy,deterministic,31,32,31.167457095287432
fresh4_dense_grid_lshape_904500,dense_grid_lshape,4,6,penalty_row_xy,deterministic,31,128,30.12264758760949
fresh4_dense_grid_lshape_904500,dense_grid_lshape,4,6,penalty_row_xy,deterministic,31,512,29.91232984221234
fresh4_dense_grid_lshape_904500,dense_grid_lshape,4,6,penalty_row_xy,poor,11,1,57.32730232590903
fresh4_dense_grid_lshape_904500,dense_grid_lshape,4,6,penalty_row_xy,poor,11,8,37.296406336518345
fresh4_dense_grid_lshape_904500,dense_grid_lshape,4,6,penalty_row_xy,poor,11,32,31.64486856473581
fresh4_dense_grid_lshape_904500,dense_grid_lshape,4,6,penalty_row_xy,poor,11,128,30.495684335393577
fresh4_dense_grid_lshape_904500,dense_grid_lshape,4,6,penalty_row_xy,poor,11,512,30.02934489077504
fresh4_dense_grid_lshape_904500,dense_grid_lshape,4,6,penalty_row_xy,poor,17,1,57.334457034215504
fresh4_dense_grid_lshape_904500,dense_grid_lshape,4,6,penalty_row_xy,poor,17,8,37.29602454924961
fresh4_dense_grid_lshape_904500,dense_grid_lshape,4,6,penalty_row_xy,poor,17,32,31.635717104902774
fresh4_dense_grid_lshape_904500,dense_grid_lshape,4,6,penalty_row_xy,poor,17,128,30.488990735376323
fresh4_dense_grid_lshape_904500,dense_grid_lshape,4,6,penalty_row_xy,poor,17,512,30.024456043013675
fresh4_dense_grid_lshape_904500,dense_grid_lshape,4,6,penalty_row_xy,poor,23,1,57.10197310164722
fresh4_dense_grid_lshape_904500,dense_grid_lshape,4,6,penalty_row_xy,poor,23,8,36.72686559665817
fresh4_dense_grid_lshape_904500,dense_grid_lshape,4,6,penalty_row_xy,poor,23,32,31.009067371228127
fresh4_dense_grid_lshape_904500,dense_grid_lshape,4,6,penalty_row_xy,poor,23,128,30.13087115495325
fresh4_dense_grid_lshape_904500,dense_grid_lshape,4,6,penalty_row_xy,poor,23,512,29.911885961922987
fresh4_dense_grid_lshape_904500,dense_grid_lshape,4,6,penalty_row_xy,poor,31,1,58.71914926086433
fresh4_dense_grid_lshape_904500,dense_grid_lshape,4,6,penalty_row_xy,poor,31,8,38.817863901903436
fresh4_dense_grid_lshape_904500,dense_grid_lshape,4,6,penalty_row_xy,poor,31,32,31.492127743790178
fresh4_dense_grid_lshape_904500,dense_grid_lshape,4,6,penalty_row_xy,poor,31,128,30.45492337851321
fresh4_dense_grid_lshape_904500,dense_grid_lshape,4,6,penalty_row_xy,poor,31,512,29.978201812019535
fresh4_dense_grid_lshape_904500,dense_grid_lshape,4,6,penalty_row_xy,random,11,1,44.83625008140806
fresh4_dense_grid_lshape_904500,dense_grid_lshape,4,6,penalty_row_xy,random,11,8,35.49146933798209
fresh4_dense_grid_lshape_904500,dense_grid_lshape,4,6,penalty_row_xy,random,11,32,30.463624543934607
fresh4_dense_grid_lshape_904500,dense_grid_lshape,4,6,penalty_row_xy,random,11,128,30.014392593811305
fresh4_dense_grid_lshape_904500,dense_grid_lshape,4,6,penalty_row_xy,random,11,512,29.92720791386401
fresh4_dense_grid_lshape_904500,dense_grid_lshape,4,6,penalty_row_xy,random,17,1,45.83321981886881
fresh4_dense_grid_lshape_904500,dense_grid_lshape,4,6,penalty_row_xy,random,17,8,38.82459971446068
fresh4_dense_grid_lshape_904500,dense_grid_lshape,4,6,penalty_row_xy,random,17,32,32.37871141792046
fresh4_dense_grid_lshape_904500,dense_grid_lshape,4,6,penalty_row_xy,random,17,128,30.3061817229144
fresh4_dense_grid_lshape_904500,dense_grid_lshape,4,6,penalty_row_xy,random,17,512,29.92119911432542
fresh4_dense_grid_lshape_904500,dense_grid_lshape,4,6,penalty_row_xy,random,23,1,45.17257686034495
fresh4_dense_grid_lshape_904500,dense_grid_lshape,4,6,penalty_row_xy,random,23,8,36.47324006270419
fresh4_dense_grid_lshape_904500,dense_grid_lshape,4,6,penalty_row_xy,random,23,32,30.714969448828274
fresh4_dense_grid_lshape_904500,dense_grid_lshape,4,6,penalty_row_xy,random,23,128,29.914765365416404
fresh4_dense_grid_lshape_904500,dense_grid_lshape,4,6,penalty_row_xy,random,23,512,29.910000000173028
fresh4_dense_grid_lshape_904500,dense_grid_lshape,4,6,penalty_row_xy,random,31,1,45.96495244596692
fresh4_dense_grid_lshape_904500,dense_grid_lshape,4,6,penalty_row_xy,random,31,8,39.36436295210808
fresh4_dense_grid_lshape_904500,dense_grid_lshape,4,6,penalty_row_xy,random,31,32,32.61917638047462
fresh4_dense_grid_lshape_904500,dense_grid_lshape,4,6,penalty_row_xy,random,31,128,30.303012096624503
fresh4_dense_grid_lshape_904500,dense_grid_lshape,4,6,penalty_row_xy,random,31,512,29.92022631724027
fresh4_dense_grid_lshape_904500,dense_grid_lshape,4,6,token,deterministic,11,1,31.784770127597024
fresh4_dense_grid_lshape_904500,dense_grid_lshape,4,6,token,deterministic,11,8,30.202087493198
fresh4_dense_grid_lshape_904500,dense_grid_lshape,4,6,token,deterministic,11,32,29.911109074485147
fresh4_dense_grid_lshape_904500,dense_grid_lshape,4,6,token,deterministic,11,128,29.910000000022674
fresh4_dense_grid_lshape_904500,dense_grid_lshape,4,6,token,deterministic,11,512,29.909999999999997
fresh4_dense_grid_lshape_904500,dense_grid_lshape,4,6,token,deterministic,17,1,31.714818641134343
fresh4_dense_grid_lshape_904500,dense_grid_lshape,4,6,token,deterministic,17,8,30.11096035309596
fresh4_dense_grid_lshape_904500,dense_grid_lshape,4,6,token,deterministic,17,32,29.91015228750715
fresh4_dense_grid_lshape_904500,dense_grid_lshape,4,6,token,deterministic,17,128,29.909999999999997
fresh4_dense_grid_lshape_904500,dense_grid_lshape,4,6,token,deterministic,17,512,29.909999999999997
fresh4_dense_grid_lshape_904500,dense_grid_lshape,4,6,token,deterministic,23,1,31.714166741705775
fresh4_dense_grid_lshape_904500,dense_grid_lshape,4,6,token,deterministic,23,8,30.110405135731366
fresh4_dense_grid_lshape_904500,dense_grid_lshape,4,6,token,deterministic,23,32,29.91015115950155
fresh4_dense_grid_lshape_904500,dense_grid_lshape,4,6,token,deterministic,23,128,29.909999999999997
fresh4_dense_grid_lshape_904500,dense_grid_lshape,4,6,token,deterministic,23,512,29.909999999999997
fresh4_dense_grid_lshape_904500,dense_grid_lshape,4,6,token,deterministic,31,1,31.71516051219757
fresh4_dense_grid_lshape_904500,dense_grid_lshape,4,6,token,deterministic,31,8,30.111208847910437
fresh4_dense_grid_lshape_904500,dense_grid_lshape,4,6,token,deterministic,31,32,29.9101527428611
fresh4_dense_grid_lshape_904500,dense_grid_lshape,4,6,token,deterministic,31,128,29.909999999999997
fresh4_dense_grid_lshape_904500,dense_grid_lshape,4,6,token,deterministic,31,512,29.909999999999997
fresh4_dense_grid_lshape_904500,dense_grid_lshape,4,6,token,poor,11,1,36.58174041473619
fresh4_dense_grid_lshape_904500,dense_grid_lshape,4,6,token,poor,11,8,30.32474863845333
fresh4_dense_grid_lshape_904500,dense_grid_lshape,4,6,token,poor,11,32,29.92947492383222
fresh4_dense_grid_lshape_904500,dense_grid_lshape,4,6,token,poor,11,128,29.910013036429014
fresh4_dense_grid_lshape_904500,dense_grid_lshape,4,6,token,poor,11,512,29.909999999999997
fresh4_dense_grid_lshape_904500,dense_grid_lshape,4,6,token,poor,17,1,48.09862860944369
fresh4_dense_grid_lshape_904500,dense_grid_lshape,4,6,token,poor,17,8,35.02288774156922
fresh4_dense_grid_lshape_904500,dense_grid_lshape,4,6,token,poor,17,32,30.59466492456074
fresh4_dense_grid_lshape_904500,dense_grid_lshape,4,6,token,poor,17,128,29.94822149979271
fresh4_dense_grid_lshape_904500,dense_grid_lshape,4,6,token,poor,17,512,29.910139012516172
fresh4_dense_grid_lshape_904500,dense_grid_lshape,4,6,token,poor,23,1,48.06818256435907
fresh4_dense_grid_lshape_904500,dense_grid_lshape,4,6,token,poor,23,8,35.023062042574786
fresh4_dense_grid_lshape_904500,dense_grid_lshape,4,6,token,poor,23,32,30.596751374610054
fresh4_dense_grid_lshape_904500,dense_grid_lshape,4,6,token,poor,23,128,29.948368184964774
fresh4_dense_grid_lshape_904500,dense_grid_lshape,4,6,token,poor,23,512,29.910140262661887
fresh4_dense_grid_lshape_904500,dense_grid_lshape,4,6,token,poor,31,1,41.24510995622501
fresh4_dense_grid_lshape_904500,dense_grid_lshape,4,6,token,poor,31,8,31.2829873530017
fresh4_dense_grid_lshape_904500,dense_grid_lshape,4,6,token,poor,31,32,30.29018648720607
fresh4_dense_grid_lshape_904500,dense_grid_lshape,4,6,token,poor,31,128,29.942588173619047
fresh4_dense_grid_lshape_904500,dense_grid_lshape,4,6,token,poor,31,512,29.91006808086997
fresh4_dense_grid_lshape_904500,dense_grid_lshape,4,6,token,random,11,1,34.46222057211939
fresh4_dense_grid_lshape_904500,dense_grid_lshape,4,6,token,random,11,8,30.08528174924861
fresh4_dense_grid_lshape_904500,dense_grid_lshape,4,6,token,random,11,32,29.9100794355789
fresh4_dense_grid_lshape_904500,dense_grid_lshape,4,6,token,random,11,128,29.909999999999997
fresh4_dense_grid_lshape_904500,dense_grid_lshape,4,6,token,random,11,512,29.909999999999997
fresh4_dense_grid_lshape_904500,dense_grid_lshape,4,6,token,random,17,1,34.35058081197135
fresh4_dense_grid_lshape_904500,dense_grid_lshape,4,6,token,random,17,8,30.04883809473105
fresh4_dense_grid_lshape_904500,dense_grid_lshape,4,6,token,random,17,32,29.910050246373267
fresh4_dense_grid_lshape_904500,dense_grid_lshape,4,6,token,random,17,128,29.909999999999997
fresh4_dense_grid_lshape_904500,dense_grid_lshape,4,6,token,random,17,512,29.909999999999997
fresh4_dense_grid_lshape_904500,dense_grid_lshape,4,6,token,random,23,1,34.44959389314307
fresh4_dense_grid_lshape_904500,dense_grid_lshape,4,6,token,random,23,8,30.085374750760607
fresh4_dense_grid_lshape_904500,dense_grid_lshape,4,6,token,random,23,32,29.910079579125785
fresh4_dense_grid_lshape_904500,dense_grid_lshape,4,6,token,random,23,128,29.909999999999997
fresh4_dense_grid_lshape_904500,dense_grid_lshape,4,6,token,random,23,512,29.909999999999997
fresh4_dense_grid_lshape_904500,dense_grid_lshape,4,6,token,random,31,1,34.44306377232162
fresh4_dense_grid_lshape_904500,dense_grid_lshape,4,6,token,random,31,8,30.085451347801037
fresh4_dense_grid_lshape_904500,dense_grid_lshape,4,6,token,random,31,32,29.91007969892961
fresh4_dense_grid_lshape_904500,dense_grid_lshape,4,6,token,random,31,128,29.909999999999997
fresh4_dense_grid_lshape_904500,dense_grid_lshape,4,6,token,random,31,512,29.909999999999997
fresh4_dense_grid_lshape_904500,dense_grid_lshape,4,6,uniform_feasible,deterministic,,1,32.28249999999991
fresh4_dense_grid_lshape_904500,dense_grid_lshape,4,6,uniform_feasible,deterministic,,8,31.65894397933826
fresh4_dense_grid_lshape_904500,dense_grid_lshape,4,6,uniform_feasible,deterministic,,32,30.56948230807801
fresh4_dense_grid_lshape_904500,dense_grid_lshape,4,6,uniform_feasible,deterministic,,128,29.945330422270253
fresh4_dense_grid_lshape_904500,dense_grid_lshape,4,6,uniform_feasible,deterministic,,512,29.910034822897668
fresh4_dense_grid_lshape_904500,dense_grid_lshape,4,6,uniform_feasible,poor,,1,46.31666666666658
fresh4_dense_grid_lshape_904500,dense_grid_lshape,4,6,uniform_feasible,poor,,8,33.72719935783409
fresh4_dense_grid_lshape_904500,dense_grid_lshape,4,6,uniform_feasible,poor,,32,30.657307952514408
fresh4_dense_grid_lshape_904500,dense_grid_lshape,4,6,uniform_feasible,poor,,128,29.94534205672473
fresh4_dense_grid_lshape_904500,dense_grid_lshape,4,6,uniform_feasible,poor,,512,29.91003482289767
fresh4_dense_grid_lshape_904500,dense_grid_lshape,4,6,uniform_feasible,random,,1,43.101722222222165
fresh4_dense_grid_lshape_904500,dense_grid_lshape,4,6,uniform_feasible,random,,8,33.72517029277871
fresh4_dense_grid_lshape_904500,dense_grid_lshape,4,6,uniform_feasible,random,,32,30.657307952513232
fresh4_dense_grid_lshape_904500,dense_grid_lshape,4,6,uniform_feasible,random,,128,29.94534205672473
fresh4_dense_grid_lshape_904500,dense_grid_lshape,4,6,uniform_feasible,random,,512,29.91003482289767
fresh4_dense_grid_lshape_904501,dense_grid_lshape,4,6,greedy,deterministic,,1,20.150000000000002
fresh4_dense_grid_lshape_904501,dense_grid_lshape,4,6,greedy,deterministic,,8,16.11
fresh4_dense_grid_lshape_904501,dense_grid_lshape,4,6,greedy,deterministic,,32,16.11
fresh4_dense_grid_lshape_904501,dense_grid_lshape,4,6,greedy,deterministic,,128,16.11
fresh4_dense_grid_lshape_904501,dense_grid_lshape,4,6,greedy,deterministic,,512,16.11
fresh4_dense_grid_lshape_904501,dense_grid_lshape,4,6,greedy,poor,,1,38.04
fresh4_dense_grid_lshape_904501,dense_grid_lshape,4,6,greedy,poor,,8,25.04
fresh4_dense_grid_lshape_904501,dense_grid_lshape,4,6,greedy,poor,,32,17.090000000000003
fresh4_dense_grid_lshape_904501,dense_grid_lshape,4,6,greedy,poor,,128,16.11
fresh4_dense_grid_lshape_904501,dense_grid_lshape,4,6,greedy,poor,,512,16.11
fresh4_dense_grid_lshape_904501,dense_grid_lshape,4,6,greedy,random,,1,33.54
fresh4_dense_grid_lshape_904501,dense_grid_lshape,4,6,greedy,random,,8,18.099999999999998
fresh4_dense_grid_lshape_904501,dense_grid_lshape,4,6,greedy,random,,32,16.11
fresh4_dense_grid_lshape_904501,dense_grid_lshape,4,6,greedy,random,,128,16.11
fresh4_dense_grid_lshape_904501,dense_grid_lshape,4,6,greedy,random,,512,16.11
fresh4_dense_grid_lshape_904501,dense_grid_lshape,4,6,penalty_row_xy,deterministic,11,1,19.964596916924364
fresh4_dense_grid_lshape_904501,dense_grid_lshape,4,6,penalty_row_xy,deterministic,11,8,18.932251543847748
fresh4_dense_grid_lshape_904501,dense_grid_lshape,4,6,penalty_row_xy,deterministic,11,32,17.360777397226986
fresh4_dense_grid_lshape_904501,dense_grid_lshape,4,6,penalty_row_xy,deterministic,11,128,16.58577357991948
fresh4_dense_grid_lshape_904501,dense_grid_lshape,4,6,penalty_row_xy,deterministic,11,512,16.290217125570692
fresh4_dense_grid_lshape_904501,dense_grid_lshape,4,6,penalty_row_xy,deterministic,17,1,19.963694724747263
fresh4_dense_grid_lshape_904501,dense_grid_lshape,4,6,penalty_row_xy,deterministic,17,8,18.927156825790753
fresh4_dense_grid_lshape_904501,dense_grid_lshape,4,6,penalty_row_xy,deterministic,17,32,17.353055712867
fresh4_dense_grid_lshape_904501,dense_grid_lshape,4,6,penalty_row_xy,deterministic,17,128,16.579737851156466
fresh4_dense_grid_lshape_904501,dense_grid_lshape,4,6,penalty_row_xy,deterministic,17,512,16.287814814684843
fresh4_dense_grid_lshape_904501,dense_grid_lshape,4,6,penalty_row_xy,deterministic,23,1,19.963541175469903
fresh4_dense_grid_lshape_904501,dense_grid_lshape,4,6,penalty_row_xy,deterministic,23,8,18.926468103394875
fresh4_dense_grid_lshape_904501,dense_grid_lshape,4,6,penalty_row_xy,deterministic,23,32,17.353344311007344
fresh4_dense_grid_lshape_904501,dense_grid_lshape,4,6,penalty_row_xy,deterministic,23,128,16.582790543312267
fresh4_dense_grid_lshape_904501,dense_grid_lshape,4,6,penalty_row_xy,deterministic,23,512,16.292043471880877
fresh4_dense_grid_lshape_904501,dense_grid_lshape,4,6,penalty_row_xy,deterministic,31,1,19.351616767041172
fresh4_dense_grid_lshape_904501,dense_grid_lshape,4,6,penalty_row_xy,deterministic,31,8,17.069644668458594
fresh4_dense_grid_lshape_904501,dense_grid_lshape,4,6,penalty_row_xy,deterministic,31,32,16.564598608820074
fresh4_dense_grid_lshape_904501,dense_grid_lshape,4,6,penalty_row_xy,deterministic,31,128,16.513449137391852
fresh4_dense_grid_lshape_904501,dense_grid_lshape,4,6,penalty_row_xy,deterministic,31,512,16.365188788406666
fresh4_dense_grid_lshape_904501,dense_grid_lshape,4,6,penalty_row_xy,poor,11,1,29.48534317988721
fresh4_dense_grid_lshape_904501,dense_grid_lshape,4,6,penalty_row_xy,poor,11,8,18.569829951035135
fresh4_dense_grid_lshape_904501,dense_grid_lshape,4,6,penalty_row_xy,poor,11,32,17.156964372126854
fresh4_dense_grid_lshape_904501,dense_grid_lshape,4,6,penalty_row_xy,poor,11,128,16.394158882531784
fresh4_dense_grid_lshape_904501,dense_grid_lshape,4,6,penalty_row_xy,poor,11,512,16.145069030568788
fresh4_dense_grid_lshape_904501,dense_grid_lshape,4,6,penalty_row_xy,poor,17,1,29.699826197670056
fresh4_dense_grid_lshape_904501,dense_grid_lshape,4,6,penalty_row_xy,poor,17,8,18.467006744027163
fresh4_dense_grid_lshape_904501,dense_grid_lshape,4,6,penalty_row_xy,poor,17,32,16.949488159891732
fresh4_dense_grid_lshape_904501,dense_grid_lshape,4,6,penalty_row_xy,poor,17,128,16.297184238584535
fresh4_dense_grid_lshape_904501,dense_grid_lshape,4,6,penalty_row_xy,poor,17,512,16.11975676147462
fresh4_dense_grid_lshape_904501,dense_grid_lshape,4,6,penalty_row_xy,poor,23,1,30.034499736976507
fresh4_dense_grid_lshape_904501,dense_grid_lshape,4,6,penalty_row_xy,poor,23,8,18.60966869609272
fresh4_dense_grid_lshape_904501,dense_grid_lshape,4,6,penalty_row_xy,poor,23,32,17.05298472037032
fresh4_dense_grid_lshape_904501,dense_grid_lshape,4,6,penalty_row_xy,poor,23,128,16.30926416987417
fresh4_dense_grid_lshape_904501,dense_grid_lshape,4,6,penalty_row_xy,poor,23,512,16.121448198137305
fresh4_dense_grid_lshape_904501,dense_grid_lshape,4,6,penalty_row_xy,poor,31,1,30.30561300408722
fresh4_dense_grid_lshape_904501,dense_grid_lshape,4,6,penalty_row_xy,poor,31,8,18.796641702480553
fresh4_dense_grid_lshape_904501,dense_grid_lshape,4,6,penalty_row_xy,poor,31,32,17.369031768289684
fresh4_dense_grid_lshape_904501,dense_grid_lshape,4,6,penalty_row_xy,poor,31,128,16.47346850146033
fresh4_dense_grid_lshape_904501,dense_grid_lshape,4,6,penalty_row_xy,poor,31,512,16.179282400758826
fresh4_dense_grid_lshape_904501,dense_grid_lshape,4,6,penalty_row_xy,random,11,1,27.75325782220873
fresh4_dense_grid_lshape_904501,dense_grid_lshape,4,6,penalty_row_xy,random,11,8,18.526867766769875
fresh4_dense_grid_lshape_904501,dense_grid_lshape,4,6,penalty_row_xy,random,11,32,17.150877942969128
fresh4_dense_grid_lshape_904501,dense_grid_lshape,4,6,penalty_row_xy,random,11,128,16.92608258093856
fresh4_dense_grid_lshape_904501,dense_grid_lshape,4,6,penalty_row_xy,random,11,512,16.606420919015772
fresh4_dense_grid_lshape_904501,dense_grid_lshape,4,6,penalty_row_xy,random,17,1,27.96286961690003
fresh4_dense_grid_lshape_904501,dense_grid_lshape,4,6,penalty_row_xy,random,17,8,19.18331704835967
fresh4_dense_grid_lshape_904501,dense_grid_lshape,4,6,penalty_row_xy,random,17,32,16.58806458622501
fresh4_dense_grid_lshape_904501,dense_grid_lshape,4,6,penalty_row_xy,random,17,128,16.111727556413527
fresh4_dense_grid_lshape_904501,dense_grid_lshape,4,6,penalty_row_xy,random,17,512,16.110000000000927
fresh4_dense_grid_lshape_904501,dense_grid_lshape,4,6,penalty_row_xy,random,23,1,30.508381349824123
fresh4_dense_grid_lshape_904501,dense_grid_lshape,4,6,penalty_row_xy,random,23,8,21.434990337663386
fresh4_dense_grid_lshape_904501,dense_grid_lshape,4,6,penalty_row_xy,random,23,32,17.68097441488492
fresh4_dense_grid_lshape_904501,dense_grid_lshape,4,6,penalty_row_xy,random,23,128,16.57859394979914
fresh4_dense_grid_lshape_904501,dense_grid_lshape,4,6,penalty_row_xy,random,23,512,16.178539303047632
fresh4_dense_grid_lshape_904501,dense_grid_lshape,4,6,penalty_row_xy,random,31,1,27.748774863248713
fresh4_dense_grid_lshape_904501,dense_grid_lshape,4,6,penalty_row_xy,random,31,8,18.514352445906116
fresh4_dense_grid_lshape_904501,dense_grid_lshape,4,6,penalty_row_xy,random,31,32,17.1451239788605
fresh4_dense_grid_lshape_904501,dense_grid_lshape,4,6,penalty_row_xy,random,31,128,16.906177920508263
fresh4_dense_grid_lshape_904501,dense_grid_lshape,4,6,penalty_row_xy,random,31,512,16.558863695613876
fresh4_dense_grid_lshape_904501,dense_grid_lshape,4,6,token,deterministic,11,1,18.853706254140683
fresh4_dense_grid_lshape_904501,dense_grid_lshape,4,6,token,deterministic,11,8,16.612335079767394
fresh4_dense_grid_lshape_904501,dense_grid_lshape,4,6,token,deterministic,11,32,16.271643778503222
fresh4_dense_grid_lshape_904501,dense_grid_lshape,4,6,token,deterministic,11,128,16.11651770657426
fresh4_dense_grid_lshape_904501,dense_grid_lshape,4,6,token,deterministic,11,512,16.11000001738143
fresh4_dense_grid_lshape_904501,dense_grid_lshape,4,6,token,deterministic,17,1,18.861440009388208
fresh4_dense_grid_lshape_904501,dense_grid_lshape,4,6,token,deterministic,17,8,16.615497858022355
fresh4_dense_grid_lshape_904501,dense_grid_lshape,4,6,token,deterministic,17,32,16.268861629875502
fresh4_dense_grid_lshape_904501,dense_grid_lshape,4,6,token,deterministic,17,128,16.116068974360783
fresh4_dense_grid_lshape_904501,dense_grid_lshape,4,6,token,deterministic,17,512,16.11000001306675
fresh4_dense_grid_lshape_904501,dense_grid_lshape,4,6,token,deterministic,23,1,18.891066581178315
fresh4_dense_grid_lshape_904501,dense_grid_lshape,4,6,token,deterministic,23,8,16.649262341352724
fresh4_dense_grid_lshape_904501,dense_grid_lshape,4,6,token,deterministic,23,32,16.325894749953783
fresh4_dense_grid_lshape_904501,dense_grid_lshape,4,6,token,deterministic,23,128,16.130812269626837
fresh4_dense_grid_lshape_904501,dense_grid_lshape,4,6,token,deterministic,23,512,16.110001807108365
fresh4_dense_grid_lshape_904501,dense_grid_lshape,4,6,token,deterministic,31,1,18.759961259758114
fresh4_dense_grid_lshape_904501,dense_grid_lshape,4,6,token,deterministic,31,8,16.58496493902463
fresh4_dense_grid_lshape_904501,dense_grid_lshape,4,6,token,deterministic,31,32,16.2572537063149
fresh4_dense_grid_lshape_904501,dense_grid_lshape,4,6,token,deterministic,31,128,16.114468523207087
fresh4_dense_grid_lshape_904501,dense_grid_lshape,4,6,token,deterministic,31,512,16.110000003840277
fresh4_dense_grid_lshape_904501,dense_grid_lshape,4,6,token,poor,11,1,22.717711025580737
fresh4_dense_grid_lshape_904501,dense_grid_lshape,4,6,token,poor,11,8,16.50375001975749
fresh4_dense_grid_lshape_904501,dense_grid_lshape,4,6,token,poor,11,32,16.1108989661412
fresh4_dense_grid_lshape_904501,dense_grid_lshape,4,6,token,poor,11,128,16.11000000000408
fresh4_dense_grid_lshape_904501,dense_grid_lshape,4,6,token,poor,11,512,16.11
fresh4_dense_grid_lshape_904501,dense_grid_lshape,4,6,token,poor,17,1,22.450404567193555
fresh4_dense_grid_lshape_904501,dense_grid_lshape,4,6,token,poor,17,8,16.437407841684124
fresh4_dense_grid_lshape_904501,dense_grid_lshape,4,6,token,poor,17,32,16.11079536039578
fresh4_dense_grid_lshape_904501,dense_grid_lshape,4,6,token,poor,17,128,16.11000000000274
fresh4_dense_grid_lshape_904501,dense_grid_lshape,4,6,token,poor,17,512,16.11
fresh4_dense_grid_lshape_904501,dense_grid_lshape,4,6,token,poor,23,1,21.77587966471656
fresh4_dense_grid_lshape_904501,dense_grid_lshape,4,6,token,poor,23,8,16.61466755961538
fresh4_dense_grid_lshape_904501,dense_grid_lshape,4,6,token,poor,23,32,16.111026420810948
fresh4_dense_grid_lshape_904501,dense_grid_lshape,4,6,token,poor,23,128,16.110000000002117
fresh4_dense_grid_lshape_904501,dense_grid_lshape,4,6,token,poor,23,512,16.11
fresh4_dense_grid_lshape_904501,dense_grid_lshape,4,6,token,poor,31,1,22.69870479482368
fresh4_dense_grid_lshape_904501,dense_grid_lshape,4,6,token,poor,31,8,16.499714668060104
fresh4_dense_grid_lshape_904501,dense_grid_lshape,4,6,token,poor,31,32,16.110895657320807
fresh4_dense_grid_lshape_904501,dense_grid_lshape,4,6,token,poor,31,128,16.110000000004042
fresh4_dense_grid_lshape_904501,dense_grid_lshape,4,6,token,poor,31,512,16.11
fresh4_dense_grid_lshape_904501,dense_grid_lshape,4,6,token,random,11,1,21.792947833768192
fresh4_dense_grid_lshape_904501,dense_grid_lshape,4,6,token,random,11,8,16.68820833780353
fresh4_dense_grid_lshape_904501,dense_grid_lshape,4,6,token,random,11,32,16.26667804352917
fresh4_dense_grid_lshape_904501,dense_grid_lshape,4,6,token,random,11,128,16.115716963552938
fresh4_dense_grid_lshape_904501,dense_grid_lshape,4,6,token,random,11,512,16.110000010288882
fresh4_dense_grid_lshape_904501,dense_grid_lshape,4,6,token,random,17,1,21.957031880661965
fresh4_dense_grid_lshape_904501,dense_grid_lshape,4,6,token,random,17,8,16.703788408951837
fresh4_dense_grid_lshape_904501,dense_grid_lshape,4,6,token,random,17,32,16.27353639806517
fresh4_dense_grid_lshape_904501,dense_grid_lshape,4,6,token,random,17,128,16.116781124414512
fresh4_dense_grid_lshape_904501,dense_grid_lshape,4,6,token,random,17,512,16.110000020366353
fresh4_dense_grid_lshape_904501,dense_grid_lshape,4,6,token,random,23,1,21.791551909610945
fresh4_dense_grid_lshape_904501,dense_grid_lshape,4,6,token,random,23,8,16.69068711810509
fresh4_dense_grid_lshape_904501,dense_grid_lshape,4,6,token,random,23,32,16.267927987077726
fresh4_dense_grid_lshape_904501,dense_grid_lshape,4,6,token,random,23,128,16.115899139679
fresh4_dense_grid_lshape_904501,dense_grid_lshape,4,6,token,random,23,512,16.110000011664365
fresh4_dense_grid_lshape_904501,dense_grid_lshape,4,6,token,random,31,1,21.80975354552633
fresh4_dense_grid_lshape_904501,dense_grid_lshape,4,6,token,random,31,8,16.694451578525484
fresh4_dense_grid_lshape_904501,dense_grid_lshape,4,6,token,random,31,32,16.26896877218579
fresh4_dense_grid_lshape_904501,dense_grid_lshape,4,6,token,random,31,128,16.11605369680357
fresh4_dense_grid_lshape_904501,dense_grid_lshape,4,6,token,random,31,512,16.110000012935675
fresh4_dense_grid_lshape_904501,dense_grid_lshape,4,6,uniform_feasible,deterministic,,1,19.763499999999947
fresh4_dense_grid_lshape_904501,dense_grid_lshape,4,6,uniform_feasible,deterministic,,8,18.049829079780125
fresh4_dense_grid_lshape_904501,dense_grid_lshape,4,6,uniform_feasible,deterministic,,32,16.592421523819315
fresh4_dense_grid_lshape_904501,dense_grid_lshape,4,6,uniform_feasible,deterministic,,128,16.165903885854483
fresh4_dense_grid_lshape_904501,dense_grid_lshape,4,6,uniform_feasible,deterministic,,512,16.110086078259055
fresh4_dense_grid_lshape_904501,dense_grid_lshape,4,6,uniform_feasible,poor,,1,25.596666666666625
fresh4_dense_grid_lshape_904501,dense_grid_lshape,4,6,uniform_feasible,poor,,8,18.43049077048706
fresh4_dense_grid_lshape_904501,dense_grid_lshape,4,6,uniform_feasible,poor,,32,16.593779852611142
fresh4_dense_grid_lshape_904501,dense_grid_lshape,4,6,uniform_feasible,poor,,128,16.165903885857443
fresh4_dense_grid_lshape_904501,dense_grid_lshape,4,6,uniform_feasible,poor,,512,16.110086078259055
fresh4_dense_grid_lshape_904501,dense_grid_lshape,4,6,uniform_feasible,random,,1,25.468611111111077
fresh4_dense_grid_lshape_904501,dense_grid_lshape,4,6,uniform_feasible,random,,8,18.430490770149483
fresh4_dense_grid_lshape_904501,dense_grid_lshape,4,6,uniform_feasible,random,,32,16.593779852611142
fresh4_dense_grid_lshape_904501,dense_grid_lshape,4,6,uniform_feasible,random,,128,16.165903885857443
fresh4_dense_grid_lshape_904501,dense_grid_lshape,4,6,uniform_feasible,random,,512,16.110086078259055
fresh4_dense_grid_lshape_904502,dense_grid_lshape,4,6,greedy,deterministic,,1,28.729999999999997
fresh4_dense_grid_lshape_904502,dense_grid_lshape,4,6,greedy,deterministic,,8,23.63
fresh4_dense_grid_lshape_904502,dense_grid_lshape,4,6,greedy,deterministic,,32,23.19
fresh4_dense_grid_lshape_904502,dense_grid_lshape,4,6,greedy,deterministic,,128,22.97
fresh4_dense_grid_lshape_904502,dense_grid_lshape,4,6,greedy,deterministic,,512,22.97
fresh4_dense_grid_lshape_904502,dense_grid_lshape,4,6,greedy,poor,,1,50.42999999999999
fresh4_dense_grid_lshape_904502,dense_grid_lshape,4,6,greedy,poor,,8,30.830000000000002
fresh4_dense_grid_lshape_904502,dense_grid_lshape,4,6,greedy,poor,,32,22.97
fresh4_dense_grid_lshape_904502,dense_grid_lshape,4,6,greedy,poor,,128,22.97
fresh4_dense_grid_lshape_904502,dense_grid_lshape,4,6,greedy,poor,,512,22.97
fresh4_dense_grid_lshape_904502,dense_grid_lshape,4,6,greedy,random,,1,41.74
fresh4_dense_grid_lshape_904502,dense_grid_lshape,4,6,greedy,random,,8,25.47
fresh4_dense_grid_lshape_904502,dense_grid_lshape,4,6,greedy,random,,32,23.19
fresh4_dense_grid_lshape_904502,dense_grid_lshape,4,6,greedy,random,,128,22.97
fresh4_dense_grid_lshape_904502,dense_grid_lshape,4,6,greedy,random,,512,22.97
fresh4_dense_grid_lshape_904502,dense_grid_lshape,4,6,penalty_row_xy,deterministic,11,1,27.397086754372587
fresh4_dense_grid_lshape_904502,dense_grid_lshape,4,6,penalty_row_xy,deterministic,11,8,23.91338458847895
fresh4_dense_grid_lshape_904502,dense_grid_lshape,4,6,penalty_row_xy,deterministic,11,32,23.215779250669925
fresh4_dense_grid_lshape_904502,dense_grid_lshape,4,6,penalty_row_xy,deterministic,11,128,23.137779913886746
fresh4_dense_grid_lshape_904502,dense_grid_lshape,4,6,penalty_row_xy,deterministic,11,512,23.044368274099554
fresh4_dense_grid_lshape_904502,dense_grid_lshape,4,6,penalty_row_xy,deterministic,17,1,28.47392736299156
fresh4_dense_grid_lshape_904502,dense_grid_lshape,4,6,penalty_row_xy,deterministic,17,8,27.01404047723481
fresh4_dense_grid_lshape_904502,dense_grid_lshape,4,6,penalty_row_xy,deterministic,17,32,24.59157063929649
fresh4_dense_grid_lshape_904502,dense_grid_lshape,4,6,penalty_row_xy,deterministic,17,128,23.200128419814195
fresh4_dense_grid_lshape_904502,dense_grid_lshape,4,6,penalty_row_xy,deterministic,17,512,22.99390141918309
fresh4_dense_grid_lshape_904502,dense_grid_lshape,4,6,penalty_row_xy,deterministic,23,1,28.318773307380287
fresh4_dense_grid_lshape_904502,dense_grid_lshape,4,6,penalty_row_xy,deterministic,23,8,26.218504988309725
fresh4_dense_grid_lshape_904502,dense_grid_lshape,4,6,penalty_row_xy,deterministic,23,32,23.77931339741669
fresh4_dense_grid_lshape_904502,dense_grid_lshape,4,6,penalty_row_xy,deterministic,23,128,23.069979376568604
fresh4_dense_grid_lshape_904502,dense_grid_lshape,4,6,penalty_row_xy,deterministic,23,512,22.975153662748756
fresh4_dense_grid_lshape_904502,dense_grid_lshape,4,6,penalty_row_xy,deterministic,31,1,28.39254177399026
fresh4_dense_grid_lshape_904502,dense_grid_lshape,4,6,penalty_row_xy,deterministic,31,8,26.582730854837024
fresh4_dense_grid_lshape_904502,dense_grid_lshape,4,6,penalty_row_xy,deterministic,31,32,24.11617858708951
fresh4_dense_grid_lshape_904502,dense_grid_lshape,4,6,penalty_row_xy,deterministic,31,128,23.141715129827112
fresh4_dense_grid_lshape_904502,dense_grid_lshape,4,6,penalty_row_xy,deterministic,31,512,22.998060733950844
fresh4_dense_grid_lshape_904502,dense_grid_lshape,4,6,penalty_row_xy,poor,11,1,42.55840617308405
fresh4_dense_grid_lshape_904502,dense_grid_lshape,4,6,penalty_row_xy,poor,11,8,25.935720253820172
fresh4_dense_grid_lshape_904502,dense_grid_lshape,4,6,penalty_row_xy,poor,11,32,23.092357019945755
fresh4_dense_grid_lshape_904502,dense_grid_lshape,4,6,penalty_row_xy,poor,11,128,22.97016493794059
fresh4_dense_grid_lshape_904502,dense_grid_lshape,4,6,penalty_row_xy,poor,11,512,22.97000000000001
fresh4_dense_grid_lshape_904502,dense_grid_lshape,4,6,penalty_row_xy,poor,17,1,42.555143607443185
fresh4_dense_grid_lshape_904502,dense_grid_lshape,4,6,penalty_row_xy,poor,17,8,25.93091525296479
fresh4_dense_grid_lshape_904502,dense_grid_lshape,4,6,penalty_row_xy,poor,17,32,23.092624363434844
fresh4_dense_grid_lshape_904502,dense_grid_lshape,4,6,penalty_row_xy,poor,17,128,22.970168735907492
fresh4_dense_grid_lshape_904502,dense_grid_lshape,4,6,penalty_row_xy,poor,17,512,22.97000000000001
fresh4_dense_grid_lshape_904502,dense_grid_lshape,4,6,penalty_row_xy,poor,23,1,42.50663331729529
fresh4_dense_grid_lshape_904502,dense_grid_lshape,4,6,penalty_row_xy,poor,23,8,25.901264926610718
fresh4_dense_grid_lshape_904502,dense_grid_lshape,4,6,penalty_row_xy,poor,23,32,23.093223691673035
fresh4_dense_grid_lshape_904502,dense_grid_lshape,4,6,penalty_row_xy,poor,23,128,22.970181116643605
fresh4_dense_grid_lshape_904502,dense_grid_lshape,4,6,penalty_row_xy,poor,23,512,22.970000000000013
fresh4_dense_grid_lshape_904502,dense_grid_lshape,4,6,penalty_row_xy,poor,31,1,45.711912511249416
fresh4_dense_grid_lshape_904502,dense_grid_lshape,4,6,penalty_row_xy,poor,31,8,31.010980414884056
fresh4_dense_grid_lshape_904502,dense_grid_lshape,4,6,penalty_row_xy,poor,31,32,24.50584819744233
fresh4_dense_grid_lshape_904502,dense_grid_lshape,4,6,penalty_row_xy,poor,31,128,23.137468602561455
fresh4_dense_grid_lshape_904502,dense_grid_lshape,4,6,penalty_row_xy,poor,31,512,22.974090311837543
fresh4_dense_grid_lshape_904502,dense_grid_lshape,4,6,penalty_row_xy,random,11,1,39.29153879448705
fresh4_dense_grid_lshape_904502,dense_grid_lshape,4,6,penalty_row_xy,random,11,8,30.52901388035279
fresh4_dense_grid_lshape_904502,dense_grid_lshape,4,6,penalty_row_xy,random,11,32,25.785181015821735
fresh4_dense_grid_lshape_904502,dense_grid_lshape,4,6,penalty_row_xy,random,11,128,24.255901545823193
fresh4_dense_grid_lshape_904502,dense_grid_lshape,4,6,penalty_row_xy,random,11,512,23.295545669262836
fresh4_dense_grid_lshape_904502,dense_grid_lshape,4,6,penalty_row_xy,random,17,1,37.9877300170816
fresh4_dense_grid_lshape_904502,dense_grid_lshape,4,6,penalty_row_xy,random,17,8,27.82631987546596
fresh4_dense_grid_lshape_904502,dense_grid_lshape,4,6,penalty_row_xy,random,17,32,24.339821621401015
fresh4_dense_grid_lshape_904502,dense_grid_lshape,4,6,penalty_row_xy,random,17,128,23.33420528791357
fresh4_dense_grid_lshape_904502,dense_grid_lshape,4,6,penalty_row_xy,random,17,512,22.97912639004858
fresh4_dense_grid_lshape_904502,dense_grid_lshape,4,6,penalty_row_xy,random,23,1,37.923663750652864
fresh4_dense_grid_lshape_904502,dense_grid_lshape,4,6,penalty_row_xy,random,23,8,27.602566793402083
fresh4_dense_grid_lshape_904502,dense_grid_lshape,4,6,penalty_row_xy,random,23,32,24.09853181878034
fresh4_dense_grid_lshape_904502,dense_grid_lshape,4,6,penalty_row_xy,random,23,128,23.143222476902306
fresh4_dense_grid_lshape_904502,dense_grid_lshape,4,6,penalty_row_xy,random,23,512,22.9709884827941
fresh4_dense_grid_lshape_904502,dense_grid_lshape,4,6,penalty_row_xy,random,31,1,37.9370775879144
fresh4_dense_grid_lshape_904502,dense_grid_lshape,4,6,penalty_row_xy,random,31,8,27.6161176956622
fresh4_dense_grid_lshape_904502,dense_grid_lshape,4,6,penalty_row_xy,random,31,32,24.098003191664745
fresh4_dense_grid_lshape_904502,dense_grid_lshape,4,6,penalty_row_xy,random,31,128,23.140283160576026
fresh4_dense_grid_lshape_904502,dense_grid_lshape,4,6,penalty_row_xy,random,31,512,22.970908077115432
fresh4_dense_grid_lshape_904502,dense_grid_lshape,4,6,token,deterministic,11,1,25.45558194802456
fresh4_dense_grid_lshape_904502,dense_grid_lshape,4,6,token,deterministic,11,8,23.017551482282915
fresh4_dense_grid_lshape_904502,dense_grid_lshape,4,6,token,deterministic,11,32,22.97002362903313
fresh4_dense_grid_lshape_904502,dense_grid_lshape,4,6,token,deterministic,11,128,22.969999999999995
fresh4_dense_grid_lshape_904502,dense_grid_lshape,4,6,token,deterministic,11,512,22.97
fresh4_dense_grid_lshape_904502,dense_grid_lshape,4,6,token,deterministic,17,1,25.295349232901522
fresh4_dense_grid_lshape_904502,dense_grid_lshape,4,6,token,deterministic,17,8,23.01134515339324
fresh4_dense_grid_lshape_904502,dense_grid_lshape,4,6,token,deterministic,17,32,22.97002069762825
fresh4_dense_grid_lshape_904502,dense_grid_lshape,4,6,token,deterministic,17,128,22.97
fresh4_dense_grid_lshape_904502,dense_grid_lshape,4,6,token,deterministic,17,512,22.97
fresh4_dense_grid_lshape_904502,dense_grid_lshape,4,6,token,deterministic,23,1,25.18757350896835
fresh4_dense_grid_lshape_904502,dense_grid_lshape,4,6,token,deterministic,23,8,23.010716785557502
fresh4_dense_grid_lshape_904502,dense_grid_lshape,4,6,token,deterministic,23,32,22.970023397608365
fresh4_dense_grid_lshape_904502,dense_grid_lshape,4,6,token,deterministic,23,128,22.97
fresh4_dense_grid_lshape_904502,dense_grid_lshape,4,6,token,deterministic,23,512,22.97
fresh4_dense_grid_lshape_904502,dense_grid_lshape,4,6,token,deterministic,31,1,25.510894429292506
fresh4_dense_grid_lshape_904502,dense_grid_lshape,4,6,token,deterministic,31,8,23.017366551285203
fresh4_dense_grid_lshape_904502,dense_grid_lshape,4,6,token,deterministic,31,32,22.9700253219316
fresh4_dense_grid_lshape_904502,dense_grid_lshape,4,6,token,deterministic,31,128,22.97
fresh4_dense_grid_lshape_904502,dense_grid_lshape,4,6,token,deterministic,31,512,22.97
fresh4_dense_grid_lshape_904502,dense_grid_lshape,4,6,token,poor,11,1,25.600764742111323
fresh4_dense_grid_lshape_904502,dense_grid_lshape,4,6,token,poor,11,8,23.118829534095926
fresh4_dense_grid_lshape_904502,dense_grid_lshape,4,6,token,poor,11,32,22.973109246506908
fresh4_dense_grid_lshape_904502,dense_grid_lshape,4,6,token,poor,11,128,22.97000000829308
fresh4_dense_grid_lshape_904502,dense_grid_lshape,4,6,token,poor,11,512,22.97
fresh4_dense_grid_lshape_904502,dense_grid_lshape,4,6,token,poor,17,1,25.946978218820686
fresh4_dense_grid_lshape_904502,dense_grid_lshape,4,6,token,poor,17,8,23.115600122451216
fresh4_dense_grid_lshape_904502,dense_grid_lshape,4,6,token,poor,17,32,22.97200116291215
fresh4_dense_grid_lshape_904502,dense_grid_lshape,4,6,token,poor,17,128,22.970000001379354
fresh4_dense_grid_lshape_904502,dense_grid_lshape,4,6,token,poor,17,512,22.97
fresh4_dense_grid_lshape_904502,dense_grid_lshape,4,6,token,poor,23,1,30.624253302407965
fresh4_dense_grid_lshape_904502,dense_grid_lshape,4,6,token,poor,23,8,24.078230134780075
fresh4_dense_grid_lshape_904502,dense_grid_lshape,4,6,token,poor,23,32,23.063928061623965
fresh4_dense_grid_lshape_904502,dense_grid_lshape,4,6,token,poor,23,128,22.973595808265376
fresh4_dense_grid_lshape_904502,dense_grid_lshape,4,6,token,poor,23,512,22.970000015700357
fresh4_dense_grid_lshape_904502,dense_grid_lshape,4,6,token,poor,31,1,25.64264079031611
fresh4_dense_grid_lshape_904502,dense_grid_lshape,4,6,token,poor,31,8,23.11792388222588
fresh4_dense_grid_lshape_904502,dense_grid_lshape,4,6,token,poor,31,32,22.97296649276735
fresh4_dense_grid_lshape_904502,dense_grid_lshape,4,6,token,poor,31,128,22.970000006860868
fresh4_dense_grid_lshape_904502,dense_grid_lshape,4,6,token,poor,31,512,22.97
fresh4_dense_grid_lshape_904502,dense_grid_lshape,4,6,token,random,11,1,32.624405112867585
fresh4_dense_grid_lshape_904502,dense_grid_lshape,4,6,token,random,11,8,23.339644315064554
fresh4_dense_grid_lshape_904502,dense_grid_lshape,4,6,token,random,11,32,22.970785082177247
fresh4_dense_grid_lshape_904502,dense_grid_lshape,4,6,token,random,11,128,22.970000000022097
fresh4_dense_grid_lshape_904502,dense_grid_lshape,4,6,token,random,11,512,22.97
fresh4_dense_grid_lshape_904502,dense_grid_lshape,4,6,token,random,17,1,32.61934372431053
fresh4_dense_grid_lshape_904502,dense_grid_lshape,4,6,token,random,17,8,23.335554099239598
fresh4_dense_grid_lshape_904502,dense_grid_lshape,4,6,token,random,17,32,22.970727926573453
fresh4_dense_grid_lshape_904502,dense_grid_lshape,4,6,token,random,17,128,22.970000000016373
fresh4_dense_grid_lshape_904502,dense_grid_lshape,4,6,token,random,17,512,22.97
fresh4_dense_grid_lshape_904502,dense_grid_lshape,4,6,token,random,23,1,34.3176192824572
fresh4_dense_grid_lshape_904502,dense_grid_lshape,4,6,token,random,23,8,23.76302358781587
fresh4_dense_grid_lshape_904502,dense_grid_lshape,4,6,token,random,23,32,22.986789213676467
fresh4_dense_grid_lshape_904502,dense_grid_lshape,4,6,token,random,23,128,22.970004719266193
fresh4_dense_grid_lshape_904502,dense_grid_lshape,4,6,token,random,23,512,22.97
fresh4_dense_grid_lshape_904502,dense_grid_lshape,4,6,token,random,31,1,33.01587211239199
fresh4_dense_grid_lshape_904502,dense_grid_lshape,4,6,token,random,31,8,23.312003294052495
fresh4_dense_grid_lshape_904502,dense_grid_lshape,4,6,token,random,31,32,22.97003753898958
fresh4_dense_grid_lshape_904502,dense_grid_lshape,4,6,token,random,31,128,22.969999999999995
fresh4_dense_grid_lshape_904502,dense_grid_lshape,4,6,token,random,31,512,22.97
fresh4_dense_grid_lshape_904502,dense_grid_lshape,4,6,uniform_feasible,deterministic,,1,28.06733333333326
fresh4_dense_grid_lshape_904502,dense_grid_lshape,4,6,uniform_feasible,deterministic,,8,25.322131831691312
fresh4_dense_grid_lshape_904502,dense_grid_lshape,4,6,uniform_feasible,deterministic,,32,23.391087204974596
fresh4_dense_grid_lshape_904502,dense_grid_lshape,4,6,uniform_feasible,deterministic,,128,22.999626027142156
fresh4_dense_grid_lshape_904502,dense_grid_lshape,4,6,uniform_feasible,deterministic,,512,22.97004029951553
fresh4_dense_grid_lshape_904502,dense_grid_lshape,4,6,uniform_feasible,poor,,1,35.58333333333328
fresh4_dense_grid_lshape_904502,dense_grid_lshape,4,6,uniform_feasible,poor,,8,25.7026707928539
fresh4_dense_grid_lshape_904502,dense_grid_lshape,4,6,uniform_feasible,poor,,32,23.391660414858933
fresh4_dense_grid_lshape_904502,dense_grid_lshape,4,6,uniform_feasible,poor,,128,22.999626027142302
fresh4_dense_grid_lshape_904502,dense_grid_lshape,4,6,uniform_feasible,poor,,512,22.97004029951553
fresh4_dense_grid_lshape_904502,dense_grid_lshape,4,6,uniform_feasible,random,,1,34.75199999999995
fresh4_dense_grid_lshape_904502,dense_grid_lshape,4,6,uniform_feasible,random,,8,25.702667536019522
fresh4_dense_grid_lshape_904502,dense_grid_lshape,4,6,uniform_feasible,random,,32,23.391660414858933
fresh4_dense_grid_lshape_904502,dense_grid_lshape,4,6,uniform_feasible,random,,128,22.999626027142302
fresh4_dense_grid_lshape_904502,dense_grid_lshape,4,6,uniform_feasible,random,,512,22.97004029951553
fresh4_dense_grid_lshape_904503,dense_grid_lshape,4,6,greedy,deterministic,,1,37.839999999999996
fresh4_dense_grid_lshape_904503,dense_grid_lshape,4,6,greedy,deterministic,,8,33.760000000000005
fresh4_dense_grid_lshape_904503,dense_grid_lshape,4,6,greedy,deterministic,,32,33.760000000000005
fresh4_dense_grid_lshape_904503,dense_grid_lshape,4,6,greedy,deterministic,,128,33.760000000000005
fresh4_dense_grid_lshape_904503,dense_grid_lshape,4,6,greedy,deterministic,,512,33.760000000000005
fresh4_dense_grid_lshape_904503,dense_grid_lshape,4,6,greedy,poor,,1,76.38
fresh4_dense_grid_lshape_904503,dense_grid_lshape,4,6,greedy,poor,,8,57.26
fresh4_dense_grid_lshape_904503,dense_grid_lshape,4,6,greedy,poor,,32,33.760000000000005
fresh4_dense_grid_lshape_904503,dense_grid_lshape,4,6,greedy,poor,,128,33.760000000000005
fresh4_dense_grid_lshape_904503,dense_grid_lshape,4,6,greedy,poor,,512,33.760000000000005
fresh4_dense_grid_lshape_904503,dense_grid_lshape,4,6,greedy,random,,1,38.2
fresh4_dense_grid_lshape_904503,dense_grid_lshape,4,6,greedy,random,,8,37.32
fresh4_dense_grid_lshape_904503,dense_grid_lshape,4,6,greedy,random,,32,33.760000000000005
fresh4_dense_grid_lshape_904503,dense_grid_lshape,4,6,greedy,random,,128,33.760000000000005
fresh4_dense_grid_lshape_904503,dense_grid_lshape,4,6,greedy,random,,512,33.760000000000005
fresh4_dense_grid_lshape_904503,dense_grid_lshape,4,6,penalty_row_xy,deterministic,11,1,37.4807661246058
fresh4_dense_grid_lshape_904503,dense_grid_lshape,4,6,penalty_row_xy,deterministic,11,8,35.78057634337518
fresh4_dense_grid_lshape_904503,dense_grid_lshape,4,6,penalty_row_xy,deterministic,11,32,34.26575018369546
fresh4_dense_grid_lshape_904503,dense_grid_lshape,4,6,penalty_row_xy,deterministic,11,128,33.9344255940252
fresh4_dense_grid_lshape_904503,dense_grid_lshape,4,6,penalty_row_xy,deterministic,11,512,33.768368222764245
fresh4_dense_grid_lshape_904503,dense_grid_lshape,4,6,penalty_row_xy,deterministic,17,1,37.42503670097191
fresh4_dense_grid_lshape_904503,dense_grid_lshape,4,6,penalty_row_xy,deterministic,17,8,35.588619879887176
fresh4_dense_grid_lshape_904503,dense_grid_lshape,4,6,penalty_row_xy,deterministic,17,32,34.26611644771986
fresh4_dense_grid_lshape_904503,dense_grid_lshape,4,6,penalty_row_xy,deterministic,17,128,34.06941372112549
fresh4_dense_grid_lshape_904503,dense_grid_lshape,4,6,penalty_row_xy,deterministic,17,512,33.84287618663825
fresh4_dense_grid_lshape_904503,dense_grid_lshape,4,6,penalty_row_xy,deterministic,23,1,37.70024119306673
fresh4_dense_grid_lshape_904503,dense_grid_lshape,4,6,penalty_row_xy,deterministic,23,8,36.8606005278879
fresh4_dense_grid_lshape_904503,dense_grid_lshape,4,6,penalty_row_xy,deterministic,23,32,35.199875709981626
fresh4_dense_grid_lshape_904503,dense_grid_lshape,4,6,penalty_row_xy,deterministic,23,128,33.87999427043732
fresh4_dense_grid_lshape_904503,dense_grid_lshape,4,6,penalty_row_xy,deterministic,23,512,33.76006308744445
fresh4_dense_grid_lshape_904503,dense_grid_lshape,4,6,penalty_row_xy,deterministic,31,1,37.65380779180318
fresh4_dense_grid_lshape_904503,dense_grid_lshape,4,6,penalty_row_xy,deterministic,31,8,36.576839769687766
fresh4_dense_grid_lshape_904503,dense_grid_lshape,4,6,penalty_row_xy,deterministic,31,32,34.726678149278804
fresh4_dense_grid_lshape_904503,dense_grid_lshape,4,6,penalty_row_xy,deterministic,31,128,33.78152454348625
fresh4_dense_grid_lshape_904503,dense_grid_lshape,4,6,penalty_row_xy,deterministic,31,512,33.76000005830879
fresh4_dense_grid_lshape_904503,dense_grid_lshape,4,6,penalty_row_xy,poor,11,1,66.33185669004538
fresh4_dense_grid_lshape_904503,dense_grid_lshape,4,6,penalty_row_xy,poor,11,8,40.723601969987925
fresh4_dense_grid_lshape_904503,dense_grid_lshape,4,6,penalty_row_xy,poor,11,32,34.401552887406126
fresh4_dense_grid_lshape_904503,dense_grid_lshape,4,6,penalty_row_xy,poor,11,128,33.781312518918135
fresh4_dense_grid_lshape_904503,dense_grid_lshape,4,6,penalty_row_xy,poor,11,512,33.76000167166876
fresh4_dense_grid_lshape_904503,dense_grid_lshape,4,6,penalty_row_xy,poor,17,1,65.73398267646571
fresh4_dense_grid_lshape_904503,dense_grid_lshape,4,6,penalty_row_xy,poor,17,8,39.95643195537028
fresh4_dense_grid_lshape_904503,dense_grid_lshape,4,6,penalty_row_xy,poor,17,32,34.30694993785032
fresh4_dense_grid_lshape_904503,dense_grid_lshape,4,6,penalty_row_xy,poor,17,128,33.81597084565963
fresh4_dense_grid_lshape_904503,dense_grid_lshape,4,6,penalty_row_xy,poor,17,512,33.76008826047872
fresh4_dense_grid_lshape_904503,dense_grid_lshape,4,6,penalty_row_xy,poor,23,1,65.64526883123685
fresh4_dense_grid_lshape_904503,dense_grid_lshape,4,6,penalty_row_xy,poor,23,8,39.858894454375815
fresh4_dense_grid_lshape_904503,dense_grid_lshape,4,6,penalty_row_xy,poor,23,32,34.3037693451791
fresh4_dense_grid_lshape_904503,dense_grid_lshape,4,6,penalty_row_xy,poor,23,128,33.82701510191283
fresh4_dense_grid_lshape_904503,dense_grid_lshape,4,6,penalty_row_xy,poor,23,512,33.76018168312196
fresh4_dense_grid_lshape_904503,dense_grid_lshape,4,6,penalty_row_xy,poor,31,1,63.45340644599296
fresh4_dense_grid_lshape_904503,dense_grid_lshape,4,6,penalty_row_xy,poor,31,8,39.03000035571092
fresh4_dense_grid_lshape_904503,dense_grid_lshape,4,6,penalty_row_xy,poor,31,32,34.78431035786758
fresh4_dense_grid_lshape_904503,dense_grid_lshape,4,6,penalty_row_xy,poor,31,128,34.123766745190835
fresh4_dense_grid_lshape_904503,dense_grid_lshape,4,6,penalty_row_xy,poor,31,512,33.9165160065097
fresh4_dense_grid_lshape_904503,dense_grid_lshape,4,6,penalty_row_xy,random,11,1,38.13779105810018
fresh4_dense_grid_lshape_904503,dense_grid_lshape,4,6,penalty_row_xy,random,11,8,37.73214983942218
fresh4_dense_grid_lshape_904503,dense_grid_lshape,4,6,penalty_row_xy,random,11,32,36.65863665526811
fresh4_dense_grid_lshape_904503,dense_grid_lshape,4,6,penalty_row_xy,random,11,128,34.75934866006719
fresh4_dense_grid_lshape_904503,dense_grid_lshape,4,6,penalty_row_xy,random,11,512,33.8222651173439
fresh4_dense_grid_lshape_904503,dense_grid_lshape,4,6,penalty_row_xy,random,17,1,38.120399498328354
fresh4_dense_grid_lshape_904503,dense_grid_lshape,4,6,penalty_row_xy,random,17,8,37.60922920094398
fresh4_dense_grid_lshape_904503,dense_grid_lshape,4,6,penalty_row_xy,random,17,32,36.3253639886977
fresh4_dense_grid_lshape_904503,dense_grid_lshape,4,6,penalty_row_xy,random,17,128,34.36914771328897
fresh4_dense_grid_lshape_904503,dense_grid_lshape,4,6,penalty_row_xy,random,17,512,33.76619275736931
fresh4_dense_grid_lshape_904503,dense_grid_lshape,4,6,penalty_row_xy,random,23,1,38.06659467544001
fresh4_dense_grid_lshape_904503,dense_grid_lshape,4,6,penalty_row_xy,random,23,8,37.25065195812889
fresh4_dense_grid_lshape_904503,dense_grid_lshape,4,6,penalty_row_xy,random,23,32,35.528860255041096
fresh4_dense_grid_lshape_904503,dense_grid_lshape,4,6,penalty_row_xy,random,23,128,33.9407607884891
fresh4_dense_grid_lshape_904503,dense_grid_lshape,4,6,penalty_row_xy,random,23,512,33.76056196129315
fresh4_dense_grid_lshape_904503,dense_grid_lshape,4,6,penalty_row_xy,random,31,1,38.1398425461678
fresh4_dense_grid_lshape_904503,dense_grid_lshape,4,6,penalty_row_xy,random,31,8,37.7525808695507
fresh4_dense_grid_lshape_904503,dense_grid_lshape,4,6,penalty_row_xy,random,31,32,36.757694102079185
fresh4_dense_grid_lshape_904503,dense_grid_lshape,4,6,penalty_row_xy,random,31,128,34.93494864778119
fresh4_dense_grid_lshape_904503,dense_grid_lshape,4,6,penalty_row_xy,random,31,512,33.81040867311901
fresh4_dense_grid_lshape_904503,dense_grid_lshape,4,6,token,deterministic,11,1,36.92329088818823
fresh4_dense_grid_lshape_904503,dense_grid_lshape,4,6,token,deterministic,11,8,34.68566286231235
fresh4_dense_grid_lshape_904503,dense_grid_lshape,4,6,token,deterministic,11,32,34.181980321671496
fresh4_dense_grid_lshape_904503,dense_grid_lshape,4,6,token,deterministic,11,128,34.03420676681305
fresh4_dense_grid_lshape_904503,dense_grid_lshape,4,6,token,deterministic,11,512,33.8111197780051
fresh4_dense_grid_lshape_904503,dense_grid_lshape,4,6,token,deterministic,17,1,36.92463877408554
fresh4_dense_grid_lshape_904503,dense_grid_lshape,4,6,token,deterministic,17,8,34.6862795005185
fresh4_dense_grid_lshape_904503,dense_grid_lshape,4,6,token,deterministic,17,32,34.181473456181315
fresh4_dense_grid_lshape_904503,dense_grid_lshape,4,6,token,deterministic,17,128,34.03287165223013
fresh4_dense_grid_lshape_904503,dense_grid_lshape,4,6,token,deterministic,17,512,33.81013141571394
fresh4_dense_grid_lshape_904503,dense_grid_lshape,4,6,token,deterministic,23,1,36.875079208628144
fresh4_dense_grid_lshape_904503,dense_grid_lshape,4,6,token,deterministic,23,8,34.68623009167601
fresh4_dense_grid_lshape_904503,dense_grid_lshape,4,6,token,deterministic,23,32,34.17885846953683
fresh4_dense_grid_lshape_904503,dense_grid_lshape,4,6,token,deterministic,23,128,34.02244559548554
fresh4_dense_grid_lshape_904503,dense_grid_lshape,4,6,token,deterministic,23,512,33.802897643921064
fresh4_dense_grid_lshape_904503,dense_grid_lshape,4,6,token,deterministic,31,1,36.87582606618534
fresh4_dense_grid_lshape_904503,dense_grid_lshape,4,6,token,deterministic,31,8,34.686533826553585
fresh4_dense_grid_lshape_904503,dense_grid_lshape,4,6,token,deterministic,31,32,34.179085456047375
fresh4_dense_grid_lshape_904503,dense_grid_lshape,4,6,token,deterministic,31,128,34.023025491119945
fresh4_dense_grid_lshape_904503,dense_grid_lshape,4,6,token,deterministic,31,512,33.80327804621956
fresh4_dense_grid_lshape_904503,dense_grid_lshape,4,6,token,poor,11,1,48.883430994789386
fresh4_dense_grid_lshape_904503,dense_grid_lshape,4,6,token,poor,11,8,35.91193476338226
fresh4_dense_grid_lshape_904503,dense_grid_lshape,4,6,token,poor,11,32,33.837617634649426
fresh4_dense_grid_lshape_904503,dense_grid_lshape,4,6,token,poor,11,128,33.760000799597584
fresh4_dense_grid_lshape_904503,dense_grid_lshape,4,6,token,poor,11,512,33.760000000000005
fresh4_dense_grid_lshape_904503,dense_grid_lshape,4,6,token,poor,17,1,50.39796179871148
fresh4_dense_grid_lshape_904503,dense_grid_lshape,4,6,token,poor,17,8,36.44038848232117
fresh4_dense_grid_lshape_904503,dense_grid_lshape,4,6,token,poor,17,32,34.04176857169205
fresh4_dense_grid_lshape_904503,dense_grid_lshape,4,6,token,poor,17,128,33.7623270493194
fresh4_dense_grid_lshape_904503,dense_grid_lshape,4,6,token,poor,17,512,33.760000000257286
fresh4_dense_grid_lshape_904503,dense_grid_lshape,4,6,token,poor,23,1,48.87864460578405
fresh4_dense_grid_lshape_904503,dense_grid_lshape,4,6,token,poor,23,8,35.912379207135174
fresh4_dense_grid_lshape_904503,dense_grid_lshape,4,6,token,poor,23,32,33.83759734186391
fresh4_dense_grid_lshape_904503,dense_grid_lshape,4,6,token,poor,23,128,33.76000079757737
fresh4_dense_grid_lshape_904503,dense_grid_lshape,4,6,token,poor,23,512,33.760000000000005
fresh4_dense_grid_lshape_904503,dense_grid_lshape,4,6,token,poor,31,1,48.87797350473172
fresh4_dense_grid_lshape_904503,dense_grid_lshape,4,6,token,poor,31,8,35.91193281481602
fresh4_dense_grid_lshape_904503,dense_grid_lshape,4,6,token,poor,31,32,33.83756976854853
fresh4_dense_grid_lshape_904503,dense_grid_lshape,4,6,token,poor,31,128,33.76000079969389
fresh4_dense_grid_lshape_904503,dense_grid_lshape,4,6,token,poor,31,512,33.760000000000005
fresh4_dense_grid_lshape_904503,dense_grid_lshape,4,6,token,random,11,1,36.98172125970908
fresh4_dense_grid_lshape_904503,dense_grid_lshape,4,6,token,random,11,8,34.478034988365195
fresh4_dense_grid_lshape_904503,dense_grid_lshape,4,6,token,random,11,32,34.23748675760589
fresh4_dense_grid_lshape_904503,dense_grid_lshape,4,6,token,random,11,128,34.229383766798044
fresh4_dense_grid_lshape_904503,dense_grid_lshape,4,6,token,random,11,512,34.19892321463709
fresh4_dense_grid_lshape_904503,dense_grid_lshape,4,6,token,random,17,1,36.98005725607068
fresh4_dense_grid_lshape_904503,dense_grid_lshape,4,6,token,random,17,8,34.47743721220886
fresh4_dense_grid_lshape_904503,dense_grid_lshape,4,6,token,random,17,32,34.2375567282175
fresh4_dense_grid_lshape_904503,dense_grid_lshape,4,6,token,random,17,128,34.22965753130517
fresh4_dense_grid_lshape_904503,dense_grid_lshape,4,6,token,random,17,512,34.19994810532923
fresh4_dense_grid_lshape_904503,dense_grid_lshape,4,6,token,random,23,1,36.98149730842862
fresh4_dense_grid_lshape_904503,dense_grid_lshape,4,6,token,random,23,8,34.47563261844383
fresh4_dense_grid_lshape_904503,dense_grid_lshape,4,6,token,random,23,32,34.22697171919718
fresh4_dense_grid_lshape_904503,dense_grid_lshape,4,6,token,random,23,128,34.18937450347887
fresh4_dense_grid_lshape_904503,dense_grid_lshape,4,6,token,random,23,512,34.06734156376416
fresh4_dense_grid_lshape_904503,dense_grid_lshape,4,6,token,random,31,1,36.83282885299424
fresh4_dense_grid_lshape_904503,dense_grid_lshape,4,6,token,random,31,8,34.4345521860719
fresh4_dense_grid_lshape_904503,dense_grid_lshape,4,6,token,random,31,32,34.233021606301584
fresh4_dense_grid_lshape_904503,dense_grid_lshape,4,6,token,random,31,128,34.212074993642794
fresh4_dense_grid_lshape_904503,dense_grid_lshape,4,6,token,random,31,512,34.137674990822276
fresh4_dense_grid_lshape_904503,dense_grid_lshape,4,6,uniform_feasible,deterministic,,1,37.664333333333225
fresh4_dense_grid_lshape_904503,dense_grid_lshape,4,6,uniform_feasible,deterministic,,8,36.65565898364045
fresh4_dense_grid_lshape_904503,dense_grid_lshape,4,6,uniform_feasible,deterministic,,32,34.911025435858896
fresh4_dense_grid_lshape_904503,dense_grid_lshape,4,6,uniform_feasible,deterministic,,128,33.83883951597621
fresh4_dense_grid_lshape_904503,dense_grid_lshape,4,6,uniform_feasible,deterministic,,512,33.76008795485724
fresh4_dense_grid_lshape_904503,dense_grid_lshape,4,6,uniform_feasible,poor,,1,52.91999999999991
fresh4_dense_grid_lshape_904503,dense_grid_lshape,4,6,uniform_feasible,poor,,8,38.52441079586937
fresh4_dense_grid_lshape_904503,dense_grid_lshape,4,6,uniform_feasible,poor,,32,34.93695899804558
fresh4_dense_grid_lshape_904503,dense_grid_lshape,4,6,uniform_feasible,poor,,128,33.83883957442598
fresh4_dense_grid_lshape_904503,dense_grid_lshape,4,6,uniform_feasible,poor,,512,33.760087954857234
fresh4_dense_grid_lshape_904503,dense_grid_lshape,4,6,uniform_feasible,random,,1,37.98233333333322
fresh4_dense_grid_lshape_904503,dense_grid_lshape,4,6,uniform_feasible,random,,8,36.789103107464534
fresh4_dense_grid_lshape_904503,dense_grid_lshape,4,6,uniform_feasible,random,,32,34.917822014020565
fresh4_dense_grid_lshape_904503,dense_grid_lshape,4,6,uniform_feasible,random,,128,33.83883956171175
fresh4_dense_grid_lshape_904503,dense_grid_lshape,4,6,uniform_feasible,random,,512,33.760087954857234
fresh4_dense_grid_lshape_904504,dense_grid_lshape,4,6,greedy,deterministic,,1,29.470000000000002
fresh4_dense_grid_lshape_904504,dense_grid_lshape,4,6,greedy,deterministic,,8,29.259999999999998
fresh4_dense_grid_lshape_904504,dense_grid_lshape,4,6,greedy,deterministic,,32,29.259999999999998
fresh4_dense_grid_lshape_904504,dense_grid_lshape,4,6,greedy,deterministic,,128,29.259999999999998
fresh4_dense_grid_lshape_904504,dense_grid_lshape,4,6,greedy,deterministic,,512,29.259999999999998
fresh4_dense_grid_lshape_904504,dense_grid_lshape,4,6,greedy,poor,,1,62.39
fresh4_dense_grid_lshape_904504,dense_grid_lshape,4,6,greedy,poor,,8,44.04999999999999
fresh4_dense_grid_lshape_904504,dense_grid_lshape,4,6,greedy,poor,,32,29.259999999999998
fresh4_dense_grid_lshape_904504,dense_grid_lshape,4,6,greedy,poor,,128,29.259999999999998
fresh4_dense_grid_lshape_904504,dense_grid_lshape,4,6,greedy,poor,,512,29.259999999999998
fresh4_dense_grid_lshape_904504,dense_grid_lshape,4,6,greedy,random,,1,35.94
fresh4_dense_grid_lshape_904504,dense_grid_lshape,4,6,greedy,random,,8,31.2
fresh4_dense_grid_lshape_904504,dense_grid_lshape,4,6,greedy,random,,32,29.259999999999998
fresh4_dense_grid_lshape_904504,dense_grid_lshape,4,6,greedy,random,,128,29.259999999999998
fresh4_dense_grid_lshape_904504,dense_grid_lshape,4,6,greedy,random,,512,29.259999999999998
fresh4_dense_grid_lshape_904504,dense_grid_lshape,4,6,penalty_row_xy,deterministic,11,1,29.4696124253734
fresh4_dense_grid_lshape_904504,dense_grid_lshape,4,6,penalty_row_xy,deterministic,11,8,29.46691935777384
fresh4_dense_grid_lshape_904504,dense_grid_lshape,4,6,penalty_row_xy,deterministic,11,32,29.457945942037295
fresh4_dense_grid_lshape_904504,dense_grid_lshape,4,6,penalty_row_xy,deterministic,11,128,29.425778622921108
fresh4_dense_grid_lshape_904504,dense_grid_lshape,4,6,penalty_row_xy,deterministic,11,512,29.341556058137144
fresh4_dense_grid_lshape_904504,dense_grid_lshape,4,6,penalty_row_xy,deterministic,17,1,29.468811434898694
fresh4_dense_grid_lshape_904504,dense_grid_lshape,4,6,penalty_row_xy,deterministic,17,8,29.460677720319676
fresh4_dense_grid_lshape_904504,dense_grid_lshape,4,6,penalty_row_xy,deterministic,17,32,29.435121210735804
fresh4_dense_grid_lshape_904504,dense_grid_lshape,4,6,penalty_row_xy,deterministic,17,128,29.361554020198508
fresh4_dense_grid_lshape_904504,dense_grid_lshape,4,6,penalty_row_xy,deterministic,17,512,29.271484989366495
fresh4_dense_grid_lshape_904504,dense_grid_lshape,4,6,penalty_row_xy,deterministic,23,1,29.46968071347007
fresh4_dense_grid_lshape_904504,dense_grid_lshape,4,6,penalty_row_xy,deterministic,23,8,29.46745925902498
fresh4_dense_grid_lshape_904504,dense_grid_lshape,4,6,penalty_row_xy,deterministic,23,32,29.460019991934907
fresh4_dense_grid_lshape_904504,dense_grid_lshape,4,6,penalty_row_xy,deterministic,23,128,29.432836609204827
fresh4_dense_grid_lshape_904504,dense_grid_lshape,4,6,penalty_row_xy,deterministic,23,512,29.356357398423228
fresh4_dense_grid_lshape_904504,dense_grid_lshape,4,6,penalty_row_xy,deterministic,31,1,29.46841925058031
fresh4_dense_grid_lshape_904504,dense_grid_lshape,4,6,penalty_row_xy,deterministic,31,8,29.457682204937264
fresh4_dense_grid_lshape_904504,dense_grid_lshape,4,6,penalty_row_xy,deterministic,31,32,29.424896873698593
fresh4_dense_grid_lshape_904504,dense_grid_lshape,4,6,penalty_row_xy,deterministic,31,128,29.33983471942147
fresh4_dense_grid_lshape_904504,dense_grid_lshape,4,6,penalty_row_xy,deterministic,31,512,29.264386411071115
fresh4_dense_grid_lshape_904504,dense_grid_lshape,4,6,penalty_row_xy,poor,11,1,53.05184005550035
fresh4_dense_grid_lshape_904504,dense_grid_lshape,4,6,penalty_row_xy,poor,11,8,34.316483838843325
fresh4_dense_grid_lshape_904504,dense_grid_lshape,4,6,penalty_row_xy,poor,11,32,30.09438835223427
fresh4_dense_grid_lshape_904504,dense_grid_lshape,4,6,penalty_row_xy,poor,11,128,29.275611033053163
fresh4_dense_grid_lshape_904504,dense_grid_lshape,4,6,penalty_row_xy,poor,11,512,29.260000003655364
fresh4_dense_grid_lshape_904504,dense_grid_lshape,4,6,penalty_row_xy,poor,17,1,52.997412731483465
fresh4_dense_grid_lshape_904504,dense_grid_lshape,4,6,penalty_row_xy,poor,17,8,34.06307378517176
fresh4_dense_grid_lshape_904504,dense_grid_lshape,4,6,penalty_row_xy,poor,17,32,30.249403514266714
fresh4_dense_grid_lshape_904504,dense_grid_lshape,4,6,penalty_row_xy,poor,17,128,29.305144585756455
fresh4_dense_grid_lshape_904504,dense_grid_lshape,4,6,penalty_row_xy,poor,17,512,29.260000459430316
fresh4_dense_grid_lshape_904504,dense_grid_lshape,4,6,penalty_row_xy,poor,23,1,52.59944830785229
fresh4_dense_grid_lshape_904504,dense_grid_lshape,4,6,penalty_row_xy,poor,23,8,33.391775628102934
fresh4_dense_grid_lshape_904504,dense_grid_lshape,4,6,penalty_row_xy,poor,23,32,30.70965010567533
fresh4_dense_grid_lshape_904504,dense_grid_lshape,4,6,penalty_row_xy,poor,23,128,30.11383746188467
fresh4_dense_grid_lshape_904504,dense_grid_lshape,4,6,penalty_row_xy,poor,23,512,29.436963767283864
fresh4_dense_grid_lshape_904504,dense_grid_lshape,4,6,penalty_row_xy,poor,31,1,52.98856509919301
fresh4_dense_grid_lshape_904504,dense_grid_lshape,4,6,penalty_row_xy,poor,31,8,33.326317434538836
fresh4_dense_grid_lshape_904504,dense_grid_lshape,4,6,penalty_row_xy,poor,31,32,29.47903247184331
fresh4_dense_grid_lshape_904504,dense_grid_lshape,4,6,penalty_row_xy,poor,31,128,29.26006252781215
fresh4_dense_grid_lshape_904504,dense_grid_lshape,4,6,penalty_row_xy,poor,31,512,29.259999999999998
fresh4_dense_grid_lshape_904504,dense_grid_lshape,4,6,penalty_row_xy,random,11,1,35.81172535473689
fresh4_dense_grid_lshape_904504,dense_grid_lshape,4,6,penalty_row_xy,random,11,8,34.99297506225582
fresh4_dense_grid_lshape_904504,dense_grid_lshape,4,6,penalty_row_xy,random,11,32,33.00074707310147
fresh4_dense_grid_lshape_904504,dense_grid_lshape,4,6,penalty_row_xy,random,11,128,30.339539102699614
fresh4_dense_grid_lshape_904504,dense_grid_lshape,4,6,penalty_row_xy,random,11,512,29.380445055642603
fresh4_dense_grid_lshape_904504,dense_grid_lshape,4,6,penalty_row_xy,random,17,1,35.54263915338314
fresh4_dense_grid_lshape_904504,dense_grid_lshape,4,6,penalty_row_xy,random,17,8,33.45043097728136
fresh4_dense_grid_lshape_904504,dense_grid_lshape,4,6,penalty_row_xy,random,17,32,30.643114470719425
fresh4_dense_grid_lshape_904504,dense_grid_lshape,4,6,penalty_row_xy,random,17,128,29.46677280835734
fresh4_dense_grid_lshape_904504,dense_grid_lshape,4,6,penalty_row_xy,random,17,512,29.354293674956704
fresh4_dense_grid_lshape_904504,dense_grid_lshape,4,6,penalty_row_xy,random,23,1,35.813350414172994
fresh4_dense_grid_lshape_904504,dense_grid_lshape,4,6,penalty_row_xy,random,23,8,35.003814979418905
fresh4_dense_grid_lshape_904504,dense_grid_lshape,4,6,penalty_row_xy,random,23,32,33.02392176576725
fresh4_dense_grid_lshape_904504,dense_grid_lshape,4,6,penalty_row_xy,random,23,128,30.344832041774
fresh4_dense_grid_lshape_904504,dense_grid_lshape,4,6,penalty_row_xy,random,23,512,29.379211671206306
fresh4_dense_grid_lshape_904504,dense_grid_lshape,4,6,penalty_row_xy,random,31,1,35.44600112103601
fresh4_dense_grid_lshape_904504,dense_grid_lshape,4,6,penalty_row_xy,random,31,8,32.95832069356012
fresh4_dense_grid_lshape_904504,dense_grid_lshape,4,6,penalty_row_xy,random,31,32,30.136014753907357
fresh4_dense_grid_lshape_904504,dense_grid_lshape,4,6,penalty_row_xy,random,31,128,29.424552754828568
fresh4_dense_grid_lshape_904504,dense_grid_lshape,4,6,penalty_row_xy,random,31,512,29.33201567035833
fresh4_dense_grid_lshape_904504,dense_grid_lshape,4,6,token,deterministic,11,1,29.41326945969502
fresh4_dense_grid_lshape_904504,dense_grid_lshape,4,6,token,deterministic,11,8,29.276908689468808
fresh4_dense_grid_lshape_904504,dense_grid_lshape,4,6,token,deterministic,11,32,29.260008826365528
fresh4_dense_grid_lshape_904504,dense_grid_lshape,4,6,token,deterministic,11,128,29.259999999999998
fresh4_dense_grid_lshape_904504,dense_grid_lshape,4,6,token,deterministic,11,512,29.259999999999998
fresh4_dense_grid_lshape_904504,dense_grid_lshape,4,6,token,deterministic,17,1,29.415974747733294
fresh4_dense_grid_lshape_904504,dense_grid_lshape,4,6,token,deterministic,17,8,29.27944908937331
fresh4_dense_grid_lshape_904504,dense_grid_lshape,4,6,token,deterministic,17,32,29.26001545038137
fresh4_dense_grid_lshape_904504,dense_grid_lshape,4,6,token,deterministic,17,128,29.259999999999998
fresh4_dense_grid_lshape_904504,dense_grid_lshape,4,6,token,deterministic,17,512,29.259999999999998
fresh4_dense_grid_lshape_904504,dense_grid_lshape,4,6,token,deterministic,23,1,29.40440548934341
fresh4_dense_grid_lshape_904504,dense_grid_lshape,4,6,token,deterministic,23,8,29.270498676584154
fresh4_dense_grid_lshape_904504,dense_grid_lshape,4,6,token,deterministic,23,32,29.260001311838412
fresh4_dense_grid_lshape_904504,dense_grid_lshape,4,6,token,deterministic,23,128,29.259999999999998
fresh4_dense_grid_lshape_904504,dense_grid_lshape,4,6,token,deterministic,23,512,29.259999999999998
fresh4_dense_grid_lshape_904504,dense_grid_lshape,4,6,token,deterministic,31,1,29.41351525274771
fresh4_dense_grid_lshape_904504,dense_grid_lshape,4,6,token,deterministic,31,8,29.277126838108313
fresh4_dense_grid_lshape_904504,dense_grid_lshape,4,6,token,deterministic,31,32,29.260009290752393
fresh4_dense_grid_lshape_904504,dense_grid_lshape,4,6,token,deterministic,31,128,29.259999999999998
fresh4_dense_grid_lshape_904504,dense_grid_lshape,4,6,token,deterministic,31,512,29.259999999999998
fresh4_dense_grid_lshape_904504,dense_grid_lshape,4,6,token,poor,11,1,33.86792360974882
fresh4_dense_grid_lshape_904504,dense_grid_lshape,4,6,token,poor,11,8,29.381488449276407
fresh4_dense_grid_lshape_904504,dense_grid_lshape,4,6,token,poor,11,32,29.264035176371245
fresh4_dense_grid_lshape_904504,dense_grid_lshape,4,6,token,poor,11,128,29.260000028620894
fresh4_dense_grid_lshape_904504,dense_grid_lshape,4,6,token,poor,11,512,29.259999999999998
fresh4_dense_grid_lshape_904504,dense_grid_lshape,4,6,token,poor,17,1,45.66952334119984
fresh4_dense_grid_lshape_904504,dense_grid_lshape,4,6,token,poor,17,8,34.903809114293814
fresh4_dense_grid_lshape_904504,dense_grid_lshape,4,6,token,poor,17,32,32.33657901885957
fresh4_dense_grid_lshape_904504,dense_grid_lshape,4,6,token,poor,17,128,31.301910616044403
fresh4_dense_grid_lshape_904504,dense_grid_lshape,4,6,token,poor,17,512,29.85801001913757
fresh4_dense_grid_lshape_904504,dense_grid_lshape,4,6,token,poor,23,1,45.904576018309555
fresh4_dense_grid_lshape_904504,dense_grid_lshape,4,6,token,poor,23,8,34.899999789631195
fresh4_dense_grid_lshape_904504,dense_grid_lshape,4,6,token,poor,23,32,32.213439577500054
fresh4_dense_grid_lshape_904504,dense_grid_lshape,4,6,token,poor,23,128,30.969154489511315
fresh4_dense_grid_lshape_904504,dense_grid_lshape,4,6,token,poor,23,512,29.56471161569646
fresh4_dense_grid_lshape_904504,dense_grid_lshape,4,6,token,poor,31,1,45.87973223077524
fresh4_dense_grid_lshape_904504,dense_grid_lshape,4,6,token,poor,31,8,34.9008934797987
fresh4_dense_grid_lshape_904504,dense_grid_lshape,4,6,token,poor,31,32,32.224695496496196
fresh4_dense_grid_lshape_904504,dense_grid_lshape,4,6,token,poor,31,128,30.99534999525157
fresh4_dense_grid_lshape_904504,dense_grid_lshape,4,6,token,poor,31,512,29.582664518606258
fresh4_dense_grid_lshape_904504,dense_grid_lshape,4,6,token,random,11,1,34.08274654889408
fresh4_dense_grid_lshape_904504,dense_grid_lshape,4,6,token,random,11,8,30.079274079388057
fresh4_dense_grid_lshape_904504,dense_grid_lshape,4,6,token,random,11,32,29.28495746585453
fresh4_dense_grid_lshape_904504,dense_grid_lshape,4,6,token,random,11,128,29.260001635786416
fresh4_dense_grid_lshape_904504,dense_grid_lshape,4,6,token,random,11,512,29.259999999999998
fresh4_dense_grid_lshape_904504,dense_grid_lshape,4,6,token,random,17,1,33.53818234086627
fresh4_dense_grid_lshape_904504,dense_grid_lshape,4,6,token,random,17,8,29.76473075507967
fresh4_dense_grid_lshape_904504,dense_grid_lshape,4,6,token,random,17,32,29.277116082444863
fresh4_dense_grid_lshape_904504,dense_grid_lshape,4,6,token,random,17,128,29.260005187739416
fresh4_dense_grid_lshape_904504,dense_grid_lshape,4,6,token,random,17,512,29.259999999999998
fresh4_dense_grid_lshape_904504,dense_grid_lshape,4,6,token,random,23,1,33.53934085465971
fresh4_dense_grid_lshape_904504,dense_grid_lshape,4,6,token,random,23,8,29.76510417025751
fresh4_dense_grid_lshape_904504,dense_grid_lshape,4,6,token,random,23,32,29.27719386693889
fresh4_dense_grid_lshape_904504,dense_grid_lshape,4,6,token,random,23,128,29.260005300671136
fresh4_dense_grid_lshape_904504,dense_grid_lshape,4,6,token,random,23,512,29.259999999999998
fresh4_dense_grid_lshape_904504,dense_grid_lshape,4,6,token,random,31,1,33.53555072432526
fresh4_dense_grid_lshape_904504,dense_grid_lshape,4,6,token,random,31,8,29.763953088108924
fresh4_dense_grid_lshape_904504,dense_grid_lshape,4,6,token,random,31,32,29.27700397966121
fresh4_dense_grid_lshape_904504,dense_grid_lshape,4,6,token,random,31,128,29.260005028703002
fresh4_dense_grid_lshape_904504,dense_grid_lshape,4,6,token,random,31,512,29.259999999999998
fresh4_dense_grid_lshape_904504,dense_grid_lshape,4,6,uniform_feasible,deterministic,,1,29.46649999999991
fresh4_dense_grid_lshape_904504,dense_grid_lshape,4,6,uniform_feasible,deterministic,,8,29.44358000815012
fresh4_dense_grid_lshape_904504,dense_grid_lshape,4,6,uniform_feasible,deterministic,,32,29.38264325123314
fresh4_dense_grid_lshape_904504,dense_grid_lshape,4,6,uniform_feasible,deterministic,,128,29.284429621361166
fresh4_dense_grid_lshape_904504,dense_grid_lshape,4,6,uniform_feasible,deterministic,,512,29.260038459980443
fresh4_dense_grid_lshape_904504,dense_grid_lshape,4,6,uniform_feasible,poor,,1,45.94333333333324
fresh4_dense_grid_lshape_904504,dense_grid_lshape,4,6,uniform_feasible,poor,,8,33.225136661286946
fresh4_dense_grid_lshape_904504,dense_grid_lshape,4,6,uniform_feasible,poor,,32,30.09903663028332
fresh4_dense_grid_lshape_904504,dense_grid_lshape,4,6,uniform_feasible,poor,,128,29.304443021924325
fresh4_dense_grid_lshape_904504,dense_grid_lshape,4,6,uniform_feasible,poor,,512,29.26003850341074
fresh4_dense_grid_lshape_904504,dense_grid_lshape,4,6,uniform_feasible,random,,1,35.31183333333323
fresh4_dense_grid_lshape_904504,dense_grid_lshape,4,6,uniform_feasible,random,,8,32.54045058414073
fresh4_dense_grid_lshape_904504,dense_grid_lshape,4,6,uniform_feasible,random,,32,30.097882242296308
fresh4_dense_grid_lshape_904504,dense_grid_lshape,4,6,uniform_feasible,random,,128,29.304443021923113
fresh4_dense_grid_lshape_904504,dense_grid_lshape,4,6,uniform_feasible,random,,512,29.26003850341074
fresh4_dense_grid_lshape_904505,dense_grid_lshape,4,6,greedy,deterministic,,1,27.229999999999997
fresh4_dense_grid_lshape_904505,dense_grid_lshape,4,6,greedy,deterministic,,8,17.529999999999998
fresh4_dense_grid_lshape_904505,dense_grid_lshape,4,6,greedy,deterministic,,32,17.529999999999998
fresh4_dense_grid_lshape_904505,dense_grid_lshape,4,6,greedy,deterministic,,128,17.529999999999998
fresh4_dense_grid_lshape_904505,dense_grid_lshape,4,6,greedy,deterministic,,512,17.529999999999998
fresh4_dense_grid_lshape_904505,dense_grid_lshape,4,6,greedy,poor,,1,53.43
fresh4_dense_grid_lshape_904505,dense_grid_lshape,4,6,greedy,poor,,8,25.65
fresh4_dense_grid_lshape_904505,dense_grid_lshape,4,6,greedy,poor,,32,17.529999999999998
fresh4_dense_grid_lshape_904505,dense_grid_lshape,4,6,greedy,poor,,128,17.529999999999998
fresh4_dense_grid_lshape_904505,dense_grid_lshape,4,6,greedy,poor,,512,17.529999999999998
fresh4_dense_grid_lshape_904505,dense_grid_lshape,4,6,greedy,random,,1,50.48
fresh4_dense_grid_lshape_904505,dense_grid_lshape,4,6,greedy,random,,8,23.919999999999998
fresh4_dense_grid_lshape_904505,dense_grid_lshape,4,6,greedy,random,,32,20.439999999999998
fresh4_dense_grid_lshape_904505,dense_grid_lshape,4,6,greedy,random,,128,17.529999999999998
fresh4_dense_grid_lshape_904505,dense_grid_lshape,4,6,greedy,random,,512,17.529999999999998
fresh4_dense_grid_lshape_904505,dense_grid_lshape,4,6,penalty_row_xy,deterministic,11,1,26.354514962537046
fresh4_dense_grid_lshape_904505,dense_grid_lshape,4,6,penalty_row_xy,deterministic,11,8,22.737535474830977
fresh4_dense_grid_lshape_904505,dense_grid_lshape,4,6,penalty_row_xy,deterministic,11,32,20.146209820457585
fresh4_dense_grid_lshape_904505,dense_grid_lshape,4,6,penalty_row_xy,deterministic,11,128,18.5012955458299
fresh4_dense_grid_lshape_904505,dense_grid_lshape,4,6,penalty_row_xy,deterministic,11,512,17.552772800662677
fresh4_dense_grid_lshape_904505,dense_grid_lshape,4,6,penalty_row_xy,deterministic,17,1,26.579379919113414
fresh4_dense_grid_lshape_904505,dense_grid_lshape,4,6,penalty_row_xy,deterministic,17,8,23.55026281352932
fresh4_dense_grid_lshape_904505,dense_grid_lshape,4,6,penalty_row_xy,deterministic,17,32,20.338269881506545
fresh4_dense_grid_lshape_904505,dense_grid_lshape,4,6,penalty_row_xy,deterministic,17,128,18.285889665488735
fresh4_dense_grid_lshape_904505,dense_grid_lshape,4,6,penalty_row_xy,deterministic,17,512,17.540630225472622
fresh4_dense_grid_lshape_904505,dense_grid_lshape,4,6,penalty_row_xy,deterministic,23,1,26.434744320146688
fresh4_dense_grid_lshape_904505,dense_grid_lshape,4,6,penalty_row_xy,deterministic,23,8,22.50076191088408
fresh4_dense_grid_lshape_904505,dense_grid_lshape,4,6,penalty_row_xy,deterministic,23,32,18.329951910271415
fresh4_dense_grid_lshape_904505,dense_grid_lshape,4,6,penalty_row_xy,deterministic,23,128,17.531549587200015
fresh4_dense_grid_lshape_904505,dense_grid_lshape,4,6,penalty_row_xy,deterministic,23,512,17.530000000000136
fresh4_dense_grid_lshape_904505,dense_grid_lshape,4,6,penalty_row_xy,deterministic,31,1,26.83262774169
fresh4_dense_grid_lshape_904505,dense_grid_lshape,4,6,penalty_row_xy,deterministic,31,8,24.6994895033752
fresh4_dense_grid_lshape_904505,dense_grid_lshape,4,6,penalty_row_xy,deterministic,31,32,21.60008018725225
fresh4_dense_grid_lshape_904505,dense_grid_lshape,4,6,penalty_row_xy,deterministic,31,128,19.215878185045288
fresh4_dense_grid_lshape_904505,dense_grid_lshape,4,6,penalty_row_xy,deterministic,31,512,17.71316760340126
fresh4_dense_grid_lshape_904505,dense_grid_lshape,4,6,penalty_row_xy,poor,11,1,44.42431853105459
fresh4_dense_grid_lshape_904505,dense_grid_lshape,4,6,penalty_row_xy,poor,11,8,23.1531279697664
fresh4_dense_grid_lshape_904505,dense_grid_lshape,4,6,penalty_row_xy,poor,11,32,17.843170953200435
fresh4_dense_grid_lshape_904505,dense_grid_lshape,4,6,penalty_row_xy,poor,11,128,17.530056145628937
fresh4_dense_grid_lshape_904505,dense_grid_lshape,4,6,penalty_row_xy,poor,11,512,17.529999999999998
fresh4_dense_grid_lshape_904505,dense_grid_lshape,4,6,penalty_row_xy,poor,17,1,44.057263730867675
fresh4_dense_grid_lshape_904505,dense_grid_lshape,4,6,penalty_row_xy,poor,17,8,22.90665974267079
fresh4_dense_grid_lshape_904505,dense_grid_lshape,4,6,penalty_row_xy,poor,17,32,17.95141846733322
fresh4_dense_grid_lshape_904505,dense_grid_lshape,4,6,penalty_row_xy,poor,17,128,17.530545912826295
fresh4_dense_grid_lshape_904505,dense_grid_lshape,4,6,penalty_row_xy,poor,17,512,17.53
fresh4_dense_grid_lshape_904505,dense_grid_lshape,4,6,penalty_row_xy,poor,23,1,44.59109279234157
fresh4_dense_grid_lshape_904505,dense_grid_lshape,4,6,penalty_row_xy,poor,23,8,23.215082856452213
fresh4_dense_grid_lshape_904505,dense_grid_lshape,4,6,penalty_row_xy,poor,23,32,17.99895647457511
fresh4_dense_grid_lshape_904505,dense_grid_lshape,4,6,penalty_row_xy,poor,23,128,17.530794819981605
fresh4_dense_grid_lshape_904505,dense_grid_lshape,4,6,penalty_row_xy,poor,23,512,17.530000000000015
fresh4_dense_grid_lshape_904505,dense_grid_lshape,4,6,penalty_row_xy,poor,31,1,44.582441125165595
fresh4_dense_grid_lshape_904505,dense_grid_lshape,4,6,penalty_row_xy,poor,31,8,23.210076740728883
fresh4_dense_grid_lshape_904505,dense_grid_lshape,4,6,penalty_row_xy,poor,31,32,17.996587189841513
fresh4_dense_grid_lshape_904505,dense_grid_lshape,4,6,penalty_row_xy,poor,31,128,17.53077586906307
fresh4_dense_grid_lshape_904505,dense_grid_lshape,4,6,penalty_row_xy,poor,31,512,17.530000000000012
fresh4_dense_grid_lshape_904505,dense_grid_lshape,4,6,penalty_row_xy,random,11,1,42.12578642954175
fresh4_dense_grid_lshape_904505,dense_grid_lshape,4,6,penalty_row_xy,random,11,8,23.79409548297871
fresh4_dense_grid_lshape_904505,dense_grid_lshape,4,6,penalty_row_xy,random,11,32,19.309608862580347
fresh4_dense_grid_lshape_904505,dense_grid_lshape,4,6,penalty_row_xy,random,11,128,17.6654028366812
fresh4_dense_grid_lshape_904505,dense_grid_lshape,4,6,penalty_row_xy,random,11,512,17.53001062943864
fresh4_dense_grid_lshape_904505,dense_grid_lshape,4,6,penalty_row_xy,random,17,1,42.153634767942236
fresh4_dense_grid_lshape_904505,dense_grid_lshape,4,6,penalty_row_xy,random,17,8,23.81217278659424
fresh4_dense_grid_lshape_904505,dense_grid_lshape,4,6,penalty_row_xy,random,17,32,19.304957351894505
fresh4_dense_grid_lshape_904505,dense_grid_lshape,4,6,penalty_row_xy,random,17,128,17.6640100956766
fresh4_dense_grid_lshape_904505,dense_grid_lshape,4,6,penalty_row_xy,random,17,512,17.530010193279647
fresh4_dense_grid_lshape_904505,dense_grid_lshape,4,6,penalty_row_xy,random,23,1,44.254317404274346
fresh4_dense_grid_lshape_904505,dense_grid_lshape,4,6,penalty_row_xy,random,23,8,25.818422260456025
fresh4_dense_grid_lshape_904505,dense_grid_lshape,4,6,penalty_row_xy,random,23,32,19.0793750952864
fresh4_dense_grid_lshape_904505,dense_grid_lshape,4,6,penalty_row_xy,random,23,128,17.594203536864352
fresh4_dense_grid_lshape_904505,dense_grid_lshape,4,6,penalty_row_xy,random,23,512,17.530000540242956
fresh4_dense_grid_lshape_904505,dense_grid_lshape,4,6,penalty_row_xy,random,31,1,42.15706388493382
fresh4_dense_grid_lshape_904505,dense_grid_lshape,4,6,penalty_row_xy,random,31,8,23.810564905309974
fresh4_dense_grid_lshape_904505,dense_grid_lshape,4,6,penalty_row_xy,random,31,32,19.29669493180603
fresh4_dense_grid_lshape_904505,dense_grid_lshape,4,6,penalty_row_xy,random,31,128,17.660724296216173
fresh4_dense_grid_lshape_904505,dense_grid_lshape,4,6,penalty_row_xy,random,31,512,17.530009209282742
fresh4_dense_grid_lshape_904505,dense_grid_lshape,4,6,token,deterministic,11,1,21.048090148367713
fresh4_dense_grid_lshape_904505,dense_grid_lshape,4,6,token,deterministic,11,8,17.872058879724847
fresh4_dense_grid_lshape_904505,dense_grid_lshape,4,6,token,deterministic,11,32,17.530324103353454
fresh4_dense_grid_lshape_904505,dense_grid_lshape,4,6,token,deterministic,11,128,17.529999999999994
fresh4_dense_grid_lshape_904505,dense_grid_lshape,4,6,token,deterministic,11,512,17.529999999999998
fresh4_dense_grid_lshape_904505,dense_grid_lshape,4,6,token,deterministic,17,1,21.69712136159437
fresh4_dense_grid_lshape_904505,dense_grid_lshape,4,6,token,deterministic,17,8,17.842493905102412
fresh4_dense_grid_lshape_904505,dense_grid_lshape,4,6,token,deterministic,17,32,17.53021965696616
fresh4_dense_grid_lshape_904505,dense_grid_lshape,4,6,token,deterministic,17,128,17.529999999999998
fresh4_dense_grid_lshape_904505,dense_grid_lshape,4,6,token,deterministic,17,512,17.529999999999998
fresh4_dense_grid_lshape_904505,dense_grid_lshape,4,6,token,deterministic,23,1,21.044400047720995
fresh4_dense_grid_lshape_904505,dense_grid_lshape,4,6,token,deterministic,23,8,17.878840539050515
fresh4_dense_grid_lshape_904505,dense_grid_lshape,4,6,token,deterministic,23,32,17.53035070636695
fresh4_dense_grid_lshape_904505,dense_grid_lshape,4,6,token,deterministic,23,128,17.529999999999998
fresh4_dense_grid_lshape_904505,dense_grid_lshape,4,6,token,deterministic,23,512,17.529999999999998
fresh4_dense_grid_lshape_904505,dense_grid_lshape,4,6,token,deterministic,31,1,21.17638238207747
fresh4_dense_grid_lshape_904505,dense_grid_lshape,4,6,token,deterministic,31,8,17.860211311878835
fresh4_dense_grid_lshape_904505,dense_grid_lshape,4,6,token,deterministic,31,32,17.53028036837356
fresh4_dense_grid_lshape_904505,dense_grid_lshape,4,6,token,deterministic,31,128,17.529999999999998
fresh4_dense_grid_lshape_904505,dense_grid_lshape,4,6,token,deterministic,31,512,17.529999999999998
fresh4_dense_grid_lshape_904505,dense_grid_lshape,4,6,token,poor,11,1,23.281901623767762
fresh4_dense_grid_lshape_904505,dense_grid_lshape,4,6,token,poor,11,8,17.728150819041268
fresh4_dense_grid_lshape_904505,dense_grid_lshape,4,6,token,poor,11,32,17.530041807262403
fresh4_dense_grid_lshape_904505,dense_grid_lshape,4,6,token,poor,11,128,17.529999999999998
fresh4_dense_grid_lshape_904505,dense_grid_lshape,4,6,token,poor,11,512,17.529999999999998
fresh4_dense_grid_lshape_904505,dense_grid_lshape,4,6,token,poor,17,1,24.40225937736673
fresh4_dense_grid_lshape_904505,dense_grid_lshape,4,6,token,poor,17,8,17.82626680102125
fresh4_dense_grid_lshape_904505,dense_grid_lshape,4,6,token,poor,17,32,17.530177726864093
fresh4_dense_grid_lshape_904505,dense_grid_lshape,4,6,token,poor,17,128,17.529999999999998
fresh4_dense_grid_lshape_904505,dense_grid_lshape,4,6,token,poor,17,512,17.529999999999998
fresh4_dense_grid_lshape_904505,dense_grid_lshape,4,6,token,poor,23,1,22.195974207689556
fresh4_dense_grid_lshape_904505,dense_grid_lshape,4,6,token,poor,23,8,17.653069727943294
fresh4_dense_grid_lshape_904505,dense_grid_lshape,4,6,token,poor,23,32,17.530006725864652
fresh4_dense_grid_lshape_904505,dense_grid_lshape,4,6,token,poor,23,128,17.529999999999998
fresh4_dense_grid_lshape_904505,dense_grid_lshape,4,6,token,poor,23,512,17.529999999999998
fresh4_dense_grid_lshape_904505,dense_grid_lshape,4,6,token,poor,31,1,23.293400496867292
fresh4_dense_grid_lshape_904505,dense_grid_lshape,4,6,token,poor,31,8,17.786280847887763
fresh4_dense_grid_lshape_904505,dense_grid_lshape,4,6,token,poor,31,32,17.530114961598354
fresh4_dense_grid_lshape_904505,dense_grid_lshape,4,6,token,poor,31,128,17.529999999999998
fresh4_dense_grid_lshape_904505,dense_grid_lshape,4,6,token,poor,31,512,17.529999999999998
fresh4_dense_grid_lshape_904505,dense_grid_lshape,4,6,token,random,11,1,34.678986408038504
fresh4_dense_grid_lshape_904505,dense_grid_lshape,4,6,token,random,11,8,23.68509027380707
fresh4_dense_grid_lshape_904505,dense_grid_lshape,4,6,token,random,11,32,20.554496519982585
fresh4_dense_grid_lshape_904505,dense_grid_lshape,4,6,token,random,11,128,18.373711830993177
fresh4_dense_grid_lshape_904505,dense_grid_lshape,4,6,token,random,11,512,17.544250083371576
fresh4_dense_grid_lshape_904505,dense_grid_lshape,4,6,token,random,17,1,35.07019513688396
fresh4_dense_grid_lshape_904505,dense_grid_lshape,4,6,token,random,17,8,24.003153940534357
fresh4_dense_grid_lshape_904505,dense_grid_lshape,4,6,token,random,17,32,20.951234930159675
fresh4_dense_grid_lshape_904505,dense_grid_lshape,4,6,token,random,17,128,18.755332397021643
fresh4_dense_grid_lshape_904505,dense_grid_lshape,4,6,token,random,17,512,17.585351850268086
fresh4_dense_grid_lshape_904505,dense_grid_lshape,4,6,token,random,23,1,39.135730406996856
fresh4_dense_grid_lshape_904505,dense_grid_lshape,4,6,token,random,23,8,26.628719955891512
fresh4_dense_grid_lshape_904505,dense_grid_lshape,4,6,token,random,23,32,22.3626150102291
fresh4_dense_grid_lshape_904505,dense_grid_lshape,4,6,token,random,23,128,19.868413114241246
fresh4_dense_grid_lshape_904505,dense_grid_lshape,4,6,token,random,23,512,18.091601549428482
fresh4_dense_grid_lshape_904505,dense_grid_lshape,4,6,token,random,31,1,26.91982140602778
fresh4_dense_grid_lshape_904505,dense_grid_lshape,4,6,token,random,31,8,19.51142378262387
fresh4_dense_grid_lshape_904505,dense_grid_lshape,4,6,token,random,31,32,17.6497356724122
fresh4_dense_grid_lshape_904505,dense_grid_lshape,4,6,token,random,31,128,17.530004169192033
fresh4_dense_grid_lshape_904505,dense_grid_lshape,4,6,token,random,31,512,17.529999999999998
fresh4_dense_grid_lshape_904505,dense_grid_lshape,4,6,uniform_feasible,deterministic,,1,26.23238888888882
fresh4_dense_grid_lshape_904505,dense_grid_lshape,4,6,uniform_feasible,deterministic,,8,22.484876363033255
fresh4_dense_grid_lshape_904505,dense_grid_lshape,4,6,uniform_feasible,deterministic,,32,19.659225823040632
fresh4_dense_grid_lshape_904505,dense_grid_lshape,4,6,uniform_feasible,deterministic,,128,17.8843357041396
fresh4_dense_grid_lshape_904505,dense_grid_lshape,4,6,uniform_feasible,deterministic,,512,17.530533255783148
fresh4_dense_grid_lshape_904505,dense_grid_lshape,4,6,uniform_feasible,poor,,1,33.739999999999924
fresh4_dense_grid_lshape_904505,dense_grid_lshape,4,6,uniform_feasible,poor,,8,22.679214769489185
fresh4_dense_grid_lshape_904505,dense_grid_lshape,4,6,uniform_feasible,poor,,32,19.659256531932478
fresh4_dense_grid_lshape_904505,dense_grid_lshape,4,6,uniform_feasible,poor,,128,17.884335704139602
fresh4_dense_grid_lshape_904505,dense_grid_lshape,4,6,uniform_feasible,poor,,512,17.530533255783148
fresh4_dense_grid_lshape_904505,dense_grid_lshape,4,6,uniform_feasible,random,,1,33.688833333333264
fresh4_dense_grid_lshape_904505,dense_grid_lshape,4,6,uniform_feasible,random,,8,22.679214769488762
fresh4_dense_grid_lshape_904505,dense_grid_lshape,4,6,uniform_feasible,random,,32,19.659256531932478
fresh4_dense_grid_lshape_904505,dense_grid_lshape,4,6,uniform_feasible,random,,128,17.884335704139602
fresh4_dense_grid_lshape_904505,dense_grid_lshape,4,6,uniform_feasible,random,,512,17.530533255783148
fresh4_sparse_grid_904000,sparse_grid,4,6,greedy,deterministic,,1,16.83
fresh4_sparse_grid_904000,sparse_grid,4,6,greedy,deterministic,,8,10.41
fresh4_sparse_grid_904000,sparse_grid,4,6,greedy,deterministic,,32,10.41
fresh4_sparse_grid_904000,sparse_grid,4,6,greedy,deterministic,,128,10.41
fresh4_sparse_grid_904000,sparse_grid,4,6,greedy,deterministic,,512,10.41
fresh4_sparse_grid_904000,sparse_grid,4,6,greedy,poor,,1,28.020000000000003
fresh4_sparse_grid_904000,sparse_grid,4,6,greedy,poor,,8,13.62
fresh4_sparse_grid_904000,sparse_grid,4,6,greedy,poor,,32,13.62
fresh4_sparse_grid_904000,sparse_grid,4,6,greedy,poor,,128,13.62
fresh4_sparse_grid_904000,sparse_grid,4,6,greedy,poor,,512,13.62
fresh4_sparse_grid_904000,sparse_grid,4,6,greedy,random,,1,10.41
fresh4_sparse_grid_904000,sparse_grid,4,6,greedy,random,,8,10.41
fresh4_sparse_grid_904000,sparse_grid,4,6,greedy,random,,32,10.41
fresh4_sparse_grid_904000,sparse_grid,4,6,greedy,random,,128,10.41
fresh4_sparse_grid_904000,sparse_grid,4,6,greedy,random,,512,10.41
fresh4_sparse_grid_904000,sparse_grid,4,6,penalty_row_xy,deterministic,11,1,16.29195151218404
fresh4_sparse_grid_904000,sparse_grid,4,6,penalty_row_xy,deterministic,11,8,13.820249671784307
fresh4_sparse_grid_904000,sparse_grid,4,6,penalty_row_xy,deterministic,11,32,11.359376498703849
fresh4_sparse_grid_904000,sparse_grid,4,6,penalty_row_xy,deterministic,11,128,10.430291103270324
fresh4_sparse_grid_904000,sparse_grid,4,6,penalty_row_xy,deterministic,11,512,10.410000005123596
fresh4_sparse_grid_904000,sparse_grid,4,6,penalty_row_xy,deterministic,17,1,15.853867335590689
fresh4_sparse_grid_904000,sparse_grid,4,6,penalty_row_xy,deterministic,17,8,12.708943762902676
fresh4_sparse_grid_904000,sparse_grid,4,6,penalty_row_xy,deterministic,17,32,10.84311752126696
fresh4_sparse_grid_904000,sparse_grid,4,6,penalty_row_xy,deterministic,17,128,10.411054623139462
fresh4_sparse_grid_904000,sparse_grid,4,6,penalty_row_xy,deterministic,17,512,10.410000000000037
fresh4_sparse_grid_904000,sparse_grid,4,6,penalty_row_xy,deterministic,23,1,15.880556409783098
fresh4_sparse_grid_904000,sparse_grid,4,6,penalty_row_xy,deterministic,23,8,13.397176417936995
fresh4_sparse_grid_904000,sparse_grid,4,6,penalty_row_xy,deterministic,23,32,12.111059789466635
fresh4_sparse_grid_904000,sparse_grid,4,6,penalty_row_xy,deterministic,23,128,10.663010797134577
fresh4_sparse_grid_904000,sparse_grid,4,6,penalty_row_xy,deterministic,23,512,10.410123891389116
fresh4_sparse_grid_904000,sparse_grid,4,6,penalty_row_xy,deterministic,31,1,16.23508097542493
fresh4_sparse_grid_904000,sparse_grid,4,6,penalty_row_xy,deterministic,31,8,13.744007245809414
fresh4_sparse_grid_904000,sparse_grid,4,6,penalty_row_xy,deterministic,31,32,11.585320618710078
fresh4_sparse_grid_904000,sparse_grid,4,6,penalty_row_xy,deterministic,31,128,10.464485372711618
fresh4_sparse_grid_904000,sparse_grid,4,6,penalty_row_xy,deterministic,31,512,10.410000266442857
fresh4_sparse_grid_904000,sparse_grid,4,6,penalty_row_xy,poor,11,1,24.046176028266
fresh4_sparse_grid_904000,sparse_grid,4,6,penalty_row_xy,poor,11,8,14.049755369419202
fresh4_sparse_grid_904000,sparse_grid,4,6,penalty_row_xy,poor,11,32,10.724511740617995
fresh4_sparse_grid_904000,sparse_grid,4,6,penalty_row_xy,poor,11,128,10.410134586154046
fresh4_sparse_grid_904000,sparse_grid,4,6,penalty_row_xy,poor,11,512,10.41
fresh4_sparse_grid_904000,sparse_grid,4,6,penalty_row_xy,poor,17,1,24.058331091754553
fresh4_sparse_grid_904000,sparse_grid,4,6,penalty_row_xy,poor,17,8,14.05789652645235
fresh4_sparse_grid_904000,sparse_grid,4,6,penalty_row_xy,poor,17,32,10.724538687129675
fresh4_sparse_grid_904000,sparse_grid,4,6,penalty_row_xy,poor,17,128,10.410133779364743
fresh4_sparse_grid_904000,sparse_grid,4,6,penalty_row_xy,poor,17,512,10.41
fresh4_sparse_grid_904000,sparse_grid,4,6,penalty_row_xy,poor,23,1,23.67250151322132
fresh4_sparse_grid_904000,sparse_grid,4,6,penalty_row_xy,poor,23,8,13.67389835653602
fresh4_sparse_grid_904000,sparse_grid,4,6,penalty_row_xy,poor,23,32,11.011102043206193
fresh4_sparse_grid_904000,sparse_grid,4,6,penalty_row_xy,poor,23,128,10.413814494835947
fresh4_sparse_grid_904000,sparse_grid,4,6,penalty_row_xy,poor,23,512,10.410000000006402
fresh4_sparse_grid_904000,sparse_grid,4,6,penalty_row_xy,poor,31,1,24.041597547533364
fresh4_sparse_grid_904000,sparse_grid,4,6,penalty_row_xy,poor,31,8,14.047101260620435
fresh4_sparse_grid_904000,sparse_grid,4,6,penalty_row_xy,poor,31,32,10.723994599313949
fresh4_sparse_grid_904000,sparse_grid,4,6,penalty_row_xy,poor,31,128,10.410133285136352
fresh4_sparse_grid_904000,sparse_grid,4,6,penalty_row_xy,poor,31,512,10.41
fresh4_sparse_grid_904000,sparse_grid,4,6,penalty_row_xy,random,11,1,10.41
fresh4_sparse_grid_904000,sparse_grid,4,6,penalty_row_xy,random,11,8,10.41
fresh4_sparse_grid_904000,sparse_grid,4,6,penalty_row_xy,random,11,32,10.41
fresh4_sparse_grid_904000,sparse_grid,4,6,penalty_row_xy,random,11,128,10.41
fresh4_sparse_grid_904000,sparse_grid,4,6,penalty_row_xy,random,11,512,10.41
fresh4_sparse_grid_904000,sparse_grid,4,6,penalty_row_xy,random,17,1,10.409999999999998
fresh4_sparse_grid_904000,sparse_grid,4,6,penalty_row_xy,random,17,8,10.41
fresh4_sparse_grid_904000,sparse_grid,4,6,penalty_row_xy,random,17,32,10.41
fresh4_sparse_grid_904000,sparse_grid,4,6,penalty_row_xy,random,17,128,10.41
fresh4_sparse_grid_904000,sparse_grid,4,6,penalty_row_xy,random,17,512,10.41
fresh4_sparse_grid_904000,sparse_grid,4,6,penalty_row_xy,random,23,1,10.41
fresh4_sparse_grid_904000,sparse_grid,4,6,penalty_row_xy,random,23,8,10.41
fresh4_sparse_grid_904000,sparse_grid,4,6,penalty_row_xy,random,23,32,10.41
fresh4_sparse_grid_904000,sparse_grid,4,6,penalty_row_xy,random,23,128,10.41
fresh4_sparse_grid_904000,sparse_grid,4,6,penalty_row_xy,random,23,512,10.41
fresh4_sparse_grid_904000,sparse_grid,4,6,penalty_row_xy,random,31,1,10.409999999999998
fresh4_sparse_grid_904000,sparse_grid,4,6,penalty_row_xy,random,31,8,10.41
fresh4_sparse_grid_904000,sparse_grid,4,6,penalty_row_xy,random,31,32,10.41
fresh4_sparse_grid_904000,sparse_grid,4,6,penalty_row_xy,random,31,128,10.41
fresh4_sparse_grid_904000,sparse_grid,4,6,penalty_row_xy,random,31,512,10.41
fresh4_sparse_grid_904000,sparse_grid,4,6,token,deterministic,11,1,15.062500300269608
fresh4_sparse_grid_904000,sparse_grid,4,6,token,deterministic,11,8,10.960272580244457
fresh4_sparse_grid_904000,sparse_grid,4,6,token,deterministic,11,32,10.410843838098803
fresh4_sparse_grid_904000,sparse_grid,4,6,token,deterministic,11,128,10.410000000000014
fresh4_sparse_grid_904000,sparse_grid,4,6,token,deterministic,11,512,10.41
fresh4_sparse_grid_904000,sparse_grid,4,6,token,deterministic,17,1,15.11363938233713
fresh4_sparse_grid_904000,sparse_grid,4,6,token,deterministic,17,8,11.396355894492883
fresh4_sparse_grid_904000,sparse_grid,4,6,token,deterministic,17,32,10.431702212385993
fresh4_sparse_grid_904000,sparse_grid,4,6,token,deterministic,17,128,10.410000006702656
fresh4_sparse_grid_904000,sparse_grid,4,6,token,deterministic,17,512,10.41
fresh4_sparse_grid_904000,sparse_grid,4,6,token,deterministic,23,1,15.114668550943815
fresh4_sparse_grid_904000,sparse_grid,4,6,token,deterministic,23,8,11.396613318867487
fresh4_sparse_grid_904000,sparse_grid,4,6,token,deterministic,23,32,10.431701980789493
fresh4_sparse_grid_904000,sparse_grid,4,6,token,deterministic,23,128,10.410000006702331
fresh4_sparse_grid_904000,sparse_grid,4,6,token,deterministic,23,512,10.41
fresh4_sparse_grid_904000,sparse_grid,4,6,token,deterministic,31,1,15.113431191353492
fresh4_sparse_grid_904000,sparse_grid,4,6,token,deterministic,31,8,11.396290046310295
fresh4_sparse_grid_904000,sparse_grid,4,6,token,deterministic,31,32,10.431702230277887
fresh4_sparse_grid_904000,sparse_grid,4,6,token,deterministic,31,128,10.410000006702722
fresh4_sparse_grid_904000,sparse_grid,4,6,token,deterministic,31,512,10.41
fresh4_sparse_grid_904000,sparse_grid,4,6,token,poor,11,1,16.142668035246277
fresh4_sparse_grid_904000,sparse_grid,4,6,token,poor,11,8,11.169443341491233
fresh4_sparse_grid_904000,sparse_grid,4,6,token,poor,11,32,10.411516081037767
fresh4_sparse_grid_904000,sparse_grid,4,6,token,poor,11,128,10.410000000000084
fresh4_sparse_grid_904000,sparse_grid,4,6,token,poor,11,512,10.41
fresh4_sparse_grid_904000,sparse_grid,4,6,token,poor,17,1,16.13923571100258
fresh4_sparse_grid_904000,sparse_grid,4,6,token,poor,17,8,11.169748087374456
fresh4_sparse_grid_904000,sparse_grid,4,6,token,poor,17,32,10.411515868479269
fresh4_sparse_grid_904000,sparse_grid,4,6,token,poor,17,128,10.41000000000008
fresh4_sparse_grid_904000,sparse_grid,4,6,token,poor,17,512,10.41
fresh4_sparse_grid_904000,sparse_grid,4,6,token,poor,23,1,16.138137846346847
fresh4_sparse_grid_904000,sparse_grid,4,6,token,poor,23,8,11.168548292450591
fresh4_sparse_grid_904000,sparse_grid,4,6,token,poor,23,32,10.411510303615287
fresh4_sparse_grid_904000,sparse_grid,4,6,token,poor,23,128,10.410000000000082
fresh4_sparse_grid_904000,sparse_grid,4,6,token,poor,23,512,10.41
fresh4_sparse_grid_904000,sparse_grid,4,6,token,poor,31,1,16.137878898476263
fresh4_sparse_grid_904000,sparse_grid,4,6,token,poor,31,8,11.165845058764864
fresh4_sparse_grid_904000,sparse_grid,4,6,token,poor,31,32,10.41149537044513
fresh4_sparse_grid_904000,sparse_grid,4,6,token,poor,31,128,10.410000000000078
fresh4_sparse_grid_904000,sparse_grid,4,6,token,poor,31,512,10.41
fresh4_sparse_grid_904000,sparse_grid,4,6,token,random,11,1,10.409999999999998
fresh4_sparse_grid_904000,sparse_grid,4,6,token,random,11,8,10.41
fresh4_sparse_grid_904000,sparse_grid,4,6,token,random,11,32,10.41
fresh4_sparse_grid_904000,sparse_grid,4,6,token,random,11,128,10.41
fresh4_sparse_grid_904000,sparse_grid,4,6,token,random,11,512,10.41
fresh4_sparse_grid_904000,sparse_grid,4,6,token,random,17,1,10.41
fresh4_sparse_grid_904000,sparse_grid,4,6,token,random,17,8,10.41
fresh4_sparse_grid_904000,sparse_grid,4,6,token,random,17,32,10.41
fresh4_sparse_grid_904000,sparse_grid,4,6,token,random,17,128,10.41
fresh4_sparse_grid_904000,sparse_grid,4,6,token,random,17,512,10.41
fresh4_sparse_grid_904000,sparse_grid,4,6,token,random,23,1,10.41
fresh4_sparse_grid_904000,sparse_grid,4,6,token,random,23,8,10.41
fresh4_sparse_grid_904000,sparse_grid,4,6,token,random,23,32,10.41
fresh4_sparse_grid_904000,sparse_grid,4,6,token,random,23,128,10.41
fresh4_sparse_grid_904000,sparse_grid,4,6,token,random,23,512,10.41
fresh4_sparse_grid_904000,sparse_grid,4,6,token,random,31,1,10.41
fresh4_sparse_grid_904000,sparse_grid,4,6,token,random,31,8,10.41
fresh4_sparse_grid_904000,sparse_grid,4,6,token,random,31,32,10.41
fresh4_sparse_grid_904000,sparse_grid,4,6,token,random,31,128,10.41
fresh4_sparse_grid_904000,sparse_grid,4,6,token,random,31,512,10.41
fresh4_sparse_grid_904000,sparse_grid,4,6,uniform_feasible,deterministic,,1,15.624999999999963
fresh4_sparse_grid_904000,sparse_grid,4,6,uniform_feasible,deterministic,,8,12.2902478510531
fresh4_sparse_grid_904000,sparse_grid,4,6,uniform_feasible,deterministic,,32,10.650732344549414
fresh4_sparse_grid_904000,sparse_grid,4,6,uniform_feasible,deterministic,,128,10.410101265065633
fresh4_sparse_grid_904000,sparse_grid,4,6,uniform_feasible,deterministic,,512,10.41
fresh4_sparse_grid_904000,sparse_grid,4,6,uniform_feasible,poor,,1,17.34999999999999
fresh4_sparse_grid_904000,sparse_grid,4,6,uniform_feasible,poor,,8,12.29838187196773
fresh4_sparse_grid_904000,sparse_grid,4,6,uniform_feasible,poor,,32,10.650732448759092
fresh4_sparse_grid_904000,sparse_grid,4,6,uniform_feasible,poor,,128,10.410101265065633
fresh4_sparse_grid_904000,sparse_grid,4,6,uniform_feasible,poor,,512,10.41
fresh4_sparse_grid_904000,sparse_grid,4,6,uniform_feasible,random,,1,10.409999999999966
fresh4_sparse_grid_904000,sparse_grid,4,6,uniform_feasible,random,,8,10.41
fresh4_sparse_grid_904000,sparse_grid,4,6,uniform_feasible,random,,32,10.41
fresh4_sparse_grid_904000,sparse_grid,4,6,uniform_feasible,random,,128,10.41
fresh4_sparse_grid_904000,sparse_grid,4,6,uniform_feasible,random,,512,10.41
fresh4_sparse_grid_904001,sparse_grid,4,6,greedy,deterministic,,1,27.950000000000003
fresh4_sparse_grid_904001,sparse_grid,4,6,greedy,deterministic,,8,19.23
fresh4_sparse_grid_904001,sparse_grid,4,6,greedy,deterministic,,32,19.23
fresh4_sparse_grid_904001,sparse_grid,4,6,greedy,deterministic,,128,19.23
fresh4_sparse_grid_904001,sparse_grid,4,6,greedy,deterministic,,512,19.23
fresh4_sparse_grid_904001,sparse_grid,4,6,greedy,poor,,1,35.95
fresh4_sparse_grid_904001,sparse_grid,4,6,greedy,poor,,8,26.9
fresh4_sparse_grid_904001,sparse_grid,4,6,greedy,poor,,32,20.18
fresh4_sparse_grid_904001,sparse_grid,4,6,greedy,poor,,128,19.23
fresh4_sparse_grid_904001,sparse_grid,4,6,greedy,poor,,512,19.23
fresh4_sparse_grid_904001,sparse_grid,4,6,greedy,random,,1,23.54
fresh4_sparse_grid_904001,sparse_grid,4,6,greedy,random,,8,19.23
fresh4_sparse_grid_904001,sparse_grid,4,6,greedy,random,,32,19.23
fresh4_sparse_grid_904001,sparse_grid,4,6,greedy,random,,128,19.23
fresh4_sparse_grid_904001,sparse_grid,4,6,greedy,random,,512,19.23
fresh4_sparse_grid_904001,sparse_grid,4,6,penalty_row_xy,deterministic,11,1,26.991364867284876
fresh4_sparse_grid_904001,sparse_grid,4,6,penalty_row_xy,deterministic,11,8,22.859325574298992
fresh4_sparse_grid_904001,sparse_grid,4,6,penalty_row_xy,deterministic,11,32,19.72051627288107
fresh4_sparse_grid_904001,sparse_grid,4,6,penalty_row_xy,deterministic,11,128,19.232825232129148
fresh4_sparse_grid_904001,sparse_grid,4,6,penalty_row_xy,deterministic,11,512,19.23000000004973
fresh4_sparse_grid_904001,sparse_grid,4,6,penalty_row_xy,deterministic,17,1,25.427764579166745
fresh4_sparse_grid_904001,sparse_grid,4,6,penalty_row_xy,deterministic,17,8,20.10012831352694
fresh4_sparse_grid_904001,sparse_grid,4,6,penalty_row_xy,deterministic,17,32,19.291612051159593
fresh4_sparse_grid_904001,sparse_grid,4,6,penalty_row_xy,deterministic,17,128,19.230016686230893
fresh4_sparse_grid_904001,sparse_grid,4,6,penalty_row_xy,deterministic,17,512,19.23
fresh4_sparse_grid_904001,sparse_grid,4,6,penalty_row_xy,deterministic,23,1,26.141355812962956
fresh4_sparse_grid_904001,sparse_grid,4,6,penalty_row_xy,deterministic,23,8,20.940009518783064
fresh4_sparse_grid_904001,sparse_grid,4,6,penalty_row_xy,deterministic,23,32,19.33456651632983
fresh4_sparse_grid_904001,sparse_grid,4,6,penalty_row_xy,deterministic,23,128,19.230041129060776
fresh4_sparse_grid_904001,sparse_grid,4,6,penalty_row_xy,deterministic,23,512,19.23
fresh4_sparse_grid_904001,sparse_grid,4,6,penalty_row_xy,deterministic,31,1,25.766978909173318
fresh4_sparse_grid_904001,sparse_grid,4,6,penalty_row_xy,deterministic,31,8,20.396069311393024
fresh4_sparse_grid_904001,sparse_grid,4,6,penalty_row_xy,deterministic,31,32,19.307731831533218
fresh4_sparse_grid_904001,sparse_grid,4,6,penalty_row_xy,deterministic,31,128,19.230036787341763
fresh4_sparse_grid_904001,sparse_grid,4,6,penalty_row_xy,deterministic,31,512,19.23
fresh4_sparse_grid_904001,sparse_grid,4,6,penalty_row_xy,poor,11,1,31.80362263751992
fresh4_sparse_grid_904001,sparse_grid,4,6,penalty_row_xy,poor,11,8,22.261641784694973
fresh4_sparse_grid_904001,sparse_grid,4,6,penalty_row_xy,poor,11,32,19.454993658515164
fresh4_sparse_grid_904001,sparse_grid,4,6,penalty_row_xy,poor,11,128,19.23007378265005
fresh4_sparse_grid_904001,sparse_grid,4,6,penalty_row_xy,poor,11,512,19.23
fresh4_sparse_grid_904001,sparse_grid,4,6,penalty_row_xy,poor,17,1,31.770962504587317
fresh4_sparse_grid_904001,sparse_grid,4,6,penalty_row_xy,poor,17,8,22.263020829813655
fresh4_sparse_grid_904001,sparse_grid,4,6,penalty_row_xy,poor,17,32,19.471618187019878
fresh4_sparse_grid_904001,sparse_grid,4,6,penalty_row_xy,poor,17,128,19.23011327073402
fresh4_sparse_grid_904001,sparse_grid,4,6,penalty_row_xy,poor,17,512,19.229999999999997
fresh4_sparse_grid_904001,sparse_grid,4,6,penalty_row_xy,poor,23,1,31.757118745439016
fresh4_sparse_grid_904001,sparse_grid,4,6,penalty_row_xy,poor,23,8,22.256069589124397
fresh4_sparse_grid_904001,sparse_grid,4,6,penalty_row_xy,poor,23,32,19.471152854665696
fresh4_sparse_grid_904001,sparse_grid,4,6,penalty_row_xy,poor,23,128,19.23011200006411
fresh4_sparse_grid_904001,sparse_grid,4,6,penalty_row_xy,poor,23,512,19.229999999999997
fresh4_sparse_grid_904001,sparse_grid,4,6,penalty_row_xy,poor,31,1,31.773271975669495
fresh4_sparse_grid_904001,sparse_grid,4,6,penalty_row_xy,poor,31,8,22.247995983361662
fresh4_sparse_grid_904001,sparse_grid,4,6,penalty_row_xy,poor,31,32,19.45842101971459
fresh4_sparse_grid_904001,sparse_grid,4,6,penalty_row_xy,poor,31,128,19.23008145511438
fresh4_sparse_grid_904001,sparse_grid,4,6,penalty_row_xy,poor,31,512,19.23
fresh4_sparse_grid_904001,sparse_grid,4,6,penalty_row_xy,random,11,1,21.744666044893528
fresh4_sparse_grid_904001,sparse_grid,4,6,penalty_row_xy,random,11,8,19.2923160297105
fresh4_sparse_grid_904001,sparse_grid,4,6,penalty_row_xy,random,11,32,19.230000557131078
fresh4_sparse_grid_904001,sparse_grid,4,6,penalty_row_xy,random,11,128,19.23
fresh4_sparse_grid_904001,sparse_grid,4,6,penalty_row_xy,random,11,512,19.23
fresh4_sparse_grid_904001,sparse_grid,4,6,penalty_row_xy,random,17,1,22.311857402481802
fresh4_sparse_grid_904001,sparse_grid,4,6,penalty_row_xy,random,17,8,19.52772854004083
fresh4_sparse_grid_904001,sparse_grid,4,6,penalty_row_xy,random,17,32,19.230116351156155
fresh4_sparse_grid_904001,sparse_grid,4,6,penalty_row_xy,random,17,128,19.23
fresh4_sparse_grid_904001,sparse_grid,4,6,penalty_row_xy,random,17,512,19.23
fresh4_sparse_grid_904001,sparse_grid,4,6,penalty_row_xy,random,23,1,22.146019540269528
fresh4_sparse_grid_904001,sparse_grid,4,6,penalty_row_xy,random,23,8,19.427688414909596
fresh4_sparse_grid_904001,sparse_grid,4,6,penalty_row_xy,random,23,32,19.2300376554138
fresh4_sparse_grid_904001,sparse_grid,4,6,penalty_row_xy,random,23,128,19.23
fresh4_sparse_grid_904001,sparse_grid,4,6,penalty_row_xy,random,23,512,19.23
fresh4_sparse_grid_904001,sparse_grid,4,6,penalty_row_xy,random,31,1,22.100748012124292
fresh4_sparse_grid_904001,sparse_grid,4,6,penalty_row_xy,random,31,8,19.399103505114937
fresh4_sparse_grid_904001,sparse_grid,4,6,penalty_row_xy,random,31,32,19.23001252176944
fresh4_sparse_grid_904001,sparse_grid,4,6,penalty_row_xy,random,31,128,19.23
fresh4_sparse_grid_904001,sparse_grid,4,6,penalty_row_xy,random,31,512,19.23
fresh4_sparse_grid_904001,sparse_grid,4,6,token,deterministic,11,1,24.19310178817382
fresh4_sparse_grid_904001,sparse_grid,4,6,token,deterministic,11,8,19.60695532725188
fresh4_sparse_grid_904001,sparse_grid,4,6,token,deterministic,11,32,19.234203779756264
fresh4_sparse_grid_904001,sparse_grid,4,6,token,deterministic,11,128,19.230000000351207
fresh4_sparse_grid_904001,sparse_grid,4,6,token,deterministic,11,512,19.23
fresh4_sparse_grid_904001,sparse_grid,4,6,token,deterministic,17,1,24.21834849063663
fresh4_sparse_grid_904001,sparse_grid,4,6,token,deterministic,17,8,19.609389528744703
fresh4_sparse_grid_904001,sparse_grid,4,6,token,deterministic,17,32,19.234202361715436
fresh4_sparse_grid_904001,sparse_grid,4,6,token,deterministic,17,128,19.230000000350604
fresh4_sparse_grid_904001,sparse_grid,4,6,token,deterministic,17,512,19.23
fresh4_sparse_grid_904001,sparse_grid,4,6,token,deterministic,23,1,24.32238466235447
fresh4_sparse_grid_904001,sparse_grid,4,6,token,deterministic,23,8,19.664382250958145
fresh4_sparse_grid_904001,sparse_grid,4,6,token,deterministic,23,32,19.236250020494587
fresh4_sparse_grid_904001,sparse_grid,4,6,token,deterministic,23,128,19.230000001701768
fresh4_sparse_grid_904001,sparse_grid,4,6,token,deterministic,23,512,19.23
fresh4_sparse_grid_904001,sparse_grid,4,6,token,deterministic,31,1,24.203960134151615
fresh4_sparse_grid_904001,sparse_grid,4,6,token,deterministic,31,8,19.609124129677163
fresh4_sparse_grid_904001,sparse_grid,4,6,token,deterministic,31,32,19.234218988732287
fresh4_sparse_grid_904001,sparse_grid,4,6,token,deterministic,31,128,19.230000000356238
fresh4_sparse_grid_904001,sparse_grid,4,6,token,deterministic,31,512,19.23
fresh4_sparse_grid_904001,sparse_grid,4,6,token,poor,11,1,22.783394630136584
fresh4_sparse_grid_904001,sparse_grid,4,6,token,poor,11,8,19.412538155341533
fresh4_sparse_grid_904001,sparse_grid,4,6,token,poor,11,32,19.230114111937418
fresh4_sparse_grid_904001,sparse_grid,4,6,token,poor,11,128,19.23
fresh4_sparse_grid_904001,sparse_grid,4,6,token,poor,11,512,19.23
fresh4_sparse_grid_904001,sparse_grid,4,6,token,poor,17,1,22.77941208838398
fresh4_sparse_grid_904001,sparse_grid,4,6,token,poor,17,8,19.41199703195064
fresh4_sparse_grid_904001,sparse_grid,4,6,token,poor,17,32,19.230114050728407
fresh4_sparse_grid_904001,sparse_grid,4,6,token,poor,17,128,19.23
fresh4_sparse_grid_904001,sparse_grid,4,6,token,poor,17,512,19.23
fresh4_sparse_grid_904001,sparse_grid,4,6,token,poor,23,1,22.775042743792582
fresh4_sparse_grid_904001,sparse_grid,4,6,token,poor,23,8,19.411498594900277
fresh4_sparse_grid_904001,sparse_grid,4,6,token,poor,23,32,19.230113940744697
fresh4_sparse_grid_904001,sparse_grid,4,6,token,poor,23,128,19.23
fresh4_sparse_grid_904001,sparse_grid,4,6,token,poor,23,512,19.23
fresh4_sparse_grid_904001,sparse_grid,4,6,token,poor,31,1,22.776225783500795
fresh4_sparse_grid_904001,sparse_grid,4,6,token,poor,31,8,19.41136112538881
fresh4_sparse_grid_904001,sparse_grid,4,6,token,poor,31,32,19.230113939633107
fresh4_sparse_grid_904001,sparse_grid,4,6,token,poor,31,128,19.23
fresh4_sparse_grid_904001,sparse_grid,4,6,token,poor,31,512,19.23
fresh4_sparse_grid_904001,sparse_grid,4,6,token,random,11,1,21.948215051065354
fresh4_sparse_grid_904001,sparse_grid,4,6,token,random,11,8,19.34320658533567
fresh4_sparse_grid_904001,sparse_grid,4,6,token,random,11,32,19.230003877568635
fresh4_sparse_grid_904001,sparse_grid,4,6,token,random,11,128,19.23
fresh4_sparse_grid_904001,sparse_grid,4,6,token,random,11,512,19.23
fresh4_sparse_grid_904001,sparse_grid,4,6,token,random,17,1,21.962339945968484
fresh4_sparse_grid_904001,sparse_grid,4,6,token,random,17,8,19.346412855739036
fresh4_sparse_grid_904001,sparse_grid,4,6,token,random,17,32,19.23000364401275
fresh4_sparse_grid_904001,sparse_grid,4,6,token,random,17,128,19.23
fresh4_sparse_grid_904001,sparse_grid,4,6,token,random,17,512,19.23
fresh4_sparse_grid_904001,sparse_grid,4,6,token,random,23,1,21.981463172281153
fresh4_sparse_grid_904001,sparse_grid,4,6,token,random,23,8,19.352318928817585
fresh4_sparse_grid_904001,sparse_grid,4,6,token,random,23,32,19.2300041848531
fresh4_sparse_grid_904001,sparse_grid,4,6,token,random,23,128,19.23
fresh4_sparse_grid_904001,sparse_grid,4,6,token,random,23,512,19.23
fresh4_sparse_grid_904001,sparse_grid,4,6,token,random,31,1,22.28614810373197
fresh4_sparse_grid_904001,sparse_grid,4,6,token,random,31,8,19.513421756651315
fresh4_sparse_grid_904001,sparse_grid,4,6,token,random,31,32,19.230121254862173
fresh4_sparse_grid_904001,sparse_grid,4,6,token,random,31,128,19.23
fresh4_sparse_grid_904001,sparse_grid,4,6,token,random,31,512,19.23
fresh4_sparse_grid_904001,sparse_grid,4,6,uniform_feasible,deterministic,,1,25.256999999999955
fresh4_sparse_grid_904001,sparse_grid,4,6,uniform_feasible,deterministic,,8,20.39753471419822
fresh4_sparse_grid_904001,sparse_grid,4,6,uniform_feasible,deterministic,,32,19.311494983172146
fresh4_sparse_grid_904001,sparse_grid,4,6,uniform_feasible,deterministic,,128,19.230030062955368
fresh4_sparse_grid_904001,sparse_grid,4,6,uniform_feasible,deterministic,,512,19.23
fresh4_sparse_grid_904001,sparse_grid,4,6,uniform_feasible,poor,,1,26.36666666666666
fresh4_sparse_grid_904001,sparse_grid,4,6,uniform_feasible,poor,,8,20.397820897409687
fresh4_sparse_grid_904001,sparse_grid,4,6,uniform_feasible,poor,,32,19.311494983172203
fresh4_sparse_grid_904001,sparse_grid,4,6,uniform_feasible,poor,,128,19.230030062955368
fresh4_sparse_grid_904001,sparse_grid,4,6,uniform_feasible,poor,,512,19.23
fresh4_sparse_grid_904001,sparse_grid,4,6,uniform_feasible,random,,1,22.804333333333275
fresh4_sparse_grid_904001,sparse_grid,4,6,uniform_feasible,random,,8,20.34624479303371
fresh4_sparse_grid_904001,sparse_grid,4,6,uniform_feasible,random,,32,19.311494626919515
fresh4_sparse_grid_904001,sparse_grid,4,6,uniform_feasible,random,,128,19.230030062955368
fresh4_sparse_grid_904001,sparse_grid,4,6,uniform_feasible,random,,512,19.23
fresh4_sparse_grid_904002,sparse_grid,4,6,greedy,deterministic,,1,29.25
fresh4_sparse_grid_904002,sparse_grid,4,6,greedy,deterministic,,8,26.08
fresh4_sparse_grid_904002,sparse_grid,4,6,greedy,deterministic,,32,22.98
fresh4_sparse_grid_904002,sparse_grid,4,6,greedy,deterministic,,128,22.55
fresh4_sparse_grid_904002,sparse_grid,4,6,greedy,deterministic,,512,22.55
fresh4_sparse_grid_904002,sparse_grid,4,6,greedy,poor,,1,39.44
fresh4_sparse_grid_904002,sparse_grid,4,6,greedy,poor,,8,31.1
fresh4_sparse_grid_904002,sparse_grid,4,6,greedy,poor,,32,22.55
fresh4_sparse_grid_904002,sparse_grid,4,6,greedy,poor,,128,22.55
fresh4_sparse_grid_904002,sparse_grid,4,6,greedy,poor,,512,22.55
fresh4_sparse_grid_904002,sparse_grid,4,6,greedy,random,,1,22.55
fresh4_sparse_grid_904002,sparse_grid,4,6,greedy,random,,8,22.55
fresh4_sparse_grid_904002,sparse_grid,4,6,greedy,random,,32,22.55
fresh4_sparse_grid_904002,sparse_grid,4,6,greedy,random,,128,22.55
fresh4_sparse_grid_904002,sparse_grid,4,6,greedy,random,,512,22.55
fresh4_sparse_grid_904002,sparse_grid,4,6,penalty_row_xy,deterministic,11,1,28.523574435966356
fresh4_sparse_grid_904002,sparse_grid,4,6,penalty_row_xy,deterministic,11,8,25.300488762799397
fresh4_sparse_grid_904002,sparse_grid,4,6,penalty_row_xy,deterministic,11,32,22.80820192933998
fresh4_sparse_grid_904002,sparse_grid,4,6,penalty_row_xy,deterministic,11,128,22.550161670234512
fresh4_sparse_grid_904002,sparse_grid,4,6,penalty_row_xy,deterministic,11,512,22.550000000000004
fresh4_sparse_grid_904002,sparse_grid,4,6,penalty_row_xy,deterministic,17,1,28.52425257701343
fresh4_sparse_grid_904002,sparse_grid,4,6,penalty_row_xy,deterministic,17,8,25.302779637214513
fresh4_sparse_grid_904002,sparse_grid,4,6,penalty_row_xy,deterministic,17,32,22.808919471735937
fresh4_sparse_grid_904002,sparse_grid,4,6,penalty_row_xy,deterministic,17,128,22.550163239160824
fresh4_sparse_grid_904002,sparse_grid,4,6,penalty_row_xy,deterministic,17,512,22.550000000000004
fresh4_sparse_grid_904002,sparse_grid,4,6,penalty_row_xy,deterministic,23,1,28.72963092548339
fresh4_sparse_grid_904002,sparse_grid,4,6,penalty_row_xy,deterministic,23,8,26.22759360227074
fresh4_sparse_grid_904002,sparse_grid,4,6,penalty_row_xy,deterministic,23,32,23.491699668590012
fresh4_sparse_grid_904002,sparse_grid,4,6,penalty_row_xy,deterministic,23,128,22.56964175590442
fresh4_sparse_grid_904002,sparse_grid,4,6,penalty_row_xy,deterministic,23,512,22.550000284439506
fresh4_sparse_grid_904002,sparse_grid,4,6,penalty_row_xy,deterministic,31,1,27.55953181544112
fresh4_sparse_grid_904002,sparse_grid,4,6,penalty_row_xy,deterministic,31,8,23.92254802156941
fresh4_sparse_grid_904002,sparse_grid,4,6,penalty_row_xy,deterministic,31,32,22.970639175626626
fresh4_sparse_grid_904002,sparse_grid,4,6,penalty_row_xy,deterministic,31,128,22.875714640640602
fresh4_sparse_grid_904002,sparse_grid,4,6,penalty_row_xy,deterministic,31,512,22.69156103479876
fresh4_sparse_grid_904002,sparse_grid,4,6,penalty_row_xy,poor,11,1,35.1357668931728
fresh4_sparse_grid_904002,sparse_grid,4,6,penalty_row_xy,poor,11,8,25.99943347338509
fresh4_sparse_grid_904002,sparse_grid,4,6,penalty_row_xy,poor,11,32,22.942266535131928
fresh4_sparse_grid_904002,sparse_grid,4,6,penalty_row_xy,poor,11,128,22.550645549110722
fresh4_sparse_grid_904002,sparse_grid,4,6,penalty_row_xy,poor,11,512,22.55000000000063
fresh4_sparse_grid_904002,sparse_grid,4,6,penalty_row_xy,poor,17,1,36.09233719433601
fresh4_sparse_grid_904002,sparse_grid,4,6,penalty_row_xy,poor,17,8,27.09589691494449
fresh4_sparse_grid_904002,sparse_grid,4,6,penalty_row_xy,poor,17,32,23.57584646234589
fresh4_sparse_grid_904002,sparse_grid,4,6,penalty_row_xy,poor,17,128,22.577775035425443
fresh4_sparse_grid_904002,sparse_grid,4,6,penalty_row_xy,poor,17,512,22.550000737625645
fresh4_sparse_grid_904002,sparse_grid,4,6,penalty_row_xy,poor,23,1,36.09905157459058
fresh4_sparse_grid_904002,sparse_grid,4,6,penalty_row_xy,poor,23,8,27.101722022512366
fresh4_sparse_grid_904002,sparse_grid,4,6,penalty_row_xy,poor,23,32,23.574142673161873
fresh4_sparse_grid_904002,sparse_grid,4,6,penalty_row_xy,poor,23,128,22.577815284770576
fresh4_sparse_grid_904002,sparse_grid,4,6,penalty_row_xy,poor,23,512,22.55000077145851
fresh4_sparse_grid_904002,sparse_grid,4,6,penalty_row_xy,poor,31,1,35.14588005044503
fresh4_sparse_grid_904002,sparse_grid,4,6,penalty_row_xy,poor,31,8,26.007544778569905
fresh4_sparse_grid_904002,sparse_grid,4,6,penalty_row_xy,poor,31,32,22.943190399759224
fresh4_sparse_grid_904002,sparse_grid,4,6,penalty_row_xy,poor,31,128,22.550656662742583
fresh4_sparse_grid_904002,sparse_grid,4,6,penalty_row_xy,poor,31,512,22.550000000000686
fresh4_sparse_grid_904002,sparse_grid,4,6,penalty_row_xy,random,11,1,22.55
fresh4_sparse_grid_904002,sparse_grid,4,6,penalty_row_xy,random,11,8,22.55
fresh4_sparse_grid_904002,sparse_grid,4,6,penalty_row_xy,random,11,32,22.55
fresh4_sparse_grid_904002,sparse_grid,4,6,penalty_row_xy,random,11,128,22.55
fresh4_sparse_grid_904002,sparse_grid,4,6,penalty_row_xy,random,11,512,22.55
fresh4_sparse_grid_904002,sparse_grid,4,6,penalty_row_xy,random,17,1,22.55
fresh4_sparse_grid_904002,sparse_grid,4,6,penalty_row_xy,random,17,8,22.55
fresh4_sparse_grid_904002,sparse_grid,4,6,penalty_row_xy,random,17,32,22.55
fresh4_sparse_grid_904002,sparse_grid,4,6,penalty_row_xy,random,17,128,22.55
fresh4_sparse_grid_904002,sparse_grid,4,6,penalty_row_xy,random,17,512,22.55
fresh4_sparse_grid_904002,sparse_grid,4,6,penalty_row_xy,random,23,1,22.549999999999997
fresh4_sparse_grid_904002,sparse_grid,4,6,penalty_row_xy,random,23,8,22.55
fresh4_sparse_grid_904002,sparse_grid,4,6,penalty_row_xy,random,23,32,22.55
fresh4_sparse_grid_904002,sparse_grid,4,6,penalty_row_xy,random,23,128,22.55
fresh4_sparse_grid_904002,sparse_grid,4,6,penalty_row_xy,random,23,512,22.55
fresh4_sparse_grid_904002,sparse_grid,4,6,penalty_row_xy,random,31,1,22.55
fresh4_sparse_grid_904002,sparse_grid,4,6,penalty_row_xy,random,31,8,22.55
fresh4_sparse_grid_904002,sparse_grid,4,6,penalty_row_xy,random,31,32,22.55
fresh4_sparse_grid_904002,sparse_grid,4,6,penalty_row_xy,random,31,128,22.55
fresh4_sparse_grid_904002,sparse_grid,4,6,penalty_row_xy,random,31,512,22.55
fresh4_sparse_grid_904002,sparse_grid,4,6,token,deterministic,11,1,25.25443095345528
fresh4_sparse_grid_904002,sparse_grid,4,6,token,deterministic,11,8,22.565123660433798
fresh4_sparse_grid_904002,sparse_grid,4,6,token,deterministic,11,32,22.550000003023396
fresh4_sparse_grid_904002,sparse_grid,4,6,token,deterministic,11,128,22.55
fresh4_sparse_grid_904002,sparse_grid,4,6,token,deterministic,11,512,22.55
fresh4_sparse_grid_904002,sparse_grid,4,6,token,deterministic,17,1,26.834125806470183
fresh4_sparse_grid_904002,sparse_grid,4,6,token,deterministic,17,8,22.864524997810452
fresh4_sparse_grid_904002,sparse_grid,4,6,token,deterministic,17,32,22.550141187227947
fresh4_sparse_grid_904002,sparse_grid,4,6,token,deterministic,17,128,22.55
fresh4_sparse_grid_904002,sparse_grid,4,6,token,deterministic,17,512,22.55
fresh4_sparse_grid_904002,sparse_grid,4,6,token,deterministic,23,1,24.47854623344469
fresh4_sparse_grid_904002,sparse_grid,4,6,token,deterministic,23,8,22.564288800031655
fresh4_sparse_grid_904002,sparse_grid,4,6,token,deterministic,23,32,22.550000086959972
fresh4_sparse_grid_904002,sparse_grid,4,6,token,deterministic,23,128,22.55
fresh4_sparse_grid_904002,sparse_grid,4,6,token,deterministic,23,512,22.55
fresh4_sparse_grid_904002,sparse_grid,4,6,token,deterministic,31,1,24.687468885011505
fresh4_sparse_grid_904002,sparse_grid,4,6,token,deterministic,31,8,22.558455806485778
fresh4_sparse_grid_904002,sparse_grid,4,6,token,deterministic,31,32,22.550000002096457
fresh4_sparse_grid_904002,sparse_grid,4,6,token,deterministic,31,128,22.55
fresh4_sparse_grid_904002,sparse_grid,4,6,token,deterministic,31,512,22.55
fresh4_sparse_grid_904002,sparse_grid,4,6,token,poor,11,1,25.0466664972139
fresh4_sparse_grid_904002,sparse_grid,4,6,token,poor,11,8,22.76642252566143
fresh4_sparse_grid_904002,sparse_grid,4,6,token,poor,11,32,22.55254569224482
fresh4_sparse_grid_904002,sparse_grid,4,6,token,poor,11,128,22.550000000525266
fresh4_sparse_grid_904002,sparse_grid,4,6,token,poor,11,512,22.55
fresh4_sparse_grid_904002,sparse_grid,4,6,token,poor,17,1,25.04651482769079
fresh4_sparse_grid_904002,sparse_grid,4,6,token,poor,17,8,22.766482649339316
fresh4_sparse_grid_904002,sparse_grid,4,6,token,poor,17,32,22.55254570858282
fresh4_sparse_grid_904002,sparse_grid,4,6,token,poor,17,128,22.550000000525273
fresh4_sparse_grid_904002,sparse_grid,4,6,token,poor,17,512,22.55
fresh4_sparse_grid_904002,sparse_grid,4,6,token,poor,23,1,25.047088204294262
fresh4_sparse_grid_904002,sparse_grid,4,6,token,poor,23,8,22.766968705048328
fresh4_sparse_grid_904002,sparse_grid,4,6,token,poor,23,32,22.552545403516685
fresh4_sparse_grid_904002,sparse_grid,4,6,token,poor,23,128,22.55000000052496
fresh4_sparse_grid_904002,sparse_grid,4,6,token,poor,23,512,22.55
fresh4_sparse_grid_904002,sparse_grid,4,6,token,poor,31,1,25.046689633050576
fresh4_sparse_grid_904002,sparse_grid,4,6,token,poor,31,8,22.766614278682056
fresh4_sparse_grid_904002,sparse_grid,4,6,token,poor,31,32,22.552545859247736
fresh4_sparse_grid_904002,sparse_grid,4,6,token,poor,31,128,22.55000000052538
fresh4_sparse_grid_904002,sparse_grid,4,6,token,poor,31,512,22.55
fresh4_sparse_grid_904002,sparse_grid,4,6,token,random,11,1,22.549999999999965
fresh4_sparse_grid_904002,sparse_grid,4,6,token,random,11,8,22.55
fresh4_sparse_grid_904002,sparse_grid,4,6,token,random,11,32,22.55
fresh4_sparse_grid_904002,sparse_grid,4,6,token,random,11,128,22.55
fresh4_sparse_grid_904002,sparse_grid,4,6,token,random,11,512,22.55
fresh4_sparse_grid_904002,sparse_grid,4,6,token,random,17,1,22.55
fresh4_sparse_grid_904002,sparse_grid,4,6,token,random,17,8,22.55
fresh4_sparse_grid_904002,sparse_grid,4,6,token,random,17,32,22.55
fresh4_sparse_grid_904002,sparse_grid,4,6,token,random,17,128,22.55
fresh4_sparse_grid_904002,sparse_grid,4,6,token,random,17,512,22.55
fresh4_sparse_grid_904002,sparse_grid,4,6,token,random,23,1,22.55
fresh4_sparse_grid_904002,sparse_grid,4,6,token,random,23,8,22.55
fresh4_sparse_grid_904002,sparse_grid,4,6,token,random,23,32,22.55
fresh4_sparse_grid_904002,sparse_grid,4,6,token,random,23,128,22.55
fresh4_sparse_grid_904002,sparse_grid,4,6,token,random,23,512,22.55
fresh4_sparse_grid_904002,sparse_grid,4,6,token,random,31,1,22.55
fresh4_sparse_grid_904002,sparse_grid,4,6,token,random,31,8,22.55
fresh4_sparse_grid_904002,sparse_grid,4,6,token,random,31,32,22.55
fresh4_sparse_grid_904002,sparse_grid,4,6,token,random,31,128,22.55
fresh4_sparse_grid_904002,sparse_grid,4,6,token,random,31,512,22.55
fresh4_sparse_grid_904002,sparse_grid,4,6,uniform_feasible,deterministic,,1,28.001111111111058
fresh4_sparse_grid_904002,sparse_grid,4,6,uniform_feasible,deterministic,,8,24.53376419243824
fresh4_sparse_grid_904002,sparse_grid,4,6,uniform_feasible,deterministic,,32,22.80195312529355
fresh4_sparse_grid_904002,sparse_grid,4,6,uniform_feasible,deterministic,,128,22.551296577569175
fresh4_sparse_grid_904002,sparse_grid,4,6,uniform_feasible,deterministic,,512,22.55000000003346
fresh4_sparse_grid_904002,sparse_grid,4,6,uniform_feasible,poor,,1,29.866666666666664
fresh4_sparse_grid_904002,sparse_grid,4,6,uniform_feasible,poor,,8,24.550009201116065
fresh4_sparse_grid_904002,sparse_grid,4,6,uniform_feasible,poor,,32,22.801953143161136
fresh4_sparse_grid_904002,sparse_grid,4,6,uniform_feasible,poor,,128,22.551296577569175
fresh4_sparse_grid_904002,sparse_grid,4,6,uniform_feasible,poor,,512,22.55000000003346
fresh4_sparse_grid_904002,sparse_grid,4,6,uniform_feasible,random,,1,22.54999999999993
fresh4_sparse_grid_904002,sparse_grid,4,6,uniform_feasible,random,,8,22.55
fresh4_sparse_grid_904002,sparse_grid,4,6,uniform_feasible,random,,32,22.55
fresh4_sparse_grid_904002,sparse_grid,4,6,uniform_feasible,random,,128,22.55
fresh4_sparse_grid_904002,sparse_grid,4,6,uniform_feasible,random,,512,22.55
fresh4_sparse_grid_904003,sparse_grid,4,6,greedy,deterministic,,1,22.660000000000004
fresh4_sparse_grid_904003,sparse_grid,4,6,greedy,deterministic,,8,22.660000000000004
fresh4_sparse_grid_904003,sparse_grid,4,6,greedy,deterministic,,32,22.660000000000004
fresh4_sparse_grid_904003,sparse_grid,4,6,greedy,deterministic,,128,22.660000000000004
fresh4_sparse_grid_904003,sparse_grid,4,6,greedy,deterministic,,512,22.660000000000004
fresh4_sparse_grid_904003,sparse_grid,4,6,greedy,poor,,1,40.38
fresh4_sparse_grid_904003,sparse_grid,4,6,greedy,poor,,8,31.4
fresh4_sparse_grid_904003,sparse_grid,4,6,greedy,poor,,32,22.840000000000003
fresh4_sparse_grid_904003,sparse_grid,4,6,greedy,poor,,128,22.660000000000004
fresh4_sparse_grid_904003,sparse_grid,4,6,greedy,poor,,512,22.660000000000004
fresh4_sparse_grid_904003,sparse_grid,4,6,greedy,random,,1,28.550000000000004
fresh4_sparse_grid_904003,sparse_grid,4,6,greedy,random,,8,25.510000000000005
fresh4_sparse_grid_904003,sparse_grid,4,6,greedy,random,,32,22.660000000000004
fresh4_sparse_grid_904003,sparse_grid,4,6,greedy,random,,128,22.660000000000004
fresh4_sparse_grid_904003,sparse_grid,4,6,greedy,random,,512,22.660000000000004
fresh4_sparse_grid_904003,sparse_grid,4,6,penalty_row_xy,deterministic,11,1,22.66
fresh4_sparse_grid_904003,sparse_grid,4,6,penalty_row_xy,deterministic,11,8,22.660000000000004
fresh4_sparse_grid_904003,sparse_grid,4,6,penalty_row_xy,deterministic,11,32,22.660000000000004
fresh4_sparse_grid_904003,sparse_grid,4,6,penalty_row_xy,deterministic,11,128,22.660000000000004
fresh4_sparse_grid_904003,sparse_grid,4,6,penalty_row_xy,deterministic,11,512,22.660000000000004
fresh4_sparse_grid_904003,sparse_grid,4,6,penalty_row_xy,deterministic,17,1,22.659999999999997
fresh4_sparse_grid_904003,sparse_grid,4,6,penalty_row_xy,deterministic,17,8,22.660000000000004
fresh4_sparse_grid_904003,sparse_grid,4,6,penalty_row_xy,deterministic,17,32,22.660000000000004
fresh4_sparse_grid_904003,sparse_grid,4,6,penalty_row_xy,deterministic,17,128,22.660000000000004
fresh4_sparse_grid_904003,sparse_grid,4,6,penalty_row_xy,deterministic,17,512,22.660000000000004
fresh4_sparse_grid_904003,sparse_grid,4,6,penalty_row_xy,deterministic,23,1,22.660000000000004
fresh4_sparse_grid_904003,sparse_grid,4,6,penalty_row_xy,deterministic,23,8,22.660000000000004
fresh4_sparse_grid_904003,sparse_grid,4,6,penalty_row_xy,deterministic,23,32,22.660000000000004
fresh4_sparse_grid_904003,sparse_grid,4,6,penalty_row_xy,deterministic,23,128,22.660000000000004
fresh4_sparse_grid_904003,sparse_grid,4,6,penalty_row_xy,deterministic,23,512,22.660000000000004
fresh4_sparse_grid_904003,sparse_grid,4,6,penalty_row_xy,deterministic,31,1,22.66
fresh4_sparse_grid_904003,sparse_grid,4,6,penalty_row_xy,deterministic,31,8,22.660000000000004
fresh4_sparse_grid_904003,sparse_grid,4,6,penalty_row_xy,deterministic,31,32,22.660000000000004
fresh4_sparse_grid_904003,sparse_grid,4,6,penalty_row_xy,deterministic,31,128,22.660000000000004
fresh4_sparse_grid_904003,sparse_grid,4,6,penalty_row_xy,deterministic,31,512,22.660000000000004
fresh4_sparse_grid_904003,sparse_grid,4,6,penalty_row_xy,poor,11,1,35.58587649171453
fresh4_sparse_grid_904003,sparse_grid,4,6,penalty_row_xy,poor,11,8,24.74879689570465
fresh4_sparse_grid_904003,sparse_grid,4,6,penalty_row_xy,poor,11,32,22.707032764291856
fresh4_sparse_grid_904003,sparse_grid,4,6,penalty_row_xy,poor,11,128,22.66000077478639
fresh4_sparse_grid_904003,sparse_grid,4,6,penalty_row_xy,poor,11,512,22.660000000000004
fresh4_sparse_grid_904003,sparse_grid,4,6,penalty_row_xy,poor,17,1,36.02561869702908
fresh4_sparse_grid_904003,sparse_grid,4,6,penalty_row_xy,poor,17,8,25.467144812948174
fresh4_sparse_grid_904003,sparse_grid,4,6,penalty_row_xy,poor,17,32,22.81837846876752
fresh4_sparse_grid_904003,sparse_grid,4,6,penalty_row_xy,poor,17,128,22.660063691054354
fresh4_sparse_grid_904003,sparse_grid,4,6,penalty_row_xy,poor,17,512,22.66
fresh4_sparse_grid_904003,sparse_grid,4,6,penalty_row_xy,poor,23,1,36.015690735171965
fresh4_sparse_grid_904003,sparse_grid,4,6,penalty_row_xy,poor,23,8,25.4573467032173
fresh4_sparse_grid_904003,sparse_grid,4,6,penalty_row_xy,poor,23,32,22.81720928087103
fresh4_sparse_grid_904003,sparse_grid,4,6,penalty_row_xy,poor,23,128,22.660063093624427
fresh4_sparse_grid_904003,sparse_grid,4,6,penalty_row_xy,poor,23,512,22.660000000000004
fresh4_sparse_grid_904003,sparse_grid,4,6,penalty_row_xy,poor,31,1,35.60186196807249
fresh4_sparse_grid_904003,sparse_grid,4,6,penalty_row_xy,poor,31,8,24.757292029455023
fresh4_sparse_grid_904003,sparse_grid,4,6,penalty_row_xy,poor,31,32,22.70645255206161
fresh4_sparse_grid_904003,sparse_grid,4,6,penalty_row_xy,poor,31,128,22.660000691449063
fresh4_sparse_grid_904003,sparse_grid,4,6,penalty_row_xy,poor,31,512,22.660000000000004
fresh4_sparse_grid_904003,sparse_grid,4,6,penalty_row_xy,random,11,1,28.09075500981567
fresh4_sparse_grid_904003,sparse_grid,4,6,penalty_row_xy,random,11,8,25.816521234996458
fresh4_sparse_grid_904003,sparse_grid,4,6,penalty_row_xy,random,11,32,23.308146161776264
fresh4_sparse_grid_904003,sparse_grid,4,6,penalty_row_xy,random,11,128,22.665508954746457
fresh4_sparse_grid_904003,sparse_grid,4,6,penalty_row_xy,random,11,512,22.660000003742148
fresh4_sparse_grid_904003,sparse_grid,4,6,penalty_row_xy,random,17,1,28.09027319984008
fresh4_sparse_grid_904003,sparse_grid,4,6,penalty_row_xy,random,17,8,25.81427781892775
fresh4_sparse_grid_904003,sparse_grid,4,6,penalty_row_xy,random,17,32,23.306174005012775
fresh4_sparse_grid_904003,sparse_grid,4,6,penalty_row_xy,random,17,128,22.665421479251687
fresh4_sparse_grid_904003,sparse_grid,4,6,penalty_row_xy,random,17,512,22.660000003422763
fresh4_sparse_grid_904003,sparse_grid,4,6,penalty_row_xy,random,23,1,28.089999101264294
fresh4_sparse_grid_904003,sparse_grid,4,6,penalty_row_xy,random,23,8,25.813030176820007
fresh4_sparse_grid_904003,sparse_grid,4,6,penalty_row_xy,random,23,32,23.305364162234184
fresh4_sparse_grid_904003,sparse_grid,4,6,penalty_row_xy,random,23,128,22.665413027033875
fresh4_sparse_grid_904003,sparse_grid,4,6,penalty_row_xy,random,23,512,22.660000003472067
fresh4_sparse_grid_904003,sparse_grid,4,6,penalty_row_xy,random,31,1,28.092243636507853
fresh4_sparse_grid_904003,sparse_grid,4,6,penalty_row_xy,random,31,8,25.823334743875915
fresh4_sparse_grid_904003,sparse_grid,4,6,penalty_row_xy,random,31,32,23.313418346774814
fresh4_sparse_grid_904003,sparse_grid,4,6,penalty_row_xy,random,31,128,22.665697828404188
fresh4_sparse_grid_904003,sparse_grid,4,6,penalty_row_xy,random,31,512,22.66000000440269
fresh4_sparse_grid_904003,sparse_grid,4,6,token,deterministic,11,1,22.660000000000004
fresh4_sparse_grid_904003,sparse_grid,4,6,token,deterministic,11,8,22.660000000000004
fresh4_sparse_grid_904003,sparse_grid,4,6,token,deterministic,11,32,22.660000000000004
fresh4_sparse_grid_904003,sparse_grid,4,6,token,deterministic,11,128,22.660000000000004
fresh4_sparse_grid_904003,sparse_grid,4,6,token,deterministic,11,512,22.660000000000004
fresh4_sparse_grid_904003,sparse_grid,4,6,token,deterministic,17,1,22.65999999999996
fresh4_sparse_grid_904003,sparse_grid,4,6,token,deterministic,17,8,22.660000000000004
fresh4_sparse_grid_904003,sparse_grid,4,6,token,deterministic,17,32,22.660000000000004
fresh4_sparse_grid_904003,sparse_grid,4,6,token,deterministic,17,128,22.660000000000004
fresh4_sparse_grid_904003,sparse_grid,4,6,token,deterministic,17,512,22.660000000000004
fresh4_sparse_grid_904003,sparse_grid,4,6,token,deterministic,23,1,22.660000000000004
fresh4_sparse_grid_904003,sparse_grid,4,6,token,deterministic,23,8,22.660000000000004
fresh4_sparse_grid_904003,sparse_grid,4,6,token,deterministic,23,32,22.660000000000004
fresh4_sparse_grid_904003,sparse_grid,4,6,token,deterministic,23,128,22.660000000000004
fresh4_sparse_grid_904003,sparse_grid,4,6,token,deterministic,23,512,22.660000000000004
fresh4_sparse_grid_904003,sparse_grid,4,6,token,deterministic,31,1,22.660000000000004
fresh4_sparse_grid_904003,sparse_grid,4,6,token,deterministic,31,8,22.660000000000004
fresh4_sparse_grid_904003,sparse_grid,4,6,token,deterministic,31,32,22.660000000000004
fresh4_sparse_grid_904003,sparse_grid,4,6,token,deterministic,31,128,22.660000000000004
fresh4_sparse_grid_904003,sparse_grid,4,6,token,deterministic,31,512,22.660000000000004
fresh4_sparse_grid_904003,sparse_grid,4,6,token,poor,11,1,28.843564526010184
fresh4_sparse_grid_904003,sparse_grid,4,6,token,poor,11,8,23.24750448639263
fresh4_sparse_grid_904003,sparse_grid,4,6,token,poor,11,32,22.678710118683824
fresh4_sparse_grid_904003,sparse_grid,4,6,token,poor,11,128,22.66000607707852
fresh4_sparse_grid_904003,sparse_grid,4,6,token,poor,11,512,22.660000000000004
fresh4_sparse_grid_904003,sparse_grid,4,6,token,poor,17,1,28.8463857189526
fresh4_sparse_grid_904003,sparse_grid,4,6,token,poor,17,8,23.247932878465534
fresh4_sparse_grid_904003,sparse_grid,4,6,token,poor,17,32,22.678662651377365
fresh4_sparse_grid_904003,sparse_grid,4,6,token,poor,17,128,22.660005987468953
fresh4_sparse_grid_904003,sparse_grid,4,6,token,poor,17,512,22.660000000000004
fresh4_sparse_grid_904003,sparse_grid,4,6,token,poor,23,1,28.85064075620069
fresh4_sparse_grid_904003,sparse_grid,4,6,token,poor,23,8,23.248768876417113
fresh4_sparse_grid_904003,sparse_grid,4,6,token,poor,23,32,22.678693321772045
fresh4_sparse_grid_904003,sparse_grid,4,6,token,poor,23,128,22.660006041291506
fresh4_sparse_grid_904003,sparse_grid,4,6,token,poor,23,512,22.660000000000004
fresh4_sparse_grid_904003,sparse_grid,4,6,token,poor,31,1,28.854524691175207
fresh4_sparse_grid_904003,sparse_grid,4,6,token,poor,31,8,23.249586708075586
fresh4_sparse_grid_904003,sparse_grid,4,6,token,poor,31,32,22.678685088267173
fresh4_sparse_grid_904003,sparse_grid,4,6,token,poor,31,128,22.660006024200587
fresh4_sparse_grid_904003,sparse_grid,4,6,token,poor,31,512,22.660000000000004
fresh4_sparse_grid_904003,sparse_grid,4,6,token,random,11,1,26.616978364757028
fresh4_sparse_grid_904003,sparse_grid,4,6,token,random,11,8,22.959951910676196
fresh4_sparse_grid_904003,sparse_grid,4,6,token,random,11,32,22.660256432720182
fresh4_sparse_grid_904003,sparse_grid,4,6,token,random,11,128,22.660000000000043
fresh4_sparse_grid_904003,sparse_grid,4,6,token,random,11,512,22.660000000000004
fresh4_sparse_grid_904003,sparse_grid,4,6,token,random,17,1,26.64985553026599
fresh4_sparse_grid_904003,sparse_grid,4,6,token,random,17,8,22.97439815310364
fresh4_sparse_grid_904003,sparse_grid,4,6,token,random,17,32,22.660275685561512
fresh4_sparse_grid_904003,sparse_grid,4,6,token,random,17,128,22.660000000000046
fresh4_sparse_grid_904003,sparse_grid,4,6,token,random,17,512,22.660000000000004
fresh4_sparse_grid_904003,sparse_grid,4,6,token,random,23,1,25.7797770794407
fresh4_sparse_grid_904003,sparse_grid,4,6,token,random,23,8,22.79419374068297
fresh4_sparse_grid_904003,sparse_grid,4,6,token,random,23,32,22.66003599462433
fresh4_sparse_grid_904003,sparse_grid,4,6,token,random,23,128,22.66
fresh4_sparse_grid_904003,sparse_grid,4,6,token,random,23,512,22.660000000000004
fresh4_sparse_grid_904003,sparse_grid,4,6,token,random,31,1,26.6495633002815
fresh4_sparse_grid_904003,sparse_grid,4,6,token,random,31,8,22.975075179829354
fresh4_sparse_grid_904003,sparse_grid,4,6,token,random,31,32,22.66028308160309
fresh4_sparse_grid_904003,sparse_grid,4,6,token,random,31,128,22.660000000000053
fresh4_sparse_grid_904003,sparse_grid,4,6,token,random,31,512,22.660000000000004
fresh4_sparse_grid_904003,sparse_grid,4,6,uniform_feasible,deterministic,,1,22.65999999999993
fresh4_sparse_grid_904003,sparse_grid,4,6,uniform_feasible,deterministic,,8,22.660000000000004
fresh4_sparse_grid_904003,sparse_grid,4,6,uniform_feasible,deterministic,,32,22.660000000000004
fresh4_sparse_grid_904003,sparse_grid,4,6,uniform_feasible,deterministic,,128,22.660000000000004
fresh4_sparse_grid_904003,sparse_grid,4,6,uniform_feasible,deterministic,,512,22.660000000000004
fresh4_sparse_grid_904003,sparse_grid,4,6,uniform_feasible,poor,,1,30.15
fresh4_sparse_grid_904003,sparse_grid,4,6,uniform_feasible,poor,,8,23.8708943333395
fresh4_sparse_grid_904003,sparse_grid,4,6,uniform_feasible,poor,,32,22.69886983053662
fresh4_sparse_grid_904003,sparse_grid,4,6,uniform_feasible,poor,,128,22.660005745298573
fresh4_sparse_grid_904003,sparse_grid,4,6,uniform_feasible,poor,,512,22.660000000000004
fresh4_sparse_grid_904003,sparse_grid,4,6,uniform_feasible,random,,1,27.35499999999994
fresh4_sparse_grid_904003,sparse_grid,4,6,uniform_feasible,random,,8,23.84038002675315
fresh4_sparse_grid_904003,sparse_grid,4,6,uniform_feasible,random,,32,22.69886965478867
fresh4_sparse_grid_904003,sparse_grid,4,6,uniform_feasible,random,,128,22.660005745298573
fresh4_sparse_grid_904003,sparse_grid,4,6,uniform_feasible,random,,512,22.660000000000004
fresh4_sparse_grid_904004,sparse_grid,4,6,greedy,deterministic,,1,14.64
fresh4_sparse_grid_904004,sparse_grid,4,6,greedy,deterministic,,8,8.5
fresh4_sparse_grid_904004,sparse_grid,4,6,greedy,deterministic,,32,8.5
fresh4_sparse_grid_904004,sparse_grid,4,6,greedy,deterministic,,128,8.5
fresh4_sparse_grid_904004,sparse_grid,4,6,greedy,deterministic,,512,8.5
fresh4_sparse_grid_904004,sparse_grid,4,6,greedy,poor,,1,21.39
fresh4_sparse_grid_904004,sparse_grid,4,6,greedy,poor,,8,12.610000000000001
fresh4_sparse_grid_904004,sparse_grid,4,6,greedy,poor,,32,8.5
fresh4_sparse_grid_904004,sparse_grid,4,6,greedy,poor,,128,8.5
fresh4_sparse_grid_904004,sparse_grid,4,6,greedy,poor,,512,8.5
fresh4_sparse_grid_904004,sparse_grid,4,6,greedy,random,,1,13.930000000000001
fresh4_sparse_grid_904004,sparse_grid,4,6,greedy,random,,8,9.82
fresh4_sparse_grid_904004,sparse_grid,4,6,greedy,random,,32,8.5
fresh4_sparse_grid_904004,sparse_grid,4,6,greedy,random,,128,8.5
fresh4_sparse_grid_904004,sparse_grid,4,6,greedy,random,,512,8.5
fresh4_sparse_grid_904004,sparse_grid,4,6,penalty_row_xy,deterministic,11,1,13.713367916579909
fresh4_sparse_grid_904004,sparse_grid,4,6,penalty_row_xy,deterministic,11,8,10.732755210822754
fresh4_sparse_grid_904004,sparse_grid,4,6,penalty_row_xy,deterministic,11,32,9.506525134927248
fresh4_sparse_grid_904004,sparse_grid,4,6,penalty_row_xy,deterministic,11,128,8.91038047785796
fresh4_sparse_grid_904004,sparse_grid,4,6,penalty_row_xy,deterministic,11,512,8.512331755510136
fresh4_sparse_grid_904004,sparse_grid,4,6,penalty_row_xy,deterministic,17,1,13.662886208282856
fresh4_sparse_grid_904004,sparse_grid,4,6,penalty_row_xy,deterministic,17,8,10.589184875734862
fresh4_sparse_grid_904004,sparse_grid,4,6,penalty_row_xy,deterministic,17,32,9.366683191500448
fresh4_sparse_grid_904004,sparse_grid,4,6,penalty_row_xy,deterministic,17,128,8.730628464067166
fresh4_sparse_grid_904004,sparse_grid,4,6,penalty_row_xy,deterministic,17,512,8.50123006994976
fresh4_sparse_grid_904004,sparse_grid,4,6,penalty_row_xy,deterministic,23,1,13.666292751965772
fresh4_sparse_grid_904004,sparse_grid,4,6,penalty_row_xy,deterministic,23,8,10.596720107386925
fresh4_sparse_grid_904004,sparse_grid,4,6,penalty_row_xy,deterministic,23,32,9.372608470892898
fresh4_sparse_grid_904004,sparse_grid,4,6,penalty_row_xy,deterministic,23,128,8.736763686824366
fresh4_sparse_grid_904004,sparse_grid,4,6,penalty_row_xy,deterministic,23,512,8.501366276368792
fresh4_sparse_grid_904004,sparse_grid,4,6,penalty_row_xy,deterministic,31,1,13.843682027053822
fresh4_sparse_grid_904004,sparse_grid,4,6,penalty_row_xy,deterministic,31,8,11.094932401966387
fresh4_sparse_grid_904004,sparse_grid,4,6,penalty_row_xy,deterministic,31,32,9.173878169072761
fresh4_sparse_grid_904004,sparse_grid,4,6,penalty_row_xy,deterministic,31,128,8.515053656134809
fresh4_sparse_grid_904004,sparse_grid,4,6,penalty_row_xy,deterministic,31,512,8.500000018938705
fresh4_sparse_grid_904004,sparse_grid,4,6,penalty_row_xy,poor,11,1,17.64837453397422
fresh4_sparse_grid_904004,sparse_grid,4,6,penalty_row_xy,poor,11,8,10.909277227165594
fresh4_sparse_grid_904004,sparse_grid,4,6,penalty_row_xy,poor,11,32,9.468237590319452
fresh4_sparse_grid_904004,sparse_grid,4,6,penalty_row_xy,poor,11,128,8.610133077516904
fresh4_sparse_grid_904004,sparse_grid,4,6,penalty_row_xy,poor,11,512,8.500059341229637
fresh4_sparse_grid_904004,sparse_grid,4,6,penalty_row_xy,poor,17,1,16.885481144132036
fresh4_sparse_grid_904004,sparse_grid,4,6,penalty_row_xy,poor,17,8,10.57188403853453
fresh4_sparse_grid_904004,sparse_grid,4,6,penalty_row_xy,poor,17,32,9.17644771944962
fresh4_sparse_grid_904004,sparse_grid,4,6,penalty_row_xy,poor,17,128,8.531263478057555
fresh4_sparse_grid_904004,sparse_grid,4,6,penalty_row_xy,poor,17,512,8.50000040056027
fresh4_sparse_grid_904004,sparse_grid,4,6,penalty_row_xy,poor,23,1,16.959952015761882
fresh4_sparse_grid_904004,sparse_grid,4,6,penalty_row_xy,poor,23,8,10.110162646466634
fresh4_sparse_grid_904004,sparse_grid,4,6,penalty_row_xy,poor,23,32,8.707460368458532
fresh4_sparse_grid_904004,sparse_grid,4,6,penalty_row_xy,poor,23,128,8.500304361942328
fresh4_sparse_grid_904004,sparse_grid,4,6,penalty_row_xy,poor,23,512,8.500000000000004
fresh4_sparse_grid_904004,sparse_grid,4,6,penalty_row_xy,poor,31,1,16.869909569217683
fresh4_sparse_grid_904004,sparse_grid,4,6,penalty_row_xy,poor,31,8,10.561230896323508
fresh4_sparse_grid_904004,sparse_grid,4,6,penalty_row_xy,poor,31,32,9.163843472655175
fresh4_sparse_grid_904004,sparse_grid,4,6,penalty_row_xy,poor,31,128,8.530387601940545
fresh4_sparse_grid_904004,sparse_grid,4,6,penalty_row_xy,poor,31,512,8.500000359970304
fresh4_sparse_grid_904004,sparse_grid,4,6,penalty_row_xy,random,11,1,12.904343038510468
fresh4_sparse_grid_904004,sparse_grid,4,6,penalty_row_xy,random,11,8,9.581018534962881
fresh4_sparse_grid_904004,sparse_grid,4,6,penalty_row_xy,random,11,32,8.514421225237763
fresh4_sparse_grid_904004,sparse_grid,4,6,penalty_row_xy,random,11,128,8.500000002673454
fresh4_sparse_grid_904004,sparse_grid,4,6,penalty_row_xy,random,11,512,8.5
fresh4_sparse_grid_904004,sparse_grid,4,6,penalty_row_xy,random,17,1,13.115457675000423
fresh4_sparse_grid_904004,sparse_grid,4,6,penalty_row_xy,random,17,8,10.275654857918695
fresh4_sparse_grid_904004,sparse_grid,4,6,penalty_row_xy,random,17,32,8.66987957602904
fresh4_sparse_grid_904004,sparse_grid,4,6,penalty_row_xy,random,17,128,8.500054185771086
fresh4_sparse_grid_904004,sparse_grid,4,6,penalty_row_xy,random,17,512,8.5
fresh4_sparse_grid_904004,sparse_grid,4,6,penalty_row_xy,random,23,1,13.085855731425905
fresh4_sparse_grid_904004,sparse_grid,4,6,penalty_row_xy,random,23,8,10.200955021438284
fresh4_sparse_grid_904004,sparse_grid,4,6,penalty_row_xy,random,23,32,8.658431256673083
fresh4_sparse_grid_904004,sparse_grid,4,6,penalty_row_xy,random,23,128,8.500064698740625
fresh4_sparse_grid_904004,sparse_grid,4,6,penalty_row_xy,random,23,512,8.5
fresh4_sparse_grid_904004,sparse_grid,4,6,penalty_row_xy,random,31,1,13.10547040006726
fresh4_sparse_grid_904004,sparse_grid,4,6,penalty_row_xy,random,31,8,10.179729999681806
fresh4_sparse_grid_904004,sparse_grid,4,6,penalty_row_xy,random,31,32,8.616348039740311
fresh4_sparse_grid_904004,sparse_grid,4,6,penalty_row_xy,random,31,128,8.500009549757477
fresh4_sparse_grid_904004,sparse_grid,4,6,penalty_row_xy,random,31,512,8.5
fresh4_sparse_grid_904004,sparse_grid,4,6,token,deterministic,11,1,12.455986966654741
fresh4_sparse_grid_904004,sparse_grid,4,6,token,deterministic,11,8,9.203374656189999
fresh4_sparse_grid_904004,sparse_grid,4,6,token,deterministic,11,32,8.52158217468566
fresh4_sparse_grid_904004,sparse_grid,4,6,token,deterministic,11,128,8.50000008899392
fresh4_sparse_grid_904004,sparse_grid,4,6,token,deterministic,11,512,8.5
fresh4_sparse_grid_904004,sparse_grid,4,6,token,deterministic,17,1,12.474871876608482
fresh4_sparse_grid_904004,sparse_grid,4,6,token,deterministic,17,8,9.218048114470465
fresh4_sparse_grid_904004,sparse_grid,4,6,token,deterministic,17,32,8.529732253666793
fresh4_sparse_grid_904004,sparse_grid,4,6,token,deterministic,17,128,8.5000003327422
fresh4_sparse_grid_904004,sparse_grid,4,6,token,deterministic,17,512,8.5
fresh4_sparse_grid_904004,sparse_grid,4,6,token,deterministic,23,1,12.417640344460649
fresh4_sparse_grid_904004,sparse_grid,4,6,token,deterministic,23,8,9.20931199806533
fresh4_sparse_grid_904004,sparse_grid,4,6,token,deterministic,23,32,8.526273286761318
fresh4_sparse_grid_904004,sparse_grid,4,6,token,deterministic,23,128,8.500000199744477
fresh4_sparse_grid_904004,sparse_grid,4,6,token,deterministic,23,512,8.5
fresh4_sparse_grid_904004,sparse_grid,4,6,token,deterministic,31,1,12.364125272988709
fresh4_sparse_grid_904004,sparse_grid,4,6,token,deterministic,31,8,9.219531915702392
fresh4_sparse_grid_904004,sparse_grid,4,6,token,deterministic,31,32,8.534068619115027
fresh4_sparse_grid_904004,sparse_grid,4,6,token,deterministic,31,128,8.500000574903085
fresh4_sparse_grid_904004,sparse_grid,4,6,token,deterministic,31,512,8.5
fresh4_sparse_grid_904004,sparse_grid,4,6,token,poor,11,1,11.729082517701363
fresh4_sparse_grid_904004,sparse_grid,4,6,token,poor,11,8,8.873377335026813
fresh4_sparse_grid_904004,sparse_grid,4,6,token,poor,11,32,8.502516094679613
fresh4_sparse_grid_904004,sparse_grid,4,6,token,poor,11,128,8.50000000001718
fresh4_sparse_grid_904004,sparse_grid,4,6,token,poor,11,512,8.5
fresh4_sparse_grid_904004,sparse_grid,4,6,token,poor,17,1,12.151401946960705
fresh4_sparse_grid_904004,sparse_grid,4,6,token,poor,17,8,8.955052102806807
fresh4_sparse_grid_904004,sparse_grid,4,6,token,poor,17,32,8.504868170263528
fresh4_sparse_grid_904004,sparse_grid,4,6,token,poor,17,128,8.500000000237392
fresh4_sparse_grid_904004,sparse_grid,4,6,token,poor,17,512,8.5
fresh4_sparse_grid_904004,sparse_grid,4,6,token,poor,23,1,11.723712725409078
fresh4_sparse_grid_904004,sparse_grid,4,6,token,poor,23,8,8.872839150334261
fresh4_sparse_grid_904004,sparse_grid,4,6,token,poor,23,32,8.502510546304086
fresh4_sparse_grid_904004,sparse_grid,4,6,token,poor,23,128,8.500000000017032
fresh4_sparse_grid_904004,sparse_grid,4,6,token,poor,23,512,8.5
fresh4_sparse_grid_904004,sparse_grid,4,6,token,poor,31,1,11.726573268355974
fresh4_sparse_grid_904004,sparse_grid,4,6,token,poor,31,8,8.873118394170993
fresh4_sparse_grid_904004,sparse_grid,4,6,token,poor,31,32,8.50251681467927
fresh4_sparse_grid_904004,sparse_grid,4,6,token,poor,31,128,8.500000000017202
fresh4_sparse_grid_904004,sparse_grid,4,6,token,poor,31,512,8.5
fresh4_sparse_grid_904004,sparse_grid,4,6,token,random,11,1,12.437502886246431
fresh4_sparse_grid_904004,sparse_grid,4,6,token,random,11,8,9.77866595890604
fresh4_sparse_grid_904004,sparse_grid,4,6,token,random,11,32,9.07646505306698
fresh4_sparse_grid_904004,sparse_grid,4,6,token,random,11,128,8.547957209520177
fresh4_sparse_grid_904004,sparse_grid,4,6,token,random,11,512,8.500002299819892
fresh4_sparse_grid_904004,sparse_grid,4,6,token,random,17,1,12.489602854259312
fresh4_sparse_grid_904004,sparse_grid,4,6,token,random,17,8,9.743756980954739
fresh4_sparse_grid_904004,sparse_grid,4,6,token,random,17,32,8.971200323584684
fresh4_sparse_grid_904004,sparse_grid,4,6,token,random,17,128,8.521403823512228
fresh4_sparse_grid_904004,sparse_grid,4,6,token,random,17,512,8.500000091252264
fresh4_sparse_grid_904004,sparse_grid,4,6,token,random,23,1,12.479929288426593
fresh4_sparse_grid_904004,sparse_grid,4,6,token,random,23,8,9.698268853155167
fresh4_sparse_grid_904004,sparse_grid,4,6,token,random,23,32,8.89370621570201
fresh4_sparse_grid_904004,sparse_grid,4,6,token,random,23,128,8.510429784890798
fresh4_sparse_grid_904004,sparse_grid,4,6,token,random,23,512,8.500000005144932
fresh4_sparse_grid_904004,sparse_grid,4,6,token,random,31,1,12.458601117161152
fresh4_sparse_grid_904004,sparse_grid,4,6,token,random,31,8,9.683743646714799
fresh4_sparse_grid_904004,sparse_grid,4,6,token,random,31,32,8.88138687429877
fresh4_sparse_grid_904004,sparse_grid,4,6,token,random,31,128,8.509183653787973
fresh4_sparse_grid_904004,sparse_grid,4,6,token,random,31,512,8.500000003092717
fresh4_sparse_grid_904004,sparse_grid,4,6,uniform_feasible,deterministic,,1,13.022333333333311
fresh4_sparse_grid_904004,sparse_grid,4,6,uniform_feasible,deterministic,,8,9.864246133030129
fresh4_sparse_grid_904004,sparse_grid,4,6,uniform_feasible,deterministic,,32,8.61406627273587
fresh4_sparse_grid_904004,sparse_grid,4,6,uniform_feasible,deterministic,,128,8.500041656384118
fresh4_sparse_grid_904004,sparse_grid,4,6,uniform_feasible,deterministic,,512,8.5
fresh4_sparse_grid_904004,sparse_grid,4,6,uniform_feasible,poor,,1,14.166666666666659
fresh4_sparse_grid_904004,sparse_grid,4,6,uniform_feasible,poor,,8,9.864524556143351
fresh4_sparse_grid_904004,sparse_grid,4,6,uniform_feasible,poor,,32,8.614066272735878
fresh4_sparse_grid_904004,sparse_grid,4,6,uniform_feasible,poor,,128,8.500041656384118
fresh4_sparse_grid_904004,sparse_grid,4,6,uniform_feasible,poor,,512,8.5
fresh4_sparse_grid_904004,sparse_grid,4,6,uniform_feasible,random,,1,12.732111111111085
fresh4_sparse_grid_904004,sparse_grid,4,6,uniform_feasible,random,,8,9.86368152346115
fresh4_sparse_grid_904004,sparse_grid,4,6,uniform_feasible,random,,32,8.6140662727355
fresh4_sparse_grid_904004,sparse_grid,4,6,uniform_feasible,random,,128,8.50004165638412
fresh4_sparse_grid_904004,sparse_grid,4,6,uniform_feasible,random,,512,8.5
fresh4_sparse_grid_904005,sparse_grid,4,6,greedy,deterministic,,1,29.3
fresh4_sparse_grid_904005,sparse_grid,4,6,greedy,deterministic,,8,19.4
fresh4_sparse_grid_904005,sparse_grid,4,6,greedy,deterministic,,32,16.68
fresh4_sparse_grid_904005,sparse_grid,4,6,greedy,deterministic,,128,13.219999999999999
fresh4_sparse_grid_904005,sparse_grid,4,6,greedy,deterministic,,512,13.219999999999999
fresh4_sparse_grid_904005,sparse_grid,4,6,greedy,poor,,1,33.480000000000004
fresh4_sparse_grid_904005,sparse_grid,4,6,greedy,poor,,8,19.4
fresh4_sparse_grid_904005,sparse_grid,4,6,greedy,poor,,32,17.04
fresh4_sparse_grid_904005,sparse_grid,4,6,greedy,poor,,128,13.219999999999999
fresh4_sparse_grid_904005,sparse_grid,4,6,greedy,poor,,512,13.219999999999999
fresh4_sparse_grid_904005,sparse_grid,4,6,greedy,random,,1,16.68
fresh4_sparse_grid_904005,sparse_grid,4,6,greedy,random,,8,16.68
fresh4_sparse_grid_904005,sparse_grid,4,6,greedy,random,,32,13.219999999999999
fresh4_sparse_grid_904005,sparse_grid,4,6,greedy,random,,128,13.219999999999999
fresh4_sparse_grid_904005,sparse_grid,4,6,greedy,random,,512,13.219999999999999
fresh4_sparse_grid_904005,sparse_grid,4,6,penalty_row_xy,deterministic,11,1,25.415437012305745
fresh4_sparse_grid_904005,sparse_grid,4,6,penalty_row_xy,deterministic,11,8,17.216757722218425
fresh4_sparse_grid_904005,sparse_grid,4,6,penalty_row_xy,deterministic,11,32,14.411034264072496
fresh4_sparse_grid_904005,sparse_grid,4,6,penalty_row_xy,deterministic,11,128,13.255176249903355
fresh4_sparse_grid_904005,sparse_grid,4,6,penalty_row_xy,deterministic,11,512,13.220000035182883
fresh4_sparse_grid_904005,sparse_grid,4,6,penalty_row_xy,deterministic,17,1,25.422379129387735
fresh4_sparse_grid_904005,sparse_grid,4,6,penalty_row_xy,deterministic,17,8,17.21864787117755
fresh4_sparse_grid_904005,sparse_grid,4,6,penalty_row_xy,deterministic,17,32,14.411431801940072
fresh4_sparse_grid_904005,sparse_grid,4,6,penalty_row_xy,deterministic,17,128,13.255252592353255
fresh4_sparse_grid_904005,sparse_grid,4,6,penalty_row_xy,deterministic,17,512,13.220000035492511
fresh4_sparse_grid_904005,sparse_grid,4,6,penalty_row_xy,deterministic,23,1,25.148118867218358
fresh4_sparse_grid_904005,sparse_grid,4,6,penalty_row_xy,deterministic,23,8,16.14863937829307
fresh4_sparse_grid_904005,sparse_grid,4,6,penalty_row_xy,deterministic,23,32,13.704557026087324
fresh4_sparse_grid_904005,sparse_grid,4,6,penalty_row_xy,deterministic,23,128,13.221159973050918
fresh4_sparse_grid_904005,sparse_grid,4,6,penalty_row_xy,deterministic,23,512,13.220000000000043
fresh4_sparse_grid_904005,sparse_grid,4,6,penalty_row_xy,deterministic,31,1,26.646441267932147
fresh4_sparse_grid_904005,sparse_grid,4,6,penalty_row_xy,deterministic,31,8,18.944909155928176
fresh4_sparse_grid_904005,sparse_grid,4,6,penalty_row_xy,deterministic,31,32,15.338736114744057
fresh4_sparse_grid_904005,sparse_grid,4,6,penalty_row_xy,deterministic,31,128,13.449847148484103
fresh4_sparse_grid_904005,sparse_grid,4,6,penalty_row_xy,deterministic,31,512,13.220061252111506
fresh4_sparse_grid_904005,sparse_grid,4,6,penalty_row_xy,poor,11,1,26.309790642739095
fresh4_sparse_grid_904005,sparse_grid,4,6,penalty_row_xy,poor,11,8,15.938877761708476
fresh4_sparse_grid_904005,sparse_grid,4,6,penalty_row_xy,poor,11,32,13.657748544769031
fresh4_sparse_grid_904005,sparse_grid,4,6,penalty_row_xy,poor,11,128,13.220576257538761
fresh4_sparse_grid_904005,sparse_grid,4,6,penalty_row_xy,poor,11,512,13.22
fresh4_sparse_grid_904005,sparse_grid,4,6,penalty_row_xy,poor,17,1,26.32427774403969
fresh4_sparse_grid_904005,sparse_grid,4,6,penalty_row_xy,poor,17,8,15.943766003141425
fresh4_sparse_grid_904005,sparse_grid,4,6,penalty_row_xy,poor,17,32,13.657351874064835
fresh4_sparse_grid_904005,sparse_grid,4,6,penalty_row_xy,poor,17,128,13.220576327002018
fresh4_sparse_grid_904005,sparse_grid,4,6,penalty_row_xy,poor,17,512,13.22
fresh4_sparse_grid_904005,sparse_grid,4,6,penalty_row_xy,poor,23,1,26.276769093643857
fresh4_sparse_grid_904005,sparse_grid,4,6,penalty_row_xy,poor,23,8,15.931215657189668
fresh4_sparse_grid_904005,sparse_grid,4,6,penalty_row_xy,poor,23,32,13.657554072205716
fresh4_sparse_grid_904005,sparse_grid,4,6,penalty_row_xy,poor,23,128,13.220576217024611
fresh4_sparse_grid_904005,sparse_grid,4,6,penalty_row_xy,poor,23,512,13.22
fresh4_sparse_grid_904005,sparse_grid,4,6,penalty_row_xy,poor,31,1,26.30097242013361
fresh4_sparse_grid_904005,sparse_grid,4,6,penalty_row_xy,poor,31,8,15.93679503682215
fresh4_sparse_grid_904005,sparse_grid,4,6,penalty_row_xy,poor,31,32,13.657462874785471
fresh4_sparse_grid_904005,sparse_grid,4,6,penalty_row_xy,poor,31,128,13.220577495759933
fresh4_sparse_grid_904005,sparse_grid,4,6,penalty_row_xy,poor,31,512,13.220000000000002
fresh4_sparse_grid_904005,sparse_grid,4,6,penalty_row_xy,random,11,1,16.380076461934586
fresh4_sparse_grid_904005,sparse_grid,4,6,penalty_row_xy,random,11,8,14.895128149440502
fresh4_sparse_grid_904005,sparse_grid,4,6,penalty_row_xy,random,11,32,13.410092004599312
fresh4_sparse_grid_904005,sparse_grid,4,6,penalty_row_xy,random,11,128,13.220031522968332
fresh4_sparse_grid_904005,sparse_grid,4,6,penalty_row_xy,random,11,512,13.219999999999999
fresh4_sparse_grid_904005,sparse_grid,4,6,penalty_row_xy,random,17,1,16.62857490098384
fresh4_sparse_grid_904005,sparse_grid,4,6,penalty_row_xy,random,17,8,16.289375642877708
fresh4_sparse_grid_904005,sparse_grid,4,6,penalty_row_xy,random,17,32,15.362751823557927
fresh4_sparse_grid_904005,sparse_grid,4,6,penalty_row_xy,random,17,128,13.72893134183084
fresh4_sparse_grid_904005,sparse_grid,4,6,penalty_row_xy,random,17,512,13.221619602700013
fresh4_sparse_grid_904005,sparse_grid,4,6,penalty_row_xy,random,23,1,16.276192775163118
fresh4_sparse_grid_904005,sparse_grid,4,6,penalty_row_xy,random,23,8,14.502074511436135
fresh4_sparse_grid_904005,sparse_grid,4,6,penalty_row_xy,random,23,32,13.285226604096101
fresh4_sparse_grid_904005,sparse_grid,4,6,penalty_row_xy,random,23,128,13.220000436989272
fresh4_sparse_grid_904005,sparse_grid,4,6,penalty_row_xy,random,23,512,13.219999999999999
fresh4_sparse_grid_904005,sparse_grid,4,6,penalty_row_xy,random,31,1,16.627936430812966
fresh4_sparse_grid_904005,sparse_grid,4,6,penalty_row_xy,random,31,8,16.284779187042535
fresh4_sparse_grid_904005,sparse_grid,4,6,penalty_row_xy,random,31,32,15.349945359223803
fresh4_sparse_grid_904005,sparse_grid,4,6,penalty_row_xy,random,31,128,13.71687317753914
fresh4_sparse_grid_904005,sparse_grid,4,6,penalty_row_xy,random,31,512,13.221471478482966
fresh4_sparse_grid_904005,sparse_grid,4,6,token,deterministic,11,1,21.156949769036395
fresh4_sparse_grid_904005,sparse_grid,4,6,token,deterministic,11,8,16.096018526777875
fresh4_sparse_grid_904005,sparse_grid,4,6,token,deterministic,11,32,14.098036528363801
fresh4_sparse_grid_904005,sparse_grid,4,6,token,deterministic,11,128,13.232920157018944
fresh4_sparse_grid_904005,sparse_grid,4,6,token,deterministic,11,512,13.220000000671574
fresh4_sparse_grid_904005,sparse_grid,4,6,token,deterministic,17,1,21.027592823775905
fresh4_sparse_grid_904005,sparse_grid,4,6,token,deterministic,17,8,16.074264081370696
fresh4_sparse_grid_904005,sparse_grid,4,6,token,deterministic,17,32,14.067956098799208
fresh4_sparse_grid_904005,sparse_grid,4,6,token,deterministic,17,128,13.231231416962107
fresh4_sparse_grid_904005,sparse_grid,4,6,token,deterministic,17,512,13.22000000038348
fresh4_sparse_grid_904005,sparse_grid,4,6,token,deterministic,23,1,18.244698482215057
fresh4_sparse_grid_904005,sparse_grid,4,6,token,deterministic,23,8,13.690793993116527
fresh4_sparse_grid_904005,sparse_grid,4,6,token,deterministic,23,32,13.220219967890259
fresh4_sparse_grid_904005,sparse_grid,4,6,token,deterministic,23,128,13.219999999999999
fresh4_sparse_grid_904005,sparse_grid,4,6,token,deterministic,23,512,13.219999999999999
fresh4_sparse_grid_904005,sparse_grid,4,6,token,deterministic,31,1,18.80131289021018
fresh4_sparse_grid_904005,sparse_grid,4,6,token,deterministic,31,8,13.687948482922968
fresh4_sparse_grid_904005,sparse_grid,4,6,token,deterministic,31,32,13.220366889499106
fresh4_sparse_grid_904005,sparse_grid,4,6,token,deterministic,31,128,13.219999999999999
fresh4_sparse_grid_904005,sparse_grid,4,6,token,deterministic,31,512,13.219999999999999
fresh4_sparse_grid_904005,sparse_grid,4,6,token,poor,11,1,20.493142814659837
fresh4_sparse_grid_904005,sparse_grid,4,6,token,poor,11,8,13.985514816311287
fresh4_sparse_grid_904005,sparse_grid,4,6,token,poor,11,32,13.221459802280032
fresh4_sparse_grid_904005,sparse_grid,4,6,token,poor,11,128,13.220000000000029
fresh4_sparse_grid_904005,sparse_grid,4,6,token,poor,11,512,13.219999999999999
fresh4_sparse_grid_904005,sparse_grid,4,6,token,poor,17,1,20.56257369033535
fresh4_sparse_grid_904005,sparse_grid,4,6,token,poor,17,8,13.971319041775592
fresh4_sparse_grid_904005,sparse_grid,4,6,token,poor,17,32,13.22136052940223
fresh4_sparse_grid_904005,sparse_grid,4,6,token,poor,17,128,13.220000000000022
fresh4_sparse_grid_904005,sparse_grid,4,6,token,poor,17,512,13.219999999999999
fresh4_sparse_grid_904005,sparse_grid,4,6,token,poor,23,1,20.747165867411997
fresh4_sparse_grid_904005,sparse_grid,4,6,token,poor,23,8,14.128673643937963
fresh4_sparse_grid_904005,sparse_grid,4,6,token,poor,23,32,13.223414112603795
fresh4_sparse_grid_904005,sparse_grid,4,6,token,poor,23,128,13.220000000001807
fresh4_sparse_grid_904005,sparse_grid,4,6,token,poor,23,512,13.219999999999999
fresh4_sparse_grid_904005,sparse_grid,4,6,token,poor,31,1,20.568856983432955
fresh4_sparse_grid_904005,sparse_grid,4,6,token,poor,31,8,13.971451127940846
fresh4_sparse_grid_904005,sparse_grid,4,6,token,poor,31,32,13.221362241336424
fresh4_sparse_grid_904005,sparse_grid,4,6,token,poor,31,128,13.220000000000024
fresh4_sparse_grid_904005,sparse_grid,4,6,token,poor,31,512,13.219999999999999
fresh4_sparse_grid_904005,sparse_grid,4,6,token,random,11,1,16.199865911442856
fresh4_sparse_grid_904005,sparse_grid,4,6,token,random,11,8,14.267227612575223
fresh4_sparse_grid_904005,sparse_grid,4,6,token,random,11,32,13.249035950215955
fresh4_sparse_grid_904005,sparse_grid,4,6,token,random,11,128,13.220000017159943
fresh4_sparse_grid_904005,sparse_grid,4,6,token,random,11,512,13.219999999999999
fresh4_sparse_grid_904005,sparse_grid,4,6,token,random,17,1,16.431907228113854
fresh4_sparse_grid_904005,sparse_grid,4,6,token,random,17,8,15.127968719736224
fresh4_sparse_grid_904005,sparse_grid,4,6,token,random,17,32,13.539931281131107
fresh4_sparse_grid_904005,sparse_grid,4,6,token,random,17,128,13.220252928940045
fresh4_sparse_grid_904005,sparse_grid,4,6,token,random,17,512,13.219999999999999
fresh4_sparse_grid_904005,sparse_grid,4,6,token,random,23,1,16.55831391434967
fresh4_sparse_grid_904005,sparse_grid,4,6,token,random,23,8,15.81827245607299
fresh4_sparse_grid_904005,sparse_grid,4,6,token,random,23,32,14.320298349295028
fresh4_sparse_grid_904005,sparse_grid,4,6,token,random,23,128,13.255384539604831
fresh4_sparse_grid_904005,sparse_grid,4,6,token,random,23,512,13.220000037846514
fresh4_sparse_grid_904005,sparse_grid,4,6,token,random,31,1,16.140647129863115
fresh4_sparse_grid_904005,sparse_grid,4,6,token,random,31,8,14.111866847944695
fresh4_sparse_grid_904005,sparse_grid,4,6,token,random,31,32,13.235274668262969
fresh4_sparse_grid_904005,sparse_grid,4,6,token,random,31,128,13.22000000131419
fresh4_sparse_grid_904005,sparse_grid,4,6,token,random,31,512,13.219999999999999
fresh4_sparse_grid_904005,sparse_grid,4,6,uniform_feasible,deterministic,,1,21.941999999999997
fresh4_sparse_grid_904005,sparse_grid,4,6,uniform_feasible,deterministic,,8,16.43368349607894
fresh4_sparse_grid_904005,sparse_grid,4,6,uniform_feasible,deterministic,,32,14.06426241121239
fresh4_sparse_grid_904005,sparse_grid,4,6,uniform_feasible,deterministic,,128,13.230287658022348
fresh4_sparse_grid_904005,sparse_grid,4,6,uniform_feasible,deterministic,,512,13.220000000269227
fresh4_sparse_grid_904005,sparse_grid,4,6,uniform_feasible,poor,,1,22.03333333333333
fresh4_sparse_grid_904005,sparse_grid,4,6,uniform_feasible,poor,,8,16.4336834960846
fresh4_sparse_grid_904005,sparse_grid,4,6,uniform_feasible,poor,,32,14.06426241121239
fresh4_sparse_grid_904005,sparse_grid,4,6,uniform_feasible,poor,,128,13.230287658022348
fresh4_sparse_grid_904005,sparse_grid,4,6,uniform_feasible,poor,,512,13.220000000269227
fresh4_sparse_grid_904005,sparse_grid,4,6,uniform_feasible,random,,1,16.52622222222217
fresh4_sparse_grid_904005,sparse_grid,4,6,uniform_feasible,random,,8,15.625047361885674
fresh4_sparse_grid_904005,sparse_grid,4,6,uniform_feasible,random,,32,14.027730043079188
fresh4_sparse_grid_904005,sparse_grid,4,6,uniform_feasible,random,,128,13.230276297052411
fresh4_sparse_grid_904005,sparse_grid,4,6,uniform_feasible,random,,512,13.220000000269227
fresh4_sparse_grid_line_904200,sparse_grid_line,4,6,greedy,deterministic,,1,8.4
fresh4_sparse_grid_line_904200,sparse_grid_line,4,6,greedy,deterministic,,8,8.4
fresh4_sparse_grid_line_904200,sparse_grid_line,4,6,greedy,deterministic,,32,7.01
fresh4_sparse_grid_line_904200,sparse_grid_line,4,6,greedy,deterministic,,128,7.01
fresh4_sparse_grid_line_904200,sparse_grid_line,4,6,greedy,deterministic,,512,7.01
fresh4_sparse_grid_line_904200,sparse_grid_line,4,6,greedy,poor,,1,29.43
fresh4_sparse_grid_line_904200,sparse_grid_line,4,6,greedy,poor,,8,12.57
fresh4_sparse_grid_line_904200,sparse_grid_line,4,6,greedy,poor,,32,9.79
fresh4_sparse_grid_line_904200,sparse_grid_line,4,6,greedy,poor,,128,7.01
fresh4_sparse_grid_line_904200,sparse_grid_line,4,6,greedy,poor,,512,7.01
fresh4_sparse_grid_line_904200,sparse_grid_line,4,6,greedy,random,,1,8.4
fresh4_sparse_grid_line_904200,sparse_grid_line,4,6,greedy,random,,8,8.4
fresh4_sparse_grid_line_904200,sparse_grid_line,4,6,greedy,random,,32,8.4
fresh4_sparse_grid_line_904200,sparse_grid_line,4,6,greedy,random,,128,8.4
fresh4_sparse_grid_line_904200,sparse_grid_line,4,6,greedy,random,,512,8.4
fresh4_sparse_grid_line_904200,sparse_grid_line,4,6,penalty_row_xy,deterministic,11,1,8.391214139858139
fresh4_sparse_grid_line_904200,sparse_grid_line,4,6,penalty_row_xy,deterministic,11,8,8.331248550094738
fresh4_sparse_grid_line_904200,sparse_grid_line,4,6,penalty_row_xy,deterministic,11,32,8.144733023732524
fresh4_sparse_grid_line_904200,sparse_grid_line,4,6,penalty_row_xy,deterministic,11,128,7.627348469637146
fresh4_sparse_grid_line_904200,sparse_grid_line,4,6,penalty_row_xy,deterministic,11,512,7.064085033472997
fresh4_sparse_grid_line_904200,sparse_grid_line,4,6,penalty_row_xy,deterministic,17,1,8.385750754861684
fresh4_sparse_grid_line_904200,sparse_grid_line,4,6,penalty_row_xy,deterministic,17,8,8.290013282960624
fresh4_sparse_grid_line_904200,sparse_grid_line,4,6,penalty_row_xy,deterministic,17,32,8.009570671522734
fresh4_sparse_grid_line_904200,sparse_grid_line,4,6,penalty_row_xy,deterministic,17,128,7.381714599767159
fresh4_sparse_grid_line_904200,sparse_grid_line,4,6,penalty_row_xy,deterministic,17,512,7.017108763659919
fresh4_sparse_grid_line_904200,sparse_grid_line,4,6,penalty_row_xy,deterministic,23,1,8.392730549133862
fresh4_sparse_grid_line_904200,sparse_grid_line,4,6,penalty_row_xy,deterministic,23,8,8.342897833149813
fresh4_sparse_grid_line_904200,sparse_grid_line,4,6,penalty_row_xy,deterministic,23,32,8.185284603973667
fresh4_sparse_grid_line_904200,sparse_grid_line,4,6,penalty_row_xy,deterministic,23,128,7.720440624343843
fresh4_sparse_grid_line_904200,sparse_grid_line,4,6,penalty_row_xy,deterministic,23,512,7.1048564240373
fresh4_sparse_grid_line_904200,sparse_grid_line,4,6,penalty_row_xy,deterministic,31,1,8.390702681628248
fresh4_sparse_grid_line_904200,sparse_grid_line,4,6,penalty_row_xy,deterministic,31,8,8.327339593419564
fresh4_sparse_grid_line_904200,sparse_grid_line,4,6,penalty_row_xy,deterministic,31,32,8.13136392183273
fresh4_sparse_grid_line_904200,sparse_grid_line,4,6,penalty_row_xy,deterministic,31,128,7.598764906896003
fresh4_sparse_grid_line_904200,sparse_grid_line,4,6,penalty_row_xy,deterministic,31,512,7.054742810828617
fresh4_sparse_grid_line_904200,sparse_grid_line,4,6,penalty_row_xy,poor,11,1,24.155814003941117
fresh4_sparse_grid_line_904200,sparse_grid_line,4,6,penalty_row_xy,poor,11,8,11.727995489185698
fresh4_sparse_grid_line_904200,sparse_grid_line,4,6,penalty_row_xy,poor,11,32,8.607726847410385
fresh4_sparse_grid_line_904200,sparse_grid_line,4,6,penalty_row_xy,poor,11,128,7.589111228753219
fresh4_sparse_grid_line_904200,sparse_grid_line,4,6,penalty_row_xy,poor,11,512,7.049711857630306
fresh4_sparse_grid_line_904200,sparse_grid_line,4,6,penalty_row_xy,poor,17,1,24.144727812462214
fresh4_sparse_grid_line_904200,sparse_grid_line,4,6,penalty_row_xy,poor,17,8,11.722154529856759
fresh4_sparse_grid_line_904200,sparse_grid_line,4,6,penalty_row_xy,poor,17,32,8.613364142410502
fresh4_sparse_grid_line_904200,sparse_grid_line,4,6,penalty_row_xy,poor,17,128,7.601536609787252
fresh4_sparse_grid_line_904200,sparse_grid_line,4,6,penalty_row_xy,poor,17,512,7.05328739450363
fresh4_sparse_grid_line_904200,sparse_grid_line,4,6,penalty_row_xy,poor,23,1,24.141599413763508
fresh4_sparse_grid_line_904200,sparse_grid_line,4,6,penalty_row_xy,poor,23,8,11.71987436622892
fresh4_sparse_grid_line_904200,sparse_grid_line,4,6,penalty_row_xy,poor,23,32,8.611163420016307
fresh4_sparse_grid_line_904200,sparse_grid_line,4,6,penalty_row_xy,poor,23,128,7.60810575853872
fresh4_sparse_grid_line_904200,sparse_grid_line,4,6,penalty_row_xy,poor,23,512,7.055400424829863
fresh4_sparse_grid_line_904200,sparse_grid_line,4,6,penalty_row_xy,poor,31,1,24.1319130568642
fresh4_sparse_grid_line_904200,sparse_grid_line,4,6,penalty_row_xy,poor,31,8,11.715535844715003
fresh4_sparse_grid_line_904200,sparse_grid_line,4,6,penalty_row_xy,poor,31,32,8.615306937092013
fresh4_sparse_grid_line_904200,sparse_grid_line,4,6,penalty_row_xy,poor,31,128,7.606177562047691
fresh4_sparse_grid_line_904200,sparse_grid_line,4,6,penalty_row_xy,poor,31,512,7.054689934675689
fresh4_sparse_grid_line_904200,sparse_grid_line,4,6,penalty_row_xy,random,11,1,8.279121879121371
fresh4_sparse_grid_line_904200,sparse_grid_line,4,6,penalty_row_xy,random,11,8,7.681309894026045
fresh4_sparse_grid_line_904200,sparse_grid_line,4,6,penalty_row_xy,random,11,32,7.085621935967138
fresh4_sparse_grid_line_904200,sparse_grid_line,4,6,penalty_row_xy,random,11,128,7.0100121771810935
fresh4_sparse_grid_line_904200,sparse_grid_line,4,6,penalty_row_xy,random,11,512,7.01
fresh4_sparse_grid_line_904200,sparse_grid_line,4,6,penalty_row_xy,random,17,1,8.259000962049205
fresh4_sparse_grid_line_904200,sparse_grid_line,4,6,penalty_row_xy,random,17,8,7.600742996172505
fresh4_sparse_grid_line_904200,sparse_grid_line,4,6,penalty_row_xy,random,17,32,7.055347142394215
fresh4_sparse_grid_line_904200,sparse_grid_line,4,6,penalty_row_xy,random,17,128,7.0100015745458
fresh4_sparse_grid_line_904200,sparse_grid_line,4,6,penalty_row_xy,random,17,512,7.01
fresh4_sparse_grid_line_904200,sparse_grid_line,4,6,penalty_row_xy,random,23,1,8.353140861067534
fresh4_sparse_grid_line_904200,sparse_grid_line,4,6,penalty_row_xy,random,23,8,8.066498511719098
fresh4_sparse_grid_line_904200,sparse_grid_line,4,6,penalty_row_xy,random,23,32,7.473907247718882
fresh4_sparse_grid_line_904200,sparse_grid_line,4,6,penalty_row_xy,random,23,128,7.027245676285994
fresh4_sparse_grid_line_904200,sparse_grid_line,4,6,penalty_row_xy,random,23,512,7.010000032936429
fresh4_sparse_grid_line_904200,sparse_grid_line,4,6,penalty_row_xy,random,31,1,8.312583774336797
fresh4_sparse_grid_line_904200,sparse_grid_line,4,6,penalty_row_xy,random,31,8,7.836688147036316
fresh4_sparse_grid_line_904200,sparse_grid_line,4,6,penalty_row_xy,random,31,32,7.1839091540154465
fresh4_sparse_grid_line_904200,sparse_grid_line,4,6,penalty_row_xy,random,31,128,7.010340600568947
fresh4_sparse_grid_line_904200,sparse_grid_line,4,6,penalty_row_xy,random,31,512,7.010000000000005
fresh4_sparse_grid_line_904200,sparse_grid_line,4,6,token,deterministic,11,1,8.084910366063385
fresh4_sparse_grid_line_904200,sparse_grid_line,4,6,token,deterministic,11,8,7.187776522612331
fresh4_sparse_grid_line_904200,sparse_grid_line,4,6,token,deterministic,11,32,7.010371923163368
fresh4_sparse_grid_line_904200,sparse_grid_line,4,6,token,deterministic,11,128,7.010000000000007
fresh4_sparse_grid_line_904200,sparse_grid_line,4,6,token,deterministic,11,512,7.01
fresh4_sparse_grid_line_904200,sparse_grid_line,4,6,token,deterministic,17,1,8.08489723062028
fresh4_sparse_grid_line_904200,sparse_grid_line,4,6,token,deterministic,17,8,7.187759143871924
fresh4_sparse_grid_line_904200,sparse_grid_line,4,6,token,deterministic,17,32,7.010371777753653
fresh4_sparse_grid_line_904200,sparse_grid_line,4,6,token,deterministic,17,128,7.010000000000007
fresh4_sparse_grid_line_904200,sparse_grid_line,4,6,token,deterministic,17,512,7.01
fresh4_sparse_grid_line_904200,sparse_grid_line,4,6,token,deterministic,23,1,8.084898312730372
fresh4_sparse_grid_line_904200,sparse_grid_line,4,6,token,deterministic,23,8,7.187760575492625
fresh4_sparse_grid_line_904200,sparse_grid_line,4,6,token,deterministic,23,32,7.010371789730559
fresh4_sparse_grid_line_904200,sparse_grid_line,4,6,token,deterministic,23,128,7.010000000000007
fresh4_sparse_grid_line_904200,sparse_grid_line,4,6,token,deterministic,23,512,7.01
fresh4_sparse_grid_line_904200,sparse_grid_line,4,6,token,deterministic,31,1,8.084899037442009
fresh4_sparse_grid_line_904200,sparse_grid_line,4,6,token,deterministic,31,8,7.187761534284432
fresh4_sparse_grid_line_904200,sparse_grid_line,4,6,token,deterministic,31,32,7.010371797751951
fresh4_sparse_grid_line_904200,sparse_grid_line,4,6,token,deterministic,31,128,7.010000000000007
fresh4_sparse_grid_line_904200,sparse_grid_line,4,6,token,deterministic,31,512,7.01
fresh4_sparse_grid_line_904200,sparse_grid_line,4,6,token,poor,11,1,13.30021979161452
fresh4_sparse_grid_line_904200,sparse_grid_line,4,6,token,poor,11,8,7.805825005763751
fresh4_sparse_grid_line_904200,sparse_grid_line,4,6,token,poor,11,32,7.020213313450686
fresh4_sparse_grid_line_904200,sparse_grid_line,4,6,token,poor,11,128,7.010000003286849
fresh4_sparse_grid_line_904200,sparse_grid_line,4,6,token,poor,11,512,7.01
fresh4_sparse_grid_line_904200,sparse_grid_line,4,6,token,poor,17,1,13.24242337667806
fresh4_sparse_grid_line_904200,sparse_grid_line,4,6,token,poor,17,8,7.814379432249453
fresh4_sparse_grid_line_904200,sparse_grid_line,4,6,token,poor,17,32,7.021041084030863
fresh4_sparse_grid_line_904200,sparse_grid_line,4,6,token,poor,17,128,7.010000004552394
fresh4_sparse_grid_line_904200,sparse_grid_line,4,6,token,poor,17,512,7.01
fresh4_sparse_grid_line_904200,sparse_grid_line,4,6,token,poor,23,1,13.336407892326758
fresh4_sparse_grid_line_904200,sparse_grid_line,4,6,token,poor,23,8,7.8061492487773565
fresh4_sparse_grid_line_904200,sparse_grid_line,4,6,token,poor,23,32,7.020242846282904
fresh4_sparse_grid_line_904200,sparse_grid_line,4,6,token,poor,23,128,7.010000003329702
fresh4_sparse_grid_line_904200,sparse_grid_line,4,6,token,poor,23,512,7.01
fresh4_sparse_grid_line_904200,sparse_grid_line,4,6,token,poor,31,1,13.335125433158103
fresh4_sparse_grid_line_904200,sparse_grid_line,4,6,token,poor,31,8,7.810158474207654
fresh4_sparse_grid_line_904200,sparse_grid_line,4,6,token,poor,31,32,7.020533246316186
fresh4_sparse_grid_line_904200,sparse_grid_line,4,6,token,poor,31,128,7.010000003743275
fresh4_sparse_grid_line_904200,sparse_grid_line,4,6,token,poor,31,512,7.01
fresh4_sparse_grid_line_904200,sparse_grid_line,4,6,token,random,11,1,8.248849818839652
fresh4_sparse_grid_line_904200,sparse_grid_line,4,6,token,random,11,8,7.563408329458316
fresh4_sparse_grid_line_904200,sparse_grid_line,4,6,token,random,11,32,7.04492515685338
fresh4_sparse_grid_line_904200,sparse_grid_line,4,6,token,random,11,128,7.0100005539991015
fresh4_sparse_grid_line_904200,sparse_grid_line,4,6,token,random,11,512,7.01
fresh4_sparse_grid_line_904200,sparse_grid_line,4,6,token,random,17,1,8.248834721873717
fresh4_sparse_grid_line_904200,sparse_grid_line,4,6,token,random,17,8,7.563354379865833
fresh4_sparse_grid_line_904200,sparse_grid_line,4,6,token,random,17,32,7.044911539982273
fresh4_sparse_grid_line_904200,sparse_grid_line,4,6,token,random,17,128,7.010000553135617
fresh4_sparse_grid_line_904200,sparse_grid_line,4,6,token,random,17,512,7.01
fresh4_sparse_grid_line_904200,sparse_grid_line,4,6,token,random,23,1,8.248833320442424
fresh4_sparse_grid_line_904200,sparse_grid_line,4,6,token,random,23,8,7.5633493720302605
fresh4_sparse_grid_line_904200,sparse_grid_line,4,6,token,random,23,32,7.044910276207123
fresh4_sparse_grid_line_904200,sparse_grid_line,4,6,token,random,23,128,7.01000055305553
fresh4_sparse_grid_line_904200,sparse_grid_line,4,6,token,random,23,512,7.01
fresh4_sparse_grid_line_904200,sparse_grid_line,4,6,token,random,31,1,8.248841716040111
fresh4_sparse_grid_line_904200,sparse_grid_line,4,6,token,random,31,8,7.563379373218165
fresh4_sparse_grid_line_904200,sparse_grid_line,4,6,token,random,31,32,7.044917847806473
fresh4_sparse_grid_line_904200,sparse_grid_line,4,6,token,random,31,128,7.010000553535488
fresh4_sparse_grid_line_904200,sparse_grid_line,4,6,token,random,31,512,7.01
fresh4_sparse_grid_line_904200,sparse_grid_line,4,6,uniform_feasible,deterministic,,1,8.376833333333307
fresh4_sparse_grid_line_904200,sparse_grid_line,4,6,uniform_feasible,deterministic,,8,8.225124815850801
fresh4_sparse_grid_line_904200,sparse_grid_line,4,6,uniform_feasible,deterministic,,32,7.821781520066964
fresh4_sparse_grid_line_904200,sparse_grid_line,4,6,uniform_feasible,deterministic,,128,7.17170082710487
fresh4_sparse_grid_line_904200,sparse_grid_line,4,6,uniform_feasible,deterministic,,512,7.010254568441994
fresh4_sparse_grid_line_904200,sparse_grid_line,4,6,uniform_feasible,poor,,1,16.356666666666644
fresh4_sparse_grid_line_904200,sparse_grid_line,4,6,uniform_feasible,poor,,8,9.875113107695533
fresh4_sparse_grid_line_904200,sparse_grid_line,4,6,uniform_feasible,poor,,32,8.014831649097701
fresh4_sparse_grid_line_904200,sparse_grid_line,4,6,uniform_feasible,poor,,128,7.1720666336179555
fresh4_sparse_grid_line_904200,sparse_grid_line,4,6,uniform_feasible,poor,,512,7.010254568442004
fresh4_sparse_grid_line_904200,sparse_grid_line,4,6,uniform_feasible,random,,1,8.376833333333307
fresh4_sparse_grid_line_904200,sparse_grid_line,4,6,uniform_feasible,random,,8,8.225124815850801
fresh4_sparse_grid_line_904200,sparse_grid_line,4,6,uniform_feasible,random,,32,7.821781520066964
fresh4_sparse_grid_line_904200,sparse_grid_line,4,6,uniform_feasible,random,,128,7.17170082710487
fresh4_sparse_grid_line_904200,sparse_grid_line,4,6,uniform_feasible,random,,512,7.010254568441994
fresh4_sparse_grid_line_904201,sparse_grid_line,4,6,greedy,deterministic,,1,19.6
fresh4_sparse_grid_line_904201,sparse_grid_line,4,6,greedy,deterministic,,8,18.459999999999997
fresh4_sparse_grid_line_904201,sparse_grid_line,4,6,greedy,deterministic,,32,16.88
fresh4_sparse_grid_line_904201,sparse_grid_line,4,6,greedy,deterministic,,128,16.88
fresh4_sparse_grid_line_904201,sparse_grid_line,4,6,greedy,deterministic,,512,16.88
fresh4_sparse_grid_line_904201,sparse_grid_line,4,6,greedy,poor,,1,52.58
fresh4_sparse_grid_line_904201,sparse_grid_line,4,6,greedy,poor,,8,28.52
fresh4_sparse_grid_line_904201,sparse_grid_line,4,6,greedy,poor,,32,16.88
fresh4_sparse_grid_line_904201,sparse_grid_line,4,6,greedy,poor,,128,16.88
fresh4_sparse_grid_line_904201,sparse_grid_line,4,6,greedy,poor,,512,16.88
fresh4_sparse_grid_line_904201,sparse_grid_line,4,6,greedy,random,,1,24.36
fresh4_sparse_grid_line_904201,sparse_grid_line,4,6,greedy,random,,8,19.6
fresh4_sparse_grid_line_904201,sparse_grid_line,4,6,greedy,random,,32,16.88
fresh4_sparse_grid_line_904201,sparse_grid_line,4,6,greedy,random,,128,16.88
fresh4_sparse_grid_line_904201,sparse_grid_line,4,6,greedy,random,,512,16.88
fresh4_sparse_grid_line_904201,sparse_grid_line,4,6,penalty_row_xy,deterministic,11,1,19.51053445388391
fresh4_sparse_grid_line_904201,sparse_grid_line,4,6,penalty_row_xy,deterministic,11,8,19.059751971976436
fresh4_sparse_grid_line_904201,sparse_grid_line,4,6,penalty_row_xy,deterministic,11,32,18.48842469241841
fresh4_sparse_grid_line_904201,sparse_grid_line,4,6,penalty_row_xy,deterministic,11,128,18.063743741364046
fresh4_sparse_grid_line_904201,sparse_grid_line,4,6,penalty_row_xy,deterministic,11,512,17.393891865282868
fresh4_sparse_grid_line_904201,sparse_grid_line,4,6,penalty_row_xy,deterministic,17,1,19.510919545019146
fresh4_sparse_grid_line_904201,sparse_grid_line,4,6,penalty_row_xy,deterministic,17,8,19.06205055095258
fresh4_sparse_grid_line_904201,sparse_grid_line,4,6,penalty_row_xy,deterministic,17,32,18.49099996484696
fresh4_sparse_grid_line_904201,sparse_grid_line,4,6,penalty_row_xy,deterministic,17,128,18.062790315423218
fresh4_sparse_grid_line_904201,sparse_grid_line,4,6,penalty_row_xy,deterministic,17,512,17.391932830241547
fresh4_sparse_grid_line_904201,sparse_grid_line,4,6,penalty_row_xy,deterministic,23,1,19.510543715554014
fresh4_sparse_grid_line_904201,sparse_grid_line,4,6,penalty_row_xy,deterministic,23,8,19.060127398853687
fresh4_sparse_grid_line_904201,sparse_grid_line,4,6,penalty_row_xy,deterministic,23,32,18.48965651774753
fresh4_sparse_grid_line_904201,sparse_grid_line,4,6,penalty_row_xy,deterministic,23,128,18.06576732517119
fresh4_sparse_grid_line_904201,sparse_grid_line,4,6,penalty_row_xy,deterministic,23,512,17.3967567814174
fresh4_sparse_grid_line_904201,sparse_grid_line,4,6,penalty_row_xy,deterministic,31,1,19.55083568363548
fresh4_sparse_grid_line_904201,sparse_grid_line,4,6,penalty_row_xy,deterministic,31,8,19.24914297563101
fresh4_sparse_grid_line_904201,sparse_grid_line,4,6,penalty_row_xy,deterministic,31,32,18.576086518592767
fresh4_sparse_grid_line_904201,sparse_grid_line,4,6,penalty_row_xy,deterministic,31,128,17.565091361251174
fresh4_sparse_grid_line_904201,sparse_grid_line,4,6,penalty_row_xy,deterministic,31,512,16.924811993291517
fresh4_sparse_grid_line_904201,sparse_grid_line,4,6,penalty_row_xy,poor,11,1,45.90136256321136
fresh4_sparse_grid_line_904201,sparse_grid_line,4,6,penalty_row_xy,poor,11,8,26.59510194210351
fresh4_sparse_grid_line_904201,sparse_grid_line,4,6,penalty_row_xy,poor,11,32,19.552920864940592
fresh4_sparse_grid_line_904201,sparse_grid_line,4,6,penalty_row_xy,poor,11,128,17.3124512184768
fresh4_sparse_grid_line_904201,sparse_grid_line,4,6,penalty_row_xy,poor,11,512,16.907253526828853
fresh4_sparse_grid_line_904201,sparse_grid_line,4,6,penalty_row_xy,poor,17,1,44.7046958685399
fresh4_sparse_grid_line_904201,sparse_grid_line,4,6,penalty_row_xy,poor,17,8,24.96654413593467
fresh4_sparse_grid_line_904201,sparse_grid_line,4,6,penalty_row_xy,poor,17,32,18.838245019564685
fresh4_sparse_grid_line_904201,sparse_grid_line,4,6,penalty_row_xy,poor,17,128,17.0926289448294
fresh4_sparse_grid_line_904201,sparse_grid_line,4,6,penalty_row_xy,poor,17,512,16.88043608728546
fresh4_sparse_grid_line_904201,sparse_grid_line,4,6,penalty_row_xy,poor,23,1,43.959294362778905
fresh4_sparse_grid_line_904201,sparse_grid_line,4,6,penalty_row_xy,poor,23,8,22.840755762479375
fresh4_sparse_grid_line_904201,sparse_grid_line,4,6,penalty_row_xy,poor,23,32,17.570662906615656
fresh4_sparse_grid_line_904201,sparse_grid_line,4,6,penalty_row_xy,poor,23,128,16.887600630971367
fresh4_sparse_grid_line_904201,sparse_grid_line,4,6,penalty_row_xy,poor,23,512,16.880000000585827
fresh4_sparse_grid_line_904201,sparse_grid_line,4,6,penalty_row_xy,poor,31,1,45.92710236580912
fresh4_sparse_grid_line_904201,sparse_grid_line,4,6,penalty_row_xy,poor,31,8,26.08115495830185
fresh4_sparse_grid_line_904201,sparse_grid_line,4,6,penalty_row_xy,poor,31,32,18.758866328466762
fresh4_sparse_grid_line_904201,sparse_grid_line,4,6,penalty_row_xy,poor,31,128,17.070874559940513
fresh4_sparse_grid_line_904201,sparse_grid_line,4,6,penalty_row_xy,poor,31,512,16.882091188397258
fresh4_sparse_grid_line_904201,sparse_grid_line,4,6,penalty_row_xy,random,11,1,23.995434733050978
fresh4_sparse_grid_line_904201,sparse_grid_line,4,6,penalty_row_xy,random,11,8,21.980900597253406
fresh4_sparse_grid_line_904201,sparse_grid_line,4,6,penalty_row_xy,random,11,32,18.864382666568932
fresh4_sparse_grid_line_904201,sparse_grid_line,4,6,penalty_row_xy,random,11,128,17.12805604201633
fresh4_sparse_grid_line_904201,sparse_grid_line,4,6,penalty_row_xy,random,11,512,16.8858298317853
fresh4_sparse_grid_line_904201,sparse_grid_line,4,6,penalty_row_xy,random,17,1,24.021029155689185
fresh4_sparse_grid_line_904201,sparse_grid_line,4,6,penalty_row_xy,random,17,8,22.119707706773585
fresh4_sparse_grid_line_904201,sparse_grid_line,4,6,penalty_row_xy,random,17,32,19.034800736738596
fresh4_sparse_grid_line_904201,sparse_grid_line,4,6,penalty_row_xy,random,17,128,17.215738914880117
fresh4_sparse_grid_line_904201,sparse_grid_line,4,6,penalty_row_xy,random,17,512,16.921467896255006
fresh4_sparse_grid_line_904201,sparse_grid_line,4,6,penalty_row_xy,random,23,1,24.02062077149821
fresh4_sparse_grid_line_904201,sparse_grid_line,4,6,penalty_row_xy,random,23,8,22.118015890957828
fresh4_sparse_grid_line_904201,sparse_grid_line,4,6,penalty_row_xy,random,23,32,19.03484080952025
fresh4_sparse_grid_line_904201,sparse_grid_line,4,6,penalty_row_xy,random,23,128,17.218494715825752
fresh4_sparse_grid_line_904201,sparse_grid_line,4,6,penalty_row_xy,random,23,512,16.923137019274748
fresh4_sparse_grid_line_904201,sparse_grid_line,4,6,penalty_row_xy,random,31,1,23.99092635220903
fresh4_sparse_grid_line_904201,sparse_grid_line,4,6,penalty_row_xy,random,31,8,21.96675110792858
fresh4_sparse_grid_line_904201,sparse_grid_line,4,6,penalty_row_xy,random,31,32,18.914571199863843
fresh4_sparse_grid_line_904201,sparse_grid_line,4,6,penalty_row_xy,random,31,128,17.21752622898239
fresh4_sparse_grid_line_904201,sparse_grid_line,4,6,penalty_row_xy,random,31,512,16.897083483210334
fresh4_sparse_grid_line_904201,sparse_grid_line,4,6,token,deterministic,11,1,19.0680534098434
fresh4_sparse_grid_line_904201,sparse_grid_line,4,6,token,deterministic,11,8,17.450002653398865
fresh4_sparse_grid_line_904201,sparse_grid_line,4,6,token,deterministic,11,32,16.9081016628677
fresh4_sparse_grid_line_904201,sparse_grid_line,4,6,token,deterministic,11,128,16.880004779316568
fresh4_sparse_grid_line_904201,sparse_grid_line,4,6,token,deterministic,11,512,16.88
fresh4_sparse_grid_line_904201,sparse_grid_line,4,6,token,deterministic,17,1,18.905594717120376
fresh4_sparse_grid_line_904201,sparse_grid_line,4,6,token,deterministic,17,8,17.171664846226772
fresh4_sparse_grid_line_904201,sparse_grid_line,4,6,token,deterministic,17,32,16.880950488738883
fresh4_sparse_grid_line_904201,sparse_grid_line,4,6,token,deterministic,17,128,16.88000000000239
fresh4_sparse_grid_line_904201,sparse_grid_line,4,6,token,deterministic,17,512,16.88
fresh4_sparse_grid_line_904201,sparse_grid_line,4,6,token,deterministic,23,1,19.03942411073026
fresh4_sparse_grid_line_904201,sparse_grid_line,4,6,token,deterministic,23,8,17.38786966284876
fresh4_sparse_grid_line_904201,sparse_grid_line,4,6,token,deterministic,23,32,16.900202110464654
fresh4_sparse_grid_line_904201,sparse_grid_line,4,6,token,deterministic,23,128,16.88000148874941
fresh4_sparse_grid_line_904201,sparse_grid_line,4,6,token,deterministic,23,512,16.88
fresh4_sparse_grid_line_904201,sparse_grid_line,4,6,token,deterministic,31,1,19.027635651435553
fresh4_sparse_grid_line_904201,sparse_grid_line,4,6,token,deterministic,31,8,17.37378026881495
fresh4_sparse_grid_line_904201,sparse_grid_line,4,6,token,deterministic,31,32,16.901549843781
fresh4_sparse_grid_line_904201,sparse_grid_line,4,6,token,deterministic,31,128,16.880002090157937
fresh4_sparse_grid_line_904201,sparse_grid_line,4,6,token,deterministic,31,512,16.88
fresh4_sparse_grid_line_904201,sparse_grid_line,4,6,token,poor,11,1,22.32358449656421
fresh4_sparse_grid_line_904201,sparse_grid_line,4,6,token,poor,11,8,17.81373284319725
fresh4_sparse_grid_line_904201,sparse_grid_line,4,6,token,poor,11,32,16.927014852368906
fresh4_sparse_grid_line_904201,sparse_grid_line,4,6,token,poor,11,128,16.880001205508634
fresh4_sparse_grid_line_904201,sparse_grid_line,4,6,token,poor,11,512,16.88
fresh4_sparse_grid_line_904201,sparse_grid_line,4,6,token,poor,17,1,22.31952637958756
fresh4_sparse_grid_line_904201,sparse_grid_line,4,6,token,poor,17,8,17.81278440963024
fresh4_sparse_grid_line_904201,sparse_grid_line,4,6,token,poor,17,32,16.927015998317138
fresh4_sparse_grid_line_904201,sparse_grid_line,4,6,token,poor,17,128,16.880001205684422
fresh4_sparse_grid_line_904201,sparse_grid_line,4,6,token,poor,17,512,16.88
fresh4_sparse_grid_line_904201,sparse_grid_line,4,6,token,poor,23,1,22.322927012731338
fresh4_sparse_grid_line_904201,sparse_grid_line,4,6,token,poor,23,8,17.814517695000692
fresh4_sparse_grid_line_904201,sparse_grid_line,4,6,token,poor,23,32,16.926972027504632
fresh4_sparse_grid_line_904201,sparse_grid_line,4,6,token,poor,23,128,16.880001200967968
fresh4_sparse_grid_line_904201,sparse_grid_line,4,6,token,poor,23,512,16.88
fresh4_sparse_grid_line_904201,sparse_grid_line,4,6,token,poor,31,1,22.33397987977145
fresh4_sparse_grid_line_904201,sparse_grid_line,4,6,token,poor,31,8,17.822207654815408
fresh4_sparse_grid_line_904201,sparse_grid_line,4,6,token,poor,31,32,16.926862329596474
fresh4_sparse_grid_line_904201,sparse_grid_line,4,6,token,poor,31,128,16.880001189013942
fresh4_sparse_grid_line_904201,sparse_grid_line,4,6,token,poor,31,512,16.88
fresh4_sparse_grid_line_904201,sparse_grid_line,4,6,token,random,11,1,22.092456824406497
fresh4_sparse_grid_line_904201,sparse_grid_line,4,6,token,random,11,8,17.67381984652132
fresh4_sparse_grid_line_904201,sparse_grid_line,4,6,token,random,11,32,17.281196930783107
fresh4_sparse_grid_line_904201,sparse_grid_line,4,6,token,random,11,128,17.183656916641525
fresh4_sparse_grid_line_904201,sparse_grid_line,4,6,token,random,11,512,16.97981014395034
fresh4_sparse_grid_line_904201,sparse_grid_line,4,6,token,random,17,1,21.88817393804689
fresh4_sparse_grid_line_904201,sparse_grid_line,4,6,token,random,17,8,17.570759454472014
fresh4_sparse_grid_line_904201,sparse_grid_line,4,6,token,random,17,32,17.180005437081363
fresh4_sparse_grid_line_904201,sparse_grid_line,4,6,token,random,17,128,16.974920543590887
fresh4_sparse_grid_line_904201,sparse_grid_line,4,6,token,random,17,512,16.880952977917456
fresh4_sparse_grid_line_904201,sparse_grid_line,4,6,token,random,23,1,22.071700264826923
fresh4_sparse_grid_line_904201,sparse_grid_line,4,6,token,random,23,8,17.66077065418977
fresh4_sparse_grid_line_904201,sparse_grid_line,4,6,token,random,23,32,17.25096034703499
fresh4_sparse_grid_line_904201,sparse_grid_line,4,6,token,random,23,128,17.101914895077922
fresh4_sparse_grid_line_904201,sparse_grid_line,4,6,token,random,23,512,16.9084700207673
fresh4_sparse_grid_line_904201,sparse_grid_line,4,6,token,random,31,1,21.962668505772605
fresh4_sparse_grid_line_904201,sparse_grid_line,4,6,token,random,31,8,17.61224908317698
fresh4_sparse_grid_line_904201,sparse_grid_line,4,6,token,random,31,32,17.24407669772165
fresh4_sparse_grid_line_904201,sparse_grid_line,4,6,token,random,31,128,17.08594147686317
fresh4_sparse_grid_line_904201,sparse_grid_line,4,6,token,random,31,512,16.901116272702712
fresh4_sparse_grid_line_904201,sparse_grid_line,4,6,uniform_feasible,deterministic,,1,19.465999999999944
fresh4_sparse_grid_line_904201,sparse_grid_line,4,6,uniform_feasible,deterministic,,8,18.735050248447045
fresh4_sparse_grid_line_904201,sparse_grid_line,4,6,uniform_feasible,deterministic,,32,17.618839228794478
fresh4_sparse_grid_line_904201,sparse_grid_line,4,6,uniform_feasible,deterministic,,128,16.946168034599662
fresh4_sparse_grid_line_904201,sparse_grid_line,4,6,uniform_feasible,deterministic,,512,16.880080615822507
fresh4_sparse_grid_line_904201,sparse_grid_line,4,6,uniform_feasible,poor,,1,29.3066666666666
fresh4_sparse_grid_line_904201,sparse_grid_line,4,6,uniform_feasible,poor,,8,20.123283139282428
fresh4_sparse_grid_line_904201,sparse_grid_line,4,6,uniform_feasible,poor,,32,17.661724043636703
fresh4_sparse_grid_line_904201,sparse_grid_line,4,6,uniform_feasible,poor,,128,16.946168270272143
fresh4_sparse_grid_line_904201,sparse_grid_line,4,6,uniform_feasible,poor,,512,16.88008061582251
fresh4_sparse_grid_line_904201,sparse_grid_line,4,6,uniform_feasible,random,,1,23.46311111111105
fresh4_sparse_grid_line_904201,sparse_grid_line,4,6,uniform_feasible,random,,8,20.003221569659946
fresh4_sparse_grid_line_904201,sparse_grid_line,4,6,uniform_feasible,random,,32,17.66170779121835
fresh4_sparse_grid_line_904201,sparse_grid_line,4,6,uniform_feasible,random,,128,16.946168270272143
fresh4_sparse_grid_line_904201,sparse_grid_line,4,6,uniform_feasible,random,,512,16.88008061582251
fresh4_sparse_grid_line_904202,sparse_grid_line,4,6,greedy,deterministic,,1,19.51
fresh4_sparse_grid_line_904202,sparse_grid_line,4,6,greedy,deterministic,,8,14.79
fresh4_sparse_grid_line_904202,sparse_grid_line,4,6,greedy,deterministic,,32,13.62
fresh4_sparse_grid_line_904202,sparse_grid_line,4,6,greedy,deterministic,,128,13.62
fresh4_sparse_grid_line_904202,sparse_grid_line,4,6,greedy,deterministic,,512,13.62
fresh4_sparse_grid_line_904202,sparse_grid_line,4,6,greedy,poor,,1,44.97
fresh4_sparse_grid_line_904202,sparse_grid_line,4,6,greedy,poor,,8,21.87
fresh4_sparse_grid_line_904202,sparse_grid_line,4,6,greedy,poor,,32,13.62
fresh4_sparse_grid_line_904202,sparse_grid_line,4,6,greedy,poor,,128,13.62
fresh4_sparse_grid_line_904202,sparse_grid_line,4,6,greedy,poor,,512,13.62
fresh4_sparse_grid_line_904202,sparse_grid_line,4,6,greedy,random,,1,28.959999999999997
fresh4_sparse_grid_line_904202,sparse_grid_line,4,6,greedy,random,,8,19.52
fresh4_sparse_grid_line_904202,sparse_grid_line,4,6,greedy,random,,32,13.62
fresh4_sparse_grid_line_904202,sparse_grid_line,4,6,greedy,random,,128,13.62
fresh4_sparse_grid_line_904202,sparse_grid_line,4,6,greedy,random,,512,13.62
fresh4_sparse_grid_line_904202,sparse_grid_line,4,6,penalty_row_xy,deterministic,11,1,18.911639322009165
fresh4_sparse_grid_line_904202,sparse_grid_line,4,6,penalty_row_xy,deterministic,11,8,16.421264174274533
fresh4_sparse_grid_line_904202,sparse_grid_line,4,6,penalty_row_xy,deterministic,11,32,14.802154651865214
fresh4_sparse_grid_line_904202,sparse_grid_line,4,6,penalty_row_xy,deterministic,11,128,14.509263781220723
fresh4_sparse_grid_line_904202,sparse_grid_line,4,6,penalty_row_xy,deterministic,11,512,14.010447130944794
fresh4_sparse_grid_line_904202,sparse_grid_line,4,6,penalty_row_xy,deterministic,17,1,18.738050022857948
fresh4_sparse_grid_line_904202,sparse_grid_line,4,6,penalty_row_xy,deterministic,17,8,15.946172096754099
fresh4_sparse_grid_line_904202,sparse_grid_line,4,6,penalty_row_xy,deterministic,17,32,14.76931209225701
fresh4_sparse_grid_line_904202,sparse_grid_line,4,6,penalty_row_xy,deterministic,17,128,14.627524914121032
fresh4_sparse_grid_line_904202,sparse_grid_line,4,6,penalty_row_xy,deterministic,17,512,14.263377076826131
fresh4_sparse_grid_line_904202,sparse_grid_line,4,6,penalty_row_xy,deterministic,23,1,18.91180435812134
fresh4_sparse_grid_line_904202,sparse_grid_line,4,6,penalty_row_xy,deterministic,23,8,16.4223237258759
fresh4_sparse_grid_line_904202,sparse_grid_line,4,6,penalty_row_xy,deterministic,23,32,14.803295782709636
fresh4_sparse_grid_line_904202,sparse_grid_line,4,6,penalty_row_xy,deterministic,23,128,14.511957620867069
fresh4_sparse_grid_line_904202,sparse_grid_line,4,6,penalty_row_xy,deterministic,23,512,14.015199753273162
fresh4_sparse_grid_line_904202,sparse_grid_line,4,6,penalty_row_xy,deterministic,31,1,18.736964343104017
fresh4_sparse_grid_line_904202,sparse_grid_line,4,6,penalty_row_xy,deterministic,31,8,15.94318100481849
fresh4_sparse_grid_line_904202,sparse_grid_line,4,6,penalty_row_xy,deterministic,31,32,14.766467937950328
fresh4_sparse_grid_line_904202,sparse_grid_line,4,6,penalty_row_xy,deterministic,31,128,14.617981971251188
fresh4_sparse_grid_line_904202,sparse_grid_line,4,6,penalty_row_xy,deterministic,31,512,14.239345789523412
fresh4_sparse_grid_line_904202,sparse_grid_line,4,6,penalty_row_xy,poor,11,1,38.42264087151971
fresh4_sparse_grid_line_904202,sparse_grid_line,4,6,penalty_row_xy,poor,11,8,20.723140853224937
fresh4_sparse_grid_line_904202,sparse_grid_line,4,6,penalty_row_xy,poor,11,32,15.178825372048818
fresh4_sparse_grid_line_904202,sparse_grid_line,4,6,penalty_row_xy,poor,11,128,14.03071180019814
fresh4_sparse_grid_line_904202,sparse_grid_line,4,6,penalty_row_xy,poor,11,512,13.637256567740115
fresh4_sparse_grid_line_904202,sparse_grid_line,4,6,penalty_row_xy,poor,17,1,38.695595813419104
fresh4_sparse_grid_line_904202,sparse_grid_line,4,6,penalty_row_xy,poor,17,8,21.182794103520596
fresh4_sparse_grid_line_904202,sparse_grid_line,4,6,penalty_row_xy,poor,17,32,15.357832322763153
fresh4_sparse_grid_line_904202,sparse_grid_line,4,6,penalty_row_xy,poor,17,128,14.194003576713527
fresh4_sparse_grid_line_904202,sparse_grid_line,4,6,penalty_row_xy,poor,17,512,13.685823075239332
fresh4_sparse_grid_line_904202,sparse_grid_line,4,6,penalty_row_xy,poor,23,1,38.730511430846335
fresh4_sparse_grid_line_904202,sparse_grid_line,4,6,penalty_row_xy,poor,23,8,21.2224153536264
fresh4_sparse_grid_line_904202,sparse_grid_line,4,6,penalty_row_xy,poor,23,32,15.350437886327885
fresh4_sparse_grid_line_904202,sparse_grid_line,4,6,penalty_row_xy,poor,23,128,14.181413835320608
fresh4_sparse_grid_line_904202,sparse_grid_line,4,6,penalty_row_xy,poor,23,512,13.680264539210949
fresh4_sparse_grid_line_904202,sparse_grid_line,4,6,penalty_row_xy,poor,31,1,38.73051726654885
fresh4_sparse_grid_line_904202,sparse_grid_line,4,6,penalty_row_xy,poor,31,8,21.226195991697953
fresh4_sparse_grid_line_904202,sparse_grid_line,4,6,penalty_row_xy,poor,31,32,15.351416193072955
fresh4_sparse_grid_line_904202,sparse_grid_line,4,6,penalty_row_xy,poor,31,128,14.174814015347636
fresh4_sparse_grid_line_904202,sparse_grid_line,4,6,penalty_row_xy,poor,31,512,13.677417360955163
fresh4_sparse_grid_line_904202,sparse_grid_line,4,6,penalty_row_xy,random,11,1,26.61643951215777
fresh4_sparse_grid_line_904202,sparse_grid_line,4,6,penalty_row_xy,random,11,8,19.234412973424213
fresh4_sparse_grid_line_904202,sparse_grid_line,4,6,penalty_row_xy,random,11,32,15.111829868941028
fresh4_sparse_grid_line_904202,sparse_grid_line,4,6,penalty_row_xy,random,11,128,13.661176840937475
fresh4_sparse_grid_line_904202,sparse_grid_line,4,6,penalty_row_xy,random,11,512,13.620000159980835
fresh4_sparse_grid_line_904202,sparse_grid_line,4,6,penalty_row_xy,random,17,1,27.017285373842597
fresh4_sparse_grid_line_904202,sparse_grid_line,4,6,penalty_row_xy,random,17,8,19.686341041006273
fresh4_sparse_grid_line_904202,sparse_grid_line,4,6,penalty_row_xy,random,17,32,14.90860940044391
fresh4_sparse_grid_line_904202,sparse_grid_line,4,6,penalty_row_xy,random,17,128,13.640400515879772
fresh4_sparse_grid_line_904202,sparse_grid_line,4,6,penalty_row_xy,random,17,512,13.62000000757884
fresh4_sparse_grid_line_904202,sparse_grid_line,4,6,penalty_row_xy,random,23,1,26.87128963558242
fresh4_sparse_grid_line_904202,sparse_grid_line,4,6,penalty_row_xy,random,23,8,19.783864599543982
fresh4_sparse_grid_line_904202,sparse_grid_line,4,6,penalty_row_xy,random,23,32,15.63468263890444
fresh4_sparse_grid_line_904202,sparse_grid_line,4,6,penalty_row_xy,random,23,128,13.774648375861617
fresh4_sparse_grid_line_904202,sparse_grid_line,4,6,penalty_row_xy,random,23,512,13.6200454731803
fresh4_sparse_grid_line_904202,sparse_grid_line,4,6,penalty_row_xy,random,31,1,26.915561974827224
fresh4_sparse_grid_line_904202,sparse_grid_line,4,6,penalty_row_xy,random,31,8,19.72831166778103
fresh4_sparse_grid_line_904202,sparse_grid_line,4,6,penalty_row_xy,random,31,32,15.34362344251924
fresh4_sparse_grid_line_904202,sparse_grid_line,4,6,penalty_row_xy,random,31,128,13.751545750686867
fresh4_sparse_grid_line_904202,sparse_grid_line,4,6,penalty_row_xy,random,31,512,13.62011648903589
fresh4_sparse_grid_line_904202,sparse_grid_line,4,6,token,deterministic,11,1,18.642102122646598
fresh4_sparse_grid_line_904202,sparse_grid_line,4,6,token,deterministic,11,8,15.399870791102767
fresh4_sparse_grid_line_904202,sparse_grid_line,4,6,token,deterministic,11,32,13.701445289667609
fresh4_sparse_grid_line_904202,sparse_grid_line,4,6,token,deterministic,11,128,13.620002401976452
fresh4_sparse_grid_line_904202,sparse_grid_line,4,6,token,deterministic,11,512,13.62
fresh4_sparse_grid_line_904202,sparse_grid_line,4,6,token,deterministic,17,1,18.64243739970861
fresh4_sparse_grid_line_904202,sparse_grid_line,4,6,token,deterministic,17,8,15.399411939314632
fresh4_sparse_grid_line_904202,sparse_grid_line,4,6,token,deterministic,17,32,13.700912996995132
fresh4_sparse_grid_line_904202,sparse_grid_line,4,6,token,deterministic,17,128,13.62000227157792
fresh4_sparse_grid_line_904202,sparse_grid_line,4,6,token,deterministic,17,512,13.62
fresh4_sparse_grid_line_904202,sparse_grid_line,4,6,token,deterministic,23,1,18.642115767644693
fresh4_sparse_grid_line_904202,sparse_grid_line,4,6,token,deterministic,23,8,15.399596830277801
fresh4_sparse_grid_line_904202,sparse_grid_line,4,6,token,deterministic,23,32,13.701530037006313
fresh4_sparse_grid_line_904202,sparse_grid_line,4,6,token,deterministic,23,128,13.620002460618462
fresh4_sparse_grid_line_904202,sparse_grid_line,4,6,token,deterministic,23,512,13.62
fresh4_sparse_grid_line_904202,sparse_grid_line,4,6,token,deterministic,31,1,18.641987355544376
fresh4_sparse_grid_line_904202,sparse_grid_line,4,6,token,deterministic,31,8,15.399802491163248
fresh4_sparse_grid_line_904202,sparse_grid_line,4,6,token,deterministic,31,32,13.701485787641971
fresh4_sparse_grid_line_904202,sparse_grid_line,4,6,token,deterministic,31,128,13.620002413267853
fresh4_sparse_grid_line_904202,sparse_grid_line,4,6,token,deterministic,31,512,13.62
fresh4_sparse_grid_line_904202,sparse_grid_line,4,6,token,poor,11,1,23.67883753511245
fresh4_sparse_grid_line_904202,sparse_grid_line,4,6,token,poor,11,8,17.053382025358538
fresh4_sparse_grid_line_904202,sparse_grid_line,4,6,token,poor,11,32,15.553911661288277
fresh4_sparse_grid_line_904202,sparse_grid_line,4,6,token,poor,11,128,14.522194461923947
fresh4_sparse_grid_line_904202,sparse_grid_line,4,6,token,poor,11,512,13.763988273668522
fresh4_sparse_grid_line_904202,sparse_grid_line,4,6,token,poor,17,1,24.250819206819827
fresh4_sparse_grid_line_904202,sparse_grid_line,4,6,token,poor,17,8,16.63694041766394
fresh4_sparse_grid_line_904202,sparse_grid_line,4,6,token,poor,17,32,15.323451289891993
fresh4_sparse_grid_line_904202,sparse_grid_line,4,6,token,poor,17,128,14.369676147887967
fresh4_sparse_grid_line_904202,sparse_grid_line,4,6,token,poor,17,512,13.715178854351418
fresh4_sparse_grid_line_904202,sparse_grid_line,4,6,token,poor,23,1,23.821820148819892
fresh4_sparse_grid_line_904202,sparse_grid_line,4,6,token,poor,23,8,17.054960598415377
fresh4_sparse_grid_line_904202,sparse_grid_line,4,6,token,poor,23,32,15.559338515255492
fresh4_sparse_grid_line_904202,sparse_grid_line,4,6,token,poor,23,128,14.541220154301445
fresh4_sparse_grid_line_904202,sparse_grid_line,4,6,token,poor,23,512,13.77066137470415
fresh4_sparse_grid_line_904202,sparse_grid_line,4,6,token,poor,31,1,24.226400864305557
fresh4_sparse_grid_line_904202,sparse_grid_line,4,6,token,poor,31,8,16.63674285687894
fresh4_sparse_grid_line_904202,sparse_grid_line,4,6,token,poor,31,32,15.331898623891487
fresh4_sparse_grid_line_904202,sparse_grid_line,4,6,token,poor,31,128,14.380946003748688
fresh4_sparse_grid_line_904202,sparse_grid_line,4,6,token,poor,31,512,13.719590669467284
fresh4_sparse_grid_line_904202,sparse_grid_line,4,6,token,random,11,1,24.742698050182568
fresh4_sparse_grid_line_904202,sparse_grid_line,4,6,token,random,11,8,16.091164674024103
fresh4_sparse_grid_line_904202,sparse_grid_line,4,6,token,random,11,32,13.759523291589502
fresh4_sparse_grid_line_904202,sparse_grid_line,4,6,token,random,11,128,13.620015108403793
fresh4_sparse_grid_line_904202,sparse_grid_line,4,6,token,random,11,512,13.62
fresh4_sparse_grid_line_904202,sparse_grid_line,4,6,token,random,17,1,24.764340773673936
fresh4_sparse_grid_line_904202,sparse_grid_line,4,6,token,random,17,8,16.10398108182038
fresh4_sparse_grid_line_904202,sparse_grid_line,4,6,token,random,17,32,13.761768284911799
fresh4_sparse_grid_line_904202,sparse_grid_line,4,6,token,random,17,128,13.620018068162898
fresh4_sparse_grid_line_904202,sparse_grid_line,4,6,token,random,17,512,13.62
fresh4_sparse_grid_line_904202,sparse_grid_line,4,6,token,random,23,1,21.043672563871723
fresh4_sparse_grid_line_904202,sparse_grid_line,4,6,token,random,23,8,14.370152771883415
fresh4_sparse_grid_line_904202,sparse_grid_line,4,6,token,random,23,32,13.634414342378985
fresh4_sparse_grid_line_904202,sparse_grid_line,4,6,token,random,23,128,13.620000024021504
fresh4_sparse_grid_line_904202,sparse_grid_line,4,6,token,random,23,512,13.62
fresh4_sparse_grid_line_904202,sparse_grid_line,4,6,token,random,31,1,24.757562308187772
fresh4_sparse_grid_line_904202,sparse_grid_line,4,6,token,random,31,8,16.098166777961353
fresh4_sparse_grid_line_904202,sparse_grid_line,4,6,token,random,31,32,13.760286683074147
fresh4_sparse_grid_line_904202,sparse_grid_line,4,6,token,random,31,128,13.62001659586265
fresh4_sparse_grid_line_904202,sparse_grid_line,4,6,token,random,31,512,13.62
fresh4_sparse_grid_line_904202,sparse_grid_line,4,6,uniform_feasible,deterministic,,1,19.19083333333328
fresh4_sparse_grid_line_904202,sparse_grid_line,4,6,uniform_feasible,deterministic,,8,17.537006393800297
fresh4_sparse_grid_line_904202,sparse_grid_line,4,6,uniform_feasible,deterministic,,32,15.191992355169454
fresh4_sparse_grid_line_904202,sparse_grid_line,4,6,uniform_feasible,deterministic,,128,13.77589723209969
fresh4_sparse_grid_line_904202,sparse_grid_line,4,6,uniform_feasible,deterministic,,512,13.620214311579167
fresh4_sparse_grid_line_904202,sparse_grid_line,4,6,uniform_feasible,poor,,1,27.626666666666623
fresh4_sparse_grid_line_904202,sparse_grid_line,4,6,uniform_feasible,poor,,8,18.082367359682884
fresh4_sparse_grid_line_904202,sparse_grid_line,4,6,uniform_feasible,poor,,32,15.193641622931482
fresh4_sparse_grid_line_904202,sparse_grid_line,4,6,uniform_feasible,poor,,128,13.775897232103087
fresh4_sparse_grid_line_904202,sparse_grid_line,4,6,uniform_feasible,poor,,512,13.620214311579167
fresh4_sparse_grid_line_904202,sparse_grid_line,4,6,uniform_feasible,random,,1,25.20099999999996
fresh4_sparse_grid_line_904202,sparse_grid_line,4,6,uniform_feasible,random,,8,18.081216857332638
fresh4_sparse_grid_line_904202,sparse_grid_line,4,6,uniform_feasible,random,,32,15.19364162293073
fresh4_sparse_grid_line_904202,sparse_grid_line,4,6,uniform_feasible,random,,128,13.775897232103087
fresh4_sparse_grid_line_904202,sparse_grid_line,4,6,uniform_feasible,random,,512,13.620214311579167
fresh4_sparse_grid_line_904203,sparse_grid_line,4,6,greedy,deterministic,,1,18.2
fresh4_sparse_grid_line_904203,sparse_grid_line,4,6,greedy,deterministic,,8,12.64
fresh4_sparse_grid_line_904203,sparse_grid_line,4,6,greedy,deterministic,,32,12.64
fresh4_sparse_grid_line_904203,sparse_grid_line,4,6,greedy,deterministic,,128,12.64
fresh4_sparse_grid_line_904203,sparse_grid_line,4,6,greedy,deterministic,,512,12.64
fresh4_sparse_grid_line_904203,sparse_grid_line,4,6,greedy,poor,,1,46.68
fresh4_sparse_grid_line_904203,sparse_grid_line,4,6,greedy,poor,,8,24.759999999999998
fresh4_sparse_grid_line_904203,sparse_grid_line,4,6,greedy,poor,,32,12.64
fresh4_sparse_grid_line_904203,sparse_grid_line,4,6,greedy,poor,,128,12.64
fresh4_sparse_grid_line_904203,sparse_grid_line,4,6,greedy,poor,,512,12.64
fresh4_sparse_grid_line_904203,sparse_grid_line,4,6,greedy,random,,1,15.96
fresh4_sparse_grid_line_904203,sparse_grid_line,4,6,greedy,random,,8,12.64
fresh4_sparse_grid_line_904203,sparse_grid_line,4,6,greedy,random,,32,12.64
fresh4_sparse_grid_line_904203,sparse_grid_line,4,6,greedy,random,,128,12.64
fresh4_sparse_grid_line_904203,sparse_grid_line,4,6,greedy,random,,512,12.64
fresh4_sparse_grid_line_904203,sparse_grid_line,4,6,penalty_row_xy,deterministic,11,1,18.00527214182978
fresh4_sparse_grid_line_904203,sparse_grid_line,4,6,penalty_row_xy,deterministic,11,8,16.82082369691439
fresh4_sparse_grid_line_904203,sparse_grid_line,4,6,penalty_row_xy,deterministic,11,32,14.420321889187717
fresh4_sparse_grid_line_904203,sparse_grid_line,4,6,penalty_row_xy,deterministic,11,128,12.699699702806718
fresh4_sparse_grid_line_904203,sparse_grid_line,4,6,penalty_row_xy,deterministic,11,512,12.640000089264154
fresh4_sparse_grid_line_904203,sparse_grid_line,4,6,penalty_row_xy,deterministic,17,1,18.148574254677698
fresh4_sparse_grid_line_904203,sparse_grid_line,4,6,penalty_row_xy,deterministic,17,8,17.805679599076115
fresh4_sparse_grid_line_904203,sparse_grid_line,4,6,penalty_row_xy,deterministic,17,32,16.825592770934
fresh4_sparse_grid_line_904203,sparse_grid_line,4,6,penalty_row_xy,deterministic,17,128,14.689737809058183
fresh4_sparse_grid_line_904203,sparse_grid_line,4,6,penalty_row_xy,deterministic,17,512,12.894475313600086
fresh4_sparse_grid_line_904203,sparse_grid_line,4,6,penalty_row_xy,deterministic,23,1,18.062274943414135
fresh4_sparse_grid_line_904203,sparse_grid_line,4,6,penalty_row_xy,deterministic,23,8,17.207857466157527
fresh4_sparse_grid_line_904203,sparse_grid_line,4,6,penalty_row_xy,deterministic,23,32,15.303051635479227
fresh4_sparse_grid_line_904203,sparse_grid_line,4,6,penalty_row_xy,deterministic,23,128,13.100031011316387
fresh4_sparse_grid_line_904203,sparse_grid_line,4,6,penalty_row_xy,deterministic,23,512,12.640934982954354
fresh4_sparse_grid_line_904203,sparse_grid_line,4,6,penalty_row_xy,deterministic,31,1,18.117766163319185
fresh4_sparse_grid_line_904203,sparse_grid_line,4,6,penalty_row_xy,deterministic,31,8,17.580512812029315
fresh4_sparse_grid_line_904203,sparse_grid_line,4,6,penalty_row_xy,deterministic,31,32,16.15582222743133
fresh4_sparse_grid_line_904203,sparse_grid_line,4,6,penalty_row_xy,deterministic,31,128,13.707554253923131
fresh4_sparse_grid_line_904203,sparse_grid_line,4,6,penalty_row_xy,deterministic,31,512,12.661464728312218
fresh4_sparse_grid_line_904203,sparse_grid_line,4,6,penalty_row_xy,poor,11,1,40.008808591547954
fresh4_sparse_grid_line_904203,sparse_grid_line,4,6,penalty_row_xy,poor,11,8,22.487586480485234
fresh4_sparse_grid_line_904203,sparse_grid_line,4,6,penalty_row_xy,poor,11,32,16.74594177174428
fresh4_sparse_grid_line_904203,sparse_grid_line,4,6,penalty_row_xy,poor,11,128,14.046876777893875
fresh4_sparse_grid_line_904203,sparse_grid_line,4,6,penalty_row_xy,poor,11,512,12.69774008025319
fresh4_sparse_grid_line_904203,sparse_grid_line,4,6,penalty_row_xy,poor,17,1,39.03030630429721
fresh4_sparse_grid_line_904203,sparse_grid_line,4,6,penalty_row_xy,poor,17,8,20.55822435448887
fresh4_sparse_grid_line_904203,sparse_grid_line,4,6,penalty_row_xy,poor,17,32,14.949742991492718
fresh4_sparse_grid_line_904203,sparse_grid_line,4,6,penalty_row_xy,poor,17,128,12.856851155538193
fresh4_sparse_grid_line_904203,sparse_grid_line,4,6,penalty_row_xy,poor,17,512,12.640050791895625
fresh4_sparse_grid_line_904203,sparse_grid_line,4,6,penalty_row_xy,poor,23,1,41.16270277018484
fresh4_sparse_grid_line_904203,sparse_grid_line,4,6,penalty_row_xy,poor,23,8,24.051634541409815
fresh4_sparse_grid_line_904203,sparse_grid_line,4,6,penalty_row_xy,poor,23,32,16.81854651171151
fresh4_sparse_grid_line_904203,sparse_grid_line,4,6,penalty_row_xy,poor,23,128,13.965768545737008
fresh4_sparse_grid_line_904203,sparse_grid_line,4,6,penalty_row_xy,poor,23,512,12.691276018552497
fresh4_sparse_grid_line_904203,sparse_grid_line,4,6,penalty_row_xy,poor,31,1,39.72692009656683
fresh4_sparse_grid_line_904203,sparse_grid_line,4,6,penalty_row_xy,poor,31,8,22.060310505454243
fresh4_sparse_grid_line_904203,sparse_grid_line,4,6,penalty_row_xy,poor,31,32,16.060879746837884
fresh4_sparse_grid_line_904203,sparse_grid_line,4,6,penalty_row_xy,poor,31,128,13.327956179739395
fresh4_sparse_grid_line_904203,sparse_grid_line,4,6,penalty_row_xy,poor,31,512,12.644095847308344
fresh4_sparse_grid_line_904203,sparse_grid_line,4,6,penalty_row_xy,random,11,1,15.822804697856965
fresh4_sparse_grid_line_904203,sparse_grid_line,4,6,penalty_row_xy,random,11,8,15.008795109530386
fresh4_sparse_grid_line_904203,sparse_grid_line,4,6,penalty_row_xy,random,11,32,13.500754810461142
fresh4_sparse_grid_line_904203,sparse_grid_line,4,6,penalty_row_xy,random,11,128,12.65508300051668
fresh4_sparse_grid_line_904203,sparse_grid_line,4,6,penalty_row_xy,random,11,512,12.640000001474695
fresh4_sparse_grid_line_904203,sparse_grid_line,4,6,penalty_row_xy,random,17,1,15.820056549904413
fresh4_sparse_grid_line_904203,sparse_grid_line,4,6,penalty_row_xy,random,17,8,14.992409761851746
fresh4_sparse_grid_line_904203,sparse_grid_line,4,6,penalty_row_xy,random,17,32,13.476852025329059
fresh4_sparse_grid_line_904203,sparse_grid_line,4,6,penalty_row_xy,random,17,128,12.653407509661903
fresh4_sparse_grid_line_904203,sparse_grid_line,4,6,penalty_row_xy,random,17,512,12.640000000887513
fresh4_sparse_grid_line_904203,sparse_grid_line,4,6,penalty_row_xy,random,23,1,15.643725727679957
fresh4_sparse_grid_line_904203,sparse_grid_line,4,6,penalty_row_xy,random,23,8,14.130478926039117
fresh4_sparse_grid_line_904203,sparse_grid_line,4,6,penalty_row_xy,random,23,32,12.774903417365834
fresh4_sparse_grid_line_904203,sparse_grid_line,4,6,penalty_row_xy,random,23,128,12.640009088005476
fresh4_sparse_grid_line_904203,sparse_grid_line,4,6,penalty_row_xy,random,23,512,12.64
fresh4_sparse_grid_line_904203,sparse_grid_line,4,6,penalty_row_xy,random,31,1,15.734313969037178
fresh4_sparse_grid_line_904203,sparse_grid_line,4,6,penalty_row_xy,random,31,8,14.530380819750132
fresh4_sparse_grid_line_904203,sparse_grid_line,4,6,penalty_row_xy,random,31,32,12.988975273483415
fresh4_sparse_grid_line_904203,sparse_grid_line,4,6,penalty_row_xy,random,31,128,12.640405454323519
fresh4_sparse_grid_line_904203,sparse_grid_line,4,6,penalty_row_xy,random,31,512,12.64
fresh4_sparse_grid_line_904203,sparse_grid_line,4,6,token,deterministic,11,1,16.322966236372025
fresh4_sparse_grid_line_904203,sparse_grid_line,4,6,token,deterministic,11,8,12.869153633370463
fresh4_sparse_grid_line_904203,sparse_grid_line,4,6,token,deterministic,11,32,12.640033302077526
fresh4_sparse_grid_line_904203,sparse_grid_line,4,6,token,deterministic,11,128,12.64
fresh4_sparse_grid_line_904203,sparse_grid_line,4,6,token,deterministic,11,512,12.64
fresh4_sparse_grid_line_904203,sparse_grid_line,4,6,token,deterministic,17,1,16.56792134573576
fresh4_sparse_grid_line_904203,sparse_grid_line,4,6,token,deterministic,17,8,13.018393324015912
fresh4_sparse_grid_line_904203,sparse_grid_line,4,6,token,deterministic,17,32,12.640229900992278
fresh4_sparse_grid_line_904203,sparse_grid_line,4,6,token,deterministic,17,128,12.64
fresh4_sparse_grid_line_904203,sparse_grid_line,4,6,token,deterministic,17,512,12.64
fresh4_sparse_grid_line_904203,sparse_grid_line,4,6,token,deterministic,23,1,16.270973541117186
fresh4_sparse_grid_line_904203,sparse_grid_line,4,6,token,deterministic,23,8,12.88719264640391
fresh4_sparse_grid_line_904203,sparse_grid_line,4,6,token,deterministic,23,32,12.640072060757115
fresh4_sparse_grid_line_904203,sparse_grid_line,4,6,token,deterministic,23,128,12.64
fresh4_sparse_grid_line_904203,sparse_grid_line,4,6,token,deterministic,23,512,12.64
fresh4_sparse_grid_line_904203,sparse_grid_line,4,6,token,deterministic,31,1,16.53489643375547
fresh4_sparse_grid_line_904203,sparse_grid_line,4,6,token,deterministic,31,8,13.01929024046815
fresh4_sparse_grid_line_904203,sparse_grid_line,4,6,token,deterministic,31,32,12.640301834621164
fresh4_sparse_grid_line_904203,sparse_grid_line,4,6,token,deterministic,31,128,12.64
fresh4_sparse_grid_line_904203,sparse_grid_line,4,6,token,deterministic,31,512,12.64
fresh4_sparse_grid_line_904203,sparse_grid_line,4,6,token,poor,11,1,21.93967960251025
fresh4_sparse_grid_line_904203,sparse_grid_line,4,6,token,poor,11,8,13.89530637821611
fresh4_sparse_grid_line_904203,sparse_grid_line,4,6,token,poor,11,32,12.680681832665766
fresh4_sparse_grid_line_904203,sparse_grid_line,4,6,token,poor,11,128,12.640000081595703
fresh4_sparse_grid_line_904203,sparse_grid_line,4,6,token,poor,11,512,12.64
fresh4_sparse_grid_line_904203,sparse_grid_line,4,6,token,poor,17,1,21.95289700562853
fresh4_sparse_grid_line_904203,sparse_grid_line,4,6,token,poor,17,8,13.886332531919864
fresh4_sparse_grid_line_904203,sparse_grid_line,4,6,token,poor,17,32,12.679306625491867
fresh4_sparse_grid_line_904203,sparse_grid_line,4,6,token,poor,17,128,12.640000071114983
fresh4_sparse_grid_line_904203,sparse_grid_line,4,6,token,poor,17,512,12.64
fresh4_sparse_grid_line_904203,sparse_grid_line,4,6,token,poor,23,1,21.905888750853343
fresh4_sparse_grid_line_904203,sparse_grid_line,4,6,token,poor,23,8,13.863723836143322
fresh4_sparse_grid_line_904203,sparse_grid_line,4,6,token,poor,23,32,12.676188795014996
fresh4_sparse_grid_line_904203,sparse_grid_line,4,6,token,poor,23,128,12.640000051085185
fresh4_sparse_grid_line_904203,sparse_grid_line,4,6,token,poor,23,512,12.64
fresh4_sparse_grid_line_904203,sparse_grid_line,4,6,token,poor,31,1,21.960367568119917
fresh4_sparse_grid_line_904203,sparse_grid_line,4,6,token,poor,31,8,13.89815567222779
fresh4_sparse_grid_line_904203,sparse_grid_line,4,6,token,poor,31,32,12.680681450571576
fresh4_sparse_grid_line_904203,sparse_grid_line,4,6,token,poor,31,128,12.640000081578354
fresh4_sparse_grid_line_904203,sparse_grid_line,4,6,token,poor,31,512,12.64
fresh4_sparse_grid_line_904203,sparse_grid_line,4,6,token,random,11,1,15.958486676595305
fresh4_sparse_grid_line_904203,sparse_grid_line,4,6,token,random,11,8,15.947913149715534
fresh4_sparse_grid_line_904203,sparse_grid_line,4,6,token,random,11,32,15.911921928475381
fresh4_sparse_grid_line_904203,sparse_grid_line,4,6,token,random,11,128,15.771914801417301
fresh4_sparse_grid_line_904203,sparse_grid_line,4,6,token,random,11,512,15.270354699950708
fresh4_sparse_grid_line_904203,sparse_grid_line,4,6,token,random,17,1,15.958319712087409
fresh4_sparse_grid_line_904203,sparse_grid_line,4,6,token,random,17,8,15.946581908214165
fresh4_sparse_grid_line_904203,sparse_grid_line,4,6,token,random,17,32,15.90665786554367
fresh4_sparse_grid_line_904203,sparse_grid_line,4,6,token,random,17,128,15.75180496388239
fresh4_sparse_grid_line_904203,sparse_grid_line,4,6,token,random,17,512,15.203406535594645
fresh4_sparse_grid_line_904203,sparse_grid_line,4,6,token,random,23,1,15.957536464779245
fresh4_sparse_grid_line_904203,sparse_grid_line,4,6,token,random,23,8,15.94034351155841
fresh4_sparse_grid_line_904203,sparse_grid_line,4,6,token,random,23,32,15.882078752237863
fresh4_sparse_grid_line_904203,sparse_grid_line,4,6,token,random,23,128,15.659251857303278
fresh4_sparse_grid_line_904203,sparse_grid_line,4,6,token,random,23,512,14.912335520150585
fresh4_sparse_grid_line_904203,sparse_grid_line,4,6,token,random,31,1,15.958427114117077
fresh4_sparse_grid_line_904203,sparse_grid_line,4,6,token,random,31,8,15.94743827885536
fresh4_sparse_grid_line_904203,sparse_grid_line,4,6,token,random,31,32,15.910044607207416
fresh4_sparse_grid_line_904203,sparse_grid_line,4,6,token,random,31,128,15.76474934644235
fresh4_sparse_grid_line_904203,sparse_grid_line,4,6,token,random,31,512,15.246565328304241
fresh4_sparse_grid_line_904203,sparse_grid_line,4,6,uniform_feasible,deterministic,,1,17.98844444444439
fresh4_sparse_grid_line_904203,sparse_grid_line,4,6,uniform_feasible,deterministic,,8,16.815245192219987
fresh4_sparse_grid_line_904203,sparse_grid_line,4,6,uniform_feasible,deterministic,,32,14.839900934377562
fresh4_sparse_grid_line_904203,sparse_grid_line,4,6,uniform_feasible,deterministic,,128,13.015774273822721
fresh4_sparse_grid_line_904203,sparse_grid_line,4,6,uniform_feasible,deterministic,,512,12.640586060353654
fresh4_sparse_grid_line_904203,sparse_grid_line,4,6,uniform_feasible,poor,,1,26.739999999999952
fresh4_sparse_grid_line_904203,sparse_grid_line,4,6,uniform_feasible,poor,,8,17.660890031712636
fresh4_sparse_grid_line_904203,sparse_grid_line,4,6,uniform_feasible,poor,,32,14.853120059157764
fresh4_sparse_grid_line_904203,sparse_grid_line,4,6,uniform_feasible,poor,,128,13.015774284761454
fresh4_sparse_grid_line_904203,sparse_grid_line,4,6,uniform_feasible,poor,,512,12.640586060353654
fresh4_sparse_grid_line_904203,sparse_grid_line,4,6,uniform_feasible,random,,1,15.902666666666617
fresh4_sparse_grid_line_904203,sparse_grid_line,4,6,uniform_feasible,random,,8,15.528904190838794
fresh4_sparse_grid_line_904203,sparse_grid_line,4,6,uniform_feasible,random,,32,14.549403853643033
fresh4_sparse_grid_line_904203,sparse_grid_line,4,6,uniform_feasible,random,,128,13.01382622139694
fresh4_sparse_grid_line_904203,sparse_grid_line,4,6,uniform_feasible,random,,512,12.64058606031923
fresh4_sparse_grid_line_904204,sparse_grid_line,4,6,greedy,deterministic,,1,30.78
fresh4_sparse_grid_line_904204,sparse_grid_line,4,6,greedy,deterministic,,8,26.689999999999998
fresh4_sparse_grid_line_904204,sparse_grid_line,4,6,greedy,deterministic,,32,25.450000000000003
fresh4_sparse_grid_line_904204,sparse_grid_line,4,6,greedy,deterministic,,128,25.450000000000003
fresh4_sparse_grid_line_904204,sparse_grid_line,4,6,greedy,deterministic,,512,25.450000000000003
fresh4_sparse_grid_line_904204,sparse_grid_line,4,6,greedy,poor,,1,64.83
fresh4_sparse_grid_line_904204,sparse_grid_line,4,6,greedy,poor,,8,39.660000000000004
fresh4_sparse_grid_line_904204,sparse_grid_line,4,6,greedy,poor,,32,25.450000000000003
fresh4_sparse_grid_line_904204,sparse_grid_line,4,6,greedy,poor,,128,25.450000000000003
fresh4_sparse_grid_line_904204,sparse_grid_line,4,6,greedy,poor,,512,25.450000000000003
fresh4_sparse_grid_line_904204,sparse_grid_line,4,6,greedy,random,,1,61.75
fresh4_sparse_grid_line_904204,sparse_grid_line,4,6,greedy,random,,8,33.85
fresh4_sparse_grid_line_904204,sparse_grid_line,4,6,greedy,random,,32,25.450000000000003
fresh4_sparse_grid_line_904204,sparse_grid_line,4,6,greedy,random,,128,25.450000000000003
fresh4_sparse_grid_line_904204,sparse_grid_line,4,6,greedy,random,,512,25.450000000000003
fresh4_sparse_grid_line_904204,sparse_grid_line,4,6,penalty_row_xy,deterministic,11,1,30.748050902618317
fresh4_sparse_grid_line_904204,sparse_grid_line,4,6,penalty_row_xy,deterministic,11,8,30.53188919930233
fresh4_sparse_grid_line_904204,sparse_grid_line,4,6,penalty_row_xy,deterministic,11,32,29.87848487253606
fresh4_sparse_grid_line_904204,sparse_grid_line,4,6,penalty_row_xy,deterministic,11,128,28.189703890185456
fresh4_sparse_grid_line_904204,sparse_grid_line,4,6,penalty_row_xy,deterministic,11,512,26.464034651922184
fresh4_sparse_grid_line_904204,sparse_grid_line,4,6,penalty_row_xy,deterministic,17,1,30.704284986536774
fresh4_sparse_grid_line_904204,sparse_grid_line,4,6,penalty_row_xy,deterministic,17,8,30.213985053403555
fresh4_sparse_grid_line_904204,sparse_grid_line,4,6,penalty_row_xy,deterministic,17,32,28.957067681600122
fresh4_sparse_grid_line_904204,sparse_grid_line,4,6,penalty_row_xy,deterministic,17,128,26.994513653532106
fresh4_sparse_grid_line_904204,sparse_grid_line,4,6,penalty_row_xy,deterministic,17,512,25.81779742620191
fresh4_sparse_grid_line_904204,sparse_grid_line,4,6,penalty_row_xy,deterministic,23,1,30.676299834950335
fresh4_sparse_grid_line_904204,sparse_grid_line,4,6,penalty_row_xy,deterministic,23,8,30.023964178850324
fresh4_sparse_grid_line_904204,sparse_grid_line,4,6,penalty_row_xy,deterministic,23,32,28.51082188954628
fresh4_sparse_grid_line_904204,sparse_grid_line,4,6,penalty_row_xy,deterministic,23,128,26.637340691622146
fresh4_sparse_grid_line_904204,sparse_grid_line,4,6,penalty_row_xy,deterministic,23,512,25.668353004637922
fresh4_sparse_grid_line_904204,sparse_grid_line,4,6,penalty_row_xy,deterministic,31,1,30.73478440796476
fresh4_sparse_grid_line_904204,sparse_grid_line,4,6,penalty_row_xy,deterministic,31,8,30.43329238729431
fresh4_sparse_grid_line_904204,sparse_grid_line,4,6,penalty_row_xy,deterministic,31,32,29.569250899996533
fresh4_sparse_grid_line_904204,sparse_grid_line,4,6,penalty_row_xy,deterministic,31,128,27.679275970992634
fresh4_sparse_grid_line_904204,sparse_grid_line,4,6,penalty_row_xy,deterministic,31,512,26.101787229602387
fresh4_sparse_grid_line_904204,sparse_grid_line,4,6,penalty_row_xy,poor,11,1,58.16927534880051
fresh4_sparse_grid_line_904204,sparse_grid_line,4,6,penalty_row_xy,poor,11,8,37.9319967509371
fresh4_sparse_grid_line_904204,sparse_grid_line,4,6,penalty_row_xy,poor,11,32,28.957848578139416
fresh4_sparse_grid_line_904204,sparse_grid_line,4,6,penalty_row_xy,poor,11,128,26.112414546827903
fresh4_sparse_grid_line_904204,sparse_grid_line,4,6,penalty_row_xy,poor,11,512,25.478946301968406
fresh4_sparse_grid_line_904204,sparse_grid_line,4,6,penalty_row_xy,poor,17,1,58.35878541950598
fresh4_sparse_grid_line_904204,sparse_grid_line,4,6,penalty_row_xy,poor,17,8,37.779885758953185
fresh4_sparse_grid_line_904204,sparse_grid_line,4,6,penalty_row_xy,poor,17,32,28.39122539962366
fresh4_sparse_grid_line_904204,sparse_grid_line,4,6,penalty_row_xy,poor,17,128,26.319652320014335
fresh4_sparse_grid_line_904204,sparse_grid_line,4,6,penalty_row_xy,poor,17,512,25.68889017336473
fresh4_sparse_grid_line_904204,sparse_grid_line,4,6,penalty_row_xy,poor,23,1,58.872587449952036
fresh4_sparse_grid_line_904204,sparse_grid_line,4,6,penalty_row_xy,poor,23,8,39.794783678517746
fresh4_sparse_grid_line_904204,sparse_grid_line,4,6,penalty_row_xy,poor,23,32,30.512889878260353
fresh4_sparse_grid_line_904204,sparse_grid_line,4,6,penalty_row_xy,poor,23,128,26.59619760638017
fresh4_sparse_grid_line_904204,sparse_grid_line,4,6,penalty_row_xy,poor,23,512,25.469530937555696
fresh4_sparse_grid_line_904204,sparse_grid_line,4,6,penalty_row_xy,poor,31,1,57.94054053758427
fresh4_sparse_grid_line_904204,sparse_grid_line,4,6,penalty_row_xy,poor,31,8,37.22602599890206
fresh4_sparse_grid_line_904204,sparse_grid_line,4,6,penalty_row_xy,poor,31,32,28.488676683690286
fresh4_sparse_grid_line_904204,sparse_grid_line,4,6,penalty_row_xy,poor,31,128,25.870550050826434
fresh4_sparse_grid_line_904204,sparse_grid_line,4,6,penalty_row_xy,poor,31,512,25.453489122687213
fresh4_sparse_grid_line_904204,sparse_grid_line,4,6,penalty_row_xy,random,11,1,55.98035263327235
fresh4_sparse_grid_line_904204,sparse_grid_line,4,6,penalty_row_xy,random,11,8,38.06500325162401
fresh4_sparse_grid_line_904204,sparse_grid_line,4,6,penalty_row_xy,random,11,32,29.82005885642242
fresh4_sparse_grid_line_904204,sparse_grid_line,4,6,penalty_row_xy,random,11,128,26.587823137901946
fresh4_sparse_grid_line_904204,sparse_grid_line,4,6,penalty_row_xy,random,11,512,25.558395275856824
fresh4_sparse_grid_line_904204,sparse_grid_line,4,6,penalty_row_xy,random,17,1,56.860708008619945
fresh4_sparse_grid_line_904204,sparse_grid_line,4,6,penalty_row_xy,random,17,8,39.80560886996042
fresh4_sparse_grid_line_904204,sparse_grid_line,4,6,penalty_row_xy,random,17,32,30.210135043042115
fresh4_sparse_grid_line_904204,sparse_grid_line,4,6,penalty_row_xy,random,17,128,26.60659663314488
fresh4_sparse_grid_line_904204,sparse_grid_line,4,6,penalty_row_xy,random,17,512,25.483188846355414
fresh4_sparse_grid_line_904204,sparse_grid_line,4,6,penalty_row_xy,random,23,1,56.71013548570297
fresh4_sparse_grid_line_904204,sparse_grid_line,4,6,penalty_row_xy,random,23,8,39.80967436308865
fresh4_sparse_grid_line_904204,sparse_grid_line,4,6,penalty_row_xy,random,23,32,30.818501211317006
fresh4_sparse_grid_line_904204,sparse_grid_line,4,6,penalty_row_xy,random,23,128,27.310299297410864
fresh4_sparse_grid_line_904204,sparse_grid_line,4,6,penalty_row_xy,random,23,512,25.643095963819764
fresh4_sparse_grid_line_904204,sparse_grid_line,4,6,penalty_row_xy,random,31,1,55.68343625183643
fresh4_sparse_grid_line_904204,sparse_grid_line,4,6,penalty_row_xy,random,31,8,37.54008566295519
fresh4_sparse_grid_line_904204,sparse_grid_line,4,6,penalty_row_xy,random,31,32,29.389714094947255
fresh4_sparse_grid_line_904204,sparse_grid_line,4,6,penalty_row_xy,random,31,128,26.38951860671354
fresh4_sparse_grid_line_904204,sparse_grid_line,4,6,penalty_row_xy,random,31,512,25.557864826484135
fresh4_sparse_grid_line_904204,sparse_grid_line,4,6,token,deterministic,11,1,29.43413515770873
fresh4_sparse_grid_line_904204,sparse_grid_line,4,6,token,deterministic,11,8,26.31591278556328
fresh4_sparse_grid_line_904204,sparse_grid_line,4,6,token,deterministic,11,32,25.525045060588944
fresh4_sparse_grid_line_904204,sparse_grid_line,4,6,token,deterministic,11,128,25.450016523942285
fresh4_sparse_grid_line_904204,sparse_grid_line,4,6,token,deterministic,11,512,25.450000000000003
fresh4_sparse_grid_line_904204,sparse_grid_line,4,6,token,deterministic,17,1,29.439305373183945
fresh4_sparse_grid_line_904204,sparse_grid_line,4,6,token,deterministic,17,8,26.321498831999875
fresh4_sparse_grid_line_904204,sparse_grid_line,4,6,token,deterministic,17,32,25.525045897034577
fresh4_sparse_grid_line_904204,sparse_grid_line,4,6,token,deterministic,17,128,25.45001651997277
fresh4_sparse_grid_line_904204,sparse_grid_line,4,6,token,deterministic,17,512,25.450000000000003
fresh4_sparse_grid_line_904204,sparse_grid_line,4,6,token,deterministic,23,1,29.43880690842747
fresh4_sparse_grid_line_904204,sparse_grid_line,4,6,token,deterministic,23,8,26.314980877248914
fresh4_sparse_grid_line_904204,sparse_grid_line,4,6,token,deterministic,23,32,25.522038187185785
fresh4_sparse_grid_line_904204,sparse_grid_line,4,6,token,deterministic,23,128,25.4500140246967
fresh4_sparse_grid_line_904204,sparse_grid_line,4,6,token,deterministic,23,512,25.450000000000003
fresh4_sparse_grid_line_904204,sparse_grid_line,4,6,token,deterministic,31,1,29.44040052175932
fresh4_sparse_grid_line_904204,sparse_grid_line,4,6,token,deterministic,31,8,26.316024079172365
fresh4_sparse_grid_line_904204,sparse_grid_line,4,6,token,deterministic,31,32,25.52304635520309
fresh4_sparse_grid_line_904204,sparse_grid_line,4,6,token,deterministic,31,128,25.450014827496382
fresh4_sparse_grid_line_904204,sparse_grid_line,4,6,token,deterministic,31,512,25.450000000000003
fresh4_sparse_grid_line_904204,sparse_grid_line,4,6,token,poor,11,1,43.54799661260552
fresh4_sparse_grid_line_904204,sparse_grid_line,4,6,token,poor,11,8,33.2470333548755
fresh4_sparse_grid_line_904204,sparse_grid_line,4,6,token,poor,11,32,30.495583530010904
fresh4_sparse_grid_line_904204,sparse_grid_line,4,6,token,poor,11,128,28.692744247785427
fresh4_sparse_grid_line_904204,sparse_grid_line,4,6,token,poor,11,512,26.624802772427074
fresh4_sparse_grid_line_904204,sparse_grid_line,4,6,token,poor,17,1,43.529163671432656
fresh4_sparse_grid_line_904204,sparse_grid_line,4,6,token,poor,17,8,33.24855467462632
fresh4_sparse_grid_line_904204,sparse_grid_line,4,6,token,poor,17,32,30.496651896872095
fresh4_sparse_grid_line_904204,sparse_grid_line,4,6,token,poor,17,128,28.682373487651567
fresh4_sparse_grid_line_904204,sparse_grid_line,4,6,token,poor,17,512,26.62357578155293
fresh4_sparse_grid_line_904204,sparse_grid_line,4,6,token,poor,23,1,43.571896905117185
fresh4_sparse_grid_line_904204,sparse_grid_line,4,6,token,poor,23,8,33.244373216614626
fresh4_sparse_grid_line_904204,sparse_grid_line,4,6,token,poor,23,32,30.478781332748863
fresh4_sparse_grid_line_904204,sparse_grid_line,4,6,token,poor,23,128,28.656207700897973
fresh4_sparse_grid_line_904204,sparse_grid_line,4,6,token,poor,23,512,26.59870029996043
fresh4_sparse_grid_line_904204,sparse_grid_line,4,6,token,poor,31,1,33.77255107231256
fresh4_sparse_grid_line_904204,sparse_grid_line,4,6,token,poor,31,8,26.76318245465724
fresh4_sparse_grid_line_904204,sparse_grid_line,4,6,token,poor,31,32,25.585029128927655
fresh4_sparse_grid_line_904204,sparse_grid_line,4,6,token,poor,31,128,25.450161545035638
fresh4_sparse_grid_line_904204,sparse_grid_line,4,6,token,poor,31,512,25.450000000000003
fresh4_sparse_grid_line_904204,sparse_grid_line,4,6,token,random,11,1,49.17258742114514
fresh4_sparse_grid_line_904204,sparse_grid_line,4,6,token,random,11,8,37.120450870133055
fresh4_sparse_grid_line_904204,sparse_grid_line,4,6,token,random,11,32,31.256592668700666
fresh4_sparse_grid_line_904204,sparse_grid_line,4,6,token,random,11,128,27.242256098070666
fresh4_sparse_grid_line_904204,sparse_grid_line,4,6,token,random,11,512,25.894064202708662
fresh4_sparse_grid_line_904204,sparse_grid_line,4,6,token,random,17,1,46.02430130311272
fresh4_sparse_grid_line_904204,sparse_grid_line,4,6,token,random,17,8,31.24170677171905
fresh4_sparse_grid_line_904204,sparse_grid_line,4,6,token,random,17,32,27.233101453505526
fresh4_sparse_grid_line_904204,sparse_grid_line,4,6,token,random,17,128,26.09234828170648
fresh4_sparse_grid_line_904204,sparse_grid_line,4,6,token,random,17,512,25.472775719203945
fresh4_sparse_grid_line_904204,sparse_grid_line,4,6,token,random,23,1,47.51593867471011
fresh4_sparse_grid_line_904204,sparse_grid_line,4,6,token,random,23,8,35.046308323312026
fresh4_sparse_grid_line_904204,sparse_grid_line,4,6,token,random,23,32,30.228716147457323
fresh4_sparse_grid_line_904204,sparse_grid_line,4,6,token,random,23,128,27.177192017854374
fresh4_sparse_grid_line_904204,sparse_grid_line,4,6,token,random,23,512,25.845564452305197
fresh4_sparse_grid_line_904204,sparse_grid_line,4,6,token,random,31,1,46.82785878937349
fresh4_sparse_grid_line_904204,sparse_grid_line,4,6,token,random,31,8,32.86167578843951
fresh4_sparse_grid_line_904204,sparse_grid_line,4,6,token,random,31,32,28.29727865737265
fresh4_sparse_grid_line_904204,sparse_grid_line,4,6,token,random,31,128,27.382548683938364
fresh4_sparse_grid_line_904204,sparse_grid_line,4,6,token,random,31,512,26.78277368595095
fresh4_sparse_grid_line_904204,sparse_grid_line,4,6,uniform_feasible,deterministic,,1,30.558999999999912
fresh4_sparse_grid_line_904204,sparse_grid_line,4,6,uniform_feasible,deterministic,,8,29.280360636917358
fresh4_sparse_grid_line_904204,sparse_grid_line,4,6,uniform_feasible,deterministic,,32,27.045563707716713
fresh4_sparse_grid_line_904204,sparse_grid_line,4,6,uniform_feasible,deterministic,,128,25.610203809526507
fresh4_sparse_grid_line_904204,sparse_grid_line,4,6,uniform_feasible,deterministic,,512,25.450227124542348
fresh4_sparse_grid_line_904204,sparse_grid_line,4,6,uniform_feasible,poor,,1,43.469999999999914
fresh4_sparse_grid_line_904204,sparse_grid_line,4,6,uniform_feasible,poor,,8,30.88116536193326
fresh4_sparse_grid_line_904204,sparse_grid_line,4,6,uniform_feasible,poor,,32,27.101956285928242
fresh4_sparse_grid_line_904204,sparse_grid_line,4,6,uniform_feasible,poor,,128,25.61020545048419
fresh4_sparse_grid_line_904204,sparse_grid_line,4,6,uniform_feasible,poor,,512,25.450227124542348
fresh4_sparse_grid_line_904204,sparse_grid_line,4,6,uniform_feasible,random,,1,43.435999999999915
fresh4_sparse_grid_line_904204,sparse_grid_line,4,6,uniform_feasible,random,,8,30.881165361933252
fresh4_sparse_grid_line_904204,sparse_grid_line,4,6,uniform_feasible,random,,32,27.101956285928242
fresh4_sparse_grid_line_904204,sparse_grid_line,4,6,uniform_feasible,random,,128,25.61020545048419
fresh4_sparse_grid_line_904204,sparse_grid_line,4,6,uniform_feasible,random,,512,25.450227124542348
fresh4_sparse_grid_line_904205,sparse_grid_line,4,6,greedy,deterministic,,1,24.77
fresh4_sparse_grid_line_904205,sparse_grid_line,4,6,greedy,deterministic,,8,24.77
fresh4_sparse_grid_line_904205,sparse_grid_line,4,6,greedy,deterministic,,32,21.740000000000002
fresh4_sparse_grid_line_904205,sparse_grid_line,4,6,greedy,deterministic,,128,21.740000000000002
fresh4_sparse_grid_line_904205,sparse_grid_line,4,6,greedy,deterministic,,512,21.740000000000002
fresh4_sparse_grid_line_904205,sparse_grid_line,4,6,greedy,poor,,1,55.580000000000005
fresh4_sparse_grid_line_904205,sparse_grid_line,4,6,greedy,poor,,8,37.760000000000005
fresh4_sparse_grid_line_904205,sparse_grid_line,4,6,greedy,poor,,32,24.77
fresh4_sparse_grid_line_904205,sparse_grid_line,4,6,greedy,poor,,128,21.740000000000002
fresh4_sparse_grid_line_904205,sparse_grid_line,4,6,greedy,poor,,512,21.740000000000002
fresh4_sparse_grid_line_904205,sparse_grid_line,4,6,greedy,random,,1,47.2
fresh4_sparse_grid_line_904205,sparse_grid_line,4,6,greedy,random,,8,32.39
fresh4_sparse_grid_line_904205,sparse_grid_line,4,6,greedy,random,,32,23.89
fresh4_sparse_grid_line_904205,sparse_grid_line,4,6,greedy,random,,128,21.740000000000002
fresh4_sparse_grid_line_904205,sparse_grid_line,4,6,greedy,random,,512,21.740000000000002
fresh4_sparse_grid_line_904205,sparse_grid_line,4,6,penalty_row_xy,deterministic,11,1,24.74889750326579
fresh4_sparse_grid_line_904205,sparse_grid_line,4,6,penalty_row_xy,deterministic,11,8,24.605575214895286
fresh4_sparse_grid_line_904205,sparse_grid_line,4,6,penalty_row_xy,deterministic,11,32,24.167758455260692
fresh4_sparse_grid_line_904205,sparse_grid_line,4,6,penalty_row_xy,deterministic,11,128,23.01806620522514
fresh4_sparse_grid_line_904205,sparse_grid_line,4,6,penalty_row_xy,deterministic,11,512,21.86230273309642
fresh4_sparse_grid_line_904205,sparse_grid_line,4,6,penalty_row_xy,deterministic,17,1,24.76630024276181
fresh4_sparse_grid_line_904205,sparse_grid_line,4,6,penalty_row_xy,deterministic,17,8,24.740530377982566
fresh4_sparse_grid_line_904205,sparse_grid_line,4,6,penalty_row_xy,deterministic,17,32,24.653860062727244
fresh4_sparse_grid_line_904205,sparse_grid_line,4,6,penalty_row_xy,deterministic,17,128,24.331897810212205
fresh4_sparse_grid_line_904205,sparse_grid_line,4,6,penalty_row_xy,deterministic,17,512,23.366488470246004
fresh4_sparse_grid_line_904205,sparse_grid_line,4,6,penalty_row_xy,deterministic,23,1,24.752251992282652
fresh4_sparse_grid_line_904205,sparse_grid_line,4,6,penalty_row_xy,deterministic,23,8,24.630939898051327
fresh4_sparse_grid_line_904205,sparse_grid_line,4,6,penalty_row_xy,deterministic,23,32,24.25144965790313
fresh4_sparse_grid_line_904205,sparse_grid_line,4,6,penalty_row_xy,deterministic,23,128,23.175035125102568
fresh4_sparse_grid_line_904205,sparse_grid_line,4,6,penalty_row_xy,deterministic,23,512,21.899940195331407
fresh4_sparse_grid_line_904205,sparse_grid_line,4,6,penalty_row_xy,deterministic,31,1,24.731638844013094
fresh4_sparse_grid_line_904205,sparse_grid_line,4,6,penalty_row_xy,deterministic,31,8,24.477847181840087
fresh4_sparse_grid_line_904205,sparse_grid_line,4,6,penalty_row_xy,deterministic,31,32,23.774129531444437
fresh4_sparse_grid_line_904205,sparse_grid_line,4,6,penalty_row_xy,deterministic,31,128,22.414627194242613
fresh4_sparse_grid_line_904205,sparse_grid_line,4,6,penalty_row_xy,deterministic,31,512,21.75338712030804
fresh4_sparse_grid_line_904205,sparse_grid_line,4,6,penalty_row_xy,poor,11,1,48.660741897524346
fresh4_sparse_grid_line_904205,sparse_grid_line,4,6,penalty_row_xy,poor,11,8,30.796780008752776
fresh4_sparse_grid_line_904205,sparse_grid_line,4,6,penalty_row_xy,poor,11,32,24.90105692016421
fresh4_sparse_grid_line_904205,sparse_grid_line,4,6,penalty_row_xy,poor,11,128,22.567424034901133
fresh4_sparse_grid_line_904205,sparse_grid_line,4,6,penalty_row_xy,poor,11,512,21.762419881029345
fresh4_sparse_grid_line_904205,sparse_grid_line,4,6,penalty_row_xy,poor,17,1,50.55468006757549
fresh4_sparse_grid_line_904205,sparse_grid_line,4,6,penalty_row_xy,poor,17,8,33.62953340869224
fresh4_sparse_grid_line_904205,sparse_grid_line,4,6,penalty_row_xy,poor,17,32,25.173041800418282
fresh4_sparse_grid_line_904205,sparse_grid_line,4,6,penalty_row_xy,poor,17,128,22.19713661754579
fresh4_sparse_grid_line_904205,sparse_grid_line,4,6,penalty_row_xy,poor,17,512,21.740934314713094
fresh4_sparse_grid_line_904205,sparse_grid_line,4,6,penalty_row_xy,poor,23,1,48.29583936789678
fresh4_sparse_grid_line_904205,sparse_grid_line,4,6,penalty_row_xy,poor,23,8,28.40791169733577
fresh4_sparse_grid_line_904205,sparse_grid_line,4,6,penalty_row_xy,poor,23,32,22.191863679160665
fresh4_sparse_grid_line_904205,sparse_grid_line,4,6,penalty_row_xy,poor,23,128,21.740200156662063
fresh4_sparse_grid_line_904205,sparse_grid_line,4,6,penalty_row_xy,poor,23,512,21.740000000000002
fresh4_sparse_grid_line_904205,sparse_grid_line,4,6,penalty_row_xy,poor,31,1,49.12189711740107
fresh4_sparse_grid_line_904205,sparse_grid_line,4,6,penalty_row_xy,poor,31,8,30.556214982890843
fresh4_sparse_grid_line_904205,sparse_grid_line,4,6,penalty_row_xy,poor,31,32,23.147289260200395
fresh4_sparse_grid_line_904205,sparse_grid_line,4,6,penalty_row_xy,poor,31,128,21.753516655040546
fresh4_sparse_grid_line_904205,sparse_grid_line,4,6,penalty_row_xy,poor,31,512,21.74000000095353
fresh4_sparse_grid_line_904205,sparse_grid_line,4,6,penalty_row_xy,random,11,1,44.203864221724864
fresh4_sparse_grid_line_904205,sparse_grid_line,4,6,penalty_row_xy,random,11,8,32.625506762078246
fresh4_sparse_grid_line_904205,sparse_grid_line,4,6,penalty_row_xy,random,11,32,24.54385352370271
fresh4_sparse_grid_line_904205,sparse_grid_line,4,6,penalty_row_xy,random,11,128,22.00943914761364
fresh4_sparse_grid_line_904205,sparse_grid_line,4,6,penalty_row_xy,random,11,512,21.740394901545745
fresh4_sparse_grid_line_904205,sparse_grid_line,4,6,penalty_row_xy,random,17,1,43.77223098720815
fresh4_sparse_grid_line_904205,sparse_grid_line,4,6,penalty_row_xy,random,17,8,31.746103935228707
fresh4_sparse_grid_line_904205,sparse_grid_line,4,6,penalty_row_xy,random,17,32,24.77828078516583
fresh4_sparse_grid_line_904205,sparse_grid_line,4,6,penalty_row_xy,random,17,128,22.22011038362876
fresh4_sparse_grid_line_904205,sparse_grid_line,4,6,penalty_row_xy,random,17,512,21.743070017184863
fresh4_sparse_grid_line_904205,sparse_grid_line,4,6,penalty_row_xy,random,23,1,44.12196663475655
fresh4_sparse_grid_line_904205,sparse_grid_line,4,6,penalty_row_xy,random,23,8,32.83202394104085
fresh4_sparse_grid_line_904205,sparse_grid_line,4,6,penalty_row_xy,random,23,32,25.370753209350067
fresh4_sparse_grid_line_904205,sparse_grid_line,4,6,penalty_row_xy,random,23,128,22.223932677872266
fresh4_sparse_grid_line_904205,sparse_grid_line,4,6,penalty_row_xy,random,23,512,21.741491351310483
fresh4_sparse_grid_line_904205,sparse_grid_line,4,6,penalty_row_xy,random,31,1,44.14599970779443
fresh4_sparse_grid_line_904205,sparse_grid_line,4,6,penalty_row_xy,random,31,8,33.08433311592244
fresh4_sparse_grid_line_904205,sparse_grid_line,4,6,penalty_row_xy,random,31,32,25.90038405231298
fresh4_sparse_grid_line_904205,sparse_grid_line,4,6,penalty_row_xy,random,31,128,22.588866793510583
fresh4_sparse_grid_line_904205,sparse_grid_line,4,6,penalty_row_xy,random,31,512,21.751643406643225
fresh4_sparse_grid_line_904205,sparse_grid_line,4,6,token,deterministic,11,1,23.70300825947873
fresh4_sparse_grid_line_904205,sparse_grid_line,4,6,token,deterministic,11,8,21.83409474737672
fresh4_sparse_grid_line_904205,sparse_grid_line,4,6,token,deterministic,11,32,21.7400028423069
fresh4_sparse_grid_line_904205,sparse_grid_line,4,6,token,deterministic,11,128,21.740000000000002
fresh4_sparse_grid_line_904205,sparse_grid_line,4,6,token,deterministic,11,512,21.740000000000002
fresh4_sparse_grid_line_904205,sparse_grid_line,4,6,token,deterministic,17,1,23.939670544269084
fresh4_sparse_grid_line_904205,sparse_grid_line,4,6,token,deterministic,17,8,21.97437593389656
fresh4_sparse_grid_line_904205,sparse_grid_line,4,6,token,deterministic,17,32,21.74011206002852
fresh4_sparse_grid_line_904205,sparse_grid_line,4,6,token,deterministic,17,128,21.740000000000002
fresh4_sparse_grid_line_904205,sparse_grid_line,4,6,token,deterministic,17,512,21.740000000000002
fresh4_sparse_grid_line_904205,sparse_grid_line,4,6,token,deterministic,23,1,23.943644018781598
fresh4_sparse_grid_line_904205,sparse_grid_line,4,6,token,deterministic,23,8,21.977675837890878
fresh4_sparse_grid_line_904205,sparse_grid_line,4,6,token,deterministic,23,32,21.740117878600824
fresh4_sparse_grid_line_904205,sparse_grid_line,4,6,token,deterministic,23,128,21.740000000000002
fresh4_sparse_grid_line_904205,sparse_grid_line,4,6,token,deterministic,23,512,21.740000000000002
fresh4_sparse_grid_line_904205,sparse_grid_line,4,6,token,deterministic,31,1,23.749900799509014
fresh4_sparse_grid_line_904205,sparse_grid_line,4,6,token,deterministic,31,8,21.853646531485964
fresh4_sparse_grid_line_904205,sparse_grid_line,4,6,token,deterministic,31,32,21.740006043155827
fresh4_sparse_grid_line_904205,sparse_grid_line,4,6,token,deterministic,31,128,21.740000000000002
fresh4_sparse_grid_line_904205,sparse_grid_line,4,6,token,deterministic,31,512,21.740000000000002
fresh4_sparse_grid_line_904205,sparse_grid_line,4,6,token,poor,11,1,35.70271888097128
fresh4_sparse_grid_line_904205,sparse_grid_line,4,6,token,poor,11,8,25.881469455505005
fresh4_sparse_grid_line_904205,sparse_grid_line,4,6,token,poor,11,32,23.852550102004614
fresh4_sparse_grid_line_904205,sparse_grid_line,4,6,token,poor,11,128,22.568981924553057
fresh4_sparse_grid_line_904205,sparse_grid_line,4,6,token,poor,11,512,21.78132031454599
fresh4_sparse_grid_line_904205,sparse_grid_line,4,6,token,poor,17,1,35.200913587932185
fresh4_sparse_grid_line_904205,sparse_grid_line,4,6,token,poor,17,8,25.49444888305826
fresh4_sparse_grid_line_904205,sparse_grid_line,4,6,token,poor,17,32,23.593760426355924
fresh4_sparse_grid_line_904205,sparse_grid_line,4,6,token,poor,17,128,22.760977435176205
fresh4_sparse_grid_line_904205,sparse_grid_line,4,6,token,poor,17,512,21.849331849913256
fresh4_sparse_grid_line_904205,sparse_grid_line,4,6,token,poor,23,1,35.197514896404215
fresh4_sparse_grid_line_904205,sparse_grid_line,4,6,token,poor,23,8,25.49320646697024
fresh4_sparse_grid_line_904205,sparse_grid_line,4,6,token,poor,23,32,23.59100530047622
fresh4_sparse_grid_line_904205,sparse_grid_line,4,6,token,poor,23,128,22.75477515164303
fresh4_sparse_grid_line_904205,sparse_grid_line,4,6,token,poor,23,512,21.846699259405195
fresh4_sparse_grid_line_904205,sparse_grid_line,4,6,token,poor,31,1,35.70854150940193
fresh4_sparse_grid_line_904205,sparse_grid_line,4,6,token,poor,31,8,25.881011373279925
fresh4_sparse_grid_line_904205,sparse_grid_line,4,6,token,poor,31,32,23.845714383703807
fresh4_sparse_grid_line_904205,sparse_grid_line,4,6,token,poor,31,128,22.5596390286496
fresh4_sparse_grid_line_904205,sparse_grid_line,4,6,token,poor,31,512,21.779552051483677
fresh4_sparse_grid_line_904205,sparse_grid_line,4,6,token,random,11,1,27.041494875992488
fresh4_sparse_grid_line_904205,sparse_grid_line,4,6,token,random,11,8,21.758348746456566
fresh4_sparse_grid_line_904205,sparse_grid_line,4,6,token,random,11,32,21.740000004279263
fresh4_sparse_grid_line_904205,sparse_grid_line,4,6,token,random,11,128,21.740000000000002
fresh4_sparse_grid_line_904205,sparse_grid_line,4,6,token,random,11,512,21.740000000000002
fresh4_sparse_grid_line_904205,sparse_grid_line,4,6,token,random,17,1,30.730789462458883
fresh4_sparse_grid_line_904205,sparse_grid_line,4,6,token,random,17,8,21.895650203472183
fresh4_sparse_grid_line_904205,sparse_grid_line,4,6,token,random,17,32,21.74000236302938
fresh4_sparse_grid_line_904205,sparse_grid_line,4,6,token,random,17,128,21.740000000000002
fresh4_sparse_grid_line_904205,sparse_grid_line,4,6,token,random,17,512,21.740000000000002
fresh4_sparse_grid_line_904205,sparse_grid_line,4,6,token,random,23,1,28.338010552834206
fresh4_sparse_grid_line_904205,sparse_grid_line,4,6,token,random,23,8,21.758084211903046
fresh4_sparse_grid_line_904205,sparse_grid_line,4,6,token,random,23,32,21.740000001613417
fresh4_sparse_grid_line_904205,sparse_grid_line,4,6,token,random,23,128,21.740000000000002
fresh4_sparse_grid_line_904205,sparse_grid_line,4,6,token,random,23,512,21.740000000000002
fresh4_sparse_grid_line_904205,sparse_grid_line,4,6,token,random,31,1,28.36957320420238
fresh4_sparse_grid_line_904205,sparse_grid_line,4,6,token,random,31,8,21.775018801699115
fresh4_sparse_grid_line_904205,sparse_grid_line,4,6,token,random,31,32,21.740000028502756
fresh4_sparse_grid_line_904205,sparse_grid_line,4,6,token,random,31,128,21.740000000000002
fresh4_sparse_grid_line_904205,sparse_grid_line,4,6,token,random,31,512,21.740000000000002
fresh4_sparse_grid_line_904205,sparse_grid_line,4,6,uniform_feasible,deterministic,,1,24.704833333333255
fresh4_sparse_grid_line_904205,sparse_grid_line,4,6,uniform_feasible,deterministic,,8,24.290469588055508
fresh4_sparse_grid_line_904205,sparse_grid_line,4,6,uniform_feasible,deterministic,,32,23.293031567415255
fresh4_sparse_grid_line_904205,sparse_grid_line,4,6,uniform_feasible,deterministic,,128,22.001591836201907
fresh4_sparse_grid_line_904205,sparse_grid_line,4,6,uniform_feasible,deterministic,,512,21.740393782421233
fresh4_sparse_grid_line_904205,sparse_grid_line,4,6,uniform_feasible,poor,,1,38.383333333333255
fresh4_sparse_grid_line_904205,sparse_grid_line,4,6,uniform_feasible,poor,,8,27.181074332980685
fresh4_sparse_grid_line_904205,sparse_grid_line,4,6,uniform_feasible,poor,,32,23.718668545908372
fresh4_sparse_grid_line_904205,sparse_grid_line,4,6,uniform_feasible,poor,,128,22.003630796738083
fresh4_sparse_grid_line_904205,sparse_grid_line,4,6,uniform_feasible,poor,,512,21.740393782426654
fresh4_sparse_grid_line_904205,sparse_grid_line,4,6,uniform_feasible,random,,1,37.748833333333266
fresh4_sparse_grid_line_904205,sparse_grid_line,4,6,uniform_feasible,random,,8,27.18107385934678
fresh4_sparse_grid_line_904205,sparse_grid_line,4,6,uniform_feasible,random,,32,23.718668545908372
fresh4_sparse_grid_line_904205,sparse_grid_line,4,6,uniform_feasible,random,,128,22.003630796738083
fresh4_sparse_grid_line_904205,sparse_grid_line,4,6,uniform_feasible,random,,512,21.740393782426654
fresh4_sparse_grid_lshape_904400,sparse_grid_lshape,4,6,greedy,deterministic,,1,17.91
fresh4_sparse_grid_lshape_904400,sparse_grid_lshape,4,6,greedy,deterministic,,8,17.91
fresh4_sparse_grid_lshape_904400,sparse_grid_lshape,4,6,greedy,deterministic,,32,17.91
fresh4_sparse_grid_lshape_904400,sparse_grid_lshape,4,6,greedy,deterministic,,128,17.91
fresh4_sparse_grid_lshape_904400,sparse_grid_lshape,4,6,greedy,deterministic,,512,17.91
fresh4_sparse_grid_lshape_904400,sparse_grid_lshape,4,6,greedy,poor,,1,46.57000000000001
fresh4_sparse_grid_lshape_904400,sparse_grid_lshape,4,6,greedy,poor,,8,32.55
fresh4_sparse_grid_lshape_904400,sparse_grid_lshape,4,6,greedy,poor,,32,18.18
fresh4_sparse_grid_lshape_904400,sparse_grid_lshape,4,6,greedy,poor,,128,18.18
fresh4_sparse_grid_lshape_904400,sparse_grid_lshape,4,6,greedy,poor,,512,18.18
fresh4_sparse_grid_lshape_904400,sparse_grid_lshape,4,6,greedy,random,,1,40.16
fresh4_sparse_grid_lshape_904400,sparse_grid_lshape,4,6,greedy,random,,8,18.18
fresh4_sparse_grid_lshape_904400,sparse_grid_lshape,4,6,greedy,random,,32,18.18
fresh4_sparse_grid_lshape_904400,sparse_grid_lshape,4,6,greedy,random,,128,18.18
fresh4_sparse_grid_lshape_904400,sparse_grid_lshape,4,6,greedy,random,,512,18.18
fresh4_sparse_grid_lshape_904400,sparse_grid_lshape,4,6,penalty_row_xy,deterministic,11,1,17.909999999999986
fresh4_sparse_grid_lshape_904400,sparse_grid_lshape,4,6,penalty_row_xy,deterministic,11,8,17.91
fresh4_sparse_grid_lshape_904400,sparse_grid_lshape,4,6,penalty_row_xy,deterministic,11,32,17.91
fresh4_sparse_grid_lshape_904400,sparse_grid_lshape,4,6,penalty_row_xy,deterministic,11,128,17.91
fresh4_sparse_grid_lshape_904400,sparse_grid_lshape,4,6,penalty_row_xy,deterministic,11,512,17.91
fresh4_sparse_grid_lshape_904400,sparse_grid_lshape,4,6,penalty_row_xy,deterministic,17,1,17.909999999999997
fresh4_sparse_grid_lshape_904400,sparse_grid_lshape,4,6,penalty_row_xy,deterministic,17,8,17.91
fresh4_sparse_grid_lshape_904400,sparse_grid_lshape,4,6,penalty_row_xy,deterministic,17,32,17.91
fresh4_sparse_grid_lshape_904400,sparse_grid_lshape,4,6,penalty_row_xy,deterministic,17,128,17.91
fresh4_sparse_grid_lshape_904400,sparse_grid_lshape,4,6,penalty_row_xy,deterministic,17,512,17.91
fresh4_sparse_grid_lshape_904400,sparse_grid_lshape,4,6,penalty_row_xy,deterministic,23,1,17.91
fresh4_sparse_grid_lshape_904400,sparse_grid_lshape,4,6,penalty_row_xy,deterministic,23,8,17.91
fresh4_sparse_grid_lshape_904400,sparse_grid_lshape,4,6,penalty_row_xy,deterministic,23,32,17.91
fresh4_sparse_grid_lshape_904400,sparse_grid_lshape,4,6,penalty_row_xy,deterministic,23,128,17.91
fresh4_sparse_grid_lshape_904400,sparse_grid_lshape,4,6,penalty_row_xy,deterministic,23,512,17.91
fresh4_sparse_grid_lshape_904400,sparse_grid_lshape,4,6,penalty_row_xy,deterministic,31,1,17.91
fresh4_sparse_grid_lshape_904400,sparse_grid_lshape,4,6,penalty_row_xy,deterministic,31,8,17.91
fresh4_sparse_grid_lshape_904400,sparse_grid_lshape,4,6,penalty_row_xy,deterministic,31,32,17.91
fresh4_sparse_grid_lshape_904400,sparse_grid_lshape,4,6,penalty_row_xy,deterministic,31,128,17.91
fresh4_sparse_grid_lshape_904400,sparse_grid_lshape,4,6,penalty_row_xy,deterministic,31,512,17.91
fresh4_sparse_grid_lshape_904400,sparse_grid_lshape,4,6,penalty_row_xy,poor,11,1,39.368068176689846
fresh4_sparse_grid_lshape_904400,sparse_grid_lshape,4,6,penalty_row_xy,poor,11,8,22.260343738499365
fresh4_sparse_grid_lshape_904400,sparse_grid_lshape,4,6,penalty_row_xy,poor,11,32,18.394439889839738
fresh4_sparse_grid_lshape_904400,sparse_grid_lshape,4,6,penalty_row_xy,poor,11,128,18.07686410305502
fresh4_sparse_grid_lshape_904400,sparse_grid_lshape,4,6,penalty_row_xy,poor,11,512,17.94900493010734
fresh4_sparse_grid_lshape_904400,sparse_grid_lshape,4,6,penalty_row_xy,poor,17,1,40.64489611233418
fresh4_sparse_grid_lshape_904400,sparse_grid_lshape,4,6,penalty_row_xy,poor,17,8,23.76511589275908
fresh4_sparse_grid_lshape_904400,sparse_grid_lshape,4,6,penalty_row_xy,poor,17,32,18.57857391711174
fresh4_sparse_grid_lshape_904400,sparse_grid_lshape,4,6,penalty_row_xy,poor,17,128,18.039494313149827
fresh4_sparse_grid_lshape_904400,sparse_grid_lshape,4,6,penalty_row_xy,poor,17,512,17.92349996459745
fresh4_sparse_grid_lshape_904400,sparse_grid_lshape,4,6,penalty_row_xy,poor,23,1,39.360854357914434
fresh4_sparse_grid_lshape_904400,sparse_grid_lshape,4,6,penalty_row_xy,poor,23,8,22.24524591968454
fresh4_sparse_grid_lshape_904400,sparse_grid_lshape,4,6,penalty_row_xy,poor,23,32,18.393765855095406
fresh4_sparse_grid_lshape_904400,sparse_grid_lshape,4,6,penalty_row_xy,poor,23,128,18.07935833597144
fresh4_sparse_grid_lshape_904400,sparse_grid_lshape,4,6,penalty_row_xy,poor,23,512,17.95141459826603
fresh4_sparse_grid_lshape_904400,sparse_grid_lshape,4,6,penalty_row_xy,poor,31,1,39.36532600449031
fresh4_sparse_grid_lshape_904400,sparse_grid_lshape,4,6,penalty_row_xy,poor,31,8,22.249753571382975
fresh4_sparse_grid_lshape_904400,sparse_grid_lshape,4,6,penalty_row_xy,poor,31,32,18.393143040351866
fresh4_sparse_grid_lshape_904400,sparse_grid_lshape,4,6,penalty_row_xy,poor,31,128,18.075962144174337
fresh4_sparse_grid_lshape_904400,sparse_grid_lshape,4,6,penalty_row_xy,poor,31,512,17.94816531324463
fresh4_sparse_grid_lshape_904400,sparse_grid_lshape,4,6,penalty_row_xy,random,11,1,34.955705717676125
fresh4_sparse_grid_lshape_904400,sparse_grid_lshape,4,6,penalty_row_xy,random,11,8,22.392791993217788
fresh4_sparse_grid_lshape_904400,sparse_grid_lshape,4,6,penalty_row_xy,random,11,32,18.74393864639499
fresh4_sparse_grid_lshape_904400,sparse_grid_lshape,4,6,penalty_row_xy,random,11,128,18.154387566429797
fresh4_sparse_grid_lshape_904400,sparse_grid_lshape,4,6,penalty_row_xy,random,11,512,18.008370877289252
fresh4_sparse_grid_lshape_904400,sparse_grid_lshape,4,6,penalty_row_xy,random,17,1,34.54792966540194
fresh4_sparse_grid_lshape_904400,sparse_grid_lshape,4,6,penalty_row_xy,random,17,8,22.061172379449904
fresh4_sparse_grid_lshape_904400,sparse_grid_lshape,4,6,penalty_row_xy,random,17,32,18.811084421356536
fresh4_sparse_grid_lshape_904400,sparse_grid_lshape,4,6,penalty_row_xy,random,17,128,18.204502856296944
fresh4_sparse_grid_lshape_904400,sparse_grid_lshape,4,6,penalty_row_xy,random,17,512,17.9895760396811
fresh4_sparse_grid_lshape_904400,sparse_grid_lshape,4,6,penalty_row_xy,random,23,1,34.94751543338398
fresh4_sparse_grid_lshape_904400,sparse_grid_lshape,4,6,penalty_row_xy,random,23,8,22.349691473175756
fresh4_sparse_grid_lshape_904400,sparse_grid_lshape,4,6,penalty_row_xy,random,23,32,18.730699165739253
fresh4_sparse_grid_lshape_904400,sparse_grid_lshape,4,6,penalty_row_xy,random,23,128,18.146068235437824
fresh4_sparse_grid_lshape_904400,sparse_grid_lshape,4,6,penalty_row_xy,random,23,512,17.997018261088684
fresh4_sparse_grid_lshape_904400,sparse_grid_lshape,4,6,penalty_row_xy,random,31,1,34.983607669605924
fresh4_sparse_grid_lshape_904400,sparse_grid_lshape,4,6,penalty_row_xy,random,31,8,22.40032899216969
fresh4_sparse_grid_lshape_904400,sparse_grid_lshape,4,6,penalty_row_xy,random,31,32,18.742206817781685
fresh4_sparse_grid_lshape_904400,sparse_grid_lshape,4,6,penalty_row_xy,random,31,128,18.152076084964577
fresh4_sparse_grid_lshape_904400,sparse_grid_lshape,4,6,penalty_row_xy,random,31,512,18.004561421494234
fresh4_sparse_grid_lshape_904400,sparse_grid_lshape,4,6,token,deterministic,11,1,17.91
fresh4_sparse_grid_lshape_904400,sparse_grid_lshape,4,6,token,deterministic,11,8,17.91
fresh4_sparse_grid_lshape_904400,sparse_grid_lshape,4,6,token,deterministic,11,32,17.91
fresh4_sparse_grid_lshape_904400,sparse_grid_lshape,4,6,token,deterministic,11,128,17.91
fresh4_sparse_grid_lshape_904400,sparse_grid_lshape,4,6,token,deterministic,11,512,17.91
fresh4_sparse_grid_lshape_904400,sparse_grid_lshape,4,6,token,deterministic,17,1,17.91
fresh4_sparse_grid_lshape_904400,sparse_grid_lshape,4,6,token,deterministic,17,8,17.91
fresh4_sparse_grid_lshape_904400,sparse_grid_lshape,4,6,token,deterministic,17,32,17.91
fresh4_sparse_grid_lshape_904400,sparse_grid_lshape,4,6,token,deterministic,17,128,17.91
fresh4_sparse_grid_lshape_904400,sparse_grid_lshape,4,6,token,deterministic,17,512,17.91
fresh4_sparse_grid_lshape_904400,sparse_grid_lshape,4,6,token,deterministic,23,1,17.909999999999986
fresh4_sparse_grid_lshape_904400,sparse_grid_lshape,4,6,token,deterministic,23,8,17.91
fresh4_sparse_grid_lshape_904400,sparse_grid_lshape,4,6,token,deterministic,23,32,17.91
fresh4_sparse_grid_lshape_904400,sparse_grid_lshape,4,6,token,deterministic,23,128,17.91
fresh4_sparse_grid_lshape_904400,sparse_grid_lshape,4,6,token,deterministic,23,512,17.91
fresh4_sparse_grid_lshape_904400,sparse_grid_lshape,4,6,token,deterministic,31,1,17.91
fresh4_sparse_grid_lshape_904400,sparse_grid_lshape,4,6,token,deterministic,31,8,17.91
fresh4_sparse_grid_lshape_904400,sparse_grid_lshape,4,6,token,deterministic,31,32,17.91
fresh4_sparse_grid_lshape_904400,sparse_grid_lshape,4,6,token,deterministic,31,128,17.91
fresh4_sparse_grid_lshape_904400,sparse_grid_lshape,4,6,token,deterministic,31,512,17.91
fresh4_sparse_grid_lshape_904400,sparse_grid_lshape,4,6,token,poor,11,1,22.581986635927358
fresh4_sparse_grid_lshape_904400,sparse_grid_lshape,4,6,token,poor,11,8,18.15858939227388
fresh4_sparse_grid_lshape_904400,sparse_grid_lshape,4,6,token,poor,11,32,17.91474764179197
fresh4_sparse_grid_lshape_904400,sparse_grid_lshape,4,6,token,poor,11,128,17.910000023476282
fresh4_sparse_grid_lshape_904400,sparse_grid_lshape,4,6,token,poor,11,512,17.91
fresh4_sparse_grid_lshape_904400,sparse_grid_lshape,4,6,token,poor,17,1,22.586275175486207
fresh4_sparse_grid_lshape_904400,sparse_grid_lshape,4,6,token,poor,17,8,18.1583014345194
fresh4_sparse_grid_lshape_904400,sparse_grid_lshape,4,6,token,poor,17,32,17.914733494346994
fresh4_sparse_grid_lshape_904400,sparse_grid_lshape,4,6,token,poor,17,128,17.91000002319957
fresh4_sparse_grid_lshape_904400,sparse_grid_lshape,4,6,token,poor,17,512,17.91
fresh4_sparse_grid_lshape_904400,sparse_grid_lshape,4,6,token,poor,23,1,22.585951635180265
fresh4_sparse_grid_lshape_904400,sparse_grid_lshape,4,6,token,poor,23,8,18.158237142232792
fresh4_sparse_grid_lshape_904400,sparse_grid_lshape,4,6,token,poor,23,32,17.91473295349699
fresh4_sparse_grid_lshape_904400,sparse_grid_lshape,4,6,token,poor,23,128,17.910000023191788
fresh4_sparse_grid_lshape_904400,sparse_grid_lshape,4,6,token,poor,23,512,17.91
fresh4_sparse_grid_lshape_904400,sparse_grid_lshape,4,6,token,poor,31,1,22.595831782843177
fresh4_sparse_grid_lshape_904400,sparse_grid_lshape,4,6,token,poor,31,8,18.159610017550268
fresh4_sparse_grid_lshape_904400,sparse_grid_lshape,4,6,token,poor,31,32,17.914779276329746
fresh4_sparse_grid_lshape_904400,sparse_grid_lshape,4,6,token,poor,31,128,17.91000002407038
fresh4_sparse_grid_lshape_904400,sparse_grid_lshape,4,6,token,poor,31,512,17.91
fresh4_sparse_grid_lshape_904400,sparse_grid_lshape,4,6,token,random,11,1,20.669890693193057
fresh4_sparse_grid_lshape_904400,sparse_grid_lshape,4,6,token,random,11,8,17.948952268922525
fresh4_sparse_grid_lshape_904400,sparse_grid_lshape,4,6,token,random,11,32,17.91002351897376
fresh4_sparse_grid_lshape_904400,sparse_grid_lshape,4,6,token,random,11,128,17.91
fresh4_sparse_grid_lshape_904400,sparse_grid_lshape,4,6,token,random,11,512,17.91
fresh4_sparse_grid_lshape_904400,sparse_grid_lshape,4,6,token,random,17,1,24.754218708992397
fresh4_sparse_grid_lshape_904400,sparse_grid_lshape,4,6,token,random,17,8,18.111291468178347
fresh4_sparse_grid_lshape_904400,sparse_grid_lshape,4,6,token,random,17,32,17.91337647965787
fresh4_sparse_grid_lshape_904400,sparse_grid_lshape,4,6,token,random,17,128,17.910000006422816
fresh4_sparse_grid_lshape_904400,sparse_grid_lshape,4,6,token,random,17,512,17.91
fresh4_sparse_grid_lshape_904400,sparse_grid_lshape,4,6,token,random,23,1,22.89431571191741
fresh4_sparse_grid_lshape_904400,sparse_grid_lshape,4,6,token,random,23,8,18.03500072164709
fresh4_sparse_grid_lshape_904400,sparse_grid_lshape,4,6,token,random,23,32,17.91452372169116
fresh4_sparse_grid_lshape_904400,sparse_grid_lshape,4,6,token,random,23,128,17.91000002090572
fresh4_sparse_grid_lshape_904400,sparse_grid_lshape,4,6,token,random,23,512,17.91
fresh4_sparse_grid_lshape_904400,sparse_grid_lshape,4,6,token,random,31,1,21.435419758588072
fresh4_sparse_grid_lshape_904400,sparse_grid_lshape,4,6,token,random,31,8,17.946209909120846
fresh4_sparse_grid_lshape_904400,sparse_grid_lshape,4,6,token,random,31,32,17.910012806035787
fresh4_sparse_grid_lshape_904400,sparse_grid_lshape,4,6,token,random,31,128,17.91
fresh4_sparse_grid_lshape_904400,sparse_grid_lshape,4,6,token,random,31,512,17.91
fresh4_sparse_grid_lshape_904400,sparse_grid_lshape,4,6,uniform_feasible,deterministic,,1,17.909999999999943
fresh4_sparse_grid_lshape_904400,sparse_grid_lshape,4,6,uniform_feasible,deterministic,,8,17.91
fresh4_sparse_grid_lshape_904400,sparse_grid_lshape,4,6,uniform_feasible,deterministic,,32,17.91
fresh4_sparse_grid_lshape_904400,sparse_grid_lshape,4,6,uniform_feasible,deterministic,,128,17.91
fresh4_sparse_grid_lshape_904400,sparse_grid_lshape,4,6,uniform_feasible,deterministic,,512,17.91
fresh4_sparse_grid_lshape_904400,sparse_grid_lshape,4,6,uniform_feasible,poor,,1,30.54333333333327
fresh4_sparse_grid_lshape_904400,sparse_grid_lshape,4,6,uniform_feasible,poor,,8,20.76002504338528
fresh4_sparse_grid_lshape_904400,sparse_grid_lshape,4,6,uniform_feasible,poor,,32,18.42219105796181
fresh4_sparse_grid_lshape_904400,sparse_grid_lshape,4,6,uniform_feasible,poor,,128,17.94487880070022
fresh4_sparse_grid_lshape_904400,sparse_grid_lshape,4,6,uniform_feasible,poor,,512,17.910049454049666
fresh4_sparse_grid_lshape_904400,sparse_grid_lshape,4,6,uniform_feasible,random,,1,30.297055555555502
fresh4_sparse_grid_lshape_904400,sparse_grid_lshape,4,6,uniform_feasible,random,,8,20.76002502534219
fresh4_sparse_grid_lshape_904400,sparse_grid_lshape,4,6,uniform_feasible,random,,32,18.42219105796181
fresh4_sparse_grid_lshape_904400,sparse_grid_lshape,4,6,uniform_feasible,random,,128,17.94487880070022
fresh4_sparse_grid_lshape_904400,sparse_grid_lshape,4,6,uniform_feasible,random,,512,17.910049454049666
fresh4_sparse_grid_lshape_904401,sparse_grid_lshape,4,6,greedy,deterministic,,1,25.3
fresh4_sparse_grid_lshape_904401,sparse_grid_lshape,4,6,greedy,deterministic,,8,22.719999999999995
fresh4_sparse_grid_lshape_904401,sparse_grid_lshape,4,6,greedy,deterministic,,32,20.680000000000003
fresh4_sparse_grid_lshape_904401,sparse_grid_lshape,4,6,greedy,deterministic,,128,20.680000000000003
fresh4_sparse_grid_lshape_904401,sparse_grid_lshape,4,6,greedy,deterministic,,512,20.680000000000003
fresh4_sparse_grid_lshape_904401,sparse_grid_lshape,4,6,greedy,poor,,1,48.64
fresh4_sparse_grid_lshape_904401,sparse_grid_lshape,4,6,greedy,poor,,8,29.84
fresh4_sparse_grid_lshape_904401,sparse_grid_lshape,4,6,greedy,poor,,32,20.680000000000003
fresh4_sparse_grid_lshape_904401,sparse_grid_lshape,4,6,greedy,poor,,128,20.680000000000003
fresh4_sparse_grid_lshape_904401,sparse_grid_lshape,4,6,greedy,poor,,512,20.680000000000003
fresh4_sparse_grid_lshape_904401,sparse_grid_lshape,4,6,greedy,random,,1,22.22
fresh4_sparse_grid_lshape_904401,sparse_grid_lshape,4,6,greedy,random,,8,22.22
fresh4_sparse_grid_lshape_904401,sparse_grid_lshape,4,6,greedy,random,,32,20.680000000000003
fresh4_sparse_grid_lshape_904401,sparse_grid_lshape,4,6,greedy,random,,128,20.680000000000003
fresh4_sparse_grid_lshape_904401,sparse_grid_lshape,4,6,greedy,random,,512,20.680000000000003
fresh4_sparse_grid_lshape_904401,sparse_grid_lshape,4,6,penalty_row_xy,deterministic,11,1,24.993177721874133
fresh4_sparse_grid_lshape_904401,sparse_grid_lshape,4,6,penalty_row_xy,deterministic,11,8,23.464546632580614
fresh4_sparse_grid_lshape_904401,sparse_grid_lshape,4,6,penalty_row_xy,deterministic,11,32,21.628807609131158
fresh4_sparse_grid_lshape_904401,sparse_grid_lshape,4,6,penalty_row_xy,deterministic,11,128,20.736693147139885
fresh4_sparse_grid_lshape_904401,sparse_grid_lshape,4,6,penalty_row_xy,deterministic,11,512,20.68000170410117
fresh4_sparse_grid_lshape_904401,sparse_grid_lshape,4,6,penalty_row_xy,deterministic,17,1,25.17794394054049
fresh4_sparse_grid_lshape_904401,sparse_grid_lshape,4,6,penalty_row_xy,deterministic,17,8,24.42659289344396
fresh4_sparse_grid_lshape_904401,sparse_grid_lshape,4,6,penalty_row_xy,deterministic,17,32,22.797521733991893
fresh4_sparse_grid_lshape_904401,sparse_grid_lshape,4,6,penalty_row_xy,deterministic,17,128,21.049589992944377
fresh4_sparse_grid_lshape_904401,sparse_grid_lshape,4,6,penalty_row_xy,deterministic,17,512,20.681851788770516
fresh4_sparse_grid_lshape_904401,sparse_grid_lshape,4,6,penalty_row_xy,deterministic,23,1,24.565671189872113
fresh4_sparse_grid_lshape_904401,sparse_grid_lshape,4,6,penalty_row_xy,deterministic,23,8,21.985061789923638
fresh4_sparse_grid_lshape_904401,sparse_grid_lshape,4,6,penalty_row_xy,deterministic,23,32,20.743872488905787
fresh4_sparse_grid_lshape_904401,sparse_grid_lshape,4,6,penalty_row_xy,deterministic,23,128,20.680001668033324
fresh4_sparse_grid_lshape_904401,sparse_grid_lshape,4,6,penalty_row_xy,deterministic,23,512,20.680000000000003
fresh4_sparse_grid_lshape_904401,sparse_grid_lshape,4,6,penalty_row_xy,deterministic,31,1,25.134676751262102
fresh4_sparse_grid_lshape_904401,sparse_grid_lshape,4,6,penalty_row_xy,deterministic,31,8,24.152249972229683
fresh4_sparse_grid_lshape_904401,sparse_grid_lshape,4,6,penalty_row_xy,deterministic,31,32,22.2616169656687
fresh4_sparse_grid_lshape_904401,sparse_grid_lshape,4,6,penalty_row_xy,deterministic,31,128,20.795103930051987
fresh4_sparse_grid_lshape_904401,sparse_grid_lshape,4,6,penalty_row_xy,deterministic,31,512,20.680011905780024
fresh4_sparse_grid_lshape_904401,sparse_grid_lshape,4,6,penalty_row_xy,poor,11,1,43.350512880621594
fresh4_sparse_grid_lshape_904401,sparse_grid_lshape,4,6,penalty_row_xy,poor,11,8,28.707567778875344
fresh4_sparse_grid_lshape_904401,sparse_grid_lshape,4,6,penalty_row_xy,poor,11,32,23.078206904141396
fresh4_sparse_grid_lshape_904401,sparse_grid_lshape,4,6,penalty_row_xy,poor,11,128,21.167982609783614
fresh4_sparse_grid_lshape_904401,sparse_grid_lshape,4,6,penalty_row_xy,poor,11,512,20.686367713846924
fresh4_sparse_grid_lshape_904401,sparse_grid_lshape,4,6,penalty_row_xy,poor,17,1,37.26664571075746
fresh4_sparse_grid_lshape_904401,sparse_grid_lshape,4,6,penalty_row_xy,poor,17,8,22.608233232451227
fresh4_sparse_grid_lshape_904401,sparse_grid_lshape,4,6,penalty_row_xy,poor,17,32,21.64513190656755
fresh4_sparse_grid_lshape_904401,sparse_grid_lshape,4,6,penalty_row_xy,poor,17,128,20.917188038907778
fresh4_sparse_grid_lshape_904401,sparse_grid_lshape,4,6,penalty_row_xy,poor,17,512,20.68086658062487
fresh4_sparse_grid_lshape_904401,sparse_grid_lshape,4,6,penalty_row_xy,poor,23,1,36.850003790711156
fresh4_sparse_grid_lshape_904401,sparse_grid_lshape,4,6,penalty_row_xy,poor,23,8,22.55286649048637
fresh4_sparse_grid_lshape_904401,sparse_grid_lshape,4,6,penalty_row_xy,poor,23,32,21.682403168438043
fresh4_sparse_grid_lshape_904401,sparse_grid_lshape,4,6,penalty_row_xy,poor,23,128,20.9560736114704
fresh4_sparse_grid_lshape_904401,sparse_grid_lshape,4,6,penalty_row_xy,poor,23,512,20.681590513734193
fresh4_sparse_grid_lshape_904401,sparse_grid_lshape,4,6,penalty_row_xy,poor,31,1,36.21973054325211
fresh4_sparse_grid_lshape_904401,sparse_grid_lshape,4,6,penalty_row_xy,poor,31,8,22.60219812771132
fresh4_sparse_grid_lshape_904401,sparse_grid_lshape,4,6,penalty_row_xy,poor,31,32,22.058874592575766
fresh4_sparse_grid_lshape_904401,sparse_grid_lshape,4,6,penalty_row_xy,poor,31,128,21.668139711107223
fresh4_sparse_grid_lshape_904401,sparse_grid_lshape,4,6,penalty_row_xy,poor,31,512,20.941042517614434
fresh4_sparse_grid_lshape_904401,sparse_grid_lshape,4,6,penalty_row_xy,random,11,1,22.216608694684364
fresh4_sparse_grid_lshape_904401,sparse_grid_lshape,4,6,penalty_row_xy,random,11,8,22.1930777472456
fresh4_sparse_grid_lshape_904401,sparse_grid_lshape,4,6,penalty_row_xy,random,11,32,22.115102147017893
fresh4_sparse_grid_lshape_904401,sparse_grid_lshape,4,6,penalty_row_xy,random,11,128,21.84136596432907
fresh4_sparse_grid_lshape_904401,sparse_grid_lshape,4,6,penalty_row_xy,random,11,512,21.17809733060222
fresh4_sparse_grid_lshape_904401,sparse_grid_lshape,4,6,penalty_row_xy,random,17,1,22.208673471021942
fresh4_sparse_grid_lshape_904401,sparse_grid_lshape,4,6,penalty_row_xy,random,17,8,22.13168632063427
fresh4_sparse_grid_lshape_904401,sparse_grid_lshape,4,6,penalty_row_xy,random,17,32,21.895987121353947
fresh4_sparse_grid_lshape_904401,sparse_grid_lshape,4,6,penalty_row_xy,random,17,128,21.278623468136768
fresh4_sparse_grid_lshape_904401,sparse_grid_lshape,4,6,penalty_row_xy,random,17,512,20.715160317837967
fresh4_sparse_grid_lshape_904401,sparse_grid_lshape,4,6,penalty_row_xy,random,23,1,22.216199900836667
fresh4_sparse_grid_lshape_904401,sparse_grid_lshape,4,6,penalty_row_xy,random,23,8,22.189860474059298
fresh4_sparse_grid_lshape_904401,sparse_grid_lshape,4,6,penalty_row_xy,random,23,32,22.102935130757867
fresh4_sparse_grid_lshape_904401,sparse_grid_lshape,4,6,penalty_row_xy,random,23,128,21.802479051359715
fresh4_sparse_grid_lshape_904401,sparse_grid_lshape,4,6,penalty_row_xy,random,23,512,21.11466114112542
fresh4_sparse_grid_lshape_904401,sparse_grid_lshape,4,6,penalty_row_xy,random,31,1,22.21648282478062
fresh4_sparse_grid_lshape_904401,sparse_grid_lshape,4,6,penalty_row_xy,random,31,8,22.192086492371786
fresh4_sparse_grid_lshape_904401,sparse_grid_lshape,4,6,penalty_row_xy,random,31,32,22.11134515650798
fresh4_sparse_grid_lshape_904401,sparse_grid_lshape,4,6,penalty_row_xy,random,31,128,21.82925215949607
fresh4_sparse_grid_lshape_904401,sparse_grid_lshape,4,6,penalty_row_xy,random,31,512,21.157638308222474
fresh4_sparse_grid_lshape_904401,sparse_grid_lshape,4,6,token,deterministic,11,1,24.294927758860474
fresh4_sparse_grid_lshape_904401,sparse_grid_lshape,4,6,token,deterministic,11,8,22.17786700155687
fresh4_sparse_grid_lshape_904401,sparse_grid_lshape,4,6,token,deterministic,11,32,21.13831191810412
fresh4_sparse_grid_lshape_904401,sparse_grid_lshape,4,6,token,deterministic,11,128,20.688937058847145
fresh4_sparse_grid_lshape_904401,sparse_grid_lshape,4,6,token,deterministic,11,512,20.680000001739028
fresh4_sparse_grid_lshape_904401,sparse_grid_lshape,4,6,token,deterministic,17,1,24.2945666626059
fresh4_sparse_grid_lshape_904401,sparse_grid_lshape,4,6,token,deterministic,17,8,22.31151431449694
fresh4_sparse_grid_lshape_904401,sparse_grid_lshape,4,6,token,deterministic,17,32,21.31069603665873
fresh4_sparse_grid_lshape_904401,sparse_grid_lshape,4,6,token,deterministic,17,128,20.705935664936437
fresh4_sparse_grid_lshape_904401,sparse_grid_lshape,4,6,token,deterministic,17,512,20.68000011850167
fresh4_sparse_grid_lshape_904401,sparse_grid_lshape,4,6,token,deterministic,23,1,24.30272243233936
fresh4_sparse_grid_lshape_904401,sparse_grid_lshape,4,6,token,deterministic,23,8,22.400387936091615
fresh4_sparse_grid_lshape_904401,sparse_grid_lshape,4,6,token,deterministic,23,32,21.483875991619684
fresh4_sparse_grid_lshape_904401,sparse_grid_lshape,4,6,token,deterministic,23,128,20.751615005007555
fresh4_sparse_grid_lshape_904401,sparse_grid_lshape,4,6,token,deterministic,23,512,20.680006993653684
fresh4_sparse_grid_lshape_904401,sparse_grid_lshape,4,6,token,deterministic,31,1,24.308550089433243
fresh4_sparse_grid_lshape_904401,sparse_grid_lshape,4,6,token,deterministic,31,8,22.350276895948944
fresh4_sparse_grid_lshape_904401,sparse_grid_lshape,4,6,token,deterministic,31,32,21.37565777113236
fresh4_sparse_grid_lshape_904401,sparse_grid_lshape,4,6,token,deterministic,31,128,20.718140657441996
fresh4_sparse_grid_lshape_904401,sparse_grid_lshape,4,6,token,deterministic,31,512,20.680000552760756
fresh4_sparse_grid_lshape_904401,sparse_grid_lshape,4,6,token,poor,11,1,26.8301155876766
fresh4_sparse_grid_lshape_904401,sparse_grid_lshape,4,6,token,poor,11,8,20.914407634081346
fresh4_sparse_grid_lshape_904401,sparse_grid_lshape,4,6,token,poor,11,32,20.68016238825113
fresh4_sparse_grid_lshape_904401,sparse_grid_lshape,4,6,token,poor,11,128,20.68
fresh4_sparse_grid_lshape_904401,sparse_grid_lshape,4,6,token,poor,11,512,20.680000000000003
fresh4_sparse_grid_lshape_904401,sparse_grid_lshape,4,6,token,poor,17,1,26.478404530302235
fresh4_sparse_grid_lshape_904401,sparse_grid_lshape,4,6,token,poor,17,8,20.9255766214458
fresh4_sparse_grid_lshape_904401,sparse_grid_lshape,4,6,token,poor,17,32,20.680177725475172
fresh4_sparse_grid_lshape_904401,sparse_grid_lshape,4,6,token,poor,17,128,20.68
fresh4_sparse_grid_lshape_904401,sparse_grid_lshape,4,6,token,poor,17,512,20.680000000000003
fresh4_sparse_grid_lshape_904401,sparse_grid_lshape,4,6,token,poor,23,1,26.205900764093464
fresh4_sparse_grid_lshape_904401,sparse_grid_lshape,4,6,token,poor,23,8,20.899601138323657
fresh4_sparse_grid_lshape_904401,sparse_grid_lshape,4,6,token,poor,23,32,20.68012066678622
fresh4_sparse_grid_lshape_904401,sparse_grid_lshape,4,6,token,poor,23,128,20.680000000000003
fresh4_sparse_grid_lshape_904401,sparse_grid_lshape,4,6,token,poor,23,512,20.680000000000003
fresh4_sparse_grid_lshape_904401,sparse_grid_lshape,4,6,token,poor,31,1,26.5561320390354
fresh4_sparse_grid_lshape_904401,sparse_grid_lshape,4,6,token,poor,31,8,20.91876067817895
fresh4_sparse_grid_lshape_904401,sparse_grid_lshape,4,6,token,poor,31,32,20.68016728604031
fresh4_sparse_grid_lshape_904401,sparse_grid_lshape,4,6,token,poor,31,128,20.68
fresh4_sparse_grid_lshape_904401,sparse_grid_lshape,4,6,token,poor,31,512,20.680000000000003
fresh4_sparse_grid_lshape_904401,sparse_grid_lshape,4,6,token,random,11,1,22.09053485162459
fresh4_sparse_grid_lshape_904401,sparse_grid_lshape,4,6,token,random,11,8,21.442826064659798
fresh4_sparse_grid_lshape_904401,sparse_grid_lshape,4,6,token,random,11,32,20.772712850282446
fresh4_sparse_grid_lshape_904401,sparse_grid_lshape,4,6,token,random,11,128,20.680020230078544
fresh4_sparse_grid_lshape_904401,sparse_grid_lshape,4,6,token,random,11,512,20.680000000000003
fresh4_sparse_grid_lshape_904401,sparse_grid_lshape,4,6,token,random,17,1,22.2017613956679
fresh4_sparse_grid_lshape_904401,sparse_grid_lshape,4,6,token,random,17,8,22.079998128953314
fresh4_sparse_grid_lshape_904401,sparse_grid_lshape,4,6,token,random,17,32,21.731835098293203
fresh4_sparse_grid_lshape_904401,sparse_grid_lshape,4,6,token,random,17,128,21.015141702569455
fresh4_sparse_grid_lshape_904401,sparse_grid_lshape,4,6,token,random,17,512,20.68345423375593
fresh4_sparse_grid_lshape_904401,sparse_grid_lshape,4,6,token,random,23,1,22.095735774781176
fresh4_sparse_grid_lshape_904401,sparse_grid_lshape,4,6,token,random,23,8,21.46562013675233
fresh4_sparse_grid_lshape_904401,sparse_grid_lshape,4,6,token,random,23,32,20.784300949958936
fresh4_sparse_grid_lshape_904401,sparse_grid_lshape,4,6,token,random,23,128,20.680032403423233
fresh4_sparse_grid_lshape_904401,sparse_grid_lshape,4,6,token,random,23,512,20.680000000000003
fresh4_sparse_grid_lshape_904401,sparse_grid_lshape,4,6,token,random,31,1,22.174895231307897
fresh4_sparse_grid_lshape_904401,sparse_grid_lshape,4,6,token,random,31,8,21.89406239190161
fresh4_sparse_grid_lshape_904401,sparse_grid_lshape,4,6,token,random,31,32,21.274842324512246
fresh4_sparse_grid_lshape_904401,sparse_grid_lshape,4,6,token,random,31,128,20.71428035303355
fresh4_sparse_grid_lshape_904401,sparse_grid_lshape,4,6,token,random,31,512,20.680000378110716
fresh4_sparse_grid_lshape_904401,sparse_grid_lshape,4,6,uniform_feasible,deterministic,,1,25.03099999999993
fresh4_sparse_grid_lshape_904401,sparse_grid_lshape,4,6,uniform_feasible,deterministic,,8,23.68921166128341
fresh4_sparse_grid_lshape_904401,sparse_grid_lshape,4,6,uniform_feasible,deterministic,,32,21.98064007773844
fresh4_sparse_grid_lshape_904401,sparse_grid_lshape,4,6,uniform_feasible,deterministic,,128,20.86688132154653
fresh4_sparse_grid_lshape_904401,sparse_grid_lshape,4,6,uniform_feasible,deterministic,,512,20.68028205433629
fresh4_sparse_grid_lshape_904401,sparse_grid_lshape,4,6,uniform_feasible,poor,,1,33.9966666666666
fresh4_sparse_grid_lshape_904401,sparse_grid_lshape,4,6,uniform_feasible,poor,,8,24.543114394304897
fresh4_sparse_grid_lshape_904401,sparse_grid_lshape,4,6,uniform_feasible,poor,,32,21.987644455484286
fresh4_sparse_grid_lshape_904401,sparse_grid_lshape,4,6,uniform_feasible,poor,,128,20.866881322409245
fresh4_sparse_grid_lshape_904401,sparse_grid_lshape,4,6,uniform_feasible,poor,,512,20.68028205433629
fresh4_sparse_grid_lshape_904401,sparse_grid_lshape,4,6,uniform_feasible,random,,1,22.194333333333265
fresh4_sparse_grid_lshape_904401,sparse_grid_lshape,4,6,uniform_feasible,random,,8,22.026253393100887
fresh4_sparse_grid_lshape_904401,sparse_grid_lshape,4,6,uniform_feasible,random,,32,21.57938384237635
fresh4_sparse_grid_lshape_904401,sparse_grid_lshape,4,6,uniform_feasible,random,,128,20.85915055664856
fresh4_sparse_grid_lshape_904401,sparse_grid_lshape,4,6,uniform_feasible,random,,512,20.6802820398566
fresh4_sparse_grid_lshape_904402,sparse_grid_lshape,4,6,greedy,deterministic,,1,22.1
fresh4_sparse_grid_lshape_904402,sparse_grid_lshape,4,6,greedy,deterministic,,8,14.42
fresh4_sparse_grid_lshape_904402,sparse_grid_lshape,4,6,greedy,deterministic,,32,10.59
fresh4_sparse_grid_lshape_904402,sparse_grid_lshape,4,6,greedy,deterministic,,128,10.59
fresh4_sparse_grid_lshape_904402,sparse_grid_lshape,4,6,greedy,deterministic,,512,10.59
fresh4_sparse_grid_lshape_904402,sparse_grid_lshape,4,6,greedy,poor,,1,46.19
fresh4_sparse_grid_lshape_904402,sparse_grid_lshape,4,6,greedy,poor,,8,25.909999999999997
fresh4_sparse_grid_lshape_904402,sparse_grid_lshape,4,6,greedy,poor,,32,10.59
fresh4_sparse_grid_lshape_904402,sparse_grid_lshape,4,6,greedy,poor,,128,10.59
fresh4_sparse_grid_lshape_904402,sparse_grid_lshape,4,6,greedy,poor,,512,10.59
fresh4_sparse_grid_lshape_904402,sparse_grid_lshape,4,6,greedy,random,,1,25.92
fresh4_sparse_grid_lshape_904402,sparse_grid_lshape,4,6,greedy,random,,8,17.35
fresh4_sparse_grid_lshape_904402,sparse_grid_lshape,4,6,greedy,random,,32,13.51
fresh4_sparse_grid_lshape_904402,sparse_grid_lshape,4,6,greedy,random,,128,10.59
fresh4_sparse_grid_lshape_904402,sparse_grid_lshape,4,6,greedy,random,,512,10.59
fresh4_sparse_grid_lshape_904402,sparse_grid_lshape,4,6,penalty_row_xy,deterministic,11,1,21.144957159278214
fresh4_sparse_grid_lshape_904402,sparse_grid_lshape,4,6,penalty_row_xy,deterministic,11,8,17.128680817290867
fresh4_sparse_grid_lshape_904402,sparse_grid_lshape,4,6,penalty_row_xy,deterministic,11,32,14.182715973558757
fresh4_sparse_grid_lshape_904402,sparse_grid_lshape,4,6,penalty_row_xy,deterministic,11,128,12.847640886091828
fresh4_sparse_grid_lshape_904402,sparse_grid_lshape,4,6,penalty_row_xy,deterministic,11,512,11.075080504416482
fresh4_sparse_grid_lshape_904402,sparse_grid_lshape,4,6,penalty_row_xy,deterministic,17,1,21.090024450504806
fresh4_sparse_grid_lshape_904402,sparse_grid_lshape,4,6,penalty_row_xy,deterministic,17,8,16.9426117400719
fresh4_sparse_grid_lshape_904402,sparse_grid_lshape,4,6,penalty_row_xy,deterministic,17,32,14.426434417788768
fresh4_sparse_grid_lshape_904402,sparse_grid_lshape,4,6,penalty_row_xy,deterministic,17,128,13.973597938786355
fresh4_sparse_grid_lshape_904402,sparse_grid_lshape,4,6,penalty_row_xy,deterministic,17,512,12.947208922933804
fresh4_sparse_grid_lshape_904402,sparse_grid_lshape,4,6,penalty_row_xy,deterministic,23,1,21.141069321959407
fresh4_sparse_grid_lshape_904402,sparse_grid_lshape,4,6,penalty_row_xy,deterministic,23,8,17.248536234638472
fresh4_sparse_grid_lshape_904402,sparse_grid_lshape,4,6,penalty_row_xy,deterministic,23,32,14.247586687521821
fresh4_sparse_grid_lshape_904402,sparse_grid_lshape,4,6,penalty_row_xy,deterministic,23,128,12.553617776567854
fresh4_sparse_grid_lshape_904402,sparse_grid_lshape,4,6,penalty_row_xy,deterministic,23,512,10.916064288099594
fresh4_sparse_grid_lshape_904402,sparse_grid_lshape,4,6,penalty_row_xy,deterministic,31,1,21.10379846319413
fresh4_sparse_grid_lshape_904402,sparse_grid_lshape,4,6,penalty_row_xy,deterministic,31,8,16.93552322002137
fresh4_sparse_grid_lshape_904402,sparse_grid_lshape,4,6,penalty_row_xy,deterministic,31,32,13.991036747002038
fresh4_sparse_grid_lshape_904402,sparse_grid_lshape,4,6,penalty_row_xy,deterministic,31,128,12.551752540116485
fresh4_sparse_grid_lshape_904402,sparse_grid_lshape,4,6,penalty_row_xy,deterministic,31,512,10.858086390100182
fresh4_sparse_grid_lshape_904402,sparse_grid_lshape,4,6,penalty_row_xy,poor,11,1,31.08159676831898
fresh4_sparse_grid_lshape_904402,sparse_grid_lshape,4,6,penalty_row_xy,poor,11,8,14.616692651186126
fresh4_sparse_grid_lshape_904402,sparse_grid_lshape,4,6,penalty_row_xy,poor,11,32,13.149928981236124
fresh4_sparse_grid_lshape_904402,sparse_grid_lshape,4,6,penalty_row_xy,poor,11,128,11.354607701502035
fresh4_sparse_grid_lshape_904402,sparse_grid_lshape,4,6,penalty_row_xy,poor,11,512,10.596152541502246
fresh4_sparse_grid_lshape_904402,sparse_grid_lshape,4,6,penalty_row_xy,poor,17,1,31.189763596002116
fresh4_sparse_grid_lshape_904402,sparse_grid_lshape,4,6,penalty_row_xy,poor,17,8,14.309268220045434
fresh4_sparse_grid_lshape_904402,sparse_grid_lshape,4,6,penalty_row_xy,poor,17,32,12.008009049416236
fresh4_sparse_grid_lshape_904402,sparse_grid_lshape,4,6,penalty_row_xy,poor,17,128,10.662097289196378
fresh4_sparse_grid_lshape_904402,sparse_grid_lshape,4,6,penalty_row_xy,poor,17,512,10.590000507282404
fresh4_sparse_grid_lshape_904402,sparse_grid_lshape,4,6,penalty_row_xy,poor,23,1,35.90321948820348
fresh4_sparse_grid_lshape_904402,sparse_grid_lshape,4,6,penalty_row_xy,poor,23,8,14.24334544113363
fresh4_sparse_grid_lshape_904402,sparse_grid_lshape,4,6,penalty_row_xy,poor,23,32,10.675283732432998
fresh4_sparse_grid_lshape_904402,sparse_grid_lshape,4,6,penalty_row_xy,poor,23,128,10.590000305702175
fresh4_sparse_grid_lshape_904402,sparse_grid_lshape,4,6,penalty_row_xy,poor,23,512,10.59
fresh4_sparse_grid_lshape_904402,sparse_grid_lshape,4,6,penalty_row_xy,poor,31,1,31.966573162815095
fresh4_sparse_grid_lshape_904402,sparse_grid_lshape,4,6,penalty_row_xy,poor,31,8,15.101473147791694
fresh4_sparse_grid_lshape_904402,sparse_grid_lshape,4,6,penalty_row_xy,poor,31,32,13.628799673434068
fresh4_sparse_grid_lshape_904402,sparse_grid_lshape,4,6,penalty_row_xy,poor,31,128,12.103977753218826
fresh4_sparse_grid_lshape_904402,sparse_grid_lshape,4,6,penalty_row_xy,poor,31,512,10.683619376749316
fresh4_sparse_grid_lshape_904402,sparse_grid_lshape,4,6,penalty_row_xy,random,11,1,19.249644638046426
fresh4_sparse_grid_lshape_904402,sparse_grid_lshape,4,6,penalty_row_xy,random,11,8,10.821358995261553
fresh4_sparse_grid_lshape_904402,sparse_grid_lshape,4,6,penalty_row_xy,random,11,32,10.59001638778514
fresh4_sparse_grid_lshape_904402,sparse_grid_lshape,4,6,penalty_row_xy,random,11,128,10.59
fresh4_sparse_grid_lshape_904402,sparse_grid_lshape,4,6,penalty_row_xy,random,11,512,10.59
fresh4_sparse_grid_lshape_904402,sparse_grid_lshape,4,6,penalty_row_xy,random,17,1,20.365602820474212
fresh4_sparse_grid_lshape_904402,sparse_grid_lshape,4,6,penalty_row_xy,random,17,8,11.025728606828867
fresh4_sparse_grid_lshape_904402,sparse_grid_lshape,4,6,penalty_row_xy,random,17,32,10.590018046850503
fresh4_sparse_grid_lshape_904402,sparse_grid_lshape,4,6,penalty_row_xy,random,17,128,10.59
fresh4_sparse_grid_lshape_904402,sparse_grid_lshape,4,6,penalty_row_xy,random,17,512,10.59
fresh4_sparse_grid_lshape_904402,sparse_grid_lshape,4,6,penalty_row_xy,random,23,1,20.683211853512354
fresh4_sparse_grid_lshape_904402,sparse_grid_lshape,4,6,penalty_row_xy,random,23,8,11.162909581747515
fresh4_sparse_grid_lshape_904402,sparse_grid_lshape,4,6,penalty_row_xy,random,23,32,10.590059845796842
fresh4_sparse_grid_lshape_904402,sparse_grid_lshape,4,6,penalty_row_xy,random,23,128,10.59
fresh4_sparse_grid_lshape_904402,sparse_grid_lshape,4,6,penalty_row_xy,random,23,512,10.59
fresh4_sparse_grid_lshape_904402,sparse_grid_lshape,4,6,penalty_row_xy,random,31,1,19.48157414833785
fresh4_sparse_grid_lshape_904402,sparse_grid_lshape,4,6,penalty_row_xy,random,31,8,10.87623149926517
fresh4_sparse_grid_lshape_904402,sparse_grid_lshape,4,6,penalty_row_xy,random,31,32,10.590036245291925
fresh4_sparse_grid_lshape_904402,sparse_grid_lshape,4,6,penalty_row_xy,random,31,128,10.59
fresh4_sparse_grid_lshape_904402,sparse_grid_lshape,4,6,penalty_row_xy,random,31,512,10.59
fresh4_sparse_grid_lshape_904402,sparse_grid_lshape,4,6,token,deterministic,11,1,17.70766565880751
fresh4_sparse_grid_lshape_904402,sparse_grid_lshape,4,6,token,deterministic,11,8,12.604690642449894
fresh4_sparse_grid_lshape_904402,sparse_grid_lshape,4,6,token,deterministic,11,32,10.767636740322041
fresh4_sparse_grid_lshape_904402,sparse_grid_lshape,4,6,token,deterministic,11,128,10.590017673683786
fresh4_sparse_grid_lshape_904402,sparse_grid_lshape,4,6,token,deterministic,11,512,10.59
fresh4_sparse_grid_lshape_904402,sparse_grid_lshape,4,6,token,deterministic,17,1,17.703572022313875
fresh4_sparse_grid_lshape_904402,sparse_grid_lshape,4,6,token,deterministic,17,8,12.604672910371264
fresh4_sparse_grid_lshape_904402,sparse_grid_lshape,4,6,token,deterministic,17,32,10.767728731792774
fresh4_sparse_grid_lshape_904402,sparse_grid_lshape,4,6,token,deterministic,17,128,10.590017710526384
fresh4_sparse_grid_lshape_904402,sparse_grid_lshape,4,6,token,deterministic,17,512,10.59
fresh4_sparse_grid_lshape_904402,sparse_grid_lshape,4,6,token,deterministic,23,1,17.704817329051167
fresh4_sparse_grid_lshape_904402,sparse_grid_lshape,4,6,token,deterministic,23,8,12.604127624305928
fresh4_sparse_grid_lshape_904402,sparse_grid_lshape,4,6,token,deterministic,23,32,10.767615474884858
fresh4_sparse_grid_lshape_904402,sparse_grid_lshape,4,6,token,deterministic,23,128,10.590017665578063
fresh4_sparse_grid_lshape_904402,sparse_grid_lshape,4,6,token,deterministic,23,512,10.59
fresh4_sparse_grid_lshape_904402,sparse_grid_lshape,4,6,token,deterministic,31,1,17.73354551149091
fresh4_sparse_grid_lshape_904402,sparse_grid_lshape,4,6,token,deterministic,31,8,12.606164280049466
fresh4_sparse_grid_lshape_904402,sparse_grid_lshape,4,6,token,deterministic,31,32,10.767454991798195
fresh4_sparse_grid_lshape_904402,sparse_grid_lshape,4,6,token,deterministic,31,128,10.59001760017266
fresh4_sparse_grid_lshape_904402,sparse_grid_lshape,4,6,token,deterministic,31,512,10.59
fresh4_sparse_grid_lshape_904402,sparse_grid_lshape,4,6,token,poor,11,1,18.5177158361389
fresh4_sparse_grid_lshape_904402,sparse_grid_lshape,4,6,token,poor,11,8,12.227201796935494
fresh4_sparse_grid_lshape_904402,sparse_grid_lshape,4,6,token,poor,11,32,10.648110494052942
fresh4_sparse_grid_lshape_904402,sparse_grid_lshape,4,6,token,poor,11,128,10.590000261389669
fresh4_sparse_grid_lshape_904402,sparse_grid_lshape,4,6,token,poor,11,512,10.59
fresh4_sparse_grid_lshape_904402,sparse_grid_lshape,4,6,token,poor,17,1,20.135187301642812
fresh4_sparse_grid_lshape_904402,sparse_grid_lshape,4,6,token,poor,17,8,13.667246120220586
fresh4_sparse_grid_lshape_904402,sparse_grid_lshape,4,6,token,poor,17,32,12.574447709203055
fresh4_sparse_grid_lshape_904402,sparse_grid_lshape,4,6,token,poor,17,128,11.212620410688157
fresh4_sparse_grid_lshape_904402,sparse_grid_lshape,4,6,token,poor,17,512,10.596035939248804
fresh4_sparse_grid_lshape_904402,sparse_grid_lshape,4,6,token,poor,23,1,20.12247380075843
fresh4_sparse_grid_lshape_904402,sparse_grid_lshape,4,6,token,poor,23,8,13.66605560161316
fresh4_sparse_grid_lshape_904402,sparse_grid_lshape,4,6,token,poor,23,32,12.609965476374455
fresh4_sparse_grid_lshape_904402,sparse_grid_lshape,4,6,token,poor,23,128,11.25843140100342
fresh4_sparse_grid_lshape_904402,sparse_grid_lshape,4,6,token,poor,23,512,10.598018235731853
fresh4_sparse_grid_lshape_904402,sparse_grid_lshape,4,6,token,poor,31,1,20.770297528537093
fresh4_sparse_grid_lshape_904402,sparse_grid_lshape,4,6,token,poor,31,8,13.81026772422317
fresh4_sparse_grid_lshape_904402,sparse_grid_lshape,4,6,token,poor,31,32,12.692215717382588
fresh4_sparse_grid_lshape_904402,sparse_grid_lshape,4,6,token,poor,31,128,11.373660024025407
fresh4_sparse_grid_lshape_904402,sparse_grid_lshape,4,6,token,poor,31,512,10.605148241431886
fresh4_sparse_grid_lshape_904402,sparse_grid_lshape,4,6,token,random,11,1,19.051696685341025
fresh4_sparse_grid_lshape_904402,sparse_grid_lshape,4,6,token,random,11,8,11.892934864380761
fresh4_sparse_grid_lshape_904402,sparse_grid_lshape,4,6,token,random,11,32,10.610994580600769
fresh4_sparse_grid_lshape_904402,sparse_grid_lshape,4,6,token,random,11,128,10.590000006068037
fresh4_sparse_grid_lshape_904402,sparse_grid_lshape,4,6,token,random,11,512,10.59
fresh4_sparse_grid_lshape_904402,sparse_grid_lshape,4,6,token,random,17,1,18.67686492256804
fresh4_sparse_grid_lshape_904402,sparse_grid_lshape,4,6,token,random,17,8,11.599171317811999
fresh4_sparse_grid_lshape_904402,sparse_grid_lshape,4,6,token,random,17,32,10.595461280179393
fresh4_sparse_grid_lshape_904402,sparse_grid_lshape,4,6,token,random,17,128,10.590000000020757
fresh4_sparse_grid_lshape_904402,sparse_grid_lshape,4,6,token,random,17,512,10.59
fresh4_sparse_grid_lshape_904402,sparse_grid_lshape,4,6,token,random,23,1,18.826761305772642
fresh4_sparse_grid_lshape_904402,sparse_grid_lshape,4,6,token,random,23,8,11.907722691098472
fresh4_sparse_grid_lshape_904402,sparse_grid_lshape,4,6,token,random,23,32,10.612279795279433
fresh4_sparse_grid_lshape_904402,sparse_grid_lshape,4,6,token,random,23,128,10.59000000779147
fresh4_sparse_grid_lshape_904402,sparse_grid_lshape,4,6,token,random,23,512,10.59
fresh4_sparse_grid_lshape_904402,sparse_grid_lshape,4,6,token,random,31,1,18.821857050608383
fresh4_sparse_grid_lshape_904402,sparse_grid_lshape,4,6,token,random,31,8,11.907692698841464
fresh4_sparse_grid_lshape_904402,sparse_grid_lshape,4,6,token,random,31,32,10.612336290113623
fresh4_sparse_grid_lshape_904402,sparse_grid_lshape,4,6,token,random,31,128,10.590000007873664
fresh4_sparse_grid_lshape_904402,sparse_grid_lshape,4,6,token,random,31,512,10.59
fresh4_sparse_grid_lshape_904402,sparse_grid_lshape,4,6,uniform_feasible,deterministic,,1,20.448277777777736
fresh4_sparse_grid_lshape_904402,sparse_grid_lshape,4,6,uniform_feasible,deterministic,,8,15.676987752170046
fresh4_sparse_grid_lshape_904402,sparse_grid_lshape,4,6,uniform_feasible,deterministic,,32,12.816816198315662
fresh4_sparse_grid_lshape_904402,sparse_grid_lshape,4,6,uniform_feasible,deterministic,,128,10.954437439821369
fresh4_sparse_grid_lshape_904402,sparse_grid_lshape,4,6,uniform_feasible,deterministic,,512,10.590535272320809
fresh4_sparse_grid_lshape_904402,sparse_grid_lshape,4,6,uniform_feasible,poor,,1,24.709999999999965
fresh4_sparse_grid_lshape_904402,sparse_grid_lshape,4,6,uniform_feasible,poor,,8,15.697545430522233
fresh4_sparse_grid_lshape_904402,sparse_grid_lshape,4,6,uniform_feasible,poor,,32,12.816816214023886
fresh4_sparse_grid_lshape_904402,sparse_grid_lshape,4,6,uniform_feasible,poor,,128,10.954437439821369
fresh4_sparse_grid_lshape_904402,sparse_grid_lshape,4,6,uniform_feasible,poor,,512,10.590535272320809
fresh4_sparse_grid_lshape_904402,sparse_grid_lshape,4,6,uniform_feasible,random,,1,22.351499999999966
fresh4_sparse_grid_lshape_904402,sparse_grid_lshape,4,6,uniform_feasible,random,,8,15.697142507042294
fresh4_sparse_grid_lshape_904402,sparse_grid_lshape,4,6,uniform_feasible,random,,32,12.816816214023886
fresh4_sparse_grid_lshape_904402,sparse_grid_lshape,4,6,uniform_feasible,random,,128,10.954437439821369
fresh4_sparse_grid_lshape_904402,sparse_grid_lshape,4,6,uniform_feasible,random,,512,10.590535272320809
fresh4_sparse_grid_lshape_904403,sparse_grid_lshape,4,6,greedy,deterministic,,1,14.03
fresh4_sparse_grid_lshape_904403,sparse_grid_lshape,4,6,greedy,deterministic,,8,10.21
fresh4_sparse_grid_lshape_904403,sparse_grid_lshape,4,6,greedy,deterministic,,32,10.21
fresh4_sparse_grid_lshape_904403,sparse_grid_lshape,4,6,greedy,deterministic,,128,10.21
fresh4_sparse_grid_lshape_904403,sparse_grid_lshape,4,6,greedy,deterministic,,512,10.21
fresh4_sparse_grid_lshape_904403,sparse_grid_lshape,4,6,greedy,poor,,1,36.23
fresh4_sparse_grid_lshape_904403,sparse_grid_lshape,4,6,greedy,poor,,8,19.78
fresh4_sparse_grid_lshape_904403,sparse_grid_lshape,4,6,greedy,poor,,32,10.21
fresh4_sparse_grid_lshape_904403,sparse_grid_lshape,4,6,greedy,poor,,128,10.21
fresh4_sparse_grid_lshape_904403,sparse_grid_lshape,4,6,greedy,poor,,512,10.21
fresh4_sparse_grid_lshape_904403,sparse_grid_lshape,4,6,greedy,random,,1,25.439999999999998
fresh4_sparse_grid_lshape_904403,sparse_grid_lshape,4,6,greedy,random,,8,14.4
fresh4_sparse_grid_lshape_904403,sparse_grid_lshape,4,6,greedy,random,,32,10.21
fresh4_sparse_grid_lshape_904403,sparse_grid_lshape,4,6,greedy,random,,128,10.21
fresh4_sparse_grid_lshape_904403,sparse_grid_lshape,4,6,greedy,random,,512,10.21
fresh4_sparse_grid_lshape_904403,sparse_grid_lshape,4,6,penalty_row_xy,deterministic,11,1,13.1128681369808
fresh4_sparse_grid_lshape_904403,sparse_grid_lshape,4,6,penalty_row_xy,deterministic,11,8,10.635007092074927
fresh4_sparse_grid_lshape_904403,sparse_grid_lshape,4,6,penalty_row_xy,deterministic,11,32,10.210589394545341
fresh4_sparse_grid_lshape_904403,sparse_grid_lshape,4,6,penalty_row_xy,deterministic,11,128,10.210000000000003
fresh4_sparse_grid_lshape_904403,sparse_grid_lshape,4,6,penalty_row_xy,deterministic,11,512,10.21
fresh4_sparse_grid_lshape_904403,sparse_grid_lshape,4,6,penalty_row_xy,deterministic,17,1,13.775635734731576
fresh4_sparse_grid_lshape_904403,sparse_grid_lshape,4,6,penalty_row_xy,deterministic,17,8,12.622299935987185
fresh4_sparse_grid_lshape_904403,sparse_grid_lshape,4,6,penalty_row_xy,deterministic,17,32,11.497478095337089
fresh4_sparse_grid_lshape_904403,sparse_grid_lshape,4,6,penalty_row_xy,deterministic,17,128,10.530462328281745
fresh4_sparse_grid_lshape_904403,sparse_grid_lshape,4,6,penalty_row_xy,deterministic,17,512,10.211338283873204
fresh4_sparse_grid_lshape_904403,sparse_grid_lshape,4,6,penalty_row_xy,deterministic,23,1,13.950047253392903
fresh4_sparse_grid_lshape_904403,sparse_grid_lshape,4,6,penalty_row_xy,deterministic,23,8,13.460393264954657
fresh4_sparse_grid_lshape_904403,sparse_grid_lshape,4,6,penalty_row_xy,deterministic,23,32,12.420631604757599
fresh4_sparse_grid_lshape_904403,sparse_grid_lshape,4,6,penalty_row_xy,deterministic,23,128,11.232494572935162
fresh4_sparse_grid_lshape_904403,sparse_grid_lshape,4,6,penalty_row_xy,deterministic,23,512,10.341716030381617
fresh4_sparse_grid_lshape_904403,sparse_grid_lshape,4,6,penalty_row_xy,deterministic,31,1,13.976284865002194
fresh4_sparse_grid_lshape_904403,sparse_grid_lshape,4,6,penalty_row_xy,deterministic,31,8,13.623164444383619
fresh4_sparse_grid_lshape_904403,sparse_grid_lshape,4,6,penalty_row_xy,deterministic,31,32,12.6666206344178
fresh4_sparse_grid_lshape_904403,sparse_grid_lshape,4,6,penalty_row_xy,deterministic,31,128,10.946827325460102
fresh4_sparse_grid_lshape_904403,sparse_grid_lshape,4,6,penalty_row_xy,deterministic,31,512,10.22254360601152
fresh4_sparse_grid_lshape_904403,sparse_grid_lshape,4,6,penalty_row_xy,poor,11,1,25.29076938023647
fresh4_sparse_grid_lshape_904403,sparse_grid_lshape,4,6,penalty_row_xy,poor,11,8,12.591833026529127
fresh4_sparse_grid_lshape_904403,sparse_grid_lshape,4,6,penalty_row_xy,poor,11,32,11.848013076367947
fresh4_sparse_grid_lshape_904403,sparse_grid_lshape,4,6,penalty_row_xy,poor,11,128,11.122911968547696
fresh4_sparse_grid_lshape_904403,sparse_grid_lshape,4,6,penalty_row_xy,poor,11,512,10.298136616480459
fresh4_sparse_grid_lshape_904403,sparse_grid_lshape,4,6,penalty_row_xy,poor,17,1,25.01812601587293
fresh4_sparse_grid_lshape_904403,sparse_grid_lshape,4,6,penalty_row_xy,poor,17,8,12.545718895808703
fresh4_sparse_grid_lshape_904403,sparse_grid_lshape,4,6,penalty_row_xy,poor,17,32,11.827359464686555
fresh4_sparse_grid_lshape_904403,sparse_grid_lshape,4,6,penalty_row_xy,poor,17,128,11.077819236301869
fresh4_sparse_grid_lshape_904403,sparse_grid_lshape,4,6,penalty_row_xy,poor,17,512,10.28197105370476
fresh4_sparse_grid_lshape_904403,sparse_grid_lshape,4,6,penalty_row_xy,poor,23,1,25.1529495528239
fresh4_sparse_grid_lshape_904403,sparse_grid_lshape,4,6,penalty_row_xy,poor,23,8,12.55941160710427
fresh4_sparse_grid_lshape_904403,sparse_grid_lshape,4,6,penalty_row_xy,poor,23,32,11.80735177216885
fresh4_sparse_grid_lshape_904403,sparse_grid_lshape,4,6,penalty_row_xy,poor,23,128,11.035617259481109
fresh4_sparse_grid_lshape_904403,sparse_grid_lshape,4,6,penalty_row_xy,poor,23,512,10.268959775864896
fresh4_sparse_grid_lshape_904403,sparse_grid_lshape,4,6,penalty_row_xy,poor,31,1,25.484373701564436
fresh4_sparse_grid_lshape_904403,sparse_grid_lshape,4,6,penalty_row_xy,poor,31,8,12.62182141785302
fresh4_sparse_grid_lshape_904403,sparse_grid_lshape,4,6,penalty_row_xy,poor,31,32,11.883747803800876
fresh4_sparse_grid_lshape_904403,sparse_grid_lshape,4,6,penalty_row_xy,poor,31,128,11.205222568405373
fresh4_sparse_grid_lshape_904403,sparse_grid_lshape,4,6,penalty_row_xy,poor,31,512,10.334486321547471
fresh4_sparse_grid_lshape_904403,sparse_grid_lshape,4,6,penalty_row_xy,random,11,1,23.27820614363418
fresh4_sparse_grid_lshape_904403,sparse_grid_lshape,4,6,penalty_row_xy,random,11,8,16.403467590946278
fresh4_sparse_grid_lshape_904403,sparse_grid_lshape,4,6,penalty_row_xy,random,11,32,13.056611300514176
fresh4_sparse_grid_lshape_904403,sparse_grid_lshape,4,6,penalty_row_xy,random,11,128,11.417249137859963
fresh4_sparse_grid_lshape_904403,sparse_grid_lshape,4,6,penalty_row_xy,random,11,512,10.367203668076339
fresh4_sparse_grid_lshape_904403,sparse_grid_lshape,4,6,penalty_row_xy,random,17,1,23.29355410899616
fresh4_sparse_grid_lshape_904403,sparse_grid_lshape,4,6,penalty_row_xy,random,17,8,16.68787955310073
fresh4_sparse_grid_lshape_904403,sparse_grid_lshape,4,6,penalty_row_xy,random,17,32,13.712586737080777
fresh4_sparse_grid_lshape_904403,sparse_grid_lshape,4,6,penalty_row_xy,random,17,128,11.769161208791784
fresh4_sparse_grid_lshape_904403,sparse_grid_lshape,4,6,penalty_row_xy,random,17,512,10.417833137517789
fresh4_sparse_grid_lshape_904403,sparse_grid_lshape,4,6,penalty_row_xy,random,23,1,22.007331930150748
fresh4_sparse_grid_lshape_904403,sparse_grid_lshape,4,6,penalty_row_xy,random,23,8,14.844819466648657
fresh4_sparse_grid_lshape_904403,sparse_grid_lshape,4,6,penalty_row_xy,random,23,32,12.161841007113948
fresh4_sparse_grid_lshape_904403,sparse_grid_lshape,4,6,penalty_row_xy,random,23,128,10.842924617180266
fresh4_sparse_grid_lshape_904403,sparse_grid_lshape,4,6,penalty_row_xy,random,23,512,10.230102712715832
fresh4_sparse_grid_lshape_904403,sparse_grid_lshape,4,6,penalty_row_xy,random,31,1,23.473882366327466
fresh4_sparse_grid_lshape_904403,sparse_grid_lshape,4,6,penalty_row_xy,random,31,8,16.575749773280734
fresh4_sparse_grid_lshape_904403,sparse_grid_lshape,4,6,penalty_row_xy,random,31,32,12.608538587652498
fresh4_sparse_grid_lshape_904403,sparse_grid_lshape,4,6,penalty_row_xy,random,31,128,11.488681632986763
fresh4_sparse_grid_lshape_904403,sparse_grid_lshape,4,6,penalty_row_xy,random,31,512,10.54612671938686
fresh4_sparse_grid_lshape_904403,sparse_grid_lshape,4,6,token,deterministic,11,1,13.230447947283587
fresh4_sparse_grid_lshape_904403,sparse_grid_lshape,4,6,token,deterministic,11,8,10.833910975612564
fresh4_sparse_grid_lshape_904403,sparse_grid_lshape,4,6,token,deterministic,11,32,10.21499321688016
fresh4_sparse_grid_lshape_904403,sparse_grid_lshape,4,6,token,deterministic,11,128,10.21000000006802
fresh4_sparse_grid_lshape_904403,sparse_grid_lshape,4,6,token,deterministic,11,512,10.21
fresh4_sparse_grid_lshape_904403,sparse_grid_lshape,4,6,token,deterministic,17,1,13.235984497431593
fresh4_sparse_grid_lshape_904403,sparse_grid_lshape,4,6,token,deterministic,17,8,10.845911022919196
fresh4_sparse_grid_lshape_904403,sparse_grid_lshape,4,6,token,deterministic,17,32,10.215538478350625
fresh4_sparse_grid_lshape_904403,sparse_grid_lshape,4,6,token,deterministic,17,128,10.2100000001045
fresh4_sparse_grid_lshape_904403,sparse_grid_lshape,4,6,token,deterministic,17,512,10.21
fresh4_sparse_grid_lshape_904403,sparse_grid_lshape,4,6,token,deterministic,23,1,13.196608925389556
fresh4_sparse_grid_lshape_904403,sparse_grid_lshape,4,6,token,deterministic,23,8,10.766468473435783
fresh4_sparse_grid_lshape_904403,sparse_grid_lshape,4,6,token,deterministic,23,32,10.212660718285413
fresh4_sparse_grid_lshape_904403,sparse_grid_lshape,4,6,token,deterministic,23,128,10.210000000004797
fresh4_sparse_grid_lshape_904403,sparse_grid_lshape,4,6,token,deterministic,23,512,10.21
fresh4_sparse_grid_lshape_904403,sparse_grid_lshape,4,6,token,deterministic,31,1,13.22987400182079
fresh4_sparse_grid_lshape_904403,sparse_grid_lshape,4,6,token,deterministic,31,8,10.832846270128833
fresh4_sparse_grid_lshape_904403,sparse_grid_lshape,4,6,token,deterministic,31,32,10.21495331028658
fresh4_sparse_grid_lshape_904403,sparse_grid_lshape,4,6,token,deterministic,31,128,10.210000000065827
fresh4_sparse_grid_lshape_904403,sparse_grid_lshape,4,6,token,deterministic,31,512,10.21
fresh4_sparse_grid_lshape_904403,sparse_grid_lshape,4,6,token,poor,11,1,18.502628199500553
fresh4_sparse_grid_lshape_904403,sparse_grid_lshape,4,6,token,poor,11,8,14.035610332034597
fresh4_sparse_grid_lshape_904403,sparse_grid_lshape,4,6,token,poor,11,32,13.016414579511725
fresh4_sparse_grid_lshape_904403,sparse_grid_lshape,4,6,token,poor,11,128,12.070869039240973
fresh4_sparse_grid_lshape_904403,sparse_grid_lshape,4,6,token,poor,11,512,10.973559785332318
fresh4_sparse_grid_lshape_904403,sparse_grid_lshape,4,6,token,poor,17,1,16.283481278059888
fresh4_sparse_grid_lshape_904403,sparse_grid_lshape,4,6,token,poor,17,8,11.391091789442246
fresh4_sparse_grid_lshape_904403,sparse_grid_lshape,4,6,token,poor,17,32,10.24762481129828
fresh4_sparse_grid_lshape_904403,sparse_grid_lshape,4,6,token,poor,17,128,10.210000081735915
fresh4_sparse_grid_lshape_904403,sparse_grid_lshape,4,6,token,poor,17,512,10.21
fresh4_sparse_grid_lshape_904403,sparse_grid_lshape,4,6,token,poor,23,1,16.273099453600906
fresh4_sparse_grid_lshape_904403,sparse_grid_lshape,4,6,token,poor,23,8,11.390973990185241
fresh4_sparse_grid_lshape_904403,sparse_grid_lshape,4,6,token,poor,23,32,10.247664358937369
fresh4_sparse_grid_lshape_904403,sparse_grid_lshape,4,6,token,poor,23,128,10.210000082240217
fresh4_sparse_grid_lshape_904403,sparse_grid_lshape,4,6,token,poor,23,512,10.21
fresh4_sparse_grid_lshape_904403,sparse_grid_lshape,4,6,token,poor,31,1,18.749786153680823
fresh4_sparse_grid_lshape_904403,sparse_grid_lshape,4,6,token,poor,31,8,13.994013467152456
fresh4_sparse_grid_lshape_904403,sparse_grid_lshape,4,6,token,poor,31,32,12.824316267493344
fresh4_sparse_grid_lshape_904403,sparse_grid_lshape,4,6,token,poor,31,128,11.674359603765593
fresh4_sparse_grid_lshape_904403,sparse_grid_lshape,4,6,token,poor,31,512,10.560460796155446
fresh4_sparse_grid_lshape_904403,sparse_grid_lshape,4,6,token,random,11,1,15.048104457737285
fresh4_sparse_grid_lshape_904403,sparse_grid_lshape,4,6,token,random,11,8,10.40284675172132
fresh4_sparse_grid_lshape_904403,sparse_grid_lshape,4,6,token,random,11,32,10.210022354011276
fresh4_sparse_grid_lshape_904403,sparse_grid_lshape,4,6,token,random,11,128,10.21
fresh4_sparse_grid_lshape_904403,sparse_grid_lshape,4,6,token,random,11,512,10.21
fresh4_sparse_grid_lshape_904403,sparse_grid_lshape,4,6,token,random,17,1,14.8070594659437
fresh4_sparse_grid_lshape_904403,sparse_grid_lshape,4,6,token,random,17,8,10.345084172803999
fresh4_sparse_grid_lshape_904403,sparse_grid_lshape,4,6,token,random,17,32,10.210005456746806
fresh4_sparse_grid_lshape_904403,sparse_grid_lshape,4,6,token,random,17,128,10.21
fresh4_sparse_grid_lshape_904403,sparse_grid_lshape,4,6,token,random,17,512,10.21
fresh4_sparse_grid_lshape_904403,sparse_grid_lshape,4,6,token,random,23,1,14.676805987141089
fresh4_sparse_grid_lshape_904403,sparse_grid_lshape,4,6,token,random,23,8,10.420248235309
fresh4_sparse_grid_lshape_904403,sparse_grid_lshape,4,6,token,random,23,32,10.210033110402817
fresh4_sparse_grid_lshape_904403,sparse_grid_lshape,4,6,token,random,23,128,10.21
fresh4_sparse_grid_lshape_904403,sparse_grid_lshape,4,6,token,random,23,512,10.21
fresh4_sparse_grid_lshape_904403,sparse_grid_lshape,4,6,token,random,31,1,15.11452687287654
fresh4_sparse_grid_lshape_904403,sparse_grid_lshape,4,6,token,random,31,8,10.351170722696752
fresh4_sparse_grid_lshape_904403,sparse_grid_lshape,4,6,token,random,31,32,10.210006565925061
fresh4_sparse_grid_lshape_904403,sparse_grid_lshape,4,6,token,random,31,128,10.21
fresh4_sparse_grid_lshape_904403,sparse_grid_lshape,4,6,token,random,31,512,10.21
fresh4_sparse_grid_lshape_904403,sparse_grid_lshape,4,6,uniform_feasible,deterministic,,1,13.917833333333292
fresh4_sparse_grid_lshape_904403,sparse_grid_lshape,4,6,uniform_feasible,deterministic,,8,13.238765524661776
fresh4_sparse_grid_lshape_904403,sparse_grid_lshape,4,6,uniform_feasible,deterministic,,32,11.839053548103944
fresh4_sparse_grid_lshape_904403,sparse_grid_lshape,4,6,uniform_feasible,deterministic,,128,10.45340111857144
fresh4_sparse_grid_lshape_904403,sparse_grid_lshape,4,6,uniform_feasible,deterministic,,512,10.21036447643318
fresh4_sparse_grid_lshape_904403,sparse_grid_lshape,4,6,uniform_feasible,poor,,1,21.256666666666625
fresh4_sparse_grid_lshape_904403,sparse_grid_lshape,4,6,uniform_feasible,poor,,8,14.158795725330013
fresh4_sparse_grid_lshape_904403,sparse_grid_lshape,4,6,uniform_feasible,poor,,32,11.871769339717995
fresh4_sparse_grid_lshape_904403,sparse_grid_lshape,4,6,uniform_feasible,poor,,128,10.45340361515568
fresh4_sparse_grid_lshape_904403,sparse_grid_lshape,4,6,uniform_feasible,poor,,512,10.210364476433178
fresh4_sparse_grid_lshape_904403,sparse_grid_lshape,4,6,uniform_feasible,random,,1,20.451333333333306
fresh4_sparse_grid_lshape_904403,sparse_grid_lshape,4,6,uniform_feasible,random,,8,14.15879257250151
fresh4_sparse_grid_lshape_904403,sparse_grid_lshape,4,6,uniform_feasible,random,,32,11.871769339717995
fresh4_sparse_grid_lshape_904403,sparse_grid_lshape,4,6,uniform_feasible,random,,128,10.45340361515568
fresh4_sparse_grid_lshape_904403,sparse_grid_lshape,4,6,uniform_feasible,random,,512,10.210364476433178
fresh4_sparse_grid_lshape_904404,sparse_grid_lshape,4,6,greedy,deterministic,,1,35.599999999999994
fresh4_sparse_grid_lshape_904404,sparse_grid_lshape,4,6,greedy,deterministic,,8,31.32
fresh4_sparse_grid_lshape_904404,sparse_grid_lshape,4,6,greedy,deterministic,,32,31.32
fresh4_sparse_grid_lshape_904404,sparse_grid_lshape,4,6,greedy,deterministic,,128,31.32
fresh4_sparse_grid_lshape_904404,sparse_grid_lshape,4,6,greedy,deterministic,,512,31.32
fresh4_sparse_grid_lshape_904404,sparse_grid_lshape,4,6,greedy,poor,,1,67.66
fresh4_sparse_grid_lshape_904404,sparse_grid_lshape,4,6,greedy,poor,,8,51.18
fresh4_sparse_grid_lshape_904404,sparse_grid_lshape,4,6,greedy,poor,,32,31.32
fresh4_sparse_grid_lshape_904404,sparse_grid_lshape,4,6,greedy,poor,,128,31.32
fresh4_sparse_grid_lshape_904404,sparse_grid_lshape,4,6,greedy,poor,,512,31.32
fresh4_sparse_grid_lshape_904404,sparse_grid_lshape,4,6,greedy,random,,1,35.599999999999994
fresh4_sparse_grid_lshape_904404,sparse_grid_lshape,4,6,greedy,random,,8,31.32
fresh4_sparse_grid_lshape_904404,sparse_grid_lshape,4,6,greedy,random,,32,31.32
fresh4_sparse_grid_lshape_904404,sparse_grid_lshape,4,6,greedy,random,,128,31.32
fresh4_sparse_grid_lshape_904404,sparse_grid_lshape,4,6,greedy,random,,512,31.32
fresh4_sparse_grid_lshape_904404,sparse_grid_lshape,4,6,penalty_row_xy,deterministic,11,1,35.39624642502843
fresh4_sparse_grid_lshape_904404,sparse_grid_lshape,4,6,penalty_row_xy,deterministic,11,8,34.412228677598584
fresh4_sparse_grid_lshape_904404,sparse_grid_lshape,4,6,penalty_row_xy,deterministic,11,32,33.22016739662502
fresh4_sparse_grid_lshape_904404,sparse_grid_lshape,4,6,penalty_row_xy,deterministic,11,128,32.130596574911564
fresh4_sparse_grid_lshape_904404,sparse_grid_lshape,4,6,penalty_row_xy,deterministic,11,512,31.38413292071188
fresh4_sparse_grid_lshape_904404,sparse_grid_lshape,4,6,penalty_row_xy,deterministic,17,1,35.40689396983407
fresh4_sparse_grid_lshape_904404,sparse_grid_lshape,4,6,penalty_row_xy,deterministic,17,8,34.43338890213504
fresh4_sparse_grid_lshape_904404,sparse_grid_lshape,4,6,penalty_row_xy,deterministic,17,32,33.20383206534758
fresh4_sparse_grid_lshape_904404,sparse_grid_lshape,4,6,penalty_row_xy,deterministic,17,128,32.48277189945264
fresh4_sparse_grid_lshape_904404,sparse_grid_lshape,4,6,penalty_row_xy,deterministic,17,512,31.821927463280403
fresh4_sparse_grid_lshape_904404,sparse_grid_lshape,4,6,penalty_row_xy,deterministic,23,1,35.40854821201734
fresh4_sparse_grid_lshape_904404,sparse_grid_lshape,4,6,penalty_row_xy,deterministic,23,8,34.44077207015327
fresh4_sparse_grid_lshape_904404,sparse_grid_lshape,4,6,penalty_row_xy,deterministic,23,32,33.20653363474926
fresh4_sparse_grid_lshape_904404,sparse_grid_lshape,4,6,penalty_row_xy,deterministic,23,128,32.460535731246885
fresh4_sparse_grid_lshape_904404,sparse_grid_lshape,4,6,penalty_row_xy,deterministic,23,512,31.783070539264088
fresh4_sparse_grid_lshape_904404,sparse_grid_lshape,4,6,penalty_row_xy,deterministic,31,1,35.510357213377965
fresh4_sparse_grid_lshape_904404,sparse_grid_lshape,4,6,penalty_row_xy,deterministic,31,8,34.96428071787841
fresh4_sparse_grid_lshape_904404,sparse_grid_lshape,4,6,penalty_row_xy,deterministic,31,32,33.809128147557786
fresh4_sparse_grid_lshape_904404,sparse_grid_lshape,4,6,penalty_row_xy,deterministic,31,128,32.407731690196655
fresh4_sparse_grid_lshape_904404,sparse_grid_lshape,4,6,penalty_row_xy,deterministic,31,512,31.46061817047282
fresh4_sparse_grid_lshape_904404,sparse_grid_lshape,4,6,penalty_row_xy,poor,11,1,58.422862083651786
fresh4_sparse_grid_lshape_904404,sparse_grid_lshape,4,6,penalty_row_xy,poor,11,8,37.089643407982464
fresh4_sparse_grid_lshape_904404,sparse_grid_lshape,4,6,penalty_row_xy,poor,11,32,31.953422858034582
fresh4_sparse_grid_lshape_904404,sparse_grid_lshape,4,6,penalty_row_xy,poor,11,128,31.32314313093627
fresh4_sparse_grid_lshape_904404,sparse_grid_lshape,4,6,penalty_row_xy,poor,11,512,31.320000000008083
fresh4_sparse_grid_lshape_904404,sparse_grid_lshape,4,6,penalty_row_xy,poor,17,1,58.83770513450245
fresh4_sparse_grid_lshape_904404,sparse_grid_lshape,4,6,penalty_row_xy,poor,17,8,37.379973331811364
fresh4_sparse_grid_lshape_904404,sparse_grid_lshape,4,6,penalty_row_xy,poor,17,32,31.974142641263327
fresh4_sparse_grid_lshape_904404,sparse_grid_lshape,4,6,penalty_row_xy,poor,17,128,31.326632924982242
fresh4_sparse_grid_lshape_904404,sparse_grid_lshape,4,6,penalty_row_xy,poor,17,512,31.320000000500066
fresh4_sparse_grid_lshape_904404,sparse_grid_lshape,4,6,penalty_row_xy,poor,23,1,57.4626497350999
fresh4_sparse_grid_lshape_904404,sparse_grid_lshape,4,6,penalty_row_xy,poor,23,8,36.63994829317587
fresh4_sparse_grid_lshape_904404,sparse_grid_lshape,4,6,penalty_row_xy,poor,23,32,32.29267893022343
fresh4_sparse_grid_lshape_904404,sparse_grid_lshape,4,6,penalty_row_xy,poor,23,128,31.343440276758592
fresh4_sparse_grid_lshape_904404,sparse_grid_lshape,4,6,penalty_row_xy,poor,23,512,31.32000002961726
fresh4_sparse_grid_lshape_904404,sparse_grid_lshape,4,6,penalty_row_xy,poor,31,1,58.05572286858456
fresh4_sparse_grid_lshape_904404,sparse_grid_lshape,4,6,penalty_row_xy,poor,31,8,36.763263879749445
fresh4_sparse_grid_lshape_904404,sparse_grid_lshape,4,6,penalty_row_xy,poor,31,32,31.822521864171694
fresh4_sparse_grid_lshape_904404,sparse_grid_lshape,4,6,penalty_row_xy,poor,31,128,31.32112061333343
fresh4_sparse_grid_lshape_904404,sparse_grid_lshape,4,6,penalty_row_xy,poor,31,512,31.32000000000009
fresh4_sparse_grid_lshape_904404,sparse_grid_lshape,4,6,penalty_row_xy,random,11,1,35.423441003394984
fresh4_sparse_grid_lshape_904404,sparse_grid_lshape,4,6,penalty_row_xy,random,11,8,34.41000905189016
fresh4_sparse_grid_lshape_904404,sparse_grid_lshape,4,6,penalty_row_xy,random,11,32,32.637585526441285
fresh4_sparse_grid_lshape_904404,sparse_grid_lshape,4,6,penalty_row_xy,random,11,128,31.408891883673487
fresh4_sparse_grid_lshape_904404,sparse_grid_lshape,4,6,penalty_row_xy,random,11,512,31.320005437948957
fresh4_sparse_grid_lshape_904404,sparse_grid_lshape,4,6,penalty_row_xy,random,17,1,35.51141260072922
fresh4_sparse_grid_lshape_904404,sparse_grid_lshape,4,6,penalty_row_xy,random,17,8,34.96337618203141
fresh4_sparse_grid_lshape_904404,sparse_grid_lshape,4,6,penalty_row_xy,random,17,32,33.7373021684987
fresh4_sparse_grid_lshape_904404,sparse_grid_lshape,4,6,penalty_row_xy,random,17,128,32.09834545331989
fresh4_sparse_grid_lshape_904404,sparse_grid_lshape,4,6,penalty_row_xy,random,17,512,31.344282491329583
fresh4_sparse_grid_lshape_904404,sparse_grid_lshape,4,6,penalty_row_xy,random,23,1,35.51126782712437
fresh4_sparse_grid_lshape_904404,sparse_grid_lshape,4,6,penalty_row_xy,random,23,8,34.962720128520544
fresh4_sparse_grid_lshape_904404,sparse_grid_lshape,4,6,penalty_row_xy,random,23,32,33.73786266244882
fresh4_sparse_grid_lshape_904404,sparse_grid_lshape,4,6,penalty_row_xy,random,23,128,32.101883561193354
fresh4_sparse_grid_lshape_904404,sparse_grid_lshape,4,6,penalty_row_xy,random,23,512,31.344664455421054
fresh4_sparse_grid_lshape_904404,sparse_grid_lshape,4,6,penalty_row_xy,random,31,1,35.5110811103838
fresh4_sparse_grid_lshape_904404,sparse_grid_lshape,4,6,penalty_row_xy,random,31,8,34.96145926384374
fresh4_sparse_grid_lshape_904404,sparse_grid_lshape,4,6,penalty_row_xy,random,31,32,33.7348309017194
fresh4_sparse_grid_lshape_904404,sparse_grid_lshape,4,6,penalty_row_xy,random,31,128,32.09890721011322
fresh4_sparse_grid_lshape_904404,sparse_grid_lshape,4,6,penalty_row_xy,random,31,512,31.344345942228156
fresh4_sparse_grid_lshape_904404,sparse_grid_lshape,4,6,token,deterministic,11,1,34.84758836644188
fresh4_sparse_grid_lshape_904404,sparse_grid_lshape,4,6,token,deterministic,11,8,33.69357736842098
fresh4_sparse_grid_lshape_904404,sparse_grid_lshape,4,6,token,deterministic,11,32,33.338641794240715
fresh4_sparse_grid_lshape_904404,sparse_grid_lshape,4,6,token,deterministic,11,128,32.778972587147344
fresh4_sparse_grid_lshape_904404,sparse_grid_lshape,4,6,token,deterministic,11,512,31.88592973711925
fresh4_sparse_grid_lshape_904404,sparse_grid_lshape,4,6,token,deterministic,17,1,34.87720487901712
fresh4_sparse_grid_lshape_904404,sparse_grid_lshape,4,6,token,deterministic,17,8,33.720957332214596
fresh4_sparse_grid_lshape_904404,sparse_grid_lshape,4,6,token,deterministic,17,32,33.45866816724901
fresh4_sparse_grid_lshape_904404,sparse_grid_lshape,4,6,token,deterministic,17,128,33.21109669475219
fresh4_sparse_grid_lshape_904404,sparse_grid_lshape,4,6,token,deterministic,17,512,32.60749002312533
fresh4_sparse_grid_lshape_904404,sparse_grid_lshape,4,6,token,deterministic,23,1,34.91939767968441
fresh4_sparse_grid_lshape_904404,sparse_grid_lshape,4,6,token,deterministic,23,8,33.38064483565256
fresh4_sparse_grid_lshape_904404,sparse_grid_lshape,4,6,token,deterministic,23,32,32.51623453739896
fresh4_sparse_grid_lshape_904404,sparse_grid_lshape,4,6,token,deterministic,23,128,31.548657100220353
fresh4_sparse_grid_lshape_904404,sparse_grid_lshape,4,6,token,deterministic,23,512,31.32054318439152
fresh4_sparse_grid_lshape_904404,sparse_grid_lshape,4,6,token,deterministic,31,1,34.3870650360035
fresh4_sparse_grid_lshape_904404,sparse_grid_lshape,4,6,token,deterministic,31,8,31.65042445908906
fresh4_sparse_grid_lshape_904404,sparse_grid_lshape,4,6,token,deterministic,31,32,31.3203967456776
fresh4_sparse_grid_lshape_904404,sparse_grid_lshape,4,6,token,deterministic,31,128,31.320000000000007
fresh4_sparse_grid_lshape_904404,sparse_grid_lshape,4,6,token,deterministic,31,512,31.32
fresh4_sparse_grid_lshape_904404,sparse_grid_lshape,4,6,token,poor,11,1,46.15110506123207
fresh4_sparse_grid_lshape_904404,sparse_grid_lshape,4,6,token,poor,11,8,34.99769588998761
fresh4_sparse_grid_lshape_904404,sparse_grid_lshape,4,6,token,poor,11,32,33.09816492109455
fresh4_sparse_grid_lshape_904404,sparse_grid_lshape,4,6,token,poor,11,128,32.30773178174207
fresh4_sparse_grid_lshape_904404,sparse_grid_lshape,4,6,token,poor,11,512,31.521770837478563
fresh4_sparse_grid_lshape_904404,sparse_grid_lshape,4,6,token,poor,17,1,44.68382138469396
fresh4_sparse_grid_lshape_904404,sparse_grid_lshape,4,6,token,poor,17,8,32.96816880813139
fresh4_sparse_grid_lshape_904404,sparse_grid_lshape,4,6,token,poor,17,32,31.369175288684254
fresh4_sparse_grid_lshape_904404,sparse_grid_lshape,4,6,token,poor,17,128,31.32000092709892
fresh4_sparse_grid_lshape_904404,sparse_grid_lshape,4,6,token,poor,17,512,31.32
fresh4_sparse_grid_lshape_904404,sparse_grid_lshape,4,6,token,poor,23,1,46.74726081364058
fresh4_sparse_grid_lshape_904404,sparse_grid_lshape,4,6,token,poor,23,8,34.60071312688816
fresh4_sparse_grid_lshape_904404,sparse_grid_lshape,4,6,token,poor,23,32,32.25682460198543
fresh4_sparse_grid_lshape_904404,sparse_grid_lshape,4,6,token,poor,23,128,31.376079301890577
fresh4_sparse_grid_lshape_904404,sparse_grid_lshape,4,6,token,poor,23,512,31.320002039163843
fresh4_sparse_grid_lshape_904404,sparse_grid_lshape,4,6,token,poor,31,1,45.36755765662897
fresh4_sparse_grid_lshape_904404,sparse_grid_lshape,4,6,token,poor,31,8,35.159090028023236
fresh4_sparse_grid_lshape_904404,sparse_grid_lshape,4,6,token,poor,31,32,33.5336674484259
fresh4_sparse_grid_lshape_904404,sparse_grid_lshape,4,6,token,poor,31,128,33.41653931696773
fresh4_sparse_grid_lshape_904404,sparse_grid_lshape,4,6,token,poor,31,512,33.23715122730172
fresh4_sparse_grid_lshape_904404,sparse_grid_lshape,4,6,token,random,11,1,34.81694528219557
fresh4_sparse_grid_lshape_904404,sparse_grid_lshape,4,6,token,random,11,8,32.95994052256078
fresh4_sparse_grid_lshape_904404,sparse_grid_lshape,4,6,token,random,11,32,31.857739759144835
fresh4_sparse_grid_lshape_904404,sparse_grid_lshape,4,6,token,random,11,128,31.334008366450583
fresh4_sparse_grid_lshape_904404,sparse_grid_lshape,4,6,token,random,11,512,31.320000010733036
fresh4_sparse_grid_lshape_904404,sparse_grid_lshape,4,6,token,random,17,1,34.83125646838555
fresh4_sparse_grid_lshape_904404,sparse_grid_lshape,4,6,token,random,17,8,32.87453734751668
fresh4_sparse_grid_lshape_904404,sparse_grid_lshape,4,6,token,random,17,32,31.718242655631006
fresh4_sparse_grid_lshape_904404,sparse_grid_lshape,4,6,token,random,17,128,31.324942106231347
fresh4_sparse_grid_lshape_904404,sparse_grid_lshape,4,6,token,random,17,512,31.32000000016953
fresh4_sparse_grid_lshape_904404,sparse_grid_lshape,4,6,token,random,23,1,34.83007323721226
fresh4_sparse_grid_lshape_904404,sparse_grid_lshape,4,6,token,random,23,8,32.88537477123004
fresh4_sparse_grid_lshape_904404,sparse_grid_lshape,4,6,token,random,23,32,31.737751165912535
fresh4_sparse_grid_lshape_904404,sparse_grid_lshape,4,6,token,random,23,128,31.326088113556626
fresh4_sparse_grid_lshape_904404,sparse_grid_lshape,4,6,token,random,23,512,31.320000000390493
fresh4_sparse_grid_lshape_904404,sparse_grid_lshape,4,6,token,random,31,1,34.83056749865768
fresh4_sparse_grid_lshape_904404,sparse_grid_lshape,4,6,token,random,31,8,32.87449617284685
fresh4_sparse_grid_lshape_904404,sparse_grid_lshape,4,6,token,random,31,32,31.718723446592705
fresh4_sparse_grid_lshape_904404,sparse_grid_lshape,4,6,token,random,31,128,31.32497074184327
fresh4_sparse_grid_lshape_904404,sparse_grid_lshape,4,6,token,random,31,512,31.3200000001735
fresh4_sparse_grid_lshape_904404,sparse_grid_lshape,4,6,uniform_feasible,deterministic,,1,35.3519999999999
fresh4_sparse_grid_lshape_904404,sparse_grid_lshape,4,6,uniform_feasible,deterministic,,8,34.117943087451934
fresh4_sparse_grid_lshape_904404,sparse_grid_lshape,4,6,uniform_feasible,deterministic,,32,32.56115183141414
fresh4_sparse_grid_lshape_904404,sparse_grid_lshape,4,6,uniform_feasible,deterministic,,128,31.50560077651283
fresh4_sparse_grid_lshape_904404,sparse_grid_lshape,4,6,uniform_feasible,deterministic,,512,31.32027839553221
fresh4_sparse_grid_lshape_904404,sparse_grid_lshape,4,6,uniform_feasible,poor,,1,48.649999999999906
fresh4_sparse_grid_lshape_904404,sparse_grid_lshape,4,6,uniform_feasible,poor,,8,35.56428224793479
fresh4_sparse_grid_lshape_904404,sparse_grid_lshape,4,6,uniform_feasible,poor,,32,32.57138778416395
fresh4_sparse_grid_lshape_904404,sparse_grid_lshape,4,6,uniform_feasible,poor,,128,31.50560077735409
fresh4_sparse_grid_lshape_904404,sparse_grid_lshape,4,6,uniform_feasible,poor,,512,31.32027839553221
fresh4_sparse_grid_lshape_904404,sparse_grid_lshape,4,6,uniform_feasible,random,,1,35.3519999999999
fresh4_sparse_grid_lshape_904404,sparse_grid_lshape,4,6,uniform_feasible,random,,8,34.117943087451934
fresh4_sparse_grid_lshape_904404,sparse_grid_lshape,4,6,uniform_feasible,random,,32,32.56115183141414
fresh4_sparse_grid_lshape_904404,sparse_grid_lshape,4,6,uniform_feasible,random,,128,31.50560077651283
fresh4_sparse_grid_lshape_904404,sparse_grid_lshape,4,6,uniform_feasible,random,,512,31.32027839553221
fresh4_sparse_grid_lshape_904405,sparse_grid_lshape,4,6,greedy,deterministic,,1,14.72
fresh4_sparse_grid_lshape_904405,sparse_grid_lshape,4,6,greedy,deterministic,,8,10.39
fresh4_sparse_grid_lshape_904405,sparse_grid_lshape,4,6,greedy,deterministic,,32,10.39
fresh4_sparse_grid_lshape_904405,sparse_grid_lshape,4,6,greedy,deterministic,,128,10.39
fresh4_sparse_grid_lshape_904405,sparse_grid_lshape,4,6,greedy,deterministic,,512,10.39
fresh4_sparse_grid_lshape_904405,sparse_grid_lshape,4,6,greedy,poor,,1,45.89
fresh4_sparse_grid_lshape_904405,sparse_grid_lshape,4,6,greedy,poor,,8,20.66
fresh4_sparse_grid_lshape_904405,sparse_grid_lshape,4,6,greedy,poor,,32,10.39
fresh4_sparse_grid_lshape_904405,sparse_grid_lshape,4,6,greedy,poor,,128,10.39
fresh4_sparse_grid_lshape_904405,sparse_grid_lshape,4,6,greedy,poor,,512,10.39
fresh4_sparse_grid_lshape_904405,sparse_grid_lshape,4,6,greedy,random,,1,14.35
fresh4_sparse_grid_lshape_904405,sparse_grid_lshape,4,6,greedy,random,,8,14.35
fresh4_sparse_grid_lshape_904405,sparse_grid_lshape,4,6,greedy,random,,32,10.39
fresh4_sparse_grid_lshape_904405,sparse_grid_lshape,4,6,greedy,random,,128,10.39
fresh4_sparse_grid_lshape_904405,sparse_grid_lshape,4,6,greedy,random,,512,10.39
fresh4_sparse_grid_lshape_904405,sparse_grid_lshape,4,6,penalty_row_xy,deterministic,11,1,14.569970751425018
fresh4_sparse_grid_lshape_904405,sparse_grid_lshape,4,6,penalty_row_xy,deterministic,11,8,13.659408769157324
fresh4_sparse_grid_lshape_904405,sparse_grid_lshape,4,6,penalty_row_xy,deterministic,11,32,11.815633202386614
fresh4_sparse_grid_lshape_904405,sparse_grid_lshape,4,6,penalty_row_xy,deterministic,11,128,10.44628387948112
fresh4_sparse_grid_lshape_904405,sparse_grid_lshape,4,6,penalty_row_xy,deterministic,11,512,10.390000159749802
fresh4_sparse_grid_lshape_904405,sparse_grid_lshape,4,6,penalty_row_xy,deterministic,17,1,14.708803855818092
fresh4_sparse_grid_lshape_904405,sparse_grid_lshape,4,6,penalty_row_xy,deterministic,17,8,14.631653813171567
fresh4_sparse_grid_lshape_904405,sparse_grid_lshape,4,6,penalty_row_xy,deterministic,17,32,14.382406702067465
fresh4_sparse_grid_lshape_904405,sparse_grid_lshape,4,6,penalty_row_xy,deterministic,17,128,13.573558899875355
fresh4_sparse_grid_lshape_904405,sparse_grid_lshape,4,6,penalty_row_xy,deterministic,17,512,11.85540811670653
fresh4_sparse_grid_lshape_904405,sparse_grid_lshape,4,6,penalty_row_xy,deterministic,23,1,14.706347889807411
fresh4_sparse_grid_lshape_904405,sparse_grid_lshape,4,6,penalty_row_xy,deterministic,23,8,14.6120416255761
fresh4_sparse_grid_lshape_904405,sparse_grid_lshape,4,6,penalty_row_xy,deterministic,23,32,14.304806759542366
fresh4_sparse_grid_lshape_904405,sparse_grid_lshape,4,6,penalty_row_xy,deterministic,23,128,13.291429482626175
fresh4_sparse_grid_lshape_904405,sparse_grid_lshape,4,6,penalty_row_xy,deterministic,23,512,11.291922106203122
fresh4_sparse_grid_lshape_904405,sparse_grid_lshape,4,6,penalty_row_xy,deterministic,31,1,14.642911973304846
fresh4_sparse_grid_lshape_904405,sparse_grid_lshape,4,6,penalty_row_xy,deterministic,31,8,14.142055610095007
fresh4_sparse_grid_lshape_904405,sparse_grid_lshape,4,6,penalty_row_xy,deterministic,31,32,12.844592768220902
fresh4_sparse_grid_lshape_904405,sparse_grid_lshape,4,6,penalty_row_xy,deterministic,31,128,10.863584593818658
fresh4_sparse_grid_lshape_904405,sparse_grid_lshape,4,6,penalty_row_xy,deterministic,31,512,10.39082990562997
fresh4_sparse_grid_lshape_904405,sparse_grid_lshape,4,6,penalty_row_xy,poor,11,1,36.474643167132314
fresh4_sparse_grid_lshape_904405,sparse_grid_lshape,4,6,penalty_row_xy,poor,11,8,16.550302003464115
fresh4_sparse_grid_lshape_904405,sparse_grid_lshape,4,6,penalty_row_xy,poor,11,32,12.596124562365222
fresh4_sparse_grid_lshape_904405,sparse_grid_lshape,4,6,penalty_row_xy,poor,11,128,10.993859580026035
fresh4_sparse_grid_lshape_904405,sparse_grid_lshape,4,6,penalty_row_xy,poor,11,512,10.403719773052755
fresh4_sparse_grid_lshape_904405,sparse_grid_lshape,4,6,penalty_row_xy,poor,17,1,36.92673228647211
fresh4_sparse_grid_lshape_904405,sparse_grid_lshape,4,6,penalty_row_xy,poor,17,8,17.03279596367213
fresh4_sparse_grid_lshape_904405,sparse_grid_lshape,4,6,penalty_row_xy,poor,17,32,12.613718798008522
fresh4_sparse_grid_lshape_904405,sparse_grid_lshape,4,6,penalty_row_xy,poor,17,128,10.954403527854131
fresh4_sparse_grid_lshape_904405,sparse_grid_lshape,4,6,penalty_row_xy,poor,17,512,10.400465550863117
fresh4_sparse_grid_lshape_904405,sparse_grid_lshape,4,6,penalty_row_xy,poor,23,1,36.49583962978841
fresh4_sparse_grid_lshape_904405,sparse_grid_lshape,4,6,penalty_row_xy,poor,23,8,16.562327364926823
fresh4_sparse_grid_lshape_904405,sparse_grid_lshape,4,6,penalty_row_xy,poor,23,32,12.594804443342829
fresh4_sparse_grid_lshape_904405,sparse_grid_lshape,4,6,penalty_row_xy,poor,23,128,10.984840306261857
fresh4_sparse_grid_lshape_904405,sparse_grid_lshape,4,6,penalty_row_xy,poor,23,512,10.402790225996315
fresh4_sparse_grid_lshape_904405,sparse_grid_lshape,4,6,penalty_row_xy,poor,31,1,36.49894802549872
fresh4_sparse_grid_lshape_904405,sparse_grid_lshape,4,6,penalty_row_xy,poor,31,8,16.50913892831785
fresh4_sparse_grid_lshape_904405,sparse_grid_lshape,4,6,penalty_row_xy,poor,31,32,12.297822229254319
fresh4_sparse_grid_lshape_904405,sparse_grid_lshape,4,6,penalty_row_xy,poor,31,128,10.592800027277299
fresh4_sparse_grid_lshape_904405,sparse_grid_lshape,4,6,penalty_row_xy,poor,31,512,10.39004723994953
fresh4_sparse_grid_lshape_904405,sparse_grid_lshape,4,6,penalty_row_xy,random,11,1,14.301561292491144
fresh4_sparse_grid_lshape_904405,sparse_grid_lshape,4,6,penalty_row_xy,random,11,8,13.978921989976943
fresh4_sparse_grid_lshape_904405,sparse_grid_lshape,4,6,penalty_row_xy,random,11,32,13.064057773049964
fresh4_sparse_grid_lshape_904405,sparse_grid_lshape,4,6,penalty_row_xy,random,11,128,11.22550832039929
fresh4_sparse_grid_lshape_904405,sparse_grid_lshape,4,6,penalty_row_xy,random,11,512,10.39966376009217
fresh4_sparse_grid_lshape_904405,sparse_grid_lshape,4,6,penalty_row_xy,random,17,1,13.437203306912641
fresh4_sparse_grid_lshape_904405,sparse_grid_lshape,4,6,penalty_row_xy,random,17,8,10.933988534003738
fresh4_sparse_grid_lshape_904405,sparse_grid_lshape,4,6,penalty_row_xy,random,17,32,10.393389358918276
fresh4_sparse_grid_lshape_904405,sparse_grid_lshape,4,6,penalty_row_xy,random,17,128,10.39000000001595
fresh4_sparse_grid_lshape_904405,sparse_grid_lshape,4,6,penalty_row_xy,random,17,512,10.39
fresh4_sparse_grid_lshape_904405,sparse_grid_lshape,4,6,penalty_row_xy,random,23,1,13.615068699595856
fresh4_sparse_grid_lshape_904405,sparse_grid_lshape,4,6,penalty_row_xy,random,23,8,11.291339108483875
fresh4_sparse_grid_lshape_904405,sparse_grid_lshape,4,6,penalty_row_xy,random,23,32,10.421565757352058
fresh4_sparse_grid_lshape_904405,sparse_grid_lshape,4,6,penalty_row_xy,random,23,128,10.390000124662839
fresh4_sparse_grid_lshape_904405,sparse_grid_lshape,4,6,penalty_row_xy,random,23,512,10.39
fresh4_sparse_grid_lshape_904405,sparse_grid_lshape,4,6,penalty_row_xy,random,31,1,14.302164373604977
fresh4_sparse_grid_lshape_904405,sparse_grid_lshape,4,6,penalty_row_xy,random,31,8,13.983353578424234
fresh4_sparse_grid_lshape_904405,sparse_grid_lshape,4,6,penalty_row_xy,random,31,32,13.07731558108204
fresh4_sparse_grid_lshape_904405,sparse_grid_lshape,4,6,penalty_row_xy,random,31,128,11.24232964896002
fresh4_sparse_grid_lshape_904405,sparse_grid_lshape,4,6,penalty_row_xy,random,31,512,10.400485809472936
fresh4_sparse_grid_lshape_904405,sparse_grid_lshape,4,6,token,deterministic,11,1,13.872545245318886
fresh4_sparse_grid_lshape_904405,sparse_grid_lshape,4,6,token,deterministic,11,8,11.184634070996152
fresh4_sparse_grid_lshape_904405,sparse_grid_lshape,4,6,token,deterministic,11,32,10.395893921217985
fresh4_sparse_grid_lshape_904405,sparse_grid_lshape,4,6,token,deterministic,11,128,10.39000000001941
fresh4_sparse_grid_lshape_904405,sparse_grid_lshape,4,6,token,deterministic,11,512,10.39
fresh4_sparse_grid_lshape_904405,sparse_grid_lshape,4,6,token,deterministic,17,1,13.872620257246624
fresh4_sparse_grid_lshape_904405,sparse_grid_lshape,4,6,token,deterministic,17,8,11.184610647621804
fresh4_sparse_grid_lshape_904405,sparse_grid_lshape,4,6,token,deterministic,17,32,10.395891265709066
fresh4_sparse_grid_lshape_904405,sparse_grid_lshape,4,6,token,deterministic,17,128,10.390000000019379
fresh4_sparse_grid_lshape_904405,sparse_grid_lshape,4,6,token,deterministic,17,512,10.39
fresh4_sparse_grid_lshape_904405,sparse_grid_lshape,4,6,token,deterministic,23,1,13.872706074351404
fresh4_sparse_grid_lshape_904405,sparse_grid_lshape,4,6,token,deterministic,23,8,11.184658010203446
fresh4_sparse_grid_lshape_904405,sparse_grid_lshape,4,6,token,deterministic,23,32,10.395891328983335
fresh4_sparse_grid_lshape_904405,sparse_grid_lshape,4,6,token,deterministic,23,128,10.390000000019379
fresh4_sparse_grid_lshape_904405,sparse_grid_lshape,4,6,token,deterministic,23,512,10.39
fresh4_sparse_grid_lshape_904405,sparse_grid_lshape,4,6,token,deterministic,31,1,13.872793703364426
fresh4_sparse_grid_lshape_904405,sparse_grid_lshape,4,6,token,deterministic,31,8,11.184683889672062
fresh4_sparse_grid_lshape_904405,sparse_grid_lshape,4,6,token,deterministic,31,32,10.395890445082003
fresh4_sparse_grid_lshape_904405,sparse_grid_lshape,4,6,token,deterministic,31,128,10.390000000019366
fresh4_sparse_grid_lshape_904405,sparse_grid_lshape,4,6,token,deterministic,31,512,10.39
fresh4_sparse_grid_lshape_904405,sparse_grid_lshape,4,6,token,poor,11,1,17.651114147948
fresh4_sparse_grid_lshape_904405,sparse_grid_lshape,4,6,token,poor,11,8,10.992543790080772
fresh4_sparse_grid_lshape_904405,sparse_grid_lshape,4,6,token,poor,11,32,10.390228822519408
fresh4_sparse_grid_lshape_904405,sparse_grid_lshape,4,6,token,poor,11,128,10.39
fresh4_sparse_grid_lshape_904405,sparse_grid_lshape,4,6,token,poor,11,512,10.39
fresh4_sparse_grid_lshape_904405,sparse_grid_lshape,4,6,token,poor,17,1,18.286987485455807
fresh4_sparse_grid_lshape_904405,sparse_grid_lshape,4,6,token,poor,17,8,12.024517184303573
fresh4_sparse_grid_lshape_904405,sparse_grid_lshape,4,6,token,poor,17,32,10.4468369365279
fresh4_sparse_grid_lshape_904405,sparse_grid_lshape,4,6,token,poor,17,128,10.390000129278778
fresh4_sparse_grid_lshape_904405,sparse_grid_lshape,4,6,token,poor,17,512,10.39
fresh4_sparse_grid_lshape_904405,sparse_grid_lshape,4,6,token,poor,23,1,17.333042506785244
fresh4_sparse_grid_lshape_904405,sparse_grid_lshape,4,6,token,poor,23,8,10.780500113755371
fresh4_sparse_grid_lshape_904405,sparse_grid_lshape,4,6,token,poor,23,32,10.390087416021942
fresh4_sparse_grid_lshape_904405,sparse_grid_lshape,4,6,token,poor,23,128,10.39
fresh4_sparse_grid_lshape_904405,sparse_grid_lshape,4,6,token,poor,23,512,10.39
fresh4_sparse_grid_lshape_904405,sparse_grid_lshape,4,6,token,poor,31,1,18.24924605943433
fresh4_sparse_grid_lshape_904405,sparse_grid_lshape,4,6,token,poor,31,8,12.021826977567462
fresh4_sparse_grid_lshape_904405,sparse_grid_lshape,4,6,token,poor,31,32,10.44792077795866
fresh4_sparse_grid_lshape_904405,sparse_grid_lshape,4,6,token,poor,31,128,10.390000139404776
fresh4_sparse_grid_lshape_904405,sparse_grid_lshape,4,6,token,poor,31,512,10.39
fresh4_sparse_grid_lshape_904405,sparse_grid_lshape,4,6,token,random,11,1,14.348017069604712
fresh4_sparse_grid_lshape_904405,sparse_grid_lshape,4,6,token,random,11,8,14.334173192126233
fresh4_sparse_grid_lshape_904405,sparse_grid_lshape,4,6,token,random,11,32,14.28719135635388
fresh4_sparse_grid_lshape_904405,sparse_grid_lshape,4,6,token,random,11,128,14.106510787042335
fresh4_sparse_grid_lshape_904405,sparse_grid_lshape,4,6,token,random,11,512,13.486462831096574
fresh4_sparse_grid_lshape_904405,sparse_grid_lshape,4,6,token,random,17,1,14.327106021999166
fresh4_sparse_grid_lshape_904405,sparse_grid_lshape,4,6,token,random,17,8,14.170535235628941
fresh4_sparse_grid_lshape_904405,sparse_grid_lshape,4,6,token,random,17,32,13.679764321946505
fresh4_sparse_grid_lshape_904405,sparse_grid_lshape,4,6,token,random,17,128,12.278722164861101
fresh4_sparse_grid_lshape_904405,sparse_grid_lshape,4,6,token,random,17,512,10.599404667068663
fresh4_sparse_grid_lshape_904405,sparse_grid_lshape,4,6,token,random,23,1,14.34747698564018
fresh4_sparse_grid_lshape_904405,sparse_grid_lshape,4,6,token,random,23,8,14.329866620455022
fresh4_sparse_grid_lshape_904405,sparse_grid_lshape,4,6,token,random,23,32,14.270156684643924
fresh4_sparse_grid_lshape_904405,sparse_grid_lshape,4,6,token,random,23,128,14.041332266789643
fresh4_sparse_grid_lshape_904405,sparse_grid_lshape,4,6,token,random,23,512,13.267076032289753
fresh4_sparse_grid_lshape_904405,sparse_grid_lshape,4,6,token,random,31,1,14.348034379150768
fresh4_sparse_grid_lshape_904405,sparse_grid_lshape,4,6,token,random,31,8,14.334309017608497
fresh4_sparse_grid_lshape_904405,sparse_grid_lshape,4,6,token,random,31,32,14.287698825075317
fresh4_sparse_grid_lshape_904405,sparse_grid_lshape,4,6,token,random,31,128,14.107998569289128
fresh4_sparse_grid_lshape_904405,sparse_grid_lshape,4,6,token,random,31,512,13.485490957016037
fresh4_sparse_grid_lshape_904405,sparse_grid_lshape,4,6,uniform_feasible,deterministic,,1,14.61072222222218
fresh4_sparse_grid_lshape_904405,sparse_grid_lshape,4,6,uniform_feasible,deterministic,,8,13.931946737479144
fresh4_sparse_grid_lshape_904405,sparse_grid_lshape,4,6,uniform_feasible,deterministic,,32,12.406657924935555
fresh4_sparse_grid_lshape_904405,sparse_grid_lshape,4,6,uniform_feasible,deterministic,,128,10.674367687385121
fresh4_sparse_grid_lshape_904405,sparse_grid_lshape,4,6,uniform_feasible,deterministic,,512,10.390363700685018
fresh4_sparse_grid_lshape_904405,sparse_grid_lshape,4,6,uniform_feasible,poor,,1,24.243333333333307
fresh4_sparse_grid_lshape_904405,sparse_grid_lshape,4,6,uniform_feasible,poor,,8,15.181780509725067
fresh4_sparse_grid_lshape_904405,sparse_grid_lshape,4,6,uniform_feasible,poor,,32,12.457051401857404
fresh4_sparse_grid_lshape_904405,sparse_grid_lshape,4,6,uniform_feasible,poor,,128,10.674368715753658
fresh4_sparse_grid_lshape_904405,sparse_grid_lshape,4,6,uniform_feasible,poor,,512,10.390363700685018
fresh4_sparse_grid_lshape_904405,sparse_grid_lshape,4,6,uniform_feasible,random,,1,14.261999999999954
fresh4_sparse_grid_lshape_904405,sparse_grid_lshape,4,6,uniform_feasible,random,,8,13.701379164645374
fresh4_sparse_grid_lshape_904405,sparse_grid_lshape,4,6,uniform_feasible,random,,32,12.350177645527603
fresh4_sparse_grid_lshape_904405,sparse_grid_lshape,4,6,uniform_feasible,random,,128,10.674120636872589
fresh4_sparse_grid_lshape_904405,sparse_grid_lshape,4,6,uniform_feasible,random,,512,10.390363700684544
fresh5_dense_grid_905100,dense_grid,5,7,greedy,deterministic,,1,58.66
fresh5_dense_grid_905100,dense_grid,5,7,greedy,deterministic,,8,56.28
fresh5_dense_grid_905100,dense_grid,5,7,greedy,deterministic,,32,50.81
fresh5_dense_grid_905100,dense_grid,5,7,greedy,deterministic,,128,48.629999999999995
fresh5_dense_grid_905100,dense_grid,5,7,greedy,deterministic,,512,48.629999999999995
fresh5_dense_grid_905100,dense_grid,5,7,greedy,poor,,1,82.67999999999999
fresh5_dense_grid_905100,dense_grid,5,7,greedy,poor,,8,56.28
fresh5_dense_grid_905100,dense_grid,5,7,greedy,poor,,32,51.94
fresh5_dense_grid_905100,dense_grid,5,7,greedy,poor,,128,48.629999999999995
fresh5_dense_grid_905100,dense_grid,5,7,greedy,poor,,512,48.629999999999995
fresh5_dense_grid_905100,dense_grid,5,7,greedy,random,,1,59.309999999999995
fresh5_dense_grid_905100,dense_grid,5,7,greedy,random,,8,52.669999999999995
fresh5_dense_grid_905100,dense_grid,5,7,greedy,random,,32,52.12
fresh5_dense_grid_905100,dense_grid,5,7,greedy,random,,128,48.629999999999995
fresh5_dense_grid_905100,dense_grid,5,7,greedy,random,,512,48.629999999999995
fresh5_dense_grid_905100,dense_grid,5,7,penalty_row_xy,deterministic,11,1,58.47152255249591
fresh5_dense_grid_905100,dense_grid,5,7,penalty_row_xy,deterministic,11,8,57.2901539894731
fresh5_dense_grid_905100,dense_grid,5,7,penalty_row_xy,deterministic,11,32,54.570595475916456
fresh5_dense_grid_905100,dense_grid,5,7,penalty_row_xy,deterministic,11,128,51.09243245432769
fresh5_dense_grid_905100,dense_grid,5,7,penalty_row_xy,deterministic,11,512,49.243020589669925
fresh5_dense_grid_905100,dense_grid,5,7,penalty_row_xy,deterministic,17,1,58.46924804182727
fresh5_dense_grid_905100,dense_grid,5,7,penalty_row_xy,deterministic,17,8,57.27436773975114
fresh5_dense_grid_905100,dense_grid,5,7,penalty_row_xy,deterministic,17,32,54.52933255949437
fresh5_dense_grid_905100,dense_grid,5,7,penalty_row_xy,deterministic,17,128,51.03521607447078
fresh5_dense_grid_905100,dense_grid,5,7,penalty_row_xy,deterministic,17,512,49.21368651232728
fresh5_dense_grid_905100,dense_grid,5,7,penalty_row_xy,deterministic,23,1,58.4703040570697
fresh5_dense_grid_905100,dense_grid,5,7,penalty_row_xy,deterministic,23,8,57.28182185777373
fresh5_dense_grid_905100,dense_grid,5,7,penalty_row_xy,deterministic,23,32,54.5496270994908
fresh5_dense_grid_905100,dense_grid,5,7,penalty_row_xy,deterministic,23,128,51.063156962765966
fresh5_dense_grid_905100,dense_grid,5,7,penalty_row_xy,deterministic,23,512,49.22798162946126
fresh5_dense_grid_905100,dense_grid,5,7,penalty_row_xy,deterministic,31,1,58.47385843330698
fresh5_dense_grid_905100,dense_grid,5,7,penalty_row_xy,deterministic,31,8,57.30675483322009
fresh5_dense_grid_905100,dense_grid,5,7,penalty_row_xy,deterministic,31,32,54.617223677898615
fresh5_dense_grid_905100,dense_grid,5,7,penalty_row_xy,deterministic,31,128,51.166807334120485
fresh5_dense_grid_905100,dense_grid,5,7,penalty_row_xy,deterministic,31,512,49.2877208741712
fresh5_dense_grid_905100,dense_grid,5,7,penalty_row_xy,poor,11,1,78.99198912163007
fresh5_dense_grid_905100,dense_grid,5,7,penalty_row_xy,poor,11,8,64.2393702795217
fresh5_dense_grid_905100,dense_grid,5,7,penalty_row_xy,poor,11,32,54.353120541703674
fresh5_dense_grid_905100,dense_grid,5,7,penalty_row_xy,poor,11,128,51.33972612403094
fresh5_dense_grid_905100,dense_grid,5,7,penalty_row_xy,poor,11,512,49.59882043463281
fresh5_dense_grid_905100,dense_grid,5,7,penalty_row_xy,poor,17,1,79.502666560855
fresh5_dense_grid_905100,dense_grid,5,7,penalty_row_xy,poor,17,8,65.77379165258915
fresh5_dense_grid_905100,dense_grid,5,7,penalty_row_xy,poor,17,32,54.56916627551667
fresh5_dense_grid_905100,dense_grid,5,7,penalty_row_xy,poor,17,128,50.61420556921892
fresh5_dense_grid_905100,dense_grid,5,7,penalty_row_xy,poor,17,512,49.05956566458719
fresh5_dense_grid_905100,dense_grid,5,7,penalty_row_xy,poor,23,1,79.82531087361443
fresh5_dense_grid_905100,dense_grid,5,7,penalty_row_xy,poor,23,8,66.8520080689604
fresh5_dense_grid_905100,dense_grid,5,7,penalty_row_xy,poor,23,32,55.015078250725836
fresh5_dense_grid_905100,dense_grid,5,7,penalty_row_xy,poor,23,128,50.656484029166855
fresh5_dense_grid_905100,dense_grid,5,7,penalty_row_xy,poor,23,512,49.00348756565408
fresh5_dense_grid_905100,dense_grid,5,7,penalty_row_xy,poor,31,1,79.774903319868
fresh5_dense_grid_905100,dense_grid,5,7,penalty_row_xy,poor,31,8,66.65734614533066
fresh5_dense_grid_905100,dense_grid,5,7,penalty_row_xy,poor,31,32,54.9133790965743
fresh5_dense_grid_905100,dense_grid,5,7,penalty_row_xy,poor,31,128,50.76605081474418
fresh5_dense_grid_905100,dense_grid,5,7,penalty_row_xy,poor,31,512,49.18816365304503
fresh5_dense_grid_905100,dense_grid,5,7,penalty_row_xy,random,11,1,58.96181988429457
fresh5_dense_grid_905100,dense_grid,5,7,penalty_row_xy,random,11,8,56.92510037883319
fresh5_dense_grid_905100,dense_grid,5,7,penalty_row_xy,random,11,32,53.20044169194466
fresh5_dense_grid_905100,dense_grid,5,7,penalty_row_xy,random,11,128,50.26781800280158
fresh5_dense_grid_905100,dense_grid,5,7,penalty_row_xy,random,11,512,49.07295869221038
fresh5_dense_grid_905100,dense_grid,5,7,penalty_row_xy,random,17,1,58.788703574967066
fresh5_dense_grid_905100,dense_grid,5,7,penalty_row_xy,random,17,8,56.085763003695945
fresh5_dense_grid_905100,dense_grid,5,7,penalty_row_xy,random,17,32,52.40606780310255
fresh5_dense_grid_905100,dense_grid,5,7,penalty_row_xy,random,17,128,49.670105064740824
fresh5_dense_grid_905100,dense_grid,5,7,penalty_row_xy,random,17,512,48.72945231878231
fresh5_dense_grid_905100,dense_grid,5,7,penalty_row_xy,random,23,1,59.05348394713594
fresh5_dense_grid_905100,dense_grid,5,7,penalty_row_xy,random,23,8,57.51789802531404
fresh5_dense_grid_905100,dense_grid,5,7,penalty_row_xy,random,23,32,54.46619243516571
fresh5_dense_grid_905100,dense_grid,5,7,penalty_row_xy,random,23,128,51.371880178989045
fresh5_dense_grid_905100,dense_grid,5,7,penalty_row_xy,random,23,512,49.58880788796447
fresh5_dense_grid_905100,dense_grid,5,7,penalty_row_xy,random,31,1,58.9653294741856
fresh5_dense_grid_905100,dense_grid,5,7,penalty_row_xy,random,31,8,56.95189502080139
fresh5_dense_grid_905100,dense_grid,5,7,penalty_row_xy,random,31,32,53.27675205461955
fresh5_dense_grid_905100,dense_grid,5,7,penalty_row_xy,random,31,128,50.331267090131966
fresh5_dense_grid_905100,dense_grid,5,7,penalty_row_xy,random,31,512,49.10592227540819
fresh5_dense_grid_905100,dense_grid,5,7,token,deterministic,11,1,55.45245180294634
fresh5_dense_grid_905100,dense_grid,5,7,token,deterministic,11,8,51.3488480367379
fresh5_dense_grid_905100,dense_grid,5,7,token,deterministic,11,32,50.358428816275556
fresh5_dense_grid_905100,dense_grid,5,7,token,deterministic,11,128,49.579326078292205
fresh5_dense_grid_905100,dense_grid,5,7,token,deterministic,11,512,49.05875719803078
fresh5_dense_grid_905100,dense_grid,5,7,token,deterministic,17,1,55.42863357794596
fresh5_dense_grid_905100,dense_grid,5,7,token,deterministic,17,8,51.34792980426073
fresh5_dense_grid_905100,dense_grid,5,7,token,deterministic,17,32,50.3644803760687
fresh5_dense_grid_905100,dense_grid,5,7,token,deterministic,17,128,49.58890642019982
fresh5_dense_grid_905100,dense_grid,5,7,token,deterministic,17,512,49.061615323722314
fresh5_dense_grid_905100,dense_grid,5,7,token,deterministic,23,1,55.46200185037114
fresh5_dense_grid_905100,dense_grid,5,7,token,deterministic,23,8,51.34891859484141
fresh5_dense_grid_905100,dense_grid,5,7,token,deterministic,23,32,50.35149008847048
fresh5_dense_grid_905100,dense_grid,5,7,token,deterministic,23,128,49.56796615848481
fresh5_dense_grid_905100,dense_grid,5,7,token,deterministic,23,512,49.05376632108553
fresh5_dense_grid_905100,dense_grid,5,7,token,deterministic,31,1,55.439520275786464
fresh5_dense_grid_905100,dense_grid,5,7,token,deterministic,31,8,51.34855393662652
fresh5_dense_grid_905100,dense_grid,5,7,token,deterministic,31,32,50.36024445529826
fresh5_dense_grid_905100,dense_grid,5,7,token,deterministic,31,128,49.58203719742839
fresh5_dense_grid_905100,dense_grid,5,7,token,deterministic,31,512,49.05925274006352
fresh5_dense_grid_905100,dense_grid,5,7,token,poor,11,1,61.012976465227204
fresh5_dense_grid_905100,dense_grid,5,7,token,poor,11,8,50.83713574565261
fresh5_dense_grid_905100,dense_grid,5,7,token,poor,11,32,48.973619989208295
fresh5_dense_grid_905100,dense_grid,5,7,token,poor,11,128,48.659290061102055
fresh5_dense_grid_905100,dense_grid,5,7,token,poor,11,512,48.631185113922164
fresh5_dense_grid_905100,dense_grid,5,7,token,poor,17,1,61.0990636935166
fresh5_dense_grid_905100,dense_grid,5,7,token,poor,17,8,50.87320011516076
fresh5_dense_grid_905100,dense_grid,5,7,token,poor,17,32,49.02429809752652
fresh5_dense_grid_905100,dense_grid,5,7,token,poor,17,128,48.66223204109705
fresh5_dense_grid_905100,dense_grid,5,7,token,poor,17,512,48.63092013557303
fresh5_dense_grid_905100,dense_grid,5,7,token,poor,23,1,61.43252927890548
fresh5_dense_grid_905100,dense_grid,5,7,token,poor,23,8,50.99484198565543
fresh5_dense_grid_905100,dense_grid,5,7,token,poor,23,32,49.012336319583255
fresh5_dense_grid_905100,dense_grid,5,7,token,poor,23,128,48.6577968940239
fresh5_dense_grid_905100,dense_grid,5,7,token,poor,23,512,48.63043944252515
fresh5_dense_grid_905100,dense_grid,5,7,token,poor,31,1,60.978425279521815
fresh5_dense_grid_905100,dense_grid,5,7,token,poor,31,8,50.823963235001095
fresh5_dense_grid_905100,dense_grid,5,7,token,poor,31,32,48.98167124108512
fresh5_dense_grid_905100,dense_grid,5,7,token,poor,31,128,48.66071513546825
fresh5_dense_grid_905100,dense_grid,5,7,token,poor,31,512,48.63122525791273
fresh5_dense_grid_905100,dense_grid,5,7,token,random,11,1,58.43673837445475
fresh5_dense_grid_905100,dense_grid,5,7,token,random,11,8,55.27085199350639
fresh5_dense_grid_905100,dense_grid,5,7,token,random,11,32,53.630961183012765
fresh5_dense_grid_905100,dense_grid,5,7,token,random,11,128,53.06944472846511
fresh5_dense_grid_905100,dense_grid,5,7,token,random,11,512,51.86029770776493
fresh5_dense_grid_905100,dense_grid,5,7,token,random,17,1,58.436932595066146
fresh5_dense_grid_905100,dense_grid,5,7,token,random,17,8,55.2737073538738
fresh5_dense_grid_905100,dense_grid,5,7,token,random,17,32,53.62592515935686
fresh5_dense_grid_905100,dense_grid,5,7,token,random,17,128,53.04773675004549
fresh5_dense_grid_905100,dense_grid,5,7,token,random,17,512,51.824496911670536
fresh5_dense_grid_905100,dense_grid,5,7,token,random,23,1,58.43692722782138
fresh5_dense_grid_905100,dense_grid,5,7,token,random,23,8,55.27275938145489
fresh5_dense_grid_905100,dense_grid,5,7,token,random,23,32,53.63713176546989
fresh5_dense_grid_905100,dense_grid,5,7,token,random,23,128,53.089068120496464
fresh5_dense_grid_905100,dense_grid,5,7,token,random,23,512,51.899566032438045
fresh5_dense_grid_905100,dense_grid,5,7,token,random,31,1,58.437107974797186
fresh5_dense_grid_905100,dense_grid,5,7,token,random,31,8,55.27429270437678
fresh5_dense_grid_905100,dense_grid,5,7,token,random,31,32,53.62589762156345
fresh5_dense_grid_905100,dense_grid,5,7,token,random,31,128,53.04696940265546
fresh5_dense_grid_905100,dense_grid,5,7,token,random,31,512,51.8244432282139
fresh5_dense_grid_905100,dense_grid,5,7,uniform_feasible,deterministic,,1,57.507746031745896
fresh5_dense_grid_905100,dense_grid,5,7,uniform_feasible,deterministic,,8,53.469222957683414
fresh5_dense_grid_905100,dense_grid,5,7,uniform_feasible,deterministic,,32,50.67391871064245
fresh5_dense_grid_905100,dense_grid,5,7,uniform_feasible,deterministic,,128,49.08389996120153
fresh5_dense_grid_905100,dense_grid,5,7,uniform_feasible,deterministic,,512,48.64632052126102
fresh5_dense_grid_905100,dense_grid,5,7,uniform_feasible,poor,,1,64.43809523809507
fresh5_dense_grid_905100,dense_grid,5,7,uniform_feasible,poor,,8,53.65391454592611
fresh5_dense_grid_905100,dense_grid,5,7,uniform_feasible,poor,,32,50.673942668137634
fresh5_dense_grid_905100,dense_grid,5,7,uniform_feasible,poor,,128,49.08389996120153
fresh5_dense_grid_905100,dense_grid,5,7,uniform_feasible,poor,,512,48.64632052126102
fresh5_dense_grid_905100,dense_grid,5,7,uniform_feasible,random,,1,57.97138095238081
fresh5_dense_grid_905100,dense_grid,5,7,uniform_feasible,random,,8,53.512804950533095
fresh5_dense_grid_905100,dense_grid,5,7,uniform_feasible,random,,32,50.673931971532156
fresh5_dense_grid_905100,dense_grid,5,7,uniform_feasible,random,,128,49.08389996120153
fresh5_dense_grid_905100,dense_grid,5,7,uniform_feasible,random,,512,48.64632052126102
fresh5_dense_grid_905101,dense_grid,5,7,greedy,deterministic,,1,37.77
fresh5_dense_grid_905101,dense_grid,5,7,greedy,deterministic,,8,37.07000000000001
fresh5_dense_grid_905101,dense_grid,5,7,greedy,deterministic,,32,30.809999999999995
fresh5_dense_grid_905101,dense_grid,5,7,greedy,deterministic,,128,30.809999999999995
fresh5_dense_grid_905101,dense_grid,5,7,greedy,deterministic,,512,30.809999999999995
fresh5_dense_grid_905101,dense_grid,5,7,greedy,poor,,1,60.24000000000001
fresh5_dense_grid_905101,dense_grid,5,7,greedy,poor,,8,44.44
fresh5_dense_grid_905101,dense_grid,5,7,greedy,poor,,32,34.67999999999999
fresh5_dense_grid_905101,dense_grid,5,7,greedy,poor,,128,30.569999999999997
fresh5_dense_grid_905101,dense_grid,5,7,greedy,poor,,512,30.569999999999997
fresh5_dense_grid_905101,dense_grid,5,7,greedy,random,,1,43.150000000000006
fresh5_dense_grid_905101,dense_grid,5,7,greedy,random,,8,32.51
fresh5_dense_grid_905101,dense_grid,5,7,greedy,random,,32,30.990000000000002
fresh5_dense_grid_905101,dense_grid,5,7,greedy,random,,128,30.569999999999997
fresh5_dense_grid_905101,dense_grid,5,7,greedy,random,,512,30.569999999999997
fresh5_dense_grid_905101,dense_grid,5,7,penalty_row_xy,deterministic,11,1,37.579520710219114
fresh5_dense_grid_905101,dense_grid,5,7,penalty_row_xy,deterministic,11,8,36.48310886479669
fresh5_dense_grid_905101,dense_grid,5,7,penalty_row_xy,deterministic,11,32,34.520896401412664
fresh5_dense_grid_905101,dense_grid,5,7,penalty_row_xy,deterministic,11,128,32.549907193917534
fresh5_dense_grid_905101,dense_grid,5,7,penalty_row_xy,deterministic,11,512,31.127057662381745
fresh5_dense_grid_905101,dense_grid,5,7,penalty_row_xy,deterministic,17,1,37.60637692198753
fresh5_dense_grid_905101,dense_grid,5,7,penalty_row_xy,deterministic,17,8,36.613763642441434
fresh5_dense_grid_905101,dense_grid,5,7,penalty_row_xy,deterministic,17,32,34.539045964840696
fresh5_dense_grid_905101,dense_grid,5,7,penalty_row_xy,deterministic,17,128,32.196391883886065
fresh5_dense_grid_905101,dense_grid,5,7,penalty_row_xy,deterministic,17,512,31.00482160632226
fresh5_dense_grid_905101,dense_grid,5,7,penalty_row_xy,deterministic,23,1,37.66211202554252
fresh5_dense_grid_905101,dense_grid,5,7,penalty_row_xy,deterministic,23,8,37.000287855661966
fresh5_dense_grid_905101,dense_grid,5,7,penalty_row_xy,deterministic,23,32,35.55923746785293
fresh5_dense_grid_905101,dense_grid,5,7,penalty_row_xy,deterministic,23,128,33.62575253070704
fresh5_dense_grid_905101,dense_grid,5,7,penalty_row_xy,deterministic,23,512,31.907566579843074
fresh5_dense_grid_905101,dense_grid,5,7,penalty_row_xy,deterministic,31,1,37.706130524475746
fresh5_dense_grid_905101,dense_grid,5,7,penalty_row_xy,deterministic,31,8,37.29030427895809
fresh5_dense_grid_905101,dense_grid,5,7,penalty_row_xy,deterministic,31,32,36.19912884362646
fresh5_dense_grid_905101,dense_grid,5,7,penalty_row_xy,deterministic,31,128,34.30034700740187
fresh5_dense_grid_905101,dense_grid,5,7,penalty_row_xy,deterministic,31,512,32.661372342263874
fresh5_dense_grid_905101,dense_grid,5,7,penalty_row_xy,poor,11,1,56.80854355240037
fresh5_dense_grid_905101,dense_grid,5,7,penalty_row_xy,poor,11,8,43.53216351218392
fresh5_dense_grid_905101,dense_grid,5,7,penalty_row_xy,poor,11,32,35.33295141392764
fresh5_dense_grid_905101,dense_grid,5,7,penalty_row_xy,poor,11,128,32.32878941444676
fresh5_dense_grid_905101,dense_grid,5,7,penalty_row_xy,poor,11,512,31.04879339476392
fresh5_dense_grid_905101,dense_grid,5,7,penalty_row_xy,poor,17,1,55.675410475402415
fresh5_dense_grid_905101,dense_grid,5,7,penalty_row_xy,poor,17,8,40.3651151239474
fresh5_dense_grid_905101,dense_grid,5,7,penalty_row_xy,poor,17,32,33.575491841143005
fresh5_dense_grid_905101,dense_grid,5,7,penalty_row_xy,poor,17,128,32.0769782080416
fresh5_dense_grid_905101,dense_grid,5,7,penalty_row_xy,poor,17,512,31.19548018695153
fresh5_dense_grid_905101,dense_grid,5,7,penalty_row_xy,poor,23,1,56.646236001254906
fresh5_dense_grid_905101,dense_grid,5,7,penalty_row_xy,poor,23,8,43.05777132177362
fresh5_dense_grid_905101,dense_grid,5,7,penalty_row_xy,poor,23,32,35.18016826216761
fresh5_dense_grid_905101,dense_grid,5,7,penalty_row_xy,poor,23,128,32.38716633233459
fresh5_dense_grid_905101,dense_grid,5,7,penalty_row_xy,poor,23,512,31.06935905138979
fresh5_dense_grid_905101,dense_grid,5,7,penalty_row_xy,poor,31,1,56.63776791015885
fresh5_dense_grid_905101,dense_grid,5,7,penalty_row_xy,poor,31,8,43.02082600021819
fresh5_dense_grid_905101,dense_grid,5,7,penalty_row_xy,poor,31,32,35.10782720599246
fresh5_dense_grid_905101,dense_grid,5,7,penalty_row_xy,poor,31,128,32.3636406876999
fresh5_dense_grid_905101,dense_grid,5,7,penalty_row_xy,poor,31,512,31.10034021846103
fresh5_dense_grid_905101,dense_grid,5,7,penalty_row_xy,random,11,1,42.45321538843699
fresh5_dense_grid_905101,dense_grid,5,7,penalty_row_xy,random,11,8,38.90063037852072
fresh5_dense_grid_905101,dense_grid,5,7,penalty_row_xy,random,11,32,34.30272183039857
fresh5_dense_grid_905101,dense_grid,5,7,penalty_row_xy,random,11,128,31.634307398648904
fresh5_dense_grid_905101,dense_grid,5,7,penalty_row_xy,random,11,512,30.90107821489841
fresh5_dense_grid_905101,dense_grid,5,7,penalty_row_xy,random,17,1,42.51823988820597
fresh5_dense_grid_905101,dense_grid,5,7,penalty_row_xy,random,17,8,39.200940076138
fresh5_dense_grid_905101,dense_grid,5,7,penalty_row_xy,random,17,32,34.64339935745876
fresh5_dense_grid_905101,dense_grid,5,7,penalty_row_xy,random,17,128,32.0352793304992
fresh5_dense_grid_905101,dense_grid,5,7,penalty_row_xy,random,17,512,31.10200809106992
fresh5_dense_grid_905101,dense_grid,5,7,penalty_row_xy,random,23,1,42.51809556932224
fresh5_dense_grid_905101,dense_grid,5,7,penalty_row_xy,random,23,8,39.19924507942918
fresh5_dense_grid_905101,dense_grid,5,7,penalty_row_xy,random,23,32,34.63681539766556
fresh5_dense_grid_905101,dense_grid,5,7,penalty_row_xy,random,23,128,32.02314982434208
fresh5_dense_grid_905101,dense_grid,5,7,penalty_row_xy,random,23,512,31.09168627195988
fresh5_dense_grid_905101,dense_grid,5,7,penalty_row_xy,random,31,1,42.51807076846662
fresh5_dense_grid_905101,dense_grid,5,7,penalty_row_xy,random,31,8,39.19895381703789
fresh5_dense_grid_905101,dense_grid,5,7,penalty_row_xy,random,31,32,34.63590000016682
fresh5_dense_grid_905101,dense_grid,5,7,penalty_row_xy,random,31,128,32.022578463898434
fresh5_dense_grid_905101,dense_grid,5,7,penalty_row_xy,random,31,512,31.09022950420367
fresh5_dense_grid_905101,dense_grid,5,7,token,deterministic,11,1,36.14730084270779
fresh5_dense_grid_905101,dense_grid,5,7,token,deterministic,11,8,32.59786230390159
fresh5_dense_grid_905101,dense_grid,5,7,token,deterministic,11,32,31.4645132691783
fresh5_dense_grid_905101,dense_grid,5,7,token,deterministic,11,128,30.83019143969803
fresh5_dense_grid_905101,dense_grid,5,7,token,deterministic,11,512,30.65187482568403
fresh5_dense_grid_905101,dense_grid,5,7,token,deterministic,17,1,35.65250631267637
fresh5_dense_grid_905101,dense_grid,5,7,token,deterministic,17,8,31.575624577913718
fresh5_dense_grid_905101,dense_grid,5,7,token,deterministic,17,32,30.806889935062085
fresh5_dense_grid_905101,dense_grid,5,7,token,deterministic,17,128,30.742207275982363
fresh5_dense_grid_905101,dense_grid,5,7,token,deterministic,17,512,30.633616837279924
fresh5_dense_grid_905101,dense_grid,5,7,token,deterministic,23,1,36.1560195505196
fresh5_dense_grid_905101,dense_grid,5,7,token,deterministic,23,8,32.60121588152507
fresh5_dense_grid_905101,dense_grid,5,7,token,deterministic,23,32,31.465947846822885
fresh5_dense_grid_905101,dense_grid,5,7,token,deterministic,23,128,30.83203958416726
fresh5_dense_grid_905101,dense_grid,5,7,token,deterministic,23,512,30.65423976309945
fresh5_dense_grid_905101,dense_grid,5,7,token,deterministic,31,1,36.137408165477325
fresh5_dense_grid_905101,dense_grid,5,7,token,deterministic,31,8,32.59602186714885
fresh5_dense_grid_905101,dense_grid,5,7,token,deterministic,31,32,31.465082947364944
fresh5_dense_grid_905101,dense_grid,5,7,token,deterministic,31,128,30.83001814310552
fresh5_dense_grid_905101,dense_grid,5,7,token,deterministic,31,512,30.651985255530906
fresh5_dense_grid_905101,dense_grid,5,7,token,poor,11,1,39.81202698763542
fresh5_dense_grid_905101,dense_grid,5,7,token,poor,11,8,31.661573972705906
fresh5_dense_grid_905101,dense_grid,5,7,token,poor,11,32,30.888825643608197
fresh5_dense_grid_905101,dense_grid,5,7,token,poor,11,128,30.81040385098348
fresh5_dense_grid_905101,dense_grid,5,7,token,poor,11,512,30.809999067415628
fresh5_dense_grid_905101,dense_grid,5,7,token,poor,17,1,40.94230123495624
fresh5_dense_grid_905101,dense_grid,5,7,token,poor,17,8,31.686765558252034
fresh5_dense_grid_905101,dense_grid,5,7,token,poor,17,32,30.87288343923948
fresh5_dense_grid_905101,dense_grid,5,7,token,poor,17,128,30.81149544052424
fresh5_dense_grid_905101,dense_grid,5,7,token,poor,17,512,30.80999998567887
fresh5_dense_grid_905101,dense_grid,5,7,token,poor,23,1,40.95643438585217
fresh5_dense_grid_905101,dense_grid,5,7,token,poor,23,8,31.68679024583742
fresh5_dense_grid_905101,dense_grid,5,7,token,poor,23,32,30.873233748876196
fresh5_dense_grid_905101,dense_grid,5,7,token,poor,23,128,30.81152736443519
fresh5_dense_grid_905101,dense_grid,5,7,token,poor,23,512,30.809999987858472
fresh5_dense_grid_905101,dense_grid,5,7,token,poor,31,1,39.817424214031924
fresh5_dense_grid_905101,dense_grid,5,7,token,poor,31,8,31.661041500943433
fresh5_dense_grid_905101,dense_grid,5,7,token,poor,31,32,30.88783752874489
fresh5_dense_grid_905101,dense_grid,5,7,token,poor,31,128,30.810383116781072
fresh5_dense_grid_905101,dense_grid,5,7,token,poor,31,512,30.809998810575056
fresh5_dense_grid_905101,dense_grid,5,7,token,random,11,1,39.78238551721121
fresh5_dense_grid_905101,dense_grid,5,7,token,random,11,8,33.060053451574966
fresh5_dense_grid_905101,dense_grid,5,7,token,random,11,32,30.990002269816376
fresh5_dense_grid_905101,dense_grid,5,7,token,random,11,128,30.575985742137423
fresh5_dense_grid_905101,dense_grid,5,7,token,random,11,512,30.570000000397958
fresh5_dense_grid_905101,dense_grid,5,7,token,random,17,1,39.84631002706294
fresh5_dense_grid_905101,dense_grid,5,7,token,random,17,8,33.12336643526335
fresh5_dense_grid_905101,dense_grid,5,7,token,random,17,32,31.025396205324142
fresh5_dense_grid_905101,dense_grid,5,7,token,random,17,128,30.5781671839373
fresh5_dense_grid_905101,dense_grid,5,7,token,random,17,512,30.57000000128321
fresh5_dense_grid_905101,dense_grid,5,7,token,random,23,1,39.84965899306067
fresh5_dense_grid_905101,dense_grid,5,7,token,random,23,8,33.09526323986622
fresh5_dense_grid_905101,dense_grid,5,7,token,random,23,32,31.00371768799682
fresh5_dense_grid_905101,dense_grid,5,7,token,random,23,128,30.57678043705939
fresh5_dense_grid_905101,dense_grid,5,7,token,random,23,512,30.57000000061619
fresh5_dense_grid_905101,dense_grid,5,7,token,random,31,1,39.848417907967495
fresh5_dense_grid_905101,dense_grid,5,7,token,random,31,8,33.26429404121865
fresh5_dense_grid_905101,dense_grid,5,7,token,random,31,32,31.09001761732608
fresh5_dense_grid_905101,dense_grid,5,7,token,random,31,128,30.582140143726157
fresh5_dense_grid_905101,dense_grid,5,7,token,random,31,512,30.570000005854446
fresh5_dense_grid_905101,dense_grid,5,7,uniform_feasible,deterministic,,1,37.20231746031737
fresh5_dense_grid_905101,dense_grid,5,7,uniform_feasible,deterministic,,8,34.64248004017887
fresh5_dense_grid_905101,dense_grid,5,7,uniform_feasible,deterministic,,32,32.11736244680172
fresh5_dense_grid_905101,dense_grid,5,7,uniform_feasible,deterministic,,128,30.918554609805245
fresh5_dense_grid_905101,dense_grid,5,7,uniform_feasible,deterministic,,512,30.604924633687382
fresh5_dense_grid_905101,dense_grid,5,7,uniform_feasible,poor,,1,42.95238095238086
fresh5_dense_grid_905101,dense_grid,5,7,uniform_feasible,poor,,8,34.85132889488101
fresh5_dense_grid_905101,dense_grid,5,7,uniform_feasible,poor,,32,32.117563721047425
fresh5_dense_grid_905101,dense_grid,5,7,uniform_feasible,poor,,128,30.918554609805255
fresh5_dense_grid_905101,dense_grid,5,7,uniform_feasible,poor,,512,30.604924633687382
fresh5_dense_grid_905101,dense_grid,5,7,uniform_feasible,random,,1,40.58334920634912
fresh5_dense_grid_905101,dense_grid,5,7,uniform_feasible,random,,8,34.8481934444358
fresh5_dense_grid_905101,dense_grid,5,7,uniform_feasible,random,,32,32.11756372100913
fresh5_dense_grid_905101,dense_grid,5,7,uniform_feasible,random,,128,30.918554609805255
fresh5_dense_grid_905101,dense_grid,5,7,uniform_feasible,random,,512,30.604924633687382
fresh5_dense_grid_line_905300,dense_grid_line,5,7,greedy,deterministic,,1,69.1
fresh5_dense_grid_line_905300,dense_grid_line,5,7,greedy,deterministic,,8,67.24
fresh5_dense_grid_line_905300,dense_grid_line,5,7,greedy,deterministic,,32,61.64
fresh5_dense_grid_line_905300,dense_grid_line,5,7,greedy,deterministic,,128,59.66
fresh5_dense_grid_line_905300,dense_grid_line,5,7,greedy,deterministic,,512,59.66
fresh5_dense_grid_line_905300,dense_grid_line,5,7,greedy,poor,,1,121.96000000000001
fresh5_dense_grid_line_905300,dense_grid_line,5,7,greedy,poor,,8,95.18
fresh5_dense_grid_line_905300,dense_grid_line,5,7,greedy,poor,,32,71.0
fresh5_dense_grid_line_905300,dense_grid_line,5,7,greedy,poor,,128,59.66
fresh5_dense_grid_line_905300,dense_grid_line,5,7,greedy,poor,,512,59.66
fresh5_dense_grid_line_905300,dense_grid_line,5,7,greedy,random,,1,110.60000000000001
fresh5_dense_grid_line_905300,dense_grid_line,5,7,greedy,random,,8,70.2
fresh5_dense_grid_line_905300,dense_grid_line,5,7,greedy,random,,32,67.2
fresh5_dense_grid_line_905300,dense_grid_line,5,7,greedy,random,,128,59.66
fresh5_dense_grid_line_905300,dense_grid_line,5,7,greedy,random,,512,59.66
fresh5_dense_grid_line_905300,dense_grid_line,5,7,penalty_row_xy,deterministic,11,1,69.06494856064171
fresh5_dense_grid_line_905300,dense_grid_line,5,7,penalty_row_xy,deterministic,11,8,68.82712392069907
fresh5_dense_grid_line_905300,dense_grid_line,5,7,penalty_row_xy,deterministic,11,32,68.10120471918194
fresh5_dense_grid_line_905300,dense_grid_line,5,7,penalty_row_xy,deterministic,11,128,66.12200448590374
fresh5_dense_grid_line_905300,dense_grid_line,5,7,penalty_row_xy,deterministic,11,512,62.950653818497415
fresh5_dense_grid_line_905300,dense_grid_line,5,7,penalty_row_xy,deterministic,17,1,69.07801559572366
fresh5_dense_grid_line_905300,dense_grid_line,5,7,penalty_row_xy,deterministic,17,8,68.9278808997254
fresh5_dense_grid_line_905300,dense_grid_line,5,7,penalty_row_xy,deterministic,17,32,68.45870240414108
fresh5_dense_grid_line_905300,dense_grid_line,5,7,penalty_row_xy,deterministic,17,128,67.08744117859614
fresh5_dense_grid_line_905300,dense_grid_line,5,7,penalty_row_xy,deterministic,17,512,64.58955559955234
fresh5_dense_grid_line_905300,dense_grid_line,5,7,penalty_row_xy,deterministic,23,1,69.07978232457222
fresh5_dense_grid_line_905300,dense_grid_line,5,7,penalty_row_xy,deterministic,23,8,68.94137261881217
fresh5_dense_grid_line_905300,dense_grid_line,5,7,penalty_row_xy,deterministic,23,32,68.50496113744259
fresh5_dense_grid_line_905300,dense_grid_line,5,7,penalty_row_xy,deterministic,23,128,67.1964602174666
fresh5_dense_grid_line_905300,dense_grid_line,5,7,penalty_row_xy,deterministic,23,512,64.75959035724526
fresh5_dense_grid_line_905300,dense_grid_line,5,7,penalty_row_xy,deterministic,31,1,69.02765544078429
fresh5_dense_grid_line_905300,dense_grid_line,5,7,penalty_row_xy,deterministic,31,8,68.54678139098299
fresh5_dense_grid_line_905300,dense_grid_line,5,7,penalty_row_xy,deterministic,31,32,67.18898773367843
fresh5_dense_grid_line_905300,dense_grid_line,5,7,penalty_row_xy,deterministic,31,128,64.34747682844181
fresh5_dense_grid_line_905300,dense_grid_line,5,7,penalty_row_xy,deterministic,31,512,61.710257920875975
fresh5_dense_grid_line_905300,dense_grid_line,5,7,penalty_row_xy,poor,11,1,117.08263708553409
fresh5_dense_grid_line_905300,dense_grid_line,5,7,penalty_row_xy,poor,11,8,94.87937795911608
fresh5_dense_grid_line_905300,dense_grid_line,5,7,penalty_row_xy,poor,11,32,74.37751857096762
fresh5_dense_grid_line_905300,dense_grid_line,5,7,penalty_row_xy,poor,11,128,66.6175962806936
fresh5_dense_grid_line_905300,dense_grid_line,5,7,penalty_row_xy,poor,11,512,63.126180366638934
fresh5_dense_grid_line_905300,dense_grid_line,5,7,penalty_row_xy,poor,17,1,117.64238394736158
fresh5_dense_grid_line_905300,dense_grid_line,5,7,penalty_row_xy,poor,17,8,97.31025617771596
fresh5_dense_grid_line_905300,dense_grid_line,5,7,penalty_row_xy,poor,17,32,76.58294016291873
fresh5_dense_grid_line_905300,dense_grid_line,5,7,penalty_row_xy,poor,17,128,67.18110511601792
fresh5_dense_grid_line_905300,dense_grid_line,5,7,penalty_row_xy,poor,17,512,63.11878158028969
fresh5_dense_grid_line_905300,dense_grid_line,5,7,penalty_row_xy,poor,23,1,116.98258405227465
fresh5_dense_grid_line_905300,dense_grid_line,5,7,penalty_row_xy,poor,23,8,94.61284532371441
fresh5_dense_grid_line_905300,dense_grid_line,5,7,penalty_row_xy,poor,23,32,74.33194699734197
fresh5_dense_grid_line_905300,dense_grid_line,5,7,penalty_row_xy,poor,23,128,66.3470121981704
fresh5_dense_grid_line_905300,dense_grid_line,5,7,penalty_row_xy,poor,23,512,62.85571070068478
fresh5_dense_grid_line_905300,dense_grid_line,5,7,penalty_row_xy,poor,31,1,117.5964653549767
fresh5_dense_grid_line_905300,dense_grid_line,5,7,penalty_row_xy,poor,31,8,97.215004099144
fresh5_dense_grid_line_905300,dense_grid_line,5,7,penalty_row_xy,poor,31,32,76.61417887701447
fresh5_dense_grid_line_905300,dense_grid_line,5,7,penalty_row_xy,poor,31,128,66.88867693470122
fresh5_dense_grid_line_905300,dense_grid_line,5,7,penalty_row_xy,poor,31,512,63.019327538625674
fresh5_dense_grid_line_905300,dense_grid_line,5,7,penalty_row_xy,random,11,1,107.64995670006562
fresh5_dense_grid_line_905300,dense_grid_line,5,7,penalty_row_xy,random,11,8,93.19582014425654
fresh5_dense_grid_line_905300,dense_grid_line,5,7,penalty_row_xy,random,11,32,76.56520202571852
fresh5_dense_grid_line_905300,dense_grid_line,5,7,penalty_row_xy,random,11,128,67.50963359863447
fresh5_dense_grid_line_905300,dense_grid_line,5,7,penalty_row_xy,random,11,512,63.60265693213759
fresh5_dense_grid_line_905300,dense_grid_line,5,7,penalty_row_xy,random,17,1,107.72177152148599
fresh5_dense_grid_line_905300,dense_grid_line,5,7,penalty_row_xy,random,17,8,93.50632330563265
fresh5_dense_grid_line_905300,dense_grid_line,5,7,penalty_row_xy,random,17,32,76.69046278396092
fresh5_dense_grid_line_905300,dense_grid_line,5,7,penalty_row_xy,random,17,128,66.84591158403487
fresh5_dense_grid_line_905300,dense_grid_line,5,7,penalty_row_xy,random,17,512,62.32739507919638
fresh5_dense_grid_line_905300,dense_grid_line,5,7,penalty_row_xy,random,23,1,107.58804575179106
fresh5_dense_grid_line_905300,dense_grid_line,5,7,penalty_row_xy,random,23,8,92.65026350963535
fresh5_dense_grid_line_905300,dense_grid_line,5,7,penalty_row_xy,random,23,32,75.21241930047289
fresh5_dense_grid_line_905300,dense_grid_line,5,7,penalty_row_xy,random,23,128,66.36152946102037
fresh5_dense_grid_line_905300,dense_grid_line,5,7,penalty_row_xy,random,23,512,62.37577995262574
fresh5_dense_grid_line_905300,dense_grid_line,5,7,penalty_row_xy,random,31,1,107.82040308541431
fresh5_dense_grid_line_905300,dense_grid_line,5,7,penalty_row_xy,random,31,8,93.91342469889759
fresh5_dense_grid_line_905300,dense_grid_line,5,7,penalty_row_xy,random,31,32,76.93090533291685
fresh5_dense_grid_line_905300,dense_grid_line,5,7,penalty_row_xy,random,31,128,66.97644043387463
fresh5_dense_grid_line_905300,dense_grid_line,5,7,penalty_row_xy,random,31,512,62.68758097240686
fresh5_dense_grid_line_905300,dense_grid_line,5,7,token,deterministic,11,1,67.7667357287269
fresh5_dense_grid_line_905300,dense_grid_line,5,7,token,deterministic,11,8,64.7642344420897
fresh5_dense_grid_line_905300,dense_grid_line,5,7,token,deterministic,11,32,62.97888055408863
fresh5_dense_grid_line_905300,dense_grid_line,5,7,token,deterministic,11,128,60.9631401051448
fresh5_dense_grid_line_905300,dense_grid_line,5,7,token,deterministic,11,512,60.037085745926476
fresh5_dense_grid_line_905300,dense_grid_line,5,7,token,deterministic,17,1,67.7869691907239
fresh5_dense_grid_line_905300,dense_grid_line,5,7,token,deterministic,17,8,64.74956603296815
fresh5_dense_grid_line_905300,dense_grid_line,5,7,token,deterministic,17,32,62.92842294842723
fresh5_dense_grid_line_905300,dense_grid_line,5,7,token,deterministic,17,128,60.89768489887693
fresh5_dense_grid_line_905300,dense_grid_line,5,7,token,deterministic,17,512,59.97796269872251
fresh5_dense_grid_line_905300,dense_grid_line,5,7,token,deterministic,23,1,67.96316432144712
fresh5_dense_grid_line_905300,dense_grid_line,5,7,token,deterministic,23,8,65.19140095574255
fresh5_dense_grid_line_905300,dense_grid_line,5,7,token,deterministic,23,32,63.77322128993957
fresh5_dense_grid_line_905300,dense_grid_line,5,7,token,deterministic,23,128,61.94292118276023
fresh5_dense_grid_line_905300,dense_grid_line,5,7,token,deterministic,23,512,61.026950334203434
fresh5_dense_grid_line_905300,dense_grid_line,5,7,token,deterministic,31,1,67.84660793123237
fresh5_dense_grid_line_905300,dense_grid_line,5,7,token,deterministic,31,8,65.01191960890554
fresh5_dense_grid_line_905300,dense_grid_line,5,7,token,deterministic,31,32,63.63213179121878
fresh5_dense_grid_line_905300,dense_grid_line,5,7,token,deterministic,31,128,61.850137188882584
fresh5_dense_grid_line_905300,dense_grid_line,5,7,token,deterministic,31,512,60.59388000552712
fresh5_dense_grid_line_905300,dense_grid_line,5,7,token,poor,11,1,89.84444555132482
fresh5_dense_grid_line_905300,dense_grid_line,5,7,token,poor,11,8,76.7816126253172
fresh5_dense_grid_line_905300,dense_grid_line,5,7,token,poor,11,32,74.00920996645097
fresh5_dense_grid_line_905300,dense_grid_line,5,7,token,poor,11,128,72.13732118896031
fresh5_dense_grid_line_905300,dense_grid_line,5,7,token,poor,11,512,71.63587631167802
fresh5_dense_grid_line_905300,dense_grid_line,5,7,token,poor,17,1,88.73448425577487
fresh5_dense_grid_line_905300,dense_grid_line,5,7,token,poor,17,8,76.25005335914757
fresh5_dense_grid_line_905300,dense_grid_line,5,7,token,poor,17,32,73.77764039859859
fresh5_dense_grid_line_905300,dense_grid_line,5,7,token,poor,17,128,73.27940877669079
fresh5_dense_grid_line_905300,dense_grid_line,5,7,token,poor,17,512,72.43046760211018
fresh5_dense_grid_line_905300,dense_grid_line,5,7,token,poor,23,1,89.06995871125318
fresh5_dense_grid_line_905300,dense_grid_line,5,7,token,poor,23,8,76.3077365923111
fresh5_dense_grid_line_905300,dense_grid_line,5,7,token,poor,23,32,73.81119623623863
fresh5_dense_grid_line_905300,dense_grid_line,5,7,token,poor,23,128,73.36467707598096
fresh5_dense_grid_line_905300,dense_grid_line,5,7,token,poor,23,512,72.59226428546374
fresh5_dense_grid_line_905300,dense_grid_line,5,7,token,poor,31,1,88.21119106400415
fresh5_dense_grid_line_905300,dense_grid_line,5,7,token,poor,31,8,76.42897990476844
fresh5_dense_grid_line_905300,dense_grid_line,5,7,token,poor,31,32,74.04008062844925
fresh5_dense_grid_line_905300,dense_grid_line,5,7,token,poor,31,128,72.63860606522505
fresh5_dense_grid_line_905300,dense_grid_line,5,7,token,poor,31,512,71.80536256181729
fresh5_dense_grid_line_905300,dense_grid_line,5,7,token,random,11,1,74.87694433330554
fresh5_dense_grid_line_905300,dense_grid_line,5,7,token,random,11,8,61.395001496903376
fresh5_dense_grid_line_905300,dense_grid_line,5,7,token,random,11,32,60.98963319898434
fresh5_dense_grid_line_905300,dense_grid_line,5,7,token,random,11,128,60.95805240675272
fresh5_dense_grid_line_905300,dense_grid_line,5,7,token,random,11,512,60.83992529598631
fresh5_dense_grid_line_905300,dense_grid_line,5,7,token,random,17,1,74.06014642699506
fresh5_dense_grid_line_905300,dense_grid_line,5,7,token,random,17,8,61.36731532821007
fresh5_dense_grid_line_905300,dense_grid_line,5,7,token,random,17,32,60.98305653036296
fresh5_dense_grid_line_905300,dense_grid_line,5,7,token,random,17,128,60.93265606716776
fresh5_dense_grid_line_905300,dense_grid_line,5,7,token,random,17,512,60.750259335280106
fresh5_dense_grid_line_905300,dense_grid_line,5,7,token,random,23,1,75.59247152146806
fresh5_dense_grid_line_905300,dense_grid_line,5,7,token,random,23,8,61.38858288172545
fresh5_dense_grid_line_905300,dense_grid_line,5,7,token,random,23,32,60.99758117068415
fresh5_dense_grid_line_905300,dense_grid_line,5,7,token,random,23,128,60.98947733581704
fresh5_dense_grid_line_905300,dense_grid_line,5,7,token,random,23,512,60.958402542951035
fresh5_dense_grid_line_905300,dense_grid_line,5,7,token,random,31,1,75.35499716410284
fresh5_dense_grid_line_905300,dense_grid_line,5,7,token,random,31,8,61.37495913170436
fresh5_dense_grid_line_905300,dense_grid_line,5,7,token,random,31,32,60.99458853639516
fresh5_dense_grid_line_905300,dense_grid_line,5,7,token,random,31,128,60.97763205682996
fresh5_dense_grid_line_905300,dense_grid_line,5,7,token,random,31,512,60.91274366166164
fresh5_dense_grid_line_905300,dense_grid_line,5,7,uniform_feasible,deterministic,,1,68.9088095238093
fresh5_dense_grid_line_905300,dense_grid_line,5,7,uniform_feasible,deterministic,,8,67.72913867345768
fresh5_dense_grid_line_905300,dense_grid_line,5,7,uniform_feasible,deterministic,,32,65.13023818072372
fresh5_dense_grid_line_905300,dense_grid_line,5,7,uniform_feasible,deterministic,,128,61.91532049787686
fresh5_dense_grid_line_905300,dense_grid_line,5,7,uniform_feasible,deterministic,,512,60.14112093485988
fresh5_dense_grid_line_905300,dense_grid_line,5,7,uniform_feasible,poor,,1,92.21333333333304
fresh5_dense_grid_line_905300,dense_grid_line,5,7,uniform_feasible,poor,,8,71.94128713163838
fresh5_dense_grid_line_905300,dense_grid_line,5,7,uniform_feasible,poor,,32,65.3530789228518
fresh5_dense_grid_line_905300,dense_grid_line,5,7,uniform_feasible,poor,,128,61.91544500771184
fresh5_dense_grid_line_905300,dense_grid_line,5,7,uniform_feasible,poor,,512,60.14112093485988
fresh5_dense_grid_line_905300,dense_grid_line,5,7,uniform_feasible,random,,1,91.83226984126955
fresh5_dense_grid_line_905300,dense_grid_line,5,7,uniform_feasible,random,,8,71.9412871235577
fresh5_dense_grid_line_905300,dense_grid_line,5,7,uniform_feasible,random,,32,65.35307892285181
fresh5_dense_grid_line_905300,dense_grid_line,5,7,uniform_feasible,random,,128,61.91544500771184
fresh5_dense_grid_line_905300,dense_grid_line,5,7,uniform_feasible,random,,512,60.14112093485988
fresh5_dense_grid_line_905301,dense_grid_line,5,7,greedy,deterministic,,1,62.25
fresh5_dense_grid_line_905301,dense_grid_line,5,7,greedy,deterministic,,8,62.25
fresh5_dense_grid_line_905301,dense_grid_line,5,7,greedy,deterministic,,32,62.25
fresh5_dense_grid_line_905301,dense_grid_line,5,7,greedy,deterministic,,128,62.25
fresh5_dense_grid_line_905301,dense_grid_line,5,7,greedy,deterministic,,512,62.25
fresh5_dense_grid_line_905301,dense_grid_line,5,7,greedy,poor,,1,123.89999999999999
fresh5_dense_grid_line_905301,dense_grid_line,5,7,greedy,poor,,8,99.99000000000001
fresh5_dense_grid_line_905301,dense_grid_line,5,7,greedy,poor,,32,77.13
fresh5_dense_grid_line_905301,dense_grid_line,5,7,greedy,poor,,128,62.25
fresh5_dense_grid_line_905301,dense_grid_line,5,7,greedy,poor,,512,62.25
fresh5_dense_grid_line_905301,dense_grid_line,5,7,greedy,random,,1,97.43
fresh5_dense_grid_line_905301,dense_grid_line,5,7,greedy,random,,8,68.59
fresh5_dense_grid_line_905301,dense_grid_line,5,7,greedy,random,,32,66.09
fresh5_dense_grid_line_905301,dense_grid_line,5,7,greedy,random,,128,62.25
fresh5_dense_grid_line_905301,dense_grid_line,5,7,greedy,random,,512,62.25
fresh5_dense_grid_line_905301,dense_grid_line,5,7,penalty_row_xy,deterministic,11,1,62.24999999999994
fresh5_dense_grid_line_905301,dense_grid_line,5,7,penalty_row_xy,deterministic,11,8,62.25
fresh5_dense_grid_line_905301,dense_grid_line,5,7,penalty_row_xy,deterministic,11,32,62.25
fresh5_dense_grid_line_905301,dense_grid_line,5,7,penalty_row_xy,deterministic,11,128,62.25
fresh5_dense_grid_line_905301,dense_grid_line,5,7,penalty_row_xy,deterministic,11,512,62.25
fresh5_dense_grid_line_905301,dense_grid_line,5,7,penalty_row_xy,deterministic,17,1,62.25
fresh5_dense_grid_line_905301,dense_grid_line,5,7,penalty_row_xy,deterministic,17,8,62.25
fresh5_dense_grid_line_905301,dense_grid_line,5,7,penalty_row_xy,deterministic,17,32,62.25
fresh5_dense_grid_line_905301,dense_grid_line,5,7,penalty_row_xy,deterministic,17,128,62.25
fresh5_dense_grid_line_905301,dense_grid_line,5,7,penalty_row_xy,deterministic,17,512,62.25
fresh5_dense_grid_line_905301,dense_grid_line,5,7,penalty_row_xy,deterministic,23,1,62.25
fresh5_dense_grid_line_905301,dense_grid_line,5,7,penalty_row_xy,deterministic,23,8,62.25
fresh5_dense_grid_line_905301,dense_grid_line,5,7,penalty_row_xy,deterministic,23,32,62.25
fresh5_dense_grid_line_905301,dense_grid_line,5,7,penalty_row_xy,deterministic,23,128,62.25
fresh5_dense_grid_line_905301,dense_grid_line,5,7,penalty_row_xy,deterministic,23,512,62.25
fresh5_dense_grid_line_905301,dense_grid_line,5,7,penalty_row_xy,deterministic,31,1,62.249999999999986
fresh5_dense_grid_line_905301,dense_grid_line,5,7,penalty_row_xy,deterministic,31,8,62.25
fresh5_dense_grid_line_905301,dense_grid_line,5,7,penalty_row_xy,deterministic,31,32,62.25
fresh5_dense_grid_line_905301,dense_grid_line,5,7,penalty_row_xy,deterministic,31,128,62.25
fresh5_dense_grid_line_905301,dense_grid_line,5,7,penalty_row_xy,deterministic,31,512,62.25
fresh5_dense_grid_line_905301,dense_grid_line,5,7,penalty_row_xy,poor,11,1,119.11636059727088
fresh5_dense_grid_line_905301,dense_grid_line,5,7,penalty_row_xy,poor,11,8,97.50313768623926
fresh5_dense_grid_line_905301,dense_grid_line,5,7,penalty_row_xy,poor,11,32,77.27228968670354
fresh5_dense_grid_line_905301,dense_grid_line,5,7,penalty_row_xy,poor,11,128,67.85736644084291
fresh5_dense_grid_line_905301,dense_grid_line,5,7,penalty_row_xy,poor,11,512,64.08962695659257
fresh5_dense_grid_line_905301,dense_grid_line,5,7,penalty_row_xy,poor,17,1,119.42322890126164
fresh5_dense_grid_line_905301,dense_grid_line,5,7,penalty_row_xy,poor,17,8,98.68621795426697
fresh5_dense_grid_line_905301,dense_grid_line,5,7,penalty_row_xy,poor,17,32,77.98470919167764
fresh5_dense_grid_line_905301,dense_grid_line,5,7,penalty_row_xy,poor,17,128,68.37918294115202
fresh5_dense_grid_line_905301,dense_grid_line,5,7,penalty_row_xy,poor,17,512,64.69918480585585
fresh5_dense_grid_line_905301,dense_grid_line,5,7,penalty_row_xy,poor,23,1,118.98130180302219
fresh5_dense_grid_line_905301,dense_grid_line,5,7,penalty_row_xy,poor,23,8,96.82258886583516
fresh5_dense_grid_line_905301,dense_grid_line,5,7,penalty_row_xy,poor,23,32,76.32286839530201
fresh5_dense_grid_line_905301,dense_grid_line,5,7,penalty_row_xy,poor,23,128,67.16025458421282
fresh5_dense_grid_line_905301,dense_grid_line,5,7,penalty_row_xy,poor,23,512,63.70013117916025
fresh5_dense_grid_line_905301,dense_grid_line,5,7,penalty_row_xy,poor,31,1,119.4332658142554
fresh5_dense_grid_line_905301,dense_grid_line,5,7,penalty_row_xy,poor,31,8,98.7273470511319
fresh5_dense_grid_line_905301,dense_grid_line,5,7,penalty_row_xy,poor,31,32,78.02215878342464
fresh5_dense_grid_line_905301,dense_grid_line,5,7,penalty_row_xy,poor,31,128,68.40420480949564
fresh5_dense_grid_line_905301,dense_grid_line,5,7,penalty_row_xy,poor,31,512,64.72499262267729
fresh5_dense_grid_line_905301,dense_grid_line,5,7,penalty_row_xy,random,11,1,96.17958751830221
fresh5_dense_grid_line_905301,dense_grid_line,5,7,penalty_row_xy,random,11,8,89.113219670893
fresh5_dense_grid_line_905301,dense_grid_line,5,7,penalty_row_xy,random,11,32,77.2187788748635
fresh5_dense_grid_line_905301,dense_grid_line,5,7,penalty_row_xy,random,11,128,68.02646712290459
fresh5_dense_grid_line_905301,dense_grid_line,5,7,penalty_row_xy,random,11,512,64.32644294866836
fresh5_dense_grid_line_905301,dense_grid_line,5,7,penalty_row_xy,random,17,1,96.27765583332264
fresh5_dense_grid_line_905301,dense_grid_line,5,7,penalty_row_xy,random,17,8,89.73163787582389
fresh5_dense_grid_line_905301,dense_grid_line,5,7,penalty_row_xy,random,17,32,78.41054797702253
fresh5_dense_grid_line_905301,dense_grid_line,5,7,penalty_row_xy,random,17,128,68.81995901443531
fresh5_dense_grid_line_905301,dense_grid_line,5,7,penalty_row_xy,random,17,512,64.76418970612355
fresh5_dense_grid_line_905301,dense_grid_line,5,7,penalty_row_xy,random,23,1,95.95412534401817
fresh5_dense_grid_line_905301,dense_grid_line,5,7,penalty_row_xy,random,23,8,87.93360479651149
fresh5_dense_grid_line_905301,dense_grid_line,5,7,penalty_row_xy,random,23,32,75.72207489888265
fresh5_dense_grid_line_905301,dense_grid_line,5,7,penalty_row_xy,random,23,128,67.32981690267614
fresh5_dense_grid_line_905301,dense_grid_line,5,7,penalty_row_xy,random,23,512,64.30765095140667
fresh5_dense_grid_line_905301,dense_grid_line,5,7,penalty_row_xy,random,31,1,95.90248108476544
fresh5_dense_grid_line_905301,dense_grid_line,5,7,penalty_row_xy,random,31,8,87.58451728218998
fresh5_dense_grid_line_905301,dense_grid_line,5,7,penalty_row_xy,random,31,32,75.0421236077882
fresh5_dense_grid_line_905301,dense_grid_line,5,7,penalty_row_xy,random,31,128,66.97353730431475
fresh5_dense_grid_line_905301,dense_grid_line,5,7,penalty_row_xy,random,31,512,63.75815644403809
fresh5_dense_grid_line_905301,dense_grid_line,5,7,token,deterministic,11,1,62.24999999999987
fresh5_dense_grid_line_905301,dense_grid_line,5,7,token,deterministic,11,8,62.25
fresh5_dense_grid_line_905301,dense_grid_line,5,7,token,deterministic,11,32,62.25
fresh5_dense_grid_line_905301,dense_grid_line,5,7,token,deterministic,11,128,62.25
fresh5_dense_grid_line_905301,dense_grid_line,5,7,token,deterministic,11,512,62.25
fresh5_dense_grid_line_905301,dense_grid_line,5,7,token,deterministic,17,1,62.24999999999992
fresh5_dense_grid_line_905301,dense_grid_line,5,7,token,deterministic,17,8,62.25
fresh5_dense_grid_line_905301,dense_grid_line,5,7,token,deterministic,17,32,62.25
fresh5_dense_grid_line_905301,dense_grid_line,5,7,token,deterministic,17,128,62.25
fresh5_dense_grid_line_905301,dense_grid_line,5,7,token,deterministic,17,512,62.25
fresh5_dense_grid_line_905301,dense_grid_line,5,7,token,deterministic,23,1,62.24999999999983
fresh5_dense_grid_line_905301,dense_grid_line,5,7,token,deterministic,23,8,62.25
fresh5_dense_grid_line_905301,dense_grid_line,5,7,token,deterministic,23,32,62.25
fresh5_dense_grid_line_905301,dense_grid_line,5,7,token,deterministic,23,128,62.25
fresh5_dense_grid_line_905301,dense_grid_line,5,7,token,deterministic,23,512,62.25
fresh5_dense_grid_line_905301,dense_grid_line,5,7,token,deterministic,31,1,62.249999999999865
fresh5_dense_grid_line_905301,dense_grid_line,5,7,token,deterministic,31,8,62.25
fresh5_dense_grid_line_905301,dense_grid_line,5,7,token,deterministic,31,32,62.25
fresh5_dense_grid_line_905301,dense_grid_line,5,7,token,deterministic,31,128,62.25
fresh5_dense_grid_line_905301,dense_grid_line,5,7,token,deterministic,31,512,62.25
fresh5_dense_grid_line_905301,dense_grid_line,5,7,token,poor,11,1,80.17967708945028
fresh5_dense_grid_line_905301,dense_grid_line,5,7,token,poor,11,8,63.58120111582868
fresh5_dense_grid_line_905301,dense_grid_line,5,7,token,poor,11,32,62.311854020380125
fresh5_dense_grid_line_905301,dense_grid_line,5,7,token,poor,11,128,62.25095805455811
fresh5_dense_grid_line_905301,dense_grid_line,5,7,token,poor,11,512,62.25000000009097
fresh5_dense_grid_line_905301,dense_grid_line,5,7,token,poor,17,1,79.86652864573469
fresh5_dense_grid_line_905301,dense_grid_line,5,7,token,poor,17,8,63.51724494325779
fresh5_dense_grid_line_905301,dense_grid_line,5,7,token,poor,17,32,62.29630913402419
fresh5_dense_grid_line_905301,dense_grid_line,5,7,token,poor,17,128,62.250260616116044
fresh5_dense_grid_line_905301,dense_grid_line,5,7,token,poor,17,512,62.2500000000005
fresh5_dense_grid_line_905301,dense_grid_line,5,7,token,poor,23,1,79.42962910826759
fresh5_dense_grid_line_905301,dense_grid_line,5,7,token,poor,23,8,63.39165627978665
fresh5_dense_grid_line_905301,dense_grid_line,5,7,token,poor,23,32,62.28543388049646
fresh5_dense_grid_line_905301,dense_grid_line,5,7,token,poor,23,128,62.25009068103823
fresh5_dense_grid_line_905301,dense_grid_line,5,7,token,poor,23,512,62.250000000000014
fresh5_dense_grid_line_905301,dense_grid_line,5,7,token,poor,31,1,79.781834323317
fresh5_dense_grid_line_905301,dense_grid_line,5,7,token,poor,31,8,63.463208386606844
fresh5_dense_grid_line_905301,dense_grid_line,5,7,token,poor,31,32,62.29052288492794
fresh5_dense_grid_line_905301,dense_grid_line,5,7,token,poor,31,128,62.25015370207371
fresh5_dense_grid_line_905301,dense_grid_line,5,7,token,poor,31,512,62.250000000000064
fresh5_dense_grid_line_905301,dense_grid_line,5,7,token,random,11,1,84.2712691248588
fresh5_dense_grid_line_905301,dense_grid_line,5,7,token,random,11,8,71.00782392745776
fresh5_dense_grid_line_905301,dense_grid_line,5,7,token,random,11,32,68.38270045907551
fresh5_dense_grid_line_905301,dense_grid_line,5,7,token,random,11,128,65.99301434889728
fresh5_dense_grid_line_905301,dense_grid_line,5,7,token,random,11,512,63.687617762200404
fresh5_dense_grid_line_905301,dense_grid_line,5,7,token,random,17,1,84.18805930538784
fresh5_dense_grid_line_905301,dense_grid_line,5,7,token,random,17,8,71.02788979409912
fresh5_dense_grid_line_905301,dense_grid_line,5,7,token,random,17,32,68.48041439602098
fresh5_dense_grid_line_905301,dense_grid_line,5,7,token,random,17,128,66.24662617481518
fresh5_dense_grid_line_905301,dense_grid_line,5,7,token,random,17,512,64.16448190054867
fresh5_dense_grid_line_905301,dense_grid_line,5,7,token,random,23,1,85.53316683575387
fresh5_dense_grid_line_905301,dense_grid_line,5,7,token,random,23,8,70.89896370658174
fresh5_dense_grid_line_905301,dense_grid_line,5,7,token,random,23,32,67.1582038133993
fresh5_dense_grid_line_905301,dense_grid_line,5,7,token,random,23,128,64.4723364962556
fresh5_dense_grid_line_905301,dense_grid_line,5,7,token,random,23,512,63.047479669295114
fresh5_dense_grid_line_905301,dense_grid_line,5,7,token,random,31,1,84.00340419402282
fresh5_dense_grid_line_905301,dense_grid_line,5,7,token,random,31,8,71.0031905963194
fresh5_dense_grid_line_905301,dense_grid_line,5,7,token,random,31,32,68.40306911577933
fresh5_dense_grid_line_905301,dense_grid_line,5,7,token,random,31,128,66.09989766008125
fresh5_dense_grid_line_905301,dense_grid_line,5,7,token,random,31,512,64.08382472895616
fresh5_dense_grid_line_905301,dense_grid_line,5,7,uniform_feasible,deterministic,,1,62.24999999999979
fresh5_dense_grid_line_905301,dense_grid_line,5,7,uniform_feasible,deterministic,,8,62.25
fresh5_dense_grid_line_905301,dense_grid_line,5,7,uniform_feasible,deterministic,,32,62.25
fresh5_dense_grid_line_905301,dense_grid_line,5,7,uniform_feasible,deterministic,,128,62.25
fresh5_dense_grid_line_905301,dense_grid_line,5,7,uniform_feasible,deterministic,,512,62.25
fresh5_dense_grid_line_905301,dense_grid_line,5,7,uniform_feasible,poor,,1,93.8399999999997
fresh5_dense_grid_line_905301,dense_grid_line,5,7,uniform_feasible,poor,,8,73.19545826206337
fresh5_dense_grid_line_905301,dense_grid_line,5,7,uniform_feasible,poor,,32,66.62446164686185
fresh5_dense_grid_line_905301,dense_grid_line,5,7,uniform_feasible,poor,,128,63.740076105758945
fresh5_dense_grid_line_905301,dense_grid_line,5,7,uniform_feasible,poor,,512,62.43861408157058
fresh5_dense_grid_line_905301,dense_grid_line,5,7,uniform_feasible,random,,1,89.61427777777752
fresh5_dense_grid_line_905301,dense_grid_line,5,7,uniform_feasible,random,,8,73.193439660718
fresh5_dense_grid_line_905301,dense_grid_line,5,7,uniform_feasible,random,,32,66.62446164686136
fresh5_dense_grid_line_905301,dense_grid_line,5,7,uniform_feasible,random,,128,63.74007610575895
fresh5_dense_grid_line_905301,dense_grid_line,5,7,uniform_feasible,random,,512,62.43861408157058
fresh5_dense_grid_lshape_905500,dense_grid_lshape,5,7,greedy,deterministic,,1,48.059999999999995
fresh5_dense_grid_lshape_905500,dense_grid_lshape,5,7,greedy,deterministic,,8,46.97999999999999
fresh5_dense_grid_lshape_905500,dense_grid_lshape,5,7,greedy,deterministic,,32,43.42
fresh5_dense_grid_lshape_905500,dense_grid_lshape,5,7,greedy,deterministic,,128,40.64
fresh5_dense_grid_lshape_905500,dense_grid_lshape,5,7,greedy,deterministic,,512,40.64
fresh5_dense_grid_lshape_905500,dense_grid_lshape,5,7,greedy,poor,,1,95.13999999999999
fresh5_dense_grid_lshape_905500,dense_grid_lshape,5,7,greedy,poor,,8,72.69999999999999
fresh5_dense_grid_lshape_905500,dense_grid_lshape,5,7,greedy,poor,,32,52.42
fresh5_dense_grid_lshape_905500,dense_grid_lshape,5,7,greedy,poor,,128,40.64
fresh5_dense_grid_lshape_905500,dense_grid_lshape,5,7,greedy,poor,,512,40.64
fresh5_dense_grid_lshape_905500,dense_grid_lshape,5,7,greedy,random,,1,77.01999999999998
fresh5_dense_grid_lshape_905500,dense_grid_lshape,5,7,greedy,random,,8,73.0
fresh5_dense_grid_lshape_905500,dense_grid_lshape,5,7,greedy,random,,32,45.459999999999994
fresh5_dense_grid_lshape_905500,dense_grid_lshape,5,7,greedy,random,,128,40.64
fresh5_dense_grid_lshape_905500,dense_grid_lshape,5,7,greedy,random,,512,40.64
fresh5_dense_grid_lshape_905500,dense_grid_lshape,5,7,penalty_row_xy,deterministic,11,1,48.03286203853237
fresh5_dense_grid_lshape_905500,dense_grid_lshape,5,7,penalty_row_xy,deterministic,11,8,47.84663001450214
fresh5_dense_grid_lshape_905500,dense_grid_lshape,5,7,penalty_row_xy,deterministic,11,32,47.254854017557186
fresh5_dense_grid_lshape_905500,dense_grid_lshape,5,7,penalty_row_xy,deterministic,11,128,45.46444861500629
fresh5_dense_grid_lshape_905500,dense_grid_lshape,5,7,penalty_row_xy,deterministic,11,512,42.58274079246851
fresh5_dense_grid_lshape_905500,dense_grid_lshape,5,7,penalty_row_xy,deterministic,17,1,48.024383588760344
fresh5_dense_grid_lshape_905500,dense_grid_lshape,5,7,penalty_row_xy,deterministic,17,8,47.78263120851125
fresh5_dense_grid_lshape_905500,dense_grid_lshape,5,7,penalty_row_xy,deterministic,17,32,47.04541221708829
fresh5_dense_grid_lshape_905500,dense_grid_lshape,5,7,penalty_row_xy,deterministic,17,128,45.103541176700894
fresh5_dense_grid_lshape_905500,dense_grid_lshape,5,7,penalty_row_xy,deterministic,17,512,42.776287069313824
fresh5_dense_grid_lshape_905500,dense_grid_lshape,5,7,penalty_row_xy,deterministic,23,1,48.035189651400664
fresh5_dense_grid_lshape_905500,dense_grid_lshape,5,7,penalty_row_xy,deterministic,23,8,47.86761487078825
fresh5_dense_grid_lshape_905500,dense_grid_lshape,5,7,penalty_row_xy,deterministic,23,32,47.36620959643706
fresh5_dense_grid_lshape_905500,dense_grid_lshape,5,7,penalty_row_xy,deterministic,23,128,46.13850456570068
fresh5_dense_grid_lshape_905500,dense_grid_lshape,5,7,penalty_row_xy,deterministic,23,512,45.066732614340964
fresh5_dense_grid_lshape_905500,dense_grid_lshape,5,7,penalty_row_xy,deterministic,31,1,48.037455684130016
fresh5_dense_grid_lshape_905500,dense_grid_lshape,5,7,penalty_row_xy,deterministic,31,8,47.88237120536357
fresh5_dense_grid_lshape_905500,dense_grid_lshape,5,7,penalty_row_xy,deterministic,31,32,47.38495006219264
fresh5_dense_grid_lshape_905500,dense_grid_lshape,5,7,penalty_row_xy,deterministic,31,128,45.827187360741135
fresh5_dense_grid_lshape_905500,dense_grid_lshape,5,7,penalty_row_xy,deterministic,31,512,43.033206653664834
fresh5_dense_grid_lshape_905500,dense_grid_lshape,5,7,penalty_row_xy,poor,11,1,88.76852980534478
fresh5_dense_grid_lshape_905500,dense_grid_lshape,5,7,penalty_row_xy,poor,11,8,63.921004278858625
fresh5_dense_grid_lshape_905500,dense_grid_lshape,5,7,penalty_row_xy,poor,11,32,48.50197530184394
fresh5_dense_grid_lshape_905500,dense_grid_lshape,5,7,penalty_row_xy,poor,11,128,43.60503021155276
fresh5_dense_grid_lshape_905500,dense_grid_lshape,5,7,penalty_row_xy,poor,11,512,41.65385696142549
fresh5_dense_grid_lshape_905500,dense_grid_lshape,5,7,penalty_row_xy,poor,17,1,88.91379347847459
fresh5_dense_grid_lshape_905500,dense_grid_lshape,5,7,penalty_row_xy,poor,17,8,64.32780544871494
fresh5_dense_grid_lshape_905500,dense_grid_lshape,5,7,penalty_row_xy,poor,17,32,48.717428879261774
fresh5_dense_grid_lshape_905500,dense_grid_lshape,5,7,penalty_row_xy,poor,17,128,43.848591907754944
fresh5_dense_grid_lshape_905500,dense_grid_lshape,5,7,penalty_row_xy,poor,17,512,41.93054239097386
fresh5_dense_grid_lshape_905500,dense_grid_lshape,5,7,penalty_row_xy,poor,23,1,79.49593237155369
fresh5_dense_grid_lshape_905500,dense_grid_lshape,5,7,penalty_row_xy,poor,23,8,49.376695909467955
fresh5_dense_grid_lshape_905500,dense_grid_lshape,5,7,penalty_row_xy,poor,23,32,45.95185438146465
fresh5_dense_grid_lshape_905500,dense_grid_lshape,5,7,penalty_row_xy,poor,23,128,43.84714431592994
fresh5_dense_grid_lshape_905500,dense_grid_lshape,5,7,penalty_row_xy,poor,23,512,41.321623248380114
fresh5_dense_grid_lshape_905500,dense_grid_lshape,5,7,penalty_row_xy,poor,31,1,88.87152029561442
fresh5_dense_grid_lshape_905500,dense_grid_lshape,5,7,penalty_row_xy,poor,31,8,64.21032061882059
fresh5_dense_grid_lshape_905500,dense_grid_lshape,5,7,penalty_row_xy,poor,31,32,48.68422033730288
fresh5_dense_grid_lshape_905500,dense_grid_lshape,5,7,penalty_row_xy,poor,31,128,43.82029191564965
fresh5_dense_grid_lshape_905500,dense_grid_lshape,5,7,penalty_row_xy,poor,31,512,41.8623620998417
fresh5_dense_grid_lshape_905500,dense_grid_lshape,5,7,penalty_row_xy,random,11,1,73.38305574962676
fresh5_dense_grid_lshape_905500,dense_grid_lshape,5,7,penalty_row_xy,random,11,8,58.90398947314446
fresh5_dense_grid_lshape_905500,dense_grid_lshape,5,7,penalty_row_xy,random,11,32,48.49650345580324
fresh5_dense_grid_lshape_905500,dense_grid_lshape,5,7,penalty_row_xy,random,11,128,43.84164358542482
fresh5_dense_grid_lshape_905500,dense_grid_lshape,5,7,penalty_row_xy,random,11,512,41.14913799148979
fresh5_dense_grid_lshape_905500,dense_grid_lshape,5,7,penalty_row_xy,random,17,1,73.17620936956831
fresh5_dense_grid_lshape_905500,dense_grid_lshape,5,7,penalty_row_xy,random,17,8,58.09744679870313
fresh5_dense_grid_lshape_905500,dense_grid_lshape,5,7,penalty_row_xy,random,17,32,47.790470261944016
fresh5_dense_grid_lshape_905500,dense_grid_lshape,5,7,penalty_row_xy,random,17,128,43.36326462238921
fresh5_dense_grid_lshape_905500,dense_grid_lshape,5,7,penalty_row_xy,random,17,512,41.08241257559952
fresh5_dense_grid_lshape_905500,dense_grid_lshape,5,7,penalty_row_xy,random,23,1,73.48208417068349
fresh5_dense_grid_lshape_905500,dense_grid_lshape,5,7,penalty_row_xy,random,23,8,59.733855583093735
fresh5_dense_grid_lshape_905500,dense_grid_lshape,5,7,penalty_row_xy,random,23,32,49.61292935356748
fresh5_dense_grid_lshape_905500,dense_grid_lshape,5,7,penalty_row_xy,random,23,128,45.22765971581697
fresh5_dense_grid_lshape_905500,dense_grid_lshape,5,7,penalty_row_xy,random,23,512,43.229096355979216
fresh5_dense_grid_lshape_905500,dense_grid_lshape,5,7,penalty_row_xy,random,31,1,73.1753644021287
fresh5_dense_grid_lshape_905500,dense_grid_lshape,5,7,penalty_row_xy,random,31,8,58.08202658206755
fresh5_dense_grid_lshape_905500,dense_grid_lshape,5,7,penalty_row_xy,random,31,32,47.76256209631513
fresh5_dense_grid_lshape_905500,dense_grid_lshape,5,7,penalty_row_xy,random,31,128,43.34736773555104
fresh5_dense_grid_lshape_905500,dense_grid_lshape,5,7,penalty_row_xy,random,31,512,41.072949006978966
fresh5_dense_grid_lshape_905500,dense_grid_lshape,5,7,token,deterministic,11,1,47.82804447014675
fresh5_dense_grid_lshape_905500,dense_grid_lshape,5,7,token,deterministic,11,8,46.7745714591492
fresh5_dense_grid_lshape_905500,dense_grid_lshape,5,7,token,deterministic,11,32,45.96024616168865
fresh5_dense_grid_lshape_905500,dense_grid_lshape,5,7,token,deterministic,11,128,45.89244700619085
fresh5_dense_grid_lshape_905500,dense_grid_lshape,5,7,token,deterministic,11,512,45.869906592205155
fresh5_dense_grid_lshape_905500,dense_grid_lshape,5,7,token,deterministic,17,1,47.74024302924736
fresh5_dense_grid_lshape_905500,dense_grid_lshape,5,7,token,deterministic,17,8,46.7331874497427
fresh5_dense_grid_lshape_905500,dense_grid_lshape,5,7,token,deterministic,17,32,46.03647881629357
fresh5_dense_grid_lshape_905500,dense_grid_lshape,5,7,token,deterministic,17,128,45.53067845669261
fresh5_dense_grid_lshape_905500,dense_grid_lshape,5,7,token,deterministic,17,512,45.25169147693961
fresh5_dense_grid_lshape_905500,dense_grid_lshape,5,7,token,deterministic,23,1,47.65002792350265
fresh5_dense_grid_lshape_905500,dense_grid_lshape,5,7,token,deterministic,23,8,46.308127020600814
fresh5_dense_grid_lshape_905500,dense_grid_lshape,5,7,token,deterministic,23,32,45.58694788814172
fresh5_dense_grid_lshape_905500,dense_grid_lshape,5,7,token,deterministic,23,128,45.149739804112166
fresh5_dense_grid_lshape_905500,dense_grid_lshape,5,7,token,deterministic,23,512,44.6231180753886
fresh5_dense_grid_lshape_905500,dense_grid_lshape,5,7,token,deterministic,31,1,47.82809747401425
fresh5_dense_grid_lshape_905500,dense_grid_lshape,5,7,token,deterministic,31,8,46.77255056973877
fresh5_dense_grid_lshape_905500,dense_grid_lshape,5,7,token,deterministic,31,32,45.95732384837835
fresh5_dense_grid_lshape_905500,dense_grid_lshape,5,7,token,deterministic,31,128,45.890670226865566
fresh5_dense_grid_lshape_905500,dense_grid_lshape,5,7,token,deterministic,31,512,45.86284952517334
fresh5_dense_grid_lshape_905500,dense_grid_lshape,5,7,token,poor,11,1,61.92929813365441
fresh5_dense_grid_lshape_905500,dense_grid_lshape,5,7,token,poor,11,8,48.46407323653451
fresh5_dense_grid_lshape_905500,dense_grid_lshape,5,7,token,poor,11,32,43.83861424578573
fresh5_dense_grid_lshape_905500,dense_grid_lshape,5,7,token,poor,11,128,41.30085852062048
fresh5_dense_grid_lshape_905500,dense_grid_lshape,5,7,token,poor,11,512,40.64937557670171
fresh5_dense_grid_lshape_905500,dense_grid_lshape,5,7,token,poor,17,1,61.984174489532265
fresh5_dense_grid_lshape_905500,dense_grid_lshape,5,7,token,poor,17,8,48.4505647192091
fresh5_dense_grid_lshape_905500,dense_grid_lshape,5,7,token,poor,17,32,43.831530102310765
fresh5_dense_grid_lshape_905500,dense_grid_lshape,5,7,token,poor,17,128,41.26705878262544
fresh5_dense_grid_lshape_905500,dense_grid_lshape,5,7,token,poor,17,512,40.64777698886218
fresh5_dense_grid_lshape_905500,dense_grid_lshape,5,7,token,poor,23,1,62.00297353540846
fresh5_dense_grid_lshape_905500,dense_grid_lshape,5,7,token,poor,23,8,48.61270858279476
fresh5_dense_grid_lshape_905500,dense_grid_lshape,5,7,token,poor,23,32,44.98328553187205
fresh5_dense_grid_lshape_905500,dense_grid_lshape,5,7,token,poor,23,128,42.556742038949665
fresh5_dense_grid_lshape_905500,dense_grid_lshape,5,7,token,poor,23,512,40.964971785809084
fresh5_dense_grid_lshape_905500,dense_grid_lshape,5,7,token,poor,31,1,62.01294469253519
fresh5_dense_grid_lshape_905500,dense_grid_lshape,5,7,token,poor,31,8,48.61392233971224
fresh5_dense_grid_lshape_905500,dense_grid_lshape,5,7,token,poor,31,32,44.98619657933388
fresh5_dense_grid_lshape_905500,dense_grid_lshape,5,7,token,poor,31,128,42.55482905835858
fresh5_dense_grid_lshape_905500,dense_grid_lshape,5,7,token,poor,31,512,40.96266991395486
fresh5_dense_grid_lshape_905500,dense_grid_lshape,5,7,token,random,11,1,56.41681435963565
fresh5_dense_grid_lshape_905500,dense_grid_lshape,5,7,token,random,11,8,41.573923930462655
fresh5_dense_grid_lshape_905500,dense_grid_lshape,5,7,token,random,11,32,40.72537554425599
fresh5_dense_grid_lshape_905500,dense_grid_lshape,5,7,token,random,11,128,40.64021645019536
fresh5_dense_grid_lshape_905500,dense_grid_lshape,5,7,token,random,11,512,40.64000000000001
fresh5_dense_grid_lshape_905500,dense_grid_lshape,5,7,token,random,17,1,56.53750750714342
fresh5_dense_grid_lshape_905500,dense_grid_lshape,5,7,token,random,17,8,41.58139051144309
fresh5_dense_grid_lshape_905500,dense_grid_lshape,5,7,token,random,17,32,40.7227950634123
fresh5_dense_grid_lshape_905500,dense_grid_lshape,5,7,token,random,17,128,40.64019113295433
fresh5_dense_grid_lshape_905500,dense_grid_lshape,5,7,token,random,17,512,40.64000000000001
fresh5_dense_grid_lshape_905500,dense_grid_lshape,5,7,token,random,23,1,56.4030706431769
fresh5_dense_grid_lshape_905500,dense_grid_lshape,5,7,token,random,23,8,41.57299878801199
fresh5_dense_grid_lshape_905500,dense_grid_lshape,5,7,token,random,23,32,40.724542390895955
fresh5_dense_grid_lshape_905500,dense_grid_lshape,5,7,token,random,23,128,40.64020806389404
fresh5_dense_grid_lshape_905500,dense_grid_lshape,5,7,token,random,23,512,40.640000000000015
fresh5_dense_grid_lshape_905500,dense_grid_lshape,5,7,token,random,31,1,56.53257474173404
fresh5_dense_grid_lshape_905500,dense_grid_lshape,5,7,token,random,31,8,41.583169375856066
fresh5_dense_grid_lshape_905500,dense_grid_lshape,5,7,token,random,31,32,40.72585475194499
fresh5_dense_grid_lshape_905500,dense_grid_lshape,5,7,token,random,31,128,40.640221253240576
fresh5_dense_grid_lshape_905500,dense_grid_lshape,5,7,token,random,31,512,40.64000000000001
fresh5_dense_grid_lshape_905500,dense_grid_lshape,5,7,uniform_feasible,deterministic,,1,47.92726984126968
fresh5_dense_grid_lshape_905500,dense_grid_lshape,5,7,uniform_feasible,deterministic,,8,47.09148594570164
fresh5_dense_grid_lshape_905500,dense_grid_lshape,5,7,uniform_feasible,deterministic,,32,45.12891431816882
fresh5_dense_grid_lshape_905500,dense_grid_lshape,5,7,uniform_feasible,deterministic,,128,42.43958098428059
fresh5_dense_grid_lshape_905500,dense_grid_lshape,5,7,uniform_feasible,deterministic,,512,40.946125980679554
fresh5_dense_grid_lshape_905500,dense_grid_lshape,5,7,uniform_feasible,poor,,1,66.3199999999998
fresh5_dense_grid_lshape_905500,dense_grid_lshape,5,7,uniform_feasible,poor,,8,50.831700724196374
fresh5_dense_grid_lshape_905500,dense_grid_lshape,5,7,uniform_feasible,poor,,32,45.490388492345126
fresh5_dense_grid_lshape_905500,dense_grid_lshape,5,7,uniform_feasible,poor,,128,42.44048998200199
fresh5_dense_grid_lshape_905500,dense_grid_lshape,5,7,uniform_feasible,poor,,512,40.94612598068109
fresh5_dense_grid_lshape_905500,dense_grid_lshape,5,7,uniform_feasible,random,,1,65.39530158730139
fresh5_dense_grid_lshape_905500,dense_grid_lshape,5,7,uniform_feasible,random,,8,50.83170023575893
fresh5_dense_grid_lshape_905500,dense_grid_lshape,5,7,uniform_feasible,random,,32,45.49038849234512
fresh5_dense_grid_lshape_905500,dense_grid_lshape,5,7,uniform_feasible,random,,128,42.44048998200199
fresh5_dense_grid_lshape_905500,dense_grid_lshape,5,7,uniform_feasible,random,,512,40.94612598068109
fresh5_dense_grid_lshape_905501,dense_grid_lshape,5,7,greedy,deterministic,,1,45.790000000000006
fresh5_dense_grid_lshape_905501,dense_grid_lshape,5,7,greedy,deterministic,,8,40.5
fresh5_dense_grid_lshape_905501,dense_grid_lshape,5,7,greedy,deterministic,,32,40.5
fresh5_dense_grid_lshape_905501,dense_grid_lshape,5,7,greedy,deterministic,,128,38.160000000000004
fresh5_dense_grid_lshape_905501,dense_grid_lshape,5,7,greedy,deterministic,,512,38.160000000000004
fresh5_dense_grid_lshape_905501,dense_grid_lshape,5,7,greedy,poor,,1,104.63
fresh5_dense_grid_lshape_905501,dense_grid_lshape,5,7,greedy,poor,,8,70.31
fresh5_dense_grid_lshape_905501,dense_grid_lshape,5,7,greedy,poor,,32,48.470000000000006
fresh5_dense_grid_lshape_905501,dense_grid_lshape,5,7,greedy,poor,,128,38.160000000000004
fresh5_dense_grid_lshape_905501,dense_grid_lshape,5,7,greedy,poor,,512,38.160000000000004
fresh5_dense_grid_lshape_905501,dense_grid_lshape,5,7,greedy,random,,1,65.97
fresh5_dense_grid_lshape_905501,dense_grid_lshape,5,7,greedy,random,,8,54.36
fresh5_dense_grid_lshape_905501,dense_grid_lshape,5,7,greedy,random,,32,40.5
fresh5_dense_grid_lshape_905501,dense_grid_lshape,5,7,greedy,random,,128,38.160000000000004
fresh5_dense_grid_lshape_905501,dense_grid_lshape,5,7,greedy,random,,512,38.160000000000004
fresh5_dense_grid_lshape_905501,dense_grid_lshape,5,7,penalty_row_xy,deterministic,11,1,45.786888652699034
fresh5_dense_grid_lshape_905501,dense_grid_lshape,5,7,penalty_row_xy,deterministic,11,8,45.76523184741012
fresh5_dense_grid_lshape_905501,dense_grid_lshape,5,7,penalty_row_xy,deterministic,11,32,45.69257447058511
fresh5_dense_grid_lshape_905501,dense_grid_lshape,5,7,penalty_row_xy,deterministic,11,128,45.42464453708724
fresh5_dense_grid_lshape_905501,dense_grid_lshape,5,7,penalty_row_xy,deterministic,11,512,44.61838892215871
fresh5_dense_grid_lshape_905501,dense_grid_lshape,5,7,penalty_row_xy,deterministic,17,1,45.755949803929795
fresh5_dense_grid_lshape_905501,dense_grid_lshape,5,7,penalty_row_xy,deterministic,17,8,45.52443673576503
fresh5_dense_grid_lshape_905501,dense_grid_lshape,5,7,penalty_row_xy,deterministic,17,32,44.813834324363384
fresh5_dense_grid_lshape_905501,dense_grid_lshape,5,7,penalty_row_xy,deterministic,17,128,42.90244303964571
fresh5_dense_grid_lshape_905501,dense_grid_lshape,5,7,penalty_row_xy,deterministic,17,512,40.75939246033277
fresh5_dense_grid_lshape_905501,dense_grid_lshape,5,7,penalty_row_xy,deterministic,23,1,45.786158987828614
fresh5_dense_grid_lshape_905501,dense_grid_lshape,5,7,penalty_row_xy,deterministic,23,8,45.75933775244676
fresh5_dense_grid_lshape_905501,dense_grid_lshape,5,7,penalty_row_xy,deterministic,23,32,45.66824744205706
fresh5_dense_grid_lshape_905501,dense_grid_lshape,5,7,penalty_row_xy,deterministic,23,128,45.316931078390624
fresh5_dense_grid_lshape_905501,dense_grid_lshape,5,7,penalty_row_xy,deterministic,23,512,44.097485572588326
fresh5_dense_grid_lshape_905501,dense_grid_lshape,5,7,penalty_row_xy,deterministic,31,1,45.77851657422297
fresh5_dense_grid_lshape_905501,dense_grid_lshape,5,7,penalty_row_xy,deterministic,31,8,45.69876880510732
fresh5_dense_grid_lshape_905501,dense_grid_lshape,5,7,penalty_row_xy,deterministic,31,32,45.43358949265574
fresh5_dense_grid_lshape_905501,dense_grid_lshape,5,7,penalty_row_xy,deterministic,31,128,44.488539689281765
fresh5_dense_grid_lshape_905501,dense_grid_lshape,5,7,penalty_row_xy,deterministic,31,512,41.999765393384195
fresh5_dense_grid_lshape_905501,dense_grid_lshape,5,7,penalty_row_xy,poor,11,1,96.40160714872637
fresh5_dense_grid_lshape_905501,dense_grid_lshape,5,7,penalty_row_xy,poor,11,8,65.38489149808878
fresh5_dense_grid_lshape_905501,dense_grid_lshape,5,7,penalty_row_xy,poor,11,32,47.60496316820563
fresh5_dense_grid_lshape_905501,dense_grid_lshape,5,7,penalty_row_xy,poor,11,128,40.732407845488886
fresh5_dense_grid_lshape_905501,dense_grid_lshape,5,7,penalty_row_xy,poor,11,512,38.26177577883136
fresh5_dense_grid_lshape_905501,dense_grid_lshape,5,7,penalty_row_xy,poor,17,1,96.79993895282658
fresh5_dense_grid_lshape_905501,dense_grid_lshape,5,7,penalty_row_xy,poor,17,8,66.49214815214867
fresh5_dense_grid_lshape_905501,dense_grid_lshape,5,7,penalty_row_xy,poor,17,32,48.686091101747174
fresh5_dense_grid_lshape_905501,dense_grid_lshape,5,7,penalty_row_xy,poor,17,128,42.33668198987556
fresh5_dense_grid_lshape_905501,dense_grid_lshape,5,7,penalty_row_xy,poor,17,512,38.85884089036986
fresh5_dense_grid_lshape_905501,dense_grid_lshape,5,7,penalty_row_xy,poor,23,1,96.38849817431507
fresh5_dense_grid_lshape_905501,dense_grid_lshape,5,7,penalty_row_xy,poor,23,8,65.35257833587286
fresh5_dense_grid_lshape_905501,dense_grid_lshape,5,7,penalty_row_xy,poor,23,32,47.55333470216744
fresh5_dense_grid_lshape_905501,dense_grid_lshape,5,7,penalty_row_xy,poor,23,128,40.641135128845825
fresh5_dense_grid_lshape_905501,dense_grid_lshape,5,7,penalty_row_xy,poor,23,512,38.244929565919485
fresh5_dense_grid_lshape_905501,dense_grid_lshape,5,7,penalty_row_xy,poor,31,1,96.38879889771509
fresh5_dense_grid_lshape_905501,dense_grid_lshape,5,7,penalty_row_xy,poor,31,8,65.3454413514584
fresh5_dense_grid_lshape_905501,dense_grid_lshape,5,7,penalty_row_xy,poor,31,32,47.567992717556
fresh5_dense_grid_lshape_905501,dense_grid_lshape,5,7,penalty_row_xy,poor,31,128,40.69319291350858
fresh5_dense_grid_lshape_905501,dense_grid_lshape,5,7,penalty_row_xy,poor,31,512,38.25549961326046
fresh5_dense_grid_lshape_905501,dense_grid_lshape,5,7,penalty_row_xy,random,11,1,65.15714550955613
fresh5_dense_grid_lshape_905501,dense_grid_lshape,5,7,penalty_row_xy,random,11,8,60.561724623625274
fresh5_dense_grid_lshape_905501,dense_grid_lshape,5,7,penalty_row_xy,random,11,32,52.89205645715035
fresh5_dense_grid_lshape_905501,dense_grid_lshape,5,7,penalty_row_xy,random,11,128,46.89208116882939
fresh5_dense_grid_lshape_905501,dense_grid_lshape,5,7,penalty_row_xy,random,11,512,43.23975012612381
fresh5_dense_grid_lshape_905501,dense_grid_lshape,5,7,penalty_row_xy,random,17,1,65.2090996613797
fresh5_dense_grid_lshape_905501,dense_grid_lshape,5,7,penalty_row_xy,random,17,8,60.742425829087274
fresh5_dense_grid_lshape_905501,dense_grid_lshape,5,7,penalty_row_xy,random,17,32,52.4112010907293
fresh5_dense_grid_lshape_905501,dense_grid_lshape,5,7,penalty_row_xy,random,17,128,45.10524824551707
fresh5_dense_grid_lshape_905501,dense_grid_lshape,5,7,penalty_row_xy,random,17,512,41.522658979058065
fresh5_dense_grid_lshape_905501,dense_grid_lshape,5,7,penalty_row_xy,random,23,1,65.21518479742282
fresh5_dense_grid_lshape_905501,dense_grid_lshape,5,7,penalty_row_xy,random,23,8,60.7805896921565
fresh5_dense_grid_lshape_905501,dense_grid_lshape,5,7,penalty_row_xy,random,23,32,52.48729443079904
fresh5_dense_grid_lshape_905501,dense_grid_lshape,5,7,penalty_row_xy,random,23,128,45.1720151494483
fresh5_dense_grid_lshape_905501,dense_grid_lshape,5,7,penalty_row_xy,random,23,512,41.54645913021079
fresh5_dense_grid_lshape_905501,dense_grid_lshape,5,7,penalty_row_xy,random,31,1,65.20940604237376
fresh5_dense_grid_lshape_905501,dense_grid_lshape,5,7,penalty_row_xy,random,31,8,60.74511635824834
fresh5_dense_grid_lshape_905501,dense_grid_lshape,5,7,penalty_row_xy,random,31,32,52.42224350632421
fresh5_dense_grid_lshape_905501,dense_grid_lshape,5,7,penalty_row_xy,random,31,128,45.13203844057684
fresh5_dense_grid_lshape_905501,dense_grid_lshape,5,7,penalty_row_xy,random,31,512,41.554054542067824
fresh5_dense_grid_lshape_905501,dense_grid_lshape,5,7,token,deterministic,11,1,44.62387302087925
fresh5_dense_grid_lshape_905501,dense_grid_lshape,5,7,token,deterministic,11,8,41.23189983020396
fresh5_dense_grid_lshape_905501,dense_grid_lshape,5,7,token,deterministic,11,32,40.501960523687195
fresh5_dense_grid_lshape_905501,dense_grid_lshape,5,7,token,deterministic,11,128,40.49908491708525
fresh5_dense_grid_lshape_905501,dense_grid_lshape,5,7,token,deterministic,11,512,40.49634181490015
fresh5_dense_grid_lshape_905501,dense_grid_lshape,5,7,token,deterministic,17,1,44.62443089688227
fresh5_dense_grid_lshape_905501,dense_grid_lshape,5,7,token,deterministic,17,8,41.23244025525534
fresh5_dense_grid_lshape_905501,dense_grid_lshape,5,7,token,deterministic,17,32,40.501971943087455
fresh5_dense_grid_lshape_905501,dense_grid_lshape,5,7,token,deterministic,17,128,40.49912413064266
fresh5_dense_grid_lshape_905501,dense_grid_lshape,5,7,token,deterministic,17,512,40.49649848912282
fresh5_dense_grid_lshape_905501,dense_grid_lshape,5,7,token,deterministic,23,1,44.623595628316565
fresh5_dense_grid_lshape_905501,dense_grid_lshape,5,7,token,deterministic,23,8,41.23165451771089
fresh5_dense_grid_lshape_905501,dense_grid_lshape,5,7,token,deterministic,23,32,40.50196748854977
fresh5_dense_grid_lshape_905501,dense_grid_lshape,5,7,token,deterministic,23,128,40.49911351458496
fresh5_dense_grid_lshape_905501,dense_grid_lshape,5,7,token,deterministic,23,512,40.49645607284638
fresh5_dense_grid_lshape_905501,dense_grid_lshape,5,7,token,deterministic,31,1,44.62395489040563
fresh5_dense_grid_lshape_905501,dense_grid_lshape,5,7,token,deterministic,31,8,41.23198184816492
fresh5_dense_grid_lshape_905501,dense_grid_lshape,5,7,token,deterministic,31,32,40.501971568564514
fresh5_dense_grid_lshape_905501,dense_grid_lshape,5,7,token,deterministic,31,128,40.49912804511952
fresh5_dense_grid_lshape_905501,dense_grid_lshape,5,7,token,deterministic,31,512,40.49651412949368
fresh5_dense_grid_lshape_905501,dense_grid_lshape,5,7,token,poor,11,1,66.91839542156683
fresh5_dense_grid_lshape_905501,dense_grid_lshape,5,7,token,poor,11,8,53.04460409418717
fresh5_dense_grid_lshape_905501,dense_grid_lshape,5,7,token,poor,11,32,51.2675939459267
fresh5_dense_grid_lshape_905501,dense_grid_lshape,5,7,token,poor,11,128,51.1433409627752
fresh5_dense_grid_lshape_905501,dense_grid_lshape,5,7,token,poor,11,512,51.093623795436514
fresh5_dense_grid_lshape_905501,dense_grid_lshape,5,7,token,poor,17,1,67.10888383968694
fresh5_dense_grid_lshape_905501,dense_grid_lshape,5,7,token,poor,17,8,53.33360289986959
fresh5_dense_grid_lshape_905501,dense_grid_lshape,5,7,token,poor,17,32,51.335376360435106
fresh5_dense_grid_lshape_905501,dense_grid_lshape,5,7,token,poor,17,128,51.086556878849024
fresh5_dense_grid_lshape_905501,dense_grid_lshape,5,7,token,poor,17,512,50.87407941870739
fresh5_dense_grid_lshape_905501,dense_grid_lshape,5,7,token,poor,23,1,67.20557864304529
fresh5_dense_grid_lshape_905501,dense_grid_lshape,5,7,token,poor,23,8,53.507268516268375
fresh5_dense_grid_lshape_905501,dense_grid_lshape,5,7,token,poor,23,32,51.35308696488593
fresh5_dense_grid_lshape_905501,dense_grid_lshape,5,7,token,poor,23,128,50.88566249967446
fresh5_dense_grid_lshape_905501,dense_grid_lshape,5,7,token,poor,23,512,50.1634134543383
fresh5_dense_grid_lshape_905501,dense_grid_lshape,5,7,token,poor,31,1,67.30286472248713
fresh5_dense_grid_lshape_905501,dense_grid_lshape,5,7,token,poor,31,8,53.06451517743562
fresh5_dense_grid_lshape_905501,dense_grid_lshape,5,7,token,poor,31,32,51.260868991042074
fresh5_dense_grid_lshape_905501,dense_grid_lshape,5,7,token,poor,31,128,51.12535789546005
fresh5_dense_grid_lshape_905501,dense_grid_lshape,5,7,token,poor,31,512,51.0225114673499
fresh5_dense_grid_lshape_905501,dense_grid_lshape,5,7,token,random,11,1,56.03722304971838
fresh5_dense_grid_lshape_905501,dense_grid_lshape,5,7,token,random,11,8,45.78726553687379
fresh5_dense_grid_lshape_905501,dense_grid_lshape,5,7,token,random,11,32,42.037846075607675
fresh5_dense_grid_lshape_905501,dense_grid_lshape,5,7,token,random,11,128,40.35126339427893
fresh5_dense_grid_lshape_905501,dense_grid_lshape,5,7,token,random,11,512,39.77744514106533
fresh5_dense_grid_lshape_905501,dense_grid_lshape,5,7,token,random,17,1,56.051258488758386
fresh5_dense_grid_lshape_905501,dense_grid_lshape,5,7,token,random,17,8,45.788226805479454
fresh5_dense_grid_lshape_905501,dense_grid_lshape,5,7,token,random,17,32,42.03917485655671
fresh5_dense_grid_lshape_905501,dense_grid_lshape,5,7,token,random,17,128,40.35329649281215
fresh5_dense_grid_lshape_905501,dense_grid_lshape,5,7,token,random,17,512,39.78308517963803
fresh5_dense_grid_lshape_905501,dense_grid_lshape,5,7,token,random,23,1,56.045091658553375
fresh5_dense_grid_lshape_905501,dense_grid_lshape,5,7,token,random,23,8,45.78704260136666
fresh5_dense_grid_lshape_905501,dense_grid_lshape,5,7,token,random,23,32,42.036633300851776
fresh5_dense_grid_lshape_905501,dense_grid_lshape,5,7,token,random,23,128,40.34967700553767
fresh5_dense_grid_lshape_905501,dense_grid_lshape,5,7,token,random,23,512,39.772794764124015
fresh5_dense_grid_lshape_905501,dense_grid_lshape,5,7,token,random,31,1,56.0676974623693
fresh5_dense_grid_lshape_905501,dense_grid_lshape,5,7,token,random,31,8,45.788874055324804
fresh5_dense_grid_lshape_905501,dense_grid_lshape,5,7,token,random,31,32,42.03739995618901
fresh5_dense_grid_lshape_905501,dense_grid_lshape,5,7,token,random,31,128,40.34945697999981
fresh5_dense_grid_lshape_905501,dense_grid_lshape,5,7,token,random,31,512,39.77143952686074
fresh5_dense_grid_lshape_905501,dense_grid_lshape,5,7,uniform_feasible,deterministic,,1,45.74113492063477
fresh5_dense_grid_lshape_905501,dense_grid_lshape,5,7,uniform_feasible,deterministic,,8,45.41060512393416
fresh5_dense_grid_lshape_905501,dense_grid_lshape,5,7,uniform_feasible,deterministic,,32,44.41496690216496
fresh5_dense_grid_lshape_905501,dense_grid_lshape,5,7,uniform_feasible,deterministic,,128,41.87699100010309
fresh5_dense_grid_lshape_905501,dense_grid_lshape,5,7,uniform_feasible,deterministic,,512,39.041799417031754
fresh5_dense_grid_lshape_905501,dense_grid_lshape,5,7,uniform_feasible,poor,,1,70.26666666666645
fresh5_dense_grid_lshape_905501,dense_grid_lshape,5,7,uniform_feasible,poor,,8,52.68091945121311
fresh5_dense_grid_lshape_905501,dense_grid_lshape,5,7,uniform_feasible,poor,,32,46.42258098017953
fresh5_dense_grid_lshape_905501,dense_grid_lshape,5,7,uniform_feasible,poor,,128,42.016803322659065
fresh5_dense_grid_lshape_905501,dense_grid_lshape,5,7,uniform_feasible,poor,,512,39.04186484378196
fresh5_dense_grid_lshape_905501,dense_grid_lshape,5,7,uniform_feasible,random,,1,62.70135714285695
fresh5_dense_grid_lshape_905501,dense_grid_lshape,5,7,uniform_feasible,random,,8,52.62881397151952
fresh5_dense_grid_lshape_905501,dense_grid_lshape,5,7,uniform_feasible,random,,32,46.42258078781629
fresh5_dense_grid_lshape_905501,dense_grid_lshape,5,7,uniform_feasible,random,,128,42.016803322659065
fresh5_dense_grid_lshape_905501,dense_grid_lshape,5,7,uniform_feasible,random,,512,39.04186484378196
fresh5_sparse_grid_905000,sparse_grid,5,7,greedy,deterministic,,1,35.68
fresh5_sparse_grid_905000,sparse_grid,5,7,greedy,deterministic,,8,32.24
fresh5_sparse_grid_905000,sparse_grid,5,7,greedy,deterministic,,32,26.72
fresh5_sparse_grid_905000,sparse_grid,5,7,greedy,deterministic,,128,25.099999999999994
fresh5_sparse_grid_905000,sparse_grid,5,7,greedy,deterministic,,512,25.099999999999994
fresh5_sparse_grid_905000,sparse_grid,5,7,greedy,poor,,1,54.5
fresh5_sparse_grid_905000,sparse_grid,5,7,greedy,poor,,8,40.580000000000005
fresh5_sparse_grid_905000,sparse_grid,5,7,greedy,poor,,32,28.82
fresh5_sparse_grid_905000,sparse_grid,5,7,greedy,poor,,128,25.099999999999994
fresh5_sparse_grid_905000,sparse_grid,5,7,greedy,poor,,512,25.099999999999994
fresh5_sparse_grid_905000,sparse_grid,5,7,greedy,random,,1,36.86
fresh5_sparse_grid_905000,sparse_grid,5,7,greedy,random,,8,27.900000000000006
fresh5_sparse_grid_905000,sparse_grid,5,7,greedy,random,,32,25.099999999999994
fresh5_sparse_grid_905000,sparse_grid,5,7,greedy,random,,128,25.099999999999994
fresh5_sparse_grid_905000,sparse_grid,5,7,greedy,random,,512,25.099999999999994
fresh5_sparse_grid_905000,sparse_grid,5,7,penalty_row_xy,deterministic,11,1,34.508487734065426
fresh5_sparse_grid_905000,sparse_grid,5,7,penalty_row_xy,deterministic,11,8,29.79813868297235
fresh5_sparse_grid_905000,sparse_grid,5,7,penalty_row_xy,deterministic,11,32,26.78374954722652
fresh5_sparse_grid_905000,sparse_grid,5,7,penalty_row_xy,deterministic,11,128,26.006706919048177
fresh5_sparse_grid_905000,sparse_grid,5,7,penalty_row_xy,deterministic,11,512,25.435273873958128
fresh5_sparse_grid_905000,sparse_grid,5,7,penalty_row_xy,deterministic,17,1,34.599729449796385
fresh5_sparse_grid_905000,sparse_grid,5,7,penalty_row_xy,deterministic,17,8,30.07184503760113
fresh5_sparse_grid_905000,sparse_grid,5,7,penalty_row_xy,deterministic,17,32,26.921631950258426
fresh5_sparse_grid_905000,sparse_grid,5,7,penalty_row_xy,deterministic,17,128,26.23116094792037
fresh5_sparse_grid_905000,sparse_grid,5,7,penalty_row_xy,deterministic,17,512,25.76814575696778
fresh5_sparse_grid_905000,sparse_grid,5,7,penalty_row_xy,deterministic,23,1,34.596790794911215
fresh5_sparse_grid_905000,sparse_grid,5,7,penalty_row_xy,deterministic,23,8,30.063499892335397
fresh5_sparse_grid_905000,sparse_grid,5,7,penalty_row_xy,deterministic,23,32,26.91865474437741
fresh5_sparse_grid_905000,sparse_grid,5,7,penalty_row_xy,deterministic,23,128,26.226090845910218
fresh5_sparse_grid_905000,sparse_grid,5,7,penalty_row_xy,deterministic,23,512,25.758019132678765
fresh5_sparse_grid_905000,sparse_grid,5,7,penalty_row_xy,deterministic,31,1,34.63521540438769
fresh5_sparse_grid_905000,sparse_grid,5,7,penalty_row_xy,deterministic,31,8,30.21091346919735
fresh5_sparse_grid_905000,sparse_grid,5,7,penalty_row_xy,deterministic,31,32,26.97219414687169
fresh5_sparse_grid_905000,sparse_grid,5,7,penalty_row_xy,deterministic,31,128,26.13746672999545
fresh5_sparse_grid_905000,sparse_grid,5,7,penalty_row_xy,deterministic,31,512,25.59143420631051
fresh5_sparse_grid_905000,sparse_grid,5,7,penalty_row_xy,poor,11,1,51.770692834112516
fresh5_sparse_grid_905000,sparse_grid,5,7,penalty_row_xy,poor,11,8,39.927733610782795
fresh5_sparse_grid_905000,sparse_grid,5,7,penalty_row_xy,poor,11,32,30.37410063546708
fresh5_sparse_grid_905000,sparse_grid,5,7,penalty_row_xy,poor,11,128,26.84392749281206
fresh5_sparse_grid_905000,sparse_grid,5,7,penalty_row_xy,poor,11,512,25.548327528404865
fresh5_sparse_grid_905000,sparse_grid,5,7,penalty_row_xy,poor,17,1,51.808798693793605
fresh5_sparse_grid_905000,sparse_grid,5,7,penalty_row_xy,poor,17,8,40.131712100275735
fresh5_sparse_grid_905000,sparse_grid,5,7,penalty_row_xy,poor,17,32,30.69605684789332
fresh5_sparse_grid_905000,sparse_grid,5,7,penalty_row_xy,poor,17,128,27.082597214983014
fresh5_sparse_grid_905000,sparse_grid,5,7,penalty_row_xy,poor,17,512,25.615594103130277
fresh5_sparse_grid_905000,sparse_grid,5,7,penalty_row_xy,poor,23,1,51.770216960152965
fresh5_sparse_grid_905000,sparse_grid,5,7,penalty_row_xy,poor,23,8,39.926714510563066
fresh5_sparse_grid_905000,sparse_grid,5,7,penalty_row_xy,poor,23,32,30.376969350524043
fresh5_sparse_grid_905000,sparse_grid,5,7,penalty_row_xy,poor,23,128,26.849794663864472
fresh5_sparse_grid_905000,sparse_grid,5,7,penalty_row_xy,poor,23,512,25.550653090507677
fresh5_sparse_grid_905000,sparse_grid,5,7,penalty_row_xy,poor,31,1,51.702367404906
fresh5_sparse_grid_905000,sparse_grid,5,7,penalty_row_xy,poor,31,8,39.71226417273368
fresh5_sparse_grid_905000,sparse_grid,5,7,penalty_row_xy,poor,31,32,30.440277489112788
fresh5_sparse_grid_905000,sparse_grid,5,7,penalty_row_xy,poor,31,128,27.191885693556685
fresh5_sparse_grid_905000,sparse_grid,5,7,penalty_row_xy,poor,31,512,25.880647194044755
fresh5_sparse_grid_905000,sparse_grid,5,7,penalty_row_xy,random,11,1,35.915707671498375
fresh5_sparse_grid_905000,sparse_grid,5,7,penalty_row_xy,random,11,8,31.836151638643365
fresh5_sparse_grid_905000,sparse_grid,5,7,penalty_row_xy,random,11,32,28.190666120283574
fresh5_sparse_grid_905000,sparse_grid,5,7,penalty_row_xy,random,11,128,26.12676930611858
fresh5_sparse_grid_905000,sparse_grid,5,7,penalty_row_xy,random,11,512,25.329973800382614
fresh5_sparse_grid_905000,sparse_grid,5,7,penalty_row_xy,random,17,1,35.89474036395707
fresh5_sparse_grid_905000,sparse_grid,5,7,penalty_row_xy,random,17,8,31.735266874984177
fresh5_sparse_grid_905000,sparse_grid,5,7,penalty_row_xy,random,17,32,28.043140637303978
fresh5_sparse_grid_905000,sparse_grid,5,7,penalty_row_xy,random,17,128,26.00020167872229
fresh5_sparse_grid_905000,sparse_grid,5,7,penalty_row_xy,random,17,512,25.300820493984414
fresh5_sparse_grid_905000,sparse_grid,5,7,penalty_row_xy,random,23,1,35.903411169303
fresh5_sparse_grid_905000,sparse_grid,5,7,penalty_row_xy,random,23,8,31.764199889865846
fresh5_sparse_grid_905000,sparse_grid,5,7,penalty_row_xy,random,23,32,28.054015286642272
fresh5_sparse_grid_905000,sparse_grid,5,7,penalty_row_xy,random,23,128,25.989224495107948
fresh5_sparse_grid_905000,sparse_grid,5,7,penalty_row_xy,random,23,512,25.297660154572736
fresh5_sparse_grid_905000,sparse_grid,5,7,penalty_row_xy,random,31,1,35.914990636474585
fresh5_sparse_grid_905000,sparse_grid,5,7,penalty_row_xy,random,31,8,31.839256564499763
fresh5_sparse_grid_905000,sparse_grid,5,7,penalty_row_xy,random,31,32,28.20728551916258
fresh5_sparse_grid_905000,sparse_grid,5,7,penalty_row_xy,random,31,128,26.148653786434714
fresh5_sparse_grid_905000,sparse_grid,5,7,penalty_row_xy,random,31,512,25.337497265952972
fresh5_sparse_grid_905000,sparse_grid,5,7,token,deterministic,11,1,32.10207027909523
fresh5_sparse_grid_905000,sparse_grid,5,7,token,deterministic,11,8,26.736913414440057
fresh5_sparse_grid_905000,sparse_grid,5,7,token,deterministic,11,32,25.219165149114392
fresh5_sparse_grid_905000,sparse_grid,5,7,token,deterministic,11,128,25.100011441106684
fresh5_sparse_grid_905000,sparse_grid,5,7,token,deterministic,11,512,25.099999999999994
fresh5_sparse_grid_905000,sparse_grid,5,7,token,deterministic,17,1,32.11179663939199
fresh5_sparse_grid_905000,sparse_grid,5,7,token,deterministic,17,8,26.742075972737997
fresh5_sparse_grid_905000,sparse_grid,5,7,token,deterministic,17,32,25.220359476198063
fresh5_sparse_grid_905000,sparse_grid,5,7,token,deterministic,17,128,25.100011638448073
fresh5_sparse_grid_905000,sparse_grid,5,7,token,deterministic,17,512,25.099999999999994
fresh5_sparse_grid_905000,sparse_grid,5,7,token,deterministic,23,1,32.10684390826075
fresh5_sparse_grid_905000,sparse_grid,5,7,token,deterministic,23,8,26.739346507758892
fresh5_sparse_grid_905000,sparse_grid,5,7,token,deterministic,23,32,25.219336097311565
fresh5_sparse_grid_905000,sparse_grid,5,7,token,deterministic,23,128,25.100011206229187
fresh5_sparse_grid_905000,sparse_grid,5,7,token,deterministic,23,512,25.099999999999994
fresh5_sparse_grid_905000,sparse_grid,5,7,token,deterministic,31,1,32.10550118829461
fresh5_sparse_grid_905000,sparse_grid,5,7,token,deterministic,31,8,26.730707013430496
fresh5_sparse_grid_905000,sparse_grid,5,7,token,deterministic,31,32,25.217342146887155
fresh5_sparse_grid_905000,sparse_grid,5,7,token,deterministic,31,128,25.100010678606086
fresh5_sparse_grid_905000,sparse_grid,5,7,token,deterministic,31,512,25.099999999999994
fresh5_sparse_grid_905000,sparse_grid,5,7,token,poor,11,1,32.88567380600996
fresh5_sparse_grid_905000,sparse_grid,5,7,token,poor,11,8,27.107170517868532
fresh5_sparse_grid_905000,sparse_grid,5,7,token,poor,11,32,25.908305438790386
fresh5_sparse_grid_905000,sparse_grid,5,7,token,poor,11,128,25.31401343459332
fresh5_sparse_grid_905000,sparse_grid,5,7,token,poor,11,512,25.142020704791133
fresh5_sparse_grid_905000,sparse_grid,5,7,token,poor,17,1,32.71849696701073
fresh5_sparse_grid_905000,sparse_grid,5,7,token,poor,17,8,27.10754382872976
fresh5_sparse_grid_905000,sparse_grid,5,7,token,poor,17,32,25.90465215473527
fresh5_sparse_grid_905000,sparse_grid,5,7,token,poor,17,128,25.31736336687926
fresh5_sparse_grid_905000,sparse_grid,5,7,token,poor,17,512,25.1526685002545
fresh5_sparse_grid_905000,sparse_grid,5,7,token,poor,23,1,32.74290072204492
fresh5_sparse_grid_905000,sparse_grid,5,7,token,poor,23,8,27.12015940588012
fresh5_sparse_grid_905000,sparse_grid,5,7,token,poor,23,32,25.892041835508856
fresh5_sparse_grid_905000,sparse_grid,5,7,token,poor,23,128,25.31252838533539
fresh5_sparse_grid_905000,sparse_grid,5,7,token,poor,23,512,25.15849000874758
fresh5_sparse_grid_905000,sparse_grid,5,7,token,poor,31,1,32.88465248071577
fresh5_sparse_grid_905000,sparse_grid,5,7,token,poor,31,8,27.106728289363247
fresh5_sparse_grid_905000,sparse_grid,5,7,token,poor,31,32,25.90713423087077
fresh5_sparse_grid_905000,sparse_grid,5,7,token,poor,31,128,25.31320172833757
fresh5_sparse_grid_905000,sparse_grid,5,7,token,poor,31,512,25.141749415731667
fresh5_sparse_grid_905000,sparse_grid,5,7,token,random,11,1,33.075095508597414
fresh5_sparse_grid_905000,sparse_grid,5,7,token,random,11,8,27.563129118505778
fresh5_sparse_grid_905000,sparse_grid,5,7,token,random,11,32,25.955914183987478
fresh5_sparse_grid_905000,sparse_grid,5,7,token,random,11,128,25.210547139008927
fresh5_sparse_grid_905000,sparse_grid,5,7,token,random,11,512,25.100105772944584
fresh5_sparse_grid_905000,sparse_grid,5,7,token,random,17,1,33.085018139127534
fresh5_sparse_grid_905000,sparse_grid,5,7,token,random,17,8,27.563664271302425
fresh5_sparse_grid_905000,sparse_grid,5,7,token,random,17,32,25.959567947400544
fresh5_sparse_grid_905000,sparse_grid,5,7,token,random,17,128,25.21453550237538
fresh5_sparse_grid_905000,sparse_grid,5,7,token,random,17,512,25.10011972441653
fresh5_sparse_grid_905000,sparse_grid,5,7,token,random,23,1,33.109218271133145
fresh5_sparse_grid_905000,sparse_grid,5,7,token,random,23,8,27.56925584953393
fresh5_sparse_grid_905000,sparse_grid,5,7,token,random,23,32,25.95994031090158
fresh5_sparse_grid_905000,sparse_grid,5,7,token,random,23,128,25.212723575990992
fresh5_sparse_grid_905000,sparse_grid,5,7,token,random,23,512,25.100109507118912
fresh5_sparse_grid_905000,sparse_grid,5,7,token,random,31,1,33.07618380148986
fresh5_sparse_grid_905000,sparse_grid,5,7,token,random,31,8,27.56277365667653
fresh5_sparse_grid_905000,sparse_grid,5,7,token,random,31,32,25.957420905984566
fresh5_sparse_grid_905000,sparse_grid,5,7,token,random,31,128,25.211950704398152
fresh5_sparse_grid_905000,sparse_grid,5,7,token,random,31,512,25.100111594345616
fresh5_sparse_grid_905000,sparse_grid,5,7,uniform_feasible,deterministic,,1,33.93830158730151
fresh5_sparse_grid_905000,sparse_grid,5,7,uniform_feasible,deterministic,,8,29.1905127939697
fresh5_sparse_grid_905000,sparse_grid,5,7,uniform_feasible,deterministic,,32,26.80066132314303
fresh5_sparse_grid_905000,sparse_grid,5,7,uniform_feasible,deterministic,,128,25.641762203087858
fresh5_sparse_grid_905000,sparse_grid,5,7,uniform_feasible,deterministic,,512,25.142455588698713
fresh5_sparse_grid_905000,sparse_grid,5,7,uniform_feasible,poor,,1,37.276190476190386
fresh5_sparse_grid_905000,sparse_grid,5,7,uniform_feasible,poor,,8,29.20061264115059
fresh5_sparse_grid_905000,sparse_grid,5,7,uniform_feasible,poor,,32,26.800661325320032
fresh5_sparse_grid_905000,sparse_grid,5,7,uniform_feasible,poor,,128,25.641762203087858
fresh5_sparse_grid_905000,sparse_grid,5,7,uniform_feasible,poor,,512,25.142455588698713
fresh5_sparse_grid_905000,sparse_grid,5,7,uniform_feasible,random,,1,34.560698412698336
fresh5_sparse_grid_905000,sparse_grid,5,7,uniform_feasible,random,,8,29.19772708665495
fresh5_sparse_grid_905000,sparse_grid,5,7,uniform_feasible,random,,32,26.800661325286452
fresh5_sparse_grid_905000,sparse_grid,5,7,uniform_feasible,random,,128,25.641762203087858
fresh5_sparse_grid_905000,sparse_grid,5,7,uniform_feasible,random,,512,25.142455588698713
fresh5_sparse_grid_905001,sparse_grid,5,7,greedy,deterministic,,1,15.87
fresh5_sparse_grid_905001,sparse_grid,5,7,greedy,deterministic,,8,15.87
fresh5_sparse_grid_905001,sparse_grid,5,7,greedy,deterministic,,32,15.87
fresh5_sparse_grid_905001,sparse_grid,5,7,greedy,deterministic,,128,15.87
fresh5_sparse_grid_905001,sparse_grid,5,7,greedy,deterministic,,512,15.87
fresh5_sparse_grid_905001,sparse_grid,5,7,greedy,poor,,1,42.08
fresh5_sparse_grid_905001,sparse_grid,5,7,greedy,poor,,8,24.659999999999997
fresh5_sparse_grid_905001,sparse_grid,5,7,greedy,poor,,32,18.689999999999998
fresh5_sparse_grid_905001,sparse_grid,5,7,greedy,poor,,128,16.04
fresh5_sparse_grid_905001,sparse_grid,5,7,greedy,poor,,512,16.04
fresh5_sparse_grid_905001,sparse_grid,5,7,greedy,random,,1,18.459999999999997
fresh5_sparse_grid_905001,sparse_grid,5,7,greedy,random,,8,18.459999999999997
fresh5_sparse_grid_905001,sparse_grid,5,7,greedy,random,,32,15.87
fresh5_sparse_grid_905001,sparse_grid,5,7,greedy,random,,128,13.219999999999999
fresh5_sparse_grid_905001,sparse_grid,5,7,greedy,random,,512,13.219999999999999
fresh5_sparse_grid_905001,sparse_grid,5,7,penalty_row_xy,deterministic,11,1,15.869870139105588
fresh5_sparse_grid_905001,sparse_grid,5,7,penalty_row_xy,deterministic,11,8,15.868961298464916
fresh5_sparse_grid_905001,sparse_grid,5,7,penalty_row_xy,deterministic,11,32,15.86584773809492
fresh5_sparse_grid_905001,sparse_grid,5,7,penalty_row_xy,deterministic,11,128,15.853431572975117
fresh5_sparse_grid_905001,sparse_grid,5,7,penalty_row_xy,deterministic,11,512,15.804370682155325
fresh5_sparse_grid_905001,sparse_grid,5,7,penalty_row_xy,deterministic,17,1,15.86989339895151
fresh5_sparse_grid_905001,sparse_grid,5,7,penalty_row_xy,deterministic,17,8,15.869147320916051
fresh5_sparse_grid_905001,sparse_grid,5,7,penalty_row_xy,deterministic,17,32,15.866591056099928
fresh5_sparse_grid_905001,sparse_grid,5,7,penalty_row_xy,deterministic,17,128,15.856392529766412
fresh5_sparse_grid_905001,sparse_grid,5,7,penalty_row_xy,deterministic,17,512,15.816019596463779
fresh5_sparse_grid_905001,sparse_grid,5,7,penalty_row_xy,deterministic,23,1,15.869788502559182
fresh5_sparse_grid_905001,sparse_grid,5,7,penalty_row_xy,deterministic,23,8,15.868308508274094
fresh5_sparse_grid_905001,sparse_grid,5,7,penalty_row_xy,deterministic,23,32,15.863240717022734
fresh5_sparse_grid_905001,sparse_grid,5,7,penalty_row_xy,deterministic,23,128,15.843069445854717
fresh5_sparse_grid_905001,sparse_grid,5,7,penalty_row_xy,deterministic,23,512,15.763959924215062
fresh5_sparse_grid_905001,sparse_grid,5,7,penalty_row_xy,deterministic,31,1,15.869057275484552
fresh5_sparse_grid_905001,sparse_grid,5,7,penalty_row_xy,deterministic,31,8,15.862467941916067
fresh5_sparse_grid_905001,sparse_grid,5,7,penalty_row_xy,deterministic,31,32,15.840004786783492
fresh5_sparse_grid_905001,sparse_grid,5,7,penalty_row_xy,deterministic,31,128,15.752114976309178
fresh5_sparse_grid_905001,sparse_grid,5,7,penalty_row_xy,deterministic,31,512,15.430016602617785
fresh5_sparse_grid_905001,sparse_grid,5,7,penalty_row_xy,poor,11,1,38.38410651588668
fresh5_sparse_grid_905001,sparse_grid,5,7,penalty_row_xy,poor,11,8,24.65202889702087
fresh5_sparse_grid_905001,sparse_grid,5,7,penalty_row_xy,poor,11,32,17.2301733462427
fresh5_sparse_grid_905001,sparse_grid,5,7,penalty_row_xy,poor,11,128,15.362490638611247
fresh5_sparse_grid_905001,sparse_grid,5,7,penalty_row_xy,poor,11,512,14.10118027091269
fresh5_sparse_grid_905001,sparse_grid,5,7,penalty_row_xy,poor,17,1,36.74423950053201
fresh5_sparse_grid_905001,sparse_grid,5,7,penalty_row_xy,poor,17,8,22.850799244729924
fresh5_sparse_grid_905001,sparse_grid,5,7,penalty_row_xy,poor,17,32,18.181805610237433
fresh5_sparse_grid_905001,sparse_grid,5,7,penalty_row_xy,poor,17,128,16.76375119629126
fresh5_sparse_grid_905001,sparse_grid,5,7,penalty_row_xy,poor,17,512,15.647005644991406
fresh5_sparse_grid_905001,sparse_grid,5,7,penalty_row_xy,poor,23,1,37.93170740812366
fresh5_sparse_grid_905001,sparse_grid,5,7,penalty_row_xy,poor,23,8,24.345338377621538
fresh5_sparse_grid_905001,sparse_grid,5,7,penalty_row_xy,poor,23,32,18.38576937119057
fresh5_sparse_grid_905001,sparse_grid,5,7,penalty_row_xy,poor,23,128,16.605521321645828
fresh5_sparse_grid_905001,sparse_grid,5,7,penalty_row_xy,poor,23,512,15.73935710652413
fresh5_sparse_grid_905001,sparse_grid,5,7,penalty_row_xy,poor,31,1,37.57395189888063
fresh5_sparse_grid_905001,sparse_grid,5,7,penalty_row_xy,poor,31,8,23.813152850818042
fresh5_sparse_grid_905001,sparse_grid,5,7,penalty_row_xy,poor,31,32,18.245308758565432
fresh5_sparse_grid_905001,sparse_grid,5,7,penalty_row_xy,poor,31,128,16.6219220154355
fresh5_sparse_grid_905001,sparse_grid,5,7,penalty_row_xy,poor,31,512,15.684752002662904
fresh5_sparse_grid_905001,sparse_grid,5,7,penalty_row_xy,random,11,1,18.43674306859574
fresh5_sparse_grid_905001,sparse_grid,5,7,penalty_row_xy,random,11,8,18.27950096110242
fresh5_sparse_grid_905001,sparse_grid,5,7,penalty_row_xy,random,11,32,17.80724688178909
fresh5_sparse_grid_905001,sparse_grid,5,7,penalty_row_xy,random,11,128,16.633155481173024
fresh5_sparse_grid_905001,sparse_grid,5,7,penalty_row_xy,random,11,512,15.432312001694829
fresh5_sparse_grid_905001,sparse_grid,5,7,penalty_row_xy,random,17,1,18.415654175502855
fresh5_sparse_grid_905001,sparse_grid,5,7,penalty_row_xy,random,17,8,18.124475968562955
fresh5_sparse_grid_905001,sparse_grid,5,7,penalty_row_xy,random,17,32,17.340027924153816
fresh5_sparse_grid_905001,sparse_grid,5,7,penalty_row_xy,random,17,128,15.948108027386358
fresh5_sparse_grid_905001,sparse_grid,5,7,penalty_row_xy,random,17,512,14.933730017861345
fresh5_sparse_grid_905001,sparse_grid,5,7,penalty_row_xy,random,23,1,18.426525836004007
fresh5_sparse_grid_905001,sparse_grid,5,7,penalty_row_xy,random,23,8,18.202628274961278
fresh5_sparse_grid_905001,sparse_grid,5,7,penalty_row_xy,random,23,32,17.555877867311615
fresh5_sparse_grid_905001,sparse_grid,5,7,penalty_row_xy,random,23,128,16.116270537765754
fresh5_sparse_grid_905001,sparse_grid,5,7,penalty_row_xy,random,23,512,14.778732483688149
fresh5_sparse_grid_905001,sparse_grid,5,7,penalty_row_xy,random,31,1,18.427163633836354
fresh5_sparse_grid_905001,sparse_grid,5,7,penalty_row_xy,random,31,8,18.207287322335418
fresh5_sparse_grid_905001,sparse_grid,5,7,penalty_row_xy,random,31,32,17.56954348248633
fresh5_sparse_grid_905001,sparse_grid,5,7,penalty_row_xy,random,31,128,16.131773798660106
fresh5_sparse_grid_905001,sparse_grid,5,7,penalty_row_xy,random,31,512,14.763584861483585
fresh5_sparse_grid_905001,sparse_grid,5,7,token,deterministic,11,1,15.67910260738203
fresh5_sparse_grid_905001,sparse_grid,5,7,token,deterministic,11,8,14.677410108201908
fresh5_sparse_grid_905001,sparse_grid,5,7,token,deterministic,11,32,13.463086590513308
fresh5_sparse_grid_905001,sparse_grid,5,7,token,deterministic,11,128,13.220194400876814
fresh5_sparse_grid_905001,sparse_grid,5,7,token,deterministic,11,512,13.219999999999999
fresh5_sparse_grid_905001,sparse_grid,5,7,token,deterministic,17,1,15.678594003260477
fresh5_sparse_grid_905001,sparse_grid,5,7,token,deterministic,17,8,14.675055295611884
fresh5_sparse_grid_905001,sparse_grid,5,7,token,deterministic,17,32,13.46163494848174
fresh5_sparse_grid_905001,sparse_grid,5,7,token,deterministic,17,128,13.220190853542718
fresh5_sparse_grid_905001,sparse_grid,5,7,token,deterministic,17,512,13.219999999999999
fresh5_sparse_grid_905001,sparse_grid,5,7,token,deterministic,23,1,15.679298762463478
fresh5_sparse_grid_905001,sparse_grid,5,7,token,deterministic,23,8,14.6782575374583
fresh5_sparse_grid_905001,sparse_grid,5,7,token,deterministic,23,32,13.46347525976568
fresh5_sparse_grid_905001,sparse_grid,5,7,token,deterministic,23,128,13.220193941142453
fresh5_sparse_grid_905001,sparse_grid,5,7,token,deterministic,23,512,13.219999999999999
fresh5_sparse_grid_905001,sparse_grid,5,7,token,deterministic,31,1,15.679149868761074
fresh5_sparse_grid_905001,sparse_grid,5,7,token,deterministic,31,8,14.677652124660574
fresh5_sparse_grid_905001,sparse_grid,5,7,token,deterministic,31,32,13.463286144099422
fresh5_sparse_grid_905001,sparse_grid,5,7,token,deterministic,31,128,13.220195397051508
fresh5_sparse_grid_905001,sparse_grid,5,7,token,deterministic,31,512,13.219999999999999
fresh5_sparse_grid_905001,sparse_grid,5,7,token,poor,11,1,21.443006912745158
fresh5_sparse_grid_905001,sparse_grid,5,7,token,poor,11,8,14.960148782387002
fresh5_sparse_grid_905001,sparse_grid,5,7,token,poor,11,32,13.633713913888434
fresh5_sparse_grid_905001,sparse_grid,5,7,token,poor,11,128,13.221574763738007
fresh5_sparse_grid_905001,sparse_grid,5,7,token,poor,11,512,13.220000000000331
fresh5_sparse_grid_905001,sparse_grid,5,7,token,poor,17,1,21.83794047491548
fresh5_sparse_grid_905001,sparse_grid,5,7,token,poor,17,8,15.033005807449356
fresh5_sparse_grid_905001,sparse_grid,5,7,token,poor,17,32,13.655664321229404
fresh5_sparse_grid_905001,sparse_grid,5,7,token,poor,17,128,13.221936468392007
fresh5_sparse_grid_905001,sparse_grid,5,7,token,poor,17,512,13.220000000000761
fresh5_sparse_grid_905001,sparse_grid,5,7,token,poor,23,1,23.28062052932002
fresh5_sparse_grid_905001,sparse_grid,5,7,token,poor,23,8,16.122561845363105
fresh5_sparse_grid_905001,sparse_grid,5,7,token,poor,23,32,15.00966771220123
fresh5_sparse_grid_905001,sparse_grid,5,7,token,poor,23,128,13.769535602010281
fresh5_sparse_grid_905001,sparse_grid,5,7,token,poor,23,512,13.22493135402244
fresh5_sparse_grid_905001,sparse_grid,5,7,token,poor,31,1,21.331159337530146
fresh5_sparse_grid_905001,sparse_grid,5,7,token,poor,31,8,14.943713628041438
fresh5_sparse_grid_905001,sparse_grid,5,7,token,poor,31,32,13.612324614777759
fresh5_sparse_grid_905001,sparse_grid,5,7,token,poor,31,128,13.221273562163512
fresh5_sparse_grid_905001,sparse_grid,5,7,token,poor,31,512,13.220000000000141
fresh5_sparse_grid_905001,sparse_grid,5,7,token,random,11,1,18.327554180365063
fresh5_sparse_grid_905001,sparse_grid,5,7,token,random,11,8,17.582058616438463
fresh5_sparse_grid_905001,sparse_grid,5,7,token,random,11,32,16.433134161755593
fresh5_sparse_grid_905001,sparse_grid,5,7,token,random,11,128,16.00854432436961
fresh5_sparse_grid_905001,sparse_grid,5,7,token,random,11,512,15.911395653461785
fresh5_sparse_grid_905001,sparse_grid,5,7,token,random,17,1,18.329081842030657
fresh5_sparse_grid_905001,sparse_grid,5,7,token,random,17,8,17.590369687961072
fresh5_sparse_grid_905001,sparse_grid,5,7,token,random,17,32,16.44223432590372
fresh5_sparse_grid_905001,sparse_grid,5,7,token,random,17,128,16.010779963747165
fresh5_sparse_grid_905001,sparse_grid,5,7,token,random,17,512,15.919690692481593
fresh5_sparse_grid_905001,sparse_grid,5,7,token,random,23,1,18.326147901276382
fresh5_sparse_grid_905001,sparse_grid,5,7,token,random,23,8,17.57452828967378
fresh5_sparse_grid_905001,sparse_grid,5,7,token,random,23,32,16.425835187247664
fresh5_sparse_grid_905001,sparse_grid,5,7,token,random,23,128,16.011135097813288
fresh5_sparse_grid_905001,sparse_grid,5,7,token,random,23,512,15.922391328053374
fresh5_sparse_grid_905001,sparse_grid,5,7,token,random,31,1,18.326268742911413
fresh5_sparse_grid_905001,sparse_grid,5,7,token,random,31,8,17.57521202325112
fresh5_sparse_grid_905001,sparse_grid,5,7,token,random,31,32,16.426845879560698
fresh5_sparse_grid_905001,sparse_grid,5,7,token,random,31,128,16.012835719408972
fresh5_sparse_grid_905001,sparse_grid,5,7,token,random,31,512,15.929474556459073
fresh5_sparse_grid_905001,sparse_grid,5,7,uniform_feasible,deterministic,,1,15.85687301587296
fresh5_sparse_grid_905001,sparse_grid,5,7,uniform_feasible,deterministic,,8,15.767108918637772
fresh5_sparse_grid_905001,sparse_grid,5,7,uniform_feasible,deterministic,,32,15.485569639191707
fresh5_sparse_grid_905001,sparse_grid,5,7,uniform_feasible,deterministic,,128,14.668540903685209
fresh5_sparse_grid_905001,sparse_grid,5,7,uniform_feasible,deterministic,,512,13.508160498672897
fresh5_sparse_grid_905001,sparse_grid,5,7,uniform_feasible,poor,,1,25.18095238095232
fresh5_sparse_grid_905001,sparse_grid,5,7,uniform_feasible,poor,,8,18.366364344281482
fresh5_sparse_grid_905001,sparse_grid,5,7,uniform_feasible,poor,,32,16.108376953970875
fresh5_sparse_grid_905001,sparse_grid,5,7,uniform_feasible,poor,,128,14.69227945741885
fresh5_sparse_grid_905001,sparse_grid,5,7,uniform_feasible,poor,,512,13.508174115495203
fresh5_sparse_grid_905001,sparse_grid,5,7,uniform_feasible,random,,1,18.32335714285708
fresh5_sparse_grid_905001,sparse_grid,5,7,uniform_feasible,random,,8,17.5301131204305
fresh5_sparse_grid_905001,sparse_grid,5,7,uniform_feasible,random,,32,16.088596897405377
fresh5_sparse_grid_905001,sparse_grid,5,7,uniform_feasible,random,,128,14.692278917086403
fresh5_sparse_grid_905001,sparse_grid,5,7,uniform_feasible,random,,512,13.508174115495203
fresh5_sparse_grid_line_905200,sparse_grid_line,5,7,greedy,deterministic,,1,57.16
fresh5_sparse_grid_line_905200,sparse_grid_line,5,7,greedy,deterministic,,8,51.65999999999999
fresh5_sparse_grid_line_905200,sparse_grid_line,5,7,greedy,deterministic,,32,44.4
fresh5_sparse_grid_line_905200,sparse_grid_line,5,7,greedy,deterministic,,128,40.36
fresh5_sparse_grid_line_905200,sparse_grid_line,5,7,greedy,deterministic,,512,40.36
fresh5_sparse_grid_line_905200,sparse_grid_line,5,7,greedy,poor,,1,98.16
fresh5_sparse_grid_line_905200,sparse_grid_line,5,7,greedy,poor,,8,61.91999999999999
fresh5_sparse_grid_line_905200,sparse_grid_line,5,7,greedy,poor,,32,54.00000000000001
fresh5_sparse_grid_line_905200,sparse_grid_line,5,7,greedy,poor,,128,40.36
fresh5_sparse_grid_line_905200,sparse_grid_line,5,7,greedy,poor,,512,40.36
fresh5_sparse_grid_line_905200,sparse_grid_line,5,7,greedy,random,,1,65.8
fresh5_sparse_grid_line_905200,sparse_grid_line,5,7,greedy,random,,8,49.239999999999995
fresh5_sparse_grid_line_905200,sparse_grid_line,5,7,greedy,random,,32,44.1
fresh5_sparse_grid_line_905200,sparse_grid_line,5,7,greedy,random,,128,40.36
fresh5_sparse_grid_line_905200,sparse_grid_line,5,7,greedy,random,,512,40.36
fresh5_sparse_grid_line_905200,sparse_grid_line,5,7,penalty_row_xy,deterministic,11,1,56.93652249672705
fresh5_sparse_grid_line_905200,sparse_grid_line,5,7,penalty_row_xy,deterministic,11,8,55.50514076542416
fresh5_sparse_grid_line_905200,sparse_grid_line,5,7,penalty_row_xy,deterministic,11,32,51.96102316966092
fresh5_sparse_grid_line_905200,sparse_grid_line,5,7,penalty_row_xy,deterministic,11,128,46.6997090261328
fresh5_sparse_grid_line_905200,sparse_grid_line,5,7,penalty_row_xy,deterministic,11,512,43.543552481208245
fresh5_sparse_grid_line_905200,sparse_grid_line,5,7,penalty_row_xy,deterministic,17,1,56.41640881102797
fresh5_sparse_grid_line_905200,sparse_grid_line,5,7,penalty_row_xy,deterministic,17,8,52.44325651570989
fresh5_sparse_grid_line_905200,sparse_grid_line,5,7,penalty_row_xy,deterministic,17,32,47.11423217907725
fresh5_sparse_grid_line_905200,sparse_grid_line,5,7,penalty_row_xy,deterministic,17,128,44.88944826397173
fresh5_sparse_grid_line_905200,sparse_grid_line,5,7,penalty_row_xy,deterministic,17,512,43.697181786691765
fresh5_sparse_grid_line_905200,sparse_grid_line,5,7,penalty_row_xy,deterministic,23,1,56.306030541229596
fresh5_sparse_grid_line_905200,sparse_grid_line,5,7,penalty_row_xy,deterministic,23,8,51.94620590619932
fresh5_sparse_grid_line_905200,sparse_grid_line,5,7,penalty_row_xy,deterministic,23,32,46.85536849105776
fresh5_sparse_grid_line_905200,sparse_grid_line,5,7,penalty_row_xy,deterministic,23,128,45.10807282112133
fresh5_sparse_grid_line_905200,sparse_grid_line,5,7,penalty_row_xy,deterministic,23,512,44.06091088123641
fresh5_sparse_grid_line_905200,sparse_grid_line,5,7,penalty_row_xy,deterministic,31,1,56.97311956491513
fresh5_sparse_grid_line_905200,sparse_grid_line,5,7,penalty_row_xy,deterministic,31,8,55.77690621084864
fresh5_sparse_grid_line_905200,sparse_grid_line,5,7,penalty_row_xy,deterministic,31,32,52.81341315954419
fresh5_sparse_grid_line_905200,sparse_grid_line,5,7,penalty_row_xy,deterministic,31,128,48.25085526936685
fresh5_sparse_grid_line_905200,sparse_grid_line,5,7,penalty_row_xy,deterministic,31,512,45.02772352923926
fresh5_sparse_grid_line_905200,sparse_grid_line,5,7,penalty_row_xy,poor,11,1,93.80960377346645
fresh5_sparse_grid_line_905200,sparse_grid_line,5,7,penalty_row_xy,poor,11,8,73.98928462165134
fresh5_sparse_grid_line_905200,sparse_grid_line,5,7,penalty_row_xy,poor,11,32,55.72336590976607
fresh5_sparse_grid_line_905200,sparse_grid_line,5,7,penalty_row_xy,poor,11,128,47.97301503058672
fresh5_sparse_grid_line_905200,sparse_grid_line,5,7,penalty_row_xy,poor,11,512,44.39761667494819
fresh5_sparse_grid_line_905200,sparse_grid_line,5,7,penalty_row_xy,poor,17,1,93.57426948530379
fresh5_sparse_grid_line_905200,sparse_grid_line,5,7,penalty_row_xy,poor,17,8,73.22042419663585
fresh5_sparse_grid_line_905200,sparse_grid_line,5,7,penalty_row_xy,poor,17,32,55.32892631418808
fresh5_sparse_grid_line_905200,sparse_grid_line,5,7,penalty_row_xy,poor,17,128,47.49154988081087
fresh5_sparse_grid_line_905200,sparse_grid_line,5,7,penalty_row_xy,poor,17,512,43.51257381321186
fresh5_sparse_grid_line_905200,sparse_grid_line,5,7,penalty_row_xy,poor,23,1,93.80844177001723
fresh5_sparse_grid_line_905200,sparse_grid_line,5,7,penalty_row_xy,poor,23,8,73.98496414656836
fresh5_sparse_grid_line_905200,sparse_grid_line,5,7,penalty_row_xy,poor,23,32,55.7230352023769
fresh5_sparse_grid_line_905200,sparse_grid_line,5,7,penalty_row_xy,poor,23,128,47.97907892941006
fresh5_sparse_grid_line_905200,sparse_grid_line,5,7,penalty_row_xy,poor,23,512,44.40073410338153
fresh5_sparse_grid_line_905200,sparse_grid_line,5,7,penalty_row_xy,poor,31,1,93.70191331338614
fresh5_sparse_grid_line_905200,sparse_grid_line,5,7,penalty_row_xy,poor,31,8,73.68067937638895
fresh5_sparse_grid_line_905200,sparse_grid_line,5,7,penalty_row_xy,poor,31,32,55.77938056121008
fresh5_sparse_grid_line_905200,sparse_grid_line,5,7,penalty_row_xy,poor,31,128,47.76624305965882
fresh5_sparse_grid_line_905200,sparse_grid_line,5,7,penalty_row_xy,poor,31,512,43.58516257636765
fresh5_sparse_grid_line_905200,sparse_grid_line,5,7,penalty_row_xy,random,11,1,65.21849454299799
fresh5_sparse_grid_line_905200,sparse_grid_line,5,7,penalty_row_xy,random,11,8,61.7545879570738
fresh5_sparse_grid_line_905200,sparse_grid_line,5,7,penalty_row_xy,random,11,32,54.95137879866781
fresh5_sparse_grid_line_905200,sparse_grid_line,5,7,penalty_row_xy,random,11,128,48.30437649090658
fresh5_sparse_grid_line_905200,sparse_grid_line,5,7,penalty_row_xy,random,11,512,44.58689437193899
fresh5_sparse_grid_line_905200,sparse_grid_line,5,7,penalty_row_xy,random,17,1,65.21505971317606
fresh5_sparse_grid_line_905200,sparse_grid_line,5,7,penalty_row_xy,random,17,8,61.734711478841085
fresh5_sparse_grid_line_905200,sparse_grid_line,5,7,penalty_row_xy,random,17,32,54.92630746416772
fresh5_sparse_grid_line_905200,sparse_grid_line,5,7,penalty_row_xy,random,17,128,48.33105946168855
fresh5_sparse_grid_line_905200,sparse_grid_line,5,7,penalty_row_xy,random,17,512,44.65610578679016
fresh5_sparse_grid_line_905200,sparse_grid_line,5,7,penalty_row_xy,random,23,1,65.2163870478813
fresh5_sparse_grid_line_905200,sparse_grid_line,5,7,penalty_row_xy,random,23,8,61.741909960499626
fresh5_sparse_grid_line_905200,sparse_grid_line,5,7,penalty_row_xy,random,23,32,54.931624899336086
fresh5_sparse_grid_line_905200,sparse_grid_line,5,7,penalty_row_xy,random,23,128,48.31231132993678
fresh5_sparse_grid_line_905200,sparse_grid_line,5,7,penalty_row_xy,random,23,512,44.64056895165272
fresh5_sparse_grid_line_905200,sparse_grid_line,5,7,penalty_row_xy,random,31,1,65.2163928688019
fresh5_sparse_grid_line_905200,sparse_grid_line,5,7,penalty_row_xy,random,31,8,61.74189723876294
fresh5_sparse_grid_line_905200,sparse_grid_line,5,7,penalty_row_xy,random,31,32,54.93114384824043
fresh5_sparse_grid_line_905200,sparse_grid_line,5,7,penalty_row_xy,random,31,128,48.309878588848186
fresh5_sparse_grid_line_905200,sparse_grid_line,5,7,penalty_row_xy,random,31,512,44.634480113733126
fresh5_sparse_grid_line_905200,sparse_grid_line,5,7,token,deterministic,11,1,53.22794033038311
fresh5_sparse_grid_line_905200,sparse_grid_line,5,7,token,deterministic,11,8,46.84434022001895
fresh5_sparse_grid_line_905200,sparse_grid_line,5,7,token,deterministic,11,32,44.70324979920916
fresh5_sparse_grid_line_905200,sparse_grid_line,5,7,token,deterministic,11,128,41.9805819043342
fresh5_sparse_grid_line_905200,sparse_grid_line,5,7,token,deterministic,11,512,40.42912981710925
fresh5_sparse_grid_line_905200,sparse_grid_line,5,7,token,deterministic,17,1,53.22745984057091
fresh5_sparse_grid_line_905200,sparse_grid_line,5,7,token,deterministic,17,8,46.840295757418055
fresh5_sparse_grid_line_905200,sparse_grid_line,5,7,token,deterministic,17,32,44.687683439501455
fresh5_sparse_grid_line_905200,sparse_grid_line,5,7,token,deterministic,17,128,41.9567774884698
fresh5_sparse_grid_line_905200,sparse_grid_line,5,7,token,deterministic,17,512,40.42512105498467
fresh5_sparse_grid_line_905200,sparse_grid_line,5,7,token,deterministic,23,1,53.22205296411396
fresh5_sparse_grid_line_905200,sparse_grid_line,5,7,token,deterministic,23,8,46.84194742597688
fresh5_sparse_grid_line_905200,sparse_grid_line,5,7,token,deterministic,23,32,44.6966473951122
fresh5_sparse_grid_line_905200,sparse_grid_line,5,7,token,deterministic,23,128,41.968855905753344
fresh5_sparse_grid_line_905200,sparse_grid_line,5,7,token,deterministic,23,512,40.42714878160818
fresh5_sparse_grid_line_905200,sparse_grid_line,5,7,token,deterministic,31,1,53.22795657944869
fresh5_sparse_grid_line_905200,sparse_grid_line,5,7,token,deterministic,31,8,46.83879468928561
fresh5_sparse_grid_line_905200,sparse_grid_line,5,7,token,deterministic,31,32,44.680323070140396
fresh5_sparse_grid_line_905200,sparse_grid_line,5,7,token,deterministic,31,128,41.943132370866394
fresh5_sparse_grid_line_905200,sparse_grid_line,5,7,token,deterministic,31,512,40.42276781442893
fresh5_sparse_grid_line_905200,sparse_grid_line,5,7,token,poor,11,1,64.87499517887215
fresh5_sparse_grid_line_905200,sparse_grid_line,5,7,token,poor,11,8,49.1415321757009
fresh5_sparse_grid_line_905200,sparse_grid_line,5,7,token,poor,11,32,44.949947213090866
fresh5_sparse_grid_line_905200,sparse_grid_line,5,7,token,poor,11,128,44.09281346568039
fresh5_sparse_grid_line_905200,sparse_grid_line,5,7,token,poor,11,512,44.06063857390655
fresh5_sparse_grid_line_905200,sparse_grid_line,5,7,token,poor,17,1,66.56949500232898
fresh5_sparse_grid_line_905200,sparse_grid_line,5,7,token,poor,17,8,50.0745773852675
fresh5_sparse_grid_line_905200,sparse_grid_line,5,7,token,poor,17,32,45.582747135494664
fresh5_sparse_grid_line_905200,sparse_grid_line,5,7,token,poor,17,128,44.11015725421507
fresh5_sparse_grid_line_905200,sparse_grid_line,5,7,token,poor,17,512,44.03555069085011
fresh5_sparse_grid_line_905200,sparse_grid_line,5,7,token,poor,23,1,64.87261194282422
fresh5_sparse_grid_line_905200,sparse_grid_line,5,7,token,poor,23,8,49.141113939165756
fresh5_sparse_grid_line_905200,sparse_grid_line,5,7,token,poor,23,32,44.9485097756668
fresh5_sparse_grid_line_905200,sparse_grid_line,5,7,token,poor,23,128,44.092838672310705
fresh5_sparse_grid_line_905200,sparse_grid_line,5,7,token,poor,23,512,44.06089685648494
fresh5_sparse_grid_line_905200,sparse_grid_line,5,7,token,poor,31,1,64.84042348893773
fresh5_sparse_grid_line_905200,sparse_grid_line,5,7,token,poor,31,8,49.14565219452485
fresh5_sparse_grid_line_905200,sparse_grid_line,5,7,token,poor,31,32,44.955389390615935
fresh5_sparse_grid_line_905200,sparse_grid_line,5,7,token,poor,31,128,44.09274706944018
fresh5_sparse_grid_line_905200,sparse_grid_line,5,7,token,poor,31,512,44.06028211840569
fresh5_sparse_grid_line_905200,sparse_grid_line,5,7,token,random,11,1,61.46029889073198
fresh5_sparse_grid_line_905200,sparse_grid_line,5,7,token,random,11,8,51.690415767045046
fresh5_sparse_grid_line_905200,sparse_grid_line,5,7,token,random,11,32,47.18607132013993
fresh5_sparse_grid_line_905200,sparse_grid_line,5,7,token,random,11,128,43.34515978283204
fresh5_sparse_grid_line_905200,sparse_grid_line,5,7,token,random,11,512,42.206515115001494
fresh5_sparse_grid_line_905200,sparse_grid_line,5,7,token,random,17,1,61.42933674019608
fresh5_sparse_grid_line_905200,sparse_grid_line,5,7,token,random,17,8,51.946722520707596
fresh5_sparse_grid_line_905200,sparse_grid_line,5,7,token,random,17,32,47.94310101794606
fresh5_sparse_grid_line_905200,sparse_grid_line,5,7,token,random,17,128,45.011715683588534
fresh5_sparse_grid_line_905200,sparse_grid_line,5,7,token,random,17,512,43.22987614865386
fresh5_sparse_grid_line_905200,sparse_grid_line,5,7,token,random,23,1,61.4535402827694
fresh5_sparse_grid_line_905200,sparse_grid_line,5,7,token,random,23,8,51.6904948124716
fresh5_sparse_grid_line_905200,sparse_grid_line,5,7,token,random,23,32,47.19280865480722
fresh5_sparse_grid_line_905200,sparse_grid_line,5,7,token,random,23,128,43.35126302095493
fresh5_sparse_grid_line_905200,sparse_grid_line,5,7,token,random,23,512,42.20859453032067
fresh5_sparse_grid_line_905200,sparse_grid_line,5,7,token,random,31,1,61.44880752015025
fresh5_sparse_grid_line_905200,sparse_grid_line,5,7,token,random,31,8,51.692726053656095
fresh5_sparse_grid_line_905200,sparse_grid_line,5,7,token,random,31,32,47.20599109125373
fresh5_sparse_grid_line_905200,sparse_grid_line,5,7,token,random,31,128,43.35806307077006
fresh5_sparse_grid_line_905200,sparse_grid_line,5,7,token,random,31,512,42.20798274607042
fresh5_sparse_grid_line_905200,sparse_grid_line,5,7,uniform_feasible,deterministic,,1,56.22355555555538
fresh5_sparse_grid_line_905200,sparse_grid_line,5,7,uniform_feasible,deterministic,,8,51.814554367474656
fresh5_sparse_grid_line_905200,sparse_grid_line,5,7,uniform_feasible,deterministic,,32,46.94160256814002
fresh5_sparse_grid_line_905200,sparse_grid_line,5,7,uniform_feasible,deterministic,,128,43.44021103057296
fresh5_sparse_grid_line_905200,sparse_grid_line,5,7,uniform_feasible,deterministic,,512,41.091800242709866
fresh5_sparse_grid_line_905200,sparse_grid_line,5,7,uniform_feasible,poor,,1,69.17333333333312
fresh5_sparse_grid_line_905200,sparse_grid_line,5,7,uniform_feasible,poor,,8,52.64089079837691
fresh5_sparse_grid_line_905200,sparse_grid_line,5,7,uniform_feasible,poor,,32,46.94430846540587
fresh5_sparse_grid_line_905200,sparse_grid_line,5,7,uniform_feasible,poor,,128,43.440211030581565
fresh5_sparse_grid_line_905200,sparse_grid_line,5,7,uniform_feasible,poor,,512,41.091800242709866
fresh5_sparse_grid_line_905200,sparse_grid_line,5,7,uniform_feasible,random,,1,62.45185714285695
fresh5_sparse_grid_line_905200,sparse_grid_line,5,7,uniform_feasible,random,,8,52.60051779580485
fresh5_sparse_grid_line_905200,sparse_grid_line,5,7,uniform_feasible,random,,32,46.944308403724285
fresh5_sparse_grid_line_905200,sparse_grid_line,5,7,uniform_feasible,random,,128,43.44021103058155
fresh5_sparse_grid_line_905200,sparse_grid_line,5,7,uniform_feasible,random,,512,41.091800242709866
fresh5_sparse_grid_line_905201,sparse_grid_line,5,7,greedy,deterministic,,1,21.75
fresh5_sparse_grid_line_905201,sparse_grid_line,5,7,greedy,deterministic,,8,18.55
fresh5_sparse_grid_line_905201,sparse_grid_line,5,7,greedy,deterministic,,32,15.290000000000001
fresh5_sparse_grid_line_905201,sparse_grid_line,5,7,greedy,deterministic,,128,15.290000000000001
fresh5_sparse_grid_line_905201,sparse_grid_line,5,7,greedy,deterministic,,512,15.290000000000001
fresh5_sparse_grid_line_905201,sparse_grid_line,5,7,greedy,poor,,1,61.59
fresh5_sparse_grid_line_905201,sparse_grid_line,5,7,greedy,poor,,8,34.269999999999996
fresh5_sparse_grid_line_905201,sparse_grid_line,5,7,greedy,poor,,32,24.89
fresh5_sparse_grid_line_905201,sparse_grid_line,5,7,greedy,poor,,128,15.290000000000001
fresh5_sparse_grid_line_905201,sparse_grid_line,5,7,greedy,poor,,512,15.290000000000001
fresh5_sparse_grid_line_905201,sparse_grid_line,5,7,greedy,random,,1,37.53
fresh5_sparse_grid_line_905201,sparse_grid_line,5,7,greedy,random,,8,28.58
fresh5_sparse_grid_line_905201,sparse_grid_line,5,7,greedy,random,,32,23.64
fresh5_sparse_grid_line_905201,sparse_grid_line,5,7,greedy,random,,128,15.290000000000001
fresh5_sparse_grid_line_905201,sparse_grid_line,5,7,greedy,random,,512,15.290000000000001
fresh5_sparse_grid_line_905201,sparse_grid_line,5,7,penalty_row_xy,deterministic,11,1,21.739284188009577
fresh5_sparse_grid_line_905201,sparse_grid_line,5,7,penalty_row_xy,deterministic,11,8,21.665275888514337
fresh5_sparse_grid_line_905201,sparse_grid_line,5,7,penalty_row_xy,deterministic,11,32,21.42438121943817
fresh5_sparse_grid_line_905201,sparse_grid_line,5,7,penalty_row_xy,deterministic,11,128,20.633802857483523
fresh5_sparse_grid_line_905201,sparse_grid_line,5,7,penalty_row_xy,deterministic,11,512,19.127768468722817
fresh5_sparse_grid_line_905201,sparse_grid_line,5,7,penalty_row_xy,deterministic,17,1,21.733430672233897
fresh5_sparse_grid_line_905201,sparse_grid_line,5,7,penalty_row_xy,deterministic,17,8,21.619833789528375
fresh5_sparse_grid_line_905201,sparse_grid_line,5,7,penalty_row_xy,deterministic,17,32,21.260371666126787
fresh5_sparse_grid_line_905201,sparse_grid_line,5,7,penalty_row_xy,deterministic,17,128,20.19756063909969
fresh5_sparse_grid_line_905201,sparse_grid_line,5,7,penalty_row_xy,deterministic,17,512,18.765083586045073
fresh5_sparse_grid_line_905201,sparse_grid_line,5,7,penalty_row_xy,deterministic,23,1,21.744675313548463
fresh5_sparse_grid_line_905201,sparse_grid_line,5,7,penalty_row_xy,deterministic,23,8,21.707650741021784
fresh5_sparse_grid_line_905201,sparse_grid_line,5,7,penalty_row_xy,deterministic,23,32,21.58394710283936
fresh5_sparse_grid_line_905201,sparse_grid_line,5,7,penalty_row_xy,deterministic,23,128,21.13576976929825
fresh5_sparse_grid_line_905201,sparse_grid_line,5,7,penalty_row_xy,deterministic,23,512,19.910324533719294
fresh5_sparse_grid_line_905201,sparse_grid_line,5,7,penalty_row_xy,deterministic,31,1,21.746076248154846
fresh5_sparse_grid_line_905201,sparse_grid_line,5,7,penalty_row_xy,deterministic,31,8,21.718741350879117
fresh5_sparse_grid_line_905201,sparse_grid_line,5,7,penalty_row_xy,deterministic,31,32,21.626744771100835
fresh5_sparse_grid_line_905201,sparse_grid_line,5,7,penalty_row_xy,deterministic,31,128,21.284124066513943
fresh5_sparse_grid_line_905201,sparse_grid_line,5,7,penalty_row_xy,deterministic,31,512,20.24756606769857
fresh5_sparse_grid_line_905201,sparse_grid_line,5,7,penalty_row_xy,poor,11,1,57.70619726919324
fresh5_sparse_grid_line_905201,sparse_grid_line,5,7,penalty_row_xy,poor,11,8,40.595531576690256
fresh5_sparse_grid_line_905201,sparse_grid_line,5,7,penalty_row_xy,poor,11,32,26.35614096117867
fresh5_sparse_grid_line_905201,sparse_grid_line,5,7,penalty_row_xy,poor,11,128,20.558823573568628
fresh5_sparse_grid_line_905201,sparse_grid_line,5,7,penalty_row_xy,poor,11,512,17.4582638490263
fresh5_sparse_grid_line_905201,sparse_grid_line,5,7,penalty_row_xy,poor,17,1,57.451996308183354
fresh5_sparse_grid_line_905201,sparse_grid_line,5,7,penalty_row_xy,poor,17,8,39.72795267777454
fresh5_sparse_grid_line_905201,sparse_grid_line,5,7,penalty_row_xy,poor,17,32,25.925239579506165
fresh5_sparse_grid_line_905201,sparse_grid_line,5,7,penalty_row_xy,poor,17,128,20.464648917205984
fresh5_sparse_grid_line_905201,sparse_grid_line,5,7,penalty_row_xy,poor,17,512,17.53580135508127
fresh5_sparse_grid_line_905201,sparse_grid_line,5,7,penalty_row_xy,poor,23,1,57.098314820223116
fresh5_sparse_grid_line_905201,sparse_grid_line,5,7,penalty_row_xy,poor,23,8,38.58003051586891
fresh5_sparse_grid_line_905201,sparse_grid_line,5,7,penalty_row_xy,poor,23,32,25.294587642877993
fresh5_sparse_grid_line_905201,sparse_grid_line,5,7,penalty_row_xy,poor,23,128,20.588833762789065
fresh5_sparse_grid_line_905201,sparse_grid_line,5,7,penalty_row_xy,poor,23,512,18.06644633421942
fresh5_sparse_grid_line_905201,sparse_grid_line,5,7,penalty_row_xy,poor,31,1,57.45839073876201
fresh5_sparse_grid_line_905201,sparse_grid_line,5,7,penalty_row_xy,poor,31,8,39.74817766013279
fresh5_sparse_grid_line_905201,sparse_grid_line,5,7,penalty_row_xy,poor,31,32,25.933504683596688
fresh5_sparse_grid_line_905201,sparse_grid_line,5,7,penalty_row_xy,poor,31,128,20.466394579678497
fresh5_sparse_grid_line_905201,sparse_grid_line,5,7,penalty_row_xy,poor,31,512,17.534125377013467
fresh5_sparse_grid_line_905201,sparse_grid_line,5,7,penalty_row_xy,random,11,1,34.65142756749867
fresh5_sparse_grid_line_905201,sparse_grid_line,5,7,penalty_row_xy,random,11,8,24.766348824376536
fresh5_sparse_grid_line_905201,sparse_grid_line,5,7,penalty_row_xy,random,11,32,20.118286006367793
fresh5_sparse_grid_line_905201,sparse_grid_line,5,7,penalty_row_xy,random,11,128,18.24749688346109
fresh5_sparse_grid_line_905201,sparse_grid_line,5,7,penalty_row_xy,random,11,512,17.012107995085525
fresh5_sparse_grid_line_905201,sparse_grid_line,5,7,penalty_row_xy,random,17,1,35.31513680355087
fresh5_sparse_grid_line_905201,sparse_grid_line,5,7,penalty_row_xy,random,17,8,26.931669825830653
fresh5_sparse_grid_line_905201,sparse_grid_line,5,7,penalty_row_xy,random,17,32,21.438668229084794
fresh5_sparse_grid_line_905201,sparse_grid_line,5,7,penalty_row_xy,random,17,128,18.478010794585156
fresh5_sparse_grid_line_905201,sparse_grid_line,5,7,penalty_row_xy,random,17,512,15.96776978714566
fresh5_sparse_grid_line_905201,sparse_grid_line,5,7,penalty_row_xy,random,23,1,35.242230214511736
fresh5_sparse_grid_line_905201,sparse_grid_line,5,7,penalty_row_xy,random,23,8,26.764463780671527
fresh5_sparse_grid_line_905201,sparse_grid_line,5,7,penalty_row_xy,random,23,32,21.379618365991863
fresh5_sparse_grid_line_905201,sparse_grid_line,5,7,penalty_row_xy,random,23,128,17.89769424206671
fresh5_sparse_grid_line_905201,sparse_grid_line,5,7,penalty_row_xy,random,23,512,15.571902611722054
fresh5_sparse_grid_line_905201,sparse_grid_line,5,7,penalty_row_xy,random,31,1,34.660424264927165
fresh5_sparse_grid_line_905201,sparse_grid_line,5,7,penalty_row_xy,random,31,8,24.773677280491263
fresh5_sparse_grid_line_905201,sparse_grid_line,5,7,penalty_row_xy,random,31,32,20.089530829194622
fresh5_sparse_grid_line_905201,sparse_grid_line,5,7,penalty_row_xy,random,31,128,18.22057220994126
fresh5_sparse_grid_line_905201,sparse_grid_line,5,7,penalty_row_xy,random,31,512,16.97818373113005
fresh5_sparse_grid_line_905201,sparse_grid_line,5,7,token,deterministic,11,1,20.82986063082531
fresh5_sparse_grid_line_905201,sparse_grid_line,5,7,token,deterministic,11,8,18.72887285957236
fresh5_sparse_grid_line_905201,sparse_grid_line,5,7,token,deterministic,11,32,18.388984959174635
fresh5_sparse_grid_line_905201,sparse_grid_line,5,7,token,deterministic,11,128,17.952053779944013
fresh5_sparse_grid_line_905201,sparse_grid_line,5,7,token,deterministic,11,512,16.74157239840249
fresh5_sparse_grid_line_905201,sparse_grid_line,5,7,token,deterministic,17,1,20.931200725545445
fresh5_sparse_grid_line_905201,sparse_grid_line,5,7,token,deterministic,17,8,18.466765174429028
fresh5_sparse_grid_line_905201,sparse_grid_line,5,7,token,deterministic,17,32,16.69770168711686
fresh5_sparse_grid_line_905201,sparse_grid_line,5,7,token,deterministic,17,128,15.37916022365642
fresh5_sparse_grid_line_905201,sparse_grid_line,5,7,token,deterministic,17,512,15.290001872177003
fresh5_sparse_grid_line_905201,sparse_grid_line,5,7,token,deterministic,23,1,20.837506549308344
fresh5_sparse_grid_line_905201,sparse_grid_line,5,7,token,deterministic,23,8,18.734940157616187
fresh5_sparse_grid_line_905201,sparse_grid_line,5,7,token,deterministic,23,32,18.39163894719435
fresh5_sparse_grid_line_905201,sparse_grid_line,5,7,token,deterministic,23,128,17.961193620854576
fresh5_sparse_grid_line_905201,sparse_grid_line,5,7,token,deterministic,23,512,16.761803518173085
fresh5_sparse_grid_line_905201,sparse_grid_line,5,7,token,deterministic,31,1,20.932874114432725
fresh5_sparse_grid_line_905201,sparse_grid_line,5,7,token,deterministic,31,8,18.471784632795906
fresh5_sparse_grid_line_905201,sparse_grid_line,5,7,token,deterministic,31,32,16.703531670927482
fresh5_sparse_grid_line_905201,sparse_grid_line,5,7,token,deterministic,31,128,15.380068460119615
fresh5_sparse_grid_line_905201,sparse_grid_line,5,7,token,deterministic,31,512,15.29000194348093
fresh5_sparse_grid_line_905201,sparse_grid_line,5,7,token,poor,11,1,35.879668370477916
fresh5_sparse_grid_line_905201,sparse_grid_line,5,7,token,poor,11,8,24.286605810216717
fresh5_sparse_grid_line_905201,sparse_grid_line,5,7,token,poor,11,32,21.607946193714913
fresh5_sparse_grid_line_905201,sparse_grid_line,5,7,token,poor,11,128,20.815999286538396
fresh5_sparse_grid_line_905201,sparse_grid_line,5,7,token,poor,11,512,19.44673110879864
fresh5_sparse_grid_line_905201,sparse_grid_line,5,7,token,poor,17,1,35.91615168294267
fresh5_sparse_grid_line_905201,sparse_grid_line,5,7,token,poor,17,8,24.331601161475813
fresh5_sparse_grid_line_905201,sparse_grid_line,5,7,token,poor,17,32,21.64947236962598
fresh5_sparse_grid_line_905201,sparse_grid_line,5,7,token,poor,17,128,20.90799029884643
fresh5_sparse_grid_line_905201,sparse_grid_line,5,7,token,poor,17,512,19.600298827459557
fresh5_sparse_grid_line_905201,sparse_grid_line,5,7,token,poor,23,1,35.90846917309425
fresh5_sparse_grid_line_905201,sparse_grid_line,5,7,token,poor,23,8,24.31032892439634
fresh5_sparse_grid_line_905201,sparse_grid_line,5,7,token,poor,23,32,21.632066812004876
fresh5_sparse_grid_line_905201,sparse_grid_line,5,7,token,poor,23,128,20.87367151917786
fresh5_sparse_grid_line_905201,sparse_grid_line,5,7,token,poor,23,512,19.5405709782773
fresh5_sparse_grid_line_905201,sparse_grid_line,5,7,token,poor,31,1,35.87792640939381
fresh5_sparse_grid_line_905201,sparse_grid_line,5,7,token,poor,31,8,24.28195476650058
fresh5_sparse_grid_line_905201,sparse_grid_line,5,7,token,poor,31,32,21.605188050429998
fresh5_sparse_grid_line_905201,sparse_grid_line,5,7,token,poor,31,128,20.810320253508582
fresh5_sparse_grid_line_905201,sparse_grid_line,5,7,token,poor,31,512,19.43796455245684
fresh5_sparse_grid_line_905201,sparse_grid_line,5,7,token,random,11,1,29.00962536729237
fresh5_sparse_grid_line_905201,sparse_grid_line,5,7,token,random,11,8,20.60154478846533
fresh5_sparse_grid_line_905201,sparse_grid_line,5,7,token,random,11,32,18.351020883705072
fresh5_sparse_grid_line_905201,sparse_grid_line,5,7,token,random,11,128,17.18622674185707
fresh5_sparse_grid_line_905201,sparse_grid_line,5,7,token,random,11,512,15.675155836054477
fresh5_sparse_grid_line_905201,sparse_grid_line,5,7,token,random,17,1,28.956251645906573
fresh5_sparse_grid_line_905201,sparse_grid_line,5,7,token,random,17,8,20.61110570541957
fresh5_sparse_grid_line_905201,sparse_grid_line,5,7,token,random,17,32,18.370933391462227
fresh5_sparse_grid_line_905201,sparse_grid_line,5,7,token,random,17,128,17.23330447966017
fresh5_sparse_grid_line_905201,sparse_grid_line,5,7,token,random,17,512,15.714377999183046
fresh5_sparse_grid_line_905201,sparse_grid_line,5,7,token,random,23,1,30.320439393939886
fresh5_sparse_grid_line_905201,sparse_grid_line,5,7,token,random,23,8,20.460086504510993
fresh5_sparse_grid_line_905201,sparse_grid_line,5,7,token,random,23,32,17.4110779770051
fresh5_sparse_grid_line_905201,sparse_grid_line,5,7,token,random,23,128,15.597263771942012
fresh5_sparse_grid_line_905201,sparse_grid_line,5,7,token,random,23,512,15.290210193419654
fresh5_sparse_grid_line_905201,sparse_grid_line,5,7,token,random,31,1,29.09849196967386
fresh5_sparse_grid_line_905201,sparse_grid_line,5,7,token,random,31,8,21.426416787091583
fresh5_sparse_grid_line_905201,sparse_grid_line,5,7,token,random,31,32,19.565197642255967
fresh5_sparse_grid_line_905201,sparse_grid_line,5,7,token,random,31,128,18.595305602651866
fresh5_sparse_grid_line_905201,sparse_grid_line,5,7,token,random,31,512,18.073594427488082
fresh5_sparse_grid_line_905201,sparse_grid_line,5,7,uniform_feasible,deterministic,,1,21.687079365079292
fresh5_sparse_grid_line_905201,sparse_grid_line,5,7,uniform_feasible,deterministic,,8,21.274666052747605
fresh5_sparse_grid_line_905201,sparse_grid_line,5,7,uniform_feasible,deterministic,,32,20.165012716456417
fresh5_sparse_grid_line_905201,sparse_grid_line,5,7,uniform_feasible,deterministic,,128,18.08434746559169
fresh5_sparse_grid_line_905201,sparse_grid_line,5,7,uniform_feasible,deterministic,,512,16.220593676802967
fresh5_sparse_grid_line_905201,sparse_grid_line,5,7,uniform_feasible,poor,,1,36.58666666666656
fresh5_sparse_grid_line_905201,sparse_grid_line,5,7,uniform_feasible,poor,,8,24.76299720717596
fresh5_sparse_grid_line_905201,sparse_grid_line,5,7,uniform_feasible,poor,,32,20.73219011739856
fresh5_sparse_grid_line_905201,sparse_grid_line,5,7,uniform_feasible,poor,,128,18.09283483929954
fresh5_sparse_grid_line_905201,sparse_grid_line,5,7,uniform_feasible,poor,,512,16.22059369505378
fresh5_sparse_grid_line_905201,sparse_grid_line,5,7,uniform_feasible,random,,1,33.3684126984126
fresh5_sparse_grid_line_905201,sparse_grid_line,5,7,uniform_feasible,random,,8,24.761448362179962
fresh5_sparse_grid_line_905201,sparse_grid_line,5,7,uniform_feasible,random,,32,20.73219011739786
fresh5_sparse_grid_line_905201,sparse_grid_line,5,7,uniform_feasible,random,,128,18.09283483929954
fresh5_sparse_grid_line_905201,sparse_grid_line,5,7,uniform_feasible,random,,512,16.22059369505378
fresh5_sparse_grid_lshape_905400,sparse_grid_lshape,5,7,greedy,deterministic,,1,27.13
fresh5_sparse_grid_lshape_905400,sparse_grid_lshape,5,7,greedy,deterministic,,8,27.13
fresh5_sparse_grid_lshape_905400,sparse_grid_lshape,5,7,greedy,deterministic,,32,25.83
fresh5_sparse_grid_lshape_905400,sparse_grid_lshape,5,7,greedy,deterministic,,128,25.83
fresh5_sparse_grid_lshape_905400,sparse_grid_lshape,5,7,greedy,deterministic,,512,25.83
fresh5_sparse_grid_lshape_905400,sparse_grid_lshape,5,7,greedy,poor,,1,92.25999999999999
fresh5_sparse_grid_lshape_905400,sparse_grid_lshape,5,7,greedy,poor,,8,46.709999999999994
fresh5_sparse_grid_lshape_905400,sparse_grid_lshape,5,7,greedy,poor,,32,39.32
fresh5_sparse_grid_lshape_905400,sparse_grid_lshape,5,7,greedy,poor,,128,25.83
fresh5_sparse_grid_lshape_905400,sparse_grid_lshape,5,7,greedy,poor,,512,25.83
fresh5_sparse_grid_lshape_905400,sparse_grid_lshape,5,7,greedy,random,,1,52.10999999999999
fresh5_sparse_grid_lshape_905400,sparse_grid_lshape,5,7,greedy,random,,8,39.83
fresh5_sparse_grid_lshape_905400,sparse_grid_lshape,5,7,greedy,random,,32,33.13
fresh5_sparse_grid_lshape_905400,sparse_grid_lshape,5,7,greedy,random,,128,25.83
fresh5_sparse_grid_lshape_905400,sparse_grid_lshape,5,7,greedy,random,,512,25.83
fresh5_sparse_grid_lshape_905400,sparse_grid_lshape,5,7,penalty_row_xy,deterministic,11,1,27.112879831785715
fresh5_sparse_grid_lshape_905400,sparse_grid_lshape,5,7,penalty_row_xy,deterministic,11,8,26.999189973489383
fresh5_sparse_grid_lshape_905400,sparse_grid_lshape,5,7,penalty_row_xy,deterministic,11,32,26.680590050247197
fresh5_sparse_grid_lshape_905400,sparse_grid_lshape,5,7,penalty_row_xy,deterministic,11,128,26.068349675140514
fresh5_sparse_grid_lshape_905400,sparse_grid_lshape,5,7,penalty_row_xy,deterministic,11,512,25.831478564638974
fresh5_sparse_grid_lshape_905400,sparse_grid_lshape,5,7,penalty_row_xy,deterministic,17,1,27.112803360256684
fresh5_sparse_grid_lshape_905400,sparse_grid_lshape,5,7,penalty_row_xy,deterministic,17,8,26.998634380821297
fresh5_sparse_grid_lshape_905400,sparse_grid_lshape,5,7,penalty_row_xy,deterministic,17,32,26.678992987943676
fresh5_sparse_grid_lshape_905400,sparse_grid_lshape,5,7,penalty_row_xy,deterministic,17,128,26.066650235486197
fresh5_sparse_grid_lshape_905400,sparse_grid_lshape,5,7,penalty_row_xy,deterministic,17,512,25.831446324222366
fresh5_sparse_grid_lshape_905400,sparse_grid_lshape,5,7,penalty_row_xy,deterministic,23,1,27.075677226010743
fresh5_sparse_grid_lshape_905400,sparse_grid_lshape,5,7,penalty_row_xy,deterministic,23,8,26.75393520107877
fresh5_sparse_grid_lshape_905400,sparse_grid_lshape,5,7,penalty_row_xy,deterministic,23,32,26.16170100953454
fresh5_sparse_grid_lshape_905400,sparse_grid_lshape,5,7,penalty_row_xy,deterministic,23,128,25.835512304717707
fresh5_sparse_grid_lshape_905400,sparse_grid_lshape,5,7,penalty_row_xy,deterministic,23,512,25.830000000423194
fresh5_sparse_grid_lshape_905400,sparse_grid_lshape,5,7,penalty_row_xy,deterministic,31,1,27.07618035786596
fresh5_sparse_grid_lshape_905400,sparse_grid_lshape,5,7,penalty_row_xy,deterministic,31,8,26.756944791663393
fresh5_sparse_grid_lshape_905400,sparse_grid_lshape,5,7,penalty_row_xy,deterministic,31,32,26.166145060975317
fresh5_sparse_grid_lshape_905400,sparse_grid_lshape,5,7,penalty_row_xy,deterministic,31,128,25.835843818405262
fresh5_sparse_grid_lshape_905400,sparse_grid_lshape,5,7,penalty_row_xy,deterministic,31,512,25.830000000594165
fresh5_sparse_grid_lshape_905400,sparse_grid_lshape,5,7,penalty_row_xy,poor,11,1,80.80074302964486
fresh5_sparse_grid_lshape_905400,sparse_grid_lshape,5,7,penalty_row_xy,poor,11,8,45.137847173070924
fresh5_sparse_grid_lshape_905400,sparse_grid_lshape,5,7,penalty_row_xy,poor,11,32,32.21278762660971
fresh5_sparse_grid_lshape_905400,sparse_grid_lshape,5,7,penalty_row_xy,poor,11,128,28.551011085384935
fresh5_sparse_grid_lshape_905400,sparse_grid_lshape,5,7,penalty_row_xy,poor,11,512,26.542264545427017
fresh5_sparse_grid_lshape_905400,sparse_grid_lshape,5,7,penalty_row_xy,poor,17,1,81.25368094291053
fresh5_sparse_grid_lshape_905400,sparse_grid_lshape,5,7,penalty_row_xy,poor,17,8,45.84885704248856
fresh5_sparse_grid_lshape_905400,sparse_grid_lshape,5,7,penalty_row_xy,poor,17,32,32.51727500578131
fresh5_sparse_grid_lshape_905400,sparse_grid_lshape,5,7,penalty_row_xy,poor,17,128,28.896852185491813
fresh5_sparse_grid_lshape_905400,sparse_grid_lshape,5,7,penalty_row_xy,poor,17,512,26.686724094703173
fresh5_sparse_grid_lshape_905400,sparse_grid_lshape,5,7,penalty_row_xy,poor,23,1,72.90592736840313
fresh5_sparse_grid_lshape_905400,sparse_grid_lshape,5,7,penalty_row_xy,poor,23,8,37.277546007517884
fresh5_sparse_grid_lshape_905400,sparse_grid_lshape,5,7,penalty_row_xy,poor,23,32,33.59858414291106
fresh5_sparse_grid_lshape_905400,sparse_grid_lshape,5,7,penalty_row_xy,poor,23,128,32.350024071478245
fresh5_sparse_grid_lshape_905400,sparse_grid_lshape,5,7,penalty_row_xy,poor,23,512,29.78990078177101
fresh5_sparse_grid_lshape_905400,sparse_grid_lshape,5,7,penalty_row_xy,poor,31,1,80.7546029478027
fresh5_sparse_grid_lshape_905400,sparse_grid_lshape,5,7,penalty_row_xy,poor,31,8,45.07321473861658
fresh5_sparse_grid_lshape_905400,sparse_grid_lshape,5,7,penalty_row_xy,poor,31,32,32.189687635316105
fresh5_sparse_grid_lshape_905400,sparse_grid_lshape,5,7,penalty_row_xy,poor,31,128,28.509101111538996
fresh5_sparse_grid_lshape_905400,sparse_grid_lshape,5,7,penalty_row_xy,poor,31,512,26.515328680472358
fresh5_sparse_grid_lshape_905400,sparse_grid_lshape,5,7,penalty_row_xy,random,11,1,51.35257505966255
fresh5_sparse_grid_lshape_905400,sparse_grid_lshape,5,7,penalty_row_xy,random,11,8,47.01410538948683
fresh5_sparse_grid_lshape_905400,sparse_grid_lshape,5,7,penalty_row_xy,random,11,32,39.431733008237345
fresh5_sparse_grid_lshape_905400,sparse_grid_lshape,5,7,penalty_row_xy,random,11,128,32.95035568263466
fresh5_sparse_grid_lshape_905400,sparse_grid_lshape,5,7,penalty_row_xy,random,11,512,29.14572060253153
fresh5_sparse_grid_lshape_905400,sparse_grid_lshape,5,7,penalty_row_xy,random,17,1,51.06716947200064
fresh5_sparse_grid_lshape_905400,sparse_grid_lshape,5,7,penalty_row_xy,random,17,8,45.336146840932045
fresh5_sparse_grid_lshape_905400,sparse_grid_lshape,5,7,penalty_row_xy,random,17,32,36.34986052413191
fresh5_sparse_grid_lshape_905400,sparse_grid_lshape,5,7,penalty_row_xy,random,17,128,29.329509296790466
fresh5_sparse_grid_lshape_905400,sparse_grid_lshape,5,7,penalty_row_xy,random,17,512,26.33836427198302
fresh5_sparse_grid_lshape_905400,sparse_grid_lshape,5,7,penalty_row_xy,random,23,1,51.261531216013495
fresh5_sparse_grid_lshape_905400,sparse_grid_lshape,5,7,penalty_row_xy,random,23,8,46.47344680134604
fresh5_sparse_grid_lshape_905400,sparse_grid_lshape,5,7,penalty_row_xy,random,23,32,38.414925012971935
fresh5_sparse_grid_lshape_905400,sparse_grid_lshape,5,7,penalty_row_xy,random,23,128,31.657815171103813
fresh5_sparse_grid_lshape_905400,sparse_grid_lshape,5,7,penalty_row_xy,random,23,512,27.816286166577324
fresh5_sparse_grid_lshape_905400,sparse_grid_lshape,5,7,penalty_row_xy,random,31,1,51.14547177820113
fresh5_sparse_grid_lshape_905400,sparse_grid_lshape,5,7,penalty_row_xy,random,31,8,45.93560040519189
fresh5_sparse_grid_lshape_905400,sparse_grid_lshape,5,7,penalty_row_xy,random,31,32,38.14526075405719
fresh5_sparse_grid_lshape_905400,sparse_grid_lshape,5,7,penalty_row_xy,random,31,128,32.21003347147251
fresh5_sparse_grid_lshape_905400,sparse_grid_lshape,5,7,penalty_row_xy,random,31,512,28.42982605397104
fresh5_sparse_grid_lshape_905400,sparse_grid_lshape,5,7,token,deterministic,11,1,26.79523992471195
fresh5_sparse_grid_lshape_905400,sparse_grid_lshape,5,7,token,deterministic,11,8,25.950128659828792
fresh5_sparse_grid_lshape_905400,sparse_grid_lshape,5,7,token,deterministic,11,32,25.830095329621088
fresh5_sparse_grid_lshape_905400,sparse_grid_lshape,5,7,token,deterministic,11,128,25.829999999999995
fresh5_sparse_grid_lshape_905400,sparse_grid_lshape,5,7,token,deterministic,11,512,25.83
fresh5_sparse_grid_lshape_905400,sparse_grid_lshape,5,7,token,deterministic,17,1,26.801531346433947
fresh5_sparse_grid_lshape_905400,sparse_grid_lshape,5,7,token,deterministic,17,8,25.9564886102425
fresh5_sparse_grid_lshape_905400,sparse_grid_lshape,5,7,token,deterministic,17,32,25.830116514609646
fresh5_sparse_grid_lshape_905400,sparse_grid_lshape,5,7,token,deterministic,17,128,25.829999999999995
fresh5_sparse_grid_lshape_905400,sparse_grid_lshape,5,7,token,deterministic,17,512,25.83
fresh5_sparse_grid_lshape_905400,sparse_grid_lshape,5,7,token,deterministic,23,1,26.82770081409896
fresh5_sparse_grid_lshape_905400,sparse_grid_lshape,5,7,token,deterministic,23,8,25.98652257035976
fresh5_sparse_grid_lshape_905400,sparse_grid_lshape,5,7,token,deterministic,23,32,25.83027485318594
fresh5_sparse_grid_lshape_905400,sparse_grid_lshape,5,7,token,deterministic,23,128,25.830000000000002
fresh5_sparse_grid_lshape_905400,sparse_grid_lshape,5,7,token,deterministic,23,512,25.83
fresh5_sparse_grid_lshape_905400,sparse_grid_lshape,5,7,token,deterministic,31,1,26.84786098941855
fresh5_sparse_grid_lshape_905400,sparse_grid_lshape,5,7,token,deterministic,31,8,26.013646345714825
fresh5_sparse_grid_lshape_905400,sparse_grid_lshape,5,7,token,deterministic,31,32,25.830519065826635
fresh5_sparse_grid_lshape_905400,sparse_grid_lshape,5,7,token,deterministic,31,128,25.830000000000037
fresh5_sparse_grid_lshape_905400,sparse_grid_lshape,5,7,token,deterministic,31,512,25.83
fresh5_sparse_grid_lshape_905400,sparse_grid_lshape,5,7,token,poor,11,1,46.59981328943011
fresh5_sparse_grid_lshape_905400,sparse_grid_lshape,5,7,token,poor,11,8,31.337152690273147
fresh5_sparse_grid_lshape_905400,sparse_grid_lshape,5,7,token,poor,11,32,26.65457010046366
fresh5_sparse_grid_lshape_905400,sparse_grid_lshape,5,7,token,poor,11,128,25.837809107558623
fresh5_sparse_grid_lshape_905400,sparse_grid_lshape,5,7,token,poor,11,512,25.83000001881179
fresh5_sparse_grid_lshape_905400,sparse_grid_lshape,5,7,token,poor,17,1,62.62994092699699
fresh5_sparse_grid_lshape_905400,sparse_grid_lshape,5,7,token,poor,17,8,46.97515156606118
fresh5_sparse_grid_lshape_905400,sparse_grid_lshape,5,7,token,poor,17,32,45.46228724083972
fresh5_sparse_grid_lshape_905400,sparse_grid_lshape,5,7,token,poor,17,128,42.96787983653739
fresh5_sparse_grid_lshape_905400,sparse_grid_lshape,5,7,token,poor,17,512,40.20701999016034
fresh5_sparse_grid_lshape_905400,sparse_grid_lshape,5,7,token,poor,23,1,47.93575178214862
fresh5_sparse_grid_lshape_905400,sparse_grid_lshape,5,7,token,poor,23,8,36.552595824084186
fresh5_sparse_grid_lshape_905400,sparse_grid_lshape,5,7,token,poor,23,32,34.39313781204393
fresh5_sparse_grid_lshape_905400,sparse_grid_lshape,5,7,token,poor,23,128,33.949574334299896
fresh5_sparse_grid_lshape_905400,sparse_grid_lshape,5,7,token,poor,23,512,33.19684439960598
fresh5_sparse_grid_lshape_905400,sparse_grid_lshape,5,7,token,poor,31,1,65.4083260843386
fresh5_sparse_grid_lshape_905400,sparse_grid_lshape,5,7,token,poor,31,8,47.381416791792965
fresh5_sparse_grid_lshape_905400,sparse_grid_lshape,5,7,token,poor,31,32,46.00049996669084
fresh5_sparse_grid_lshape_905400,sparse_grid_lshape,5,7,token,poor,31,128,44.31233285055481
fresh5_sparse_grid_lshape_905400,sparse_grid_lshape,5,7,token,poor,31,512,41.233087120209994
fresh5_sparse_grid_lshape_905400,sparse_grid_lshape,5,7,token,random,11,1,32.67680291722164
fresh5_sparse_grid_lshape_905400,sparse_grid_lshape,5,7,token,random,11,8,26.91506609426916
fresh5_sparse_grid_lshape_905400,sparse_grid_lshape,5,7,token,random,11,32,26.130980690438136
fresh5_sparse_grid_lshape_905400,sparse_grid_lshape,5,7,token,random,11,128,25.96071655772346
fresh5_sparse_grid_lshape_905400,sparse_grid_lshape,5,7,token,random,11,512,25.866320579774367
fresh5_sparse_grid_lshape_905400,sparse_grid_lshape,5,7,token,random,17,1,31.769497813927103
fresh5_sparse_grid_lshape_905400,sparse_grid_lshape,5,7,token,random,17,8,26.534288765210054
fresh5_sparse_grid_lshape_905400,sparse_grid_lshape,5,7,token,random,17,32,26.000844567259477
fresh5_sparse_grid_lshape_905400,sparse_grid_lshape,5,7,token,random,17,128,25.92673570348805
fresh5_sparse_grid_lshape_905400,sparse_grid_lshape,5,7,token,random,17,512,25.840946043994432
fresh5_sparse_grid_lshape_905400,sparse_grid_lshape,5,7,token,random,23,1,31.06305448026785
fresh5_sparse_grid_lshape_905400,sparse_grid_lshape,5,7,token,random,23,8,26.3327771034304
fresh5_sparse_grid_lshape_905400,sparse_grid_lshape,5,7,token,random,23,32,26.00149055305965
fresh5_sparse_grid_lshape_905400,sparse_grid_lshape,5,7,token,random,23,128,25.936058410564478
fresh5_sparse_grid_lshape_905400,sparse_grid_lshape,5,7,token,random,23,512,25.84581577472004
fresh5_sparse_grid_lshape_905400,sparse_grid_lshape,5,7,token,random,31,1,30.76765638150002
fresh5_sparse_grid_lshape_905400,sparse_grid_lshape,5,7,token,random,31,8,26.280150844838385
fresh5_sparse_grid_lshape_905400,sparse_grid_lshape,5,7,token,random,31,32,25.98446241106855
fresh5_sparse_grid_lshape_905400,sparse_grid_lshape,5,7,token,random,31,128,25.899116931607217
fresh5_sparse_grid_lshape_905400,sparse_grid_lshape,5,7,token,random,31,512,25.832852645545533
fresh5_sparse_grid_lshape_905400,sparse_grid_lshape,5,7,uniform_feasible,deterministic,,1,27.12428571428562
fresh5_sparse_grid_lshape_905400,sparse_grid_lshape,5,7,uniform_feasible,deterministic,,8,27.08500911018593
fresh5_sparse_grid_lshape_905400,sparse_grid_lshape,5,7,uniform_feasible,deterministic,,32,26.959494607161194
fresh5_sparse_grid_lshape_905400,sparse_grid_lshape,5,7,uniform_feasible,deterministic,,128,26.5745069062148
fresh5_sparse_grid_lshape_905400,sparse_grid_lshape,5,7,uniform_feasible,deterministic,,512,25.984518405277324
fresh5_sparse_grid_lshape_905400,sparse_grid_lshape,5,7,uniform_feasible,poor,,1,50.31999999999985
fresh5_sparse_grid_lshape_905400,sparse_grid_lshape,5,7,uniform_feasible,poor,,8,35.62292319594612
fresh5_sparse_grid_lshape_905400,sparse_grid_lshape,5,7,uniform_feasible,poor,,32,30.784549989980558
fresh5_sparse_grid_lshape_905400,sparse_grid_lshape,5,7,uniform_feasible,poor,,128,27.58696719554689
fresh5_sparse_grid_lshape_905400,sparse_grid_lshape,5,7,uniform_feasible,poor,,512,26.028517926081594
fresh5_sparse_grid_lshape_905400,sparse_grid_lshape,5,7,uniform_feasible,random,,1,46.51108730158715
fresh5_sparse_grid_lshape_905400,sparse_grid_lshape,5,7,uniform_feasible,random,,8,35.62207279206689
fresh5_sparse_grid_lshape_905400,sparse_grid_lshape,5,7,uniform_feasible,random,,32,30.78454998998049
fresh5_sparse_grid_lshape_905400,sparse_grid_lshape,5,7,uniform_feasible,random,,128,27.586967195546887
fresh5_sparse_grid_lshape_905400,sparse_grid_lshape,5,7,uniform_feasible,random,,512,26.028517926081594
fresh5_sparse_grid_lshape_905401,sparse_grid_lshape,5,7,greedy,deterministic,,1,57.10000000000001
fresh5_sparse_grid_lshape_905401,sparse_grid_lshape,5,7,greedy,deterministic,,8,53.5
fresh5_sparse_grid_lshape_905401,sparse_grid_lshape,5,7,greedy,deterministic,,32,45.519999999999996
fresh5_sparse_grid_lshape_905401,sparse_grid_lshape,5,7,greedy,deterministic,,128,44.13000000000001
fresh5_sparse_grid_lshape_905401,sparse_grid_lshape,5,7,greedy,deterministic,,512,44.13000000000001
fresh5_sparse_grid_lshape_905401,sparse_grid_lshape,5,7,greedy,poor,,1,114.94
fresh5_sparse_grid_lshape_905401,sparse_grid_lshape,5,7,greedy,poor,,8,82.86000000000001
fresh5_sparse_grid_lshape_905401,sparse_grid_lshape,5,7,greedy,poor,,32,51.64
fresh5_sparse_grid_lshape_905401,sparse_grid_lshape,5,7,greedy,poor,,128,44.13000000000001
fresh5_sparse_grid_lshape_905401,sparse_grid_lshape,5,7,greedy,poor,,512,44.13000000000001
fresh5_sparse_grid_lshape_905401,sparse_grid_lshape,5,7,greedy,random,,1,99.61
fresh5_sparse_grid_lshape_905401,sparse_grid_lshape,5,7,greedy,random,,8,68.57
fresh5_sparse_grid_lshape_905401,sparse_grid_lshape,5,7,greedy,random,,32,48.629999999999995
fresh5_sparse_grid_lshape_905401,sparse_grid_lshape,5,7,greedy,random,,128,44.13000000000001
fresh5_sparse_grid_lshape_905401,sparse_grid_lshape,5,7,greedy,random,,512,44.13000000000001
fresh5_sparse_grid_lshape_905401,sparse_grid_lshape,5,7,penalty_row_xy,deterministic,11,1,56.565089610333295
fresh5_sparse_grid_lshape_905401,sparse_grid_lshape,5,7,penalty_row_xy,deterministic,11,8,53.585840123512554
fresh5_sparse_grid_lshape_905401,sparse_grid_lshape,5,7,penalty_row_xy,deterministic,11,32,48.732056481047294
fresh5_sparse_grid_lshape_905401,sparse_grid_lshape,5,7,penalty_row_xy,deterministic,11,128,45.45876570985398
fresh5_sparse_grid_lshape_905401,sparse_grid_lshape,5,7,penalty_row_xy,deterministic,11,512,44.74111108781274
fresh5_sparse_grid_lshape_905401,sparse_grid_lshape,5,7,penalty_row_xy,deterministic,17,1,56.38449914293554
fresh5_sparse_grid_lshape_905401,sparse_grid_lshape,5,7,penalty_row_xy,deterministic,17,8,52.52692920944269
fresh5_sparse_grid_lshape_905401,sparse_grid_lshape,5,7,penalty_row_xy,deterministic,17,32,47.175446613189955
fresh5_sparse_grid_lshape_905401,sparse_grid_lshape,5,7,penalty_row_xy,deterministic,17,128,45.158351072119146
fresh5_sparse_grid_lshape_905401,sparse_grid_lshape,5,7,penalty_row_xy,deterministic,17,512,44.54092067138664
fresh5_sparse_grid_lshape_905401,sparse_grid_lshape,5,7,penalty_row_xy,deterministic,23,1,56.4764283990837
fresh5_sparse_grid_lshape_905401,sparse_grid_lshape,5,7,penalty_row_xy,deterministic,23,8,52.97285136254166
fresh5_sparse_grid_lshape_905401,sparse_grid_lshape,5,7,penalty_row_xy,deterministic,23,32,47.587875344126765
fresh5_sparse_grid_lshape_905401,sparse_grid_lshape,5,7,penalty_row_xy,deterministic,23,128,45.5947815636121
fresh5_sparse_grid_lshape_905401,sparse_grid_lshape,5,7,penalty_row_xy,deterministic,23,512,45.46153178869636
fresh5_sparse_grid_lshape_905401,sparse_grid_lshape,5,7,penalty_row_xy,deterministic,31,1,56.673058655527996
fresh5_sparse_grid_lshape_905401,sparse_grid_lshape,5,7,penalty_row_xy,deterministic,31,8,54.10113074005706
fresh5_sparse_grid_lshape_905401,sparse_grid_lshape,5,7,penalty_row_xy,deterministic,31,32,49.06641959980633
fresh5_sparse_grid_lshape_905401,sparse_grid_lshape,5,7,penalty_row_xy,deterministic,31,128,45.7594475149372
fresh5_sparse_grid_lshape_905401,sparse_grid_lshape,5,7,penalty_row_xy,deterministic,31,512,45.511964739398564
fresh5_sparse_grid_lshape_905401,sparse_grid_lshape,5,7,penalty_row_xy,poor,11,1,107.50895165063724
fresh5_sparse_grid_lshape_905401,sparse_grid_lshape,5,7,penalty_row_xy,poor,11,8,76.53006017138824
fresh5_sparse_grid_lshape_905401,sparse_grid_lshape,5,7,penalty_row_xy,poor,11,32,54.885253826032
fresh5_sparse_grid_lshape_905401,sparse_grid_lshape,5,7,penalty_row_xy,poor,11,128,47.89743264405239
fresh5_sparse_grid_lshape_905401,sparse_grid_lshape,5,7,penalty_row_xy,poor,11,512,44.58770929796434
fresh5_sparse_grid_lshape_905401,sparse_grid_lshape,5,7,penalty_row_xy,poor,17,1,104.5115681235926
fresh5_sparse_grid_lshape_905401,sparse_grid_lshape,5,7,penalty_row_xy,poor,17,8,68.06161307872179
fresh5_sparse_grid_lshape_905401,sparse_grid_lshape,5,7,penalty_row_xy,poor,17,32,49.83663047890709
fresh5_sparse_grid_lshape_905401,sparse_grid_lshape,5,7,penalty_row_xy,poor,17,128,44.610414804342696
fresh5_sparse_grid_lshape_905401,sparse_grid_lshape,5,7,penalty_row_xy,poor,17,512,44.13034727004875
fresh5_sparse_grid_lshape_905401,sparse_grid_lshape,5,7,penalty_row_xy,poor,23,1,107.41660827589264
fresh5_sparse_grid_lshape_905401,sparse_grid_lshape,5,7,penalty_row_xy,poor,23,8,75.97978523946736
fresh5_sparse_grid_lshape_905401,sparse_grid_lshape,5,7,penalty_row_xy,poor,23,32,54.05097309568067
fresh5_sparse_grid_lshape_905401,sparse_grid_lshape,5,7,penalty_row_xy,poor,23,128,47.147422009588034
fresh5_sparse_grid_lshape_905401,sparse_grid_lshape,5,7,penalty_row_xy,poor,23,512,44.303738006504
fresh5_sparse_grid_lshape_905401,sparse_grid_lshape,5,7,penalty_row_xy,poor,31,1,107.41730635422745
fresh5_sparse_grid_lshape_905401,sparse_grid_lshape,5,7,penalty_row_xy,poor,31,8,75.97306957836318
fresh5_sparse_grid_lshape_905401,sparse_grid_lshape,5,7,penalty_row_xy,poor,31,32,53.97928091702323
fresh5_sparse_grid_lshape_905401,sparse_grid_lshape,5,7,penalty_row_xy,poor,31,128,47.0082436679469
fresh5_sparse_grid_lshape_905401,sparse_grid_lshape,5,7,penalty_row_xy,poor,31,512,44.27338433958887
fresh5_sparse_grid_lshape_905401,sparse_grid_lshape,5,7,penalty_row_xy,random,11,1,93.52849912438849
fresh5_sparse_grid_lshape_905401,sparse_grid_lshape,5,7,penalty_row_xy,random,11,8,69.12001344097781
fresh5_sparse_grid_lshape_905401,sparse_grid_lshape,5,7,penalty_row_xy,random,11,32,52.50289628269865
fresh5_sparse_grid_lshape_905401,sparse_grid_lshape,5,7,penalty_row_xy,random,11,128,46.10398071209851
fresh5_sparse_grid_lshape_905401,sparse_grid_lshape,5,7,penalty_row_xy,random,11,512,44.227246311695836
fresh5_sparse_grid_lshape_905401,sparse_grid_lshape,5,7,penalty_row_xy,random,17,1,93.0072401339262
fresh5_sparse_grid_lshape_905401,sparse_grid_lshape,5,7,penalty_row_xy,random,17,8,69.10905254299908
fresh5_sparse_grid_lshape_905401,sparse_grid_lshape,5,7,penalty_row_xy,random,17,32,55.155251237616504
fresh5_sparse_grid_lshape_905401,sparse_grid_lshape,5,7,penalty_row_xy,random,17,128,50.40463418159976
fresh5_sparse_grid_lshape_905401,sparse_grid_lshape,5,7,penalty_row_xy,random,17,512,47.16015101108036
fresh5_sparse_grid_lshape_905401,sparse_grid_lshape,5,7,penalty_row_xy,random,23,1,94.43844359374927
fresh5_sparse_grid_lshape_905401,sparse_grid_lshape,5,7,penalty_row_xy,random,23,8,71.94160687018294
fresh5_sparse_grid_lshape_905401,sparse_grid_lshape,5,7,penalty_row_xy,random,23,32,53.545695167271894
fresh5_sparse_grid_lshape_905401,sparse_grid_lshape,5,7,penalty_row_xy,random,23,128,46.36961185235183
fresh5_sparse_grid_lshape_905401,sparse_grid_lshape,5,7,penalty_row_xy,random,23,512,44.230870431662325
fresh5_sparse_grid_lshape_905401,sparse_grid_lshape,5,7,penalty_row_xy,random,31,1,95.02164900442675
fresh5_sparse_grid_lshape_905401,sparse_grid_lshape,5,7,penalty_row_xy,random,31,8,74.1351543632155
fresh5_sparse_grid_lshape_905401,sparse_grid_lshape,5,7,penalty_row_xy,random,31,32,55.260097442098775
fresh5_sparse_grid_lshape_905401,sparse_grid_lshape,5,7,penalty_row_xy,random,31,128,47.501599132874986
fresh5_sparse_grid_lshape_905401,sparse_grid_lshape,5,7,penalty_row_xy,random,31,512,44.34948728563829
fresh5_sparse_grid_lshape_905401,sparse_grid_lshape,5,7,token,deterministic,11,1,55.26174926444013
fresh5_sparse_grid_lshape_905401,sparse_grid_lshape,5,7,token,deterministic,11,8,49.466784743098835
fresh5_sparse_grid_lshape_905401,sparse_grid_lshape,5,7,token,deterministic,11,32,46.16684978682927
fresh5_sparse_grid_lshape_905401,sparse_grid_lshape,5,7,token,deterministic,11,128,45.01233670944541
fresh5_sparse_grid_lshape_905401,sparse_grid_lshape,5,7,token,deterministic,11,512,44.34733067572079
fresh5_sparse_grid_lshape_905401,sparse_grid_lshape,5,7,token,deterministic,17,1,55.269701586514465
fresh5_sparse_grid_lshape_905401,sparse_grid_lshape,5,7,token,deterministic,17,8,49.46320464232632
fresh5_sparse_grid_lshape_905401,sparse_grid_lshape,5,7,token,deterministic,17,32,46.15020862917007
fresh5_sparse_grid_lshape_905401,sparse_grid_lshape,5,7,token,deterministic,17,128,44.99996465807682
fresh5_sparse_grid_lshape_905401,sparse_grid_lshape,5,7,token,deterministic,17,512,44.33818839374802
fresh5_sparse_grid_lshape_905401,sparse_grid_lshape,5,7,token,deterministic,23,1,55.259134462981905
fresh5_sparse_grid_lshape_905401,sparse_grid_lshape,5,7,token,deterministic,23,8,49.465553187966485
fresh5_sparse_grid_lshape_905401,sparse_grid_lshape,5,7,token,deterministic,23,32,46.1684659383793
fresh5_sparse_grid_lshape_905401,sparse_grid_lshape,5,7,token,deterministic,23,128,45.018423246644595
fresh5_sparse_grid_lshape_905401,sparse_grid_lshape,5,7,token,deterministic,23,512,44.35244525371934
fresh5_sparse_grid_lshape_905401,sparse_grid_lshape,5,7,token,deterministic,31,1,55.28037653852904
fresh5_sparse_grid_lshape_905401,sparse_grid_lshape,5,7,token,deterministic,31,8,49.46172190001504
fresh5_sparse_grid_lshape_905401,sparse_grid_lshape,5,7,token,deterministic,31,32,46.13178414808887
fresh5_sparse_grid_lshape_905401,sparse_grid_lshape,5,7,token,deterministic,31,128,44.97929954347207
fresh5_sparse_grid_lshape_905401,sparse_grid_lshape,5,7,token,deterministic,31,512,44.32312104598629
fresh5_sparse_grid_lshape_905401,sparse_grid_lshape,5,7,token,poor,11,1,73.85008517478963
fresh5_sparse_grid_lshape_905401,sparse_grid_lshape,5,7,token,poor,11,8,54.38622135725159
fresh5_sparse_grid_lshape_905401,sparse_grid_lshape,5,7,token,poor,11,32,48.92720042478735
fresh5_sparse_grid_lshape_905401,sparse_grid_lshape,5,7,token,poor,11,128,45.642084434182564
fresh5_sparse_grid_lshape_905401,sparse_grid_lshape,5,7,token,poor,11,512,44.197145333711326
fresh5_sparse_grid_lshape_905401,sparse_grid_lshape,5,7,token,poor,17,1,72.84849387864949
fresh5_sparse_grid_lshape_905401,sparse_grid_lshape,5,7,token,poor,17,8,55.034309587624456
fresh5_sparse_grid_lshape_905401,sparse_grid_lshape,5,7,token,poor,17,32,50.04153931399064
fresh5_sparse_grid_lshape_905401,sparse_grid_lshape,5,7,token,poor,17,128,46.35475943715794
fresh5_sparse_grid_lshape_905401,sparse_grid_lshape,5,7,token,poor,17,512,44.24110909519716
fresh5_sparse_grid_lshape_905401,sparse_grid_lshape,5,7,token,poor,23,1,73.70098728624006
fresh5_sparse_grid_lshape_905401,sparse_grid_lshape,5,7,token,poor,23,8,54.17945957985399
fresh5_sparse_grid_lshape_905401,sparse_grid_lshape,5,7,token,poor,23,32,48.56713260910504
fresh5_sparse_grid_lshape_905401,sparse_grid_lshape,5,7,token,poor,23,128,45.26434929394486
fresh5_sparse_grid_lshape_905401,sparse_grid_lshape,5,7,token,poor,23,512,44.180749990137315
fresh5_sparse_grid_lshape_905401,sparse_grid_lshape,5,7,token,poor,31,1,73.15742354013342
fresh5_sparse_grid_lshape_905401,sparse_grid_lshape,5,7,token,poor,31,8,55.243057587623575
fresh5_sparse_grid_lshape_905401,sparse_grid_lshape,5,7,token,poor,31,32,49.20297849440527
fresh5_sparse_grid_lshape_905401,sparse_grid_lshape,5,7,token,poor,31,128,46.58768922043366
fresh5_sparse_grid_lshape_905401,sparse_grid_lshape,5,7,token,poor,31,512,44.596733571743464
fresh5_sparse_grid_lshape_905401,sparse_grid_lshape,5,7,token,random,11,1,72.19559309035397
fresh5_sparse_grid_lshape_905401,sparse_grid_lshape,5,7,token,random,11,8,54.685725428024526
fresh5_sparse_grid_lshape_905401,sparse_grid_lshape,5,7,token,random,11,32,48.12516496409229
fresh5_sparse_grid_lshape_905401,sparse_grid_lshape,5,7,token,random,11,128,44.77867677320534
fresh5_sparse_grid_lshape_905401,sparse_grid_lshape,5,7,token,random,11,512,44.1394669944028
fresh5_sparse_grid_lshape_905401,sparse_grid_lshape,5,7,token,random,17,1,70.99247026308413
fresh5_sparse_grid_lshape_905401,sparse_grid_lshape,5,7,token,random,17,8,53.51150645056977
fresh5_sparse_grid_lshape_905401,sparse_grid_lshape,5,7,token,random,17,32,47.470847819963964
fresh5_sparse_grid_lshape_905401,sparse_grid_lshape,5,7,token,random,17,128,44.64066585283152
fresh5_sparse_grid_lshape_905401,sparse_grid_lshape,5,7,token,random,17,512,44.14739815397643
fresh5_sparse_grid_lshape_905401,sparse_grid_lshape,5,7,token,random,23,1,76.98596722781858
fresh5_sparse_grid_lshape_905401,sparse_grid_lshape,5,7,token,random,23,8,58.006534917177454
fresh5_sparse_grid_lshape_905401,sparse_grid_lshape,5,7,token,random,23,32,51.23753770466231
fresh5_sparse_grid_lshape_905401,sparse_grid_lshape,5,7,token,random,23,128,48.76766028155601
fresh5_sparse_grid_lshape_905401,sparse_grid_lshape,5,7,token,random,23,512,45.95869173995233
fresh5_sparse_grid_lshape_905401,sparse_grid_lshape,5,7,token,random,31,1,76.96821320780964
fresh5_sparse_grid_lshape_905401,sparse_grid_lshape,5,7,token,random,31,8,58.221847758423735
fresh5_sparse_grid_lshape_905401,sparse_grid_lshape,5,7,token,random,31,32,51.44150516692156
fresh5_sparse_grid_lshape_905401,sparse_grid_lshape,5,7,token,random,31,128,49.767072649523854
fresh5_sparse_grid_lshape_905401,sparse_grid_lshape,5,7,token,random,31,512,47.89068081359616
fresh5_sparse_grid_lshape_905401,sparse_grid_lshape,5,7,uniform_feasible,deterministic,,1,56.59029365079349
fresh5_sparse_grid_lshape_905401,sparse_grid_lshape,5,7,uniform_feasible,deterministic,,8,53.83140991481064
fresh5_sparse_grid_lshape_905401,sparse_grid_lshape,5,7,uniform_feasible,deterministic,,32,49.52471338274216
fresh5_sparse_grid_lshape_905401,sparse_grid_lshape,5,7,uniform_feasible,deterministic,,128,45.74250350640276
fresh5_sparse_grid_lshape_905401,sparse_grid_lshape,5,7,uniform_feasible,deterministic,,512,44.27821918926003
fresh5_sparse_grid_lshape_905401,sparse_grid_lshape,5,7,uniform_feasible,poor,,1,74.2133333333331
fresh5_sparse_grid_lshape_905401,sparse_grid_lshape,5,7,uniform_feasible,poor,,8,55.872548686752566
fresh5_sparse_grid_lshape_905401,sparse_grid_lshape,5,7,uniform_feasible,poor,,32,49.55790872625299
fresh5_sparse_grid_lshape_905401,sparse_grid_lshape,5,7,uniform_feasible,poor,,128,45.742503568416886
fresh5_sparse_grid_lshape_905401,sparse_grid_lshape,5,7,uniform_feasible,poor,,512,44.27821918926003
fresh5_sparse_grid_lshape_905401,sparse_grid_lshape,5,7,uniform_feasible,random,,1,74.01565873015849
fresh5_sparse_grid_lshape_905401,sparse_grid_lshape,5,7,uniform_feasible,random,,8,55.87254868675073
fresh5_sparse_grid_lshape_905401,sparse_grid_lshape,5,7,uniform_feasible,random,,32,49.557908726253
fresh5_sparse_grid_lshape_905401,sparse_grid_lshape,5,7,uniform_feasible,random,,128,45.742503568416886
fresh5_sparse_grid_lshape_905401,sparse_grid_lshape,5,7,uniform_feasible,random,,512,44.27821918926003
