instance_id,family,method,p,component,topology,seed,circuit_sha256,active_qubits,parameters,seconds,qubits,one_qubit,rz,two_qubit,depth,two_qubit_depth,logical_qubits,logical_one_qubit,logical_rz,logical_two_qubit,logical_depth,logical_two_qubit_depth
phase_6_compact_0,compact,serial,3,full,sherbrooke,211,26619b57433804b4ade25038a0f2b43dd35ebf50cef31ad62f100f2917ab0c25,19,5,3.7390335858799517,127,18251,10705,3257,9081,2159,19,1367,1065,1049,1248,754
phase_6_compact_0,compact,serial,3,full,sherbrooke,223,26619b57433804b4ade25038a0f2b43dd35ebf50cef31ad62f100f2917ab0c25,19,5,3.467248362954706,127,17232,10019,3162,8182,1997,19,1367,1065,1049,1248,754
phase_6_compact_0,compact,serial,3,full,sherbrooke,227,26619b57433804b4ade25038a0f2b43dd35ebf50cef31ad62f100f2917ab0c25,19,5,3.474508297163993,127,17326,10141,3075,8462,2002,19,1367,1065,1049,1248,754
phase_6_compact_0,compact,serial,3,full,sherbrooke,229,26619b57433804b4ade25038a0f2b43dd35ebf50cef31ad62f100f2917ab0c25,19,5,3.7819160437211394,127,17653,10310,3210,8571,2059,19,1367,1065,1049,1248,754
phase_6_compact_0,compact,serial,3,full,sherbrooke,233,26619b57433804b4ade25038a0f2b43dd35ebf50cef31ad62f100f2917ab0c25,19,5,3.3800701620057225,127,17306,10113,3153,8190,1996,19,1367,1065,1049,1248,754
phase_6_compact_0,compact,serial,3,prep,sherbrooke,211,0abcbf7c27981e437b863c4c778786f1820aa62d796301176f84954f4aea0c15,19,0,0.012212372850626707,127,7,0,0,1,0,19,7,0,0,1,0
phase_6_compact_0,compact,serial,3,prep,sherbrooke,223,0abcbf7c27981e437b863c4c778786f1820aa62d796301176f84954f4aea0c15,19,0,0.011185064911842346,127,7,0,0,1,0,19,7,0,0,1,0
phase_6_compact_0,compact,serial,3,prep,sherbrooke,227,0abcbf7c27981e437b863c4c778786f1820aa62d796301176f84954f4aea0c15,19,0,0.011157893110066652,127,7,0,0,1,0,19,7,0,0,1,0
phase_6_compact_0,compact,serial,3,prep,sherbrooke,229,0abcbf7c27981e437b863c4c778786f1820aa62d796301176f84954f4aea0c15,19,0,0.01824273820966482,127,7,0,0,1,0,19,7,0,0,1,0
phase_6_compact_0,compact,serial,3,prep,sherbrooke,233,0abcbf7c27981e437b863c4c778786f1820aa62d796301176f84954f4aea0c15,19,0,0.01141715981066227,127,7,0,0,1,0,19,7,0,0,1,0
phase_6_compact_0,compact,serial,3,prep,line25,211,0abcbf7c27981e437b863c4c778786f1820aa62d796301176f84954f4aea0c15,19,0,0.009681150782853365,25,7,0,0,1,0,19,7,0,0,1,0
phase_6_compact_0,compact,serial,3,prep,line25,223,0abcbf7c27981e437b863c4c778786f1820aa62d796301176f84954f4aea0c15,19,0,0.00880351196974516,25,7,0,0,1,0,19,7,0,0,1,0
phase_6_compact_0,compact,serial,3,prep,line25,227,0abcbf7c27981e437b863c4c778786f1820aa62d796301176f84954f4aea0c15,19,0,0.0088418941013515,25,7,0,0,1,0,19,7,0,0,1,0
phase_6_compact_0,compact,serial,3,prep,line25,229,0abcbf7c27981e437b863c4c778786f1820aa62d796301176f84954f4aea0c15,19,0,0.008862401824444532,25,7,0,0,1,0,19,7,0,0,1,0
phase_6_compact_0,compact,serial,3,prep,line25,233,0abcbf7c27981e437b863c4c778786f1820aa62d796301176f84954f4aea0c15,19,0,0.008806207217276096,25,7,0,0,1,0,19,7,0,0,1,0
phase_6_compact_0,compact,serial,3,prep,grid25,211,0abcbf7c27981e437b863c4c778786f1820aa62d796301176f84954f4aea0c15,19,0,0.009023564867675304,25,7,0,0,1,0,19,7,0,0,1,0
phase_6_compact_0,compact,serial,3,prep,grid25,223,0abcbf7c27981e437b863c4c778786f1820aa62d796301176f84954f4aea0c15,19,0,0.008935831021517515,25,7,0,0,1,0,19,7,0,0,1,0
phase_6_compact_0,compact,serial,3,prep,grid25,227,0abcbf7c27981e437b863c4c778786f1820aa62d796301176f84954f4aea0c15,19,0,0.008896175771951675,25,7,0,0,1,0,19,7,0,0,1,0
phase_6_compact_0,compact,serial,3,prep,grid25,229,0abcbf7c27981e437b863c4c778786f1820aa62d796301176f84954f4aea0c15,19,0,0.008885364979505539,25,7,0,0,1,0,19,7,0,0,1,0
phase_6_compact_0,compact,serial,3,prep,grid25,233,0abcbf7c27981e437b863c4c778786f1820aa62d796301176f84954f4aea0c15,19,0,0.00916947890073061,25,7,0,0,1,0,19,7,0,0,1,0
phase_6_compact_0,compact,serial,3,mixer,sherbrooke,211,db312e3c1038947720c38f1cb6c11a55240ab4ce206ba5284e62f0469694635b,19,1,0.10105056222528219,127,2870,1686,479,1626,378,19,384,282,195,276,152
phase_6_compact_0,compact,serial,3,mixer,sherbrooke,223,db312e3c1038947720c38f1cb6c11a55240ab4ce206ba5284e62f0469694635b,19,1,0.09731306275352836,127,2659,1558,442,1465,332,19,384,282,195,276,152
phase_6_compact_0,compact,serial,3,mixer,sherbrooke,227,db312e3c1038947720c38f1cb6c11a55240ab4ce206ba5284e62f0469694635b,19,1,0.08417184604331851,127,2763,1620,453,1509,343,19,384,282,195,276,152
phase_6_compact_0,compact,serial,3,mixer,sherbrooke,229,db312e3c1038947720c38f1cb6c11a55240ab4ce206ba5284e62f0469694635b,19,1,0.0810675248503685,127,2580,1505,439,1475,348,19,384,282,195,276,152
phase_6_compact_0,compact,serial,3,mixer,sherbrooke,233,db312e3c1038947720c38f1cb6c11a55240ab4ce206ba5284e62f0469694635b,19,1,0.12314462242648005,127,2841,1666,484,1458,345,19,384,282,195,276,152
phase_6_compact_0,compact,serial,3,mixer,line25,211,db312e3c1038947720c38f1cb6c11a55240ab4ce206ba5284e62f0469694635b,19,1,0.056226436980068684,25,725,463,523,654,402,19,384,282,195,276,152
phase_6_compact_0,compact,serial,3,mixer,line25,223,db312e3c1038947720c38f1cb6c11a55240ab4ce206ba5284e62f0469694635b,19,1,0.052443673834204674,25,762,482,494,625,365,19,384,282,195,276,152
phase_6_compact_0,compact,serial,3,mixer,line25,227,db312e3c1038947720c38f1cb6c11a55240ab4ce206ba5284e62f0469694635b,19,1,0.05437544081360102,25,695,449,573,678,446,19,384,282,195,276,152
phase_6_compact_0,compact,serial,3,mixer,line25,229,db312e3c1038947720c38f1cb6c11a55240ab4ce206ba5284e62f0469694635b,19,1,0.0530683770775795,25,680,441,511,625,389,19,384,282,195,276,152
phase_6_compact_0,compact,serial,3,mixer,line25,233,db312e3c1038947720c38f1cb6c11a55240ab4ce206ba5284e62f0469694635b,19,1,0.052204553969204426,25,746,474,495,622,367,19,384,282,195,276,152
phase_6_compact_0,compact,serial,3,mixer,grid25,211,db312e3c1038947720c38f1cb6c11a55240ab4ce206ba5284e62f0469694635b,19,1,0.05034184595569968,25,492,337,374,460,289,19,384,282,195,276,152
phase_6_compact_0,compact,serial,3,mixer,grid25,223,db312e3c1038947720c38f1cb6c11a55240ab4ce206ba5284e62f0469694635b,19,1,0.04965766193345189,25,508,347,371,472,294,19,384,282,195,276,152
phase_6_compact_0,compact,serial,3,mixer,grid25,227,db312e3c1038947720c38f1cb6c11a55240ab4ce206ba5284e62f0469694635b,19,1,0.045681464951485395,25,526,355,351,482,280,19,384,282,195,276,152
phase_6_compact_0,compact,serial,3,mixer,grid25,229,db312e3c1038947720c38f1cb6c11a55240ab4ce206ba5284e62f0469694635b,19,1,0.050149315036833286,25,567,374,359,464,268,19,384,282,195,276,152
phase_6_compact_0,compact,serial,3,mixer,grid25,233,db312e3c1038947720c38f1cb6c11a55240ab4ce206ba5284e62f0469694635b,19,1,0.04539739200845361,25,471,332,399,458,276,19,384,282,195,276,152
phase_6_compact_0,compact,serial,3,phase,sherbrooke,211,0acc06113861b1b2d7f7070ce4c06154f32c8aa202971f451891b9f066305078,19,1,0.22133377101272345,127,3956,2329,704,2121,497,19,110,110,232,288,197
phase_6_compact_0,compact,serial,3,phase,sherbrooke,223,0acc06113861b1b2d7f7070ce4c06154f32c8aa202971f451891b9f066305078,19,1,0.27414387185126543,127,3731,2202,661,2026,475,19,110,110,232,288,197
phase_6_compact_0,compact,serial,3,phase,sherbrooke,227,0acc06113861b1b2d7f7070ce4c06154f32c8aa202971f451891b9f066305078,19,1,0.24559179414063692,127,4336,2591,720,2358,515,19,110,110,232,288,197
phase_6_compact_0,compact,serial,3,phase,sherbrooke,229,0acc06113861b1b2d7f7070ce4c06154f32c8aa202971f451891b9f066305078,19,1,0.24209019914269447,127,3890,2289,706,2176,527,19,110,110,232,288,197
phase_6_compact_0,compact,serial,3,phase,sherbrooke,233,0acc06113861b1b2d7f7070ce4c06154f32c8aa202971f451891b9f066305078,19,1,0.3199561219662428,127,4026,2379,709,2134,503,19,110,110,232,288,197
phase_6_compact_0,compact,serial,3,phase,line25,211,0acc06113861b1b2d7f7070ce4c06154f32c8aa202971f451891b9f066305078,19,1,0.07391537493094802,25,539,344,764,809,534,19,110,110,232,288,197
phase_6_compact_0,compact,serial,3,phase,line25,223,0acc06113861b1b2d7f7070ce4c06154f32c8aa202971f451891b9f066305078,19,1,0.07373178098350763,25,538,343,766,805,532,19,110,110,232,288,197
phase_6_compact_0,compact,serial,3,phase,line25,227,0acc06113861b1b2d7f7070ce4c06154f32c8aa202971f451891b9f066305078,19,1,0.07366360211744905,25,538,343,770,826,547,19,110,110,232,288,197
phase_6_compact_0,compact,serial,3,phase,line25,229,0acc06113861b1b2d7f7070ce4c06154f32c8aa202971f451891b9f066305078,19,1,0.07366226986050606,25,539,344,765,811,541,19,110,110,232,288,197
phase_6_compact_0,compact,serial,3,phase,line25,233,0acc06113861b1b2d7f7070ce4c06154f32c8aa202971f451891b9f066305078,19,1,0.07487417617812753,25,560,355,770,831,542,19,110,110,232,288,197
phase_6_compact_0,compact,serial,3,phase,grid25,211,0acc06113861b1b2d7f7070ce4c06154f32c8aa202971f451891b9f066305078,19,1,0.046744602266699076,25,238,179,458,492,345,19,110,110,232,288,197
phase_6_compact_0,compact,serial,3,phase,grid25,223,0acc06113861b1b2d7f7070ce4c06154f32c8aa202971f451891b9f066305078,19,1,0.04622595710679889,25,263,193,464,535,372,19,110,110,232,288,197
phase_6_compact_0,compact,serial,3,phase,grid25,227,0acc06113861b1b2d7f7070ce4c06154f32c8aa202971f451891b9f066305078,19,1,0.05984549364075065,25,286,206,471,527,365,19,110,110,232,288,197
phase_6_compact_0,compact,serial,3,phase,grid25,229,0acc06113861b1b2d7f7070ce4c06154f32c8aa202971f451891b9f066305078,19,1,0.04659905796870589,25,198,158,467,514,380,19,110,110,232,288,197
phase_6_compact_0,compact,serial,3,phase,grid25,233,0acc06113861b1b2d7f7070ce4c06154f32c8aa202971f451891b9f066305078,19,1,0.05918943230062723,25,264,194,460,521,368,19,110,110,232,288,197
phase_6_compact_0,compact,parallel,3,full,sherbrooke,211,72271b3d85d6b35cd8f36176d1f3a47a93c8b18d58ef7818b51e710fa9b223dc,21,5,3.842630739789456,127,18182,10644,3244,7580,1763,21,1372,1068,1049,930,577
phase_6_compact_0,compact,parallel,3,full,sherbrooke,223,72271b3d85d6b35cd8f36176d1f3a47a93c8b18d58ef7818b51e710fa9b223dc,21,5,3.6158732841722667,127,17506,10196,3186,6921,1703,21,1372,1068,1049,930,577
phase_6_compact_0,compact,parallel,3,full,sherbrooke,227,72271b3d85d6b35cd8f36176d1f3a47a93c8b18d58ef7818b51e710fa9b223dc,21,5,3.7481489637866616,127,18024,10521,3273,7402,1755,21,1372,1068,1049,930,577
phase_6_compact_0,compact,parallel,3,full,sherbrooke,229,72271b3d85d6b35cd8f36176d1f3a47a93c8b18d58ef7818b51e710fa9b223dc,21,5,3.6366780139505863,127,17154,9937,3196,7025,1751,21,1372,1068,1049,930,577
phase_6_compact_0,compact,parallel,3,full,sherbrooke,233,72271b3d85d6b35cd8f36176d1f3a47a93c8b18d58ef7818b51e710fa9b223dc,21,5,3.4734062370844185,127,17595,10306,3099,6913,1630,21,1372,1068,1049,930,577
phase_6_compact_0,compact,parallel,3,prep,sherbrooke,211,1f58d6eac272884dde87eabf7a0d35224737670c0e69afddbc91cfdc1b25b73c,21,0,0.011341898702085018,127,7,0,0,1,0,21,7,0,0,1,0
phase_6_compact_0,compact,parallel,3,prep,sherbrooke,223,1f58d6eac272884dde87eabf7a0d35224737670c0e69afddbc91cfdc1b25b73c,21,0,0.010684423614293337,127,7,0,0,1,0,21,7,0,0,1,0
phase_6_compact_0,compact,parallel,3,prep,sherbrooke,227,1f58d6eac272884dde87eabf7a0d35224737670c0e69afddbc91cfdc1b25b73c,21,0,0.014843734912574291,127,7,0,0,1,0,21,7,0,0,1,0
phase_6_compact_0,compact,parallel,3,prep,sherbrooke,229,1f58d6eac272884dde87eabf7a0d35224737670c0e69afddbc91cfdc1b25b73c,21,0,0.010780144017189741,127,7,0,0,1,0,21,7,0,0,1,0
phase_6_compact_0,compact,parallel,3,prep,sherbrooke,233,1f58d6eac272884dde87eabf7a0d35224737670c0e69afddbc91cfdc1b25b73c,21,0,0.010839546099305153,127,7,0,0,1,0,21,7,0,0,1,0
phase_6_compact_0,compact,parallel,3,prep,line25,211,1f58d6eac272884dde87eabf7a0d35224737670c0e69afddbc91cfdc1b25b73c,21,0,0.008425352163612843,25,7,0,0,1,0,21,7,0,0,1,0
phase_6_compact_0,compact,parallel,3,prep,line25,223,1f58d6eac272884dde87eabf7a0d35224737670c0e69afddbc91cfdc1b25b73c,21,0,0.008495913818478584,25,7,0,0,1,0,21,7,0,0,1,0
phase_6_compact_0,compact,parallel,3,prep,line25,227,1f58d6eac272884dde87eabf7a0d35224737670c0e69afddbc91cfdc1b25b73c,21,0,0.008369756862521172,25,7,0,0,1,0,21,7,0,0,1,0
phase_6_compact_0,compact,parallel,3,prep,line25,229,1f58d6eac272884dde87eabf7a0d35224737670c0e69afddbc91cfdc1b25b73c,21,0,0.0085192178376019,25,7,0,0,1,0,21,7,0,0,1,0
phase_6_compact_0,compact,parallel,3,prep,line25,233,1f58d6eac272884dde87eabf7a0d35224737670c0e69afddbc91cfdc1b25b73c,21,0,0.008325604256242514,25,7,0,0,1,0,21,7,0,0,1,0
phase_6_compact_0,compact,parallel,3,prep,grid25,211,1f58d6eac272884dde87eabf7a0d35224737670c0e69afddbc91cfdc1b25b73c,21,0,0.008749540895223618,25,7,0,0,1,0,21,7,0,0,1,0
phase_6_compact_0,compact,parallel,3,prep,grid25,223,1f58d6eac272884dde87eabf7a0d35224737670c0e69afddbc91cfdc1b25b73c,21,0,0.00873611494898796,25,7,0,0,1,0,21,7,0,0,1,0
phase_6_compact_0,compact,parallel,3,prep,grid25,227,1f58d6eac272884dde87eabf7a0d35224737670c0e69afddbc91cfdc1b25b73c,21,0,0.00866807671263814,25,7,0,0,1,0,21,7,0,0,1,0
phase_6_compact_0,compact,parallel,3,prep,grid25,229,1f58d6eac272884dde87eabf7a0d35224737670c0e69afddbc91cfdc1b25b73c,21,0,0.008756132796406746,25,7,0,0,1,0,21,7,0,0,1,0
phase_6_compact_0,compact,parallel,3,prep,grid25,233,1f58d6eac272884dde87eabf7a0d35224737670c0e69afddbc91cfdc1b25b73c,21,0,0.00883937906473875,25,7,0,0,1,0,21,7,0,0,1,0
phase_6_compact_0,compact,parallel,3,mixer,sherbrooke,211,922059cbf31217b855e5c3eb0fe48d9581d782b6d38be371d553fa22b2d82c00,21,1,0.07320381887257099,127,2605,1526,446,822,197,21,389,285,195,170,92
phase_6_compact_0,compact,parallel,3,mixer,sherbrooke,223,922059cbf31217b855e5c3eb0fe48d9581d782b6d38be371d553fa22b2d82c00,21,1,0.09113929001614451,127,2708,1589,430,851,189,21,389,285,195,170,92
phase_6_compact_0,compact,parallel,3,mixer,sherbrooke,227,922059cbf31217b855e5c3eb0fe48d9581d782b6d38be371d553fa22b2d82c00,21,1,0.09177171671763062,127,2574,1511,435,842,194,21,389,285,195,170,92
phase_6_compact_0,compact,parallel,3,mixer,sherbrooke,229,922059cbf31217b855e5c3eb0fe48d9581d782b6d38be371d553fa22b2d82c00,21,1,0.07453474821522832,127,2735,1599,452,960,221,21,389,285,195,170,92
phase_6_compact_0,compact,parallel,3,mixer,sherbrooke,233,922059cbf31217b855e5c3eb0fe48d9581d782b6d38be371d553fa22b2d82c00,21,1,0.07404839480295777,127,2671,1578,431,921,198,21,389,285,195,170,92
phase_6_compact_0,compact,parallel,3,mixer,line25,211,922059cbf31217b855e5c3eb0fe48d9581d782b6d38be371d553fa22b2d82c00,21,1,0.0545629127882421,25,651,426,483,354,207,21,389,285,195,170,92
phase_6_compact_0,compact,parallel,3,mixer,line25,223,922059cbf31217b855e5c3eb0fe48d9581d782b6d38be371d553fa22b2d82c00,21,1,0.05449611833319068,25,642,422,492,353,225,21,389,285,195,170,92
phase_6_compact_0,compact,parallel,3,mixer,line25,227,922059cbf31217b855e5c3eb0fe48d9581d782b6d38be371d553fa22b2d82c00,21,1,0.05374490702524781,25,616,407,508,367,225,21,389,285,195,170,92
phase_6_compact_0,compact,parallel,3,mixer,line25,229,922059cbf31217b855e5c3eb0fe48d9581d782b6d38be371d553fa22b2d82c00,21,1,0.053780424408614635,25,616,408,515,372,249,21,389,285,195,170,92
phase_6_compact_0,compact,parallel,3,mixer,line25,233,922059cbf31217b855e5c3eb0fe48d9581d782b6d38be371d553fa22b2d82c00,21,1,0.049203839153051376,25,643,422,484,350,213,21,389,285,195,170,92
phase_6_compact_0,compact,parallel,3,mixer,grid25,211,922059cbf31217b855e5c3eb0fe48d9581d782b6d38be371d553fa22b2d82c00,21,1,0.04947560001164675,25,557,377,348,331,183,21,389,285,195,170,92
phase_6_compact_0,compact,parallel,3,mixer,grid25,223,922059cbf31217b855e5c3eb0fe48d9581d782b6d38be371d553fa22b2d82c00,21,1,0.05308588873594999,25,514,357,358,343,196,21,389,285,195,170,92
phase_6_compact_0,compact,parallel,3,mixer,grid25,227,922059cbf31217b855e5c3eb0fe48d9581d782b6d38be371d553fa22b2d82c00,21,1,0.053130142856389284,25,536,362,340,333,183,21,389,285,195,170,92
phase_6_compact_0,compact,parallel,3,mixer,grid25,229,922059cbf31217b855e5c3eb0fe48d9581d782b6d38be371d553fa22b2d82c00,21,1,0.04959871992468834,25,499,345,356,289,166,21,389,285,195,170,92
phase_6_compact_0,compact,parallel,3,mixer,grid25,233,922059cbf31217b855e5c3eb0fe48d9581d782b6d38be371d553fa22b2d82c00,21,1,0.05340384738519788,25,473,333,369,297,180,21,389,285,195,170,92
phase_6_compact_0,compact,parallel,3,phase,sherbrooke,211,a7a78d58c51a31035b0dd40f67cc5e545981ef571b31072432787d4524be3cec,21,1,0.2056473633274436,127,3956,2329,704,2121,497,21,110,110,232,288,197
phase_6_compact_0,compact,parallel,3,phase,sherbrooke,223,a7a78d58c51a31035b0dd40f67cc5e545981ef571b31072432787d4524be3cec,21,1,0.24093005992472172,127,3731,2202,661,2026,475,21,110,110,232,288,197
phase_6_compact_0,compact,parallel,3,phase,sherbrooke,227,a7a78d58c51a31035b0dd40f67cc5e545981ef571b31072432787d4524be3cec,21,1,0.22786684893071651,127,4336,2591,720,2358,515,21,110,110,232,288,197
phase_6_compact_0,compact,parallel,3,phase,sherbrooke,229,a7a78d58c51a31035b0dd40f67cc5e545981ef571b31072432787d4524be3cec,21,1,0.2217261977493763,127,3890,2289,706,2176,527,21,110,110,232,288,197
phase_6_compact_0,compact,parallel,3,phase,sherbrooke,233,a7a78d58c51a31035b0dd40f67cc5e545981ef571b31072432787d4524be3cec,21,1,0.28115093102678657,127,4026,2379,709,2134,503,21,110,110,232,288,197
phase_6_compact_0,compact,parallel,3,phase,line25,211,a7a78d58c51a31035b0dd40f67cc5e545981ef571b31072432787d4524be3cec,21,1,0.07120983535423875,25,539,344,764,809,534,21,110,110,232,288,197
phase_6_compact_0,compact,parallel,3,phase,line25,223,a7a78d58c51a31035b0dd40f67cc5e545981ef571b31072432787d4524be3cec,21,1,0.06832886394113302,25,538,343,766,805,532,21,110,110,232,288,197
phase_6_compact_0,compact,parallel,3,phase,line25,227,a7a78d58c51a31035b0dd40f67cc5e545981ef571b31072432787d4524be3cec,21,1,0.06783171091228724,25,538,343,770,826,547,21,110,110,232,288,197
phase_6_compact_0,compact,parallel,3,phase,line25,229,a7a78d58c51a31035b0dd40f67cc5e545981ef571b31072432787d4524be3cec,21,1,0.06905104126781225,25,539,344,765,811,541,21,110,110,232,288,197
phase_6_compact_0,compact,parallel,3,phase,line25,233,a7a78d58c51a31035b0dd40f67cc5e545981ef571b31072432787d4524be3cec,21,1,0.07059998903423548,25,560,355,770,831,542,21,110,110,232,288,197
phase_6_compact_0,compact,parallel,3,phase,grid25,211,a7a78d58c51a31035b0dd40f67cc5e545981ef571b31072432787d4524be3cec,21,1,0.04453241731971502,25,238,179,458,492,345,21,110,110,232,288,197
phase_6_compact_0,compact,parallel,3,phase,grid25,223,a7a78d58c51a31035b0dd40f67cc5e545981ef571b31072432787d4524be3cec,21,1,0.04470639396458864,25,263,193,464,535,372,21,110,110,232,288,197
phase_6_compact_0,compact,parallel,3,phase,grid25,227,a7a78d58c51a31035b0dd40f67cc5e545981ef571b31072432787d4524be3cec,21,1,0.05570268398150802,25,286,206,471,527,365,21,110,110,232,288,197
phase_6_compact_0,compact,parallel,3,phase,grid25,229,a7a78d58c51a31035b0dd40f67cc5e545981ef571b31072432787d4524be3cec,21,1,0.044710522051900625,25,198,158,467,514,380,21,110,110,232,288,197
phase_6_compact_0,compact,parallel,3,phase,grid25,233,a7a78d58c51a31035b0dd40f67cc5e545981ef571b31072432787d4524be3cec,21,1,0.05487822601571679,25,264,194,460,521,368,21,110,110,232,288,197
phase_6_compact_0,compact,complete,3,full,sherbrooke,211,b21bf422773ea3b62b3d4f8e159900821192534e9139704571034f88f68986bf,24,5,3.6923386682756245,127,19468,11810,2969,3400,741,24,3721,2389,1584,587,204
phase_6_compact_0,compact,complete,3,full,sherbrooke,223,b21bf422773ea3b62b3d4f8e159900821192534e9139704571034f88f68986bf,24,5,4.018284238874912,127,20332,12344,3150,3085,655,24,3721,2389,1584,587,204
phase_6_compact_0,compact,complete,3,full,sherbrooke,227,b21bf422773ea3b62b3d4f8e159900821192534e9139704571034f88f68986bf,24,5,4.890419933944941,127,20428,12387,3075,3756,794,24,3721,2389,1584,587,204
phase_6_compact_0,compact,complete,3,full,sherbrooke,229,b21bf422773ea3b62b3d4f8e159900821192534e9139704571034f88f68986bf,24,5,4.339041294995695,127,20147,12204,3049,3151,659,24,3721,2389,1584,587,204
phase_6_compact_0,compact,complete,3,full,sherbrooke,233,b21bf422773ea3b62b3d4f8e159900821192534e9139704571034f88f68986bf,24,5,4.435870009008795,127,20578,12386,3222,3833,835,24,3721,2389,1584,587,204
phase_6_compact_0,compact,complete,3,prep,sherbrooke,211,12bfb4d3ffec5e283973e4a88f7869ab18f4463aa46e726ac8e90c8f673c8061,24,0,0.011321249883621931,127,4,0,0,1,0,24,4,0,0,1,0
phase_6_compact_0,compact,complete,3,prep,sherbrooke,223,12bfb4d3ffec5e283973e4a88f7869ab18f4463aa46e726ac8e90c8f673c8061,24,0,0.010933672077953815,127,4,0,0,1,0,24,4,0,0,1,0
phase_6_compact_0,compact,complete,3,prep,sherbrooke,227,12bfb4d3ffec5e283973e4a88f7869ab18f4463aa46e726ac8e90c8f673c8061,24,0,0.01577358180657029,127,4,0,0,1,0,24,4,0,0,1,0
phase_6_compact_0,compact,complete,3,prep,sherbrooke,229,12bfb4d3ffec5e283973e4a88f7869ab18f4463aa46e726ac8e90c8f673c8061,24,0,0.011067333165556192,127,4,0,0,1,0,24,4,0,0,1,0
phase_6_compact_0,compact,complete,3,prep,sherbrooke,233,12bfb4d3ffec5e283973e4a88f7869ab18f4463aa46e726ac8e90c8f673c8061,24,0,0.010915257968008518,127,4,0,0,1,0,24,4,0,0,1,0
phase_6_compact_0,compact,complete,3,prep,line25,211,12bfb4d3ffec5e283973e4a88f7869ab18f4463aa46e726ac8e90c8f673c8061,24,0,0.008463464211672544,25,4,0,0,1,0,24,4,0,0,1,0
phase_6_compact_0,compact,complete,3,prep,line25,223,12bfb4d3ffec5e283973e4a88f7869ab18f4463aa46e726ac8e90c8f673c8061,24,0,0.008619345724582672,25,4,0,0,1,0,24,4,0,0,1,0
phase_6_compact_0,compact,complete,3,prep,line25,227,12bfb4d3ffec5e283973e4a88f7869ab18f4463aa46e726ac8e90c8f673c8061,24,0,0.008303563110530376,25,4,0,0,1,0,24,4,0,0,1,0
phase_6_compact_0,compact,complete,3,prep,line25,229,12bfb4d3ffec5e283973e4a88f7869ab18f4463aa46e726ac8e90c8f673c8061,24,0,0.008417957928031683,25,4,0,0,1,0,24,4,0,0,1,0
phase_6_compact_0,compact,complete,3,prep,line25,233,12bfb4d3ffec5e283973e4a88f7869ab18f4463aa46e726ac8e90c8f673c8061,24,0,0.008330813609063625,25,4,0,0,1,0,24,4,0,0,1,0
phase_6_compact_0,compact,complete,3,prep,grid25,211,12bfb4d3ffec5e283973e4a88f7869ab18f4463aa46e726ac8e90c8f673c8061,24,0,0.00880064582452178,25,4,0,0,1,0,24,4,0,0,1,0
phase_6_compact_0,compact,complete,3,prep,grid25,223,12bfb4d3ffec5e283973e4a88f7869ab18f4463aa46e726ac8e90c8f673c8061,24,0,0.00870893383398652,25,4,0,0,1,0,24,4,0,0,1,0
phase_6_compact_0,compact,complete,3,prep,grid25,227,12bfb4d3ffec5e283973e4a88f7869ab18f4463aa46e726ac8e90c8f673c8061,24,0,0.008714493829756975,25,4,0,0,1,0,24,4,0,0,1,0
phase_6_compact_0,compact,complete,3,prep,grid25,229,12bfb4d3ffec5e283973e4a88f7869ab18f4463aa46e726ac8e90c8f673c8061,24,0,0.008537251967936754,25,4,0,0,1,0,24,4,0,0,1,0
phase_6_compact_0,compact,complete,3,prep,grid25,233,12bfb4d3ffec5e283973e4a88f7869ab18f4463aa46e726ac8e90c8f673c8061,24,0,0.00877802399918437,25,4,0,0,1,0,24,4,0,0,1,0
phase_6_compact_0,compact,complete,3,mixer,sherbrooke,211,29e6f3aaa5d4261fc09882b21a5db5d05fd2ec1fe35be906f42933c9d8981c83,24,1,0.06601987779140472,127,2416,1479,324,659,117,24,1080,636,240,147,36
phase_6_compact_0,compact,complete,3,mixer,sherbrooke,223,29e6f3aaa5d4261fc09882b21a5db5d05fd2ec1fe35be906f42933c9d8981c83,24,1,0.0625551207922399,127,2545,1555,328,394,68,24,1080,636,240,147,36
phase_6_compact_0,compact,complete,3,mixer,sherbrooke,227,29e6f3aaa5d4261fc09882b21a5db5d05fd2ec1fe35be906f42933c9d8981c83,24,1,0.06795993121340871,127,2464,1514,314,391,67,24,1080,636,240,147,36
phase_6_compact_0,compact,complete,3,mixer,sherbrooke,229,29e6f3aaa5d4261fc09882b21a5db5d05fd2ec1fe35be906f42933c9d8981c83,24,1,0.056123183108866215,127,2508,1526,320,416,70,24,1080,636,240,147,36
phase_6_compact_0,compact,complete,3,mixer,sherbrooke,233,29e6f3aaa5d4261fc09882b21a5db5d05fd2ec1fe35be906f42933c9d8981c83,24,1,0.064249103423208,127,2379,1465,311,369,59,24,1080,636,240,147,36
phase_6_compact_0,compact,complete,3,mixer,line25,211,29e6f3aaa5d4261fc09882b21a5db5d05fd2ec1fe35be906f42933c9d8981c83,24,1,0.040547703858464956,25,1500,860,300,185,47,24,1080,636,240,147,36
phase_6_compact_0,compact,complete,3,mixer,line25,223,29e6f3aaa5d4261fc09882b21a5db5d05fd2ec1fe35be906f42933c9d8981c83,24,1,0.041793533600866795,25,1490,855,306,188,52,24,1080,636,240,147,36
phase_6_compact_0,compact,complete,3,mixer,line25,227,29e6f3aaa5d4261fc09882b21a5db5d05fd2ec1fe35be906f42933c9d8981c83,24,1,0.041403711307793856,25,1439,827,324,205,58,24,1080,636,240,147,36
phase_6_compact_0,compact,complete,3,mixer,line25,229,29e6f3aaa5d4261fc09882b21a5db5d05fd2ec1fe35be906f42933c9d8981c83,24,1,0.04169725300744176,25,1480,850,312,188,52,24,1080,636,240,147,36
phase_6_compact_0,compact,complete,3,mixer,line25,233,29e6f3aaa5d4261fc09882b21a5db5d05fd2ec1fe35be906f42933c9d8981c83,24,1,0.040768729057163,25,1462,839,318,198,55,24,1080,636,240,147,36
phase_6_compact_0,compact,complete,3,mixer,grid25,211,29e6f3aaa5d4261fc09882b21a5db5d05fd2ec1fe35be906f42933c9d8981c83,24,1,0.04253033781424165,25,1259,725,293,207,60,24,1080,636,240,147,36
phase_6_compact_0,compact,complete,3,mixer,grid25,223,29e6f3aaa5d4261fc09882b21a5db5d05fd2ec1fe35be906f42933c9d8981c83,24,1,0.04062101198360324,25,1273,733,297,217,63,24,1080,636,240,147,36
phase_6_compact_0,compact,complete,3,mixer,grid25,227,29e6f3aaa5d4261fc09882b21a5db5d05fd2ec1fe35be906f42933c9d8981c83,24,1,0.04041569586843252,25,1260,722,297,206,60,24,1080,636,240,147,36
phase_6_compact_0,compact,complete,3,mixer,grid25,229,29e6f3aaa5d4261fc09882b21a5db5d05fd2ec1fe35be906f42933c9d8981c83,24,1,0.04115855088457465,25,1244,715,298,229,64,24,1080,636,240,147,36
phase_6_compact_0,compact,complete,3,mixer,grid25,233,29e6f3aaa5d4261fc09882b21a5db5d05fd2ec1fe35be906f42933c9d8981c83,24,1,0.04112617112696171,25,1274,733,301,212,63,24,1080,636,240,147,36
phase_6_compact_0,compact,complete,3,phase,sherbrooke,211,9546c57859216846e900cc627ccda5bb3b48c1f39d56120df1000b5ef046ea01,24,1,0.47543354239314795,127,5693,3490,868,1070,232,24,240,240,432,106,70
phase_6_compact_0,compact,complete,3,phase,sherbrooke,223,9546c57859216846e900cc627ccda5bb3b48c1f39d56120df1000b5ef046ea01,24,1,0.4732223297469318,127,5787,3507,930,1146,272,24,240,240,432,106,70
phase_6_compact_0,compact,complete,3,phase,sherbrooke,227,9546c57859216846e900cc627ccda5bb3b48c1f39d56120df1000b5ef046ea01,24,1,0.5383124817162752,127,5771,3501,943,1070,245,24,240,240,432,106,70
phase_6_compact_0,compact,complete,3,phase,sherbrooke,229,9546c57859216846e900cc627ccda5bb3b48c1f39d56120df1000b5ef046ea01,24,1,0.5791657799854875,127,5340,3240,794,975,217,24,240,240,432,106,70
phase_6_compact_0,compact,complete,3,phase,sherbrooke,233,9546c57859216846e900cc627ccda5bb3b48c1f39d56120df1000b5ef046ea01,24,1,0.4753604051657021,127,5961,3628,943,1240,273,24,240,240,432,106,70
phase_6_compact_0,compact,complete,3,phase,line25,211,9546c57859216846e900cc627ccda5bb3b48c1f39d56120df1000b5ef046ea01,24,1,0.10921646701171994,25,2385,1410,810,413,203,24,240,240,432,106,70
phase_6_compact_0,compact,complete,3,phase,line25,223,9546c57859216846e900cc627ccda5bb3b48c1f39d56120df1000b5ef046ea01,24,1,0.11455686576664448,25,2440,1440,800,458,223,24,240,240,432,106,70
phase_6_compact_0,compact,complete,3,phase,line25,227,9546c57859216846e900cc627ccda5bb3b48c1f39d56120df1000b5ef046ea01,24,1,0.1099832160398364,25,2396,1416,807,432,215,24,240,240,432,106,70
phase_6_compact_0,compact,complete,3,phase,line25,229,9546c57859216846e900cc627ccda5bb3b48c1f39d56120df1000b5ef046ea01,24,1,0.10987885110080242,25,2374,1404,812,421,212,24,240,240,432,106,70
phase_6_compact_0,compact,complete,3,phase,line25,233,9546c57859216846e900cc627ccda5bb3b48c1f39d56120df1000b5ef046ea01,24,1,0.10742966085672379,25,2418,1428,801,470,242,24,240,240,432,106,70
phase_6_compact_0,compact,complete,3,phase,grid25,211,9546c57859216846e900cc627ccda5bb3b48c1f39d56120df1000b5ef046ea01,24,1,0.10968047799542546,25,691,486,783,461,300,24,240,240,432,106,70
phase_6_compact_0,compact,complete,3,phase,grid25,223,9546c57859216846e900cc627ccda5bb3b48c1f39d56120df1000b5ef046ea01,24,1,0.10977577697485685,25,790,540,745,398,264,24,240,240,432,106,70
phase_6_compact_0,compact,complete,3,phase,grid25,227,9546c57859216846e900cc627ccda5bb3b48c1f39d56120df1000b5ef046ea01,24,1,0.10931779677048326,25,944,624,730,409,264,24,240,240,432,106,70
phase_6_compact_0,compact,complete,3,phase,grid25,229,9546c57859216846e900cc627ccda5bb3b48c1f39d56120df1000b5ef046ea01,24,1,0.10915247583761811,25,856,576,749,473,294,24,240,240,432,106,70
phase_6_compact_0,compact,complete,3,phase,grid25,233,9546c57859216846e900cc627ccda5bb3b48c1f39d56120df1000b5ef046ea01,24,1,0.1086033252067864,25,867,582,729,352,223,24,240,240,432,106,70
phase_6_compact_0,compact,ring,3,full,sherbrooke,211,15132555d0a4734c5cf6e8cbea2caff74fed52dc54f9bddba5cfd2e278a855f1,24,5,2.9415062768384814,127,15792,9527,2509,2770,618,24,2101,1417,1152,488,184
phase_6_compact_0,compact,ring,3,full,sherbrooke,223,15132555d0a4734c5cf6e8cbea2caff74fed52dc54f9bddba5cfd2e278a855f1,24,5,2.8843980240635574,127,16008,9722,2425,2801,581,24,2101,1417,1152,488,184
phase_6_compact_0,compact,ring,3,full,sherbrooke,227,15132555d0a4734c5cf6e8cbea2caff74fed52dc54f9bddba5cfd2e278a855f1,24,5,2.8184600197710097,127,15602,9477,2382,2586,548,24,2101,1417,1152,488,184
phase_6_compact_0,compact,ring,3,full,sherbrooke,229,15132555d0a4734c5cf6e8cbea2caff74fed52dc54f9bddba5cfd2e278a855f1,24,5,2.9318370893597603,127,16025,9729,2492,2984,641,24,2101,1417,1152,488,184
phase_6_compact_0,compact,ring,3,full,sherbrooke,233,15132555d0a4734c5cf6e8cbea2caff74fed52dc54f9bddba5cfd2e278a855f1,24,5,3.27550210384652,127,15521,9296,2491,2934,652,24,2101,1417,1152,488,184
phase_6_compact_0,compact,ring,3,prep,sherbrooke,211,12bfb4d3ffec5e283973e4a88f7869ab18f4463aa46e726ac8e90c8f673c8061,24,0,0.011441206093877554,127,4,0,0,1,0,24,4,0,0,1,0
phase_6_compact_0,compact,ring,3,prep,sherbrooke,223,12bfb4d3ffec5e283973e4a88f7869ab18f4463aa46e726ac8e90c8f673c8061,24,0,0.010930706281214952,127,4,0,0,1,0,24,4,0,0,1,0
phase_6_compact_0,compact,ring,3,prep,sherbrooke,227,12bfb4d3ffec5e283973e4a88f7869ab18f4463aa46e726ac8e90c8f673c8061,24,0,0.010993054136633873,127,4,0,0,1,0,24,4,0,0,1,0
phase_6_compact_0,compact,ring,3,prep,sherbrooke,229,12bfb4d3ffec5e283973e4a88f7869ab18f4463aa46e726ac8e90c8f673c8061,24,0,0.010829736944288015,127,4,0,0,1,0,24,4,0,0,1,0
phase_6_compact_0,compact,ring,3,prep,sherbrooke,233,12bfb4d3ffec5e283973e4a88f7869ab18f4463aa46e726ac8e90c8f673c8061,24,0,0.010862068273127079,127,4,0,0,1,0,24,4,0,0,1,0
phase_6_compact_0,compact,ring,3,prep,line25,211,12bfb4d3ffec5e283973e4a88f7869ab18f4463aa46e726ac8e90c8f673c8061,24,0,0.008477600291371346,25,4,0,0,1,0,24,4,0,0,1,0
phase_6_compact_0,compact,ring,3,prep,line25,223,12bfb4d3ffec5e283973e4a88f7869ab18f4463aa46e726ac8e90c8f673c8061,24,0,0.008399073034524918,25,4,0,0,1,0,24,4,0,0,1,0
phase_6_compact_0,compact,ring,3,prep,line25,227,12bfb4d3ffec5e283973e4a88f7869ab18f4463aa46e726ac8e90c8f673c8061,24,0,0.008378694299608469,25,4,0,0,1,0,24,4,0,0,1,0
phase_6_compact_0,compact,ring,3,prep,line25,229,12bfb4d3ffec5e283973e4a88f7869ab18f4463aa46e726ac8e90c8f673c8061,24,0,0.008423087187111378,25,4,0,0,1,0,24,4,0,0,1,0
phase_6_compact_0,compact,ring,3,prep,line25,233,12bfb4d3ffec5e283973e4a88f7869ab18f4463aa46e726ac8e90c8f673c8061,24,0,0.008423327933996916,25,4,0,0,1,0,24,4,0,0,1,0
phase_6_compact_0,compact,ring,3,prep,grid25,211,12bfb4d3ffec5e283973e4a88f7869ab18f4463aa46e726ac8e90c8f673c8061,24,0,0.008911164943128824,25,4,0,0,1,0,24,4,0,0,1,0
phase_6_compact_0,compact,ring,3,prep,grid25,223,12bfb4d3ffec5e283973e4a88f7869ab18f4463aa46e726ac8e90c8f673c8061,24,0,0.008772423956543207,25,4,0,0,1,0,24,4,0,0,1,0
phase_6_compact_0,compact,ring,3,prep,grid25,227,12bfb4d3ffec5e283973e4a88f7869ab18f4463aa46e726ac8e90c8f673c8061,24,0,0.008735043928027153,25,4,0,0,1,0,24,4,0,0,1,0
phase_6_compact_0,compact,ring,3,prep,grid25,229,12bfb4d3ffec5e283973e4a88f7869ab18f4463aa46e726ac8e90c8f673c8061,24,0,0.008726838044822216,25,4,0,0,1,0,24,4,0,0,1,0
phase_6_compact_0,compact,ring,3,prep,grid25,233,12bfb4d3ffec5e283973e4a88f7869ab18f4463aa46e726ac8e90c8f673c8061,24,0,0.008573950733989477,25,4,0,0,1,0,24,4,0,0,1,0
phase_6_compact_0,compact,ring,3,mixer,sherbrooke,211,25b45044ced3e303101850493664090c765b1ab6cc90cb30e6aff0c414dcfb5a,24,1,0.04137443611398339,127,1126,681,146,186,34,24,540,312,96,106,24
phase_6_compact_0,compact,ring,3,mixer,sherbrooke,223,25b45044ced3e303101850493664090c765b1ab6cc90cb30e6aff0c414dcfb5a,24,1,0.03282770700752735,127,1180,717,151,209,42,24,540,312,96,106,24
phase_6_compact_0,compact,ring,3,mixer,sherbrooke,227,25b45044ced3e303101850493664090c765b1ab6cc90cb30e6aff0c414dcfb5a,24,1,0.032804973889142275,127,1110,678,151,250,46,24,540,312,96,106,24
phase_6_compact_0,compact,ring,3,mixer,sherbrooke,229,25b45044ced3e303101850493664090c765b1ab6cc90cb30e6aff0c414dcfb5a,24,1,0.029201687779277563,127,1104,676,143,186,36,24,540,312,96,106,24
phase_6_compact_0,compact,ring,3,mixer,sherbrooke,233,25b45044ced3e303101850493664090c765b1ab6cc90cb30e6aff0c414dcfb5a,24,1,0.03802681993693113,127,1076,652,151,199,39,24,540,312,96,106,24
phase_6_compact_0,compact,ring,3,mixer,line25,211,25b45044ced3e303101850493664090c765b1ab6cc90cb30e6aff0c414dcfb5a,24,1,0.023217860143631697,25,578,334,149,120,34,24,540,312,96,106,24
phase_6_compact_0,compact,ring,3,mixer,line25,223,25b45044ced3e303101850493664090c765b1ab6cc90cb30e6aff0c414dcfb5a,24,1,0.023206429090350866,25,596,348,144,121,34,24,540,312,96,106,24
phase_6_compact_0,compact,ring,3,mixer,line25,227,25b45044ced3e303101850493664090c765b1ab6cc90cb30e6aff0c414dcfb5a,24,1,0.023104197345674038,25,599,349,147,122,34,24,540,312,96,106,24
phase_6_compact_0,compact,ring,3,mixer,line25,229,25b45044ced3e303101850493664090c765b1ab6cc90cb30e6aff0c414dcfb5a,24,1,0.023716216906905174,25,604,352,149,122,32,24,540,312,96,106,24
phase_6_compact_0,compact,ring,3,mixer,line25,233,25b45044ced3e303101850493664090c765b1ab6cc90cb30e6aff0c414dcfb5a,24,1,0.023153990972787142,25,600,351,146,121,32,24,540,312,96,106,24
phase_6_compact_0,compact,ring,3,mixer,grid25,211,25b45044ced3e303101850493664090c765b1ab6cc90cb30e6aff0c414dcfb5a,24,1,0.019374392926692963,25,551,318,102,113,27,24,540,312,96,106,24
phase_6_compact_0,compact,ring,3,mixer,grid25,223,25b45044ced3e303101850493664090c765b1ab6cc90cb30e6aff0c414dcfb5a,24,1,0.018572587054222822,25,540,312,96,106,24,24,540,312,96,106,24
phase_6_compact_0,compact,ring,3,mixer,grid25,227,25b45044ced3e303101850493664090c765b1ab6cc90cb30e6aff0c414dcfb5a,24,1,0.01874803612008691,25,540,312,102,110,27,24,540,312,96,106,24
phase_6_compact_0,compact,ring,3,mixer,grid25,229,25b45044ced3e303101850493664090c765b1ab6cc90cb30e6aff0c414dcfb5a,24,1,0.018840369768440723,25,568,328,106,127,31,24,540,312,96,106,24
phase_6_compact_0,compact,ring,3,mixer,grid25,233,25b45044ced3e303101850493664090c765b1ab6cc90cb30e6aff0c414dcfb5a,24,1,0.019370235037058592,25,548,316,100,114,28,24,540,312,96,106,24
phase_6_compact_0,compact,ring,3,phase,sherbrooke,211,9546c57859216846e900cc627ccda5bb3b48c1f39d56120df1000b5ef046ea01,24,1,0.47680249297991395,127,5693,3490,868,1070,232,24,240,240,432,106,70
phase_6_compact_0,compact,ring,3,phase,sherbrooke,223,9546c57859216846e900cc627ccda5bb3b48c1f39d56120df1000b5ef046ea01,24,1,0.4740882758051157,127,5787,3507,930,1146,272,24,240,240,432,106,70
phase_6_compact_0,compact,ring,3,phase,sherbrooke,227,9546c57859216846e900cc627ccda5bb3b48c1f39d56120df1000b5ef046ea01,24,1,0.5363619392737746,127,5771,3501,943,1070,245,24,240,240,432,106,70
phase_6_compact_0,compact,ring,3,phase,sherbrooke,229,9546c57859216846e900cc627ccda5bb3b48c1f39d56120df1000b5ef046ea01,24,1,0.5669568027369678,127,5340,3240,794,975,217,24,240,240,432,106,70
phase_6_compact_0,compact,ring,3,phase,sherbrooke,233,9546c57859216846e900cc627ccda5bb3b48c1f39d56120df1000b5ef046ea01,24,1,0.47354580741375685,127,5961,3628,943,1240,273,24,240,240,432,106,70
phase_6_compact_0,compact,ring,3,phase,line25,211,9546c57859216846e900cc627ccda5bb3b48c1f39d56120df1000b5ef046ea01,24,1,0.10862055700272322,25,2385,1410,810,413,203,24,240,240,432,106,70
phase_6_compact_0,compact,ring,3,phase,line25,223,9546c57859216846e900cc627ccda5bb3b48c1f39d56120df1000b5ef046ea01,24,1,0.1102287182584405,25,2440,1440,800,458,223,24,240,240,432,106,70
phase_6_compact_0,compact,ring,3,phase,line25,227,9546c57859216846e900cc627ccda5bb3b48c1f39d56120df1000b5ef046ea01,24,1,0.11052560526877642,25,2396,1416,807,432,215,24,240,240,432,106,70
phase_6_compact_0,compact,ring,3,phase,line25,229,9546c57859216846e900cc627ccda5bb3b48c1f39d56120df1000b5ef046ea01,24,1,0.11019479390233755,25,2374,1404,812,421,212,24,240,240,432,106,70
phase_6_compact_0,compact,ring,3,phase,line25,233,9546c57859216846e900cc627ccda5bb3b48c1f39d56120df1000b5ef046ea01,24,1,0.10839605610817671,25,2418,1428,801,470,242,24,240,240,432,106,70
phase_6_compact_0,compact,ring,3,phase,grid25,211,9546c57859216846e900cc627ccda5bb3b48c1f39d56120df1000b5ef046ea01,24,1,0.10945889167487621,25,691,486,783,461,300,24,240,240,432,106,70
phase_6_compact_0,compact,ring,3,phase,grid25,223,9546c57859216846e900cc627ccda5bb3b48c1f39d56120df1000b5ef046ea01,24,1,0.11075667897239327,25,790,540,745,398,264,24,240,240,432,106,70
phase_6_compact_0,compact,ring,3,phase,grid25,227,9546c57859216846e900cc627ccda5bb3b48c1f39d56120df1000b5ef046ea01,24,1,0.1084554479457438,25,944,624,730,409,264,24,240,240,432,106,70
phase_6_compact_0,compact,ring,3,phase,grid25,229,9546c57859216846e900cc627ccda5bb3b48c1f39d56120df1000b5ef046ea01,24,1,0.11029851902276278,25,856,576,749,473,294,24,240,240,432,106,70
phase_6_compact_0,compact,ring,3,phase,grid25,233,9546c57859216846e900cc627ccda5bb3b48c1f39d56120df1000b5ef046ea01,24,1,0.11121294600889087,25,867,582,729,352,223,24,240,240,432,106,70
phase_6_compact_1,compact,serial,3,full,sherbrooke,211,4cfcb954897b378333de037551ad714e2293e1b4ee7acdf629a1861b3d99c0f8,19,5,3.768158759921789,127,18757,10992,3354,9485,2271,19,1395,1093,1069,1316,806
phase_6_compact_1,compact,serial,3,full,sherbrooke,223,4cfcb954897b378333de037551ad714e2293e1b4ee7acdf629a1861b3d99c0f8,19,5,3.797948893159628,127,18007,10522,3251,8825,2131,19,1395,1093,1069,1316,806
phase_6_compact_1,compact,serial,3,full,sherbrooke,227,4cfcb954897b378333de037551ad714e2293e1b4ee7acdf629a1861b3d99c0f8,19,5,4.200715032871813,127,19041,11171,3338,9233,2175,19,1395,1093,1069,1316,806
phase_6_compact_1,compact,serial,3,full,sherbrooke,229,4cfcb954897b378333de037551ad714e2293e1b4ee7acdf629a1861b3d99c0f8,19,5,3.967367311939597,127,18754,10998,3346,8969,2180,19,1395,1093,1069,1316,806
phase_6_compact_1,compact,serial,3,full,sherbrooke,233,4cfcb954897b378333de037551ad714e2293e1b4ee7acdf629a1861b3d99c0f8,19,5,3.798772859852761,127,18613,10962,3258,9208,2146,19,1395,1093,1069,1316,806
phase_6_compact_1,compact,serial,3,prep,sherbrooke,211,0abcbf7c27981e437b863c4c778786f1820aa62d796301176f84954f4aea0c15,19,0,0.011334144044667482,127,7,0,0,1,0,19,7,0,0,1,0
phase_6_compact_1,compact,serial,3,prep,sherbrooke,223,0abcbf7c27981e437b863c4c778786f1820aa62d796301176f84954f4aea0c15,19,0,0.010689032264053822,127,7,0,0,1,0,19,7,0,0,1,0
phase_6_compact_1,compact,serial,3,prep,sherbrooke,227,0abcbf7c27981e437b863c4c778786f1820aa62d796301176f84954f4aea0c15,19,0,0.010819416958838701,127,7,0,0,1,0,19,7,0,0,1,0
phase_6_compact_1,compact,serial,3,prep,sherbrooke,229,0abcbf7c27981e437b863c4c778786f1820aa62d796301176f84954f4aea0c15,19,0,0.014921301044523716,127,7,0,0,1,0,19,7,0,0,1,0
phase_6_compact_1,compact,serial,3,prep,sherbrooke,233,0abcbf7c27981e437b863c4c778786f1820aa62d796301176f84954f4aea0c15,19,0,0.010833363980054855,127,7,0,0,1,0,19,7,0,0,1,0
phase_6_compact_1,compact,serial,3,prep,line25,211,0abcbf7c27981e437b863c4c778786f1820aa62d796301176f84954f4aea0c15,19,0,0.010307775810360909,25,7,0,0,1,0,19,7,0,0,1,0
phase_6_compact_1,compact,serial,3,prep,line25,223,0abcbf7c27981e437b863c4c778786f1820aa62d796301176f84954f4aea0c15,19,0,0.008385737892240286,25,7,0,0,1,0,19,7,0,0,1,0
phase_6_compact_1,compact,serial,3,prep,line25,227,0abcbf7c27981e437b863c4c778786f1820aa62d796301176f84954f4aea0c15,19,0,0.008488429710268974,25,7,0,0,1,0,19,7,0,0,1,0
phase_6_compact_1,compact,serial,3,prep,line25,229,0abcbf7c27981e437b863c4c778786f1820aa62d796301176f84954f4aea0c15,19,0,0.008462832309305668,25,7,0,0,1,0,19,7,0,0,1,0
phase_6_compact_1,compact,serial,3,prep,line25,233,0abcbf7c27981e437b863c4c778786f1820aa62d796301176f84954f4aea0c15,19,0,0.008413770236074924,25,7,0,0,1,0,19,7,0,0,1,0
phase_6_compact_1,compact,serial,3,prep,grid25,211,0abcbf7c27981e437b863c4c778786f1820aa62d796301176f84954f4aea0c15,19,0,0.008722980972379446,25,7,0,0,1,0,19,7,0,0,1,0
phase_6_compact_1,compact,serial,3,prep,grid25,223,0abcbf7c27981e437b863c4c778786f1820aa62d796301176f84954f4aea0c15,19,0,0.008672325871884823,25,7,0,0,1,0,19,7,0,0,1,0
phase_6_compact_1,compact,serial,3,prep,grid25,227,0abcbf7c27981e437b863c4c778786f1820aa62d796301176f84954f4aea0c15,19,0,0.008516071829944849,25,7,0,0,1,0,19,7,0,0,1,0
phase_6_compact_1,compact,serial,3,prep,grid25,229,0abcbf7c27981e437b863c4c778786f1820aa62d796301176f84954f4aea0c15,19,0,0.008635586593300104,25,7,0,0,1,0,19,7,0,0,1,0
phase_6_compact_1,compact,serial,3,prep,grid25,233,0abcbf7c27981e437b863c4c778786f1820aa62d796301176f84954f4aea0c15,19,0,0.008768906816840172,25,7,0,0,1,0,19,7,0,0,1,0
phase_6_compact_1,compact,serial,3,mixer,sherbrooke,211,db312e3c1038947720c38f1cb6c11a55240ab4ce206ba5284e62f0469694635b,19,1,0.08402684284374118,127,2870,1686,479,1626,378,19,384,282,195,276,152
phase_6_compact_1,compact,serial,3,mixer,sherbrooke,223,db312e3c1038947720c38f1cb6c11a55240ab4ce206ba5284e62f0469694635b,19,1,0.08083235519006848,127,2659,1558,442,1465,332,19,384,282,195,276,152
phase_6_compact_1,compact,serial,3,mixer,sherbrooke,227,db312e3c1038947720c38f1cb6c11a55240ab4ce206ba5284e62f0469694635b,19,1,0.06973733892664313,127,2763,1620,453,1509,343,19,384,282,195,276,152
phase_6_compact_1,compact,serial,3,mixer,sherbrooke,229,db312e3c1038947720c38f1cb6c11a55240ab4ce206ba5284e62f0469694635b,19,1,0.0689320769160986,127,2580,1505,439,1475,348,19,384,282,195,276,152
phase_6_compact_1,compact,serial,3,mixer,sherbrooke,233,db312e3c1038947720c38f1cb6c11a55240ab4ce206ba5284e62f0469694635b,19,1,0.100717315915972,127,2841,1666,484,1458,345,19,384,282,195,276,152
phase_6_compact_1,compact,serial,3,mixer,line25,211,db312e3c1038947720c38f1cb6c11a55240ab4ce206ba5284e62f0469694635b,19,1,0.049327051267027855,25,725,463,523,654,402,19,384,282,195,276,152
phase_6_compact_1,compact,serial,3,mixer,line25,223,db312e3c1038947720c38f1cb6c11a55240ab4ce206ba5284e62f0469694635b,19,1,0.04910191893577576,25,762,482,494,625,365,19,384,282,195,276,152
phase_6_compact_1,compact,serial,3,mixer,line25,227,db312e3c1038947720c38f1cb6c11a55240ab4ce206ba5284e62f0469694635b,19,1,0.050435661803931,25,695,449,573,678,446,19,384,282,195,276,152
phase_6_compact_1,compact,serial,3,mixer,line25,229,db312e3c1038947720c38f1cb6c11a55240ab4ce206ba5284e62f0469694635b,19,1,0.04850033903494477,25,680,441,511,625,389,19,384,282,195,276,152
phase_6_compact_1,compact,serial,3,mixer,line25,233,db312e3c1038947720c38f1cb6c11a55240ab4ce206ba5284e62f0469694635b,19,1,0.04921593191102147,25,746,474,495,622,367,19,384,282,195,276,152
phase_6_compact_1,compact,serial,3,mixer,grid25,211,db312e3c1038947720c38f1cb6c11a55240ab4ce206ba5284e62f0469694635b,19,1,0.04705684818327427,25,492,337,374,460,289,19,384,282,195,276,152
phase_6_compact_1,compact,serial,3,mixer,grid25,223,db312e3c1038947720c38f1cb6c11a55240ab4ce206ba5284e62f0469694635b,19,1,0.04672541469335556,25,508,347,371,472,294,19,384,282,195,276,152
phase_6_compact_1,compact,serial,3,mixer,grid25,227,db312e3c1038947720c38f1cb6c11a55240ab4ce206ba5284e62f0469694635b,19,1,0.04223715700209141,25,526,355,351,482,280,19,384,282,195,276,152
phase_6_compact_1,compact,serial,3,mixer,grid25,229,db312e3c1038947720c38f1cb6c11a55240ab4ce206ba5284e62f0469694635b,19,1,0.04633861919865012,25,567,374,359,464,268,19,384,282,195,276,152
phase_6_compact_1,compact,serial,3,mixer,grid25,233,db312e3c1038947720c38f1cb6c11a55240ab4ce206ba5284e62f0469694635b,19,1,0.04307215474545956,25,471,332,399,458,276,19,384,282,195,276,152
phase_6_compact_1,compact,serial,3,phase,sherbrooke,211,c435170779be8659e8231e382c4edecbd9a5f8dcb5afe3953da5c189a7d9287d,19,1,0.2111605671234429,127,4191,2511,703,2281,532,19,124,124,242,321,220
phase_6_compact_1,compact,serial,3,phase,sherbrooke,223,c435170779be8659e8231e382c4edecbd9a5f8dcb5afe3953da5c189a7d9287d,19,1,0.2467746357433498,127,3808,2224,738,2023,518,19,124,124,242,321,220
phase_6_compact_1,compact,serial,3,phase,sherbrooke,227,c435170779be8659e8231e382c4edecbd9a5f8dcb5afe3953da5c189a7d9287d,19,1,0.31666162610054016,127,3803,2242,710,1908,469,19,124,124,242,321,220
phase_6_compact_1,compact,serial,3,phase,sherbrooke,229,c435170779be8659e8231e382c4edecbd9a5f8dcb5afe3953da5c189a7d9287d,19,1,0.21099872328341007,127,4072,2416,730,2335,562,19,124,124,242,321,220
phase_6_compact_1,compact,serial,3,phase,sherbrooke,233,c435170779be8659e8231e382c4edecbd9a5f8dcb5afe3953da5c189a7d9287d,19,1,0.2681791200302541,127,3980,2330,743,2286,565,19,124,124,242,321,220
phase_6_compact_1,compact,serial,3,phase,line25,211,c435170779be8659e8231e382c4edecbd9a5f8dcb5afe3953da5c189a7d9287d,19,1,0.07235795073211193,25,557,361,898,1014,699,19,124,124,242,321,220
phase_6_compact_1,compact,serial,3,phase,line25,223,c435170779be8659e8231e382c4edecbd9a5f8dcb5afe3953da5c189a7d9287d,19,1,0.07301907194778323,25,516,338,918,939,686,19,124,124,242,321,220
phase_6_compact_1,compact,serial,3,phase,line25,227,c435170779be8659e8231e382c4edecbd9a5f8dcb5afe3953da5c189a7d9287d,19,1,0.07343630585819483,25,535,349,910,1007,709,19,124,124,242,321,220
phase_6_compact_1,compact,serial,3,phase,line25,229,c435170779be8659e8231e382c4edecbd9a5f8dcb5afe3953da5c189a7d9287d,19,1,0.07295654527842999,25,546,355,912,1007,696,19,124,124,242,321,220
phase_6_compact_1,compact,serial,3,phase,line25,233,c435170779be8659e8231e382c4edecbd9a5f8dcb5afe3953da5c189a7d9287d,19,1,0.07255012216046453,25,513,337,910,1010,711,19,124,124,242,321,220
phase_6_compact_1,compact,serial,3,phase,grid25,211,c435170779be8659e8231e382c4edecbd9a5f8dcb5afe3953da5c189a7d9287d,19,1,0.04472140176221728,25,221,177,477,516,371,19,124,124,242,321,220
phase_6_compact_1,compact,serial,3,phase,grid25,223,c435170779be8659e8231e382c4edecbd9a5f8dcb5afe3953da5c189a7d9287d,19,1,0.04449179070070386,25,199,165,487,528,392,19,124,124,242,321,220
phase_6_compact_1,compact,serial,3,phase,grid25,227,c435170779be8659e8231e382c4edecbd9a5f8dcb5afe3953da5c189a7d9287d,19,1,0.04481066018342972,25,212,172,501,523,391,19,124,124,242,321,220
phase_6_compact_1,compact,serial,3,phase,grid25,229,c435170779be8659e8231e382c4edecbd9a5f8dcb5afe3953da5c189a7d9287d,19,1,0.04520077211782336,25,221,177,480,532,384,19,124,124,242,321,220
phase_6_compact_1,compact,serial,3,phase,grid25,233,c435170779be8659e8231e382c4edecbd9a5f8dcb5afe3953da5c189a7d9287d,19,1,0.04446291597560048,25,199,165,486,516,392,19,124,124,242,321,220
phase_6_compact_1,compact,parallel,3,full,sherbrooke,211,8fe7c7521eecb5cb3b62101b33cff31ee5a7bd383466d4e4b9af72d58a59cbe7,21,5,4.229092422872782,127,19432,11427,3381,7969,1850,21,1400,1096,1069,1002,629
phase_6_compact_1,compact,parallel,3,full,sherbrooke,223,8fe7c7521eecb5cb3b62101b33cff31ee5a7bd383466d4e4b9af72d58a59cbe7,21,5,3.8764251628890634,127,18335,10726,3274,7703,1832,21,1400,1096,1069,1002,629
phase_6_compact_1,compact,parallel,3,full,sherbrooke,227,8fe7c7521eecb5cb3b62101b33cff31ee5a7bd383466d4e4b9af72d58a59cbe7,21,5,3.874441898893565,127,18183,10607,3310,7113,1749,21,1400,1096,1069,1002,629
phase_6_compact_1,compact,parallel,3,full,sherbrooke,229,8fe7c7521eecb5cb3b62101b33cff31ee5a7bd383466d4e4b9af72d58a59cbe7,21,5,4.301174615975469,127,17816,10337,3287,7098,1757,21,1400,1096,1069,1002,629
phase_6_compact_1,compact,parallel,3,full,sherbrooke,233,8fe7c7521eecb5cb3b62101b33cff31ee5a7bd383466d4e4b9af72d58a59cbe7,21,5,4.0212001842446625,127,18672,10920,3400,7521,1784,21,1400,1096,1069,1002,629
phase_6_compact_1,compact,parallel,3,prep,sherbrooke,211,1f58d6eac272884dde87eabf7a0d35224737670c0e69afddbc91cfdc1b25b73c,21,0,0.011046975385397673,127,7,0,0,1,0,21,7,0,0,1,0
phase_6_compact_1,compact,parallel,3,prep,sherbrooke,223,1f58d6eac272884dde87eabf7a0d35224737670c0e69afddbc91cfdc1b25b73c,21,0,0.010773872025310993,127,7,0,0,1,0,21,7,0,0,1,0
phase_6_compact_1,compact,parallel,3,prep,sherbrooke,227,1f58d6eac272884dde87eabf7a0d35224737670c0e69afddbc91cfdc1b25b73c,21,0,0.014911733102053404,127,7,0,0,1,0,21,7,0,0,1,0
phase_6_compact_1,compact,parallel,3,prep,sherbrooke,229,1f58d6eac272884dde87eabf7a0d35224737670c0e69afddbc91cfdc1b25b73c,21,0,0.010796414222568274,127,7,0,0,1,0,21,7,0,0,1,0
phase_6_compact_1,compact,parallel,3,prep,sherbrooke,233,1f58d6eac272884dde87eabf7a0d35224737670c0e69afddbc91cfdc1b25b73c,21,0,0.01083541801199317,127,7,0,0,1,0,21,7,0,0,1,0
phase_6_compact_1,compact,parallel,3,prep,line25,211,1f58d6eac272884dde87eabf7a0d35224737670c0e69afddbc91cfdc1b25b73c,21,0,0.008456600829958916,25,7,0,0,1,0,21,7,0,0,1,0
phase_6_compact_1,compact,parallel,3,prep,line25,223,1f58d6eac272884dde87eabf7a0d35224737670c0e69afddbc91cfdc1b25b73c,21,0,0.00863774074241519,25,7,0,0,1,0,21,7,0,0,1,0
phase_6_compact_1,compact,parallel,3,prep,line25,227,1f58d6eac272884dde87eabf7a0d35224737670c0e69afddbc91cfdc1b25b73c,21,0,0.008346614427864552,25,7,0,0,1,0,21,7,0,0,1,0
phase_6_compact_1,compact,parallel,3,prep,line25,229,1f58d6eac272884dde87eabf7a0d35224737670c0e69afddbc91cfdc1b25b73c,21,0,0.008416015189141035,25,7,0,0,1,0,21,7,0,0,1,0
phase_6_compact_1,compact,parallel,3,prep,line25,233,1f58d6eac272884dde87eabf7a0d35224737670c0e69afddbc91cfdc1b25b73c,21,0,0.008320365101099014,25,7,0,0,1,0,21,7,0,0,1,0
phase_6_compact_1,compact,parallel,3,prep,grid25,211,1f58d6eac272884dde87eabf7a0d35224737670c0e69afddbc91cfdc1b25b73c,21,0,0.008644394110888243,25,7,0,0,1,0,21,7,0,0,1,0
phase_6_compact_1,compact,parallel,3,prep,grid25,223,1f58d6eac272884dde87eabf7a0d35224737670c0e69afddbc91cfdc1b25b73c,21,0,0.008711169008165598,25,7,0,0,1,0,21,7,0,0,1,0
phase_6_compact_1,compact,parallel,3,prep,grid25,227,1f58d6eac272884dde87eabf7a0d35224737670c0e69afddbc91cfdc1b25b73c,21,0,0.008669069036841393,25,7,0,0,1,0,21,7,0,0,1,0
phase_6_compact_1,compact,parallel,3,prep,grid25,229,1f58d6eac272884dde87eabf7a0d35224737670c0e69afddbc91cfdc1b25b73c,21,0,0.008527373895049095,25,7,0,0,1,0,21,7,0,0,1,0
phase_6_compact_1,compact,parallel,3,prep,grid25,233,1f58d6eac272884dde87eabf7a0d35224737670c0e69afddbc91cfdc1b25b73c,21,0,0.008703694213181734,25,7,0,0,1,0,21,7,0,0,1,0
phase_6_compact_1,compact,parallel,3,mixer,sherbrooke,211,922059cbf31217b855e5c3eb0fe48d9581d782b6d38be371d553fa22b2d82c00,21,1,0.07216838421300054,127,2605,1526,446,822,197,21,389,285,195,170,92
phase_6_compact_1,compact,parallel,3,mixer,sherbrooke,223,922059cbf31217b855e5c3eb0fe48d9581d782b6d38be371d553fa22b2d82c00,21,1,0.09040826698765159,127,2708,1589,430,851,189,21,389,285,195,170,92
phase_6_compact_1,compact,parallel,3,mixer,sherbrooke,227,922059cbf31217b855e5c3eb0fe48d9581d782b6d38be371d553fa22b2d82c00,21,1,0.0906719621270895,127,2574,1511,435,842,194,21,389,285,195,170,92
phase_6_compact_1,compact,parallel,3,mixer,sherbrooke,229,922059cbf31217b855e5c3eb0fe48d9581d782b6d38be371d553fa22b2d82c00,21,1,0.07787977019324899,127,2735,1599,452,960,221,21,389,285,195,170,92
phase_6_compact_1,compact,parallel,3,mixer,sherbrooke,233,922059cbf31217b855e5c3eb0fe48d9581d782b6d38be371d553fa22b2d82c00,21,1,0.07551149185746908,127,2671,1578,431,921,198,21,389,285,195,170,92
phase_6_compact_1,compact,parallel,3,mixer,line25,211,922059cbf31217b855e5c3eb0fe48d9581d782b6d38be371d553fa22b2d82c00,21,1,0.05554158100858331,25,651,426,483,354,207,21,389,285,195,170,92
phase_6_compact_1,compact,parallel,3,mixer,line25,223,922059cbf31217b855e5c3eb0fe48d9581d782b6d38be371d553fa22b2d82c00,21,1,0.054860242176800966,25,642,422,492,353,225,21,389,285,195,170,92
phase_6_compact_1,compact,parallel,3,mixer,line25,227,922059cbf31217b855e5c3eb0fe48d9581d782b6d38be371d553fa22b2d82c00,21,1,0.05398241290822625,25,616,407,508,367,225,21,389,285,195,170,92
phase_6_compact_1,compact,parallel,3,mixer,line25,229,922059cbf31217b855e5c3eb0fe48d9581d782b6d38be371d553fa22b2d82c00,21,1,0.05366182094439864,25,616,408,515,372,249,21,389,285,195,170,92
phase_6_compact_1,compact,parallel,3,mixer,line25,233,922059cbf31217b855e5c3eb0fe48d9581d782b6d38be371d553fa22b2d82c00,21,1,0.04943289002403617,25,643,422,484,350,213,21,389,285,195,170,92
phase_6_compact_1,compact,parallel,3,mixer,grid25,211,922059cbf31217b855e5c3eb0fe48d9581d782b6d38be371d553fa22b2d82c00,21,1,0.04999411292374134,25,557,377,348,331,183,21,389,285,195,170,92
phase_6_compact_1,compact,parallel,3,mixer,grid25,223,922059cbf31217b855e5c3eb0fe48d9581d782b6d38be371d553fa22b2d82c00,21,1,0.05367799196392298,25,514,357,358,343,196,21,389,285,195,170,92
phase_6_compact_1,compact,parallel,3,mixer,grid25,227,922059cbf31217b855e5c3eb0fe48d9581d782b6d38be371d553fa22b2d82c00,21,1,0.0529043790884316,25,536,362,340,333,183,21,389,285,195,170,92
phase_6_compact_1,compact,parallel,3,mixer,grid25,229,922059cbf31217b855e5c3eb0fe48d9581d782b6d38be371d553fa22b2d82c00,21,1,0.049951772671192884,25,499,345,356,289,166,21,389,285,195,170,92
phase_6_compact_1,compact,parallel,3,mixer,grid25,233,922059cbf31217b855e5c3eb0fe48d9581d782b6d38be371d553fa22b2d82c00,21,1,0.054454268887639046,25,473,333,369,297,180,21,389,285,195,170,92
phase_6_compact_1,compact,parallel,3,phase,sherbrooke,211,3983a53c97ebc0140b3d78f898913c9fa66e2ecbb9afd4e7a2c3b6206a8b931d,21,1,0.21118543297052383,127,4191,2511,703,2281,532,21,124,124,242,321,220
phase_6_compact_1,compact,parallel,3,phase,sherbrooke,223,3983a53c97ebc0140b3d78f898913c9fa66e2ecbb9afd4e7a2c3b6206a8b931d,21,1,0.244794727768749,127,3808,2224,738,2023,518,21,124,124,242,321,220
phase_6_compact_1,compact,parallel,3,phase,sherbrooke,227,3983a53c97ebc0140b3d78f898913c9fa66e2ecbb9afd4e7a2c3b6206a8b931d,21,1,0.3149411049671471,127,3803,2242,710,1908,469,21,124,124,242,321,220
phase_6_compact_1,compact,parallel,3,phase,sherbrooke,229,3983a53c97ebc0140b3d78f898913c9fa66e2ecbb9afd4e7a2c3b6206a8b931d,21,1,0.2083848542533815,127,4072,2416,730,2335,562,21,124,124,242,321,220
phase_6_compact_1,compact,parallel,3,phase,sherbrooke,233,3983a53c97ebc0140b3d78f898913c9fa66e2ecbb9afd4e7a2c3b6206a8b931d,21,1,0.26851740619167686,127,3980,2330,743,2286,565,21,124,124,242,321,220
phase_6_compact_1,compact,parallel,3,phase,line25,211,3983a53c97ebc0140b3d78f898913c9fa66e2ecbb9afd4e7a2c3b6206a8b931d,21,1,0.07236056495457888,25,557,361,898,1014,699,21,124,124,242,321,220
phase_6_compact_1,compact,parallel,3,phase,line25,223,3983a53c97ebc0140b3d78f898913c9fa66e2ecbb9afd4e7a2c3b6206a8b931d,21,1,0.07288282504305243,25,516,338,918,939,686,21,124,124,242,321,220
phase_6_compact_1,compact,parallel,3,phase,line25,227,3983a53c97ebc0140b3d78f898913c9fa66e2ecbb9afd4e7a2c3b6206a8b931d,21,1,0.07338891690596938,25,535,349,910,1007,709,21,124,124,242,321,220
phase_6_compact_1,compact,parallel,3,phase,line25,229,3983a53c97ebc0140b3d78f898913c9fa66e2ecbb9afd4e7a2c3b6206a8b931d,21,1,0.07282348489388824,25,546,355,912,1007,696,21,124,124,242,321,220
phase_6_compact_1,compact,parallel,3,phase,line25,233,3983a53c97ebc0140b3d78f898913c9fa66e2ecbb9afd4e7a2c3b6206a8b931d,21,1,0.07280387682840228,25,513,337,910,1010,711,21,124,124,242,321,220
phase_6_compact_1,compact,parallel,3,phase,grid25,211,3983a53c97ebc0140b3d78f898913c9fa66e2ecbb9afd4e7a2c3b6206a8b931d,21,1,0.04477586364373565,25,221,177,477,516,371,21,124,124,242,321,220
phase_6_compact_1,compact,parallel,3,phase,grid25,223,3983a53c97ebc0140b3d78f898913c9fa66e2ecbb9afd4e7a2c3b6206a8b931d,21,1,0.0446542059071362,25,199,165,487,528,392,21,124,124,242,321,220
phase_6_compact_1,compact,parallel,3,phase,grid25,227,3983a53c97ebc0140b3d78f898913c9fa66e2ecbb9afd4e7a2c3b6206a8b931d,21,1,0.04474529717117548,25,212,172,501,523,391,21,124,124,242,321,220
phase_6_compact_1,compact,parallel,3,phase,grid25,229,3983a53c97ebc0140b3d78f898913c9fa66e2ecbb9afd4e7a2c3b6206a8b931d,21,1,0.045144966803491116,25,221,177,480,532,384,21,124,124,242,321,220
phase_6_compact_1,compact,parallel,3,phase,grid25,233,3983a53c97ebc0140b3d78f898913c9fa66e2ecbb9afd4e7a2c3b6206a8b931d,21,1,0.04523668996989727,25,199,165,486,516,392,21,124,124,242,321,220
phase_6_compact_1,compact,complete,3,full,sherbrooke,211,d447fde0823139a365b8c694cec2a834e234f55fde4cd8727f2b11447d96a7e1,24,5,3.689070239663124,127,19468,11810,2969,3400,741,24,3721,2389,1584,587,204
phase_6_compact_1,compact,complete,3,full,sherbrooke,223,d447fde0823139a365b8c694cec2a834e234f55fde4cd8727f2b11447d96a7e1,24,5,4.045294690877199,127,20332,12344,3150,3085,655,24,3721,2389,1584,587,204
phase_6_compact_1,compact,complete,3,full,sherbrooke,227,d447fde0823139a365b8c694cec2a834e234f55fde4cd8727f2b11447d96a7e1,24,5,4.87112682312727,127,20428,12387,3075,3756,794,24,3721,2389,1584,587,204
phase_6_compact_1,compact,complete,3,full,sherbrooke,229,d447fde0823139a365b8c694cec2a834e234f55fde4cd8727f2b11447d96a7e1,24,5,4.342708652373403,127,20147,12204,3049,3151,659,24,3721,2389,1584,587,204
phase_6_compact_1,compact,complete,3,full,sherbrooke,233,d447fde0823139a365b8c694cec2a834e234f55fde4cd8727f2b11447d96a7e1,24,5,4.443093734793365,127,20578,12386,3222,3833,835,24,3721,2389,1584,587,204
phase_6_compact_1,compact,complete,3,prep,sherbrooke,211,12bfb4d3ffec5e283973e4a88f7869ab18f4463aa46e726ac8e90c8f673c8061,24,0,0.01147544989362359,127,4,0,0,1,0,24,4,0,0,1,0
phase_6_compact_1,compact,complete,3,prep,sherbrooke,223,12bfb4d3ffec5e283973e4a88f7869ab18f4463aa46e726ac8e90c8f673c8061,24,0,0.010954782366752625,127,4,0,0,1,0,24,4,0,0,1,0
phase_6_compact_1,compact,complete,3,prep,sherbrooke,227,12bfb4d3ffec5e283973e4a88f7869ab18f4463aa46e726ac8e90c8f673c8061,24,0,0.016259123105555773,127,4,0,0,1,0,24,4,0,0,1,0
phase_6_compact_1,compact,complete,3,prep,sherbrooke,229,12bfb4d3ffec5e283973e4a88f7869ab18f4463aa46e726ac8e90c8f673c8061,24,0,0.010589135345071554,127,4,0,0,1,0,24,4,0,0,1,0
phase_6_compact_1,compact,complete,3,prep,sherbrooke,233,12bfb4d3ffec5e283973e4a88f7869ab18f4463aa46e726ac8e90c8f673c8061,24,0,0.010821482166647911,127,4,0,0,1,0,24,4,0,0,1,0
phase_6_compact_1,compact,complete,3,prep,line25,211,12bfb4d3ffec5e283973e4a88f7869ab18f4463aa46e726ac8e90c8f673c8061,24,0,0.008333399891853333,25,4,0,0,1,0,24,4,0,0,1,0
phase_6_compact_1,compact,complete,3,prep,line25,223,12bfb4d3ffec5e283973e4a88f7869ab18f4463aa46e726ac8e90c8f673c8061,24,0,0.008211880922317505,25,4,0,0,1,0,24,4,0,0,1,0
phase_6_compact_1,compact,complete,3,prep,line25,227,12bfb4d3ffec5e283973e4a88f7869ab18f4463aa46e726ac8e90c8f673c8061,24,0,0.008341514971107244,25,4,0,0,1,0,24,4,0,0,1,0
phase_6_compact_1,compact,complete,3,prep,line25,229,12bfb4d3ffec5e283973e4a88f7869ab18f4463aa46e726ac8e90c8f673c8061,24,0,0.008389905095100403,25,4,0,0,1,0,24,4,0,0,1,0
phase_6_compact_1,compact,complete,3,prep,line25,233,12bfb4d3ffec5e283973e4a88f7869ab18f4463aa46e726ac8e90c8f673c8061,24,0,0.008335594087839127,25,4,0,0,1,0,24,4,0,0,1,0
phase_6_compact_1,compact,complete,3,prep,grid25,211,12bfb4d3ffec5e283973e4a88f7869ab18f4463aa46e726ac8e90c8f673c8061,24,0,0.008563751820474863,25,4,0,0,1,0,24,4,0,0,1,0
phase_6_compact_1,compact,complete,3,prep,grid25,223,12bfb4d3ffec5e283973e4a88f7869ab18f4463aa46e726ac8e90c8f673c8061,24,0,0.008682144340127707,25,4,0,0,1,0,24,4,0,0,1,0
phase_6_compact_1,compact,complete,3,prep,grid25,227,12bfb4d3ffec5e283973e4a88f7869ab18f4463aa46e726ac8e90c8f673c8061,24,0,0.008636808022856712,25,4,0,0,1,0,24,4,0,0,1,0
phase_6_compact_1,compact,complete,3,prep,grid25,229,12bfb4d3ffec5e283973e4a88f7869ab18f4463aa46e726ac8e90c8f673c8061,24,0,0.008732899557799101,25,4,0,0,1,0,24,4,0,0,1,0
phase_6_compact_1,compact,complete,3,prep,grid25,233,12bfb4d3ffec5e283973e4a88f7869ab18f4463aa46e726ac8e90c8f673c8061,24,0,0.00858830800279975,25,4,0,0,1,0,24,4,0,0,1,0
phase_6_compact_1,compact,complete,3,mixer,sherbrooke,211,29e6f3aaa5d4261fc09882b21a5db5d05fd2ec1fe35be906f42933c9d8981c83,24,1,0.0671049258671701,127,2416,1479,324,659,117,24,1080,636,240,147,36
phase_6_compact_1,compact,complete,3,mixer,sherbrooke,223,29e6f3aaa5d4261fc09882b21a5db5d05fd2ec1fe35be906f42933c9d8981c83,24,1,0.06259669922292233,127,2545,1555,328,394,68,24,1080,636,240,147,36
phase_6_compact_1,compact,complete,3,mixer,sherbrooke,227,29e6f3aaa5d4261fc09882b21a5db5d05fd2ec1fe35be906f42933c9d8981c83,24,1,0.06841423502191901,127,2464,1514,314,391,67,24,1080,636,240,147,36
phase_6_compact_1,compact,complete,3,mixer,sherbrooke,229,29e6f3aaa5d4261fc09882b21a5db5d05fd2ec1fe35be906f42933c9d8981c83,24,1,0.05662826215848327,127,2508,1526,320,416,70,24,1080,636,240,147,36
phase_6_compact_1,compact,complete,3,mixer,sherbrooke,233,29e6f3aaa5d4261fc09882b21a5db5d05fd2ec1fe35be906f42933c9d8981c83,24,1,0.06551098171621561,127,2379,1465,311,369,59,24,1080,636,240,147,36
phase_6_compact_1,compact,complete,3,mixer,line25,211,29e6f3aaa5d4261fc09882b21a5db5d05fd2ec1fe35be906f42933c9d8981c83,24,1,0.04166104504838586,25,1500,860,300,185,47,24,1080,636,240,147,36
phase_6_compact_1,compact,complete,3,mixer,line25,223,29e6f3aaa5d4261fc09882b21a5db5d05fd2ec1fe35be906f42933c9d8981c83,24,1,0.04168315697461367,25,1490,855,306,188,52,24,1080,636,240,147,36
phase_6_compact_1,compact,complete,3,mixer,line25,227,29e6f3aaa5d4261fc09882b21a5db5d05fd2ec1fe35be906f42933c9d8981c83,24,1,0.04181475332006812,25,1439,827,324,205,58,24,1080,636,240,147,36
phase_6_compact_1,compact,complete,3,mixer,line25,229,29e6f3aaa5d4261fc09882b21a5db5d05fd2ec1fe35be906f42933c9d8981c83,24,1,0.04173310985788703,25,1480,850,312,188,52,24,1080,636,240,147,36
phase_6_compact_1,compact,complete,3,mixer,line25,233,29e6f3aaa5d4261fc09882b21a5db5d05fd2ec1fe35be906f42933c9d8981c83,24,1,0.04143239511176944,25,1462,839,318,198,55,24,1080,636,240,147,36
phase_6_compact_1,compact,complete,3,mixer,grid25,211,29e6f3aaa5d4261fc09882b21a5db5d05fd2ec1fe35be906f42933c9d8981c83,24,1,0.04227891517803073,25,1259,725,293,207,60,24,1080,636,240,147,36
phase_6_compact_1,compact,complete,3,mixer,grid25,223,29e6f3aaa5d4261fc09882b21a5db5d05fd2ec1fe35be906f42933c9d8981c83,24,1,0.04138922458514571,25,1273,733,297,217,63,24,1080,636,240,147,36
phase_6_compact_1,compact,complete,3,mixer,grid25,227,29e6f3aaa5d4261fc09882b21a5db5d05fd2ec1fe35be906f42933c9d8981c83,24,1,0.04101470112800598,25,1260,722,297,206,60,24,1080,636,240,147,36
phase_6_compact_1,compact,complete,3,mixer,grid25,229,29e6f3aaa5d4261fc09882b21a5db5d05fd2ec1fe35be906f42933c9d8981c83,24,1,0.04126902902498841,25,1244,715,298,229,64,24,1080,636,240,147,36
phase_6_compact_1,compact,complete,3,mixer,grid25,233,29e6f3aaa5d4261fc09882b21a5db5d05fd2ec1fe35be906f42933c9d8981c83,24,1,0.04134577279910445,25,1274,733,301,212,63,24,1080,636,240,147,36
phase_6_compact_1,compact,complete,3,phase,sherbrooke,211,aab6b9f72986715cc2f5f2d2ced4bf613652355826b67a57a9a93dc4c88ccc7b,24,1,0.48141445266082883,127,5693,3490,868,1070,232,24,240,240,432,106,70
phase_6_compact_1,compact,complete,3,phase,sherbrooke,223,aab6b9f72986715cc2f5f2d2ced4bf613652355826b67a57a9a93dc4c88ccc7b,24,1,0.47545516304671764,127,5787,3507,930,1146,272,24,240,240,432,106,70
phase_6_compact_1,compact,complete,3,phase,sherbrooke,227,aab6b9f72986715cc2f5f2d2ced4bf613652355826b67a57a9a93dc4c88ccc7b,24,1,0.5412287688814104,127,5771,3501,943,1070,245,24,240,240,432,106,70
phase_6_compact_1,compact,complete,3,phase,sherbrooke,229,aab6b9f72986715cc2f5f2d2ced4bf613652355826b67a57a9a93dc4c88ccc7b,24,1,0.5794201069511473,127,5340,3240,794,975,217,24,240,240,432,106,70
phase_6_compact_1,compact,complete,3,phase,sherbrooke,233,aab6b9f72986715cc2f5f2d2ced4bf613652355826b67a57a9a93dc4c88ccc7b,24,1,0.473947461694479,127,5961,3628,943,1240,273,24,240,240,432,106,70
phase_6_compact_1,compact,complete,3,phase,line25,211,aab6b9f72986715cc2f5f2d2ced4bf613652355826b67a57a9a93dc4c88ccc7b,24,1,0.10932093299925327,25,2385,1410,810,413,203,24,240,240,432,106,70
phase_6_compact_1,compact,complete,3,phase,line25,223,aab6b9f72986715cc2f5f2d2ced4bf613652355826b67a57a9a93dc4c88ccc7b,24,1,0.11424558097496629,25,2440,1440,800,458,223,24,240,240,432,106,70
phase_6_compact_1,compact,complete,3,phase,line25,227,aab6b9f72986715cc2f5f2d2ced4bf613652355826b67a57a9a93dc4c88ccc7b,24,1,0.11152651440352201,25,2396,1416,807,432,215,24,240,240,432,106,70
phase_6_compact_1,compact,complete,3,phase,line25,229,aab6b9f72986715cc2f5f2d2ced4bf613652355826b67a57a9a93dc4c88ccc7b,24,1,0.10933955712243915,25,2374,1404,812,421,212,24,240,240,432,106,70
phase_6_compact_1,compact,complete,3,phase,line25,233,aab6b9f72986715cc2f5f2d2ced4bf613652355826b67a57a9a93dc4c88ccc7b,24,1,0.10801459988579154,25,2418,1428,801,470,242,24,240,240,432,106,70
phase_6_compact_1,compact,complete,3,phase,grid25,211,aab6b9f72986715cc2f5f2d2ced4bf613652355826b67a57a9a93dc4c88ccc7b,24,1,0.10922551387920976,25,691,486,783,461,300,24,240,240,432,106,70
phase_6_compact_1,compact,complete,3,phase,grid25,223,aab6b9f72986715cc2f5f2d2ced4bf613652355826b67a57a9a93dc4c88ccc7b,24,1,0.1101490268483758,25,790,540,745,398,264,24,240,240,432,106,70
phase_6_compact_1,compact,complete,3,phase,grid25,227,aab6b9f72986715cc2f5f2d2ced4bf613652355826b67a57a9a93dc4c88ccc7b,24,1,0.1086679957807064,25,944,624,730,409,264,24,240,240,432,106,70
phase_6_compact_1,compact,complete,3,phase,grid25,229,aab6b9f72986715cc2f5f2d2ced4bf613652355826b67a57a9a93dc4c88ccc7b,24,1,0.10925158206373453,25,856,576,749,473,294,24,240,240,432,106,70
phase_6_compact_1,compact,complete,3,phase,grid25,233,aab6b9f72986715cc2f5f2d2ced4bf613652355826b67a57a9a93dc4c88ccc7b,24,1,0.10870289197191596,25,867,582,729,352,223,24,240,240,432,106,70
phase_6_compact_1,compact,ring,3,full,sherbrooke,211,cb64e3ec250e0798cc0ca1880c2cfa01bd05bcc65d43e12d083ae58e4e4b34fb,24,5,2.9694111389108,127,15792,9527,2509,2770,618,24,2101,1417,1152,488,184
phase_6_compact_1,compact,ring,3,full,sherbrooke,223,cb64e3ec250e0798cc0ca1880c2cfa01bd05bcc65d43e12d083ae58e4e4b34fb,24,5,2.8464883831329644,127,16008,9722,2425,2801,581,24,2101,1417,1152,488,184
phase_6_compact_1,compact,ring,3,full,sherbrooke,227,cb64e3ec250e0798cc0ca1880c2cfa01bd05bcc65d43e12d083ae58e4e4b34fb,24,5,2.785866673104465,127,15602,9477,2382,2586,548,24,2101,1417,1152,488,184
phase_6_compact_1,compact,ring,3,full,sherbrooke,229,cb64e3ec250e0798cc0ca1880c2cfa01bd05bcc65d43e12d083ae58e4e4b34fb,24,5,2.9185750749893486,127,16025,9729,2492,2984,641,24,2101,1417,1152,488,184
phase_6_compact_1,compact,ring,3,full,sherbrooke,233,cb64e3ec250e0798cc0ca1880c2cfa01bd05bcc65d43e12d083ae58e4e4b34fb,24,5,3.2772065149620175,127,15521,9296,2491,2934,652,24,2101,1417,1152,488,184
phase_6_compact_1,compact,ring,3,prep,sherbrooke,211,12bfb4d3ffec5e283973e4a88f7869ab18f4463aa46e726ac8e90c8f673c8061,24,0,0.0116697046905756,127,4,0,0,1,0,24,4,0,0,1,0
phase_6_compact_1,compact,ring,3,prep,sherbrooke,223,12bfb4d3ffec5e283973e4a88f7869ab18f4463aa46e726ac8e90c8f673c8061,24,0,0.010823666118085384,127,4,0,0,1,0,24,4,0,0,1,0
phase_6_compact_1,compact,ring,3,prep,sherbrooke,227,12bfb4d3ffec5e283973e4a88f7869ab18f4463aa46e726ac8e90c8f673c8061,24,0,0.010864132083952427,127,4,0,0,1,0,24,4,0,0,1,0
phase_6_compact_1,compact,ring,3,prep,sherbrooke,229,12bfb4d3ffec5e283973e4a88f7869ab18f4463aa46e726ac8e90c8f673c8061,24,0,0.010866587050259113,127,4,0,0,1,0,24,4,0,0,1,0
phase_6_compact_1,compact,ring,3,prep,sherbrooke,233,12bfb4d3ffec5e283973e4a88f7869ab18f4463aa46e726ac8e90c8f673c8061,24,0,0.010999906808137894,127,4,0,0,1,0,24,4,0,0,1,0
phase_6_compact_1,compact,ring,3,prep,line25,211,12bfb4d3ffec5e283973e4a88f7869ab18f4463aa46e726ac8e90c8f673c8061,24,0,0.008446602150797844,25,4,0,0,1,0,24,4,0,0,1,0
phase_6_compact_1,compact,ring,3,prep,line25,223,12bfb4d3ffec5e283973e4a88f7869ab18f4463aa46e726ac8e90c8f673c8061,24,0,0.008455018047243357,25,4,0,0,1,0,24,4,0,0,1,0
phase_6_compact_1,compact,ring,3,prep,line25,227,12bfb4d3ffec5e283973e4a88f7869ab18f4463aa46e726ac8e90c8f673c8061,24,0,0.008335121907293797,25,4,0,0,1,0,24,4,0,0,1,0
phase_6_compact_1,compact,ring,3,prep,line25,229,12bfb4d3ffec5e283973e4a88f7869ab18f4463aa46e726ac8e90c8f673c8061,24,0,0.008396457880735397,25,4,0,0,1,0,24,4,0,0,1,0
phase_6_compact_1,compact,ring,3,prep,line25,233,12bfb4d3ffec5e283973e4a88f7869ab18f4463aa46e726ac8e90c8f673c8061,24,0,0.00841471180319786,25,4,0,0,1,0,24,4,0,0,1,0
phase_6_compact_1,compact,ring,3,prep,grid25,211,12bfb4d3ffec5e283973e4a88f7869ab18f4463aa46e726ac8e90c8f673c8061,24,0,0.008867351803928614,25,4,0,0,1,0,24,4,0,0,1,0
phase_6_compact_1,compact,ring,3,prep,grid25,223,12bfb4d3ffec5e283973e4a88f7869ab18f4463aa46e726ac8e90c8f673c8061,24,0,0.008679879829287529,25,4,0,0,1,0,24,4,0,0,1,0
phase_6_compact_1,compact,ring,3,prep,grid25,227,12bfb4d3ffec5e283973e4a88f7869ab18f4463aa46e726ac8e90c8f673c8061,24,0,0.008671183604747057,25,4,0,0,1,0,24,4,0,0,1,0
phase_6_compact_1,compact,ring,3,prep,grid25,229,12bfb4d3ffec5e283973e4a88f7869ab18f4463aa46e726ac8e90c8f673c8061,24,0,0.008538533933460712,25,4,0,0,1,0,24,4,0,0,1,0
phase_6_compact_1,compact,ring,3,prep,grid25,233,12bfb4d3ffec5e283973e4a88f7869ab18f4463aa46e726ac8e90c8f673c8061,24,0,0.00863278191536665,25,4,0,0,1,0,24,4,0,0,1,0
phase_6_compact_1,compact,ring,3,mixer,sherbrooke,211,25b45044ced3e303101850493664090c765b1ab6cc90cb30e6aff0c414dcfb5a,24,1,0.04176641209051013,127,1126,681,146,186,34,24,540,312,96,106,24
phase_6_compact_1,compact,ring,3,mixer,sherbrooke,223,25b45044ced3e303101850493664090c765b1ab6cc90cb30e6aff0c414dcfb5a,24,1,0.0329821459017694,127,1180,717,151,209,42,24,540,312,96,106,24
phase_6_compact_1,compact,ring,3,mixer,sherbrooke,227,25b45044ced3e303101850493664090c765b1ab6cc90cb30e6aff0c414dcfb5a,24,1,0.03302838420495391,127,1110,678,151,250,46,24,540,312,96,106,24
phase_6_compact_1,compact,ring,3,mixer,sherbrooke,229,25b45044ced3e303101850493664090c765b1ab6cc90cb30e6aff0c414dcfb5a,24,1,0.029222877230495214,127,1104,676,143,186,36,24,540,312,96,106,24
phase_6_compact_1,compact,ring,3,mixer,sherbrooke,233,25b45044ced3e303101850493664090c765b1ab6cc90cb30e6aff0c414dcfb5a,24,1,0.03752171201631427,127,1076,652,151,199,39,24,540,312,96,106,24
phase_6_compact_1,compact,ring,3,mixer,line25,211,25b45044ced3e303101850493664090c765b1ab6cc90cb30e6aff0c414dcfb5a,24,1,0.023703140672296286,25,578,334,149,120,34,24,540,312,96,106,24
phase_6_compact_1,compact,ring,3,mixer,line25,223,25b45044ced3e303101850493664090c765b1ab6cc90cb30e6aff0c414dcfb5a,24,1,0.02377666998654604,25,596,348,144,121,34,24,540,312,96,106,24
phase_6_compact_1,compact,ring,3,mixer,line25,227,25b45044ced3e303101850493664090c765b1ab6cc90cb30e6aff0c414dcfb5a,24,1,0.023196981754153967,25,599,349,147,122,34,24,540,312,96,106,24
phase_6_compact_1,compact,ring,3,mixer,line25,229,25b45044ced3e303101850493664090c765b1ab6cc90cb30e6aff0c414dcfb5a,24,1,0.023762413300573826,25,604,352,149,122,32,24,540,312,96,106,24
phase_6_compact_1,compact,ring,3,mixer,line25,233,25b45044ced3e303101850493664090c765b1ab6cc90cb30e6aff0c414dcfb5a,24,1,0.02290688594803214,25,600,351,146,121,32,24,540,312,96,106,24
phase_6_compact_1,compact,ring,3,mixer,grid25,211,25b45044ced3e303101850493664090c765b1ab6cc90cb30e6aff0c414dcfb5a,24,1,0.019270047079771757,25,551,318,102,113,27,24,540,312,96,106,24
phase_6_compact_1,compact,ring,3,mixer,grid25,223,25b45044ced3e303101850493664090c765b1ab6cc90cb30e6aff0c414dcfb5a,24,1,0.020394479390233755,25,540,312,96,106,24,24,540,312,96,106,24
phase_6_compact_1,compact,ring,3,mixer,grid25,227,25b45044ced3e303101850493664090c765b1ab6cc90cb30e6aff0c414dcfb5a,24,1,0.018966767005622387,25,540,312,102,110,27,24,540,312,96,106,24
phase_6_compact_1,compact,ring,3,mixer,grid25,229,25b45044ced3e303101850493664090c765b1ab6cc90cb30e6aff0c414dcfb5a,24,1,0.019042881205677986,25,568,328,106,127,31,24,540,312,96,106,24
phase_6_compact_1,compact,ring,3,mixer,grid25,233,25b45044ced3e303101850493664090c765b1ab6cc90cb30e6aff0c414dcfb5a,24,1,0.019400332123041153,25,548,316,100,114,28,24,540,312,96,106,24
phase_6_compact_1,compact,ring,3,phase,sherbrooke,211,aab6b9f72986715cc2f5f2d2ced4bf613652355826b67a57a9a93dc4c88ccc7b,24,1,0.4761531543917954,127,5693,3490,868,1070,232,24,240,240,432,106,70
phase_6_compact_1,compact,ring,3,phase,sherbrooke,223,aab6b9f72986715cc2f5f2d2ced4bf613652355826b67a57a9a93dc4c88ccc7b,24,1,0.47902771178632975,127,5787,3507,930,1146,272,24,240,240,432,106,70
phase_6_compact_1,compact,ring,3,phase,sherbrooke,227,aab6b9f72986715cc2f5f2d2ced4bf613652355826b67a57a9a93dc4c88ccc7b,24,1,0.5368757038377225,127,5771,3501,943,1070,245,24,240,240,432,106,70
phase_6_compact_1,compact,ring,3,phase,sherbrooke,229,aab6b9f72986715cc2f5f2d2ced4bf613652355826b67a57a9a93dc4c88ccc7b,24,1,0.5733504388481379,127,5340,3240,794,975,217,24,240,240,432,106,70
phase_6_compact_1,compact,ring,3,phase,sherbrooke,233,aab6b9f72986715cc2f5f2d2ced4bf613652355826b67a57a9a93dc4c88ccc7b,24,1,0.47302016988396645,127,5961,3628,943,1240,273,24,240,240,432,106,70
phase_6_compact_1,compact,ring,3,phase,line25,211,aab6b9f72986715cc2f5f2d2ced4bf613652355826b67a57a9a93dc4c88ccc7b,24,1,0.11007990827783942,25,2385,1410,810,413,203,24,240,240,432,106,70
phase_6_compact_1,compact,ring,3,phase,line25,223,aab6b9f72986715cc2f5f2d2ced4bf613652355826b67a57a9a93dc4c88ccc7b,24,1,0.11094690579921007,25,2440,1440,800,458,223,24,240,240,432,106,70
phase_6_compact_1,compact,ring,3,phase,line25,227,aab6b9f72986715cc2f5f2d2ced4bf613652355826b67a57a9a93dc4c88ccc7b,24,1,0.10970971314236522,25,2396,1416,807,432,215,24,240,240,432,106,70
phase_6_compact_1,compact,ring,3,phase,line25,229,aab6b9f72986715cc2f5f2d2ced4bf613652355826b67a57a9a93dc4c88ccc7b,24,1,0.11012561386451125,25,2374,1404,812,421,212,24,240,240,432,106,70
phase_6_compact_1,compact,ring,3,phase,line25,233,aab6b9f72986715cc2f5f2d2ced4bf613652355826b67a57a9a93dc4c88ccc7b,24,1,0.10870383400470018,25,2418,1428,801,470,242,24,240,240,432,106,70
phase_6_compact_1,compact,ring,3,phase,grid25,211,aab6b9f72986715cc2f5f2d2ced4bf613652355826b67a57a9a93dc4c88ccc7b,24,1,0.11138796526938677,25,691,486,783,461,300,24,240,240,432,106,70
phase_6_compact_1,compact,ring,3,phase,grid25,223,aab6b9f72986715cc2f5f2d2ced4bf613652355826b67a57a9a93dc4c88ccc7b,24,1,0.10988649493083358,25,790,540,745,398,264,24,240,240,432,106,70
phase_6_compact_1,compact,ring,3,phase,grid25,227,aab6b9f72986715cc2f5f2d2ced4bf613652355826b67a57a9a93dc4c88ccc7b,24,1,0.10843808483332396,25,944,624,730,409,264,24,240,240,432,106,70
phase_6_compact_1,compact,ring,3,phase,grid25,229,aab6b9f72986715cc2f5f2d2ced4bf613652355826b67a57a9a93dc4c88ccc7b,24,1,0.10946274921298027,25,856,576,749,473,294,24,240,240,432,106,70
phase_6_compact_1,compact,ring,3,phase,grid25,233,aab6b9f72986715cc2f5f2d2ced4bf613652355826b67a57a9a93dc4c88ccc7b,24,1,0.11248404299840331,25,867,582,729,352,223,24,240,240,432,106,70
phase_6_compact_2,compact,serial,3,full,sherbrooke,211,c0fbdd4dcb9009fbb735bb6839e52644422033b54e6b06526a7f83d25cd64cfd,19,5,2.9270720607601106,127,15496,9022,2814,7376,1770,19,1319,1017,925,1118,664
phase_6_compact_2,compact,serial,3,full,sherbrooke,223,c0fbdd4dcb9009fbb735bb6839e52644422033b54e6b06526a7f83d25cd64cfd,19,5,2.867753626778722,127,15540,9035,2858,7236,1768,19,1319,1017,925,1118,664
phase_6_compact_2,compact,serial,3,full,sherbrooke,227,c0fbdd4dcb9009fbb735bb6839e52644422033b54e6b06526a7f83d25cd64cfd,19,5,3.112952153198421,127,16061,9419,2875,7501,1806,19,1319,1017,925,1118,664
phase_6_compact_2,compact,serial,3,full,sherbrooke,229,c0fbdd4dcb9009fbb735bb6839e52644422033b54e6b06526a7f83d25cd64cfd,19,5,3.07272184593603,127,16323,9551,2923,7898,1893,19,1319,1017,925,1118,664
phase_6_compact_2,compact,serial,3,full,sherbrooke,233,c0fbdd4dcb9009fbb735bb6839e52644422033b54e6b06526a7f83d25cd64cfd,19,5,3.086682692170143,127,15496,9042,2768,7240,1745,19,1319,1017,925,1118,664
phase_6_compact_2,compact,serial,3,prep,sherbrooke,211,0abcbf7c27981e437b863c4c778786f1820aa62d796301176f84954f4aea0c15,19,0,0.01087469095364213,127,7,0,0,1,0,19,7,0,0,1,0
phase_6_compact_2,compact,serial,3,prep,sherbrooke,223,0abcbf7c27981e437b863c4c778786f1820aa62d796301176f84954f4aea0c15,19,0,0.013425550889223814,127,7,0,0,1,0,19,7,0,0,1,0
phase_6_compact_2,compact,serial,3,prep,sherbrooke,227,0abcbf7c27981e437b863c4c778786f1820aa62d796301176f84954f4aea0c15,19,0,0.010990648996084929,127,7,0,0,1,0,19,7,0,0,1,0
phase_6_compact_2,compact,serial,3,prep,sherbrooke,229,0abcbf7c27981e437b863c4c778786f1820aa62d796301176f84954f4aea0c15,19,0,0.010944482870399952,127,7,0,0,1,0,19,7,0,0,1,0
phase_6_compact_2,compact,serial,3,prep,sherbrooke,233,0abcbf7c27981e437b863c4c778786f1820aa62d796301176f84954f4aea0c15,19,0,0.010852740611881018,127,7,0,0,1,0,19,7,0,0,1,0
phase_6_compact_2,compact,serial,3,prep,line25,211,0abcbf7c27981e437b863c4c778786f1820aa62d796301176f84954f4aea0c15,19,0,0.009268125053495169,25,7,0,0,1,0,19,7,0,0,1,0
phase_6_compact_2,compact,serial,3,prep,line25,223,0abcbf7c27981e437b863c4c778786f1820aa62d796301176f84954f4aea0c15,19,0,0.008391147945076227,25,7,0,0,1,0,19,7,0,0,1,0
phase_6_compact_2,compact,serial,3,prep,line25,227,0abcbf7c27981e437b863c4c778786f1820aa62d796301176f84954f4aea0c15,19,0,0.009652135893702507,25,7,0,0,1,0,19,7,0,0,1,0
phase_6_compact_2,compact,serial,3,prep,line25,229,0abcbf7c27981e437b863c4c778786f1820aa62d796301176f84954f4aea0c15,19,0,0.008495964109897614,25,7,0,0,1,0,19,7,0,0,1,0
phase_6_compact_2,compact,serial,3,prep,line25,233,0abcbf7c27981e437b863c4c778786f1820aa62d796301176f84954f4aea0c15,19,0,0.008386318106204271,25,7,0,0,1,0,19,7,0,0,1,0
phase_6_compact_2,compact,serial,3,prep,grid25,211,0abcbf7c27981e437b863c4c778786f1820aa62d796301176f84954f4aea0c15,19,0,0.008677655830979347,25,7,0,0,1,0,19,7,0,0,1,0
phase_6_compact_2,compact,serial,3,prep,grid25,223,0abcbf7c27981e437b863c4c778786f1820aa62d796301176f84954f4aea0c15,19,0,0.00871586799621582,25,7,0,0,1,0,19,7,0,0,1,0
phase_6_compact_2,compact,serial,3,prep,grid25,227,0abcbf7c27981e437b863c4c778786f1820aa62d796301176f84954f4aea0c15,19,0,0.008726558182388544,25,7,0,0,1,0,19,7,0,0,1,0
phase_6_compact_2,compact,serial,3,prep,grid25,229,0abcbf7c27981e437b863c4c778786f1820aa62d796301176f84954f4aea0c15,19,0,0.008495532907545567,25,7,0,0,1,0,19,7,0,0,1,0
phase_6_compact_2,compact,serial,3,prep,grid25,233,0abcbf7c27981e437b863c4c778786f1820aa62d796301176f84954f4aea0c15,19,0,0.008634003810584545,25,7,0,0,1,0,19,7,0,0,1,0
phase_6_compact_2,compact,serial,3,mixer,sherbrooke,211,db312e3c1038947720c38f1cb6c11a55240ab4ce206ba5284e62f0469694635b,19,1,0.08561415411531925,127,2870,1686,479,1626,378,19,384,282,195,276,152
phase_6_compact_2,compact,serial,3,mixer,sherbrooke,223,db312e3c1038947720c38f1cb6c11a55240ab4ce206ba5284e62f0469694635b,19,1,0.08356812177225947,127,2659,1558,442,1465,332,19,384,282,195,276,152
phase_6_compact_2,compact,serial,3,mixer,sherbrooke,227,db312e3c1038947720c38f1cb6c11a55240ab4ce206ba5284e62f0469694635b,19,1,0.07173206517472863,127,2763,1620,453,1509,343,19,384,282,195,276,152
phase_6_compact_2,compact,serial,3,mixer,sherbrooke,229,db312e3c1038947720c38f1cb6c11a55240ab4ce206ba5284e62f0469694635b,19,1,0.06832718104124069,127,2580,1505,439,1475,348,19,384,282,195,276,152
phase_6_compact_2,compact,serial,3,mixer,sherbrooke,233,db312e3c1038947720c38f1cb6c11a55240ab4ce206ba5284e62f0469694635b,19,1,0.09862866392359138,127,2841,1666,484,1458,345,19,384,282,195,276,152
phase_6_compact_2,compact,serial,3,mixer,line25,211,db312e3c1038947720c38f1cb6c11a55240ab4ce206ba5284e62f0469694635b,19,1,0.04934645676985383,25,725,463,523,654,402,19,384,282,195,276,152
phase_6_compact_2,compact,serial,3,mixer,line25,223,db312e3c1038947720c38f1cb6c11a55240ab4ce206ba5284e62f0469694635b,19,1,0.048002634197473526,25,762,482,494,625,365,19,384,282,195,276,152
phase_6_compact_2,compact,serial,3,mixer,line25,227,db312e3c1038947720c38f1cb6c11a55240ab4ce206ba5284e62f0469694635b,19,1,0.050257197581231594,25,695,449,573,678,446,19,384,282,195,276,152
phase_6_compact_2,compact,serial,3,mixer,line25,229,db312e3c1038947720c38f1cb6c11a55240ab4ce206ba5284e62f0469694635b,19,1,0.04779055621474981,25,680,441,511,625,389,19,384,282,195,276,152
phase_6_compact_2,compact,serial,3,mixer,line25,233,db312e3c1038947720c38f1cb6c11a55240ab4ce206ba5284e62f0469694635b,19,1,0.04581046709790826,25,746,474,495,622,367,19,384,282,195,276,152
phase_6_compact_2,compact,serial,3,mixer,grid25,211,db312e3c1038947720c38f1cb6c11a55240ab4ce206ba5284e62f0469694635b,19,1,0.04443416325375438,25,492,337,374,460,289,19,384,282,195,276,152
phase_6_compact_2,compact,serial,3,mixer,grid25,223,db312e3c1038947720c38f1cb6c11a55240ab4ce206ba5284e62f0469694635b,19,1,0.04387130495160818,25,508,347,371,472,294,19,384,282,195,276,152
phase_6_compact_2,compact,serial,3,mixer,grid25,227,db312e3c1038947720c38f1cb6c11a55240ab4ce206ba5284e62f0469694635b,19,1,0.040037095081061125,25,526,355,351,482,280,19,384,282,195,276,152
phase_6_compact_2,compact,serial,3,mixer,grid25,229,db312e3c1038947720c38f1cb6c11a55240ab4ce206ba5284e62f0469694635b,19,1,0.04334253212437034,25,567,374,359,464,268,19,384,282,195,276,152
phase_6_compact_2,compact,serial,3,mixer,grid25,233,db312e3c1038947720c38f1cb6c11a55240ab4ce206ba5284e62f0469694635b,19,1,0.04091979283839464,25,471,332,399,458,276,19,384,282,195,276,152
phase_6_compact_2,compact,serial,3,phase,sherbrooke,211,7959ec389326f02f66c3ba0af97d775f2ad4bac312315f72b8235c043b46bf16,19,1,0.14768607821315527,127,2603,1530,479,1360,331,19,86,86,170,216,148
phase_6_compact_2,compact,serial,3,phase,sherbrooke,223,7959ec389326f02f66c3ba0af97d775f2ad4bac312315f72b8235c043b46bf16,19,1,0.12718578102067113,127,2938,1738,529,1546,368,19,86,86,170,216,148
phase_6_compact_2,compact,serial,3,phase,sherbrooke,227,7959ec389326f02f66c3ba0af97d775f2ad4bac312315f72b8235c043b46bf16,19,1,0.11910420469939709,127,2619,1539,469,1369,329,19,86,86,170,216,148
phase_6_compact_2,compact,serial,3,phase,sherbrooke,229,7959ec389326f02f66c3ba0af97d775f2ad4bac312315f72b8235c043b46bf16,19,1,0.13468620600178838,127,2544,1490,476,1385,335,19,86,86,170,216,148
phase_6_compact_2,compact,serial,3,phase,sherbrooke,233,7959ec389326f02f66c3ba0af97d775f2ad4bac312315f72b8235c043b46bf16,19,1,0.12412778893485665,127,2583,1521,454,1425,330,19,86,86,170,216,148
phase_6_compact_2,compact,serial,3,phase,line25,211,7959ec389326f02f66c3ba0af97d775f2ad4bac312315f72b8235c043b46bf16,19,1,0.037542279809713364,25,356,233,580,567,374,19,86,86,170,216,148
phase_6_compact_2,compact,serial,3,phase,line25,223,7959ec389326f02f66c3ba0af97d775f2ad4bac312315f72b8235c043b46bf16,19,1,0.04847564175724983,25,353,231,575,569,375,19,86,86,170,216,148
phase_6_compact_2,compact,serial,3,phase,line25,227,7959ec389326f02f66c3ba0af97d775f2ad4bac312315f72b8235c043b46bf16,19,1,0.03730597626417875,25,356,233,580,565,372,19,86,86,170,216,148
phase_6_compact_2,compact,serial,3,phase,line25,229,7959ec389326f02f66c3ba0af97d775f2ad4bac312315f72b8235c043b46bf16,19,1,0.04852684773504734,25,353,231,573,567,376,19,86,86,170,216,148
phase_6_compact_2,compact,serial,3,phase,line25,233,7959ec389326f02f66c3ba0af97d775f2ad4bac312315f72b8235c043b46bf16,19,1,0.04834911413490772,25,353,231,571,574,376,19,86,86,170,216,148
phase_6_compact_2,compact,serial,3,phase,grid25,211,7959ec389326f02f66c3ba0af97d775f2ad4bac312315f72b8235c043b46bf16,19,1,0.04010754730552435,25,97,92,333,317,245,19,86,86,170,216,148
phase_6_compact_2,compact,serial,3,phase,grid25,223,7959ec389326f02f66c3ba0af97d775f2ad4bac312315f72b8235c043b46bf16,19,1,0.03507139999419451,25,108,98,341,331,255,19,86,86,170,216,148
phase_6_compact_2,compact,serial,3,phase,grid25,227,7959ec389326f02f66c3ba0af97d775f2ad4bac312315f72b8235c043b46bf16,19,1,0.03309674188494682,25,183,139,306,338,226,19,86,86,170,216,148
phase_6_compact_2,compact,serial,3,phase,grid25,229,7959ec389326f02f66c3ba0af97d775f2ad4bac312315f72b8235c043b46bf16,19,1,0.033362421207129955,25,194,145,321,382,258,19,86,86,170,216,148
phase_6_compact_2,compact,serial,3,phase,grid25,233,7959ec389326f02f66c3ba0af97d775f2ad4bac312315f72b8235c043b46bf16,19,1,0.040007289964705706,25,174,134,312,347,240,19,86,86,170,216,148
phase_6_compact_2,compact,parallel,3,full,sherbrooke,211,32b935a501545f52a086cc9dff32279a5bb95304ff161a5c0f61bd35824f4d41,21,5,2.738500563893467,127,15407,8997,2759,5845,1408,21,1324,1020,925,800,482
phase_6_compact_2,compact,parallel,3,full,sherbrooke,223,32b935a501545f52a086cc9dff32279a5bb95304ff161a5c0f61bd35824f4d41,21,5,2.750405229628086,127,15096,8803,2786,5608,1397,21,1324,1020,925,800,482
phase_6_compact_2,compact,parallel,3,full,sherbrooke,227,32b935a501545f52a086cc9dff32279a5bb95304ff161a5c0f61bd35824f4d41,21,5,2.719789245631546,127,14923,8695,2726,5798,1404,21,1324,1020,925,800,482
phase_6_compact_2,compact,parallel,3,full,sherbrooke,229,32b935a501545f52a086cc9dff32279a5bb95304ff161a5c0f61bd35824f4d41,21,5,3.120364563073963,127,16221,9520,2915,5847,1385,21,1324,1020,925,800,482
phase_6_compact_2,compact,parallel,3,full,sherbrooke,233,32b935a501545f52a086cc9dff32279a5bb95304ff161a5c0f61bd35824f4d41,21,5,2.7379135419614613,127,15230,8898,2734,5686,1356,21,1324,1020,925,800,482
phase_6_compact_2,compact,parallel,3,prep,sherbrooke,211,1f58d6eac272884dde87eabf7a0d35224737670c0e69afddbc91cfdc1b25b73c,21,0,0.011204299982637167,127,7,0,0,1,0,21,7,0,0,1,0
phase_6_compact_2,compact,parallel,3,prep,sherbrooke,223,1f58d6eac272884dde87eabf7a0d35224737670c0e69afddbc91cfdc1b25b73c,21,0,0.010625013150274754,127,7,0,0,1,0,21,7,0,0,1,0
phase_6_compact_2,compact,parallel,3,prep,sherbrooke,227,1f58d6eac272884dde87eabf7a0d35224737670c0e69afddbc91cfdc1b25b73c,21,0,0.010705322958528996,127,7,0,0,1,0,21,7,0,0,1,0
phase_6_compact_2,compact,parallel,3,prep,sherbrooke,229,1f58d6eac272884dde87eabf7a0d35224737670c0e69afddbc91cfdc1b25b73c,21,0,0.014958790969103575,127,7,0,0,1,0,21,7,0,0,1,0
phase_6_compact_2,compact,parallel,3,prep,sherbrooke,233,1f58d6eac272884dde87eabf7a0d35224737670c0e69afddbc91cfdc1b25b73c,21,0,0.010931028053164482,127,7,0,0,1,0,21,7,0,0,1,0
phase_6_compact_2,compact,parallel,3,prep,line25,211,1f58d6eac272884dde87eabf7a0d35224737670c0e69afddbc91cfdc1b25b73c,21,0,0.008516662754118443,25,7,0,0,1,0,21,7,0,0,1,0
phase_6_compact_2,compact,parallel,3,prep,line25,223,1f58d6eac272884dde87eabf7a0d35224737670c0e69afddbc91cfdc1b25b73c,21,0,0.00846492638811469,25,7,0,0,1,0,21,7,0,0,1,0
phase_6_compact_2,compact,parallel,3,prep,line25,227,1f58d6eac272884dde87eabf7a0d35224737670c0e69afddbc91cfdc1b25b73c,21,0,0.008396117016673088,25,7,0,0,1,0,21,7,0,0,1,0
phase_6_compact_2,compact,parallel,3,prep,line25,229,1f58d6eac272884dde87eabf7a0d35224737670c0e69afddbc91cfdc1b25b73c,21,0,0.008415482938289642,25,7,0,0,1,0,21,7,0,0,1,0
phase_6_compact_2,compact,parallel,3,prep,line25,233,1f58d6eac272884dde87eabf7a0d35224737670c0e69afddbc91cfdc1b25b73c,21,0,0.008321287110447884,25,7,0,0,1,0,21,7,0,0,1,0
phase_6_compact_2,compact,parallel,3,prep,grid25,211,1f58d6eac272884dde87eabf7a0d35224737670c0e69afddbc91cfdc1b25b73c,21,0,0.008645555004477501,25,7,0,0,1,0,21,7,0,0,1,0
phase_6_compact_2,compact,parallel,3,prep,grid25,223,1f58d6eac272884dde87eabf7a0d35224737670c0e69afddbc91cfdc1b25b73c,21,0,0.00863584689795971,25,7,0,0,1,0,21,7,0,0,1,0
phase_6_compact_2,compact,parallel,3,prep,grid25,227,1f58d6eac272884dde87eabf7a0d35224737670c0e69afddbc91cfdc1b25b73c,21,0,0.008455597795546055,25,7,0,0,1,0,21,7,0,0,1,0
phase_6_compact_2,compact,parallel,3,prep,grid25,229,1f58d6eac272884dde87eabf7a0d35224737670c0e69afddbc91cfdc1b25b73c,21,0,0.008593917824327946,25,7,0,0,1,0,21,7,0,0,1,0
phase_6_compact_2,compact,parallel,3,prep,grid25,233,1f58d6eac272884dde87eabf7a0d35224737670c0e69afddbc91cfdc1b25b73c,21,0,0.008632340002804995,25,7,0,0,1,0,21,7,0,0,1,0
phase_6_compact_2,compact,parallel,3,mixer,sherbrooke,211,922059cbf31217b855e5c3eb0fe48d9581d782b6d38be371d553fa22b2d82c00,21,1,0.07324746111407876,127,2605,1526,446,822,197,21,389,285,195,170,92
phase_6_compact_2,compact,parallel,3,mixer,sherbrooke,223,922059cbf31217b855e5c3eb0fe48d9581d782b6d38be371d553fa22b2d82c00,21,1,0.09148353571072221,127,2708,1589,430,851,189,21,389,285,195,170,92
phase_6_compact_2,compact,parallel,3,mixer,sherbrooke,227,922059cbf31217b855e5c3eb0fe48d9581d782b6d38be371d553fa22b2d82c00,21,1,0.09115284541621804,127,2574,1511,435,842,194,21,389,285,195,170,92
phase_6_compact_2,compact,parallel,3,mixer,sherbrooke,229,922059cbf31217b855e5c3eb0fe48d9581d782b6d38be371d553fa22b2d82c00,21,1,0.07422667928040028,127,2735,1599,452,960,221,21,389,285,195,170,92
phase_6_compact_2,compact,parallel,3,mixer,sherbrooke,233,922059cbf31217b855e5c3eb0fe48d9581d782b6d38be371d553fa22b2d82c00,21,1,0.07508315797895193,127,2671,1578,431,921,198,21,389,285,195,170,92
phase_6_compact_2,compact,parallel,3,mixer,line25,211,922059cbf31217b855e5c3eb0fe48d9581d782b6d38be371d553fa22b2d82c00,21,1,0.05457514710724354,25,651,426,483,354,207,21,389,285,195,170,92
phase_6_compact_2,compact,parallel,3,mixer,line25,223,922059cbf31217b855e5c3eb0fe48d9581d782b6d38be371d553fa22b2d82c00,21,1,0.05457761092111468,25,642,422,492,353,225,21,389,285,195,170,92
phase_6_compact_2,compact,parallel,3,mixer,line25,227,922059cbf31217b855e5c3eb0fe48d9581d782b6d38be371d553fa22b2d82c00,21,1,0.05388600192964077,25,616,407,508,367,225,21,389,285,195,170,92
phase_6_compact_2,compact,parallel,3,mixer,line25,229,922059cbf31217b855e5c3eb0fe48d9581d782b6d38be371d553fa22b2d82c00,21,1,0.053716633934527636,25,616,408,515,372,249,21,389,285,195,170,92
phase_6_compact_2,compact,parallel,3,mixer,line25,233,922059cbf31217b855e5c3eb0fe48d9581d782b6d38be371d553fa22b2d82c00,21,1,0.048492704052478075,25,643,422,484,350,213,21,389,285,195,170,92
phase_6_compact_2,compact,parallel,3,mixer,grid25,211,922059cbf31217b855e5c3eb0fe48d9581d782b6d38be371d553fa22b2d82c00,21,1,0.04963296512141824,25,557,377,348,331,183,21,389,285,195,170,92
phase_6_compact_2,compact,parallel,3,mixer,grid25,223,922059cbf31217b855e5c3eb0fe48d9581d782b6d38be371d553fa22b2d82c00,21,1,0.053669414948672056,25,514,357,358,343,196,21,389,285,195,170,92
phase_6_compact_2,compact,parallel,3,mixer,grid25,227,922059cbf31217b855e5c3eb0fe48d9581d782b6d38be371d553fa22b2d82c00,21,1,0.0529063418507576,25,536,362,340,333,183,21,389,285,195,170,92
phase_6_compact_2,compact,parallel,3,mixer,grid25,229,922059cbf31217b855e5c3eb0fe48d9581d782b6d38be371d553fa22b2d82c00,21,1,0.05002988036721945,25,499,345,356,289,166,21,389,285,195,170,92
phase_6_compact_2,compact,parallel,3,mixer,grid25,233,922059cbf31217b855e5c3eb0fe48d9581d782b6d38be371d553fa22b2d82c00,21,1,0.05513864429667592,25,473,333,369,297,180,21,389,285,195,170,92
phase_6_compact_2,compact,parallel,3,phase,sherbrooke,211,c5a722f3ffd1221e3a8ef6dca573a758d57501b162e17e68e9c022e99187fdfe,21,1,0.16151245310902596,127,2603,1530,479,1360,331,21,86,86,170,216,148
phase_6_compact_2,compact,parallel,3,phase,sherbrooke,223,c5a722f3ffd1221e3a8ef6dca573a758d57501b162e17e68e9c022e99187fdfe,21,1,0.13375922525301576,127,2938,1738,529,1546,368,21,86,86,170,216,148
phase_6_compact_2,compact,parallel,3,phase,sherbrooke,227,c5a722f3ffd1221e3a8ef6dca573a758d57501b162e17e68e9c022e99187fdfe,21,1,0.1251724511384964,127,2619,1539,469,1369,329,21,86,86,170,216,148
phase_6_compact_2,compact,parallel,3,phase,sherbrooke,229,c5a722f3ffd1221e3a8ef6dca573a758d57501b162e17e68e9c022e99187fdfe,21,1,0.14557807985693216,127,2544,1490,476,1385,335,21,86,86,170,216,148
phase_6_compact_2,compact,parallel,3,phase,sherbrooke,233,c5a722f3ffd1221e3a8ef6dca573a758d57501b162e17e68e9c022e99187fdfe,21,1,0.13058320013806224,127,2583,1521,454,1425,330,21,86,86,170,216,148
phase_6_compact_2,compact,parallel,3,phase,line25,211,c5a722f3ffd1221e3a8ef6dca573a758d57501b162e17e68e9c022e99187fdfe,21,1,0.039036234840750694,25,356,233,580,567,374,21,86,86,170,216,148
phase_6_compact_2,compact,parallel,3,phase,line25,223,c5a722f3ffd1221e3a8ef6dca573a758d57501b162e17e68e9c022e99187fdfe,21,1,0.05122430296614766,25,353,231,575,569,375,21,86,86,170,216,148
phase_6_compact_2,compact,parallel,3,phase,line25,227,c5a722f3ffd1221e3a8ef6dca573a758d57501b162e17e68e9c022e99187fdfe,21,1,0.0407185647636652,25,356,233,580,565,372,21,86,86,170,216,148
phase_6_compact_2,compact,parallel,3,phase,line25,229,c5a722f3ffd1221e3a8ef6dca573a758d57501b162e17e68e9c022e99187fdfe,21,1,0.052659197710454464,25,353,231,573,567,376,21,86,86,170,216,148
phase_6_compact_2,compact,parallel,3,phase,line25,233,c5a722f3ffd1221e3a8ef6dca573a758d57501b162e17e68e9c022e99187fdfe,21,1,0.05110797518864274,25,353,231,571,574,376,21,86,86,170,216,148
phase_6_compact_2,compact,parallel,3,phase,grid25,211,c5a722f3ffd1221e3a8ef6dca573a758d57501b162e17e68e9c022e99187fdfe,21,1,0.041932453867048025,25,97,92,333,317,245,21,86,86,170,216,148
phase_6_compact_2,compact,parallel,3,phase,grid25,223,c5a722f3ffd1221e3a8ef6dca573a758d57501b162e17e68e9c022e99187fdfe,21,1,0.0351884001865983,25,108,98,341,331,255,21,86,86,170,216,148
phase_6_compact_2,compact,parallel,3,phase,grid25,227,c5a722f3ffd1221e3a8ef6dca573a758d57501b162e17e68e9c022e99187fdfe,21,1,0.03496647300198674,25,183,139,306,338,226,21,86,86,170,216,148
phase_6_compact_2,compact,parallel,3,phase,grid25,229,c5a722f3ffd1221e3a8ef6dca573a758d57501b162e17e68e9c022e99187fdfe,21,1,0.03491453640162945,25,194,145,321,382,258,21,86,86,170,216,148
phase_6_compact_2,compact,parallel,3,phase,grid25,233,c5a722f3ffd1221e3a8ef6dca573a758d57501b162e17e68e9c022e99187fdfe,21,1,0.04232816817238927,25,174,134,312,347,240,21,86,86,170,216,148
phase_6_compact_2,compact,complete,3,full,sherbrooke,211,19c436823a87a760db4624741531651187e79ceb336b1e0e7ed3cd7b6ff6caaf,24,5,4.098510563839227,127,19391,11643,3110,3956,876,24,3661,2329,1464,557,184
phase_6_compact_2,compact,complete,3,full,sherbrooke,223,19c436823a87a760db4624741531651187e79ceb336b1e0e7ed3cd7b6ff6caaf,24,5,4.1143063879571855,127,20144,12089,3156,4017,871,24,3661,2329,1464,557,184
phase_6_compact_2,compact,complete,3,full,sherbrooke,227,19c436823a87a760db4624741531651187e79ceb336b1e0e7ed3cd7b6ff6caaf,24,5,4.414573426358402,127,19256,11644,2941,3741,749,24,3661,2329,1464,557,184
phase_6_compact_2,compact,complete,3,full,sherbrooke,229,19c436823a87a760db4624741531651187e79ceb336b1e0e7ed3cd7b6ff6caaf,24,5,4.405313256662339,127,19122,11531,3015,3609,768,24,3661,2329,1464,557,184
phase_6_compact_2,compact,complete,3,full,sherbrooke,233,19c436823a87a760db4624741531651187e79ceb336b1e0e7ed3cd7b6ff6caaf,24,5,4.3309814697131515,127,19320,11659,3031,3503,795,24,3661,2329,1464,557,184
phase_6_compact_2,compact,complete,3,prep,sherbrooke,211,12bfb4d3ffec5e283973e4a88f7869ab18f4463aa46e726ac8e90c8f673c8061,24,0,0.01116177998483181,127,4,0,0,1,0,24,4,0,0,1,0
phase_6_compact_2,compact,complete,3,prep,sherbrooke,223,12bfb4d3ffec5e283973e4a88f7869ab18f4463aa46e726ac8e90c8f673c8061,24,0,0.01072494126856327,127,4,0,0,1,0,24,4,0,0,1,0
phase_6_compact_2,compact,complete,3,prep,sherbrooke,227,12bfb4d3ffec5e283973e4a88f7869ab18f4463aa46e726ac8e90c8f673c8061,24,0,0.01085990434512496,127,4,0,0,1,0,24,4,0,0,1,0
phase_6_compact_2,compact,complete,3,prep,sherbrooke,229,12bfb4d3ffec5e283973e4a88f7869ab18f4463aa46e726ac8e90c8f673c8061,24,0,0.010851758066564798,127,4,0,0,1,0,24,4,0,0,1,0
phase_6_compact_2,compact,complete,3,prep,sherbrooke,233,12bfb4d3ffec5e283973e4a88f7869ab18f4463aa46e726ac8e90c8f673c8061,24,0,0.010909005999565125,127,4,0,0,1,0,24,4,0,0,1,0
phase_6_compact_2,compact,complete,3,prep,line25,211,12bfb4d3ffec5e283973e4a88f7869ab18f4463aa46e726ac8e90c8f673c8061,24,0,0.008417326956987381,25,4,0,0,1,0,24,4,0,0,1,0
phase_6_compact_2,compact,complete,3,prep,line25,223,12bfb4d3ffec5e283973e4a88f7869ab18f4463aa46e726ac8e90c8f673c8061,24,0,0.009953371249139309,25,4,0,0,1,0,24,4,0,0,1,0
phase_6_compact_2,compact,complete,3,prep,line25,227,12bfb4d3ffec5e283973e4a88f7869ab18f4463aa46e726ac8e90c8f673c8061,24,0,0.008315977174788713,25,4,0,0,1,0,24,4,0,0,1,0
phase_6_compact_2,compact,complete,3,prep,line25,229,12bfb4d3ffec5e283973e4a88f7869ab18f4463aa46e726ac8e90c8f673c8061,24,0,0.008271523285657167,25,4,0,0,1,0,24,4,0,0,1,0
phase_6_compact_2,compact,complete,3,prep,line25,233,12bfb4d3ffec5e283973e4a88f7869ab18f4463aa46e726ac8e90c8f673c8061,24,0,0.008239852730184793,25,4,0,0,1,0,24,4,0,0,1,0
phase_6_compact_2,compact,complete,3,prep,grid25,211,12bfb4d3ffec5e283973e4a88f7869ab18f4463aa46e726ac8e90c8f673c8061,24,0,0.008638272061944008,25,4,0,0,1,0,24,4,0,0,1,0
phase_6_compact_2,compact,complete,3,prep,grid25,223,12bfb4d3ffec5e283973e4a88f7869ab18f4463aa46e726ac8e90c8f673c8061,24,0,0.00861208327114582,25,4,0,0,1,0,24,4,0,0,1,0
phase_6_compact_2,compact,complete,3,prep,grid25,227,12bfb4d3ffec5e283973e4a88f7869ab18f4463aa46e726ac8e90c8f673c8061,24,0,0.008514268789440393,25,4,0,0,1,0,24,4,0,0,1,0
phase_6_compact_2,compact,complete,3,prep,grid25,229,12bfb4d3ffec5e283973e4a88f7869ab18f4463aa46e726ac8e90c8f673c8061,24,0,0.008592154830694199,25,4,0,0,1,0,24,4,0,0,1,0
phase_6_compact_2,compact,complete,3,prep,grid25,233,12bfb4d3ffec5e283973e4a88f7869ab18f4463aa46e726ac8e90c8f673c8061,24,0,0.008619505912065506,25,4,0,0,1,0,24,4,0,0,1,0
phase_6_compact_2,compact,complete,3,mixer,sherbrooke,211,29e6f3aaa5d4261fc09882b21a5db5d05fd2ec1fe35be906f42933c9d8981c83,24,1,0.0660286950878799,127,2416,1479,324,659,117,24,1080,636,240,147,36
phase_6_compact_2,compact,complete,3,mixer,sherbrooke,223,29e6f3aaa5d4261fc09882b21a5db5d05fd2ec1fe35be906f42933c9d8981c83,24,1,0.06264376873150468,127,2545,1555,328,394,68,24,1080,636,240,147,36
phase_6_compact_2,compact,complete,3,mixer,sherbrooke,227,29e6f3aaa5d4261fc09882b21a5db5d05fd2ec1fe35be906f42933c9d8981c83,24,1,0.06888764398172498,127,2464,1514,314,391,67,24,1080,636,240,147,36
phase_6_compact_2,compact,complete,3,mixer,sherbrooke,229,29e6f3aaa5d4261fc09882b21a5db5d05fd2ec1fe35be906f42933c9d8981c83,24,1,0.056928375735878944,127,2508,1526,320,416,70,24,1080,636,240,147,36
phase_6_compact_2,compact,complete,3,mixer,sherbrooke,233,29e6f3aaa5d4261fc09882b21a5db5d05fd2ec1fe35be906f42933c9d8981c83,24,1,0.06581409089267254,127,2379,1465,311,369,59,24,1080,636,240,147,36
phase_6_compact_2,compact,complete,3,mixer,line25,211,29e6f3aaa5d4261fc09882b21a5db5d05fd2ec1fe35be906f42933c9d8981c83,24,1,0.041446100920438766,25,1500,860,300,185,47,24,1080,636,240,147,36
phase_6_compact_2,compact,complete,3,mixer,line25,223,29e6f3aaa5d4261fc09882b21a5db5d05fd2ec1fe35be906f42933c9d8981c83,24,1,0.04133934015408158,25,1490,855,306,188,52,24,1080,636,240,147,36
phase_6_compact_2,compact,complete,3,mixer,line25,227,29e6f3aaa5d4261fc09882b21a5db5d05fd2ec1fe35be906f42933c9d8981c83,24,1,0.041774938348680735,25,1439,827,324,205,58,24,1080,636,240,147,36
phase_6_compact_2,compact,complete,3,mixer,line25,229,29e6f3aaa5d4261fc09882b21a5db5d05fd2ec1fe35be906f42933c9d8981c83,24,1,0.04123895289376378,25,1480,850,312,188,52,24,1080,636,240,147,36
phase_6_compact_2,compact,complete,3,mixer,line25,233,29e6f3aaa5d4261fc09882b21a5db5d05fd2ec1fe35be906f42933c9d8981c83,24,1,0.04100499302148819,25,1462,839,318,198,55,24,1080,636,240,147,36
phase_6_compact_2,compact,complete,3,mixer,grid25,211,29e6f3aaa5d4261fc09882b21a5db5d05fd2ec1fe35be906f42933c9d8981c83,24,1,0.04194834502413869,25,1259,725,293,207,60,24,1080,636,240,147,36
phase_6_compact_2,compact,complete,3,mixer,grid25,223,29e6f3aaa5d4261fc09882b21a5db5d05fd2ec1fe35be906f42933c9d8981c83,24,1,0.04130987636744976,25,1273,733,297,217,63,24,1080,636,240,147,36
phase_6_compact_2,compact,complete,3,mixer,grid25,227,29e6f3aaa5d4261fc09882b21a5db5d05fd2ec1fe35be906f42933c9d8981c83,24,1,0.04107908206060529,25,1260,722,297,206,60,24,1080,636,240,147,36
phase_6_compact_2,compact,complete,3,mixer,grid25,229,29e6f3aaa5d4261fc09882b21a5db5d05fd2ec1fe35be906f42933c9d8981c83,24,1,0.04116776864975691,25,1244,715,298,229,64,24,1080,636,240,147,36
phase_6_compact_2,compact,complete,3,mixer,grid25,233,29e6f3aaa5d4261fc09882b21a5db5d05fd2ec1fe35be906f42933c9d8981c83,24,1,0.04146635998040438,25,1274,733,301,212,63,24,1080,636,240,147,36
phase_6_compact_2,compact,complete,3,phase,sherbrooke,211,d9cc4c29a7a8a72953dd784df0f55348bf89dded0b16c5475414a8f960fd48bf,24,1,0.40925726108253,127,4975,3027,778,962,211,24,210,210,372,91,60
phase_6_compact_2,compact,complete,3,phase,sherbrooke,223,d9cc4c29a7a8a72953dd784df0f55348bf89dded0b16c5475414a8f960fd48bf,24,1,0.35208315402269363,127,5086,3097,847,1208,282,24,210,210,372,91,60
phase_6_compact_2,compact,complete,3,phase,sherbrooke,227,d9cc4c29a7a8a72953dd784df0f55348bf89dded0b16c5475414a8f960fd48bf,24,1,0.43112872168421745,127,5087,3094,808,1050,244,24,210,210,372,91,60
phase_6_compact_2,compact,complete,3,phase,sherbrooke,229,d9cc4c29a7a8a72953dd784df0f55348bf89dded0b16c5475414a8f960fd48bf,24,1,0.44597257766872644,127,5330,3217,874,1038,230,24,210,210,372,91,60
phase_6_compact_2,compact,complete,3,phase,sherbrooke,233,d9cc4c29a7a8a72953dd784df0f55348bf89dded0b16c5475414a8f960fd48bf,24,1,0.4569754800759256,127,5099,3054,870,1179,283,24,210,210,372,91,60
phase_6_compact_2,compact,complete,3,phase,line25,211,d9cc4c29a7a8a72953dd784df0f55348bf89dded0b16c5475414a8f960fd48bf,24,1,0.11005175532773137,25,1970,1170,830,403,212,24,210,210,372,91,60
phase_6_compact_2,compact,complete,3,phase,line25,223,d9cc4c29a7a8a72953dd784df0f55348bf89dded0b16c5475414a8f960fd48bf,24,1,0.11303954618051648,25,1981,1176,822,404,212,24,210,210,372,91,60
phase_6_compact_2,compact,complete,3,phase,line25,227,d9cc4c29a7a8a72953dd784df0f55348bf89dded0b16c5475414a8f960fd48bf,24,1,0.113486816175282,25,1948,1158,842,399,197,24,210,210,372,91,60
phase_6_compact_2,compact,complete,3,phase,line25,229,d9cc4c29a7a8a72953dd784df0f55348bf89dded0b16c5475414a8f960fd48bf,24,1,0.11105736391618848,25,1948,1158,818,387,213,24,210,210,372,91,60
phase_6_compact_2,compact,complete,3,phase,line25,233,d9cc4c29a7a8a72953dd784df0f55348bf89dded0b16c5475414a8f960fd48bf,24,1,0.11081289406865835,25,2014,1194,833,391,197,24,210,210,372,91,60
phase_6_compact_2,compact,complete,3,phase,grid25,211,d9cc4c29a7a8a72953dd784df0f55348bf89dded0b16c5475414a8f960fd48bf,24,1,0.10907192481681705,25,705,480,703,381,265,24,210,210,372,91,60
phase_6_compact_2,compact,complete,3,phase,grid25,223,d9cc4c29a7a8a72953dd784df0f55348bf89dded0b16c5475414a8f960fd48bf,24,1,0.10420460533350706,25,628,438,708,392,262,24,210,210,372,91,60
phase_6_compact_2,compact,complete,3,phase,grid25,227,d9cc4c29a7a8a72953dd784df0f55348bf89dded0b16c5475414a8f960fd48bf,24,1,0.10448900889605284,25,628,438,691,385,245,24,210,210,372,91,60
phase_6_compact_2,compact,complete,3,phase,grid25,229,d9cc4c29a7a8a72953dd784df0f55348bf89dded0b16c5475414a8f960fd48bf,24,1,0.10425854614004493,25,705,480,700,340,246,24,210,210,372,91,60
phase_6_compact_2,compact,complete,3,phase,grid25,233,d9cc4c29a7a8a72953dd784df0f55348bf89dded0b16c5475414a8f960fd48bf,24,1,0.10197947593405843,25,672,462,679,396,262,24,210,210,372,91,60
phase_6_compact_2,compact,ring,3,full,sherbrooke,211,093bdfd762a4723edde3e4a3e203422ce986d5c0761e98525360c4e8839526ad,24,5,2.703658184967935,127,15629,9384,2493,2725,615,24,2041,1357,1032,458,164
phase_6_compact_2,compact,ring,3,full,sherbrooke,223,093bdfd762a4723edde3e4a3e203422ce986d5c0761e98525360c4e8839526ad,24,5,2.675547586288303,127,15257,9173,2500,3369,757,24,2041,1357,1032,458,164
phase_6_compact_2,compact,ring,3,full,sherbrooke,227,093bdfd762a4723edde3e4a3e203422ce986d5c0761e98525360c4e8839526ad,24,5,2.587561387103051,127,15118,9036,2533,3442,776,24,2041,1357,1032,458,164
phase_6_compact_2,compact,ring,3,full,sherbrooke,229,093bdfd762a4723edde3e4a3e203422ce986d5c0761e98525360c4e8839526ad,24,5,2.872977818362415,127,15086,9111,2385,2982,665,24,2041,1357,1032,458,164
phase_6_compact_2,compact,ring,3,full,sherbrooke,233,093bdfd762a4723edde3e4a3e203422ce986d5c0761e98525360c4e8839526ad,24,5,2.750575609970838,127,15213,9163,2453,3300,760,24,2041,1357,1032,458,164
phase_6_compact_2,compact,ring,3,prep,sherbrooke,211,12bfb4d3ffec5e283973e4a88f7869ab18f4463aa46e726ac8e90c8f673c8061,24,0,0.011358108837157488,127,4,0,0,1,0,24,4,0,0,1,0
phase_6_compact_2,compact,ring,3,prep,sherbrooke,223,12bfb4d3ffec5e283973e4a88f7869ab18f4463aa46e726ac8e90c8f673c8061,24,0,0.010952027048915625,127,4,0,0,1,0,24,4,0,0,1,0
phase_6_compact_2,compact,ring,3,prep,sherbrooke,227,12bfb4d3ffec5e283973e4a88f7869ab18f4463aa46e726ac8e90c8f673c8061,24,0,0.01932117296382785,127,4,0,0,1,0,24,4,0,0,1,0
phase_6_compact_2,compact,ring,3,prep,sherbrooke,229,12bfb4d3ffec5e283973e4a88f7869ab18f4463aa46e726ac8e90c8f673c8061,24,0,0.011088382918387651,127,4,0,0,1,0,24,4,0,0,1,0
phase_6_compact_2,compact,ring,3,prep,sherbrooke,233,12bfb4d3ffec5e283973e4a88f7869ab18f4463aa46e726ac8e90c8f673c8061,24,0,0.011140160262584686,127,4,0,0,1,0,24,4,0,0,1,0
phase_6_compact_2,compact,ring,3,prep,line25,211,12bfb4d3ffec5e283973e4a88f7869ab18f4463aa46e726ac8e90c8f673c8061,24,0,0.008378744125366211,25,4,0,0,1,0,24,4,0,0,1,0
phase_6_compact_2,compact,ring,3,prep,line25,223,12bfb4d3ffec5e283973e4a88f7869ab18f4463aa46e726ac8e90c8f673c8061,24,0,0.00824758829548955,25,4,0,0,1,0,24,4,0,0,1,0
phase_6_compact_2,compact,ring,3,prep,line25,227,12bfb4d3ffec5e283973e4a88f7869ab18f4463aa46e726ac8e90c8f673c8061,24,0,0.008338429033756256,25,4,0,0,1,0,24,4,0,0,1,0
phase_6_compact_2,compact,ring,3,prep,line25,229,12bfb4d3ffec5e283973e4a88f7869ab18f4463aa46e726ac8e90c8f673c8061,24,0,0.008324341848492622,25,4,0,0,1,0,24,4,0,0,1,0
phase_6_compact_2,compact,ring,3,prep,line25,233,12bfb4d3ffec5e283973e4a88f7869ab18f4463aa46e726ac8e90c8f673c8061,24,0,0.008345882873982191,25,4,0,0,1,0,24,4,0,0,1,0
phase_6_compact_2,compact,ring,3,prep,grid25,211,12bfb4d3ffec5e283973e4a88f7869ab18f4463aa46e726ac8e90c8f673c8061,24,0,0.008589691016823053,25,4,0,0,1,0,24,4,0,0,1,0
phase_6_compact_2,compact,ring,3,prep,grid25,223,12bfb4d3ffec5e283973e4a88f7869ab18f4463aa46e726ac8e90c8f673c8061,24,0,0.008634304162114859,25,4,0,0,1,0,24,4,0,0,1,0
phase_6_compact_2,compact,ring,3,prep,grid25,227,12bfb4d3ffec5e283973e4a88f7869ab18f4463aa46e726ac8e90c8f673c8061,24,0,0.008626969996839762,25,4,0,0,1,0,24,4,0,0,1,0
phase_6_compact_2,compact,ring,3,prep,grid25,229,12bfb4d3ffec5e283973e4a88f7869ab18f4463aa46e726ac8e90c8f673c8061,24,0,0.008511052932590246,25,4,0,0,1,0,24,4,0,0,1,0
phase_6_compact_2,compact,ring,3,prep,grid25,233,12bfb4d3ffec5e283973e4a88f7869ab18f4463aa46e726ac8e90c8f673c8061,24,0,0.008675411809235811,25,4,0,0,1,0,24,4,0,0,1,0
phase_6_compact_2,compact,ring,3,mixer,sherbrooke,211,25b45044ced3e303101850493664090c765b1ab6cc90cb30e6aff0c414dcfb5a,24,1,0.04274757532402873,127,1126,681,146,186,34,24,540,312,96,106,24
phase_6_compact_2,compact,ring,3,mixer,sherbrooke,223,25b45044ced3e303101850493664090c765b1ab6cc90cb30e6aff0c414dcfb5a,24,1,0.033161845058202744,127,1180,717,151,209,42,24,540,312,96,106,24
phase_6_compact_2,compact,ring,3,mixer,sherbrooke,227,25b45044ced3e303101850493664090c765b1ab6cc90cb30e6aff0c414dcfb5a,24,1,0.03328475495800376,127,1110,678,151,250,46,24,540,312,96,106,24
phase_6_compact_2,compact,ring,3,mixer,sherbrooke,229,25b45044ced3e303101850493664090c765b1ab6cc90cb30e6aff0c414dcfb5a,24,1,0.029524073004722595,127,1104,676,143,186,36,24,540,312,96,106,24
phase_6_compact_2,compact,ring,3,mixer,sherbrooke,233,25b45044ced3e303101850493664090c765b1ab6cc90cb30e6aff0c414dcfb5a,24,1,0.038444855250418186,127,1076,652,151,199,39,24,540,312,96,106,24
phase_6_compact_2,compact,ring,3,mixer,line25,211,25b45044ced3e303101850493664090c765b1ab6cc90cb30e6aff0c414dcfb5a,24,1,0.023658107966184616,25,578,334,149,120,34,24,540,312,96,106,24
phase_6_compact_2,compact,ring,3,mixer,line25,223,25b45044ced3e303101850493664090c765b1ab6cc90cb30e6aff0c414dcfb5a,24,1,0.023092154879122972,25,596,348,144,121,34,24,540,312,96,106,24
phase_6_compact_2,compact,ring,3,mixer,line25,227,25b45044ced3e303101850493664090c765b1ab6cc90cb30e6aff0c414dcfb5a,24,1,0.02292377920821309,25,599,349,147,122,34,24,540,312,96,106,24
phase_6_compact_2,compact,ring,3,mixer,line25,229,25b45044ced3e303101850493664090c765b1ab6cc90cb30e6aff0c414dcfb5a,24,1,0.023768334183841944,25,604,352,149,122,32,24,540,312,96,106,24
phase_6_compact_2,compact,ring,3,mixer,line25,233,25b45044ced3e303101850493664090c765b1ab6cc90cb30e6aff0c414dcfb5a,24,1,0.02319912612438202,25,600,351,146,121,32,24,540,312,96,106,24
phase_6_compact_2,compact,ring,3,mixer,grid25,211,25b45044ced3e303101850493664090c765b1ab6cc90cb30e6aff0c414dcfb5a,24,1,0.019879942759871483,25,551,318,102,113,27,24,540,312,96,106,24
phase_6_compact_2,compact,ring,3,mixer,grid25,223,25b45044ced3e303101850493664090c765b1ab6cc90cb30e6aff0c414dcfb5a,24,1,0.018976044841110706,25,540,312,96,106,24,24,540,312,96,106,24
phase_6_compact_2,compact,ring,3,mixer,grid25,227,25b45044ced3e303101850493664090c765b1ab6cc90cb30e6aff0c414dcfb5a,24,1,0.01903103804215789,25,540,312,102,110,27,24,540,312,96,106,24
phase_6_compact_2,compact,ring,3,mixer,grid25,229,25b45044ced3e303101850493664090c765b1ab6cc90cb30e6aff0c414dcfb5a,24,1,0.01878029713407159,25,568,328,106,127,31,24,540,312,96,106,24
phase_6_compact_2,compact,ring,3,mixer,grid25,233,25b45044ced3e303101850493664090c765b1ab6cc90cb30e6aff0c414dcfb5a,24,1,0.019606078043580055,25,548,316,100,114,28,24,540,312,96,106,24
phase_6_compact_2,compact,ring,3,phase,sherbrooke,211,d9cc4c29a7a8a72953dd784df0f55348bf89dded0b16c5475414a8f960fd48bf,24,1,0.4097816152498126,127,4975,3027,778,962,211,24,210,210,372,91,60
phase_6_compact_2,compact,ring,3,phase,sherbrooke,223,d9cc4c29a7a8a72953dd784df0f55348bf89dded0b16c5475414a8f960fd48bf,24,1,0.3531100219115615,127,5086,3097,847,1208,282,24,210,210,372,91,60
phase_6_compact_2,compact,ring,3,phase,sherbrooke,227,d9cc4c29a7a8a72953dd784df0f55348bf89dded0b16c5475414a8f960fd48bf,24,1,0.42922566924244165,127,5087,3094,808,1050,244,24,210,210,372,91,60
phase_6_compact_2,compact,ring,3,phase,sherbrooke,229,d9cc4c29a7a8a72953dd784df0f55348bf89dded0b16c5475414a8f960fd48bf,24,1,0.4504806329496205,127,5330,3217,874,1038,230,24,210,210,372,91,60
phase_6_compact_2,compact,ring,3,phase,sherbrooke,233,d9cc4c29a7a8a72953dd784df0f55348bf89dded0b16c5475414a8f960fd48bf,24,1,0.4580275760963559,127,5099,3054,870,1179,283,24,210,210,372,91,60
phase_6_compact_2,compact,ring,3,phase,line25,211,d9cc4c29a7a8a72953dd784df0f55348bf89dded0b16c5475414a8f960fd48bf,24,1,0.11107876384630799,25,1970,1170,830,403,212,24,210,210,372,91,60
phase_6_compact_2,compact,ring,3,phase,line25,223,d9cc4c29a7a8a72953dd784df0f55348bf89dded0b16c5475414a8f960fd48bf,24,1,0.12060455186292529,25,1981,1176,822,404,212,24,210,210,372,91,60
phase_6_compact_2,compact,ring,3,phase,line25,227,d9cc4c29a7a8a72953dd784df0f55348bf89dded0b16c5475414a8f960fd48bf,24,1,0.11413573380559683,25,1948,1158,842,399,197,24,210,210,372,91,60
phase_6_compact_2,compact,ring,3,phase,line25,229,d9cc4c29a7a8a72953dd784df0f55348bf89dded0b16c5475414a8f960fd48bf,24,1,0.11215241998434067,25,1948,1158,818,387,213,24,210,210,372,91,60
phase_6_compact_2,compact,ring,3,phase,line25,233,d9cc4c29a7a8a72953dd784df0f55348bf89dded0b16c5475414a8f960fd48bf,24,1,0.11218094266951084,25,2014,1194,833,391,197,24,210,210,372,91,60
phase_6_compact_2,compact,ring,3,phase,grid25,211,d9cc4c29a7a8a72953dd784df0f55348bf89dded0b16c5475414a8f960fd48bf,24,1,0.1046960479579866,25,705,480,703,381,265,24,210,210,372,91,60
phase_6_compact_2,compact,ring,3,phase,grid25,223,d9cc4c29a7a8a72953dd784df0f55348bf89dded0b16c5475414a8f960fd48bf,24,1,0.10419898433610797,25,628,438,708,392,262,24,210,210,372,91,60
phase_6_compact_2,compact,ring,3,phase,grid25,227,d9cc4c29a7a8a72953dd784df0f55348bf89dded0b16c5475414a8f960fd48bf,24,1,0.10437047574669123,25,628,438,691,385,245,24,210,210,372,91,60
phase_6_compact_2,compact,ring,3,phase,grid25,229,d9cc4c29a7a8a72953dd784df0f55348bf89dded0b16c5475414a8f960fd48bf,24,1,0.10431859828531742,25,705,480,700,340,246,24,210,210,372,91,60
phase_6_compact_2,compact,ring,3,phase,grid25,233,d9cc4c29a7a8a72953dd784df0f55348bf89dded0b16c5475414a8f960fd48bf,24,1,0.10202529281377792,25,672,462,679,396,262,24,210,210,372,91,60
phase_6_line_0,line,serial,3,full,sherbrooke,211,e96f5cf4fd915840d9c7674239a4fe6491c17debfa0f090b890762861b3f8242,19,5,3.584912925027311,127,17614,10309,3149,8496,2040,19,1431,1129,1049,1320,780
phase_6_line_0,line,serial,3,full,sherbrooke,223,e96f5cf4fd915840d9c7674239a4fe6491c17debfa0f090b890762861b3f8242,19,5,3.038469342980534,127,17559,10373,3023,8822,2054,19,1431,1129,1049,1320,780
phase_6_line_0,line,serial,3,full,sherbrooke,227,e96f5cf4fd915840d9c7674239a4fe6491c17debfa0f090b890762861b3f8242,19,5,3.5935587100684643,127,17338,10098,3106,8350,1982,19,1431,1129,1049,1320,780
phase_6_line_0,line,serial,3,full,sherbrooke,229,e96f5cf4fd915840d9c7674239a4fe6491c17debfa0f090b890762861b3f8242,19,5,3.3630404518917203,127,18180,10708,3182,8500,1979,19,1431,1129,1049,1320,780
phase_6_line_0,line,serial,3,full,sherbrooke,233,e96f5cf4fd915840d9c7674239a4fe6491c17debfa0f090b890762861b3f8242,19,5,3.7868570536375046,127,17995,10562,3162,8989,2121,19,1431,1129,1049,1320,780
phase_6_line_0,line,serial,3,prep,sherbrooke,211,0abcbf7c27981e437b863c4c778786f1820aa62d796301176f84954f4aea0c15,19,0,0.010699743404984474,127,7,0,0,1,0,19,7,0,0,1,0
phase_6_line_0,line,serial,3,prep,sherbrooke,223,0abcbf7c27981e437b863c4c778786f1820aa62d796301176f84954f4aea0c15,19,0,0.010480391327291727,127,7,0,0,1,0,19,7,0,0,1,0
phase_6_line_0,line,serial,3,prep,sherbrooke,227,0abcbf7c27981e437b863c4c778786f1820aa62d796301176f84954f4aea0c15,19,0,0.010327183175832033,127,7,0,0,1,0,19,7,0,0,1,0
phase_6_line_0,line,serial,3,prep,sherbrooke,229,0abcbf7c27981e437b863c4c778786f1820aa62d796301176f84954f4aea0c15,19,0,0.013975304085761309,127,7,0,0,1,0,19,7,0,0,1,0
phase_6_line_0,line,serial,3,prep,sherbrooke,233,0abcbf7c27981e437b863c4c778786f1820aa62d796301176f84954f4aea0c15,19,0,0.010308638215065002,127,7,0,0,1,0,19,7,0,0,1,0
phase_6_line_0,line,serial,3,prep,line25,211,0abcbf7c27981e437b863c4c778786f1820aa62d796301176f84954f4aea0c15,19,0,0.009009689092636108,25,7,0,0,1,0,19,7,0,0,1,0
phase_6_line_0,line,serial,3,prep,line25,223,0abcbf7c27981e437b863c4c778786f1820aa62d796301176f84954f4aea0c15,19,0,0.008144233841449022,25,7,0,0,1,0,19,7,0,0,1,0
phase_6_line_0,line,serial,3,prep,line25,227,0abcbf7c27981e437b863c4c778786f1820aa62d796301176f84954f4aea0c15,19,0,0.008214166387915611,25,7,0,0,1,0,19,7,0,0,1,0
phase_6_line_0,line,serial,3,prep,line25,229,0abcbf7c27981e437b863c4c778786f1820aa62d796301176f84954f4aea0c15,19,0,0.00820260401815176,25,7,0,0,1,0,19,7,0,0,1,0
phase_6_line_0,line,serial,3,prep,line25,233,0abcbf7c27981e437b863c4c778786f1820aa62d796301176f84954f4aea0c15,19,0,0.008217260707169771,25,7,0,0,1,0,19,7,0,0,1,0
phase_6_line_0,line,serial,3,prep,grid25,211,0abcbf7c27981e437b863c4c778786f1820aa62d796301176f84954f4aea0c15,19,0,0.008455418050289154,25,7,0,0,1,0,19,7,0,0,1,0
phase_6_line_0,line,serial,3,prep,grid25,223,0abcbf7c27981e437b863c4c778786f1820aa62d796301176f84954f4aea0c15,19,0,0.008413639850914478,25,7,0,0,1,0,19,7,0,0,1,0
phase_6_line_0,line,serial,3,prep,grid25,227,0abcbf7c27981e437b863c4c778786f1820aa62d796301176f84954f4aea0c15,19,0,0.008396628312766552,25,7,0,0,1,0,19,7,0,0,1,0
phase_6_line_0,line,serial,3,prep,grid25,229,0abcbf7c27981e437b863c4c778786f1820aa62d796301176f84954f4aea0c15,19,0,0.008356982842087746,25,7,0,0,1,0,19,7,0,0,1,0
phase_6_line_0,line,serial,3,prep,grid25,233,0abcbf7c27981e437b863c4c778786f1820aa62d796301176f84954f4aea0c15,19,0,0.008495492860674858,25,7,0,0,1,0,19,7,0,0,1,0
phase_6_line_0,line,serial,3,mixer,sherbrooke,211,db312e3c1038947720c38f1cb6c11a55240ab4ce206ba5284e62f0469694635b,19,1,0.07545132888481021,127,2870,1686,479,1626,378,19,384,282,195,276,152
phase_6_line_0,line,serial,3,mixer,sherbrooke,223,db312e3c1038947720c38f1cb6c11a55240ab4ce206ba5284e62f0469694635b,19,1,0.0729202670045197,127,2659,1558,442,1465,332,19,384,282,195,276,152
phase_6_line_0,line,serial,3,mixer,sherbrooke,227,db312e3c1038947720c38f1cb6c11a55240ab4ce206ba5284e62f0469694635b,19,1,0.06608642311766744,127,2763,1620,453,1509,343,19,384,282,195,276,152
phase_6_line_0,line,serial,3,mixer,sherbrooke,229,db312e3c1038947720c38f1cb6c11a55240ab4ce206ba5284e62f0469694635b,19,1,0.06298607075586915,127,2580,1505,439,1475,348,19,384,282,195,276,152
phase_6_line_0,line,serial,3,mixer,sherbrooke,233,db312e3c1038947720c38f1cb6c11a55240ab4ce206ba5284e62f0469694635b,19,1,0.08976538898423314,127,2841,1666,484,1458,345,19,384,282,195,276,152
phase_6_line_0,line,serial,3,mixer,line25,211,db312e3c1038947720c38f1cb6c11a55240ab4ce206ba5284e62f0469694635b,19,1,0.04627028992399573,25,725,463,523,654,402,19,384,282,195,276,152
phase_6_line_0,line,serial,3,mixer,line25,223,db312e3c1038947720c38f1cb6c11a55240ab4ce206ba5284e62f0469694635b,19,1,0.045433590188622475,25,762,482,494,625,365,19,384,282,195,276,152
phase_6_line_0,line,serial,3,mixer,line25,227,db312e3c1038947720c38f1cb6c11a55240ab4ce206ba5284e62f0469694635b,19,1,0.04691564291715622,25,695,449,573,678,446,19,384,282,195,276,152
phase_6_line_0,line,serial,3,mixer,line25,229,db312e3c1038947720c38f1cb6c11a55240ab4ce206ba5284e62f0469694635b,19,1,0.04581762012094259,25,680,441,511,625,389,19,384,282,195,276,152
phase_6_line_0,line,serial,3,mixer,line25,233,db312e3c1038947720c38f1cb6c11a55240ab4ce206ba5284e62f0469694635b,19,1,0.04550671670585871,25,746,474,495,622,367,19,384,282,195,276,152
phase_6_line_0,line,serial,3,mixer,grid25,211,db312e3c1038947720c38f1cb6c11a55240ab4ce206ba5284e62f0469694635b,19,1,0.043573055882006884,25,492,337,374,460,289,19,384,282,195,276,152
phase_6_line_0,line,serial,3,mixer,grid25,223,db312e3c1038947720c38f1cb6c11a55240ab4ce206ba5284e62f0469694635b,19,1,0.04373157303780317,25,508,347,371,472,294,19,384,282,195,276,152
phase_6_line_0,line,serial,3,mixer,grid25,227,db312e3c1038947720c38f1cb6c11a55240ab4ce206ba5284e62f0469694635b,19,1,0.03991860244423151,25,526,355,351,482,280,19,384,282,195,276,152
phase_6_line_0,line,serial,3,mixer,grid25,229,db312e3c1038947720c38f1cb6c11a55240ab4ce206ba5284e62f0469694635b,19,1,0.04359523672610521,25,567,374,359,464,268,19,384,282,195,276,152
phase_6_line_0,line,serial,3,mixer,grid25,233,db312e3c1038947720c38f1cb6c11a55240ab4ce206ba5284e62f0469694635b,19,1,0.04085265705361962,25,471,332,399,458,276,19,384,282,195,276,152
phase_6_line_0,line,serial,3,phase,sherbrooke,211,5adda9c6dc8ec3270ecd2e21999bbaa78de7150cfd70cc63c0f69e13097468dc,19,1,0.20934289321303368,127,3768,2255,645,2074,457,19,142,142,232,329,210
phase_6_line_0,line,serial,3,phase,sherbrooke,223,5adda9c6dc8ec3270ecd2e21999bbaa78de7150cfd70cc63c0f69e13097468dc,19,1,0.17459147376939654,127,3464,2059,605,2065,472,19,142,142,232,329,210
phase_6_line_0,line,serial,3,phase,sherbrooke,227,5adda9c6dc8ec3270ecd2e21999bbaa78de7150cfd70cc63c0f69e13097468dc,19,1,0.18206702172756195,127,3188,1874,617,1797,454,19,142,142,232,329,210
phase_6_line_0,line,serial,3,phase,sherbrooke,229,5adda9c6dc8ec3270ecd2e21999bbaa78de7150cfd70cc63c0f69e13097468dc,19,1,0.1846872423775494,127,3182,1860,586,1893,449,19,142,142,232,329,210
phase_6_line_0,line,serial,3,phase,sherbrooke,233,5adda9c6dc8ec3270ecd2e21999bbaa78de7150cfd70cc63c0f69e13097468dc,19,1,0.14734565885737538,127,3229,1914,576,1894,439,19,142,142,232,329,210
phase_6_line_0,line,serial,3,phase,line25,211,5adda9c6dc8ec3270ecd2e21999bbaa78de7150cfd70cc63c0f69e13097468dc,19,1,0.04747421108186245,25,512,343,758,792,537,19,142,142,232,329,210
phase_6_line_0,line,serial,3,phase,line25,223,5adda9c6dc8ec3270ecd2e21999bbaa78de7150cfd70cc63c0f69e13097468dc,19,1,0.04740475118160248,25,482,327,764,820,576,19,142,142,232,329,210
phase_6_line_0,line,serial,3,phase,line25,227,5adda9c6dc8ec3270ecd2e21999bbaa78de7150cfd70cc63c0f69e13097468dc,19,1,0.04884442500770092,25,574,375,749,813,538,19,142,142,232,329,210
phase_6_line_0,line,serial,3,phase,line25,229,5adda9c6dc8ec3270ecd2e21999bbaa78de7150cfd70cc63c0f69e13097468dc,19,1,0.04758913675323129,25,543,359,760,808,541,19,142,142,232,329,210
phase_6_line_0,line,serial,3,phase,line25,233,5adda9c6dc8ec3270ecd2e21999bbaa78de7150cfd70cc63c0f69e13097468dc,19,1,0.047626086976379156,25,500,336,752,814,555,19,142,142,232,329,210
phase_6_line_0,line,serial,3,phase,grid25,211,5adda9c6dc8ec3270ecd2e21999bbaa78de7150cfd70cc63c0f69e13097468dc,19,1,0.03935370221734047,25,241,196,422,487,331,19,142,142,232,329,210
phase_6_line_0,line,serial,3,phase,grid25,223,5adda9c6dc8ec3270ecd2e21999bbaa78de7150cfd70cc63c0f69e13097468dc,19,1,0.03924844507128,25,306,231,420,504,320,19,142,142,232,329,210
phase_6_line_0,line,serial,3,phase,grid25,227,5adda9c6dc8ec3270ecd2e21999bbaa78de7150cfd70cc63c0f69e13097468dc,19,1,0.03897581296041608,25,252,202,401,487,314,19,142,142,232,329,210
phase_6_line_0,line,serial,3,phase,grid25,229,5adda9c6dc8ec3270ecd2e21999bbaa78de7150cfd70cc63c0f69e13097468dc,19,1,0.03914749529212713,25,284,219,421,515,332,19,142,142,232,329,210
phase_6_line_0,line,serial,3,phase,grid25,233,5adda9c6dc8ec3270ecd2e21999bbaa78de7150cfd70cc63c0f69e13097468dc,19,1,0.03894541505724192,25,241,196,431,498,335,19,142,142,232,329,210
phase_6_line_0,line,parallel,3,full,sherbrooke,211,57d8313fe462f9cf2928c928491d748b8bcfbe55686afb3f14ea36f5304aba84,21,5,3.2547070938162506,127,17082,10065,2940,6730,1578,21,1436,1132,1049,1010,603
phase_6_line_0,line,parallel,3,full,sherbrooke,223,57d8313fe462f9cf2928c928491d748b8bcfbe55686afb3f14ea36f5304aba84,21,5,3.2804357688874006,127,16468,9636,2915,6431,1522,21,1436,1132,1049,1010,603
phase_6_line_0,line,parallel,3,full,sherbrooke,227,57d8313fe462f9cf2928c928491d748b8bcfbe55686afb3f14ea36f5304aba84,21,5,3.4451471199281514,127,17271,10167,3008,6720,1554,21,1436,1132,1049,1010,603
phase_6_line_0,line,parallel,3,full,sherbrooke,229,57d8313fe462f9cf2928c928491d748b8bcfbe55686afb3f14ea36f5304aba84,21,5,3.523683412000537,127,17965,10635,3032,6958,1564,21,1436,1132,1049,1010,603
phase_6_line_0,line,parallel,3,full,sherbrooke,233,57d8313fe462f9cf2928c928491d748b8bcfbe55686afb3f14ea36f5304aba84,21,5,3.4232653183862567,127,17194,10092,3031,7100,1662,21,1436,1132,1049,1010,603
phase_6_line_0,line,parallel,3,prep,sherbrooke,211,1f58d6eac272884dde87eabf7a0d35224737670c0e69afddbc91cfdc1b25b73c,21,0,0.010798127856105566,127,7,0,0,1,0,21,7,0,0,1,0
phase_6_line_0,line,parallel,3,prep,sherbrooke,223,1f58d6eac272884dde87eabf7a0d35224737670c0e69afddbc91cfdc1b25b73c,21,0,0.010651973076164722,127,7,0,0,1,0,21,7,0,0,1,0
phase_6_line_0,line,parallel,3,prep,sherbrooke,227,1f58d6eac272884dde87eabf7a0d35224737670c0e69afddbc91cfdc1b25b73c,21,0,0.014462418854236603,127,7,0,0,1,0,21,7,0,0,1,0
phase_6_line_0,line,parallel,3,prep,sherbrooke,229,1f58d6eac272884dde87eabf7a0d35224737670c0e69afddbc91cfdc1b25b73c,21,0,0.010296426247805357,127,7,0,0,1,0,21,7,0,0,1,0
phase_6_line_0,line,parallel,3,prep,sherbrooke,233,1f58d6eac272884dde87eabf7a0d35224737670c0e69afddbc91cfdc1b25b73c,21,0,0.010541775729507208,127,7,0,0,1,0,21,7,0,0,1,0
phase_6_line_0,line,parallel,3,prep,line25,211,1f58d6eac272884dde87eabf7a0d35224737670c0e69afddbc91cfdc1b25b73c,21,0,0.008279507979750633,25,7,0,0,1,0,21,7,0,0,1,0
phase_6_line_0,line,parallel,3,prep,line25,223,1f58d6eac272884dde87eabf7a0d35224737670c0e69afddbc91cfdc1b25b73c,21,0,0.008202574215829372,25,7,0,0,1,0,21,7,0,0,1,0
phase_6_line_0,line,parallel,3,prep,line25,227,1f58d6eac272884dde87eabf7a0d35224737670c0e69afddbc91cfdc1b25b73c,21,0,0.008166525978595018,25,7,0,0,1,0,21,7,0,0,1,0
phase_6_line_0,line,parallel,3,prep,line25,229,1f58d6eac272884dde87eabf7a0d35224737670c0e69afddbc91cfdc1b25b73c,21,0,0.008151357993483543,25,7,0,0,1,0,21,7,0,0,1,0
phase_6_line_0,line,parallel,3,prep,line25,233,1f58d6eac272884dde87eabf7a0d35224737670c0e69afddbc91cfdc1b25b73c,21,0,0.008147429674863815,25,7,0,0,1,0,21,7,0,0,1,0
phase_6_line_0,line,parallel,3,prep,grid25,211,1f58d6eac272884dde87eabf7a0d35224737670c0e69afddbc91cfdc1b25b73c,21,0,0.00840272894129157,25,7,0,0,1,0,21,7,0,0,1,0
phase_6_line_0,line,parallel,3,prep,grid25,223,1f58d6eac272884dde87eabf7a0d35224737670c0e69afddbc91cfdc1b25b73c,21,0,0.008433517999947071,25,7,0,0,1,0,21,7,0,0,1,0
phase_6_line_0,line,parallel,3,prep,grid25,227,1f58d6eac272884dde87eabf7a0d35224737670c0e69afddbc91cfdc1b25b73c,21,0,0.008365570101886988,25,7,0,0,1,0,21,7,0,0,1,0
phase_6_line_0,line,parallel,3,prep,grid25,229,1f58d6eac272884dde87eabf7a0d35224737670c0e69afddbc91cfdc1b25b73c,21,0,0.00836673192679882,25,7,0,0,1,0,21,7,0,0,1,0
phase_6_line_0,line,parallel,3,prep,grid25,233,1f58d6eac272884dde87eabf7a0d35224737670c0e69afddbc91cfdc1b25b73c,21,0,0.008431915193796158,25,7,0,0,1,0,21,7,0,0,1,0
phase_6_line_0,line,parallel,3,mixer,sherbrooke,211,922059cbf31217b855e5c3eb0fe48d9581d782b6d38be371d553fa22b2d82c00,21,1,0.06911635305732489,127,2605,1526,446,822,197,21,389,285,195,170,92
phase_6_line_0,line,parallel,3,mixer,sherbrooke,223,922059cbf31217b855e5c3eb0fe48d9581d782b6d38be371d553fa22b2d82c00,21,1,0.0837809108197689,127,2708,1589,430,851,189,21,389,285,195,170,92
phase_6_line_0,line,parallel,3,mixer,sherbrooke,227,922059cbf31217b855e5c3eb0fe48d9581d782b6d38be371d553fa22b2d82c00,21,1,0.08336758520454168,127,2574,1511,435,842,194,21,389,285,195,170,92
phase_6_line_0,line,parallel,3,mixer,sherbrooke,229,922059cbf31217b855e5c3eb0fe48d9581d782b6d38be371d553fa22b2d82c00,21,1,0.06825013738125563,127,2735,1599,452,960,221,21,389,285,195,170,92
phase_6_line_0,line,parallel,3,mixer,sherbrooke,233,922059cbf31217b855e5c3eb0fe48d9581d782b6d38be371d553fa22b2d82c00,21,1,0.06893456168472767,127,2671,1578,431,921,198,21,389,285,195,170,92
phase_6_line_0,line,parallel,3,mixer,line25,211,922059cbf31217b855e5c3eb0fe48d9581d782b6d38be371d553fa22b2d82c00,21,1,0.05180604616180062,25,651,426,483,354,207,21,389,285,195,170,92
phase_6_line_0,line,parallel,3,mixer,line25,223,922059cbf31217b855e5c3eb0fe48d9581d782b6d38be371d553fa22b2d82c00,21,1,0.05197793897241354,25,642,422,492,353,225,21,389,285,195,170,92
phase_6_line_0,line,parallel,3,mixer,line25,227,922059cbf31217b855e5c3eb0fe48d9581d782b6d38be371d553fa22b2d82c00,21,1,0.05080962413921952,25,616,407,508,367,225,21,389,285,195,170,92
phase_6_line_0,line,parallel,3,mixer,line25,229,922059cbf31217b855e5c3eb0fe48d9581d782b6d38be371d553fa22b2d82c00,21,1,0.05064760101959109,25,616,408,515,372,249,21,389,285,195,170,92
phase_6_line_0,line,parallel,3,mixer,line25,233,922059cbf31217b855e5c3eb0fe48d9581d782b6d38be371d553fa22b2d82c00,21,1,0.04631310002878308,25,643,422,484,350,213,21,389,285,195,170,92
phase_6_line_0,line,parallel,3,mixer,grid25,211,922059cbf31217b855e5c3eb0fe48d9581d782b6d38be371d553fa22b2d82c00,21,1,0.04854908026754856,25,557,377,348,331,183,21,389,285,195,170,92
phase_6_line_0,line,parallel,3,mixer,grid25,223,922059cbf31217b855e5c3eb0fe48d9581d782b6d38be371d553fa22b2d82c00,21,1,0.050672927871346474,25,514,357,358,343,196,21,389,285,195,170,92
phase_6_line_0,line,parallel,3,mixer,grid25,227,922059cbf31217b855e5c3eb0fe48d9581d782b6d38be371d553fa22b2d82c00,21,1,0.050394696183502674,25,536,362,340,333,183,21,389,285,195,170,92
phase_6_line_0,line,parallel,3,mixer,grid25,229,922059cbf31217b855e5c3eb0fe48d9581d782b6d38be371d553fa22b2d82c00,21,1,0.047618212178349495,25,499,345,356,289,166,21,389,285,195,170,92
phase_6_line_0,line,parallel,3,mixer,grid25,233,922059cbf31217b855e5c3eb0fe48d9581d782b6d38be371d553fa22b2d82c00,21,1,0.05154335265979171,25,473,333,369,297,180,21,389,285,195,170,92
phase_6_line_0,line,parallel,3,phase,sherbrooke,211,2b901c38c8e3561bf031caa91e4ca13442631a61a206a1168ad4ab7ac56698a5,21,1,0.2122413758188486,127,3768,2255,645,2074,457,21,142,142,232,329,210
phase_6_line_0,line,parallel,3,phase,sherbrooke,223,2b901c38c8e3561bf031caa91e4ca13442631a61a206a1168ad4ab7ac56698a5,21,1,0.17974767601117492,127,3464,2059,605,2065,472,21,142,142,232,329,210
phase_6_line_0,line,parallel,3,phase,sherbrooke,227,2b901c38c8e3561bf031caa91e4ca13442631a61a206a1168ad4ab7ac56698a5,21,1,0.1854597730562091,127,3188,1874,617,1797,454,21,142,142,232,329,210
phase_6_line_0,line,parallel,3,phase,sherbrooke,229,2b901c38c8e3561bf031caa91e4ca13442631a61a206a1168ad4ab7ac56698a5,21,1,0.1881391848437488,127,3182,1860,586,1893,449,21,142,142,232,329,210
phase_6_line_0,line,parallel,3,phase,sherbrooke,233,2b901c38c8e3561bf031caa91e4ca13442631a61a206a1168ad4ab7ac56698a5,21,1,0.14832460694015026,127,3229,1914,576,1894,439,21,142,142,232,329,210
phase_6_line_0,line,parallel,3,phase,line25,211,2b901c38c8e3561bf031caa91e4ca13442631a61a206a1168ad4ab7ac56698a5,21,1,0.04774354724213481,25,512,343,758,792,537,21,142,142,232,329,210
phase_6_line_0,line,parallel,3,phase,line25,223,2b901c38c8e3561bf031caa91e4ca13442631a61a206a1168ad4ab7ac56698a5,21,1,0.047536909114569426,25,482,327,764,820,576,21,142,142,232,329,210
phase_6_line_0,line,parallel,3,phase,line25,227,2b901c38c8e3561bf031caa91e4ca13442631a61a206a1168ad4ab7ac56698a5,21,1,0.04755369108170271,25,574,375,749,813,538,21,142,142,232,329,210
phase_6_line_0,line,parallel,3,phase,line25,229,2b901c38c8e3561bf031caa91e4ca13442631a61a206a1168ad4ab7ac56698a5,21,1,0.04767388617619872,25,543,359,760,808,541,21,142,142,232,329,210
phase_6_line_0,line,parallel,3,phase,line25,233,2b901c38c8e3561bf031caa91e4ca13442631a61a206a1168ad4ab7ac56698a5,21,1,0.04806700488552451,25,500,336,752,814,555,21,142,142,232,329,210
phase_6_line_0,line,parallel,3,phase,grid25,211,2b901c38c8e3561bf031caa91e4ca13442631a61a206a1168ad4ab7ac56698a5,21,1,0.039289281237870455,25,241,196,422,487,331,21,142,142,232,329,210
phase_6_line_0,line,parallel,3,phase,grid25,223,2b901c38c8e3561bf031caa91e4ca13442631a61a206a1168ad4ab7ac56698a5,21,1,0.039190414827317,25,306,231,420,504,320,21,142,142,232,329,210
phase_6_line_0,line,parallel,3,phase,grid25,227,2b901c38c8e3561bf031caa91e4ca13442631a61a206a1168ad4ab7ac56698a5,21,1,0.038697078824043274,25,252,202,401,487,314,21,142,142,232,329,210
phase_6_line_0,line,parallel,3,phase,grid25,229,2b901c38c8e3561bf031caa91e4ca13442631a61a206a1168ad4ab7ac56698a5,21,1,0.03910402301698923,25,284,219,421,515,332,21,142,142,232,329,210
phase_6_line_0,line,parallel,3,phase,grid25,233,2b901c38c8e3561bf031caa91e4ca13442631a61a206a1168ad4ab7ac56698a5,21,1,0.03891265299171209,25,241,196,431,498,335,21,142,142,232,329,210
phase_6_line_0,line,complete,3,full,sherbrooke,211,277ed04b0debef31157b5861cf92351d77887e0f5479ab736c31dd91e3cc75ad,24,5,3.938400184735656,127,19955,12033,3100,3934,852,24,3661,2329,1464,587,204
phase_6_line_0,line,complete,3,full,sherbrooke,223,277ed04b0debef31157b5861cf92351d77887e0f5479ab736c31dd91e3cc75ad,24,5,4.028200029861182,127,19943,12010,3104,3973,818,24,3661,2329,1464,587,204
phase_6_line_0,line,complete,3,full,sherbrooke,227,277ed04b0debef31157b5861cf92351d77887e0f5479ab736c31dd91e3cc75ad,24,5,3.6024461798369884,127,19089,11587,2991,3908,860,24,3661,2329,1464,587,204
phase_6_line_0,line,complete,3,full,sherbrooke,229,277ed04b0debef31157b5861cf92351d77887e0f5479ab736c31dd91e3cc75ad,24,5,3.7321582650765777,127,19345,11707,2946,3442,697,24,3661,2329,1464,587,204
phase_6_line_0,line,complete,3,full,sherbrooke,233,277ed04b0debef31157b5861cf92351d77887e0f5479ab736c31dd91e3cc75ad,24,5,4.154758823104203,127,19373,11671,3020,3206,697,24,3661,2329,1464,587,204
phase_6_line_0,line,complete,3,prep,sherbrooke,211,12bfb4d3ffec5e283973e4a88f7869ab18f4463aa46e726ac8e90c8f673c8061,24,0,0.010732475202530622,127,4,0,0,1,0,24,4,0,0,1,0
phase_6_line_0,line,complete,3,prep,sherbrooke,223,12bfb4d3ffec5e283973e4a88f7869ab18f4463aa46e726ac8e90c8f673c8061,24,0,0.010622106958180666,127,4,0,0,1,0,24,4,0,0,1,0
phase_6_line_0,line,complete,3,prep,sherbrooke,227,12bfb4d3ffec5e283973e4a88f7869ab18f4463aa46e726ac8e90c8f673c8061,24,0,0.014883148018270731,127,4,0,0,1,0,24,4,0,0,1,0
phase_6_line_0,line,complete,3,prep,sherbrooke,229,12bfb4d3ffec5e283973e4a88f7869ab18f4463aa46e726ac8e90c8f673c8061,24,0,0.01084131933748722,127,4,0,0,1,0,24,4,0,0,1,0
phase_6_line_0,line,complete,3,prep,sherbrooke,233,12bfb4d3ffec5e283973e4a88f7869ab18f4463aa46e726ac8e90c8f673c8061,24,0,0.010716814547777176,127,4,0,0,1,0,24,4,0,0,1,0
phase_6_line_0,line,complete,3,prep,line25,211,12bfb4d3ffec5e283973e4a88f7869ab18f4463aa46e726ac8e90c8f673c8061,24,0,0.008198235183954239,25,4,0,0,1,0,24,4,0,0,1,0
phase_6_line_0,line,complete,3,prep,line25,223,12bfb4d3ffec5e283973e4a88f7869ab18f4463aa46e726ac8e90c8f673c8061,24,0,0.008156606927514076,25,4,0,0,1,0,24,4,0,0,1,0
phase_6_line_0,line,complete,3,prep,line25,227,12bfb4d3ffec5e283973e4a88f7869ab18f4463aa46e726ac8e90c8f673c8061,24,0,0.008143432904034853,25,4,0,0,1,0,24,4,0,0,1,0
phase_6_line_0,line,complete,3,prep,line25,229,12bfb4d3ffec5e283973e4a88f7869ab18f4463aa46e726ac8e90c8f673c8061,24,0,0.008168017957359552,25,4,0,0,1,0,24,4,0,0,1,0
phase_6_line_0,line,complete,3,prep,line25,233,12bfb4d3ffec5e283973e4a88f7869ab18f4463aa46e726ac8e90c8f673c8061,24,0,0.008113987278193235,25,4,0,0,1,0,24,4,0,0,1,0
phase_6_line_0,line,complete,3,prep,grid25,211,12bfb4d3ffec5e283973e4a88f7869ab18f4463aa46e726ac8e90c8f673c8061,24,0,0.008389275055378675,25,4,0,0,1,0,24,4,0,0,1,0
phase_6_line_0,line,complete,3,prep,grid25,223,12bfb4d3ffec5e283973e4a88f7869ab18f4463aa46e726ac8e90c8f673c8061,24,0,0.008364807814359665,25,4,0,0,1,0,24,4,0,0,1,0
phase_6_line_0,line,complete,3,prep,grid25,227,12bfb4d3ffec5e283973e4a88f7869ab18f4463aa46e726ac8e90c8f673c8061,24,0,0.008387641049921513,25,4,0,0,1,0,24,4,0,0,1,0
phase_6_line_0,line,complete,3,prep,grid25,229,12bfb4d3ffec5e283973e4a88f7869ab18f4463aa46e726ac8e90c8f673c8061,24,0,0.008378153201192617,25,4,0,0,1,0,24,4,0,0,1,0
phase_6_line_0,line,complete,3,prep,grid25,233,12bfb4d3ffec5e283973e4a88f7869ab18f4463aa46e726ac8e90c8f673c8061,24,0,0.008475025650113821,25,4,0,0,1,0,24,4,0,0,1,0
phase_6_line_0,line,complete,3,mixer,sherbrooke,211,29e6f3aaa5d4261fc09882b21a5db5d05fd2ec1fe35be906f42933c9d8981c83,24,1,0.060385989025235176,127,2416,1479,324,659,117,24,1080,636,240,147,36
phase_6_line_0,line,complete,3,mixer,sherbrooke,223,29e6f3aaa5d4261fc09882b21a5db5d05fd2ec1fe35be906f42933c9d8981c83,24,1,0.056462039705365896,127,2545,1555,328,394,68,24,1080,636,240,147,36
phase_6_line_0,line,complete,3,mixer,sherbrooke,227,29e6f3aaa5d4261fc09882b21a5db5d05fd2ec1fe35be906f42933c9d8981c83,24,1,0.05995008023455739,127,2464,1514,314,391,67,24,1080,636,240,147,36
phase_6_line_0,line,complete,3,mixer,sherbrooke,229,29e6f3aaa5d4261fc09882b21a5db5d05fd2ec1fe35be906f42933c9d8981c83,24,1,0.05323727382346988,127,2508,1526,320,416,70,24,1080,636,240,147,36
phase_6_line_0,line,complete,3,mixer,sherbrooke,233,29e6f3aaa5d4261fc09882b21a5db5d05fd2ec1fe35be906f42933c9d8981c83,24,1,0.05937461880967021,127,2379,1465,311,369,59,24,1080,636,240,147,36
phase_6_line_0,line,complete,3,mixer,line25,211,29e6f3aaa5d4261fc09882b21a5db5d05fd2ec1fe35be906f42933c9d8981c83,24,1,0.038474400993436575,25,1500,860,300,185,47,24,1080,636,240,147,36
phase_6_line_0,line,complete,3,mixer,line25,223,29e6f3aaa5d4261fc09882b21a5db5d05fd2ec1fe35be906f42933c9d8981c83,24,1,0.038387476932257414,25,1490,855,306,188,52,24,1080,636,240,147,36
phase_6_line_0,line,complete,3,mixer,line25,227,29e6f3aaa5d4261fc09882b21a5db5d05fd2ec1fe35be906f42933c9d8981c83,24,1,0.03860425530001521,25,1439,827,324,205,58,24,1080,636,240,147,36
phase_6_line_0,line,complete,3,mixer,line25,229,29e6f3aaa5d4261fc09882b21a5db5d05fd2ec1fe35be906f42933c9d8981c83,24,1,0.038260800298303366,25,1480,850,312,188,52,24,1080,636,240,147,36
phase_6_line_0,line,complete,3,mixer,line25,233,29e6f3aaa5d4261fc09882b21a5db5d05fd2ec1fe35be906f42933c9d8981c83,24,1,0.03809825470671058,25,1462,839,318,198,55,24,1080,636,240,147,36
phase_6_line_0,line,complete,3,mixer,grid25,211,29e6f3aaa5d4261fc09882b21a5db5d05fd2ec1fe35be906f42933c9d8981c83,24,1,0.03930766507983208,25,1259,725,293,207,60,24,1080,636,240,147,36
phase_6_line_0,line,complete,3,mixer,grid25,223,29e6f3aaa5d4261fc09882b21a5db5d05fd2ec1fe35be906f42933c9d8981c83,24,1,0.03821890102699399,25,1273,733,297,217,63,24,1080,636,240,147,36
phase_6_line_0,line,complete,3,mixer,grid25,227,29e6f3aaa5d4261fc09882b21a5db5d05fd2ec1fe35be906f42933c9d8981c83,24,1,0.040145388804376125,25,1260,722,297,206,60,24,1080,636,240,147,36
phase_6_line_0,line,complete,3,mixer,grid25,229,29e6f3aaa5d4261fc09882b21a5db5d05fd2ec1fe35be906f42933c9d8981c83,24,1,0.03811059799045324,25,1244,715,298,229,64,24,1080,636,240,147,36
phase_6_line_0,line,complete,3,mixer,grid25,233,29e6f3aaa5d4261fc09882b21a5db5d05fd2ec1fe35be906f42933c9d8981c83,24,1,0.03826785273849964,25,1274,733,301,212,63,24,1080,636,240,147,36
phase_6_line_0,line,complete,3,phase,sherbrooke,211,ae918d4e0d639f5882e4de0e6d198e07645b91761c772724380c2c67da73bc7d,24,1,0.4250579229556024,127,5392,3266,865,1235,269,24,210,210,372,106,70
phase_6_line_0,line,complete,3,phase,sherbrooke,223,ae918d4e0d639f5882e4de0e6d198e07645b91761c772724380c2c67da73bc7d,24,1,0.4682349539361894,127,5718,3455,945,1339,311,24,210,210,372,106,70
phase_6_line_0,line,complete,3,phase,sherbrooke,227,ae918d4e0d639f5882e4de0e6d198e07645b91761c772724380c2c67da73bc7d,24,1,0.3772263303399086,127,4884,2969,780,1116,257,24,210,210,372,106,70
phase_6_line_0,line,complete,3,phase,sherbrooke,229,ae918d4e0d639f5882e4de0e6d198e07645b91761c772724380c2c67da73bc7d,24,1,0.43436792492866516,127,5408,3269,890,1406,311,24,210,210,372,106,70
phase_6_line_0,line,complete,3,phase,sherbrooke,233,ae918d4e0d639f5882e4de0e6d198e07645b91761c772724380c2c67da73bc7d,24,1,0.5511216158047318,127,5749,3472,977,1403,317,24,210,210,372,106,70
phase_6_line_0,line,complete,3,phase,line25,211,ae918d4e0d639f5882e4de0e6d198e07645b91761c772724380c2c67da73bc7d,24,1,0.11973115196451545,25,1871,1116,935,432,203,24,210,210,372,106,70
phase_6_line_0,line,complete,3,phase,line25,223,ae918d4e0d639f5882e4de0e6d198e07645b91761c772724380c2c67da73bc7d,24,1,0.12000971473753452,25,2025,1200,862,406,188,24,210,210,372,106,70
phase_6_line_0,line,complete,3,phase,line25,227,ae918d4e0d639f5882e4de0e6d198e07645b91761c772724380c2c67da73bc7d,24,1,0.11661816574633121,25,1948,1158,890,406,195,24,210,210,372,106,70
phase_6_line_0,line,complete,3,phase,line25,229,ae918d4e0d639f5882e4de0e6d198e07645b91761c772724380c2c67da73bc7d,24,1,0.11707845097407699,25,1915,1140,885,439,229,24,210,210,372,106,70
phase_6_line_0,line,complete,3,phase,line25,233,ae918d4e0d639f5882e4de0e6d198e07645b91761c772724380c2c67da73bc7d,24,1,0.11640635784715414,25,1926,1146,889,420,218,24,210,210,372,106,70
phase_6_line_0,line,complete,3,phase,grid25,211,ae918d4e0d639f5882e4de0e6d198e07645b91761c772724380c2c67da73bc7d,24,1,0.09482285706326365,25,837,552,651,465,265,24,210,210,372,106,70
phase_6_line_0,line,complete,3,phase,grid25,223,ae918d4e0d639f5882e4de0e6d198e07645b91761c772724380c2c67da73bc7d,24,1,0.09443385619670153,25,639,444,696,399,254,24,210,210,372,106,70
phase_6_line_0,line,complete,3,phase,grid25,227,ae918d4e0d639f5882e4de0e6d198e07645b91761c772724380c2c67da73bc7d,24,1,0.09529239824041724,25,628,438,706,383,248,24,210,210,372,106,70
phase_6_line_0,line,complete,3,phase,grid25,229,ae918d4e0d639f5882e4de0e6d198e07645b91761c772724380c2c67da73bc7d,24,1,0.09561693901196122,25,452,342,754,387,285,24,210,210,372,106,70
phase_6_line_0,line,complete,3,phase,grid25,233,ae918d4e0d639f5882e4de0e6d198e07645b91761c772724380c2c67da73bc7d,24,1,0.09425195399671793,25,694,474,677,398,269,24,210,210,372,106,70
phase_6_line_0,line,ring,3,full,sherbrooke,211,48520baac579a752434c7112f2927b39120787394b54fee1ff4bedc2f727fb46,24,5,2.770818645134568,127,15562,9379,2475,3453,737,24,2041,1357,1032,488,184
phase_6_line_0,line,ring,3,full,sherbrooke,223,48520baac579a752434c7112f2927b39120787394b54fee1ff4bedc2f727fb46,24,5,2.734436262398958,127,15295,9193,2497,3263,700,24,2041,1357,1032,488,184
phase_6_line_0,line,ring,3,full,sherbrooke,227,48520baac579a752434c7112f2927b39120787394b54fee1ff4bedc2f727fb46,24,5,2.4967029048129916,127,15432,9297,2500,3253,733,24,2041,1357,1032,488,184
phase_6_line_0,line,ring,3,full,sherbrooke,229,48520baac579a752434c7112f2927b39120787394b54fee1ff4bedc2f727fb46,24,5,2.3273313343524933,127,15496,9346,2476,3152,674,24,2041,1357,1032,488,184
phase_6_line_0,line,ring,3,full,sherbrooke,233,48520baac579a752434c7112f2927b39120787394b54fee1ff4bedc2f727fb46,24,5,2.600764039903879,127,15333,9203,2490,3124,692,24,2041,1357,1032,488,184
phase_6_line_0,line,ring,3,prep,sherbrooke,211,12bfb4d3ffec5e283973e4a88f7869ab18f4463aa46e726ac8e90c8f673c8061,24,0,0.011103259865194559,127,4,0,0,1,0,24,4,0,0,1,0
phase_6_line_0,line,ring,3,prep,sherbrooke,223,12bfb4d3ffec5e283973e4a88f7869ab18f4463aa46e726ac8e90c8f673c8061,24,0,0.010923393070697784,127,4,0,0,1,0,24,4,0,0,1,0
phase_6_line_0,line,ring,3,prep,sherbrooke,227,12bfb4d3ffec5e283973e4a88f7869ab18f4463aa46e726ac8e90c8f673c8061,24,0,0.01073564076796174,127,4,0,0,1,0,24,4,0,0,1,0
phase_6_line_0,line,ring,3,prep,sherbrooke,229,12bfb4d3ffec5e283973e4a88f7869ab18f4463aa46e726ac8e90c8f673c8061,24,0,0.010419907979667187,127,4,0,0,1,0,24,4,0,0,1,0
phase_6_line_0,line,ring,3,prep,sherbrooke,233,12bfb4d3ffec5e283973e4a88f7869ab18f4463aa46e726ac8e90c8f673c8061,24,0,0.01058006938546896,127,4,0,0,1,0,24,4,0,0,1,0
phase_6_line_0,line,ring,3,prep,line25,211,12bfb4d3ffec5e283973e4a88f7869ab18f4463aa46e726ac8e90c8f673c8061,24,0,0.00815967284142971,25,4,0,0,1,0,24,4,0,0,1,0
phase_6_line_0,line,ring,3,prep,line25,223,12bfb4d3ffec5e283973e4a88f7869ab18f4463aa46e726ac8e90c8f673c8061,24,0,0.008058343082666397,25,4,0,0,1,0,24,4,0,0,1,0
phase_6_line_0,line,ring,3,prep,line25,227,12bfb4d3ffec5e283973e4a88f7869ab18f4463aa46e726ac8e90c8f673c8061,24,0,0.008029960095882416,25,4,0,0,1,0,24,4,0,0,1,0
phase_6_line_0,line,ring,3,prep,line25,229,12bfb4d3ffec5e283973e4a88f7869ab18f4463aa46e726ac8e90c8f673c8061,24,0,0.008057891856878996,25,4,0,0,1,0,24,4,0,0,1,0
phase_6_line_0,line,ring,3,prep,line25,233,12bfb4d3ffec5e283973e4a88f7869ab18f4463aa46e726ac8e90c8f673c8061,24,0,0.008044276852160692,25,4,0,0,1,0,24,4,0,0,1,0
phase_6_line_0,line,ring,3,prep,grid25,211,12bfb4d3ffec5e283973e4a88f7869ab18f4463aa46e726ac8e90c8f673c8061,24,0,0.008436632808297873,25,4,0,0,1,0,24,4,0,0,1,0
phase_6_line_0,line,ring,3,prep,grid25,223,12bfb4d3ffec5e283973e4a88f7869ab18f4463aa46e726ac8e90c8f673c8061,24,0,0.008326164912432432,25,4,0,0,1,0,24,4,0,0,1,0
phase_6_line_0,line,ring,3,prep,grid25,227,12bfb4d3ffec5e283973e4a88f7869ab18f4463aa46e726ac8e90c8f673c8061,24,0,0.008301358669996262,25,4,0,0,1,0,24,4,0,0,1,0
phase_6_line_0,line,ring,3,prep,grid25,229,12bfb4d3ffec5e283973e4a88f7869ab18f4463aa46e726ac8e90c8f673c8061,24,0,0.010741010773926973,25,4,0,0,1,0,24,4,0,0,1,0
phase_6_line_0,line,ring,3,prep,grid25,233,12bfb4d3ffec5e283973e4a88f7869ab18f4463aa46e726ac8e90c8f673c8061,24,0,0.008306087926030159,25,4,0,0,1,0,24,4,0,0,1,0
phase_6_line_0,line,ring,3,mixer,sherbrooke,211,25b45044ced3e303101850493664090c765b1ab6cc90cb30e6aff0c414dcfb5a,24,1,0.038179706782102585,127,1126,681,146,186,34,24,540,312,96,106,24
phase_6_line_0,line,ring,3,mixer,sherbrooke,223,25b45044ced3e303101850493664090c765b1ab6cc90cb30e6aff0c414dcfb5a,24,1,0.03041725093498826,127,1180,717,151,209,42,24,540,312,96,106,24
phase_6_line_0,line,ring,3,mixer,sherbrooke,227,25b45044ced3e303101850493664090c765b1ab6cc90cb30e6aff0c414dcfb5a,24,1,0.03041384369134903,127,1110,678,151,250,46,24,540,312,96,106,24
phase_6_line_0,line,ring,3,mixer,sherbrooke,229,25b45044ced3e303101850493664090c765b1ab6cc90cb30e6aff0c414dcfb5a,24,1,0.027317339088767767,127,1104,676,143,186,36,24,540,312,96,106,24
phase_6_line_0,line,ring,3,mixer,sherbrooke,233,25b45044ced3e303101850493664090c765b1ab6cc90cb30e6aff0c414dcfb5a,24,1,0.03449168102815747,127,1076,652,151,199,39,24,540,312,96,106,24
phase_6_line_0,line,ring,3,mixer,line25,211,25b45044ced3e303101850493664090c765b1ab6cc90cb30e6aff0c414dcfb5a,24,1,0.02173457480967045,25,578,334,149,120,34,24,540,312,96,106,24
phase_6_line_0,line,ring,3,mixer,line25,223,25b45044ced3e303101850493664090c765b1ab6cc90cb30e6aff0c414dcfb5a,24,1,0.02171392599120736,25,596,348,144,121,34,24,540,312,96,106,24
phase_6_line_0,line,ring,3,mixer,line25,227,25b45044ced3e303101850493664090c765b1ab6cc90cb30e6aff0c414dcfb5a,24,1,0.021310478914529085,25,599,349,147,122,34,24,540,312,96,106,24
phase_6_line_0,line,ring,3,mixer,line25,229,25b45044ced3e303101850493664090c765b1ab6cc90cb30e6aff0c414dcfb5a,24,1,0.02138384710997343,25,604,352,149,122,32,24,540,312,96,106,24
phase_6_line_0,line,ring,3,mixer,line25,233,25b45044ced3e303101850493664090c765b1ab6cc90cb30e6aff0c414dcfb5a,24,1,0.021322160959243774,25,600,351,146,121,32,24,540,312,96,106,24
phase_6_line_0,line,ring,3,mixer,grid25,211,25b45044ced3e303101850493664090c765b1ab6cc90cb30e6aff0c414dcfb5a,24,1,0.017603387124836445,25,551,318,102,113,27,24,540,312,96,106,24
phase_6_line_0,line,ring,3,mixer,grid25,223,25b45044ced3e303101850493664090c765b1ab6cc90cb30e6aff0c414dcfb5a,24,1,0.01697951601818204,25,540,312,96,106,24,24,540,312,96,106,24
phase_6_line_0,line,ring,3,mixer,grid25,227,25b45044ced3e303101850493664090c765b1ab6cc90cb30e6aff0c414dcfb5a,24,1,0.017327269073575735,25,540,312,102,110,27,24,540,312,96,106,24
phase_6_line_0,line,ring,3,mixer,grid25,229,25b45044ced3e303101850493664090c765b1ab6cc90cb30e6aff0c414dcfb5a,24,1,0.017351454123854637,25,568,328,106,127,31,24,540,312,96,106,24
phase_6_line_0,line,ring,3,mixer,grid25,233,25b45044ced3e303101850493664090c765b1ab6cc90cb30e6aff0c414dcfb5a,24,1,0.017674901988357306,25,548,316,100,114,28,24,540,312,96,106,24
phase_6_line_0,line,ring,3,phase,sherbrooke,211,ae918d4e0d639f5882e4de0e6d198e07645b91761c772724380c2c67da73bc7d,24,1,0.4256481300108135,127,5392,3266,865,1235,269,24,210,210,372,106,70
phase_6_line_0,line,ring,3,phase,sherbrooke,223,ae918d4e0d639f5882e4de0e6d198e07645b91761c772724380c2c67da73bc7d,24,1,0.4714924921281636,127,5718,3455,945,1339,311,24,210,210,372,106,70
phase_6_line_0,line,ring,3,phase,sherbrooke,227,ae918d4e0d639f5882e4de0e6d198e07645b91761c772724380c2c67da73bc7d,24,1,0.37780920322984457,127,4884,2969,780,1116,257,24,210,210,372,106,70
phase_6_line_0,line,ring,3,phase,sherbrooke,229,ae918d4e0d639f5882e4de0e6d198e07645b91761c772724380c2c67da73bc7d,24,1,0.43929066229611635,127,5408,3269,890,1406,311,24,210,210,372,106,70
phase_6_line_0,line,ring,3,phase,sherbrooke,233,ae918d4e0d639f5882e4de0e6d198e07645b91761c772724380c2c67da73bc7d,24,1,0.5496765421703458,127,5749,3472,977,1403,317,24,210,210,372,106,70
phase_6_line_0,line,ring,3,phase,line25,211,ae918d4e0d639f5882e4de0e6d198e07645b91761c772724380c2c67da73bc7d,24,1,0.12115290109068155,25,1871,1116,935,432,203,24,210,210,372,106,70
phase_6_line_0,line,ring,3,phase,line25,223,ae918d4e0d639f5882e4de0e6d198e07645b91761c772724380c2c67da73bc7d,24,1,0.11696559889242053,25,2025,1200,862,406,188,24,210,210,372,106,70
phase_6_line_0,line,ring,3,phase,line25,227,ae918d4e0d639f5882e4de0e6d198e07645b91761c772724380c2c67da73bc7d,24,1,0.11676772683858871,25,1948,1158,890,406,195,24,210,210,372,106,70
phase_6_line_0,line,ring,3,phase,line25,229,ae918d4e0d639f5882e4de0e6d198e07645b91761c772724380c2c67da73bc7d,24,1,0.11710535082966089,25,1915,1140,885,439,229,24,210,210,372,106,70
phase_6_line_0,line,ring,3,phase,line25,233,ae918d4e0d639f5882e4de0e6d198e07645b91761c772724380c2c67da73bc7d,24,1,0.11694499989971519,25,1926,1146,889,420,218,24,210,210,372,106,70
phase_6_line_0,line,ring,3,phase,grid25,211,ae918d4e0d639f5882e4de0e6d198e07645b91761c772724380c2c67da73bc7d,24,1,0.0968172918073833,25,837,552,651,465,265,24,210,210,372,106,70
phase_6_line_0,line,ring,3,phase,grid25,223,ae918d4e0d639f5882e4de0e6d198e07645b91761c772724380c2c67da73bc7d,24,1,0.09565746411681175,25,639,444,696,399,254,24,210,210,372,106,70
phase_6_line_0,line,ring,3,phase,grid25,227,ae918d4e0d639f5882e4de0e6d198e07645b91761c772724380c2c67da73bc7d,24,1,0.0955620757304132,25,628,438,706,383,248,24,210,210,372,106,70
phase_6_line_0,line,ring,3,phase,grid25,229,ae918d4e0d639f5882e4de0e6d198e07645b91761c772724380c2c67da73bc7d,24,1,0.09552712924778461,25,452,342,754,387,285,24,210,210,372,106,70
phase_6_line_0,line,ring,3,phase,grid25,233,ae918d4e0d639f5882e4de0e6d198e07645b91761c772724380c2c67da73bc7d,24,1,0.09719697525724769,25,694,474,677,398,269,24,210,210,372,106,70
phase_6_line_1,line,serial,3,full,sherbrooke,211,3a250d88f5c1d9053ce9896b2c67285a852d4c967a5195fdbd391d85d9b5c897,19,5,3.636619093362242,127,17534,10254,3095,8339,1958,19,1431,1129,1033,1258,728
phase_6_line_1,line,serial,3,full,sherbrooke,223,3a250d88f5c1d9053ce9896b2c67285a852d4c967a5195fdbd391d85d9b5c897,19,5,3.624525623396039,127,17493,10216,3121,8651,2054,19,1431,1129,1033,1258,728
phase_6_line_1,line,serial,3,full,sherbrooke,227,3a250d88f5c1d9053ce9896b2c67285a852d4c967a5195fdbd391d85d9b5c897,19,5,3.668033636175096,127,18675,10964,3282,9194,2146,19,1431,1129,1033,1258,728
phase_6_line_1,line,serial,3,full,sherbrooke,229,3a250d88f5c1d9053ce9896b2c67285a852d4c967a5195fdbd391d85d9b5c897,19,5,3.601068683899939,127,17239,10001,3177,8089,1973,19,1431,1129,1033,1258,728
phase_6_line_1,line,serial,3,full,sherbrooke,233,3a250d88f5c1d9053ce9896b2c67285a852d4c967a5195fdbd391d85d9b5c897,19,5,3.183858909178525,127,17152,10050,3079,7990,1908,19,1431,1129,1033,1258,728
phase_6_line_1,line,serial,3,prep,sherbrooke,211,0abcbf7c27981e437b863c4c778786f1820aa62d796301176f84954f4aea0c15,19,0,0.010570809710770845,127,7,0,0,1,0,19,7,0,0,1,0
phase_6_line_1,line,serial,3,prep,sherbrooke,223,0abcbf7c27981e437b863c4c778786f1820aa62d796301176f84954f4aea0c15,19,0,0.012276483699679375,127,7,0,0,1,0,19,7,0,0,1,0
phase_6_line_1,line,serial,3,prep,sherbrooke,227,0abcbf7c27981e437b863c4c778786f1820aa62d796301176f84954f4aea0c15,19,0,0.010127859190106392,127,7,0,0,1,0,19,7,0,0,1,0
phase_6_line_1,line,serial,3,prep,sherbrooke,229,0abcbf7c27981e437b863c4c778786f1820aa62d796301176f84954f4aea0c15,19,0,0.014360717963427305,127,7,0,0,1,0,19,7,0,0,1,0
phase_6_line_1,line,serial,3,prep,sherbrooke,233,0abcbf7c27981e437b863c4c778786f1820aa62d796301176f84954f4aea0c15,19,0,0.01012630620971322,127,7,0,0,1,0,19,7,0,0,1,0
phase_6_line_1,line,serial,3,prep,line25,211,0abcbf7c27981e437b863c4c778786f1820aa62d796301176f84954f4aea0c15,19,0,0.008806528057903051,25,7,0,0,1,0,19,7,0,0,1,0
phase_6_line_1,line,serial,3,prep,line25,223,0abcbf7c27981e437b863c4c778786f1820aa62d796301176f84954f4aea0c15,19,0,0.008077839855104685,25,7,0,0,1,0,19,7,0,0,1,0
phase_6_line_1,line,serial,3,prep,line25,227,0abcbf7c27981e437b863c4c778786f1820aa62d796301176f84954f4aea0c15,19,0,0.008043994661420584,25,7,0,0,1,0,19,7,0,0,1,0
phase_6_line_1,line,serial,3,prep,line25,229,0abcbf7c27981e437b863c4c778786f1820aa62d796301176f84954f4aea0c15,19,0,0.008055426646023989,25,7,0,0,1,0,19,7,0,0,1,0
phase_6_line_1,line,serial,3,prep,line25,233,0abcbf7c27981e437b863c4c778786f1820aa62d796301176f84954f4aea0c15,19,0,0.008024999871850014,25,7,0,0,1,0,19,7,0,0,1,0
phase_6_line_1,line,serial,3,prep,grid25,211,0abcbf7c27981e437b863c4c778786f1820aa62d796301176f84954f4aea0c15,19,0,0.008352664764970541,25,7,0,0,1,0,19,7,0,0,1,0
phase_6_line_1,line,serial,3,prep,grid25,223,0abcbf7c27981e437b863c4c778786f1820aa62d796301176f84954f4aea0c15,19,0,0.008241926785558462,25,7,0,0,1,0,19,7,0,0,1,0
phase_6_line_1,line,serial,3,prep,grid25,227,0abcbf7c27981e437b863c4c778786f1820aa62d796301176f84954f4aea0c15,19,0,0.008226127829402685,25,7,0,0,1,0,19,7,0,0,1,0
phase_6_line_1,line,serial,3,prep,grid25,229,0abcbf7c27981e437b863c4c778786f1820aa62d796301176f84954f4aea0c15,19,0,0.008243450429290533,25,7,0,0,1,0,19,7,0,0,1,0
phase_6_line_1,line,serial,3,prep,grid25,233,0abcbf7c27981e437b863c4c778786f1820aa62d796301176f84954f4aea0c15,19,0,0.008328940719366074,25,7,0,0,1,0,19,7,0,0,1,0
phase_6_line_1,line,serial,3,mixer,sherbrooke,211,db312e3c1038947720c38f1cb6c11a55240ab4ce206ba5284e62f0469694635b,19,1,0.0774742690846324,127,2870,1686,479,1626,378,19,384,282,195,276,152
phase_6_line_1,line,serial,3,mixer,sherbrooke,223,db312e3c1038947720c38f1cb6c11a55240ab4ce206ba5284e62f0469694635b,19,1,0.07317799981683493,127,2659,1558,442,1465,332,19,384,282,195,276,152
phase_6_line_1,line,serial,3,mixer,sherbrooke,227,db312e3c1038947720c38f1cb6c11a55240ab4ce206ba5284e62f0469694635b,19,1,0.06389362504705787,127,2763,1620,453,1509,343,19,384,282,195,276,152
phase_6_line_1,line,serial,3,mixer,sherbrooke,229,db312e3c1038947720c38f1cb6c11a55240ab4ce206ba5284e62f0469694635b,19,1,0.06405408680438995,127,2580,1505,439,1475,348,19,384,282,195,276,152
phase_6_line_1,line,serial,3,mixer,sherbrooke,233,db312e3c1038947720c38f1cb6c11a55240ab4ce206ba5284e62f0469694635b,19,1,0.0879601500928402,127,2841,1666,484,1458,345,19,384,282,195,276,152
phase_6_line_1,line,serial,3,mixer,line25,211,db312e3c1038947720c38f1cb6c11a55240ab4ce206ba5284e62f0469694635b,19,1,0.046955707017332315,25,725,463,523,654,402,19,384,282,195,276,152
phase_6_line_1,line,serial,3,mixer,line25,223,db312e3c1038947720c38f1cb6c11a55240ab4ce206ba5284e62f0469694635b,19,1,0.0454652588814497,25,762,482,494,625,365,19,384,282,195,276,152
phase_6_line_1,line,serial,3,mixer,line25,227,db312e3c1038947720c38f1cb6c11a55240ab4ce206ba5284e62f0469694635b,19,1,0.04709938820451498,25,695,449,573,678,446,19,384,282,195,276,152
phase_6_line_1,line,serial,3,mixer,line25,229,db312e3c1038947720c38f1cb6c11a55240ab4ce206ba5284e62f0469694635b,19,1,0.04566709790378809,25,680,441,511,625,389,19,384,282,195,276,152
phase_6_line_1,line,serial,3,mixer,line25,233,db312e3c1038947720c38f1cb6c11a55240ab4ce206ba5284e62f0469694635b,19,1,0.045755083207041025,25,746,474,495,622,367,19,384,282,195,276,152
phase_6_line_1,line,serial,3,mixer,grid25,211,db312e3c1038947720c38f1cb6c11a55240ab4ce206ba5284e62f0469694635b,19,1,0.043629240244627,25,492,337,374,460,289,19,384,282,195,276,152
phase_6_line_1,line,serial,3,mixer,grid25,223,db312e3c1038947720c38f1cb6c11a55240ab4ce206ba5284e62f0469694635b,19,1,0.044672240037471056,25,508,347,371,472,294,19,384,282,195,276,152
phase_6_line_1,line,serial,3,mixer,grid25,227,db312e3c1038947720c38f1cb6c11a55240ab4ce206ba5284e62f0469694635b,19,1,0.039979015942662954,25,526,355,351,482,280,19,384,282,195,276,152
phase_6_line_1,line,serial,3,mixer,grid25,229,db312e3c1038947720c38f1cb6c11a55240ab4ce206ba5284e62f0469694635b,19,1,0.04303720919415355,25,567,374,359,464,268,19,384,282,195,276,152
phase_6_line_1,line,serial,3,mixer,grid25,233,db312e3c1038947720c38f1cb6c11a55240ab4ce206ba5284e62f0469694635b,19,1,0.04069357784464955,25,471,332,399,458,276,19,384,282,195,276,152
phase_6_line_1,line,serial,3,phase,sherbrooke,211,d97439b465b247c6f88806a308118acaf5258d87c39f4f4aed72799163234f2d,19,1,0.18259707698598504,127,3525,2063,627,2103,497,19,142,142,224,301,185
phase_6_line_1,line,serial,3,phase,sherbrooke,223,d97439b465b247c6f88806a308118acaf5258d87c39f4f4aed72799163234f2d,19,1,0.1864356561563909,127,3346,1950,611,1832,452,19,142,142,224,301,185
phase_6_line_1,line,serial,3,phase,sherbrooke,227,d97439b465b247c6f88806a308118acaf5258d87c39f4f4aed72799163234f2d,19,1,0.1956706983037293,127,3341,1966,607,1855,452,19,142,142,224,301,185
phase_6_line_1,line,serial,3,phase,sherbrooke,229,d97439b465b247c6f88806a308118acaf5258d87c39f4f4aed72799163234f2d,19,1,0.18225513491779566,127,3645,2156,644,2056,496,19,142,142,224,301,185
phase_6_line_1,line,serial,3,phase,sherbrooke,233,d97439b465b247c6f88806a308118acaf5258d87c39f4f4aed72799163234f2d,19,1,0.21479333797469735,127,3371,1994,603,1883,450,19,142,142,224,301,185
phase_6_line_1,line,serial,3,phase,line25,211,d97439b465b247c6f88806a308118acaf5258d87c39f4f4aed72799163234f2d,19,1,0.045760604087263346,25,448,308,732,731,524,19,142,142,224,301,185
phase_6_line_1,line,serial,3,phase,line25,223,d97439b465b247c6f88806a308118acaf5258d87c39f4f4aed72799163234f2d,19,1,0.0459532649256289,25,424,294,735,742,534,19,142,142,224,301,185
phase_6_line_1,line,serial,3,phase,line25,227,d97439b465b247c6f88806a308118acaf5258d87c39f4f4aed72799163234f2d,19,1,0.04620759282261133,25,426,296,732,720,520,19,142,142,224,301,185
phase_6_line_1,line,serial,3,phase,line25,229,d97439b465b247c6f88806a308118acaf5258d87c39f4f4aed72799163234f2d,19,1,0.04572342289611697,25,426,296,730,723,516,19,142,142,224,301,185
phase_6_line_1,line,serial,3,phase,line25,233,d97439b465b247c6f88806a308118acaf5258d87c39f4f4aed72799163234f2d,19,1,0.046283064875751734,25,415,290,730,722,516,19,142,142,224,301,185
phase_6_line_1,line,serial,3,phase,grid25,211,d97439b465b247c6f88806a308118acaf5258d87c39f4f4aed72799163234f2d,19,1,0.04065376287326217,25,219,184,432,478,330,19,142,142,224,301,185
phase_6_line_1,line,serial,3,phase,grid25,223,d97439b465b247c6f88806a308118acaf5258d87c39f4f4aed72799163234f2d,19,1,0.04060983099043369,25,250,201,425,511,345,19,142,142,224,301,185
phase_6_line_1,line,serial,3,phase,grid25,227,d97439b465b247c6f88806a308118acaf5258d87c39f4f4aed72799163234f2d,19,1,0.040488773956894875,25,186,166,425,439,315,19,142,142,224,301,185
phase_6_line_1,line,serial,3,phase,grid25,229,d97439b465b247c6f88806a308118acaf5258d87c39f4f4aed72799163234f2d,19,1,0.04054762376472354,25,219,184,427,464,329,19,142,142,224,301,185
phase_6_line_1,line,serial,3,phase,grid25,233,d97439b465b247c6f88806a308118acaf5258d87c39f4f4aed72799163234f2d,19,1,0.040696874260902405,25,241,196,424,493,334,19,142,142,224,301,185
phase_6_line_1,line,parallel,3,full,sherbrooke,211,434bc3171a1655d4a88b3ef9ca5dcfa30802b3cac4781d0ca67da3138a4c5973,21,5,3.554105270653963,127,16978,9884,3103,6991,1701,21,1436,1132,1033,948,551
phase_6_line_1,line,parallel,3,full,sherbrooke,223,434bc3171a1655d4a88b3ef9ca5dcfa30802b3cac4781d0ca67da3138a4c5973,21,5,3.5179299283772707,127,17777,10459,3040,7186,1670,21,1436,1132,1033,948,551
phase_6_line_1,line,parallel,3,full,sherbrooke,227,434bc3171a1655d4a88b3ef9ca5dcfa30802b3cac4781d0ca67da3138a4c5973,21,5,3.4252878460101783,127,16934,9892,3090,6387,1585,21,1436,1132,1033,948,551
phase_6_line_1,line,parallel,3,full,sherbrooke,229,434bc3171a1655d4a88b3ef9ca5dcfa30802b3cac4781d0ca67da3138a4c5973,21,5,3.582751575857401,127,17488,10217,3173,6548,1591,21,1436,1132,1033,948,551
phase_6_line_1,line,parallel,3,full,sherbrooke,233,434bc3171a1655d4a88b3ef9ca5dcfa30802b3cac4781d0ca67da3138a4c5973,21,5,3.273935493081808,127,16827,9842,3036,6296,1538,21,1436,1132,1033,948,551
phase_6_line_1,line,parallel,3,prep,sherbrooke,211,1f58d6eac272884dde87eabf7a0d35224737670c0e69afddbc91cfdc1b25b73c,21,0,0.010519183240830898,127,7,0,0,1,0,21,7,0,0,1,0
phase_6_line_1,line,parallel,3,prep,sherbrooke,223,1f58d6eac272884dde87eabf7a0d35224737670c0e69afddbc91cfdc1b25b73c,21,0,0.010494838934391737,127,7,0,0,1,0,21,7,0,0,1,0
phase_6_line_1,line,parallel,3,prep,sherbrooke,227,1f58d6eac272884dde87eabf7a0d35224737670c0e69afddbc91cfdc1b25b73c,21,0,0.01382887875661254,127,7,0,0,1,0,21,7,0,0,1,0
phase_6_line_1,line,parallel,3,prep,sherbrooke,229,1f58d6eac272884dde87eabf7a0d35224737670c0e69afddbc91cfdc1b25b73c,21,0,0.010215063113719225,127,7,0,0,1,0,21,7,0,0,1,0
phase_6_line_1,line,parallel,3,prep,sherbrooke,233,1f58d6eac272884dde87eabf7a0d35224737670c0e69afddbc91cfdc1b25b73c,21,0,0.010566262062638998,127,7,0,0,1,0,21,7,0,0,1,0
phase_6_line_1,line,parallel,3,prep,line25,211,1f58d6eac272884dde87eabf7a0d35224737670c0e69afddbc91cfdc1b25b73c,21,0,0.008205469232052565,25,7,0,0,1,0,21,7,0,0,1,0
phase_6_line_1,line,parallel,3,prep,line25,223,1f58d6eac272884dde87eabf7a0d35224737670c0e69afddbc91cfdc1b25b73c,21,0,0.008158620912581682,25,7,0,0,1,0,21,7,0,0,1,0
phase_6_line_1,line,parallel,3,prep,line25,227,1f58d6eac272884dde87eabf7a0d35224737670c0e69afddbc91cfdc1b25b73c,21,0,0.008058222010731697,25,7,0,0,1,0,21,7,0,0,1,0
phase_6_line_1,line,parallel,3,prep,line25,229,1f58d6eac272884dde87eabf7a0d35224737670c0e69afddbc91cfdc1b25b73c,21,0,0.008087287191301584,25,7,0,0,1,0,21,7,0,0,1,0
phase_6_line_1,line,parallel,3,prep,line25,233,1f58d6eac272884dde87eabf7a0d35224737670c0e69afddbc91cfdc1b25b73c,21,0,0.008118436206132174,25,7,0,0,1,0,21,7,0,0,1,0
phase_6_line_1,line,parallel,3,prep,grid25,211,1f58d6eac272884dde87eabf7a0d35224737670c0e69afddbc91cfdc1b25b73c,21,0,0.008351113181561232,25,7,0,0,1,0,21,7,0,0,1,0
phase_6_line_1,line,parallel,3,prep,grid25,223,1f58d6eac272884dde87eabf7a0d35224737670c0e69afddbc91cfdc1b25b73c,21,0,0.008341344073414803,25,7,0,0,1,0,21,7,0,0,1,0
phase_6_line_1,line,parallel,3,prep,grid25,227,1f58d6eac272884dde87eabf7a0d35224737670c0e69afddbc91cfdc1b25b73c,21,0,0.008402439299970865,25,7,0,0,1,0,21,7,0,0,1,0
phase_6_line_1,line,parallel,3,prep,grid25,229,1f58d6eac272884dde87eabf7a0d35224737670c0e69afddbc91cfdc1b25b73c,21,0,0.008333418983966112,25,7,0,0,1,0,21,7,0,0,1,0
phase_6_line_1,line,parallel,3,prep,grid25,233,1f58d6eac272884dde87eabf7a0d35224737670c0e69afddbc91cfdc1b25b73c,21,0,0.008461961057037115,25,7,0,0,1,0,21,7,0,0,1,0
phase_6_line_1,line,parallel,3,mixer,sherbrooke,211,922059cbf31217b855e5c3eb0fe48d9581d782b6d38be371d553fa22b2d82c00,21,1,0.06873113010078669,127,2605,1526,446,822,197,21,389,285,195,170,92
phase_6_line_1,line,parallel,3,mixer,sherbrooke,223,922059cbf31217b855e5c3eb0fe48d9581d782b6d38be371d553fa22b2d82c00,21,1,0.08354552881792188,127,2708,1589,430,851,189,21,389,285,195,170,92
phase_6_line_1,line,parallel,3,mixer,sherbrooke,227,922059cbf31217b855e5c3eb0fe48d9581d782b6d38be371d553fa22b2d82c00,21,1,0.08275855192914605,127,2574,1511,435,842,194,21,389,285,195,170,92
phase_6_line_1,line,parallel,3,mixer,sherbrooke,229,922059cbf31217b855e5c3eb0fe48d9581d782b6d38be371d553fa22b2d82c00,21,1,0.06819267896935344,127,2735,1599,452,960,221,21,389,285,195,170,92
phase_6_line_1,line,parallel,3,mixer,sherbrooke,233,922059cbf31217b855e5c3eb0fe48d9581d782b6d38be371d553fa22b2d82c00,21,1,0.06876762816682458,127,2671,1578,431,921,198,21,389,285,195,170,92
phase_6_line_1,line,parallel,3,mixer,line25,211,922059cbf31217b855e5c3eb0fe48d9581d782b6d38be371d553fa22b2d82c00,21,1,0.05169167183339596,25,651,426,483,354,207,21,389,285,195,170,92
phase_6_line_1,line,parallel,3,mixer,line25,223,922059cbf31217b855e5c3eb0fe48d9581d782b6d38be371d553fa22b2d82c00,21,1,0.05152128217741847,25,642,422,492,353,225,21,389,285,195,170,92
phase_6_line_1,line,parallel,3,mixer,line25,227,922059cbf31217b855e5c3eb0fe48d9581d782b6d38be371d553fa22b2d82c00,21,1,0.051087276078760624,25,616,407,508,367,225,21,389,285,195,170,92
phase_6_line_1,line,parallel,3,mixer,line25,229,922059cbf31217b855e5c3eb0fe48d9581d782b6d38be371d553fa22b2d82c00,21,1,0.0508313849568367,25,616,408,515,372,249,21,389,285,195,170,92
phase_6_line_1,line,parallel,3,mixer,line25,233,922059cbf31217b855e5c3eb0fe48d9581d782b6d38be371d553fa22b2d82c00,21,1,0.046433497220277786,25,643,422,484,350,213,21,389,285,195,170,92
phase_6_line_1,line,parallel,3,mixer,grid25,211,922059cbf31217b855e5c3eb0fe48d9581d782b6d38be371d553fa22b2d82c00,21,1,0.04839878808706999,25,557,377,348,331,183,21,389,285,195,170,92
phase_6_line_1,line,parallel,3,mixer,grid25,223,922059cbf31217b855e5c3eb0fe48d9581d782b6d38be371d553fa22b2d82c00,21,1,0.05030707083642483,25,514,357,358,343,196,21,389,285,195,170,92
phase_6_line_1,line,parallel,3,mixer,grid25,227,922059cbf31217b855e5c3eb0fe48d9581d782b6d38be371d553fa22b2d82c00,21,1,0.050231670029461384,25,536,362,340,333,183,21,389,285,195,170,92
phase_6_line_1,line,parallel,3,mixer,grid25,229,922059cbf31217b855e5c3eb0fe48d9581d782b6d38be371d553fa22b2d82c00,21,1,0.04754399275407195,25,499,345,356,289,166,21,389,285,195,170,92
phase_6_line_1,line,parallel,3,mixer,grid25,233,922059cbf31217b855e5c3eb0fe48d9581d782b6d38be371d553fa22b2d82c00,21,1,0.05100523214787245,25,473,333,369,297,180,21,389,285,195,170,92
phase_6_line_1,line,parallel,3,phase,sherbrooke,211,abc45e21d43a8813a6f2ce9dc4b81ac3f8ee0934df19674fe3b2580c20e40f54,21,1,0.18794268602505326,127,3525,2063,627,2103,497,21,142,142,224,301,185
phase_6_line_1,line,parallel,3,phase,sherbrooke,223,abc45e21d43a8813a6f2ce9dc4b81ac3f8ee0934df19674fe3b2580c20e40f54,21,1,0.1886873240582645,127,3346,1950,611,1832,452,21,142,142,224,301,185
phase_6_line_1,line,parallel,3,phase,sherbrooke,227,abc45e21d43a8813a6f2ce9dc4b81ac3f8ee0934df19674fe3b2580c20e40f54,21,1,0.19851247407495975,127,3341,1966,607,1855,452,21,142,142,224,301,185
phase_6_line_1,line,parallel,3,phase,sherbrooke,229,abc45e21d43a8813a6f2ce9dc4b81ac3f8ee0934df19674fe3b2580c20e40f54,21,1,0.18593824189156294,127,3645,2156,644,2056,496,21,142,142,224,301,185
phase_6_line_1,line,parallel,3,phase,sherbrooke,233,abc45e21d43a8813a6f2ce9dc4b81ac3f8ee0934df19674fe3b2580c20e40f54,21,1,0.21881096297875047,127,3371,1994,603,1883,450,21,142,142,224,301,185
phase_6_line_1,line,parallel,3,phase,line25,211,abc45e21d43a8813a6f2ce9dc4b81ac3f8ee0934df19674fe3b2580c20e40f54,21,1,0.04599301004782319,25,448,308,732,731,524,21,142,142,224,301,185
phase_6_line_1,line,parallel,3,phase,line25,223,abc45e21d43a8813a6f2ce9dc4b81ac3f8ee0934df19674fe3b2580c20e40f54,21,1,0.04605068825185299,25,424,294,735,742,534,21,142,142,224,301,185
phase_6_line_1,line,parallel,3,phase,line25,227,abc45e21d43a8813a6f2ce9dc4b81ac3f8ee0934df19674fe3b2580c20e40f54,21,1,0.04609298799186945,25,426,296,732,720,520,21,142,142,224,301,185
phase_6_line_1,line,parallel,3,phase,line25,229,abc45e21d43a8813a6f2ce9dc4b81ac3f8ee0934df19674fe3b2580c20e40f54,21,1,0.045907299034297466,25,426,296,730,723,516,21,142,142,224,301,185
phase_6_line_1,line,parallel,3,phase,line25,233,abc45e21d43a8813a6f2ce9dc4b81ac3f8ee0934df19674fe3b2580c20e40f54,21,1,0.04671500576660037,25,415,290,730,722,516,21,142,142,224,301,185
phase_6_line_1,line,parallel,3,phase,grid25,211,abc45e21d43a8813a6f2ce9dc4b81ac3f8ee0934df19674fe3b2580c20e40f54,21,1,0.04081997508183122,25,219,184,432,478,330,21,142,142,224,301,185
phase_6_line_1,line,parallel,3,phase,grid25,223,abc45e21d43a8813a6f2ce9dc4b81ac3f8ee0934df19674fe3b2580c20e40f54,21,1,0.04072910500690341,25,250,201,425,511,345,21,142,142,224,301,185
phase_6_line_1,line,parallel,3,phase,grid25,227,abc45e21d43a8813a6f2ce9dc4b81ac3f8ee0934df19674fe3b2580c20e40f54,21,1,0.040643924847245216,25,186,166,425,439,315,21,142,142,224,301,185
phase_6_line_1,line,parallel,3,phase,grid25,229,abc45e21d43a8813a6f2ce9dc4b81ac3f8ee0934df19674fe3b2580c20e40f54,21,1,0.04058948298916221,25,219,184,427,464,329,21,142,142,224,301,185
phase_6_line_1,line,parallel,3,phase,grid25,233,abc45e21d43a8813a6f2ce9dc4b81ac3f8ee0934df19674fe3b2580c20e40f54,21,1,0.040785270277410746,25,241,196,424,493,334,21,142,142,224,301,185
phase_6_line_1,line,complete,3,full,sherbrooke,211,73eec801f54189ecba6e29c367a730aad214088f4a0201a538f0982a724d86c2,24,5,3.87921041296795,127,19955,12033,3100,3934,852,24,3661,2329,1464,587,204
phase_6_line_1,line,complete,3,full,sherbrooke,223,73eec801f54189ecba6e29c367a730aad214088f4a0201a538f0982a724d86c2,24,5,3.9886778108775616,127,19943,12010,3104,3973,818,24,3661,2329,1464,587,204
phase_6_line_1,line,complete,3,full,sherbrooke,227,73eec801f54189ecba6e29c367a730aad214088f4a0201a538f0982a724d86c2,24,5,3.593811254017055,127,19089,11587,2991,3908,860,24,3661,2329,1464,587,204
phase_6_line_1,line,complete,3,full,sherbrooke,229,73eec801f54189ecba6e29c367a730aad214088f4a0201a538f0982a724d86c2,24,5,3.664288183208555,127,19345,11707,2946,3442,697,24,3661,2329,1464,587,204
phase_6_line_1,line,complete,3,full,sherbrooke,233,73eec801f54189ecba6e29c367a730aad214088f4a0201a538f0982a724d86c2,24,5,4.1443429929204285,127,19373,11671,3020,3206,697,24,3661,2329,1464,587,204
phase_6_line_1,line,complete,3,prep,sherbrooke,211,12bfb4d3ffec5e283973e4a88f7869ab18f4463aa46e726ac8e90c8f673c8061,24,0,0.011089273728430271,127,4,0,0,1,0,24,4,0,0,1,0
phase_6_line_1,line,complete,3,prep,sherbrooke,223,12bfb4d3ffec5e283973e4a88f7869ab18f4463aa46e726ac8e90c8f673c8061,24,0,0.010609593708068132,127,4,0,0,1,0,24,4,0,0,1,0
phase_6_line_1,line,complete,3,prep,sherbrooke,227,12bfb4d3ffec5e283973e4a88f7869ab18f4463aa46e726ac8e90c8f673c8061,24,0,0.014649800956249237,127,4,0,0,1,0,24,4,0,0,1,0
phase_6_line_1,line,complete,3,prep,sherbrooke,229,12bfb4d3ffec5e283973e4a88f7869ab18f4463aa46e726ac8e90c8f673c8061,24,0,0.010311273857951164,127,4,0,0,1,0,24,4,0,0,1,0
phase_6_line_1,line,complete,3,prep,sherbrooke,233,12bfb4d3ffec5e283973e4a88f7869ab18f4463aa46e726ac8e90c8f673c8061,24,0,0.010517730843275785,127,4,0,0,1,0,24,4,0,0,1,0
phase_6_line_1,line,complete,3,prep,line25,211,12bfb4d3ffec5e283973e4a88f7869ab18f4463aa46e726ac8e90c8f673c8061,24,0,0.00812622020021081,25,4,0,0,1,0,24,4,0,0,1,0
phase_6_line_1,line,complete,3,prep,line25,223,12bfb4d3ffec5e283973e4a88f7869ab18f4463aa46e726ac8e90c8f673c8061,24,0,0.008001385722309351,25,4,0,0,1,0,24,4,0,0,1,0
phase_6_line_1,line,complete,3,prep,line25,227,12bfb4d3ffec5e283973e4a88f7869ab18f4463aa46e726ac8e90c8f673c8061,24,0,0.007997238077223301,25,4,0,0,1,0,24,4,0,0,1,0
phase_6_line_1,line,complete,3,prep,line25,229,12bfb4d3ffec5e283973e4a88f7869ab18f4463aa46e726ac8e90c8f673c8061,24,0,0.008025150280445814,25,4,0,0,1,0,24,4,0,0,1,0
phase_6_line_1,line,complete,3,prep,line25,233,12bfb4d3ffec5e283973e4a88f7869ab18f4463aa46e726ac8e90c8f673c8061,24,0,0.007981328293681145,25,4,0,0,1,0,24,4,0,0,1,0
phase_6_line_1,line,complete,3,prep,grid25,211,12bfb4d3ffec5e283973e4a88f7869ab18f4463aa46e726ac8e90c8f673c8061,24,0,0.008291431237012148,25,4,0,0,1,0,24,4,0,0,1,0
phase_6_line_1,line,complete,3,prep,grid25,223,12bfb4d3ffec5e283973e4a88f7869ab18f4463aa46e726ac8e90c8f673c8061,24,0,0.008317850064486265,25,4,0,0,1,0,24,4,0,0,1,0
phase_6_line_1,line,complete,3,prep,grid25,227,12bfb4d3ffec5e283973e4a88f7869ab18f4463aa46e726ac8e90c8f673c8061,24,0,0.008269438985735178,25,4,0,0,1,0,24,4,0,0,1,0
phase_6_line_1,line,complete,3,prep,grid25,229,12bfb4d3ffec5e283973e4a88f7869ab18f4463aa46e726ac8e90c8f673c8061,24,0,0.0082267289981246,25,4,0,0,1,0,24,4,0,0,1,0
phase_6_line_1,line,complete,3,prep,grid25,233,12bfb4d3ffec5e283973e4a88f7869ab18f4463aa46e726ac8e90c8f673c8061,24,0,0.008364478126168251,25,4,0,0,1,0,24,4,0,0,1,0
phase_6_line_1,line,complete,3,mixer,sherbrooke,211,29e6f3aaa5d4261fc09882b21a5db5d05fd2ec1fe35be906f42933c9d8981c83,24,1,0.05978452926501632,127,2416,1479,324,659,117,24,1080,636,240,147,36
phase_6_line_1,line,complete,3,mixer,sherbrooke,223,29e6f3aaa5d4261fc09882b21a5db5d05fd2ec1fe35be906f42933c9d8981c83,24,1,0.05648274812847376,127,2545,1555,328,394,68,24,1080,636,240,147,36
phase_6_line_1,line,complete,3,mixer,sherbrooke,227,29e6f3aaa5d4261fc09882b21a5db5d05fd2ec1fe35be906f42933c9d8981c83,24,1,0.05943462112918496,127,2464,1514,314,391,67,24,1080,636,240,147,36
phase_6_line_1,line,complete,3,mixer,sherbrooke,229,29e6f3aaa5d4261fc09882b21a5db5d05fd2ec1fe35be906f42933c9d8981c83,24,1,0.053199172019958496,127,2508,1526,320,416,70,24,1080,636,240,147,36
phase_6_line_1,line,complete,3,mixer,sherbrooke,233,29e6f3aaa5d4261fc09882b21a5db5d05fd2ec1fe35be906f42933c9d8981c83,24,1,0.05893327994272113,127,2379,1465,311,369,59,24,1080,636,240,147,36
phase_6_line_1,line,complete,3,mixer,line25,211,29e6f3aaa5d4261fc09882b21a5db5d05fd2ec1fe35be906f42933c9d8981c83,24,1,0.03845625603571534,25,1500,860,300,185,47,24,1080,636,240,147,36
phase_6_line_1,line,complete,3,mixer,line25,223,29e6f3aaa5d4261fc09882b21a5db5d05fd2ec1fe35be906f42933c9d8981c83,24,1,0.03835999500006437,25,1490,855,306,188,52,24,1080,636,240,147,36
phase_6_line_1,line,complete,3,mixer,line25,227,29e6f3aaa5d4261fc09882b21a5db5d05fd2ec1fe35be906f42933c9d8981c83,24,1,0.0382587262429297,25,1439,827,324,205,58,24,1080,636,240,147,36
phase_6_line_1,line,complete,3,mixer,line25,229,29e6f3aaa5d4261fc09882b21a5db5d05fd2ec1fe35be906f42933c9d8981c83,24,1,0.03835330391302705,25,1480,850,312,188,52,24,1080,636,240,147,36
phase_6_line_1,line,complete,3,mixer,line25,233,29e6f3aaa5d4261fc09882b21a5db5d05fd2ec1fe35be906f42933c9d8981c83,24,1,0.037615728098899126,25,1462,839,318,198,55,24,1080,636,240,147,36
phase_6_line_1,line,complete,3,mixer,grid25,211,29e6f3aaa5d4261fc09882b21a5db5d05fd2ec1fe35be906f42933c9d8981c83,24,1,0.03912977175787091,25,1259,725,293,207,60,24,1080,636,240,147,36
phase_6_line_1,line,complete,3,mixer,grid25,223,29e6f3aaa5d4261fc09882b21a5db5d05fd2ec1fe35be906f42933c9d8981c83,24,1,0.038128020241856575,25,1273,733,297,217,63,24,1080,636,240,147,36
phase_6_line_1,line,complete,3,mixer,grid25,227,29e6f3aaa5d4261fc09882b21a5db5d05fd2ec1fe35be906f42933c9d8981c83,24,1,0.037589918822050095,25,1260,722,297,206,60,24,1080,636,240,147,36
phase_6_line_1,line,complete,3,mixer,grid25,229,29e6f3aaa5d4261fc09882b21a5db5d05fd2ec1fe35be906f42933c9d8981c83,24,1,0.03812146792188287,25,1244,715,298,229,64,24,1080,636,240,147,36
phase_6_line_1,line,complete,3,mixer,grid25,233,29e6f3aaa5d4261fc09882b21a5db5d05fd2ec1fe35be906f42933c9d8981c83,24,1,0.03783904714509845,25,1274,733,301,212,63,24,1080,636,240,147,36
phase_6_line_1,line,complete,3,phase,sherbrooke,211,9e3b1c40cd0eebea36b4b4c975fe763c21ece505b6cba6d7857eb2b2a64dbeae,24,1,0.42602423718199134,127,5392,3266,865,1235,269,24,210,210,372,106,70
phase_6_line_1,line,complete,3,phase,sherbrooke,223,9e3b1c40cd0eebea36b4b4c975fe763c21ece505b6cba6d7857eb2b2a64dbeae,24,1,0.46296678110957146,127,5718,3455,945,1339,311,24,210,210,372,106,70
phase_6_line_1,line,complete,3,phase,sherbrooke,227,9e3b1c40cd0eebea36b4b4c975fe763c21ece505b6cba6d7857eb2b2a64dbeae,24,1,0.37719788728281856,127,4884,2969,780,1116,257,24,210,210,372,106,70
phase_6_line_1,line,complete,3,phase,sherbrooke,229,9e3b1c40cd0eebea36b4b4c975fe763c21ece505b6cba6d7857eb2b2a64dbeae,24,1,0.43235936388373375,127,5408,3269,890,1406,311,24,210,210,372,106,70
phase_6_line_1,line,complete,3,phase,sherbrooke,233,9e3b1c40cd0eebea36b4b4c975fe763c21ece505b6cba6d7857eb2b2a64dbeae,24,1,0.5479137729853392,127,5749,3472,977,1403,317,24,210,210,372,106,70
phase_6_line_1,line,complete,3,phase,line25,211,9e3b1c40cd0eebea36b4b4c975fe763c21ece505b6cba6d7857eb2b2a64dbeae,24,1,0.11930945981293917,25,1871,1116,935,432,203,24,210,210,372,106,70
phase_6_line_1,line,complete,3,phase,line25,223,9e3b1c40cd0eebea36b4b4c975fe763c21ece505b6cba6d7857eb2b2a64dbeae,24,1,0.11942965537309647,25,2025,1200,862,406,188,24,210,210,372,106,70
phase_6_line_1,line,complete,3,phase,line25,227,9e3b1c40cd0eebea36b4b4c975fe763c21ece505b6cba6d7857eb2b2a64dbeae,24,1,0.11663557915017009,25,1948,1158,890,406,195,24,210,210,372,106,70
phase_6_line_1,line,complete,3,phase,line25,229,9e3b1c40cd0eebea36b4b4c975fe763c21ece505b6cba6d7857eb2b2a64dbeae,24,1,0.11678607203066349,25,1915,1140,885,439,229,24,210,210,372,106,70
phase_6_line_1,line,complete,3,phase,line25,233,9e3b1c40cd0eebea36b4b4c975fe763c21ece505b6cba6d7857eb2b2a64dbeae,24,1,0.11688050907105207,25,1926,1146,889,420,218,24,210,210,372,106,70
phase_6_line_1,line,complete,3,phase,grid25,211,9e3b1c40cd0eebea36b4b4c975fe763c21ece505b6cba6d7857eb2b2a64dbeae,24,1,0.09506042301654816,25,837,552,651,465,265,24,210,210,372,106,70
phase_6_line_1,line,complete,3,phase,grid25,223,9e3b1c40cd0eebea36b4b4c975fe763c21ece505b6cba6d7857eb2b2a64dbeae,24,1,0.09436381375417113,25,639,444,696,399,254,24,210,210,372,106,70
phase_6_line_1,line,complete,3,phase,grid25,227,9e3b1c40cd0eebea36b4b4c975fe763c21ece505b6cba6d7857eb2b2a64dbeae,24,1,0.09473266778513789,25,628,438,706,383,248,24,210,210,372,106,70
phase_6_line_1,line,complete,3,phase,grid25,229,9e3b1c40cd0eebea36b4b4c975fe763c21ece505b6cba6d7857eb2b2a64dbeae,24,1,0.0949520100839436,25,452,342,754,387,285,24,210,210,372,106,70
phase_6_line_1,line,complete,3,phase,grid25,233,9e3b1c40cd0eebea36b4b4c975fe763c21ece505b6cba6d7857eb2b2a64dbeae,24,1,0.09399836882948875,25,694,474,677,398,269,24,210,210,372,106,70
phase_6_line_1,line,ring,3,full,sherbrooke,211,19bc8bada2df6e82b3ab8f1df71c80bd60f7908a8ade97bc0d5e21b590238b03,24,5,2.748826644849032,127,15562,9379,2475,3453,737,24,2041,1357,1032,488,184
phase_6_line_1,line,ring,3,full,sherbrooke,223,19bc8bada2df6e82b3ab8f1df71c80bd60f7908a8ade97bc0d5e21b590238b03,24,5,2.7148567442782223,127,15295,9193,2497,3263,700,24,2041,1357,1032,488,184
phase_6_line_1,line,ring,3,full,sherbrooke,227,19bc8bada2df6e82b3ab8f1df71c80bd60f7908a8ade97bc0d5e21b590238b03,24,5,2.4726428422145545,127,15432,9297,2500,3253,733,24,2041,1357,1032,488,184
phase_6_line_1,line,ring,3,full,sherbrooke,229,19bc8bada2df6e82b3ab8f1df71c80bd60f7908a8ade97bc0d5e21b590238b03,24,5,2.339128267019987,127,15496,9346,2476,3152,674,24,2041,1357,1032,488,184
phase_6_line_1,line,ring,3,full,sherbrooke,233,19bc8bada2df6e82b3ab8f1df71c80bd60f7908a8ade97bc0d5e21b590238b03,24,5,2.5921663851477206,127,15333,9203,2490,3124,692,24,2041,1357,1032,488,184
phase_6_line_1,line,ring,3,prep,sherbrooke,211,12bfb4d3ffec5e283973e4a88f7869ab18f4463aa46e726ac8e90c8f673c8061,24,0,0.010970120783895254,127,4,0,0,1,0,24,4,0,0,1,0
phase_6_line_1,line,ring,3,prep,sherbrooke,223,12bfb4d3ffec5e283973e4a88f7869ab18f4463aa46e726ac8e90c8f673c8061,24,0,0.010622406844049692,127,4,0,0,1,0,24,4,0,0,1,0
phase_6_line_1,line,ring,3,prep,sherbrooke,227,12bfb4d3ffec5e283973e4a88f7869ab18f4463aa46e726ac8e90c8f673c8061,24,0,0.010634249076247215,127,4,0,0,1,0,24,4,0,0,1,0
phase_6_line_1,line,ring,3,prep,sherbrooke,229,12bfb4d3ffec5e283973e4a88f7869ab18f4463aa46e726ac8e90c8f673c8061,24,0,0.010389099828898907,127,4,0,0,1,0,24,4,0,0,1,0
phase_6_line_1,line,ring,3,prep,sherbrooke,233,12bfb4d3ffec5e283973e4a88f7869ab18f4463aa46e726ac8e90c8f673c8061,24,0,0.010572122875601053,127,4,0,0,1,0,24,4,0,0,1,0
phase_6_line_1,line,ring,3,prep,line25,211,12bfb4d3ffec5e283973e4a88f7869ab18f4463aa46e726ac8e90c8f673c8061,24,0,0.008133593946695328,25,4,0,0,1,0,24,4,0,0,1,0
phase_6_line_1,line,ring,3,prep,line25,223,12bfb4d3ffec5e283973e4a88f7869ab18f4463aa46e726ac8e90c8f673c8061,24,0,0.008084001019597054,25,4,0,0,1,0,24,4,0,0,1,0
phase_6_line_1,line,ring,3,prep,line25,227,12bfb4d3ffec5e283973e4a88f7869ab18f4463aa46e726ac8e90c8f673c8061,24,0,0.00803550984710455,25,4,0,0,1,0,24,4,0,0,1,0
phase_6_line_1,line,ring,3,prep,line25,229,12bfb4d3ffec5e283973e4a88f7869ab18f4463aa46e726ac8e90c8f673c8061,24,0,0.008040458895266056,25,4,0,0,1,0,24,4,0,0,1,0
phase_6_line_1,line,ring,3,prep,line25,233,12bfb4d3ffec5e283973e4a88f7869ab18f4463aa46e726ac8e90c8f673c8061,24,0,0.00801515206694603,25,4,0,0,1,0,24,4,0,0,1,0
phase_6_line_1,line,ring,3,prep,grid25,211,12bfb4d3ffec5e283973e4a88f7869ab18f4463aa46e726ac8e90c8f673c8061,24,0,0.00845230184495449,25,4,0,0,1,0,24,4,0,0,1,0
phase_6_line_1,line,ring,3,prep,grid25,223,12bfb4d3ffec5e283973e4a88f7869ab18f4463aa46e726ac8e90c8f673c8061,24,0,0.008277444168925285,25,4,0,0,1,0,24,4,0,0,1,0
phase_6_line_1,line,ring,3,prep,grid25,227,12bfb4d3ffec5e283973e4a88f7869ab18f4463aa46e726ac8e90c8f673c8061,24,0,0.00821752194315195,25,4,0,0,1,0,24,4,0,0,1,0
phase_6_line_1,line,ring,3,prep,grid25,229,12bfb4d3ffec5e283973e4a88f7869ab18f4463aa46e726ac8e90c8f673c8061,24,0,0.008279598783701658,25,4,0,0,1,0,24,4,0,0,1,0
phase_6_line_1,line,ring,3,prep,grid25,233,12bfb4d3ffec5e283973e4a88f7869ab18f4463aa46e726ac8e90c8f673c8061,24,0,0.008260251954197884,25,4,0,0,1,0,24,4,0,0,1,0
phase_6_line_1,line,ring,3,mixer,sherbrooke,211,25b45044ced3e303101850493664090c765b1ab6cc90cb30e6aff0c414dcfb5a,24,1,0.03776397695764899,127,1126,681,146,186,34,24,540,312,96,106,24
phase_6_line_1,line,ring,3,mixer,sherbrooke,223,25b45044ced3e303101850493664090c765b1ab6cc90cb30e6aff0c414dcfb5a,24,1,0.0316875958815217,127,1180,717,151,209,42,24,540,312,96,106,24
phase_6_line_1,line,ring,3,mixer,sherbrooke,227,25b45044ced3e303101850493664090c765b1ab6cc90cb30e6aff0c414dcfb5a,24,1,0.03037078306078911,127,1110,678,151,250,46,24,540,312,96,106,24
phase_6_line_1,line,ring,3,mixer,sherbrooke,229,25b45044ced3e303101850493664090c765b1ab6cc90cb30e6aff0c414dcfb5a,24,1,0.027180562261492014,127,1104,676,143,186,36,24,540,312,96,106,24
phase_6_line_1,line,ring,3,mixer,sherbrooke,233,25b45044ced3e303101850493664090c765b1ab6cc90cb30e6aff0c414dcfb5a,24,1,0.03422270715236664,127,1076,652,151,199,39,24,540,312,96,106,24
phase_6_line_1,line,ring,3,mixer,line25,211,25b45044ced3e303101850493664090c765b1ab6cc90cb30e6aff0c414dcfb5a,24,1,0.021553796250373125,25,578,334,149,120,34,24,540,312,96,106,24
phase_6_line_1,line,ring,3,mixer,line25,223,25b45044ced3e303101850493664090c765b1ab6cc90cb30e6aff0c414dcfb5a,24,1,0.021593309938907623,25,596,348,144,121,34,24,540,312,96,106,24
phase_6_line_1,line,ring,3,mixer,line25,227,25b45044ced3e303101850493664090c765b1ab6cc90cb30e6aff0c414dcfb5a,24,1,0.021410726942121983,25,599,349,147,122,34,24,540,312,96,106,24
phase_6_line_1,line,ring,3,mixer,line25,229,25b45044ced3e303101850493664090c765b1ab6cc90cb30e6aff0c414dcfb5a,24,1,0.021681616082787514,25,604,352,149,122,32,24,540,312,96,106,24
phase_6_line_1,line,ring,3,mixer,line25,233,25b45044ced3e303101850493664090c765b1ab6cc90cb30e6aff0c414dcfb5a,24,1,0.021213846746832132,25,600,351,146,121,32,24,540,312,96,106,24
phase_6_line_1,line,ring,3,mixer,grid25,211,25b45044ced3e303101850493664090c765b1ab6cc90cb30e6aff0c414dcfb5a,24,1,0.017341685947030783,25,551,318,102,113,27,24,540,312,96,106,24
phase_6_line_1,line,ring,3,mixer,grid25,223,25b45044ced3e303101850493664090c765b1ab6cc90cb30e6aff0c414dcfb5a,24,1,0.01690003601834178,25,540,312,96,106,24,24,540,312,96,106,24
phase_6_line_1,line,ring,3,mixer,grid25,227,25b45044ced3e303101850493664090c765b1ab6cc90cb30e6aff0c414dcfb5a,24,1,0.01729814475402236,25,540,312,102,110,27,24,540,312,96,106,24
phase_6_line_1,line,ring,3,mixer,grid25,229,25b45044ced3e303101850493664090c765b1ab6cc90cb30e6aff0c414dcfb5a,24,1,0.017237219959497452,25,568,328,106,127,31,24,540,312,96,106,24
phase_6_line_1,line,ring,3,mixer,grid25,233,25b45044ced3e303101850493664090c765b1ab6cc90cb30e6aff0c414dcfb5a,24,1,0.01780599681660533,25,548,316,100,114,28,24,540,312,96,106,24
phase_6_line_1,line,ring,3,phase,sherbrooke,211,9e3b1c40cd0eebea36b4b4c975fe763c21ece505b6cba6d7857eb2b2a64dbeae,24,1,0.4256749409250915,127,5392,3266,865,1235,269,24,210,210,372,106,70
phase_6_line_1,line,ring,3,phase,sherbrooke,223,9e3b1c40cd0eebea36b4b4c975fe763c21ece505b6cba6d7857eb2b2a64dbeae,24,1,0.4671467309817672,127,5718,3455,945,1339,311,24,210,210,372,106,70
phase_6_line_1,line,ring,3,phase,sherbrooke,227,9e3b1c40cd0eebea36b4b4c975fe763c21ece505b6cba6d7857eb2b2a64dbeae,24,1,0.376917558722198,127,4884,2969,780,1116,257,24,210,210,372,106,70
phase_6_line_1,line,ring,3,phase,sherbrooke,229,9e3b1c40cd0eebea36b4b4c975fe763c21ece505b6cba6d7857eb2b2a64dbeae,24,1,0.4389700568281114,127,5408,3269,890,1406,311,24,210,210,372,106,70
phase_6_line_1,line,ring,3,phase,sherbrooke,233,9e3b1c40cd0eebea36b4b4c975fe763c21ece505b6cba6d7857eb2b2a64dbeae,24,1,0.5485958429053426,127,5749,3472,977,1403,317,24,210,210,372,106,70
phase_6_line_1,line,ring,3,phase,line25,211,9e3b1c40cd0eebea36b4b4c975fe763c21ece505b6cba6d7857eb2b2a64dbeae,24,1,0.12071024114266038,25,1871,1116,935,432,203,24,210,210,372,106,70
phase_6_line_1,line,ring,3,phase,line25,223,9e3b1c40cd0eebea36b4b4c975fe763c21ece505b6cba6d7857eb2b2a64dbeae,24,1,0.11625434271991253,25,2025,1200,862,406,188,24,210,210,372,106,70
phase_6_line_1,line,ring,3,phase,line25,227,9e3b1c40cd0eebea36b4b4c975fe763c21ece505b6cba6d7857eb2b2a64dbeae,24,1,0.11668947013095021,25,1948,1158,890,406,195,24,210,210,372,106,70
phase_6_line_1,line,ring,3,phase,line25,229,9e3b1c40cd0eebea36b4b4c975fe763c21ece505b6cba6d7857eb2b2a64dbeae,24,1,0.11697401385754347,25,1915,1140,885,439,229,24,210,210,372,106,70
phase_6_line_1,line,ring,3,phase,line25,233,9e3b1c40cd0eebea36b4b4c975fe763c21ece505b6cba6d7857eb2b2a64dbeae,24,1,0.11638750275596976,25,1926,1146,889,420,218,24,210,210,372,106,70
phase_6_line_1,line,ring,3,phase,grid25,211,9e3b1c40cd0eebea36b4b4c975fe763c21ece505b6cba6d7857eb2b2a64dbeae,24,1,0.09466505004093051,25,837,552,651,465,265,24,210,210,372,106,70
phase_6_line_1,line,ring,3,phase,grid25,223,9e3b1c40cd0eebea36b4b4c975fe763c21ece505b6cba6d7857eb2b2a64dbeae,24,1,0.09502778202295303,25,639,444,696,399,254,24,210,210,372,106,70
phase_6_line_1,line,ring,3,phase,grid25,227,9e3b1c40cd0eebea36b4b4c975fe763c21ece505b6cba6d7857eb2b2a64dbeae,24,1,0.0951216877438128,25,628,438,706,383,248,24,210,210,372,106,70
phase_6_line_1,line,ring,3,phase,grid25,229,9e3b1c40cd0eebea36b4b4c975fe763c21ece505b6cba6d7857eb2b2a64dbeae,24,1,0.09547682479023933,25,452,342,754,387,285,24,210,210,372,106,70
phase_6_line_1,line,ring,3,phase,grid25,233,9e3b1c40cd0eebea36b4b4c975fe763c21ece505b6cba6d7857eb2b2a64dbeae,24,1,0.0966336471028626,25,694,474,677,398,269,24,210,210,372,106,70
phase_6_line_2,line,serial,3,full,sherbrooke,211,3dc8d9238ad6fba617386928c2c03770289ac29833274d35554092c187888f10,19,5,3.655511029995978,127,17764,10362,3223,8738,2086,19,1425,1123,1061,1322,794
phase_6_line_2,line,serial,3,full,sherbrooke,223,3dc8d9238ad6fba617386928c2c03770289ac29833274d35554092c187888f10,19,5,3.507991905324161,127,17432,10206,3120,8801,2080,19,1425,1123,1061,1322,794
phase_6_line_2,line,serial,3,full,sherbrooke,227,3dc8d9238ad6fba617386928c2c03770289ac29833274d35554092c187888f10,19,5,3.466201256029308,127,17345,10143,3131,8263,1968,19,1425,1123,1061,1322,794
phase_6_line_2,line,serial,3,full,sherbrooke,229,3dc8d9238ad6fba617386928c2c03770289ac29833274d35554092c187888f10,19,5,3.4595946110785007,127,17740,10402,3160,8684,2048,19,1425,1123,1061,1322,794
phase_6_line_2,line,serial,3,full,sherbrooke,233,3dc8d9238ad6fba617386928c2c03770289ac29833274d35554092c187888f10,19,5,3.4045040658675134,127,16872,9801,3143,8150,2016,19,1425,1123,1061,1322,794
phase_6_line_2,line,serial,3,prep,sherbrooke,211,0abcbf7c27981e437b863c4c778786f1820aa62d796301176f84954f4aea0c15,19,0,0.010897744912654161,127,7,0,0,1,0,19,7,0,0,1,0
phase_6_line_2,line,serial,3,prep,sherbrooke,223,0abcbf7c27981e437b863c4c778786f1820aa62d796301176f84954f4aea0c15,19,0,0.01086866995319724,127,7,0,0,1,0,19,7,0,0,1,0
phase_6_line_2,line,serial,3,prep,sherbrooke,227,0abcbf7c27981e437b863c4c778786f1820aa62d796301176f84954f4aea0c15,19,0,0.011029092129319906,127,7,0,0,1,0,19,7,0,0,1,0
phase_6_line_2,line,serial,3,prep,sherbrooke,229,0abcbf7c27981e437b863c4c778786f1820aa62d796301176f84954f4aea0c15,19,0,0.015818415209650993,127,7,0,0,1,0,19,7,0,0,1,0
phase_6_line_2,line,serial,3,prep,sherbrooke,233,0abcbf7c27981e437b863c4c778786f1820aa62d796301176f84954f4aea0c15,19,0,0.010786005295813084,127,7,0,0,1,0,19,7,0,0,1,0
phase_6_line_2,line,serial,3,prep,line25,211,0abcbf7c27981e437b863c4c778786f1820aa62d796301176f84954f4aea0c15,19,0,0.009261452127248049,25,7,0,0,1,0,19,7,0,0,1,0
phase_6_line_2,line,serial,3,prep,line25,223,0abcbf7c27981e437b863c4c778786f1820aa62d796301176f84954f4aea0c15,19,0,0.008453484624624252,25,7,0,0,1,0,19,7,0,0,1,0
phase_6_line_2,line,serial,3,prep,line25,227,0abcbf7c27981e437b863c4c778786f1820aa62d796301176f84954f4aea0c15,19,0,0.00848315004259348,25,7,0,0,1,0,19,7,0,0,1,0
phase_6_line_2,line,serial,3,prep,line25,229,0abcbf7c27981e437b863c4c778786f1820aa62d796301176f84954f4aea0c15,19,0,0.008325845003128052,25,7,0,0,1,0,19,7,0,0,1,0
phase_6_line_2,line,serial,3,prep,line25,233,0abcbf7c27981e437b863c4c778786f1820aa62d796301176f84954f4aea0c15,19,0,0.00841316906735301,25,7,0,0,1,0,19,7,0,0,1,0
phase_6_line_2,line,serial,3,prep,grid25,211,0abcbf7c27981e437b863c4c778786f1820aa62d796301176f84954f4aea0c15,19,0,0.008700478821992874,25,7,0,0,1,0,19,7,0,0,1,0
phase_6_line_2,line,serial,3,prep,grid25,223,0abcbf7c27981e437b863c4c778786f1820aa62d796301176f84954f4aea0c15,19,0,0.008548964280635118,25,7,0,0,1,0,19,7,0,0,1,0
phase_6_line_2,line,serial,3,prep,grid25,227,0abcbf7c27981e437b863c4c778786f1820aa62d796301176f84954f4aea0c15,19,0,0.008599848952144384,25,7,0,0,1,0,19,7,0,0,1,0
phase_6_line_2,line,serial,3,prep,grid25,229,0abcbf7c27981e437b863c4c778786f1820aa62d796301176f84954f4aea0c15,19,0,0.008651305921375751,25,7,0,0,1,0,19,7,0,0,1,0
phase_6_line_2,line,serial,3,prep,grid25,233,0abcbf7c27981e437b863c4c778786f1820aa62d796301176f84954f4aea0c15,19,0,0.008725655265152454,25,7,0,0,1,0,19,7,0,0,1,0
phase_6_line_2,line,serial,3,mixer,sherbrooke,211,db312e3c1038947720c38f1cb6c11a55240ab4ce206ba5284e62f0469694635b,19,1,0.08380129979923368,127,2870,1686,479,1626,378,19,384,282,195,276,152
phase_6_line_2,line,serial,3,mixer,sherbrooke,223,db312e3c1038947720c38f1cb6c11a55240ab4ce206ba5284e62f0469694635b,19,1,0.08000941900536418,127,2659,1558,442,1465,332,19,384,282,195,276,152
phase_6_line_2,line,serial,3,mixer,sherbrooke,227,db312e3c1038947720c38f1cb6c11a55240ab4ce206ba5284e62f0469694635b,19,1,0.06936108274385333,127,2763,1620,453,1509,343,19,384,282,195,276,152
phase_6_line_2,line,serial,3,mixer,sherbrooke,229,db312e3c1038947720c38f1cb6c11a55240ab4ce206ba5284e62f0469694635b,19,1,0.06835824996232986,127,2580,1505,439,1475,348,19,384,282,195,276,152
phase_6_line_2,line,serial,3,mixer,sherbrooke,233,db312e3c1038947720c38f1cb6c11a55240ab4ce206ba5284e62f0469694635b,19,1,0.09897421300411224,127,2841,1666,484,1458,345,19,384,282,195,276,152
phase_6_line_2,line,serial,3,mixer,line25,211,db312e3c1038947720c38f1cb6c11a55240ab4ce206ba5284e62f0469694635b,19,1,0.05004583112895489,25,725,463,523,654,402,19,384,282,195,276,152
phase_6_line_2,line,serial,3,mixer,line25,223,db312e3c1038947720c38f1cb6c11a55240ab4ce206ba5284e62f0469694635b,19,1,0.04922018991783261,25,762,482,494,625,365,19,384,282,195,276,152
phase_6_line_2,line,serial,3,mixer,line25,227,db312e3c1038947720c38f1cb6c11a55240ab4ce206ba5284e62f0469694635b,19,1,0.049666357692331076,25,695,449,573,678,446,19,384,282,195,276,152
phase_6_line_2,line,serial,3,mixer,line25,229,db312e3c1038947720c38f1cb6c11a55240ab4ce206ba5284e62f0469694635b,19,1,0.04830152494832873,25,680,441,511,625,389,19,384,282,195,276,152
phase_6_line_2,line,serial,3,mixer,line25,233,db312e3c1038947720c38f1cb6c11a55240ab4ce206ba5284e62f0469694635b,19,1,0.047424288000911474,25,746,474,495,622,367,19,384,282,195,276,152
phase_6_line_2,line,serial,3,mixer,grid25,211,db312e3c1038947720c38f1cb6c11a55240ab4ce206ba5284e62f0469694635b,19,1,0.045488893054425716,25,492,337,374,460,289,19,384,282,195,276,152
phase_6_line_2,line,serial,3,mixer,grid25,223,db312e3c1038947720c38f1cb6c11a55240ab4ce206ba5284e62f0469694635b,19,1,0.04591814894229174,25,508,347,371,472,294,19,384,282,195,276,152
phase_6_line_2,line,serial,3,mixer,grid25,227,db312e3c1038947720c38f1cb6c11a55240ab4ce206ba5284e62f0469694635b,19,1,0.04201302584260702,25,526,355,351,482,280,19,384,282,195,276,152
phase_6_line_2,line,serial,3,mixer,grid25,229,db312e3c1038947720c38f1cb6c11a55240ab4ce206ba5284e62f0469694635b,19,1,0.04591435194015503,25,567,374,359,464,268,19,384,282,195,276,152
phase_6_line_2,line,serial,3,mixer,grid25,233,db312e3c1038947720c38f1cb6c11a55240ab4ce206ba5284e62f0469694635b,19,1,0.04230918223038316,25,471,332,399,458,276,19,384,282,195,276,152
phase_6_line_2,line,serial,3,phase,sherbrooke,211,771d48c74a0531690c93ec6d759d68b81fc9ade0ace2b2ef20a203fd43cef95c,19,1,0.17747914604842663,127,3800,2250,686,2111,486,19,139,139,238,330,216
phase_6_line_2,line,serial,3,phase,sherbrooke,223,771d48c74a0531690c93ec6d759d68b81fc9ade0ace2b2ef20a203fd43cef95c,19,1,0.20839825877919793,127,3821,2259,684,2126,516,19,139,139,238,330,216
phase_6_line_2,line,serial,3,phase,sherbrooke,227,771d48c74a0531690c93ec6d759d68b81fc9ade0ace2b2ef20a203fd43cef95c,19,1,0.24774560937657952,127,4152,2479,715,2251,511,19,139,139,238,330,216
phase_6_line_2,line,serial,3,phase,sherbrooke,229,771d48c74a0531690c93ec6d759d68b81fc9ade0ace2b2ef20a203fd43cef95c,19,1,0.1917975042015314,127,4152,2503,676,2134,469,19,139,139,238,330,216
phase_6_line_2,line,serial,3,phase,sherbrooke,233,771d48c74a0531690c93ec6d759d68b81fc9ade0ace2b2ef20a203fd43cef95c,19,1,0.1926903109997511,127,3407,1994,661,1952,494,19,139,139,238,330,216
phase_6_line_2,line,serial,3,phase,line25,211,771d48c74a0531690c93ec6d759d68b81fc9ade0ace2b2ef20a203fd43cef95c,19,1,0.0672028698027134,25,400,281,885,824,613,19,139,139,238,330,216
phase_6_line_2,line,serial,3,phase,line25,223,771d48c74a0531690c93ec6d759d68b81fc9ade0ace2b2ef20a203fd43cef95c,19,1,0.06752756889909506,25,398,280,932,854,623,19,139,139,238,330,216
phase_6_line_2,line,serial,3,phase,line25,227,771d48c74a0531690c93ec6d759d68b81fc9ade0ace2b2ef20a203fd43cef95c,19,1,0.06657292693853378,25,410,286,891,814,593,19,139,139,238,330,216
phase_6_line_2,line,serial,3,phase,line25,229,771d48c74a0531690c93ec6d759d68b81fc9ade0ace2b2ef20a203fd43cef95c,19,1,0.06765885604545474,25,398,280,935,851,617,19,139,139,238,330,216
phase_6_line_2,line,serial,3,phase,line25,233,771d48c74a0531690c93ec6d759d68b81fc9ade0ace2b2ef20a203fd43cef95c,19,1,0.06990921217948198,25,409,286,931,862,624,19,139,139,238,330,216
phase_6_line_2,line,serial,3,phase,grid25,211,771d48c74a0531690c93ec6d759d68b81fc9ade0ace2b2ef20a203fd43cef95c,19,1,0.04093215707689524,25,291,222,458,545,355,19,139,139,238,330,216
phase_6_line_2,line,serial,3,phase,grid25,223,771d48c74a0531690c93ec6d759d68b81fc9ade0ace2b2ef20a203fd43cef95c,19,1,0.040731378830969334,25,313,234,463,571,364,19,139,139,238,330,216
phase_6_line_2,line,serial,3,phase,grid25,227,771d48c74a0531690c93ec6d759d68b81fc9ade0ace2b2ef20a203fd43cef95c,19,1,0.04069488029927015,25,270,210,458,548,370,19,139,139,238,330,216
phase_6_line_2,line,serial,3,phase,grid25,229,771d48c74a0531690c93ec6d759d68b81fc9ade0ace2b2ef20a203fd43cef95c,19,1,0.040679431054741144,25,227,187,450,514,364,19,139,139,238,330,216
phase_6_line_2,line,serial,3,phase,grid25,233,771d48c74a0531690c93ec6d759d68b81fc9ade0ace2b2ef20a203fd43cef95c,19,1,0.04109015315771103,25,282,217,470,563,379,19,139,139,238,330,216
phase_6_line_2,line,parallel,3,full,sherbrooke,211,dd9c446772d2574e317f0740b48791103bee8f3158b10017bfda22180043d221,21,5,3.6081781843677163,127,17594,10276,3155,6871,1660,21,1430,1126,1061,1010,617
phase_6_line_2,line,parallel,3,full,sherbrooke,223,dd9c446772d2574e317f0740b48791103bee8f3158b10017bfda22180043d221,21,5,3.645802828948945,127,17959,10563,3192,6803,1613,21,1430,1126,1061,1010,617
phase_6_line_2,line,parallel,3,full,sherbrooke,227,dd9c446772d2574e317f0740b48791103bee8f3158b10017bfda22180043d221,21,5,3.4697364759631455,127,17423,10180,3169,7114,1720,21,1430,1126,1061,1010,617
phase_6_line_2,line,parallel,3,full,sherbrooke,229,dd9c446772d2574e317f0740b48791103bee8f3158b10017bfda22180043d221,21,5,3.645388620905578,127,18174,10678,3199,7116,1661,21,1430,1126,1061,1010,617
phase_6_line_2,line,parallel,3,full,sherbrooke,233,dd9c446772d2574e317f0740b48791103bee8f3158b10017bfda22180043d221,21,5,3.244524632114917,127,17232,10106,3069,6725,1559,21,1430,1126,1061,1010,617
phase_6_line_2,line,parallel,3,prep,sherbrooke,211,1f58d6eac272884dde87eabf7a0d35224737670c0e69afddbc91cfdc1b25b73c,21,0,0.010573525913059711,127,7,0,0,1,0,21,7,0,0,1,0
phase_6_line_2,line,parallel,3,prep,sherbrooke,223,1f58d6eac272884dde87eabf7a0d35224737670c0e69afddbc91cfdc1b25b73c,21,0,0.010525777004659176,127,7,0,0,1,0,21,7,0,0,1,0
phase_6_line_2,line,parallel,3,prep,sherbrooke,227,1f58d6eac272884dde87eabf7a0d35224737670c0e69afddbc91cfdc1b25b73c,21,0,0.014010349754244089,127,7,0,0,1,0,21,7,0,0,1,0
phase_6_line_2,line,parallel,3,prep,sherbrooke,229,1f58d6eac272884dde87eabf7a0d35224737670c0e69afddbc91cfdc1b25b73c,21,0,0.010613020043820143,127,7,0,0,1,0,21,7,0,0,1,0
phase_6_line_2,line,parallel,3,prep,sherbrooke,233,1f58d6eac272884dde87eabf7a0d35224737670c0e69afddbc91cfdc1b25b73c,21,0,0.010240080300718546,127,7,0,0,1,0,21,7,0,0,1,0
phase_6_line_2,line,parallel,3,prep,line25,211,1f58d6eac272884dde87eabf7a0d35224737670c0e69afddbc91cfdc1b25b73c,21,0,0.008123283740133047,25,7,0,0,1,0,21,7,0,0,1,0
phase_6_line_2,line,parallel,3,prep,line25,223,1f58d6eac272884dde87eabf7a0d35224737670c0e69afddbc91cfdc1b25b73c,21,0,0.008080214262008667,25,7,0,0,1,0,21,7,0,0,1,0
phase_6_line_2,line,parallel,3,prep,line25,227,1f58d6eac272884dde87eabf7a0d35224737670c0e69afddbc91cfdc1b25b73c,21,0,0.008040087763220072,25,7,0,0,1,0,21,7,0,0,1,0
phase_6_line_2,line,parallel,3,prep,line25,229,1f58d6eac272884dde87eabf7a0d35224737670c0e69afddbc91cfdc1b25b73c,21,0,0.008060185704380274,25,7,0,0,1,0,21,7,0,0,1,0
phase_6_line_2,line,parallel,3,prep,line25,233,1f58d6eac272884dde87eabf7a0d35224737670c0e69afddbc91cfdc1b25b73c,21,0,0.008115860167890787,25,7,0,0,1,0,21,7,0,0,1,0
phase_6_line_2,line,parallel,3,prep,grid25,211,1f58d6eac272884dde87eabf7a0d35224737670c0e69afddbc91cfdc1b25b73c,21,0,0.008378013037145138,25,7,0,0,1,0,21,7,0,0,1,0
phase_6_line_2,line,parallel,3,prep,grid25,223,1f58d6eac272884dde87eabf7a0d35224737670c0e69afddbc91cfdc1b25b73c,21,0,0.00836124224588275,25,7,0,0,1,0,21,7,0,0,1,0
phase_6_line_2,line,parallel,3,prep,grid25,227,1f58d6eac272884dde87eabf7a0d35224737670c0e69afddbc91cfdc1b25b73c,21,0,0.00836910679936409,25,7,0,0,1,0,21,7,0,0,1,0
phase_6_line_2,line,parallel,3,prep,grid25,229,1f58d6eac272884dde87eabf7a0d35224737670c0e69afddbc91cfdc1b25b73c,21,0,0.008363906759768724,25,7,0,0,1,0,21,7,0,0,1,0
phase_6_line_2,line,parallel,3,prep,grid25,233,1f58d6eac272884dde87eabf7a0d35224737670c0e69afddbc91cfdc1b25b73c,21,0,0.008446412160992622,25,7,0,0,1,0,21,7,0,0,1,0
phase_6_line_2,line,parallel,3,mixer,sherbrooke,211,922059cbf31217b855e5c3eb0fe48d9581d782b6d38be371d553fa22b2d82c00,21,1,0.06874128803610802,127,2605,1526,446,822,197,21,389,285,195,170,92
phase_6_line_2,line,parallel,3,mixer,sherbrooke,223,922059cbf31217b855e5c3eb0fe48d9581d782b6d38be371d553fa22b2d82c00,21,1,0.08371247304603457,127,2708,1589,430,851,189,21,389,285,195,170,92
phase_6_line_2,line,parallel,3,mixer,sherbrooke,227,922059cbf31217b855e5c3eb0fe48d9581d782b6d38be371d553fa22b2d82c00,21,1,0.08368643280118704,127,2574,1511,435,842,194,21,389,285,195,170,92
phase_6_line_2,line,parallel,3,mixer,sherbrooke,229,922059cbf31217b855e5c3eb0fe48d9581d782b6d38be371d553fa22b2d82c00,21,1,0.06847184291109443,127,2735,1599,452,960,221,21,389,285,195,170,92
phase_6_line_2,line,parallel,3,mixer,sherbrooke,233,922059cbf31217b855e5c3eb0fe48d9581d782b6d38be371d553fa22b2d82c00,21,1,0.06947427475824952,127,2671,1578,431,921,198,21,389,285,195,170,92
phase_6_line_2,line,parallel,3,mixer,line25,211,922059cbf31217b855e5c3eb0fe48d9581d782b6d38be371d553fa22b2d82c00,21,1,0.052016912028193474,25,651,426,483,354,207,21,389,285,195,170,92
phase_6_line_2,line,parallel,3,mixer,line25,223,922059cbf31217b855e5c3eb0fe48d9581d782b6d38be371d553fa22b2d82c00,21,1,0.05187896266579628,25,642,422,492,353,225,21,389,285,195,170,92
phase_6_line_2,line,parallel,3,mixer,line25,227,922059cbf31217b855e5c3eb0fe48d9581d782b6d38be371d553fa22b2d82c00,21,1,0.05108130490407348,25,616,407,508,367,225,21,389,285,195,170,92
phase_6_line_2,line,parallel,3,mixer,line25,229,922059cbf31217b855e5c3eb0fe48d9581d782b6d38be371d553fa22b2d82c00,21,1,0.05122250085696578,25,616,408,515,372,249,21,389,285,195,170,92
phase_6_line_2,line,parallel,3,mixer,line25,233,922059cbf31217b855e5c3eb0fe48d9581d782b6d38be371d553fa22b2d82c00,21,1,0.04650856787338853,25,643,422,484,350,213,21,389,285,195,170,92
phase_6_line_2,line,parallel,3,mixer,grid25,211,922059cbf31217b855e5c3eb0fe48d9581d782b6d38be371d553fa22b2d82c00,21,1,0.04851435497403145,25,557,377,348,331,183,21,389,285,195,170,92
phase_6_line_2,line,parallel,3,mixer,grid25,223,922059cbf31217b855e5c3eb0fe48d9581d782b6d38be371d553fa22b2d82c00,21,1,0.05074394214898348,25,514,357,358,343,196,21,389,285,195,170,92
phase_6_line_2,line,parallel,3,mixer,grid25,227,922059cbf31217b855e5c3eb0fe48d9581d782b6d38be371d553fa22b2d82c00,21,1,0.0503251850605011,25,536,362,340,333,183,21,389,285,195,170,92
phase_6_line_2,line,parallel,3,mixer,grid25,229,922059cbf31217b855e5c3eb0fe48d9581d782b6d38be371d553fa22b2d82c00,21,1,0.047617720905691385,25,499,345,356,289,166,21,389,285,195,170,92
phase_6_line_2,line,parallel,3,mixer,grid25,233,922059cbf31217b855e5c3eb0fe48d9581d782b6d38be371d553fa22b2d82c00,21,1,0.05155522469431162,25,473,333,369,297,180,21,389,285,195,170,92
phase_6_line_2,line,parallel,3,phase,sherbrooke,211,c00979341b46da61c1d1c3461052023b2cd2846a6360e4d1810e7abfa3bb4763,21,1,0.1700183260254562,127,3800,2250,686,2111,486,21,139,139,238,330,216
phase_6_line_2,line,parallel,3,phase,sherbrooke,223,c00979341b46da61c1d1c3461052023b2cd2846a6360e4d1810e7abfa3bb4763,21,1,0.20114751299843192,127,3821,2259,684,2126,516,21,139,139,238,330,216
phase_6_line_2,line,parallel,3,phase,sherbrooke,227,c00979341b46da61c1d1c3461052023b2cd2846a6360e4d1810e7abfa3bb4763,21,1,0.23628163058310747,127,4152,2479,715,2251,511,21,139,139,238,330,216
phase_6_line_2,line,parallel,3,phase,sherbrooke,229,c00979341b46da61c1d1c3461052023b2cd2846a6360e4d1810e7abfa3bb4763,21,1,0.19359215395525098,127,4152,2503,676,2134,469,21,139,139,238,330,216
phase_6_line_2,line,parallel,3,phase,sherbrooke,233,c00979341b46da61c1d1c3461052023b2cd2846a6360e4d1810e7abfa3bb4763,21,1,0.19185466226190329,127,3407,1994,661,1952,494,21,139,139,238,330,216
phase_6_line_2,line,parallel,3,phase,line25,211,c00979341b46da61c1d1c3461052023b2cd2846a6360e4d1810e7abfa3bb4763,21,1,0.06736196903511882,25,400,281,885,824,613,21,139,139,238,330,216
phase_6_line_2,line,parallel,3,phase,line25,223,c00979341b46da61c1d1c3461052023b2cd2846a6360e4d1810e7abfa3bb4763,21,1,0.06821063300594687,25,398,280,932,854,623,21,139,139,238,330,216
phase_6_line_2,line,parallel,3,phase,line25,227,c00979341b46da61c1d1c3461052023b2cd2846a6360e4d1810e7abfa3bb4763,21,1,0.06665999023243785,25,410,286,891,814,593,21,139,139,238,330,216
phase_6_line_2,line,parallel,3,phase,line25,229,c00979341b46da61c1d1c3461052023b2cd2846a6360e4d1810e7abfa3bb4763,21,1,0.06781611079350114,25,398,280,935,851,617,21,139,139,238,330,216
phase_6_line_2,line,parallel,3,phase,line25,233,c00979341b46da61c1d1c3461052023b2cd2846a6360e4d1810e7abfa3bb4763,21,1,0.06914510671049356,25,409,286,931,862,624,21,139,139,238,330,216
phase_6_line_2,line,parallel,3,phase,grid25,211,c00979341b46da61c1d1c3461052023b2cd2846a6360e4d1810e7abfa3bb4763,21,1,0.04094606311991811,25,291,222,458,545,355,21,139,139,238,330,216
phase_6_line_2,line,parallel,3,phase,grid25,223,c00979341b46da61c1d1c3461052023b2cd2846a6360e4d1810e7abfa3bb4763,21,1,0.04101817775517702,25,313,234,463,571,364,21,139,139,238,330,216
phase_6_line_2,line,parallel,3,phase,grid25,227,c00979341b46da61c1d1c3461052023b2cd2846a6360e4d1810e7abfa3bb4763,21,1,0.040737800765782595,25,270,210,458,548,370,21,139,139,238,330,216
phase_6_line_2,line,parallel,3,phase,grid25,229,c00979341b46da61c1d1c3461052023b2cd2846a6360e4d1810e7abfa3bb4763,21,1,0.04132812889292836,25,227,187,450,514,364,21,139,139,238,330,216
phase_6_line_2,line,parallel,3,phase,grid25,233,c00979341b46da61c1d1c3461052023b2cd2846a6360e4d1810e7abfa3bb4763,21,1,0.041035781148821115,25,282,217,470,563,379,21,139,139,238,330,216
phase_6_line_2,line,complete,3,full,sherbrooke,211,8464de091ad5f3bb71fdb8eba2363e7d1110beff1b3291fe5a78b6f97d88fa59,24,5,3.6501797791570425,127,19468,11810,2969,3400,741,24,3721,2389,1584,587,204
phase_6_line_2,line,complete,3,full,sherbrooke,223,8464de091ad5f3bb71fdb8eba2363e7d1110beff1b3291fe5a78b6f97d88fa59,24,5,3.953849387355149,127,20332,12344,3150,3085,655,24,3721,2389,1584,587,204
phase_6_line_2,line,complete,3,full,sherbrooke,227,8464de091ad5f3bb71fdb8eba2363e7d1110beff1b3291fe5a78b6f97d88fa59,24,5,4.791189449839294,127,20428,12387,3075,3756,794,24,3721,2389,1584,587,204
phase_6_line_2,line,complete,3,full,sherbrooke,229,8464de091ad5f3bb71fdb8eba2363e7d1110beff1b3291fe5a78b6f97d88fa59,24,5,4.289517614990473,127,20147,12204,3049,3151,659,24,3721,2389,1584,587,204
phase_6_line_2,line,complete,3,full,sherbrooke,233,8464de091ad5f3bb71fdb8eba2363e7d1110beff1b3291fe5a78b6f97d88fa59,24,5,4.411237781867385,127,20578,12386,3222,3833,835,24,3721,2389,1584,587,204
phase_6_line_2,line,complete,3,prep,sherbrooke,211,12bfb4d3ffec5e283973e4a88f7869ab18f4463aa46e726ac8e90c8f673c8061,24,0,0.010900150053203106,127,4,0,0,1,0,24,4,0,0,1,0
phase_6_line_2,line,complete,3,prep,sherbrooke,223,12bfb4d3ffec5e283973e4a88f7869ab18f4463aa46e726ac8e90c8f673c8061,24,0,0.010619682259857655,127,4,0,0,1,0,24,4,0,0,1,0
phase_6_line_2,line,complete,3,prep,sherbrooke,227,12bfb4d3ffec5e283973e4a88f7869ab18f4463aa46e726ac8e90c8f673c8061,24,0,0.014901063404977322,127,4,0,0,1,0,24,4,0,0,1,0
phase_6_line_2,line,complete,3,prep,sherbrooke,229,12bfb4d3ffec5e283973e4a88f7869ab18f4463aa46e726ac8e90c8f673c8061,24,0,0.010663083754479885,127,4,0,0,1,0,24,4,0,0,1,0
phase_6_line_2,line,complete,3,prep,sherbrooke,233,12bfb4d3ffec5e283973e4a88f7869ab18f4463aa46e726ac8e90c8f673c8061,24,0,0.010387115646153688,127,4,0,0,1,0,24,4,0,0,1,0
phase_6_line_2,line,complete,3,prep,line25,211,12bfb4d3ffec5e283973e4a88f7869ab18f4463aa46e726ac8e90c8f673c8061,24,0,0.008134083822369576,25,4,0,0,1,0,24,4,0,0,1,0
phase_6_line_2,line,complete,3,prep,line25,223,12bfb4d3ffec5e283973e4a88f7869ab18f4463aa46e726ac8e90c8f673c8061,24,0,0.00806238129734993,25,4,0,0,1,0,24,4,0,0,1,0
phase_6_line_2,line,complete,3,prep,line25,227,12bfb4d3ffec5e283973e4a88f7869ab18f4463aa46e726ac8e90c8f673c8061,24,0,0.008017596323043108,25,4,0,0,1,0,24,4,0,0,1,0
phase_6_line_2,line,complete,3,prep,line25,229,12bfb4d3ffec5e283973e4a88f7869ab18f4463aa46e726ac8e90c8f673c8061,24,0,0.008103378117084503,25,4,0,0,1,0,24,4,0,0,1,0
phase_6_line_2,line,complete,3,prep,line25,233,12bfb4d3ffec5e283973e4a88f7869ab18f4463aa46e726ac8e90c8f673c8061,24,0,0.008016003295779228,25,4,0,0,1,0,24,4,0,0,1,0
phase_6_line_2,line,complete,3,prep,grid25,211,12bfb4d3ffec5e283973e4a88f7869ab18f4463aa46e726ac8e90c8f673c8061,24,0,0.00831977417692542,25,4,0,0,1,0,24,4,0,0,1,0
phase_6_line_2,line,complete,3,prep,grid25,223,12bfb4d3ffec5e283973e4a88f7869ab18f4463aa46e726ac8e90c8f673c8061,24,0,0.008363945875316858,25,4,0,0,1,0,24,4,0,0,1,0
phase_6_line_2,line,complete,3,prep,grid25,227,12bfb4d3ffec5e283973e4a88f7869ab18f4463aa46e726ac8e90c8f673c8061,24,0,0.008406615816056728,25,4,0,0,1,0,24,4,0,0,1,0
phase_6_line_2,line,complete,3,prep,grid25,229,12bfb4d3ffec5e283973e4a88f7869ab18f4463aa46e726ac8e90c8f673c8061,24,0,0.008507135789841413,25,4,0,0,1,0,24,4,0,0,1,0
phase_6_line_2,line,complete,3,prep,grid25,233,12bfb4d3ffec5e283973e4a88f7869ab18f4463aa46e726ac8e90c8f673c8061,24,0,0.008411936927586794,25,4,0,0,1,0,24,4,0,0,1,0
phase_6_line_2,line,complete,3,mixer,sherbrooke,211,29e6f3aaa5d4261fc09882b21a5db5d05fd2ec1fe35be906f42933c9d8981c83,24,1,0.06015566596761346,127,2416,1479,324,659,117,24,1080,636,240,147,36
phase_6_line_2,line,complete,3,mixer,sherbrooke,223,29e6f3aaa5d4261fc09882b21a5db5d05fd2ec1fe35be906f42933c9d8981c83,24,1,0.05660889623686671,127,2545,1555,328,394,68,24,1080,636,240,147,36
phase_6_line_2,line,complete,3,mixer,sherbrooke,227,29e6f3aaa5d4261fc09882b21a5db5d05fd2ec1fe35be906f42933c9d8981c83,24,1,0.062373960856348276,127,2464,1514,314,391,67,24,1080,636,240,147,36
phase_6_line_2,line,complete,3,mixer,sherbrooke,229,29e6f3aaa5d4261fc09882b21a5db5d05fd2ec1fe35be906f42933c9d8981c83,24,1,0.05130166932940483,127,2508,1526,320,416,70,24,1080,636,240,147,36
phase_6_line_2,line,complete,3,mixer,sherbrooke,233,29e6f3aaa5d4261fc09882b21a5db5d05fd2ec1fe35be906f42933c9d8981c83,24,1,0.059339853934943676,127,2379,1465,311,369,59,24,1080,636,240,147,36
phase_6_line_2,line,complete,3,mixer,line25,211,29e6f3aaa5d4261fc09882b21a5db5d05fd2ec1fe35be906f42933c9d8981c83,24,1,0.03856631275266409,25,1500,860,300,185,47,24,1080,636,240,147,36
phase_6_line_2,line,complete,3,mixer,line25,223,29e6f3aaa5d4261fc09882b21a5db5d05fd2ec1fe35be906f42933c9d8981c83,24,1,0.03845694800838828,25,1490,855,306,188,52,24,1080,636,240,147,36
phase_6_line_2,line,complete,3,mixer,line25,227,29e6f3aaa5d4261fc09882b21a5db5d05fd2ec1fe35be906f42933c9d8981c83,24,1,0.038509507197886705,25,1439,827,324,205,58,24,1080,636,240,147,36
phase_6_line_2,line,complete,3,mixer,line25,229,29e6f3aaa5d4261fc09882b21a5db5d05fd2ec1fe35be906f42933c9d8981c83,24,1,0.03817857475951314,25,1480,850,312,188,52,24,1080,636,240,147,36
phase_6_line_2,line,complete,3,mixer,line25,233,29e6f3aaa5d4261fc09882b21a5db5d05fd2ec1fe35be906f42933c9d8981c83,24,1,0.038068458903580904,25,1462,839,318,198,55,24,1080,636,240,147,36
phase_6_line_2,line,complete,3,mixer,grid25,211,29e6f3aaa5d4261fc09882b21a5db5d05fd2ec1fe35be906f42933c9d8981c83,24,1,0.03922319691628218,25,1259,725,293,207,60,24,1080,636,240,147,36
phase_6_line_2,line,complete,3,mixer,grid25,223,29e6f3aaa5d4261fc09882b21a5db5d05fd2ec1fe35be906f42933c9d8981c83,24,1,0.038136727176606655,25,1273,733,297,217,63,24,1080,636,240,147,36
phase_6_line_2,line,complete,3,mixer,grid25,227,29e6f3aaa5d4261fc09882b21a5db5d05fd2ec1fe35be906f42933c9d8981c83,24,1,0.037639081943780184,25,1260,722,297,206,60,24,1080,636,240,147,36
phase_6_line_2,line,complete,3,mixer,grid25,229,29e6f3aaa5d4261fc09882b21a5db5d05fd2ec1fe35be906f42933c9d8981c83,24,1,0.037983758840709925,25,1244,715,298,229,64,24,1080,636,240,147,36
phase_6_line_2,line,complete,3,mixer,grid25,233,29e6f3aaa5d4261fc09882b21a5db5d05fd2ec1fe35be906f42933c9d8981c83,24,1,0.03813735814765096,25,1274,733,301,212,63,24,1080,636,240,147,36
phase_6_line_2,line,complete,3,phase,sherbrooke,211,6564c620b7bf41c0cd4358de14e749cfe6fed17e44e311b7d03658b1ccf53af5,24,1,0.45623054122552276,127,5693,3490,868,1070,232,24,240,240,432,106,70
phase_6_line_2,line,complete,3,phase,sherbrooke,223,6564c620b7bf41c0cd4358de14e749cfe6fed17e44e311b7d03658b1ccf53af5,24,1,0.4559805220924318,127,5787,3507,930,1146,272,24,240,240,432,106,70
phase_6_line_2,line,complete,3,phase,sherbrooke,227,6564c620b7bf41c0cd4358de14e749cfe6fed17e44e311b7d03658b1ccf53af5,24,1,0.5110876760445535,127,5771,3501,943,1070,245,24,240,240,432,106,70
phase_6_line_2,line,complete,3,phase,sherbrooke,229,6564c620b7bf41c0cd4358de14e749cfe6fed17e44e311b7d03658b1ccf53af5,24,1,0.5448626517318189,127,5340,3240,794,975,217,24,240,240,432,106,70
phase_6_line_2,line,complete,3,phase,sherbrooke,233,6564c620b7bf41c0cd4358de14e749cfe6fed17e44e311b7d03658b1ccf53af5,24,1,0.46061270125210285,127,5961,3628,943,1240,273,24,240,240,432,106,70
phase_6_line_2,line,complete,3,phase,line25,211,6564c620b7bf41c0cd4358de14e749cfe6fed17e44e311b7d03658b1ccf53af5,24,1,0.10657211113721132,25,2385,1410,810,413,203,24,240,240,432,106,70
phase_6_line_2,line,complete,3,phase,line25,223,6564c620b7bf41c0cd4358de14e749cfe6fed17e44e311b7d03658b1ccf53af5,24,1,0.11180931609123945,25,2440,1440,800,458,223,24,240,240,432,106,70
phase_6_line_2,line,complete,3,phase,line25,227,6564c620b7bf41c0cd4358de14e749cfe6fed17e44e311b7d03658b1ccf53af5,24,1,0.10690224077552557,25,2396,1416,807,432,215,24,240,240,432,106,70
phase_6_line_2,line,complete,3,phase,line25,229,6564c620b7bf41c0cd4358de14e749cfe6fed17e44e311b7d03658b1ccf53af5,24,1,0.10697137098759413,25,2374,1404,812,421,212,24,240,240,432,106,70
phase_6_line_2,line,complete,3,phase,line25,233,6564c620b7bf41c0cd4358de14e749cfe6fed17e44e311b7d03658b1ccf53af5,24,1,0.10533198155462742,25,2418,1428,801,470,242,24,240,240,432,106,70
phase_6_line_2,line,complete,3,phase,grid25,211,6564c620b7bf41c0cd4358de14e749cfe6fed17e44e311b7d03658b1ccf53af5,24,1,0.10720716277137399,25,691,486,783,461,300,24,240,240,432,106,70
phase_6_line_2,line,complete,3,phase,grid25,223,6564c620b7bf41c0cd4358de14e749cfe6fed17e44e311b7d03658b1ccf53af5,24,1,0.1077474276535213,25,790,540,745,398,264,24,240,240,432,106,70
phase_6_line_2,line,complete,3,phase,grid25,227,6564c620b7bf41c0cd4358de14e749cfe6fed17e44e311b7d03658b1ccf53af5,24,1,0.10618632612749934,25,944,624,730,409,264,24,240,240,432,106,70
phase_6_line_2,line,complete,3,phase,grid25,229,6564c620b7bf41c0cd4358de14e749cfe6fed17e44e311b7d03658b1ccf53af5,24,1,0.10671648196876049,25,856,576,749,473,294,24,240,240,432,106,70
phase_6_line_2,line,complete,3,phase,grid25,233,6564c620b7bf41c0cd4358de14e749cfe6fed17e44e311b7d03658b1ccf53af5,24,1,0.10652454104274511,25,867,582,729,352,223,24,240,240,432,106,70
phase_6_line_2,line,ring,3,full,sherbrooke,211,3d3e790f6d2608718399615ae88ed3b1d8b501e428c4b98950e57748d22b5047,24,5,2.885441512800753,127,15792,9527,2509,2770,618,24,2101,1417,1152,488,184
phase_6_line_2,line,ring,3,full,sherbrooke,223,3d3e790f6d2608718399615ae88ed3b1d8b501e428c4b98950e57748d22b5047,24,5,2.8456897642463446,127,16008,9722,2425,2801,581,24,2101,1417,1152,488,184
phase_6_line_2,line,ring,3,full,sherbrooke,227,3d3e790f6d2608718399615ae88ed3b1d8b501e428c4b98950e57748d22b5047,24,5,2.7492294730618596,127,15602,9477,2382,2586,548,24,2101,1417,1152,488,184
phase_6_line_2,line,ring,3,full,sherbrooke,229,3d3e790f6d2608718399615ae88ed3b1d8b501e428c4b98950e57748d22b5047,24,5,2.8788063232786953,127,16025,9729,2492,2984,641,24,2101,1417,1152,488,184
phase_6_line_2,line,ring,3,full,sherbrooke,233,3d3e790f6d2608718399615ae88ed3b1d8b501e428c4b98950e57748d22b5047,24,5,3.2142718508839607,127,15521,9296,2491,2934,652,24,2101,1417,1152,488,184
phase_6_line_2,line,ring,3,prep,sherbrooke,211,12bfb4d3ffec5e283973e4a88f7869ab18f4463aa46e726ac8e90c8f673c8061,24,0,0.011329525150358677,127,4,0,0,1,0,24,4,0,0,1,0
phase_6_line_2,line,ring,3,prep,sherbrooke,223,12bfb4d3ffec5e283973e4a88f7869ab18f4463aa46e726ac8e90c8f673c8061,24,0,0.010873951017856598,127,4,0,0,1,0,24,4,0,0,1,0
phase_6_line_2,line,ring,3,prep,sherbrooke,227,12bfb4d3ffec5e283973e4a88f7869ab18f4463aa46e726ac8e90c8f673c8061,24,0,0.010800512041896582,127,4,0,0,1,0,24,4,0,0,1,0
phase_6_line_2,line,ring,3,prep,sherbrooke,229,12bfb4d3ffec5e283973e4a88f7869ab18f4463aa46e726ac8e90c8f673c8061,24,0,0.010896301828324795,127,4,0,0,1,0,24,4,0,0,1,0
phase_6_line_2,line,ring,3,prep,sherbrooke,233,12bfb4d3ffec5e283973e4a88f7869ab18f4463aa46e726ac8e90c8f673c8061,24,0,0.010773840826004744,127,4,0,0,1,0,24,4,0,0,1,0
phase_6_line_2,line,ring,3,prep,line25,211,12bfb4d3ffec5e283973e4a88f7869ab18f4463aa46e726ac8e90c8f673c8061,24,0,0.008191583212465048,25,4,0,0,1,0,24,4,0,0,1,0
phase_6_line_2,line,ring,3,prep,line25,223,12bfb4d3ffec5e283973e4a88f7869ab18f4463aa46e726ac8e90c8f673c8061,24,0,0.008150015026330948,25,4,0,0,1,0,24,4,0,0,1,0
phase_6_line_2,line,ring,3,prep,line25,227,12bfb4d3ffec5e283973e4a88f7869ab18f4463aa46e726ac8e90c8f673c8061,24,0,0.008118325844407082,25,4,0,0,1,0,24,4,0,0,1,0
phase_6_line_2,line,ring,3,prep,line25,229,12bfb4d3ffec5e283973e4a88f7869ab18f4463aa46e726ac8e90c8f673c8061,24,0,0.008136009331792593,25,4,0,0,1,0,24,4,0,0,1,0
phase_6_line_2,line,ring,3,prep,line25,233,12bfb4d3ffec5e283973e4a88f7869ab18f4463aa46e726ac8e90c8f673c8061,24,0,0.008047983050346375,25,4,0,0,1,0,24,4,0,0,1,0
phase_6_line_2,line,ring,3,prep,grid25,211,12bfb4d3ffec5e283973e4a88f7869ab18f4463aa46e726ac8e90c8f673c8061,24,0,0.008493610192090273,25,4,0,0,1,0,24,4,0,0,1,0
phase_6_line_2,line,ring,3,prep,grid25,223,12bfb4d3ffec5e283973e4a88f7869ab18f4463aa46e726ac8e90c8f673c8061,24,0,0.008349359035491943,25,4,0,0,1,0,24,4,0,0,1,0
phase_6_line_2,line,ring,3,prep,grid25,227,12bfb4d3ffec5e283973e4a88f7869ab18f4463aa46e726ac8e90c8f673c8061,24,0,0.008284827694296837,25,4,0,0,1,0,24,4,0,0,1,0
phase_6_line_2,line,ring,3,prep,grid25,229,12bfb4d3ffec5e283973e4a88f7869ab18f4463aa46e726ac8e90c8f673c8061,24,0,0.008310587145388126,25,4,0,0,1,0,24,4,0,0,1,0
phase_6_line_2,line,ring,3,prep,grid25,233,12bfb4d3ffec5e283973e4a88f7869ab18f4463aa46e726ac8e90c8f673c8061,24,0,0.008284647017717361,25,4,0,0,1,0,24,4,0,0,1,0
phase_6_line_2,line,ring,3,mixer,sherbrooke,211,25b45044ced3e303101850493664090c765b1ab6cc90cb30e6aff0c414dcfb5a,24,1,0.03780013415962458,127,1126,681,146,186,34,24,540,312,96,106,24
phase_6_line_2,line,ring,3,mixer,sherbrooke,223,25b45044ced3e303101850493664090c765b1ab6cc90cb30e6aff0c414dcfb5a,24,1,0.030262889806181192,127,1180,717,151,209,42,24,540,312,96,106,24
phase_6_line_2,line,ring,3,mixer,sherbrooke,227,25b45044ced3e303101850493664090c765b1ab6cc90cb30e6aff0c414dcfb5a,24,1,0.030467243865132332,127,1110,678,151,250,46,24,540,312,96,106,24
phase_6_line_2,line,ring,3,mixer,sherbrooke,229,25b45044ced3e303101850493664090c765b1ab6cc90cb30e6aff0c414dcfb5a,24,1,0.027162167243659496,127,1104,676,143,186,36,24,540,312,96,106,24
phase_6_line_2,line,ring,3,mixer,sherbrooke,233,25b45044ced3e303101850493664090c765b1ab6cc90cb30e6aff0c414dcfb5a,24,1,0.03438717499375343,127,1076,652,151,199,39,24,540,312,96,106,24
phase_6_line_2,line,ring,3,mixer,line25,211,25b45044ced3e303101850493664090c765b1ab6cc90cb30e6aff0c414dcfb5a,24,1,0.021517857909202576,25,578,334,149,120,34,24,540,312,96,106,24
phase_6_line_2,line,ring,3,mixer,line25,223,25b45044ced3e303101850493664090c765b1ab6cc90cb30e6aff0c414dcfb5a,24,1,0.021715338807553053,25,596,348,144,121,34,24,540,312,96,106,24
phase_6_line_2,line,ring,3,mixer,line25,227,25b45044ced3e303101850493664090c765b1ab6cc90cb30e6aff0c414dcfb5a,24,1,0.02120638405904174,25,599,349,147,122,34,24,540,312,96,106,24
phase_6_line_2,line,ring,3,mixer,line25,229,25b45044ced3e303101850493664090c765b1ab6cc90cb30e6aff0c414dcfb5a,24,1,0.021440472919493914,25,604,352,149,122,32,24,540,312,96,106,24
phase_6_line_2,line,ring,3,mixer,line25,233,25b45044ced3e303101850493664090c765b1ab6cc90cb30e6aff0c414dcfb5a,24,1,0.021300209686160088,25,600,351,146,121,32,24,540,312,96,106,24
phase_6_line_2,line,ring,3,mixer,grid25,211,25b45044ced3e303101850493664090c765b1ab6cc90cb30e6aff0c414dcfb5a,24,1,0.017516834195703268,25,551,318,102,113,27,24,540,312,96,106,24
phase_6_line_2,line,ring,3,mixer,grid25,223,25b45044ced3e303101850493664090c765b1ab6cc90cb30e6aff0c414dcfb5a,24,1,0.016993672121316195,25,540,312,96,106,24,24,540,312,96,106,24
phase_6_line_2,line,ring,3,mixer,grid25,227,25b45044ced3e303101850493664090c765b1ab6cc90cb30e6aff0c414dcfb5a,24,1,0.017610460985451937,25,540,312,102,110,27,24,540,312,96,106,24
phase_6_line_2,line,ring,3,mixer,grid25,229,25b45044ced3e303101850493664090c765b1ab6cc90cb30e6aff0c414dcfb5a,24,1,0.01741683715954423,25,568,328,106,127,31,24,540,312,96,106,24
phase_6_line_2,line,ring,3,mixer,grid25,233,25b45044ced3e303101850493664090c765b1ab6cc90cb30e6aff0c414dcfb5a,24,1,0.017837876919656992,25,548,316,100,114,28,24,540,312,96,106,24
phase_6_line_2,line,ring,3,phase,sherbrooke,211,6564c620b7bf41c0cd4358de14e749cfe6fed17e44e311b7d03658b1ccf53af5,24,1,0.4559531402774155,127,5693,3490,868,1070,232,24,240,240,432,106,70
phase_6_line_2,line,ring,3,phase,sherbrooke,223,6564c620b7bf41c0cd4358de14e749cfe6fed17e44e311b7d03658b1ccf53af5,24,1,0.4604781079106033,127,5787,3507,930,1146,272,24,240,240,432,106,70
phase_6_line_2,line,ring,3,phase,sherbrooke,227,6564c620b7bf41c0cd4358de14e749cfe6fed17e44e311b7d03658b1ccf53af5,24,1,0.5094296731986105,127,5771,3501,943,1070,245,24,240,240,432,106,70
phase_6_line_2,line,ring,3,phase,sherbrooke,229,6564c620b7bf41c0cd4358de14e749cfe6fed17e44e311b7d03658b1ccf53af5,24,1,0.5411928310059011,127,5340,3240,794,975,217,24,240,240,432,106,70
phase_6_line_2,line,ring,3,phase,sherbrooke,233,6564c620b7bf41c0cd4358de14e749cfe6fed17e44e311b7d03658b1ccf53af5,24,1,0.45532637322321534,127,5961,3628,943,1240,273,24,240,240,432,106,70
phase_6_line_2,line,ring,3,phase,line25,211,6564c620b7bf41c0cd4358de14e749cfe6fed17e44e311b7d03658b1ccf53af5,24,1,0.10631971713155508,25,2385,1410,810,413,203,24,240,240,432,106,70
phase_6_line_2,line,ring,3,phase,line25,223,6564c620b7bf41c0cd4358de14e749cfe6fed17e44e311b7d03658b1ccf53af5,24,1,0.10741169797256589,25,2440,1440,800,458,223,24,240,240,432,106,70
phase_6_line_2,line,ring,3,phase,line25,227,6564c620b7bf41c0cd4358de14e749cfe6fed17e44e311b7d03658b1ccf53af5,24,1,0.10715482523664832,25,2396,1416,807,432,215,24,240,240,432,106,70
phase_6_line_2,line,ring,3,phase,line25,229,6564c620b7bf41c0cd4358de14e749cfe6fed17e44e311b7d03658b1ccf53af5,24,1,0.10780423460528255,25,2374,1404,812,421,212,24,240,240,432,106,70
phase_6_line_2,line,ring,3,phase,line25,233,6564c620b7bf41c0cd4358de14e749cfe6fed17e44e311b7d03658b1ccf53af5,24,1,0.10502675920724869,25,2418,1428,801,470,242,24,240,240,432,106,70
phase_6_line_2,line,ring,3,phase,grid25,211,6564c620b7bf41c0cd4358de14e749cfe6fed17e44e311b7d03658b1ccf53af5,24,1,0.10759587306529284,25,691,486,783,461,300,24,240,240,432,106,70
phase_6_line_2,line,ring,3,phase,grid25,223,6564c620b7bf41c0cd4358de14e749cfe6fed17e44e311b7d03658b1ccf53af5,24,1,0.10814578598365188,25,790,540,745,398,264,24,240,240,432,106,70
phase_6_line_2,line,ring,3,phase,grid25,227,6564c620b7bf41c0cd4358de14e749cfe6fed17e44e311b7d03658b1ccf53af5,24,1,0.10643595503643155,25,944,624,730,409,264,24,240,240,432,106,70
phase_6_line_2,line,ring,3,phase,grid25,229,6564c620b7bf41c0cd4358de14e749cfe6fed17e44e311b7d03658b1ccf53af5,24,1,0.10729372594505548,25,856,576,749,473,294,24,240,240,432,106,70
phase_6_line_2,line,ring,3,phase,grid25,233,6564c620b7bf41c0cd4358de14e749cfe6fed17e44e311b7d03658b1ccf53af5,24,1,0.1095069320872426,25,867,582,729,352,223,24,240,240,432,106,70
phase_6_l_shape_0,l_shape,serial,3,full,sherbrooke,211,c4530df829b645deafb4f0c5f59ed9a4a90da722d317acdc9f9e644a9dc8e8d4,19,5,3.022401098627597,127,16657,9831,2862,7593,1764,19,1391,1089,1001,1260,746
phase_6_l_shape_0,l_shape,serial,3,full,sherbrooke,223,c4530df829b645deafb4f0c5f59ed9a4a90da722d317acdc9f9e644a9dc8e8d4,19,5,3.263906048145145,127,17690,10468,2997,7957,1835,19,1391,1089,1001,1260,746
phase_6_l_shape_0,l_shape,serial,3,full,sherbrooke,227,c4530df829b645deafb4f0c5f59ed9a4a90da722d317acdc9f9e644a9dc8e8d4,19,5,3.1405268562957644,127,16311,9511,2948,7941,1905,19,1391,1089,1001,1260,746
phase_6_l_shape_0,l_shape,serial,3,full,sherbrooke,229,c4530df829b645deafb4f0c5f59ed9a4a90da722d317acdc9f9e644a9dc8e8d4,19,5,3.3961497880518436,127,16531,9610,3040,7676,1886,19,1391,1089,1001,1260,746
phase_6_l_shape_0,l_shape,serial,3,full,sherbrooke,233,c4530df829b645deafb4f0c5f59ed9a4a90da722d317acdc9f9e644a9dc8e8d4,19,5,3.2772389161400497,127,16215,9470,2903,7446,1791,19,1391,1089,1001,1260,746
phase_6_l_shape_0,l_shape,serial,3,prep,sherbrooke,211,0abcbf7c27981e437b863c4c778786f1820aa62d796301176f84954f4aea0c15,19,0,0.0113762728869915,127,7,0,0,1,0,19,7,0,0,1,0
phase_6_l_shape_0,l_shape,serial,3,prep,sherbrooke,223,0abcbf7c27981e437b863c4c778786f1820aa62d796301176f84954f4aea0c15,19,0,0.010895770974457264,127,7,0,0,1,0,19,7,0,0,1,0
phase_6_l_shape_0,l_shape,serial,3,prep,sherbrooke,227,0abcbf7c27981e437b863c4c778786f1820aa62d796301176f84954f4aea0c15,19,0,0.010940585285425186,127,7,0,0,1,0,19,7,0,0,1,0
phase_6_l_shape_0,l_shape,serial,3,prep,sherbrooke,229,0abcbf7c27981e437b863c4c778786f1820aa62d796301176f84954f4aea0c15,19,0,0.01482150424271822,127,7,0,0,1,0,19,7,0,0,1,0
phase_6_l_shape_0,l_shape,serial,3,prep,sherbrooke,233,0abcbf7c27981e437b863c4c778786f1820aa62d796301176f84954f4aea0c15,19,0,0.010775134898722172,127,7,0,0,1,0,19,7,0,0,1,0
phase_6_l_shape_0,l_shape,serial,3,prep,line25,211,0abcbf7c27981e437b863c4c778786f1820aa62d796301176f84954f4aea0c15,19,0,0.009176783263683319,25,7,0,0,1,0,19,7,0,0,1,0
phase_6_l_shape_0,l_shape,serial,3,prep,line25,223,0abcbf7c27981e437b863c4c778786f1820aa62d796301176f84954f4aea0c15,19,0,0.008413930889219046,25,7,0,0,1,0,19,7,0,0,1,0
phase_6_l_shape_0,l_shape,serial,3,prep,line25,227,0abcbf7c27981e437b863c4c778786f1820aa62d796301176f84954f4aea0c15,19,0,0.008493931032717228,25,7,0,0,1,0,19,7,0,0,1,0
phase_6_l_shape_0,l_shape,serial,3,prep,line25,229,0abcbf7c27981e437b863c4c778786f1820aa62d796301176f84954f4aea0c15,19,0,0.008342345710843801,25,7,0,0,1,0,19,7,0,0,1,0
phase_6_l_shape_0,l_shape,serial,3,prep,line25,233,0abcbf7c27981e437b863c4c778786f1820aa62d796301176f84954f4aea0c15,19,0,0.008426904678344727,25,7,0,0,1,0,19,7,0,0,1,0
phase_6_l_shape_0,l_shape,serial,3,prep,grid25,211,0abcbf7c27981e437b863c4c778786f1820aa62d796301176f84954f4aea0c15,19,0,0.008723822887986898,25,7,0,0,1,0,19,7,0,0,1,0
phase_6_l_shape_0,l_shape,serial,3,prep,grid25,223,0abcbf7c27981e437b863c4c778786f1820aa62d796301176f84954f4aea0c15,19,0,0.008516792673617601,25,7,0,0,1,0,19,7,0,0,1,0
phase_6_l_shape_0,l_shape,serial,3,prep,grid25,227,0abcbf7c27981e437b863c4c778786f1820aa62d796301176f84954f4aea0c15,19,0,0.008582366164773703,25,7,0,0,1,0,19,7,0,0,1,0
phase_6_l_shape_0,l_shape,serial,3,prep,grid25,229,0abcbf7c27981e437b863c4c778786f1820aa62d796301176f84954f4aea0c15,19,0,0.008655412588268518,25,7,0,0,1,0,19,7,0,0,1,0
phase_6_l_shape_0,l_shape,serial,3,prep,grid25,233,0abcbf7c27981e437b863c4c778786f1820aa62d796301176f84954f4aea0c15,19,0,0.008760841097682714,25,7,0,0,1,0,19,7,0,0,1,0
phase_6_l_shape_0,l_shape,serial,3,mixer,sherbrooke,211,db312e3c1038947720c38f1cb6c11a55240ab4ce206ba5284e62f0469694635b,19,1,0.08444364601746202,127,2870,1686,479,1626,378,19,384,282,195,276,152
phase_6_l_shape_0,l_shape,serial,3,mixer,sherbrooke,223,db312e3c1038947720c38f1cb6c11a55240ab4ce206ba5284e62f0469694635b,19,1,0.07977919699624181,127,2659,1558,442,1465,332,19,384,282,195,276,152
phase_6_l_shape_0,l_shape,serial,3,mixer,sherbrooke,227,db312e3c1038947720c38f1cb6c11a55240ab4ce206ba5284e62f0469694635b,19,1,0.06942718615755439,127,2763,1620,453,1509,343,19,384,282,195,276,152
phase_6_l_shape_0,l_shape,serial,3,mixer,sherbrooke,229,db312e3c1038947720c38f1cb6c11a55240ab4ce206ba5284e62f0469694635b,19,1,0.06778553407639265,127,2580,1505,439,1475,348,19,384,282,195,276,152
phase_6_l_shape_0,l_shape,serial,3,mixer,sherbrooke,233,db312e3c1038947720c38f1cb6c11a55240ab4ce206ba5284e62f0469694635b,19,1,0.09804119123145938,127,2841,1666,484,1458,345,19,384,282,195,276,152
phase_6_l_shape_0,l_shape,serial,3,mixer,line25,211,db312e3c1038947720c38f1cb6c11a55240ab4ce206ba5284e62f0469694635b,19,1,0.048918813932687044,25,725,463,523,654,402,19,384,282,195,276,152
phase_6_l_shape_0,l_shape,serial,3,mixer,line25,223,db312e3c1038947720c38f1cb6c11a55240ab4ce206ba5284e62f0469694635b,19,1,0.04831785475835204,25,762,482,494,625,365,19,384,282,195,276,152
phase_6_l_shape_0,l_shape,serial,3,mixer,line25,227,db312e3c1038947720c38f1cb6c11a55240ab4ce206ba5284e62f0469694635b,19,1,0.04982831235975027,25,695,449,573,678,446,19,384,282,195,276,152
phase_6_l_shape_0,l_shape,serial,3,mixer,line25,229,db312e3c1038947720c38f1cb6c11a55240ab4ce206ba5284e62f0469694635b,19,1,0.04877025494351983,25,680,441,511,625,389,19,384,282,195,276,152
phase_6_l_shape_0,l_shape,serial,3,mixer,line25,233,db312e3c1038947720c38f1cb6c11a55240ab4ce206ba5284e62f0469694635b,19,1,0.04865254368633032,25,746,474,495,622,367,19,384,282,195,276,152
phase_6_l_shape_0,l_shape,serial,3,mixer,grid25,211,db312e3c1038947720c38f1cb6c11a55240ab4ce206ba5284e62f0469694635b,19,1,0.046828830149024725,25,492,337,374,460,289,19,384,282,195,276,152
phase_6_l_shape_0,l_shape,serial,3,mixer,grid25,223,db312e3c1038947720c38f1cb6c11a55240ab4ce206ba5284e62f0469694635b,19,1,0.04649073397740722,25,508,347,371,472,294,19,384,282,195,276,152
phase_6_l_shape_0,l_shape,serial,3,mixer,grid25,227,db312e3c1038947720c38f1cb6c11a55240ab4ce206ba5284e62f0469694635b,19,1,0.04206250933930278,25,526,355,351,482,280,19,384,282,195,276,152
phase_6_l_shape_0,l_shape,serial,3,mixer,grid25,229,db312e3c1038947720c38f1cb6c11a55240ab4ce206ba5284e62f0469694635b,19,1,0.04592198599129915,25,567,374,359,464,268,19,384,282,195,276,152
phase_6_l_shape_0,l_shape,serial,3,mixer,grid25,233,db312e3c1038947720c38f1cb6c11a55240ab4ce206ba5284e62f0469694635b,19,1,0.04243206279352307,25,471,332,399,458,276,19,384,282,195,276,152
phase_6_l_shape_0,l_shape,serial,3,phase,sherbrooke,211,a0fe52bd685c82d86893cacd7a2cb083e0d61a9bed9780981352132a6c670dc9,19,1,0.11538980016484857,127,2809,1662,535,1549,376,19,122,122,208,301,194
phase_6_l_shape_0,l_shape,serial,3,phase,sherbrooke,223,a0fe52bd685c82d86893cacd7a2cb083e0d61a9bed9780981352132a6c670dc9,19,1,0.14548023603856564,127,3036,1820,524,1693,385,19,122,122,208,301,194
phase_6_l_shape_0,l_shape,serial,3,phase,sherbrooke,227,a0fe52bd685c82d86893cacd7a2cb083e0d61a9bed9780981352132a6c670dc9,19,1,0.1647631865926087,127,3145,1875,534,1840,412,19,122,122,208,301,194
phase_6_l_shape_0,l_shape,serial,3,phase,sherbrooke,229,a0fe52bd685c82d86893cacd7a2cb083e0d61a9bed9780981352132a6c670dc9,19,1,0.14541961206123233,127,3261,1961,521,1826,389,19,122,122,208,301,194
phase_6_l_shape_0,l_shape,serial,3,phase,sherbrooke,233,a0fe52bd685c82d86893cacd7a2cb083e0d61a9bed9780981352132a6c670dc9,19,1,0.1679761209525168,127,3085,1837,543,1617,385,19,122,122,208,301,194
phase_6_l_shape_0,l_shape,serial,3,phase,line25,211,a0fe52bd685c82d86893cacd7a2cb083e0d61a9bed9780981352132a6c670dc9,19,1,0.04294431395828724,25,444,298,665,694,441,19,122,122,208,301,194
phase_6_l_shape_0,l_shape,serial,3,phase,line25,223,a0fe52bd685c82d86893cacd7a2cb083e0d61a9bed9780981352132a6c670dc9,19,1,0.043630743864923716,25,443,297,676,696,442,19,122,122,208,301,194
phase_6_l_shape_0,l_shape,serial,3,phase,line25,227,a0fe52bd685c82d86893cacd7a2cb083e0d61a9bed9780981352132a6c670dc9,19,1,0.04395257821306586,25,454,303,674,699,438,19,122,122,208,301,194
phase_6_l_shape_0,l_shape,serial,3,phase,line25,229,a0fe52bd685c82d86893cacd7a2cb083e0d61a9bed9780981352132a6c670dc9,19,1,0.04314247705042362,25,444,298,665,687,435,19,122,122,208,301,194
phase_6_l_shape_0,l_shape,serial,3,phase,line25,233,a0fe52bd685c82d86893cacd7a2cb083e0d61a9bed9780981352132a6c670dc9,19,1,0.043910710141062737,25,444,298,665,687,435,19,122,122,208,301,194
phase_6_l_shape_0,l_shape,serial,3,phase,grid25,211,a0fe52bd685c82d86893cacd7a2cb083e0d61a9bed9780981352132a6c670dc9,19,1,0.03652936825528741,25,199,164,381,408,269,19,122,122,208,301,194
phase_6_l_shape_0,l_shape,serial,3,phase,grid25,223,a0fe52bd685c82d86893cacd7a2cb083e0d61a9bed9780981352132a6c670dc9,19,1,0.03664272092282772,25,241,187,369,469,307,19,122,122,208,301,194
phase_6_l_shape_0,l_shape,serial,3,phase,grid25,227,a0fe52bd685c82d86893cacd7a2cb083e0d61a9bed9780981352132a6c670dc9,19,1,0.045717813074588776,25,263,199,378,466,286,19,122,122,208,301,194
phase_6_l_shape_0,l_shape,serial,3,phase,grid25,229,a0fe52bd685c82d86893cacd7a2cb083e0d61a9bed9780981352132a6c670dc9,19,1,0.03674117615446448,25,243,188,381,455,290,19,122,122,208,301,194
phase_6_l_shape_0,l_shape,serial,3,phase,grid25,233,a0fe52bd685c82d86893cacd7a2cb083e0d61a9bed9780981352132a6c670dc9,19,1,0.037138080690056086,25,221,176,392,470,316,19,122,122,208,301,194
phase_6_l_shape_0,l_shape,parallel,3,full,sherbrooke,211,99ed492ac8de9c4af5cafa67d20f61da8ac76cac4f4053dd537d74692604dc41,21,5,2.987069660332054,127,15736,9165,2907,5753,1406,21,1396,1092,1001,950,569
phase_6_l_shape_0,l_shape,parallel,3,full,sherbrooke,223,99ed492ac8de9c4af5cafa67d20f61da8ac76cac4f4053dd537d74692604dc41,21,5,3.253163575194776,127,17025,10028,2941,7045,1595,21,1396,1092,1001,950,569
phase_6_l_shape_0,l_shape,parallel,3,full,sherbrooke,227,99ed492ac8de9c4af5cafa67d20f61da8ac76cac4f4053dd537d74692604dc41,21,5,3.2051758388988674,127,16155,9529,2809,5726,1360,21,1396,1092,1001,950,569
phase_6_l_shape_0,l_shape,parallel,3,full,sherbrooke,229,99ed492ac8de9c4af5cafa67d20f61da8ac76cac4f4053dd537d74692604dc41,21,5,3.0052818707190454,127,16920,9958,2952,6126,1415,21,1396,1092,1001,950,569
phase_6_l_shape_0,l_shape,parallel,3,full,sherbrooke,233,99ed492ac8de9c4af5cafa67d20f61da8ac76cac4f4053dd537d74692604dc41,21,5,3.18713960936293,127,16182,9529,2837,6177,1446,21,1396,1092,1001,950,569
phase_6_l_shape_0,l_shape,parallel,3,prep,sherbrooke,211,1f58d6eac272884dde87eabf7a0d35224737670c0e69afddbc91cfdc1b25b73c,21,0,0.011023831088095903,127,7,0,0,1,0,21,7,0,0,1,0
phase_6_l_shape_0,l_shape,parallel,3,prep,sherbrooke,223,1f58d6eac272884dde87eabf7a0d35224737670c0e69afddbc91cfdc1b25b73c,21,0,0.012687406037002802,127,7,0,0,1,0,21,7,0,0,1,0
phase_6_l_shape_0,l_shape,parallel,3,prep,sherbrooke,227,1f58d6eac272884dde87eabf7a0d35224737670c0e69afddbc91cfdc1b25b73c,21,0,0.014864984899759293,127,7,0,0,1,0,21,7,0,0,1,0
phase_6_l_shape_0,l_shape,parallel,3,prep,sherbrooke,229,1f58d6eac272884dde87eabf7a0d35224737670c0e69afddbc91cfdc1b25b73c,21,0,0.01091562770307064,127,7,0,0,1,0,21,7,0,0,1,0
phase_6_l_shape_0,l_shape,parallel,3,prep,sherbrooke,233,1f58d6eac272884dde87eabf7a0d35224737670c0e69afddbc91cfdc1b25b73c,21,0,0.010857058688998222,127,7,0,0,1,0,21,7,0,0,1,0
phase_6_l_shape_0,l_shape,parallel,3,prep,line25,211,1f58d6eac272884dde87eabf7a0d35224737670c0e69afddbc91cfdc1b25b73c,21,0,0.00836446788161993,25,7,0,0,1,0,21,7,0,0,1,0
phase_6_l_shape_0,l_shape,parallel,3,prep,line25,223,1f58d6eac272884dde87eabf7a0d35224737670c0e69afddbc91cfdc1b25b73c,21,0,0.008249531965702772,25,7,0,0,1,0,21,7,0,0,1,0
phase_6_l_shape_0,l_shape,parallel,3,prep,line25,227,1f58d6eac272884dde87eabf7a0d35224737670c0e69afddbc91cfdc1b25b73c,21,0,0.00832386128604412,25,7,0,0,1,0,21,7,0,0,1,0
phase_6_l_shape_0,l_shape,parallel,3,prep,line25,229,1f58d6eac272884dde87eabf7a0d35224737670c0e69afddbc91cfdc1b25b73c,21,0,0.008461670018732548,25,7,0,0,1,0,21,7,0,0,1,0
phase_6_l_shape_0,l_shape,parallel,3,prep,line25,233,1f58d6eac272884dde87eabf7a0d35224737670c0e69afddbc91cfdc1b25b73c,21,0,0.008363194763660431,25,7,0,0,1,0,21,7,0,0,1,0
phase_6_l_shape_0,l_shape,parallel,3,prep,grid25,211,1f58d6eac272884dde87eabf7a0d35224737670c0e69afddbc91cfdc1b25b73c,21,0,0.008494019974023104,25,7,0,0,1,0,21,7,0,0,1,0
phase_6_l_shape_0,l_shape,parallel,3,prep,grid25,223,1f58d6eac272884dde87eabf7a0d35224737670c0e69afddbc91cfdc1b25b73c,21,0,0.008598858024924994,25,7,0,0,1,0,21,7,0,0,1,0
phase_6_l_shape_0,l_shape,parallel,3,prep,grid25,227,1f58d6eac272884dde87eabf7a0d35224737670c0e69afddbc91cfdc1b25b73c,21,0,0.008632510900497437,25,7,0,0,1,0,21,7,0,0,1,0
phase_6_l_shape_0,l_shape,parallel,3,prep,grid25,229,1f58d6eac272884dde87eabf7a0d35224737670c0e69afddbc91cfdc1b25b73c,21,0,0.008646117057651281,25,7,0,0,1,0,21,7,0,0,1,0
phase_6_l_shape_0,l_shape,parallel,3,prep,grid25,233,1f58d6eac272884dde87eabf7a0d35224737670c0e69afddbc91cfdc1b25b73c,21,0,0.008732629008591175,25,7,0,0,1,0,21,7,0,0,1,0
phase_6_l_shape_0,l_shape,parallel,3,mixer,sherbrooke,211,922059cbf31217b855e5c3eb0fe48d9581d782b6d38be371d553fa22b2d82c00,21,1,0.07349668862298131,127,2605,1526,446,822,197,21,389,285,195,170,92
phase_6_l_shape_0,l_shape,parallel,3,mixer,sherbrooke,223,922059cbf31217b855e5c3eb0fe48d9581d782b6d38be371d553fa22b2d82c00,21,1,0.09097644407302141,127,2708,1589,430,851,189,21,389,285,195,170,92
phase_6_l_shape_0,l_shape,parallel,3,mixer,sherbrooke,227,922059cbf31217b855e5c3eb0fe48d9581d782b6d38be371d553fa22b2d82c00,21,1,0.09031139500439167,127,2574,1511,435,842,194,21,389,285,195,170,92
phase_6_l_shape_0,l_shape,parallel,3,mixer,sherbrooke,229,922059cbf31217b855e5c3eb0fe48d9581d782b6d38be371d553fa22b2d82c00,21,1,0.07331275288015604,127,2735,1599,452,960,221,21,389,285,195,170,92
phase_6_l_shape_0,l_shape,parallel,3,mixer,sherbrooke,233,922059cbf31217b855e5c3eb0fe48d9581d782b6d38be371d553fa22b2d82c00,21,1,0.07420357596129179,127,2671,1578,431,921,198,21,389,285,195,170,92
phase_6_l_shape_0,l_shape,parallel,3,mixer,line25,211,922059cbf31217b855e5c3eb0fe48d9581d782b6d38be371d553fa22b2d82c00,21,1,0.054556821938604116,25,651,426,483,354,207,21,389,285,195,170,92
phase_6_l_shape_0,l_shape,parallel,3,mixer,line25,223,922059cbf31217b855e5c3eb0fe48d9581d782b6d38be371d553fa22b2d82c00,21,1,0.053901080042123795,25,642,422,492,353,225,21,389,285,195,170,92
phase_6_l_shape_0,l_shape,parallel,3,mixer,line25,227,922059cbf31217b855e5c3eb0fe48d9581d782b6d38be371d553fa22b2d82c00,21,1,0.05392517615109682,25,616,407,508,367,225,21,389,285,195,170,92
phase_6_l_shape_0,l_shape,parallel,3,mixer,line25,229,922059cbf31217b855e5c3eb0fe48d9581d782b6d38be371d553fa22b2d82c00,21,1,0.052951337303966284,25,616,408,515,372,249,21,389,285,195,170,92
phase_6_l_shape_0,l_shape,parallel,3,mixer,line25,233,922059cbf31217b855e5c3eb0fe48d9581d782b6d38be371d553fa22b2d82c00,21,1,0.048234117683023214,25,643,422,484,350,213,21,389,285,195,170,92
phase_6_l_shape_0,l_shape,parallel,3,mixer,grid25,211,922059cbf31217b855e5c3eb0fe48d9581d782b6d38be371d553fa22b2d82c00,21,1,0.050199158024042845,25,557,377,348,331,183,21,389,285,195,170,92
phase_6_l_shape_0,l_shape,parallel,3,mixer,grid25,223,922059cbf31217b855e5c3eb0fe48d9581d782b6d38be371d553fa22b2d82c00,21,1,0.05307365581393242,25,514,357,358,343,196,21,389,285,195,170,92
phase_6_l_shape_0,l_shape,parallel,3,mixer,grid25,227,922059cbf31217b855e5c3eb0fe48d9581d782b6d38be371d553fa22b2d82c00,21,1,0.05294643761590123,25,536,362,340,333,183,21,389,285,195,170,92
phase_6_l_shape_0,l_shape,parallel,3,mixer,grid25,229,922059cbf31217b855e5c3eb0fe48d9581d782b6d38be371d553fa22b2d82c00,21,1,0.04964598873630166,25,499,345,356,289,166,21,389,285,195,170,92
phase_6_l_shape_0,l_shape,parallel,3,mixer,grid25,233,922059cbf31217b855e5c3eb0fe48d9581d782b6d38be371d553fa22b2d82c00,21,1,0.05412285728380084,25,473,333,369,297,180,21,389,285,195,170,92
phase_6_l_shape_0,l_shape,parallel,3,phase,sherbrooke,211,635c87be5a86f1524cae384947345dc2d9a79e0a0afb8cea152c8a664f04e127,21,1,0.11523265484720469,127,2809,1662,535,1549,376,21,122,122,208,301,194
phase_6_l_shape_0,l_shape,parallel,3,phase,sherbrooke,223,635c87be5a86f1524cae384947345dc2d9a79e0a0afb8cea152c8a664f04e127,21,1,0.14754521381109953,127,3036,1820,524,1693,385,21,122,122,208,301,194
phase_6_l_shape_0,l_shape,parallel,3,phase,sherbrooke,227,635c87be5a86f1524cae384947345dc2d9a79e0a0afb8cea152c8a664f04e127,21,1,0.16401640512049198,127,3145,1875,534,1840,412,21,122,122,208,301,194
phase_6_l_shape_0,l_shape,parallel,3,phase,sherbrooke,229,635c87be5a86f1524cae384947345dc2d9a79e0a0afb8cea152c8a664f04e127,21,1,0.14823863608762622,127,3261,1961,521,1826,389,21,122,122,208,301,194
phase_6_l_shape_0,l_shape,parallel,3,phase,sherbrooke,233,635c87be5a86f1524cae384947345dc2d9a79e0a0afb8cea152c8a664f04e127,21,1,0.16818758705630898,127,3085,1837,543,1617,385,21,122,122,208,301,194
phase_6_l_shape_0,l_shape,parallel,3,phase,line25,211,635c87be5a86f1524cae384947345dc2d9a79e0a0afb8cea152c8a664f04e127,21,1,0.04318219097331166,25,444,298,665,694,441,21,122,122,208,301,194
phase_6_l_shape_0,l_shape,parallel,3,phase,line25,223,635c87be5a86f1524cae384947345dc2d9a79e0a0afb8cea152c8a664f04e127,21,1,0.044069608207792044,25,443,297,676,696,442,21,122,122,208,301,194
phase_6_l_shape_0,l_shape,parallel,3,phase,line25,227,635c87be5a86f1524cae384947345dc2d9a79e0a0afb8cea152c8a664f04e127,21,1,0.04387044394388795,25,454,303,674,699,438,21,122,122,208,301,194
phase_6_l_shape_0,l_shape,parallel,3,phase,line25,229,635c87be5a86f1524cae384947345dc2d9a79e0a0afb8cea152c8a664f04e127,21,1,0.043603602796792984,25,444,298,665,687,435,21,122,122,208,301,194
phase_6_l_shape_0,l_shape,parallel,3,phase,line25,233,635c87be5a86f1524cae384947345dc2d9a79e0a0afb8cea152c8a664f04e127,21,1,0.04410460311919451,25,444,298,665,687,435,21,122,122,208,301,194
phase_6_l_shape_0,l_shape,parallel,3,phase,grid25,211,635c87be5a86f1524cae384947345dc2d9a79e0a0afb8cea152c8a664f04e127,21,1,0.03677826514467597,25,199,164,381,408,269,21,122,122,208,301,194
phase_6_l_shape_0,l_shape,parallel,3,phase,grid25,223,635c87be5a86f1524cae384947345dc2d9a79e0a0afb8cea152c8a664f04e127,21,1,0.03670644015073776,25,241,187,369,469,307,21,122,122,208,301,194
phase_6_l_shape_0,l_shape,parallel,3,phase,grid25,227,635c87be5a86f1524cae384947345dc2d9a79e0a0afb8cea152c8a664f04e127,21,1,0.045800479128956795,25,263,199,378,466,286,21,122,122,208,301,194
phase_6_l_shape_0,l_shape,parallel,3,phase,grid25,229,635c87be5a86f1524cae384947345dc2d9a79e0a0afb8cea152c8a664f04e127,21,1,0.03714597597718239,25,243,188,381,455,290,21,122,122,208,301,194
phase_6_l_shape_0,l_shape,parallel,3,phase,grid25,233,635c87be5a86f1524cae384947345dc2d9a79e0a0afb8cea152c8a664f04e127,21,1,0.03729484602808952,25,221,176,392,470,316,21,122,122,208,301,194
phase_6_l_shape_0,l_shape,complete,3,full,sherbrooke,211,c75ec19a57b7c2905309437f5b17627c3c55fe1a5419b2cf0f000af6cd0c09d6,24,5,3.9704316058196127,127,19955,12033,3100,3934,852,24,3661,2329,1464,587,204
phase_6_l_shape_0,l_shape,complete,3,full,sherbrooke,223,c75ec19a57b7c2905309437f5b17627c3c55fe1a5419b2cf0f000af6cd0c09d6,24,5,4.013183380011469,127,19943,12010,3104,3973,818,24,3661,2329,1464,587,204
phase_6_l_shape_0,l_shape,complete,3,full,sherbrooke,227,c75ec19a57b7c2905309437f5b17627c3c55fe1a5419b2cf0f000af6cd0c09d6,24,5,3.6213772711344063,127,19089,11587,2991,3908,860,24,3661,2329,1464,587,204
phase_6_l_shape_0,l_shape,complete,3,full,sherbrooke,229,c75ec19a57b7c2905309437f5b17627c3c55fe1a5419b2cf0f000af6cd0c09d6,24,5,3.738194140139967,127,19345,11707,2946,3442,697,24,3661,2329,1464,587,204
phase_6_l_shape_0,l_shape,complete,3,full,sherbrooke,233,c75ec19a57b7c2905309437f5b17627c3c55fe1a5419b2cf0f000af6cd0c09d6,24,5,4.221865952014923,127,19373,11671,3020,3206,697,24,3661,2329,1464,587,204
phase_6_l_shape_0,l_shape,complete,3,prep,sherbrooke,211,12bfb4d3ffec5e283973e4a88f7869ab18f4463aa46e726ac8e90c8f673c8061,24,0,0.011366074904799461,127,4,0,0,1,0,24,4,0,0,1,0
phase_6_l_shape_0,l_shape,complete,3,prep,sherbrooke,223,12bfb4d3ffec5e283973e4a88f7869ab18f4463aa46e726ac8e90c8f673c8061,24,0,0.010927821043878794,127,4,0,0,1,0,24,4,0,0,1,0
phase_6_l_shape_0,l_shape,complete,3,prep,sherbrooke,227,12bfb4d3ffec5e283973e4a88f7869ab18f4463aa46e726ac8e90c8f673c8061,24,0,0.015823204070329666,127,4,0,0,1,0,24,4,0,0,1,0
phase_6_l_shape_0,l_shape,complete,3,prep,sherbrooke,229,12bfb4d3ffec5e283973e4a88f7869ab18f4463aa46e726ac8e90c8f673c8061,24,0,0.010903385933488607,127,4,0,0,1,0,24,4,0,0,1,0
phase_6_l_shape_0,l_shape,complete,3,prep,sherbrooke,233,12bfb4d3ffec5e283973e4a88f7869ab18f4463aa46e726ac8e90c8f673c8061,24,0,0.010878018103539944,127,4,0,0,1,0,24,4,0,0,1,0
phase_6_l_shape_0,l_shape,complete,3,prep,line25,211,12bfb4d3ffec5e283973e4a88f7869ab18f4463aa46e726ac8e90c8f673c8061,24,0,0.008500613272190094,25,4,0,0,1,0,24,4,0,0,1,0
phase_6_l_shape_0,l_shape,complete,3,prep,line25,223,12bfb4d3ffec5e283973e4a88f7869ab18f4463aa46e726ac8e90c8f673c8061,24,0,0.008323520887643099,25,4,0,0,1,0,24,4,0,0,1,0
phase_6_l_shape_0,l_shape,complete,3,prep,line25,227,12bfb4d3ffec5e283973e4a88f7869ab18f4463aa46e726ac8e90c8f673c8061,24,0,0.008120558690279722,25,4,0,0,1,0,24,4,0,0,1,0
phase_6_l_shape_0,l_shape,complete,3,prep,line25,229,12bfb4d3ffec5e283973e4a88f7869ab18f4463aa46e726ac8e90c8f673c8061,24,0,0.008285749703645706,25,4,0,0,1,0,24,4,0,0,1,0
phase_6_l_shape_0,l_shape,complete,3,prep,line25,233,12bfb4d3ffec5e283973e4a88f7869ab18f4463aa46e726ac8e90c8f673c8061,24,0,0.008318410720676184,25,4,0,0,1,0,24,4,0,0,1,0
phase_6_l_shape_0,l_shape,complete,3,prep,grid25,211,12bfb4d3ffec5e283973e4a88f7869ab18f4463aa46e726ac8e90c8f673c8061,24,0,0.00860088225454092,25,4,0,0,1,0,24,4,0,0,1,0
phase_6_l_shape_0,l_shape,complete,3,prep,grid25,223,12bfb4d3ffec5e283973e4a88f7869ab18f4463aa46e726ac8e90c8f673c8061,24,0,0.008615728933364153,25,4,0,0,1,0,24,4,0,0,1,0
phase_6_l_shape_0,l_shape,complete,3,prep,grid25,227,12bfb4d3ffec5e283973e4a88f7869ab18f4463aa46e726ac8e90c8f673c8061,24,0,0.008617653045803308,25,4,0,0,1,0,24,4,0,0,1,0
phase_6_l_shape_0,l_shape,complete,3,prep,grid25,229,12bfb4d3ffec5e283973e4a88f7869ab18f4463aa46e726ac8e90c8f673c8061,24,0,0.008500914089381695,25,4,0,0,1,0,24,4,0,0,1,0
phase_6_l_shape_0,l_shape,complete,3,prep,grid25,233,12bfb4d3ffec5e283973e4a88f7869ab18f4463aa46e726ac8e90c8f673c8061,24,0,0.008679278660565615,25,4,0,0,1,0,24,4,0,0,1,0
phase_6_l_shape_0,l_shape,complete,3,mixer,sherbrooke,211,29e6f3aaa5d4261fc09882b21a5db5d05fd2ec1fe35be906f42933c9d8981c83,24,1,0.06584664294496179,127,2416,1479,324,659,117,24,1080,636,240,147,36
phase_6_l_shape_0,l_shape,complete,3,mixer,sherbrooke,223,29e6f3aaa5d4261fc09882b21a5db5d05fd2ec1fe35be906f42933c9d8981c83,24,1,0.062109705060720444,127,2545,1555,328,394,68,24,1080,636,240,147,36
phase_6_l_shape_0,l_shape,complete,3,mixer,sherbrooke,227,29e6f3aaa5d4261fc09882b21a5db5d05fd2ec1fe35be906f42933c9d8981c83,24,1,0.0665546921081841,127,2464,1514,314,391,67,24,1080,636,240,147,36
phase_6_l_shape_0,l_shape,complete,3,mixer,sherbrooke,229,29e6f3aaa5d4261fc09882b21a5db5d05fd2ec1fe35be906f42933c9d8981c83,24,1,0.05563778197392821,127,2508,1526,320,416,70,24,1080,636,240,147,36
phase_6_l_shape_0,l_shape,complete,3,mixer,sherbrooke,233,29e6f3aaa5d4261fc09882b21a5db5d05fd2ec1fe35be906f42933c9d8981c83,24,1,0.06503391684964299,127,2379,1465,311,369,59,24,1080,636,240,147,36
phase_6_l_shape_0,l_shape,complete,3,mixer,line25,211,29e6f3aaa5d4261fc09882b21a5db5d05fd2ec1fe35be906f42933c9d8981c83,24,1,0.04071512771770358,25,1500,860,300,185,47,24,1080,636,240,147,36
phase_6_l_shape_0,l_shape,complete,3,mixer,line25,223,29e6f3aaa5d4261fc09882b21a5db5d05fd2ec1fe35be906f42933c9d8981c83,24,1,0.04124448308721185,25,1490,855,306,188,52,24,1080,636,240,147,36
phase_6_l_shape_0,l_shape,complete,3,mixer,line25,227,29e6f3aaa5d4261fc09882b21a5db5d05fd2ec1fe35be906f42933c9d8981c83,24,1,0.04158757720142603,25,1439,827,324,205,58,24,1080,636,240,147,36
phase_6_l_shape_0,l_shape,complete,3,mixer,line25,229,29e6f3aaa5d4261fc09882b21a5db5d05fd2ec1fe35be906f42933c9d8981c83,24,1,0.04063327517360449,25,1480,850,312,188,52,24,1080,636,240,147,36
phase_6_l_shape_0,l_shape,complete,3,mixer,line25,233,29e6f3aaa5d4261fc09882b21a5db5d05fd2ec1fe35be906f42933c9d8981c83,24,1,0.04092006431892514,25,1462,839,318,198,55,24,1080,636,240,147,36
phase_6_l_shape_0,l_shape,complete,3,mixer,grid25,211,29e6f3aaa5d4261fc09882b21a5db5d05fd2ec1fe35be906f42933c9d8981c83,24,1,0.041577608324587345,25,1259,725,293,207,60,24,1080,636,240,147,36
phase_6_l_shape_0,l_shape,complete,3,mixer,grid25,223,29e6f3aaa5d4261fc09882b21a5db5d05fd2ec1fe35be906f42933c9d8981c83,24,1,0.04107213905081153,25,1273,733,297,217,63,24,1080,636,240,147,36
phase_6_l_shape_0,l_shape,complete,3,mixer,grid25,227,29e6f3aaa5d4261fc09882b21a5db5d05fd2ec1fe35be906f42933c9d8981c83,24,1,0.04054596088826656,25,1260,722,297,206,60,24,1080,636,240,147,36
phase_6_l_shape_0,l_shape,complete,3,mixer,grid25,229,29e6f3aaa5d4261fc09882b21a5db5d05fd2ec1fe35be906f42933c9d8981c83,24,1,0.04104134114459157,25,1244,715,298,229,64,24,1080,636,240,147,36
phase_6_l_shape_0,l_shape,complete,3,mixer,grid25,233,29e6f3aaa5d4261fc09882b21a5db5d05fd2ec1fe35be906f42933c9d8981c83,24,1,0.041045879013836384,25,1274,733,301,212,63,24,1080,636,240,147,36
phase_6_l_shape_0,l_shape,complete,3,phase,sherbrooke,211,cc48e05a6b80ca27ca211e31f6ea693d99e1bd7cd68ad11c1cfeacc17f61972e,24,1,0.44338812539353967,127,5392,3266,865,1235,269,24,210,210,372,106,70
phase_6_l_shape_0,l_shape,complete,3,phase,sherbrooke,223,cc48e05a6b80ca27ca211e31f6ea693d99e1bd7cd68ad11c1cfeacc17f61972e,24,1,0.4842330259270966,127,5718,3455,945,1339,311,24,210,210,372,106,70
phase_6_l_shape_0,l_shape,complete,3,phase,sherbrooke,227,cc48e05a6b80ca27ca211e31f6ea693d99e1bd7cd68ad11c1cfeacc17f61972e,24,1,0.39668458979576826,127,4884,2969,780,1116,257,24,210,210,372,106,70
phase_6_l_shape_0,l_shape,complete,3,phase,sherbrooke,229,cc48e05a6b80ca27ca211e31f6ea693d99e1bd7cd68ad11c1cfeacc17f61972e,24,1,0.45027531683444977,127,5408,3269,890,1406,311,24,210,210,372,106,70
phase_6_l_shape_0,l_shape,complete,3,phase,sherbrooke,233,cc48e05a6b80ca27ca211e31f6ea693d99e1bd7cd68ad11c1cfeacc17f61972e,24,1,0.5755843142978847,127,5749,3472,977,1403,317,24,210,210,372,106,70
phase_6_l_shape_0,l_shape,complete,3,phase,line25,211,cc48e05a6b80ca27ca211e31f6ea693d99e1bd7cd68ad11c1cfeacc17f61972e,24,1,0.12239456409588456,25,1871,1116,935,432,203,24,210,210,372,106,70
phase_6_l_shape_0,l_shape,complete,3,phase,line25,223,cc48e05a6b80ca27ca211e31f6ea693d99e1bd7cd68ad11c1cfeacc17f61972e,24,1,0.12267708405852318,25,2025,1200,862,406,188,24,210,210,372,106,70
phase_6_l_shape_0,l_shape,complete,3,phase,line25,227,cc48e05a6b80ca27ca211e31f6ea693d99e1bd7cd68ad11c1cfeacc17f61972e,24,1,0.11859950656071305,25,1948,1158,890,406,195,24,210,210,372,106,70
phase_6_l_shape_0,l_shape,complete,3,phase,line25,229,cc48e05a6b80ca27ca211e31f6ea693d99e1bd7cd68ad11c1cfeacc17f61972e,24,1,0.11960722971707582,25,1915,1140,885,439,229,24,210,210,372,106,70
phase_6_l_shape_0,l_shape,complete,3,phase,line25,233,cc48e05a6b80ca27ca211e31f6ea693d99e1bd7cd68ad11c1cfeacc17f61972e,24,1,0.1205508322454989,25,1926,1146,889,420,218,24,210,210,372,106,70
phase_6_l_shape_0,l_shape,complete,3,phase,grid25,211,cc48e05a6b80ca27ca211e31f6ea693d99e1bd7cd68ad11c1cfeacc17f61972e,24,1,0.09635278955101967,25,837,552,651,465,265,24,210,210,372,106,70
phase_6_l_shape_0,l_shape,complete,3,phase,grid25,223,cc48e05a6b80ca27ca211e31f6ea693d99e1bd7cd68ad11c1cfeacc17f61972e,24,1,0.09723176993429661,25,639,444,696,399,254,24,210,210,372,106,70
phase_6_l_shape_0,l_shape,complete,3,phase,grid25,227,cc48e05a6b80ca27ca211e31f6ea693d99e1bd7cd68ad11c1cfeacc17f61972e,24,1,0.097231260035187,25,628,438,706,383,248,24,210,210,372,106,70
phase_6_l_shape_0,l_shape,complete,3,phase,grid25,229,cc48e05a6b80ca27ca211e31f6ea693d99e1bd7cd68ad11c1cfeacc17f61972e,24,1,0.09742070501670241,25,452,342,754,387,285,24,210,210,372,106,70
phase_6_l_shape_0,l_shape,complete,3,phase,grid25,233,cc48e05a6b80ca27ca211e31f6ea693d99e1bd7cd68ad11c1cfeacc17f61972e,24,1,0.09641690086573362,25,694,474,677,398,269,24,210,210,372,106,70
phase_6_l_shape_0,l_shape,ring,3,full,sherbrooke,211,f133813f1e374d96a56a641ddf852245d5cc1e795ccf08bbee7abb3bd17cd51e,24,5,2.8019928568974137,127,15562,9379,2475,3453,737,24,2041,1357,1032,488,184
phase_6_l_shape_0,l_shape,ring,3,full,sherbrooke,223,f133813f1e374d96a56a641ddf852245d5cc1e795ccf08bbee7abb3bd17cd51e,24,5,2.773583407048136,127,15295,9193,2497,3263,700,24,2041,1357,1032,488,184
phase_6_l_shape_0,l_shape,ring,3,full,sherbrooke,227,f133813f1e374d96a56a641ddf852245d5cc1e795ccf08bbee7abb3bd17cd51e,24,5,2.503060153219849,127,15432,9297,2500,3253,733,24,2041,1357,1032,488,184
phase_6_l_shape_0,l_shape,ring,3,full,sherbrooke,229,f133813f1e374d96a56a641ddf852245d5cc1e795ccf08bbee7abb3bd17cd51e,24,5,2.3573421011678874,127,15496,9346,2476,3152,674,24,2041,1357,1032,488,184
phase_6_l_shape_0,l_shape,ring,3,full,sherbrooke,233,f133813f1e374d96a56a641ddf852245d5cc1e795ccf08bbee7abb3bd17cd51e,24,5,2.643531142733991,127,15333,9203,2490,3124,692,24,2041,1357,1032,488,184
phase_6_l_shape_0,l_shape,ring,3,prep,sherbrooke,211,12bfb4d3ffec5e283973e4a88f7869ab18f4463aa46e726ac8e90c8f673c8061,24,0,0.011637974996119738,127,4,0,0,1,0,24,4,0,0,1,0
phase_6_l_shape_0,l_shape,ring,3,prep,sherbrooke,223,12bfb4d3ffec5e283973e4a88f7869ab18f4463aa46e726ac8e90c8f673c8061,24,0,0.01089314604178071,127,4,0,0,1,0,24,4,0,0,1,0
phase_6_l_shape_0,l_shape,ring,3,prep,sherbrooke,227,12bfb4d3ffec5e283973e4a88f7869ab18f4463aa46e726ac8e90c8f673c8061,24,0,0.011058717034757137,127,4,0,0,1,0,24,4,0,0,1,0
phase_6_l_shape_0,l_shape,ring,3,prep,sherbrooke,229,12bfb4d3ffec5e283973e4a88f7869ab18f4463aa46e726ac8e90c8f673c8061,24,0,0.010823335032910109,127,4,0,0,1,0,24,4,0,0,1,0
phase_6_l_shape_0,l_shape,ring,3,prep,sherbrooke,233,12bfb4d3ffec5e283973e4a88f7869ab18f4463aa46e726ac8e90c8f673c8061,24,0,0.010822623036801815,127,4,0,0,1,0,24,4,0,0,1,0
phase_6_l_shape_0,l_shape,ring,3,prep,line25,211,12bfb4d3ffec5e283973e4a88f7869ab18f4463aa46e726ac8e90c8f673c8061,24,0,0.008399873971939087,25,4,0,0,1,0,24,4,0,0,1,0
phase_6_l_shape_0,l_shape,ring,3,prep,line25,223,12bfb4d3ffec5e283973e4a88f7869ab18f4463aa46e726ac8e90c8f673c8061,24,0,0.008404742926359177,25,4,0,0,1,0,24,4,0,0,1,0
phase_6_l_shape_0,l_shape,ring,3,prep,line25,227,12bfb4d3ffec5e283973e4a88f7869ab18f4463aa46e726ac8e90c8f673c8061,24,0,0.008392470888793468,25,4,0,0,1,0,24,4,0,0,1,0
phase_6_l_shape_0,l_shape,ring,3,prep,line25,229,12bfb4d3ffec5e283973e4a88f7869ab18f4463aa46e726ac8e90c8f673c8061,24,0,0.008411786053329706,25,4,0,0,1,0,24,4,0,0,1,0
phase_6_l_shape_0,l_shape,ring,3,prep,line25,233,12bfb4d3ffec5e283973e4a88f7869ab18f4463aa46e726ac8e90c8f673c8061,24,0,0.008380306884646416,25,4,0,0,1,0,24,4,0,0,1,0
phase_6_l_shape_0,l_shape,ring,3,prep,grid25,211,12bfb4d3ffec5e283973e4a88f7869ab18f4463aa46e726ac8e90c8f673c8061,24,0,0.008628594223409891,25,4,0,0,1,0,24,4,0,0,1,0
phase_6_l_shape_0,l_shape,ring,3,prep,grid25,223,12bfb4d3ffec5e283973e4a88f7869ab18f4463aa46e726ac8e90c8f673c8061,24,0,0.008476217277348042,25,4,0,0,1,0,24,4,0,0,1,0
phase_6_l_shape_0,l_shape,ring,3,prep,grid25,227,12bfb4d3ffec5e283973e4a88f7869ab18f4463aa46e726ac8e90c8f673c8061,24,0,0.008554193656891584,25,4,0,0,1,0,24,4,0,0,1,0
phase_6_l_shape_0,l_shape,ring,3,prep,grid25,229,12bfb4d3ffec5e283973e4a88f7869ab18f4463aa46e726ac8e90c8f673c8061,24,0,0.008622111286967993,25,4,0,0,1,0,24,4,0,0,1,0
phase_6_l_shape_0,l_shape,ring,3,prep,grid25,233,12bfb4d3ffec5e283973e4a88f7869ab18f4463aa46e726ac8e90c8f673c8061,24,0,0.008485955651849508,25,4,0,0,1,0,24,4,0,0,1,0
phase_6_l_shape_0,l_shape,ring,3,mixer,sherbrooke,211,25b45044ced3e303101850493664090c765b1ab6cc90cb30e6aff0c414dcfb5a,24,1,0.04171631811186671,127,1126,681,146,186,34,24,540,312,96,106,24
phase_6_l_shape_0,l_shape,ring,3,mixer,sherbrooke,223,25b45044ced3e303101850493664090c765b1ab6cc90cb30e6aff0c414dcfb5a,24,1,0.03302111988887191,127,1180,717,151,209,42,24,540,312,96,106,24
phase_6_l_shape_0,l_shape,ring,3,mixer,sherbrooke,227,25b45044ced3e303101850493664090c765b1ab6cc90cb30e6aff0c414dcfb5a,24,1,0.0332901650108397,127,1110,678,151,250,46,24,540,312,96,106,24
phase_6_l_shape_0,l_shape,ring,3,mixer,sherbrooke,229,25b45044ced3e303101850493664090c765b1ab6cc90cb30e6aff0c414dcfb5a,24,1,0.02920837001875043,127,1104,676,143,186,36,24,540,312,96,106,24
phase_6_l_shape_0,l_shape,ring,3,mixer,sherbrooke,233,25b45044ced3e303101850493664090c765b1ab6cc90cb30e6aff0c414dcfb5a,24,1,0.037515790201723576,127,1076,652,151,199,39,24,540,312,96,106,24
phase_6_l_shape_0,l_shape,ring,3,mixer,line25,211,25b45044ced3e303101850493664090c765b1ab6cc90cb30e6aff0c414dcfb5a,24,1,0.02337429393082857,25,578,334,149,120,34,24,540,312,96,106,24
phase_6_l_shape_0,l_shape,ring,3,mixer,line25,223,25b45044ced3e303101850493664090c765b1ab6cc90cb30e6aff0c414dcfb5a,24,1,0.0238471832126379,25,596,348,144,121,34,24,540,312,96,106,24
phase_6_l_shape_0,l_shape,ring,3,mixer,line25,227,25b45044ced3e303101850493664090c765b1ab6cc90cb30e6aff0c414dcfb5a,24,1,0.02310402598232031,25,599,349,147,122,34,24,540,312,96,106,24
phase_6_l_shape_0,l_shape,ring,3,mixer,line25,229,25b45044ced3e303101850493664090c765b1ab6cc90cb30e6aff0c414dcfb5a,24,1,0.023537380155175924,25,604,352,149,122,32,24,540,312,96,106,24
phase_6_l_shape_0,l_shape,ring,3,mixer,line25,233,25b45044ced3e303101850493664090c765b1ab6cc90cb30e6aff0c414dcfb5a,24,1,0.023238690104335546,25,600,351,146,121,32,24,540,312,96,106,24
phase_6_l_shape_0,l_shape,ring,3,mixer,grid25,211,25b45044ced3e303101850493664090c765b1ab6cc90cb30e6aff0c414dcfb5a,24,1,0.02095698518678546,25,551,318,102,113,27,24,540,312,96,106,24
phase_6_l_shape_0,l_shape,ring,3,mixer,grid25,223,25b45044ced3e303101850493664090c765b1ab6cc90cb30e6aff0c414dcfb5a,24,1,0.0184696139767766,25,540,312,96,106,24,24,540,312,96,106,24
phase_6_l_shape_0,l_shape,ring,3,mixer,grid25,227,25b45044ced3e303101850493664090c765b1ab6cc90cb30e6aff0c414dcfb5a,24,1,0.018630054779350758,25,540,312,102,110,27,24,540,312,96,106,24
phase_6_l_shape_0,l_shape,ring,3,mixer,grid25,229,25b45044ced3e303101850493664090c765b1ab6cc90cb30e6aff0c414dcfb5a,24,1,0.01859453832730651,25,568,328,106,127,31,24,540,312,96,106,24
phase_6_l_shape_0,l_shape,ring,3,mixer,grid25,233,25b45044ced3e303101850493664090c765b1ab6cc90cb30e6aff0c414dcfb5a,24,1,0.01906339917331934,25,548,316,100,114,28,24,540,312,96,106,24
phase_6_l_shape_0,l_shape,ring,3,phase,sherbrooke,211,cc48e05a6b80ca27ca211e31f6ea693d99e1bd7cd68ad11c1cfeacc17f61972e,24,1,0.44122207583859563,127,5392,3266,865,1235,269,24,210,210,372,106,70
phase_6_l_shape_0,l_shape,ring,3,phase,sherbrooke,223,cc48e05a6b80ca27ca211e31f6ea693d99e1bd7cd68ad11c1cfeacc17f61972e,24,1,0.48667998192831874,127,5718,3455,945,1339,311,24,210,210,372,106,70
phase_6_l_shape_0,l_shape,ring,3,phase,sherbrooke,227,cc48e05a6b80ca27ca211e31f6ea693d99e1bd7cd68ad11c1cfeacc17f61972e,24,1,0.3936335099861026,127,4884,2969,780,1116,257,24,210,210,372,106,70
phase_6_l_shape_0,l_shape,ring,3,phase,sherbrooke,229,cc48e05a6b80ca27ca211e31f6ea693d99e1bd7cd68ad11c1cfeacc17f61972e,24,1,0.4564215987920761,127,5408,3269,890,1406,311,24,210,210,372,106,70
phase_6_l_shape_0,l_shape,ring,3,phase,sherbrooke,233,cc48e05a6b80ca27ca211e31f6ea693d99e1bd7cd68ad11c1cfeacc17f61972e,24,1,0.5770904519595206,127,5749,3472,977,1403,317,24,210,210,372,106,70
phase_6_l_shape_0,l_shape,ring,3,phase,line25,211,cc48e05a6b80ca27ca211e31f6ea693d99e1bd7cd68ad11c1cfeacc17f61972e,24,1,0.12270422512665391,25,1871,1116,935,432,203,24,210,210,372,106,70
phase_6_l_shape_0,l_shape,ring,3,phase,line25,223,cc48e05a6b80ca27ca211e31f6ea693d99e1bd7cd68ad11c1cfeacc17f61972e,24,1,0.11907421797513962,25,2025,1200,862,406,188,24,210,210,372,106,70
phase_6_l_shape_0,l_shape,ring,3,phase,line25,227,cc48e05a6b80ca27ca211e31f6ea693d99e1bd7cd68ad11c1cfeacc17f61972e,24,1,0.1217151372693479,25,1948,1158,890,406,195,24,210,210,372,106,70
phase_6_l_shape_0,l_shape,ring,3,phase,line25,229,cc48e05a6b80ca27ca211e31f6ea693d99e1bd7cd68ad11c1cfeacc17f61972e,24,1,0.1196984713897109,25,1915,1140,885,439,229,24,210,210,372,106,70
phase_6_l_shape_0,l_shape,ring,3,phase,line25,233,cc48e05a6b80ca27ca211e31f6ea693d99e1bd7cd68ad11c1cfeacc17f61972e,24,1,0.11904256884008646,25,1926,1146,889,420,218,24,210,210,372,106,70
phase_6_l_shape_0,l_shape,ring,3,phase,grid25,211,cc48e05a6b80ca27ca211e31f6ea693d99e1bd7cd68ad11c1cfeacc17f61972e,24,1,0.09664131095632911,25,837,552,651,465,265,24,210,210,372,106,70
phase_6_l_shape_0,l_shape,ring,3,phase,grid25,223,cc48e05a6b80ca27ca211e31f6ea693d99e1bd7cd68ad11c1cfeacc17f61972e,24,1,0.0963833681307733,25,639,444,696,399,254,24,210,210,372,106,70
phase_6_l_shape_0,l_shape,ring,3,phase,grid25,227,cc48e05a6b80ca27ca211e31f6ea693d99e1bd7cd68ad11c1cfeacc17f61972e,24,1,0.09753442928195,25,628,438,706,383,248,24,210,210,372,106,70
phase_6_l_shape_0,l_shape,ring,3,phase,grid25,229,cc48e05a6b80ca27ca211e31f6ea693d99e1bd7cd68ad11c1cfeacc17f61972e,24,1,0.09755901619791985,25,452,342,754,387,285,24,210,210,372,106,70
phase_6_l_shape_0,l_shape,ring,3,phase,grid25,233,cc48e05a6b80ca27ca211e31f6ea693d99e1bd7cd68ad11c1cfeacc17f61972e,24,1,0.09942792495712638,25,694,474,677,398,269,24,210,210,372,106,70
phase_6_l_shape_1,l_shape,serial,3,full,sherbrooke,211,65bf69006bb22832fd066971160ad532b07e1d1c9c8a550c244345b69949f1b2,19,5,2.799990626052022,127,15338,8988,2706,7584,1782,19,1351,1049,913,1128,654
phase_6_l_shape_1,l_shape,serial,3,full,sherbrooke,223,65bf69006bb22832fd066971160ad532b07e1d1c9c8a550c244345b69949f1b2,19,5,2.5548495980910957,127,14833,8650,2691,6949,1686,19,1351,1049,913,1128,654
phase_6_l_shape_1,l_shape,serial,3,full,sherbrooke,227,65bf69006bb22832fd066971160ad532b07e1d1c9c8a550c244345b69949f1b2,19,5,2.4300168957561255,127,15611,9202,2713,7319,1718,19,1351,1049,913,1128,654
phase_6_l_shape_1,l_shape,serial,3,full,sherbrooke,229,65bf69006bb22832fd066971160ad532b07e1d1c9c8a550c244345b69949f1b2,19,5,2.6653463188558817,127,15112,8784,2733,7314,1769,19,1351,1049,913,1128,654
phase_6_l_shape_1,l_shape,serial,3,full,sherbrooke,233,65bf69006bb22832fd066971160ad532b07e1d1c9c8a550c244345b69949f1b2,19,5,2.4821653948165476,127,14862,8686,2703,7023,1712,19,1351,1049,913,1128,654
phase_6_l_shape_1,l_shape,serial,3,prep,sherbrooke,211,0abcbf7c27981e437b863c4c778786f1820aa62d796301176f84954f4aea0c15,19,0,0.01106419786810875,127,7,0,0,1,0,19,7,0,0,1,0
phase_6_l_shape_1,l_shape,serial,3,prep,sherbrooke,223,0abcbf7c27981e437b863c4c778786f1820aa62d796301176f84954f4aea0c15,19,0,0.010804919991642237,127,7,0,0,1,0,19,7,0,0,1,0
phase_6_l_shape_1,l_shape,serial,3,prep,sherbrooke,227,0abcbf7c27981e437b863c4c778786f1820aa62d796301176f84954f4aea0c15,19,0,0.010460784193128347,127,7,0,0,1,0,19,7,0,0,1,0
phase_6_l_shape_1,l_shape,serial,3,prep,sherbrooke,229,0abcbf7c27981e437b863c4c778786f1820aa62d796301176f84954f4aea0c15,19,0,0.01042966591194272,127,7,0,0,1,0,19,7,0,0,1,0
phase_6_l_shape_1,l_shape,serial,3,prep,sherbrooke,233,0abcbf7c27981e437b863c4c778786f1820aa62d796301176f84954f4aea0c15,19,0,0.010369712952524424,127,7,0,0,1,0,19,7,0,0,1,0
phase_6_l_shape_1,l_shape,serial,3,prep,line25,211,0abcbf7c27981e437b863c4c778786f1820aa62d796301176f84954f4aea0c15,19,0,0.009081934113055468,25,7,0,0,1,0,19,7,0,0,1,0
phase_6_l_shape_1,l_shape,serial,3,prep,line25,223,0abcbf7c27981e437b863c4c778786f1820aa62d796301176f84954f4aea0c15,19,0,0.00849659601226449,25,7,0,0,1,0,19,7,0,0,1,0
phase_6_l_shape_1,l_shape,serial,3,prep,line25,227,0abcbf7c27981e437b863c4c778786f1820aa62d796301176f84954f4aea0c15,19,0,0.009504869114607573,25,7,0,0,1,0,19,7,0,0,1,0
phase_6_l_shape_1,l_shape,serial,3,prep,line25,229,0abcbf7c27981e437b863c4c778786f1820aa62d796301176f84954f4aea0c15,19,0,0.008392870891839266,25,7,0,0,1,0,19,7,0,0,1,0
phase_6_l_shape_1,l_shape,serial,3,prep,line25,233,0abcbf7c27981e437b863c4c778786f1820aa62d796301176f84954f4aea0c15,19,0,0.008466259110718966,25,7,0,0,1,0,19,7,0,0,1,0
phase_6_l_shape_1,l_shape,serial,3,prep,grid25,211,0abcbf7c27981e437b863c4c778786f1820aa62d796301176f84954f4aea0c15,19,0,0.008556768763810396,25,7,0,0,1,0,19,7,0,0,1,0
phase_6_l_shape_1,l_shape,serial,3,prep,grid25,223,0abcbf7c27981e437b863c4c778786f1820aa62d796301176f84954f4aea0c15,19,0,0.008667727001011372,25,7,0,0,1,0,19,7,0,0,1,0
phase_6_l_shape_1,l_shape,serial,3,prep,grid25,227,0abcbf7c27981e437b863c4c778786f1820aa62d796301176f84954f4aea0c15,19,0,0.00861490797251463,25,7,0,0,1,0,19,7,0,0,1,0
phase_6_l_shape_1,l_shape,serial,3,prep,grid25,229,0abcbf7c27981e437b863c4c778786f1820aa62d796301176f84954f4aea0c15,19,0,0.008645265363156796,25,7,0,0,1,0,19,7,0,0,1,0
phase_6_l_shape_1,l_shape,serial,3,prep,grid25,233,0abcbf7c27981e437b863c4c778786f1820aa62d796301176f84954f4aea0c15,19,0,0.00853112991899252,25,7,0,0,1,0,19,7,0,0,1,0
phase_6_l_shape_1,l_shape,serial,3,mixer,sherbrooke,211,db312e3c1038947720c38f1cb6c11a55240ab4ce206ba5284e62f0469694635b,19,1,0.08338985731825233,127,2870,1686,479,1626,378,19,384,282,195,276,152
phase_6_l_shape_1,l_shape,serial,3,mixer,sherbrooke,223,db312e3c1038947720c38f1cb6c11a55240ab4ce206ba5284e62f0469694635b,19,1,0.08223317470401525,127,2659,1558,442,1465,332,19,384,282,195,276,152
phase_6_l_shape_1,l_shape,serial,3,mixer,sherbrooke,227,db312e3c1038947720c38f1cb6c11a55240ab4ce206ba5284e62f0469694635b,19,1,0.07302950182929635,127,2763,1620,453,1509,343,19,384,282,195,276,152
phase_6_l_shape_1,l_shape,serial,3,mixer,sherbrooke,229,db312e3c1038947720c38f1cb6c11a55240ab4ce206ba5284e62f0469694635b,19,1,0.0691965539008379,127,2580,1505,439,1475,348,19,384,282,195,276,152
phase_6_l_shape_1,l_shape,serial,3,mixer,sherbrooke,233,db312e3c1038947720c38f1cb6c11a55240ab4ce206ba5284e62f0469694635b,19,1,0.096829476300627,127,2841,1666,484,1458,345,19,384,282,195,276,152
phase_6_l_shape_1,l_shape,serial,3,mixer,line25,211,db312e3c1038947720c38f1cb6c11a55240ab4ce206ba5284e62f0469694635b,19,1,0.04940608888864517,25,725,463,523,654,402,19,384,282,195,276,152
phase_6_l_shape_1,l_shape,serial,3,mixer,line25,223,db312e3c1038947720c38f1cb6c11a55240ab4ce206ba5284e62f0469694635b,19,1,0.0485352142713964,25,762,482,494,625,365,19,384,282,195,276,152
phase_6_l_shape_1,l_shape,serial,3,mixer,line25,227,db312e3c1038947720c38f1cb6c11a55240ab4ce206ba5284e62f0469694635b,19,1,0.049081169068813324,25,695,449,573,678,446,19,384,282,195,276,152
phase_6_l_shape_1,l_shape,serial,3,mixer,line25,229,db312e3c1038947720c38f1cb6c11a55240ab4ce206ba5284e62f0469694635b,19,1,0.048692147713154554,25,680,441,511,625,389,19,384,282,195,276,152
phase_6_l_shape_1,l_shape,serial,3,mixer,line25,233,db312e3c1038947720c38f1cb6c11a55240ab4ce206ba5284e62f0469694635b,19,1,0.048534523230046034,25,746,474,495,622,367,19,384,282,195,276,152
phase_6_l_shape_1,l_shape,serial,3,mixer,grid25,211,db312e3c1038947720c38f1cb6c11a55240ab4ce206ba5284e62f0469694635b,19,1,0.045052052941173315,25,492,337,374,460,289,19,384,282,195,276,152
phase_6_l_shape_1,l_shape,serial,3,mixer,grid25,223,db312e3c1038947720c38f1cb6c11a55240ab4ce206ba5284e62f0469694635b,19,1,0.046180231031030416,25,508,347,371,472,294,19,384,282,195,276,152
phase_6_l_shape_1,l_shape,serial,3,mixer,grid25,227,db312e3c1038947720c38f1cb6c11a55240ab4ce206ba5284e62f0469694635b,19,1,0.04225708497688174,25,526,355,351,482,280,19,384,282,195,276,152
phase_6_l_shape_1,l_shape,serial,3,mixer,grid25,229,db312e3c1038947720c38f1cb6c11a55240ab4ce206ba5284e62f0469694635b,19,1,0.04598581604659557,25,567,374,359,464,268,19,384,282,195,276,152
phase_6_l_shape_1,l_shape,serial,3,mixer,grid25,233,db312e3c1038947720c38f1cb6c11a55240ab4ce206ba5284e62f0469694635b,19,1,0.04271994298323989,25,471,332,399,458,276,19,384,282,195,276,152
phase_6_l_shape_1,l_shape,serial,3,phase,sherbrooke,211,ed5f4ae0ddebe130b1b151c8d828120236303c641d8136b5002f76678809daf3,19,1,0.12579335598275065,127,2472,1478,438,1436,340,19,102,102,164,231,146
phase_6_l_shape_1,l_shape,serial,3,phase,sherbrooke,223,ed5f4ae0ddebe130b1b151c8d828120236303c641d8136b5002f76678809daf3,19,1,0.11365552200004458,127,2481,1473,440,1427,338,19,102,102,164,231,146
phase_6_l_shape_1,l_shape,serial,3,phase,sherbrooke,227,ed5f4ae0ddebe130b1b151c8d828120236303c641d8136b5002f76678809daf3,19,1,0.12494675721973181,127,2172,1260,424,1207,310,19,102,102,164,231,146
phase_6_l_shape_1,l_shape,serial,3,phase,sherbrooke,229,ed5f4ae0ddebe130b1b151c8d828120236303c641d8136b5002f76678809daf3,19,1,0.12043115682899952,127,2399,1392,441,1297,318,19,102,102,164,231,146
phase_6_l_shape_1,l_shape,serial,3,phase,sherbrooke,233,ed5f4ae0ddebe130b1b151c8d828120236303c641d8136b5002f76678809daf3,19,1,0.10451701190322638,127,2600,1565,436,1449,333,19,102,102,164,231,146
phase_6_l_shape_1,l_shape,serial,3,phase,line25,211,ed5f4ae0ddebe130b1b151c8d828120236303c641d8136b5002f76678809daf3,19,1,0.038751771207898855,25,310,215,551,536,385,19,102,102,164,231,146
phase_6_l_shape_1,l_shape,serial,3,phase,line25,223,ed5f4ae0ddebe130b1b151c8d828120236303c641d8136b5002f76678809daf3,19,1,0.03722621686756611,25,300,210,553,563,412,19,102,102,164,231,146
phase_6_l_shape_1,l_shape,serial,3,phase,line25,227,ed5f4ae0ddebe130b1b151c8d828120236303c641d8136b5002f76678809daf3,19,1,0.03736782260239124,25,342,232,544,546,380,19,102,102,164,231,146
phase_6_l_shape_1,l_shape,serial,3,phase,line25,229,ed5f4ae0ddebe130b1b151c8d828120236303c641d8136b5002f76678809daf3,19,1,0.03773689502850175,25,321,221,551,544,386,19,102,102,164,231,146
phase_6_l_shape_1,l_shape,serial,3,phase,line25,233,ed5f4ae0ddebe130b1b151c8d828120236303c641d8136b5002f76678809daf3,19,1,0.03728271322324872,25,319,219,555,564,406,19,102,102,164,231,146
phase_6_l_shape_1,l_shape,serial,3,phase,grid25,211,ed5f4ae0ddebe130b1b151c8d828120236303c641d8136b5002f76678809daf3,19,1,0.039211375173181295,25,212,162,290,366,241,19,102,102,164,231,146
phase_6_l_shape_1,l_shape,serial,3,phase,grid25,223,ed5f4ae0ddebe130b1b151c8d828120236303c641d8136b5002f76678809daf3,19,1,0.03190642688423395,25,168,138,280,340,223,19,102,102,164,231,146
phase_6_l_shape_1,l_shape,serial,3,phase,grid25,227,ed5f4ae0ddebe130b1b151c8d828120236303c641d8136b5002f76678809daf3,19,1,0.03238753089681268,25,179,144,301,356,242,19,102,102,164,231,146
phase_6_l_shape_1,l_shape,serial,3,phase,grid25,229,ed5f4ae0ddebe130b1b151c8d828120236303c641d8136b5002f76678809daf3,19,1,0.031722750980407,25,190,150,287,338,225,19,102,102,164,231,146
phase_6_l_shape_1,l_shape,serial,3,phase,grid25,233,ed5f4ae0ddebe130b1b151c8d828120236303c641d8136b5002f76678809daf3,19,1,0.03197969403117895,25,168,138,299,360,251,19,102,102,164,231,146
phase_6_l_shape_1,l_shape,parallel,3,full,sherbrooke,211,925f54f076f3b6ceb81e181a34d8f2c947a41ef0831c5d09acb4ed20962d4261,21,5,2.5370243340730667,127,14853,8674,2640,5443,1294,21,1356,1052,913,806,468
phase_6_l_shape_1,l_shape,parallel,3,full,sherbrooke,223,925f54f076f3b6ceb81e181a34d8f2c947a41ef0831c5d09acb4ed20962d4261,21,5,2.6994726336561143,127,15444,9086,2660,5924,1395,21,1356,1052,913,806,468
phase_6_l_shape_1,l_shape,parallel,3,full,sherbrooke,227,925f54f076f3b6ceb81e181a34d8f2c947a41ef0831c5d09acb4ed20962d4261,21,5,2.5655224611982703,127,14866,8691,2687,5459,1327,21,1356,1052,913,806,468
phase_6_l_shape_1,l_shape,parallel,3,full,sherbrooke,229,925f54f076f3b6ceb81e181a34d8f2c947a41ef0831c5d09acb4ed20962d4261,21,5,2.4020144096575677,127,14548,8517,2612,5520,1307,21,1356,1052,913,806,468
phase_6_l_shape_1,l_shape,parallel,3,full,sherbrooke,233,925f54f076f3b6ceb81e181a34d8f2c947a41ef0831c5d09acb4ed20962d4261,21,5,2.4681599140167236,127,14706,8604,2624,5175,1240,21,1356,1052,913,806,468
phase_6_l_shape_1,l_shape,parallel,3,prep,sherbrooke,211,1f58d6eac272884dde87eabf7a0d35224737670c0e69afddbc91cfdc1b25b73c,21,0,0.015593933872878551,127,7,0,0,1,0,21,7,0,0,1,0
phase_6_l_shape_1,l_shape,parallel,3,prep,sherbrooke,223,1f58d6eac272884dde87eabf7a0d35224737670c0e69afddbc91cfdc1b25b73c,21,0,0.010865644086152315,127,7,0,0,1,0,21,7,0,0,1,0
phase_6_l_shape_1,l_shape,parallel,3,prep,sherbrooke,227,1f58d6eac272884dde87eabf7a0d35224737670c0e69afddbc91cfdc1b25b73c,21,0,0.010753754992038012,127,7,0,0,1,0,21,7,0,0,1,0
phase_6_l_shape_1,l_shape,parallel,3,prep,sherbrooke,229,1f58d6eac272884dde87eabf7a0d35224737670c0e69afddbc91cfdc1b25b73c,21,0,0.010846068151295185,127,7,0,0,1,0,21,7,0,0,1,0
phase_6_l_shape_1,l_shape,parallel,3,prep,sherbrooke,233,1f58d6eac272884dde87eabf7a0d35224737670c0e69afddbc91cfdc1b25b73c,21,0,0.010854072868824005,127,7,0,0,1,0,21,7,0,0,1,0
phase_6_l_shape_1,l_shape,parallel,3,prep,line25,211,1f58d6eac272884dde87eabf7a0d35224737670c0e69afddbc91cfdc1b25b73c,21,0,0.008401898201555014,25,7,0,0,1,0,21,7,0,0,1,0
phase_6_l_shape_1,l_shape,parallel,3,prep,line25,223,1f58d6eac272884dde87eabf7a0d35224737670c0e69afddbc91cfdc1b25b73c,21,0,0.008438896853476763,25,7,0,0,1,0,21,7,0,0,1,0
phase_6_l_shape_1,l_shape,parallel,3,prep,line25,227,1f58d6eac272884dde87eabf7a0d35224737670c0e69afddbc91cfdc1b25b73c,21,0,0.008332929108291864,25,7,0,0,1,0,21,7,0,0,1,0
phase_6_l_shape_1,l_shape,parallel,3,prep,line25,229,1f58d6eac272884dde87eabf7a0d35224737670c0e69afddbc91cfdc1b25b73c,21,0,0.00845238333567977,25,7,0,0,1,0,21,7,0,0,1,0
phase_6_l_shape_1,l_shape,parallel,3,prep,line25,233,1f58d6eac272884dde87eabf7a0d35224737670c0e69afddbc91cfdc1b25b73c,21,0,0.008416034281253815,25,7,0,0,1,0,21,7,0,0,1,0
phase_6_l_shape_1,l_shape,parallel,3,prep,grid25,211,1f58d6eac272884dde87eabf7a0d35224737670c0e69afddbc91cfdc1b25b73c,21,0,0.008712320122867823,25,7,0,0,1,0,21,7,0,0,1,0
phase_6_l_shape_1,l_shape,parallel,3,prep,grid25,223,1f58d6eac272884dde87eabf7a0d35224737670c0e69afddbc91cfdc1b25b73c,21,0,0.008720876649022102,25,7,0,0,1,0,21,7,0,0,1,0
phase_6_l_shape_1,l_shape,parallel,3,prep,grid25,227,1f58d6eac272884dde87eabf7a0d35224737670c0e69afddbc91cfdc1b25b73c,21,0,0.008820473682135344,25,7,0,0,1,0,21,7,0,0,1,0
phase_6_l_shape_1,l_shape,parallel,3,prep,grid25,229,1f58d6eac272884dde87eabf7a0d35224737670c0e69afddbc91cfdc1b25b73c,21,0,0.00860643107444048,25,7,0,0,1,0,21,7,0,0,1,0
phase_6_l_shape_1,l_shape,parallel,3,prep,grid25,233,1f58d6eac272884dde87eabf7a0d35224737670c0e69afddbc91cfdc1b25b73c,21,0,0.008582415990531445,25,7,0,0,1,0,21,7,0,0,1,0
phase_6_l_shape_1,l_shape,parallel,3,mixer,sherbrooke,211,922059cbf31217b855e5c3eb0fe48d9581d782b6d38be371d553fa22b2d82c00,21,1,0.07345340680330992,127,2605,1526,446,822,197,21,389,285,195,170,92
phase_6_l_shape_1,l_shape,parallel,3,mixer,sherbrooke,223,922059cbf31217b855e5c3eb0fe48d9581d782b6d38be371d553fa22b2d82c00,21,1,0.09022058406844735,127,2708,1589,430,851,189,21,389,285,195,170,92
phase_6_l_shape_1,l_shape,parallel,3,mixer,sherbrooke,227,922059cbf31217b855e5c3eb0fe48d9581d782b6d38be371d553fa22b2d82c00,21,1,0.08993099024519324,127,2574,1511,435,842,194,21,389,285,195,170,92
phase_6_l_shape_1,l_shape,parallel,3,mixer,sherbrooke,229,922059cbf31217b855e5c3eb0fe48d9581d782b6d38be371d553fa22b2d82c00,21,1,0.07299153041094542,127,2735,1599,452,960,221,21,389,285,195,170,92
phase_6_l_shape_1,l_shape,parallel,3,mixer,sherbrooke,233,922059cbf31217b855e5c3eb0fe48d9581d782b6d38be371d553fa22b2d82c00,21,1,0.07337144296616316,127,2671,1578,431,921,198,21,389,285,195,170,92
phase_6_l_shape_1,l_shape,parallel,3,mixer,line25,211,922059cbf31217b855e5c3eb0fe48d9581d782b6d38be371d553fa22b2d82c00,21,1,0.054884277284145355,25,651,426,483,354,207,21,389,285,195,170,92
phase_6_l_shape_1,l_shape,parallel,3,mixer,line25,223,922059cbf31217b855e5c3eb0fe48d9581d782b6d38be371d553fa22b2d82c00,21,1,0.05457768123596907,25,642,422,492,353,225,21,389,285,195,170,92
phase_6_l_shape_1,l_shape,parallel,3,mixer,line25,227,922059cbf31217b855e5c3eb0fe48d9581d782b6d38be371d553fa22b2d82c00,21,1,0.0538519280962646,25,616,407,508,367,225,21,389,285,195,170,92
phase_6_l_shape_1,l_shape,parallel,3,mixer,line25,229,922059cbf31217b855e5c3eb0fe48d9581d782b6d38be371d553fa22b2d82c00,21,1,0.053782538045197725,25,616,408,515,372,249,21,389,285,195,170,92
phase_6_l_shape_1,l_shape,parallel,3,mixer,line25,233,922059cbf31217b855e5c3eb0fe48d9581d782b6d38be371d553fa22b2d82c00,21,1,0.04977369913831353,25,643,422,484,350,213,21,389,285,195,170,92
phase_6_l_shape_1,l_shape,parallel,3,mixer,grid25,211,922059cbf31217b855e5c3eb0fe48d9581d782b6d38be371d553fa22b2d82c00,21,1,0.04947730293497443,25,557,377,348,331,183,21,389,285,195,170,92
phase_6_l_shape_1,l_shape,parallel,3,mixer,grid25,223,922059cbf31217b855e5c3eb0fe48d9581d782b6d38be371d553fa22b2d82c00,21,1,0.05245734006166458,25,514,357,358,343,196,21,389,285,195,170,92
phase_6_l_shape_1,l_shape,parallel,3,mixer,grid25,227,922059cbf31217b855e5c3eb0fe48d9581d782b6d38be371d553fa22b2d82c00,21,1,0.05253824079409242,25,536,362,340,333,183,21,389,285,195,170,92
phase_6_l_shape_1,l_shape,parallel,3,mixer,grid25,229,922059cbf31217b855e5c3eb0fe48d9581d782b6d38be371d553fa22b2d82c00,21,1,0.04921293584629893,25,499,345,356,289,166,21,389,285,195,170,92
phase_6_l_shape_1,l_shape,parallel,3,mixer,grid25,233,922059cbf31217b855e5c3eb0fe48d9581d782b6d38be371d553fa22b2d82c00,21,1,0.05412609316408634,25,473,333,369,297,180,21,389,285,195,170,92
phase_6_l_shape_1,l_shape,parallel,3,phase,sherbrooke,211,c73c71d450f35988c8ce0a2c53eb7466fa7d39d5cde06fb5b0893c3d3405a599,21,1,0.12641764804720879,127,2472,1478,438,1436,340,21,102,102,164,231,146
phase_6_l_shape_1,l_shape,parallel,3,phase,sherbrooke,223,c73c71d450f35988c8ce0a2c53eb7466fa7d39d5cde06fb5b0893c3d3405a599,21,1,0.11259576166048646,127,2481,1473,440,1427,338,21,102,102,164,231,146
phase_6_l_shape_1,l_shape,parallel,3,phase,sherbrooke,227,c73c71d450f35988c8ce0a2c53eb7466fa7d39d5cde06fb5b0893c3d3405a599,21,1,0.12545757601037621,127,2172,1260,424,1207,310,21,102,102,164,231,146
phase_6_l_shape_1,l_shape,parallel,3,phase,sherbrooke,229,c73c71d450f35988c8ce0a2c53eb7466fa7d39d5cde06fb5b0893c3d3405a599,21,1,0.12209935858845711,127,2399,1392,441,1297,318,21,102,102,164,231,146
phase_6_l_shape_1,l_shape,parallel,3,phase,sherbrooke,233,c73c71d450f35988c8ce0a2c53eb7466fa7d39d5cde06fb5b0893c3d3405a599,21,1,0.10506596276536584,127,2600,1565,436,1449,333,21,102,102,164,231,146
phase_6_l_shape_1,l_shape,parallel,3,phase,line25,211,c73c71d450f35988c8ce0a2c53eb7466fa7d39d5cde06fb5b0893c3d3405a599,21,1,0.03765498194843531,25,310,215,551,536,385,21,102,102,164,231,146
phase_6_l_shape_1,l_shape,parallel,3,phase,line25,223,c73c71d450f35988c8ce0a2c53eb7466fa7d39d5cde06fb5b0893c3d3405a599,21,1,0.03703580889850855,25,300,210,553,563,412,21,102,102,164,231,146
phase_6_l_shape_1,l_shape,parallel,3,phase,line25,227,c73c71d450f35988c8ce0a2c53eb7466fa7d39d5cde06fb5b0893c3d3405a599,21,1,0.03751229401677847,25,342,232,544,546,380,21,102,102,164,231,146
phase_6_l_shape_1,l_shape,parallel,3,phase,line25,229,c73c71d450f35988c8ce0a2c53eb7466fa7d39d5cde06fb5b0893c3d3405a599,21,1,0.038095599971711636,25,321,221,551,544,386,21,102,102,164,231,146
phase_6_l_shape_1,l_shape,parallel,3,phase,line25,233,c73c71d450f35988c8ce0a2c53eb7466fa7d39d5cde06fb5b0893c3d3405a599,21,1,0.03785512689501047,25,319,219,555,564,406,21,102,102,164,231,146
phase_6_l_shape_1,l_shape,parallel,3,phase,grid25,211,c73c71d450f35988c8ce0a2c53eb7466fa7d39d5cde06fb5b0893c3d3405a599,21,1,0.039288018364459276,25,212,162,290,366,241,21,102,102,164,231,146
phase_6_l_shape_1,l_shape,parallel,3,phase,grid25,223,c73c71d450f35988c8ce0a2c53eb7466fa7d39d5cde06fb5b0893c3d3405a599,21,1,0.03183339908719063,25,168,138,280,340,223,21,102,102,164,231,146
phase_6_l_shape_1,l_shape,parallel,3,phase,grid25,227,c73c71d450f35988c8ce0a2c53eb7466fa7d39d5cde06fb5b0893c3d3405a599,21,1,0.033725511748343706,25,179,144,301,356,242,21,102,102,164,231,146
phase_6_l_shape_1,l_shape,parallel,3,phase,grid25,229,c73c71d450f35988c8ce0a2c53eb7466fa7d39d5cde06fb5b0893c3d3405a599,21,1,0.03237268188968301,25,190,150,287,338,225,21,102,102,164,231,146
phase_6_l_shape_1,l_shape,parallel,3,phase,grid25,233,c73c71d450f35988c8ce0a2c53eb7466fa7d39d5cde06fb5b0893c3d3405a599,21,1,0.03176372917369008,25,168,138,299,360,251,21,102,102,164,231,146
phase_6_l_shape_1,l_shape,complete,3,full,sherbrooke,211,c07d3b3cd23588fbe973201ad1d0869fe894603ebba4aea89421df23cbdba8f1,24,5,3.3047938416711986,127,18053,10858,2850,3592,794,24,3601,2269,1344,557,184
phase_6_l_shape_1,l_shape,complete,3,full,sherbrooke,223,c07d3b3cd23588fbe973201ad1d0869fe894603ebba4aea89421df23cbdba8f1,24,5,3.5587173621170223,127,18542,11168,2910,3780,805,24,3601,2269,1344,557,184
phase_6_l_shape_1,l_shape,complete,3,full,sherbrooke,227,c07d3b3cd23588fbe973201ad1d0869fe894603ebba4aea89421df23cbdba8f1,24,5,3.9335312517359853,127,18612,11212,2892,3389,705,24,3601,2269,1344,557,184
phase_6_l_shape_1,l_shape,complete,3,full,sherbrooke,229,c07d3b3cd23588fbe973201ad1d0869fe894603ebba4aea89421df23cbdba8f1,24,5,3.1549526159651577,127,18821,11361,2980,4216,891,24,3601,2269,1344,557,184
phase_6_l_shape_1,l_shape,complete,3,full,sherbrooke,233,c07d3b3cd23588fbe973201ad1d0869fe894603ebba4aea89421df23cbdba8f1,24,5,3.45321131311357,127,18553,11220,2873,3539,763,24,3601,2269,1344,557,184
phase_6_l_shape_1,l_shape,complete,3,prep,sherbrooke,211,12bfb4d3ffec5e283973e4a88f7869ab18f4463aa46e726ac8e90c8f673c8061,24,0,0.011799988802522421,127,4,0,0,1,0,24,4,0,0,1,0
phase_6_l_shape_1,l_shape,complete,3,prep,sherbrooke,223,12bfb4d3ffec5e283973e4a88f7869ab18f4463aa46e726ac8e90c8f673c8061,24,0,0.014781618025153875,127,4,0,0,1,0,24,4,0,0,1,0
phase_6_l_shape_1,l_shape,complete,3,prep,sherbrooke,227,12bfb4d3ffec5e283973e4a88f7869ab18f4463aa46e726ac8e90c8f673c8061,24,0,0.010858741123229265,127,4,0,0,1,0,24,4,0,0,1,0
phase_6_l_shape_1,l_shape,complete,3,prep,sherbrooke,229,12bfb4d3ffec5e283973e4a88f7869ab18f4463aa46e726ac8e90c8f673c8061,24,0,0.010892544873058796,127,4,0,0,1,0,24,4,0,0,1,0
phase_6_l_shape_1,l_shape,complete,3,prep,sherbrooke,233,12bfb4d3ffec5e283973e4a88f7869ab18f4463aa46e726ac8e90c8f673c8061,24,0,0.010914426296949387,127,4,0,0,1,0,24,4,0,0,1,0
phase_6_l_shape_1,l_shape,complete,3,prep,line25,211,12bfb4d3ffec5e283973e4a88f7869ab18f4463aa46e726ac8e90c8f673c8061,24,0,0.00847247987985611,25,4,0,0,1,0,24,4,0,0,1,0
phase_6_l_shape_1,l_shape,complete,3,prep,line25,223,12bfb4d3ffec5e283973e4a88f7869ab18f4463aa46e726ac8e90c8f673c8061,24,0,0.008503167890012264,25,4,0,0,1,0,24,4,0,0,1,0
phase_6_l_shape_1,l_shape,complete,3,prep,line25,227,12bfb4d3ffec5e283973e4a88f7869ab18f4463aa46e726ac8e90c8f673c8061,24,0,0.00835124310106039,25,4,0,0,1,0,24,4,0,0,1,0
phase_6_l_shape_1,l_shape,complete,3,prep,line25,229,12bfb4d3ffec5e283973e4a88f7869ab18f4463aa46e726ac8e90c8f673c8061,24,0,0.008426464162766933,25,4,0,0,1,0,24,4,0,0,1,0
phase_6_l_shape_1,l_shape,complete,3,prep,line25,233,12bfb4d3ffec5e283973e4a88f7869ab18f4463aa46e726ac8e90c8f673c8061,24,0,0.008353346958756447,25,4,0,0,1,0,24,4,0,0,1,0
phase_6_l_shape_1,l_shape,complete,3,prep,grid25,211,12bfb4d3ffec5e283973e4a88f7869ab18f4463aa46e726ac8e90c8f673c8061,24,0,0.008748938795179129,25,4,0,0,1,0,24,4,0,0,1,0
phase_6_l_shape_1,l_shape,complete,3,prep,grid25,223,12bfb4d3ffec5e283973e4a88f7869ab18f4463aa46e726ac8e90c8f673c8061,24,0,0.00875244615599513,25,4,0,0,1,0,24,4,0,0,1,0
phase_6_l_shape_1,l_shape,complete,3,prep,grid25,227,12bfb4d3ffec5e283973e4a88f7869ab18f4463aa46e726ac8e90c8f673c8061,24,0,0.008711059112101793,25,4,0,0,1,0,24,4,0,0,1,0
phase_6_l_shape_1,l_shape,complete,3,prep,grid25,229,12bfb4d3ffec5e283973e4a88f7869ab18f4463aa46e726ac8e90c8f673c8061,24,0,0.00881414208561182,25,4,0,0,1,0,24,4,0,0,1,0
phase_6_l_shape_1,l_shape,complete,3,prep,grid25,233,12bfb4d3ffec5e283973e4a88f7869ab18f4463aa46e726ac8e90c8f673c8061,24,0,0.008539525792002678,25,4,0,0,1,0,24,4,0,0,1,0
phase_6_l_shape_1,l_shape,complete,3,mixer,sherbrooke,211,29e6f3aaa5d4261fc09882b21a5db5d05fd2ec1fe35be906f42933c9d8981c83,24,1,0.06600748421624303,127,2416,1479,324,659,117,24,1080,636,240,147,36
phase_6_l_shape_1,l_shape,complete,3,mixer,sherbrooke,223,29e6f3aaa5d4261fc09882b21a5db5d05fd2ec1fe35be906f42933c9d8981c83,24,1,0.0619987971149385,127,2545,1555,328,394,68,24,1080,636,240,147,36
phase_6_l_shape_1,l_shape,complete,3,mixer,sherbrooke,227,29e6f3aaa5d4261fc09882b21a5db5d05fd2ec1fe35be906f42933c9d8981c83,24,1,0.06540130591019988,127,2464,1514,314,391,67,24,1080,636,240,147,36
phase_6_l_shape_1,l_shape,complete,3,mixer,sherbrooke,229,29e6f3aaa5d4261fc09882b21a5db5d05fd2ec1fe35be906f42933c9d8981c83,24,1,0.05591043410822749,127,2508,1526,320,416,70,24,1080,636,240,147,36
phase_6_l_shape_1,l_shape,complete,3,mixer,sherbrooke,233,29e6f3aaa5d4261fc09882b21a5db5d05fd2ec1fe35be906f42933c9d8981c83,24,1,0.064887261018157,127,2379,1465,311,369,59,24,1080,636,240,147,36
phase_6_l_shape_1,l_shape,complete,3,mixer,line25,211,29e6f3aaa5d4261fc09882b21a5db5d05fd2ec1fe35be906f42933c9d8981c83,24,1,0.040764661971479654,25,1500,860,300,185,47,24,1080,636,240,147,36
phase_6_l_shape_1,l_shape,complete,3,mixer,line25,223,29e6f3aaa5d4261fc09882b21a5db5d05fd2ec1fe35be906f42933c9d8981c83,24,1,0.04123360197991133,25,1490,855,306,188,52,24,1080,636,240,147,36
phase_6_l_shape_1,l_shape,complete,3,mixer,line25,227,29e6f3aaa5d4261fc09882b21a5db5d05fd2ec1fe35be906f42933c9d8981c83,24,1,0.04169186297804117,25,1439,827,324,205,58,24,1080,636,240,147,36
phase_6_l_shape_1,l_shape,complete,3,mixer,line25,229,29e6f3aaa5d4261fc09882b21a5db5d05fd2ec1fe35be906f42933c9d8981c83,24,1,0.04165153671056032,25,1480,850,312,188,52,24,1080,636,240,147,36
phase_6_l_shape_1,l_shape,complete,3,mixer,line25,233,29e6f3aaa5d4261fc09882b21a5db5d05fd2ec1fe35be906f42933c9d8981c83,24,1,0.04163637803867459,25,1462,839,318,198,55,24,1080,636,240,147,36
phase_6_l_shape_1,l_shape,complete,3,mixer,grid25,211,29e6f3aaa5d4261fc09882b21a5db5d05fd2ec1fe35be906f42933c9d8981c83,24,1,0.04165101610124111,25,1259,725,293,207,60,24,1080,636,240,147,36
phase_6_l_shape_1,l_shape,complete,3,mixer,grid25,223,29e6f3aaa5d4261fc09882b21a5db5d05fd2ec1fe35be906f42933c9d8981c83,24,1,0.04212433472275734,25,1273,733,297,217,63,24,1080,636,240,147,36
phase_6_l_shape_1,l_shape,complete,3,mixer,grid25,227,29e6f3aaa5d4261fc09882b21a5db5d05fd2ec1fe35be906f42933c9d8981c83,24,1,0.04073989484459162,25,1260,722,297,206,60,24,1080,636,240,147,36
phase_6_l_shape_1,l_shape,complete,3,mixer,grid25,229,29e6f3aaa5d4261fc09882b21a5db5d05fd2ec1fe35be906f42933c9d8981c83,24,1,0.04073586780577898,25,1244,715,298,229,64,24,1080,636,240,147,36
phase_6_l_shape_1,l_shape,complete,3,mixer,grid25,233,29e6f3aaa5d4261fc09882b21a5db5d05fd2ec1fe35be906f42933c9d8981c83,24,1,0.04109537182375789,25,1274,733,301,212,63,24,1080,636,240,147,36
phase_6_l_shape_1,l_shape,complete,3,phase,sherbrooke,211,65967013777d57e522a20d9ae4b7caf1f4afccf949d8b33fd9d5edb814dd5738,24,1,0.36214131209999323,127,4535,2754,730,982,223,24,180,180,312,91,60
phase_6_l_shape_1,l_shape,complete,3,phase,sherbrooke,223,65967013777d57e522a20d9ae4b7caf1f4afccf949d8b33fd9d5edb814dd5738,24,1,0.36708053667098284,127,4355,2665,666,799,175,24,180,180,312,91,60
phase_6_l_shape_1,l_shape,complete,3,phase,sherbrooke,227,65967013777d57e522a20d9ae4b7caf1f4afccf949d8b33fd9d5edb814dd5738,24,1,0.3800649899058044,127,4838,2904,822,1190,276,24,180,180,312,91,60
phase_6_l_shape_1,l_shape,complete,3,phase,sherbrooke,229,65967013777d57e522a20d9ae4b7caf1f4afccf949d8b33fd9d5edb814dd5738,24,1,0.44875252805650234,127,4919,2973,819,1237,280,24,180,180,312,91,60
phase_6_l_shape_1,l_shape,complete,3,phase,sherbrooke,233,65967013777d57e522a20d9ae4b7caf1f4afccf949d8b33fd9d5edb814dd5738,24,1,0.4016989469528198,127,4990,3025,803,1413,304,24,180,180,312,91,60
phase_6_l_shape_1,l_shape,complete,3,phase,line25,211,65967013777d57e522a20d9ae4b7caf1f4afccf949d8b33fd9d5edb814dd5738,24,1,0.12081891531124711,25,1511,906,883,425,212,24,180,180,312,91,60
phase_6_l_shape_1,l_shape,complete,3,phase,line25,223,65967013777d57e522a20d9ae4b7caf1f4afccf949d8b33fd9d5edb814dd5738,24,1,0.11762960581108928,25,1544,924,889,458,241,24,180,180,312,91,60
phase_6_l_shape_1,l_shape,complete,3,phase,line25,227,65967013777d57e522a20d9ae4b7caf1f4afccf949d8b33fd9d5edb814dd5738,24,1,0.11798388976603746,25,1445,870,930,457,258,24,180,180,312,91,60
phase_6_l_shape_1,l_shape,complete,3,phase,line25,229,65967013777d57e522a20d9ae4b7caf1f4afccf949d8b33fd9d5edb814dd5738,24,1,0.11687244335189462,25,1533,918,913,463,221,24,180,180,312,91,60
phase_6_l_shape_1,l_shape,complete,3,phase,line25,233,65967013777d57e522a20d9ae4b7caf1f4afccf949d8b33fd9d5edb814dd5738,24,1,0.11987963085994124,25,1456,876,916,456,224,24,180,180,312,91,60
phase_6_l_shape_1,l_shape,complete,3,phase,grid25,211,65967013777d57e522a20d9ae4b7caf1f4afccf949d8b33fd9d5edb814dd5738,24,1,0.08474522177129984,25,620,420,582,367,228,24,180,180,312,91,60
phase_6_l_shape_1,l_shape,complete,3,phase,grid25,223,65967013777d57e522a20d9ae4b7caf1f4afccf949d8b33fd9d5edb814dd5738,24,1,0.08597420994192362,25,598,408,600,371,248,24,180,180,312,91,60
phase_6_l_shape_1,l_shape,complete,3,phase,grid25,227,65967013777d57e522a20d9ae4b7caf1f4afccf949d8b33fd9d5edb814dd5738,24,1,0.08570668799802661,25,455,330,623,394,265,24,180,180,312,91,60
phase_6_l_shape_1,l_shape,complete,3,phase,grid25,229,65967013777d57e522a20d9ae4b7caf1f4afccf949d8b33fd9d5edb814dd5738,24,1,0.08530174801126122,25,488,348,626,357,248,24,180,180,312,91,60
phase_6_l_shape_1,l_shape,complete,3,phase,grid25,233,65967013777d57e522a20d9ae4b7caf1f4afccf949d8b33fd9d5edb814dd5738,24,1,0.08456054516136646,25,521,366,595,370,244,24,180,180,312,91,60
phase_6_l_shape_1,l_shape,ring,3,full,sherbrooke,211,a5f02a7a095e0bb7e31cb94598ba490e9cbf4ed5d41a515f08cdd877678d65b5,24,5,2.1773937572725117,127,13606,8174,2184,2846,630,24,1981,1297,912,458,164
phase_6_l_shape_1,l_shape,ring,3,full,sherbrooke,223,a5f02a7a095e0bb7e31cb94598ba490e9cbf4ed5d41a515f08cdd877678d65b5,24,5,2.0176194589585066,127,14103,8474,2310,2987,646,24,1981,1297,912,458,164
phase_6_l_shape_1,l_shape,ring,3,full,sherbrooke,227,a5f02a7a095e0bb7e31cb94598ba490e9cbf4ed5d41a515f08cdd877678d65b5,24,5,2.1025355719029903,127,13874,8324,2271,3055,669,24,1981,1297,912,458,164
phase_6_l_shape_1,l_shape,ring,3,full,sherbrooke,229,a5f02a7a095e0bb7e31cb94598ba490e9cbf4ed5d41a515f08cdd877678d65b5,24,5,2.3898529829457402,127,14173,8456,2324,3210,718,24,1981,1297,912,458,164
phase_6_l_shape_1,l_shape,ring,3,full,sherbrooke,233,a5f02a7a095e0bb7e31cb94598ba490e9cbf4ed5d41a515f08cdd877678d65b5,24,5,2.3214771398343146,127,14016,8391,2314,3043,695,24,1981,1297,912,458,164
phase_6_l_shape_1,l_shape,ring,3,prep,sherbrooke,211,12bfb4d3ffec5e283973e4a88f7869ab18f4463aa46e726ac8e90c8f673c8061,24,0,0.011072532273828983,127,4,0,0,1,0,24,4,0,0,1,0
phase_6_l_shape_1,l_shape,ring,3,prep,sherbrooke,223,12bfb4d3ffec5e283973e4a88f7869ab18f4463aa46e726ac8e90c8f673c8061,24,0,0.010851447936147451,127,4,0,0,1,0,24,4,0,0,1,0
phase_6_l_shape_1,l_shape,ring,3,prep,sherbrooke,227,12bfb4d3ffec5e283973e4a88f7869ab18f4463aa46e726ac8e90c8f673c8061,24,0,0.010876124259084463,127,4,0,0,1,0,24,4,0,0,1,0
phase_6_l_shape_1,l_shape,ring,3,prep,sherbrooke,229,12bfb4d3ffec5e283973e4a88f7869ab18f4463aa46e726ac8e90c8f673c8061,24,0,0.010888688266277313,127,4,0,0,1,0,24,4,0,0,1,0
phase_6_l_shape_1,l_shape,ring,3,prep,sherbrooke,233,12bfb4d3ffec5e283973e4a88f7869ab18f4463aa46e726ac8e90c8f673c8061,24,0,0.01094984170049429,127,4,0,0,1,0,24,4,0,0,1,0
phase_6_l_shape_1,l_shape,ring,3,prep,line25,211,12bfb4d3ffec5e283973e4a88f7869ab18f4463aa46e726ac8e90c8f673c8061,24,0,0.008414021227508783,25,4,0,0,1,0,24,4,0,0,1,0
phase_6_l_shape_1,l_shape,ring,3,prep,line25,223,12bfb4d3ffec5e283973e4a88f7869ab18f4463aa46e726ac8e90c8f673c8061,24,0,0.008380657993257046,25,4,0,0,1,0,24,4,0,0,1,0
phase_6_l_shape_1,l_shape,ring,3,prep,line25,227,12bfb4d3ffec5e283973e4a88f7869ab18f4463aa46e726ac8e90c8f673c8061,24,0,0.008333328645676374,25,4,0,0,1,0,24,4,0,0,1,0
phase_6_l_shape_1,l_shape,ring,3,prep,line25,229,12bfb4d3ffec5e283973e4a88f7869ab18f4463aa46e726ac8e90c8f673c8061,24,0,0.008436502888798714,25,4,0,0,1,0,24,4,0,0,1,0
phase_6_l_shape_1,l_shape,ring,3,prep,line25,233,12bfb4d3ffec5e283973e4a88f7869ab18f4463aa46e726ac8e90c8f673c8061,24,0,0.008438447024673223,25,4,0,0,1,0,24,4,0,0,1,0
phase_6_l_shape_1,l_shape,ring,3,prep,grid25,211,12bfb4d3ffec5e283973e4a88f7869ab18f4463aa46e726ac8e90c8f673c8061,24,0,0.008682564832270145,25,4,0,0,1,0,24,4,0,0,1,0
phase_6_l_shape_1,l_shape,ring,3,prep,grid25,223,12bfb4d3ffec5e283973e4a88f7869ab18f4463aa46e726ac8e90c8f673c8061,24,0,0.008676543831825256,25,4,0,0,1,0,24,4,0,0,1,0
phase_6_l_shape_1,l_shape,ring,3,prep,grid25,227,12bfb4d3ffec5e283973e4a88f7869ab18f4463aa46e726ac8e90c8f673c8061,24,0,0.008545256685465574,25,4,0,0,1,0,24,4,0,0,1,0
phase_6_l_shape_1,l_shape,ring,3,prep,grid25,229,12bfb4d3ffec5e283973e4a88f7869ab18f4463aa46e726ac8e90c8f673c8061,24,0,0.008641668129712343,25,4,0,0,1,0,24,4,0,0,1,0
phase_6_l_shape_1,l_shape,ring,3,prep,grid25,233,12bfb4d3ffec5e283973e4a88f7869ab18f4463aa46e726ac8e90c8f673c8061,24,0,0.008683676831424236,25,4,0,0,1,0,24,4,0,0,1,0
phase_6_l_shape_1,l_shape,ring,3,mixer,sherbrooke,211,25b45044ced3e303101850493664090c765b1ab6cc90cb30e6aff0c414dcfb5a,24,1,0.04143943917006254,127,1126,681,146,186,34,24,540,312,96,106,24
phase_6_l_shape_1,l_shape,ring,3,mixer,sherbrooke,223,25b45044ced3e303101850493664090c765b1ab6cc90cb30e6aff0c414dcfb5a,24,1,0.0325720370747149,127,1180,717,151,209,42,24,540,312,96,106,24
phase_6_l_shape_1,l_shape,ring,3,mixer,sherbrooke,227,25b45044ced3e303101850493664090c765b1ab6cc90cb30e6aff0c414dcfb5a,24,1,0.033274104818701744,127,1110,678,151,250,46,24,540,312,96,106,24
phase_6_l_shape_1,l_shape,ring,3,mixer,sherbrooke,229,25b45044ced3e303101850493664090c765b1ab6cc90cb30e6aff0c414dcfb5a,24,1,0.031426464673131704,127,1104,676,143,186,36,24,540,312,96,106,24
phase_6_l_shape_1,l_shape,ring,3,mixer,sherbrooke,233,25b45044ced3e303101850493664090c765b1ab6cc90cb30e6aff0c414dcfb5a,24,1,0.03727961704134941,127,1076,652,151,199,39,24,540,312,96,106,24
phase_6_l_shape_1,l_shape,ring,3,mixer,line25,211,25b45044ced3e303101850493664090c765b1ab6cc90cb30e6aff0c414dcfb5a,24,1,0.023533964063972235,25,578,334,149,120,34,24,540,312,96,106,24
phase_6_l_shape_1,l_shape,ring,3,mixer,line25,223,25b45044ced3e303101850493664090c765b1ab6cc90cb30e6aff0c414dcfb5a,24,1,0.022753017023205757,25,596,348,144,121,34,24,540,312,96,106,24
phase_6_l_shape_1,l_shape,ring,3,mixer,line25,227,25b45044ced3e303101850493664090c765b1ab6cc90cb30e6aff0c414dcfb5a,24,1,0.02303904527798295,25,599,349,147,122,34,24,540,312,96,106,24
phase_6_l_shape_1,l_shape,ring,3,mixer,line25,229,25b45044ced3e303101850493664090c765b1ab6cc90cb30e6aff0c414dcfb5a,24,1,0.02296698885038495,25,604,352,149,122,32,24,540,312,96,106,24
phase_6_l_shape_1,l_shape,ring,3,mixer,line25,233,25b45044ced3e303101850493664090c765b1ab6cc90cb30e6aff0c414dcfb5a,24,1,0.022996163927018642,25,600,351,146,121,32,24,540,312,96,106,24
phase_6_l_shape_1,l_shape,ring,3,mixer,grid25,211,25b45044ced3e303101850493664090c765b1ab6cc90cb30e6aff0c414dcfb5a,24,1,0.018846601713448763,25,551,318,102,113,27,24,540,312,96,106,24
phase_6_l_shape_1,l_shape,ring,3,mixer,grid25,223,25b45044ced3e303101850493664090c765b1ab6cc90cb30e6aff0c414dcfb5a,24,1,0.018358756322413683,25,540,312,96,106,24,24,540,312,96,106,24
phase_6_l_shape_1,l_shape,ring,3,mixer,grid25,227,25b45044ced3e303101850493664090c765b1ab6cc90cb30e6aff0c414dcfb5a,24,1,0.01876546861603856,25,540,312,102,110,27,24,540,312,96,106,24
phase_6_l_shape_1,l_shape,ring,3,mixer,grid25,229,25b45044ced3e303101850493664090c765b1ab6cc90cb30e6aff0c414dcfb5a,24,1,0.018897838424891233,25,568,328,106,127,31,24,540,312,96,106,24
phase_6_l_shape_1,l_shape,ring,3,mixer,grid25,233,25b45044ced3e303101850493664090c765b1ab6cc90cb30e6aff0c414dcfb5a,24,1,0.019181521143764257,25,548,316,100,114,28,24,540,312,96,106,24
phase_6_l_shape_1,l_shape,ring,3,phase,sherbrooke,211,65967013777d57e522a20d9ae4b7caf1f4afccf949d8b33fd9d5edb814dd5738,24,1,0.3621773892082274,127,4535,2754,730,982,223,24,180,180,312,91,60
phase_6_l_shape_1,l_shape,ring,3,phase,sherbrooke,223,65967013777d57e522a20d9ae4b7caf1f4afccf949d8b33fd9d5edb814dd5738,24,1,0.36772716185078025,127,4355,2665,666,799,175,24,180,180,312,91,60
phase_6_l_shape_1,l_shape,ring,3,phase,sherbrooke,227,65967013777d57e522a20d9ae4b7caf1f4afccf949d8b33fd9d5edb814dd5738,24,1,0.38180385576561093,127,4838,2904,822,1190,276,24,180,180,312,91,60
phase_6_l_shape_1,l_shape,ring,3,phase,sherbrooke,229,65967013777d57e522a20d9ae4b7caf1f4afccf949d8b33fd9d5edb814dd5738,24,1,0.4464866532944143,127,4919,2973,819,1237,280,24,180,180,312,91,60
phase_6_l_shape_1,l_shape,ring,3,phase,sherbrooke,233,65967013777d57e522a20d9ae4b7caf1f4afccf949d8b33fd9d5edb814dd5738,24,1,0.40057985484600067,127,4990,3025,803,1413,304,24,180,180,312,91,60
phase_6_l_shape_1,l_shape,ring,3,phase,line25,211,65967013777d57e522a20d9ae4b7caf1f4afccf949d8b33fd9d5edb814dd5738,24,1,0.11749760759994388,25,1511,906,883,425,212,24,180,180,312,91,60
phase_6_l_shape_1,l_shape,ring,3,phase,line25,223,65967013777d57e522a20d9ae4b7caf1f4afccf949d8b33fd9d5edb814dd5738,24,1,0.11571143288165331,25,1544,924,889,458,241,24,180,180,312,91,60
phase_6_l_shape_1,l_shape,ring,3,phase,line25,227,65967013777d57e522a20d9ae4b7caf1f4afccf949d8b33fd9d5edb814dd5738,24,1,0.1160068679600954,25,1445,870,930,457,258,24,180,180,312,91,60
phase_6_l_shape_1,l_shape,ring,3,phase,line25,229,65967013777d57e522a20d9ae4b7caf1f4afccf949d8b33fd9d5edb814dd5738,24,1,0.11556179169565439,25,1533,918,913,463,221,24,180,180,312,91,60
phase_6_l_shape_1,l_shape,ring,3,phase,line25,233,65967013777d57e522a20d9ae4b7caf1f4afccf949d8b33fd9d5edb814dd5738,24,1,0.11694484017789364,25,1456,876,916,456,224,24,180,180,312,91,60
phase_6_l_shape_1,l_shape,ring,3,phase,grid25,211,65967013777d57e522a20d9ae4b7caf1f4afccf949d8b33fd9d5edb814dd5738,24,1,0.08370439801365137,25,620,420,582,367,228,24,180,180,312,91,60
phase_6_l_shape_1,l_shape,ring,3,phase,grid25,223,65967013777d57e522a20d9ae4b7caf1f4afccf949d8b33fd9d5edb814dd5738,24,1,0.0841648019850254,25,598,408,600,371,248,24,180,180,312,91,60
phase_6_l_shape_1,l_shape,ring,3,phase,grid25,227,65967013777d57e522a20d9ae4b7caf1f4afccf949d8b33fd9d5edb814dd5738,24,1,0.08429029816761613,25,455,330,623,394,265,24,180,180,312,91,60
phase_6_l_shape_1,l_shape,ring,3,phase,grid25,229,65967013777d57e522a20d9ae4b7caf1f4afccf949d8b33fd9d5edb814dd5738,24,1,0.08697573095560074,25,488,348,626,357,248,24,180,180,312,91,60
phase_6_l_shape_1,l_shape,ring,3,phase,grid25,233,65967013777d57e522a20d9ae4b7caf1f4afccf949d8b33fd9d5edb814dd5738,24,1,0.08340819086879492,25,521,366,595,370,244,24,180,180,312,91,60
phase_6_l_shape_2,l_shape,serial,3,full,sherbrooke,211,8a069cc91cf4f2cbb067dac6ee855a213a55cb6c5131e38fc3015042e3772c44,19,5,3.1665487131103873,127,17062,10012,2998,8302,1964,19,1399,1097,969,1276,736
phase_6_l_shape_2,l_shape,serial,3,full,sherbrooke,223,8a069cc91cf4f2cbb067dac6ee855a213a55cb6c5131e38fc3015042e3772c44,19,5,2.9362229062244296,127,15827,9186,2924,7937,1925,19,1399,1097,969,1276,736
phase_6_l_shape_2,l_shape,serial,3,full,sherbrooke,227,8a069cc91cf4f2cbb067dac6ee855a213a55cb6c5131e38fc3015042e3772c44,19,5,2.919812649022788,127,15618,9083,2872,7643,1866,19,1399,1097,969,1276,736
phase_6_l_shape_2,l_shape,serial,3,full,sherbrooke,229,8a069cc91cf4f2cbb067dac6ee855a213a55cb6c5131e38fc3015042e3772c44,19,5,3.1443845201283693,127,15901,9170,3027,8224,2045,19,1399,1097,969,1276,736
phase_6_l_shape_2,l_shape,serial,3,full,sherbrooke,233,8a069cc91cf4f2cbb067dac6ee855a213a55cb6c5131e38fc3015042e3772c44,19,5,2.961299456655979,127,16053,9438,2831,7981,1863,19,1399,1097,969,1276,736
phase_6_l_shape_2,l_shape,serial,3,prep,sherbrooke,211,0abcbf7c27981e437b863c4c778786f1820aa62d796301176f84954f4aea0c15,19,0,0.011474688071757555,127,7,0,0,1,0,19,7,0,0,1,0
phase_6_l_shape_2,l_shape,serial,3,prep,sherbrooke,223,0abcbf7c27981e437b863c4c778786f1820aa62d796301176f84954f4aea0c15,19,0,0.010761118028312922,127,7,0,0,1,0,19,7,0,0,1,0
phase_6_l_shape_2,l_shape,serial,3,prep,sherbrooke,227,0abcbf7c27981e437b863c4c778786f1820aa62d796301176f84954f4aea0c15,19,0,0.010807385202497244,127,7,0,0,1,0,19,7,0,0,1,0
phase_6_l_shape_2,l_shape,serial,3,prep,sherbrooke,229,0abcbf7c27981e437b863c4c778786f1820aa62d796301176f84954f4aea0c15,19,0,0.01790732704102993,127,7,0,0,1,0,19,7,0,0,1,0
phase_6_l_shape_2,l_shape,serial,3,prep,sherbrooke,233,0abcbf7c27981e437b863c4c778786f1820aa62d796301176f84954f4aea0c15,19,0,0.01083202101290226,127,7,0,0,1,0,19,7,0,0,1,0
phase_6_l_shape_2,l_shape,serial,3,prep,line25,211,0abcbf7c27981e437b863c4c778786f1820aa62d796301176f84954f4aea0c15,19,0,0.0093880002386868,25,7,0,0,1,0,19,7,0,0,1,0
phase_6_l_shape_2,l_shape,serial,3,prep,line25,223,0abcbf7c27981e437b863c4c778786f1820aa62d796301176f84954f4aea0c15,19,0,0.008579842280596495,25,7,0,0,1,0,19,7,0,0,1,0
phase_6_l_shape_2,l_shape,serial,3,prep,line25,227,0abcbf7c27981e437b863c4c778786f1820aa62d796301176f84954f4aea0c15,19,0,0.008502646815031767,25,7,0,0,1,0,19,7,0,0,1,0
phase_6_l_shape_2,l_shape,serial,3,prep,line25,229,0abcbf7c27981e437b863c4c778786f1820aa62d796301176f84954f4aea0c15,19,0,0.008612852543592453,25,7,0,0,1,0,19,7,0,0,1,0
phase_6_l_shape_2,l_shape,serial,3,prep,line25,233,0abcbf7c27981e437b863c4c778786f1820aa62d796301176f84954f4aea0c15,19,0,0.008584369905292988,25,7,0,0,1,0,19,7,0,0,1,0
phase_6_l_shape_2,l_shape,serial,3,prep,grid25,211,0abcbf7c27981e437b863c4c778786f1820aa62d796301176f84954f4aea0c15,19,0,0.008913117926567793,25,7,0,0,1,0,19,7,0,0,1,0
phase_6_l_shape_2,l_shape,serial,3,prep,grid25,223,0abcbf7c27981e437b863c4c778786f1820aa62d796301176f84954f4aea0c15,19,0,0.008865649346262217,25,7,0,0,1,0,19,7,0,0,1,0
phase_6_l_shape_2,l_shape,serial,3,prep,grid25,227,0abcbf7c27981e437b863c4c778786f1820aa62d796301176f84954f4aea0c15,19,0,0.008873694110661745,25,7,0,0,1,0,19,7,0,0,1,0
phase_6_l_shape_2,l_shape,serial,3,prep,grid25,229,0abcbf7c27981e437b863c4c778786f1820aa62d796301176f84954f4aea0c15,19,0,0.008826726116240025,25,7,0,0,1,0,19,7,0,0,1,0
phase_6_l_shape_2,l_shape,serial,3,prep,grid25,233,0abcbf7c27981e437b863c4c778786f1820aa62d796301176f84954f4aea0c15,19,0,0.008898780681192875,25,7,0,0,1,0,19,7,0,0,1,0
phase_6_l_shape_2,l_shape,serial,3,mixer,sherbrooke,211,db312e3c1038947720c38f1cb6c11a55240ab4ce206ba5284e62f0469694635b,19,1,0.08665920607745647,127,2870,1686,479,1626,378,19,384,282,195,276,152
phase_6_l_shape_2,l_shape,serial,3,mixer,sherbrooke,223,db312e3c1038947720c38f1cb6c11a55240ab4ce206ba5284e62f0469694635b,19,1,0.08338105026632547,127,2659,1558,442,1465,332,19,384,282,195,276,152
phase_6_l_shape_2,l_shape,serial,3,mixer,sherbrooke,227,db312e3c1038947720c38f1cb6c11a55240ab4ce206ba5284e62f0469694635b,19,1,0.07216211222112179,127,2763,1620,453,1509,343,19,384,282,195,276,152
phase_6_l_shape_2,l_shape,serial,3,mixer,sherbrooke,229,db312e3c1038947720c38f1cb6c11a55240ab4ce206ba5284e62f0469694635b,19,1,0.07080180896446109,127,2580,1505,439,1475,348,19,384,282,195,276,152
phase_6_l_shape_2,l_shape,serial,3,mixer,sherbrooke,233,db312e3c1038947720c38f1cb6c11a55240ab4ce206ba5284e62f0469694635b,19,1,0.10047609312459826,127,2841,1666,484,1458,345,19,384,282,195,276,152
phase_6_l_shape_2,l_shape,serial,3,mixer,line25,211,db312e3c1038947720c38f1cb6c11a55240ab4ce206ba5284e62f0469694635b,19,1,0.04981411620974541,25,725,463,523,654,402,19,384,282,195,276,152
phase_6_l_shape_2,l_shape,serial,3,mixer,line25,223,db312e3c1038947720c38f1cb6c11a55240ab4ce206ba5284e62f0469694635b,19,1,0.04915483761578798,25,762,482,494,625,365,19,384,282,195,276,152
phase_6_l_shape_2,l_shape,serial,3,mixer,line25,227,db312e3c1038947720c38f1cb6c11a55240ab4ce206ba5284e62f0469694635b,19,1,0.0505695641040802,25,695,449,573,678,446,19,384,282,195,276,152
phase_6_l_shape_2,l_shape,serial,3,mixer,line25,229,db312e3c1038947720c38f1cb6c11a55240ab4ce206ba5284e62f0469694635b,19,1,0.04904618300497532,25,680,441,511,625,389,19,384,282,195,276,152
phase_6_l_shape_2,l_shape,serial,3,mixer,line25,233,db312e3c1038947720c38f1cb6c11a55240ab4ce206ba5284e62f0469694635b,19,1,0.04931544931605458,25,746,474,495,622,367,19,384,282,195,276,152
phase_6_l_shape_2,l_shape,serial,3,mixer,grid25,211,db312e3c1038947720c38f1cb6c11a55240ab4ce206ba5284e62f0469694635b,19,1,0.047541447915136814,25,492,337,374,460,289,19,384,282,195,276,152
phase_6_l_shape_2,l_shape,serial,3,mixer,grid25,223,db312e3c1038947720c38f1cb6c11a55240ab4ce206ba5284e62f0469694635b,19,1,0.046988789923489094,25,508,347,371,472,294,19,384,282,195,276,152
phase_6_l_shape_2,l_shape,serial,3,mixer,grid25,227,db312e3c1038947720c38f1cb6c11a55240ab4ce206ba5284e62f0469694635b,19,1,0.04175919992849231,25,526,355,351,482,280,19,384,282,195,276,152
phase_6_l_shape_2,l_shape,serial,3,mixer,grid25,229,db312e3c1038947720c38f1cb6c11a55240ab4ce206ba5284e62f0469694635b,19,1,0.04647490521892905,25,567,374,359,464,268,19,384,282,195,276,152
phase_6_l_shape_2,l_shape,serial,3,mixer,grid25,233,db312e3c1038947720c38f1cb6c11a55240ab4ce206ba5284e62f0469694635b,19,1,0.04328396311029792,25,471,332,399,458,276,19,384,282,195,276,152
phase_6_l_shape_2,l_shape,serial,3,phase,sherbrooke,211,0b43f3ca31b8bc69382d5f51fd1a307eb7eaa352513b277ecac106a53bff36cc,19,1,0.14008448412641883,127,3240,1937,552,1855,427,19,126,126,192,303,187
phase_6_l_shape_2,l_shape,serial,3,phase,sherbrooke,223,0b43f3ca31b8bc69382d5f51fd1a307eb7eaa352513b277ecac106a53bff36cc,19,1,0.1529060611501336,127,3394,2032,560,1989,439,19,126,126,192,303,187
phase_6_l_shape_2,l_shape,serial,3,phase,sherbrooke,227,0b43f3ca31b8bc69382d5f51fd1a307eb7eaa352513b277ecac106a53bff36cc,19,1,0.20034421514719725,127,3408,2000,600,1926,447,19,126,126,192,303,187
phase_6_l_shape_2,l_shape,serial,3,phase,sherbrooke,229,0b43f3ca31b8bc69382d5f51fd1a307eb7eaa352513b277ecac106a53bff36cc,19,1,0.21062583196908236,127,3003,1717,593,1806,459,19,126,126,192,303,187
phase_6_l_shape_2,l_shape,serial,3,phase,sherbrooke,233,0b43f3ca31b8bc69382d5f51fd1a307eb7eaa352513b277ecac106a53bff36cc,19,1,0.17061296291649342,127,3443,2054,595,1976,452,19,126,126,192,303,187
phase_6_l_shape_2,l_shape,serial,3,phase,line25,211,0b43f3ca31b8bc69382d5f51fd1a307eb7eaa352513b277ecac106a53bff36cc,19,1,0.0459171780385077,25,348,247,794,733,525,19,126,126,192,303,187
phase_6_l_shape_2,l_shape,serial,3,phase,line25,223,0b43f3ca31b8bc69382d5f51fd1a307eb7eaa352513b277ecac106a53bff36cc,19,1,0.04563425574451685,25,337,241,800,733,525,19,126,126,192,303,187
phase_6_l_shape_2,l_shape,serial,3,phase,line25,227,0b43f3ca31b8bc69382d5f51fd1a307eb7eaa352513b277ecac106a53bff36cc,19,1,0.046707462053745985,25,348,247,794,728,521,19,126,126,192,303,187
phase_6_l_shape_2,l_shape,serial,3,phase,line25,229,0b43f3ca31b8bc69382d5f51fd1a307eb7eaa352513b277ecac106a53bff36cc,19,1,0.045587047934532166,25,348,247,794,733,525,19,126,126,192,303,187
phase_6_l_shape_2,l_shape,serial,3,phase,line25,233,0b43f3ca31b8bc69382d5f51fd1a307eb7eaa352513b277ecac106a53bff36cc,19,1,0.046791628934443,25,337,241,800,733,525,19,126,126,192,303,187
phase_6_l_shape_2,l_shape,serial,3,phase,grid25,211,0b43f3ca31b8bc69382d5f51fd1a307eb7eaa352513b277ecac106a53bff36cc,19,1,0.03653061995282769,25,225,180,361,463,300,19,126,126,192,303,187
phase_6_l_shape_2,l_shape,serial,3,phase,grid25,223,0b43f3ca31b8bc69382d5f51fd1a307eb7eaa352513b277ecac106a53bff36cc,19,1,0.03676612302660942,25,203,168,371,444,294,19,126,126,192,303,187
phase_6_l_shape_2,l_shape,serial,3,phase,grid25,227,0b43f3ca31b8bc69382d5f51fd1a307eb7eaa352513b277ecac106a53bff36cc,19,1,0.037262674886733294,25,236,186,384,467,309,19,126,126,192,303,187
phase_6_l_shape_2,l_shape,serial,3,phase,grid25,229,0b43f3ca31b8bc69382d5f51fd1a307eb7eaa352513b277ecac106a53bff36cc,19,1,0.03624853119254112,25,170,150,364,434,302,19,126,126,192,303,187
phase_6_l_shape_2,l_shape,serial,3,phase,grid25,233,0b43f3ca31b8bc69382d5f51fd1a307eb7eaa352513b277ecac106a53bff36cc,19,1,0.03726161317899823,25,223,179,378,461,304,19,126,126,192,303,187
phase_6_l_shape_2,l_shape,parallel,3,full,sherbrooke,211,6c68b70ab68b7651f6579381b952c94dc1f8d3dfed06f35636c85b67f15ba6dd,21,5,3.4294465463608503,127,16783,9826,2994,6714,1572,21,1404,1100,969,961,560
phase_6_l_shape_2,l_shape,parallel,3,full,sherbrooke,223,6c68b70ab68b7651f6579381b952c94dc1f8d3dfed06f35636c85b67f15ba6dd,21,5,3.060458066407591,127,15581,9081,2855,6032,1476,21,1404,1100,969,961,560
phase_6_l_shape_2,l_shape,parallel,3,full,sherbrooke,227,6c68b70ab68b7651f6579381b952c94dc1f8d3dfed06f35636c85b67f15ba6dd,21,5,3.166577195748687,127,16177,9439,2963,5951,1471,21,1404,1100,969,961,560
phase_6_l_shape_2,l_shape,parallel,3,full,sherbrooke,229,6c68b70ab68b7651f6579381b952c94dc1f8d3dfed06f35636c85b67f15ba6dd,21,5,3.2021544259041548,127,16065,9434,2909,6414,1543,21,1404,1100,969,961,560
phase_6_l_shape_2,l_shape,parallel,3,full,sherbrooke,233,6c68b70ab68b7651f6579381b952c94dc1f8d3dfed06f35636c85b67f15ba6dd,21,5,2.9741421029902995,127,17036,10072,2939,6885,1576,21,1404,1100,969,961,560
phase_6_l_shape_2,l_shape,parallel,3,prep,sherbrooke,211,1f58d6eac272884dde87eabf7a0d35224737670c0e69afddbc91cfdc1b25b73c,21,0,0.011378718074411154,127,7,0,0,1,0,21,7,0,0,1,0
phase_6_l_shape_2,l_shape,parallel,3,prep,sherbrooke,223,1f58d6eac272884dde87eabf7a0d35224737670c0e69afddbc91cfdc1b25b73c,21,0,0.010910477954894304,127,7,0,0,1,0,21,7,0,0,1,0
phase_6_l_shape_2,l_shape,parallel,3,prep,sherbrooke,227,1f58d6eac272884dde87eabf7a0d35224737670c0e69afddbc91cfdc1b25b73c,21,0,0.014961064793169498,127,7,0,0,1,0,21,7,0,0,1,0
phase_6_l_shape_2,l_shape,parallel,3,prep,sherbrooke,229,1f58d6eac272884dde87eabf7a0d35224737670c0e69afddbc91cfdc1b25b73c,21,0,0.010906560812145472,127,7,0,0,1,0,21,7,0,0,1,0
phase_6_l_shape_2,l_shape,parallel,3,prep,sherbrooke,233,1f58d6eac272884dde87eabf7a0d35224737670c0e69afddbc91cfdc1b25b73c,21,0,0.010763823054730892,127,7,0,0,1,0,21,7,0,0,1,0
phase_6_l_shape_2,l_shape,parallel,3,prep,line25,211,1f58d6eac272884dde87eabf7a0d35224737670c0e69afddbc91cfdc1b25b73c,21,0,0.008489722851663828,25,7,0,0,1,0,21,7,0,0,1,0
phase_6_l_shape_2,l_shape,parallel,3,prep,line25,223,1f58d6eac272884dde87eabf7a0d35224737670c0e69afddbc91cfdc1b25b73c,21,0,0.008461369201540947,25,7,0,0,1,0,21,7,0,0,1,0
phase_6_l_shape_2,l_shape,parallel,3,prep,line25,227,1f58d6eac272884dde87eabf7a0d35224737670c0e69afddbc91cfdc1b25b73c,21,0,0.008380217012017965,25,7,0,0,1,0,21,7,0,0,1,0
phase_6_l_shape_2,l_shape,parallel,3,prep,line25,229,1f58d6eac272884dde87eabf7a0d35224737670c0e69afddbc91cfdc1b25b73c,21,0,0.008442434016615152,25,7,0,0,1,0,21,7,0,0,1,0
phase_6_l_shape_2,l_shape,parallel,3,prep,line25,233,1f58d6eac272884dde87eabf7a0d35224737670c0e69afddbc91cfdc1b25b73c,21,0,0.008315536193549633,25,7,0,0,1,0,21,7,0,0,1,0
phase_6_l_shape_2,l_shape,parallel,3,prep,grid25,211,1f58d6eac272884dde87eabf7a0d35224737670c0e69afddbc91cfdc1b25b73c,21,0,0.008680480998009443,25,7,0,0,1,0,21,7,0,0,1,0
phase_6_l_shape_2,l_shape,parallel,3,prep,grid25,223,1f58d6eac272884dde87eabf7a0d35224737670c0e69afddbc91cfdc1b25b73c,21,0,0.008441742975264788,25,7,0,0,1,0,21,7,0,0,1,0
phase_6_l_shape_2,l_shape,parallel,3,prep,grid25,227,1f58d6eac272884dde87eabf7a0d35224737670c0e69afddbc91cfdc1b25b73c,21,0,0.00854286178946495,25,7,0,0,1,0,21,7,0,0,1,0
phase_6_l_shape_2,l_shape,parallel,3,prep,grid25,229,1f58d6eac272884dde87eabf7a0d35224737670c0e69afddbc91cfdc1b25b73c,21,0,0.008661224972456694,25,7,0,0,1,0,21,7,0,0,1,0
phase_6_l_shape_2,l_shape,parallel,3,prep,grid25,233,1f58d6eac272884dde87eabf7a0d35224737670c0e69afddbc91cfdc1b25b73c,21,0,0.010612298268824816,25,7,0,0,1,0,21,7,0,0,1,0
phase_6_l_shape_2,l_shape,parallel,3,mixer,sherbrooke,211,922059cbf31217b855e5c3eb0fe48d9581d782b6d38be371d553fa22b2d82c00,21,1,0.07546285120770335,127,2605,1526,446,822,197,21,389,285,195,170,92
phase_6_l_shape_2,l_shape,parallel,3,mixer,sherbrooke,223,922059cbf31217b855e5c3eb0fe48d9581d782b6d38be371d553fa22b2d82c00,21,1,0.0932542709633708,127,2708,1589,430,851,189,21,389,285,195,170,92
phase_6_l_shape_2,l_shape,parallel,3,mixer,sherbrooke,227,922059cbf31217b855e5c3eb0fe48d9581d782b6d38be371d553fa22b2d82c00,21,1,0.09244736563414335,127,2574,1511,435,842,194,21,389,285,195,170,92
phase_6_l_shape_2,l_shape,parallel,3,mixer,sherbrooke,229,922059cbf31217b855e5c3eb0fe48d9581d782b6d38be371d553fa22b2d82c00,21,1,0.07490988308563828,127,2735,1599,452,960,221,21,389,285,195,170,92
phase_6_l_shape_2,l_shape,parallel,3,mixer,sherbrooke,233,922059cbf31217b855e5c3eb0fe48d9581d782b6d38be371d553fa22b2d82c00,21,1,0.07518720300868154,127,2671,1578,431,921,198,21,389,285,195,170,92
phase_6_l_shape_2,l_shape,parallel,3,mixer,line25,211,922059cbf31217b855e5c3eb0fe48d9581d782b6d38be371d553fa22b2d82c00,21,1,0.05528778489679098,25,651,426,483,354,207,21,389,285,195,170,92
phase_6_l_shape_2,l_shape,parallel,3,mixer,line25,223,922059cbf31217b855e5c3eb0fe48d9581d782b6d38be371d553fa22b2d82c00,21,1,0.05500596482306719,25,642,422,492,353,225,21,389,285,195,170,92
phase_6_l_shape_2,l_shape,parallel,3,mixer,line25,227,922059cbf31217b855e5c3eb0fe48d9581d782b6d38be371d553fa22b2d82c00,21,1,0.05433946382254362,25,616,407,508,367,225,21,389,285,195,170,92
phase_6_l_shape_2,l_shape,parallel,3,mixer,line25,229,922059cbf31217b855e5c3eb0fe48d9581d782b6d38be371d553fa22b2d82c00,21,1,0.05354081280529499,25,616,408,515,372,249,21,389,285,195,170,92
phase_6_l_shape_2,l_shape,parallel,3,mixer,line25,233,922059cbf31217b855e5c3eb0fe48d9581d782b6d38be371d553fa22b2d82c00,21,1,0.04932253202423453,25,643,422,484,350,213,21,389,285,195,170,92
phase_6_l_shape_2,l_shape,parallel,3,mixer,grid25,211,922059cbf31217b855e5c3eb0fe48d9581d782b6d38be371d553fa22b2d82c00,21,1,0.049168302211910486,25,557,377,348,331,183,21,389,285,195,170,92
phase_6_l_shape_2,l_shape,parallel,3,mixer,grid25,223,922059cbf31217b855e5c3eb0fe48d9581d782b6d38be371d553fa22b2d82c00,21,1,0.05379366921260953,25,514,357,358,343,196,21,389,285,195,170,92
phase_6_l_shape_2,l_shape,parallel,3,mixer,grid25,227,922059cbf31217b855e5c3eb0fe48d9581d782b6d38be371d553fa22b2d82c00,21,1,0.05340807419270277,25,536,362,340,333,183,21,389,285,195,170,92
phase_6_l_shape_2,l_shape,parallel,3,mixer,grid25,229,922059cbf31217b855e5c3eb0fe48d9581d782b6d38be371d553fa22b2d82c00,21,1,0.04959736764431,25,499,345,356,289,166,21,389,285,195,170,92
phase_6_l_shape_2,l_shape,parallel,3,mixer,grid25,233,922059cbf31217b855e5c3eb0fe48d9581d782b6d38be371d553fa22b2d82c00,21,1,0.05456025805324316,25,473,333,369,297,180,21,389,285,195,170,92
phase_6_l_shape_2,l_shape,parallel,3,phase,sherbrooke,211,6c0b27540fa0e5dc7e79238b3d8268642c72b6a842f6a51cb613c8f8bf3e53ca,21,1,0.14152404572814703,127,3240,1937,552,1855,427,21,126,126,192,303,187
phase_6_l_shape_2,l_shape,parallel,3,phase,sherbrooke,223,6c0b27540fa0e5dc7e79238b3d8268642c72b6a842f6a51cb613c8f8bf3e53ca,21,1,0.15338813606649637,127,3394,2032,560,1989,439,21,126,126,192,303,187
phase_6_l_shape_2,l_shape,parallel,3,phase,sherbrooke,227,6c0b27540fa0e5dc7e79238b3d8268642c72b6a842f6a51cb613c8f8bf3e53ca,21,1,0.20084301102906466,127,3408,2000,600,1926,447,21,126,126,192,303,187
phase_6_l_shape_2,l_shape,parallel,3,phase,sherbrooke,229,6c0b27540fa0e5dc7e79238b3d8268642c72b6a842f6a51cb613c8f8bf3e53ca,21,1,0.20794636104255915,127,3003,1717,593,1806,459,21,126,126,192,303,187
phase_6_l_shape_2,l_shape,parallel,3,phase,sherbrooke,233,6c0b27540fa0e5dc7e79238b3d8268642c72b6a842f6a51cb613c8f8bf3e53ca,21,1,0.17204926908016205,127,3443,2054,595,1976,452,21,126,126,192,303,187
phase_6_l_shape_2,l_shape,parallel,3,phase,line25,211,6c0b27540fa0e5dc7e79238b3d8268642c72b6a842f6a51cb613c8f8bf3e53ca,21,1,0.045859670266509056,25,348,247,794,733,525,21,126,126,192,303,187
phase_6_l_shape_2,l_shape,parallel,3,phase,line25,223,6c0b27540fa0e5dc7e79238b3d8268642c72b6a842f6a51cb613c8f8bf3e53ca,21,1,0.04570828517898917,25,337,241,800,733,525,21,126,126,192,303,187
phase_6_l_shape_2,l_shape,parallel,3,phase,line25,227,6c0b27540fa0e5dc7e79238b3d8268642c72b6a842f6a51cb613c8f8bf3e53ca,21,1,0.04569424921646714,25,348,247,794,728,521,21,126,126,192,303,187
phase_6_l_shape_2,l_shape,parallel,3,phase,line25,229,6c0b27540fa0e5dc7e79238b3d8268642c72b6a842f6a51cb613c8f8bf3e53ca,21,1,0.04575008433312178,25,348,247,794,733,525,21,126,126,192,303,187
phase_6_l_shape_2,l_shape,parallel,3,phase,line25,233,6c0b27540fa0e5dc7e79238b3d8268642c72b6a842f6a51cb613c8f8bf3e53ca,21,1,0.04715741705149412,25,337,241,800,733,525,21,126,126,192,303,187
phase_6_l_shape_2,l_shape,parallel,3,phase,grid25,211,6c0b27540fa0e5dc7e79238b3d8268642c72b6a842f6a51cb613c8f8bf3e53ca,21,1,0.037022764794528484,25,225,180,361,463,300,21,126,126,192,303,187
phase_6_l_shape_2,l_shape,parallel,3,phase,grid25,223,6c0b27540fa0e5dc7e79238b3d8268642c72b6a842f6a51cb613c8f8bf3e53ca,21,1,0.036498680245131254,25,203,168,371,444,294,21,126,126,192,303,187
phase_6_l_shape_2,l_shape,parallel,3,phase,grid25,227,6c0b27540fa0e5dc7e79238b3d8268642c72b6a842f6a51cb613c8f8bf3e53ca,21,1,0.0369913256727159,25,236,186,384,467,309,21,126,126,192,303,187
phase_6_l_shape_2,l_shape,parallel,3,phase,grid25,229,6c0b27540fa0e5dc7e79238b3d8268642c72b6a842f6a51cb613c8f8bf3e53ca,21,1,0.036244362592697144,25,170,150,364,434,302,21,126,126,192,303,187
phase_6_l_shape_2,l_shape,parallel,3,phase,grid25,233,6c0b27540fa0e5dc7e79238b3d8268642c72b6a842f6a51cb613c8f8bf3e53ca,21,1,0.03700264636427164,25,223,179,378,461,304,21,126,126,192,303,187
phase_6_l_shape_2,l_shape,complete,3,full,sherbrooke,211,a3c4fcf58e4ddc6f0d1e1944a08fb7aecae4722e6ab23c058f3ed9db9cf0e73e,24,5,3.779906130861491,127,19468,11810,2969,3400,741,24,3721,2389,1584,587,204
phase_6_l_shape_2,l_shape,complete,3,full,sherbrooke,223,a3c4fcf58e4ddc6f0d1e1944a08fb7aecae4722e6ab23c058f3ed9db9cf0e73e,24,5,4.121787656098604,127,20332,12344,3150,3085,655,24,3721,2389,1584,587,204
phase_6_l_shape_2,l_shape,complete,3,full,sherbrooke,227,a3c4fcf58e4ddc6f0d1e1944a08fb7aecae4722e6ab23c058f3ed9db9cf0e73e,24,5,5.001262734644115,127,20428,12387,3075,3756,794,24,3721,2389,1584,587,204
phase_6_l_shape_2,l_shape,complete,3,full,sherbrooke,229,a3c4fcf58e4ddc6f0d1e1944a08fb7aecae4722e6ab23c058f3ed9db9cf0e73e,24,5,4.439543175976723,127,20147,12204,3049,3151,659,24,3721,2389,1584,587,204
phase_6_l_shape_2,l_shape,complete,3,full,sherbrooke,233,a3c4fcf58e4ddc6f0d1e1944a08fb7aecae4722e6ab23c058f3ed9db9cf0e73e,24,5,4.552226561121643,127,20578,12386,3222,3833,835,24,3721,2389,1584,587,204
phase_6_l_shape_2,l_shape,complete,3,prep,sherbrooke,211,12bfb4d3ffec5e283973e4a88f7869ab18f4463aa46e726ac8e90c8f673c8061,24,0,0.011056754272431135,127,4,0,0,1,0,24,4,0,0,1,0
phase_6_l_shape_2,l_shape,complete,3,prep,sherbrooke,223,12bfb4d3ffec5e283973e4a88f7869ab18f4463aa46e726ac8e90c8f673c8061,24,0,0.010695975739508867,127,4,0,0,1,0,24,4,0,0,1,0
phase_6_l_shape_2,l_shape,complete,3,prep,sherbrooke,227,12bfb4d3ffec5e283973e4a88f7869ab18f4463aa46e726ac8e90c8f673c8061,24,0,0.01578063378110528,127,4,0,0,1,0,24,4,0,0,1,0
phase_6_l_shape_2,l_shape,complete,3,prep,sherbrooke,229,12bfb4d3ffec5e283973e4a88f7869ab18f4463aa46e726ac8e90c8f673c8061,24,0,0.010883368086069822,127,4,0,0,1,0,24,4,0,0,1,0
phase_6_l_shape_2,l_shape,complete,3,prep,sherbrooke,233,12bfb4d3ffec5e283973e4a88f7869ab18f4463aa46e726ac8e90c8f673c8061,24,0,0.010894148144870996,127,4,0,0,1,0,24,4,0,0,1,0
phase_6_l_shape_2,l_shape,complete,3,prep,line25,211,12bfb4d3ffec5e283973e4a88f7869ab18f4463aa46e726ac8e90c8f673c8061,24,0,0.008455107919871807,25,4,0,0,1,0,24,4,0,0,1,0
phase_6_l_shape_2,l_shape,complete,3,prep,line25,223,12bfb4d3ffec5e283973e4a88f7869ab18f4463aa46e726ac8e90c8f673c8061,24,0,0.008382812142372131,25,4,0,0,1,0,24,4,0,0,1,0
phase_6_l_shape_2,l_shape,complete,3,prep,line25,227,12bfb4d3ffec5e283973e4a88f7869ab18f4463aa46e726ac8e90c8f673c8061,24,0,0.008137702010571957,25,4,0,0,1,0,24,4,0,0,1,0
phase_6_l_shape_2,l_shape,complete,3,prep,line25,229,12bfb4d3ffec5e283973e4a88f7869ab18f4463aa46e726ac8e90c8f673c8061,24,0,0.008309524971991777,25,4,0,0,1,0,24,4,0,0,1,0
phase_6_l_shape_2,l_shape,complete,3,prep,line25,233,12bfb4d3ffec5e283973e4a88f7869ab18f4463aa46e726ac8e90c8f673c8061,24,0,0.00839674798771739,25,4,0,0,1,0,24,4,0,0,1,0
phase_6_l_shape_2,l_shape,complete,3,prep,grid25,211,12bfb4d3ffec5e283973e4a88f7869ab18f4463aa46e726ac8e90c8f673c8061,24,0,0.008506313897669315,25,4,0,0,1,0,24,4,0,0,1,0
phase_6_l_shape_2,l_shape,complete,3,prep,grid25,223,12bfb4d3ffec5e283973e4a88f7869ab18f4463aa46e726ac8e90c8f673c8061,24,0,0.00857853889465332,25,4,0,0,1,0,24,4,0,0,1,0
phase_6_l_shape_2,l_shape,complete,3,prep,grid25,227,12bfb4d3ffec5e283973e4a88f7869ab18f4463aa46e726ac8e90c8f673c8061,24,0,0.008692844305187464,25,4,0,0,1,0,24,4,0,0,1,0
phase_6_l_shape_2,l_shape,complete,3,prep,grid25,229,12bfb4d3ffec5e283973e4a88f7869ab18f4463aa46e726ac8e90c8f673c8061,24,0,0.008684378117322922,25,4,0,0,1,0,24,4,0,0,1,0
phase_6_l_shape_2,l_shape,complete,3,prep,grid25,233,12bfb4d3ffec5e283973e4a88f7869ab18f4463aa46e726ac8e90c8f673c8061,24,0,0.008645945694297552,25,4,0,0,1,0,24,4,0,0,1,0
phase_6_l_shape_2,l_shape,complete,3,mixer,sherbrooke,211,29e6f3aaa5d4261fc09882b21a5db5d05fd2ec1fe35be906f42933c9d8981c83,24,1,0.0662533757276833,127,2416,1479,324,659,117,24,1080,636,240,147,36
phase_6_l_shape_2,l_shape,complete,3,mixer,sherbrooke,223,29e6f3aaa5d4261fc09882b21a5db5d05fd2ec1fe35be906f42933c9d8981c83,24,1,0.06436800630763173,127,2545,1555,328,394,68,24,1080,636,240,147,36
phase_6_l_shape_2,l_shape,complete,3,mixer,sherbrooke,227,29e6f3aaa5d4261fc09882b21a5db5d05fd2ec1fe35be906f42933c9d8981c83,24,1,0.0665094181895256,127,2464,1514,314,391,67,24,1080,636,240,147,36
phase_6_l_shape_2,l_shape,complete,3,mixer,sherbrooke,229,29e6f3aaa5d4261fc09882b21a5db5d05fd2ec1fe35be906f42933c9d8981c83,24,1,0.056132429745048285,127,2508,1526,320,416,70,24,1080,636,240,147,36
phase_6_l_shape_2,l_shape,complete,3,mixer,sherbrooke,233,29e6f3aaa5d4261fc09882b21a5db5d05fd2ec1fe35be906f42933c9d8981c83,24,1,0.06575540080666542,127,2379,1465,311,369,59,24,1080,636,240,147,36
phase_6_l_shape_2,l_shape,complete,3,mixer,line25,211,29e6f3aaa5d4261fc09882b21a5db5d05fd2ec1fe35be906f42933c9d8981c83,24,1,0.04163900436833501,25,1500,860,300,185,47,24,1080,636,240,147,36
phase_6_l_shape_2,l_shape,complete,3,mixer,line25,223,29e6f3aaa5d4261fc09882b21a5db5d05fd2ec1fe35be906f42933c9d8981c83,24,1,0.04156763991340995,25,1490,855,306,188,52,24,1080,636,240,147,36
phase_6_l_shape_2,l_shape,complete,3,mixer,line25,227,29e6f3aaa5d4261fc09882b21a5db5d05fd2ec1fe35be906f42933c9d8981c83,24,1,0.042253085877746344,25,1439,827,324,205,58,24,1080,636,240,147,36
phase_6_l_shape_2,l_shape,complete,3,mixer,line25,229,29e6f3aaa5d4261fc09882b21a5db5d05fd2ec1fe35be906f42933c9d8981c83,24,1,0.04099662695080042,25,1480,850,312,188,52,24,1080,636,240,147,36
phase_6_l_shape_2,l_shape,complete,3,mixer,line25,233,29e6f3aaa5d4261fc09882b21a5db5d05fd2ec1fe35be906f42933c9d8981c83,24,1,0.041367704048752785,25,1462,839,318,198,55,24,1080,636,240,147,36
phase_6_l_shape_2,l_shape,complete,3,mixer,grid25,211,29e6f3aaa5d4261fc09882b21a5db5d05fd2ec1fe35be906f42933c9d8981c83,24,1,0.04145629983395338,25,1259,725,293,207,60,24,1080,636,240,147,36
phase_6_l_shape_2,l_shape,complete,3,mixer,grid25,223,29e6f3aaa5d4261fc09882b21a5db5d05fd2ec1fe35be906f42933c9d8981c83,24,1,0.04153686203062534,25,1273,733,297,217,63,24,1080,636,240,147,36
phase_6_l_shape_2,l_shape,complete,3,mixer,grid25,227,29e6f3aaa5d4261fc09882b21a5db5d05fd2ec1fe35be906f42933c9d8981c83,24,1,0.041326556354761124,25,1260,722,297,206,60,24,1080,636,240,147,36
phase_6_l_shape_2,l_shape,complete,3,mixer,grid25,229,29e6f3aaa5d4261fc09882b21a5db5d05fd2ec1fe35be906f42933c9d8981c83,24,1,0.041169832926243544,25,1244,715,298,229,64,24,1080,636,240,147,36
phase_6_l_shape_2,l_shape,complete,3,mixer,grid25,233,29e6f3aaa5d4261fc09882b21a5db5d05fd2ec1fe35be906f42933c9d8981c83,24,1,0.04107768973335624,25,1274,733,301,212,63,24,1080,636,240,147,36
phase_6_l_shape_2,l_shape,complete,3,phase,sherbrooke,211,06f80c58757f572748911d6a0c5c77a211b752245fa107ec5b535e36427f219c,24,1,0.4772392832674086,127,5693,3490,868,1070,232,24,240,240,432,106,70
phase_6_l_shape_2,l_shape,complete,3,phase,sherbrooke,223,06f80c58757f572748911d6a0c5c77a211b752245fa107ec5b535e36427f219c,24,1,0.4727746290154755,127,5787,3507,930,1146,272,24,240,240,432,106,70
phase_6_l_shape_2,l_shape,complete,3,phase,sherbrooke,227,06f80c58757f572748911d6a0c5c77a211b752245fa107ec5b535e36427f219c,24,1,0.5446943459101021,127,5771,3501,943,1070,245,24,240,240,432,106,70
phase_6_l_shape_2,l_shape,complete,3,phase,sherbrooke,229,06f80c58757f572748911d6a0c5c77a211b752245fa107ec5b535e36427f219c,24,1,0.5769460913725197,127,5340,3240,794,975,217,24,240,240,432,106,70
phase_6_l_shape_2,l_shape,complete,3,phase,sherbrooke,233,06f80c58757f572748911d6a0c5c77a211b752245fa107ec5b535e36427f219c,24,1,0.47857995005324483,127,5961,3628,943,1240,273,24,240,240,432,106,70
phase_6_l_shape_2,l_shape,complete,3,phase,line25,211,06f80c58757f572748911d6a0c5c77a211b752245fa107ec5b535e36427f219c,24,1,0.10953734908252954,25,2385,1410,810,413,203,24,240,240,432,106,70
phase_6_l_shape_2,l_shape,complete,3,phase,line25,223,06f80c58757f572748911d6a0c5c77a211b752245fa107ec5b535e36427f219c,24,1,0.11611248599365354,25,2440,1440,800,458,223,24,240,240,432,106,70
phase_6_l_shape_2,l_shape,complete,3,phase,line25,227,06f80c58757f572748911d6a0c5c77a211b752245fa107ec5b535e36427f219c,24,1,0.11015566065907478,25,2396,1416,807,432,215,24,240,240,432,106,70
phase_6_l_shape_2,l_shape,complete,3,phase,line25,229,06f80c58757f572748911d6a0c5c77a211b752245fa107ec5b535e36427f219c,24,1,0.10926085989922285,25,2374,1404,812,421,212,24,240,240,432,106,70
phase_6_l_shape_2,l_shape,complete,3,phase,line25,233,06f80c58757f572748911d6a0c5c77a211b752245fa107ec5b535e36427f219c,24,1,0.1074013477191329,25,2418,1428,801,470,242,24,240,240,432,106,70
phase_6_l_shape_2,l_shape,complete,3,phase,grid25,211,06f80c58757f572748911d6a0c5c77a211b752245fa107ec5b535e36427f219c,24,1,0.10965928761288524,25,691,486,783,461,300,24,240,240,432,106,70
phase_6_l_shape_2,l_shape,complete,3,phase,grid25,223,06f80c58757f572748911d6a0c5c77a211b752245fa107ec5b535e36427f219c,24,1,0.1098562078550458,25,790,540,745,398,264,24,240,240,432,106,70
phase_6_l_shape_2,l_shape,complete,3,phase,grid25,227,06f80c58757f572748911d6a0c5c77a211b752245fa107ec5b535e36427f219c,24,1,0.10875015985220671,25,944,624,730,409,264,24,240,240,432,106,70
phase_6_l_shape_2,l_shape,complete,3,phase,grid25,229,06f80c58757f572748911d6a0c5c77a211b752245fa107ec5b535e36427f219c,24,1,0.10907363798469305,25,856,576,749,473,294,24,240,240,432,106,70
phase_6_l_shape_2,l_shape,complete,3,phase,grid25,233,06f80c58757f572748911d6a0c5c77a211b752245fa107ec5b535e36427f219c,24,1,0.11074157105758786,25,867,582,729,352,223,24,240,240,432,106,70
phase_6_l_shape_2,l_shape,ring,3,full,sherbrooke,211,9ecdc64a2147402b4ae602b245fab624ed7806d7a950c8912ea9a2080ff2a389,24,5,3.0151522429659963,127,15792,9527,2509,2770,618,24,2101,1417,1152,488,184
phase_6_l_shape_2,l_shape,ring,3,full,sherbrooke,223,9ecdc64a2147402b4ae602b245fab624ed7806d7a950c8912ea9a2080ff2a389,24,5,2.945219637826085,127,16008,9722,2425,2801,581,24,2101,1417,1152,488,184
phase_6_l_shape_2,l_shape,ring,3,full,sherbrooke,227,9ecdc64a2147402b4ae602b245fab624ed7806d7a950c8912ea9a2080ff2a389,24,5,2.86490896390751,127,15602,9477,2382,2586,548,24,2101,1417,1152,488,184
phase_6_l_shape_2,l_shape,ring,3,full,sherbrooke,229,9ecdc64a2147402b4ae602b245fab624ed7806d7a950c8912ea9a2080ff2a389,24,5,2.984899612609297,127,16025,9729,2492,2984,641,24,2101,1417,1152,488,184
phase_6_l_shape_2,l_shape,ring,3,full,sherbrooke,233,9ecdc64a2147402b4ae602b245fab624ed7806d7a950c8912ea9a2080ff2a389,24,5,3.3593585449270904,127,15521,9296,2491,2934,652,24,2101,1417,1152,488,184
phase_6_l_shape_2,l_shape,ring,3,prep,sherbrooke,211,12bfb4d3ffec5e283973e4a88f7869ab18f4463aa46e726ac8e90c8f673c8061,24,0,0.011310358997434378,127,4,0,0,1,0,24,4,0,0,1,0
phase_6_l_shape_2,l_shape,ring,3,prep,sherbrooke,223,12bfb4d3ffec5e283973e4a88f7869ab18f4463aa46e726ac8e90c8f673c8061,24,0,0.010802015196532011,127,4,0,0,1,0,24,4,0,0,1,0
phase_6_l_shape_2,l_shape,ring,3,prep,sherbrooke,227,12bfb4d3ffec5e283973e4a88f7869ab18f4463aa46e726ac8e90c8f673c8061,24,0,0.010842140298336744,127,4,0,0,1,0,24,4,0,0,1,0
phase_6_l_shape_2,l_shape,ring,3,prep,sherbrooke,229,12bfb4d3ffec5e283973e4a88f7869ab18f4463aa46e726ac8e90c8f673c8061,24,0,0.010872919112443924,127,4,0,0,1,0,24,4,0,0,1,0
phase_6_l_shape_2,l_shape,ring,3,prep,sherbrooke,233,12bfb4d3ffec5e283973e4a88f7869ab18f4463aa46e726ac8e90c8f673c8061,24,0,0.010915357153862715,127,4,0,0,1,0,24,4,0,0,1,0
phase_6_l_shape_2,l_shape,ring,3,prep,line25,211,12bfb4d3ffec5e283973e4a88f7869ab18f4463aa46e726ac8e90c8f673c8061,24,0,0.008393121417611837,25,4,0,0,1,0,24,4,0,0,1,0
phase_6_l_shape_2,l_shape,ring,3,prep,line25,223,12bfb4d3ffec5e283973e4a88f7869ab18f4463aa46e726ac8e90c8f673c8061,24,0,0.008451471105217934,25,4,0,0,1,0,24,4,0,0,1,0
phase_6_l_shape_2,l_shape,ring,3,prep,line25,227,12bfb4d3ffec5e283973e4a88f7869ab18f4463aa46e726ac8e90c8f673c8061,24,0,0.008354488760232925,25,4,0,0,1,0,24,4,0,0,1,0
phase_6_l_shape_2,l_shape,ring,3,prep,line25,229,12bfb4d3ffec5e283973e4a88f7869ab18f4463aa46e726ac8e90c8f673c8061,24,0,0.008432965725660324,25,4,0,0,1,0,24,4,0,0,1,0
phase_6_l_shape_2,l_shape,ring,3,prep,line25,233,12bfb4d3ffec5e283973e4a88f7869ab18f4463aa46e726ac8e90c8f673c8061,24,0,0.008371850941330194,25,4,0,0,1,0,24,4,0,0,1,0
phase_6_l_shape_2,l_shape,ring,3,prep,grid25,211,12bfb4d3ffec5e283973e4a88f7869ab18f4463aa46e726ac8e90c8f673c8061,24,0,0.008781850803643465,25,4,0,0,1,0,24,4,0,0,1,0
phase_6_l_shape_2,l_shape,ring,3,prep,grid25,223,12bfb4d3ffec5e283973e4a88f7869ab18f4463aa46e726ac8e90c8f673c8061,24,0,0.008652858901768923,25,4,0,0,1,0,24,4,0,0,1,0
phase_6_l_shape_2,l_shape,ring,3,prep,grid25,227,12bfb4d3ffec5e283973e4a88f7869ab18f4463aa46e726ac8e90c8f673c8061,24,0,0.008503568824380636,25,4,0,0,1,0,24,4,0,0,1,0
phase_6_l_shape_2,l_shape,ring,3,prep,grid25,229,12bfb4d3ffec5e283973e4a88f7869ab18f4463aa46e726ac8e90c8f673c8061,24,0,0.008588778786361217,25,4,0,0,1,0,24,4,0,0,1,0
phase_6_l_shape_2,l_shape,ring,3,prep,grid25,233,12bfb4d3ffec5e283973e4a88f7869ab18f4463aa46e726ac8e90c8f673c8061,24,0,0.008695098105818033,25,4,0,0,1,0,24,4,0,0,1,0
phase_6_l_shape_2,l_shape,ring,3,mixer,sherbrooke,211,25b45044ced3e303101850493664090c765b1ab6cc90cb30e6aff0c414dcfb5a,24,1,0.04137882497161627,127,1126,681,146,186,34,24,540,312,96,106,24
phase_6_l_shape_2,l_shape,ring,3,mixer,sherbrooke,223,25b45044ced3e303101850493664090c765b1ab6cc90cb30e6aff0c414dcfb5a,24,1,0.03274909919127822,127,1180,717,151,209,42,24,540,312,96,106,24
phase_6_l_shape_2,l_shape,ring,3,mixer,sherbrooke,227,25b45044ced3e303101850493664090c765b1ab6cc90cb30e6aff0c414dcfb5a,24,1,0.033050935715436935,127,1110,678,151,250,46,24,540,312,96,106,24
phase_6_l_shape_2,l_shape,ring,3,mixer,sherbrooke,229,25b45044ced3e303101850493664090c765b1ab6cc90cb30e6aff0c414dcfb5a,24,1,0.029569268226623535,127,1104,676,143,186,36,24,540,312,96,106,24
phase_6_l_shape_2,l_shape,ring,3,mixer,sherbrooke,233,25b45044ced3e303101850493664090c765b1ab6cc90cb30e6aff0c414dcfb5a,24,1,0.03774245595559478,127,1076,652,151,199,39,24,540,312,96,106,24
phase_6_l_shape_2,l_shape,ring,3,mixer,line25,211,25b45044ced3e303101850493664090c765b1ab6cc90cb30e6aff0c414dcfb5a,24,1,0.023627660237252712,25,578,334,149,120,34,24,540,312,96,106,24
phase_6_l_shape_2,l_shape,ring,3,mixer,line25,223,25b45044ced3e303101850493664090c765b1ab6cc90cb30e6aff0c414dcfb5a,24,1,0.02400863589718938,25,596,348,144,121,34,24,540,312,96,106,24
phase_6_l_shape_2,l_shape,ring,3,mixer,line25,227,25b45044ced3e303101850493664090c765b1ab6cc90cb30e6aff0c414dcfb5a,24,1,0.0231182430870831,25,599,349,147,122,34,24,540,312,96,106,24
phase_6_l_shape_2,l_shape,ring,3,mixer,line25,229,25b45044ced3e303101850493664090c765b1ab6cc90cb30e6aff0c414dcfb5a,24,1,0.023377299774438143,25,604,352,149,122,32,24,540,312,96,106,24
phase_6_l_shape_2,l_shape,ring,3,mixer,line25,233,25b45044ced3e303101850493664090c765b1ab6cc90cb30e6aff0c414dcfb5a,24,1,0.023193224798887968,25,600,351,146,121,32,24,540,312,96,106,24
phase_6_l_shape_2,l_shape,ring,3,mixer,grid25,211,25b45044ced3e303101850493664090c765b1ab6cc90cb30e6aff0c414dcfb5a,24,1,0.022010272834450006,25,551,318,102,113,27,24,540,312,96,106,24
phase_6_l_shape_2,l_shape,ring,3,mixer,grid25,223,25b45044ced3e303101850493664090c765b1ab6cc90cb30e6aff0c414dcfb5a,24,1,0.018491744995117188,25,540,312,96,106,24,24,540,312,96,106,24
phase_6_l_shape_2,l_shape,ring,3,mixer,grid25,227,25b45044ced3e303101850493664090c765b1ab6cc90cb30e6aff0c414dcfb5a,24,1,0.019114704802632332,25,540,312,102,110,27,24,540,312,96,106,24
phase_6_l_shape_2,l_shape,ring,3,mixer,grid25,229,25b45044ced3e303101850493664090c765b1ab6cc90cb30e6aff0c414dcfb5a,24,1,0.019085180014371872,25,568,328,106,127,31,24,540,312,96,106,24
phase_6_l_shape_2,l_shape,ring,3,mixer,grid25,233,25b45044ced3e303101850493664090c765b1ab6cc90cb30e6aff0c414dcfb5a,24,1,0.01923804683610797,25,548,316,100,114,28,24,540,312,96,106,24
phase_6_l_shape_2,l_shape,ring,3,phase,sherbrooke,211,06f80c58757f572748911d6a0c5c77a211b752245fa107ec5b535e36427f219c,24,1,0.4761227462440729,127,5693,3490,868,1070,232,24,240,240,432,106,70
phase_6_l_shape_2,l_shape,ring,3,phase,sherbrooke,223,06f80c58757f572748911d6a0c5c77a211b752245fa107ec5b535e36427f219c,24,1,0.4767597122117877,127,5787,3507,930,1146,272,24,240,240,432,106,70
phase_6_l_shape_2,l_shape,ring,3,phase,sherbrooke,227,06f80c58757f572748911d6a0c5c77a211b752245fa107ec5b535e36427f219c,24,1,0.5416933200322092,127,5771,3501,943,1070,245,24,240,240,432,106,70
phase_6_l_shape_2,l_shape,ring,3,phase,sherbrooke,229,06f80c58757f572748911d6a0c5c77a211b752245fa107ec5b535e36427f219c,24,1,0.570127546787262,127,5340,3240,794,975,217,24,240,240,432,106,70
phase_6_l_shape_2,l_shape,ring,3,phase,sherbrooke,233,06f80c58757f572748911d6a0c5c77a211b752245fa107ec5b535e36427f219c,24,1,0.47588039096444845,127,5961,3628,943,1240,273,24,240,240,432,106,70
phase_6_l_shape_2,l_shape,ring,3,phase,line25,211,06f80c58757f572748911d6a0c5c77a211b752245fa107ec5b535e36427f219c,24,1,0.10916468920186162,25,2385,1410,810,413,203,24,240,240,432,106,70
phase_6_l_shape_2,l_shape,ring,3,phase,line25,223,06f80c58757f572748911d6a0c5c77a211b752245fa107ec5b535e36427f219c,24,1,0.11132849287241697,25,2440,1440,800,458,223,24,240,240,432,106,70
phase_6_l_shape_2,l_shape,ring,3,phase,line25,227,06f80c58757f572748911d6a0c5c77a211b752245fa107ec5b535e36427f219c,24,1,0.1099554137326777,25,2396,1416,807,432,215,24,240,240,432,106,70
phase_6_l_shape_2,l_shape,ring,3,phase,line25,229,06f80c58757f572748911d6a0c5c77a211b752245fa107ec5b535e36427f219c,24,1,0.10975742200389504,25,2374,1404,812,421,212,24,240,240,432,106,70
phase_6_l_shape_2,l_shape,ring,3,phase,line25,233,06f80c58757f572748911d6a0c5c77a211b752245fa107ec5b535e36427f219c,24,1,0.10750006418675184,25,2418,1428,801,470,242,24,240,240,432,106,70
phase_6_l_shape_2,l_shape,ring,3,phase,grid25,211,06f80c58757f572748911d6a0c5c77a211b752245fa107ec5b535e36427f219c,24,1,0.10945951286703348,25,691,486,783,461,300,24,240,240,432,106,70
phase_6_l_shape_2,l_shape,ring,3,phase,grid25,223,06f80c58757f572748911d6a0c5c77a211b752245fa107ec5b535e36427f219c,24,1,0.10967092961072922,25,790,540,745,398,264,24,240,240,432,106,70
phase_6_l_shape_2,l_shape,ring,3,phase,grid25,227,06f80c58757f572748911d6a0c5c77a211b752245fa107ec5b535e36427f219c,24,1,0.10850901808589697,25,944,624,730,409,264,24,240,240,432,106,70
phase_6_l_shape_2,l_shape,ring,3,phase,grid25,229,06f80c58757f572748911d6a0c5c77a211b752245fa107ec5b535e36427f219c,24,1,0.10934509802609682,25,856,576,749,473,294,24,240,240,432,106,70
phase_6_l_shape_2,l_shape,ring,3,phase,grid25,233,06f80c58757f572748911d6a0c5c77a211b752245fa107ec5b535e36427f219c,24,1,0.11226335912942886,25,867,582,729,352,223,24,240,240,432,106,70
phase_6_scatter_0,scatter,serial,3,full,sherbrooke,211,1371476e2267799b1c568ba60c663fb68499fd63b5fad52a6b2f53fdefe20065,19,5,3.432336722034961,127,16886,9939,2996,8001,1905,19,1409,1107,1005,1234,726
phase_6_scatter_0,scatter,serial,3,full,sherbrooke,223,1371476e2267799b1c568ba60c663fb68499fd63b5fad52a6b2f53fdefe20065,19,5,2.9989068401046097,127,16271,9488,2968,7645,1851,19,1409,1107,1005,1234,726
phase_6_scatter_0,scatter,serial,3,full,sherbrooke,227,1371476e2267799b1c568ba60c663fb68499fd63b5fad52a6b2f53fdefe20065,19,5,3.0931724798865616,127,16281,9536,2869,7897,1874,19,1409,1107,1005,1234,726
phase_6_scatter_0,scatter,serial,3,full,sherbrooke,229,1371476e2267799b1c568ba60c663fb68499fd63b5fad52a6b2f53fdefe20065,19,5,3.2002577031962574,127,16769,9763,3081,8041,1960,19,1409,1107,1005,1234,726
phase_6_scatter_0,scatter,serial,3,full,sherbrooke,233,1371476e2267799b1c568ba60c663fb68499fd63b5fad52a6b2f53fdefe20065,19,5,3.369586706161499,127,16641,9733,2996,7829,1859,19,1409,1107,1005,1234,726
phase_6_scatter_0,scatter,serial,3,prep,sherbrooke,211,0abcbf7c27981e437b863c4c778786f1820aa62d796301176f84954f4aea0c15,19,0,0.0109203876927495,127,7,0,0,1,0,19,7,0,0,1,0
phase_6_scatter_0,scatter,serial,3,prep,sherbrooke,223,0abcbf7c27981e437b863c4c778786f1820aa62d796301176f84954f4aea0c15,19,0,0.01087923999875784,127,7,0,0,1,0,19,7,0,0,1,0
phase_6_scatter_0,scatter,serial,3,prep,sherbrooke,227,0abcbf7c27981e437b863c4c778786f1820aa62d796301176f84954f4aea0c15,19,0,0.010825619101524353,127,7,0,0,1,0,19,7,0,0,1,0
phase_6_scatter_0,scatter,serial,3,prep,sherbrooke,229,0abcbf7c27981e437b863c4c778786f1820aa62d796301176f84954f4aea0c15,19,0,0.01500352518633008,127,7,0,0,1,0,19,7,0,0,1,0
phase_6_scatter_0,scatter,serial,3,prep,sherbrooke,233,0abcbf7c27981e437b863c4c778786f1820aa62d796301176f84954f4aea0c15,19,0,0.010488956701010466,127,7,0,0,1,0,19,7,0,0,1,0
phase_6_scatter_0,scatter,serial,3,prep,line25,211,0abcbf7c27981e437b863c4c778786f1820aa62d796301176f84954f4aea0c15,19,0,0.010300253052264452,25,7,0,0,1,0,19,7,0,0,1,0
phase_6_scatter_0,scatter,serial,3,prep,line25,223,0abcbf7c27981e437b863c4c778786f1820aa62d796301176f84954f4aea0c15,19,0,0.008640225045382977,25,7,0,0,1,0,19,7,0,0,1,0
phase_6_scatter_0,scatter,serial,3,prep,line25,227,0abcbf7c27981e437b863c4c778786f1820aa62d796301176f84954f4aea0c15,19,0,0.008532803039997816,25,7,0,0,1,0,19,7,0,0,1,0
phase_6_scatter_0,scatter,serial,3,prep,line25,229,0abcbf7c27981e437b863c4c778786f1820aa62d796301176f84954f4aea0c15,19,0,0.008518957998603582,25,7,0,0,1,0,19,7,0,0,1,0
phase_6_scatter_0,scatter,serial,3,prep,line25,233,0abcbf7c27981e437b863c4c778786f1820aa62d796301176f84954f4aea0c15,19,0,0.008549154736101627,25,7,0,0,1,0,19,7,0,0,1,0
phase_6_scatter_0,scatter,serial,3,prep,grid25,211,0abcbf7c27981e437b863c4c778786f1820aa62d796301176f84954f4aea0c15,19,0,0.008691822178661823,25,7,0,0,1,0,19,7,0,0,1,0
phase_6_scatter_0,scatter,serial,3,prep,grid25,223,0abcbf7c27981e437b863c4c778786f1820aa62d796301176f84954f4aea0c15,19,0,0.008553803898394108,25,7,0,0,1,0,19,7,0,0,1,0
phase_6_scatter_0,scatter,serial,3,prep,grid25,227,0abcbf7c27981e437b863c4c778786f1820aa62d796301176f84954f4aea0c15,19,0,0.00866826856508851,25,7,0,0,1,0,19,7,0,0,1,0
phase_6_scatter_0,scatter,serial,3,prep,grid25,229,0abcbf7c27981e437b863c4c778786f1820aa62d796301176f84954f4aea0c15,19,0,0.00868250522762537,25,7,0,0,1,0,19,7,0,0,1,0
phase_6_scatter_0,scatter,serial,3,prep,grid25,233,0abcbf7c27981e437b863c4c778786f1820aa62d796301176f84954f4aea0c15,19,0,0.008666944690048695,25,7,0,0,1,0,19,7,0,0,1,0
phase_6_scatter_0,scatter,serial,3,mixer,sherbrooke,211,db312e3c1038947720c38f1cb6c11a55240ab4ce206ba5284e62f0469694635b,19,1,0.08414295082911849,127,2870,1686,479,1626,378,19,384,282,195,276,152
phase_6_scatter_0,scatter,serial,3,mixer,sherbrooke,223,db312e3c1038947720c38f1cb6c11a55240ab4ce206ba5284e62f0469694635b,19,1,0.07972775027155876,127,2659,1558,442,1465,332,19,384,282,195,276,152
phase_6_scatter_0,scatter,serial,3,mixer,sherbrooke,227,db312e3c1038947720c38f1cb6c11a55240ab4ce206ba5284e62f0469694635b,19,1,0.07006928324699402,127,2763,1620,453,1509,343,19,384,282,195,276,152
phase_6_scatter_0,scatter,serial,3,mixer,sherbrooke,229,db312e3c1038947720c38f1cb6c11a55240ab4ce206ba5284e62f0469694635b,19,1,0.06801050622016191,127,2580,1505,439,1475,348,19,384,282,195,276,152
phase_6_scatter_0,scatter,serial,3,mixer,sherbrooke,233,db312e3c1038947720c38f1cb6c11a55240ab4ce206ba5284e62f0469694635b,19,1,0.09791702777147293,127,2841,1666,484,1458,345,19,384,282,195,276,152
phase_6_scatter_0,scatter,serial,3,mixer,line25,211,db312e3c1038947720c38f1cb6c11a55240ab4ce206ba5284e62f0469694635b,19,1,0.050608346704393625,25,725,463,523,654,402,19,384,282,195,276,152
phase_6_scatter_0,scatter,serial,3,mixer,line25,223,db312e3c1038947720c38f1cb6c11a55240ab4ce206ba5284e62f0469694635b,19,1,0.04910385236144066,25,762,482,494,625,365,19,384,282,195,276,152
phase_6_scatter_0,scatter,serial,3,mixer,line25,227,db312e3c1038947720c38f1cb6c11a55240ab4ce206ba5284e62f0469694635b,19,1,0.0496848220936954,25,695,449,573,678,446,19,384,282,195,276,152
phase_6_scatter_0,scatter,serial,3,mixer,line25,229,db312e3c1038947720c38f1cb6c11a55240ab4ce206ba5284e62f0469694635b,19,1,0.04813400004059076,25,680,441,511,625,389,19,384,282,195,276,152
phase_6_scatter_0,scatter,serial,3,mixer,line25,233,db312e3c1038947720c38f1cb6c11a55240ab4ce206ba5284e62f0469694635b,19,1,0.04851906327530742,25,746,474,495,622,367,19,384,282,195,276,152
phase_6_scatter_0,scatter,serial,3,mixer,grid25,211,db312e3c1038947720c38f1cb6c11a55240ab4ce206ba5284e62f0469694635b,19,1,0.04588275263085961,25,492,337,374,460,289,19,384,282,195,276,152
phase_6_scatter_0,scatter,serial,3,mixer,grid25,223,db312e3c1038947720c38f1cb6c11a55240ab4ce206ba5284e62f0469694635b,19,1,0.04680788982659578,25,508,347,371,472,294,19,384,282,195,276,152
phase_6_scatter_0,scatter,serial,3,mixer,grid25,227,db312e3c1038947720c38f1cb6c11a55240ab4ce206ba5284e62f0469694635b,19,1,0.04214395210146904,25,526,355,351,482,280,19,384,282,195,276,152
phase_6_scatter_0,scatter,serial,3,mixer,grid25,229,db312e3c1038947720c38f1cb6c11a55240ab4ce206ba5284e62f0469694635b,19,1,0.04611454764381051,25,567,374,359,464,268,19,384,282,195,276,152
phase_6_scatter_0,scatter,serial,3,mixer,grid25,233,db312e3c1038947720c38f1cb6c11a55240ab4ce206ba5284e62f0469694635b,19,1,0.04288946092128754,25,471,332,399,458,276,19,384,282,195,276,152
phase_6_scatter_0,scatter,serial,3,phase,sherbrooke,211,3fc65628a3cd00ab1319389f25ae7660e57b77bd5ed15d5c194c7a19701a48bb,19,1,0.1757925390265882,127,3366,1995,594,1795,425,19,131,131,210,286,182
phase_6_scatter_0,scatter,serial,3,phase,sherbrooke,223,3fc65628a3cd00ab1319389f25ae7660e57b77bd5ed15d5c194c7a19701a48bb,19,1,0.1936962208710611,127,3205,1915,546,1758,400,19,131,131,210,286,182
phase_6_scatter_0,scatter,serial,3,phase,sherbrooke,227,3fc65628a3cd00ab1319389f25ae7660e57b77bd5ed15d5c194c7a19701a48bb,19,1,0.16960777482017875,127,3137,1857,555,1757,412,19,131,131,210,286,182
phase_6_scatter_0,scatter,serial,3,phase,sherbrooke,229,3fc65628a3cd00ab1319389f25ae7660e57b77bd5ed15d5c194c7a19701a48bb,19,1,0.198398029897362,127,2981,1731,567,1614,403,19,131,131,210,286,182
phase_6_scatter_0,scatter,serial,3,phase,sherbrooke,233,3fc65628a3cd00ab1319389f25ae7660e57b77bd5ed15d5c194c7a19701a48bb,19,1,0.15933557506650686,127,3031,1763,562,1732,409,19,131,131,210,286,182
phase_6_scatter_0,scatter,serial,3,phase,line25,211,3fc65628a3cd00ab1319389f25ae7660e57b77bd5ed15d5c194c7a19701a48bb,19,1,0.04740277677774429,25,371,262,810,690,508,19,131,131,210,286,182
phase_6_scatter_0,scatter,serial,3,phase,line25,223,3fc65628a3cd00ab1319389f25ae7660e57b77bd5ed15d5c194c7a19701a48bb,19,1,0.047011873219162226,25,369,261,800,685,494,19,131,131,210,286,182
phase_6_scatter_0,scatter,serial,3,phase,line25,227,3fc65628a3cd00ab1319389f25ae7660e57b77bd5ed15d5c194c7a19701a48bb,19,1,0.04666391992941499,25,371,262,802,670,490,19,131,131,210,286,182
phase_6_scatter_0,scatter,serial,3,phase,line25,229,3fc65628a3cd00ab1319389f25ae7660e57b77bd5ed15d5c194c7a19701a48bb,19,1,0.04664267925545573,25,371,262,802,674,494,19,131,131,210,286,182
phase_6_scatter_0,scatter,serial,3,phase,line25,233,3fc65628a3cd00ab1319389f25ae7660e57b77bd5ed15d5c194c7a19701a48bb,19,1,0.04724308708682656,25,369,261,806,683,489,19,131,131,210,286,182
phase_6_scatter_0,scatter,serial,3,phase,grid25,211,3fc65628a3cd00ab1319389f25ae7660e57b77bd5ed15d5c194c7a19701a48bb,19,1,0.03929806686937809,25,208,173,377,437,296,19,131,131,210,286,182
phase_6_scatter_0,scatter,serial,3,phase,grid25,223,3fc65628a3cd00ab1319389f25ae7660e57b77bd5ed15d5c194c7a19701a48bb,19,1,0.03886802028864622,25,219,179,397,458,330,19,131,131,210,286,182
phase_6_scatter_0,scatter,serial,3,phase,grid25,227,3fc65628a3cd00ab1319389f25ae7660e57b77bd5ed15d5c194c7a19701a48bb,19,1,0.039927809964865446,25,241,191,393,411,283,19,131,131,210,286,182
phase_6_scatter_0,scatter,serial,3,phase,grid25,229,3fc65628a3cd00ab1319389f25ae7660e57b77bd5ed15d5c194c7a19701a48bb,19,1,0.04002957232296467,25,186,161,387,432,309,19,131,131,210,286,182
phase_6_scatter_0,scatter,serial,3,phase,grid25,233,3fc65628a3cd00ab1319389f25ae7660e57b77bd5ed15d5c194c7a19701a48bb,19,1,0.039786343928426504,25,252,197,387,453,288,19,131,131,210,286,182
phase_6_scatter_0,scatter,parallel,3,full,sherbrooke,211,5527d867e5d02bd1d1434bf55fc966a43a71c0db24b7f623d67f55224a779bfd,21,5,3.320377475116402,127,16771,9791,3003,6491,1572,21,1414,1110,1005,923,550
phase_6_scatter_0,scatter,parallel,3,full,sherbrooke,223,5527d867e5d02bd1d1434bf55fc966a43a71c0db24b7f623d67f55224a779bfd,21,5,3.1218653609976172,127,16420,9601,2944,6582,1575,21,1414,1110,1005,923,550
phase_6_scatter_0,scatter,parallel,3,full,sherbrooke,227,5527d867e5d02bd1d1434bf55fc966a43a71c0db24b7f623d67f55224a779bfd,21,5,3.108329361770302,127,17200,10153,3027,6626,1563,21,1414,1110,1005,923,550
phase_6_scatter_0,scatter,parallel,3,full,sherbrooke,229,5527d867e5d02bd1d1434bf55fc966a43a71c0db24b7f623d67f55224a779bfd,21,5,3.314175257924944,127,16431,9556,3022,6476,1616,21,1414,1110,1005,923,550
phase_6_scatter_0,scatter,parallel,3,full,sherbrooke,233,5527d867e5d02bd1d1434bf55fc966a43a71c0db24b7f623d67f55224a779bfd,21,5,3.3586792019195855,127,17337,10212,2959,6400,1458,21,1414,1110,1005,923,550
phase_6_scatter_0,scatter,parallel,3,prep,sherbrooke,211,1f58d6eac272884dde87eabf7a0d35224737670c0e69afddbc91cfdc1b25b73c,21,0,0.011624388862401247,127,7,0,0,1,0,21,7,0,0,1,0
phase_6_scatter_0,scatter,parallel,3,prep,sherbrooke,223,1f58d6eac272884dde87eabf7a0d35224737670c0e69afddbc91cfdc1b25b73c,21,0,0.010887325275689363,127,7,0,0,1,0,21,7,0,0,1,0
phase_6_scatter_0,scatter,parallel,3,prep,sherbrooke,227,1f58d6eac272884dde87eabf7a0d35224737670c0e69afddbc91cfdc1b25b73c,21,0,0.014804952312260866,127,7,0,0,1,0,21,7,0,0,1,0
phase_6_scatter_0,scatter,parallel,3,prep,sherbrooke,229,1f58d6eac272884dde87eabf7a0d35224737670c0e69afddbc91cfdc1b25b73c,21,0,0.010870422702282667,127,7,0,0,1,0,21,7,0,0,1,0
phase_6_scatter_0,scatter,parallel,3,prep,sherbrooke,233,1f58d6eac272884dde87eabf7a0d35224737670c0e69afddbc91cfdc1b25b73c,21,0,0.010846076998859644,127,7,0,0,1,0,21,7,0,0,1,0
phase_6_scatter_0,scatter,parallel,3,prep,line25,211,1f58d6eac272884dde87eabf7a0d35224737670c0e69afddbc91cfdc1b25b73c,21,0,0.008532783947885036,25,7,0,0,1,0,21,7,0,0,1,0
phase_6_scatter_0,scatter,parallel,3,prep,line25,223,1f58d6eac272884dde87eabf7a0d35224737670c0e69afddbc91cfdc1b25b73c,21,0,0.008309294003993273,25,7,0,0,1,0,21,7,0,0,1,0
phase_6_scatter_0,scatter,parallel,3,prep,line25,227,1f58d6eac272884dde87eabf7a0d35224737670c0e69afddbc91cfdc1b25b73c,21,0,0.008444858249276876,25,7,0,0,1,0,21,7,0,0,1,0
phase_6_scatter_0,scatter,parallel,3,prep,line25,229,1f58d6eac272884dde87eabf7a0d35224737670c0e69afddbc91cfdc1b25b73c,21,0,0.008757245261222124,25,7,0,0,1,0,21,7,0,0,1,0
phase_6_scatter_0,scatter,parallel,3,prep,line25,233,1f58d6eac272884dde87eabf7a0d35224737670c0e69afddbc91cfdc1b25b73c,21,0,0.00848904112353921,25,7,0,0,1,0,21,7,0,0,1,0
phase_6_scatter_0,scatter,parallel,3,prep,grid25,211,1f58d6eac272884dde87eabf7a0d35224737670c0e69afddbc91cfdc1b25b73c,21,0,0.008795547299087048,25,7,0,0,1,0,21,7,0,0,1,0
phase_6_scatter_0,scatter,parallel,3,prep,grid25,223,1f58d6eac272884dde87eabf7a0d35224737670c0e69afddbc91cfdc1b25b73c,21,0,0.008808051235973835,25,7,0,0,1,0,21,7,0,0,1,0
phase_6_scatter_0,scatter,parallel,3,prep,grid25,227,1f58d6eac272884dde87eabf7a0d35224737670c0e69afddbc91cfdc1b25b73c,21,0,0.008556557819247246,25,7,0,0,1,0,21,7,0,0,1,0
phase_6_scatter_0,scatter,parallel,3,prep,grid25,229,1f58d6eac272884dde87eabf7a0d35224737670c0e69afddbc91cfdc1b25b73c,21,0,0.008635005913674831,25,7,0,0,1,0,21,7,0,0,1,0
phase_6_scatter_0,scatter,parallel,3,prep,grid25,233,1f58d6eac272884dde87eabf7a0d35224737670c0e69afddbc91cfdc1b25b73c,21,0,0.008785878773778677,25,7,0,0,1,0,21,7,0,0,1,0
phase_6_scatter_0,scatter,parallel,3,mixer,sherbrooke,211,922059cbf31217b855e5c3eb0fe48d9581d782b6d38be371d553fa22b2d82c00,21,1,0.07309255981817842,127,2605,1526,446,822,197,21,389,285,195,170,92
phase_6_scatter_0,scatter,parallel,3,mixer,sherbrooke,223,922059cbf31217b855e5c3eb0fe48d9581d782b6d38be371d553fa22b2d82c00,21,1,0.09071471216157079,127,2708,1589,430,851,189,21,389,285,195,170,92
phase_6_scatter_0,scatter,parallel,3,mixer,sherbrooke,227,922059cbf31217b855e5c3eb0fe48d9581d782b6d38be371d553fa22b2d82c00,21,1,0.09093731036409736,127,2574,1511,435,842,194,21,389,285,195,170,92
phase_6_scatter_0,scatter,parallel,3,mixer,sherbrooke,229,922059cbf31217b855e5c3eb0fe48d9581d782b6d38be371d553fa22b2d82c00,21,1,0.07281484780833125,127,2735,1599,452,960,221,21,389,285,195,170,92
phase_6_scatter_0,scatter,parallel,3,mixer,sherbrooke,233,922059cbf31217b855e5c3eb0fe48d9581d782b6d38be371d553fa22b2d82c00,21,1,0.07397842407226562,127,2671,1578,431,921,198,21,389,285,195,170,92
phase_6_scatter_0,scatter,parallel,3,mixer,line25,211,922059cbf31217b855e5c3eb0fe48d9581d782b6d38be371d553fa22b2d82c00,21,1,0.05478913802653551,25,651,426,483,354,207,21,389,285,195,170,92
phase_6_scatter_0,scatter,parallel,3,mixer,line25,223,922059cbf31217b855e5c3eb0fe48d9581d782b6d38be371d553fa22b2d82c00,21,1,0.05492980219423771,25,642,422,492,353,225,21,389,285,195,170,92
phase_6_scatter_0,scatter,parallel,3,mixer,line25,227,922059cbf31217b855e5c3eb0fe48d9581d782b6d38be371d553fa22b2d82c00,21,1,0.05374840274453163,25,616,407,508,367,225,21,389,285,195,170,92
phase_6_scatter_0,scatter,parallel,3,mixer,line25,229,922059cbf31217b855e5c3eb0fe48d9581d782b6d38be371d553fa22b2d82c00,21,1,0.053350526839494705,25,616,408,515,372,249,21,389,285,195,170,92
phase_6_scatter_0,scatter,parallel,3,mixer,line25,233,922059cbf31217b855e5c3eb0fe48d9581d782b6d38be371d553fa22b2d82c00,21,1,0.0496807349845767,25,643,422,484,350,213,21,389,285,195,170,92
phase_6_scatter_0,scatter,parallel,3,mixer,grid25,211,922059cbf31217b855e5c3eb0fe48d9581d782b6d38be371d553fa22b2d82c00,21,1,0.049526946153491735,25,557,377,348,331,183,21,389,285,195,170,92
phase_6_scatter_0,scatter,parallel,3,mixer,grid25,223,922059cbf31217b855e5c3eb0fe48d9581d782b6d38be371d553fa22b2d82c00,21,1,0.05301788216456771,25,514,357,358,343,196,21,389,285,195,170,92
phase_6_scatter_0,scatter,parallel,3,mixer,grid25,227,922059cbf31217b855e5c3eb0fe48d9581d782b6d38be371d553fa22b2d82c00,21,1,0.05264002224430442,25,536,362,340,333,183,21,389,285,195,170,92
phase_6_scatter_0,scatter,parallel,3,mixer,grid25,229,922059cbf31217b855e5c3eb0fe48d9581d782b6d38be371d553fa22b2d82c00,21,1,0.049920905847102404,25,499,345,356,289,166,21,389,285,195,170,92
phase_6_scatter_0,scatter,parallel,3,mixer,grid25,233,922059cbf31217b855e5c3eb0fe48d9581d782b6d38be371d553fa22b2d82c00,21,1,0.05431264312937856,25,473,333,369,297,180,21,389,285,195,170,92
phase_6_scatter_0,scatter,parallel,3,phase,sherbrooke,211,0fd133d241fb1c57409a7338582354b8a47eafafc36539182970aca731567459,21,1,0.17628890089690685,127,3366,1995,594,1795,425,21,131,131,210,286,182
phase_6_scatter_0,scatter,parallel,3,phase,sherbrooke,223,0fd133d241fb1c57409a7338582354b8a47eafafc36539182970aca731567459,21,1,0.19444377440959215,127,3205,1915,546,1758,400,21,131,131,210,286,182
phase_6_scatter_0,scatter,parallel,3,phase,sherbrooke,227,0fd133d241fb1c57409a7338582354b8a47eafafc36539182970aca731567459,21,1,0.16843517310917377,127,3137,1857,555,1757,412,21,131,131,210,286,182
phase_6_scatter_0,scatter,parallel,3,phase,sherbrooke,229,0fd133d241fb1c57409a7338582354b8a47eafafc36539182970aca731567459,21,1,0.20099256187677383,127,2981,1731,567,1614,403,21,131,131,210,286,182
phase_6_scatter_0,scatter,parallel,3,phase,sherbrooke,233,0fd133d241fb1c57409a7338582354b8a47eafafc36539182970aca731567459,21,1,0.1599457012489438,127,3031,1763,562,1732,409,21,131,131,210,286,182
phase_6_scatter_0,scatter,parallel,3,phase,line25,211,0fd133d241fb1c57409a7338582354b8a47eafafc36539182970aca731567459,21,1,0.04734822502359748,25,371,262,810,690,508,21,131,131,210,286,182
phase_6_scatter_0,scatter,parallel,3,phase,line25,223,0fd133d241fb1c57409a7338582354b8a47eafafc36539182970aca731567459,21,1,0.04703756095841527,25,369,261,800,685,494,21,131,131,210,286,182
phase_6_scatter_0,scatter,parallel,3,phase,line25,227,0fd133d241fb1c57409a7338582354b8a47eafafc36539182970aca731567459,21,1,0.04934416292235255,25,371,262,802,670,490,21,131,131,210,286,182
phase_6_scatter_0,scatter,parallel,3,phase,line25,229,0fd133d241fb1c57409a7338582354b8a47eafafc36539182970aca731567459,21,1,0.04735526815056801,25,371,262,802,674,494,21,131,131,210,286,182
phase_6_scatter_0,scatter,parallel,3,phase,line25,233,0fd133d241fb1c57409a7338582354b8a47eafafc36539182970aca731567459,21,1,0.04812207771465182,25,369,261,806,683,489,21,131,131,210,286,182
phase_6_scatter_0,scatter,parallel,3,phase,grid25,211,0fd133d241fb1c57409a7338582354b8a47eafafc36539182970aca731567459,21,1,0.039202287793159485,25,208,173,377,437,296,21,131,131,210,286,182
phase_6_scatter_0,scatter,parallel,3,phase,grid25,223,0fd133d241fb1c57409a7338582354b8a47eafafc36539182970aca731567459,21,1,0.0395874809473753,25,219,179,397,458,330,21,131,131,210,286,182
phase_6_scatter_0,scatter,parallel,3,phase,grid25,227,0fd133d241fb1c57409a7338582354b8a47eafafc36539182970aca731567459,21,1,0.04005995765328407,25,241,191,393,411,283,21,131,131,210,286,182
phase_6_scatter_0,scatter,parallel,3,phase,grid25,229,0fd133d241fb1c57409a7338582354b8a47eafafc36539182970aca731567459,21,1,0.039232795126736164,25,186,161,387,432,309,21,131,131,210,286,182
phase_6_scatter_0,scatter,parallel,3,phase,grid25,233,0fd133d241fb1c57409a7338582354b8a47eafafc36539182970aca731567459,21,1,0.039668832905590534,25,252,197,387,453,288,21,131,131,210,286,182
phase_6_scatter_0,scatter,complete,3,full,sherbrooke,211,381db0950fe579110d7ca7a7708eedf0dcb959d67f07e066097f83845a1b529d,24,5,4.0142035451717675,127,19391,11643,3110,3956,876,24,3661,2329,1464,557,184
phase_6_scatter_0,scatter,complete,3,full,sherbrooke,223,381db0950fe579110d7ca7a7708eedf0dcb959d67f07e066097f83845a1b529d,24,5,4.0132472002878785,127,20144,12089,3156,4017,871,24,3661,2329,1464,557,184
phase_6_scatter_0,scatter,complete,3,full,sherbrooke,227,381db0950fe579110d7ca7a7708eedf0dcb959d67f07e066097f83845a1b529d,24,5,4.3404470551759005,127,19256,11644,2941,3741,749,24,3661,2329,1464,557,184
phase_6_scatter_0,scatter,complete,3,full,sherbrooke,229,381db0950fe579110d7ca7a7708eedf0dcb959d67f07e066097f83845a1b529d,24,5,4.226649435702711,127,19122,11531,3015,3609,768,24,3661,2329,1464,557,184
phase_6_scatter_0,scatter,complete,3,full,sherbrooke,233,381db0950fe579110d7ca7a7708eedf0dcb959d67f07e066097f83845a1b529d,24,5,4.277653804048896,127,19320,11659,3031,3503,795,24,3661,2329,1464,557,184
phase_6_scatter_0,scatter,complete,3,prep,sherbrooke,211,12bfb4d3ffec5e283973e4a88f7869ab18f4463aa46e726ac8e90c8f673c8061,24,0,0.011367847677320242,127,4,0,0,1,0,24,4,0,0,1,0
phase_6_scatter_0,scatter,complete,3,prep,sherbrooke,223,12bfb4d3ffec5e283973e4a88f7869ab18f4463aa46e726ac8e90c8f673c8061,24,0,0.010793938767164946,127,4,0,0,1,0,24,4,0,0,1,0
phase_6_scatter_0,scatter,complete,3,prep,sherbrooke,227,12bfb4d3ffec5e283973e4a88f7869ab18f4463aa46e726ac8e90c8f673c8061,24,0,0.014933884143829346,127,4,0,0,1,0,24,4,0,0,1,0
phase_6_scatter_0,scatter,complete,3,prep,sherbrooke,229,12bfb4d3ffec5e283973e4a88f7869ab18f4463aa46e726ac8e90c8f673c8061,24,0,0.01080087199807167,127,4,0,0,1,0,24,4,0,0,1,0
phase_6_scatter_0,scatter,complete,3,prep,sherbrooke,233,12bfb4d3ffec5e283973e4a88f7869ab18f4463aa46e726ac8e90c8f673c8061,24,0,0.010893866885453463,127,4,0,0,1,0,24,4,0,0,1,0
phase_6_scatter_0,scatter,complete,3,prep,line25,211,12bfb4d3ffec5e283973e4a88f7869ab18f4463aa46e726ac8e90c8f673c8061,24,0,0.008455547969788313,25,4,0,0,1,0,24,4,0,0,1,0
phase_6_scatter_0,scatter,complete,3,prep,line25,223,12bfb4d3ffec5e283973e4a88f7869ab18f4463aa46e726ac8e90c8f673c8061,24,0,0.008488160092383623,25,4,0,0,1,0,24,4,0,0,1,0
phase_6_scatter_0,scatter,complete,3,prep,line25,227,12bfb4d3ffec5e283973e4a88f7869ab18f4463aa46e726ac8e90c8f673c8061,24,0,0.008384304121136665,25,4,0,0,1,0,24,4,0,0,1,0
phase_6_scatter_0,scatter,complete,3,prep,line25,229,12bfb4d3ffec5e283973e4a88f7869ab18f4463aa46e726ac8e90c8f673c8061,24,0,0.008497987873852253,25,4,0,0,1,0,24,4,0,0,1,0
phase_6_scatter_0,scatter,complete,3,prep,line25,233,12bfb4d3ffec5e283973e4a88f7869ab18f4463aa46e726ac8e90c8f673c8061,24,0,0.008301569148898125,25,4,0,0,1,0,24,4,0,0,1,0
phase_6_scatter_0,scatter,complete,3,prep,grid25,211,12bfb4d3ffec5e283973e4a88f7869ab18f4463aa46e726ac8e90c8f673c8061,24,0,0.008779667783528566,25,4,0,0,1,0,24,4,0,0,1,0
phase_6_scatter_0,scatter,complete,3,prep,grid25,223,12bfb4d3ffec5e283973e4a88f7869ab18f4463aa46e726ac8e90c8f673c8061,24,0,0.008712531067430973,25,4,0,0,1,0,24,4,0,0,1,0
phase_6_scatter_0,scatter,complete,3,prep,grid25,227,12bfb4d3ffec5e283973e4a88f7869ab18f4463aa46e726ac8e90c8f673c8061,24,0,0.008669419679790735,25,4,0,0,1,0,24,4,0,0,1,0
phase_6_scatter_0,scatter,complete,3,prep,grid25,229,12bfb4d3ffec5e283973e4a88f7869ab18f4463aa46e726ac8e90c8f673c8061,24,0,0.008516472764313221,25,4,0,0,1,0,24,4,0,0,1,0
phase_6_scatter_0,scatter,complete,3,prep,grid25,233,12bfb4d3ffec5e283973e4a88f7869ab18f4463aa46e726ac8e90c8f673c8061,24,0,0.008720897138118744,25,4,0,0,1,0,24,4,0,0,1,0
phase_6_scatter_0,scatter,complete,3,mixer,sherbrooke,211,29e6f3aaa5d4261fc09882b21a5db5d05fd2ec1fe35be906f42933c9d8981c83,24,1,0.0660333028063178,127,2416,1479,324,659,117,24,1080,636,240,147,36
phase_6_scatter_0,scatter,complete,3,mixer,sherbrooke,223,29e6f3aaa5d4261fc09882b21a5db5d05fd2ec1fe35be906f42933c9d8981c83,24,1,0.06369464145973325,127,2545,1555,328,394,68,24,1080,636,240,147,36
phase_6_scatter_0,scatter,complete,3,mixer,sherbrooke,227,29e6f3aaa5d4261fc09882b21a5db5d05fd2ec1fe35be906f42933c9d8981c83,24,1,0.06579968519508839,127,2464,1514,314,391,67,24,1080,636,240,147,36
phase_6_scatter_0,scatter,complete,3,mixer,sherbrooke,229,29e6f3aaa5d4261fc09882b21a5db5d05fd2ec1fe35be906f42933c9d8981c83,24,1,0.056520729791373014,127,2508,1526,320,416,70,24,1080,636,240,147,36
phase_6_scatter_0,scatter,complete,3,mixer,sherbrooke,233,29e6f3aaa5d4261fc09882b21a5db5d05fd2ec1fe35be906f42933c9d8981c83,24,1,0.06522789131850004,127,2379,1465,311,369,59,24,1080,636,240,147,36
phase_6_scatter_0,scatter,complete,3,mixer,line25,211,29e6f3aaa5d4261fc09882b21a5db5d05fd2ec1fe35be906f42933c9d8981c83,24,1,0.04146331362426281,25,1500,860,300,185,47,24,1080,636,240,147,36
phase_6_scatter_0,scatter,complete,3,mixer,line25,223,29e6f3aaa5d4261fc09882b21a5db5d05fd2ec1fe35be906f42933c9d8981c83,24,1,0.04118770593777299,25,1490,855,306,188,52,24,1080,636,240,147,36
phase_6_scatter_0,scatter,complete,3,mixer,line25,227,29e6f3aaa5d4261fc09882b21a5db5d05fd2ec1fe35be906f42933c9d8981c83,24,1,0.04154637875035405,25,1439,827,324,205,58,24,1080,636,240,147,36
phase_6_scatter_0,scatter,complete,3,mixer,line25,229,29e6f3aaa5d4261fc09882b21a5db5d05fd2ec1fe35be906f42933c9d8981c83,24,1,0.04138128878548741,25,1480,850,312,188,52,24,1080,636,240,147,36
phase_6_scatter_0,scatter,complete,3,mixer,line25,233,29e6f3aaa5d4261fc09882b21a5db5d05fd2ec1fe35be906f42933c9d8981c83,24,1,0.04097937513142824,25,1462,839,318,198,55,24,1080,636,240,147,36
phase_6_scatter_0,scatter,complete,3,mixer,grid25,211,29e6f3aaa5d4261fc09882b21a5db5d05fd2ec1fe35be906f42933c9d8981c83,24,1,0.04222233919426799,25,1259,725,293,207,60,24,1080,636,240,147,36
phase_6_scatter_0,scatter,complete,3,mixer,grid25,223,29e6f3aaa5d4261fc09882b21a5db5d05fd2ec1fe35be906f42933c9d8981c83,24,1,0.04152027005329728,25,1273,733,297,217,63,24,1080,636,240,147,36
phase_6_scatter_0,scatter,complete,3,mixer,grid25,227,29e6f3aaa5d4261fc09882b21a5db5d05fd2ec1fe35be906f42933c9d8981c83,24,1,0.04046830488368869,25,1260,722,297,206,60,24,1080,636,240,147,36
phase_6_scatter_0,scatter,complete,3,mixer,grid25,229,29e6f3aaa5d4261fc09882b21a5db5d05fd2ec1fe35be906f42933c9d8981c83,24,1,0.04140538536012173,25,1244,715,298,229,64,24,1080,636,240,147,36
phase_6_scatter_0,scatter,complete,3,mixer,grid25,233,29e6f3aaa5d4261fc09882b21a5db5d05fd2ec1fe35be906f42933c9d8981c83,24,1,0.04111925698816776,25,1274,733,301,212,63,24,1080,636,240,147,36
phase_6_scatter_0,scatter,complete,3,phase,sherbrooke,211,5ebebdfcb7d5306a571f57ba83c8f9588ff50c72046d728e46c21c5659af0506,24,1,0.40581976529210806,127,4975,3027,778,962,211,24,210,210,372,91,60
phase_6_scatter_0,scatter,complete,3,phase,sherbrooke,223,5ebebdfcb7d5306a571f57ba83c8f9588ff50c72046d728e46c21c5659af0506,24,1,0.35053524700924754,127,5086,3097,847,1208,282,24,210,210,372,91,60
phase_6_scatter_0,scatter,complete,3,phase,sherbrooke,227,5ebebdfcb7d5306a571f57ba83c8f9588ff50c72046d728e46c21c5659af0506,24,1,0.4301530895754695,127,5087,3094,808,1050,244,24,210,210,372,91,60
phase_6_scatter_0,scatter,complete,3,phase,sherbrooke,229,5ebebdfcb7d5306a571f57ba83c8f9588ff50c72046d728e46c21c5659af0506,24,1,0.44427251536399126,127,5330,3217,874,1038,230,24,210,210,372,91,60
phase_6_scatter_0,scatter,complete,3,phase,sherbrooke,233,5ebebdfcb7d5306a571f57ba83c8f9588ff50c72046d728e46c21c5659af0506,24,1,0.4501582379452884,127,5099,3054,870,1179,283,24,210,210,372,91,60
phase_6_scatter_0,scatter,complete,3,phase,line25,211,5ebebdfcb7d5306a571f57ba83c8f9588ff50c72046d728e46c21c5659af0506,24,1,0.10934081906452775,25,1970,1170,830,403,212,24,210,210,372,91,60
phase_6_scatter_0,scatter,complete,3,phase,line25,223,5ebebdfcb7d5306a571f57ba83c8f9588ff50c72046d728e46c21c5659af0506,24,1,0.11601704685017467,25,1981,1176,822,404,212,24,210,210,372,91,60
phase_6_scatter_0,scatter,complete,3,phase,line25,227,5ebebdfcb7d5306a571f57ba83c8f9588ff50c72046d728e46c21c5659af0506,24,1,0.11243739491328597,25,1948,1158,842,399,197,24,210,210,372,91,60
phase_6_scatter_0,scatter,complete,3,phase,line25,229,5ebebdfcb7d5306a571f57ba83c8f9588ff50c72046d728e46c21c5659af0506,24,1,0.11095615290105343,25,1948,1158,818,387,213,24,210,210,372,91,60
phase_6_scatter_0,scatter,complete,3,phase,line25,233,5ebebdfcb7d5306a571f57ba83c8f9588ff50c72046d728e46c21c5659af0506,24,1,0.11141377314925194,25,2014,1194,833,391,197,24,210,210,372,91,60
phase_6_scatter_0,scatter,complete,3,phase,grid25,211,5ebebdfcb7d5306a571f57ba83c8f9588ff50c72046d728e46c21c5659af0506,24,1,0.1055572647601366,25,705,480,703,381,265,24,210,210,372,91,60
phase_6_scatter_0,scatter,complete,3,phase,grid25,223,5ebebdfcb7d5306a571f57ba83c8f9588ff50c72046d728e46c21c5659af0506,24,1,0.10432787612080574,25,628,438,708,392,262,24,210,210,372,91,60
phase_6_scatter_0,scatter,complete,3,phase,grid25,227,5ebebdfcb7d5306a571f57ba83c8f9588ff50c72046d728e46c21c5659af0506,24,1,0.10452503617852926,25,628,438,691,385,245,24,210,210,372,91,60
phase_6_scatter_0,scatter,complete,3,phase,grid25,229,5ebebdfcb7d5306a571f57ba83c8f9588ff50c72046d728e46c21c5659af0506,24,1,0.1046140743419528,25,705,480,700,340,246,24,210,210,372,91,60
phase_6_scatter_0,scatter,complete,3,phase,grid25,233,5ebebdfcb7d5306a571f57ba83c8f9588ff50c72046d728e46c21c5659af0506,24,1,0.10210875887423754,25,672,462,679,396,262,24,210,210,372,91,60
phase_6_scatter_0,scatter,ring,3,full,sherbrooke,211,7de122eccf1f0b241f1bdfa4d6b79a3f89be464713669e3f6b60e9534ee3d366,24,5,2.6350098182447255,127,15629,9384,2493,2725,615,24,2041,1357,1032,458,164
phase_6_scatter_0,scatter,ring,3,full,sherbrooke,223,7de122eccf1f0b241f1bdfa4d6b79a3f89be464713669e3f6b60e9534ee3d366,24,5,2.6015064027160406,127,15257,9173,2500,3369,757,24,2041,1357,1032,458,164
phase_6_scatter_0,scatter,ring,3,full,sherbrooke,227,7de122eccf1f0b241f1bdfa4d6b79a3f89be464713669e3f6b60e9534ee3d366,24,5,2.551980237942189,127,15118,9036,2533,3442,776,24,2041,1357,1032,458,164
phase_6_scatter_0,scatter,ring,3,full,sherbrooke,229,7de122eccf1f0b241f1bdfa4d6b79a3f89be464713669e3f6b60e9534ee3d366,24,5,2.7576149771921337,127,15086,9111,2385,2982,665,24,2041,1357,1032,458,164
phase_6_scatter_0,scatter,ring,3,full,sherbrooke,233,7de122eccf1f0b241f1bdfa4d6b79a3f89be464713669e3f6b60e9534ee3d366,24,5,2.665724457241595,127,15213,9163,2453,3300,760,24,2041,1357,1032,458,164
phase_6_scatter_0,scatter,ring,3,prep,sherbrooke,211,12bfb4d3ffec5e283973e4a88f7869ab18f4463aa46e726ac8e90c8f673c8061,24,0,0.011222663801163435,127,4,0,0,1,0,24,4,0,0,1,0
phase_6_scatter_0,scatter,ring,3,prep,sherbrooke,223,12bfb4d3ffec5e283973e4a88f7869ab18f4463aa46e726ac8e90c8f673c8061,24,0,0.011340375989675522,127,4,0,0,1,0,24,4,0,0,1,0
phase_6_scatter_0,scatter,ring,3,prep,sherbrooke,227,12bfb4d3ffec5e283973e4a88f7869ab18f4463aa46e726ac8e90c8f673c8061,24,0,0.011142564937472343,127,4,0,0,1,0,24,4,0,0,1,0
phase_6_scatter_0,scatter,ring,3,prep,sherbrooke,229,12bfb4d3ffec5e283973e4a88f7869ab18f4463aa46e726ac8e90c8f673c8061,24,0,0.010971983894705772,127,4,0,0,1,0,24,4,0,0,1,0
phase_6_scatter_0,scatter,ring,3,prep,sherbrooke,233,12bfb4d3ffec5e283973e4a88f7869ab18f4463aa46e726ac8e90c8f673c8061,24,0,0.010925746988505125,127,4,0,0,1,0,24,4,0,0,1,0
phase_6_scatter_0,scatter,ring,3,prep,line25,211,12bfb4d3ffec5e283973e4a88f7869ab18f4463aa46e726ac8e90c8f673c8061,24,0,0.0084737129509449,25,4,0,0,1,0,24,4,0,0,1,0
phase_6_scatter_0,scatter,ring,3,prep,line25,223,12bfb4d3ffec5e283973e4a88f7869ab18f4463aa46e726ac8e90c8f673c8061,24,0,0.008466317784041166,25,4,0,0,1,0,24,4,0,0,1,0
phase_6_scatter_0,scatter,ring,3,prep,line25,227,12bfb4d3ffec5e283973e4a88f7869ab18f4463aa46e726ac8e90c8f673c8061,24,0,0.008368004113435745,25,4,0,0,1,0,24,4,0,0,1,0
phase_6_scatter_0,scatter,ring,3,prep,line25,229,12bfb4d3ffec5e283973e4a88f7869ab18f4463aa46e726ac8e90c8f673c8061,24,0,0.008510551881045103,25,4,0,0,1,0,24,4,0,0,1,0
phase_6_scatter_0,scatter,ring,3,prep,line25,233,12bfb4d3ffec5e283973e4a88f7869ab18f4463aa46e726ac8e90c8f673c8061,24,0,0.00830064807087183,25,4,0,0,1,0,24,4,0,0,1,0
phase_6_scatter_0,scatter,ring,3,prep,grid25,211,12bfb4d3ffec5e283973e4a88f7869ab18f4463aa46e726ac8e90c8f673c8061,24,0,0.008808241225779057,25,4,0,0,1,0,24,4,0,0,1,0
phase_6_scatter_0,scatter,ring,3,prep,grid25,223,12bfb4d3ffec5e283973e4a88f7869ab18f4463aa46e726ac8e90c8f673c8061,24,0,0.008669390808790922,25,4,0,0,1,0,24,4,0,0,1,0
phase_6_scatter_0,scatter,ring,3,prep,grid25,227,12bfb4d3ffec5e283973e4a88f7869ab18f4463aa46e726ac8e90c8f673c8061,24,0,0.008647237904369831,25,4,0,0,1,0,24,4,0,0,1,0
phase_6_scatter_0,scatter,ring,3,prep,grid25,229,12bfb4d3ffec5e283973e4a88f7869ab18f4463aa46e726ac8e90c8f673c8061,24,0,0.008561397902667522,25,4,0,0,1,0,24,4,0,0,1,0
phase_6_scatter_0,scatter,ring,3,prep,grid25,233,12bfb4d3ffec5e283973e4a88f7869ab18f4463aa46e726ac8e90c8f673c8061,24,0,0.008617952931672335,25,4,0,0,1,0,24,4,0,0,1,0
phase_6_scatter_0,scatter,ring,3,mixer,sherbrooke,211,25b45044ced3e303101850493664090c765b1ab6cc90cb30e6aff0c414dcfb5a,24,1,0.04148478386923671,127,1126,681,146,186,34,24,540,312,96,106,24
phase_6_scatter_0,scatter,ring,3,mixer,sherbrooke,223,25b45044ced3e303101850493664090c765b1ab6cc90cb30e6aff0c414dcfb5a,24,1,0.03271763026714325,127,1180,717,151,209,42,24,540,312,96,106,24
phase_6_scatter_0,scatter,ring,3,mixer,sherbrooke,227,25b45044ced3e303101850493664090c765b1ab6cc90cb30e6aff0c414dcfb5a,24,1,0.03288267971947789,127,1110,678,151,250,46,24,540,312,96,106,24
phase_6_scatter_0,scatter,ring,3,mixer,sherbrooke,229,25b45044ced3e303101850493664090c765b1ab6cc90cb30e6aff0c414dcfb5a,24,1,0.029306734912097454,127,1104,676,143,186,36,24,540,312,96,106,24
phase_6_scatter_0,scatter,ring,3,mixer,sherbrooke,233,25b45044ced3e303101850493664090c765b1ab6cc90cb30e6aff0c414dcfb5a,24,1,0.03777551790699363,127,1076,652,151,199,39,24,540,312,96,106,24
phase_6_scatter_0,scatter,ring,3,mixer,line25,211,25b45044ced3e303101850493664090c765b1ab6cc90cb30e6aff0c414dcfb5a,24,1,0.02287599816918373,25,578,334,149,120,34,24,540,312,96,106,24
phase_6_scatter_0,scatter,ring,3,mixer,line25,223,25b45044ced3e303101850493664090c765b1ab6cc90cb30e6aff0c414dcfb5a,24,1,0.023839317727833986,25,596,348,144,121,34,24,540,312,96,106,24
phase_6_scatter_0,scatter,ring,3,mixer,line25,227,25b45044ced3e303101850493664090c765b1ab6cc90cb30e6aff0c414dcfb5a,24,1,0.02567955292761326,25,599,349,147,122,34,24,540,312,96,106,24
phase_6_scatter_0,scatter,ring,3,mixer,line25,229,25b45044ced3e303101850493664090c765b1ab6cc90cb30e6aff0c414dcfb5a,24,1,0.022845502011477947,25,604,352,149,122,32,24,540,312,96,106,24
phase_6_scatter_0,scatter,ring,3,mixer,line25,233,25b45044ced3e303101850493664090c765b1ab6cc90cb30e6aff0c414dcfb5a,24,1,0.022457061801105738,25,600,351,146,121,32,24,540,312,96,106,24
phase_6_scatter_0,scatter,ring,3,mixer,grid25,211,25b45044ced3e303101850493664090c765b1ab6cc90cb30e6aff0c414dcfb5a,24,1,0.01914938958361745,25,551,318,102,113,27,24,540,312,96,106,24
phase_6_scatter_0,scatter,ring,3,mixer,grid25,223,25b45044ced3e303101850493664090c765b1ab6cc90cb30e6aff0c414dcfb5a,24,1,0.0184973762370646,25,540,312,96,106,24,24,540,312,96,106,24
phase_6_scatter_0,scatter,ring,3,mixer,grid25,227,25b45044ced3e303101850493664090c765b1ab6cc90cb30e6aff0c414dcfb5a,24,1,0.01888642692938447,25,540,312,102,110,27,24,540,312,96,106,24
phase_6_scatter_0,scatter,ring,3,mixer,grid25,229,25b45044ced3e303101850493664090c765b1ab6cc90cb30e6aff0c414dcfb5a,24,1,0.019051345996558666,25,568,328,106,127,31,24,540,312,96,106,24
phase_6_scatter_0,scatter,ring,3,mixer,grid25,233,25b45044ced3e303101850493664090c765b1ab6cc90cb30e6aff0c414dcfb5a,24,1,0.01938779791817069,25,548,316,100,114,28,24,540,312,96,106,24
phase_6_scatter_0,scatter,ring,3,phase,sherbrooke,211,5ebebdfcb7d5306a571f57ba83c8f9588ff50c72046d728e46c21c5659af0506,24,1,0.4053349937312305,127,4975,3027,778,962,211,24,210,210,372,91,60
phase_6_scatter_0,scatter,ring,3,phase,sherbrooke,223,5ebebdfcb7d5306a571f57ba83c8f9588ff50c72046d728e46c21c5659af0506,24,1,0.35315856290981174,127,5086,3097,847,1208,282,24,210,210,372,91,60
phase_6_scatter_0,scatter,ring,3,phase,sherbrooke,227,5ebebdfcb7d5306a571f57ba83c8f9588ff50c72046d728e46c21c5659af0506,24,1,0.4286679308861494,127,5087,3094,808,1050,244,24,210,210,372,91,60
phase_6_scatter_0,scatter,ring,3,phase,sherbrooke,229,5ebebdfcb7d5306a571f57ba83c8f9588ff50c72046d728e46c21c5659af0506,24,1,0.44288904685527086,127,5330,3217,874,1038,230,24,210,210,372,91,60
phase_6_scatter_0,scatter,ring,3,phase,sherbrooke,233,5ebebdfcb7d5306a571f57ba83c8f9588ff50c72046d728e46c21c5659af0506,24,1,0.4485422130674124,127,5099,3054,870,1179,283,24,210,210,372,91,60
phase_6_scatter_0,scatter,ring,3,phase,line25,211,5ebebdfcb7d5306a571f57ba83c8f9588ff50c72046d728e46c21c5659af0506,24,1,0.10862198006361723,25,1970,1170,830,403,212,24,210,210,372,91,60
phase_6_scatter_0,scatter,ring,3,phase,line25,223,5ebebdfcb7d5306a571f57ba83c8f9588ff50c72046d728e46c21c5659af0506,24,1,0.11221214197576046,25,1981,1176,822,404,212,24,210,210,372,91,60
phase_6_scatter_0,scatter,ring,3,phase,line25,227,5ebebdfcb7d5306a571f57ba83c8f9588ff50c72046d728e46c21c5659af0506,24,1,0.11258472176268697,25,1948,1158,842,399,197,24,210,210,372,91,60
phase_6_scatter_0,scatter,ring,3,phase,line25,229,5ebebdfcb7d5306a571f57ba83c8f9588ff50c72046d728e46c21c5659af0506,24,1,0.11123865377157927,25,1948,1158,818,387,213,24,210,210,372,91,60
phase_6_scatter_0,scatter,ring,3,phase,line25,233,5ebebdfcb7d5306a571f57ba83c8f9588ff50c72046d728e46c21c5659af0506,24,1,0.11110277893021703,25,2014,1194,833,391,197,24,210,210,372,91,60
phase_6_scatter_0,scatter,ring,3,phase,grid25,211,5ebebdfcb7d5306a571f57ba83c8f9588ff50c72046d728e46c21c5659af0506,24,1,0.10409439727663994,25,705,480,703,381,265,24,210,210,372,91,60
phase_6_scatter_0,scatter,ring,3,phase,grid25,223,5ebebdfcb7d5306a571f57ba83c8f9588ff50c72046d728e46c21c5659af0506,24,1,0.10675689810886979,25,628,438,708,392,262,24,210,210,372,91,60
phase_6_scatter_0,scatter,ring,3,phase,grid25,227,5ebebdfcb7d5306a571f57ba83c8f9588ff50c72046d728e46c21c5659af0506,24,1,0.10415989113971591,25,628,438,691,385,245,24,210,210,372,91,60
phase_6_scatter_0,scatter,ring,3,phase,grid25,229,5ebebdfcb7d5306a571f57ba83c8f9588ff50c72046d728e46c21c5659af0506,24,1,0.10442433692514896,25,705,480,700,340,246,24,210,210,372,91,60
phase_6_scatter_0,scatter,ring,3,phase,grid25,233,5ebebdfcb7d5306a571f57ba83c8f9588ff50c72046d728e46c21c5659af0506,24,1,0.10478001460433006,25,672,462,679,396,262,24,210,210,372,91,60
phase_6_scatter_1,scatter,serial,3,full,sherbrooke,211,347ce354ec244f404beeafe33148f5c6e74e2043e22e847519df31f1afe61c00,19,5,3.9969692807644606,127,18943,11115,3366,9545,2239,19,1471,1169,1165,1444,872
phase_6_scatter_1,scatter,serial,3,full,sherbrooke,223,347ce354ec244f404beeafe33148f5c6e74e2043e22e847519df31f1afe61c00,19,5,3.847181195858866,127,18599,10838,3408,9176,2224,19,1471,1169,1165,1444,872
phase_6_scatter_1,scatter,serial,3,full,sherbrooke,227,347ce354ec244f404beeafe33148f5c6e74e2043e22e847519df31f1afe61c00,19,5,4.323662966955453,127,19471,11406,3434,9388,2188,19,1471,1169,1165,1444,872
phase_6_scatter_1,scatter,serial,3,full,sherbrooke,229,347ce354ec244f404beeafe33148f5c6e74e2043e22e847519df31f1afe61c00,19,5,4.030487785115838,127,18692,10885,3395,9314,2254,19,1471,1169,1165,1444,872
phase_6_scatter_1,scatter,serial,3,full,sherbrooke,233,347ce354ec244f404beeafe33148f5c6e74e2043e22e847519df31f1afe61c00,19,5,4.145316021051258,127,18702,10980,3268,9106,2123,19,1471,1169,1165,1444,872
phase_6_scatter_1,scatter,serial,3,prep,sherbrooke,211,0abcbf7c27981e437b863c4c778786f1820aa62d796301176f84954f4aea0c15,19,0,0.011018201243132353,127,7,0,0,1,0,19,7,0,0,1,0
phase_6_scatter_1,scatter,serial,3,prep,sherbrooke,223,0abcbf7c27981e437b863c4c778786f1820aa62d796301176f84954f4aea0c15,19,0,0.010745268780738115,127,7,0,0,1,0,19,7,0,0,1,0
phase_6_scatter_1,scatter,serial,3,prep,sherbrooke,227,0abcbf7c27981e437b863c4c778786f1820aa62d796301176f84954f4aea0c15,19,0,0.010819497983902693,127,7,0,0,1,0,19,7,0,0,1,0
phase_6_scatter_1,scatter,serial,3,prep,sherbrooke,229,0abcbf7c27981e437b863c4c778786f1820aa62d796301176f84954f4aea0c15,19,0,0.010913924779742956,127,7,0,0,1,0,19,7,0,0,1,0
phase_6_scatter_1,scatter,serial,3,prep,sherbrooke,233,0abcbf7c27981e437b863c4c778786f1820aa62d796301176f84954f4aea0c15,19,0,0.01077122800052166,127,7,0,0,1,0,19,7,0,0,1,0
phase_6_scatter_1,scatter,serial,3,prep,line25,211,0abcbf7c27981e437b863c4c778786f1820aa62d796301176f84954f4aea0c15,19,0,0.009158249013125896,25,7,0,0,1,0,19,7,0,0,1,0
phase_6_scatter_1,scatter,serial,3,prep,line25,223,0abcbf7c27981e437b863c4c778786f1820aa62d796301176f84954f4aea0c15,19,0,0.00842973031103611,25,7,0,0,1,0,19,7,0,0,1,0
phase_6_scatter_1,scatter,serial,3,prep,line25,227,0abcbf7c27981e437b863c4c778786f1820aa62d796301176f84954f4aea0c15,19,0,0.008418599143624306,25,7,0,0,1,0,19,7,0,0,1,0
phase_6_scatter_1,scatter,serial,3,prep,line25,229,0abcbf7c27981e437b863c4c778786f1820aa62d796301176f84954f4aea0c15,19,0,0.008144825231283903,25,7,0,0,1,0,19,7,0,0,1,0
phase_6_scatter_1,scatter,serial,3,prep,line25,233,0abcbf7c27981e437b863c4c778786f1820aa62d796301176f84954f4aea0c15,19,0,0.008418809156864882,25,7,0,0,1,0,19,7,0,0,1,0
phase_6_scatter_1,scatter,serial,3,prep,grid25,211,0abcbf7c27981e437b863c4c778786f1820aa62d796301176f84954f4aea0c15,19,0,0.008602715097367764,25,7,0,0,1,0,19,7,0,0,1,0
phase_6_scatter_1,scatter,serial,3,prep,grid25,223,0abcbf7c27981e437b863c4c778786f1820aa62d796301176f84954f4aea0c15,19,0,0.008624645881354809,25,7,0,0,1,0,19,7,0,0,1,0
phase_6_scatter_1,scatter,serial,3,prep,grid25,227,0abcbf7c27981e437b863c4c778786f1820aa62d796301176f84954f4aea0c15,19,0,0.008629635907709599,25,7,0,0,1,0,19,7,0,0,1,0
phase_6_scatter_1,scatter,serial,3,prep,grid25,229,0abcbf7c27981e437b863c4c778786f1820aa62d796301176f84954f4aea0c15,19,0,0.008414120879024267,25,7,0,0,1,0,19,7,0,0,1,0
phase_6_scatter_1,scatter,serial,3,prep,grid25,233,0abcbf7c27981e437b863c4c778786f1820aa62d796301176f84954f4aea0c15,19,0,0.008587265852838755,25,7,0,0,1,0,19,7,0,0,1,0
phase_6_scatter_1,scatter,serial,3,mixer,sherbrooke,211,db312e3c1038947720c38f1cb6c11a55240ab4ce206ba5284e62f0469694635b,19,1,0.08313364628702402,127,2870,1686,479,1626,378,19,384,282,195,276,152
phase_6_scatter_1,scatter,serial,3,mixer,sherbrooke,223,db312e3c1038947720c38f1cb6c11a55240ab4ce206ba5284e62f0469694635b,19,1,0.07980730012059212,127,2659,1558,442,1465,332,19,384,282,195,276,152
phase_6_scatter_1,scatter,serial,3,mixer,sherbrooke,227,db312e3c1038947720c38f1cb6c11a55240ab4ce206ba5284e62f0469694635b,19,1,0.07190228532999754,127,2763,1620,453,1509,343,19,384,282,195,276,152
phase_6_scatter_1,scatter,serial,3,mixer,sherbrooke,229,db312e3c1038947720c38f1cb6c11a55240ab4ce206ba5284e62f0469694635b,19,1,0.067664276342839,127,2580,1505,439,1475,348,19,384,282,195,276,152
phase_6_scatter_1,scatter,serial,3,mixer,sherbrooke,233,db312e3c1038947720c38f1cb6c11a55240ab4ce206ba5284e62f0469694635b,19,1,0.09834888810291886,127,2841,1666,484,1458,345,19,384,282,195,276,152
phase_6_scatter_1,scatter,serial,3,mixer,line25,211,db312e3c1038947720c38f1cb6c11a55240ab4ce206ba5284e62f0469694635b,19,1,0.04985476192086935,25,725,463,523,654,402,19,384,282,195,276,152
phase_6_scatter_1,scatter,serial,3,mixer,line25,223,db312e3c1038947720c38f1cb6c11a55240ab4ce206ba5284e62f0469694635b,19,1,0.048120885621756315,25,762,482,494,625,365,19,384,282,195,276,152
phase_6_scatter_1,scatter,serial,3,mixer,line25,227,db312e3c1038947720c38f1cb6c11a55240ab4ce206ba5284e62f0469694635b,19,1,0.05073418281972408,25,695,449,573,678,446,19,384,282,195,276,152
phase_6_scatter_1,scatter,serial,3,mixer,line25,229,db312e3c1038947720c38f1cb6c11a55240ab4ce206ba5284e62f0469694635b,19,1,0.049717304296791553,25,680,441,511,625,389,19,384,282,195,276,152
phase_6_scatter_1,scatter,serial,3,mixer,line25,233,db312e3c1038947720c38f1cb6c11a55240ab4ce206ba5284e62f0469694635b,19,1,0.04851194005459547,25,746,474,495,622,367,19,384,282,195,276,152
phase_6_scatter_1,scatter,serial,3,mixer,grid25,211,db312e3c1038947720c38f1cb6c11a55240ab4ce206ba5284e62f0469694635b,19,1,0.045926915016025305,25,492,337,374,460,289,19,384,282,195,276,152
phase_6_scatter_1,scatter,serial,3,mixer,grid25,223,db312e3c1038947720c38f1cb6c11a55240ab4ce206ba5284e62f0469694635b,19,1,0.04682792769744992,25,508,347,371,472,294,19,384,282,195,276,152
phase_6_scatter_1,scatter,serial,3,mixer,grid25,227,db312e3c1038947720c38f1cb6c11a55240ab4ce206ba5284e62f0469694635b,19,1,0.04223726689815521,25,526,355,351,482,280,19,384,282,195,276,152
phase_6_scatter_1,scatter,serial,3,mixer,grid25,229,db312e3c1038947720c38f1cb6c11a55240ab4ce206ba5284e62f0469694635b,19,1,0.04560148483142257,25,567,374,359,464,268,19,384,282,195,276,152
phase_6_scatter_1,scatter,serial,3,mixer,grid25,233,db312e3c1038947720c38f1cb6c11a55240ab4ce206ba5284e62f0469694635b,19,1,0.042547198943793774,25,471,332,399,458,276,19,384,282,195,276,152
phase_6_scatter_1,scatter,serial,3,phase,sherbrooke,211,860998446a4239c9b3ac016cbe17cc92ebb15240c3ea30b0a3fea961d7f3db27,19,1,0.26099080173298717,127,4109,2366,808,2316,592,19,162,162,290,392,255
phase_6_scatter_1,scatter,serial,3,phase,sherbrooke,223,860998446a4239c9b3ac016cbe17cc92ebb15240c3ea30b0a3fea961d7f3db27,19,1,0.2910616616718471,127,4393,2537,841,2446,619,19,162,162,290,392,255
phase_6_scatter_1,scatter,serial,3,phase,sherbrooke,227,860998446a4239c9b3ac016cbe17cc92ebb15240c3ea30b0a3fea961d7f3db27,19,1,0.2564143780618906,127,4547,2705,788,2349,566,19,162,162,290,392,255
phase_6_scatter_1,scatter,serial,3,phase,sherbrooke,229,860998446a4239c9b3ac016cbe17cc92ebb15240c3ea30b0a3fea961d7f3db27,19,1,0.275413126219064,127,4670,2766,836,2632,621,19,162,162,290,392,255
phase_6_scatter_1,scatter,serial,3,phase,sherbrooke,233,860998446a4239c9b3ac016cbe17cc92ebb15240c3ea30b0a3fea961d7f3db27,19,1,0.287302743177861,127,4148,2422,792,2325,584,19,162,162,290,392,255
phase_6_scatter_1,scatter,serial,3,phase,line25,211,860998446a4239c9b3ac016cbe17cc92ebb15240c3ea30b0a3fea961d7f3db27,19,1,0.07463496597483754,25,389,286,932,853,642,19,162,162,290,392,255
phase_6_scatter_1,scatter,serial,3,phase,line25,223,860998446a4239c9b3ac016cbe17cc92ebb15240c3ea30b0a3fea961d7f3db27,19,1,0.07700770208612084,25,389,286,931,852,649,19,162,162,290,392,255
phase_6_scatter_1,scatter,serial,3,phase,line25,227,860998446a4239c9b3ac016cbe17cc92ebb15240c3ea30b0a3fea961d7f3db27,19,1,0.07456197869032621,25,422,304,927,863,649,19,162,162,290,392,255
phase_6_scatter_1,scatter,serial,3,phase,line25,229,860998446a4239c9b3ac016cbe17cc92ebb15240c3ea30b0a3fea961d7f3db27,19,1,0.0743479379452765,25,400,292,927,852,642,19,162,162,290,392,255
phase_6_scatter_1,scatter,serial,3,phase,line25,233,860998446a4239c9b3ac016cbe17cc92ebb15240c3ea30b0a3fea961d7f3db27,19,1,0.07504873303696513,25,400,292,927,852,642,19,162,162,290,392,255
phase_6_scatter_1,scatter,serial,3,phase,grid25,211,860998446a4239c9b3ac016cbe17cc92ebb15240c3ea30b0a3fea961d7f3db27,19,1,0.04976178798824549,25,239,204,544,559,405,19,162,162,290,392,255
phase_6_scatter_1,scatter,serial,3,phase,grid25,223,860998446a4239c9b3ac016cbe17cc92ebb15240c3ea30b0a3fea961d7f3db27,19,1,0.050255043897777796,25,270,221,560,624,436,19,162,162,290,392,255
phase_6_scatter_1,scatter,serial,3,phase,grid25,227,860998446a4239c9b3ac016cbe17cc92ebb15240c3ea30b0a3fea961d7f3db27,19,1,0.0500248521566391,25,283,228,533,604,406,19,162,162,290,392,255
phase_6_scatter_1,scatter,serial,3,phase,grid25,229,860998446a4239c9b3ac016cbe17cc92ebb15240c3ea30b0a3fea961d7f3db27,19,1,0.04970176378265023,25,268,220,535,577,408,19,162,162,290,392,255
phase_6_scatter_1,scatter,serial,3,phase,grid25,233,860998446a4239c9b3ac016cbe17cc92ebb15240c3ea30b0a3fea961d7f3db27,19,1,0.06220161821693182,25,272,222,540,585,411,19,162,162,290,392,255
phase_6_scatter_1,scatter,parallel,3,full,sherbrooke,211,0a475e29a105662816cfcbe8b0b8df89980af34b312e232c1d6d71afc2537825,21,5,4.318027484230697,127,18415,10753,3397,7077,1756,21,1476,1172,1165,1133,696
phase_6_scatter_1,scatter,parallel,3,full,sherbrooke,223,0a475e29a105662816cfcbe8b0b8df89980af34b312e232c1d6d71afc2537825,21,5,4.03624077886343,127,18290,10706,3282,7226,1736,21,1476,1172,1165,1133,696
phase_6_scatter_1,scatter,parallel,3,full,sherbrooke,227,0a475e29a105662816cfcbe8b0b8df89980af34b312e232c1d6d71afc2537825,21,5,4.5387759250588715,127,20408,12039,3516,8356,1920,21,1476,1172,1165,1133,696
phase_6_scatter_1,scatter,parallel,3,full,sherbrooke,229,0a475e29a105662816cfcbe8b0b8df89980af34b312e232c1d6d71afc2537825,21,5,4.423887537326664,127,18758,10965,3409,7358,1784,21,1476,1172,1165,1133,696
phase_6_scatter_1,scatter,parallel,3,full,sherbrooke,233,0a475e29a105662816cfcbe8b0b8df89980af34b312e232c1d6d71afc2537825,21,5,4.610912509728223,127,19434,11363,3510,7542,1803,21,1476,1172,1165,1133,696
phase_6_scatter_1,scatter,parallel,3,prep,sherbrooke,211,1f58d6eac272884dde87eabf7a0d35224737670c0e69afddbc91cfdc1b25b73c,21,0,0.011670885607600212,127,7,0,0,1,0,21,7,0,0,1,0
phase_6_scatter_1,scatter,parallel,3,prep,sherbrooke,223,1f58d6eac272884dde87eabf7a0d35224737670c0e69afddbc91cfdc1b25b73c,21,0,0.010855426080524921,127,7,0,0,1,0,21,7,0,0,1,0
phase_6_scatter_1,scatter,parallel,3,prep,sherbrooke,227,1f58d6eac272884dde87eabf7a0d35224737670c0e69afddbc91cfdc1b25b73c,21,0,0.010898395907133818,127,7,0,0,1,0,21,7,0,0,1,0
phase_6_scatter_1,scatter,parallel,3,prep,sherbrooke,229,1f58d6eac272884dde87eabf7a0d35224737670c0e69afddbc91cfdc1b25b73c,21,0,0.010942879132926464,127,7,0,0,1,0,21,7,0,0,1,0
phase_6_scatter_1,scatter,parallel,3,prep,sherbrooke,233,1f58d6eac272884dde87eabf7a0d35224737670c0e69afddbc91cfdc1b25b73c,21,0,0.012645255774259567,127,7,0,0,1,0,21,7,0,0,1,0
phase_6_scatter_1,scatter,parallel,3,prep,line25,211,1f58d6eac272884dde87eabf7a0d35224737670c0e69afddbc91cfdc1b25b73c,21,0,0.008478190749883652,25,7,0,0,1,0,21,7,0,0,1,0
phase_6_scatter_1,scatter,parallel,3,prep,line25,223,1f58d6eac272884dde87eabf7a0d35224737670c0e69afddbc91cfdc1b25b73c,21,0,0.00823249900713563,25,7,0,0,1,0,21,7,0,0,1,0
phase_6_scatter_1,scatter,parallel,3,prep,line25,227,1f58d6eac272884dde87eabf7a0d35224737670c0e69afddbc91cfdc1b25b73c,21,0,0.008370099123567343,25,7,0,0,1,0,21,7,0,0,1,0
phase_6_scatter_1,scatter,parallel,3,prep,line25,229,1f58d6eac272884dde87eabf7a0d35224737670c0e69afddbc91cfdc1b25b73c,21,0,0.008289416320621967,25,7,0,0,1,0,21,7,0,0,1,0
phase_6_scatter_1,scatter,parallel,3,prep,line25,233,1f58d6eac272884dde87eabf7a0d35224737670c0e69afddbc91cfdc1b25b73c,21,0,0.008347486145794392,25,7,0,0,1,0,21,7,0,0,1,0
phase_6_scatter_1,scatter,parallel,3,prep,grid25,211,1f58d6eac272884dde87eabf7a0d35224737670c0e69afddbc91cfdc1b25b73c,21,0,0.008536791894584894,25,7,0,0,1,0,21,7,0,0,1,0
phase_6_scatter_1,scatter,parallel,3,prep,grid25,223,1f58d6eac272884dde87eabf7a0d35224737670c0e69afddbc91cfdc1b25b73c,21,0,0.008634916041046381,25,7,0,0,1,0,21,7,0,0,1,0
phase_6_scatter_1,scatter,parallel,3,prep,grid25,227,1f58d6eac272884dde87eabf7a0d35224737670c0e69afddbc91cfdc1b25b73c,21,0,0.008378483820706606,25,7,0,0,1,0,21,7,0,0,1,0
phase_6_scatter_1,scatter,parallel,3,prep,grid25,229,1f58d6eac272884dde87eabf7a0d35224737670c0e69afddbc91cfdc1b25b73c,21,0,0.008534115739166737,25,7,0,0,1,0,21,7,0,0,1,0
phase_6_scatter_1,scatter,parallel,3,prep,grid25,233,1f58d6eac272884dde87eabf7a0d35224737670c0e69afddbc91cfdc1b25b73c,21,0,0.008620617911219597,25,7,0,0,1,0,21,7,0,0,1,0
phase_6_scatter_1,scatter,parallel,3,mixer,sherbrooke,211,922059cbf31217b855e5c3eb0fe48d9581d782b6d38be371d553fa22b2d82c00,21,1,0.07446220237761736,127,2605,1526,446,822,197,21,389,285,195,170,92
phase_6_scatter_1,scatter,parallel,3,mixer,sherbrooke,223,922059cbf31217b855e5c3eb0fe48d9581d782b6d38be371d553fa22b2d82c00,21,1,0.0895351767539978,127,2708,1589,430,851,189,21,389,285,195,170,92
phase_6_scatter_1,scatter,parallel,3,mixer,sherbrooke,227,922059cbf31217b855e5c3eb0fe48d9581d782b6d38be371d553fa22b2d82c00,21,1,0.08990568295121193,127,2574,1511,435,842,194,21,389,285,195,170,92
phase_6_scatter_1,scatter,parallel,3,mixer,sherbrooke,229,922059cbf31217b855e5c3eb0fe48d9581d782b6d38be371d553fa22b2d82c00,21,1,0.07287980010733008,127,2735,1599,452,960,221,21,389,285,195,170,92
phase_6_scatter_1,scatter,parallel,3,mixer,sherbrooke,233,922059cbf31217b855e5c3eb0fe48d9581d782b6d38be371d553fa22b2d82c00,21,1,0.07309387298300862,127,2671,1578,431,921,198,21,389,285,195,170,92
phase_6_scatter_1,scatter,parallel,3,mixer,line25,211,922059cbf31217b855e5c3eb0fe48d9581d782b6d38be371d553fa22b2d82c00,21,1,0.054391130805015564,25,651,426,483,354,207,21,389,285,195,170,92
phase_6_scatter_1,scatter,parallel,3,mixer,line25,223,922059cbf31217b855e5c3eb0fe48d9581d782b6d38be371d553fa22b2d82c00,21,1,0.05418720794841647,25,642,422,492,353,225,21,389,285,195,170,92
phase_6_scatter_1,scatter,parallel,3,mixer,line25,227,922059cbf31217b855e5c3eb0fe48d9581d782b6d38be371d553fa22b2d82c00,21,1,0.053905137814581394,25,616,407,508,367,225,21,389,285,195,170,92
phase_6_scatter_1,scatter,parallel,3,mixer,line25,229,922059cbf31217b855e5c3eb0fe48d9581d782b6d38be371d553fa22b2d82c00,21,1,0.05377428187057376,25,616,408,515,372,249,21,389,285,195,170,92
phase_6_scatter_1,scatter,parallel,3,mixer,line25,233,922059cbf31217b855e5c3eb0fe48d9581d782b6d38be371d553fa22b2d82c00,21,1,0.048217957839369774,25,643,422,484,350,213,21,389,285,195,170,92
phase_6_scatter_1,scatter,parallel,3,mixer,grid25,211,922059cbf31217b855e5c3eb0fe48d9581d782b6d38be371d553fa22b2d82c00,21,1,0.0494089238345623,25,557,377,348,331,183,21,389,285,195,170,92
phase_6_scatter_1,scatter,parallel,3,mixer,grid25,223,922059cbf31217b855e5c3eb0fe48d9581d782b6d38be371d553fa22b2d82c00,21,1,0.05351088708266616,25,514,357,358,343,196,21,389,285,195,170,92
phase_6_scatter_1,scatter,parallel,3,mixer,grid25,227,922059cbf31217b855e5c3eb0fe48d9581d782b6d38be371d553fa22b2d82c00,21,1,0.05362603394314647,25,536,362,340,333,183,21,389,285,195,170,92
phase_6_scatter_1,scatter,parallel,3,mixer,grid25,229,922059cbf31217b855e5c3eb0fe48d9581d782b6d38be371d553fa22b2d82c00,21,1,0.051088036969304085,25,499,345,356,289,166,21,389,285,195,170,92
phase_6_scatter_1,scatter,parallel,3,mixer,grid25,233,922059cbf31217b855e5c3eb0fe48d9581d782b6d38be371d553fa22b2d82c00,21,1,0.05398102989420295,25,473,333,369,297,180,21,389,285,195,170,92
phase_6_scatter_1,scatter,parallel,3,phase,sherbrooke,211,30ae13f956716c7f62b65b02ecca71b0dbb64d2eb236f37d2b7cdd284ba258c1,21,1,0.2601630478166044,127,4109,2366,808,2316,592,21,162,162,290,392,255
phase_6_scatter_1,scatter,parallel,3,phase,sherbrooke,223,30ae13f956716c7f62b65b02ecca71b0dbb64d2eb236f37d2b7cdd284ba258c1,21,1,0.2917721960693598,127,4393,2537,841,2446,619,21,162,162,290,392,255
phase_6_scatter_1,scatter,parallel,3,phase,sherbrooke,227,30ae13f956716c7f62b65b02ecca71b0dbb64d2eb236f37d2b7cdd284ba258c1,21,1,0.259932414162904,127,4547,2705,788,2349,566,21,162,162,290,392,255
phase_6_scatter_1,scatter,parallel,3,phase,sherbrooke,229,30ae13f956716c7f62b65b02ecca71b0dbb64d2eb236f37d2b7cdd284ba258c1,21,1,0.2787214289419353,127,4670,2766,836,2632,621,21,162,162,290,392,255
phase_6_scatter_1,scatter,parallel,3,phase,sherbrooke,233,30ae13f956716c7f62b65b02ecca71b0dbb64d2eb236f37d2b7cdd284ba258c1,21,1,0.29244324704632163,127,4148,2422,792,2325,584,21,162,162,290,392,255
phase_6_scatter_1,scatter,parallel,3,phase,line25,211,30ae13f956716c7f62b65b02ecca71b0dbb64d2eb236f37d2b7cdd284ba258c1,21,1,0.07550088176503778,25,389,286,932,853,642,21,162,162,290,392,255
phase_6_scatter_1,scatter,parallel,3,phase,line25,223,30ae13f956716c7f62b65b02ecca71b0dbb64d2eb236f37d2b7cdd284ba258c1,21,1,0.07462663995102048,25,389,286,931,852,649,21,162,162,290,392,255
phase_6_scatter_1,scatter,parallel,3,phase,line25,227,30ae13f956716c7f62b65b02ecca71b0dbb64d2eb236f37d2b7cdd284ba258c1,21,1,0.07437700079753995,25,422,304,927,863,649,21,162,162,290,392,255
phase_6_scatter_1,scatter,parallel,3,phase,line25,229,30ae13f956716c7f62b65b02ecca71b0dbb64d2eb236f37d2b7cdd284ba258c1,21,1,0.07438824325799942,25,400,292,927,852,642,21,162,162,290,392,255
phase_6_scatter_1,scatter,parallel,3,phase,line25,233,30ae13f956716c7f62b65b02ecca71b0dbb64d2eb236f37d2b7cdd284ba258c1,21,1,0.07592150289565325,25,400,292,927,852,642,21,162,162,290,392,255
phase_6_scatter_1,scatter,parallel,3,phase,grid25,211,30ae13f956716c7f62b65b02ecca71b0dbb64d2eb236f37d2b7cdd284ba258c1,21,1,0.0496935392729938,25,239,204,544,559,405,21,162,162,290,392,255
phase_6_scatter_1,scatter,parallel,3,phase,grid25,223,30ae13f956716c7f62b65b02ecca71b0dbb64d2eb236f37d2b7cdd284ba258c1,21,1,0.05049498425796628,25,270,221,560,624,436,21,162,162,290,392,255
phase_6_scatter_1,scatter,parallel,3,phase,grid25,227,30ae13f956716c7f62b65b02ecca71b0dbb64d2eb236f37d2b7cdd284ba258c1,21,1,0.04920340795069933,25,283,228,533,604,406,21,162,162,290,392,255
phase_6_scatter_1,scatter,parallel,3,phase,grid25,229,30ae13f956716c7f62b65b02ecca71b0dbb64d2eb236f37d2b7cdd284ba258c1,21,1,0.049286194145679474,25,268,220,535,577,408,21,162,162,290,392,255
phase_6_scatter_1,scatter,parallel,3,phase,grid25,233,30ae13f956716c7f62b65b02ecca71b0dbb64d2eb236f37d2b7cdd284ba258c1,21,1,0.06170865194872022,25,272,222,540,585,411,21,162,162,290,392,255
phase_6_scatter_1,scatter,complete,3,full,sherbrooke,211,fabc6976674094945129139c376b53d52a576770e493961f58c37be68a67c1ac,24,5,3.802296584006399,127,19468,11810,2969,3400,741,24,3721,2389,1584,587,204
phase_6_scatter_1,scatter,complete,3,full,sherbrooke,223,fabc6976674094945129139c376b53d52a576770e493961f58c37be68a67c1ac,24,5,4.07645452208817,127,20332,12344,3150,3085,655,24,3721,2389,1584,587,204
phase_6_scatter_1,scatter,complete,3,full,sherbrooke,227,fabc6976674094945129139c376b53d52a576770e493961f58c37be68a67c1ac,24,5,4.910588644910604,127,20428,12387,3075,3756,794,24,3721,2389,1584,587,204
phase_6_scatter_1,scatter,complete,3,full,sherbrooke,229,fabc6976674094945129139c376b53d52a576770e493961f58c37be68a67c1ac,24,5,4.49605345306918,127,20147,12204,3049,3151,659,24,3721,2389,1584,587,204
phase_6_scatter_1,scatter,complete,3,full,sherbrooke,233,fabc6976674094945129139c376b53d52a576770e493961f58c37be68a67c1ac,24,5,4.369067247025669,127,20578,12386,3222,3833,835,24,3721,2389,1584,587,204
phase_6_scatter_1,scatter,complete,3,prep,sherbrooke,211,12bfb4d3ffec5e283973e4a88f7869ab18f4463aa46e726ac8e90c8f673c8061,24,0,0.011304748710244894,127,4,0,0,1,0,24,4,0,0,1,0
phase_6_scatter_1,scatter,complete,3,prep,sherbrooke,223,12bfb4d3ffec5e283973e4a88f7869ab18f4463aa46e726ac8e90c8f673c8061,24,0,0.010689574293792248,127,4,0,0,1,0,24,4,0,0,1,0
phase_6_scatter_1,scatter,complete,3,prep,sherbrooke,227,12bfb4d3ffec5e283973e4a88f7869ab18f4463aa46e726ac8e90c8f673c8061,24,0,0.010810832027345896,127,4,0,0,1,0,24,4,0,0,1,0
phase_6_scatter_1,scatter,complete,3,prep,sherbrooke,229,12bfb4d3ffec5e283973e4a88f7869ab18f4463aa46e726ac8e90c8f673c8061,24,0,0.010878208093345165,127,4,0,0,1,0,24,4,0,0,1,0
phase_6_scatter_1,scatter,complete,3,prep,sherbrooke,233,12bfb4d3ffec5e283973e4a88f7869ab18f4463aa46e726ac8e90c8f673c8061,24,0,0.012652310077100992,127,4,0,0,1,0,24,4,0,0,1,0
phase_6_scatter_1,scatter,complete,3,prep,line25,211,12bfb4d3ffec5e283973e4a88f7869ab18f4463aa46e726ac8e90c8f673c8061,24,0,0.008395185228437185,25,4,0,0,1,0,24,4,0,0,1,0
phase_6_scatter_1,scatter,complete,3,prep,line25,223,12bfb4d3ffec5e283973e4a88f7869ab18f4463aa46e726ac8e90c8f673c8061,24,0,0.008296358864754438,25,4,0,0,1,0,24,4,0,0,1,0
phase_6_scatter_1,scatter,complete,3,prep,line25,227,12bfb4d3ffec5e283973e4a88f7869ab18f4463aa46e726ac8e90c8f673c8061,24,0,0.008338649291545153,25,4,0,0,1,0,24,4,0,0,1,0
phase_6_scatter_1,scatter,complete,3,prep,line25,229,12bfb4d3ffec5e283973e4a88f7869ab18f4463aa46e726ac8e90c8f673c8061,24,0,0.008112434763461351,25,4,0,0,1,0,24,4,0,0,1,0
phase_6_scatter_1,scatter,complete,3,prep,line25,233,12bfb4d3ffec5e283973e4a88f7869ab18f4463aa46e726ac8e90c8f673c8061,24,0,0.008284968324005604,25,4,0,0,1,0,24,4,0,0,1,0
phase_6_scatter_1,scatter,complete,3,prep,grid25,211,12bfb4d3ffec5e283973e4a88f7869ab18f4463aa46e726ac8e90c8f673c8061,24,0,0.008717439603060484,25,4,0,0,1,0,24,4,0,0,1,0
phase_6_scatter_1,scatter,complete,3,prep,grid25,223,12bfb4d3ffec5e283973e4a88f7869ab18f4463aa46e726ac8e90c8f673c8061,24,0,0.008679839316755533,25,4,0,0,1,0,24,4,0,0,1,0
phase_6_scatter_1,scatter,complete,3,prep,grid25,227,12bfb4d3ffec5e283973e4a88f7869ab18f4463aa46e726ac8e90c8f673c8061,24,0,0.00867753615602851,25,4,0,0,1,0,24,4,0,0,1,0
phase_6_scatter_1,scatter,complete,3,prep,grid25,229,12bfb4d3ffec5e283973e4a88f7869ab18f4463aa46e726ac8e90c8f673c8061,24,0,0.008619767148047686,25,4,0,0,1,0,24,4,0,0,1,0
phase_6_scatter_1,scatter,complete,3,prep,grid25,233,12bfb4d3ffec5e283973e4a88f7869ab18f4463aa46e726ac8e90c8f673c8061,24,0,0.008645535446703434,25,4,0,0,1,0,24,4,0,0,1,0
phase_6_scatter_1,scatter,complete,3,mixer,sherbrooke,211,29e6f3aaa5d4261fc09882b21a5db5d05fd2ec1fe35be906f42933c9d8981c83,24,1,0.06606493331491947,127,2416,1479,324,659,117,24,1080,636,240,147,36
phase_6_scatter_1,scatter,complete,3,mixer,sherbrooke,223,29e6f3aaa5d4261fc09882b21a5db5d05fd2ec1fe35be906f42933c9d8981c83,24,1,0.06155584519729018,127,2545,1555,328,394,68,24,1080,636,240,147,36
phase_6_scatter_1,scatter,complete,3,mixer,sherbrooke,227,29e6f3aaa5d4261fc09882b21a5db5d05fd2ec1fe35be906f42933c9d8981c83,24,1,0.06833840208128095,127,2464,1514,314,391,67,24,1080,636,240,147,36
phase_6_scatter_1,scatter,complete,3,mixer,sherbrooke,229,29e6f3aaa5d4261fc09882b21a5db5d05fd2ec1fe35be906f42933c9d8981c83,24,1,0.05600462108850479,127,2508,1526,320,416,70,24,1080,636,240,147,36
phase_6_scatter_1,scatter,complete,3,mixer,sherbrooke,233,29e6f3aaa5d4261fc09882b21a5db5d05fd2ec1fe35be906f42933c9d8981c83,24,1,0.06539992382749915,127,2379,1465,311,369,59,24,1080,636,240,147,36
phase_6_scatter_1,scatter,complete,3,mixer,line25,211,29e6f3aaa5d4261fc09882b21a5db5d05fd2ec1fe35be906f42933c9d8981c83,24,1,0.040920695289969444,25,1500,860,300,185,47,24,1080,636,240,147,36
phase_6_scatter_1,scatter,complete,3,mixer,line25,223,29e6f3aaa5d4261fc09882b21a5db5d05fd2ec1fe35be906f42933c9d8981c83,24,1,0.04093507071956992,25,1490,855,306,188,52,24,1080,636,240,147,36
phase_6_scatter_1,scatter,complete,3,mixer,line25,227,29e6f3aaa5d4261fc09882b21a5db5d05fd2ec1fe35be906f42933c9d8981c83,24,1,0.04070582101121545,25,1439,827,324,205,58,24,1080,636,240,147,36
phase_6_scatter_1,scatter,complete,3,mixer,line25,229,29e6f3aaa5d4261fc09882b21a5db5d05fd2ec1fe35be906f42933c9d8981c83,24,1,0.04193760408088565,25,1480,850,312,188,52,24,1080,636,240,147,36
phase_6_scatter_1,scatter,complete,3,mixer,line25,233,29e6f3aaa5d4261fc09882b21a5db5d05fd2ec1fe35be906f42933c9d8981c83,24,1,0.040723373647779226,25,1462,839,318,198,55,24,1080,636,240,147,36
phase_6_scatter_1,scatter,complete,3,mixer,grid25,211,29e6f3aaa5d4261fc09882b21a5db5d05fd2ec1fe35be906f42933c9d8981c83,24,1,0.04145446699112654,25,1259,725,293,207,60,24,1080,636,240,147,36
phase_6_scatter_1,scatter,complete,3,mixer,grid25,223,29e6f3aaa5d4261fc09882b21a5db5d05fd2ec1fe35be906f42933c9d8981c83,24,1,0.04139636782929301,25,1273,733,297,217,63,24,1080,636,240,147,36
phase_6_scatter_1,scatter,complete,3,mixer,grid25,227,29e6f3aaa5d4261fc09882b21a5db5d05fd2ec1fe35be906f42933c9d8981c83,24,1,0.04132376192137599,25,1260,722,297,206,60,24,1080,636,240,147,36
phase_6_scatter_1,scatter,complete,3,mixer,grid25,229,29e6f3aaa5d4261fc09882b21a5db5d05fd2ec1fe35be906f42933c9d8981c83,24,1,0.040704979095607996,25,1244,715,298,229,64,24,1080,636,240,147,36
phase_6_scatter_1,scatter,complete,3,mixer,grid25,233,29e6f3aaa5d4261fc09882b21a5db5d05fd2ec1fe35be906f42933c9d8981c83,24,1,0.0411227741278708,25,1274,733,301,212,63,24,1080,636,240,147,36
phase_6_scatter_1,scatter,complete,3,phase,sherbrooke,211,3eaacdbba65c6578036c791508f62c41f4c1a303c0e3a661d5a8f8e3e500f0dc,24,1,0.48081027902662754,127,5693,3490,868,1070,232,24,240,240,432,106,70
phase_6_scatter_1,scatter,complete,3,phase,sherbrooke,223,3eaacdbba65c6578036c791508f62c41f4c1a303c0e3a661d5a8f8e3e500f0dc,24,1,0.47420628694817424,127,5787,3507,930,1146,272,24,240,240,432,106,70
phase_6_scatter_1,scatter,complete,3,phase,sherbrooke,227,3eaacdbba65c6578036c791508f62c41f4c1a303c0e3a661d5a8f8e3e500f0dc,24,1,0.5415740669704974,127,5771,3501,943,1070,245,24,240,240,432,106,70
phase_6_scatter_1,scatter,complete,3,phase,sherbrooke,229,3eaacdbba65c6578036c791508f62c41f4c1a303c0e3a661d5a8f8e3e500f0dc,24,1,0.5738307312130928,127,5340,3240,794,975,217,24,240,240,432,106,70
phase_6_scatter_1,scatter,complete,3,phase,sherbrooke,233,3eaacdbba65c6578036c791508f62c41f4c1a303c0e3a661d5a8f8e3e500f0dc,24,1,0.47447009291499853,127,5961,3628,943,1240,273,24,240,240,432,106,70
phase_6_scatter_1,scatter,complete,3,phase,line25,211,3eaacdbba65c6578036c791508f62c41f4c1a303c0e3a661d5a8f8e3e500f0dc,24,1,0.10845496691763401,25,2385,1410,810,413,203,24,240,240,432,106,70
phase_6_scatter_1,scatter,complete,3,phase,line25,223,3eaacdbba65c6578036c791508f62c41f4c1a303c0e3a661d5a8f8e3e500f0dc,24,1,0.10978694772347808,25,2440,1440,800,458,223,24,240,240,432,106,70
phase_6_scatter_1,scatter,complete,3,phase,line25,227,3eaacdbba65c6578036c791508f62c41f4c1a303c0e3a661d5a8f8e3e500f0dc,24,1,0.10953468410298228,25,2396,1416,807,432,215,24,240,240,432,106,70
phase_6_scatter_1,scatter,complete,3,phase,line25,229,3eaacdbba65c6578036c791508f62c41f4c1a303c0e3a661d5a8f8e3e500f0dc,24,1,0.1136578768491745,25,2374,1404,812,421,212,24,240,240,432,106,70
phase_6_scatter_1,scatter,complete,3,phase,line25,233,3eaacdbba65c6578036c791508f62c41f4c1a303c0e3a661d5a8f8e3e500f0dc,24,1,0.10684127593412995,25,2418,1428,801,470,242,24,240,240,432,106,70
phase_6_scatter_1,scatter,complete,3,phase,grid25,211,3eaacdbba65c6578036c791508f62c41f4c1a303c0e3a661d5a8f8e3e500f0dc,24,1,0.10908737406134605,25,691,486,783,461,300,24,240,240,432,106,70
phase_6_scatter_1,scatter,complete,3,phase,grid25,223,3eaacdbba65c6578036c791508f62c41f4c1a303c0e3a661d5a8f8e3e500f0dc,24,1,0.11060379212722182,25,790,540,745,398,264,24,240,240,432,106,70
phase_6_scatter_1,scatter,complete,3,phase,grid25,227,3eaacdbba65c6578036c791508f62c41f4c1a303c0e3a661d5a8f8e3e500f0dc,24,1,0.1079309219494462,25,944,624,730,409,264,24,240,240,432,106,70
phase_6_scatter_1,scatter,complete,3,phase,grid25,229,3eaacdbba65c6578036c791508f62c41f4c1a303c0e3a661d5a8f8e3e500f0dc,24,1,0.10811724187806249,25,856,576,749,473,294,24,240,240,432,106,70
phase_6_scatter_1,scatter,complete,3,phase,grid25,233,3eaacdbba65c6578036c791508f62c41f4c1a303c0e3a661d5a8f8e3e500f0dc,24,1,0.10891083301976323,25,867,582,729,352,223,24,240,240,432,106,70
phase_6_scatter_1,scatter,ring,3,full,sherbrooke,211,8dc0e870ee13650a237e428a23610d52b37ae98899b1c9c1cc4659688b686612,24,5,2.9762230990454555,127,15792,9527,2509,2770,618,24,2101,1417,1152,488,184
phase_6_scatter_1,scatter,ring,3,full,sherbrooke,223,8dc0e870ee13650a237e428a23610d52b37ae98899b1c9c1cc4659688b686612,24,5,2.93323817756027,127,16008,9722,2425,2801,581,24,2101,1417,1152,488,184
phase_6_scatter_1,scatter,ring,3,full,sherbrooke,227,8dc0e870ee13650a237e428a23610d52b37ae98899b1c9c1cc4659688b686612,24,5,2.7276950711384416,127,15602,9477,2382,2586,548,24,2101,1417,1152,488,184
phase_6_scatter_1,scatter,ring,3,full,sherbrooke,229,8dc0e870ee13650a237e428a23610d52b37ae98899b1c9c1cc4659688b686612,24,5,2.916449020151049,127,16025,9729,2492,2984,641,24,2101,1417,1152,488,184
phase_6_scatter_1,scatter,ring,3,full,sherbrooke,233,8dc0e870ee13650a237e428a23610d52b37ae98899b1c9c1cc4659688b686612,24,5,3.344454396981746,127,15521,9296,2491,2934,652,24,2101,1417,1152,488,184
phase_6_scatter_1,scatter,ring,3,prep,sherbrooke,211,12bfb4d3ffec5e283973e4a88f7869ab18f4463aa46e726ac8e90c8f673c8061,24,0,0.01568033592775464,127,4,0,0,1,0,24,4,0,0,1,0
phase_6_scatter_1,scatter,ring,3,prep,sherbrooke,223,12bfb4d3ffec5e283973e4a88f7869ab18f4463aa46e726ac8e90c8f673c8061,24,0,0.010738725773990154,127,4,0,0,1,0,24,4,0,0,1,0
phase_6_scatter_1,scatter,ring,3,prep,sherbrooke,227,12bfb4d3ffec5e283973e4a88f7869ab18f4463aa46e726ac8e90c8f673c8061,24,0,0.01084389304742217,127,4,0,0,1,0,24,4,0,0,1,0
phase_6_scatter_1,scatter,ring,3,prep,sherbrooke,229,12bfb4d3ffec5e283973e4a88f7869ab18f4463aa46e726ac8e90c8f673c8061,24,0,0.01101485500112176,127,4,0,0,1,0,24,4,0,0,1,0
phase_6_scatter_1,scatter,ring,3,prep,sherbrooke,233,12bfb4d3ffec5e283973e4a88f7869ab18f4463aa46e726ac8e90c8f673c8061,24,0,0.010834515560418367,127,4,0,0,1,0,24,4,0,0,1,0
phase_6_scatter_1,scatter,ring,3,prep,line25,211,12bfb4d3ffec5e283973e4a88f7869ab18f4463aa46e726ac8e90c8f673c8061,24,0,0.008408540859818459,25,4,0,0,1,0,24,4,0,0,1,0
phase_6_scatter_1,scatter,ring,3,prep,line25,223,12bfb4d3ffec5e283973e4a88f7869ab18f4463aa46e726ac8e90c8f673c8061,24,0,0.008322278037667274,25,4,0,0,1,0,24,4,0,0,1,0
phase_6_scatter_1,scatter,ring,3,prep,line25,227,12bfb4d3ffec5e283973e4a88f7869ab18f4463aa46e726ac8e90c8f673c8061,24,0,0.008312460035085678,25,4,0,0,1,0,24,4,0,0,1,0
phase_6_scatter_1,scatter,ring,3,prep,line25,229,12bfb4d3ffec5e283973e4a88f7869ab18f4463aa46e726ac8e90c8f673c8061,24,0,0.00828263396397233,25,4,0,0,1,0,24,4,0,0,1,0
phase_6_scatter_1,scatter,ring,3,prep,line25,233,12bfb4d3ffec5e283973e4a88f7869ab18f4463aa46e726ac8e90c8f673c8061,24,0,0.008375588804483414,25,4,0,0,1,0,24,4,0,0,1,0
phase_6_scatter_1,scatter,ring,3,prep,grid25,211,12bfb4d3ffec5e283973e4a88f7869ab18f4463aa46e726ac8e90c8f673c8061,24,0,0.008752766996622086,25,4,0,0,1,0,24,4,0,0,1,0
phase_6_scatter_1,scatter,ring,3,prep,grid25,223,12bfb4d3ffec5e283973e4a88f7869ab18f4463aa46e726ac8e90c8f673c8061,24,0,0.00857821898534894,25,4,0,0,1,0,24,4,0,0,1,0
phase_6_scatter_1,scatter,ring,3,prep,grid25,227,12bfb4d3ffec5e283973e4a88f7869ab18f4463aa46e726ac8e90c8f673c8061,24,0,0.008752376306802034,25,4,0,0,1,0,24,4,0,0,1,0
phase_6_scatter_1,scatter,ring,3,prep,grid25,229,12bfb4d3ffec5e283973e4a88f7869ab18f4463aa46e726ac8e90c8f673c8061,24,0,0.008610891178250313,25,4,0,0,1,0,24,4,0,0,1,0
phase_6_scatter_1,scatter,ring,3,prep,grid25,233,12bfb4d3ffec5e283973e4a88f7869ab18f4463aa46e726ac8e90c8f673c8061,24,0,0.008659081067889929,25,4,0,0,1,0,24,4,0,0,1,0
phase_6_scatter_1,scatter,ring,3,mixer,sherbrooke,211,25b45044ced3e303101850493664090c765b1ab6cc90cb30e6aff0c414dcfb5a,24,1,0.041529478039592505,127,1126,681,146,186,34,24,540,312,96,106,24
phase_6_scatter_1,scatter,ring,3,mixer,sherbrooke,223,25b45044ced3e303101850493664090c765b1ab6cc90cb30e6aff0c414dcfb5a,24,1,0.032668909057974815,127,1180,717,151,209,42,24,540,312,96,106,24
phase_6_scatter_1,scatter,ring,3,mixer,sherbrooke,227,25b45044ced3e303101850493664090c765b1ab6cc90cb30e6aff0c414dcfb5a,24,1,0.03330127615481615,127,1110,678,151,250,46,24,540,312,96,106,24
phase_6_scatter_1,scatter,ring,3,mixer,sherbrooke,229,25b45044ced3e303101850493664090c765b1ab6cc90cb30e6aff0c414dcfb5a,24,1,0.029480631928890944,127,1104,676,143,186,36,24,540,312,96,106,24
phase_6_scatter_1,scatter,ring,3,mixer,sherbrooke,233,25b45044ced3e303101850493664090c765b1ab6cc90cb30e6aff0c414dcfb5a,24,1,0.03754467470571399,127,1076,652,151,199,39,24,540,312,96,106,24
phase_6_scatter_1,scatter,ring,3,mixer,line25,211,25b45044ced3e303101850493664090c765b1ab6cc90cb30e6aff0c414dcfb5a,24,1,0.0236535188741982,25,578,334,149,120,34,24,540,312,96,106,24
phase_6_scatter_1,scatter,ring,3,mixer,line25,223,25b45044ced3e303101850493664090c765b1ab6cc90cb30e6aff0c414dcfb5a,24,1,0.02385884430259466,25,596,348,144,121,34,24,540,312,96,106,24
phase_6_scatter_1,scatter,ring,3,mixer,line25,227,25b45044ced3e303101850493664090c765b1ab6cc90cb30e6aff0c414dcfb5a,24,1,0.02291969070211053,25,599,349,147,122,34,24,540,312,96,106,24
phase_6_scatter_1,scatter,ring,3,mixer,line25,229,25b45044ced3e303101850493664090c765b1ab6cc90cb30e6aff0c414dcfb5a,24,1,0.025726962368935347,25,604,352,149,122,32,24,540,312,96,106,24
phase_6_scatter_1,scatter,ring,3,mixer,line25,233,25b45044ced3e303101850493664090c765b1ab6cc90cb30e6aff0c414dcfb5a,24,1,0.02314748801290989,25,600,351,146,121,32,24,540,312,96,106,24
phase_6_scatter_1,scatter,ring,3,mixer,grid25,211,25b45044ced3e303101850493664090c765b1ab6cc90cb30e6aff0c414dcfb5a,24,1,0.01937239896506071,25,551,318,102,113,27,24,540,312,96,106,24
phase_6_scatter_1,scatter,ring,3,mixer,grid25,223,25b45044ced3e303101850493664090c765b1ab6cc90cb30e6aff0c414dcfb5a,24,1,0.018490353133529425,25,540,312,96,106,24,24,540,312,96,106,24
phase_6_scatter_1,scatter,ring,3,mixer,grid25,227,25b45044ced3e303101850493664090c765b1ab6cc90cb30e6aff0c414dcfb5a,24,1,0.018738719169050455,25,540,312,102,110,27,24,540,312,96,106,24
phase_6_scatter_1,scatter,ring,3,mixer,grid25,229,25b45044ced3e303101850493664090c765b1ab6cc90cb30e6aff0c414dcfb5a,24,1,0.01860716287046671,25,568,328,106,127,31,24,540,312,96,106,24
phase_6_scatter_1,scatter,ring,3,mixer,grid25,233,25b45044ced3e303101850493664090c765b1ab6cc90cb30e6aff0c414dcfb5a,24,1,0.019062798004597425,25,548,316,100,114,28,24,540,312,96,106,24
phase_6_scatter_1,scatter,ring,3,phase,sherbrooke,211,3eaacdbba65c6578036c791508f62c41f4c1a303c0e3a661d5a8f8e3e500f0dc,24,1,0.4775083679705858,127,5693,3490,868,1070,232,24,240,240,432,106,70
phase_6_scatter_1,scatter,ring,3,phase,sherbrooke,223,3eaacdbba65c6578036c791508f62c41f4c1a303c0e3a661d5a8f8e3e500f0dc,24,1,0.4763696901500225,127,5787,3507,930,1146,272,24,240,240,432,106,70
phase_6_scatter_1,scatter,ring,3,phase,sherbrooke,227,3eaacdbba65c6578036c791508f62c41f4c1a303c0e3a661d5a8f8e3e500f0dc,24,1,0.5395754440687597,127,5771,3501,943,1070,245,24,240,240,432,106,70
phase_6_scatter_1,scatter,ring,3,phase,sherbrooke,229,3eaacdbba65c6578036c791508f62c41f4c1a303c0e3a661d5a8f8e3e500f0dc,24,1,0.5736883440986276,127,5340,3240,794,975,217,24,240,240,432,106,70
phase_6_scatter_1,scatter,ring,3,phase,sherbrooke,233,3eaacdbba65c6578036c791508f62c41f4c1a303c0e3a661d5a8f8e3e500f0dc,24,1,0.47521420009434223,127,5961,3628,943,1240,273,24,240,240,432,106,70
phase_6_scatter_1,scatter,ring,3,phase,line25,211,3eaacdbba65c6578036c791508f62c41f4c1a303c0e3a661d5a8f8e3e500f0dc,24,1,0.10957315564155579,25,2385,1410,810,413,203,24,240,240,432,106,70
phase_6_scatter_1,scatter,ring,3,phase,line25,223,3eaacdbba65c6578036c791508f62c41f4c1a303c0e3a661d5a8f8e3e500f0dc,24,1,0.11048759333789349,25,2440,1440,800,458,223,24,240,240,432,106,70
phase_6_scatter_1,scatter,ring,3,phase,line25,227,3eaacdbba65c6578036c791508f62c41f4c1a303c0e3a661d5a8f8e3e500f0dc,24,1,0.11056896578520536,25,2396,1416,807,432,215,24,240,240,432,106,70
phase_6_scatter_1,scatter,ring,3,phase,line25,229,3eaacdbba65c6578036c791508f62c41f4c1a303c0e3a661d5a8f8e3e500f0dc,24,1,0.10884326603263617,25,2374,1404,812,421,212,24,240,240,432,106,70
phase_6_scatter_1,scatter,ring,3,phase,line25,233,3eaacdbba65c6578036c791508f62c41f4c1a303c0e3a661d5a8f8e3e500f0dc,24,1,0.10723997419700027,25,2418,1428,801,470,242,24,240,240,432,106,70
phase_6_scatter_1,scatter,ring,3,phase,grid25,211,3eaacdbba65c6578036c791508f62c41f4c1a303c0e3a661d5a8f8e3e500f0dc,24,1,0.10999283473938704,25,691,486,783,461,300,24,240,240,432,106,70
phase_6_scatter_1,scatter,ring,3,phase,grid25,223,3eaacdbba65c6578036c791508f62c41f4c1a303c0e3a661d5a8f8e3e500f0dc,24,1,0.11047992901876569,25,790,540,745,398,264,24,240,240,432,106,70
phase_6_scatter_1,scatter,ring,3,phase,grid25,227,3eaacdbba65c6578036c791508f62c41f4c1a303c0e3a661d5a8f8e3e500f0dc,24,1,0.10856519406661391,25,944,624,730,409,264,24,240,240,432,106,70
phase_6_scatter_1,scatter,ring,3,phase,grid25,229,3eaacdbba65c6578036c791508f62c41f4c1a303c0e3a661d5a8f8e3e500f0dc,24,1,0.10940197482705116,25,856,576,749,473,294,24,240,240,432,106,70
phase_6_scatter_1,scatter,ring,3,phase,grid25,233,3eaacdbba65c6578036c791508f62c41f4c1a303c0e3a661d5a8f8e3e500f0dc,24,1,0.10881211794912815,25,867,582,729,352,223,24,240,240,432,106,70
phase_6_scatter_2,scatter,serial,3,full,sherbrooke,211,905f42274874c63fe1b1d51b2cb7f93be51a6f6a17dda3d1b97c5b764297db0d,19,5,3.632884099148214,127,17426,10198,3110,8765,2126,19,1417,1115,1053,1280,760
phase_6_scatter_2,scatter,serial,3,full,sherbrooke,223,905f42274874c63fe1b1d51b2cb7f93be51a6f6a17dda3d1b97c5b764297db0d,19,5,3.6513370308093727,127,17708,10353,3154,8681,2074,19,1417,1115,1053,1280,760
phase_6_scatter_2,scatter,serial,3,full,sherbrooke,227,905f42274874c63fe1b1d51b2cb7f93be51a6f6a17dda3d1b97c5b764297db0d,19,5,3.424317392986268,127,18476,10992,3072,8850,1987,19,1417,1115,1053,1280,760
phase_6_scatter_2,scatter,serial,3,full,sherbrooke,229,905f42274874c63fe1b1d51b2cb7f93be51a6f6a17dda3d1b97c5b764297db0d,19,5,3.408554723020643,127,17237,10113,3079,8385,1997,19,1417,1115,1053,1280,760
phase_6_scatter_2,scatter,serial,3,full,sherbrooke,233,905f42274874c63fe1b1d51b2cb7f93be51a6f6a17dda3d1b97c5b764297db0d,19,5,3.455340140964836,127,16833,9883,2971,8385,1972,19,1417,1115,1053,1280,760
phase_6_scatter_2,scatter,serial,3,prep,sherbrooke,211,0abcbf7c27981e437b863c4c778786f1820aa62d796301176f84954f4aea0c15,19,0,0.0105311069637537,127,7,0,0,1,0,19,7,0,0,1,0
phase_6_scatter_2,scatter,serial,3,prep,sherbrooke,223,0abcbf7c27981e437b863c4c778786f1820aa62d796301176f84954f4aea0c15,19,0,0.010797176044434309,127,7,0,0,1,0,19,7,0,0,1,0
phase_6_scatter_2,scatter,serial,3,prep,sherbrooke,227,0abcbf7c27981e437b863c4c778786f1820aa62d796301176f84954f4aea0c15,19,0,0.01084608817473054,127,7,0,0,1,0,19,7,0,0,1,0
phase_6_scatter_2,scatter,serial,3,prep,sherbrooke,229,0abcbf7c27981e437b863c4c778786f1820aa62d796301176f84954f4aea0c15,19,0,0.01496479194611311,127,7,0,0,1,0,19,7,0,0,1,0
phase_6_scatter_2,scatter,serial,3,prep,sherbrooke,233,0abcbf7c27981e437b863c4c778786f1820aa62d796301176f84954f4aea0c15,19,0,0.010877897031605244,127,7,0,0,1,0,19,7,0,0,1,0
phase_6_scatter_2,scatter,serial,3,prep,line25,211,0abcbf7c27981e437b863c4c778786f1820aa62d796301176f84954f4aea0c15,19,0,0.008937503676861525,25,7,0,0,1,0,19,7,0,0,1,0
phase_6_scatter_2,scatter,serial,3,prep,line25,223,0abcbf7c27981e437b863c4c778786f1820aa62d796301176f84954f4aea0c15,19,0,0.008340162225067616,25,7,0,0,1,0,19,7,0,0,1,0
phase_6_scatter_2,scatter,serial,3,prep,line25,227,0abcbf7c27981e437b863c4c778786f1820aa62d796301176f84954f4aea0c15,19,0,0.008394423872232437,25,7,0,0,1,0,19,7,0,0,1,0
phase_6_scatter_2,scatter,serial,3,prep,line25,229,0abcbf7c27981e437b863c4c778786f1820aa62d796301176f84954f4aea0c15,19,0,0.00836973823606968,25,7,0,0,1,0,19,7,0,0,1,0
phase_6_scatter_2,scatter,serial,3,prep,line25,233,0abcbf7c27981e437b863c4c778786f1820aa62d796301176f84954f4aea0c15,19,0,0.008363746106624603,25,7,0,0,1,0,19,7,0,0,1,0
phase_6_scatter_2,scatter,serial,3,prep,grid25,211,0abcbf7c27981e437b863c4c778786f1820aa62d796301176f84954f4aea0c15,19,0,0.008578379172831774,25,7,0,0,1,0,19,7,0,0,1,0
phase_6_scatter_2,scatter,serial,3,prep,grid25,223,0abcbf7c27981e437b863c4c778786f1820aa62d796301176f84954f4aea0c15,19,0,0.008595450781285763,25,7,0,0,1,0,19,7,0,0,1,0
phase_6_scatter_2,scatter,serial,3,prep,grid25,227,0abcbf7c27981e437b863c4c778786f1820aa62d796301176f84954f4aea0c15,19,0,0.008574933279305696,25,7,0,0,1,0,19,7,0,0,1,0
phase_6_scatter_2,scatter,serial,3,prep,grid25,229,0abcbf7c27981e437b863c4c778786f1820aa62d796301176f84954f4aea0c15,19,0,0.008555505890399218,25,7,0,0,1,0,19,7,0,0,1,0
phase_6_scatter_2,scatter,serial,3,prep,grid25,233,0abcbf7c27981e437b863c4c778786f1820aa62d796301176f84954f4aea0c15,19,0,0.008746734820306301,25,7,0,0,1,0,19,7,0,0,1,0
phase_6_scatter_2,scatter,serial,3,mixer,sherbrooke,211,db312e3c1038947720c38f1cb6c11a55240ab4ce206ba5284e62f0469694635b,19,1,0.08342761779204011,127,2870,1686,479,1626,378,19,384,282,195,276,152
phase_6_scatter_2,scatter,serial,3,mixer,sherbrooke,223,db312e3c1038947720c38f1cb6c11a55240ab4ce206ba5284e62f0469694635b,19,1,0.0801420477218926,127,2659,1558,442,1465,332,19,384,282,195,276,152
phase_6_scatter_2,scatter,serial,3,mixer,sherbrooke,227,db312e3c1038947720c38f1cb6c11a55240ab4ce206ba5284e62f0469694635b,19,1,0.07005328172817826,127,2763,1620,453,1509,343,19,384,282,195,276,152
phase_6_scatter_2,scatter,serial,3,mixer,sherbrooke,229,db312e3c1038947720c38f1cb6c11a55240ab4ce206ba5284e62f0469694635b,19,1,0.06797896698117256,127,2580,1505,439,1475,348,19,384,282,195,276,152
phase_6_scatter_2,scatter,serial,3,mixer,sherbrooke,233,db312e3c1038947720c38f1cb6c11a55240ab4ce206ba5284e62f0469694635b,19,1,0.0978653309866786,127,2841,1666,484,1458,345,19,384,282,195,276,152
phase_6_scatter_2,scatter,serial,3,mixer,line25,211,db312e3c1038947720c38f1cb6c11a55240ab4ce206ba5284e62f0469694635b,19,1,0.05086369626224041,25,725,463,523,654,402,19,384,282,195,276,152
phase_6_scatter_2,scatter,serial,3,mixer,line25,223,db312e3c1038947720c38f1cb6c11a55240ab4ce206ba5284e62f0469694635b,19,1,0.050325035117566586,25,762,482,494,625,365,19,384,282,195,276,152
phase_6_scatter_2,scatter,serial,3,mixer,line25,227,db312e3c1038947720c38f1cb6c11a55240ab4ce206ba5284e62f0469694635b,19,1,0.04985572397708893,25,695,449,573,678,446,19,384,282,195,276,152
phase_6_scatter_2,scatter,serial,3,mixer,line25,229,db312e3c1038947720c38f1cb6c11a55240ab4ce206ba5284e62f0469694635b,19,1,0.04815785540267825,25,680,441,511,625,389,19,384,282,195,276,152
phase_6_scatter_2,scatter,serial,3,mixer,line25,233,db312e3c1038947720c38f1cb6c11a55240ab4ce206ba5284e62f0469694635b,19,1,0.04853861127048731,25,746,474,495,622,367,19,384,282,195,276,152
phase_6_scatter_2,scatter,serial,3,mixer,grid25,211,db312e3c1038947720c38f1cb6c11a55240ab4ce206ba5284e62f0469694635b,19,1,0.04614501493051648,25,492,337,374,460,289,19,384,282,195,276,152
phase_6_scatter_2,scatter,serial,3,mixer,grid25,223,db312e3c1038947720c38f1cb6c11a55240ab4ce206ba5284e62f0469694635b,19,1,0.046732878778129816,25,508,347,371,472,294,19,384,282,195,276,152
phase_6_scatter_2,scatter,serial,3,mixer,grid25,227,db312e3c1038947720c38f1cb6c11a55240ab4ce206ba5284e62f0469694635b,19,1,0.04231003299355507,25,526,355,351,482,280,19,384,282,195,276,152
phase_6_scatter_2,scatter,serial,3,mixer,grid25,229,db312e3c1038947720c38f1cb6c11a55240ab4ce206ba5284e62f0469694635b,19,1,0.045811810065060854,25,567,374,359,464,268,19,384,282,195,276,152
phase_6_scatter_2,scatter,serial,3,mixer,grid25,233,db312e3c1038947720c38f1cb6c11a55240ab4ce206ba5284e62f0469694635b,19,1,0.04294591676443815,25,471,332,399,458,276,19,384,282,195,276,152
phase_6_scatter_2,scatter,serial,3,phase,sherbrooke,211,fb09942ff22805667f1716683bae4e1aa87d24939ab58621eb41a771ea1e0ca1,19,1,0.16904490813612938,127,3060,1798,560,1846,453,19,135,135,234,311,200
phase_6_scatter_2,scatter,serial,3,phase,sherbrooke,223,fb09942ff22805667f1716683bae4e1aa87d24939ab58621eb41a771ea1e0ca1,19,1,0.17329795379191637,127,3366,2012,584,1957,459,19,135,135,234,311,200
phase_6_scatter_2,scatter,serial,3,phase,sherbrooke,227,fb09942ff22805667f1716683bae4e1aa87d24939ab58621eb41a771ea1e0ca1,19,1,0.18476224411278963,127,3758,2262,621,2123,477,19,135,135,234,311,200
phase_6_scatter_2,scatter,serial,3,phase,sherbrooke,229,fb09942ff22805667f1716683bae4e1aa87d24939ab58621eb41a771ea1e0ca1,19,1,0.16687579406425357,127,3119,1847,555,1824,448,19,135,135,234,311,200
phase_6_scatter_2,scatter,serial,3,phase,sherbrooke,233,fb09942ff22805667f1716683bae4e1aa87d24939ab58621eb41a771ea1e0ca1,19,1,0.1889374633319676,127,3475,2047,644,1961,485,19,135,135,234,311,200
phase_6_scatter_2,scatter,serial,3,phase,line25,211,fb09942ff22805667f1716683bae4e1aa87d24939ab58621eb41a771ea1e0ca1,19,1,0.06223564175888896,25,419,290,714,699,512,19,135,135,234,311,200
phase_6_scatter_2,scatter,serial,3,phase,line25,223,fb09942ff22805667f1716683bae4e1aa87d24939ab58621eb41a771ea1e0ca1,19,1,0.061706176958978176,25,377,267,718,703,526,19,135,135,234,311,200
phase_6_scatter_2,scatter,serial,3,phase,line25,227,fb09942ff22805667f1716683bae4e1aa87d24939ab58621eb41a771ea1e0ca1,19,1,0.061443955171853304,25,408,284,714,722,533,19,135,135,234,311,200
phase_6_scatter_2,scatter,serial,3,phase,line25,229,fb09942ff22805667f1716683bae4e1aa87d24939ab58621eb41a771ea1e0ca1,19,1,0.06150123197585344,25,430,296,708,700,511,19,135,135,234,311,200
phase_6_scatter_2,scatter,serial,3,phase,line25,233,fb09942ff22805667f1716683bae4e1aa87d24939ab58621eb41a771ea1e0ca1,19,1,0.06168454606086016,25,408,284,714,716,526,19,135,135,234,311,200
phase_6_scatter_2,scatter,serial,3,phase,grid25,211,fb09942ff22805667f1716683bae4e1aa87d24939ab58621eb41a771ea1e0ca1,19,1,0.041180883068591356,25,273,210,419,511,331,19,135,135,234,311,200
phase_6_scatter_2,scatter,serial,3,phase,grid25,223,fb09942ff22805667f1716683bae4e1aa87d24939ab58621eb41a771ea1e0ca1,19,1,0.040723323822021484,25,212,177,439,481,348,19,135,135,234,311,200
phase_6_scatter_2,scatter,serial,3,phase,grid25,227,fb09942ff22805667f1716683bae4e1aa87d24939ab58621eb41a771ea1e0ca1,19,1,0.04219162091612816,25,234,189,423,462,318,19,135,135,234,311,200
phase_6_scatter_2,scatter,serial,3,phase,grid25,229,fb09942ff22805667f1716683bae4e1aa87d24939ab58621eb41a771ea1e0ca1,19,1,0.0504120378755033,25,221,182,417,471,331,19,135,135,234,311,200
phase_6_scatter_2,scatter,serial,3,phase,grid25,233,fb09942ff22805667f1716683bae4e1aa87d24939ab58621eb41a771ea1e0ca1,19,1,0.05152133200317621,25,256,201,430,485,340,19,135,135,234,311,200
phase_6_scatter_2,scatter,parallel,3,full,sherbrooke,211,52315a29972671af28d746266cf41aea46956b2df67a7f3f4fd6d7608ce3ae1a,21,5,3.6707937992177904,127,16930,9857,3114,6550,1627,21,1422,1118,1053,960,578
phase_6_scatter_2,scatter,parallel,3,full,sherbrooke,223,52315a29972671af28d746266cf41aea46956b2df67a7f3f4fd6d7608ce3ae1a,21,5,3.509903986006975,127,17740,10467,3058,6751,1563,21,1422,1118,1053,960,578
phase_6_scatter_2,scatter,parallel,3,full,sherbrooke,227,52315a29972671af28d746266cf41aea46956b2df67a7f3f4fd6d7608ce3ae1a,21,5,3.398024918977171,127,16920,9907,2996,6817,1606,21,1422,1118,1053,960,578
phase_6_scatter_2,scatter,parallel,3,full,sherbrooke,229,52315a29972671af28d746266cf41aea46956b2df67a7f3f4fd6d7608ce3ae1a,21,5,3.459952683188021,127,17186,10063,3066,6918,1643,21,1422,1118,1053,960,578
phase_6_scatter_2,scatter,parallel,3,full,sherbrooke,233,52315a29972671af28d746266cf41aea46956b2df67a7f3f4fd6d7608ce3ae1a,21,5,3.629250915721059,127,17222,10132,3017,6809,1602,21,1422,1118,1053,960,578
phase_6_scatter_2,scatter,parallel,3,prep,sherbrooke,211,1f58d6eac272884dde87eabf7a0d35224737670c0e69afddbc91cfdc1b25b73c,21,0,0.010860784910619259,127,7,0,0,1,0,21,7,0,0,1,0
phase_6_scatter_2,scatter,parallel,3,prep,sherbrooke,223,1f58d6eac272884dde87eabf7a0d35224737670c0e69afddbc91cfdc1b25b73c,21,0,0.01077438285574317,127,7,0,0,1,0,21,7,0,0,1,0
phase_6_scatter_2,scatter,parallel,3,prep,sherbrooke,227,1f58d6eac272884dde87eabf7a0d35224737670c0e69afddbc91cfdc1b25b73c,21,0,0.014751842245459557,127,7,0,0,1,0,21,7,0,0,1,0
phase_6_scatter_2,scatter,parallel,3,prep,sherbrooke,229,1f58d6eac272884dde87eabf7a0d35224737670c0e69afddbc91cfdc1b25b73c,21,0,0.010897424072027206,127,7,0,0,1,0,21,7,0,0,1,0
phase_6_scatter_2,scatter,parallel,3,prep,sherbrooke,233,1f58d6eac272884dde87eabf7a0d35224737670c0e69afddbc91cfdc1b25b73c,21,0,0.010876014363020658,127,7,0,0,1,0,21,7,0,0,1,0
phase_6_scatter_2,scatter,parallel,3,prep,line25,211,1f58d6eac272884dde87eabf7a0d35224737670c0e69afddbc91cfdc1b25b73c,21,0,0.008397589903324842,25,7,0,0,1,0,21,7,0,0,1,0
phase_6_scatter_2,scatter,parallel,3,prep,line25,223,1f58d6eac272884dde87eabf7a0d35224737670c0e69afddbc91cfdc1b25b73c,21,0,0.008429118897765875,25,7,0,0,1,0,21,7,0,0,1,0
phase_6_scatter_2,scatter,parallel,3,prep,line25,227,1f58d6eac272884dde87eabf7a0d35224737670c0e69afddbc91cfdc1b25b73c,21,0,0.008302981965243816,25,7,0,0,1,0,21,7,0,0,1,0
phase_6_scatter_2,scatter,parallel,3,prep,line25,229,1f58d6eac272884dde87eabf7a0d35224737670c0e69afddbc91cfdc1b25b73c,21,0,0.008256413973867893,25,7,0,0,1,0,21,7,0,0,1,0
phase_6_scatter_2,scatter,parallel,3,prep,line25,233,1f58d6eac272884dde87eabf7a0d35224737670c0e69afddbc91cfdc1b25b73c,21,0,0.008324321825057268,25,7,0,0,1,0,21,7,0,0,1,0
phase_6_scatter_2,scatter,parallel,3,prep,grid25,211,1f58d6eac272884dde87eabf7a0d35224737670c0e69afddbc91cfdc1b25b73c,21,0,0.008703384082764387,25,7,0,0,1,0,21,7,0,0,1,0
phase_6_scatter_2,scatter,parallel,3,prep,grid25,223,1f58d6eac272884dde87eabf7a0d35224737670c0e69afddbc91cfdc1b25b73c,21,0,0.008550587110221386,25,7,0,0,1,0,21,7,0,0,1,0
phase_6_scatter_2,scatter,parallel,3,prep,grid25,227,1f58d6eac272884dde87eabf7a0d35224737670c0e69afddbc91cfdc1b25b73c,21,0,0.008550557307898998,25,7,0,0,1,0,21,7,0,0,1,0
phase_6_scatter_2,scatter,parallel,3,prep,grid25,229,1f58d6eac272884dde87eabf7a0d35224737670c0e69afddbc91cfdc1b25b73c,21,0,0.008620298001915216,25,7,0,0,1,0,21,7,0,0,1,0
phase_6_scatter_2,scatter,parallel,3,prep,grid25,233,1f58d6eac272884dde87eabf7a0d35224737670c0e69afddbc91cfdc1b25b73c,21,0,0.00876294495537877,25,7,0,0,1,0,21,7,0,0,1,0
phase_6_scatter_2,scatter,parallel,3,mixer,sherbrooke,211,922059cbf31217b855e5c3eb0fe48d9581d782b6d38be371d553fa22b2d82c00,21,1,0.07223120331764221,127,2605,1526,446,822,197,21,389,285,195,170,92
phase_6_scatter_2,scatter,parallel,3,mixer,sherbrooke,223,922059cbf31217b855e5c3eb0fe48d9581d782b6d38be371d553fa22b2d82c00,21,1,0.09022381016984582,127,2708,1589,430,851,189,21,389,285,195,170,92
phase_6_scatter_2,scatter,parallel,3,mixer,sherbrooke,227,922059cbf31217b855e5c3eb0fe48d9581d782b6d38be371d553fa22b2d82c00,21,1,0.09004112705588341,127,2574,1511,435,842,194,21,389,285,195,170,92
phase_6_scatter_2,scatter,parallel,3,mixer,sherbrooke,229,922059cbf31217b855e5c3eb0fe48d9581d782b6d38be371d553fa22b2d82c00,21,1,0.07276528514921665,127,2735,1599,452,960,221,21,389,285,195,170,92
phase_6_scatter_2,scatter,parallel,3,mixer,sherbrooke,233,922059cbf31217b855e5c3eb0fe48d9581d782b6d38be371d553fa22b2d82c00,21,1,0.07671678625047207,127,2671,1578,431,921,198,21,389,285,195,170,92
phase_6_scatter_2,scatter,parallel,3,mixer,line25,211,922059cbf31217b855e5c3eb0fe48d9581d782b6d38be371d553fa22b2d82c00,21,1,0.05510345799848437,25,651,426,483,354,207,21,389,285,195,170,92
phase_6_scatter_2,scatter,parallel,3,mixer,line25,223,922059cbf31217b855e5c3eb0fe48d9581d782b6d38be371d553fa22b2d82c00,21,1,0.055144404992461205,25,642,422,492,353,225,21,389,285,195,170,92
phase_6_scatter_2,scatter,parallel,3,mixer,line25,227,922059cbf31217b855e5c3eb0fe48d9581d782b6d38be371d553fa22b2d82c00,21,1,0.05411156499758363,25,616,407,508,367,225,21,389,285,195,170,92
phase_6_scatter_2,scatter,parallel,3,mixer,line25,229,922059cbf31217b855e5c3eb0fe48d9581d782b6d38be371d553fa22b2d82c00,21,1,0.053756278939545155,25,616,408,515,372,249,21,389,285,195,170,92
phase_6_scatter_2,scatter,parallel,3,mixer,line25,233,922059cbf31217b855e5c3eb0fe48d9581d782b6d38be371d553fa22b2d82c00,21,1,0.04889531992375851,25,643,422,484,350,213,21,389,285,195,170,92
phase_6_scatter_2,scatter,parallel,3,mixer,grid25,211,922059cbf31217b855e5c3eb0fe48d9581d782b6d38be371d553fa22b2d82c00,21,1,0.0504795559681952,25,557,377,348,331,183,21,389,285,195,170,92
phase_6_scatter_2,scatter,parallel,3,mixer,grid25,223,922059cbf31217b855e5c3eb0fe48d9581d782b6d38be371d553fa22b2d82c00,21,1,0.053376664873212576,25,514,357,358,343,196,21,389,285,195,170,92
phase_6_scatter_2,scatter,parallel,3,mixer,grid25,227,922059cbf31217b855e5c3eb0fe48d9581d782b6d38be371d553fa22b2d82c00,21,1,0.052938101813197136,25,536,362,340,333,183,21,389,285,195,170,92
phase_6_scatter_2,scatter,parallel,3,mixer,grid25,229,922059cbf31217b855e5c3eb0fe48d9581d782b6d38be371d553fa22b2d82c00,21,1,0.04955568024888635,25,499,345,356,289,166,21,389,285,195,170,92
phase_6_scatter_2,scatter,parallel,3,mixer,grid25,233,922059cbf31217b855e5c3eb0fe48d9581d782b6d38be371d553fa22b2d82c00,21,1,0.0541234677657485,25,473,333,369,297,180,21,389,285,195,170,92
phase_6_scatter_2,scatter,parallel,3,phase,sherbrooke,211,90c22311e03400644d82ee4a9eb9a6537936ec73d05e5d2ba487cf1f94523314,21,1,0.1701070130802691,127,3060,1798,560,1846,453,21,135,135,234,311,200
phase_6_scatter_2,scatter,parallel,3,phase,sherbrooke,223,90c22311e03400644d82ee4a9eb9a6537936ec73d05e5d2ba487cf1f94523314,21,1,0.1744763469323516,127,3366,2012,584,1957,459,21,135,135,234,311,200
phase_6_scatter_2,scatter,parallel,3,phase,sherbrooke,227,90c22311e03400644d82ee4a9eb9a6537936ec73d05e5d2ba487cf1f94523314,21,1,0.1819038661196828,127,3758,2262,621,2123,477,21,135,135,234,311,200
phase_6_scatter_2,scatter,parallel,3,phase,sherbrooke,229,90c22311e03400644d82ee4a9eb9a6537936ec73d05e5d2ba487cf1f94523314,21,1,0.16773631097748876,127,3119,1847,555,1824,448,21,135,135,234,311,200
phase_6_scatter_2,scatter,parallel,3,phase,sherbrooke,233,90c22311e03400644d82ee4a9eb9a6537936ec73d05e5d2ba487cf1f94523314,21,1,0.18797025689855218,127,3475,2047,644,1961,485,21,135,135,234,311,200
phase_6_scatter_2,scatter,parallel,3,phase,line25,211,90c22311e03400644d82ee4a9eb9a6537936ec73d05e5d2ba487cf1f94523314,21,1,0.06227783998474479,25,419,290,714,699,512,21,135,135,234,311,200
phase_6_scatter_2,scatter,parallel,3,phase,line25,223,90c22311e03400644d82ee4a9eb9a6537936ec73d05e5d2ba487cf1f94523314,21,1,0.061592554207891226,25,377,267,718,703,526,21,135,135,234,311,200
phase_6_scatter_2,scatter,parallel,3,phase,line25,227,90c22311e03400644d82ee4a9eb9a6537936ec73d05e5d2ba487cf1f94523314,21,1,0.06092130392789841,25,408,284,714,722,533,21,135,135,234,311,200
phase_6_scatter_2,scatter,parallel,3,phase,line25,229,90c22311e03400644d82ee4a9eb9a6537936ec73d05e5d2ba487cf1f94523314,21,1,0.0626372960396111,25,430,296,708,700,511,21,135,135,234,311,200
phase_6_scatter_2,scatter,parallel,3,phase,line25,233,90c22311e03400644d82ee4a9eb9a6537936ec73d05e5d2ba487cf1f94523314,21,1,0.06245549488812685,25,408,284,714,716,526,21,135,135,234,311,200
phase_6_scatter_2,scatter,parallel,3,phase,grid25,211,90c22311e03400644d82ee4a9eb9a6537936ec73d05e5d2ba487cf1f94523314,21,1,0.04065819177776575,25,273,210,419,511,331,21,135,135,234,311,200
phase_6_scatter_2,scatter,parallel,3,phase,grid25,223,90c22311e03400644d82ee4a9eb9a6537936ec73d05e5d2ba487cf1f94523314,21,1,0.041276132222265005,25,212,177,439,481,348,21,135,135,234,311,200
phase_6_scatter_2,scatter,parallel,3,phase,grid25,227,90c22311e03400644d82ee4a9eb9a6537936ec73d05e5d2ba487cf1f94523314,21,1,0.04093158524483442,25,234,189,423,462,318,21,135,135,234,311,200
phase_6_scatter_2,scatter,parallel,3,phase,grid25,229,90c22311e03400644d82ee4a9eb9a6537936ec73d05e5d2ba487cf1f94523314,21,1,0.050618094857782125,25,221,182,417,471,331,21,135,135,234,311,200
phase_6_scatter_2,scatter,parallel,3,phase,grid25,233,90c22311e03400644d82ee4a9eb9a6537936ec73d05e5d2ba487cf1f94523314,21,1,0.05154543602839112,25,256,201,430,485,340,21,135,135,234,311,200
phase_6_scatter_2,scatter,complete,3,full,sherbrooke,211,137db0f3056e4f7e49f8e88fe336c5f19fa4f51123c47d7858b64b0ed201057d,24,5,3.616913186851889,127,18574,11267,2869,3426,765,24,3661,2329,1464,557,184
phase_6_scatter_2,scatter,complete,3,full,sherbrooke,223,137db0f3056e4f7e49f8e88fe336c5f19fa4f51123c47d7858b64b0ed201057d,24,5,4.225761177018285,127,18997,11460,2991,3393,748,24,3661,2329,1464,557,184
phase_6_scatter_2,scatter,complete,3,full,sherbrooke,227,137db0f3056e4f7e49f8e88fe336c5f19fa4f51123c47d7858b64b0ed201057d,24,5,3.9714628201909363,127,19531,11814,2982,3831,822,24,3661,2329,1464,557,184
phase_6_scatter_2,scatter,complete,3,full,sherbrooke,229,137db0f3056e4f7e49f8e88fe336c5f19fa4f51123c47d7858b64b0ed201057d,24,5,3.800218773074448,127,19349,11687,3026,4228,891,24,3661,2329,1464,557,184
phase_6_scatter_2,scatter,complete,3,full,sherbrooke,233,137db0f3056e4f7e49f8e88fe336c5f19fa4f51123c47d7858b64b0ed201057d,24,5,3.40032268082723,127,19263,11709,2941,3513,730,24,3661,2329,1464,557,184
phase_6_scatter_2,scatter,complete,3,prep,sherbrooke,211,12bfb4d3ffec5e283973e4a88f7869ab18f4463aa46e726ac8e90c8f673c8061,24,0,0.011433050036430359,127,4,0,0,1,0,24,4,0,0,1,0
phase_6_scatter_2,scatter,complete,3,prep,sherbrooke,223,12bfb4d3ffec5e283973e4a88f7869ab18f4463aa46e726ac8e90c8f673c8061,24,0,0.010587661992758512,127,4,0,0,1,0,24,4,0,0,1,0
phase_6_scatter_2,scatter,complete,3,prep,sherbrooke,227,12bfb4d3ffec5e283973e4a88f7869ab18f4463aa46e726ac8e90c8f673c8061,24,0,0.014966986142098904,127,4,0,0,1,0,24,4,0,0,1,0
phase_6_scatter_2,scatter,complete,3,prep,sherbrooke,229,12bfb4d3ffec5e283973e4a88f7869ab18f4463aa46e726ac8e90c8f673c8061,24,0,0.010786927305161953,127,4,0,0,1,0,24,4,0,0,1,0
phase_6_scatter_2,scatter,complete,3,prep,sherbrooke,233,12bfb4d3ffec5e283973e4a88f7869ab18f4463aa46e726ac8e90c8f673c8061,24,0,0.01085860189050436,127,4,0,0,1,0,24,4,0,0,1,0
phase_6_scatter_2,scatter,complete,3,prep,line25,211,12bfb4d3ffec5e283973e4a88f7869ab18f4463aa46e726ac8e90c8f673c8061,24,0,0.008398271165788174,25,4,0,0,1,0,24,4,0,0,1,0
phase_6_scatter_2,scatter,complete,3,prep,line25,223,12bfb4d3ffec5e283973e4a88f7869ab18f4463aa46e726ac8e90c8f673c8061,24,0,0.008165543898940086,25,4,0,0,1,0,24,4,0,0,1,0
phase_6_scatter_2,scatter,complete,3,prep,line25,227,12bfb4d3ffec5e283973e4a88f7869ab18f4463aa46e726ac8e90c8f673c8061,24,0,0.008325996343046427,25,4,0,0,1,0,24,4,0,0,1,0
phase_6_scatter_2,scatter,complete,3,prep,line25,229,12bfb4d3ffec5e283973e4a88f7869ab18f4463aa46e726ac8e90c8f673c8061,24,0,0.008309124037623405,25,4,0,0,1,0,24,4,0,0,1,0
phase_6_scatter_2,scatter,complete,3,prep,line25,233,12bfb4d3ffec5e283973e4a88f7869ab18f4463aa46e726ac8e90c8f673c8061,24,0,0.008257305715233088,25,4,0,0,1,0,24,4,0,0,1,0
phase_6_scatter_2,scatter,complete,3,prep,grid25,211,12bfb4d3ffec5e283973e4a88f7869ab18f4463aa46e726ac8e90c8f673c8061,24,0,0.008568410761654377,25,4,0,0,1,0,24,4,0,0,1,0
phase_6_scatter_2,scatter,complete,3,prep,grid25,223,12bfb4d3ffec5e283973e4a88f7869ab18f4463aa46e726ac8e90c8f673c8061,24,0,0.008590601850301027,25,4,0,0,1,0,24,4,0,0,1,0
phase_6_scatter_2,scatter,complete,3,prep,grid25,227,12bfb4d3ffec5e283973e4a88f7869ab18f4463aa46e726ac8e90c8f673c8061,24,0,0.008399884216487408,25,4,0,0,1,0,24,4,0,0,1,0
phase_6_scatter_2,scatter,complete,3,prep,grid25,229,12bfb4d3ffec5e283973e4a88f7869ab18f4463aa46e726ac8e90c8f673c8061,24,0,0.008513037115335464,25,4,0,0,1,0,24,4,0,0,1,0
phase_6_scatter_2,scatter,complete,3,prep,grid25,233,12bfb4d3ffec5e283973e4a88f7869ab18f4463aa46e726ac8e90c8f673c8061,24,0,0.008678015787154436,25,4,0,0,1,0,24,4,0,0,1,0
phase_6_scatter_2,scatter,complete,3,mixer,sherbrooke,211,29e6f3aaa5d4261fc09882b21a5db5d05fd2ec1fe35be906f42933c9d8981c83,24,1,0.06697076419368386,127,2416,1479,324,659,117,24,1080,636,240,147,36
phase_6_scatter_2,scatter,complete,3,mixer,sherbrooke,223,29e6f3aaa5d4261fc09882b21a5db5d05fd2ec1fe35be906f42933c9d8981c83,24,1,0.0626301527954638,127,2545,1555,328,394,68,24,1080,636,240,147,36
phase_6_scatter_2,scatter,complete,3,mixer,sherbrooke,227,29e6f3aaa5d4261fc09882b21a5db5d05fd2ec1fe35be906f42933c9d8981c83,24,1,0.06601792387664318,127,2464,1514,314,391,67,24,1080,636,240,147,36
phase_6_scatter_2,scatter,complete,3,mixer,sherbrooke,229,29e6f3aaa5d4261fc09882b21a5db5d05fd2ec1fe35be906f42933c9d8981c83,24,1,0.05588237103074789,127,2508,1526,320,416,70,24,1080,636,240,147,36
phase_6_scatter_2,scatter,complete,3,mixer,sherbrooke,233,29e6f3aaa5d4261fc09882b21a5db5d05fd2ec1fe35be906f42933c9d8981c83,24,1,0.06512271286919713,127,2379,1465,311,369,59,24,1080,636,240,147,36
phase_6_scatter_2,scatter,complete,3,mixer,line25,211,29e6f3aaa5d4261fc09882b21a5db5d05fd2ec1fe35be906f42933c9d8981c83,24,1,0.04112136084586382,25,1500,860,300,185,47,24,1080,636,240,147,36
phase_6_scatter_2,scatter,complete,3,mixer,line25,223,29e6f3aaa5d4261fc09882b21a5db5d05fd2ec1fe35be906f42933c9d8981c83,24,1,0.04125671507790685,25,1490,855,306,188,52,24,1080,636,240,147,36
phase_6_scatter_2,scatter,complete,3,mixer,line25,227,29e6f3aaa5d4261fc09882b21a5db5d05fd2ec1fe35be906f42933c9d8981c83,24,1,0.0413777232170105,25,1439,827,324,205,58,24,1080,636,240,147,36
phase_6_scatter_2,scatter,complete,3,mixer,line25,229,29e6f3aaa5d4261fc09882b21a5db5d05fd2ec1fe35be906f42933c9d8981c83,24,1,0.04135411838069558,25,1480,850,312,188,52,24,1080,636,240,147,36
phase_6_scatter_2,scatter,complete,3,mixer,line25,233,29e6f3aaa5d4261fc09882b21a5db5d05fd2ec1fe35be906f42933c9d8981c83,24,1,0.04109497182071209,25,1462,839,318,198,55,24,1080,636,240,147,36
phase_6_scatter_2,scatter,complete,3,mixer,grid25,211,29e6f3aaa5d4261fc09882b21a5db5d05fd2ec1fe35be906f42933c9d8981c83,24,1,0.041765620931982994,25,1259,725,293,207,60,24,1080,636,240,147,36
phase_6_scatter_2,scatter,complete,3,mixer,grid25,223,29e6f3aaa5d4261fc09882b21a5db5d05fd2ec1fe35be906f42933c9d8981c83,24,1,0.041846543084830046,25,1273,733,297,217,63,24,1080,636,240,147,36
phase_6_scatter_2,scatter,complete,3,mixer,grid25,227,29e6f3aaa5d4261fc09882b21a5db5d05fd2ec1fe35be906f42933c9d8981c83,24,1,0.04025024501606822,25,1260,722,297,206,60,24,1080,636,240,147,36
phase_6_scatter_2,scatter,complete,3,mixer,grid25,229,29e6f3aaa5d4261fc09882b21a5db5d05fd2ec1fe35be906f42933c9d8981c83,24,1,0.0411095698364079,25,1244,715,298,229,64,24,1080,636,240,147,36
phase_6_scatter_2,scatter,complete,3,mixer,grid25,233,29e6f3aaa5d4261fc09882b21a5db5d05fd2ec1fe35be906f42933c9d8981c83,24,1,0.04177043121308088,25,1274,733,301,212,63,24,1080,636,240,147,36
phase_6_scatter_2,scatter,complete,3,phase,sherbrooke,211,b3b5db210c106f0f0873e604a1f402163e03ee7f3f7dd66d851af6029df30e5b,24,1,0.4147748607210815,127,5139,3159,797,1301,282,24,210,210,372,91,60
phase_6_scatter_2,scatter,complete,3,phase,sherbrooke,223,b3b5db210c106f0f0873e604a1f402163e03ee7f3f7dd66d851af6029df30e5b,24,1,0.4041106957010925,127,5315,3243,831,1171,248,24,210,210,372,91,60
phase_6_scatter_2,scatter,complete,3,phase,sherbrooke,227,b3b5db210c106f0f0873e604a1f402163e03ee7f3f7dd66d851af6029df30e5b,24,1,0.524016295094043,127,5361,3216,907,1081,249,24,210,210,372,91,60
phase_6_scatter_2,scatter,complete,3,phase,sherbrooke,229,b3b5db210c106f0f0873e604a1f402163e03ee7f3f7dd66d851af6029df30e5b,24,1,0.39735929714515805,127,5195,3125,864,1082,250,24,210,210,372,91,60
phase_6_scatter_2,scatter,complete,3,phase,sherbrooke,233,b3b5db210c106f0f0873e604a1f402163e03ee7f3f7dd66d851af6029df30e5b,24,1,0.43469100072979927,127,4983,3039,777,969,220,24,210,210,372,91,60
phase_6_scatter_2,scatter,complete,3,phase,line25,211,b3b5db210c106f0f0873e604a1f402163e03ee7f3f7dd66d851af6029df30e5b,24,1,0.1133417128585279,25,1948,1158,834,427,212,24,210,210,372,91,60
phase_6_scatter_2,scatter,complete,3,phase,line25,223,b3b5db210c106f0f0873e604a1f402163e03ee7f3f7dd66d851af6029df30e5b,24,1,0.11227398784831166,25,1992,1182,837,430,214,24,210,210,372,91,60
phase_6_scatter_2,scatter,complete,3,phase,line25,227,b3b5db210c106f0f0873e604a1f402163e03ee7f3f7dd66d851af6029df30e5b,24,1,0.10785955796018243,25,1948,1158,833,376,189,24,210,210,372,91,60
phase_6_scatter_2,scatter,complete,3,phase,line25,229,b3b5db210c106f0f0873e604a1f402163e03ee7f3f7dd66d851af6029df30e5b,24,1,0.10835089068859816,25,1970,1170,841,412,200,24,210,210,372,91,60
phase_6_scatter_2,scatter,complete,3,phase,line25,233,b3b5db210c106f0f0873e604a1f402163e03ee7f3f7dd66d851af6029df30e5b,24,1,0.11092974385246634,25,1970,1170,823,399,209,24,210,210,372,91,60
phase_6_scatter_2,scatter,complete,3,phase,grid25,211,b3b5db210c106f0f0873e604a1f402163e03ee7f3f7dd66d851af6029df30e5b,24,1,0.10065296478569508,25,793,528,636,318,205,24,210,210,372,91,60
phase_6_scatter_2,scatter,complete,3,phase,grid25,223,b3b5db210c106f0f0873e604a1f402163e03ee7f3f7dd66d851af6029df30e5b,24,1,0.10214031813666224,25,661,456,667,329,209,24,210,210,372,91,60
phase_6_scatter_2,scatter,complete,3,phase,grid25,227,b3b5db210c106f0f0873e604a1f402163e03ee7f3f7dd66d851af6029df30e5b,24,1,0.10194429010152817,25,650,450,694,399,260,24,210,210,372,91,60
phase_6_scatter_2,scatter,complete,3,phase,grid25,229,b3b5db210c106f0f0873e604a1f402163e03ee7f3f7dd66d851af6029df30e5b,24,1,0.1000691088847816,25,760,510,646,362,224,24,210,210,372,91,60
phase_6_scatter_2,scatter,complete,3,phase,grid25,233,b3b5db210c106f0f0873e604a1f402163e03ee7f3f7dd66d851af6029df30e5b,24,1,0.10127211827784777,25,606,426,705,450,282,24,210,210,372,91,60
phase_6_scatter_2,scatter,ring,3,full,sherbrooke,211,0ad6dc8653e44c2bd96f0d6aeeb3c28758a1d92561c90ef16ee35a2e733f527b,24,5,2.580678809899837,127,15259,9230,2367,3090,673,24,2041,1357,1032,458,164
phase_6_scatter_2,scatter,ring,3,full,sherbrooke,223,0ad6dc8653e44c2bd96f0d6aeeb3c28758a1d92561c90ef16ee35a2e733f527b,24,5,2.918315024115145,127,15171,9089,2461,3473,792,24,2041,1357,1032,458,164
phase_6_scatter_2,scatter,ring,3,full,sherbrooke,227,0ad6dc8653e44c2bd96f0d6aeeb3c28758a1d92561c90ef16ee35a2e733f527b,24,5,2.490138255059719,127,14989,9004,2464,3384,770,24,2041,1357,1032,458,164
phase_6_scatter_2,scatter,ring,3,full,sherbrooke,229,0ad6dc8653e44c2bd96f0d6aeeb3c28758a1d92561c90ef16ee35a2e733f527b,24,5,2.2814931930042803,127,14846,8965,2388,2937,652,24,2041,1357,1032,458,164
phase_6_scatter_2,scatter,ring,3,full,sherbrooke,233,0ad6dc8653e44c2bd96f0d6aeeb3c28758a1d92561c90ef16ee35a2e733f527b,24,5,2.638838408049196,127,14757,8898,2346,2774,618,24,2041,1357,1032,458,164
phase_6_scatter_2,scatter,ring,3,prep,sherbrooke,211,12bfb4d3ffec5e283973e4a88f7869ab18f4463aa46e726ac8e90c8f673c8061,24,0,0.011075057089328766,127,4,0,0,1,0,24,4,0,0,1,0
phase_6_scatter_2,scatter,ring,3,prep,sherbrooke,223,12bfb4d3ffec5e283973e4a88f7869ab18f4463aa46e726ac8e90c8f673c8061,24,0,0.010641112923622131,127,4,0,0,1,0,24,4,0,0,1,0
phase_6_scatter_2,scatter,ring,3,prep,sherbrooke,227,12bfb4d3ffec5e283973e4a88f7869ab18f4463aa46e726ac8e90c8f673c8061,24,0,0.010834285989403725,127,4,0,0,1,0,24,4,0,0,1,0
phase_6_scatter_2,scatter,ring,3,prep,sherbrooke,229,12bfb4d3ffec5e283973e4a88f7869ab18f4463aa46e726ac8e90c8f673c8061,24,0,0.01090753311291337,127,4,0,0,1,0,24,4,0,0,1,0
phase_6_scatter_2,scatter,ring,3,prep,sherbrooke,233,12bfb4d3ffec5e283973e4a88f7869ab18f4463aa46e726ac8e90c8f673c8061,24,0,0.01088061323389411,127,4,0,0,1,0,24,4,0,0,1,0
phase_6_scatter_2,scatter,ring,3,prep,line25,211,12bfb4d3ffec5e283973e4a88f7869ab18f4463aa46e726ac8e90c8f673c8061,24,0,0.008340002037584782,25,4,0,0,1,0,24,4,0,0,1,0
phase_6_scatter_2,scatter,ring,3,prep,line25,223,12bfb4d3ffec5e283973e4a88f7869ab18f4463aa46e726ac8e90c8f673c8061,24,0,0.008215377572923899,25,4,0,0,1,0,24,4,0,0,1,0
phase_6_scatter_2,scatter,ring,3,prep,line25,227,12bfb4d3ffec5e283973e4a88f7869ab18f4463aa46e726ac8e90c8f673c8061,24,0,0.010775906033813953,25,4,0,0,1,0,24,4,0,0,1,0
phase_6_scatter_2,scatter,ring,3,prep,line25,229,12bfb4d3ffec5e283973e4a88f7869ab18f4463aa46e726ac8e90c8f673c8061,24,0,0.008409260772168636,25,4,0,0,1,0,24,4,0,0,1,0
phase_6_scatter_2,scatter,ring,3,prep,line25,233,12bfb4d3ffec5e283973e4a88f7869ab18f4463aa46e726ac8e90c8f673c8061,24,0,0.008305557072162628,25,4,0,0,1,0,24,4,0,0,1,0
phase_6_scatter_2,scatter,ring,3,prep,grid25,211,12bfb4d3ffec5e283973e4a88f7869ab18f4463aa46e726ac8e90c8f673c8061,24,0,0.008834860753268003,25,4,0,0,1,0,24,4,0,0,1,0
phase_6_scatter_2,scatter,ring,3,prep,grid25,223,12bfb4d3ffec5e283973e4a88f7869ab18f4463aa46e726ac8e90c8f673c8061,24,0,0.008624927140772343,25,4,0,0,1,0,24,4,0,0,1,0
phase_6_scatter_2,scatter,ring,3,prep,grid25,227,12bfb4d3ffec5e283973e4a88f7869ab18f4463aa46e726ac8e90c8f673c8061,24,0,0.008493148721754551,25,4,0,0,1,0,24,4,0,0,1,0
phase_6_scatter_2,scatter,ring,3,prep,grid25,229,12bfb4d3ffec5e283973e4a88f7869ab18f4463aa46e726ac8e90c8f673c8061,24,0,0.008632210083305836,25,4,0,0,1,0,24,4,0,0,1,0
phase_6_scatter_2,scatter,ring,3,prep,grid25,233,12bfb4d3ffec5e283973e4a88f7869ab18f4463aa46e726ac8e90c8f673c8061,24,0,0.00867330702021718,25,4,0,0,1,0,24,4,0,0,1,0
phase_6_scatter_2,scatter,ring,3,mixer,sherbrooke,211,25b45044ced3e303101850493664090c765b1ab6cc90cb30e6aff0c414dcfb5a,24,1,0.04194900579750538,127,1126,681,146,186,34,24,540,312,96,106,24
phase_6_scatter_2,scatter,ring,3,mixer,sherbrooke,223,25b45044ced3e303101850493664090c765b1ab6cc90cb30e6aff0c414dcfb5a,24,1,0.033034786116331816,127,1180,717,151,209,42,24,540,312,96,106,24
phase_6_scatter_2,scatter,ring,3,mixer,sherbrooke,227,25b45044ced3e303101850493664090c765b1ab6cc90cb30e6aff0c414dcfb5a,24,1,0.032644331920892,127,1110,678,151,250,46,24,540,312,96,106,24
phase_6_scatter_2,scatter,ring,3,mixer,sherbrooke,229,25b45044ced3e303101850493664090c765b1ab6cc90cb30e6aff0c414dcfb5a,24,1,0.029511590022593737,127,1104,676,143,186,36,24,540,312,96,106,24
phase_6_scatter_2,scatter,ring,3,mixer,sherbrooke,233,25b45044ced3e303101850493664090c765b1ab6cc90cb30e6aff0c414dcfb5a,24,1,0.03807554207742214,127,1076,652,151,199,39,24,540,312,96,106,24
phase_6_scatter_2,scatter,ring,3,mixer,line25,211,25b45044ced3e303101850493664090c765b1ab6cc90cb30e6aff0c414dcfb5a,24,1,0.02335223276168108,25,578,334,149,120,34,24,540,312,96,106,24
phase_6_scatter_2,scatter,ring,3,mixer,line25,223,25b45044ced3e303101850493664090c765b1ab6cc90cb30e6aff0c414dcfb5a,24,1,0.023060355335474014,25,596,348,144,121,34,24,540,312,96,106,24
phase_6_scatter_2,scatter,ring,3,mixer,line25,227,25b45044ced3e303101850493664090c765b1ab6cc90cb30e6aff0c414dcfb5a,24,1,0.023059943690896034,25,599,349,147,122,34,24,540,312,96,106,24
phase_6_scatter_2,scatter,ring,3,mixer,line25,229,25b45044ced3e303101850493664090c765b1ab6cc90cb30e6aff0c414dcfb5a,24,1,0.023310313932597637,25,604,352,149,122,32,24,540,312,96,106,24
phase_6_scatter_2,scatter,ring,3,mixer,line25,233,25b45044ced3e303101850493664090c765b1ab6cc90cb30e6aff0c414dcfb5a,24,1,0.022837236057966948,25,600,351,146,121,32,24,540,312,96,106,24
phase_6_scatter_2,scatter,ring,3,mixer,grid25,211,25b45044ced3e303101850493664090c765b1ab6cc90cb30e6aff0c414dcfb5a,24,1,0.01901188213378191,25,551,318,102,113,27,24,540,312,96,106,24
phase_6_scatter_2,scatter,ring,3,mixer,grid25,223,25b45044ced3e303101850493664090c765b1ab6cc90cb30e6aff0c414dcfb5a,24,1,0.018342474941164255,25,540,312,96,106,24,24,540,312,96,106,24
phase_6_scatter_2,scatter,ring,3,mixer,grid25,227,25b45044ced3e303101850493664090c765b1ab6cc90cb30e6aff0c414dcfb5a,24,1,0.01902804197743535,25,540,312,102,110,27,24,540,312,96,106,24
phase_6_scatter_2,scatter,ring,3,mixer,grid25,229,25b45044ced3e303101850493664090c765b1ab6cc90cb30e6aff0c414dcfb5a,24,1,0.01903333282098174,25,568,328,106,127,31,24,540,312,96,106,24
phase_6_scatter_2,scatter,ring,3,mixer,grid25,233,25b45044ced3e303101850493664090c765b1ab6cc90cb30e6aff0c414dcfb5a,24,1,0.019164728932082653,25,548,316,100,114,28,24,540,312,96,106,24
phase_6_scatter_2,scatter,ring,3,phase,sherbrooke,211,b3b5db210c106f0f0873e604a1f402163e03ee7f3f7dd66d851af6029df30e5b,24,1,0.4174309787340462,127,5139,3159,797,1301,282,24,210,210,372,91,60
phase_6_scatter_2,scatter,ring,3,phase,sherbrooke,223,b3b5db210c106f0f0873e604a1f402163e03ee7f3f7dd66d851af6029df30e5b,24,1,0.40281556313857436,127,5315,3243,831,1171,248,24,210,210,372,91,60
phase_6_scatter_2,scatter,ring,3,phase,sherbrooke,227,b3b5db210c106f0f0873e604a1f402163e03ee7f3f7dd66d851af6029df30e5b,24,1,0.5260340739041567,127,5361,3216,907,1081,249,24,210,210,372,91,60
phase_6_scatter_2,scatter,ring,3,phase,sherbrooke,229,b3b5db210c106f0f0873e604a1f402163e03ee7f3f7dd66d851af6029df30e5b,24,1,0.39737912360578775,127,5195,3125,864,1082,250,24,210,210,372,91,60
phase_6_scatter_2,scatter,ring,3,phase,sherbrooke,233,b3b5db210c106f0f0873e604a1f402163e03ee7f3f7dd66d851af6029df30e5b,24,1,0.4329031342640519,127,4983,3039,777,969,220,24,210,210,372,91,60
phase_6_scatter_2,scatter,ring,3,phase,line25,211,b3b5db210c106f0f0873e604a1f402163e03ee7f3f7dd66d851af6029df30e5b,24,1,0.11240138811990619,25,1948,1158,834,427,212,24,210,210,372,91,60
phase_6_scatter_2,scatter,ring,3,phase,line25,223,b3b5db210c106f0f0873e604a1f402163e03ee7f3f7dd66d851af6029df30e5b,24,1,0.10822222894057631,25,1992,1182,837,430,214,24,210,210,372,91,60
phase_6_scatter_2,scatter,ring,3,phase,line25,227,b3b5db210c106f0f0873e604a1f402163e03ee7f3f7dd66d851af6029df30e5b,24,1,0.10853464575484395,25,1948,1158,833,376,189,24,210,210,372,91,60
phase_6_scatter_2,scatter,ring,3,phase,line25,229,b3b5db210c106f0f0873e604a1f402163e03ee7f3f7dd66d851af6029df30e5b,24,1,0.10871846089139581,25,1970,1170,841,412,200,24,210,210,372,91,60
phase_6_scatter_2,scatter,ring,3,phase,line25,233,b3b5db210c106f0f0873e604a1f402163e03ee7f3f7dd66d851af6029df30e5b,24,1,0.11091037839651108,25,1970,1170,823,399,209,24,210,210,372,91,60
phase_6_scatter_2,scatter,ring,3,phase,grid25,211,b3b5db210c106f0f0873e604a1f402163e03ee7f3f7dd66d851af6029df30e5b,24,1,0.10032616090029478,25,793,528,636,318,205,24,210,210,372,91,60
phase_6_scatter_2,scatter,ring,3,phase,grid25,223,b3b5db210c106f0f0873e604a1f402163e03ee7f3f7dd66d851af6029df30e5b,24,1,0.1021782997995615,25,661,456,667,329,209,24,210,210,372,91,60
phase_6_scatter_2,scatter,ring,3,phase,grid25,227,b3b5db210c106f0f0873e604a1f402163e03ee7f3f7dd66d851af6029df30e5b,24,1,0.10389270912855864,25,650,450,694,399,260,24,210,210,372,91,60
phase_6_scatter_2,scatter,ring,3,phase,grid25,229,b3b5db210c106f0f0873e604a1f402163e03ee7f3f7dd66d851af6029df30e5b,24,1,0.10024729277938604,25,760,510,646,362,224,24,210,210,372,91,60
phase_6_scatter_2,scatter,ring,3,phase,grid25,233,b3b5db210c106f0f0873e604a1f402163e03ee7f3f7dd66d851af6029df30e5b,24,1,0.10388334188610315,25,606,426,705,450,282,24,210,210,372,91,60
