instance_id,family,method,p,initialization,optimizer_seed,initial_assignment,theta,optimal_probability,feasible_probability,conditional_optimal,expected_best_128,expected_best_512,exact_cost,initial_cost,evaluations,seconds
quality_4_6_compact_0,compact,complete,1,deterministic,41,"{""A"": 0, ""B"": 1, ""C"": 2, ""D"": 3}",[0.5892289606531415],4.010268079847406e-05,0.3462183509972921,0.00011583060425005526,12.293467163099738,12.118030783919881,9.66,12.38,13,0.005861857905983925
quality_4_6_compact_0,compact,complete,1,deterministic,53,"{""A"": 0, ""B"": 1, ""C"": 2, ""D"": 3}",[0.5916306754309576],3.620646487783305e-05,0.34748132459874803,0.00010419686560030888,12.2991830260741,12.137026937731621,9.66,12.38,14,0.005761730019003153
quality_4_6_compact_0,compact,complete,1,poor,41,"{""A"": 5, ""B"": 4, ""C"": 0, ""D"": 2}",[0.7017289606531414],0.008752675795087239,0.909457895825321,0.009624058282702908,10.450228366532425,9.680279065347865,9.66,24.64,13,0.0054220822639763355
quality_4_6_compact_0,compact,complete,1,poor,53,"{""A"": 5, ""B"": 4, ""C"": 0, ""D"": 2}",[0.8681931754309574],0.008794868762733766,0.9116608478718973,0.009647083982232813,10.449536859294108,9.680131700791884,9.66,24.64,13,0.00539565272629261
quality_4_6_compact_0,compact,complete,1,random,41,"{""A"": 4, ""B"": 5, ""C"": 0, ""D"": 2}",[0.5203539606531414],0.0017854378268809935,0.5003489370231164,0.00356838537022515,10.38051439625193,9.988447150372123,9.66,19.6,16,0.006451475899666548
quality_4_6_compact_0,compact,complete,1,random,53,"{""A"": 4, ""B"": 5, ""C"": 0, ""D"": 2}",[0.8838181754309576],1.2689673169553017e-05,0.8689278275633765,1.460382872664701e-05,11.716818749640352,11.649535462264543,9.66,19.6,14,0.005739898886531591
quality_4_6_compact_0,compact,complete,2,deterministic,41,"{""A"": 0, ""B"": 1, ""C"": 2, ""D"": 3}","[0.5930662133219375, 1.5384127766543179, 0.1102987891530287]",0.0012294653977404054,0.3695959797889371,0.003326511826352951,11.366003284015108,10.267232100957077,9.66,12.38,41,0.028956216759979725
quality_4_6_compact_0,compact,complete,2,deterministic,53,"{""A"": 0, ""B"": 1, ""C"": 2, ""D"": 3}","[0.5952273771616151, 1.5398654420022206, 0.11003316107815837]",0.001151468578500696,0.37243512032050774,0.0030917293125035383,11.377025516374188,10.287490305532616,9.66,12.38,34,0.023536268156021833
quality_4_6_compact_0,compact,complete,2,poor,41,"{""A"": 5, ""B"": 4, ""C"": 0, ""D"": 2}","[0.7481981737620947, 2.117036910716006, -0.11432881360574741]",0.025796300115469056,0.596738307785004,0.04322883210099372,9.721011568905494,9.660001552498647,9.66,24.64,173,0.11535800900310278
quality_4_6_compact_0,compact,complete,2,poor,53,"{""A"": 5, ""B"": 4, ""C"": 0, ""D"": 2}","[0.8495590555900605, 1.3881398351806564, -0.11494405585838503]",0.03525997927321069,0.5559597056243322,0.06342182520874315,9.675896078477026,9.660000009814109,9.66,24.64,190,0.1271100388839841
quality_4_6_compact_0,compact,complete,2,random,41,"{""A"": 4, ""B"": 5, ""C"": 0, ""D"": 2}","[0.8044486573881388, 1.4938412493520012, 0.12742142018362898]",0.0005316671889974857,0.5412351871275932,0.0009823219214905702,11.327890929798997,10.619114276747982,9.66,19.6,31,0.021676355972886086
quality_4_6_compact_0,compact,complete,2,random,53,"{""A"": 4, ""B"": 5, ""C"": 0, ""D"": 2}","[0.7038352138835134, 1.278898438462797, 0.10747209068146236]",0.0006430399485096055,0.48233159126263786,0.0013331906102734604,11.026745006674865,10.32047844025566,9.66,19.6,35,0.024310722947120667
quality_4_6_compact_0,compact,complete,3,deterministic,41,"{""A"": 0, ""B"": 1, ""C"": 2, ""D"": 3}","[0.5610674038635111, 1.5785318712967709, 0.08070100354032622, 1.3313623709334543, 0.08719733426807613]",0.005132772853277227,0.3401310035502941,0.015090576277085134,10.825139242706054,9.767367863210929,9.66,12.38,84,0.08540269592776895
quality_4_6_compact_0,compact,complete,3,deterministic,53,"{""A"": 0, ""B"": 1, ""C"": 2, ""D"": 3}","[0.5620439834821762, 1.575010962112265, 0.07945433766955308, 1.3340440173269252, 0.08641424211148857]",0.005004342207777694,0.3402068169856859,0.014709705855154132,10.845269398652736,9.774743410711508,9.66,12.38,99,0.09945047693327069
quality_4_6_compact_0,compact,complete,3,poor,41,"{""A"": 5, ""B"": 4, ""C"": 0, ""D"": 2}","[0.7532729590622801, 1.4749625756343712, 0.091600107815458, 1.0866848929702437, -0.08804393619536259]",0.055803584903422215,0.5209976290303856,0.10710909569257875,9.660795469545532,9.660000000000144,9.66,24.64,200,0.20034185098484159
quality_4_6_compact_0,compact,complete,3,poor,53,"{""A"": 5, ""B"": 4, ""C"": 0, ""D"": 2}","[0.7547655912132427, 1.3877670592991802, 0.09034563452906773, 1.085613579530534, -0.08592053709610126]",0.05688468821217707,0.529736033402562,0.10738308256434713,9.660713950775866,9.660000000000078,9.66,24.64,155,0.15564751904457808
quality_4_6_compact_0,compact,complete,3,random,41,"{""A"": 4, ""B"": 5, ""C"": 0, ""D"": 2}","[0.6235015372736857, 1.9410653024035625, 0.3271247119997474, 0.8208239624587104, 0.02167672705710499]",0.001644641582785777,0.35874636007337857,0.004584413295369406,10.589283611537759,10.053790811606868,9.66,19.6,200,0.2003339151851833
quality_4_6_compact_0,compact,complete,3,random,53,"{""A"": 4, ""B"": 5, ""C"": 0, ""D"": 2}","[0.8222345329449706, 2.2183182416735643, -0.12498931586029348, 0.8702174989474804, -0.07759720470907021]",0.00048631541358623527,0.4661588055900556,0.0010432397881461571,11.077087595030129,10.403951687836146,9.66,19.6,60,0.061000822111964226
quality_4_6_compact_0,compact,complete,4,deterministic,41,"{""A"": 0, ""B"": 1, ""C"": 2, ""D"": 3}","[0.5600440648865962, 1.578013189621422, 0.08118100502319901, 1.338603894631209, 0.08821075068281004, 0.7500444358968488, 0.0416608946235888]",0.006341160260026689,0.3841409684458786,0.016507378230656206,10.552587270362134,9.705257570957414,9.66,12.38,139,0.19014757592231035
quality_4_6_compact_0,compact,complete,4,deterministic,53,"{""A"": 0, ""B"": 1, ""C"": 2, ""D"": 3}","[0.5609355681040491, 1.5787264989792604, 0.08093682267293724, 1.3384349668888116, 0.0866965527428279, 0.7490729431917628, 0.041919210575318895]",0.006175335609944687,0.38526029758467784,0.01602899558729481,10.574706549869084,9.70957898827068,9.66,12.38,164,0.22446459997445345
quality_4_6_compact_0,compact,complete,4,poor,41,"{""A"": 5, ""B"": 4, ""C"": 0, ""D"": 2}","[0.7551208855642728, 1.4714726405183922, 0.09101898693198572, 1.0632299274609716, -0.08999786905981545, 1.032562564049833, -0.0013082134640321494]",0.05606024940586035,0.5251127092762573,0.10675850806034773,9.660786475421743,9.660000000000123,9.66,24.64,200,0.27307881228625774
quality_4_6_compact_0,compact,complete,4,poor,53,"{""A"": 5, ""B"": 4, ""C"": 0, ""D"": 2}","[0.8313848626333139, 1.21867988568053, -0.085563800766741, 0.34484635821527904, -0.08630724345032446, 1.1336626849886837, 0.0521436817062922]",0.09864775411096079,0.731071566835662,0.1349358374556179,9.660002778236631,9.66,9.66,24.64,200,0.2736520981416106
quality_4_6_compact_0,compact,complete,4,random,41,"{""A"": 4, ""B"": 5, ""C"": 0, ""D"": 2}","[0.6044107488702619, 1.8955619456607544, 0.30494498224973016, 1.0608775549141827, -0.036307537318377436, 0.6301022084866414, 0.0631063772622236]",0.0021490898840678717,0.4226631336597589,0.005084640019249645,10.459158497248257,9.943182091043047,9.66,19.6,200,0.2733259261585772
quality_4_6_compact_0,compact,complete,4,random,53,"{""A"": 4, ""B"": 5, ""C"": 0, ""D"": 2}","[0.6036038732668954, 1.895587242880521, 0.3047184327163645, 1.0479540346902343, -0.03658231676429078, 0.6450147267011523, 0.06239182704884491]",0.002192922649361746,0.4222997910103343,0.005192810169560519,10.448853592515777,9.935517626036594,9.66,19.6,200,0.27289637876674533
quality_4_6_compact_0,compact,complete,5,deterministic,41,"{""A"": 0, ""B"": 1, ""C"": 2, ""D"": 3}","[0.5100174704662042, 1.7346155910800318, 0.2045452114459803, 0.9625992474832158, 0.3787448625102266, 0.8466353333681326, -0.02404162948935034, 0.6638968185618422, 0.02608662298869179]",0.006811813436104703,0.3135487760443252,0.021724892445894105,10.13738933319033,9.684901162429593,9.66,12.38,200,0.33147640572860837
quality_4_6_compact_0,compact,complete,5,deterministic,53,"{""A"": 0, ""B"": 1, ""C"": 2, ""D"": 3}","[0.5859097675582245, 1.6757354411539176, 0.014383144430083391, 1.2953535591199212, 0.03507521655459879, 0.7591635451277277, 0.06432162266845359, 0.7091361173261953, 0.09161274687613286]",0.0017802107560757983,0.4200163075109033,0.0042384324709334896,11.428890912329848,10.241918031498443,9.66,12.38,200,0.33066221699118614
quality_4_6_compact_0,compact,complete,5,poor,41,"{""A"": 5, ""B"": 4, ""C"": 0, ""D"": 2}","[0.7733829095525905, 1.6393993665301645, 0.05199698499335511, 1.1133383733346853, -0.08089677897331544, 1.148512504118866, 0.06983391555737622, 0.9874980607331204, -0.06147645677928679]",0.10365933128771103,0.5891968233792048,0.17593328269014832,9.66000133693928,9.66,9.66,24.64,200,0.33216860610991716
quality_4_6_compact_0,compact,complete,5,poor,53,"{""A"": 5, ""B"": 4, ""C"": 0, ""D"": 2}","[0.7350801523919256, 1.8263438903199132, 0.5941416310844387, 0.8326829616292499, 0.10834827630251877, 0.7213744711037127, 0.002003168718063473, 0.6767818776113909, 0.04402303663374611]",0.03754805838349301,0.581650775939878,0.06455429948119616,9.675287214259262,9.660000003790993,9.66,24.64,200,0.3308802265673876
quality_4_6_compact_0,compact,complete,5,random,41,"{""A"": 4, ""B"": 5, ""C"": 0, ""D"": 2}","[0.45154472917654565, 1.8587329769462653, 0.2187214010657319, 1.0234707473263014, -0.02011366858255694, 0.6940338997812928, 0.042095480632510854, 0.5809506758105406, 0.07295345718583605]",0.02593388237672753,0.40192122060306634,0.06452479005167928,9.691266652506597,9.660001182398394,9.66,19.6,200,0.3308403021655977
quality_4_6_compact_0,compact,complete,5,random,53,"{""A"": 4, ""B"": 5, ""C"": 0, ""D"": 2}","[0.6041274946189472, 1.906733214472675, 0.3155147380036754, 1.0334172397879329, -0.029305968193237712, 0.6835651462224404, 0.05934138098116277, 0.6229288962147475, 0.02755941472624049]",0.0012626696316053137,0.4460222366848623,0.002830956682766144,10.472192961249885,10.105031014222929,9.66,19.6,200,0.3313450701534748
quality_4_6_compact_0,compact,complete,6,deterministic,41,"{""A"": 0, ""B"": 1, ""C"": 2, ""D"": 3}","[0.6023662076685797, 1.554125745362688, 0.20220692235148902, 0.8819649093300949, 0.0952511237009565, 0.791670964026824, 0.11470970747768197, 0.5956184938265068, 0.06601939884085736, 0.5532730112630282, 0.042774990650133335]",0.004932565219401035,0.3535942378828275,0.013949789591977364,10.437952243119913,9.731618230444322,9.66,12.38,200,0.4051880589686334
quality_4_6_compact_0,compact,complete,6,deterministic,53,"{""A"": 0, ""B"": 1, ""C"": 2, ""D"": 3}","[0.5431702346286654, 1.6079984977223716, 0.0640100547299872, 0.863621419427658, 0.30570609995894027, 1.0206061099768, 0.08798879386286174, 0.4409491641409265, 0.030365153454078194, 0.3795867590395177, -0.04852454664078177]",0.002499604394819538,0.3125525607757982,0.007997388946726842,10.542388134705657,9.89095281152024,9.66,12.38,159,0.3234697706066072
quality_4_6_compact_0,compact,complete,6,poor,41,"{""A"": 5, ""B"": 4, ""C"": 0, ""D"": 2}","[0.8112838271536508, 1.9632500935495845, 0.07382663713454105, 0.8222121185996146, -0.034037535162704885, 0.6009216698178512, -0.07829300482369445, 0.6796088497556745, 0.04190353754240022, 0.36002747637735505, 0.08001012274261349]",0.10607920857390207,0.6408364676786893,0.1655324157162189,9.660001091386553,9.66,9.66,24.64,200,0.40766462963074446
quality_4_6_compact_0,compact,complete,6,poor,53,"{""A"": 5, ""B"": 4, ""C"": 0, ""D"": 2}","[0.41461374159813413, 1.87259695967742, 0.04748990019324853, 1.2582135879068652, 0.1941118778531576, 0.7492924684871359, 0.11930008605656453, 0.637184237752874, 0.08150014166071927, 0.7420985011507322, 0.11721937945259041]",0.002947377513856081,0.3330465896550189,0.008849745367184442,10.64212927085737,9.859298030347569,9.66,24.64,200,0.4067668728530407
quality_4_6_compact_0,compact,complete,6,random,41,"{""A"": 4, ""B"": 5, ""C"": 0, ""D"": 2}","[0.6540771283632603, 1.608506427054106, 0.527108351891537, 0.7404682148990201, 0.3999451286018969, 0.8373228873300204, -0.014036361057367582, 0.4870415044160081, -8.530762181952893e-05, 0.5542838306824479, 0.27015392106977665]",0.028841828129575482,0.31689406485464405,0.09101410006780948,9.685961517694308,9.660000256247397,9.66,19.6,200,0.4064534450881183
quality_4_6_compact_0,compact,complete,6,random,53,"{""A"": 4, ""B"": 5, ""C"": 0, ""D"": 2}","[0.6434726181894056, 1.8879496809974403, 0.31066503740684237, 1.0281397933083845, -0.024827243118290244, 0.7005549694038578, 0.055443999058752955, 0.6954486732073166, 0.016951191299097623, 0.7811086391736002, 0.05069656600260747]",0.002000614537665394,0.45922120836509517,0.004356537767033711,10.473618599427407,9.98385552708439,9.66,19.6,200,0.40516921412199736
quality_4_6_compact_0,compact,random_token,3,deterministic,41,"{""A"": 0, ""B"": 1, ""C"": 2, ""D"": 3}","[0.22031504860024315, 1.2985464714034887, 0.9380908498141239, 0.7149192497023481, -0.6511073096290446]",0.04658170157880193,0.9999999999999998,0.04658170157880194,9.661873273446906,9.660000000020277,9.66,12.38,129,0.034561573062092066
quality_4_6_compact_0,compact,random_token,3,deterministic,53,"{""A"": 0, ""B"": 1, ""C"": 2, ""D"": 3}","[0.21981892084016721, 1.2988374142357537, 0.9386535851166435, 0.7146144607349226, -0.6509890848423042]",0.046559623167519125,1.0000000000000013,0.04655962316751906,9.6618789744207,9.660000000020519,9.66,12.38,82,0.022088760044425726
quality_4_6_compact_0,compact,random_token,3,poor,41,"{""A"": 5, ""B"": 4, ""C"": 0, ""D"": 2}","[0.6586624957927834, 2.1476164974790217, 0.7596924303618343, 1.8766933138411084, 0.16594528550590903]",9.711584605668559e-05,1.000000000000001,9.711584605668548e-05,11.990580616035816,11.37232375711185,9.66,24.64,182,0.0479903407394886
quality_4_6_compact_0,compact,random_token,3,poor,53,"{""A"": 5, ""B"": 4, ""C"": 0, ""D"": 2}","[0.6572631895464573, 2.1462883907011436, 0.7590256590350679, 1.8645509167782313, 0.16449397377294447]",9.50822335829167e-05,1.0000000000000007,9.508223358291664e-05,11.991934237251034,11.37579465351506,9.66,24.64,112,0.02981070103123784
quality_4_6_compact_0,compact,random_token,3,random,41,"{""A"": 4, ""B"": 5, ""C"": 0, ""D"": 2}","[1.3926935272185164, 1.6646768291895189, -0.5324954938056886, 0.5893135714995411, 0.8456570382174746]",0.136976415754035,1.0000000000000004,0.13697641575403494,9.66000000531485,9.66,9.66,19.6,163,0.04275016998872161
quality_4_6_compact_0,compact,random_token,3,random,53,"{""A"": 4, ""B"": 5, ""C"": 0, ""D"": 2}","[1.5864436086477829, 1.4718805829856445, 0.4070793265080989, 1.5692063819234956, 0.4024132437608472]",0.03250081226232799,1.0000000000000009,0.03250081226232796,9.672995451144763,9.660000037603064,9.66,19.6,132,0.03481758292764425
quality_4_6_compact_0,compact,ring,1,deterministic,41,"{""A"": 0, ""B"": 1, ""C"": 2, ""D"": 3}",[0.6069789606531414],1.8062019168100658e-06,0.4081507263127022,4.42533064470466e-06,12.015520387063052,11.347128736886601,9.66,12.38,14,0.004294354002922773
quality_4_6_compact_0,compact,ring,1,deterministic,53,"{""A"": 0, ""B"": 1, ""C"": 2, ""D"": 3}",[0.9639431754309574],1.8172960095371698e-06,0.407950858451971,4.454693431540173e-06,12.014283708192771,11.344571958936402,9.66,12.38,18,0.004681841935962439
quality_4_6_compact_0,compact,ring,1,poor,41,"{""A"": 5, ""B"": 4, ""C"": 0, ""D"": 2}",[0.7980414606531414],0.9929879629503348,0.9961814575470073,0.9967942641649483,9.66,9.66,9.66,24.64,7,0.0022316607646644115
quality_4_6_compact_0,compact,ring,1,poor,53,"{""A"": 5, ""B"": 4, ""C"": 0, ""D"": 2}",[0.7786931754309575],0.9980236002574702,0.9989224567912857,0.9991001738646433,9.66,9.66,9.66,24.64,12,0.003310847096145153
quality_4_6_compact_0,compact,ring,1,random,41,"{""A"": 4, ""B"": 5, ""C"": 0, ""D"": 2}",[0.9615414606531414],9.39062615759604e-05,0.6403541633448571,0.00014664738195102202,10.52106096487491,10.441506775570154,9.66,19.6,15,0.003985885065048933
quality_4_6_compact_0,compact,ring,1,random,53,"{""A"": 4, ""B"": 5, ""C"": 0, ""D"": 2}",[0.9589431754309575],8.571577051515674e-05,0.6451209218724799,0.00013286775797995287,10.528614747249875,10.44479209298179,9.66,19.6,17,0.004396415781229734
quality_4_6_compact_0,compact,ring,2,deterministic,41,"{""A"": 0, ""B"": 1, ""C"": 2, ""D"": 3}","[0.6055342607072026, 1.816850860143026, 0.10394535070571863]",4.813771325002774e-05,0.4299894042944487,0.00011195092895141187,11.587424098641172,10.752102565183918,9.66,12.38,32,0.015921919140964746
quality_4_6_compact_0,compact,ring,2,deterministic,53,"{""A"": 0, ""B"": 1, ""C"": 2, ""D"": 3}","[0.6060462856160864, 1.817458613378212, 0.016051132795504536]",3.300061362992572e-06,0.4191222150560343,7.873744803890607e-06,11.953755818469748,11.220851239563684,9.66,12.38,29,0.013871489092707634
quality_4_6_compact_0,compact,ring,2,poor,41,"{""A"": 5, ""B"": 4, ""C"": 0, ""D"": 2}","[0.8947169779248247, 1.8249019170674114, 0.07380948832626592]",0.40940614485642934,0.7236564535459643,0.5657465539764238,9.66,9.66,9.66,24.64,25,0.01211880799382925
quality_4_6_compact_0,compact,ring,2,poor,53,"{""A"": 5, ""B"": 4, ""C"": 0, ""D"": 2}","[0.6719678461569043, 1.7815603585270225, 0.11038657489371495]",0.5130263159950573,0.7517958990422234,0.68240105678768,9.66,9.66,9.66,24.64,24,0.011612588074058294
quality_4_6_compact_0,compact,ring,2,random,41,"{""A"": 4, ""B"": 5, ""C"": 0, ""D"": 2}","[0.8998613611798219, 1.7100854952980835, 0.130364977693284]",0.001740450545478105,0.6019908099497153,0.0028911579989460067,10.776543282762368,10.005569063587338,9.66,19.6,27,0.012920612934976816
quality_4_6_compact_0,compact,ring,2,random,53,"{""A"": 4, ""B"": 5, ""C"": 0, ""D"": 2}","[0.7716565588144216, 1.9372389003176658, -0.2074896988473236]",0.008812914249754873,0.5660737531418666,0.01556849120956545,10.23427834486764,9.672201586202235,9.66,19.6,33,0.015595116186887026
quality_4_6_compact_0,compact,ring,3,deterministic,41,"{""A"": 0, ""B"": 1, ""C"": 2, ""D"": 3}","[0.6056905946509515, 1.8266046941773888, 0.07709601503678987, 0.9051133582760212, 0.03000045207508562]",4.201010979946487e-05,0.4463215149814437,9.412521778433981e-05,11.980305190894889,11.248179856414238,9.66,12.38,33,0.02361874282360077
quality_4_6_compact_0,compact,ring,3,deterministic,53,"{""A"": 0, ""B"": 1, ""C"": 2, ""D"": 3}","[0.6081206020850652, 1.8142257507283415, 0.03158005134056277, 0.9534376178211641, 0.047188371035462154]",2.478903167342134e-05,0.4389372604337038,5.647511366186564e-05,12.267918077530654,12.031135686897828,9.66,12.38,54,0.03660738421604037
quality_4_6_compact_0,compact,ring,3,poor,41,"{""A"": 5, ""B"": 4, ""C"": 0, ""D"": 2}","[0.7057876620238129, 1.7919209494368802, 0.1394299541261215, 1.003818778838045, -0.06025164861642965]",0.4324598967205953,0.7605162685841022,0.568639902372807,9.66,9.66,9.66,24.64,34,0.023593525867909193
quality_4_6_compact_0,compact,ring,3,poor,53,"{""A"": 5, ""B"": 4, ""C"": 0, ""D"": 2}","[0.7380835711480014, 1.5810956450326896, -0.014016333204084104, 1.2290256644336586, 0.05986946041563357]",0.7916385711691883,0.9253928200162713,0.8554621929693261,9.66,9.66,9.66,24.64,37,0.025417761877179146
quality_4_6_compact_0,compact,ring,3,random,41,"{""A"": 4, ""B"": 5, ""C"": 0, ""D"": 2}","[0.6460887877230137, 1.8933500624040895, 0.1790371243123741, 0.937334921579931, -0.006733331199784113]",0.0061264384915076095,0.48008344695963234,0.012761195017879359,10.284238740731452,9.696136120121112,9.66,19.6,39,0.026748029980808496
quality_4_6_compact_0,compact,ring,3,random,53,"{""A"": 4, ""B"": 5, ""C"": 0, ""D"": 2}","[0.6111518148330252, 1.8971510141007384, 0.019726889921892102, 0.893218585066754, -0.03417227230464066]",0.00016328104370837891,0.6134049070535981,0.0002661880298491185,10.506803545284898,10.414230942076395,9.66,19.6,46,0.031416336074471474
quality_4_6_compact_0,compact,ring,4,deterministic,41,"{""A"": 0, ""B"": 1, ""C"": 2, ""D"": 3}","[0.6134082511619975, 1.7583166824864656, 0.08905296077883493, 0.959884528202055, 0.09626960660420789, 1.0634563584360568, 0.0871004725600781]",0.0002076297894596376,0.45385004723699507,0.00045748544199493234,12.03591932539119,11.348174775285532,9.66,12.38,83,0.07557669514790177
quality_4_6_compact_0,compact,ring,4,deterministic,53,"{""A"": 0, ""B"": 1, ""C"": 2, ""D"": 3}","[0.6112103740658482, 1.7787350330805574, 0.0754426146388792, 0.9827248275916306, 0.04757148317297401, 1.0182822077633742, 0.08357874510240372]",0.0001690599844343614,0.4393001673059903,0.00038483933541642445,11.797906625972075,10.932198592866687,9.66,12.38,48,0.04380946001037955
quality_4_6_compact_0,compact,ring,4,poor,41,"{""A"": 5, ""B"": 4, ""C"": 0, ""D"": 2}","[0.670885652162838, 1.567372663036515, 0.1274641036485677, 1.2990981225072014, 0.0017091127758687755, 0.7710685445549902, -0.015663528192045417]",0.36772270492446935,0.664683710473975,0.5532296024860491,9.66,9.66,9.66,24.64,47,0.04313661623746157
quality_4_6_compact_0,compact,ring,4,poor,53,"{""A"": 5, ""B"": 4, ""C"": 0, ""D"": 2}","[0.7072660064283941, 1.5578394381838845, -0.09070726669953023, 1.253720911371149, -0.00039953236109535427, 0.8246561296868496, 0.017151178652454673]",0.5744340364753164,0.7700646550242298,0.7459555931147652,9.66,9.66,9.66,24.64,45,0.04126349790021777
quality_4_6_compact_0,compact,ring,4,random,41,"{""A"": 4, ""B"": 5, ""C"": 0, ""D"": 2}","[0.6179118640768193, 1.8614175364001788, 0.1279323737219623, 1.026968268231794, 0.02210322521394358, 1.07878013155055, 0.0399329031021806]",0.003123974467697627,0.5546986406412009,0.005631840857021906,10.323297967902226,9.825262470004443,9.66,19.6,59,0.0538332830183208
quality_4_6_compact_0,compact,ring,4,random,53,"{""A"": 4, ""B"": 5, ""C"": 0, ""D"": 2}","[0.620695791117443, 1.5858691881487657, -0.0008171400613747399, 1.026387704308334, -0.046959646107781736, 1.1284109431639682, -0.014065501817096593]",0.0001609764428700194,0.646988174453856,0.0002488089415326716,10.556892039731327,10.415136471376425,9.66,19.6,53,0.04848121292889118
quality_4_6_compact_0,compact,ring,6,deterministic,41,"{""A"": 0, ""B"": 1, ""C"": 2, ""D"": 3}","[0.7472417884236742, 1.4463982699456257, 0.15797311030534525, 0.8767507902233125, 0.19942396224628975, 0.7338238308869843, 0.0572675985638784, 0.6098721407674768, -0.07178343910906623, 0.5042158144760148, -0.0496421660543759]",0.00021425566700798162,0.41721720694375186,0.0005135350686455917,10.763340635283338,10.500462734418653,9.66,12.38,200,0.2664688602089882
quality_4_6_compact_0,compact,ring,6,deterministic,53,"{""A"": 0, ""B"": 1, ""C"": 2, ""D"": 3}","[0.7553503414588916, 1.4032936236730202, 0.09123062188734415, 1.0152177902773691, 0.1809701951149242, 0.8609177555336596, 0.19549760826660342, 0.631419641911234, 0.010733313898994954, 0.34509719459900756, 0.04484871463754979]",7.6264062594034e-05,0.42972864602997896,0.0001774702787412353,11.298202775688493,10.660378045814655,9.66,12.38,200,0.2651041760109365
quality_4_6_compact_0,compact,ring,6,poor,41,"{""A"": 5, ""B"": 4, ""C"": 0, ""D"": 2}","[0.7162133960894412, 1.5361485815140734, -0.062170515899691026, 1.2243136864294972, 0.020425267222192477, 0.6855697211073436, -0.0884113534466983, 0.5641879195081083, -0.029608678908884196, 0.5135718750007916, 0.0029350523980317214]",0.5428168742876044,0.7740201862412981,0.701295500991473,9.66,9.66,9.66,24.64,72,0.09676076611503959
quality_4_6_compact_0,compact,ring,6,poor,53,"{""A"": 5, ""B"": 4, ""C"": 0, ""D"": 2}","[0.6464105057170695, 1.587651056820222, 0.08767355747476073, 1.19515278283005, 0.02436901655772795, 0.8474742581042197, 0.024139831754441704, 0.8664780251229068, 0.025147842926768586, 0.5009265464103205, -0.03135884370177607]",0.4268455726377803,0.7693680628515089,0.5548002227383373,9.66,9.66,9.66,24.64,66,0.0885420716367662
quality_4_6_compact_0,compact,ring,6,random,41,"{""A"": 4, ""B"": 5, ""C"": 0, ""D"": 2}","[0.721065055012481, 1.7775747858594746, 0.14554080754847484, 1.2613109703349126, 0.09524978808229796, 0.8848800283111031, 0.06217927647712474, 0.5566407686147784, 0.20126824402304613, 0.5320982263572055, 0.188075593138536]",0.07958839168083576,0.45198753225966903,0.17608536961836335,9.66002733260379,9.66,9.66,19.6,143,0.19018505699932575
quality_4_6_compact_0,compact,ring,6,random,53,"{""A"": 4, ""B"": 5, ""C"": 0, ""D"": 2}","[0.7214915976061627, 1.6263137516502095, 0.12477489478972281, 1.2850208336555522, 0.0047087733681740905, 0.7034491592063413, -0.010238893093076408, 0.8480476936700155, 0.1841358758310459, 0.5293713379791508, 0.06684431079432708]",0.036091987111869284,0.4285232413846294,0.08422410648078296,9.676840167272255,9.660000008471679,9.66,19.6,162,0.21530924690887332
quality_4_6_compact_0,compact,token,1,deterministic,41,"{""A"": 0, ""B"": 1, ""C"": 2, ""D"": 3}",[0.3980414606531415],0.0,1.0000000000000002,0.0,12.38,12.38,9.66,12.38,10,0.0017226352356374264
quality_4_6_compact_0,compact,token,1,deterministic,53,"{""A"": 0, ""B"": 1, ""C"": 2, ""D"": 3}",[0.3703181754309576],0.0,0.9999999999999998,0.0,12.38,12.38,9.66,12.38,11,0.0014685080386698246
quality_4_6_compact_0,compact,token,1,poor,41,"{""A"": 5, ""B"": 4, ""C"": 0, ""D"": 2}",[0.9443539606531414],0.0,1.0,0.0,12.600625017138384,12.600000000001222,9.66,24.64,14,0.0018190559931099415
quality_4_6_compact_0,compact,token,1,poor,53,"{""A"": 5, ""B"": 4, ""C"": 0, ""D"": 2}",[0.9411931754309573],0.0,1.0,0.0,12.600590541427037,12.600000000000973,9.66,24.64,16,0.001986159011721611
quality_4_6_compact_0,compact,token,1,random,41,"{""A"": 4, ""B"": 5, ""C"": 0, ""D"": 2}",[0.9767289606531414],0.0,1.0,0.0,12.600000567085377,12.600000000000001,9.66,19.6,16,0.0019823331385850906
quality_4_6_compact_0,compact,token,1,random,53,"{""A"": 4, ""B"": 5, ""C"": 0, ""D"": 2}",[0.9791306754309577],0.0,1.0,0.0,12.600000546403534,12.600000000000001,9.66,19.6,13,0.0016898331232368946
quality_4_6_compact_0,compact,token,2,deterministic,41,"{""A"": 0, ""B"": 1, ""C"": 2, ""D"": 3}","[0.4733637638357823, 1.551867872793154, 0.2608559511721982]",0.0015754395091633112,0.9999999999999997,0.0015754395091633116,10.992630374693993,10.107707192986094,9.66,12.38,47,0.008805867284536362
quality_4_6_compact_0,compact,token,2,deterministic,53,"{""A"": 0, ""B"": 1, ""C"": 2, ""D"": 3}","[0.37496545928104164, 1.5344342736562833, 0.3817533043180503]",0.002132580979439258,1.0000000000000002,0.0021325809794392574,10.690281222270945,9.974083128614774,9.66,12.38,26,0.004882458131760359
quality_4_6_compact_0,compact,token,2,poor,41,"{""A"": 5, ""B"": 4, ""C"": 0, ""D"": 2}","[1.5718942309082597, 2.1531530627461066, 1.0351950405304133]",0.10534722260575542,1.0,0.10534722260575542,9.660000531952072,9.66,9.66,24.64,38,0.006941935978829861
quality_4_6_compact_0,compact,token,2,poor,53,"{""A"": 5, ""B"": 4, ""C"": 0, ""D"": 2}","[1.5714515618310125, 2.3760116955500887, 1.0339519185432144]",0.1053213386468438,1.0,0.1053213386468438,9.660000533915493,9.66,9.66,24.64,39,0.007105853874236345
quality_4_6_compact_0,compact,token,2,random,41,"{""A"": 4, ""B"": 5, ""C"": 0, ""D"": 2}","[1.570175691755214, 1.2996690549532812, 0.8000287103222393]",0.062392955199650484,1.0,0.062392955199650484,9.660215025324105,9.660000000000004,9.66,19.6,38,0.006963986903429031
quality_4_6_compact_0,compact,token,2,random,53,"{""A"": 4, ""B"": 5, ""C"": 0, ""D"": 2}","[1.5717433243745378, 2.109201078045836, 0.800793044738347]",0.0623813721687762,1.0,0.0623813721687762,9.66021536553413,9.660000000000004,9.66,19.6,41,0.007442586589604616
quality_4_6_compact_0,compact,token,3,deterministic,41,"{""A"": 0, ""B"": 1, ""C"": 2, ""D"": 3}","[0.4684779146234076, 2.042615544929683, 0.6701490193501293, 1.2366738795512238, 0.4717062309322885]",0.026425986157779014,1.0,0.026425986157779014,9.697135578464145,9.660000936401977,9.66,12.38,98,0.02372580487281084
quality_4_6_compact_0,compact,token,3,deterministic,53,"{""A"": 0, ""B"": 1, ""C"": 2, ""D"": 3}","[0.42272214001522945, 2.1507802240927187, 0.7202111045735715, 1.199929842510835, 0.6004853604775036]",0.021068835403089323,1.0,0.021068835403089323,9.725031471193208,9.660015323100858,9.66,12.38,89,0.02108004642650485
quality_4_6_compact_0,compact,token,3,poor,41,"{""A"": 5, ""B"": 4, ""C"": 0, ""D"": 2}","[1.5727652526411358, 1.5840279124518188, -0.13356475093988254, 0.9410313052134817, 1.0127611491272566]",0.1134662171926753,0.9999999999999999,0.11346621719267531,9.660000165850487,9.66,9.66,24.64,200,0.04651258606463671
quality_4_6_compact_0,compact,token,3,poor,53,"{""A"": 5, ""B"": 4, ""C"": 0, ""D"": 2}","[1.5714703836992268, 2.0805686004197055, -0.14923886769328418, 0.8560580573681865, 1.0064456577718055]",0.11528427608952149,1.0,0.11528427608952149,9.660000127953627,9.66,9.66,24.64,166,0.03904880955815315
quality_4_6_compact_0,compact,token,3,random,41,"{""A"": 4, ""B"": 5, ""C"": 0, ""D"": 2}","[1.5783398065143839, 1.941661363600961, 0.449390724181382, 1.4730215463077603, 0.774511178190623]",0.16092354775878692,1.0,0.16092354775878692,9.66000000014468,9.66,9.66,19.6,70,0.016811098903417587
quality_4_6_compact_0,compact,token,3,random,53,"{""A"": 4, ""B"": 5, ""C"": 0, ""D"": 2}","[1.5662368784075669, 2.0994027721805333, 0.4474130014109835, 1.4738073885134635, 0.7781712380208718]",0.16071071192875253,1.0,0.16071071192875253,9.660000000149456,9.66,9.66,19.6,69,0.01660807803273201
quality_4_6_compact_0,compact,token,4,deterministic,41,"{""A"": 0, ""B"": 1, ""C"": 2, ""D"": 3}","[0.4141047646122578, 2.010820531279214, 0.6487299725764081, 1.1519301201471681, 0.4800179049732189, 0.8572772884351739, 0.35173061730394595]",0.02435236969785777,1.0000000000000002,0.024352369697857763,9.70240228246716,9.66000283016,9.66,12.38,116,0.037459124345332384
quality_4_6_compact_0,compact,token,4,deterministic,53,"{""A"": 0, ""B"": 1, ""C"": 2, ""D"": 3}","[0.41298195534716703, 2.0091939099360068, 0.6465670331821332, 1.1507648280032154, 0.48019742726032527, 0.857588530839144, 0.35494711698185977]",0.024245600188525705,1.0,0.024245600188525705,9.702931579885574,9.660002991907769,9.66,12.38,200,0.06346504995599389
quality_4_6_compact_0,compact,token,4,poor,41,"{""A"": 5, ""B"": 4, ""C"": 0, ""D"": 2}","[1.47929857495716, 1.5110708741677015, 1.6210053088626921, 1.2201029478412884, 0.4163739134652613, 0.9463016611719396, 0.42013003283055705]",0.2544848625464644,0.9999999999999999,0.25448486254646446,9.66,9.66,9.66,24.64,81,0.026124398689717054
quality_4_6_compact_0,compact,token,4,poor,53,"{""A"": 5, ""B"": 4, ""C"": 0, ""D"": 2}","[1.5755655649912446, 1.3366576688204197, 1.255448080482646, 1.7841483929816802, 0.38361071207110914, 0.8728010589962641, 0.37186481797557197]",0.252205641228183,1.0,0.252205641228183,9.659999999999998,9.66,9.66,24.64,79,0.025556673295795918
quality_4_6_compact_0,compact,token,4,random,41,"{""A"": 4, ""B"": 5, ""C"": 0, ""D"": 2}","[1.4919005873161413, 1.4036931155491437, 0.3041689527607824, 1.590231989218277, 0.7508993496746117, 1.2326193294554952, 0.4613006129175113]",0.2395004491916929,1.0,0.2395004491916929,9.660000000000002,9.66,9.66,19.6,127,0.040822490118443966
quality_4_6_compact_0,compact,token,4,random,53,"{""A"": 4, ""B"": 5, ""C"": 0, ""D"": 2}","[1.517611556792152, 0.8324068158307358, 0.3174052750369184, 1.5659646345471074, 0.7622474265688269, 1.2058534493532276, 0.43463167020965876]",0.23738107369919711,0.9999999999999999,0.23738107369919714,9.66,9.66,9.66,19.6,200,0.06319988192990422
quality_4_6_compact_0,compact,token,6,deterministic,41,"{""A"": 0, ""B"": 1, ""C"": 2, ""D"": 3}","[-0.3270889327955264, 1.8488463795800758, 0.6090860913614711, 0.9057605697096712, 0.7869836883100573, 0.3686409169261292, 1.3955114510602615, 0.21886276999155904, 0.47433600877240395, 0.6532930498502448, 0.3326324503397551]",0.12147594237739719,1.0,0.12147594237739719,9.660000052227955,9.66,9.66,12.38,200,0.08892870927229524
quality_4_6_compact_0,compact,token,6,deterministic,53,"{""A"": 0, ""B"": 1, ""C"": 2, ""D"": 3}","[-0.29701969285973273, 1.812491303411134, 0.603090231157683, 0.8403807167401725, 0.7413001934377725, 0.3694971098458207, 1.2343843962938403, 0.4286993154864041, -0.03325609684469976, 0.04032400613813494, 0.41757618703860927]",0.09263392603791216,1.0,0.09263392603791216,9.660003236649251,9.66,9.66,12.38,200,0.08825278887525201
quality_4_6_compact_0,compact,token,6,poor,41,"{""A"": 5, ""B"": 4, ""C"": 0, ""D"": 2}","[1.6054398138150656, 1.190990967218088, -0.04014608194192049, 0.8690995445265441, 1.1782317423699205, 0.5124788609958052, -0.13206543634516799, 0.48190458647766365, -0.27392072358505126, 0.6146315584836252, -0.09472900631254817]",0.2525422160338776,1.0,0.2525422160338776,9.659999999999998,9.66,9.66,24.64,102,0.04554602084681392
quality_4_6_compact_0,compact,token,6,poor,53,"{""A"": 5, ""B"": 4, ""C"": 0, ""D"": 2}","[0.09249831218057701, 2.19955507270894, 0.12660200044174064, 0.9012506673949437, 1.490894484837887, 1.3476329243516698, 1.087622575153343, 0.7101687818741947, -0.3773093419538771, 0.5809393556483841, -0.05372216891173306]",0.2511327877904551,0.9999999999999999,0.25113278779045517,9.659999999999998,9.66,9.66,24.64,178,0.07921254262328148
quality_4_6_compact_0,compact,token,6,random,41,"{""A"": 4, ""B"": 5, ""C"": 0, ""D"": 2}","[1.4982955481128821, 1.710851066625558, 0.33341087211764986, 1.5274212286043416, 0.7433443599226562, 0.6211974805919463, 0.11593889735412967, 0.6381967942699367, 0.3581211673315107, 1.1242535269269367, -0.11513977598652647]",0.2523408984937685,1.0,0.2523408984937685,9.659999999999998,9.66,9.66,19.6,118,0.05257349694147706
quality_4_6_compact_0,compact,token,6,random,53,"{""A"": 4, ""B"": 5, ""C"": 0, ""D"": 2}","[1.564127476210362, 1.533789832039873, 0.3822693261444186, 1.6383021839902832, 0.7490876441665436, 0.8735572203743873, 0.29155178086742767, 0.8507730073464912, 0.19171431769810598, 0.9980029604670191, -0.23875199758939014]",0.2540751059678481,1.0,0.2540751059678481,9.66,9.66,9.66,19.6,103,0.045806830283254385
quality_4_6_compact_1,compact,complete,1,deterministic,41,"{""A"": 0, ""B"": 1, ""C"": 2, ""D"": 3}",[0.45529146065314147],0.0007712412361900899,0.36707438866386727,0.002101048888203206,9.129042725450175,8.28889097739925,8.23,11.129999999999999,13,0.005728987976908684
quality_4_6_compact_1,compact,complete,1,deterministic,53,"{""A"": 0, ""B"": 1, ""C"": 2, ""D"": 3}",[0.14119317543095752],0.0005664984419220014,0.456816822157976,0.0012400997827660897,9.992667894821807,9.256422069136471,8.23,11.129999999999999,17,0.006672370247542858
quality_4_6_compact_1,compact,complete,1,poor,41,"{""A"": 1, ""B"": 2, ""C"": 4, ""D"": 5}",[0.6828539606531416],1.12786798127724e-09,0.5483118208205079,2.0569827941872005e-09,9.933231894759135,9.70304231913625,8.23,17.99,16,0.00631547998636961
quality_4_6_compact_1,compact,complete,1,poor,53,"{""A"": 1, ""B"": 2, ""C"": 4, ""D"": 5}",[0.6822556754309576],1.2154215558478886e-09,0.5483203550515455,2.216626730433218e-09,9.935595876196071,9.70357851408774,8.23,17.99,15,0.0059413667768239975
quality_4_6_compact_1,compact,complete,1,random,41,"{""A"": 0, ""B"": 5, ""C"": 3, ""D"": 4}",[0.6646664606531414],0.1947322876228929,0.6787834429758257,0.28688426277632134,8.23000000000126,8.23,8.23,13.989999999999998,15,0.005954722873866558
quality_4_6_compact_1,compact,complete,1,random,53,"{""A"": 0, ""B"": 5, ""C"": 3, ""D"": 4}",[0.6650681754309574],0.19477087585248595,0.6798206553898725,0.28650332158675906,8.230000000001258,8.23,8.23,13.989999999999998,14,0.005593765061348677
quality_4_6_compact_1,compact,complete,2,deterministic,41,"{""A"": 0, ""B"": 1, ""C"": 2, ""D"": 3}","[0.4556041010313943, 1.29980525550945, 0.044464049234776655]",0.0011602450452139112,0.3921910839236989,0.002958366706367139,9.086730426847522,8.284181120390173,8.23,11.129999999999999,69,0.048235942143946886
quality_4_6_compact_1,compact,complete,2,deterministic,53,"{""A"": 0, ""B"": 1, ""C"": 2, ""D"": 3}","[0.45541046022287984, 1.29535261802777, 0.043849336757431356]",0.0011566869301378158,0.3918027683474927,0.0029522173490921884,9.088225830616345,8.284300658591773,8.23,11.129999999999999,56,0.03880609292536974
quality_4_6_compact_1,compact,complete,2,poor,41,"{""A"": 1, ""B"": 2, ""C"": 4, ""D"": 5}","[0.6822238639577537, 1.8542809336791577, 0.0036746315496150677]",3.4349118443580916e-09,0.5404779289192865,6.355323058661017e-09,9.93058027735131,9.704962859402219,8.23,17.99,30,0.021151931025087833
quality_4_6_compact_1,compact,complete,2,poor,53,"{""A"": 1, ""B"": 2, ""C"": 4, ""D"": 5}","[0.6789216105732028, 1.8769523836704884, 0.00962338880311422]",1.536002279450101e-08,0.525131968162619,2.9249833805098745e-08,9.94416196069825,9.712294832988777,8.23,17.99,28,0.019758172798901796
quality_4_6_compact_1,compact,complete,2,random,41,"{""A"": 0, ""B"": 5, ""C"": 3, ""D"": 4}","[0.6654131323347531, 1.5390171735246032, 0.04494360045785909]",0.23485037942109074,0.6415766966653592,0.3660519165389616,8.230000000000002,8.23,8.23,13.989999999999998,37,0.025916378013789654
quality_4_6_compact_1,compact,complete,2,random,53,"{""A"": 0, ""B"": 5, ""C"": 3, ""D"": 4}","[0.6685548178377853, 1.5750446826760247, 0.04234327241099533]",0.2339322089979383,0.6398725037969324,0.3655919071530821,8.230000000000002,8.23,8.23,13.989999999999998,200,0.13518189685419202
quality_4_6_compact_1,compact,complete,3,deterministic,41,"{""A"": 0, ""B"": 1, ""C"": 2, ""D"": 3}","[0.60271800129254, 1.907421005362432, 0.4545534262070642, 0.7536196447200217, -0.07285936901839775]",0.0014036772306261478,0.4026755435693065,0.003485876540164287,9.714803313385026,8.828436957162332,8.23,11.129999999999999,200,0.20108321215957403
quality_4_6_compact_1,compact,complete,3,deterministic,53,"{""A"": 0, ""B"": 1, ""C"": 2, ""D"": 3}","[0.07569583897484007, 1.8770352347422807, 0.05798571740101744, 1.179187931272269, 0.46991626543464143]",0.0015861190091486647,0.4298740148624586,0.0036897299076245754,8.291117737967763,8.243309481115128,8.23,11.129999999999999,54,0.05512540880590677
quality_4_6_compact_1,compact,complete,3,poor,41,"{""A"": 1, ""B"": 2, ""C"": 4, ""D"": 5}","[0.4092805391895226, 1.6960582320159796, 0.10275128213811183, 1.0722635117926806, 0.06217007239130311]",0.0002476702578660052,0.37423026176113133,0.0006618124806381678,9.037925971230763,8.503804351778728,8.23,17.99,100,0.10111013380810618
quality_4_6_compact_1,compact,complete,3,poor,53,"{""A"": 1, ""B"": 2, ""C"": 4, ""D"": 5}","[0.4094887876002932, 1.693825320199837, 0.10243113610905812, 1.071924206469243, 0.06271940660746661]",0.00025455191300553814,0.3739672833324139,0.0006806796325529652,9.044507725735022,8.512210199644688,8.23,17.99,98,0.09896940318867564
quality_4_6_compact_1,compact,complete,3,random,41,"{""A"": 0, ""B"": 5, ""C"": 3, ""D"": 4}","[0.6768034105290969, 1.7511305227732639, 0.03009041865094575, 0.9950943639689914, 0.04749754851245164]",0.2501710924151759,0.6017716337505405,0.4157243020180015,8.229999999999999,8.23,8.23,13.989999999999998,110,0.10985728958621621
quality_4_6_compact_1,compact,complete,3,random,53,"{""A"": 0, ""B"": 5, ""C"": 3, ""D"": 4}","[0.6746343350555672, 1.880637106847405, 0.01787483635336624, 0.8795601076424407, 0.04539727207515968]",0.2330190963842936,0.637380166943214,0.36558887218254776,8.230000000000002,8.23,8.23,13.989999999999998,200,0.19844111008569598
quality_4_6_compact_1,compact,complete,4,deterministic,41,"{""A"": 0, ""B"": 1, ""C"": 2, ""D"": 3}","[0.44539136586305617, 1.5877739274018272, -0.09100853758311851, 1.2690914130660607, 0.017391315919494815, 0.8766223117721014, -0.021660809872862914]",0.004215230765055589,0.3776902137400994,0.011160550662178984,8.322214798345899,8.233453096983704,8.23,11.129999999999999,200,0.2705710637383163
quality_4_6_compact_1,compact,complete,4,deterministic,53,"{""A"": 0, ""B"": 1, ""C"": 2, ""D"": 3}","[0.4398254784073493, 1.602840543289404, -0.07207310934079648, 1.4047515573735798, 0.036568269541113696, 0.8071696702219604, 0.011349052002688606]",0.0012629603162391816,0.3816617511575206,0.003309108948981185,8.576829975696677,8.246714557560859,8.23,11.129999999999999,200,0.2701615747064352
quality_4_6_compact_1,compact,complete,4,poor,41,"{""A"": 1, ""B"": 2, ""C"": 4, ""D"": 5}","[0.41531247178462705, 1.6850955125235123, 0.10598531674202402, 1.0785541329393071, 0.06258872219830094, 0.6687498574278591, 0.02671293458173501]",0.00028872386251538936,0.37437850032164954,0.0007712084488487734,9.055868088824786,8.526864986887295,8.23,17.99,200,0.2689915671944618
quality_4_6_compact_1,compact,complete,4,poor,53,"{""A"": 1, ""B"": 2, ""C"": 4, ""D"": 5}","[0.6882457558066147, 1.574676593288147, 0.018891137644996298, 0.846853994068793, -0.012143503534116548, 0.6634323630336013, -0.07125803220635676]",4.512439619334251e-06,0.5809685326952438,7.767098156590388e-06,9.683627065155575,9.538430247717283,8.23,17.99,68,0.09309250814840198
quality_4_6_compact_1,compact,complete,4,random,41,"{""A"": 0, ""B"": 5, ""C"": 3, ""D"": 4}","[0.6825979257423372, 1.7475166964294895, 0.03368354345668318, 0.9766060438002423, 0.055349905785040794, 0.684908881890243, -0.017475620567297668]",0.2514337809696915,0.5947230195405575,0.422774590369702,8.229999999999999,8.23,8.23,13.989999999999998,56,0.07655678503215313
quality_4_6_compact_1,compact,complete,4,random,53,"{""A"": 0, ""B"": 5, ""C"": 3, ""D"": 4}","[0.3378243679847527, 1.6422087740511304, 0.4387229503360662, 1.0095633037874363, 0.2136689101725466, 0.8807836421670366, -0.054080921057597965]",0.00018759004400049513,0.3317849326015041,0.0005653965131255774,9.162013553752038,8.67520469097905,8.23,13.989999999999998,200,0.26949073374271393
quality_4_6_compact_1,compact,complete,5,deterministic,41,"{""A"": 0, ""B"": 1, ""C"": 2, ""D"": 3}","[0.4272185556254542, 1.5147060630182425, 0.10854958092147407, 1.1452938431700364, 0.22232232378194133, 0.7262568700933757, 0.03682670375929846, 0.6832864836983277, 0.2876072607997416]",0.0010128941875389005,0.34216955694819795,0.002960211295747288,9.267042992454902,8.567750023312167,8.23,11.129999999999999,200,0.326684158295393
quality_4_6_compact_1,compact,complete,5,deterministic,53,"{""A"": 0, ""B"": 1, ""C"": 2, ""D"": 3}","[0.33708990867252886, 1.5188752742918241, 0.058898273169355066, 1.19300075701604, 0.07619354629984952, 0.8449182116442417, 0.10829252060632925, 0.6623192530248114, 0.2926332024601557]",0.0008378149240873198,0.3790411425425596,0.0022103535211701933,9.126225511177463,8.347273646873393,8.23,11.129999999999999,200,0.3260163953527808
quality_4_6_compact_1,compact,complete,5,poor,41,"{""A"": 1, ""B"": 2, ""C"": 4, ""D"": 5}","[0.6883537734378656, 1.697029945773489, 0.02575417800604901, 0.8694273001335073, 0.014094748064134776, 0.7082580111404213, -0.07341000691051455, 0.7763554073534721, 0.08121430249823884]",8.213929986998137e-05,0.5098092474228496,0.00016111771272334885,9.616017097688827,9.349835346503806,8.23,17.99,101,0.16610323311761022
quality_4_6_compact_1,compact,complete,5,poor,53,"{""A"": 1, ""B"": 2, ""C"": 4, ""D"": 5}","[0.45794407908695006, 1.7549728728465497, 0.0638563630946142, 0.9267841910369018, -0.014307640802716534, 0.6746164489440549, -0.011317530656548678, 0.5750760987814243, -0.09809997758761405]",0.00014853166535708036,0.34534685371473395,0.00043009416115825287,8.880489800352086,8.358054469033316,8.23,17.99,200,0.332706016022712
quality_4_6_compact_1,compact,complete,5,random,41,"{""A"": 0, ""B"": 5, ""C"": 3, ""D"": 4}","[0.6758933633937987, 1.8086814941442162, 0.0351901115754301, 0.9463110291382755, 0.04426299738268797, 0.7815636544162619, 0.028386734980666774, 0.5315947607666859, -0.02223566376678803]",0.25985165751594497,0.5390321833918953,0.48207076594353127,8.23,8.23,8.23,13.989999999999998,66,0.10893844487145543
quality_4_6_compact_1,compact,complete,5,random,53,"{""A"": 0, ""B"": 5, ""C"": 3, ""D"": 4}","[0.6032397906280802, 1.7520910017394908, 0.2900476632326106, 1.1117489870606134, 0.3232533305069711, 0.7675956388521477, 0.36543507910989426, 0.790686490570671, 0.0481050160161375]",0.0063125268732418,0.34352762591043096,0.018375601835549857,8.82596189056036,8.25250131069238,8.23,13.989999999999998,200,0.3262541387230158
quality_4_6_compact_1,compact,complete,6,deterministic,41,"{""A"": 0, ""B"": 1, ""C"": 2, ""D"": 3}","[0.4132026374872664, 1.571782623509329, 0.35861818924950645, 1.1529500738190472, 0.1369714308393442, 0.8435094242537163, 0.08894763864390112, 0.5075686164029961, 0.1783074896484524, 0.5926754450654291, 0.07240513221062801]",0.0005649156080016035,0.31980512022723057,0.0017664370339043197,9.212715245802846,8.466524309782995,8.23,11.129999999999999,139,0.2807484860531986
quality_4_6_compact_1,compact,complete,6,deterministic,53,"{""A"": 0, ""B"": 1, ""C"": 2, ""D"": 3}","[0.41083175549477485, 1.521354203529361, 0.13732585313932216, 1.3120885259233093, 0.2258093911437769, 0.7972430916298837, 0.3560676960826224, 0.6958086557889303, 0.11990799450336065, 0.5594466287441054, 0.0293481356091744]",0.002138007414850456,0.32336038210427476,0.0066118409464305,8.707224256578781,8.250068455580386,8.23,11.129999999999999,200,0.4011100521311164
quality_4_6_compact_1,compact,complete,6,poor,41,"{""A"": 1, ""B"": 2, ""C"": 4, ""D"": 5}","[0.5878684722786812, 1.7587898909492645, 0.029100854600611046, 0.840158422302596, -0.015407058269326993, 0.6886839356386856, 0.0037842650665319026, 0.4581601805162135, -0.07189316133056405, 0.38231888767205213, 0.09213045614598278]",1.3845374579986929e-05,0.47471813752756553,2.916546364142863e-05,9.57723117278465,9.22067177573739,8.23,17.99,111,0.22323691518977284
quality_4_6_compact_1,compact,complete,6,poor,53,"{""A"": 1, ""B"": 2, ""C"": 4, ""D"": 5}","[0.4570724399096656, 1.7807588478088991, 0.0834121179153031, 1.154506877412482, 0.01785591056275762, 0.9813818999304514, -0.0880931451909613, 0.675093344946038, -0.02709060528845334, 0.568806396221919, -0.05573815662388483]",0.00038094125578590183,0.3284097585180961,0.0011599571751608323,8.514887400946375,8.257594823973402,8.23,17.99,200,0.3998367702588439
quality_4_6_compact_1,compact,complete,6,random,41,"{""A"": 0, ""B"": 5, ""C"": 3, ""D"": 4}","[0.6766592090305281, 1.8321731543866806, -0.04425308411437791, 0.843216604375332, 0.06410852489025923, 0.7799548183040831, -0.027478010444202616, 0.7430154299568619, -0.015520882701316425, 0.2798279641079489, -0.10939044299737954]",0.26390761994177414,0.5990255064541791,0.4405615739201601,8.23,8.23,8.23,13.989999999999998,89,0.1797800869680941
quality_4_6_compact_1,compact,complete,6,random,53,"{""A"": 0, ""B"": 5, ""C"": 3, ""D"": 4}","[0.727897108972397, 1.5193405395915793, 0.048723030240502146, 1.0449658297889217, 0.08972075089346046, 1.06742631078196, 0.06726677854055349, 0.5046539653716352, 0.029385818656674608, 0.4866289948061654, 0.04631930276002532]",0.2527161732108716,0.5269648726214058,0.4795692964385384,8.229999999999999,8.23,8.23,13.989999999999998,68,0.13835538597777486
quality_4_6_compact_1,compact,random_token,3,deterministic,41,"{""A"": 0, ""B"": 1, ""C"": 2, ""D"": 3}","[1.034085378712644, 1.5558521666998213, 1.1043215079974447, 0.7351308020130471, 0.28307002951780114]",0.0009073778566308301,0.9999999999999997,0.0009073778566308304,8.264750621552992,8.248848043523992,8.23,11.129999999999999,140,0.03753855265676975
quality_4_6_compact_1,compact,random_token,3,deterministic,53,"{""A"": 0, ""B"": 1, ""C"": 2, ""D"": 3}","[1.034825655550909, 1.536462567651061, 1.105914414378876, 0.7301009355321396, 0.2811638058705185]",0.0009081892147935817,0.9999999999999998,0.0009081892147935819,8.264930050456208,8.248840208452611,8.23,11.129999999999999,120,0.03206153819337487
quality_4_6_compact_1,compact,random_token,3,poor,41,"{""A"": 1, ""B"": 2, ""C"": 4, ""D"": 5}","[1.0765789879147931, 2.17420140107552, 1.4640218752155467, 0.8571202360898884, 1.1360788957955568]",0.015583762118633562,0.9999999999999988,0.015583762118633581,8.303847814814565,8.230017372587188,8.23,17.99,101,0.02701225597411394
quality_4_6_compact_1,compact,random_token,3,poor,53,"{""A"": 1, ""B"": 2, ""C"": 4, ""D"": 5}","[1.1268790783219025, 2.0918095079212313, 1.372170096020625, 0.7625632343760298, 1.1139076721177303]",0.01637584666075062,1.0000000000000007,0.01637584666075061,8.296803098796946,8.230011553630783,8.23,17.99,56,0.015278862323611975
quality_4_6_compact_1,compact,random_token,3,random,41,"{""A"": 0, ""B"": 5, ""C"": 3, ""D"": 4}","[0.5821207865260276, 1.902454612011673, 0.5032831060697669, 0.84752486574838, 0.5357384934878525]",0.10182831030314123,1.0000000000000002,0.1018283103031412,8.230000363054298,8.23,8.23,13.989999999999998,60,0.016300151124596596
quality_4_6_compact_1,compact,random_token,3,random,53,"{""A"": 0, ""B"": 5, ""C"": 3, ""D"": 4}","[0.5839704541835895, 1.9015877416265994, 0.5031199281317834, 0.8477756769554685, 0.5376235933643402]",0.10176574827828014,0.9999999999999993,0.10176574827828021,8.230000365162391,8.23,8.23,13.989999999999998,70,0.018951438833028078
quality_4_6_compact_1,compact,ring,1,deterministic,41,"{""A"": 0, ""B"": 1, ""C"": 2, ""D"": 3}",[0.2115414606531415],0.001672896585834158,0.42617580678168027,0.0039253673230943,9.928276084968385,8.961343565869443,8.23,11.129999999999999,13,0.003935500048100948
quality_4_6_compact_1,compact,ring,1,deterministic,53,"{""A"": 0, ""B"": 1, ""C"": 2, ""D"": 3}",[0.20994317543095756],0.0016281610635317072,0.43012964045571206,0.0037852798561073576,9.943587770216972,8.98159128571067,8.23,11.129999999999999,16,0.004231015220284462
quality_4_6_compact_1,compact,ring,1,poor,41,"{""A"": 1, ""B"": 2, ""C"": 4, ""D"": 5}",[0.5750414606531414],0.0,0.720228911218747,0.0,8.262755304443361,8.260000000007004,8.23,17.99,13,0.0035703149624168873
quality_4_6_compact_1,compact,ring,1,poor,53,"{""A"": 1, ""B"": 2, ""C"": 4, ""D"": 5}",[0.5754431754309575],0.0,0.7214280816982148,0.0,8.262744285001068,8.260000000006837,8.23,17.99,13,0.0034928489476442337
quality_4_6_compact_1,compact,ring,1,random,41,"{""A"": 0, ""B"": 5, ""C"": 3, ""D"": 4}",[0.6095414606531415],0.0,0.6466368037234183,0.0,11.769047082431378,11.33307805948555,8.23,13.989999999999998,16,0.004158719442784786
quality_4_6_compact_1,compact,ring,1,random,53,"{""A"": 0, ""B"": 5, ""C"": 3, ""D"": 4}",[0.9599431754309576],0.0,0.648883294767836,0.0,11.77811330528683,11.338253068580924,8.23,13.989999999999998,17,0.004341783933341503
quality_4_6_compact_1,compact,ring,2,deterministic,41,"{""A"": 0, ""B"": 1, ""C"": 2, ""D"": 3}","[0.056654252769295525, 1.9428725082010534, 0.2043567771118886]",0.0017134222778682905,0.4463346581624307,0.003838873469791673,9.888574117308579,8.923388807415547,8.23,11.129999999999999,27,0.013418037910014391
quality_4_6_compact_1,compact,ring,2,deterministic,53,"{""A"": 0, ""B"": 1, ""C"": 2, ""D"": 3}","[0.18303739943681985, 1.9592116303930909, -0.1021108350418871]",0.0008652637540387666,0.37757647657244153,0.002291625161327437,10.085610947283277,9.39223133764443,8.23,11.129999999999999,28,0.013131720013916492
quality_4_6_compact_1,compact,ring,2,poor,41,"{""A"": 1, ""B"": 2, ""C"": 4, ""D"": 5}","[0.5666299605955819, 1.7233433693522493, 0.022564337781029325]",1.1008780699155605e-05,0.6998619968431491,1.572993068463876e-05,8.262093569752679,8.259831379862755,8.23,17.99,34,0.01571688475087285
quality_4_6_compact_1,compact,ring,2,poor,53,"{""A"": 1, ""B"": 2, ""C"": 4, ""D"": 5}","[0.5383871566114676, 2.0072064153702827, -0.07167225228802059]",0.00018437129619586765,0.601774544231968,0.0003063793541336595,8.266418645776678,8.257297376641066,8.23,17.99,40,0.018317517824470997
quality_4_6_compact_1,compact,ring,2,random,41,"{""A"": 0, ""B"": 5, ""C"": 3, ""D"": 4}","[0.6821355128665938, 1.5794829421891516, 0.5662692730671481]",0.00034937456481862135,0.5683293250438206,0.0006147396402458787,9.20979320877451,8.381237371682943,8.23,13.989999999999998,30,0.014051686972379684
quality_4_6_compact_1,compact,ring,2,random,53,"{""A"": 0, ""B"": 5, ""C"": 3, ""D"": 4}","[0.6965225934901221, 1.8741137045652747, 0.6112322523163218]",1.5031510959156629e-05,0.5010773624211878,2.9998383655818947e-05,8.748706746691402,8.275220871762798,8.23,13.989999999999998,34,0.015623920131474733
quality_4_6_compact_1,compact,ring,3,deterministic,41,"{""A"": 0, ""B"": 1, ""C"": 2, ""D"": 3}","[0.15639157519549432, 1.4190122761795931, 0.19647668837959276, 1.0906575848231501, 0.11514655289140634]",0.00047842878555839295,0.3965415459711877,0.0012065035566113296,9.939781979386836,9.360086506844578,8.23,11.129999999999999,90,0.0599054261110723
quality_4_6_compact_1,compact,ring,3,deterministic,53,"{""A"": 0, ""B"": 1, ""C"": 2, ""D"": 3}","[0.16348173697861448, 1.4211414821260515, 0.19325905061379245, 1.0890492341313496, 0.11553899053996264]",0.00048671620198587344,0.40126674594523076,0.001212949258577001,9.930023752266724,9.350051489176229,8.23,11.129999999999999,72,0.047639272175729275
quality_4_6_compact_1,compact,ring,3,poor,41,"{""A"": 1, ""B"": 2, ""C"": 4, ""D"": 5}","[0.5753718763998439, 1.7566006778867387, 0.06108936794479951, 1.222765465337664, -0.12433175447266179]",1.180427571026991e-05,0.519597057876986,2.271813423752018e-05,8.260433337257602,8.259819232070054,8.23,17.99,70,0.04627099074423313
quality_4_6_compact_1,compact,ring,3,poor,53,"{""A"": 1, ""B"": 2, ""C"": 4, ""D"": 5}","[0.576037990101895, 1.7561751020029654, 0.05963363320102157, 1.2219594437841976, -0.12410270094887563]",9.949941606973732e-06,0.5227699620696322,1.9033116530992296e-05,8.260444932796556,8.259847556769328,8.23,17.99,79,0.05223506176844239
quality_4_6_compact_1,compact,ring,3,random,41,"{""A"": 0, ""B"": 5, ""C"": 3, ""D"": 4}","[0.7096958581326654, 1.6033686078915248, 0.5696861667831788, 0.7509688744985202, -0.00042643705752468266]",0.0002076496814754441,0.5857897298926289,0.00035447818710223,9.300572077145688,8.51020679715317,8.23,13.989999999999998,47,0.03148509608581662
quality_4_6_compact_1,compact,ring,3,random,53,"{""A"": 0, ""B"": 5, ""C"": 3, ""D"": 4}","[0.6433289607541326, 1.7257426026523435, 0.565842840041571, 0.9816801640022155, 0.055973382521217245]",0.00021960548950647121,0.4801790484292881,0.0004573408403070103,8.86430750472589,8.28505746155978,8.23,13.989999999999998,101,0.0662786946631968
quality_4_6_compact_1,compact,ring,4,deterministic,41,"{""A"": 0, ""B"": 1, ""C"": 2, ""D"": 3}","[0.37403619759493584, 1.4912473778609432, 0.09591358765239959, 1.2727894436768532, 0.10351709702410626, 0.8077426956893393, 0.1504960337603111]",0.02106048818954777,0.35216906560468497,0.05980220935472078,8.343345272757508,8.230017474273128,8.23,11.129999999999999,106,0.0947179002687335
quality_4_6_compact_1,compact,ring,4,deterministic,53,"{""A"": 0, ""B"": 1, ""C"": 2, ""D"": 3}","[0.15497847200394135, 1.4205238697338616, 0.17067012359926453, 1.1394553738340274, 0.15543776097900933, 1.0516914666409491, 0.09091973313904883]",0.001682796650016914,0.4077994467438961,0.004126529997657732,9.671777352858115,8.824004973994123,8.23,11.129999999999999,152,0.13334835320711136
quality_4_6_compact_1,compact,ring,4,poor,41,"{""A"": 1, ""B"": 2, ""C"": 4, ""D"": 5}","[0.5870078257861219, 1.7536813052668503, 0.059860783339241226, 1.2530157297312727, -0.14772226745054248, 0.5035766855846748, -0.07202942213864799]",7.640421664669685e-05,0.50381822220614,0.00015165036372073823,8.260000278375992,8.25884904609866,8.23,17.99,119,0.10535176889970899
quality_4_6_compact_1,compact,ring,4,poor,53,"{""A"": 1, ""B"": 2, ""C"": 4, ""D"": 5}","[0.5729015648543949, 1.7649934461120766, 0.07261456863538122, 1.235950112787024, -0.09977852632825758, 0.8292280493491183, 0.05321193529469608]",4.2485930025126786e-05,0.5210173783442926,8.154417067649466e-05,8.260105077775373,8.259354449125311,8.23,17.99,199,0.1736414902843535
quality_4_6_compact_1,compact,ring,4,random,41,"{""A"": 0, ""B"": 5, ""C"": 3, ""D"": 4}","[0.7138892934715577, 1.7332851235053264, 0.5596593283926588, 0.9783180110817341, 0.002988963055669861, 1.088761555569651, -0.12836534773637878]",0.001458777844454396,0.5024172830819613,0.002903518436917346,9.007961417010899,8.331289592327337,8.23,13.989999999999998,141,0.12400765204802155
quality_4_6_compact_1,compact,ring,4,random,53,"{""A"": 0, ""B"": 5, ""C"": 3, ""D"": 4}","[0.660847275544813, 1.608709631445726, 0.5611330227127485, 0.7599184384778905, -0.004865264159676043, 0.8631561107691134, 0.057367478049242485]",0.0010042399629606384,0.5935375056049155,0.0016919570431141455,8.904568521888711,8.280375372899409,8.23,13.989999999999998,91,0.08036896400153637
quality_4_6_compact_1,compact,ring,6,deterministic,41,"{""A"": 0, ""B"": 1, ""C"": 2, ""D"": 3}","[0.18357442335382662, 1.3641821157846612, 0.17051604066329779, 1.2106747919828247, 0.18608285086150667, 0.6960068395424183, -0.06522078657569708, 0.46526456348328443, 0.14013870353384086, 0.4202444897702755, 0.06216707543454466]",0.0049897882628851175,0.3963649315173252,0.012588874206867145,8.959667155804786,8.271887345366796,8.23,11.129999999999999,200,0.2566629252396524
quality_4_6_compact_1,compact,ring,6,deterministic,53,"{""A"": 0, ""B"": 1, ""C"": 2, ""D"": 3}","[0.15899045653645202, 1.3760601459388055, 0.17552372140997669, 1.2421612818866332, 0.08885878090203142, 0.7549604494722029, -0.10291449236443012, 0.5616062849503437, 0.08133841827472087, 0.9290733762129602, 0.08838521361635458]",0.0012209774304744125,0.4324394230084322,0.0028234646646695867,9.605623902779714,8.714564775275985,8.23,11.129999999999999,200,0.25651346473023295
quality_4_6_compact_1,compact,ring,6,poor,41,"{""A"": 1, ""B"": 2, ""C"": 4, ""D"": 5}","[0.6505706529894478, 1.8453142268094858, 0.16116130828459616, 1.29249636410665, -0.06067054402150702, 0.696303380258745, 0.14975458689741739, 0.8173208891582413, 0.07279821686185867, 0.5963283414122823, 0.10198617152452816]",0.0006641132784165453,0.4508521364036636,0.0014730179249321368,8.415194051570285,8.25154591398087,8.23,17.99,200,0.2554655163548887
quality_4_6_compact_1,compact,ring,6,poor,53,"{""A"": 1, ""B"": 2, ""C"": 4, ""D"": 5}","[0.5982171383367564, 1.7275598967719956, 0.09878976723974299, 0.969536361212714, 0.1062464745399346, 0.7238834899454476, 0.09139482805641631, 0.6026698623694137, 0.10377421453105302, 0.48640408907415417, 0.13842122040148203]",0.0008911281616422143,0.5656545748191137,0.0015753928303809462,8.256823432525634,8.249005650886785,8.23,17.99,200,0.2593761500902474
quality_4_6_compact_1,compact,ring,6,random,41,"{""A"": 0, ""B"": 5, ""C"": 3, ""D"": 4}","[0.7065711404885802, 1.5631894230418435, 0.8798543991660083, 0.9540774911952427, -0.17501702308485895, 1.0604758700449732, 0.05236963917330018, 0.5102951308841762, 0.05838785430306587, 0.4676992514483923, -0.038308850633056564]",0.0015012546303272926,0.4811526178349712,0.0031201215054849863,8.635554719288375,8.250192769746722,8.23,13.989999999999998,200,0.25686095701530576
quality_4_6_compact_1,compact,ring,6,random,53,"{""A"": 0, ""B"": 5, ""C"": 3, ""D"": 4}","[0.5750699904509431, 1.8915671410002366, 0.09182161838215641, 1.1470574374516367, 0.5368016239854455, 0.7467111431817898, -0.07380812869096388, 0.7076444000112154, 0.012356694959252252, 0.6681809088670181, 0.06070607788122399]",0.0009744961726758553,0.41578947158707114,0.002343724984079556,8.257038276993908,8.248210749919716,8.23,13.989999999999998,200,0.2548151849769056
quality_4_6_compact_1,compact,token,1,deterministic,41,"{""A"": 0, ""B"": 1, ""C"": 2, ""D"": 3}",[0.6116664606531415],0.0,1.0,0.0,10.260000047167862,10.26,8.23,11.129999999999999,14,0.0020813890732824802
quality_4_6_compact_1,compact,token,1,deterministic,53,"{""A"": 0, ""B"": 1, ""C"": 2, ""D"": 3}",[0.6135056754309575],0.0,1.0,0.0,10.260000048834948,10.26,8.23,11.129999999999999,15,0.001866695936769247
quality_4_6_compact_1,compact,token,1,poor,41,"{""A"": 1, ""B"": 2, ""C"": 4, ""D"": 5}",[0.9266039606531413],0.0,0.9999999999999998,0.0,11.390000001143822,11.39,8.23,17.99,16,0.0019517247565090656
quality_4_6_compact_1,compact,token,1,poor,53,"{""A"": 1, ""B"": 2, ""C"": 4, ""D"": 5}",[0.9240056754309575],0.0,1.0,0.0,11.39000000116751,11.39,8.23,17.99,14,0.0017548049800097942
quality_4_6_compact_1,compact,token,1,random,41,"{""A"": 0, ""B"": 5, ""C"": 3, ""D"": 4}",[0.8959164606531416],0.113272133865199,1.0,0.113272133865199,8.230000006227556,8.23,8.23,13.989999999999998,14,0.001794540323317051
quality_4_6_compact_1,compact,token,1,random,53,"{""A"": 0, ""B"": 5, ""C"": 3, ""D"": 4}",[0.8933181754309573],0.11379599660377238,1.0,0.11379599660377238,8.230000005773896,8.23,8.23,13.989999999999998,17,0.0020228680223226547
quality_4_6_compact_1,compact,token,2,deterministic,41,"{""A"": 0, ""B"": 1, ""C"": 2, ""D"": 3}","[0.49369009795793833, 0.9980132153060719, 0.6033868135146977]",0.0,1.0,0.0,9.482071323347219,8.703241935493338,8.23,11.129999999999999,50,0.00933496979996562
quality_4_6_compact_1,compact,token,2,deterministic,53,"{""A"": 0, ""B"": 1, ""C"": 2, ""D"": 3}","[0.5177250187448349, 1.056770944738346, 0.529240953859746]",0.0,1.0,0.0,9.589404197383747,8.827049486799204,8.23,11.129999999999999,44,0.007871261332184076
quality_4_6_compact_1,compact,token,2,poor,41,"{""A"": 1, ""B"": 2, ""C"": 4, ""D"": 5}","[0.9096852038614478, 1.7599704037082293, 0.28478510848850236]",0.0,1.0,0.0,11.019954165633928,10.603438138907004,8.23,17.99,35,0.0063314600847661495
quality_4_6_compact_1,compact,token,2,poor,53,"{""A"": 1, ""B"": 2, ""C"": 4, ""D"": 5}","[0.9108600803879368, 1.762463532794143, 0.2848898127234458]",0.0,1.0,0.0,11.017884826386716,10.60173719922857,8.23,17.99,48,0.008501225151121616
quality_4_6_compact_1,compact,token,2,random,41,"{""A"": 0, ""B"": 5, ""C"": 3, ""D"": 4}","[0.9366855723322183, 1.5850850726790646, 0.1498303695679835]",0.12011836152927031,1.0,0.12011836152927031,8.230000002309023,8.23,8.23,13.989999999999998,52,0.009183465037494898
quality_4_6_compact_1,compact,token,2,random,53,"{""A"": 0, ""B"": 5, ""C"": 3, ""D"": 4}","[0.9360175236378367, 1.593941486613004, 0.15166193074275075]",0.1197480422169129,1.0,0.1197480422169129,8.230000002436798,8.23,8.23,13.989999999999998,71,0.012261144816875458
quality_4_6_compact_1,compact,token,3,deterministic,41,"{""A"": 0, ""B"": 1, ""C"": 2, ""D"": 3}","[0.4873582282347895, 0.8400542778850667, 0.5321957940046819, 1.5133936692996697, -0.5007325700034584]",0.0002658086056255218,1.0000000000000002,0.00026580860562552176,8.852616474499401,8.327506751922188,8.23,11.129999999999999,116,0.02776771504431963
quality_4_6_compact_1,compact,token,3,deterministic,53,"{""A"": 0, ""B"": 1, ""C"": 2, ""D"": 3}","[0.5255902706946567, 1.0426017803290164, 0.48447111493163425, 1.0813225739949135, -0.025108048199442793]",7.811032502751011e-07,1.0,7.811032502751011e-07,9.624122175089024,8.903195476308206,8.23,11.129999999999999,87,0.020505397114902735
quality_4_6_compact_1,compact,token,3,poor,41,"{""A"": 1, ""B"": 2, ""C"": 4, ""D"": 5}","[1.0473186612815522, 2.267940078382947, 1.516124692198443, 0.8508518572484147, -0.013519781194922871]",1.498736935418733e-13,1.0,1.498736935418733e-13,9.400000218791662,9.399999522045347,8.23,17.99,200,0.046025270130485296
quality_4_6_compact_1,compact,token,3,poor,53,"{""A"": 1, ""B"": 2, ""C"": 4, ""D"": 5}","[1.0507890993195284, 1.9646213686688632, 1.54246226462327, 1.1090151005738453, -0.009186501144134171]",1.5406061794340008e-14,1.0,1.5406061794340008e-14,9.40000048376009,9.399999893069458,8.23,17.99,200,0.046004751697182655
quality_4_6_compact_1,compact,token,3,random,41,"{""A"": 0, ""B"": 5, ""C"": 3, ""D"": 4}","[0.863179324283242, 1.8902877771858317, -0.3974388459070649, 0.9407159310735229, -0.490769179016995]",0.19880761925697857,1.0,0.19880761925697857,8.230000000000015,8.23,8.23,13.989999999999998,100,0.02333586197346449
quality_4_6_compact_1,compact,token,3,random,53,"{""A"": 0, ""B"": 5, ""C"": 3, ""D"": 4}","[0.923214055524685, 1.8950522017294509, 0.11898683344105448, 1.655369800863389, 0.14340302150306652]",0.1252666527119015,1.0,0.1252666527119015,8.230000001089454,8.23,8.23,13.989999999999998,200,0.046478311996906996
quality_4_6_compact_1,compact,token,4,deterministic,41,"{""A"": 0, ""B"": 1, ""C"": 2, ""D"": 3}","[0.46673479786673794, 0.9478467692966748, 0.7883039099128925, 0.3464565798414391, 0.3830038121799454, 0.9144724005720976, -0.6923610031714609]",0.0032313075937149527,1.0,0.0032313075937149527,8.728066931127616,8.271028767248637,8.23,11.129999999999999,126,0.03856420889496803
quality_4_6_compact_1,compact,token,4,deterministic,53,"{""A"": 0, ""B"": 1, ""C"": 2, ""D"": 3}","[0.4746426387409006, 0.9537284286550478, 0.7868738244214087, 0.3515139964561344, 0.3911597497694786, 0.9345368439930072, -0.699148294608218]",0.003652607056258456,1.0,0.003652607056258456,8.6931455948654,8.260924613636812,8.23,11.129999999999999,145,0.043437860906124115
quality_4_6_compact_1,compact,token,4,poor,41,"{""A"": 1, ""B"": 2, ""C"": 4, ""D"": 5}","[0.4959946970481305, 1.5404652437795652, 1.1702132324258163, 0.14650866636324567, 0.12855581542551645, 0.7342261541271502, 1.6465335502233436]",0.02817969612891777,0.9999999999999999,0.028179696128917773,8.259535884359973,8.230000475194839,8.23,17.99,200,0.059468886349350214
quality_4_6_compact_1,compact,token,4,poor,53,"{""A"": 1, ""B"": 2, ""C"": 4, ""D"": 5}","[0.5064719501848948, 1.553167658526979, 1.189709537950633, 0.2928917569278176, 0.12283956237799003, 1.3746003515244272, 1.4903274953692949]",0.027434796790472907,1.0,0.027434796790472907,8.262552923893923,8.230000701187633,8.23,17.99,200,0.059675013180822134
quality_4_6_compact_1,compact,token,4,random,41,"{""A"": 0, ""B"": 5, ""C"": 3, ""D"": 4}","[0.7923100352262583, 1.8351413192711625, -0.4254090121283265, 1.2463229212389066, -0.2338056844463824, 0.9597101656058293, 0.38345699293900803]",0.25065845936666153,1.0,0.25065845936666153,8.229999999999999,8.23,8.23,13.989999999999998,200,0.05974408285692334
quality_4_6_compact_1,compact,token,4,random,53,"{""A"": 0, ""B"": 5, ""C"": 3, ""D"": 4}","[0.7959880688226043, 1.845589975585984, -0.45010561961654894, 1.0174847742450468, -0.1602897641061223, 1.1087638510630893, 0.4599827352432154]",0.2501312105523415,0.9999999999999999,0.25013121055234155,8.229999999999999,8.23,8.23,13.989999999999998,190,0.05672351969406009
quality_4_6_compact_1,compact,token,6,deterministic,41,"{""A"": 0, ""B"": 1, ""C"": 2, ""D"": 3}","[0.4931793507516707, 1.9172520174140417, 0.42614345200547304, 1.3561206896609008, 0.006139999439402021, 1.2591551804559422, -0.39101442769540956, 0.6979410161225467, -0.2765153958229627, 0.535117369062978, -0.168441794218098]",1.7617040793265417e-05,1.0000000000000002,1.7617040793265414e-05,9.267732026827886,8.845090127876755,8.23,11.129999999999999,166,0.07465527532622218
quality_4_6_compact_1,compact,token,6,deterministic,53,"{""A"": 0, ""B"": 1, ""C"": 2, ""D"": 3}","[0.03611116075068666, 2.3254638379860233, -0.050262634732262806, 1.4115238821460543, 0.34205680787430665, 0.7602605123782153, 0.4276631204699292, 0.5436310841496748, 0.4592847626636493, 0.2687588677116105, 0.4149106222112606]",7.15448192401589e-05,0.9999999999999999,7.154481924015891e-05,8.72414754957729,8.290268226890667,8.23,11.129999999999999,200,0.08990595396608114
quality_4_6_compact_1,compact,token,6,poor,41,"{""A"": 1, ""B"": 2, ""C"": 4, ""D"": 5}","[0.6122583618879508, 1.4381282673900921, 1.1895902964498122, 1.3561303691559135, -0.11344247863587223, 0.8472028353872852, 0.18956792377873527, 1.1595322291646468, 0.2885816442616279, 0.7117990483171959, 1.5042085745472484]",0.05666104561699446,0.9999999999999999,0.05666104561699447,8.230639644613259,8.230000000000105,8.23,17.99,200,0.0900877546519041
quality_4_6_compact_1,compact,token,6,poor,53,"{""A"": 1, ""B"": 2, ""C"": 4, ""D"": 5}","[1.3978354824460555, 1.9224259871509357, 1.4384502292581998, 1.237828160757426, 0.32082133143123265, 1.4353079676992802, 1.4287569601563754, 1.338850451056306, -0.1865691042334851, 0.4290220937477722, 1.1596924469314345]",0.2515603937953149,1.0,0.2515603937953149,8.229999999999999,8.23,8.23,17.99,122,0.05555270193144679
quality_4_6_compact_1,compact,token,6,random,41,"{""A"": 0, ""B"": 5, ""C"": 3, ""D"": 4}","[1.027672362040566, 1.630753396156216, 0.2232105750270607, 1.3006481919429895, 0.1905520212820712, 0.9574938767435093, 0.005377682870809618, 0.8215011242506981, -0.19420463787199924, 0.44686709519337914, -0.0757406754219564]",0.12476221589296478,1.0,0.12476221589296478,8.230000001172888,8.23,8.23,13.989999999999998,200,0.09022347908467054
quality_4_6_compact_1,compact,token,6,random,53,"{""A"": 0, ""B"": 5, ""C"": 3, ""D"": 4}","[1.04535551395229, 1.78183152854396, 0.14261240567431016, 1.400694914785261, 0.22894458906795137, 1.2010490327526606, -0.05914281433139283, 0.6351952236677463, -0.24143572459277707, 0.5538374536222486, -0.009221598452025782]",0.11581012352846441,1.0,0.11581012352846441,8.230000004314697,8.23,8.23,13.989999999999998,188,0.08472761930897832
quality_4_6_compact_2,compact,complete,1,deterministic,41,"{""A"": 0, ""B"": 1, ""C"": 2, ""D"": 3}",[0.6062914606531414],1.6207233264245023e-06,0.3539166283461178,4.579392988677245e-06,18.29843839753133,17.040406615386864,16.330000000000002,19.88,13,0.0058657447807490826
quality_4_6_compact_2,compact,complete,1,deterministic,53,"{""A"": 0, ""B"": 1, ""C"": 2, ""D"": 3}",[0.14419317543095755],0.003866805490289022,0.4460690219362624,0.008668625930364516,16.75521232585257,16.40399049232999,16.330000000000002,19.88,16,0.006473827175796032
quality_4_6_compact_2,compact,complete,1,poor,41,"{""A"": 2, ""B"": 0, ""C"": 4, ""D"": 5}",[0.47729146065314143],1.107424866005501e-06,0.4221874193503592,2.623064580440485e-06,17.60956268849889,17.338144436348923,16.330000000000002,31.1,17,0.006809648126363754
quality_4_6_compact_2,compact,complete,1,poor,53,"{""A"": 2, ""B"": 0, ""C"": 4, ""D"": 5}",[0.4776931754309575],1.0806391004775858e-06,0.42288774264884277,2.5553805218112603e-06,17.60918452020187,17.338681494712738,16.330000000000002,31.1,13,0.005275405943393707
quality_4_6_compact_2,compact,complete,1,random,41,"{""A"": 2, ""B"": 3, ""C"": 1, ""D"": 0}",[0.29066646065314156],0.003077979839789363,0.320948833693974,0.009590250895643476,17.21064271603761,16.469796310332583,16.330000000000002,23.91,15,0.005938000977039337
quality_4_6_compact_2,compact,complete,1,random,53,"{""A"": 2, ""B"": 3, ""C"": 1, ""D"": 0}",[0.28806817543095753],0.003051287782894386,0.3200585068440628,0.009533531268959578,17.216026419351458,16.472234112166436,16.330000000000002,23.91,14,0.005603002384305
quality_4_6_compact_2,compact,complete,2,deterministic,41,"{""A"": 0, ""B"": 1, ""C"": 2, ""D"": 3}","[0.9883465218407437, 1.4741323357441998, 0.7462648339561148]",0.08708316946067084,0.3633822949813175,0.2396461541010082,16.330014395504996,16.330000000000002,16.330000000000002,19.88,41,0.02987889898940921
quality_4_6_compact_2,compact,complete,2,deterministic,53,"{""A"": 0, ""B"": 1, ""C"": 2, ""D"": 3}","[0.6490118440029641, 1.8805428050453892, 0.6395651857614236]",0.0863434035440056,0.38756950484233565,0.22278172680053954,16.330010661858516,16.330000000000002,16.330000000000002,19.88,56,0.03973835380747914
quality_4_6_compact_2,compact,complete,2,poor,41,"{""A"": 2, ""B"": 0, ""C"": 4, ""D"": 5}","[0.6640651044918866, 1.5928753589947098, 0.43677644361966306]",6.603356597934104e-05,0.44944410816838015,0.00014692275363993015,17.780867187458934,17.461434291688,16.330000000000002,31.1,32,0.023134714923799038
quality_4_6_compact_2,compact,complete,2,poor,53,"{""A"": 2, ""B"": 0, ""C"": 4, ""D"": 5}","[0.555407452049571, 1.5597868677156057, 0.18691247216381046]",0.0006635624504784334,0.3229165567975545,0.002054903771609455,17.328002413660588,16.813654355244303,16.330000000000002,31.1,31,0.02247742097824812
quality_4_6_compact_2,compact,complete,2,random,41,"{""A"": 2, ""B"": 3, ""C"": 1, ""D"": 0}","[0.8233475865183966, 1.8265956110199861, 0.46842374574576834]",1.431628884514547e-05,0.3323867730857054,4.3071174921434184e-05,16.8333763679471,16.747201144993156,16.330000000000002,23.91,55,0.039153756108134985
quality_4_6_compact_2,compact,complete,2,random,53,"{""A"": 2, ""B"": 3, ""C"": 1, ""D"": 0}","[0.12305198745829532, 1.6912657712091748, 0.11036971091196092]",0.00486356282545449,0.42196075918623693,0.011526102177922909,16.83006113613677,16.366574047226816,16.330000000000002,23.91,80,0.056200467981398106
quality_4_6_compact_2,compact,complete,3,deterministic,41,"{""A"": 0, ""B"": 1, ""C"": 2, ""D"": 3}","[0.683600623632893, 2.0069279099598942, 0.055653788810897095, 0.623172438939529, 0.3937821788384782]",0.0029003091057871458,0.3831226899421,0.007570183604175099,16.64520726168984,16.430519048403085,16.330000000000002,19.88,121,0.12585757672786713
quality_4_6_compact_2,compact,complete,3,deterministic,53,"{""A"": 0, ""B"": 1, ""C"": 2, ""D"": 3}","[0.8160024234021928, 2.073009351897359, -0.08554465118483463, 0.7004886437598253, 0.5318142128800765]",0.02396303342952682,0.3612007832815278,0.06634269508449406,16.37307906475314,16.33000221087916,16.330000000000002,19.88,82,0.08637473220005631
quality_4_6_compact_2,compact,complete,3,poor,41,"{""A"": 2, ""B"": 0, ""C"": 4, ""D"": 5}","[0.7757932818659992, 1.3828955296912815, -0.09274543190353947, 0.8549171593601833, -0.13123545279065832]",0.0004935971643400365,0.4818280687872375,0.001024425923509234,17.670727541308626,17.186887092279463,16.330000000000002,31.1,56,0.05863976897671819
quality_4_6_compact_2,compact,complete,3,poor,53,"{""A"": 2, ""B"": 0, ""C"": 4, ""D"": 5}","[0.8262716807634896, 1.2305142122618906, -0.005516936286123869, 1.545865012969849, -0.1454980621611825]",0.0001212268117914236,0.5069157504196837,0.00023914587718187484,17.797329460259334,17.431845393122245,16.330000000000002,31.1,87,0.09082698402926326
quality_4_6_compact_2,compact,complete,3,random,41,"{""A"": 2, ""B"": 3, ""C"": 1, ""D"": 0}","[0.15083987935499713, 1.5298668695509385, 0.08867882194788267, 1.0133666680886173, 0.17537646768450124]",0.00516154483888946,0.3180002054283165,0.016231262592856954,16.894202520108472,16.383224554004556,16.330000000000002,23.91,85,0.08832617709413171
quality_4_6_compact_2,compact,complete,3,random,53,"{""A"": 2, ""B"": 3, ""C"": 1, ""D"": 0}","[0.11313478177174809, 1.6766665884669243, 0.10396724469183453, 0.9970067772527081, -0.03775003033885205]",0.005031965265056723,0.429319137213216,0.011720803544235346,16.809004047094202,16.36266163269806,16.330000000000002,23.91,153,0.1573970140889287
quality_4_6_compact_2,compact,complete,4,deterministic,41,"{""A"": 0, ""B"": 1, ""C"": 2, ""D"": 3}","[0.6316887654191147, 1.587086804148295, 0.0629335106690537, 0.9667925813785454, 0.13005145680289795, 0.808283983615728, 0.06812935559185072]",0.006538956949487452,0.4325368977548133,0.015117685874729945,16.52863775115074,16.344604585349476,16.330000000000002,19.88,135,0.18642305210232735
quality_4_6_compact_2,compact,complete,4,deterministic,53,"{""A"": 0, ""B"": 1, ""C"": 2, ""D"": 3}","[0.6351103665403385, 1.5073142444215395, 0.0382080661180197, 1.0865190715597397, 0.1313757093489307, 0.7922484188260884, 0.07265623824699415]",0.003621513521831048,0.4540231368466072,0.007976495530567167,16.599524970408538,16.3955408844845,16.330000000000002,19.88,107,0.14657940110191703
quality_4_6_compact_2,compact,complete,4,poor,41,"{""A"": 2, ""B"": 0, ""C"": 4, ""D"": 5}","[0.5813108788229688, 1.4978897929651498, 0.26683750601942663, 1.0667279397680647, 0.11887943434449869, 0.9591777991172364, 0.05098793442528612]",0.0006600640528527249,0.35705901890055003,0.0018486133045600775,17.309557933715926,16.730447841020453,16.330000000000002,31.1,156,0.21248851995915174
quality_4_6_compact_2,compact,complete,4,poor,53,"{""A"": 2, ""B"": 0, ""C"": 4, ""D"": 5}","[0.519198276727366, 1.7808785822570274, 0.27707970235320734, 1.04850968416301, 0.07256818729138774, 0.9185416341889429, 0.06882333218289663]",0.00048486058390239035,0.3565711160875184,0.0013597864830514875,17.380906567645706,16.944126442362013,16.330000000000002,31.1,200,0.27123123267665505
quality_4_6_compact_2,compact,complete,4,random,41,"{""A"": 2, ""B"": 3, ""C"": 1, ""D"": 0}","[0.41260091543624616, 1.6273580890634538, 0.20303186406487794, 1.2680922980276106, 0.2884617596750101, 0.6396785382960805, 0.339225899501293]",0.0008839626776294729,0.31864266837269584,0.0027741503739717576,17.021863005051117,16.64121938144673,16.330000000000002,23.91,146,0.19914710614830256
quality_4_6_compact_2,compact,complete,4,random,53,"{""A"": 2, ""B"": 3, ""C"": 1, ""D"": 0}","[0.3017942132042988, 1.855365686609308, 0.13326869392233157, 1.268627972818901, 0.1501129687220274, 1.0787185997609203, 0.10481109024094656]",0.014101088585796822,0.3172506942257427,0.04444777849962106,16.509699417608218,16.330406720500857,16.330000000000002,23.91,144,0.1960109369829297
quality_4_6_compact_2,compact,complete,5,deterministic,41,"{""A"": 0, ""B"": 1, ""C"": 2, ""D"": 3}","[0.3647299605671981, 1.6653726951760504, 0.5029521665287617, 0.9026932753172722, -0.00036640316851092305, 0.7496575870345814, -0.007097822900741261, 0.8704161756421899, -0.052159185240846055]",0.01833524858763804,0.32431718120082464,0.056534928306140014,16.41972215342446,16.330045113662905,16.330000000000002,19.88,118,0.19864176772534847
quality_4_6_compact_2,compact,complete,5,deterministic,53,"{""A"": 0, ""B"": 1, ""C"": 2, ""D"": 3}","[0.31201030840761623, 1.6612082747173296, -0.01470228735100039, 0.9203127264803178, 0.33348201174290576, 0.5605918549135733, -0.0019795489614270437, 0.48028395757185377, 0.05123214454671384]",0.0011610715719950935,0.350858877323043,0.003309226720594192,17.092357676504705,16.682037977234234,16.330000000000002,19.88,200,0.3346199602819979
quality_4_6_compact_2,compact,complete,5,poor,41,"{""A"": 2, ""B"": 0, ""C"": 4, ""D"": 5}","[0.5967027488595361, 1.4729393353883868, 0.2801896896657889, 1.0666264142827497, 0.11816232834427036, 0.9499651382707831, 0.038253318852959906, 0.6349049753423603, 0.04933684010196602]",0.0013416379900661908,0.36158771075417273,0.003710408153164006,17.375252544244287,16.659621514241234,16.330000000000002,31.1,200,0.33445538114756346
quality_4_6_compact_2,compact,complete,5,poor,53,"{""A"": 2, ""B"": 0, ""C"": 4, ""D"": 5}","[0.43050120693646365, 1.537394419809017, 0.3467035898919657, 0.9878001154781486, 0.21029125533789497, 0.7093757554639567, 0.09345883673659232, 0.6953093422233663, 0.06297146456582477]",0.0022609758551803624,0.2988531911051261,0.007565506818982001,16.87054135714313,16.4664132925482,16.330000000000002,31.1,200,0.3340295609086752
quality_4_6_compact_2,compact,complete,5,random,41,"{""A"": 2, ""B"": 3, ""C"": 1, ""D"": 0}","[0.33079155684246303, 1.5768447694620455, 0.41413969639205345, 0.9874651140134507, 0.29220778820731647, 0.7223149986122737, 0.1574210638189882, 0.6089186344577184, 0.02483869795824198]",0.000950060809929392,0.3169764593884351,0.0029972598336242724,17.234037678658982,16.680124442273677,16.330000000000002,23.91,150,0.25105425203219056
quality_4_6_compact_2,compact,complete,5,random,53,"{""A"": 2, ""B"": 3, ""C"": 1, ""D"": 0}","[0.6312887768569078, 1.8496801498819528, -0.005315486754653871, 1.1454776495165078, 0.003721978988341839, 0.9675214208437258, -0.006616406941472764, 0.7214162750243683, 0.49388532658497913]",3.2325869093679605e-05,0.3583153206238469,9.021626269677352e-05,17.19680529223333,16.80642101002591,16.330000000000002,23.91,200,0.33481958508491516
quality_4_6_compact_2,compact,complete,6,deterministic,41,"{""A"": 0, ""B"": 1, ""C"": 2, ""D"": 3}","[0.7738613067465251, 1.4585393332636887, 0.032513490114982994, 0.9639798427441562, 0.01779201424628786, 0.4535536637168385, 0.43419156108698614, 0.5289234790507248, -0.007371403746339176, 0.4669084870167579, 0.09261839318089786]",0.004611457611870724,0.37754166543178663,0.012214433621774419,16.58656595649929,16.36983984080934,16.330000000000002,19.88,200,0.39695677114650607
quality_4_6_compact_2,compact,complete,6,deterministic,53,"{""A"": 0, ""B"": 1, ""C"": 2, ""D"": 3}","[0.5529594872608964, 1.7442962875866383, 0.37298075369505207, 1.0777733408295778, 0.35452163604884207, 0.8001598816201693, 0.10540585670376232, 0.7083992153829248, 0.11958103326497072, 0.5808537177882973, 0.05317479030647153]",0.0010781552155325743,0.3289139241183653,0.0032779251240959376,16.858389156632,16.574765927143,16.330000000000002,19.88,200,0.3974646246060729
quality_4_6_compact_2,compact,complete,6,poor,41,"{""A"": 2, ""B"": 0, ""C"": 4, ""D"": 5}","[0.6043218883912003, 1.5021168558641727, 0.2726500984580122, 1.0870301089390773, 0.25754262332254657, 0.8233728845677283, 0.06653350506375331, 0.603383442594855, 0.29479613160321105, 0.5016958804716096, 0.3110636439962211]",0.0023120788292954686,0.3187555531218986,0.007253454274446107,16.874968369533143,16.469321295566434,16.330000000000002,31.1,200,0.39731984306126833
quality_4_6_compact_2,compact,complete,6,poor,53,"{""A"": 2, ""B"": 0, ""C"": 4, ""D"": 5}","[0.32446982690755893, 1.7296879407948804, 0.030236127233244037, 1.3166634145613763, 0.1364570216060638, 0.8004704359153214, 0.11402588000474734, 0.5584575570859149, 0.05177889673944999, 0.6809047075672693, 0.2725831548045727]",0.0006603244130970543,0.30598495960312627,0.0021580289892467893,17.02421219549003,16.64162673021071,16.330000000000002,31.1,200,0.396842367015779
quality_4_6_compact_2,compact,complete,6,random,41,"{""A"": 2, ""B"": 3, ""C"": 1, ""D"": 0}","[0.3637004444630692, 1.5669487505793025, 0.19027999554887134, 1.2656640182572467, 0.36913737269849056, 0.7753890010576752, 0.26090552381817256, 0.6015387351502791, 0.01769178188042177, 0.4443506049804456, 0.08319306910152888]",0.0011871873474989345,0.285114335030407,0.004163899185820744,16.982386271708343,16.593634905012394,16.330000000000002,23.91,157,0.31341459788382053
quality_4_6_compact_2,compact,complete,6,random,53,"{""A"": 2, ""B"": 3, ""C"": 1, ""D"": 0}","[0.469584689248378, 1.5957165564615023, 0.4103442292723867, 0.9728368488638757, 0.30684348430714325, 0.8890055162281059, 0.12083133304955114, 0.6835175990440067, -0.04638992845382846, 0.5520188866070794, 0.06336676623354338]",0.00271832435598793,0.31481224748987646,0.008634747782725143,16.872695317479113,16.442773062328396,16.330000000000002,23.91,200,0.39592455280944705
quality_4_6_compact_2,compact,random_token,3,deterministic,41,"{""A"": 0, ""B"": 1, ""C"": 2, ""D"": 3}","[0.8097472629342382, 1.7453850325652058, -0.17835411914579952, 0.6723128659030144, -0.8091010356192787]",0.01365408969919498,0.9999999999999998,0.013654089699194983,16.48297467735477,16.330586645531636,16.330000000000002,19.88,81,0.022111323196440935
quality_4_6_compact_2,compact,random_token,3,deterministic,53,"{""A"": 0, ""B"": 1, ""C"": 2, ""D"": 3}","[0.9505450896305042, 1.7314452773908537, 0.6444603689910378, 1.140888413936524, -0.2787711789466121]",0.0005275595270931736,0.9999999999999987,0.0005275595270931743,17.024503564392866,16.735883396571538,16.330000000000002,19.88,98,0.025914174038916826
quality_4_6_compact_2,compact,random_token,3,poor,41,"{""A"": 2, ""B"": 0, ""C"": 4, ""D"": 5}","[0.7356171630426198, 1.7665975390145046, 0.45637567638549026, 1.286510257709383, 0.30323023405523597]",0.0009719635738863436,1.0000000000000004,0.0009719635738863431,16.725328169096095,16.598590501328736,16.330000000000002,31.1,54,0.014629652723670006
quality_4_6_compact_2,compact,random_token,3,poor,53,"{""A"": 2, ""B"": 0, ""C"": 4, ""D"": 5}","[0.7289099979418063, 1.7744591655872484, 0.46369521147088355, 1.2671399787808102, 0.32424611456528674]",0.0008544675104591518,1.0,0.0008544675104591518,16.73133242625794,16.615278777716686,16.330000000000002,31.1,56,0.015152764972299337
quality_4_6_compact_2,compact,random_token,3,random,41,"{""A"": 2, ""B"": 3, ""C"": 1, ""D"": 0}","[0.825887506782637, 2.041849733097584, 0.34051297649529927, 0.9118535341451731, 1.6794607387604619]",0.15944364515228285,0.9999999999999998,0.15944364515228288,16.33000000020695,16.330000000000002,16.330000000000002,23.91,116,0.030974145978689194
quality_4_6_compact_2,compact,random_token,3,random,53,"{""A"": 2, ""B"": 3, ""C"": 1, ""D"": 0}","[-0.10481252331130772, 1.7282792122514508, -0.6321891501017552, 1.102004947100919, 1.1898881358506714]",0.02252161320139286,0.9999999999999989,0.022521613201392884,16.384698530476747,16.330008688374967,16.330000000000002,23.91,82,0.02189700026065111
quality_4_6_compact_2,compact,ring,1,deterministic,41,"{""A"": 0, ""B"": 1, ""C"": 2, ""D"": 3}",[0.22516646065314147],0.0016049488875178515,0.39475327881156086,0.004065701220645183,17.65393105819245,16.772505493592362,16.330000000000002,19.88,14,0.0043337382376194
quality_4_6_compact_2,compact,ring,1,deterministic,53,"{""A"": 0, ""B"": 1, ""C"": 2, ""D"": 3}",[0.22456817543095753],0.0015937791412671866,0.3960468112443244,0.0040242190973833435,17.658104771604908,16.776793216693836,16.330000000000002,19.88,15,0.004163368139415979
quality_4_6_compact_2,compact,ring,1,poor,41,"{""A"": 2, ""B"": 0, ""C"": 4, ""D"": 5}",[0.5923539606531414],0.0,0.6112700151466599,0.0,17.45562858811338,17.33952151914887,16.330000000000002,31.1,14,0.0039365519769489765
quality_4_6_compact_2,compact,ring,1,poor,53,"{""A"": 2, ""B"": 0, ""C"": 4, ""D"": 5}",[0.5923181754309577],0.0,0.6112116334262295,0.0,17.45554131142344,17.33951906625902,16.330000000000002,31.1,17,0.004586843773722649
quality_4_6_compact_2,compact,ring,1,random,41,"{""A"": 2, ""B"": 3, ""C"": 1, ""D"": 0}",[0.5021664606531415],6.451745418746306e-05,0.3429631211006064,0.0001881177602431989,17.242962990289463,16.916059054100465,16.330000000000002,23.91,14,0.0038694366812705994
quality_4_6_compact_2,compact,ring,1,random,53,"{""A"": 2, ""B"": 3, ""C"": 1, ""D"": 0}",[0.49956817543095755],6.725445182965734e-05,0.34201707685635685,0.00019664062522206578,17.242624174411404,16.911557696034038,16.330000000000002,23.91,14,0.003863534890115261
quality_4_6_compact_2,compact,ring,2,deterministic,41,"{""A"": 0, ""B"": 1, ""C"": 2, ""D"": 3}","[0.17891737872534264, 1.9964890414874898, 0.2748916036838457]",0.0003119583130740134,0.45463553009742597,0.00068617231259326,17.497877939359967,16.92726069293574,16.330000000000002,19.88,73,0.03389679500833154
quality_4_6_compact_2,compact,ring,2,deterministic,53,"{""A"": 0, ""B"": 1, ""C"": 2, ""D"": 3}","[0.17875217379382344, 1.998154313582519, 0.27567551588123257]",0.00030938060477140054,0.45317634202553336,0.0006826936361871447,17.494739977965835,16.926733962014765,16.330000000000002,19.88,54,0.02454792894423008
quality_4_6_compact_2,compact,ring,2,poor,41,"{""A"": 2, ""B"": 0, ""C"": 4, ""D"": 5}","[0.599423104932451, 1.465860207102322, -0.03512777524033575]",2.6374185980537416e-05,0.6516123752700981,4.047526870496455e-05,17.44748442196467,17.31659648712713,16.330000000000002,31.1,27,0.012711902149021626
quality_4_6_compact_2,compact,ring,2,poor,53,"{""A"": 2, ""B"": 0, ""C"": 4, ""D"": 5}","[0.599832425229155, 1.343859682036567, -0.0677628934506601]",9.204494136403063e-05,0.6756053607125243,0.00013624069126236038,17.403547146865407,17.260474574684626,16.330000000000002,31.1,36,0.016615241765975952
quality_4_6_compact_2,compact,ring,2,random,41,"{""A"": 2, ""B"": 3, ""C"": 1, ""D"": 0}","[0.35516534460852645, 1.4029905945272556, 0.4286663052396775]",0.009867649216485174,0.3190079753386227,0.030932296303911515,16.56976419902695,16.33329857056803,16.330000000000002,23.91,36,0.016585515812039375
quality_4_6_compact_2,compact,ring,2,random,53,"{""A"": 2, ""B"": 3, ""C"": 1, ""D"": 0}","[0.2068202465759156, 1.6886104422947497, 0.29517756106089005]",0.0017434397976010317,0.3585698378786055,0.004862204272159881,17.498538135655604,16.686002499957958,16.330000000000002,23.91,45,0.020565568935126066
quality_4_6_compact_2,compact,ring,3,deterministic,41,"{""A"": 0, ""B"": 1, ""C"": 2, ""D"": 3}","[-0.14129795128137118, 1.5373592832824088, 0.18193040784780995, 1.0653744102234615, 0.08367129738757328]",0.0005448631713436207,0.6141460401059928,0.0008871882838316195,18.07268389028528,17.479399238213208,16.330000000000002,19.88,174,0.11610103491693735
quality_4_6_compact_2,compact,ring,3,deterministic,53,"{""A"": 0, ""B"": 1, ""C"": 2, ""D"": 3}","[0.16396368103762868, 2.0034526861849637, 0.07552318095476616, 0.8966557909627004, 0.21607145965867225]",0.002627060987181108,0.43157762746313355,0.006087111147589592,17.192421941241875,16.48986862219619,16.330000000000002,19.88,90,0.05996726220473647
quality_4_6_compact_2,compact,ring,3,poor,41,"{""A"": 2, ""B"": 0, ""C"": 4, ""D"": 5}","[0.5870683057068002, 1.5655161245581641, 0.0459818559935955, 1.2727079990273682, 0.07779463936062729]",0.00046401209511694083,0.5848547509672002,0.0007933800560730394,17.34102432807926,17.107393235795655,16.330000000000002,31.1,60,0.040632142685353756
quality_4_6_compact_2,compact,ring,3,poor,53,"{""A"": 2, ""B"": 0, ""C"": 4, ""D"": 5}","[0.589022102014209, 1.5784279565265782, 0.09974422972812487, 1.3040930371223922, 0.005586689014750821]",0.0003167656235583192,0.5008490826787231,0.0006324572301583171,17.4016087060516,17.17253358415395,16.330000000000002,31.1,42,0.028662334196269512
quality_4_6_compact_2,compact,ring,3,random,41,"{""A"": 2, ""B"": 3, ""C"": 1, ""D"": 0}","[0.5442811108255627, 1.3916348896988933, 0.20350000414487315, 1.2755235958545847, 0.08799241920390902]",0.0001527567519403244,0.32743845117243237,0.00046652050604735224,17.368701682278655,17.041699597338056,16.330000000000002,23.91,85,0.057047910057008266
quality_4_6_compact_2,compact,ring,3,random,53,"{""A"": 2, ""B"": 3, ""C"": 1, ""D"": 0}","[0.5452982610379346, 1.3931060707192384, 0.20363378625900355, 1.274244477767754, 0.08756926677107255]",0.0001486394746437074,0.32767320910766723,0.00045362107890507234,17.368901062731275,17.042356327729124,16.330000000000002,23.91,96,0.06403725501149893
quality_4_6_compact_2,compact,ring,4,deterministic,41,"{""A"": 0, ""B"": 1, ""C"": 2, ""D"": 3}","[0.782010589319973, 1.843038463196703, 0.130061993415564, 0.725429683781919, 0.20297213861322158, 0.721824339685545, 0.1453956115200628]",0.00021308571865356676,0.5291987834420989,0.00040265723452268865,16.848187889531538,16.757494805021185,16.330000000000002,19.88,126,0.11136418022215366
quality_4_6_compact_2,compact,ring,4,deterministic,53,"{""A"": 0, ""B"": 1, ""C"": 2, ""D"": 3}","[0.7816734628465088, 1.8229520149976486, 0.13015582283119667, 0.7254400290589829, 0.20309493313348534, 0.7224079200536417, 0.14586204625665727]",0.00021458078590138094,0.5285749377632782,0.000405960953823128,16.847689260712045,16.75669240461198,16.330000000000002,19.88,115,0.10126932198181748
quality_4_6_compact_2,compact,ring,4,poor,41,"{""A"": 2, ""B"": 0, ""C"": 4, ""D"": 5}","[0.5895978927125868, 1.5554414299620032, 0.09377534677031218, 1.2363551393006635, 0.10490541886536812, 0.7292632419882268, 0.08096582831756703]",0.0027843813145251597,0.5398629411459118,0.00515757075048537,17.093520899058856,16.553250668055604,16.330000000000002,31.1,68,0.06048902217298746
quality_4_6_compact_2,compact,ring,4,poor,53,"{""A"": 2, ""B"": 0, ""C"": 4, ""D"": 5}","[0.5946894035452199, 1.5435648636882622, 0.0962298947831697, 1.218658566324014, 0.09489419689401708, 0.772903036870163, 0.08162861198094154]",0.002213056302305726,0.5370549901511145,0.004120725703866982,17.17156452076976,16.62737367193886,16.330000000000002,31.1,109,0.0953405387699604
quality_4_6_compact_2,compact,ring,4,random,41,"{""A"": 2, ""B"": 3, ""C"": 1, ""D"": 0}","[0.5383135845469962, 1.2011862783113385, 0.20592517897760032, 0.8821949595460077, 0.4056351664584597, 0.8242848371261352, 0.11575150801743012]",0.0013569494638752122,0.3338732837880174,0.0040642648866052,17.11408582502961,16.692738436948037,16.330000000000002,23.91,149,0.13049662811681628
quality_4_6_compact_2,compact,ring,4,random,53,"{""A"": 2, ""B"": 3, ""C"": 1, ""D"": 0}","[0.5579388881081859, 1.6814204991582988, 0.8294723777552422, 0.4295025089291005, 0.5915310102870338, 0.9717041629338622, -0.006763549430764874]",5.112302461635528e-05,0.36886442843695894,0.00013859570258098906,16.74928637953352,16.73914886121257,16.330000000000002,23.91,158,0.13782219495624304
quality_4_6_compact_2,compact,ring,6,deterministic,41,"{""A"": 0, ""B"": 1, ""C"": 2, ""D"": 3}","[0.6634822837380564, 1.6977890138780425, 0.44943037015356935, 0.8432874962389183, 0.07521126115066913, 0.8793332799578332, 0.06727034500750659, 0.6026255325900696, 0.026328847933350268, 0.6844401836081407, 0.10813512698181937]",0.0001196919919413813,0.38199053477755573,0.00031333758573646715,16.78334705231985,16.740678038146374,16.330000000000002,19.88,200,0.2652552300132811
quality_4_6_compact_2,compact,ring,6,deterministic,53,"{""A"": 0, ""B"": 1, ""C"": 2, ""D"": 3}","[0.6648860021818885, 1.693217852759019, 0.45075837041917355, 0.8499874053612426, 0.07367840614463736, 0.8812645150958961, 0.06254346346462175, 0.701649198316656, 0.024955903148228934, 0.5786836712285306, 0.11352823238255441]",0.00011783955972886735,0.3819583310786737,0.0003085141758685593,16.789315314847947,16.742505275018406,16.330000000000002,19.88,200,0.2610194059088826
quality_4_6_compact_2,compact,ring,6,poor,41,"{""A"": 2, ""B"": 0, ""C"": 4, ""D"": 5}","[0.5589949736260363, 1.6274738173796082, 0.07866421982022374, 1.1604098655193118, 0.07859128139249037, 0.7497828836177549, 0.06962491611042662, 0.576312789896812, 0.05627097469878968, 0.4603378517357934, 0.08323864317828909]",0.0002788287780165201,0.5268899246232701,0.0005291973996577835,17.346119881031957,17.14074806327827,16.330000000000002,31.1,200,0.2618941692635417
quality_4_6_compact_2,compact,ring,6,poor,53,"{""A"": 2, ""B"": 0, ""C"": 4, ""D"": 5}","[0.5695893729751108, 1.57160440582139, 0.09030867425621981, 1.198978373723776, 0.06989105197447697, 0.7726809567544336, 0.05671677829432302, 0.8921154055330067, 0.046186329756260025, 0.5478091684008601, -0.04591365127559685]",0.0006150138741008304,0.5437930972012229,0.001130970358517172,17.296517652234726,17.00531250448232,16.330000000000002,31.1,182,0.2385148350149393
quality_4_6_compact_2,compact,ring,6,random,41,"{""A"": 2, ""B"": 3, ""C"": 1, ""D"": 0}","[0.45703518495778045, 1.4765655287145225, 0.12401945373872358, 0.9613126464813176, 0.16510636714360238, 0.7270877670448411, 0.17213512588051091, 0.5974044448277682, 0.272045282394278, 0.6291646549353507, 0.21424778291183605]",0.0007628090374590159,0.3360847316992548,0.002269692626624928,17.041728575938272,16.683933386054278,16.330000000000002,23.91,148,0.19414650555700064
quality_4_6_compact_2,compact,ring,6,random,53,"{""A"": 2, ""B"": 3, ""C"": 1, ""D"": 0}","[0.5616495312923067, 1.4839110273194707, -0.03670263941981591, 0.8541581134862842, 0.41590842660580163, 0.9147488683294202, -0.07083221354699604, 0.5631183634708807, 0.5319000039499975, 0.8330617991390504, -0.12235390997989694]",0.00033574860772219453,0.3137386632515471,0.001070153752306264,16.915256666736532,16.689877815210693,16.330000000000002,23.91,200,0.2613862748257816
quality_4_6_compact_2,compact,token,1,deterministic,41,"{""A"": 0, ""B"": 1, ""C"": 2, ""D"": 3}",[0.8710414606531415],0.0,1.0,0.0,17.340015265833173,17.34,16.330000000000002,19.88,15,0.0023025842383503914
quality_4_6_compact_2,compact,token,1,deterministic,53,"{""A"": 0, ""B"": 1, ""C"": 2, ""D"": 3}",[0.8723181754309574],0.0,1.0,0.0,17.340014673467845,17.34,16.330000000000002,19.88,15,0.0019516153261065483
quality_4_6_compact_2,compact,token,1,poor,41,"{""A"": 2, ""B"": 0, ""C"": 4, ""D"": 5}",[1.0454789606531414],0.0,1.0,0.0,18.360000458895115,18.36,16.330000000000002,31.1,15,0.0020108558237552643
quality_4_6_compact_2,compact,token,1,poor,53,"{""A"": 2, ""B"": 0, ""C"": 4, ""D"": 5}",[1.0478806754309575],0.0,1.0,0.0,18.360000458757472,18.36,16.330000000000002,31.1,16,0.0020785429514944553
quality_4_6_compact_2,compact,token,1,random,41,"{""A"": 2, ""B"": 3, ""C"": 1, ""D"": 0}",[0.7845414606531415],0.0,1.0,0.0,18.27011629409212,18.270000000000003,16.330000000000002,23.91,13,0.0017849323339760303
quality_4_6_compact_2,compact,token,1,random,53,"{""A"": 2, ""B"": 3, ""C"": 1, ""D"": 0}",[0.7869431754309576],0.0,1.0,0.0,18.270116307216867,18.270000000000003,16.330000000000002,23.91,15,0.0019698194228112698
quality_4_6_compact_2,compact,token,2,deterministic,41,"{""A"": 0, ""B"": 1, ""C"": 2, ""D"": 3}","[1.166412670641497, 1.3884167195124426, -0.48370772145885155]",8.411228228448367e-05,1.0000000000000002,8.411228228448365e-05,17.26233178587754,17.084514228724675,16.330000000000002,19.88,36,0.007114620879292488
quality_4_6_compact_2,compact,token,2,deterministic,53,"{""A"": 0, ""B"": 1, ""C"": 2, ""D"": 3}","[1.1507184643877406, 1.3269879529117339, -0.4984307725302058]",0.00010613656823593717,0.9999999999999998,0.0001061365682359372,17.24608004778108,17.043125248815276,16.330000000000002,19.88,38,0.0070267049595713615
quality_4_6_compact_2,compact,token,2,poor,41,"{""A"": 2, ""B"": 0, ""C"": 4, ""D"": 5}","[1.5014294719016221, 1.7600256459266275, 0.9866563757214594]",0.0,1.0,0.0,16.934012879421175,16.884542413079917,16.330000000000002,31.1,36,0.006686064880341291
quality_4_6_compact_2,compact,token,2,poor,53,"{""A"": 2, ""B"": 0, ""C"": 4, ""D"": 5}","[1.6452415462137948, 1.0033796639954569, 0.9885981276151772]",0.0,1.0,0.0,16.934888413906677,16.882271076220675,16.330000000000002,31.1,41,0.00753397773951292
quality_4_6_compact_2,compact,token,2,random,41,"{""A"": 2, ""B"": 3, ""C"": 1, ""D"": 0}","[0.9198968473086462, 1.5822089892338602, 0.7507331573186659]",0.0,1.0,0.0,17.13194497942432,16.856685927431684,16.330000000000002,23.91,38,0.006995797157287598
quality_4_6_compact_2,compact,token,2,random,53,"{""A"": 2, ""B"": 3, ""C"": 1, ""D"": 0}","[0.9487685902073008, 2.7514370214957458, 0.9956997836295333]",0.0,0.9999999999999998,0.0,16.79942209458762,16.78000069623932,16.330000000000002,23.91,54,0.00979653699323535
quality_4_6_compact_2,compact,token,3,deterministic,41,"{""A"": 0, ""B"": 1, ""C"": 2, ""D"": 3}","[1.0906948230831142, 1.5628144808311653, -0.20812481148257567, 1.0765388807345628, -0.516108705554187]",0.0005089547151730349,1.0000000000000004,0.0005089547151730347,17.126861646606795,16.790978698632077,16.330000000000002,19.88,57,0.014335630927234888
quality_4_6_compact_2,compact,token,3,deterministic,53,"{""A"": 0, ""B"": 1, ""C"": 2, ""D"": 3}","[1.0795978868920226, 1.4834146642363866, -0.48912651465293927, 1.29823675047333, -0.47733042427945965]",0.001310948048855308,1.0,0.001310948048855308,17.00175922794815,16.601079815093517,16.330000000000002,19.88,59,0.01411951519548893
quality_4_6_compact_2,compact,token,3,poor,41,"{""A"": 2, ""B"": 0, ""C"": 4, ""D"": 5}","[1.3947484777728947, 1.3204978832449608, 0.7060175906829989, 0.6955460901731646, 0.6433081770423161]",0.016068435263480944,1.0,0.016068435263480944,16.38563696245703,16.33010652005259,16.330000000000002,31.1,143,0.03387769823893905
quality_4_6_compact_2,compact,token,3,poor,53,"{""A"": 2, ""B"": 0, ""C"": 4, ""D"": 5}","[1.3926320268767138, 1.3390778798321505, 0.7069229032632252, 0.6945521139819001, 0.6420299306975267]",0.016036542332027885,1.0,0.016036542332027885,16.38585572377421,16.33010827936263,16.330000000000002,31.1,107,0.025187700055539608
quality_4_6_compact_2,compact,token,3,random,41,"{""A"": 2, ""B"": 3, ""C"": 1, ""D"": 0}","[1.2646295094211037, 1.895002184166296, -0.34253960107383685, 0.9909948865368576, 1.7422853783078627]",1.1670077200919246e-05,1.0,1.1670077200919246e-05,16.77929515865365,16.777187448965865,16.330000000000002,23.91,200,0.04661488812416792
quality_4_6_compact_2,compact,token,3,random,53,"{""A"": 2, ""B"": 3, ""C"": 1, ""D"": 0}","[1.2643622075698806, 1.883001365665308, -0.34075079853372253, 1.039994297991897, 1.7386791534406973]",1.1829251637035334e-05,1.0,1.1829251637035334e-05,16.779287078631555,16.77715526798085,16.330000000000002,23.91,200,0.04658445110544562
quality_4_6_compact_2,compact,token,4,deterministic,41,"{""A"": 0, ""B"": 1, ""C"": 2, ""D"": 3}","[0.9899020299375361, 1.9885151838146735, 0.30262270611275827, 1.40855991899992, -0.14513855548155857, 1.3213564340000101, 0.5402752318534519]",0.00042507034239068237,1.0,0.00042507034239068237,17.02986440468695,16.7486761656017,16.330000000000002,19.88,85,0.027202824130654335
quality_4_6_compact_2,compact,token,4,deterministic,53,"{""A"": 0, ""B"": 1, ""C"": 2, ""D"": 3}","[1.0186299369775378, 2.04352320013419, 0.15416930966825673, 1.5813883199153356, -0.08849611551213067, 1.127793818611955, 0.5105216105836862]",0.0002563774413622334,0.9999999999999999,0.00025637744136223345,17.109403673260804,16.82704559916394,16.330000000000002,19.88,97,0.030546362977474928
quality_4_6_compact_2,compact,token,4,poor,41,"{""A"": 2, ""B"": 0, ""C"": 4, ""D"": 5}","[0.6774642586392096, 1.216484694418273, 0.505884784861335, 1.2179660970373565, 0.31946994529003175, 0.5772242089988393, 0.6623283472308601]",0.0016250580946516465,1.0,0.0016250580946516465,16.681782490803613,16.513134046096486,16.330000000000002,31.1,145,0.04476477298885584
quality_4_6_compact_2,compact,token,4,poor,53,"{""A"": 2, ""B"": 0, ""C"": 4, ""D"": 5}","[0.6736102018761803, 1.2227529820789411, 0.49679639214705523, 1.2159562217142694, 0.32145269415628647, 0.577278214200107, 0.6607968367199332]",0.0015635805017142272,1.0000000000000002,0.0015635805017142268,16.684997483209923,16.51908512627191,16.330000000000002,31.1,145,0.04476601630449295
quality_4_6_compact_2,compact,token,4,random,41,"{""A"": 2, ""B"": 3, ""C"": 1, ""D"": 0}","[1.869337305663254, 1.4994816841717142, 0.05986205703225093, 0.22902761250189654, 0.3171320329215566, 0.33415001549631806, 1.2823722407623632]",8.489177096091712e-06,0.9999999999999998,8.489177096091714e-06,16.779472202701896,16.7778927948456,16.330000000000002,23.91,200,0.06177804293110967
quality_4_6_compact_2,compact,token,4,random,53,"{""A"": 2, ""B"": 3, ""C"": 1, ""D"": 0}","[1.8408491670295808, 1.3980755370268136, 0.11437943742676475, 1.4666493907741167, 0.2742359927493329, -0.08910217515176226, 1.362757935977004]",1.7585708332988141e-06,1.0,1.7585708332988141e-06,16.779866426382604,16.779466134779202,16.330000000000002,23.91,200,0.06107504200190306
quality_4_6_compact_2,compact,token,6,deterministic,41,"{""A"": 0, ""B"": 1, ""C"": 2, ""D"": 3}","[0.872020604344166, 1.8294012542176106, 0.04316237626724038, 1.0544293503731859, -0.1663081178758719, 0.8670520188766471, -0.12068409312636381, 0.6729772329747248, 0.6829680138689801, 0.3906430537582198, 0.4283299261268347]",0.0013685685853506394,1.0000000000000002,0.0013685685853506392,16.768400473240263,16.556599922979707,16.330000000000002,19.88,135,0.059403272811323404
quality_4_6_compact_2,compact,token,6,deterministic,53,"{""A"": 0, ""B"": 1, ""C"": 2, ""D"": 3}","[1.1155786458647028, 1.8984186653859147, 0.31397232578990325, 1.4120382786011598, 0.11183145406315102, 0.9216470137367881, 0.366157279425115, 0.3077247353399741, 0.435762614443913, 0.09523580514244, 0.22740891817429582]",0.0006786558503238023,1.0,0.0006786558503238023,17.034975830286818,16.704955188853294,16.330000000000002,19.88,127,0.055029028095304966
quality_4_6_compact_2,compact,token,6,poor,41,"{""A"": 2, ""B"": 0, ""C"": 4, ""D"": 5}","[0.4276742054463032, 1.5436235823725846, 0.425241605346009, 1.2434892387863454, 0.4085140928100583, 0.5332057882758657, 0.36361276501590895, 0.7791241165355954, 0.09016293955968456, 0.44783675830538267, 0.5129125720087941]",0.005088726955554847,1.0,0.005088726955554847,16.563685748873382,16.36273956483393,16.330000000000002,31.1,159,0.0688276500441134
quality_4_6_compact_2,compact,token,6,poor,53,"{""A"": 2, ""B"": 0, ""C"": 4, ""D"": 5}","[0.36010271877130046, 1.5507187134699485, 0.3871700765893015, 1.1803442640342023, 0.32056160621983565, 0.5887454858723166, 0.3496791648264326, 0.6409801177220665, 0.17754746553946518, 0.5749333609479199, 0.5973311678201827]",0.004501191527436293,1.0,0.004501191527436293,16.58114669602101,16.373775120951244,16.330000000000002,31.1,155,0.0669492338784039
quality_4_6_compact_2,compact,token,6,random,41,"{""A"": 2, ""B"": 3, ""C"": 1, ""D"": 0}","[1.6270890174430523, 1.500766007116185, 0.6406866387160507, 1.109574974983579, 0.20240316109767476, 1.0037922000618094, 0.34561878576030575, 0.4534358434476505, 0.41409470470535353, 0.43227555700297116, 1.3931528005654135]",8.230185045567715e-05,1.0,8.230185045567715e-05,16.75734904630046,16.733374921442348,16.330000000000002,23.91,149,0.06497587775811553
quality_4_6_compact_2,compact,token,6,random,53,"{""A"": 2, ""B"": 3, ""C"": 1, ""D"": 0}","[1.438531317329051, 1.7708581191031925, 0.4969124077018252, 0.6441676895025816, 0.5273895664655394, 1.0662531455873607, 0.45976056914705626, 0.04744271698908099, 0.8768327444484929, 0.49092614475404167, -0.3637992154716191]",0.00025192277588572645,1.0,0.00025192277588572645,16.780512274197555,16.71745518156973,16.330000000000002,23.91,200,0.08605739613994956
quality_4_6_compact_3,compact,complete,1,deterministic,41,"{""A"": 0, ""B"": 1, ""C"": 2, ""D"": 3}",[0.6006039606531415],0.002145103486257309,0.35182281942312904,0.006097113000727345,11.205883084626468,10.407128681571757,10.03,16.47,12,0.005442921072244644
quality_4_6_compact_3,compact,complete,1,deterministic,53,"{""A"": 0, ""B"": 1, ""C"": 2, ""D"": 3}",[0.32913067543095753],0.0013604586672435724,0.3288892561052304,0.004136525112903914,11.170948594949328,10.59432917657342,10.03,16.47,13,0.005265428218990564
quality_4_6_compact_3,compact,complete,1,poor,41,"{""A"": 1, ""B"": 3, ""C"": 4, ""D"": 2}",[0.3272914606531415],0.012465657791787578,0.34210943430414137,0.03643763235335214,10.309637189120417,10.031839107867048,10.03,22.19,15,0.005975141189992428
quality_4_6_compact_3,compact,complete,1,poor,53,"{""A"": 1, ""B"": 3, ""C"": 4, ""D"": 2}",[0.32913067543095753],0.012485593816360245,0.34199915454471713,0.036507674508674044,10.308839389897836,10.031820156848935,10.03,22.19,14,0.005630012135952711
quality_4_6_compact_3,compact,complete,1,random,41,"{""A"": 5, ""B"": 3, ""C"": 2, ""D"": 1}",[0.6412289606531415],0.008828159987995465,0.4019030421422006,0.021965894910723024,10.642878974131037,10.042720376747985,10.03,17.310000000000002,15,0.005911120679229498
quality_4_6_compact_3,compact,complete,1,random,53,"{""A"": 5, ""B"": 3, ""C"": 2, ""D"": 1}",[0.6380681754309575],0.009132728351564562,0.4064431822002061,0.022469877098506615,10.605690515186419,10.040777626238398,10.03,17.310000000000002,13,0.005203111097216606
quality_4_6_compact_3,compact,complete,2,deterministic,41,"{""A"": 0, ""B"": 1, ""C"": 2, ""D"": 3}","[0.5968217721311794, 1.6746883727540043, 0.11092333350494206]",0.0048765481694886745,0.4386763993274685,0.011116504505291084,10.648765682662916,10.122487418845191,10.03,16.47,35,0.025134448893368244
quality_4_6_compact_3,compact,complete,2,deterministic,53,"{""A"": 0, ""B"": 1, ""C"": 2, ""D"": 3}","[0.5944063068965527, 1.6724222896565724, 0.11108358841791723]",0.004897519191679519,0.4347830468227436,0.011264282789931745,10.645848229358815,10.121494850919564,10.03,16.47,62,0.042706858832389116
quality_4_6_compact_3,compact,complete,2,poor,41,"{""A"": 1, ""B"": 3, ""C"": 4, ""D"": 2}","[0.2953831141461586, 2.0837416480040636, 0.09147380411425228]",0.007270040624883405,0.3677473037651756,0.01976912012800419,10.497869927544839,10.0569694173992,10.03,22.19,40,0.027830983977764845
quality_4_6_compact_3,compact,complete,2,poor,53,"{""A"": 1, ""B"": 3, ""C"": 4, ""D"": 2}","[0.3157900529535857, 1.8007797442654514, 0.3365801466170881]",0.02537067411111842,0.36006674826876683,0.07046103044255791,10.079353151215859,10.030002185233407,10.03,22.19,31,0.021701091900467873
quality_4_6_compact_3,compact,complete,2,random,41,"{""A"": 5, ""B"": 3, ""C"": 2, ""D"": 1}","[0.5186679003556807, 1.7362122686072803, 0.3220070858391195]",0.0071751860817470415,0.3772683038076767,0.019018788510271455,10.49106442674483,10.058305035901547,10.03,17.310000000000002,38,0.02651669504120946
quality_4_6_compact_3,compact,complete,2,random,53,"{""A"": 5, ""B"": 3, ""C"": 2, ""D"": 1}","[0.520446025005018, 1.7410255148467302, 0.3226247652560066]",0.007440800113998915,0.3775085920049013,0.01971028016735129,10.476196063298284,10.05468125632549,10.03,17.310000000000002,44,0.03045398974791169
quality_4_6_compact_3,compact,complete,3,deterministic,41,"{""A"": 0, ""B"": 1, ""C"": 2, ""D"": 3}","[0.34975656835386165, 1.5324355838325814, 0.2578722274996802, 1.03803742828784, 0.09024009874782302]",0.013449464376654735,0.30582901833727927,0.04397707074945446,10.261665550406915,10.031102605882703,10.03,16.47,63,0.0655945991165936
quality_4_6_compact_3,compact,complete,3,deterministic,53,"{""A"": 0, ""B"": 1, ""C"": 2, ""D"": 3}","[0.5926464830111888, 1.7126755402857392, 0.09384219466543701, 1.0676838859404154, 0.05250733430738686]",0.009554552843719966,0.4567175300573286,0.02092004842144038,10.367785740170067,10.03828562328208,10.03,16.47,178,0.17893424862995744
quality_4_6_compact_3,compact,complete,3,poor,41,"{""A"": 1, ""B"": 3, ""C"": 4, ""D"": 2}","[0.5278282136789573, 1.5816038278033684, 0.24612837130909967, 1.0307710924484341, 0.21385412770579404]",0.006285086369341424,0.28584407668072864,0.0219878139240279,10.573852393949975,10.074788709373495,10.03,22.19,52,0.05355346808210015
quality_4_6_compact_3,compact,complete,3,poor,53,"{""A"": 1, ""B"": 3, ""C"": 4, ""D"": 2}","[0.5290305472513259, 1.580450567873249, 0.24578531752078675, 1.032580397117924, 0.2140950239601805]",0.006197743329085104,0.28583325012666116,0.021683073352518296,10.580186846049916,10.07685032937553,10.03,22.19,48,0.04940506722778082
quality_4_6_compact_3,compact,complete,3,random,41,"{""A"": 5, ""B"": 3, ""C"": 2, ""D"": 1}","[0.5935878264695615, 1.5448238527236233, 0.26319451312281156, 1.2447960594759977, 0.13277296879136444]",0.020142660863644885,0.3180044510649494,0.06334081424392056,10.136105293404762,10.030033877241303,10.03,17.310000000000002,87,0.08827033219859004
quality_4_6_compact_3,compact,complete,3,random,53,"{""A"": 5, ""B"": 3, ""C"": 2, ""D"": 1}","[0.6574555583979063, 1.3659026859079635, -0.06145432926515756, 1.1289910467312758, 0.08882029263783478]",0.001993958069810124,0.3807566774013385,0.0052368302072044355,10.907210743027798,10.436688380169915,10.03,17.310000000000002,186,0.1871926966123283
quality_4_6_compact_3,compact,complete,4,deterministic,41,"{""A"": 0, ""B"": 1, ""C"": 2, ""D"": 3}","[0.5434597708536362, 1.4880502491570413, 0.07320881131220189, 1.0415690282217203, 0.2754191900147943, 0.6262404467951501, 0.13630408100703142]",0.005815120124702577,0.34605971401664787,0.01680380549705601,10.660524112954993,10.087083397438874,10.03,16.47,200,0.2689767889678478
quality_4_6_compact_3,compact,complete,4,deterministic,53,"{""A"": 0, ""B"": 1, ""C"": 2, ""D"": 3}","[0.5933964280391446, 1.717113740905409, 0.09539374360490264, 1.0501806795732285, 0.054542848512662605, 1.0783224288461988, -0.016884944553867895]",0.010697261795106713,0.457302094661001,0.023392111953995345,10.322611323381526,10.034588118201619,10.03,16.47,89,0.12006990797817707
quality_4_6_compact_3,compact,complete,4,poor,41,"{""A"": 1, ""B"": 3, ""C"": 4, ""D"": 2}","[0.530407179185227, 1.5705662203284403, 0.24977922105029057, 1.048675524447214, 0.2225393680074809, 0.8726765761780071, 0.06561274657823633]",0.0052681092971227925,0.30520010244200724,0.01726116490450332,10.63055984326155,10.105609541326846,10.03,22.19,200,0.26848141895607114
quality_4_6_compact_3,compact,complete,4,poor,53,"{""A"": 1, ""B"": 3, ""C"": 4, ""D"": 2}","[0.5109672278568063, 1.7497724180853937, 0.20027850410360845, 1.1012116503672635, -0.03488536484424384, 0.861684349149134, 0.38963234853026113]",0.008451914810989353,0.3368365901047783,0.02509203293015243,10.411912287477715,10.044646501535048,10.03,22.19,172,0.2383681288920343
quality_4_6_compact_3,compact,complete,4,random,41,"{""A"": 5, ""B"": 3, ""C"": 2, ""D"": 1}","[0.4191196743155209, 1.5718004323035126, 0.20256772903638, 0.983150013433951, 0.1653201515318927, 0.9166925505598099, 0.10900238971321774]",0.009787839864349439,0.3117378219926622,0.03139766551836572,10.381605514302576,10.0373486042772,10.03,17.310000000000002,71,0.09600336384028196
quality_4_6_compact_3,compact,complete,4,random,53,"{""A"": 5, ""B"": 3, ""C"": 2, ""D"": 1}","[0.4181049161152896, 1.572229553045313, 0.20236090411451588, 0.9845749527184938, 0.16450986358941921, 0.9127687024877977, 0.10887031486013762]",0.009784620309579922,0.31239030282961633,0.031321779904661895,10.382443452299256,10.037361042989918,10.03,17.310000000000002,83,0.11185105377808213
quality_4_6_compact_3,compact,complete,5,deterministic,41,"{""A"": 0, ""B"": 1, ""C"": 2, ""D"": 3}","[0.6152000243093627, 1.7518563474953455, 0.0559399906758258, 1.061384756786778, 0.08296372760654924, 0.802770623516223, 0.010176608718944623, 0.6125244320749083, 0.08523747066338479]",0.0344452063416201,0.4240232472797768,0.08123424025120171,10.04311883926069,10.030000018149465,10.03,16.47,200,0.33201483683660626
quality_4_6_compact_3,compact,complete,5,deterministic,53,"{""A"": 0, ""B"": 1, ""C"": 2, ""D"": 3}","[0.5243014557453016, 1.7553880747262296, 0.3950607213732377, 0.8830491600027367, 0.038960642078619614, 0.8173649093303733, 0.07804807349091497, 0.6615924681136351, -0.01247684609817204]",0.007985039181996561,0.36576589709553764,0.021831010614723544,10.530392441389745,10.048676065878547,10.03,16.47,200,0.33279128605499864
quality_4_6_compact_3,compact,complete,5,poor,41,"{""A"": 1, ""B"": 3, ""C"": 4, ""D"": 2}","[0.6370439399442132, 1.6035153465648868, 0.09332588940776955, 1.0259291863105573, 0.2485152548957862, 1.0836067948058827, 0.31407457984288667, 0.6827380816523864, 0.058454499086579396]",0.01633611092318258,0.28625212174343134,0.057068960130973935,10.184055785299963,10.030245845204693,10.03,22.19,196,0.32924634916707873
quality_4_6_compact_3,compact,complete,5,poor,53,"{""A"": 1, ""B"": 3, ""C"": 4, ""D"": 2}","[0.5894674987662908, 1.5206512025924965, 0.1526520511476514, 1.00163976308794, 0.15258741144965776, 1.0133554126404913, 0.1812206893337037, 0.687624033312338, 0.16341285769298883]",0.0072558512616897,0.3323235746591282,0.02183369407100351,10.57972938271755,10.057214939114912,10.03,22.19,93,0.15662549622356892
quality_4_6_compact_3,compact,complete,5,random,41,"{""A"": 5, ""B"": 3, ""C"": 2, ""D"": 1}","[0.42360342910937804, 1.5710551826758978, 0.2075163828466059, 0.9804295848515955, 0.1616898696453207, 0.9258204132191792, 0.11077232720034973, 0.5830757597488075, 0.01573300176586827]",0.010031841014915534,0.3109300143200643,0.032263984024999866,10.366188059954004,10.03647701912995,10.03,17.310000000000002,165,0.27549909707158804
quality_4_6_compact_3,compact,complete,5,random,53,"{""A"": 5, ""B"": 3, ""C"": 2, ""D"": 1}","[0.4221842163376584, 1.5714832677475323, 0.20378143501371632, 0.9817159903046514, 0.16264600189203554, 0.9199476963872808, 0.11067115097345132, 0.6137798576253621, 0.012788241942452473]",0.009781817976944352,0.31262264676460916,0.03128953733255807,10.38050900885951,10.037371560587012,10.03,17.310000000000002,115,0.19286914682015777
quality_4_6_compact_3,compact,complete,6,deterministic,41,"{""A"": 0, ""B"": 1, ""C"": 2, ""D"": 3}","[0.6266864968318833, 1.7985989616907256, 0.05440714140564521, 1.0060968117484206, 0.08049682263464782, 0.858851880102469, 0.026226772462315927, 0.5380213362056085, 0.09428115311433943, 0.552383552929751, 0.0026069805743272403]",0.04147899439615082,0.4212235224358059,0.09847264501348493,10.035541006826808,10.030000000429675,10.03,16.47,200,0.4020405691117048
quality_4_6_compact_3,compact,complete,6,deterministic,53,"{""A"": 0, ""B"": 1, ""C"": 2, ""D"": 3}","[0.6116856216764411, 1.76452526435478, 0.059091625706601675, 1.062195290212598, 0.08275498121451641, 0.8270197525055836, 0.011075808821247738, 0.5818803508577646, 0.08776966627812069, 0.7003935303982662, -0.04144179549293399]",0.0401675374292082,0.4093675128980054,0.09812096994422713,10.036054159511089,10.030000000865249,10.03,16.47,200,0.4026285232976079
quality_4_6_compact_3,compact,complete,6,poor,41,"{""A"": 1, ""B"": 3, ""C"": 4, ""D"": 2}","[0.6388887286534911, 1.5226287402216079, 0.25799500657504304, 1.0112299156949294, 0.29470579445125866, 0.7854817355891637, -0.01787124449288902, 0.7360264929704636, 0.13835977676755015, 0.42322585015183906, 0.2810543158580696]",0.0076506098391375815,0.3078528849488613,0.02485151256714211,10.483987392269526,10.05215097004938,10.03,22.19,200,0.4013773431070149
quality_4_6_compact_3,compact,complete,6,poor,53,"{""A"": 1, ""B"": 3, ""C"": 4, ""D"": 2}","[0.5459692022615895, 1.5709013475374367, 0.24828131641143728, 1.1011339499956918, 0.29047757070046737, 0.9506068287237639, 0.07680273811047975, 0.8791830275583614, 0.09869816963339516, 0.5147069301356163, 0.3092690720978738]",0.005896461934361074,0.32027892155008086,0.01841039649385439,10.58125637624029,10.084718238451348,10.03,22.19,200,0.4011980160139501
quality_4_6_compact_3,compact,complete,6,random,41,"{""A"": 5, ""B"": 3, ""C"": 2, ""D"": 1}","[0.3968989305364296, 1.5695182207792215, 0.23262119235698553, 1.122453947060229, 0.3324573113865596, 0.9118467258884569, 0.09984642815276189, 0.624644044535216, -0.05298778785671396, 0.5148787379531153, 0.07122859957389774]",0.006376387328944413,0.3396707423623659,0.01877225952579097,10.62230516336737,10.072787946361604,10.03,17.310000000000002,200,0.40164688928052783
quality_4_6_compact_3,compact,complete,6,random,53,"{""A"": 5, ""B"": 3, ""C"": 2, ""D"": 1}","[0.38638772401104715, 1.5523071842628389, 0.20706716270014414, 0.9866385289442158, 0.12265078021493997, 0.7287162850850227, 0.07573009808758757, 0.6122802527096421, 0.139813203632187, 0.6872537405603777, 0.0986370518895886]",0.012203394217373527,0.3184309982188195,0.03832351211293693,10.311212224395181,10.032106297848992,10.03,17.310000000000002,200,0.4006803841330111
quality_4_6_compact_3,compact,random_token,3,deterministic,41,"{""A"": 0, ""B"": 1, ""C"": 2, ""D"": 3}","[1.6881262999095465, 1.96401850565296, 0.2959580652420534, 1.1925138299227311, 0.45875059338236845]",0.20943610749924388,1.0000000000000002,0.20943610749924382,10.030000000000097,10.03,10.03,16.47,199,0.053217846900224686
quality_4_6_compact_3,compact,random_token,3,deterministic,53,"{""A"": 0, ""B"": 1, ""C"": 2, ""D"": 3}","[1.7749538456330936, 1.5411500899385824, -0.39502100146502883, 0.5697590285895271, 0.45444318866993905]",0.25551353656421727,1.0000000000000013,0.25551353656421694,10.03,10.03,10.03,16.47,60,0.016647251788526773
quality_4_6_compact_3,compact,random_token,3,poor,41,"{""A"": 1, ""B"": 3, ""C"": 4, ""D"": 2}","[0.9910694456532502, 1.5286187930469504, 0.5009688784232463, 1.3661185070208706, 0.051205011193847384]",0.10712694758371501,0.9999999999999991,0.1071269475837151,10.03000056775644,10.03,10.03,22.19,49,0.013828327879309654
quality_4_6_compact_3,compact,random_token,3,poor,53,"{""A"": 1, ""B"": 3, ""C"": 4, ""D"": 2}","[0.8953416774357754, 1.564132985590248, 0.35059452521545054, 2.090241742659015, 0.4029626929627569]",0.2115800446516094,1.0000000000000004,0.21158004465160932,10.03000000000007,10.03,10.03,22.19,165,0.0444158180616796
quality_4_6_compact_3,compact,random_token,3,random,41,"{""A"": 5, ""B"": 3, ""C"": 2, ""D"": 1}","[0.31013591839446, 1.7551478650018173, 0.2003676254237665, 0.871752982214283, 0.38432331002288506]",0.25055414826868155,1.0,0.25055414826868155,10.03,10.03,10.03,17.310000000000002,42,0.011838261038064957
quality_4_6_compact_3,compact,random_token,3,random,53,"{""A"": 5, ""B"": 3, ""C"": 2, ""D"": 1}","[0.2994097056163456, 1.754926707414768, 0.17992591824207724, 0.8848207128974592, 0.3579158761422025]",0.2504722659192662,0.9999999999999997,0.2504722659192663,10.03,10.03,10.03,17.310000000000002,38,0.010734688956290483
quality_4_6_compact_3,compact,ring,1,deterministic,41,"{""A"": 0, ""B"": 1, ""C"": 2, ""D"": 3}",[0.41466646065314156],0.0016715456654080114,0.29993465077554976,0.005573032862611396,11.28508590779114,10.513567511362083,10.03,16.47,14,0.004358885809779167
quality_4_6_compact_3,compact,ring,1,deterministic,53,"{""A"": 0, ""B"": 1, ""C"": 2, ""D"": 3}",[0.41506817543095753],0.0016752835389949338,0.3001443271753329,0.005581593211376262,11.286049132446088,10.51268571294125,10.03,16.47,13,0.003629164770245552
quality_4_6_compact_3,compact,ring,1,poor,41,"{""A"": 1, ""B"": 3, ""C"": 4, ""D"": 2}",[0.4084164606531415],0.0012424958560492013,0.35278121640411225,0.003522001167505238,11.781707683955645,10.699471515883952,10.03,22.19,12,0.0034178881905972958
quality_4_6_compact_3,compact,ring,1,poor,53,"{""A"": 1, ""B"": 3, ""C"": 4, ""D"": 2}",[0.40681817543095755],0.001260441664338237,0.35087410192294327,0.003592290389716614,11.773967006873086,10.692217463821313,10.03,22.19,14,0.003860639873892069
quality_4_6_compact_3,compact,ring,1,random,41,"{""A"": 5, ""B"": 3, ""C"": 2, ""D"": 1}",[0.25629146065314146],0.03936590280773937,0.4420714020908185,0.08904874330606913,10.044884238589685,10.030000002481168,10.03,17.310000000000002,15,0.004036620259284973
quality_4_6_compact_3,compact,ring,1,random,53,"{""A"": 5, ""B"": 3, ""C"": 2, ""D"": 1}",[0.2572556754309575],0.03909972833565683,0.44040245587665605,0.08878181266683838,10.045401923818073,10.030000002849635,10.03,17.310000000000002,15,0.004022042732685804
quality_4_6_compact_3,compact,ring,2,deterministic,41,"{""A"": 0, ""B"": 1, ""C"": 2, ""D"": 3}","[0.3585019191110882, 1.6051704101496902, 0.1558459425378085]",0.0020100661868886474,0.3670520637369524,0.0054762427063457676,11.216802609068848,10.435678814647947,10.03,16.47,38,0.018155644182115793
quality_4_6_compact_3,compact,ring,2,deterministic,53,"{""A"": 0, ""B"": 1, ""C"": 2, ""D"": 3}","[0.35611647729551493, 1.6043879771889151, 0.15664039503775815]",0.001974289950547689,0.36686535220111594,0.005381511060399569,11.224011350589617,10.443232584294984,10.03,16.47,23,0.010918243322521448
quality_4_6_compact_3,compact,ring,2,poor,41,"{""A"": 1, ""B"": 3, ""C"": 4, ""D"": 2}","[0.629398117502412, 2.393076333253235, 0.6704270293387196]",9.087215699923775e-05,0.70581130587305,0.0001287485142885801,11.527398920375848,11.130240760623323,10.03,22.19,132,0.05822619283571839
quality_4_6_compact_3,compact,ring,2,poor,53,"{""A"": 1, ""B"": 3, ""C"": 4, ""D"": 2}","[0.6295253878369691, 2.3943901645300376, 0.6717478553640883]",8.521420375156267e-05,0.7082314695229426,0.00012031970820071309,11.532102550328162,11.134268105983274,10.03,22.19,157,0.06939227087423205
quality_4_6_compact_3,compact,ring,2,random,41,"{""A"": 5, ""B"": 3, ""C"": 2, ""D"": 1}","[0.29605392610049575, 1.8413269447404677, 0.4365500816424394]",0.0025194179682581945,0.4977311550009875,0.0050618048377003766,10.870622218922142,10.340614753524893,10.03,17.310000000000002,29,0.013513445854187012
quality_4_6_compact_3,compact,ring,2,random,53,"{""A"": 5, ""B"": 3, ""C"": 2, ""D"": 1}","[0.28998756135787246, 1.8408325031011012, 0.4435748447345371]",0.002378870653974875,0.4991261385249141,0.004766071079757993,10.88725872453669,10.363861262754,10.03,17.310000000000002,39,0.01769698318094015
quality_4_6_compact_3,compact,ring,3,deterministic,41,"{""A"": 0, ""B"": 1, ""C"": 2, ""D"": 3}","[0.35573171225714345, 1.626638170229794, 0.15462547874694643, 0.8404851057428823, 0.11567852244613258]",0.0013642918372289176,0.35594318742857345,0.0038328921170957594,11.230904742032502,10.59266427563222,10.03,16.47,103,0.06870766496285796
quality_4_6_compact_3,compact,ring,3,deterministic,53,"{""A"": 0, ""B"": 1, ""C"": 2, ""D"": 3}","[0.35545242523202397, 1.6264881731799754, 0.15382068032726182, 0.8392209819175577, 0.11579618931488712]",0.0013638674816766078,0.35582376180953723,0.0038329859555772134,11.228768406927724,10.59275783433045,10.03,16.47,98,0.06465373281389475
quality_4_6_compact_3,compact,ring,3,poor,41,"{""A"": 1, ""B"": 3, ""C"": 4, ""D"": 2}","[0.8672648403006192, 1.7266806311383764, 0.5637424070617961, 0.8247188325335018, 0.07191727190998035]",0.00017313676263874792,0.6992856055006479,0.0002475909146089058,11.159889943348539,11.06413393544845,10.03,22.19,79,0.052200036123394966
quality_4_6_compact_3,compact,ring,3,poor,53,"{""A"": 1, ""B"": 3, ""C"": 4, ""D"": 2}","[0.8482162581363927, 1.762453876800823, 0.5409411439171151, 1.1368569625549119, 0.11435300623790502]",0.0005275763928930827,0.6163613209837383,0.0008559531153756515,11.094606018777304,10.892454613104075,10.03,22.19,53,0.035404014866799116
quality_4_6_compact_3,compact,ring,3,random,41,"{""A"": 5, ""B"": 3, ""C"": 2, ""D"": 1}","[0.6172792031608295, 1.7762952929704705, 0.5980770432769803, 0.9088162351088723, 0.07014866890303323]",0.001002138859071091,0.5130058620378735,0.001953464732527962,11.801654115303112,10.906354015836726,10.03,17.310000000000002,55,0.03663998609408736
quality_4_6_compact_3,compact,ring,3,random,53,"{""A"": 5, ""B"": 3, ""C"": 2, ""D"": 1}","[0.27362723753074836, 1.8636232068900012, 0.4345462533708791, 0.9968100854450729, -0.10288662328272016]",0.004329242459960086,0.479980708620385,0.009019617626724387,10.684154529470671,10.15288505426861,10.03,17.310000000000002,105,0.06876129703596234
quality_4_6_compact_3,compact,ring,4,deterministic,41,"{""A"": 0, ""B"": 1, ""C"": 2, ""D"": 3}","[0.3575294453227133, 1.6340261458267118, 0.14923193688306546, 0.8467534318939065, 0.11449226959075957, 0.8452060477932627, 0.02478453574051119]",0.0012817089140639954,0.36157004200890314,0.0035448426726471857,11.239851052628266,10.616946370154626,10.03,16.47,200,0.1762698758393526
quality_4_6_compact_3,compact,ring,4,deterministic,53,"{""A"": 0, ""B"": 1, ""C"": 2, ""D"": 3}","[0.15776375800823889, 1.5742697032830213, -0.10161448606465379, 0.8770652335231882, 0.05303703575053786, 1.0926906357372232, 0.3284574445221003]",0.0015599820661933192,0.4284800662651792,0.0036407342815053434,10.962635976234617,10.540867467624814,10.03,16.47,120,0.10597253497689962
quality_4_6_compact_3,compact,ring,4,poor,41,"{""A"": 1, ""B"": 3, ""C"": 4, ""D"": 2}","[0.7269882027013573, 1.7529280504010494, 0.6614747193138851, 0.8900355062461698, 0.05740543764974588, 0.845529839211153, 0.6400984971166087]",0.2973059970585324,0.5823405594521743,0.5105363042859616,10.03,10.03,10.03,22.19,45,0.040422428864985704
quality_4_6_compact_3,compact,ring,4,poor,53,"{""A"": 1, ""B"": 3, ""C"": 4, ""D"": 2}","[0.6772236054618094, 1.5209814750538375, 0.1820681769552344, 1.2965331588658253, 0.6607018189282988, 0.7939837913409961, 0.09387343109442538]",0.00047219197940183313,0.5722835463436542,0.0008251014421412066,11.093713680760102,10.91727371619318,10.03,22.19,200,0.17602557688951492
quality_4_6_compact_3,compact,ring,4,random,41,"{""A"": 5, ""B"": 3, ""C"": 2, ""D"": 1}","[0.39408200048860176, 1.8738691549696584, 0.431650091911628, 0.7388375587611471, -0.11386348165754738, 1.164019237454775, -0.12486777922128711]",0.0020686849254235966,0.4506041950839651,0.0045909135955516794,10.897120186188918,10.421391829796871,10.03,17.310000000000002,200,0.1749453879892826
quality_4_6_compact_3,compact,ring,4,random,53,"{""A"": 5, ""B"": 3, ""C"": 2, ""D"": 1}","[0.17116709094570565, 1.744023712356902, 0.6100624091973523, 1.297421619083199, 0.13054462802410297, 0.9246790888096929, 0.12153734275970282]",0.0003965872823279864,0.5679327763864199,0.0006982996911207489,11.10963001066966,10.953265721369732,10.03,17.310000000000002,200,0.17558334581553936
quality_4_6_compact_3,compact,ring,6,deterministic,41,"{""A"": 0, ""B"": 1, ""C"": 2, ""D"": 3}","[0.34886172640245394, 1.6459328166805682, 0.08369786630339246, 0.8364573159764053, 0.14838814327754105, 0.7194832285626982, 0.023325184515539162, 0.43808375815529604, 0.09800515285734777, 0.4374330569542745, -0.007355918349355434]",0.00037685509228666827,0.38893980945148116,0.0009689290813870253,11.164235572901719,10.961793283865092,10.03,16.47,177,0.23849330516532063
quality_4_6_compact_3,compact,ring,6,deterministic,53,"{""A"": 0, ""B"": 1, ""C"": 2, ""D"": 3}","[0.7909910592183551, 1.8030812940494994, -0.04690941279975984, 1.2834873638427122, 0.6902852357397611, 0.6202617701786338, -0.0783449818658744, 0.9582884813707071, 0.9072338237182709, 0.7697752018992435, 0.011869248674168137]",0.33061644341077934,0.5012044435932232,0.6596438791334961,10.03,10.03,10.03,16.47,109,0.14823305513709784
quality_4_6_compact_3,compact,ring,6,poor,41,"{""A"": 1, ""B"": 3, ""C"": 4, ""D"": 2}","[0.7671101877041385, 1.9580574400965347, 0.6602677047033185, 1.1574112512752972, 0.6504679505576854, 0.803188492083482, -0.11888771046096715, 0.37587496986543356, -0.07498880590789787, 0.28621378213244814, 0.040759237357886134]",0.3902851168621753,0.6708516250626717,0.5817756151752848,10.03,10.03,10.03,22.19,70,0.09615067997947335
quality_4_6_compact_3,compact,ring,6,poor,53,"{""A"": 1, ""B"": 3, ""C"": 4, ""D"": 2}","[0.8072844073329567, 2.0386493627734685, 0.7569245014398724, 1.222380394575159, 0.13004967891428867, 0.523447581812304, -0.06703221400177743, 0.2792400056564145, -0.12299356428423318, 0.83118651532234, 0.10352532544666164]",8.224399779372033e-05,0.7245854458959874,0.00011350489891778239,11.148166139707826,11.113402957592847,10.03,22.19,200,0.2711457717232406
quality_4_6_compact_3,compact,ring,6,random,41,"{""A"": 5, ""B"": 3, ""C"": 2, ""D"": 1}","[0.18485574209568884, 1.7563702296920904, 0.6022480918432334, 1.2536771139547835, 0.12397500410487863, 0.9620963862560407, 0.1282680841795958, 0.6265229390496555, -0.10235006278775266, 0.35452858696102235, -0.05531666922058964]",0.0006361085069724365,0.5676010080471073,0.0011206965772683115,11.076005622963088,10.84618250734512,10.03,17.310000000000002,200,0.27180564124137163
quality_4_6_compact_3,compact,ring,6,random,53,"{""A"": 5, ""B"": 3, ""C"": 2, ""D"": 1}","[0.34321733237150437, 1.6828638302132195, 0.19938243559268484, 0.9971118977431918, 0.2365276526971402, 0.8769651929276663, 0.10192014210547089, 0.7232560092048526, 0.1605761999795375, 0.4766415747611614, 0.24154489886538266]",0.009965013713723969,0.3504162359767965,0.028437648403893654,10.374501877276646,10.036701628560738,10.03,17.310000000000002,200,0.2785501559264958
quality_4_6_compact_3,compact,token,1,deterministic,41,"{""A"": 0, ""B"": 1, ""C"": 2, ""D"": 3}",[0.8531664606531413],0.0,1.0,0.0,13.370022173178928,13.370000000000001,10.03,16.47,16,0.0024458528496325016
quality_4_6_compact_3,compact,token,1,deterministic,53,"{""A"": 0, ""B"": 1, ""C"": 2, ""D"": 3}",[0.8535681754309575],0.0,0.9999999999999999,0.0,13.370021886803883,13.370000000000001,10.03,16.47,16,0.0020172777585685253
quality_4_6_compact_3,compact,token,1,poor,41,"{""A"": 1, ""B"": 3, ""C"": 4, ""D"": 2}",[0.9710414606531413],0.0,0.9999999999999999,0.0,13.651139589413619,13.650000000010138,10.03,22.19,15,0.0019094860181212425
quality_4_6_compact_3,compact,token,1,poor,53,"{""A"": 1, ""B"": 3, ""C"": 4, ""D"": 2}",[0.9723181754309573],0.0,1.0,0.0,13.651168692742251,13.650000000011213,10.03,22.19,15,0.0018954388797283173
quality_4_6_compact_3,compact,token,1,random,41,"{""A"": 5, ""B"": 3, ""C"": 2, ""D"": 1}",[0.6204789606531415],0.09805124960513294,1.0,0.09805124960513294,10.030002073508042,10.03,10.03,17.310000000000002,13,0.0017302189953625202
quality_4_6_compact_3,compact,token,1,random,53,"{""A"": 5, ""B"": 3, ""C"": 2, ""D"": 1}",[0.6228806754309576],0.0976969735592862,1.0,0.0976969735592862,10.030002180322315,10.03,10.03,17.310000000000002,15,0.0019023623317480087
quality_4_6_compact_3,compact,token,2,deterministic,41,"{""A"": 0, ""B"": 1, ""C"": 2, ""D"": 3}","[0.8660528470406751, 2.3060563749711456, 0.6620343816092411]",0.0011555362159599658,1.0,0.0011555362159599658,11.933524812300785,10.861646731589447,10.03,16.47,33,0.006456113886088133
quality_4_6_compact_3,compact,token,2,deterministic,53,"{""A"": 0, ""B"": 1, ""C"": 2, ""D"": 3}","[0.8870216080773219, 2.343848524327752, 0.597328932510765]",0.000747914734551754,1.0,0.000747914734551754,12.124444171507069,11.156043367769971,10.03,16.47,84,0.01435839431360364
quality_4_6_compact_3,compact,token,2,poor,41,"{""A"": 1, ""B"": 3, ""C"": 4, ""D"": 2}","[1.571199182281036, 1.5445428652415205, 0.7876295986503599]",4.394645027678937e-15,1.0,4.394645027678937e-15,11.160002647425829,11.15999999999743,10.03,22.19,44,0.007797041907906532
quality_4_6_compact_3,compact,token,2,poor,53,"{""A"": 1, ""B"": 3, ""C"": 4, ""D"": 2}","[1.5711643213068378, 1.5213188653889653, 0.7861555622473021]",3.20007908609419e-15,0.9999999999999998,3.2000790860941906e-15,11.160002646606033,11.159999999998139,10.03,22.19,38,0.006796012166887522
quality_4_6_compact_3,compact,token,2,random,41,"{""A"": 5, ""B"": 3, ""C"": 2, ""D"": 1}","[0.3790217275922028, 1.7271941076140411, 0.3632816092185796]",0.1437840502035949,1.0,0.1437840502035949,10.030000002653155,10.03,10.03,17.310000000000002,47,0.008256545290350914
quality_4_6_compact_3,compact,token,2,random,53,"{""A"": 5, ""B"": 3, ""C"": 2, ""D"": 1}","[0.3747365037783448, 1.7285727999961986, 0.3654095179131708]",0.14381299263921987,1.0,0.14381299263921987,10.030000002641701,10.03,10.03,17.310000000000002,36,0.006476172246038914
quality_4_6_compact_3,compact,token,3,deterministic,41,"{""A"": 0, ""B"": 1, ""C"": 2, ""D"": 3}","[0.862262988932775, 2.0552057668244785, 1.4673546764227745, 1.2497992950029524, 0.9400779345064576]",0.02245171114304535,1.0,0.02245171114304535,10.091938414371926,10.030010088974295,10.03,16.47,200,0.04696023603901267
quality_4_6_compact_3,compact,token,3,deterministic,53,"{""A"": 0, ""B"": 1, ""C"": 2, ""D"": 3}","[0.8695093898746069, 1.9876636066823015, 1.4889443920631766, 1.3549910870614257, 0.9415567746325283]",0.023208391771672776,1.0000000000000002,0.023208391771672773,10.086143912016118,10.030006786743897,10.03,16.47,200,0.04687772085890174
quality_4_6_compact_3,compact,token,3,poor,41,"{""A"": 1, ""B"": 3, ""C"": 4, ""D"": 2}","[0.6858842079537677, 1.8776378171990002, 0.5203229206317213, 1.4361126827498298, 0.6691758070148744]",0.0757044700758704,1.0,0.0757044700758704,10.03004752013838,10.03,10.03,22.19,67,0.016216993797570467
quality_4_6_compact_3,compact,token,3,poor,53,"{""A"": 1, ""B"": 3, ""C"": 4, ""D"": 2}","[0.6853714395562317, 1.8751711388065617, 0.5205393031578274, 1.435480170256691, 0.6672865986110399]",0.07577140738096545,1.0000000000000002,0.07577140738096544,10.030047081660463,10.03,10.03,22.19,101,0.024240761995315552
quality_4_6_compact_3,compact,token,3,random,41,"{""A"": 5, ""B"": 3, ""C"": 2, ""D"": 1}","[0.23639459818378133, 1.7078176823364433, 0.3099082159051778, 0.8777159895441126, 0.40029343747962237]",0.2567179781808215,0.9999999999999998,0.25671797818082154,10.03,10.03,10.03,17.310000000000002,41,0.01016595121473074
quality_4_6_compact_3,compact,token,3,random,53,"{""A"": 5, ""B"": 3, ""C"": 2, ""D"": 1}","[0.37083582643392693, 1.682979869921812, 0.2592258801314011, 0.9346724792549759, 0.39070417352127784]",0.25115100840801025,0.9999999999999998,0.2511510084080103,10.03,10.03,10.03,17.310000000000002,43,0.010561523027718067
quality_4_6_compact_3,compact,token,4,deterministic,41,"{""A"": 0, ""B"": 1, ""C"": 2, ""D"": 3}","[0.7854632228188556, 2.521720171606916, 0.08546343505098479, 1.118294504828977, 1.2174989023009497, 2.269300759186773, -0.9247451247409395]",0.0635048488502198,1.0,0.0635048488502198,10.030255587920156,10.030000000000003,10.03,16.47,190,0.058693820144981146
quality_4_6_compact_3,compact,token,4,deterministic,53,"{""A"": 0, ""B"": 1, ""C"": 2, ""D"": 3}","[0.7270566065660846, 1.4596757861949377, 0.2370905362847289, 0.7018082525787174, 1.4305394966609641, 0.6416110918234446, -0.996239263215303]",0.03203070145708411,1.0,0.03203070145708411,10.04755849755068,10.030000065197765,10.03,16.47,164,0.04981929622590542
quality_4_6_compact_3,compact,token,4,poor,41,"{""A"": 1, ""B"": 3, ""C"": 4, ""D"": 2}","[0.6743442760781333, 1.6187229091630815, 0.370136503213967, 1.4756163874373074, 0.6516955925138613, 0.7012667304895642, 0.3185576294067614]",0.06842873436644334,1.0,0.06842873436644334,10.030129641502185,10.03,10.03,22.19,104,0.03186792507767677
quality_4_6_compact_3,compact,token,4,poor,53,"{""A"": 1, ""B"": 3, ""C"": 4, ""D"": 2}","[0.6736447531756492, 1.622028143406572, 0.36987725116959164, 1.4755732091518772, 0.6506682188117, 0.7021241554709005, 0.3181011309916828]",0.06851677621530708,0.9999999999999998,0.06851677621530709,10.03012808250096,10.03,10.03,22.19,126,0.03846880979835987
quality_4_6_compact_3,compact,token,4,random,41,"{""A"": 5, ""B"": 3, ""C"": 2, ""D"": 1}","[0.2837715756295268, 1.8065898921502166, 0.40670750476710354, 0.874724828498187, 0.3946410080455177, 0.7770963853721823, 0.3259061618116545]",0.26226159886991596,0.9999999999999999,0.262261598869916,10.03,10.03,10.03,17.310000000000002,42,0.01330780005082488
quality_4_6_compact_3,compact,token,4,random,53,"{""A"": 5, ""B"": 3, ""C"": 2, ""D"": 1}","[0.377056828283491, 1.588230895696247, 0.1780783206316296, 1.0250805066573114, 0.34078603298967386, 1.0118517430625815, 0.12369112506411649]",0.26019513348502316,1.0000000000000002,0.2601951334850231,10.03,10.03,10.03,17.310000000000002,41,0.01290888199582696
quality_4_6_compact_3,compact,token,6,deterministic,41,"{""A"": 0, ""B"": 1, ""C"": 2, ""D"": 3}","[0.49188117215199556, 1.8264368318799202, -0.07788303876051922, 1.6676578185854383, 0.8583149848587186, 1.313550413624741, -0.13591437773274925, 1.2096507758283117, 0.3489320974248176, -0.06553492539746586, 1.4734194318558331]",0.0016246923184703324,0.9999999999999999,0.0016246923184703326,10.954298616119004,10.523420989580483,10.03,16.47,200,0.08587520383298397
quality_4_6_compact_3,compact,token,6,deterministic,53,"{""A"": 0, ""B"": 1, ""C"": 2, ""D"": 3}","[0.5524981094251129, 2.1402216056942, -0.07981626933659376, 1.3631281361878342, 0.900442847323185, 1.0149420124804667, -0.21791311645804404, 1.6017180566421427, 0.3137323686628827, -0.0788576557618083, 1.5882095712778446]",0.0013830492864661172,1.0,0.0013830492864661172,10.983123574446264,10.588201220906122,10.03,16.47,200,0.08542911661788821
quality_4_6_compact_3,compact,token,6,poor,41,"{""A"": 1, ""B"": 3, ""C"": 4, ""D"": 2}","[0.4548202076057807, 1.7051031559418046, 0.5384963242870986, 1.3429747067478501, 0.23722401661453954, 0.7199998247590765, 0.1436641915430837, 0.8123140307635391, 0.24634824967046878, 0.6854060109034015, 0.6164502770437218]",0.25071187559830804,1.0,0.25071187559830804,10.03,10.03,10.03,22.19,122,0.05271747801452875
quality_4_6_compact_3,compact,token,6,poor,53,"{""A"": 1, ""B"": 3, ""C"": 4, ""D"": 2}","[0.48175225371378766, 1.6658118872044432, 0.43999454049409853, 1.4006339226266424, 0.20299187032016025, 0.6998171857049005, 0.23042182826999913, 0.8152491992457553, 0.2032394648519077, 0.6379140756912814, 0.5328153485720853]",0.25174725220029637,1.0,0.25174725220029637,10.029999999999998,10.03,10.03,22.19,106,0.046106032095849514
quality_4_6_compact_3,compact,token,6,random,41,"{""A"": 5, ""B"": 3, ""C"": 2, ""D"": 1}","[0.39823456485074826, 1.7709657006773507, 0.40646487440057966, 1.0200523949304259, 0.3108580788759517, 0.7604144751525358, 0.2744650850426649, 0.601292115919692, 0.05240203737462413, 0.5094203214787809, 0.08934879555780158]",0.28157113791369026,1.0,0.28157113791369026,10.03,10.03,10.03,17.310000000000002,59,0.02603671420365572
quality_4_6_compact_3,compact,token,6,random,53,"{""A"": 5, ""B"": 3, ""C"": 2, ""D"": 1}","[0.37666902798834323, 1.5883337250862897, 0.17799940579340517, 1.024298765729046, 0.3408308737075368, 0.8116218500636472, 0.12422541656204021, 0.6558156947684572, 0.08635814159104455, 0.5166657002080031, 0.07658138146148062]",0.2954569976591846,1.0,0.2954569976591846,10.03,10.03,10.03,17.310000000000002,56,0.024603422731161118
quality_4_6_line_0,line,complete,1,deterministic,41,"{""A"": 0, ""B"": 1, ""C"": 2, ""D"": 3}",[0.7006039606531416],8.188792855541404e-09,0.3472441439836817,2.3582234567291152e-08,25.26647890157598,24.489844177432946,15.02,41.46,14,0.006195875350385904
quality_4_6_line_0,line,complete,1,deterministic,53,"{""A"": 0, ""B"": 1, ""C"": 2, ""D"": 3}",[0.7010056754309576],7.87177430491372e-09,0.34885690001214836,2.2564479316991e-08,25.275770687425602,24.511784841749563,15.02,41.46,16,0.006344303954392672
quality_4_6_line_0,line,complete,1,poor,41,"{""A"": 1, ""B"": 4, ""C"": 5, ""D"": 3}",[0.3802914606531415],0.0014315025326260206,0.3293989160249195,0.004345802196014894,17.12408710606404,15.606179779931619,15.02,60.879999999999995,14,0.005734167993068695
quality_4_6_line_0,line,complete,1,poor,53,"{""A"": 1, ""B"": 4, ""C"": 5, ""D"": 3}",[0.37869317543095754],0.0014141311843832711,0.330361668802166,0.004280554670614981,17.136386559858217,15.615070914920317,15.02,60.879999999999995,12,0.004956398159265518
quality_4_6_line_0,line,complete,1,random,41,"{""A"": 2, ""B"": 1, ""C"": 0, ""D"": 3}",[0.6907914606531416],3.7623927703432407e-10,0.3185206830163331,1.1812083079547815e-09,24.859032928232757,23.896799815824135,15.02,40.980000000000004,14,0.005617027636617422
quality_4_6_line_0,line,complete,1,random,53,"{""A"": 2, ""B"": 1, ""C"": 0, ""D"": 3}",[0.6931931754309575],2.7821233606587725e-10,0.32374272823599887,8.593624251633188e-10,24.930402440615797,24.01109264299695,15.02,40.980000000000004,15,0.005971735343337059
quality_4_6_line_0,line,complete,2,deterministic,41,"{""A"": 0, ""B"": 1, ""C"": 2, ""D"": 3}","[0.8832147119724033, 1.9691247546791697, 0.2746936629639214]",0.0012415942051566462,0.22947241905441657,0.005410646779568822,16.067986304933928,15.359538334930834,15.02,41.46,39,0.028499628882855177
quality_4_6_line_0,line,complete,2,deterministic,53,"{""A"": 0, ""B"": 1, ""C"": 2, ""D"": 3}","[0.5543333654668137, 1.8130794405983301, 0.2512543994723585]",0.0001294063748911548,0.28498065975641174,0.0004540882704172465,16.331259217621,15.278364163145584,15.02,41.46,62,0.04405828705057502
quality_4_6_line_0,line,complete,2,poor,41,"{""A"": 1, ""B"": 4, ""C"": 5, ""D"": 3}","[-0.07301082356428736, 1.2558378779049821, 0.3938811297123643]",0.002833235900177641,0.3028063609897405,0.009356593074587475,16.477142014721846,15.215421556851675,15.02,60.879999999999995,59,0.041838958859443665
quality_4_6_line_0,line,complete,2,poor,53,"{""A"": 1, ""B"": 4, ""C"": 5, ""D"": 3}","[0.43876424629794236, 1.8607190061216965, 0.09496048009871266]",0.0003349230596805072,0.3052509451285691,0.0010972056435056751,17.31159305781758,16.489740598179154,15.02,60.879999999999995,47,0.03359676105901599
quality_4_6_line_0,line,complete,2,random,41,"{""A"": 2, ""B"": 1, ""C"": 0, ""D"": 3}","[0.7223019167602431, 1.389122359078238, 0.2158706584844623]",0.0096227736279505,0.2457093936704052,0.03916323053101705,15.128093503401486,15.020438814782459,15.02,40.980000000000004,39,0.027967880945652723
quality_4_6_line_0,line,complete,2,random,53,"{""A"": 2, ""B"": 1, ""C"": 0, ""D"": 3}","[0.6353093634173926, 1.6879102894162465, 0.2926263182969159]",0.004882499012623927,0.28268240431759317,0.017272030158405078,15.37685763213471,15.02652557074635,15.02,40.980000000000004,55,0.03900402598083019
quality_4_6_line_0,line,complete,3,deterministic,41,"{""A"": 0, ""B"": 1, ""C"": 2, ""D"": 3}","[0.6296748007088745, 1.7679341546624059, 0.14667902364007243, 1.2787433144138023, 0.2384174796185807]",9.27257797370411e-05,0.27289349037129096,0.00033978743725576266,16.18908529114456,15.53298494257541,15.02,41.46,44,0.04581277072429657
quality_4_6_line_0,line,complete,3,deterministic,53,"{""A"": 0, ""B"": 1, ""C"": 2, ""D"": 3}","[0.7402359453420189, 1.8261247183807032, 0.09014898342124868, 1.510563955773882, 0.33681340025794715]",0.00024064233289755824,0.26100599796864143,0.0009219800877007823,15.575270633962665,15.254925429089168,15.02,41.46,200,0.19964323798194528
quality_4_6_line_0,line,complete,3,poor,41,"{""A"": 1, ""B"": 4, ""C"": 5, ""D"": 3}","[0.43072117115388, 1.8887524096839812, 0.011627400345218754, 1.0675215943581717, 0.1108580592694706]",0.0024228456608511246,0.3613235463638155,0.00670547404184827,16.496145664867967,15.279590728943615,15.02,60.879999999999995,140,0.13999659894034266
quality_4_6_line_0,line,complete,3,poor,53,"{""A"": 1, ""B"": 4, ""C"": 5, ""D"": 3}","[0.3389868397023545, 1.668120158895719, 0.32994900006532785, 0.996787825323324, 0.5151783237589264]",0.007973458636903767,0.29422318956567334,0.0271000346664518,15.912531591471929,15.032197328465351,15.02,60.879999999999995,194,0.19276252668350935
quality_4_6_line_0,line,complete,3,random,41,"{""A"": 2, ""B"": 1, ""C"": 0, ""D"": 3}","[0.7839009181707184, 1.4732514269841794, 0.35097431766053677, 1.2532942437764885, 0.08882966628720347]",0.03265418090770072,0.3364042592263265,0.0970682742923644,15.03967355730339,15.020000007292637,15.02,40.980000000000004,87,0.08739362470805645
quality_4_6_line_0,line,complete,3,random,53,"{""A"": 2, ""B"": 1, ""C"": 0, ""D"": 3}","[0.6347635539615248, 1.6896926942566395, 0.2943448318445666, 1.0943869350364606, 0.016443901605421085]",0.0050648441738181975,0.2876719889536584,0.017606316806305748,15.32083644535735,15.026135268390815,15.02,40.980000000000004,66,0.0667958352714777
quality_4_6_line_0,line,complete,4,deterministic,41,"{""A"": 0, ""B"": 1, ""C"": 2, ""D"": 3}","[0.6626540834280684, 1.8383987083543711, 0.10934545633170861, 1.372889193364998, 0.45481232740834193, 0.743485218765015, -0.07791624700708047]",0.00022338413563990686,0.3227486083094018,0.0006921304380211625,15.815647146930232,15.571965834546944,15.02,41.46,133,0.18011819198727608
quality_4_6_line_0,line,complete,4,deterministic,53,"{""A"": 0, ""B"": 1, ""C"": 2, ""D"": 3}","[0.7065835882844806, 1.7870180522997972, 0.0745142186594075, 1.0516380524472617, 0.29722152523528483, 0.9752502298215284, -0.0010968660837375709]",0.0011611955157878836,0.28605604375580646,0.0040593287264335705,16.037702715582654,15.324117462222837,15.02,41.46,94,0.12763868225738406
quality_4_6_line_0,line,complete,4,poor,41,"{""A"": 1, ""B"": 4, ""C"": 5, ""D"": 3}","[0.09325894898538767, 1.7974571700934845, 0.29231353639934776, 1.0383699035604563, 0.5612040088748638, 0.9368707191838944, -0.0655737915063335]",0.0005085057251506308,0.3704807839268963,0.0013725562760927693,15.62300157352898,15.073120133500709,15.02,60.879999999999995,197,0.2647786261513829
quality_4_6_line_0,line,complete,4,poor,53,"{""A"": 1, ""B"": 4, ""C"": 5, ""D"": 3}","[0.10483119677863707, 1.8088947839378589, 0.379625729232448, 0.9631477712736084, 0.02450741340436238, 1.0382746908491656, -0.02753135451407004]",0.006489431036214589,0.3243444969113547,0.0200078345648275,15.825668760368877,15.041971355388924,15.02,60.879999999999995,142,0.19107796298339963
quality_4_6_line_0,line,complete,4,random,41,"{""A"": 2, ""B"": 1, ""C"": 0, ""D"": 3}","[0.840703500077007, 1.6798206700845755, 0.40041312029673914, 1.2459442086227621, 0.10004450739982056, 1.0862383286382795, 0.02220571997167007]",0.05102963116794974,0.37970785336444146,0.1343918244402804,15.021100796698914,15.020000000001152,15.02,40.980000000000004,73,0.0992172290571034
quality_4_6_line_0,line,complete,4,random,53,"{""A"": 2, ""B"": 1, ""C"": 0, ""D"": 3}","[0.4974055431202847, 1.4607719978956413, 0.17690706957223054, 1.0611410408020134, 0.02542378914072329, 0.7884343797300155, 0.4016445441536269]",0.00023736837947687653,0.2975759567955306,0.0007976732462964953,16.616730093640214,15.561399643761087,15.02,40.980000000000004,152,0.20475576911121607
quality_4_6_line_0,line,complete,5,deterministic,41,"{""A"": 0, ""B"": 1, ""C"": 2, ""D"": 3}","[0.6332394620469389, 1.7737104699413138, 0.15659276927791535, 1.285456607883099, 0.257177865759977, 0.9457433494524108, 0.006615378959353232, 0.6428158340211259, 0.04146572302941487]",0.0002926957606796687,0.3025732839254782,0.0009673549392145201,16.32000831294693,15.469402909511874,15.02,41.46,118,0.1970516419969499
quality_4_6_line_0,line,complete,5,deterministic,53,"{""A"": 0, ""B"": 1, ""C"": 2, ""D"": 3}","[0.7058132143533238, 1.7886917222699554, 0.07065383993577344, 1.0472216918920347, 0.305268185094103, 0.8112611821736355, -0.00939922745173452, 0.5816653929954929, -0.030427031023968654]",0.001326417500646084,0.31473713042484697,0.004214366124694672,15.948006671856156,15.2226097375649,15.02,41.46,134,0.22291590180248022
quality_4_6_line_0,line,complete,5,poor,41,"{""A"": 1, ""B"": 4, ""C"": 5, ""D"": 3}","[0.3545482089063292, 1.8854635873397207, 0.38389092661994995, 1.0164214185054201, 0.3547609587841988, 0.8300469501364378, 0.02667484820912221, 0.6189516305571188, 0.06852938462562147]",0.0008761061328102117,0.27656497400863556,0.0031678130462856656,16.95818287250035,15.730011157392383,15.02,60.879999999999995,200,0.33257002010941505
quality_4_6_line_0,line,complete,5,poor,53,"{""A"": 1, ""B"": 4, ""C"": 5, ""D"": 3}","[0.3150778416297458, 1.7803592399492931, 0.40642772684453454, 0.9992957316741431, 0.08141578196893437, 1.1294446935728075, 0.11312850632947091, 0.5775752694338224, 0.26484018443139223]",0.0015006011798027465,0.2828068169540222,0.005306099746692843,16.362484998092324,15.265328374371226,15.02,60.879999999999995,200,0.3329636389389634
quality_4_6_line_0,line,complete,5,random,41,"{""A"": 2, ""B"": 1, ""C"": 0, ""D"": 3}","[0.6400804147078997, 1.7010555694434863, 0.27633505608325104, 1.2662198054481377, 0.06062939409527329, 0.7645110050746867, 0.044706306988321606, 0.5180124615891305, 0.01937212236415834]",0.003411655559469138,0.30720254224717447,0.011105557703113432,15.255243802186135,15.031956695742858,15.02,40.980000000000004,99,0.16568690165877342
quality_4_6_line_0,line,complete,5,random,53,"{""A"": 2, ""B"": 1, ""C"": 0, ""D"": 3}","[0.6625422501584474, 1.6766596720375246, 0.3520140045308938, 1.2111315794354054, 0.08359865217032335, 0.7712861350205413, 0.3288153765516293, 0.6518494612794506, 0.10295385171094618]",0.001440104094120937,0.28392936355958664,0.005072050583520258,16.67190159850684,15.480981036866329,15.02,40.980000000000004,182,0.3025785689242184
quality_4_6_line_0,line,complete,6,deterministic,41,"{""A"": 0, ""B"": 1, ""C"": 2, ""D"": 3}","[0.6293375008042064, 1.77573842282172, 0.141155068593312, 1.2750297204623562, 0.2393845645096273, 1.0600884708174505, 0.04491723498437879, 0.7574039703140898, -0.05353961580789404, 0.5575596764368627, -0.03224384090278658]",2.583280001185517e-05,0.2560605849097338,0.00010088549950380578,16.81010435824488,15.76939200266412,15.02,41.46,200,0.40269029792398214
quality_4_6_line_0,line,complete,6,deterministic,53,"{""A"": 0, ""B"": 1, ""C"": 2, ""D"": 3}","[0.5677308173048343, 1.8155417029869305, 0.20900030628736108, 1.058727001963972, 0.016089923618432433, 0.7947616490651528, 0.09175560559918815, 0.7356527575377263, 0.10641359475096113, 0.4677026645635978, -0.002053509713101462]",0.0008281814938274289,0.30708701303174346,0.0026968952078146665,15.83084857177575,15.141469238671526,15.02,41.46,198,0.3974872580729425
quality_4_6_line_0,line,complete,6,poor,41,"{""A"": 1, ""B"": 4, ""C"": 5, ""D"": 3}","[0.3394286421554668, 1.8927295132161808, 0.37338223757875927, 1.166856055706525, 0.4559890579759458, 0.7599102009454345, 0.09234604381648469, 0.6324633836869188, -0.06048149076320448, 0.578871059132042, 0.057971600688621595]",1.875459397784444e-05,0.2900942456555559,6.465000343410035e-05,16.786699868929077,15.765909026359518,15.02,60.879999999999995,200,0.40143560199066997
quality_4_6_line_0,line,complete,6,poor,53,"{""A"": 1, ""B"": 4, ""C"": 5, ""D"": 3}","[0.403819932516722, 1.7494588088583911, 0.29873678721826097, 0.9890313579663237, 0.1227611779209043, 0.8569464868403435, 0.06690121627392673, 0.6391960194653207, 0.10123752876622749, 0.5655376367590501, 0.04690099752369183]",0.0002987575696202711,0.3280311081586463,0.0009107598706028285,16.52577432492335,15.582448506426887,15.02,60.879999999999995,200,0.400049630086869
quality_4_6_line_0,line,complete,6,random,41,"{""A"": 2, ""B"": 1, ""C"": 0, ""D"": 3}","[0.8327607272203754, 1.6930424913545326, 0.3808342529481268, 1.2574565738984536, 0.07834886542120958, 0.7522182604949231, -0.009408042332558835, 0.6000654196925166, -0.07864923662526331, 0.512211972064986, 0.00344919851437989]",0.06609614937620667,0.36871857561817234,0.1792590711368248,15.020134079749317,15.02,15.02,40.980000000000004,200,0.4043374010361731
quality_4_6_line_0,line,complete,6,random,53,"{""A"": 2, ""B"": 1, ""C"": 0, ""D"": 3}","[0.6453546307481657, 1.6965369250208955, 0.2811994197464709, 1.2516643177608278, 0.02638707224138189, 0.7152937269602712, 0.02943890631444686, 0.7982371323644378, -0.04877959859479645, 0.45259709216487093, 0.053869952382612794]",0.0068095774983025405,0.28667586824390046,0.02375357765554592,15.103325331081292,15.021912947021265,15.02,40.980000000000004,200,0.39981599105522037
quality_4_6_line_0,line,random_token,3,deterministic,41,"{""A"": 0, ""B"": 1, ""C"": 2, ""D"": 3}","[1.471905170704261, 0.9085130176879155, 0.9877658225699341, -0.012398021567479198, 1.5709056792317915]",0.0,0.9999999999999993,0.0,15.080002220081417,15.08,15.02,41.46,200,0.05210067890584469
quality_4_6_line_0,line,random_token,3,deterministic,53,"{""A"": 0, ""B"": 1, ""C"": 2, ""D"": 3}","[1.4727979833802725, 0.904060401807611, 0.9877921981367509, 0.7755629722478692, -1.5704039341469025]",0.0,0.9999999999999991,0.0,15.080002268016743,15.08,15.02,41.46,172,0.0454598693177104
quality_4_6_line_0,line,random_token,3,poor,41,"{""A"": 1, ""B"": 4, ""C"": 5, ""D"": 3}","[0.6622921615264257, 2.0486245163845314, 1.5843777403117327, 1.3416196666618476, 1.7239312237802578]",0.000800680068688089,1.0000000000000002,0.0008006800686880888,16.85936807646176,15.912162505052748,15.02,60.879999999999995,200,0.05274208402261138
quality_4_6_line_0,line,random_token,3,poor,53,"{""A"": 1, ""B"": 4, ""C"": 5, ""D"": 3}","[0.6623762332693478, 1.9796214203419573, 1.5936860562371034, 1.2319480125413034, 1.7320728700347319]",0.0008980467062515654,1.0,0.0008980467062515654,16.809277409540904,15.835368603989561,15.02,60.879999999999995,200,0.05242769327014685
quality_4_6_line_0,line,random_token,3,random,41,"{""A"": 2, ""B"": 1, ""C"": 0, ""D"": 3}","[1.435201465557065, 1.7410820991148157, 0.9261269630569893, 1.2841918670907968, 1.5713504589703633]",0.0,0.9999999999999986,0.0,15.08047958521011,15.08000000000241,15.02,40.980000000000004,144,0.03828058671206236
quality_4_6_line_0,line,random_token,3,random,53,"{""A"": 2, ""B"": 1, ""C"": 0, ""D"": 3}","[1.4359633943967869, 1.7404534805857923, 0.9245987444762533, 1.0053633486793314, 1.5707175722431923]",0.0,1.0000000000000007,0.0,15.080478771880061,15.080000000002453,15.02,40.980000000000004,65,0.017555077094584703
quality_4_6_line_0,line,ring,1,deterministic,41,"{""A"": 0, ""B"": 1, ""C"": 2, ""D"": 3}",[0.3116664606531415],1.8793031459324666e-06,0.2858786608499198,6.573779030394509e-06,19.269155491754947,16.519196188331843,15.02,41.46,14,0.004255852196365595
quality_4_6_line_0,line,ring,1,deterministic,53,"{""A"": 0, ""B"": 1, ""C"": 2, ""D"": 3}",[0.3115056754309575],1.8630831114015991e-06,0.2859534826672063,6.515336319823255e-06,19.27257622778062,16.522890808630553,15.02,41.46,15,0.004014668986201286
quality_4_6_line_0,line,ring,1,poor,41,"{""A"": 1, ""B"": 4, ""C"": 5, ""D"": 3}",[0.5068539606531414],0.00023871864616474987,0.5111327371848913,0.00046703845948023974,15.261753742973541,15.198391689289483,15.02,60.879999999999995,15,0.004041268955916166
quality_4_6_line_0,line,ring,1,poor,53,"{""A"": 1, ""B"": 4, ""C"": 5, ""D"": 3}",[0.5066931754309574],0.00023937748071852332,0.5107354289334627,0.0004686917475421679,15.26185003792578,15.198289255044244,15.02,60.879999999999995,13,0.0035410490818321705
quality_4_6_line_0,line,ring,1,random,41,"{""A"": 2, ""B"": 1, ""C"": 0, ""D"": 3}",[0.3209164606531416],0.0005119899991930602,0.28223529134380543,0.0018140537873747996,19.049472308544065,16.211077975704786,15.02,40.980000000000004,14,0.0037699700333178043
quality_4_6_line_0,line,ring,1,random,53,"{""A"": 2, ""B"": 1, ""C"": 0, ""D"": 3}",[0.3183181754309576],0.0004979497721439156,0.28312952907573485,0.0017587348581034727,19.109155168568773,16.273638351165655,15.02,40.980000000000004,14,0.0037585580721497536
quality_4_6_line_0,line,ring,2,deterministic,41,"{""A"": 0, ""B"": 1, ""C"": 2, ""D"": 3}","[0.3557050476743457, 1.8022766357939621, 0.5003541176688551]",0.007737806431387632,0.2594156056686121,0.02982783711660052,16.13847411719584,15.041120311202132,15.02,41.46,50,0.023220405913889408
quality_4_6_line_0,line,ring,2,deterministic,53,"{""A"": 0, ""B"": 1, ""C"": 2, ""D"": 3}","[0.35669306538970025, 1.8028315068379246, 0.5023332765836819]",0.00792926689880963,0.2597602873771643,0.030525323862521634,16.115748338401133,15.039191434913574,15.02,41.46,96,0.042366750072687864
quality_4_6_line_0,line,ring,2,poor,41,"{""A"": 1, ""B"": 4, ""C"": 5, ""D"": 3}","[0.4711414939616432, 1.7669529848493328, 0.08966781493193753]",0.000602889034564378,0.427925009697969,0.0014088660884529727,15.395964204406564,15.175902499757418,15.02,60.879999999999995,31,0.014380014035850763
quality_4_6_line_0,line,ring,2,poor,53,"{""A"": 1, ""B"": 4, ""C"": 5, ""D"": 3}","[0.4858029645143799, 1.6199356624442025, 0.05310099517975131]",0.0004887253168348298,0.4483242626876281,0.0010901156986351892,15.327687717317941,15.173377163793447,15.02,60.879999999999995,36,0.016438079066574574
quality_4_6_line_0,line,ring,2,random,41,"{""A"": 2, ""B"": 1, ""C"": 0, ""D"": 3}","[0.5902716100386544, 1.7106565157062559, 0.40868459291112036]",0.00011664919534123294,0.25306369989406546,0.00046094795654241696,16.314196084757633,15.336218603818406,15.02,40.980000000000004,61,0.02729091001674533
quality_4_6_line_0,line,ring,2,random,53,"{""A"": 2, ""B"": 1, ""C"": 0, ""D"": 3}","[0.586610103249161, 1.7090929613008357, 0.41067228406948575]",0.00011127497767229149,0.2523529854763529,0.0004409497175642437,16.379019481032277,15.345257453031506,15.02,40.980000000000004,55,0.024648968130350113
quality_4_6_line_0,line,ring,3,deterministic,41,"{""A"": 0, ""B"": 1, ""C"": 2, ""D"": 3}","[0.3609411182560267, 1.8956776289090023, 0.664522935114734, 0.7669997316205777, 0.44725981857521346]",0.006240107070160203,0.27577184327538823,0.02262778895787695,15.470867867309254,15.029013148932865,15.02,41.46,95,0.06319202808663249
quality_4_6_line_0,line,ring,3,deterministic,53,"{""A"": 0, ""B"": 1, ""C"": 2, ""D"": 3}","[0.2979262049050233, 1.8779370919497884, 0.38461643687360303, 1.0747837322182503, 0.6828792195286431]",0.009052776576021637,0.26231102360902125,0.034511613166189094,15.058401526554189,15.02057034130968,15.02,41.46,61,0.0405619409866631
quality_4_6_line_0,line,ring,3,poor,41,"{""A"": 1, ""B"": 4, ""C"": 5, ""D"": 3}","[0.4507174684683335, 1.7498249825922931, 0.1504813708088909, 0.9483212750895527, 0.15445091108003592]",0.0014064939840810822,0.4742406518008862,0.0029657811466394708,15.521171611366068,15.195609947844067,15.02,60.879999999999995,83,0.05485112406313419
quality_4_6_line_0,line,ring,3,poor,53,"{""A"": 1, ""B"": 4, ""C"": 5, ""D"": 3}","[0.4501007850583457, 1.7498707532772428, 0.14967911011959492, 0.9484308787085595, 0.15398062996538328]",0.0014006042705256118,0.47410292927635495,0.002954219820289696,15.521824287815344,15.196560739706586,15.02,60.879999999999995,51,0.03407033020630479
quality_4_6_line_0,line,ring,3,random,41,"{""A"": 2, ""B"": 1, ""C"": 0, ""D"": 3}","[0.7147512091071568, 1.8592364091762803, 0.6700831639766509, 1.127494130174783, 0.24091685786931177]",0.00020691198017757953,0.21098867441630148,0.0009806781371085435,16.823751024854158,15.40287605605045,15.02,40.980000000000004,75,0.04958566604182124
quality_4_6_line_0,line,ring,3,random,53,"{""A"": 2, ""B"": 1, ""C"": 0, ""D"": 3}","[0.6828754458502555, 1.7574679265844204, 0.734213091929588, 1.357293094718238, 0.26140812899959076]",0.0036579815985247157,0.2628989021157406,0.013914023866536722,15.606897016256916,15.088983175779108,15.02,40.980000000000004,76,0.05031356401741505
quality_4_6_line_0,line,ring,4,deterministic,41,"{""A"": 0, ""B"": 1, ""C"": 2, ""D"": 3}","[0.7027225208394833, 1.6292856161437905, 0.6947920803049197, 1.1356565955945692, 0.2622641816305619, 0.7310913377933719, -0.18037250530789126]",0.000539601767363349,0.19499780937190733,0.0027672196374996178,15.765187780378291,15.08788055503235,15.02,41.46,200,0.1805821442976594
quality_4_6_line_0,line,ring,4,deterministic,53,"{""A"": 0, ""B"": 1, ""C"": 2, ""D"": 3}","[0.3805105918397049, 1.850775765907052, 0.5880747504932925, 1.0945670374591838, 0.38348618767215165, 0.828451096470974, -0.14182789847664715]",0.008664010861741542,0.29413987865351626,0.029455410471381078,15.266680136949214,15.02240951331102,15.02,41.46,200,0.1789599866606295
quality_4_6_line_0,line,ring,4,poor,41,"{""A"": 1, ""B"": 4, ""C"": 5, ""D"": 3}","[0.4431891657705488, 1.749639506018549, 0.1595064854734081, 0.9437158490908857, 0.15952109237343443, 0.9307365754139288, 0.0753860696247046]",0.0009367702857223672,0.4392883575050365,0.0021324723720036833,15.530241080001954,15.213079636190415,15.02,60.879999999999995,101,0.0912348092533648
quality_4_6_line_0,line,ring,4,poor,53,"{""A"": 1, ""B"": 4, ""C"": 5, ""D"": 3}","[0.45673931246461663, 1.60784647714203, 0.14197632167827048, 0.9396230836928894, 0.15479797477251445, 0.9301504911700406, 0.07433207616644777]",0.000600261405698736,0.38136047282803387,0.0015740000562916513,15.418550210274926,15.148424673383854,15.02,60.879999999999995,91,0.0825528553687036
quality_4_6_line_0,line,ring,4,random,41,"{""A"": 2, ""B"": 1, ""C"": 0, ""D"": 3}","[0.7167895393123253, 1.8603340469069642, 0.6677132251521326, 1.1293728651633228, 0.2409949564941055, 0.9514491602606874, -0.013815469160696661]",0.00018670772712306823,0.21389982816056652,0.000872874600829103,16.6113600394634,15.372188072466827,15.02,40.980000000000004,200,0.17910599103197455
quality_4_6_line_0,line,ring,4,random,53,"{""A"": 2, ""B"": 1, ""C"": 0, ""D"": 3}","[0.811731359139733, 1.6674635761353698, 0.16678616493063295, 0.884848338138586, 0.32334492125225367, 1.1545734488170072, 0.6761905153349574]",3.2191489744587865e-05,0.17029822953548168,0.00018903009052058736,16.045532805454688,15.267995405153725,15.02,40.980000000000004,131,0.11787169985473156
quality_4_6_line_0,line,ring,6,deterministic,41,"{""A"": 0, ""B"": 1, ""C"": 2, ""D"": 3}","[0.7210362905362392, 1.6055797929096964, 0.5907192526531705, 0.9709702458298856, 0.16044749212516704, 0.8553743861419592, 0.1629341513723094, 0.5611419423528088, 0.083254418112647, 0.5273255214970228, 0.08485639489748542]",0.0003730755111687952,0.43938600021242785,0.0008490837463834217,15.14454143004871,15.070362003143439,15.02,41.46,200,0.25831352500244975
quality_4_6_line_0,line,ring,6,deterministic,53,"{""A"": 0, ""B"": 1, ""C"": 2, ""D"": 3}","[0.3987906353583496, 1.8713266908140944, 0.3396628789499329, 1.233972562089008, 0.4644837888616866, 0.810014621950246, 0.2738233721783089, 0.8312213989978395, 0.04825802940430812, 0.7314648432160333, 0.1139788763402392]",0.007634492511818565,0.27826498526951204,0.027436051662857324,15.427659065275813,15.028104927812588,15.02,41.46,200,0.25632173381745815
quality_4_6_line_0,line,ring,6,poor,41,"{""A"": 1, ""B"": 4, ""C"": 5, ""D"": 3}","[0.4857739606714067, 1.7378588033729665, 0.13381014564482568, 0.9522697857164786, 0.20594687153669858, 0.8360982084239572, 0.05244201901443948, 0.8373291393937934, -0.04399728600429292, 0.5371336098955227, -0.09335729772793432]",0.003058283996099187,0.47227274971422034,0.006475673216271323,15.281787123115114,15.042795742699418,15.02,60.879999999999995,200,0.25675203232094646
quality_4_6_line_0,line,ring,6,poor,53,"{""A"": 1, ""B"": 4, ""C"": 5, ""D"": 3}","[0.3274043560105602, 1.4910929253623602, 0.06934755114508007, 1.056078495205044, 0.1635208488645946, 0.7642140888605463, -0.01670971048458847, 0.6068758942795514, 0.005803819930935773, 0.7086689679928482, 0.05413835276555123]",0.00012907695813571622,0.3584659783087716,0.0003600814748018661,15.5617420836636,15.290508816307034,15.02,60.879999999999995,200,0.2567596258595586
quality_4_6_line_0,line,ring,6,random,41,"{""A"": 2, ""B"": 1, ""C"": 0, ""D"": 3}","[0.6862259059554676, 1.642775495566891, 0.650576364087506, 1.2729591555966355, 0.7383346748253595, 1.085779396368093, 0.05798231848004255, 0.5161148267455108, -0.11110702333137491, 0.6684050225681574, 0.12150087641947205]",1.5754830880856866e-05,0.3002645190039743,5.246983870461344e-05,16.62291788227231,16.209608508119885,15.02,40.980000000000004,160,0.20565534802153707
quality_4_6_line_0,line,ring,6,random,53,"{""A"": 2, ""B"": 1, ""C"": 0, ""D"": 3}","[0.7426138591003997, 1.8281293976348347, 0.5513834381194614, 1.1970618777192867, 0.09752442252037997, 0.8365554218564822, 0.17111012083110844, 0.6138319936740637, 0.10898715606770575, 0.5404777839411556, 0.08729072611415]",0.0016160801539615468,0.2781526349857499,0.005810047976156475,15.344056067370598,15.056262315202988,15.02,40.980000000000004,200,0.2562822396866977
quality_4_6_line_0,line,token,1,deterministic,41,"{""A"": 0, ""B"": 1, ""C"": 2, ""D"": 3}",[0.9361039606531414],0.0,1.0,0.0,37.760107968930896,37.76000000000014,15.02,41.46,17,0.0024358341470360756
quality_4_6_line_0,line,token,1,deterministic,53,"{""A"": 0, ""B"": 1, ""C"": 2, ""D"": 3}",[0.9365056754309575],0.0,1.0,0.0,37.7601087291232,37.76000000000014,15.02,41.46,17,0.0021025589667260647
quality_4_6_line_0,line,token,1,poor,41,"{""A"": 1, ""B"": 4, ""C"": 5, ""D"": 3}",[1.1980414606531415],0.0,0.9999999999999999,0.0,37.61,37.61,15.02,60.879999999999995,9,0.0013603148981928825
quality_4_6_line_0,line,token,1,poor,53,"{""A"": 1, ""B"": 4, ""C"": 5, ""D"": 3}",[1.1275681754309574],0.0,1.0,0.0,37.61,37.61,15.02,60.879999999999995,15,0.0019196951761841774
quality_4_6_line_0,line,token,1,random,41,"{""A"": 2, ""B"": 1, ""C"": 0, ""D"": 3}",[0.7079789606531414],0.0,0.9999999999999999,0.0,35.7215736263743,35.72000000000009,15.02,40.980000000000004,14,0.0018019932322204113
quality_4_6_line_0,line,token,1,random,53,"{""A"": 2, ""B"": 1, ""C"": 0, ""D"": 3}",[0.7103806754309577],0.0,1.0,0.0,35.72153635964611,35.720000000000084,15.02,40.980000000000004,17,0.0020336490124464035
quality_4_6_line_0,line,token,2,deterministic,41,"{""A"": 0, ""B"": 1, ""C"": 2, ""D"": 3}","[0.9651670774801467, 1.35069972144807, 1.5519895704198046]",0.0,1.0,0.0,20.258580762030558,20.1941845303112,15.02,41.46,52,0.009811555035412312
quality_4_6_line_0,line,token,2,deterministic,53,"{""A"": 0, ""B"": 1, ""C"": 2, ""D"": 3}","[0.9661758336251658, 1.6989092153456347, 1.5387946172578195]",0.0,1.0,0.0,20.217825195924753,20.03707309015607,15.02,41.46,41,0.007521554362028837
quality_4_6_line_0,line,token,2,poor,41,"{""A"": 1, ""B"": 4, ""C"": 5, ""D"": 3}","[1.569864675982463, 1.5704348486596047, 0.7771404499447833]",0.06456348665391737,1.0,0.06456348665391737,15.020011699051281,15.02,15.02,60.879999999999995,44,0.008036823011934757
quality_4_6_line_0,line,token,2,poor,53,"{""A"": 1, ""B"": 4, ""C"": 5, ""D"": 3}","[1.5698395996963075, 1.5878098745960958, 0.7768786312056595]",0.06462886065894141,1.0,0.06462886065894141,15.020011594860025,15.02,15.02,60.879999999999995,38,0.007025944069027901
quality_4_6_line_0,line,token,2,random,41,"{""A"": 2, ""B"": 1, ""C"": 0, ""D"": 3}","[0.9820759008918583, 1.6734914615454655, 1.546332514123393]",0.0,0.9999999999999999,0.0,16.26048682392724,16.259999999999994,15.02,40.980000000000004,49,0.008807629812508821
quality_4_6_line_0,line,token,2,random,53,"{""A"": 2, ""B"": 1, ""C"": 0, ""D"": 3}","[0.9806390586406188, 1.6403867737565805, 1.5442840608927801]",0.0,1.0,0.0,16.260503703671866,16.259999999999994,15.02,40.980000000000004,44,0.007948766928166151
quality_4_6_line_0,line,token,3,deterministic,41,"{""A"": 0, ""B"": 1, ""C"": 2, ""D"": 3}","[1.3138971494182725, 1.658791967849897, 1.0381213714774251, 0.9469742850476973, 1.4026061385958322]",0.06010554631384464,1.0,0.06010554631384464,15.020022842085421,15.020000000000001,15.02,41.46,200,0.04685930674895644
quality_4_6_line_0,line,token,3,deterministic,53,"{""A"": 0, ""B"": 1, ""C"": 2, ""D"": 3}","[1.3101208508636097, 1.162198097338089, 1.0427761797241863, 0.7492133649969773, 1.427127015781155]",0.05914970876380348,1.0,0.05914970876380348,15.020025768790502,15.02,15.02,41.46,200,0.046280129346996546
quality_4_6_line_0,line,token,3,poor,41,"{""A"": 1, ""B"": 4, ""C"": 5, ""D"": 3}","[1.5141748200761234, 1.7334024647835364, 0.42086047713475955, 0.8340002069130497, 0.30676645016525605]",0.1171086639917415,1.0,0.1171086639917415,15.020000007149575,15.02,15.02,60.879999999999995,200,0.045831927098333836
quality_4_6_line_0,line,token,3,poor,53,"{""A"": 1, ""B"": 4, ""C"": 5, ""D"": 3}","[1.4953502171597426, 1.3444535514778602, 0.36101017844772526, 1.394898506097537, 0.46232675566518583]",0.08722130403695377,1.0,0.08722130403695377,15.020000506914485,15.02,15.02,60.879999999999995,190,0.04349688161164522
quality_4_6_line_0,line,token,3,random,41,"{""A"": 2, ""B"": 1, ""C"": 0, ""D"": 3}","[1.3097844873832003, 1.412371873029898, 1.2366570974369135, 1.3411546328375274, 0.8754856051960122]",0.01172235920834846,1.0,0.01172235920834846,15.067598168955435,15.02014388275205,15.02,40.980000000000004,117,0.027344179805368185
quality_4_6_line_0,line,token,3,random,53,"{""A"": 2, ""B"": 1, ""C"": 0, ""D"": 3}","[0.42624337403576806, 0.9075968507168214, 1.9500781286217574, 1.2296311527908466, 1.5118003381490497]",0.00016136218536964855,1.0,0.00016136218536964855,15.671571459742976,15.498487144356929,15.02,40.980000000000004,166,0.038223470095545053
quality_4_6_line_0,line,token,4,deterministic,41,"{""A"": 0, ""B"": 1, ""C"": 2, ""D"": 3}","[1.3158657988217646, 1.657511957908869, 1.0370480975814085, 0.9564411844379327, 1.3854766452089988, 0.2189950137456225, -0.20897533106138844]",0.04680460903912678,1.0,0.04680460903912678,15.020134026796455,15.020000000001316,15.02,41.46,200,0.060018929187208414
quality_4_6_line_0,line,token,4,deterministic,53,"{""A"": 0, ""B"": 1, ""C"": 2, ""D"": 3}","[1.3275838939748499, 1.6511802643943165, 1.5470121426921333, 0.9598426654061402, 0.7396744008333671, 0.4360110710578276, 1.1626801332941412]",0.03489356008251365,1.0,0.03489356008251365,15.02522703392146,15.0200000029869,15.02,41.46,200,0.05928252590820193
quality_4_6_line_0,line,token,4,poor,41,"{""A"": 1, ""B"": 4, ""C"": 5, ""D"": 3}","[1.5217443970820175, 1.8594112474786184, 0.28315256183773035, 1.1152870163400077, 0.24667227186204685, 0.8341650891198021, 0.19065697676954285]",0.13678084858036194,1.0,0.13678084858036194,15.020000000399621,15.02,15.02,60.879999999999995,181,0.05425930302590132
quality_4_6_line_0,line,token,4,poor,53,"{""A"": 1, ""B"": 4, ""C"": 5, ""D"": 3}","[1.4971994811880025, 1.6857333580844693, 0.26239722788287034, 1.3937790225047855, 0.20015814891676986, 0.5566282404142683, 0.30996149791519334]",0.11232117368596363,1.0,0.11232117368596363,15.020000014285698,15.02,15.02,60.879999999999995,200,0.05986357666552067
quality_4_6_line_0,line,token,4,random,41,"{""A"": 2, ""B"": 1, ""C"": 0, ""D"": 3}","[1.1903193585937468, 1.5389364946633464, 1.587325249075524, 1.5267067767102032, 0.7597655941141149, 0.8201512208332881, 0.7060172989303531]",0.049964887882983165,0.9999999999999998,0.04996488788298318,15.02021055478281,15.020000000000241,15.02,40.980000000000004,200,0.059951973613351583
quality_4_6_line_0,line,token,4,random,53,"{""A"": 2, ""B"": 1, ""C"": 0, ""D"": 3}","[0.49314260950658817, 1.3071675231813296, 1.3542634192897822, 2.0585590099697875, 0.19515537374359854, 1.0782553993165258, 1.4529748419404886]",8.847988394650598e-06,1.0,8.847988394650598e-06,15.49710706756625,15.185516480639434,15.02,40.980000000000004,172,0.05165083520114422
quality_4_6_line_0,line,token,6,deterministic,41,"{""A"": 0, ""B"": 1, ""C"": 2, ""D"": 3}","[0.6255998822133712, 1.460353517228609, 0.6061336252179282, 0.9763801973152371, 0.49835688302966735, 0.8860321360888112, 0.35653735947238935, 0.564870329422003, 0.31838177330636913, 0.5980599582609852, 0.5757010080512681]",0.002606402478896403,1.0,0.002606402478896403,15.336978662378412,15.04290705944126,15.02,41.46,200,0.08955118805170059
quality_4_6_line_0,line,token,6,deterministic,53,"{""A"": 0, ""B"": 1, ""C"": 2, ""D"": 3}","[1.206089533369223, 1.5894673729613118, 1.543205220331642, 1.1766264309875807, 0.44059891158440484, 0.7444858785820099, 0.3884762558353459, 0.4964234750919445, 0.6642145327548254, 0.26852239643016507, 0.8726519161116881]",0.006778041779131255,1.0,0.006778041779131255,15.104107829978332,15.024238073077882,15.02,41.46,200,0.08919318625703454
quality_4_6_line_0,line,token,6,poor,41,"{""A"": 1, ""B"": 4, ""C"": 5, ""D"": 3}","[1.471426620122729, 1.7360606303790616, 0.3048349119703669, 1.3983605484713337, 0.3769643568650907, 0.5662726609376854, 0.11638169256311971, 0.2844041313838608, 0.1572971411329966, 0.3588372751495425, 0.019261472014028034]",0.07642549658441156,1.0,0.07642549658441156,15.020002283278789,15.02,15.02,60.879999999999995,200,0.08847738103941083
quality_4_6_line_0,line,token,6,poor,53,"{""A"": 1, ""B"": 4, ""C"": 5, ""D"": 3}","[1.4566938872348085, 1.6777546722988603, 0.35408908935520383, 1.108009212956401, 0.27967616073577245, 0.8384528595912554, 0.30809528126389474, 0.5510267509406059, 0.5115154128691414, 0.6947037571304283, 0.17763760750048205]",0.06000610869710847,0.9999999999999999,0.06000610869710848,15.020021784884115,15.020000000000001,15.02,60.879999999999995,175,0.0782791399396956
quality_4_6_line_0,line,token,6,random,41,"{""A"": 2, ""B"": 1, ""C"": 0, ""D"": 3}","[1.0821662536228496, 1.214263836884551, 1.422292546083356, 1.4682018717513003, 0.1254469762543032, 1.0588956100821585, 0.4748152306613438, 0.5987854923776643, 0.6982278613685203, 0.27890215071065827, 0.6252247936104366]",0.007795764776435989,1.0,0.007795764776435989,15.107408512255786,15.021326668636739,15.02,40.980000000000004,200,0.0892581669613719
quality_4_6_line_0,line,token,6,random,53,"{""A"": 2, ""B"": 1, ""C"": 0, ""D"": 3}","[1.1242891755225641, 1.5453567157830894, 1.2447957094043722, 1.29257276111123, 0.017511225282891955, 1.3969911481894721, 0.9159567092871626, 0.4903699814843532, 0.8377741174184523, 0.5297532939630519, 0.523150862839071]",0.0024963749944753567,1.0000000000000002,0.0024963749944753562,15.151326514561545,15.043126431400273,15.02,40.980000000000004,200,0.08872709004208446
quality_4_6_line_1,line,complete,1,deterministic,41,"{""A"": 0, ""B"": 1, ""C"": 2, ""D"": 3}",[0.1990414606531415],0.0006116443505438821,0.3235602893237607,0.0018903566683730428,13.431177456973428,11.901977876888662,9.989999999999998,29.479999999999997,12,0.005386915989220142
quality_4_6_line_1,line,complete,1,deterministic,53,"{""A"": 0, ""B"": 1, ""C"": 2, ""D"": 3}",[0.19788067543095755],0.0006099074595465162,0.3248222715440574,0.001877665150998709,13.42869295299608,11.902174762592846,9.989999999999998,29.479999999999997,16,0.006224058102816343
quality_4_6_line_1,line,complete,1,poor,41,"{""A"": 5, ""B"": 2, ""C"": 3, ""D"": 1}",[0.5329789606531413],7.939700659991606e-06,0.41688892548548995,1.90451225125383e-05,10.647218526484012,10.63736302363626,9.989999999999998,39.830000000000005,15,0.005872298032045364
quality_4_6_line_1,line,complete,1,poor,53,"{""A"": 5, ""B"": 2, ""C"": 3, ""D"": 1}",[0.5353806754309575],7.065280940174971e-06,0.4154079807177657,1.7008052969919294e-05,10.64632141085412,10.637652915693499,9.989999999999998,39.830000000000005,15,0.005843504332005978
quality_4_6_line_1,line,complete,1,random,41,"{""A"": 1, ""B"": 4, ""C"": 0, ""D"": 5}",[-0.14470853934685862],2.091141918013704e-05,0.45367012771059245,4.609388607018216e-05,12.689692912352502,11.58196195621347,9.989999999999998,15.760000000000002,18,0.006775713991373777
quality_4_6_line_1,line,complete,1,random,53,"{""A"": 1, ""B"": 4, ""C"": 0, ""D"": 5}",[-0.14586932456904253],2.1970524149511444e-05,0.4494915127055318,4.887861845770744e-05,12.669718238106713,11.556078421234677,9.989999999999998,15.760000000000002,19,0.007130270358175039
quality_4_6_line_1,line,complete,2,deterministic,41,"{""A"": 0, ""B"": 1, ""C"": 2, ""D"": 3}","[0.5883589715735855, 1.9581940846360104, 0.5744183614166031]",1.8590843497579634e-05,0.3540370099136895,5.251101714510549e-05,10.638457915229939,10.633842262784807,9.989999999999998,29.479999999999997,67,0.046964905224740505
quality_4_6_line_1,line,complete,2,deterministic,53,"{""A"": 0, ""B"": 1, ""C"": 2, ""D"": 3}","[0.2078390753433636, 1.4840062709738087, 0.14106982607878094]",0.003688297840619186,0.330551571919967,0.011158010289275511,11.80956942565859,10.211385313046648,9.989999999999998,29.479999999999997,32,0.022735795006155968
quality_4_6_line_1,line,complete,2,poor,41,"{""A"": 5, ""B"": 2, ""C"": 3, ""D"": 1}","[0.53734242703383, 1.3714439159395113, 0.04967827827480013]",1.5735141537727942e-07,0.4337626317669468,3.6275926936422136e-07,10.641404212471828,10.639947635558082,9.989999999999998,39.830000000000005,50,0.03486354975029826
quality_4_6_line_1,line,complete,2,poor,53,"{""A"": 5, ""B"": 2, ""C"": 3, ""D"": 1}","[0.534152164817776, 1.6220432578847952, -0.028016712603522047]",2.5495490804225965e-05,0.416364209389211,6.123362726500146e-05,10.64770637603564,10.631570142298587,9.989999999999998,39.830000000000005,50,0.03493227902799845
quality_4_6_line_1,line,complete,2,random,41,"{""A"": 1, ""B"": 4, ""C"": 0, ""D"": 5}","[-0.10174049448150363, 1.400738435825885, 0.09567794867866714]",5.5118592277735486e-05,0.49458106819964187,0.0001114450103769164,12.583372836339514,11.862584626885958,9.989999999999998,15.760000000000002,37,0.026127183809876442
quality_4_6_line_1,line,complete,2,random,53,"{""A"": 1, ""B"": 4, ""C"": 0, ""D"": 5}","[-0.11210078338487868, 1.4155095356724687, 0.08635507210113963]",5.646872591796666e-05,0.48744649714038546,0.00011584599796950345,12.55989553481114,11.793678851605442,9.989999999999998,15.760000000000002,39,0.027509499341249466
quality_4_6_line_1,line,complete,3,deterministic,41,"{""A"": 0, ""B"": 1, ""C"": 2, ""D"": 3}","[0.581309455044105, 1.9646069859507465, 0.5814377262165168, 1.2035374942115495, -0.031121216329380058]",6.166063973266219e-05,0.3410836617277175,0.00018077863776977114,10.634890277823379,10.619799265224602,9.989999999999998,29.479999999999997,91,0.09426532033830881
quality_4_6_line_1,line,complete,3,deterministic,53,"{""A"": 0, ""B"": 1, ""C"": 2, ""D"": 3}","[0.5883984537105613, 1.9441191407807847, 0.5811385785858943, 1.0468215182563005, 0.0357978134507901]",1.7891331519685383e-05,0.35856437738541247,4.989712489050302e-05,10.638513551426508,10.63407290048273,9.989999999999998,29.479999999999997,91,0.09399642376229167
quality_4_6_line_1,line,complete,3,poor,41,"{""A"": 5, ""B"": 2, ""C"": 3, ""D"": 1}","[0.6575613419668129, 1.5270187941869051, 0.21379092522769108, 0.9455616675540652, 0.11260578080217248]",0.0014702834787592544,0.33740805118098915,0.004357582676563279,12.076201016396706,10.442244730583644,9.989999999999998,39.830000000000005,106,0.10916038136929274
quality_4_6_line_1,line,complete,3,poor,53,"{""A"": 5, ""B"": 2, ""C"": 3, ""D"": 1}","[0.5318142726931424, 1.6390325356568478, -0.03439001463893616, 1.0054443197015754, -0.0871542901402319]",0.00022856792357461048,0.38572053737326106,0.0005925739011232002,10.621533363853354,10.568207158226945,9.989999999999998,39.830000000000005,144,0.1468768692575395
quality_4_6_line_1,line,complete,3,random,41,"{""A"": 1, ""B"": 4, ""C"": 0, ""D"": 5}","[-0.1433068416814396, 1.7899431128522156, -0.002973092915570182, 1.2252782534187947, -0.07633627193239947]",3.074332375154722e-05,0.4157148391631966,7.395291400574313e-05,11.929389761770436,10.997966908881985,9.989999999999998,15.760000000000002,52,0.05409344099462032
quality_4_6_line_1,line,complete,3,random,53,"{""A"": 1, ""B"": 4, ""C"": 0, ""D"": 5}","[0.1593143343977184, 1.760551629244898, 0.08289836034839448, 0.945130639631321, -0.05318947189481595]",0.00021881158097349361,0.3610908560773296,0.000605973752286416,12.21954973190885,10.98954465627926,9.989999999999998,15.760000000000002,200,0.20367892691865563
quality_4_6_line_1,line,complete,4,deterministic,41,"{""A"": 0, ""B"": 1, ""C"": 2, ""D"": 3}","[0.4298249716457529, 1.7765175626578205, 0.34572847249248373, 1.05397423139341, 0.06461610228730966, 0.6995310116951704, 0.2760314260657412]",0.002910534726804419,0.2709056776545738,0.01074371992496806,12.083079087465123,10.299159899586373,9.989999999999998,29.479999999999997,81,0.11255403375253081
quality_4_6_line_1,line,complete,4,deterministic,53,"{""A"": 0, ""B"": 1, ""C"": 2, ""D"": 3}","[0.44072248257966334, 1.5377705734248963, 0.02752562128806644, 0.9273560499108459, 0.07107650524254083, 0.7866275181270305, 0.494831530431634]",3.960220518726581e-05,0.27364039855069583,0.00014472353277152872,11.336033039528754,10.845549552087896,9.989999999999998,29.479999999999997,200,0.2725434866733849
quality_4_6_line_1,line,complete,4,poor,41,"{""A"": 5, ""B"": 2, ""C"": 3, ""D"": 1}","[0.6547024746564243, 1.4871474331491445, 0.23471853086930936, 0.9436772004823325, 0.12509795322587253, 1.0378656588267545, 0.049064613708603134]",0.0012791337223421102,0.3261713052923323,0.003921662333833081,12.703394331100426,10.73427663348524,9.989999999999998,39.830000000000005,171,0.23350464599207044
quality_4_6_line_1,line,complete,4,poor,53,"{""A"": 5, ""B"": 2, ""C"": 3, ""D"": 1}","[0.5346906405539233, 1.646736023981995, -0.028346760512056982, 0.9974442167894644, -0.08659709054716622, 0.9958329220986454, 0.013090760889276905]",0.00013518321634282181,0.3888090809125047,0.00034768533704397365,10.629058950595407,10.596529809627658,9.989999999999998,39.830000000000005,124,0.16958057414740324
quality_4_6_line_1,line,complete,4,random,41,"{""A"": 1, ""B"": 4, ""C"": 0, ""D"": 5}","[0.3003483970498864, 1.299716177506347, 0.036327260503729746, 1.276405864158783, -0.05579025618812854, 0.7213518072887172, 0.05831398947893902]",0.0028336357098278854,0.2876622291941422,0.00985056577558354,10.57647817506121,10.151937969690529,9.989999999999998,15.760000000000002,147,0.201394977979362
quality_4_6_line_1,line,complete,4,random,53,"{""A"": 1, ""B"": 4, ""C"": 0, ""D"": 5}","[0.04958631547205129, 1.4637109034178957, -0.13579955222178955, 1.3752640031640948, 0.048538827024115015, 0.8623511747402198, 0.06424530515873667]",6.899515403178083e-05,0.5446887134373977,0.00012666896216073441,12.36567559287374,11.78068823551664,9.989999999999998,15.760000000000002,200,0.27326518204063177
quality_4_6_line_1,line,complete,5,deterministic,41,"{""A"": 0, ""B"": 1, ""C"": 2, ""D"": 3}","[0.4039010642401967, 1.8249274090915015, 0.1076826348871325, 1.1468634105865332, 0.26003820782382026, 0.7088313439052791, 0.14443043294962277, 0.6905855954346082, 0.15307091227955077]",0.0024301903659529962,0.2877584770669421,0.008445243353813185,11.75138586066083,10.325066104114844,9.989999999999998,29.479999999999997,140,0.23489307425916195
quality_4_6_line_1,line,complete,5,deterministic,53,"{""A"": 0, ""B"": 1, ""C"": 2, ""D"": 3}","[0.2999471367718904, 1.6565764818886108, 0.24782282571110428, 0.8593037811761771, -0.0362806527092698, 1.120992530940852, 0.38681163485102216, 0.9729932838217025, 0.11519647468294446]",0.018334270253733218,0.30865892759828273,0.05939977306470504,10.198511030169028,9.990076596739415,9.989999999999998,29.479999999999997,200,0.3334937449544668
quality_4_6_line_1,line,complete,5,poor,41,"{""A"": 5, ""B"": 2, ""C"": 3, ""D"": 1}","[0.6366849714262941, 1.5584105133932211, 0.2045815799510372, 0.9601546721661234, 0.1331803662280859, 0.9704939486076377, 0.057682621890831086, 0.5758100836362986, 0.0013060849689804969]",0.001622701856300408,0.3052982431841358,0.0053151365673653785,12.109162929521826,10.473163337043514,9.989999999999998,39.830000000000005,110,0.18475923733785748
quality_4_6_line_1,line,complete,5,poor,53,"{""A"": 5, ""B"": 2, ""C"": 3, ""D"": 1}","[0.540560754336962, 1.9015607931584912, 0.013717004863305715, 0.8684722163712937, 0.06879924175017839, 0.8744501504903591, 0.009912239531503558, 0.8330567795959102, -0.004311249223499868]",0.00014796435416767354,0.4009460889001918,0.0003690380284629901,10.628352457528655,10.592573113542139,9.989999999999998,39.830000000000005,200,0.3348461352288723
quality_4_6_line_1,line,complete,5,random,41,"{""A"": 1, ""B"": 4, ""C"": 0, ""D"": 5}","[-0.05222316547424296, 1.6009675986681833, 0.00467125915558014, 1.161427287375602, 0.12924548693385407, 0.6850983290806676, -0.12211852505202529, 0.625855378361545, -0.08318436008841722]",4.579660680164012e-05,0.46070331074954984,9.94058556408689e-05,12.684435544480703,11.74949013989642,9.989999999999998,15.760000000000002,138,0.2309173080138862
quality_4_6_line_1,line,complete,5,random,53,"{""A"": 1, ""B"": 4, ""C"": 0, ""D"": 5}","[0.402584096763647, 1.8143177292934842, 0.33756498849338334, 1.0909827055762853, 0.02032594074622043, 0.7617517628693937, 0.03913176745634014, 0.6959492158355706, 0.036904637204823156]",0.009619309485592779,0.3029675677109356,0.03175029445650321,10.324106052353477,9.994804717309078,9.989999999999998,15.760000000000002,200,0.3357306560501456
quality_4_6_line_1,line,complete,6,deterministic,41,"{""A"": 0, ""B"": 1, ""C"": 2, ""D"": 3}","[0.3625752656423342, 1.4884261888829404, 0.21965035707362107, 1.0888838957288467, 0.18879988404895293, 0.7327193092331334, 0.12519901117761037, 0.8389460732271424, 0.046076388343807485, 0.5878617085486936, 0.07973452636828676]",0.0006155244265083097,0.2911140002902136,0.0021143759004880872,11.706318739348136,10.63633582291276,9.989999999999998,29.479999999999997,200,0.39714855095371604
quality_4_6_line_1,line,complete,6,deterministic,53,"{""A"": 0, ""B"": 1, ""C"": 2, ""D"": 3}","[0.44226921990981016, 1.542601050979675, 0.4291026192285007, 1.1365294504050132, 0.12707410774823383, 0.7832795964089594, 0.12032069459805586, 0.6488125642095068, 0.14063018283047926, 0.5533259170907869, 0.12647589990127336]",0.0010535630489417178,0.29860556838591445,0.0035282766313992674,12.00883747332608,10.787721439912644,9.989999999999998,29.479999999999997,200,0.39687544805929065
quality_4_6_line_1,line,complete,6,poor,41,"{""A"": 5, ""B"": 2, ""C"": 3, ""D"": 1}","[0.5893175237630027, 1.5556811890800593, 0.027779984294438533, 0.9386908242196468, -0.06373300034326904, 0.7087742324089659, 0.13164702134762557, 0.7491908036862808, 0.15836452993643502, 0.4155845679609606, 0.07861720259614971]",0.0008395245407767472,0.3478596142792867,0.00241340042452504,10.589185703052886,10.412823685008833,9.989999999999998,39.830000000000005,200,0.39709467021748424
quality_4_6_line_1,line,complete,6,poor,53,"{""A"": 5, ""B"": 2, ""C"": 3, ""D"": 1}","[0.5453855245754686, 1.569887899025867, 0.4198186190888236, 1.0207411044050791, 0.1246118985774797, 0.8441485361612296, 0.1389402113693248, 0.6439492011088276, 0.10127171001380407, 0.4798441833963109, 0.2464778955953205]",0.0011471469111288117,0.2937298203028865,0.003905449266083722,11.626082189184537,10.556641731288684,9.989999999999998,39.830000000000005,162,0.3209112463518977
quality_4_6_line_1,line,complete,6,random,41,"{""A"": 1, ""B"": 4, ""C"": 0, ""D"": 5}","[0.3551225353041515, 1.5450515713526505, 0.43907522187481085, 1.0868529880577669, 0.14575732041688821, 0.7517690619118248, -0.07741640759928964, 0.5420909732415934, -0.013226495872179472, 0.3573868115444739, -0.1551905608378385]",0.0010535366715531207,0.3135197156101948,0.003360352217412073,12.21006866259931,10.937059094364786,9.989999999999998,15.760000000000002,200,0.3965777293778956
quality_4_6_line_1,line,complete,6,random,53,"{""A"": 1, ""B"": 4, ""C"": 0, ""D"": 5}","[0.3924728347862736, 1.7527315323358283, 0.3359661399199231, 1.1762585683974127, 0.03936316102866906, 0.7816243508572124, -0.008866076970956295, 0.622303240229698, 0.1173264642286931, 0.4858771538110269, 0.06322637569952291]",0.01165729197870518,0.31251514525766494,0.037301526519919165,10.303099057086628,9.991743715320645,9.989999999999998,15.760000000000002,200,0.39253177074715495
quality_4_6_line_1,line,random_token,3,deterministic,41,"{""A"": 0, ""B"": 1, ""C"": 2, ""D"": 3}","[0.6414927664197538, 1.5754697608572366, 0.5546299005855734, 1.3710023586109468, 0.49216474292616147]",0.0027673416400814735,1.0000000000000002,0.002767341640081473,10.647185869016603,10.152849932902068,9.989999999999998,29.479999999999997,70,0.019475793931633234
quality_4_6_line_1,line,random_token,3,deterministic,53,"{""A"": 0, ""B"": 1, ""C"": 2, ""D"": 3}","[0.6529255796413275, 1.576485331609231, 0.498595291235401, 1.3569843222829725, 0.4117091764025414]",0.001249962576784216,1.0000000000000002,0.0012499625767842157,10.796516471376552,10.346018392689759,9.989999999999998,29.479999999999997,67,0.018168669193983078
quality_4_6_line_1,line,random_token,3,poor,41,"{""A"": 5, ""B"": 2, ""C"": 3, ""D"": 1}","[0.7445296549713776, 1.640580053305974, -0.024848214515907394, 1.208903503715251, 1.3686550123578358]",6.882060829063376e-13,0.9999999999999998,6.882060829063378e-13,20.9200434865795,20.89919702890405,9.989999999999998,39.830000000000005,200,0.05198755720630288
quality_4_6_line_1,line,random_token,3,poor,53,"{""A"": 5, ""B"": 2, ""C"": 3, ""D"": 1}","[0.5760140195600529, 1.9909852652191184, 0.22888230227269443, 0.8309318312512723, 1.1635259864061656]",3.453410848051107e-07,0.9999999999999993,3.453410848051109e-07,21.000809656630224,20.638762702861623,9.989999999999998,39.830000000000005,200,0.05243760207667947
quality_4_6_line_1,line,random_token,3,random,41,"{""A"": 1, ""B"": 4, ""C"": 0, ""D"": 5}","[0.39035684671974846, 2.8640393955745305, -0.6438685031559781, 1.2507818255137224, 1.113858109942194]",1.6547315890887696e-05,1.0000000000000007,1.6547315890887686e-05,10.638624709004322,10.634516270399862,9.989999999999998,15.760000000000002,179,0.0470720361918211
quality_4_6_line_1,line,random_token,3,random,53,"{""A"": 1, ""B"": 4, ""C"": 0, ""D"": 5}","[0.39153787286545116, 2.8644088398250913, -0.644115036385135, 1.2519397704684445, 1.1144433063382413]",1.651823455123015e-05,0.9999999999999989,1.6518234551230167e-05,10.63862712349661,10.634525867249021,9.989999999999998,15.760000000000002,184,0.0486893430352211
quality_4_6_line_1,line,ring,1,deterministic,41,"{""A"": 0, ""B"": 1, ""C"": 2, ""D"": 3}",[0.5219164606531413],3.3998961462355e-05,0.3495420152314015,9.726716669481702e-05,12.843117832148863,12.102388728431501,9.989999999999998,29.479999999999997,15,0.004576364066451788
quality_4_6_line_1,line,ring,1,deterministic,53,"{""A"": 0, ""B"": 1, ""C"": 2, ""D"": 3}",[0.5223181754309575],3.365909300765358e-05,0.3496687647817924,9.625993625326594e-05,12.841037659778413,12.096924133807889,9.989999999999998,29.479999999999997,14,0.003824342042207718
quality_4_6_line_1,line,ring,1,poor,41,"{""A"": 5, ""B"": 2, ""C"": 3, ""D"": 1}",[0.5804164606531416],0.0,0.7419563353304327,0.0,14.450288058772605,13.897728542511306,9.989999999999998,39.830000000000005,14,0.0037947669625282288
quality_4_6_line_1,line,ring,1,poor,53,"{""A"": 5, ""B"": 2, ""C"": 3, ""D"": 1}",[0.5802556754309575],0.0,0.7414901665767741,0.0,14.449436408284605,13.896135489002642,9.989999999999998,39.830000000000005,13,0.0035586627200245857
quality_4_6_line_1,line,ring,1,random,41,"{""A"": 1, ""B"": 4, ""C"": 0, ""D"": 5}",[0.2375414606531415],0.0,0.3737299630587102,0.0,14.344336213254625,12.212576307483454,9.989999999999998,15.760000000000002,16,0.004109195899218321
quality_4_6_line_1,line,ring,1,random,53,"{""A"": 1, ""B"": 4, ""C"": 0, ""D"": 5}",[0.23494317543095752],0.0,0.37842893894175406,0.0,14.380159407426913,12.26292025047649,9.989999999999998,15.760000000000002,15,0.0038945642299950123
quality_4_6_line_1,line,ring,2,deterministic,41,"{""A"": 0, ""B"": 1, ""C"": 2, ""D"": 3}","[0.7329853773167837, 1.4234219908438417, 0.5326229078192269]",3.762012948437211e-06,0.4375233254488101,8.598428311400654e-06,11.994663514795793,11.604267661070638,9.989999999999998,29.479999999999997,46,0.022349379025399685
quality_4_6_line_1,line,ring,2,deterministic,53,"{""A"": 0, ""B"": 1, ""C"": 2, ""D"": 3}","[0.7336007410295988, 1.423121762544529, 0.5319908983744271]",3.689602768759205e-06,0.43687334582593373,8.445474653034285e-06,11.994730795843676,11.604478708218437,9.989999999999998,29.479999999999997,51,0.023278605192899704
quality_4_6_line_1,line,ring,2,poor,41,"{""A"": 5, ""B"": 2, ""C"": 3, ""D"": 1}","[0.5982205546051271, 1.48732949182529, 0.1173252370007648]",1.7854292664995044e-07,0.6823773689842386,2.6164837048409556e-07,14.377170969890084,13.927888718849509,9.989999999999998,39.830000000000005,28,0.013145104981958866
quality_4_6_line_1,line,ring,2,poor,53,"{""A"": 5, ""B"": 2, ""C"": 3, ""D"": 1}","[0.5514465839924491, 1.4869421955635367, 0.06419122455714399]",2.163074553046679e-07,0.6480565271600516,3.3377868478939967e-07,14.187454725274042,13.534073439307917,9.989999999999998,39.830000000000005,24,0.011361294891685247
quality_4_6_line_1,line,ring,2,random,41,"{""A"": 1, ""B"": 4, ""C"": 0, ""D"": 5}","[0.6381184841408816, 1.7761625855463439, 0.03947711654010974]",1.5838134355316864e-08,0.4653020121781372,3.40383964410052e-08,15.463065817965152,15.124870928735035,9.989999999999998,15.760000000000002,30,0.01396949402987957
quality_4_6_line_1,line,ring,2,random,53,"{""A"": 1, ""B"": 4, ""C"": 0, ""D"": 5}","[0.09973175368230433, 1.6849960447717245, 0.1949633134842747]",3.6865265491691894e-08,0.3691905284978339,9.985431002710078e-08,13.539600649752241,11.370890623517141,9.989999999999998,15.760000000000002,30,0.013871449045836926
quality_4_6_line_1,line,ring,3,deterministic,41,"{""A"": 0, ""B"": 1, ""C"": 2, ""D"": 3}","[0.7389389242603137, 1.4094350033112688, 0.5340663228110734, 1.0091804311761061, 0.0717477140921349]",1.4097637213757345e-05,0.48929455558897583,2.881216856539038e-05,11.917306931305554,11.409694872051809,9.989999999999998,29.479999999999997,90,0.0603213869035244
quality_4_6_line_1,line,ring,3,deterministic,53,"{""A"": 0, ""B"": 1, ""C"": 2, ""D"": 3}","[0.731272032917298, 1.414499787216879, 0.5416100503836464, 0.7307628956310572, 0.10445465671408931]",5.306952574211001e-06,0.5053850132103765,1.0500811135058088e-05,11.698039257446215,10.998374598905311,9.989999999999998,29.479999999999997,192,0.12547429697588086
quality_4_6_line_1,line,ring,3,poor,41,"{""A"": 5, ""B"": 2, ""C"": 3, ""D"": 1}","[0.621022728626892, 1.5139943136039644, 0.14943738992707786, 1.3917846695386455, 0.11276743971123765]",4.998206997037322e-05,0.686755541633898,7.278000240297752e-05,14.150827567158736,13.943381655678104,9.989999999999998,39.830000000000005,67,0.04455426800996065
quality_4_6_line_1,line,ring,3,poor,53,"{""A"": 5, ""B"": 2, ""C"": 3, ""D"": 1}","[0.5913642935866364, 1.5506322175041762, 0.14431594692767072, 1.3274564909480964, 0.13780512688242919]",5.0567843496045294e-05,0.6289393497351906,8.040178042181085e-05,14.203283384916395,13.927658119795197,9.989999999999998,39.830000000000005,61,0.04081396432593465
quality_4_6_line_1,line,ring,3,random,41,"{""A"": 1, ""B"": 4, ""C"": 0, ""D"": 5}","[0.1333605566136923, 1.7058484014762054, 0.20478931007707865, 0.7336454834268045, 0.1209400578474882]",5.3761639372082585e-06,0.2509784170325283,2.1420821761384666e-05,12.43543037767216,10.991998101449822,9.989999999999998,15.760000000000002,101,0.06662188889458776
quality_4_6_line_1,line,ring,3,random,53,"{""A"": 1, ""B"": 4, ""C"": 0, ""D"": 5}","[0.1960191389832472, 1.8065752470322962, 0.15999986602511826, 0.9431538155922972, 0.04107449011132378]",6.582218222279438e-07,0.21295370758878313,3.09091506168552e-06,13.885122084770575,11.986054390062993,9.989999999999998,15.760000000000002,48,0.03231194894760847
quality_4_6_line_1,line,ring,4,deterministic,41,"{""A"": 0, ""B"": 1, ""C"": 2, ""D"": 3}","[0.7254001172308925, 1.3907965424828934, 0.5350445370330711, 1.0149651670200721, 0.07313490491869938, 0.6857740458463295, 0.06798712473357171]",4.0334225623921026e-05,0.49474161451550636,8.152583983342451e-05,11.946179510136057,11.482000546431575,9.989999999999998,29.479999999999997,82,0.07383970310911536
quality_4_6_line_1,line,ring,4,deterministic,53,"{""A"": 0, ""B"": 1, ""C"": 2, ""D"": 3}","[0.7336422165005902, 1.3600803356552689, 0.5277700937067857, 1.2219292610603367, -0.10282211574991706, 0.815982634647225, 0.059301804338428576]",2.5430926114655794e-05,0.4441153107750202,5.72619891673552e-05,11.743746251579058,11.05757591464721,9.989999999999998,29.479999999999997,200,0.1754547650925815
quality_4_6_line_1,line,ring,4,poor,41,"{""A"": 5, ""B"": 2, ""C"": 3, ""D"": 1}","[0.5280447439997726, 1.5568031667685946, 0.06806131965899888, 1.267028583117529, 0.05807681002297654, 0.6707515883598327, 0.11453557869929534]",6.655444764037382e-06,0.6078270044412368,1.0949570709112536e-05,13.978127026125348,13.287927012574375,9.989999999999998,39.830000000000005,80,0.07090998068451881
quality_4_6_line_1,line,ring,4,poor,53,"{""A"": 5, ""B"": 2, ""C"": 3, ""D"": 1}","[0.5318299968428822, 1.4911270058386257, 0.10448813375617594, 0.9785725689645303, 0.09335550652718734, 0.8958345706190751, 0.0700734629632724]",7.637121155757634e-05,0.5650902736141132,0.00013514869238349063,13.923513060559886,13.248360248957123,9.989999999999998,39.830000000000005,92,0.08139601303264499
quality_4_6_line_1,line,ring,4,random,41,"{""A"": 1, ""B"": 4, ""C"": 0, ""D"": 5}","[0.20807744856023108, 1.921484364996272, 0.08847615575479875, 1.0851492271314196, 0.11753939763853623, 1.003350812557644, 0.009021112344842397]",6.127426388839163e-07,0.23405331294729895,2.617961827448628e-06,12.089056709710139,10.954508534478753,9.989999999999998,15.760000000000002,148,0.1298161200247705
quality_4_6_line_1,line,ring,4,random,53,"{""A"": 1, ""B"": 4, ""C"": 0, ""D"": 5}","[0.10021410791687886, 1.503649574415114, 0.16690080530267515, 1.0808179131753024, 0.20333991648992955, 0.6832257882167123, 0.10233180583391728]",7.627519725055391e-07,0.2667482678719175,2.8594448938344518e-06,11.271991324492578,10.922724780372056,9.989999999999998,15.760000000000002,85,0.07548115495592356
quality_4_6_line_1,line,ring,6,deterministic,41,"{""A"": 0, ""B"": 1, ""C"": 2, ""D"": 3}","[0.7587605695977439, 1.5387135432181602, 0.5516207241689134, 1.0231401524182397, 0.08629850591445454, 0.8035782638001232, -0.017237823851667583, 0.5963958886507406, -0.06480174394855658, 0.36894055570078416, -0.0835628657824235]",1.2191063561984271e-05,0.48870504283884125,2.4945647155935898e-05,11.915151502798444,11.41359747441675,9.989999999999998,29.479999999999997,200,0.25941685726866126
quality_4_6_line_1,line,ring,6,deterministic,53,"{""A"": 0, ""B"": 1, ""C"": 2, ""D"": 3}","[0.8368749624581, 1.7728355975489902, 0.537113185077544, 1.024548449231598, 0.1018007161088572, 0.7930564152256923, -0.023021744770042204, 0.6026056790351305, -0.033445899564255956, 0.35776838505751296, -0.07301860229001234]",1.563591689031322e-05,0.5230415746861483,2.989421424041783e-05,11.822417055016345,11.207023485419812,9.989999999999998,29.479999999999997,144,0.18590801488608122
quality_4_6_line_1,line,ring,6,poor,41,"{""A"": 5, ""B"": 2, ""C"": 3, ""D"": 1}","[0.6038415184558388, 1.664030131182424, 0.18018058665602618, 0.9399770800288745, 0.12199873584151322, 0.7696167013761052, 0.14047484993214118, 0.6236024168135174, 0.028790750097849416, 0.7046931900286016, 0.12473078946998944]",0.0008186402497769672,0.5114131196277598,0.001600741589055884,13.885723988673565,12.398509924641186,9.989999999999998,39.830000000000005,106,0.1373235690407455
quality_4_6_line_1,line,ring,6,poor,53,"{""A"": 5, ""B"": 2, ""C"": 3, ""D"": 1}","[0.5116006095475994, 1.4487568132203972, 0.07732338764633234, 1.0187422812683877, 0.08467449141154894, 0.9056396360289461, 0.06212755102357731, 0.5747009479193728, 0.07256664624151021, 0.5302483668553304, 0.0593183908523447]",1.8408031446507064e-05,0.5744808402465158,3.204289883472525e-05,13.764745034956555,13.177718937433662,9.989999999999998,39.830000000000005,97,0.1261964226141572
quality_4_6_line_1,line,ring,6,random,41,"{""A"": 1, ""B"": 4, ""C"": 0, ""D"": 5}","[0.707743865364937, 1.7585499029918896, 0.17843351799728263, 0.9904766657523314, 0.07175148899577986, 0.7515095376358235, 0.1981893337679418, 0.4561367218700769, -0.12193146787910007, 0.6547224650696317, 0.27339696299483857]",3.953325286396031e-07,0.33634066001524443,1.1753932118159158e-06,14.651764400237877,13.645030506686654,9.989999999999998,15.760000000000002,200,0.25859836023300886
quality_4_6_line_1,line,ring,6,random,53,"{""A"": 1, ""B"": 4, ""C"": 0, ""D"": 5}","[0.07077927281071117, 1.5876237662796076, 0.17860138127022038, 1.1072084678825722, 0.20473777363971313, 1.1518162585386065, 0.12390308056199482, 0.7134245056003784, 0.09969312250216271, 0.42825762341479734, 0.08212720715339013]",3.63567047247239e-07,0.353058228528778,1.0297651148431014e-06,10.939987870413763,10.934139248132041,9.989999999999998,15.760000000000002,200,0.2581479139626026
quality_4_6_line_1,line,token,1,deterministic,41,"{""A"": 0, ""B"": 1, ""C"": 2, ""D"": 3}",[0.8017289606531415],0.0,1.0,0.0,11.590605276834198,11.590000000000012,9.989999999999998,29.479999999999997,12,0.0020424448885023594
quality_4_6_line_1,line,token,1,deterministic,53,"{""A"": 0, ""B"": 1, ""C"": 2, ""D"": 3}",[0.8026931754309575],0.0,1.0,0.0,11.59060661512243,11.59000000000001,9.989999999999998,29.479999999999997,13,0.00170210562646389
quality_4_6_line_1,line,token,1,poor,41,"{""A"": 5, ""B"": 2, ""C"": 3, ""D"": 1}",[1.0267289606531418],0.0,1.0,0.0,28.44000036172898,28.44,9.989999999999998,39.830000000000005,15,0.00192221999168396
quality_4_6_line_1,line,token,1,poor,53,"{""A"": 5, ""B"": 2, ""C"": 3, ""D"": 1}",[1.0291306754309575],0.0,1.0,0.0,28.440000357764195,28.44,9.989999999999998,39.830000000000005,16,0.001985137350857258
quality_4_6_line_1,line,token,1,random,41,"{""A"": 1, ""B"": 4, ""C"": 0, ""D"": 5}",[0.8345414606531414],0.0,0.9999999999999999,0.0,13.03002094993251,13.030000000000001,9.989999999999998,15.760000000000002,14,0.0017588832415640354
quality_4_6_line_1,line,token,1,random,53,"{""A"": 1, ""B"": 4, ""C"": 0, ""D"": 5}",[0.8353806754309574],0.0,1.0,0.0,13.03002037203025,13.030000000000001,9.989999999999998,15.760000000000002,16,0.0018831458874046803
quality_4_6_line_1,line,token,2,deterministic,41,"{""A"": 0, ""B"": 1, ""C"": 2, ""D"": 3}","[1.566769879625418, 1.60597434816068, 0.6833290938810779]",0.08640169252793822,1.0,0.08640169252793822,9.990009003557825,9.989999999999998,9.989999999999998,29.479999999999997,44,0.008550676982849836
quality_4_6_line_1,line,token,2,deterministic,53,"{""A"": 0, ""B"": 1, ""C"": 2, ""D"": 3}","[1.471959164781718, 0.935406470267895, 0.6913450812788947]",0.08795101412121822,1.0,0.08795101412121822,9.990006732250661,9.989999999999998,9.989999999999998,29.479999999999997,200,0.03450795216485858
quality_4_6_line_1,line,token,2,poor,41,"{""A"": 5, ""B"": 2, ""C"": 3, ""D"": 1}","[1.005767803508548, 1.7166476283940844, 1.4717841384850645]",0.0,1.0,0.0,18.929988967492424,18.929928970992304,9.989999999999998,39.830000000000005,38,0.007099823094904423
quality_4_6_line_1,line,token,2,poor,53,"{""A"": 5, ""B"": 2, ""C"": 3, ""D"": 1}","[1.0073703770628217, 2.040940922855389, 1.6663376221283375]",0.0,1.0,0.0,18.929991190882777,18.929938105359245,9.989999999999998,39.830000000000005,40,0.0074270968325436115
quality_4_6_line_1,line,token,2,random,41,"{""A"": 1, ""B"": 4, ""C"": 0, ""D"": 5}","[1.2168699391102178, 1.3089373840918186, 0.684601377320083]",0.0,1.0,0.0,10.640023255895095,10.64,9.989999999999998,15.760000000000002,37,0.006825988180935383
quality_4_6_line_1,line,token,2,random,53,"{""A"": 1, ""B"": 4, ""C"": 0, ""D"": 5}","[1.2051207073817702, 1.3390799574968233, 0.6815726413958952]",0.0,1.0,0.0,10.640026182706043,10.64,9.989999999999998,15.760000000000002,47,0.008658841252326965
quality_4_6_line_1,line,token,3,deterministic,41,"{""A"": 0, ""B"": 1, ""C"": 2, ""D"": 3}","[1.6650097938217139, 1.1962414132173411, 0.4139638981938241, 1.4463506574542908, 0.45236679295243715]",0.2424671361474614,0.9999999999999999,0.24246713614746143,9.989999999999998,9.989999999999998,9.989999999999998,29.479999999999997,99,0.02388860983774066
quality_4_6_line_1,line,token,3,deterministic,53,"{""A"": 0, ""B"": 1, ""C"": 2, ""D"": 3}","[1.6642736964293185, 1.2169128463726047, 0.41400660554479624, 1.4465436115831847, 0.45101339674561924]",0.24246704801114283,1.0,0.24246704801114283,9.989999999999998,9.989999999999998,9.989999999999998,29.479999999999997,92,0.021528528071939945
quality_4_6_line_1,line,token,3,poor,41,"{""A"": 5, ""B"": 2, ""C"": 3, ""D"": 1}","[0.9477008200800028, 1.3325837009358072, 0.229379066707731, 1.0759503865025102, 1.4941672718234198]",4.179693598356548e-09,1.0,4.179693598356548e-09,18.9248461846707,18.90944178401999,9.989999999999998,39.830000000000005,87,0.020442769397050142
quality_4_6_line_1,line,token,3,poor,53,"{""A"": 5, ""B"": 2, ""C"": 3, ""D"": 1}","[0.9474686585058189, 1.3378131477886357, 0.2383843089350712, 0.7333069853881633, 1.6078809857389638]",1.4328554949155397e-09,1.0000000000000002,1.4328554949155393e-09,18.922959082262622,18.90194338470072,9.989999999999998,39.830000000000005,97,0.0229613590054214
quality_4_6_line_1,line,token,3,random,41,"{""A"": 1, ""B"": 4, ""C"": 0, ""D"": 5}","[0.47651222936956705, 1.4148577311287684, -0.41676168297845034, 1.2023717716629219, 0.8796742315997461]",0.0006619204237327593,1.0,0.0006619204237327593,10.613119775760085,10.453106489689016,9.989999999999998,15.760000000000002,79,0.01868783263489604
quality_4_6_line_1,line,token,3,random,53,"{""A"": 1, ""B"": 4, ""C"": 0, ""D"": 5}","[0.46632857056541216, 1.6753618898268712, 0.020413484485444427, 0.7955880806508192, 0.8564003902236913]",3.652940480158078e-07,1.0,3.652940480158078e-07,10.839755470786034,10.640256749869302,9.989999999999998,15.760000000000002,73,0.017192084807902575
quality_4_6_line_1,line,token,4,deterministic,41,"{""A"": 0, ""B"": 1, ""C"": 2, ""D"": 3}","[1.670627527363723, 1.5198770139564413, 0.39081289647218975, 1.4426240347880002, 0.4497603139170052, 0.7554343423617031, -0.08096960018701267]",0.2503195191932654,1.0,0.2503195191932654,9.989999999999998,9.989999999999998,9.989999999999998,29.479999999999997,77,0.024722294881939888
quality_4_6_line_1,line,token,4,deterministic,53,"{""A"": 0, ""B"": 1, ""C"": 2, ""D"": 3}","[1.6261686175755767, 1.585243380643059, 0.48194193095694754, 1.4476965822520231, 0.3660794563755069, 0.9188889869904914, 0.19168707983412042]",0.2513500789707441,1.0,0.2513500789707441,9.989999999999997,9.989999999999998,9.989999999999998,29.479999999999997,73,0.023150434251874685
quality_4_6_line_1,line,token,4,poor,41,"{""A"": 5, ""B"": 2, ""C"": 3, ""D"": 1}","[1.1282486043429227, 1.0712265319786407, 0.6164243305042573, 1.3845376720512952, 1.3941319054672667, 0.6721304173824294, 1.5739614565933164]",0.0015192368294635493,1.0,0.0015192368294635493,10.525051060517729,10.288428877602977,9.989999999999998,39.830000000000005,138,0.042772913351655006
quality_4_6_line_1,line,token,4,poor,53,"{""A"": 5, ""B"": 2, ""C"": 3, ""D"": 1}","[1.3057928398538206, 1.6360772421402234, 0.563351237525268, 1.3354517455398687, 1.3260318040842374, 0.6952340304356402, 1.5773387568175241]",0.002454500443603097,0.9999999999999999,0.0024545004436030975,10.464570460598772,10.174698232366918,9.989999999999998,39.830000000000005,108,0.03352819196879864
quality_4_6_line_1,line,token,4,random,41,"{""A"": 1, ""B"": 4, ""C"": 0, ""D"": 5}","[1.4736392844169486, 1.0589338465922133, 0.47941527233078457, 1.0351813483904697, -0.10384424060469766, 1.5433112430845395, 0.6280588523257435]",0.001839601382384393,1.0,0.001839601382384393,10.503518746204827,10.243212498964878,9.989999999999998,15.760000000000002,112,0.034839154221117496
quality_4_6_line_1,line,token,4,random,53,"{""A"": 1, ""B"": 4, ""C"": 0, ""D"": 5}","[0.3172563286790413, 1.327338878522405, -0.23065857861707922, 1.3257537224949476, 1.0885956694440018, 1.2000872353079666, 0.6088006788956709]",0.0001382325868768413,0.9999999999999999,0.00013823258687684133,10.628599418821047,10.595583457730916,9.989999999999998,15.760000000000002,185,0.05694892397150397
quality_4_6_line_1,line,token,6,deterministic,41,"{""A"": 0, ""B"": 1, ""C"": 2, ""D"": 3}","[1.3791497110321127, 1.6336049352235946, 0.4048768691686189, 1.4782348761955486, 0.30746957969092265, 1.1162488898652527, -0.09422667140782068, 0.801864127797139, -0.17644646717736537, 0.5938886291807557, 0.4095856338186528]",0.2904677350667266,1.0,0.2904677350667266,9.989999999999998,9.989999999999998,9.989999999999998,29.479999999999997,84,0.038276098202914
quality_4_6_line_1,line,token,6,deterministic,53,"{""A"": 0, ""B"": 1, ""C"": 2, ""D"": 3}","[1.3637152131061483, 1.584770923184525, 0.26381542663158736, 1.2101145190304827, 0.16005605499466408, 1.0215801528085768, 0.23219206066220047, 1.041131106214124, -0.17149342529930456, 0.6672896505966733, 0.21369492968933185]",0.25962357014708454,1.0,0.25962357014708454,9.989999999999998,9.989999999999998,9.989999999999998,29.479999999999997,89,0.03994664503261447
quality_4_6_line_1,line,token,6,poor,41,"{""A"": 5, ""B"": 2, ""C"": 3, ""D"": 1}","[1.4423222943678626, 1.5304522384148471, 0.41214202696401375, 1.3668937298766475, 1.1697805900128901, 0.9990744067063435, 0.1482395995716118, 0.933236850160913, 0.11841023810489673, 0.20317429697552, 1.5539274834552308]",0.0005338925364186923,0.9999999999999998,0.0005338925364186925,10.59705285866777,10.484499622518777,9.989999999999998,39.830000000000005,200,0.08796073030680418
quality_4_6_line_1,line,token,6,poor,53,"{""A"": 5, ""B"": 2, ""C"": 3, ""D"": 1}","[1.4013698363125413, 1.8784354944939983, 1.349176408406021, 2.0366920160084634, 1.7737413979952381, 0.6895123574348465, 0.4095910168264242, 0.5507907524631116, 0.45790398714475344, 0.7257223100018374, 0.5631065762127511]",0.0011522754642541825,1.0,0.0011522754642541825,10.551177916778835,10.350202784356231,9.989999999999998,39.830000000000005,200,0.0886153900064528
quality_4_6_line_1,line,token,6,random,41,"{""A"": 1, ""B"": 4, ""C"": 0, ""D"": 5}","[1.423828927683702, 1.718708764088245, 0.4808693397950831, 0.966521590142962, 0.021158220286767053, 0.6407260265189121, -0.01086800682114668, 0.5735805474823782, 0.47350161240658933, 0.1738423552399942, 0.3423405602200929]",0.005192895091098609,1.0,0.005192895091098609,10.323802652957484,10.035208392622804,9.989999999999998,15.760000000000002,126,0.055290158838033676
quality_4_6_line_1,line,token,6,random,53,"{""A"": 1, ""B"": 4, ""C"": 0, ""D"": 5}","[0.24951676797846453, 1.5825211769497278, -0.18169413152154884, 1.1527578568479968, 1.1721529380351827, 0.48046808487587556, -0.0736603494660843, 0.5634069821621595, 0.4033835477336234, 0.21824902531997498, 0.5075415045546772]",0.0005609515181068482,1.0,0.0005609515181068482,10.594952790270177,10.477692264219742,9.989999999999998,15.760000000000002,149,0.06585476826876402
quality_4_6_line_2,line,complete,1,deterministic,41,"{""A"": 0, ""B"": 1, ""C"": 2, ""D"": 3}",[0.7032914606531415],1.365104341224304e-07,0.3587273455247455,3.805409200760629e-07,24.531526071093374,23.34359475810336,21.240000000000002,58.980000000000004,14,0.006188030820339918
quality_4_6_line_2,line,complete,1,deterministic,53,"{""A"": 0, ""B"": 1, ""C"": 2, ""D"": 3}",[0.7021306754309574],1.5636142774740201e-07,0.3535666087068446,4.422403696980536e-07,24.469932381547775,23.340887745015912,21.240000000000002,58.980000000000004,15,0.005992363207042217
quality_4_6_line_2,line,complete,1,poor,41,"{""A"": 4, ""B"": 3, ""C"": 0, ""D"": 2}",[0.5751664606531415],0.012048626433031983,0.36824186086808,0.03271932855387215,21.955432335729,21.24639067284083,21.240000000000002,68.10000000000001,14,0.005631605163216591
quality_4_6_line_2,line,complete,1,poor,53,"{""A"": 4, ""B"": 3, ""C"": 0, ""D"": 2}",[0.5755681754309575],0.011957407281872473,0.3685562153279447,0.03244391705952554,21.96391842256141,21.246699651871005,21.240000000000002,68.10000000000001,11,0.004563929978758097
quality_4_6_line_2,line,complete,1,random,41,"{""A"": 3, ""B"": 1, ""C"": 0, ""D"": 4}",[0.4782914606531415],0.00016423217689959417,0.3263883585460102,0.0005031802532149526,22.457061322129647,21.74101435508647,21.240000000000002,39.17,16,0.006234899163246155
quality_4_6_line_2,line,complete,1,random,53,"{""A"": 3, ""B"": 1, ""C"": 0, ""D"": 4}",[0.8693181754309576],0.35102770606269673,0.713651297503487,0.4918756643344876,21.240000000000002,21.240000000000002,21.240000000000002,39.17,13,0.005171461030840874
quality_4_6_line_2,line,complete,2,deterministic,41,"{""A"": 0, ""B"": 1, ""C"": 2, ""D"": 3}","[0.7130819934740639, 1.829054420108769, -0.05204266838778599]",1.0862912778790552e-05,0.3395493087409252,3.1992151063629204e-05,25.210875590999947,23.34956289600222,21.240000000000002,58.980000000000004,49,0.03485951293259859
quality_4_6_line_2,line,complete,2,deterministic,53,"{""A"": 0, ""B"": 1, ""C"": 2, ""D"": 3}","[0.7152371821511772, 1.9255129010070775, 0.042849521002081115]",7.191835804254335e-06,0.4082679493047807,1.761547977621304e-05,26.000424524374296,23.60071154536109,21.240000000000002,58.980000000000004,30,0.02135010389611125
quality_4_6_line_2,line,complete,2,poor,41,"{""A"": 4, ""B"": 3, ""C"": 0, ""D"": 2}","[0.5784743668119243, 1.7471016271826036, 0.13291758585451163]",0.008882790614306281,0.31262883746455167,0.028413215768406143,22.310502239320044,21.27049864377159,21.240000000000002,68.10000000000001,38,0.02671586023643613
quality_4_6_line_2,line,complete,2,poor,53,"{""A"": 4, ""B"": 3, ""C"": 0, ""D"": 2}","[0.5789354370202353, 1.7465252232399535, 0.13258682709215455]",0.008759778834481575,0.3129216718613683,0.027993519216407498,22.326665245767334,21.272436974545844,21.240000000000002,68.10000000000001,33,0.02332066372036934
quality_4_6_line_2,line,complete,2,random,41,"{""A"": 3, ""B"": 1, ""C"": 0, ""D"": 4}","[0.7406836900976281, 1.701422165230757, 0.12780381440482388]",0.2502789617792688,0.529033777837945,0.4730869223551447,21.24,21.240000000000002,21.240000000000002,39.17,36,0.025392394047230482
quality_4_6_line_2,line,complete,2,random,53,"{""A"": 3, ""B"": 1, ""C"": 0, ""D"": 4}","[0.7315901347645295, 1.8446344797699914, -0.14980531404909345]",0.19174224311035765,0.44627391349977763,0.42965147034177514,21.24000000000474,21.240000000000002,21.240000000000002,39.17,34,0.023888429161161184
quality_4_6_line_2,line,complete,3,deterministic,41,"{""A"": 0, ""B"": 1, ""C"": 2, ""D"": 3}","[0.575054075817953, 1.878332271671141, 0.05994686272722791, 0.9291749170531316, -0.035922415103777285]",5.563055856007029e-07,0.3047161371206968,1.8256518701546566e-06,23.227963543417157,22.431030123766217,21.240000000000002,58.980000000000004,68,0.07102294405922294
quality_4_6_line_2,line,complete,3,deterministic,53,"{""A"": 0, ""B"": 1, ""C"": 2, ""D"": 3}","[0.7175887843068539, 1.7467390053666392, 0.049826372859543284, 1.2428288769646914, 0.061062437933998695]",0.0001941539931542777,0.4201709172284239,0.0004620833693940002,25.36716135593655,23.21961976663567,21.240000000000002,58.980000000000004,66,0.06800604797899723
quality_4_6_line_2,line,complete,3,poor,41,"{""A"": 4, ""B"": 3, ""C"": 0, ""D"": 2}","[0.5605219166913923, 1.8837776078068704, -0.08685761055964858, 1.1083067018839163, 0.05528848755104686]",0.008031464855905687,0.27433690116832976,0.029275918849056615,22.43772326333353,21.285071747652704,21.240000000000002,68.10000000000001,57,0.0590571528300643
quality_4_6_line_2,line,complete,3,poor,53,"{""A"": 4, ""B"": 3, ""C"": 0, ""D"": 2}","[0.643871548385939, 1.8664182662332798, 0.004492637294919123, 1.0236996787059238, 0.14256873807203468]",0.004186589806687285,0.2988393502762243,0.014009499762389124,24.41970306698442,21.672647351045505,21.240000000000002,68.10000000000001,65,0.06712714675813913
quality_4_6_line_2,line,complete,3,random,41,"{""A"": 3, ""B"": 1, ""C"": 0, ""D"": 4}","[0.4752216361339454, 1.838992310786765, 0.041539030723437585, 0.8291073610080198, 0.09843013487298255]",0.00039256191234633497,0.2552525500326939,0.0015379353205131694,24.141180183517154,22.531539818009527,21.240000000000002,39.17,126,0.1286579859443009
quality_4_6_line_2,line,complete,3,random,53,"{""A"": 3, ""B"": 1, ""C"": 0, ""D"": 4}","[0.4740513493930333, 1.8345676608627863, 0.04216747065325398, 0.8320755257654646, 0.09665755666324423]",0.0003915050522892784,0.25556888644722875,0.0015318963811743903,24.165211456920595,22.571535137867386,21.240000000000002,39.17,172,0.17513434309512377
quality_4_6_line_2,line,complete,4,deterministic,41,"{""A"": 0, ""B"": 1, ""C"": 2, ""D"": 3}","[0.857409352263734, 2.109164798360151, 0.011323958424947317, 0.7352371892825198, -0.05608096880922469, 0.7007768883694319, 0.0762944045755245]",1.2213025171484751e-06,0.3240166771889181,3.7692581991278e-06,24.925782519273174,23.274593464284372,21.240000000000002,58.980000000000004,81,0.11816396890208125
quality_4_6_line_2,line,complete,4,deterministic,53,"{""A"": 0, ""B"": 1, ""C"": 2, ""D"": 3}","[0.33963232366078944, 1.7609831829148932, 0.1981019080899147, 1.0213843499989153, 0.13653257113583925, 0.7988202433677435, 0.1701425785447082]",0.002731595638835997,0.27413544236520265,0.009964401593855095,23.62833393677684,21.51537918393076,21.240000000000002,58.980000000000004,98,0.14143940806388855
quality_4_6_line_2,line,complete,4,poor,41,"{""A"": 4, ""B"": 3, ""C"": 0, ""D"": 2}","[0.5816480285115752, 1.7440094224395233, 0.12824452278830942, 1.0480920139429786, 0.031129414030775262, 1.0716220423129796, -0.02873906187249547]",0.0030379532119457434,0.28735443985274894,0.010572146417861172,23.568627807162386,21.81317324069136,21.240000000000002,68.10000000000001,200,0.2874775310046971
quality_4_6_line_2,line,complete,4,poor,53,"{""A"": 4, ""B"": 3, ""C"": 0, ""D"": 2}","[0.5868386483690853, 1.746797482149441, 0.15161779804144057, 1.328724679988238, -0.034433241473947857, 1.0227427071563773, 0.06251105973468105]",0.009567400958062317,0.24433605243870327,0.03915673050526384,22.404253751432925,21.261089381044247,21.240000000000002,68.10000000000001,97,0.14032704895362258
quality_4_6_line_2,line,complete,4,random,41,"{""A"": 3, ""B"": 1, ""C"": 0, ""D"": 4}","[0.46860807751125366, 1.5980614390586656, -0.017373320573767448, 1.0664930637241823, 0.10014182467776396, 0.724101363591061, 0.003378137424991409]",0.0002929145845317877,0.2565389028993371,0.0011417940172868204,24.594870514727926,23.4064366408861,21.240000000000002,39.17,130,0.18786249589174986
quality_4_6_line_2,line,complete,4,random,53,"{""A"": 3, ""B"": 1, ""C"": 0, ""D"": 4}","[0.4692150980617997, 1.5917521827733045, -0.017727741385961258, 1.0732437953871545, 0.09963786190132447, 0.5414220694121787, -0.002824816898360439]",0.00028093189484206524,0.26083399442520194,0.0010770524580630408,24.534247239496196,23.265965970962913,21.240000000000002,39.17,96,0.13917467463761568
quality_4_6_line_2,line,complete,5,deterministic,41,"{""A"": 0, ""B"": 1, ""C"": 2, ""D"": 3}","[0.5608561092467277, 1.7564600315438141, 0.06116405615704278, 1.048343815452936, -0.06406473976031357, 0.7667318031251823, -0.03305700325308688, 0.5947209386339274, -0.017490728673763552]",1.666893326731427e-05,0.3257933820305561,5.1164124830966934e-05,24.22869531406161,22.955959172996707,21.240000000000002,58.980000000000004,200,0.35428135097026825
quality_4_6_line_2,line,complete,5,deterministic,53,"{""A"": 0, ""B"": 1, ""C"": 2, ""D"": 3}","[0.43890548557747483, 1.7039167276478717, 0.09278411678295645, 0.9582957194371544, 0.02802057242684827, 0.811384834760314, 0.10723453207288886, 0.6359728160810679, 0.08618385160120924]",0.000524880585578833,0.29382655271748304,0.0017863619905159169,24.15463482751933,21.95540808974345,21.240000000000002,58.980000000000004,200,0.34896032931283116
quality_4_6_line_2,line,complete,5,poor,41,"{""A"": 4, ""B"": 3, ""C"": 0, ""D"": 2}","[0.5827966392266474, 1.7430374382568257, 0.13282643699278215, 1.0450201616795989, 0.03506894523095534, 1.088861859171454, -0.025356597477973513, 0.8399210083578653, -0.028987526005701206]",0.003579917476123796,0.280261268410859,0.012773500585445463,23.639248201852,21.68346564960591,21.240000000000002,68.10000000000001,200,0.35009710397571325
quality_4_6_line_2,line,complete,5,poor,53,"{""A"": 4, ""B"": 3, ""C"": 0, ""D"": 2}","[0.504898497250446, 1.58435936406931, 0.18858134308340424, 1.0129828675033774, 0.18360528347044466, 0.8055425068687365, 0.35996924417422754, 0.6733450692649362, 0.08528663424357018]",0.0006972240083105682,0.28493396821672656,0.0024469669680809887,24.550834675452087,22.37504798893584,21.240000000000002,68.10000000000001,150,0.2633618041872978
quality_4_6_line_2,line,complete,5,random,41,"{""A"": 3, ""B"": 1, ""C"": 0, ""D"": 4}","[0.4877642524678334, 1.8354767981751203, 0.043590446923769184, 0.8351833408070751, 0.09193189885051345, 0.6908300554391785, -0.018543985675029566, 0.5238417754106898, 0.03578902678087531]",0.0003000677855070741,0.2733430005965645,0.00109777014539309,23.274848534007607,21.830534499424502,21.240000000000002,39.17,147,0.2584584769792855
quality_4_6_line_2,line,complete,5,random,53,"{""A"": 3, ""B"": 1, ""C"": 0, ""D"": 4}","[0.4467100661280472, 1.5988731594056733, 0.17700797250913722, 1.0171867866232251, 0.09421733289466881, 0.886674466610042, 0.13313645579988057, 0.5860003303603737, 0.22986275481069043]",0.0008769390837579542,0.2651107058188287,0.003307822221095955,25.149720222976125,22.391856903499107,21.240000000000002,39.17,146,0.25686515495181084
quality_4_6_line_2,line,complete,6,deterministic,41,"{""A"": 0, ""B"": 1, ""C"": 2, ""D"": 3}","[0.7133088136118948, 1.7359740767659508, 0.04261417978573558, 1.1085326416262646, 0.07868615995089107, 1.0255765184742165, -0.002551630815328532, 0.8036942841821632, 0.0006849465681999111, 0.486336254760631, 0.03709731953447319]",4.7735162322929786e-05,0.31193951010861964,0.00015302698368125297,24.48613207924065,23.24609970933719,21.240000000000002,58.980000000000004,186,0.36614616168662906
quality_4_6_line_2,line,complete,6,deterministic,53,"{""A"": 0, ""B"": 1, ""C"": 2, ""D"": 3}","[0.41923308471061316, 1.5820789703374043, 0.1947685251848937, 1.067425066706362, 0.14688628769570503, 0.8307388532674908, 0.17582727904479925, 0.9187368538244354, 0.07204215075342418, 0.5528258827628589, 0.026765122426533575]",0.0004839154931764862,0.2784051937261274,0.0017381697758574264,26.42613712218248,23.560760229584517,21.240000000000002,58.980000000000004,200,0.3916682102717459
quality_4_6_line_2,line,complete,6,poor,41,"{""A"": 4, ""B"": 3, ""C"": 0, ""D"": 2}","[0.43623538533358663, 1.8369116957622436, 0.17246647410917404, 1.2477773316531784, 0.09377371139332058, 0.975491833468699, -0.00402767656025313, 0.588710926111341, -0.003903230928180096, 0.7375781644395897, 0.05810288942555947]",0.0010809009041396046,0.32069289671557544,0.0033705171371421505,23.986805405439085,22.372216847138464,21.240000000000002,68.10000000000001,159,0.3120465697720647
quality_4_6_line_2,line,complete,6,poor,53,"{""A"": 4, ""B"": 3, ""C"": 0, ""D"": 2}","[0.5807084294392776, 1.6014451674005818, 0.0030454002586695014, 0.9079183370629162, 0.03324513154216183, 0.8590547185585801, 0.029407646487454236, 0.36925522388980153, 0.10496809295009125, 0.5407597983169825, -0.08464048488695008]",0.00942742731458952,0.31202446566473435,0.030213743959164888,22.126225002254994,21.25511060338283,21.240000000000002,68.10000000000001,200,0.39230057783424854
quality_4_6_line_2,line,complete,6,random,41,"{""A"": 3, ""B"": 1, ""C"": 0, ""D"": 4}","[0.7591097798986941, 1.5383765745677291, 0.033835951613209334, 0.9620693696385964, 0.039429331896575784, 0.8272754342687936, 0.08912927286962684, 0.5544094213169086, -0.0902238969773524, 0.47999966324023585, 0.055292332853251684]",0.3058620938750654,0.5089768323564293,0.6009351986788949,21.240000000000002,21.240000000000002,21.240000000000002,39.17,200,0.39240696700289845
quality_4_6_line_2,line,complete,6,random,53,"{""A"": 3, ""B"": 1, ""C"": 0, ""D"": 4}","[0.3354823502375655, 1.8465015121449695, 0.18683809036175808, 1.0109575201416676, 0.10788263600416521, 0.7971894336264359, 0.07696097686147876, 0.6580649922064072, 0.01534269275319587, 0.48967980360731655, 0.12546546619597118]",9.631566861761544e-06,0.26146700293117986,3.683664383569137e-05,24.439589888905186,22.18935161637072,21.240000000000002,39.17,200,0.39121161261573434
quality_4_6_line_2,line,random_token,3,deterministic,41,"{""A"": 0, ""B"": 1, ""C"": 2, ""D"": 3}","[0.1404431640904717, 1.576444901597391, 0.3752810183419524, 1.268086378139067, 1.021907829765524]",7.2558548536972526e-12,0.9999999999999993,7.2558548536972574e-12,28.22945417616629,27.99039755458798,21.240000000000002,58.980000000000004,200,0.05270780995488167
quality_4_6_line_2,line,random_token,3,deterministic,53,"{""A"": 0, ""B"": 1, ""C"": 2, ""D"": 3}","[0.2187702840859185, 1.870826267001852, 0.320426010478242, 1.233939038423784, 1.100742504050188]",9.577246116075694e-12,1.0000000000000004,9.577246116075689e-12,28.25865092729858,28.086110483279295,21.240000000000002,58.980000000000004,200,0.052530847024172544
quality_4_6_line_2,line,random_token,3,poor,41,"{""A"": 4, ""B"": 3, ""C"": 0, ""D"": 2}","[0.542541990984655, 1.6068612106094449, 1.624619304879429, 1.1117517647542483, 0.8242920119785834]",0.0012034320404315808,1.0000000000000007,0.00120343204043158,24.32062312858169,22.276099936114516,21.240000000000002,68.10000000000001,178,0.04658230673521757
quality_4_6_line_2,line,random_token,3,poor,53,"{""A"": 4, ""B"": 3, ""C"": 0, ""D"": 2}","[0.5467094483791823, 1.3140935353991103, 1.3609232505310176, 0.8204397257926807, 0.9971968110162991]",0.0021535995997420555,0.9999999999999998,0.002153599599742056,23.529470829289323,21.838348031797857,21.240000000000002,68.10000000000001,109,0.028931580018252134
quality_4_6_line_2,line,random_token,3,random,41,"{""A"": 3, ""B"": 1, ""C"": 0, ""D"": 4}","[0.6419887794773093, 1.5215045028265413, 0.3478820806957404, 1.445347199268759, 0.7196053065290747]",0.0,1.0000000000000007,0.0,27.23543888327376,27.221808858146588,21.240000000000002,39.17,140,0.036852946039289236
quality_4_6_line_2,line,random_token,3,random,53,"{""A"": 3, ""B"": 1, ""C"": 0, ""D"": 4}","[0.6545242023803355, 1.5143018575561857, 0.3340415792944601, 1.4499598510497396, 0.7222035171754422]",0.0,0.9999999999999994,0.0,27.235992654220297,27.224012040187166,21.240000000000002,39.17,138,0.03639099793508649
quality_4_6_line_2,line,ring,1,deterministic,41,"{""A"": 0, ""B"": 1, ""C"": 2, ""D"": 3}",[0.24860396065314147],0.0,0.35029026053118095,0.0,24.639618072977253,22.62273777354358,21.240000000000002,58.980000000000004,13,0.004239642061293125
quality_4_6_line_2,line,ring,1,deterministic,53,"{""A"": 0, ""B"": 1, ""C"": 2, ""D"": 3}",[0.25044317543095757],0.0,0.3473066579163341,0.0,24.611690547110395,22.622122671721424,21.240000000000002,58.980000000000004,15,0.0040001217275857925
quality_4_6_line_2,line,ring,1,poor,41,"{""A"": 4, ""B"": 3, ""C"": 0, ""D"": 2}",[0.35529146065314154],0.0,0.3324737862343948,0.0,22.1464021647831,21.780075941737405,21.240000000000002,68.10000000000001,14,0.0037491503171622753
quality_4_6_line_2,line,ring,1,poor,53,"{""A"": 4, ""B"": 3, ""C"": 0, ""D"": 2}",[0.3556931754309575],0.0,0.332396822691584,0.0,22.14365302595528,21.780073763926385,21.240000000000002,68.10000000000001,13,0.003516554366797209
quality_4_6_line_2,line,ring,1,random,41,"{""A"": 3, ""B"": 1, ""C"": 0, ""D"": 4}",[0.29079146065314154],0.0,0.408857571599244,0.0,24.819377204559185,24.072277114736043,21.240000000000002,39.17,14,0.0036587901413440704
quality_4_6_line_2,line,ring,1,random,53,"{""A"": 3, ""B"": 1, ""C"": 0, ""D"": 4}",[0.29119317543095763],0.0,0.40834234073203146,0.0,24.818005389526014,24.071069520131463,21.240000000000002,39.17,16,0.0040781693533062935
quality_4_6_line_2,line,ring,2,deterministic,41,"{""A"": 0, ""B"": 1, ""C"": 2, ""D"": 3}","[0.19376450432648618, 1.8860181975987163, 0.3754359634685051]",1.609305227481589e-05,0.2709934870473292,5.9385383944689526e-05,23.633257749440983,22.585420512531464,21.240000000000002,58.980000000000004,46,0.021958135068416595
quality_4_6_line_2,line,ring,2,deterministic,53,"{""A"": 0, ""B"": 1, ""C"": 2, ""D"": 3}","[0.5487325118850205, 1.834105882727452, 0.4961939113241522]",0.0007731584079666468,0.2799621907583567,0.0027616529427503364,23.18830616857863,21.701215155067757,21.240000000000002,58.980000000000004,40,0.018728228751569986
quality_4_6_line_2,line,ring,2,poor,41,"{""A"": 4, ""B"": 3, ""C"": 0, ""D"": 2}","[0.26980575032123894, 1.6649356584748451, 0.14445542238482773]",0.00030734000540656953,0.30278200680126804,0.0010150537300860588,25.955950955179766,23.882762923324613,21.240000000000002,68.10000000000001,56,0.02569172577932477
quality_4_6_line_2,line,ring,2,poor,53,"{""A"": 4, ""B"": 3, ""C"": 0, ""D"": 2}","[0.2836385466110741, 1.6639519545786245, 0.13432663456886895]",0.0003173589687978095,0.2947684266276626,0.0010766382696701848,25.524600300830546,23.088538935415716,21.240000000000002,68.10000000000001,51,0.023264708928763866
quality_4_6_line_2,line,ring,2,random,41,"{""A"": 3, ""B"": 1, ""C"": 0, ""D"": 4}","[0.5548948724208903, 1.7791064638905953, 0.2398984403094511]",6.770446105680631e-05,0.33554858371357443,0.0002017724536563656,25.567885249889635,24.424800456468926,21.240000000000002,39.17,63,0.028506471775472164
quality_4_6_line_2,line,ring,2,random,53,"{""A"": 3, ""B"": 1, ""C"": 0, ""D"": 4}","[0.5544745957156034, 1.780080746596301, 0.2417424493035163]",6.442835295417046e-05,0.33522006539308014,0.00019219718508980532,25.563466632300923,24.422221579383233,21.240000000000002,39.17,69,0.031123986933380365
quality_4_6_line_2,line,ring,3,deterministic,41,"{""A"": 0, ""B"": 1, ""C"": 2, ""D"": 3}","[0.45500704343467097, 1.5716445472349143, 0.24650127042223274, 1.0037201470102708, 0.370487121064152]",0.0005903947043460351,0.2769669358449241,0.0021316432683379997,24.67546957684368,22.563988384009324,21.240000000000002,58.980000000000004,70,0.047690527979284525
quality_4_6_line_2,line,ring,3,deterministic,53,"{""A"": 0, ""B"": 1, ""C"": 2, ""D"": 3}","[0.1299221106526404, 1.62849108447569, 0.12010786614784824, 0.984646945910939, 0.11489788064749705]",2.5874643260024234e-10,0.2616390285158238,9.889443255771508e-10,30.420454693525187,25.271168878531675,21.240000000000002,58.980000000000004,139,0.09213979775086045
quality_4_6_line_2,line,ring,3,poor,41,"{""A"": 4, ""B"": 3, ""C"": 0, ""D"": 2}","[0.15007842033417076, 1.5243504895946576, 0.32102056278360197, 1.089870793048007, 0.020379838457409198]",0.0003591760246025771,0.3573359385905839,0.0010051494568927238,22.008820589285826,21.689299913135386,21.240000000000002,68.10000000000001,83,0.05544092180207372
quality_4_6_line_2,line,ring,3,poor,53,"{""A"": 4, ""B"": 3, ""C"": 0, ""D"": 2}","[0.710498733244303, 1.876877171885791, 0.1917952215991443, 1.0944063320707873, 0.1963183572667151]",0.0004870926096612091,0.2903312593455072,0.0016777132808890795,21.758293989591536,21.660782875539283,21.240000000000002,68.10000000000001,158,0.1042023110203445
quality_4_6_line_2,line,ring,3,random,41,"{""A"": 3, ""B"": 1, ""C"": 0, ""D"": 4}","[0.6117742122441574, 1.7475058048765972, 0.18371320213926842, 0.9818693889740405, 0.21648918504772244]",0.00021072535105528598,0.3004227114137654,0.0007014294960045771,25.873875572766632,24.612752404035277,21.240000000000002,39.17,123,0.08122557308524847
quality_4_6_line_2,line,ring,3,random,53,"{""A"": 3, ""B"": 1, ""C"": 0, ""D"": 4}","[0.6132038093653677, 1.747510210611448, 0.18498768167441793, 0.9836250666304026, 0.21784895064331472]",0.00019914518736102298,0.3018308397489461,0.0006597907209437777,25.867017294315367,24.617670552532736,21.240000000000002,39.17,169,0.111830476205796
quality_4_6_line_2,line,ring,4,deterministic,41,"{""A"": 0, ""B"": 1, ""C"": 2, ""D"": 3}","[0.13424961358802814, 1.6262550456093643, 0.10929227853422387, 0.9809468929019174, 0.11318547982364281, 0.9996549343969581, 0.038930578167456834]",1.925030605364225e-10,0.2546701233980786,7.558918100319061e-10,28.32637136053435,23.47465093130641,21.240000000000002,58.980000000000004,200,0.1765986429527402
quality_4_6_line_2,line,ring,4,deterministic,53,"{""A"": 0, ""B"": 1, ""C"": 2, ""D"": 3}","[0.1306994638088079, 1.6258936514721427, 0.1106121313541507, 0.9825685474471346, 0.10949726147989611, 0.9991253370188762, 0.044770927618080276]",1.452361636263185e-10,0.2630270957908098,5.521718710753186e-10,28.34373617657231,23.453651733641316,21.240000000000002,58.980000000000004,200,0.17579864989966154
quality_4_6_line_2,line,ring,4,poor,41,"{""A"": 4, ""B"": 3, ""C"": 0, ""D"": 2}","[0.14053444546471847, 1.5112522051965125, 0.26609199969249653, 0.9325845636451906, -0.05967008518056815, 0.7271501756231634, 0.10568480243691743]",0.000149416707203739,0.3328769870148735,0.00044886463478192564,25.24651375105709,22.745367893921472,21.240000000000002,68.10000000000001,183,0.16038723988458514
quality_4_6_line_2,line,ring,4,poor,53,"{""A"": 4, ""B"": 3, ""C"": 0, ""D"": 2}","[0.39088781626433877, 1.6439381112313016, 0.49912711891478984, 1.0456705983474346, 0.16752430565858747, 0.8112565715621359, 0.3858704505659769]",0.0013586130047924733,0.26121239700703447,0.0052011811857301925,24.538669882524044,22.362039574086985,21.240000000000002,68.10000000000001,95,0.0843989821150899
quality_4_6_line_2,line,ring,4,random,41,"{""A"": 3, ""B"": 1, ""C"": 0, ""D"": 4}","[0.5879788311224127, 1.7688141119123948, 0.1221405729779834, 0.9832615681946412, 0.18810561395106165, 1.0166634079390724, 0.13524790345465096]",6.0716693685535614e-05,0.2405649562005584,0.000252392096689745,27.405207014496824,25.75905527507323,21.240000000000002,39.17,163,0.14366396516561508
quality_4_6_line_2,line,ring,4,random,53,"{""A"": 3, ""B"": 1, ""C"": 0, ""D"": 4}","[0.5842318388597283, 1.768925353025461, 0.12184671148989243, 0.9823480230589801, 0.18766140736779968, 1.0160051696886652, 0.13313159546724557]",6.150898661812381e-05,0.23829551929723528,0.00025812061762437615,27.35389879318307,25.71085131927657,21.240000000000002,39.17,173,0.15286010410636663
quality_4_6_line_2,line,ring,6,deterministic,41,"{""A"": 0, ""B"": 1, ""C"": 2, ""D"": 3}","[0.5942470094335878, 1.839042992069364, 0.43982812955625433, 1.262312051630857, -0.0660807035252904, 0.731797829955938, 0.020001173785051965, 0.5471834922296038, 0.12277961899531316, 0.42279034087781925, 0.09875064470376789]",0.0020217260187032856,0.23392695224410823,0.008642552725577202,23.32197493740522,21.621939466811124,21.240000000000002,58.980000000000004,200,0.2593237617984414
quality_4_6_line_2,line,ring,6,deterministic,53,"{""A"": 0, ""B"": 1, ""C"": 2, ""D"": 3}","[0.5154838124197132, 1.7237243602867098, 0.19917433201338247, 1.0377522955374712, 0.02240502448676697, 0.7532739368570435, 0.021346325412792848, 0.7200571543171095, 0.20565560778322076, 0.6725348210633505, 0.0537465660508854]",3.868845008951601e-05,0.26461553225783785,0.00014620627050651925,24.568980426297664,23.25081042549187,21.240000000000002,58.980000000000004,200,0.2595670782029629
quality_4_6_line_2,line,ring,6,poor,41,"{""A"": 4, ""B"": 3, ""C"": 0, ""D"": 2}","[0.5518277152968433, 1.4981311870924008, 0.5657399771323328, 1.0635389360136078, 0.15990641539658043, 0.7338646136688777, 0.16085777466801987, 0.6636929977968336, 0.14401614343839228, 0.4269162751390845, 0.07730922926333614]",0.0009177523080775534,0.25827349662202115,0.003553412642338088,24.5752762335423,23.09175052146663,21.240000000000002,68.10000000000001,200,0.2586780786514282
quality_4_6_line_2,line,ring,6,poor,53,"{""A"": 4, ""B"": 3, ""C"": 0, ""D"": 2}","[0.5330406830192852, 1.5041458461064932, 0.5319251807102513, 1.0616768766098919, 0.11475339745501192, 0.7367623485556071, 0.15669196724005194, 0.6609487484171167, 0.14252444374393886, 0.4356316660092732, 0.08106316653831264]",0.002600222532703929,0.25342715647004393,0.010260236388720579,23.90505478054215,22.040017421807335,21.240000000000002,68.10000000000001,200,0.25899187894538045
quality_4_6_line_2,line,ring,6,random,41,"{""A"": 3, ""B"": 1, ""C"": 0, ""D"": 4}","[0.5935019636642338, 1.7720174586981905, 0.14476575182155677, 0.9802468431412421, 0.12002158273834732, 1.03155855433734, 0.10426448932762415, 0.7312102830361226, 0.023840549819981408, 0.5789221223221699, 0.13445190716752017]",0.00022307851724569298,0.1869183958030424,0.001193454054039458,26.438667879468397,24.649646606046836,21.240000000000002,39.17,200,0.2592246048152447
quality_4_6_line_2,line,ring,6,random,53,"{""A"": 3, ""B"": 1, ""C"": 0, ""D"": 4}","[0.6124635556742427, 1.7673518612133263, 0.14854945718526552, 0.9987638194454354, 0.21262765699926006, 0.7317967437205658, 0.08699859887351662, 0.6293732413318921, -0.029494621745520592, 0.41962060446237714, -0.08666848286062223]",0.000947121995655906,0.28975261284710885,0.003268726332955159,25.53225794813003,23.501978719860492,21.240000000000002,39.17,200,0.25796858686953783
quality_4_6_line_2,line,token,1,deterministic,41,"{""A"": 0, ""B"": 1, ""C"": 2, ""D"": 3}",[0.9923539606531415],0.0,1.0,0.0,30.320003144073002,30.32,21.240000000000002,58.980000000000004,14,0.0022289548069238663
quality_4_6_line_2,line,token,1,deterministic,53,"{""A"": 0, ""B"": 1, ""C"": 2, ""D"": 3}",[0.9947556754309573],0.0,1.0000000000000002,0.0,30.32000305255652,30.32,21.240000000000002,58.980000000000004,15,0.0019875727593898773
quality_4_6_line_2,line,token,1,poor,41,"{""A"": 4, ""B"": 3, ""C"": 0, ""D"": 2}",[1.2182914606531414],0.0,1.0,0.0,30.7,30.7,21.240000000000002,68.10000000000001,14,0.0018898900598287582
quality_4_6_line_2,line,token,1,poor,53,"{""A"": 4, ""B"": 3, ""C"": 0, ""D"": 2}",[1.1765681754309574],0.0,1.0,0.0,30.7,30.7,21.240000000000002,68.10000000000001,10,0.0014831451699137688
quality_4_6_line_2,line,token,1,random,41,"{""A"": 3, ""B"": 1, ""C"": 0, ""D"": 4}",[0.6751664606531416],0.0,0.9999999999999998,0.0,28.97098918770795,28.970000000000187,21.240000000000002,39.17,16,0.0020510819740593433
quality_4_6_line_2,line,token,1,random,53,"{""A"": 3, ""B"": 1, ""C"": 0, ""D"": 4}",[0.6745681754309574],0.0,0.9999999999999999,0.0,28.970997397795855,28.970000000000194,21.240000000000002,39.17,14,0.0018150382675230503
quality_4_6_line_2,line,token,2,deterministic,41,"{""A"": 0, ""B"": 1, ""C"": 2, ""D"": 3}","[1.3976602803167382, 1.801835549936251, 1.0399804943169524]",0.26316440861015933,1.0000000000000002,0.2631644086101593,21.240000000000002,21.240000000000002,21.240000000000002,58.980000000000004,70,0.01261126296594739
quality_4_6_line_2,line,token,2,deterministic,53,"{""A"": 0, ""B"": 1, ""C"": 2, ""D"": 3}","[1.3816702024736374, 1.7841707930446895, 1.0450361763509208]",0.2616739306138436,1.0,0.2616739306138436,21.240000000000002,21.240000000000002,21.240000000000002,58.980000000000004,109,0.018403359223157167
quality_4_6_line_2,line,token,2,poor,41,"{""A"": 4, ""B"": 3, ""C"": 0, ""D"": 2}","[1.5705002733494011, 2.082189154113267, 0.5885817127157531]",0.0,1.0,0.0,27.24000112638701,27.239999999999988,21.240000000000002,68.10000000000001,45,0.007994964253157377
quality_4_6_line_2,line,token,2,poor,53,"{""A"": 4, ""B"": 3, ""C"": 0, ""D"": 2}","[1.5721357958955295, 1.4496936960627793, 0.5888549588435997]",0.0,1.0,0.0,27.24000113104096,27.23999999999598,21.240000000000002,68.10000000000001,44,0.007833019830286503
quality_4_6_line_2,line,token,2,random,41,"{""A"": 3, ""B"": 1, ""C"": 0, ""D"": 4}","[0.7879706482834251, 1.5268456228438048, 0.5532450516939117]",0.0,0.9999999999999999,0.0,27.293795502184903,27.240002845138218,21.240000000000002,39.17,57,0.009852210991084576
quality_4_6_line_2,line,token,2,random,53,"{""A"": 3, ""B"": 1, ""C"": 0, ""D"": 4}","[0.7851077223568693, 1.5261392593360208, 0.5573585005644507]",0.0,0.9999999999999998,0.0,27.291237228765187,27.240002369615574,21.240000000000002,39.17,54,0.009372901171445847
quality_4_6_line_2,line,token,3,deterministic,41,"{""A"": 0, ""B"": 1, ""C"": 2, ""D"": 3}","[1.4248014677873155, 1.7012934443573553, 1.007731229215715, 1.213501455032952, 0.207693477265213]",0.2568848455264403,1.0000000000000002,0.25688484552644025,21.240000000000002,21.240000000000002,21.240000000000002,58.980000000000004,148,0.03618135489523411
quality_4_6_line_2,line,token,3,deterministic,53,"{""A"": 0, ""B"": 1, ""C"": 2, ""D"": 3}","[1.391811942447579, 1.6779138211897415, 1.050811557866888, 1.5181327151214932, 0.3517492254868836]",0.2592779712410972,1.0,0.2592779712410972,21.240000000000002,21.240000000000002,21.240000000000002,58.980000000000004,141,0.03419555630534887
quality_4_6_line_2,line,token,3,poor,41,"{""A"": 4, ""B"": 3, ""C"": 0, ""D"": 2}","[1.7318698228322862, 1.3422245953661918, -0.3856702122367211, 0.8366308035076913, 0.5241106478842243]",1.1620821686448454e-08,1.0,1.1620821686448454e-08,27.23933813420997,27.23735393170653,21.240000000000002,68.10000000000001,179,0.04270334215834737
quality_4_6_line_2,line,token,3,poor,53,"{""A"": 4, ""B"": 3, ""C"": 0, ""D"": 2}","[1.552599140912902, 1.3666555914263454, 0.7385332436128388, 1.068372965292139, 0.2716615028795255]",2.0802931644477438e-11,1.0,2.0802931644477438e-11,27.23979831312943,27.239158174824052,21.240000000000002,68.10000000000001,200,0.04725558077916503
quality_4_6_line_2,line,token,3,random,41,"{""A"": 3, ""B"": 1, ""C"": 0, ""D"": 4}","[0.593767314862814, 1.361621955699065, 0.4274017340859674, 1.5408056257994966, 0.6193222735568851]",1.495602658818363e-07,1.0,1.495602658818363e-07,27.238468281059653,27.233734669602825,21.240000000000002,39.17,200,0.04777350416406989
quality_4_6_line_2,line,token,3,random,53,"{""A"": 3, ""B"": 1, ""C"": 0, ""D"": 4}","[0.6241877998127249, 1.3837614058278405, 0.4018191802209874, 1.5238657955956008, 0.5922382615203358]",8.558082438040824e-08,1.0000000000000002,8.558082438040823e-08,27.239173492204355,27.236174128360744,21.240000000000002,39.17,200,0.0477323760278523
quality_4_6_line_2,line,token,4,deterministic,41,"{""A"": 0, ""B"": 1, ""C"": 2, ""D"": 3}","[1.5084097796891027, 1.68732541200853, 1.1336828556116714, 0.949315899034268, 0.44492278331067414, 0.5637265691456521, -0.08344199735602162]",0.2578170818235524,1.0,0.2578170818235524,21.240000000000002,21.240000000000002,21.240000000000002,58.980000000000004,49,0.016357157845050097
quality_4_6_line_2,line,token,4,deterministic,53,"{""A"": 0, ""B"": 1, ""C"": 2, ""D"": 3}","[1.4169948091927156, 1.7898968927350327, 1.4328892582990995, 1.1959351902486166, 0.15532349981771373, 0.373993923217731, 0.46328050300508206]",0.2973229432751348,1.0,0.2973229432751348,21.240000000000002,21.240000000000002,21.240000000000002,58.980000000000004,71,0.02244131313636899
quality_4_6_line_2,line,token,4,poor,41,"{""A"": 4, ""B"": 3, ""C"": 0, ""D"": 2}","[1.2746696063775638, 1.2717275836618613, 0.491093169734418, 0.9945144531544287, 0.08528751509580831, 0.7165273291771982, 0.49442749575559625]",1.365272497778951e-06,1.0,1.365272497778951e-06,27.222273143391014,27.170343313597158,21.240000000000002,68.10000000000001,200,0.06169423460960388
quality_4_6_line_2,line,token,4,poor,53,"{""A"": 4, ""B"": 3, ""C"": 0, ""D"": 2}","[1.4885182756180708, 1.4494165031507307, 0.5098799094539809, 1.123295273041487, 0.019289943106149836, 0.8472590715621863, 0.4677528033041337]",4.78010659892359e-09,1.0,4.78010659892359e-09,27.239120243659542,27.236482994249442,21.240000000000002,68.10000000000001,200,0.06149393925443292
quality_4_6_line_2,line,token,4,random,41,"{""A"": 3, ""B"": 1, ""C"": 0, ""D"": 4}","[0.5980283806049801, 1.4483001290782938, 0.4794121953474781, 1.3377496926500152, -0.3232760611649654, 0.9702007262232586, 0.48674202969681074]",2.498989538376865e-08,1.0000000000000002,2.4989895383768642e-08,27.238996789338177,27.23585754155201,21.240000000000002,39.17,200,0.06118315504863858
quality_4_6_line_2,line,token,4,random,53,"{""A"": 3, ""B"": 1, ""C"": 0, ""D"": 4}","[0.6517604843712982, 1.60182797660869, 0.7066963039586243, 1.3585526325494202, 0.12358674781669295, 0.6367950272899718, 0.5939447405698259]",1.1045660419095632e-06,0.9999999999999999,1.1045660419095634e-06,27.203691060296386,27.097526842406758,21.240000000000002,39.17,194,0.059322582092136145
quality_4_6_line_2,line,token,6,deterministic,41,"{""A"": 0, ""B"": 1, ""C"": 2, ""D"": 3}","[0.5051795127790406, 1.806771248885732, 0.5233222782906785, 1.2914463979671065, 0.17154804361692003, 0.7383659093366624, -0.15023522656119395, 0.5309262903697163, 0.5702227896492301, 0.4439878512260552, 0.41513195406487946]",1.8820604470076802e-05,1.0,1.8820604470076802e-05,27.156837453763682,26.402601713664872,21.240000000000002,58.980000000000004,200,0.08956348011270165
quality_4_6_line_2,line,token,6,deterministic,53,"{""A"": 0, ""B"": 1, ""C"": 2, ""D"": 3}","[0.7236573805899755, 1.795758889229362, 0.4404064015129895, 1.0520769261351735, 0.10750221186210136, 0.6657012759198084, 0.014571399439389681, 0.7303742636406525, 0.3097649716403784, 0.37591844963357823, 0.5772998137720966]",0.00019348478838605894,1.0,0.00019348478838605894,27.27191893875996,25.779626377702645,21.240000000000002,58.980000000000004,200,0.0881508868187666
quality_4_6_line_2,line,token,6,poor,41,"{""A"": 4, ""B"": 3, ""C"": 0, ""D"": 2}","[0.860965476465273, 1.3540632814164666, 0.47713894751237107, 0.9139919047808814, 0.3952114686892699, 0.7879069036482246, 0.3376554713439197, 0.5432172701851455, 0.37426249210351265, 0.47832932703837183, 0.2919959871770618]",4.045040122165215e-05,1.0,4.045040122165215e-05,27.646407753640787,26.286630576577117,21.240000000000002,68.10000000000001,200,0.08804489858448505
quality_4_6_line_2,line,token,6,poor,53,"{""A"": 4, ""B"": 3, ""C"": 0, ""D"": 2}","[0.5292901973143485, 1.6134846324500531, 1.0926768195344827, 1.3314374743910595, 0.3954763041382509, 0.9211714476936133, 0.30495844210888934, 0.5421254670870059, 0.20124603994392423, 0.3398098053328722, 0.5204579327091007]",0.000415585157992945,1.0,0.000415585157992945,26.05848535860075,24.345064589333397,21.240000000000002,68.10000000000001,200,0.08868370810523629
quality_4_6_line_2,line,token,6,random,41,"{""A"": 3, ""B"": 1, ""C"": 0, ""D"": 4}","[0.6651667218378347, 1.6000204861425076, 0.5774572686567216, 1.3567550567826323, 0.22094830752439626, 0.8159934607559776, 0.30366176516657734, 0.8181924872646019, -0.23608837591892148, 0.6019673365765051, 0.6436259602878582]",4.677644755436497e-06,1.0,4.677644755436497e-06,27.0814466143457,26.647423245235327,21.240000000000002,39.17,152,0.06742566777393222
quality_4_6_line_2,line,token,6,random,53,"{""A"": 3, ""B"": 1, ""C"": 0, ""D"": 4}","[0.4804991044939553, 1.6006552664130262, 0.3461755251256485, 1.3836881849018448, 0.3529867313920648, 0.6123823208671304, 0.4179875635520149, 0.9483548086636538, -0.09639546724003686, 0.7223241769044207, 0.48870469184651694]",1.9406920038896314e-07,0.9999999999999998,1.940692003889632e-07,27.227892801319413,27.191880583568082,21.240000000000002,39.17,149,0.06590106477960944
quality_4_6_line_3,line,complete,1,deterministic,41,"{""A"": 0, ""B"": 1, ""C"": 2, ""D"": 3}",[0.7048539606531413],0.020613765286628668,0.3661625831917643,0.05629675513795728,18.639565286781743,18.50004412509658,18.5,31.529999999999998,17,0.007112948223948479
quality_4_6_line_3,line,complete,1,deterministic,53,"{""A"": 0, ""B"": 1, ""C"": 2, ""D"": 3}",[0.7058181754309575],0.020115223148452564,0.37103296032375155,0.054214113837489426,18.649236726653843,18.50005755872835,18.5,31.529999999999998,17,0.006594063248485327
quality_4_6_line_3,line,complete,1,poor,41,"{""A"": 4, ""B"": 0, ""C"": 1, ""D"": 5}",[0.3709164606531415],0.0014889096000343497,0.30591531185352394,0.004867064649406167,19.93750868420613,18.734188831416542,18.5,50.97,13,0.005256820935755968
quality_4_6_line_3,line,complete,1,poor,53,"{""A"": 4, ""B"": 0, ""C"": 1, ""D"": 5}",[0.3713181754309576],0.001480474494738383,0.30611035686472576,0.0048364077253113796,19.939007339576296,18.735221252924937,18.5,50.97,13,0.005209412891417742
quality_4_6_line_3,line,complete,1,random,41,"{""A"": 2, ""B"": 4, ""C"": 1, ""D"": 3}",[0.7062914606531414],5.209508572806364e-05,0.31397475468912667,0.00016592125624763728,18.945814482785256,18.78250778187296,18.5,21.64,17,0.006489566992968321
quality_4_6_line_3,line,complete,1,random,53,"{""A"": 2, ""B"": 4, ""C"": 1, ""D"": 3}",[0.8646306754309575],5.260890182173091e-05,0.31321800794424653,0.000167962570757092,18.944682160216146,18.782429587404028,18.5,21.64,16,0.006176669150590897
quality_4_6_line_3,line,complete,2,deterministic,41,"{""A"": 0, ""B"": 1, ""C"": 2, ""D"": 3}","[0.8699402926445294, 1.8185842380266908, -0.06095701304124873]",0.031073030290390238,0.38640826438306763,0.08041502512892904,18.534382204207144,18.500000167348325,18.5,31.529999999999998,34,0.024991119746118784
quality_4_6_line_3,line,complete,2,deterministic,53,"{""A"": 0, ""B"": 1, ""C"": 2, ""D"": 3}","[0.7033464339040373, 1.7929524789404951, 0.02930975620618561]",0.02696731505470384,0.4054983641043746,0.06650412786317061,18.55923428450894,18.500001495697585,18.5,31.529999999999998,33,0.0237944140098989
quality_4_6_line_3,line,complete,2,poor,41,"{""A"": 4, ""B"": 0, ""C"": 1, ""D"": 5}","[0.3863375923995283, 1.7899747667578438, 0.20277303777331332]",8.049877111101722e-05,0.336325344732329,0.00023934791823400557,19.22044813362515,18.78942817209318,18.5,50.97,30,0.02171436697244644
quality_4_6_line_3,line,complete,2,poor,53,"{""A"": 4, ""B"": 0, ""C"": 1, ""D"": 5}","[0.5782055091751778, 1.7252736312079677, 0.2727588514237697]",0.00020875029031658135,0.3584508114497962,0.0005823680227484112,20.008611619878444,19.182485338410768,18.5,50.97,53,0.03761800331994891
quality_4_6_line_3,line,complete,2,random,41,"{""A"": 2, ""B"": 4, ""C"": 1, ""D"": 3}","[0.7521600653564171, 1.2784664169779598, 0.9217064228714081]",1.2440326312614497e-05,0.22249843416281134,5.591197241195591e-05,19.56707716826165,19.39519656337904,18.5,21.64,39,0.027752607129514217
quality_4_6_line_3,line,complete,2,random,53,"{""A"": 2, ""B"": 4, ""C"": 1, ""D"": 3}","[0.7610980902143729, 1.669058686900546, 0.5003826275246795]",0.01708641472450842,0.2507118139318417,0.06815161382524047,18.624616932565605,18.500054435715185,18.5,21.64,108,0.07551405718550086
quality_4_6_line_3,line,complete,3,deterministic,41,"{""A"": 0, ""B"": 1, ""C"": 2, ""D"": 3}","[0.3923657812530541, 1.5359576260528425, 0.007867809505477575, 0.9177207948005457, 0.07437793347035199]",0.0010734889839766385,0.258547979172244,0.004151991392133384,20.17442953720675,19.446443719124236,18.5,31.529999999999998,144,0.14650603290647268
quality_4_6_line_3,line,complete,3,deterministic,53,"{""A"": 0, ""B"": 1, ""C"": 2, ""D"": 3}","[0.39282755730988667, 1.5081210896535904, 0.008795893647816144, 0.9475002407929338, 0.07434840673962956]",0.00103634726160741,0.25819389164680684,0.004013833383111435,20.181892502035858,19.464881204684573,18.5,31.529999999999998,53,0.054329183883965015
quality_4_6_line_3,line,complete,3,poor,41,"{""A"": 4, ""B"": 0, ""C"": 1, ""D"": 5}","[0.48056506244430836, 1.6558468064448117, 0.20829288587395828, 1.0297065193881556, 0.38074946535681176]",0.0008753154808466073,0.3208149947750451,0.0027284119978879945,19.93853472374594,19.186834685751545,18.5,50.97,70,0.07166058057919145
quality_4_6_line_3,line,complete,3,poor,53,"{""A"": 4, ""B"": 0, ""C"": 1, ""D"": 5}","[0.480925172961451, 1.6559148048473895, 0.20966612529491496, 1.0297557528495054, 0.38192213041138035]",0.0008794338516610613,0.32111911829313167,0.0027386530466811864,19.938217722591002,19.185345683641067,18.5,50.97,56,0.057741641998291016
quality_4_6_line_3,line,complete,3,random,41,"{""A"": 2, ""B"": 4, ""C"": 1, ""D"": 3}","[0.7019071377998448, 1.5241561692269952, 0.02142296784036246, 0.9026134908391615, -0.004342219731165831]",0.00010596225475097594,0.31023642639527504,0.0003415532340356721,18.846120543563142,18.77468814898049,18.5,21.64,51,0.05231098411604762
quality_4_6_line_3,line,complete,3,random,53,"{""A"": 2, ""B"": 4, ""C"": 1, ""D"": 3}","[0.7119248072435599, 1.8739037893888215, 0.02602109584650563, 0.9122646239468399, -0.05898091333845564]",0.00013315162357458184,0.34662497149250265,0.00038413742380202933,19.47115318360313,18.821981474772194,18.5,21.64,56,0.057482196018099785
quality_4_6_line_3,line,complete,4,deterministic,41,"{""A"": 0, ""B"": 1, ""C"": 2, ""D"": 3}","[0.39199031542494017, 1.462368655993358, 0.013512902846084822, 0.9913680747194148, 0.07499125851677636, 0.5919135173871324, -0.01151934213869911]",0.001039500234562275,0.2599564724853629,0.003998747269586854,20.178568436839136,19.457288864127555,18.5,31.529999999999998,200,0.2720023198053241
quality_4_6_line_3,line,complete,4,deterministic,53,"{""A"": 0, ""B"": 1, ""C"": 2, ""D"": 3}","[0.3906637070886679, 1.5821693541039397, 0.008910642670311048, 0.8741516728928972, 0.07514757935896718, 0.7802918050446945, -0.0031874667648148763]",0.0011840321645210266,0.2601832107485116,0.004550763137693349,20.154830959649686,19.39863094215351,18.5,31.529999999999998,85,0.11636857828125358
quality_4_6_line_3,line,complete,4,poor,41,"{""A"": 4, ""B"": 0, ""C"": 1, ""D"": 5}","[0.4882526153601678, 1.6645798725820178, 0.1938759589977845, 1.0262009231777516, 0.3828251081943039, 1.1786296688418056, -0.052304957153964736]",0.0012134286318147413,0.3172283829107908,0.0038250947808663605,19.848105774022034,19.046824093483238,18.5,50.97,162,0.21927284123376012
quality_4_6_line_3,line,complete,4,poor,53,"{""A"": 4, ""B"": 0, ""C"": 1, ""D"": 5}","[0.639581502594613, 1.5349847671588293, 0.33137141456294034, 1.139884373173984, 0.4867471857869695, 1.1121449405001445, 0.058881607740866364]",0.001223044552387109,0.29516684118711445,0.004143570285429816,19.468861959428718,18.826667931345582,18.5,50.97,83,0.11346952384337783
quality_4_6_line_3,line,complete,4,random,41,"{""A"": 2, ""B"": 4, ""C"": 1, ""D"": 3}","[0.7514430285761361, 1.7367693965439328, 0.5056362183225892, 1.226043018395943, -0.03609564781835283, 0.6803505062846936, -0.05048384066581266]",0.022364894764435463,0.25670883678935447,0.08712163961378255,18.586542679898166,18.500007003831595,18.5,21.64,200,0.2762490250170231
quality_4_6_line_3,line,complete,4,random,53,"{""A"": 2, ""B"": 4, ""C"": 1, ""D"": 3}","[0.827233744317933, 1.2531544971323376, 0.6442033041518013, 0.9090951098787318, -0.06100936303358191, 0.8150341481974729, 0.07212921297745815]",0.00012924264698385265,0.3756425627920682,0.0003440575158023111,19.378949983851403,19.31711942143308,18.5,21.64,200,0.27157808374613523
quality_4_6_line_3,line,complete,5,deterministic,41,"{""A"": 0, ""B"": 1, ""C"": 2, ""D"": 3}","[0.8121348920720555, 1.632542529298062, -0.08419701047060042, 1.2985097654588733, -0.03135067664937611, 0.6904040602179207, 0.08933989762761795, 0.9428051933572302, 0.08267789217242315]",0.010284506258820797,0.48688376291039015,0.021123124331245437,19.0186534044995,18.508581646895667,18.5,31.529999999999998,200,0.33589144703000784
quality_4_6_line_3,line,complete,5,deterministic,53,"{""A"": 0, ""B"": 1, ""C"": 2, ""D"": 3}","[0.7895693848219584, 1.8280098122022534, 0.11930543647563453, 1.2458054146474546, 0.06984661924257744, 0.786072355531202, 0.02186861685595698, 0.8551721487880577, 0.008382890434258099]",0.0006668197824421807,0.40990644373776275,0.0016267609173491746,20.22920914255359,19.627781329901023,18.5,31.529999999999998,120,0.20131091913208365
quality_4_6_line_3,line,complete,5,poor,41,"{""A"": 4, ""B"": 0, ""C"": 1, ""D"": 5}","[0.47670392058905336, 1.6560248937292692, 0.2054739703564147, 1.0298054395763643, 0.38840267433347003, 0.9468297664443944, 0.016997883873933986, 0.6126360087355522, 0.03613243614935982]",0.0014065400506136521,0.32763069810192513,0.0042930655117551925,19.723514593579868,18.919994743849973,18.5,50.97,200,0.3344612722285092
quality_4_6_line_3,line,complete,5,poor,53,"{""A"": 4, ""B"": 0, ""C"": 1, ""D"": 5}","[0.5807463950176776, 1.6284973091951325, -0.021541100460063488, 1.005990122201722, 0.36944474651359666, 0.725919779077143, 0.39265676414591216, 0.5782076518593645, 0.02063788600588282]",0.003685985777981651,0.32735919908753813,0.011259759274386522,19.23745169970069,18.574069816584306,18.5,50.97,200,0.3343561040237546
quality_4_6_line_3,line,complete,5,random,41,"{""A"": 2, ""B"": 4, ""C"": 1, ""D"": 3}","[0.6974378404919732, 1.9073898990570375, 0.027137635836589655, 1.092361878260711, -0.011784267027013986, 0.811892463764741, 0.022632108657916265, 0.5888730250481796, -0.03650241343334316]",4.038860811304757e-05,0.32972702728711434,0.00012249104492692567,18.83277761243343,18.784065434922518,18.5,21.64,118,0.19800009299069643
quality_4_6_line_3,line,complete,5,random,53,"{""A"": 2, ""B"": 4, ""C"": 1, ""D"": 3}","[0.7588290091338215, 1.8895071006376056, 0.079489397358748, 0.75077697113391, -0.020366303214519956, 0.7862621220104615, -0.07048328323298343, 0.5027362040136893, 0.058756807976896815]",6.47345066011243e-05,0.523237972132843,0.000123719053373078,19.54261093713397,18.875965760375415,18.5,21.64,78,0.13150918995961547
quality_4_6_line_3,line,complete,6,deterministic,41,"{""A"": 0, ""B"": 1, ""C"": 2, ""D"": 3}","[0.7069842379674574, 1.6309922097725986, 0.026461928588750367, 1.0625416496290037, 0.001091529366972697, 0.770237461582377, -0.013342195577321038, 0.6212040859205644, -0.016814806538014128, 0.5090328471686618, -0.014354869236573746]",0.018672608116133405,0.38405149441448283,0.04862006368339039,18.675656861920295,18.50011634164983,18.5,31.529999999999998,106,0.2136731850914657
quality_4_6_line_3,line,complete,6,deterministic,53,"{""A"": 0, ""B"": 1, ""C"": 2, ""D"": 3}","[0.7116751759913963, 1.8363346503287792, 0.01316361769227214, 1.330994934059934, 0.057799726296809524, 0.7401045869475706, 0.00516012616183324, 0.7189143493954133, 0.04889384890378212, 1.0514804421975117, 0.01248389479433421]",0.023066617489310017,0.43209133111571874,0.05338366180536153,18.598926215274147,18.50001130434214,18.5,31.529999999999998,122,0.245275700930506
quality_4_6_line_3,line,complete,6,poor,41,"{""A"": 4, ""B"": 0, ""C"": 1, ""D"": 5}","[0.41573457218905996, 1.812228805990621, 0.17913301862510292, 1.0425789831550376, 0.3866823662063071, 0.6990383699090494, 0.05361138625360451, 0.8715392822118733, -0.07488978457709385, 0.7345611540250887, 0.009882964538776918]",0.003223106432280261,0.3111591566261567,0.010358385294612025,19.38366363012236,18.611482145810744,18.5,50.97,158,0.3177161058411002
quality_4_6_line_3,line,complete,6,poor,53,"{""A"": 4, ""B"": 0, ""C"": 1, ""D"": 5}","[0.6444989443268341, 1.8908158082067255, 0.3861633045255736, 1.2271216147685162, -0.016003523797772055, 0.6866163573980721, -0.028209693080344087, 0.6875289687264446, 0.24402594752828102, 0.46135016450712885, 0.026508449496082706]",0.0002595994024380986,0.340085433604847,0.0007633358467794097,19.672190244302772,19.080997892780164,18.5,50.97,200,0.4007728169672191
quality_4_6_line_3,line,complete,6,random,41,"{""A"": 2, ""B"": 4, ""C"": 1, ""D"": 3}","[0.7032899128164493, 1.5545466953278755, 0.046562368001090065, 0.9677116701658031, -0.0020310179378070304, 0.6993412381077396, 0.04215024699471495, 0.4861176987511961, 0.022800270455000937, 0.4376343368409917, 0.029362728578719462]",0.00031788620633545894,0.3427662788191156,0.0009274138851424578,18.782710040951983,18.74643476439878,18.5,21.64,167,0.33518132381141186
quality_4_6_line_3,line,complete,6,random,53,"{""A"": 2, ""B"": 4, ""C"": 1, ""D"": 3}","[0.8163065104581031, 1.9514820916699398, 0.10079335009154275, 0.7516229362433943, -0.023438297709570226, 0.6352854282805867, 0.05075996830961066, 0.5295706018554975, 0.10569950749504227, 0.768322441252969, -0.011872735017139487]",0.000693911683905229,0.425878404659622,0.001629365744571691,19.628540814348035,18.871685611620354,18.5,21.64,96,0.19429577607661486
quality_4_6_line_3,line,random_token,3,deterministic,41,"{""A"": 0, ""B"": 1, ""C"": 2, ""D"": 3}","[0.9975702587900146, 2.2029910871744645, -0.14549992726666697, 0.8005322420748461, 2.000550833715897]",0.00763428460009915,0.9999999999999998,0.007634284600099152,18.608818522334552,18.505732378634587,18.5,31.529999999999998,200,0.051838045939803123
quality_4_6_line_3,line,random_token,3,deterministic,53,"{""A"": 0, ""B"": 1, ""C"": 2, ""D"": 3}","[1.049383665434875, 1.7178693864950816, 0.006382356439700964, 1.213218776824584, 1.9804842942504812]",0.009184180051476013,1.0000000000000002,0.009184180051476011,18.589913800902565,18.502575012070785,18.5,31.529999999999998,173,0.04494858905673027
quality_4_6_line_3,line,random_token,3,poor,41,"{""A"": 4, ""B"": 0, ""C"": 1, ""D"": 5}","[0.7119969597504043, 2.122130127276511, 1.1988023870110738, 0.6608400153852958, 1.3608652635154401]",0.0037351261740975377,1.0000000000000004,0.003735126174097536,19.47008596590287,18.612754586391834,18.5,50.97,71,0.0189691917039454
quality_4_6_line_3,line,random_token,3,poor,53,"{""A"": 4, ""B"": 0, ""C"": 1, ""D"": 5}","[0.015002805889237325, 1.8673046600824565, 0.6282706615996542, 1.3364442257570062, 1.3938524729312936]",0.035253813028127495,0.9999999999999989,0.03525381302812754,18.51893466368108,18.500000013204517,18.5,50.97,113,0.02953484281897545
quality_4_6_line_3,line,random_token,3,random,41,"{""A"": 2, ""B"": 4, ""C"": 1, ""D"": 3}","[0.23032431293741087, 1.4422521561820694, -0.3576671975066812, 0.6986791732115705, 0.7455582008396894]",0.11322407603293591,0.9999999999999999,0.11322407603293592,18.50000006061448,18.5,18.5,21.64,126,0.03251974890008569
quality_4_6_line_3,line,random_token,3,random,53,"{""A"": 2, ""B"": 4, ""C"": 1, ""D"": 3}","[0.1700425755604947, 1.1544293781340442, -0.3005690341847212, 1.0056948644866954, 0.7247153437213179]",0.11791449239083875,1.0000000000000002,0.11791449239083872,18.500000030744392,18.5,18.5,21.64,119,0.03073030896484852
quality_4_6_line_3,line,ring,1,deterministic,41,"{""A"": 0, ""B"": 1, ""C"": 2, ""D"": 3}",[0.32516646065314153],0.001689457460101226,0.28098310021701367,0.006012665739670447,20.989818147925746,19.08711508466772,18.5,31.529999999999998,14,0.004254329018294811
quality_4_6_line_3,line,ring,1,deterministic,53,"{""A"": 0, ""B"": 1, ""C"": 2, ""D"": 3}",[0.32756817543095756],0.0016932498260050959,0.28038837052637733,0.006038944564021441,20.963333574545135,19.081075663452147,18.5,31.529999999999998,12,0.0033164680935442448
quality_4_6_line_3,line,ring,1,poor,41,"{""A"": 4, ""B"": 0, ""C"": 1, ""D"": 5}",[0.6099789606531414],0.0,0.4367449516147638,0.0,19.9869733533005,19.980000000059366,18.5,50.97,13,0.0035499571822583675
quality_4_6_line_3,line,ring,1,poor,53,"{""A"": 4, ""B"": 0, ""C"": 1, ""D"": 5}",[0.6098181754309576],0.0,0.43654358715586944,0.0,19.98695970212857,19.98000000005916,18.5,50.97,14,0.003745273221284151
quality_4_6_line_3,line,ring,1,random,41,"{""A"": 2, ""B"": 4, ""C"": 1, ""D"": 3}",[0.5376664606531415],2.4456295069441788e-06,0.620297889532346,3.942669398388545e-06,20.326005429149856,19.77745298830535,18.5,21.64,16,0.004133101087063551
quality_4_6_line_3,line,ring,1,random,53,"{""A"": 2, ""B"": 4, ""C"": 1, ""D"": 3}",[0.5380681754309575],2.3963898530293137e-06,0.6214276459456289,3.8562652766803086e-06,20.327912291962775,19.780068471553534,18.5,21.64,15,0.003870969172567129
quality_4_6_line_3,line,ring,2,deterministic,41,"{""A"": 0, ""B"": 1, ""C"": 2, ""D"": 3}","[0.23930345155073102, 1.313617949308279, 0.2735827080622313]",0.003131082008314992,0.26985061157980855,0.01160301987082572,19.99977540691369,18.75315045376937,18.5,31.529999999999998,47,0.022596254013478756
quality_4_6_line_3,line,ring,2,deterministic,53,"{""A"": 0, ""B"": 1, ""C"": 2, ""D"": 3}","[0.23759670426658216, 1.3131824961456295, 0.26913234469695635]",0.003212226439555493,0.26939097873167217,0.011924031215444086,19.989881574066533,18.74008708603381,18.5,31.529999999999998,54,0.025125592947006226
quality_4_6_line_3,line,ring,2,poor,41,"{""A"": 4, ""B"": 0, ""C"": 1, ""D"": 5}","[0.6052156141403936, 1.6218750774356374, 0.14731819798938087]",1.515069326673098e-05,0.3187988994203624,4.752429601945882e-05,19.85839742358295,19.611772365265004,18.5,50.97,31,0.014720623847097158
quality_4_6_line_3,line,ring,2,poor,53,"{""A"": 4, ""B"": 0, ""C"": 1, ""D"": 5}","[0.6057500688638608, 1.6208475001568403, 0.14735263642240456]",1.509522587977118e-05,0.31888047158154853,4.7338194794129374e-05,19.858171760282264,19.61142547632917,18.5,50.97,41,0.01911475509405136
quality_4_6_line_3,line,ring,2,random,41,"{""A"": 2, ""B"": 4, ""C"": 1, ""D"": 3}","[0.7263039638631337, 1.469226505254007, -0.2308326937923373]",0.0038465987385529503,0.4805924182610696,0.008003868959213135,19.51043058756897,18.69582351522112,18.5,21.64,68,0.031032785773277283
quality_4_6_line_3,line,ring,2,random,53,"{""A"": 2, ""B"": 4, ""C"": 1, ""D"": 3}","[0.7285122712486002, 1.4677511907431322, -0.23274253227387023]",0.003955906133616932,0.47669500885978655,0.008298610348531065,19.493635519960602,18.683543706273753,18.5,21.64,37,0.017471538856625557
quality_4_6_line_3,line,ring,3,deterministic,41,"{""A"": 0, ""B"": 1, ""C"": 2, ""D"": 3}","[0.3630635240771943, 1.6427631581684856, 0.024534389743397722, 0.9783941485780462, 0.21458104970146796]",0.0010927747560209589,0.25680099173693005,0.004255336977593958,19.678737812690848,18.81622079137005,18.5,31.529999999999998,200,0.13509252900257707
quality_4_6_line_3,line,ring,3,deterministic,53,"{""A"": 0, ""B"": 1, ""C"": 2, ""D"": 3}","[0.3678240345989649, 1.6312556561027733, 0.031084793869077094, 0.9873753836924467, 0.21900802383914625]",0.0011133435849523406,0.2593226931438338,0.004293274805436416,19.63926067648565,18.80293770588333,18.5,31.529999999999998,116,0.07738060224801302
quality_4_6_line_3,line,ring,3,poor,41,"{""A"": 4, ""B"": 0, ""C"": 1, ""D"": 5}","[0.6088095116286305, 1.6271036966697041, 0.15513578123731595, 1.3601698901123807, 0.012810813182971472]",2.1045151226175506e-05,0.31648204419826065,6.649714134490278e-05,19.85575824494236,19.603886759513266,18.5,50.97,114,0.07568695163354278
quality_4_6_line_3,line,ring,3,poor,53,"{""A"": 4, ""B"": 0, ""C"": 1, ""D"": 5}","[0.6076937730181752, 1.6248859116553678, 0.15358115249684495, 1.3674366005654206, 0.01072567650607855]",1.9756503570033957e-05,0.31569470771625413,6.258104138949035e-05,19.85542410276064,19.603721053697758,18.5,50.97,147,0.09729667194187641
quality_4_6_line_3,line,ring,3,random,41,"{""A"": 2, ""B"": 4, ""C"": 1, ""D"": 3}","[0.8154856702916049, 1.5754914078385707, -0.19764111972560988, 0.9722660318420481, 0.1653811699430722]",0.0037120242277244283,0.6081332819711678,0.006103964932970761,19.56996978617481,18.740752383613057,18.5,21.64,181,0.12050805101171136
quality_4_6_line_3,line,ring,3,random,53,"{""A"": 2, ""B"": 4, ""C"": 1, ""D"": 3}","[0.5700502520973529, 1.5572791659239142, 0.23738482492115676, 1.09240346825089, 0.30696810106251093]",0.0005120300747305683,0.3212681165709174,0.0015937780573925756,20.11264971804381,19.179956171765443,18.5,21.64,94,0.06240263534709811
quality_4_6_line_3,line,ring,4,deterministic,41,"{""A"": 0, ""B"": 1, ""C"": 2, ""D"": 3}","[0.1989784338958197, 1.6122169917144484, -0.017845847399186217, 1.0581198215477676, 0.25959666789048924, 0.9775499613125801, 0.16638798739386768]",0.0025962685655604905,0.2433533655826265,0.010668718549852855,20.02482073150393,18.83492830138806,18.5,31.529999999999998,200,0.17349547566846013
quality_4_6_line_3,line,ring,4,deterministic,53,"{""A"": 0, ""B"": 1, ""C"": 2, ""D"": 3}","[0.20451352778926704, 1.5646846742409057, -0.03371432015636493, 1.1002212409434307, 0.25022674409027573, 0.9786445075906969, 0.16167138234361886]",0.002056073162323177,0.24314464844036868,0.008456172798832665,20.16233018327449,18.969117032516465,18.5,31.529999999999998,145,0.12540056789293885
quality_4_6_line_3,line,ring,4,poor,41,"{""A"": 4, ""B"": 0, ""C"": 1, ""D"": 5}","[0.7562212044641455, 1.4841816582785028, 0.656222565549447, 1.2365344197853227, -0.10609438771714053, 0.7459947518665673, 0.08031185063241508]",0.0012437689478357011,0.5391510718188043,0.002306902485865227,18.74729437153841,18.653342636368436,18.5,50.97,90,0.07854365697130561
quality_4_6_line_3,line,ring,4,poor,53,"{""A"": 4, ""B"": 0, ""C"": 1, ""D"": 5}","[0.6201940588492426, 1.6090646678471443, 0.16083624032994268, 1.0511784353750802, -0.10326943043940039, 1.0881965778942344, 0.052279156053138605]",7.199321548777218e-06,0.3116846984088773,2.309809106936951e-05,19.775027255262643,19.396778759798934,18.5,50.97,160,0.13840469904243946
quality_4_6_line_3,line,ring,4,random,41,"{""A"": 2, ""B"": 4, ""C"": 1, ""D"": 3}","[0.8050144044564127, 1.6002454384237697, -0.1808531292108115, 0.98716389262381, 0.1797901391838455, 0.9419529382507236, -0.1016830235588877]",0.006785539895330614,0.677978805572068,0.010008483804453268,19.177369485175213,18.540097473186886,18.5,21.64,200,0.17397189000621438
quality_4_6_line_3,line,ring,4,random,53,"{""A"": 2, ""B"": 4, ""C"": 1, ""D"": 3}","[0.7783866349584585, 1.6936196083028772, 0.17669553161019638, 0.9851344490572496, -0.18513081994645839, 0.9374806705651768, 0.10353499411224115]",0.00601530934483536,0.6776085639241126,0.008877262869878711,19.249913903985398,18.55988000835189,18.5,21.64,200,0.17428126093000174
quality_4_6_line_3,line,ring,6,deterministic,41,"{""A"": 0, ""B"": 1, ""C"": 2, ""D"": 3}","[0.6464691680586955, 1.4741763743903917, 0.12879769480255074, 1.0651299396778862, 0.48575461316561525, 0.6966703190827309, 0.13482759588753665, 0.6551515201561817, 0.09658599093317538, 0.5729042467278377, 0.23890133512329328]",0.0004603897352972325,0.44654024747373655,0.001031015094164184,19.28391348218528,19.024320708236257,18.5,31.529999999999998,200,0.27273750212043524
quality_4_6_line_3,line,ring,6,deterministic,53,"{""A"": 0, ""B"": 1, ""C"": 2, ""D"": 3}","[0.41421976065965543, 1.6302257030458134, 0.039194799252983456, 1.0196291835683722, 0.2486566958755998, 0.7984195606566976, 0.008785430252768631, 0.6962791548943075, 0.1509115312377406, 0.3136864622734878, 0.0808710510550736]",0.0010702486954604848,0.32184723722232467,0.0033253313115165304,19.17044638084577,18.76592681960659,18.5,31.529999999999998,200,0.2626268449239433
quality_4_6_line_3,line,ring,6,poor,41,"{""A"": 4, ""B"": 0, ""C"": 1, ""D"": 5}","[0.6253595692132168, 1.6293500272299204, 0.17676239396104956, 1.3928823131876313, -0.005316153155180112, 0.734091133300171, 0.03289812067319234, 0.44927997940338055, -0.0666226982909026, 0.4911687095624117, 0.09790347146068377]",9.444569012606016e-06,0.3923278131765445,2.407315692491073e-05,19.89539801900727,19.706544101254035,18.5,50.97,200,0.26311107305809855
quality_4_6_line_3,line,ring,6,poor,53,"{""A"": 4, ""B"": 0, ""C"": 1, ""D"": 5}","[0.7660186470509188, 1.5266257837801955, 0.680952606532484, 1.2262103762840406, -0.0797535833716447, 0.7434626371526162, 0.0647437321368039, 0.6236063944380442, 0.0975666235878731, 0.458016077015487, -0.03629804100378149]",0.000744638763774881,0.6144152748133459,0.001211947023942554,18.76362605915009,18.698042936219203,18.5,50.97,188,0.24792275205254555
quality_4_6_line_3,line,ring,6,random,41,"{""A"": 2, ""B"": 4, ""C"": 1, ""D"": 3}","[0.1504764552563306, 1.3735967498987702, 0.16571848989908072, 1.2408543046106684, 0.1159750651965388, 1.1251053819044157, 0.23984958713048524, 0.8000298811320941, 0.13633952390811838, 0.7866840992287875, 0.07038487759117687]",0.00024629604846408454,0.35605478585832295,0.0006917363794741625,19.47118654475558,19.25535896975163,18.5,21.64,200,0.2634280389174819
quality_4_6_line_3,line,ring,6,random,53,"{""A"": 2, ""B"": 4, ""C"": 1, ""D"": 3}","[0.742952414437253, 1.580911886425048, -0.11160409157644854, 1.0813078342140152, 0.18927472742622892, 0.8259765631567099, -0.051064028909731336, 0.6415247402988202, 0.11131542364839889, 0.39863214470285857, 0.14860116935672005]",0.0033503379227962553,0.648048683240624,0.005169886166641984,19.43898238988398,18.684522818748018,18.5,21.64,200,0.26419137325137854
quality_4_6_line_3,line,token,1,deterministic,41,"{""A"": 0, ""B"": 1, ""C"": 2, ""D"": 3}",[0.6937914606531413],0.0,0.9999999999999999,0.0,27.860725386457737,27.860000000000067,18.5,31.529999999999998,14,0.002224045805633068
quality_4_6_line_3,line,token,1,deterministic,53,"{""A"": 0, ""B"": 1, ""C"": 2, ""D"": 3}",[0.6947556754309574],0.0,0.9999999999999999,0.0,27.860717236978854,27.860000000000063,18.5,31.529999999999998,15,0.0018630889244377613
quality_4_6_line_3,line,token,1,poor,41,"{""A"": 4, ""B"": 0, ""C"": 1, ""D"": 5}",[0.9532914606531413],0.0,1.0,0.0,35.33002946799225,35.3300000000001,18.5,50.97,16,0.0020210249349474907
quality_4_6_line_3,line,token,1,poor,53,"{""A"": 4, ""B"": 0, ""C"": 1, ""D"": 5}",[0.9536931754309578],0.0,1.0,0.0,35.330029690029924,35.3300000000001,18.5,50.97,16,0.00200100801885128
quality_4_6_line_3,line,token,1,random,41,"{""A"": 2, ""B"": 4, ""C"": 1, ""D"": 3}",[0.5460414606531414],0.0,1.0,0.0,18.790001394614922,18.79,18.5,21.64,13,0.0016736523248255253
quality_4_6_line_3,line,token,1,random,53,"{""A"": 2, ""B"": 4, ""C"": 1, ""D"": 3}",[0.5473181754309574],0.0,0.9999999999999999,0.0,18.790001404382526,18.79,18.5,21.64,14,0.0017172349616885185
quality_4_6_line_3,line,token,2,deterministic,41,"{""A"": 0, ""B"": 1, ""C"": 2, ""D"": 3}","[1.1001957233570303, 1.0947407292639735, 1.2030924795512097]",0.0008236875107378226,1.0,0.0008236875107378226,19.515994996235875,18.747772516896624,18.5,31.529999999999998,109,0.019279766362160444
quality_4_6_line_3,line,token,2,deterministic,53,"{""A"": 0, ""B"": 1, ""C"": 2, ""D"": 3}","[1.09994239654063, 1.5405117433800102, -1.1942660960680986]",0.00088566786848277,0.9999999999999998,0.0008856678684827702,19.497171449556426,18.73677706133186,18.5,31.529999999999998,113,0.019333436153829098
quality_4_6_line_3,line,token,2,poor,41,"{""A"": 4, ""B"": 0, ""C"": 1, ""D"": 5}","[1.032880590219121, 1.6612961199962317, 1.5695686855268733]",1.1703572137586616e-07,0.9999999999999998,1.1703572137586618e-07,20.560091596484448,20.559876563775095,18.5,50.97,71,0.012359490152448416
quality_4_6_line_3,line,token,2,poor,53,"{""A"": 4, ""B"": 0, ""C"": 1, ""D"": 5}","[1.0319417068936125, 2.078358867036996, 1.5651903885132326]",2.4369468429016083e-06,0.9999999999999999,2.4369468429016088e-06,20.559481828286106,20.557431303132333,18.5,50.97,72,0.012555288150906563
quality_4_6_line_3,line,token,2,random,41,"{""A"": 2, ""B"": 4, ""C"": 1, ""D"": 3}","[0.5749790218556022, 1.549421453510687, 0.4893693477887063]",0.01861897202330842,1.0,0.01861897202330842,18.526158824116376,18.500019199011717,18.5,21.64,67,0.011614230927079916
quality_4_6_line_3,line,token,2,random,53,"{""A"": 2, ""B"": 4, ""C"": 1, ""D"": 3}","[0.5742294519838196, 1.5514429511880754, 0.4885911336939324]",0.018567612843009194,1.0,0.018567612843009194,18.526334637780067,18.500019720385456,18.5,21.64,65,0.01121632382273674
quality_4_6_line_3,line,token,3,deterministic,41,"{""A"": 0, ""B"": 1, ""C"": 2, ""D"": 3}","[1.22137831232081, 1.6599804113626144, -0.5515550896099013, 1.5079977271358251, 0.8398833868648713]",0.04924570380500208,1.0,0.04924570380500208,18.502116694416053,18.500000000003357,18.5,31.529999999999998,200,0.04950717883184552
quality_4_6_line_3,line,token,3,deterministic,53,"{""A"": 0, ""B"": 1, ""C"": 2, ""D"": 3}","[1.2468121338658436, 1.8172140199483788, -0.5354186690539595, 1.1901792085883287, 0.9123302793109757]",0.03205650857305599,1.0,0.03205650857305599,18.511779671036173,18.50000001709774,18.5,31.529999999999998,136,0.03325098194181919
quality_4_6_line_3,line,token,3,poor,41,"{""A"": 4, ""B"": 0, ""C"": 1, ""D"": 5}","[0.9656832957101716, 1.6194473106791936, 1.7831073121696754, 1.60462901885727, 1.5841468738547906]",4.935786666760722e-06,0.9999999999999999,4.935786666760723e-06,19.399363509406104,19.397232320670874,18.5,50.97,112,0.02780029596760869
quality_4_6_line_3,line,token,3,poor,53,"{""A"": 4, ""B"": 0, ""C"": 1, ""D"": 5}","[0.9657388341286268, 1.6191095500638428, 1.7819380474966993, 1.0236704592393517, 1.584054370662106]",4.901768905018766e-06,1.0,4.901768905018766e-06,19.399427905331915,19.397491264706595,18.5,50.97,131,0.03219626098871231
quality_4_6_line_3,line,token,3,random,41,"{""A"": 2, ""B"": 4, ""C"": 1, ""D"": 3}","[0.5655490179819321, 1.5537520445019684, 0.48932083691051526, 0.9169357690585843, 0.06348942463046592]",0.027187079951647028,1.0000000000000002,0.02718707995164702,18.508514364249002,18.500000215483936,18.5,21.64,150,0.03686477802693844
quality_4_6_line_3,line,token,3,random,53,"{""A"": 2, ""B"": 4, ""C"": 1, ""D"": 3}","[0.5673704376885849, 1.5548276355511204, 0.4910328055463964, 0.9289160171663274, 0.06261728266679015]",0.027136507294835542,1.0,0.027136507294835542,18.508571208042724,18.500000221296293,18.5,21.64,112,0.02770904405042529
quality_4_6_line_3,line,token,4,deterministic,41,"{""A"": 0, ""B"": 1, ""C"": 2, ""D"": 3}","[1.618814055888493, 1.4512931714361876, 0.160558578990973, 1.339359627108996, 1.570417948573295, 0.4607752590499398, 1.017310067695962]",2.068693884083221e-07,0.9999999999999998,2.0686938840832216e-07,18.789992708059636,18.78996928565665,18.5,31.529999999999998,200,0.06127752270549536
quality_4_6_line_3,line,token,4,deterministic,53,"{""A"": 0, ""B"": 1, ""C"": 2, ""D"": 3}","[1.6328321988530987, 1.5980215263111734, 0.16376140074079942, 1.3423837562494056, 1.570612201959985, 0.7287939589457078, 1.0159412084366881]",4.4437449252019437e-07,0.9999999999999999,4.443744925201944e-07,18.789983927273042,18.78993402676608,18.5,31.529999999999998,200,0.06044436804950237
quality_4_6_line_3,line,token,4,poor,41,"{""A"": 4, ""B"": 0, ""C"": 1, ""D"": 5}","[1.2891435514647396, 2.189456955293946, 1.532311615060893, 1.2309426450059147, 1.5209796439136758, 0.33509761978232455, 0.46400402905557653]",9.91648366907175e-05,1.0,9.91648366907175e-05,19.37701221917124,19.311921549499537,18.5,50.97,155,0.04761479515582323
quality_4_6_line_3,line,token,4,poor,53,"{""A"": 4, ""B"": 0, ""C"": 1, ""D"": 5}","[1.2565164610391, 1.611446418365502, 1.6562536461749764, 0.9791524782217045, 1.5226003050222117, 0.9959463630326362, 0.46905030908823303]",4.160032624105527e-05,0.9999999999999999,4.160032624105528e-05,19.30053498086233,19.086820388661238,18.5,50.97,200,0.06061849510297179
quality_4_6_line_3,line,token,4,random,41,"{""A"": 2, ""B"": 4, ""C"": 1, ""D"": 3}","[0.5110299082813415, 1.5850626458833026, 0.21790597463959413, 0.885126224487488, -0.0288113656448903, 1.010261010367619, -0.41694907230684003]",0.010311725735554493,1.0,0.010311725735554493,18.576947829524215,18.50143744588154,18.5,21.64,200,0.061047420371323824
quality_4_6_line_3,line,token,4,random,53,"{""A"": 2, ""B"": 4, ""C"": 1, ""D"": 3}","[0.5181832546735229, 1.5221221979939645, 0.37795225513638464, 1.4361197331467788, -0.025178927825387956, 1.0635896568950869, 0.37912787523130664]",0.05608531020543519,1.0,0.05608531020543519,18.500179386330426,18.50000000000004,18.5,21.64,86,0.026508530136197805
quality_4_6_line_3,line,token,6,deterministic,41,"{""A"": 0, ""B"": 1, ""C"": 2, ""D"": 3}","[1.4038636140318634, 1.5501764102998288, -0.21189150621436628, 1.3105751231649685, 1.1610821752388887, 0.695002569767462, -0.3311628799018463, 0.6772610995261834, 0.8051741025782437, 0.9516382485758972, 0.5690337640597832]",0.006491054850085217,1.0,0.006491054850085217,18.62600868355496,18.51033594560337,18.5,31.529999999999998,200,0.08717627776786685
quality_4_6_line_3,line,token,6,deterministic,53,"{""A"": 0, ""B"": 1, ""C"": 2, ""D"": 3}","[1.4989241792594674, 1.1618834294505267, 0.14426797738371167, 1.1128819318928134, 1.429331092204194, 0.5394784178380764, 1.2098148356854994, 0.8727423173047053, -0.0911640420362381, 1.0217537940927508, 0.6087187058866129]",0.0665491593045382,1.0,0.0665491593045382,18.500043062947157,18.500000000000004,18.5,31.529999999999998,189,0.08139953901991248
quality_4_6_line_3,line,token,6,poor,41,"{""A"": 4, ""B"": 0, ""C"": 1, ""D"": 5}","[0.1806880937030387, 1.9540616755111702, 1.4775110118283263, 1.6012545565587615, 1.8847367990582804, 1.1025551302101944, 0.31231884298292, 0.453136173578508, 0.3980295280595704, 0.6150869720078427, 0.8609373522027274]",0.009597629434903845,0.9999999999999998,0.009597629434903847,18.58439229093468,18.502079570464762,18.5,50.97,200,0.08629905106499791
quality_4_6_line_3,line,token,6,poor,53,"{""A"": 4, ""B"": 0, ""C"": 1, ""D"": 5}","[1.5782777319323735, 2.1350258889639333, 1.6792970365068474, 0.9153487918769484, 0.5497481357592501, 0.6890065213245867, 0.32797346238818637, 1.0697298399262936, 0.43918048498966095, 0.9572759813968154, 2.1013823776486147]",0.21562182977036526,0.9999999999999998,0.21562182977036531,18.50000000000001,18.5,18.5,50.97,200,0.08659214992076159
quality_4_6_line_3,line,token,6,random,41,"{""A"": 2, ""B"": 4, ""C"": 1, ""D"": 3}","[0.5667172674142229, 1.559018798606271, 0.40773868815325753, 0.9191544455116277, 0.2021857631142818, 1.0042443631500477, 0.011614093113456847, 0.5165264037822593, 0.3704702197743101, 0.5981596971753635, 0.31593077226624255]",0.15528353128515773,1.0,0.15528353128515773,18.500000000120615,18.5,18.5,21.64,128,0.05551202595233917
quality_4_6_line_3,line,token,6,random,53,"{""A"": 2, ""B"": 4, ""C"": 1, ""D"": 3}","[0.5669250058910342, 1.5578595368973056, 0.36985930735445965, 1.206121400422161, 0.13813212273739697, 0.6793941925181569, -0.043409504632396144, 0.5481564964595167, 0.4116755672571574, 0.5404621683473657, 0.26957627015321795]",0.1383711256879681,1.0,0.1383711256879681,18.500000001525414,18.5,18.5,21.64,155,0.06660864362493157
quality_4_6_scatter_0,scatter,complete,1,deterministic,41,"{""A"": 0, ""B"": 1, ""C"": 2, ""D"": 3}",[0.4334164606531416],0.0004182768575615962,0.35638310473149404,0.0011736719614605022,36.405596384229604,34.71910132584747,31.11,45.980000000000004,14,0.0060930619947612286
quality_4_6_scatter_0,scatter,complete,1,deterministic,53,"{""A"": 0, ""B"": 1, ""C"": 2, ""D"": 3}",[0.43025567543095755],0.00045330175005199456,0.35456024754244236,0.0012784900540710855,36.360802319257786,34.60997174013415,31.11,45.980000000000004,14,0.005552326794713736
quality_4_6_scatter_0,scatter,complete,1,poor,41,"{""A"": 3, ""B"": 4, ""C"": 2, ""D"": 1}",[0.4000414606531415],9.943265458013114e-05,0.3359899190641412,0.00029593939858995954,35.00535510182392,32.928771911488944,31.11,74.55,12,0.004879883024841547
quality_4_6_scatter_0,scatter,complete,1,poor,53,"{""A"": 3, ""B"": 4, ""C"": 2, ""D"": 1}",[0.4004431754309576],9.961851247652062e-05,0.3359575703892917,0.00029652111235679976,35.01079763566727,32.9311121589597,31.11,74.55,15,0.005887486040592194
quality_4_6_scatter_0,scatter,complete,1,random,41,"{""A"": 1, ""B"": 0, ""C"": 4, ""D"": 5}",[0.1517289606531415],0.00011588674873608958,0.42924239175549095,0.0002699797386323904,33.60444457340989,31.73632148312145,31.11,36.209999999999994,16,0.006083054002374411
quality_4_6_scatter_0,scatter,complete,1,random,53,"{""A"": 1, ""B"": 0, ""C"": 4, ""D"": 5}",[0.15413067543095751],0.00012275457293951046,0.4213545796430574,0.00029133318793757903,33.55600160059488,31.71419402275027,31.11,36.209999999999994,14,0.005408857949078083
quality_4_6_scatter_0,scatter,complete,2,deterministic,41,"{""A"": 0, ""B"": 1, ""C"": 2, ""D"": 3}","[0.1604894260783573, 1.4596192191377038, 0.254461603298034]",0.0038447725365885104,0.26724289217995034,0.014386809337475659,33.80178526211831,31.429813690793353,31.11,45.980000000000004,35,0.025631363037973642
quality_4_6_scatter_0,scatter,complete,2,deterministic,53,"{""A"": 0, ""B"": 1, ""C"": 2, ""D"": 3}","[0.18827441575674503, 1.5932746332645333, 0.2940258821290309]",0.0023681807582118476,0.2605388571286211,0.009089549191669093,33.69247254240699,31.473704045214216,31.11,45.980000000000004,37,0.026411598082631826
quality_4_6_scatter_0,scatter,complete,2,poor,41,"{""A"": 3, ""B"": 4, ""C"": 2, ""D"": 1}","[0.3545175465816519, 1.6226334171394898, 0.3671672675067704]",0.00010101187794864281,0.285989076596985,0.00035320187452819556,34.058337458985385,32.50197488841624,31.11,74.55,35,0.024806374218314886
quality_4_6_scatter_0,scatter,complete,2,poor,53,"{""A"": 3, ""B"": 4, ""C"": 2, ""D"": 1}","[0.3550865098255214, 1.622429560722132, 0.3673355157009733]",0.00010287822445908688,0.2853865888809693,0.0003604872424541152,34.06279367161841,32.499469720391716,31.11,74.55,34,0.024181791115552187
quality_4_6_scatter_0,scatter,complete,2,random,41,"{""A"": 1, ""B"": 0, ""C"": 4, ""D"": 5}","[0.3404048359916488, 1.7434486478399533, 0.04951380653744757]",0.0008033702428987533,0.2924347287055962,0.002747177964993114,33.00771557278339,31.90079355074678,31.11,36.209999999999994,41,0.028829559218138456
quality_4_6_scatter_0,scatter,complete,2,random,53,"{""A"": 1, ""B"": 0, ""C"": 4, ""D"": 5}","[0.10082542107637282, 1.8828696114041428, -0.09905261657645703]",0.00035456904199382156,0.5309835324038039,0.0006677590176641822,33.96364778831196,32.254731937162056,31.11,36.209999999999994,37,0.025917209219187498
quality_4_6_scatter_0,scatter,complete,3,deterministic,41,"{""A"": 0, ""B"": 1, ""C"": 2, ""D"": 3}","[0.40108551537335163, 1.7239564656777109, 0.16317389205832009, 1.0390925212773428, 0.14935073218587225]",7.422821300096644e-05,0.26811733984018316,0.0002768497294699839,34.88944259617802,32.67773155801716,31.11,45.980000000000004,62,0.0646226336248219
quality_4_6_scatter_0,scatter,complete,3,deterministic,53,"{""A"": 0, ""B"": 1, ""C"": 2, ""D"": 3}","[0.4590806334781333, 1.5820820412867476, 0.45736734029567977, 1.2419018904061563, 0.1137391986203387]",0.0012291393125741295,0.24846284079267666,0.004946974399281511,34.36063289936755,32.24012606721541,31.11,45.980000000000004,200,0.20058427471667528
quality_4_6_scatter_0,scatter,complete,3,poor,41,"{""A"": 3, ""B"": 4, ""C"": 2, ""D"": 1}","[0.7020576541710769, 1.4546025446138287, 0.1349100375431167, 1.0727434423968543, 0.0764955734607985]",9.648381829845006e-05,0.2701160787514874,0.0003571939099086998,35.829656964292816,34.13179711966948,31.11,74.55,71,0.07249607890844345
quality_4_6_scatter_0,scatter,complete,3,poor,53,"{""A"": 3, ""B"": 4, ""C"": 2, ""D"": 1}","[0.33679091680878076, 1.5012469443826975, 0.17552943716534755, 0.9083769041365541, -0.06919607310499956]",7.187515888089115e-05,0.29897201952032426,0.00024040764415415484,34.21215804253669,32.848411555218775,31.11,74.55,200,0.2013071528635919
quality_4_6_scatter_0,scatter,complete,3,random,41,"{""A"": 1, ""B"": 0, ""C"": 4, ""D"": 5}","[0.35487459135012706, 1.7439669159098334, 0.02674653547357928, 1.0689020556553988, 0.05554480671046165]",0.0008429588194414729,0.2988484293167061,0.0028206901450639485,33.49604831095876,32.43469359933691,31.11,36.209999999999994,105,0.10637675411999226
quality_4_6_scatter_0,scatter,complete,3,random,53,"{""A"": 1, ""B"": 0, ""C"": 4, ""D"": 5}","[0.06080293027423647, 1.5166499988544615, -0.05558735175875646, 0.46426439691026616, 0.15125872379034117]",0.0002609655911296721,0.30346954683289973,0.0008599399638388372,32.915520265887935,31.505195692624056,31.11,36.209999999999994,142,0.1430898467078805
quality_4_6_scatter_0,scatter,complete,4,deterministic,41,"{""A"": 0, ""B"": 1, ""C"": 2, ""D"": 3}","[0.5008309582120049, 1.6022019366415037, 0.21823968043019654, 1.1535392839323846, 0.13193438663791948, 0.7168870553291441, 0.3804798362886636]",0.0004976065417579172,0.2912478896917642,0.0017085326945529054,32.95276961388929,31.563111136488597,31.11,45.980000000000004,200,0.26593803195282817
quality_4_6_scatter_0,scatter,complete,4,deterministic,53,"{""A"": 0, ""B"": 1, ""C"": 2, ""D"": 3}","[0.581531133941983, 1.496374105812772, 0.2561509556001288, 1.0967736378537907, 0.06997889740600786, 0.8424051024441097, 0.30217687115150904]",0.0033494066009890217,0.25337314199882044,0.0132192645777926,32.639815662145864,31.348203097794034,31.11,45.980000000000004,200,0.2642610128968954
quality_4_6_scatter_0,scatter,complete,4,poor,41,"{""A"": 3, ""B"": 4, ""C"": 2, ""D"": 1}","[0.4176372550957115, 1.5820545637944696, 0.44685331817271706, 1.134838157751625, 0.4037799787239176, 0.7927986142754035, 0.12144835416365347]",0.0016754726066170321,0.2738723064764115,0.006117714595438075,32.48973733280847,31.271708841511263,31.11,74.55,89,0.1185657144524157
quality_4_6_scatter_0,scatter,complete,4,poor,53,"{""A"": 3, ""B"": 4, ""C"": 2, ""D"": 1}","[0.6060767125497153, 1.6283719125754559, 0.15923815701004737, 1.0663373863822563, 0.14024518239674869, 0.7672096139647269, 0.16485645493524906]",0.00048494148448555087,0.25455264307689995,0.0019050734599485215,34.453771963355884,32.406685587758744,31.11,74.55,100,0.13305762689560652
quality_4_6_scatter_0,scatter,complete,4,random,41,"{""A"": 1, ""B"": 0, ""C"": 4, ""D"": 5}","[0.06778376756715455, 1.7910592475206109, 0.04237872992668921, 1.059878327822959, 0.07122381653409918, 0.9647963822248931, 0.13237505901414473]",5.195376440500763e-05,0.34255054905602705,0.00015166743871284863,32.18461995767568,31.40718820798432,31.11,36.209999999999994,169,0.22402850072830915
quality_4_6_scatter_0,scatter,complete,4,random,53,"{""A"": 1, ""B"": 0, ""C"": 4, ""D"": 5}","[0.07852170543589766, 1.5559477649286673, 0.027316631113574907, 1.082050806388227, 0.055272553429224325, 0.8492507231972448, 0.13060550320980874]",4.6820488320056675e-05,0.3383937240226715,0.0001383609830687044,33.499445609004084,31.775623081451144,31.11,36.209999999999994,200,0.26347491703927517
quality_4_6_scatter_0,scatter,complete,5,deterministic,41,"{""A"": 0, ""B"": 1, ""C"": 2, ""D"": 3}","[0.4948976264402674, 1.5517185995841332, 0.5229502191919523, 1.225936426296324, 0.0459837089347839, 0.806389699376797, -0.03764845362976556, 0.635155126157304, 0.09123684356785987]",0.00017958128509239292,0.2461293580118954,0.0007296215556850141,35.36483852385839,34.09545276502523,31.11,45.980000000000004,200,0.3418346280232072
quality_4_6_scatter_0,scatter,complete,5,deterministic,53,"{""A"": 0, ""B"": 1, ""C"": 2, ""D"": 3}","[0.5530303303870081, 1.6913889715429788, 0.22473787394134961, 0.9668170598175271, 0.2284205224154613, 0.8009714336782835, 0.17029457533047274, 0.7037048876655377, -0.0002878887042445969]",0.0003707677360886539,0.2725572454941148,0.0013603297737196265,33.067266872557255,31.53312943995522,31.11,45.980000000000004,112,0.1919203558936715
quality_4_6_scatter_0,scatter,complete,5,poor,41,"{""A"": 3, ""B"": 4, ""C"": 2, ""D"": 1}","[0.3671936288520277, 1.5174459076003723, 0.39895823753369886, 1.2756511738557816, 0.2162964736071857, 0.8319966764229599, 0.14146374001249107, 0.812291402723399, 0.04373945177442864]",0.0005701066634530961,0.2654076559990535,0.0021480415148805248,34.00179982679568,32.37783565610021,31.11,74.55,103,0.17699821293354034
quality_4_6_scatter_0,scatter,complete,5,poor,53,"{""A"": 3, ""B"": 4, ""C"": 2, ""D"": 1}","[0.6439400400911558, 1.5869554391958078, 0.07602914834870318, 1.1169094836556668, 0.157353782870576, 0.7571225411401639, 0.12983071122651219, 0.838711687958906, 0.12120510894975509]",5.851202145916277e-05,0.2546805456065748,0.00022974672572576832,34.068904466358184,32.126938591994836,31.11,74.55,200,0.3408582550473511
quality_4_6_scatter_0,scatter,complete,5,random,41,"{""A"": 1, ""B"": 0, ""C"": 4, ""D"": 5}","[0.06414155688730602, 1.877556694624673, -0.09603688721916248, 1.099281626154272, -0.07438584960076747, 0.8264566256203587, -0.035856184654190354, 0.5959172941307201, 0.11004782432486807]",0.0001666676377000596,0.21369877238138682,0.0007799185547149936,34.02061634142577,32.80074969943639,31.11,36.209999999999994,200,0.3408978898078203
quality_4_6_scatter_0,scatter,complete,5,random,53,"{""A"": 1, ""B"": 0, ""C"": 4, ""D"": 5}","[0.31226126435175083, 1.8255211776528177, -0.04399892340531514, 0.9820879499098238, 0.04727494483856096, 0.8997739919651627, -0.13202787931728727, 0.8867355118114112, 0.018938468326320256]",0.005839149406298752,0.2665138465428848,0.021909365993707096,32.50832302696534,31.159815976831144,31.11,36.209999999999994,184,0.31491522723808885
quality_4_6_scatter_0,scatter,complete,6,deterministic,41,"{""A"": 0, ""B"": 1, ""C"": 2, ""D"": 3}","[0.3788821425082344, 1.5409994218323737, 0.22358193746353647, 1.0297073107003638, 0.1650130655605015, 0.788089618405118, 0.2931305271675511, 0.5808283141899891, 0.03793891750820804, 0.5389799732385756, 0.09655320543174029]",2.51908059636019e-05,0.27224696029000706,9.252924600799129e-05,34.26308221615261,32.7819830871578,31.11,45.980000000000004,126,0.25002992898225784
quality_4_6_scatter_0,scatter,complete,6,deterministic,53,"{""A"": 0, ""B"": 1, ""C"": 2, ""D"": 3}","[0.3149075595535653, 1.5075391472195125, 0.12590157150952896, 1.0889029170764475, 0.1593046527945693, 0.7336264381114362, 0.20026522289892698, 0.7112760253757012, 0.0739185592973171, 0.5607334455559049, 0.31969931312316074]",0.0007465556834766645,0.27403533530646923,0.002724304450160593,34.046751778407526,32.2756094471422,31.11,45.980000000000004,135,0.26783100701868534
quality_4_6_scatter_0,scatter,complete,6,poor,41,"{""A"": 3, ""B"": 4, ""C"": 2, ""D"": 1}","[0.39349497616212753, 1.5737200723695228, 0.4313872532712168, 1.0808726675157772, 0.12767091342023001, 0.6701180675421827, 0.11199064055441917, 0.6847149031919663, 0.07798947390269383, 0.5298046465848569, 0.3365452564325294]",0.0008307579882154606,0.2684344808438135,0.003094825916566325,34.256435185936205,32.66255443174058,31.11,74.55,200,0.3965394967235625
quality_4_6_scatter_0,scatter,complete,6,poor,53,"{""A"": 3, ""B"": 4, ""C"": 2, ""D"": 1}","[0.5965262824492005, 1.6598581944060102, 0.16453033392114, 1.090604737739878, 0.1339659780566546, 0.8447926932291405, 0.14520459006830364, 0.5790843118051001, 0.11230983111587911, 0.4712731490290947, 0.21222126468968866]",0.0006202329883258038,0.28372361180560346,0.0021860464287010543,33.272551550049265,31.75981195221041,31.11,74.55,200,0.3952699131332338
quality_4_6_scatter_0,scatter,complete,6,random,41,"{""A"": 1, ""B"": 0, ""C"": 4, ""D"": 5}","[0.32987525360500314, 1.767929070929884, 0.033768983173934224, 1.102577980447175, -0.007174696401843152, 0.7267888735325863, -0.06597128286024, 0.8560698614659805, -0.030232350677033466, 0.41504547735932634, 0.09901865242346583]",0.0035160212652717033,0.27839740232549837,0.012629504571169885,32.569670802055526,31.35803372794928,31.11,36.209999999999994,200,0.39507807418704033
quality_4_6_scatter_0,scatter,complete,6,random,53,"{""A"": 1, ""B"": 0, ""C"": 4, ""D"": 5}","[0.386059794824692, 1.8316528153184166, 0.2599906738704893, 1.000445655898818, 0.06891015626621001, 0.8836510696622843, 0.03506444375326138, 0.6586236217942517, 0.069244108120182, 0.5466782130578901, 0.04875670319446113]",0.000856907093888747,0.2979805421152837,0.002875714930262876,33.365895787071665,31.988690383096184,31.11,36.209999999999994,200,0.3958307169377804
quality_4_6_scatter_0,scatter,random_token,3,deterministic,41,"{""A"": 0, ""B"": 1, ""C"": 2, ""D"": 3}","[0.7004599450679673, 1.5912011444764258, 1.211276184429906, 0.6272241038913675, 0.2699852392155152]",0.001133769214170338,1.0000000000000007,0.0011337692141703372,31.845499261427058,31.27857269399072,31.11,45.980000000000004,165,0.04422032134607434
quality_4_6_scatter_0,scatter,random_token,3,deterministic,53,"{""A"": 0, ""B"": 1, ""C"": 2, ""D"": 3}","[0.6996351108442559, 1.5920198960729453, 1.2122801136908985, 0.6281576656901172, 0.26695997143846956]",0.0010967353227201667,1.0,0.0010967353227201667,31.859712929827957,31.28186621478513,31.11,45.980000000000004,200,0.05288898991420865
quality_4_6_scatter_0,scatter,random_token,3,poor,41,"{""A"": 3, ""B"": 4, ""C"": 2, ""D"": 1}","[1.1191028848411613, 1.9627872356202434, 1.8377611383779808, 0.6651218743669542, 0.21762720905204685]",0.0,1.0000000000000009,0.0,33.33098633161121,33.33000000001595,31.11,74.55,200,0.052994627971202135
quality_4_6_scatter_0,scatter,random_token,3,poor,53,"{""A"": 3, ""B"": 4, ""C"": 2, ""D"": 1}","[1.1135117497056068, 1.9727939254768467, 1.8365005979608862, 0.6661461949857516, 0.2183900877914405]",0.0,0.9999999999999991,0.0,33.330803879993745,33.33000000000704,31.11,74.55,200,0.0527397389523685
quality_4_6_scatter_0,scatter,random_token,3,random,41,"{""A"": 1, ""B"": 0, ""C"": 4, ""D"": 5}","[0.39678630169855006, 1.405179377795038, 0.22152482588895778, 1.2803216202487322, 0.8443606065704353]",0.2461113331250946,0.9999999999999992,0.24611133312509478,31.11,31.11,31.11,36.209999999999994,104,0.027618614956736565
quality_4_6_scatter_0,scatter,random_token,3,random,53,"{""A"": 1, ""B"": 0, ""C"": 4, ""D"": 5}","[0.5544734827729694, 1.5613634780792076, 0.11832184067885089, 1.0162738696191185, 0.3379658057925435]",0.10211156577942,0.9999999999999998,0.10211156577942003,31.110000308734783,31.11,31.11,36.209999999999994,36,0.00993745168671012
quality_4_6_scatter_0,scatter,ring,1,deterministic,41,"{""A"": 0, ""B"": 1, ""C"": 2, ""D"": 3}",[0.40729146065314153],0.00017034143231726466,0.29617757825394697,0.0005751327744709001,36.360269483861934,34.58366807184893,31.11,45.980000000000004,14,0.0044327350333333015
quality_4_6_scatter_0,scatter,ring,1,deterministic,53,"{""A"": 0, ""B"": 1, ""C"": 2, ""D"": 3}",[0.40725567543095753],0.0001702589431387589,0.29615982400489754,0.0005748887233804656,36.36033322951927,34.583844256198965,31.11,45.980000000000004,15,0.004098576959222555
quality_4_6_scatter_0,scatter,ring,1,poor,41,"{""A"": 3, ""B"": 4, ""C"": 2, ""D"": 1}",[0.3970414606531415],0.0,0.3399818161281616,0.0,35.643797682762695,34.56102212102169,31.11,74.55,11,0.003232861403375864
quality_4_6_scatter_0,scatter,ring,1,poor,53,"{""A"": 3, ""B"": 4, ""C"": 2, ""D"": 1}",[0.3964431754309576],0.0,0.33935850162533354,0.0,35.6499942550653,34.56269932342993,31.11,74.55,15,0.004100771155208349
quality_4_6_scatter_0,scatter,ring,1,random,41,"{""A"": 1, ""B"": 0, ""C"": 4, ""D"": 5}",[0.23185396065314148],0.0007093768489289748,0.38422609147753467,0.0018462485100922705,32.316577865757495,31.331096058839353,31.11,36.209999999999994,16,0.004244920797646046
quality_4_6_scatter_0,scatter,ring,1,random,53,"{""A"": 1, ""B"": 0, ""C"": 4, ""D"": 5}",[0.23025567543095754],0.0006811823468177555,0.38731518555633465,0.0017587287362340668,32.32907733354476,31.334713144568337,31.11,36.209999999999994,15,0.004003838635981083
quality_4_6_scatter_0,scatter,ring,2,deterministic,41,"{""A"": 0, ""B"": 1, ""C"": 2, ""D"": 3}","[0.6083759001889587, 1.495193074380796, 0.5849315917809841]",0.00012026376014464226,0.3440763439581883,0.0003495263834797563,33.32492889311507,32.53378140228422,31.11,45.980000000000004,58,0.026898943819105625
quality_4_6_scatter_0,scatter,ring,2,deterministic,53,"{""A"": 0, ""B"": 1, ""C"": 2, ""D"": 3}","[0.6100582424094044, 1.502557433204732, 0.5845232340969311]",0.00012001860205594793,0.3445104926586757,0.00034837430096753695,33.339081293047,32.541784112921164,31.11,45.980000000000004,51,0.02300509111955762
quality_4_6_scatter_0,scatter,ring,2,poor,41,"{""A"": 3, ""B"": 4, ""C"": 2, ""D"": 1}","[0.6542199743059741, 0.96732091374003, 0.579483894007367]",0.01699886201379877,0.5339624296818827,0.03183531475037698,31.14473791369587,31.11004621466424,31.11,74.55,38,0.01729309419170022
quality_4_6_scatter_0,scatter,ring,2,poor,53,"{""A"": 3, ""B"": 4, ""C"": 2, ""D"": 1}","[0.7260422183166041, 1.6709537748791043, 0.2664520769472911]",0.0006752868790887277,0.429353323728735,0.001572799933686721,33.922682736597395,32.72550269491565,31.11,74.55,37,0.01686481013894081
quality_4_6_scatter_0,scatter,ring,2,random,41,"{""A"": 1, ""B"": 0, ""C"": 4, ""D"": 5}","[0.18344913834832316, 1.9540462314685758, 0.14869687390424788]",2.3035896141412255e-05,0.311709741331676,7.390175245405891e-05,32.91620584371493,31.468555135675075,31.11,36.209999999999994,44,0.019812656100839376
quality_4_6_scatter_0,scatter,ring,2,random,53,"{""A"": 1, ""B"": 0, ""C"": 4, ""D"": 5}","[0.18185670739338222, 1.9546179149193652, 0.14996912625514963]",2.0742378752931276e-05,0.3129800807997811,6.627379831945452e-05,32.8642030081945,31.460879283688197,31.11,36.209999999999994,35,0.016013741958886385
quality_4_6_scatter_0,scatter,ring,3,deterministic,41,"{""A"": 0, ""B"": 1, ""C"": 2, ""D"": 3}","[0.6358230116319891, 1.5248066042338808, 0.5549730735028694, 1.1894004712516106, 0.12836160990989656]",0.00014075951579109065,0.34004193827354445,0.0004139475163144659,33.399905446863634,32.648204272524914,31.11,45.980000000000004,200,0.13163805240765214
quality_4_6_scatter_0,scatter,ring,3,deterministic,53,"{""A"": 0, ""B"": 1, ""C"": 2, ""D"": 3}","[0.5977137676994672, 1.2302032604493351, 0.6364031291696067, 1.2238017437640425, 0.1497932520354541]",4.5112768300362855e-05,0.3533572348428405,0.00012766900986314105,32.99345060162351,32.737446742279964,31.11,45.980000000000004,84,0.055277415085583925
quality_4_6_scatter_0,scatter,ring,3,poor,41,"{""A"": 3, ""B"": 4, ""C"": 2, ""D"": 1}","[0.66806156815101, 0.9880515948616613, 0.537895543749568, 0.8381052461102243, 0.12195461574082342]",0.020014776296071086,0.44478708486031,0.04499855543772575,31.154783780797157,31.11000958584689,31.11,74.55,92,0.0608908268623054
quality_4_6_scatter_0,scatter,ring,3,poor,53,"{""A"": 3, ""B"": 4, ""C"": 2, ""D"": 1}","[0.26093770562849533, 1.5242065011073849, 0.25331928148205035, 0.6893549160719299, 0.6611727826890977]",9.743468100394779e-05,0.2864551857069991,0.00034013935116402087,33.231691810950295,32.34035173763265,31.11,74.55,178,0.11643132520839572
quality_4_6_scatter_0,scatter,ring,3,random,41,"{""A"": 1, ""B"": 0, ""C"": 4, ""D"": 5}","[0.1844858486394819, 1.9412364668657092, 0.15123148512679632, 1.158708449721273, 0.0974045242152844]",0.0006336367952033925,0.2640518685807365,0.0023996679084649303,32.28770293409554,31.33542008502112,31.11,36.209999999999994,67,0.0447094701230526
quality_4_6_scatter_0,scatter,ring,3,random,53,"{""A"": 1, ""B"": 0, ""C"": 4, ""D"": 5}","[0.1843403463178493, 1.941256587240483, 0.15153658729237093, 1.15901280524999, 0.09836258740947722]",0.0006519459743809089,0.26393515626743536,0.002470099033416818,32.26614962068102,31.332648283485803,31.11,36.209999999999994,56,0.037460627034306526
quality_4_6_scatter_0,scatter,ring,4,deterministic,41,"{""A"": 0, ""B"": 1, ""C"": 2, ""D"": 3}","[0.5968495291392338, 1.5158503976138524, 0.5884724205904559, 0.8899124658220567, 0.04421538818796114, 0.7481285801549297, -0.07764913403366416]",0.00013439114264286446,0.32584928859141327,0.0004124334388570027,32.92042007360847,32.63525140268445,31.11,45.980000000000004,130,0.1187458923086524
quality_4_6_scatter_0,scatter,ring,4,deterministic,53,"{""A"": 0, ""B"": 1, ""C"": 2, ""D"": 3}","[0.4664011670608108, 1.6125778257327297, 0.7440286683942736, 0.9805393815817464, -0.05692314140015039, 0.6800833736600699, -0.16004253758063233]",4.440447556267724e-05,0.3108622261725875,0.00014284294399289393,32.61314957808436,31.939874853026687,31.11,45.980000000000004,171,0.15457812091335654
quality_4_6_scatter_0,scatter,ring,4,poor,41,"{""A"": 3, ""B"": 4, ""C"": 2, ""D"": 1}","[0.41526142977609715, 1.5437117253708608, 0.31010500400641033, 0.9783325283830822, 0.5339765207656102, 0.9792155189169278, 0.08795702844240226]",0.002872223906713922,0.27175592564042417,0.010569130737242234,32.10076483970191,31.191764300871927,31.11,74.55,200,0.1806069198064506
quality_4_6_scatter_0,scatter,ring,4,poor,53,"{""A"": 3, ""B"": 4, ""C"": 2, ""D"": 1}","[0.716332174172086, 1.645652043600462, 0.1905026075892407, 1.241978785296995, -0.2765620172766292, 0.8985016327396427, 0.7252105527155129]",0.0020759019912099026,0.36774548076899904,0.005644942221639128,32.07611852344791,31.216341239108527,31.11,74.55,143,0.12993960175663233
quality_4_6_scatter_0,scatter,ring,4,random,41,"{""A"": 1, ""B"": 0, ""C"": 4, ""D"": 5}","[-0.1135914236244413, 1.4939086754211326, 0.21018234058137406, 0.9940648661271967, 0.13688202642050595, 1.0952919336763398, -0.009762396540723332]",0.00036784018258297725,0.30972511181185136,0.0011876343523815694,32.47817842022437,31.387337577242178,31.11,36.209999999999994,79,0.07207239419221878
quality_4_6_scatter_0,scatter,ring,4,random,53,"{""A"": 1, ""B"": 0, ""C"": 4, ""D"": 5}","[0.1681229289769137, 1.5344744112614421, 0.10982445817732396, 1.3639449046981444, 0.10185793691221795, 0.6800507410965343, 0.20359936814400226]",0.0033361054158319117,0.30825466063418333,0.010822562776401897,32.367601805715616,31.18553835107416,31.11,36.209999999999994,193,0.17435443820431828
quality_4_6_scatter_0,scatter,ring,6,deterministic,41,"{""A"": 0, ""B"": 1, ""C"": 2, ""D"": 3}","[0.6847423071705854, 1.4723918590345206, 0.5527836868523414, 1.305286592804466, -0.01867345757981879, 0.7339335729362281, -0.046332722013210245, 0.49674168093090765, -0.16053639541744472, 0.3893893588240504, 0.0903667607054417]",0.0001952303314006603,0.28128265412297815,0.000694071705236771,33.26567742201893,32.53748640878732,31.11,45.980000000000004,192,0.24818952195346355
quality_4_6_scatter_0,scatter,ring,6,deterministic,53,"{""A"": 0, ""B"": 1, ""C"": 2, ""D"": 3}","[0.6122819024711451, 1.5028259736614742, 0.5694575329749765, 1.0836550346022136, -0.0074594582724304675, 0.7034116021031116, -0.12033679895329592, 0.5882680846293193, 0.020284524649572897, 0.49229945094246075, -0.024355666777108976]",5.6143080367493565e-05,0.31438798899405174,0.0001785789608156939,32.932253385312606,32.43247900017398,31.11,45.980000000000004,200,0.2573599540628493
quality_4_6_scatter_0,scatter,ring,6,poor,41,"{""A"": 3, ""B"": 4, ""C"": 2, ""D"": 1}","[0.6192706965908212, 1.721691933081103, 0.3202939518101092, 1.1340581269606747, 0.04344651545240881, 0.7441420259041328, 0.37661278120335284, 0.604319064839765, 0.011829857587509698, 0.4553414824164578, 0.08878467532765293]",0.005337353406762518,0.29319335117811535,0.018204210243226385,32.20995859691352,31.149412014776654,31.11,74.55,200,0.2577332151122391
quality_4_6_scatter_0,scatter,ring,6,poor,53,"{""A"": 3, ""B"": 4, ""C"": 2, ""D"": 1}","[0.2081509637010085, 1.8444172228408386, 0.21855257665496713, 1.0443482157774155, 0.07831388269961326, 0.8193627769814584, 0.18416346418169052, 0.6480165113070117, 0.031864421069690355, 0.6663192073465254, 0.1435748171851196]",1.6850846262912954e-06,0.23798436425525837,7.0806526788621265e-06,36.47032182487989,34.28075010245852,31.11,74.55,200,0.2570501221343875
quality_4_6_scatter_0,scatter,ring,6,random,41,"{""A"": 1, ""B"": 0, ""C"": 4, ""D"": 5}","[-0.04789842089369615, 1.5683691652682548, 0.1587562942394984, 1.1679551791669096, 0.0074674469692787415, 0.6713822880241688, 0.08071655765668481, 0.591758014037107, -0.17166090062173925, 0.5736154713031603, 0.1830371251073156]",0.0004931434312998585,0.2659998294682816,0.0018539238626040623,31.509957774878586,31.343048497212937,31.11,36.209999999999994,200,0.2573307887651026
quality_4_6_scatter_0,scatter,ring,6,random,53,"{""A"": 1, ""B"": 0, ""C"": 4, ""D"": 5}","[-0.006976789466827524, 1.8153186847194753, 0.17007548984800455, 1.0566077916749557, 0.17482305481504884, 0.9401324302972057, 0.10735514413971847, 0.6323372456228495, -0.03703356192492332, 0.6945461727821287, 0.0598748063075459]",0.001216227849570279,0.26037595616816306,0.004671045158965376,31.80832795614016,31.271557057053432,31.11,36.209999999999994,200,0.25756680173799396
quality_4_6_scatter_0,scatter,token,1,deterministic,41,"{""A"": 0, ""B"": 1, ""C"": 2, ""D"": 3}",[0.9131039606531413],0.0,1.0,0.0,36.87011080189098,36.87000000000004,31.11,45.980000000000004,16,0.0024030529893934727
quality_4_6_scatter_0,scatter,token,1,deterministic,53,"{""A"": 0, ""B"": 1, ""C"": 2, ""D"": 3}",[0.9099431754309575],0.0,1.0,0.0,36.870105555381976,36.870000000000026,31.11,45.980000000000004,16,0.001970910932868719
quality_4_6_scatter_0,scatter,token,1,poor,41,"{""A"": 3, ""B"": 4, ""C"": 2, ""D"": 1}",[0.6704789606531415],0.0,1.0,0.0,49.090238147060965,49.09000000000005,31.11,74.55,14,0.0018225428648293018
quality_4_6_scatter_0,scatter,token,1,poor,53,"{""A"": 3, ""B"": 4, ""C"": 2, ""D"": 1}",[0.6728806754309576],0.0,1.0,0.0,49.09023019515226,49.090000000000046,31.11,74.55,15,0.0018976428546011448
quality_4_6_scatter_0,scatter,token,1,random,41,"{""A"": 1, ""B"": 0, ""C"": 4, ""D"": 5}",[0.5423539606531413],0.0,1.0,0.0,31.410001275898274,31.41,31.11,36.209999999999994,13,0.0016758469864726067
quality_4_6_scatter_0,scatter,token,1,random,53,"{""A"": 1, ""B"": 0, ""C"": 4, ""D"": 5}",[0.5427556754309575],0.0,1.0,0.0,31.41000127821501,31.41,31.11,36.209999999999994,15,0.0018257880583405495
quality_4_6_scatter_0,scatter,token,2,deterministic,41,"{""A"": 0, ""B"": 1, ""C"": 2, ""D"": 3}","[0.9799933490352755, 1.8175947938385313, 0.6087574283874622]",0.0,1.0,0.0,34.17982743463259,32.828270165406984,31.11,45.980000000000004,39,0.007479284889996052
quality_4_6_scatter_0,scatter,token,2,deterministic,53,"{""A"": 0, ""B"": 1, ""C"": 2, ""D"": 3}","[0.9793383946173492, 1.8174720836067226, 0.6080756154136411]",0.0,1.0,0.0,34.18221109824715,32.83099254094186,31.11,45.980000000000004,39,0.007163322065025568
quality_4_6_scatter_0,scatter,token,2,poor,41,"{""A"": 3, ""B"": 4, ""C"": 2, ""D"": 1}","[0.8632226087568879, 1.709568668201718, 0.493167718344212]",0.0,1.0,0.0,38.61969500864014,35.97632233205933,31.11,74.55,200,0.032743047922849655
quality_4_6_scatter_0,scatter,token,2,poor,53,"{""A"": 3, ""B"": 4, ""C"": 2, ""D"": 1}","[0.6508379507706474, 1.739703835253182, 0.29416546168298224]",0.0,1.0000000000000002,0.0,46.80018539852094,42.60946013975881,31.11,74.55,65,0.011082671582698822
quality_4_6_scatter_0,scatter,token,2,random,41,"{""A"": 1, ""B"": 0, ""C"": 4, ""D"": 5}","[0.4560350421224484, 1.34940169065525, 0.45942692854822054]",0.018801064324423442,0.9999999999999999,0.018801064324423446,31.1364256705301,31.110018060937918,31.11,36.209999999999994,33,0.005879681091755629
quality_4_6_scatter_0,scatter,token,2,random,53,"{""A"": 1, ""B"": 0, ""C"": 4, ""D"": 5}","[0.4513850477161966, 1.3516116501223625, 0.42941068527736476]",0.017260906575256262,1.0,0.017260906575256262,31.142300930622635,31.110040317758184,31.11,36.209999999999994,35,0.00617331312969327
quality_4_6_scatter_0,scatter,token,3,deterministic,41,"{""A"": 0, ""B"": 1, ""C"": 2, ""D"": 3}","[1.0000973978805427, 1.8343777928139242, 0.48655186527096506, 0.9979626429113108, 0.5832005124731097]",0.00048118910730107637,1.0,0.00048118910730107637,33.303449924319004,31.757395269809262,31.11,45.980000000000004,148,0.03621407598257065
quality_4_6_scatter_0,scatter,token,3,deterministic,53,"{""A"": 0, ""B"": 1, ""C"": 2, ""D"": 3}","[0.9929791429616471, 1.8553651670616358, 0.5384206037313206, 1.0175511663053287, 0.4849101527507685]",0.0005428725113948145,0.9999999999999999,0.0005428725113948146,32.955088345914746,31.504292917164715,31.11,45.980000000000004,63,0.015555029734969139
quality_4_6_scatter_0,scatter,token,3,poor,41,"{""A"": 3, ""B"": 4, ""C"": 2, ""D"": 1}","[0.7683016859437332, 2.352390538866786, 1.31031803998547, 1.1286199765288187, 1.2974453920850606]",0.027774216822581615,0.9999999999999999,0.02777421682258162,31.11917110502693,31.110000163641807,31.11,74.55,200,0.04831566195935011
quality_4_6_scatter_0,scatter,token,3,poor,53,"{""A"": 3, ""B"": 4, ""C"": 2, ""D"": 1}","[0.4998063733275636, 2.1133370823726807, 1.4374731058958412, 1.3624883473564684, 1.5820980991903615]",0.021336611907668945,1.0,0.021336611907668945,31.128985422287897,31.110004801668378,31.11,74.55,156,0.03788833972066641
quality_4_6_scatter_0,scatter,token,3,random,41,"{""A"": 1, ""B"": 0, ""C"": 4, ""D"": 5}","[0.4212395574535469, 1.2957869778131526, 0.6522939442213324, 0.8959784404564369, 0.6163064767855471]",0.12271341976743139,1.0,0.12271341976743139,31.11000001582091,31.11,31.11,36.209999999999994,76,0.01870346302166581
quality_4_6_scatter_0,scatter,token,3,random,53,"{""A"": 1, ""B"": 0, ""C"": 4, ""D"": 5}","[0.41969615402367194, 1.2969891947256609, 0.6519835653916559, 0.896421178478259, 0.6177332501346036]",0.12271241864455712,1.0,0.12271241864455712,31.110000015823218,31.11,31.11,36.209999999999994,77,0.018924618139863014
quality_4_6_scatter_0,scatter,token,4,deterministic,41,"{""A"": 0, ""B"": 1, ""C"": 2, ""D"": 3}","[0.9052351363273075, 1.8439527096545398, 0.4519558969007377, 0.7668658638286334, 0.9776485650720221, 0.8014974763052527, 0.4699607715236586]",0.010680839879829256,1.0,0.010680839879829256,31.195855438969406,31.11122848164563,31.11,45.980000000000004,200,0.060929309111088514
quality_4_6_scatter_0,scatter,token,4,deterministic,53,"{""A"": 0, ""B"": 1, ""C"": 2, ""D"": 3}","[0.8842118509774852, 1.8396793459975038, 0.4627140479475147, 0.7546836361177577, 1.0398904247953753, 0.8172658193112503, 0.505483332190331]",0.012763439972563025,1.0,0.012763439972563025,31.17366287894138,31.110417629494258,31.11,45.980000000000004,200,0.0602734568528831
quality_4_6_scatter_0,scatter,token,4,poor,41,"{""A"": 3, ""B"": 4, ""C"": 2, ""D"": 1}","[1.2004852226220095, 1.8657683291055924, 0.9894578604714831, 0.8854776789005115, 0.5231077832214152, 0.9171977633931093, 0.7374115165709959]",7.84623734267155e-05,1.0,7.84623734267155e-05,33.11452775221966,32.418930475479414,31.11,74.55,136,0.04117377893999219
quality_4_6_scatter_0,scatter,token,4,poor,53,"{""A"": 3, ""B"": 4, ""C"": 2, ""D"": 1}","[1.1102839539128062, 1.9063402437267198, 1.104260280805309, 0.8963003851110348, 0.1021766824638394, 0.92079878845014, 0.9004555548031655]",0.00119096244329638,1.0,0.00119096244329638,33.056286184791695,31.926047929411883,31.11,74.55,200,0.06000903993844986
quality_4_6_scatter_0,scatter,token,4,random,41,"{""A"": 1, ""B"": 0, ""C"": 4, ""D"": 5}","[0.3243018749486218, 1.3049895630626256, 0.44000805558884654, 1.307271562509637, 0.5320551196662215, 0.9162810389200399, 0.47908603177178266]",0.168211448761377,1.0,0.168211448761377,31.110000000017333,31.11,31.11,36.209999999999994,125,0.03762217005714774
quality_4_6_scatter_0,scatter,token,4,random,53,"{""A"": 1, ""B"": 0, ""C"": 4, ""D"": 5}","[0.42944325351206264, 1.2082717991141527, 0.4658868837124695, 1.4426804911712454, 0.29849920714099115, 1.20907730754787, 0.4616437756275322]",0.12394256156632946,0.9999999999999998,0.12394256156632949,31.110000013221832,31.11,31.11,36.209999999999994,118,0.03545520082116127
quality_4_6_scatter_0,scatter,token,6,deterministic,41,"{""A"": 0, ""B"": 1, ""C"": 2, ""D"": 3}","[0.924530138512256, 1.8302882475121154, 0.47804238975108126, 0.856617149071268, 0.9758461055125649, 0.7108617624095478, 0.3598915256922053, 0.6331842066254888, 0.3978197217865281, 0.45379781010207365, 0.038015972794207264]",0.011508320865920539,1.0,0.011508320865920539,31.29347770942376,31.11084005862484,31.11,45.980000000000004,200,0.09176999423652887
quality_4_6_scatter_0,scatter,token,6,deterministic,53,"{""A"": 0, ""B"": 1, ""C"": 2, ""D"": 3}","[0.9818274463062465, 1.814843884217257, 0.3351943031828582, 0.8848285055747109, 0.7540344886677417, 0.7367850574171585, 0.19694376281761708, 0.7684867532143774, 0.29437165144561017, 0.6953629555024128, 0.3324416941018149]",0.0057333178419647435,1.0,0.0057333178419647435,31.580433814493855,31.127589393744767,31.11,45.980000000000004,200,0.09067608881741762
quality_4_6_scatter_0,scatter,token,6,poor,41,"{""A"": 3, ""B"": 4, ""C"": 2, ""D"": 1}","[1.3836029804152805, 2.3430538456583387, 1.1276525894130738, 0.25362328324024935, 0.9385966601939855, 1.4602271856572984, 0.7997170814369017, 0.6025195666188641, 0.48433037805986556, 0.2723034497102945, 0.4402581322071017]",0.0005457376757695316,1.0,0.0005457376757695316,32.97675379507558,32.05218465230509,31.11,74.55,200,0.0899042496457696
quality_4_6_scatter_0,scatter,token,6,poor,53,"{""A"": 3, ""B"": 4, ""C"": 2, ""D"": 1}","[0.9826190063994539, 1.7950462403299035, 0.3428255914083318, 0.7129216941513717, 0.3598476734827553, 0.9813526281169621, -0.25807711671429245, 0.8084019027224594, 0.8398388963403033, 0.4067407214198048, 0.7599786883487658]",0.0008786643638446721,0.9999999999999998,0.0008786643638446723,33.39472392625442,32.33276693922197,31.11,74.55,200,0.09125938499346375
quality_4_6_scatter_0,scatter,token,6,random,41,"{""A"": 1, ""B"": 0, ""C"": 4, ""D"": 5}","[0.391379253532654, 1.2927642202666183, 0.563846102673733, 0.8904511204564132, 0.5475543724366222, 1.1765773485671722, 0.13386261284230627, 0.7804571609821307, 0.1847116718711421, 0.8820906822478685, 0.12352367001309586]",0.2516902929706579,1.0000000000000002,0.25169029297065787,31.11,31.11,31.11,36.209999999999994,113,0.05073459492996335
quality_4_6_scatter_0,scatter,token,6,random,53,"{""A"": 1, ""B"": 0, ""C"": 4, ""D"": 5}","[0.457009979243161, 1.2325450849755966, 0.37054159159662853, 1.392298601217227, 0.18877208840405746, 1.2331406010971693, 0.40392415315079255, 0.7132273051710563, 0.15663267452738264, 0.7171373400877631, 0.1945657680345516]",0.2606071158948123,0.9999999999999999,0.26060711589481234,31.11,31.11,31.11,36.209999999999994,79,0.036771722603589296
quality_4_6_scatter_1,scatter,complete,1,deterministic,41,"{""A"": 0, ""B"": 1, ""C"": 2, ""D"": 3}",[0.1865414606531415],0.00010549812119782928,0.33986617303006456,0.00031041077214971,52.21307831288748,48.96943900238638,44.98,76.07000000000001,13,0.005765706766396761
quality_4_6_scatter_1,scatter,complete,1,deterministic,53,"{""A"": 0, ""B"": 1, ""C"": 2, ""D"": 3}",[0.18694317543095754],0.00010641227823548132,0.33924569042607605,0.0003136731909603116,52.223196483591245,48.9782200122296,44.98,76.07000000000001,15,0.005995389074087143
quality_4_6_scatter_1,scatter,complete,1,poor,41,"{""A"": 2, ""B"": 5, ""C"": 3, ""D"": 1}",[0.5381039606531416],0.004937212260532334,0.41387449776590113,0.011929249777851638,49.287065691350705,45.57903505316855,44.98,123.36,16,0.00633395416662097
quality_4_6_scatter_1,scatter,complete,1,poor,53,"{""A"": 2, ""B"": 5, ""C"": 3, ""D"": 1}",[0.6848181754309575],0.0032153285283607405,0.3463970666109061,0.009282204840297882,50.945063525559064,46.384740698082595,44.98,123.36,14,0.005604684818536043
quality_4_6_scatter_1,scatter,complete,1,random,41,"{""A"": 3, ""B"": 4, ""C"": 0, ""D"": 2}",[0.6084164606531414],4.579133078770449e-05,0.41435242318391813,0.00011051300348587353,55.08221241283072,53.29099309599066,44.98,75.45,13,0.005206046160310507
quality_4_6_scatter_1,scatter,complete,1,random,53,"{""A"": 3, ""B"": 4, ""C"": 0, ""D"": 2}",[0.26663067543095764],0.00020999057032456453,0.3655389793987764,0.0005744683389715331,47.26520804909598,46.06402671528806,44.98,75.45,15,0.005900831893086433
quality_4_6_scatter_1,scatter,complete,2,deterministic,41,"{""A"": 0, ""B"": 1, ""C"": 2, ""D"": 3}","[0.7256951066901678, 1.7701890115644385, 0.4450260767555579]",1.100491592629365e-05,0.2956308445130727,3.722519530876291e-05,46.620582344578054,46.171360743644286,44.98,76.07000000000001,42,0.03035475267097354
quality_4_6_scatter_1,scatter,complete,2,deterministic,53,"{""A"": 0, ""B"": 1, ""C"": 2, ""D"": 3}","[0.7333866568172666, 1.738662170024022, 0.453741460598633]",2.8065544093041548e-06,0.2966686181818483,9.460233530948754e-06,46.773098799745625,46.1763951794424,44.98,76.07000000000001,164,0.1126623279415071
quality_4_6_scatter_1,scatter,complete,2,poor,41,"{""A"": 2, ""B"": 5, ""C"": 3, ""D"": 1}","[0.7016873051900532, 1.9858551216313043, -0.09733286560296357]",0.01316943375439578,0.2915623933492084,0.04516849242152626,46.279680813699436,44.98692395515764,44.98,123.36,35,0.024890501983463764
quality_4_6_scatter_1,scatter,complete,2,poor,53,"{""A"": 2, ""B"": 5, ""C"": 3, ""D"": 1}","[0.3449529255233488, 1.7696383289133093, 0.1794951111060318]",0.0005624844699472569,0.3092799810898922,0.0018186901976813394,51.49858880566938,48.772304254350544,44.98,123.36,34,0.024253766052424908
quality_4_6_scatter_1,scatter,complete,2,random,41,"{""A"": 3, ""B"": 4, ""C"": 0, ""D"": 2}","[0.5079512758393102, 1.567209181878523, 0.2906231453466598]",0.0003799701630548875,0.2615195750943645,0.001452932014430592,49.80940996647899,46.324338436566414,44.98,75.45,40,0.0282748369500041
quality_4_6_scatter_1,scatter,complete,2,random,53,"{""A"": 3, ""B"": 4, ""C"": 0, ""D"": 2}","[0.5098807004517207, 1.5662281098650652, 0.2922844684751884]",0.00036987056258860147,0.2632362828445689,0.0014050895970408308,49.70529702104547,46.28569812610827,44.98,75.45,45,0.03180966479703784
quality_4_6_scatter_1,scatter,complete,3,deterministic,41,"{""A"": 0, ""B"": 1, ""C"": 2, ""D"": 3}","[0.7080234512692107, 1.524903694262348, 0.505327860119448, 1.0363691213770445, 0.1008500083281697]",0.00017516272395533988,0.2106062767481774,0.0008317070443478877,47.881839667837575,46.08943965886402,44.98,76.07000000000001,77,0.08156883716583252
quality_4_6_scatter_1,scatter,complete,3,deterministic,53,"{""A"": 0, ""B"": 1, ""C"": 2, ""D"": 3}","[0.7314597687300908, 1.3631013715513642, 0.01654184155979014, 1.2384082227926132, 0.4111923764061152]",0.0009721502597175226,0.26634066677953233,0.003650025628726969,48.54663517979186,45.83652232341758,44.98,76.07000000000001,66,0.06930150091648102
quality_4_6_scatter_1,scatter,complete,3,poor,41,"{""A"": 2, ""B"": 5, ""C"": 3, ""D"": 1}","[0.6330945256685094, 1.7374367323167328, 0.14426615174148447, 1.0302172931028946, 0.0704997951342929]",0.01182666193698622,0.21423805287587971,0.05520336736741198,46.863105005844034,44.991864908658705,44.98,123.36,63,0.06629468407481909
quality_4_6_scatter_1,scatter,complete,3,poor,53,"{""A"": 2, ""B"": 5, ""C"": 3, ""D"": 1}","[0.48037402797497203, 1.5704140657110082, 0.207636874900829, 1.0204623440805762, 0.14617844778796915]",0.0008279118182665051,0.29524266549343114,0.0028041740406415795,50.35202437084221,46.34452866109945,44.98,123.36,94,0.09834251599386334
quality_4_6_scatter_1,scatter,complete,3,random,41,"{""A"": 3, ""B"": 4, ""C"": 0, ""D"": 2}","[0.3140776288551931, 1.354137794767346, 0.3401784059644209, 0.9418166449683587, 0.04504416373920119]",0.0024966906334329014,0.2675216877955228,0.009332666274673097,50.16526864038159,45.96065587764891,44.98,75.45,62,0.06525700585916638
quality_4_6_scatter_1,scatter,complete,3,random,53,"{""A"": 3, ""B"": 4, ""C"": 0, ""D"": 2}","[0.5053587243578964, 1.5655093119681915, 0.2994757876655938, 1.0348112079946232, 0.0319876888786094]",0.0004371076464692795,0.26456317879026736,0.0016521862508153367,48.98313966919815,45.984552099028015,44.98,75.45,101,0.1053181760944426
quality_4_6_scatter_1,scatter,complete,4,deterministic,41,"{""A"": 0, ""B"": 1, ""C"": 2, ""D"": 3}","[0.8383716939070356, 1.5445515716168976, 0.48832326632624407, 1.0360136270166358, -0.004482612103640404, 0.9739774209014059, -0.037428382176071494]",3.2909239580221757e-05,0.29761832131444155,0.00011057531483571633,46.28395162162675,46.15458384760442,44.98,76.07000000000001,82,0.1181713230907917
quality_4_6_scatter_1,scatter,complete,4,deterministic,53,"{""A"": 0, ""B"": 1, ""C"": 2, ""D"": 3}","[0.6158789268832224, 1.6449676113219176, 0.4350036638080358, 0.9517181014139291, 0.005611943684763153, 0.7311517284043336, -0.021051508618460148]",0.0002785416226813028,0.3131951773296204,0.0008893547629188214,47.20932049310663,46.01364699099848,44.98,76.07000000000001,87,0.12247228901833296
quality_4_6_scatter_1,scatter,complete,4,poor,41,"{""A"": 2, ""B"": 5, ""C"": 3, ""D"": 1}","[0.558010986643526, 1.5830854473306228, 0.19684150382175503, 1.1863040244101697, 0.135723520453934, 0.7801469934263886, 0.057019148669399944]",0.002717218033174237,0.26216158064089495,0.01036466909656088,49.18961894117759,45.54749877970659,44.98,123.36,113,0.158940012101084
quality_4_6_scatter_1,scatter,complete,4,poor,53,"{""A"": 2, ""B"": 5, ""C"": 3, ""D"": 1}","[0.3226342579432509, 1.769970689200791, 0.23504478278182295, 1.051725137097254, 0.07238962898563628, 1.0521408556352527, 0.06894446511079949]",0.0022002651030958364,0.2783896347901245,0.007903545348427203,49.172046914146144,45.63621803023102,44.98,123.36,200,0.2690529623068869
quality_4_6_scatter_1,scatter,complete,4,random,41,"{""A"": 3, ""B"": 4, ""C"": 0, ""D"": 2}","[0.440803733098195, 1.5995284207445284, 0.4668331025857216, 1.1450166239806072, 0.08694306644989631, 0.9527990993357611, 0.055663709305501054]",0.0012729348020122447,0.24557414773904374,0.005183504915855039,49.316754873315375,45.692770077951714,44.98,75.45,200,0.2686108513735235
quality_4_6_scatter_1,scatter,complete,4,random,53,"{""A"": 3, ""B"": 4, ""C"": 0, ""D"": 2}","[0.4005082093878178, 1.5808666847309987, 0.16389793232112723, 1.2063079186485386, 0.18352166323289473, 1.0232973522243962, 0.09132353598238081]",0.0013235160295982232,0.2710020774207358,0.004883785549523445,48.514974941069205,45.58066581171825,44.98,75.45,107,0.14270270010456443
quality_4_6_scatter_1,scatter,complete,5,deterministic,41,"{""A"": 0, ""B"": 1, ""C"": 2, ""D"": 3}","[0.6992031141030334, 1.7923388907781528, 0.4552709943342855, 1.314191473662381, 0.0523736189350341, 0.6559133082156663, -0.0368745929694372, 0.5232123231824075, -0.027758179409710346]",3.990967835847624e-05,0.25071172035633527,0.00015918553110222698,46.34912058808069,46.136749067129685,44.98,76.07000000000001,128,0.2156753852032125
quality_4_6_scatter_1,scatter,complete,5,deterministic,53,"{""A"": 0, ""B"": 1, ""C"": 2, ""D"": 3}","[0.7148902400806275, 1.8025052031426216, 0.4330506623479688, 1.3152761686307994, 0.04256588207253787, 0.7861797109593216, 0.007378152777619645, 0.6274724360143924, 0.052534658846976466]",0.00014748761142459844,0.21835961660842146,0.0006754344677618851,47.39644903319763,46.09162819774686,44.98,76.07000000000001,130,0.21715163718909025
quality_4_6_scatter_1,scatter,complete,5,poor,41,"{""A"": 2, ""B"": 5, ""C"": 3, ""D"": 1}","[0.6644153981056021, 1.7601154960887972, 0.13335101889147033, 1.1599354796895918, 0.012425280795247884, 0.8802294364609897, 0.07936059533120053, 0.877311611171683, 0.07119448024736014]",0.001978019447695203,0.22605295238411197,0.008750248235352079,50.542416990572846,46.37127904709272,44.98,123.36,200,0.33192150201648474
quality_4_6_scatter_1,scatter,complete,5,poor,53,"{""A"": 2, ""B"": 5, ""C"": 3, ""D"": 1}","[0.3332809624577244, 1.6031064827244206, 0.15770027483886362, 0.9848480162035631, 0.05962876311327511, 0.9852272661379692, 0.2020904594882017, 0.6653742092672787, 0.10703612383560517]",0.002984574460605194,0.2547747673009987,0.011714560638099324,47.91313553238321,45.238184457880024,44.98,123.36,200,0.33237737882882357
quality_4_6_scatter_1,scatter,complete,5,random,41,"{""A"": 3, ""B"": 4, ""C"": 0, ""D"": 2}","[0.36349520999024854, 1.6313406414129739, 0.16331193792406642, 1.267490566681391, 0.3927061649207764, 0.8622450211010526, -0.043064458329413746, 0.49172431172028064, 0.046754068750540036]",0.0011846105842785596,0.26811657857630383,0.004418266824710464,50.07414170023099,45.87468062879019,44.98,75.45,193,0.319888346362859
quality_4_6_scatter_1,scatter,complete,5,random,53,"{""A"": 3, ""B"": 4, ""C"": 0, ""D"": 2}","[0.39407821196912524, 1.5592548164118063, 0.37838025003877374, 1.1843698425716374, 0.1359188943558401, 1.0395150473927073, 0.040704794253971735, 0.6664090789644245, 0.09307327501032321]",0.0010802038048063338,0.28656958852566594,0.003769429304636727,47.88926401532734,45.637243497490154,44.98,75.45,151,0.251515818759799
quality_4_6_scatter_1,scatter,complete,6,deterministic,41,"{""A"": 0, ""B"": 1, ""C"": 2, ""D"": 3}","[0.5908983257227474, 1.7645437740980974, 0.24533263411882858, 1.0477267845611027, 0.10616817950997022, 0.8009134444344893, 0.2053561964101088, 0.594799657071361, 0.06826345524142026, 0.5304863307496991, 0.14544975876057184]",0.0032881595657061214,0.2586747381473675,0.012711560430121515,47.654699819830725,45.23734773865007,44.98,76.07000000000001,200,0.3986215880140662
quality_4_6_scatter_1,scatter,complete,6,deterministic,53,"{""A"": 0, ""B"": 1, ""C"": 2, ""D"": 3}","[0.6520829260137048, 1.8232133329598816, 0.42965347377007546, 1.2012587917165847, 0.07789620806412714, 0.8806505357207663, 0.01873942999157268, 0.6194027953007784, 0.053152584334773316, 0.49691901656662324, 0.061785734307197825]",0.0005696630244822273,0.2712932981675615,0.0020998050019296124,49.32871330734457,46.1399301586226,44.98,76.07000000000001,172,0.3433570982888341
quality_4_6_scatter_1,scatter,complete,6,poor,41,"{""A"": 2, ""B"": 5, ""C"": 3, ""D"": 1}","[0.6383301136534556, 1.747018549452486, 0.08571478656959354, 1.0231679549782005, 0.07782942579177522, 0.8627577626215748, 0.054655269472269556, 0.578085280840534, 0.06265926927914238, 0.44368916993208996, 0.041681621273730006]",0.01264730108475772,0.23398793006789978,0.05405108323787326,46.73529006299361,44.98832777865171,44.98,123.36,195,0.38900458812713623
quality_4_6_scatter_1,scatter,complete,6,poor,53,"{""A"": 2, ""B"": 5, ""C"": 3, ""D"": 1}","[0.3719912202639927, 1.5884820162330595, 0.029881497588556166, 0.9005504246817755, 0.12582749136384402, 0.9649705397645961, -0.06369323822340149, 0.5736642835042972, -0.039861499366312225, 0.4189490679671701, -0.01665868391107936]",0.000805739188757813,0.28221380842049587,0.0028550664946814697,51.31764578841877,48.453218552793565,44.98,123.36,200,0.39867499796673656
quality_4_6_scatter_1,scatter,complete,6,random,41,"{""A"": 3, ""B"": 4, ""C"": 0, ""D"": 2}","[0.5052093930674042, 1.5198524829364775, 0.43600753676026544, 1.1225163011113939, 0.06011031365546735, 0.8183216831887069, 0.07871909926818532, 0.5770479750440831, 0.028843090080417064, 0.4260567005550495, -0.04103367754738038]",0.0001037926208375874,0.2619259288832068,0.00039626707168754073,48.649551504443046,46.11138612087544,44.98,75.45,200,0.39922317676246166
quality_4_6_scatter_1,scatter,complete,6,random,53,"{""A"": 3, ""B"": 4, ""C"": 0, ""D"": 2}","[0.38616421016571656, 1.788710090032802, 0.17199507829091334, 1.0367281493782832, 0.08496831929356898, 0.8285681778308065, 0.4273188113495418, 0.6678117883345179, 0.07953251691973709, 0.4983744015987898, 0.04721712182250931]",0.004604238223802274,0.2831921539297281,0.01625835377114572,46.70129552829791,45.074847187324984,44.98,75.45,187,0.3714917912147939
quality_4_6_scatter_1,scatter,random_token,3,deterministic,41,"{""A"": 0, ""B"": 1, ""C"": 2, ""D"": 3}","[0.7957595936320349, 1.5153107487645392, 0.577478050196432, 1.396037405690135, 0.7217293917904376]",0.00029869649624598293,0.999999999999999,0.00029869649624598326,51.122723870579506,49.82886281513156,44.98,76.07000000000001,200,0.05293608829379082
quality_4_6_scatter_1,scatter,random_token,3,deterministic,53,"{""A"": 0, ""B"": 1, ""C"": 2, ""D"": 3}","[0.8257657292197522, 1.5154066361360063, 0.5447425610554462, 1.4005351188753075, 0.7223110210798714]",0.0002981695958070452,0.9999999999999991,0.00029816959580704545,51.111345781921464,49.794935414231475,44.98,76.07000000000001,200,0.052902705036103725
quality_4_6_scatter_1,scatter,random_token,3,poor,41,"{""A"": 2, ""B"": 5, ""C"": 3, ""D"": 1}","[1.3334729865488368, 1.8200198241083123, 0.8207350891883638, 1.045670563991512, 0.6507136090533233]",0.0,1.0000000000000007,0.0,47.71944466496948,47.13042898339563,44.98,123.36,200,0.05312149738892913
quality_4_6_scatter_1,scatter,random_token,3,poor,53,"{""A"": 2, ""B"": 5, ""C"": 3, ""D"": 1}","[1.3058516173854993, 2.128640781316222, 0.8390216190321064, 1.0349074768928814, 0.7042785788211797]",0.0,1.0,0.0,47.635360368688694,47.13023794100772,44.98,123.36,200,0.0525857200846076
quality_4_6_scatter_1,scatter,random_token,3,random,41,"{""A"": 3, ""B"": 4, ""C"": 0, ""D"": 2}","[0.5830735753880546, 1.5118875839758805, 0.2846482223882348, 0.8166209309022563, 0.5268442242031005]",0.032945940628058876,1.0000000000000002,0.03294594062805887,44.9930442735872,44.98000003376826,44.98,75.45,132,0.03510751808062196
quality_4_6_scatter_1,scatter,random_token,3,random,53,"{""A"": 3, ""B"": 4, ""C"": 0, ""D"": 2}","[0.6054449782649599, 1.5103268451834053, 0.26701989220613154, 0.8140368480296343, 0.5618890539297688]",0.03623982094711213,1.0,0.03623982094711213,44.98842854853075,44.98000000588627,44.98,75.45,106,0.028258636593818665
quality_4_6_scatter_1,scatter,ring,1,deterministic,41,"{""A"": 0, ""B"": 1, ""C"": 2, ""D"": 3}",[0.24079146065314147],1.1531144118406748e-06,0.3637749841860051,3.1698562627139453e-06,56.69319922432706,51.01833902400362,44.98,76.07000000000001,14,0.004347062669694424
quality_4_6_scatter_1,scatter,ring,1,deterministic,53,"{""A"": 0, ""B"": 1, ""C"": 2, ""D"": 3}",[0.24119317543095753],1.1764927433924733e-06,0.3630493320437249,3.2405864425355252e-06,56.675753632899216,51.00644856326747,44.98,76.07000000000001,16,0.0043024602346122265
quality_4_6_scatter_1,scatter,ring,1,poor,41,"{""A"": 2, ""B"": 5, ""C"": 3, ""D"": 1}",[0.38029146065314146],0.0017200063827501277,0.36242087464752093,0.004745881109698638,52.54905168797089,46.973107328886314,44.98,123.36,13,0.003627542406320572
quality_4_6_scatter_1,scatter,ring,1,poor,53,"{""A"": 2, ""B"": 5, ""C"": 3, ""D"": 1}",[0.38069317543095754],0.0017137480230013727,0.3625803939326683,0.004726532519901278,52.555559195845134,46.97820025389562,44.98,123.36,12,0.0033481167629361153
quality_4_6_scatter_1,scatter,ring,1,random,41,"{""A"": 3, ""B"": 4, ""C"": 0, ""D"": 2}",[0.2646664606531415],2.2368270250863958e-05,0.4178090784486208,5.3537061314991623e-05,53.35298347155121,46.50121195824623,44.98,75.45,15,0.0039879693649709225
quality_4_6_scatter_1,scatter,ring,1,random,53,"{""A"": 3, ""B"": 4, ""C"": 0, ""D"": 2}",[0.2650681754309575],2.2719295756791518e-05,0.41711796078273844,5.4467315946208254e-05,53.3204118277868,46.49218040943557,44.98,75.45,15,0.003970676101744175
quality_4_6_scatter_1,scatter,ring,2,deterministic,41,"{""A"": 0, ""B"": 1, ""C"": 2, ""D"": 3}","[0.41238073678291737, 1.7995633556767832, 0.37050745356136916]",0.021051934447483482,0.3364961862574777,0.06256217843543438,45.4009466318128,44.98002875598442,44.98,76.07000000000001,26,0.012878703884780407
quality_4_6_scatter_1,scatter,ring,2,deterministic,53,"{""A"": 0, ""B"": 1, ""C"": 2, ""D"": 3}","[0.4131090683492598, 1.7992062184197837, 0.3714332566779373]",0.021066941695092434,0.3365704315197717,0.0625929663516947,45.398041880469684,44.98002819859152,44.98,76.07000000000001,48,0.021601705346256495
quality_4_6_scatter_1,scatter,ring,2,poor,41,"{""A"": 2, ""B"": 5, ""C"": 3, ""D"": 1}","[0.2005353939149308, 1.759850000475735, 0.3081925018982193]",0.0016180080487745749,0.29878346976192116,0.005415319830323438,52.625221613271584,47.30143448374416,44.98,123.36,141,0.061446168925613165
quality_4_6_scatter_1,scatter,ring,2,poor,53,"{""A"": 2, ""B"": 5, ""C"": 3, ""D"": 1}","[0.1989135578430039, 1.7576288884046725, 0.30675553685422985]",0.0015314442919720896,0.3016545738923456,0.00507681442456308,52.81895675646632,47.47662911982249,44.98,123.36,184,0.07938114879652858
quality_4_6_scatter_1,scatter,ring,2,random,41,"{""A"": 3, ""B"": 4, ""C"": 0, ""D"": 2}","[0.43979793692560504, 1.6198815932537358, 0.3742367951630654]",5.9508133230371614e-05,0.30622249945700164,0.00019432972213306448,48.74192897743093,45.97253084055788,44.98,75.45,37,0.016827058978378773
quality_4_6_scatter_1,scatter,ring,2,random,53,"{""A"": 3, ""B"": 4, ""C"": 0, ""D"": 2}","[0.43921252401157945, 1.6206871670887644, 0.374169646972238]",5.700442409357269e-05,0.3055759481638701,0.0001865474833215706,48.75717663351428,45.975373392342135,44.98,75.45,37,0.01665950519964099
quality_4_6_scatter_1,scatter,ring,3,deterministic,41,"{""A"": 0, ""B"": 1, ""C"": 2, ""D"": 3}","[0.4111770830982712, 1.7936903357750376, 0.41036842824898595, 1.1987957100502724, 0.19461279455860284]",0.02644971364742955,0.29258026741685317,0.0904015635809963,45.064172857283396,44.980001097870414,44.98,76.07000000000001,112,0.07591109164059162
quality_4_6_scatter_1,scatter,ring,3,deterministic,53,"{""A"": 0, ""B"": 1, ""C"": 2, ""D"": 3}","[0.4752308146540782, 1.5525608822948302, 0.5840726614694327, 1.286617782281913, 0.5798529295744171]",0.0006449764879879463,0.2967987290133123,0.002173110680534677,46.848837446616656,46.04498821895259,44.98,76.07000000000001,118,0.07876820862293243
quality_4_6_scatter_1,scatter,ring,3,poor,41,"{""A"": 2, ""B"": 5, ""C"": 3, ""D"": 1}","[0.5678208900263034, 1.560651832385124, 0.4262923027235746, 1.2125048747402074, 0.13005497044545355]",0.000725640494686983,0.2425818802355684,0.002991321915644821,50.99153598266019,47.15327436681729,44.98,123.36,95,0.06398714985698462
quality_4_6_scatter_1,scatter,ring,3,poor,53,"{""A"": 2, ""B"": 5, ""C"": 3, ""D"": 1}","[0.6997310402699172, 1.7593974963671164, 0.4740824767035422, 1.0162385537162792, 0.12540808225420494]",5.7500770186671264e-05,0.3588924376512147,0.0001602172800379614,49.81986315736811,46.82357847392451,44.98,123.36,126,0.08473833883181214
quality_4_6_scatter_1,scatter,ring,3,random,41,"{""A"": 3, ""B"": 4, ""C"": 0, ""D"": 2}","[0.7214406448053389, 1.5868044064409097, 0.17238455742005498, 1.0307834500036734, 0.19589878320412424]",1.5548719638155833e-05,0.22823995070003014,6.812444355366652e-05,50.19954943387489,46.00808576781713,44.98,75.45,166,0.11105179274454713
quality_4_6_scatter_1,scatter,ring,3,random,53,"{""A"": 3, ""B"": 4, ""C"": 0, ""D"": 2}","[0.32883497872173467, 1.6455651797451016, 0.2072212486572054, 0.9222608998802072, 0.14543385564843644]",6.326840574782623e-05,0.2964625205784307,0.00021341114426330407,49.2566975581418,46.74691339315417,44.98,75.45,200,0.1340570943430066
quality_4_6_scatter_1,scatter,ring,4,deterministic,41,"{""A"": 0, ""B"": 1, ""C"": 2, ""D"": 3}","[0.41091082238297005, 1.7923000291975753, 0.40900881184349436, 1.1995076104159763, 0.19228327383830562, 1.0484912947686198, 0.03746793912836693]",0.02769851200222082,0.2945665227189257,0.09403143217551113,45.05406002169228,44.98000056278722,44.98,76.07000000000001,194,0.1697397418320179
quality_4_6_scatter_1,scatter,ring,4,deterministic,53,"{""A"": 0, ""B"": 1, ""C"": 2, ""D"": 3}","[0.40990851611064727, 1.7929728365814754, 0.40861389634289924, 1.198393321227531, 0.19202091608480273, 1.047115401238973, 0.03624559994356026]",0.028151758797760044,0.29469755684524523,0.09552762872935319,45.04976597548144,44.98000044378701,44.98,76.07000000000001,122,0.10733035486191511
quality_4_6_scatter_1,scatter,ring,4,poor,41,"{""A"": 2, ""B"": 5, ""C"": 3, ""D"": 1}","[0.5688127152448342, 1.5599995835219254, 0.43005714208648405, 1.2090721825875153, 0.12643063504885768, 1.0081515971878463, 0.053532001618653485]",0.0002899225470435567,0.2406841455479249,0.0012045768381774339,50.82132317228731,47.18106885307698,44.98,123.36,103,0.09088900964707136
quality_4_6_scatter_1,scatter,ring,4,poor,53,"{""A"": 2, ""B"": 5, ""C"": 3, ""D"": 1}","[0.2786869030495489, 1.7817148756601566, 0.3956266788791897, 1.2178480463512331, 0.4376111438661625, 1.0284606156593077, 0.17012009542283954]",0.0021522010881461747,0.2970471213513348,0.00724531878429026,47.973082696417414,45.47238264562695,44.98,123.36,200,0.17469482822343707
quality_4_6_scatter_1,scatter,ring,4,random,41,"{""A"": 3, ""B"": 4, ""C"": 0, ""D"": 2}","[0.7254861189966311, 1.59418329667424, 0.17664825734997158, 1.0303654427563755, 0.18899400162677352, 0.7100031262477677, 0.042506943739465924]",1.0207744562706815e-05,0.23067963758810434,4.425073955133181e-05,49.12292585552924,45.95942835649096,44.98,75.45,200,0.1752203139476478
quality_4_6_scatter_1,scatter,ring,4,random,53,"{""A"": 3, ""B"": 4, ""C"": 0, ""D"": 2}","[0.48905761475593035, 1.5761865309189085, 0.5004387706635745, 1.020410804958642, 0.21881225404289492, 1.0955571106566184, 0.3669055988893846]",0.0003879948500587235,0.2767521120093762,0.0014019580455652619,51.4343287997193,47.78121187235742,44.98,75.45,200,0.1748620211146772
quality_4_6_scatter_1,scatter,ring,6,deterministic,41,"{""A"": 0, ""B"": 1, ""C"": 2, ""D"": 3}","[0.41671316159095184, 1.794031935317424, 0.41278778004658595, 1.2029828296801632, 0.12520930755274384, 1.0256143423413693, 0.05675851554028191, 0.5469696633356784, 0.017352953711721488, 0.4572352984647853, 0.11998964811125384]",0.052756256160895215,0.31508237772180764,0.16743639089671572,44.98345439435818,44.9800000000009,44.98,76.07000000000001,200,0.26377592189237475
quality_4_6_scatter_1,scatter,ring,6,deterministic,53,"{""A"": 0, ""B"": 1, ""C"": 2, ""D"": 3}","[0.3541938243988691, 1.7970744734264108, 0.3172782837505216, 0.9900727488160446, 0.10217319794626689, 0.8488516301476983, 0.09912021370857177, 0.6221281695930145, 0.13563910715199398, 0.5453735830517383, 0.06685759307705556]",0.007817132616894467,0.23165128173579752,0.0337452595052336,47.21818293634633,45.01541011695523,44.98,76.07000000000001,200,0.2631903332658112
quality_4_6_scatter_1,scatter,ring,6,poor,41,"{""A"": 2, ""B"": 5, ""C"": 3, ""D"": 1}","[0.25457616705748654, 1.7694940108416313, 0.20350915089703833, 1.3391724605525481, 0.17312926833280115, 0.7573182243957283, 0.01738432302599434, 0.6289128217056561, -0.035965691662599636, 0.4546315651857442, 0.043666790005345145]",0.0018069387365400957,0.2631944793365207,0.0068654127590181795,47.807783512844566,45.77200112221624,44.98,123.36,200,0.26349519472569227
quality_4_6_scatter_1,scatter,ring,6,poor,53,"{""A"": 2, ""B"": 5, ""C"": 3, ""D"": 1}","[0.32160234973664814, 1.7654238655598826, 0.19306624703769112, 1.2183167131475083, 0.07115279052964397, 0.8761503383146041, 0.41293129170917064, 0.6659598974273969, 0.04021508859378517, 0.7226278908932945, 0.07295533533091038]",0.0010878796644513255,0.2377157329337621,0.0045763889963246806,48.53464030129053,45.64035333107033,44.98,123.36,200,0.2636544043198228
quality_4_6_scatter_1,scatter,ring,6,random,41,"{""A"": 3, ""B"": 4, ""C"": 0, ""D"": 2}","[0.5319380600617045, 1.5899672713565518, 0.3791053522328535, 1.0367824565145927, 0.160497880663903, 0.820463832603688, 0.05967459246523471, 0.5917390534414716, -0.02786685508374269, 0.49304427585438143, 0.21697106422362822]",0.0007824350289578471,0.27576405244106955,0.00283733511323073,49.788843826009696,46.20439120225361,44.98,75.45,200,0.2643707199022174
quality_4_6_scatter_1,scatter,ring,6,random,53,"{""A"": 3, ""B"": 4, ""C"": 0, ""D"": 2}","[0.4164764602870697, 1.806246958311068, 0.07322092602322812, 0.9378818506759635, 0.12326990582935966, 0.7522585321908434, -0.06911300057998288, 0.6223766322248746, -0.03402244293007671, 0.4837241530509597, 0.3408984560980613]",0.0014568128158360212,0.2612022624741643,0.005577336130387139,49.17271958835158,45.50266381952576,44.98,75.45,200,0.2644513212144375
quality_4_6_scatter_1,scatter,token,1,deterministic,41,"{""A"": 0, ""B"": 1, ""C"": 2, ""D"": 3}",[0.6135414606531414],0.0,1.0,0.0,72.67539625268854,72.67000000002157,44.98,76.07000000000001,15,0.0022726082243025303
quality_4_6_scatter_1,scatter,token,1,deterministic,53,"{""A"": 0, ""B"": 1, ""C"": 2, ""D"": 3}",[0.6115056754309575],0.0,1.0,0.0,72.67560898072611,72.67000000002518,44.98,76.07000000000001,14,0.0017530722543597221
quality_4_6_scatter_1,scatter,token,1,poor,41,"{""A"": 2, ""B"": 5, ""C"": 3, ""D"": 1}",[1.024166460653142],0.0,1.0,0.0,87.12000186175493,87.11999999999999,44.98,123.36,17,0.0020647477358579636
quality_4_6_scatter_1,scatter,token,1,poor,53,"{""A"": 2, ""B"": 5, ""C"": 3, ""D"": 1}",[1.0245681754309577],0.0,1.0,0.0,87.12000185772303,87.11999999999999,44.98,123.36,15,0.0018382216803729534
quality_4_6_scatter_1,scatter,token,1,random,41,"{""A"": 3, ""B"": 4, ""C"": 0, ""D"": 2}",[0.9147914606531415],0.09212553336795751,0.9999999999999998,0.09212553336795752,44.98000402923417,44.98,44.98,75.45,17,0.0020499597303569317
quality_4_6_scatter_1,scatter,token,1,random,53,"{""A"": 3, ""B"": 4, ""C"": 0, ""D"": 2}",[0.9166306754309574],0.09246610130430402,1.0000000000000002,0.09246610130430401,44.980003840353476,44.98,44.98,75.45,16,0.001906530000269413
quality_4_6_scatter_1,scatter,token,2,deterministic,41,"{""A"": 0, ""B"": 1, ""C"": 2, ""D"": 3}","[0.7266585051586801, 1.9026590826520775, 1.1550100113676198]",0.0,1.0,0.0,51.449619471621624,49.87833216298374,44.98,76.07000000000001,98,0.017521634232252836
quality_4_6_scatter_1,scatter,token,2,deterministic,53,"{""A"": 0, ""B"": 1, ""C"": 2, ""D"": 3}","[0.7309834969656427, 1.6833180811226722, 1.1741342949872264]",0.0,1.0,0.0,50.91917698494058,48.053341576968,44.98,76.07000000000001,75,0.013002546969801188
quality_4_6_scatter_1,scatter,token,2,poor,41,"{""A"": 2, ""B"": 5, ""C"": 3, ""D"": 1}","[1.6173753070524937, 1.7461271102950269, 0.9316091040922387]",0.0,1.0,0.0,51.63102563267058,51.630000000001296,44.98,123.36,41,0.007381732109934092
quality_4_6_scatter_1,scatter,token,2,poor,53,"{""A"": 2, ""B"": 5, ""C"": 3, ""D"": 1}","[1.4816717860493656, 1.8561633512580267, 0.9419828824982647]",0.0,1.0,0.0,51.63149147271592,51.630000000005744,44.98,123.36,38,0.006861095316708088
quality_4_6_scatter_1,scatter,token,2,random,41,"{""A"": 3, ""B"": 4, ""C"": 0, ""D"": 2}","[1.1876247210178805, 1.757783114535554, 0.34202126458532245]",0.19474475525264093,1.0000000000000002,0.19474475525264087,44.980000000000864,44.98,44.98,75.45,177,0.029638368170708418
quality_4_6_scatter_1,scatter,token,2,random,53,"{""A"": 3, ""B"": 4, ""C"": 0, ""D"": 2}","[1.1888738600792208, 1.759870711301433, 0.34263150734365955]",0.1948954156890662,0.9999999999999999,0.19489541568906624,44.98000000000084,44.98,44.98,75.45,200,0.03345239022746682
quality_4_6_scatter_1,scatter,token,3,deterministic,41,"{""A"": 0, ""B"": 1, ""C"": 2, ""D"": 3}","[0.3534175677347352, 1.5295165349169018, 0.4524562315082439, 1.2346301675666533, 1.0624712081184042]",2.7954492490507438e-05,0.9999999999999999,2.795449249050744e-05,52.12428551736156,51.16506183310885,44.98,76.07000000000001,193,0.04756822809576988
quality_4_6_scatter_1,scatter,token,3,deterministic,53,"{""A"": 0, ""B"": 1, ""C"": 2, ""D"": 3}","[0.3658190200578311, 1.5291807916679856, 0.44541255974957994, 1.2355741842251562, 1.0368177595893506]",3.57032366912607e-05,0.9999999999999999,3.570323669126071e-05,52.123765959332545,51.20975857282556,44.98,76.07000000000001,200,0.04878895031288266
quality_4_6_scatter_1,scatter,token,3,poor,41,"{""A"": 2, ""B"": 5, ""C"": 3, ""D"": 1}","[1.535340678514273, 1.8785361139474055, 0.9217028140962671, 0.8622900910043665, 0.6266725153402996]",0.0,1.0,0.0,46.372490047661245,46.180373449321635,44.98,123.36,200,0.0488964319229126
quality_4_6_scatter_1,scatter,token,3,poor,53,"{""A"": 2, ""B"": 5, ""C"": 3, ""D"": 1}","[1.5731288095689384, 1.9185446180856975, 0.8968896363409904, 0.8560485256609481, 0.5691878268891518]",0.0,0.9999999999999999,0.0,46.69149744019414,46.190091934202435,44.98,123.36,200,0.04884826112538576
quality_4_6_scatter_1,scatter,token,3,random,41,"{""A"": 3, ""B"": 4, ""C"": 0, ""D"": 2}","[1.1305186413665977, 1.585283709224624, 0.32676024161005424, 1.2788779405522825, 0.20548681467438928]",0.21613651829679983,1.0,0.21613651829679983,44.98000000000003,44.98,44.98,75.45,200,0.048884169198572636
quality_4_6_scatter_1,scatter,token,3,random,53,"{""A"": 3, ""B"": 4, ""C"": 0, ""D"": 2}","[1.163372610157525, 1.5844695889980531, 0.21584834171295997, 1.279286462456326, 0.2529574081961362]",0.2227079881253201,1.0,0.2227079881253201,44.980000000000004,44.98,44.98,75.45,200,0.04857065109536052
quality_4_6_scatter_1,scatter,token,4,deterministic,41,"{""A"": 0, ""B"": 1, ""C"": 2, ""D"": 3}","[0.5371437879597829, 1.5368647782305218, 0.5859197889962637, 1.178868037678334, 0.7435997315107323, 1.0148235995048003, 0.38776309382074553]",0.00018320199577400548,1.0,0.00018320199577400548,50.00417985383228,47.455761804505826,44.98,76.07000000000001,200,0.06106185773387551
quality_4_6_scatter_1,scatter,token,4,deterministic,53,"{""A"": 0, ""B"": 1, ""C"": 2, ""D"": 3}","[0.4463253052032539, 1.5167182794861456, 0.4971250330228299, 1.210708147396641, 0.9706892977555939, 0.8152822010272628, 0.44812099183905474]",0.00029065068399806965,1.0000000000000002,0.0002906506839980696,49.280850854971966,46.5399713015934,44.98,76.07000000000001,200,0.06064761010929942
quality_4_6_scatter_1,scatter,token,4,poor,41,"{""A"": 2, ""B"": 5, ""C"": 3, ""D"": 1}","[1.4607509332511486, 1.9348846107813413, 0.722838305870654, 0.9859757364691428, 0.6404696431940082, 0.872048085363524, 0.44775278463465995]",0.0015990997394699777,0.9999999999999999,0.001599099739469978,46.50384597578175,45.48038382369709,44.98,123.36,200,0.060450660064816475
quality_4_6_scatter_1,scatter,token,4,poor,53,"{""A"": 2, ""B"": 5, ""C"": 3, ""D"": 1}","[1.506060867916601, 2.1144169409451634, 1.3530526464436707, 0.7471271250505812, 0.6141476868196745, 0.5005208439685006, 0.9142245310448998]",0.05631858637903151,1.0,0.05631858637903151,44.98061806398723,44.98000000000012,44.98,123.36,200,0.06068879598751664
quality_4_6_scatter_1,scatter,token,4,random,41,"{""A"": 3, ""B"": 4, ""C"": 0, ""D"": 2}","[1.1014115568395288, 1.5877150326478717, 0.27648957614139874, 1.2852257282406525, 0.23314286959695105, 0.79577923719713, -0.05610480132010664]",0.2222286280577733,1.0,0.2222286280577733,44.98000000000001,44.98,44.98,75.45,200,0.060717611107975245
quality_4_6_scatter_1,scatter,token,4,random,53,"{""A"": 3, ""B"": 4, ""C"": 0, ""D"": 2}","[0.9379879220743774, 1.6101198464244715, 0.3358702391008001, 1.2399720559856577, 0.3008917822525825, 0.7765415538429795, 0.14918164262219222]",0.10814786302419023,1.0,0.10814786302419023,44.9800004122962,44.98,44.98,75.45,200,0.06030366290360689
quality_4_6_scatter_1,scatter,token,6,deterministic,41,"{""A"": 0, ""B"": 1, ""C"": 2, ""D"": 3}","[0.5513235820413779, 1.542176594342391, 0.5722405931655697, 1.1448670605434579, 0.5703689584338003, 1.006112894550663, 0.3559533081711234, 0.6546623356542923, 0.23095592498071202, 0.532572850926961, 0.3128347764783888]",0.0005323967511629662,1.0,0.0005323967511629662,49.620185968463865,46.840211236284844,44.98,76.07000000000001,200,0.08982758689671755
quality_4_6_scatter_1,scatter,token,6,deterministic,53,"{""A"": 0, ""B"": 1, ""C"": 2, ""D"": 3}","[0.5611127771204436, 1.5381257320887638, 0.45511484804164154, 1.1497798295276664, 0.6611267487209174, 1.0022162289105825, 0.4056675422342453, 0.6623226616808962, 0.38043558179764286, 0.5166952911043835, 0.3164543577617477]",0.0008698791207207745,1.0,0.0008698791207207745,49.21723791295576,46.35782085993929,44.98,76.07000000000001,200,0.08846760215237737
quality_4_6_scatter_1,scatter,token,6,poor,41,"{""A"": 2, ""B"": 5, ""C"": 3, ""D"": 1}","[1.4607052939747385, 1.8699907496903676, 1.4692631377751737, 0.7190720504526996, 0.706567685457704, 0.5193932608413782, 0.5066427703161396, 0.7527038581181664, 0.35852108502192814, 0.22523468527148616, 0.34559235472996125]",0.14618486232184885,1.0,0.14618486232184885,44.98000000155702,44.98,44.98,123.36,200,0.08840665780007839
quality_4_6_scatter_1,scatter,token,6,poor,53,"{""A"": 2, ""B"": 5, ""C"": 3, ""D"": 1}","[1.3937706237320016, 1.9466408608451489, 0.5875882987241337, 0.9747467685831752, 0.5086871344674456, 0.8131153298188756, 0.4566925010524425, 0.4506781077584137, 0.17887326828014175, 0.3938703105270302, 0.37350262660187095]",0.0014843671348354094,1.0,0.0014843671348354094,46.02990095654612,45.4311373152245,44.98,123.36,200,0.08892822777852416
quality_4_6_scatter_1,scatter,token,6,random,41,"{""A"": 3, ""B"": 4, ""C"": 0, ""D"": 2}","[1.02175098747678, 1.7569689005139226, 0.34003905246695665, 1.3616431223004968, -0.04441396936435913, 0.8492224935092076, 0.2256012337823287, 0.7619418089750869, 0.0018226907758543509, 0.7308721427990038, 0.1125749434069227]",0.2534111602131777,0.9999999999999999,0.2534111602131778,44.97999999999999,44.98,44.98,75.45,133,0.05935434065759182
quality_4_6_scatter_1,scatter,token,6,random,53,"{""A"": 3, ""B"": 4, ""C"": 0, ""D"": 2}","[0.8344990570594083, 1.560691206219794, 0.4117498122703768, 1.1534902438396466, 0.3164950503515475, 0.8056164465338757, 0.15791839413384576, 0.6631974680541012, 0.22370145935376073, 0.48264893406677034, 0.284893360571335]",0.06149327791407882,0.9999999999999999,0.061493277914078825,44.98028164965286,44.980000000000004,44.98,75.45,200,0.08864782098680735
quality_4_6_scatter_2,scatter,complete,1,deterministic,41,"{""A"": 0, ""B"": 1, ""C"": 2, ""D"": 3}",[0.33654146065314156],0.002153632761960406,0.32932448970197936,0.006539546341996388,51.984521957814856,51.55151837028906,51.489999999999995,69.18,14,0.006249304860830307
quality_4_6_scatter_2,scatter,complete,1,deterministic,53,"{""A"": 0, ""B"": 1, ""C"": 2, ""D"": 3}",[0.3369431754309575],0.002156879766144925,0.32934184859638393,0.00654906072622502,51.984588062565265,51.55144145014687,51.489999999999995,69.18,15,0.006028821226209402
quality_4_6_scatter_2,scatter,complete,1,poor,41,"{""A"": 4, ""B"": 2, ""C"": 0, ""D"": 1}",[0.4626664606531415],6.962053012472857e-05,0.3426079459967605,0.00020320757570925358,54.16701587015695,52.424493276734026,51.489999999999995,83.93,15,0.006071080919355154
quality_4_6_scatter_2,scatter,complete,1,poor,53,"{""A"": 4, ""B"": 2, ""C"": 0, ""D"": 1}",[0.46506817543095763],6.448100882772231e-05,0.3426093572049454,0.00018820562682165867,54.158060459405085,52.423172635206235,51.489999999999995,83.93,15,0.006006048060953617
quality_4_6_scatter_2,scatter,complete,1,random,41,"{""A"": 0, ""B"": 4, ""C"": 1, ""D"": 2}",[0.5006039606531415],0.0009324527483625106,0.3418863432497657,0.0027273764125796203,53.39376007704339,51.86733855784706,51.489999999999995,78.56,12,0.004934166092425585
quality_4_6_scatter_2,scatter,complete,1,random,53,"{""A"": 0, ""B"": 4, ""C"": 1, ""D"": 2}",[0.49944317543095756],0.000888003655180863,0.3418414545984699,0.0025977061682700836,53.39433936191812,51.87638493684465,51.489999999999995,78.56,15,0.005989067256450653
quality_4_6_scatter_2,scatter,complete,2,deterministic,41,"{""A"": 0, ""B"": 1, ""C"": 2, ""D"": 3}","[0.6165272596355621, 1.5078743752869126, 0.200103932929343]",6.45075877444156e-05,0.29682892732055716,0.0002173224433572518,53.59397129680225,52.73341274691475,51.489999999999995,69.18,33,0.024143247865140438
quality_4_6_scatter_2,scatter,complete,2,deterministic,53,"{""A"": 0, ""B"": 1, ""C"": 2, ""D"": 3}","[0.5533556140332314, 1.6844898101519779, 0.12440245520922097]",0.0007237236996878214,0.32831730791084607,0.002204342208740171,54.18000400990661,52.58186410568283,51.489999999999995,69.18,32,0.02274297922849655
quality_4_6_scatter_2,scatter,complete,2,poor,41,"{""A"": 4, ""B"": 2, ""C"": 0, ""D"": 1}","[0.48022485194572234, 1.584112390971388, 0.19418495337719482]",6.42066969839361e-05,0.2825872310342873,0.0002272101847947464,53.573614829304134,51.917584127137154,51.489999999999995,83.93,34,0.024002595338970423
quality_4_6_scatter_2,scatter,complete,2,poor,53,"{""A"": 4, ""B"": 2, ""C"": 0, ""D"": 1}","[0.47989914220627494, 1.5903069164366452, 0.1911131552837925]",5.136403291755364e-05,0.2824226151031934,0.00018186940482363965,53.599346317972945,51.92885490300132,51.489999999999995,83.93,34,0.02397820819169283
quality_4_6_scatter_2,scatter,complete,2,random,41,"{""A"": 0, ""B"": 4, ""C"": 1, ""D"": 2}","[0.47648067131166427, 1.697655166005758, 0.36723472574486316]",0.00018474238909066382,0.27656911701968595,0.0006679790971654801,52.96057297580202,51.86456045231736,51.489999999999995,78.56,59,0.04087756387889385
quality_4_6_scatter_2,scatter,complete,2,random,53,"{""A"": 0, ""B"": 4, ""C"": 1, ""D"": 2}","[0.47785903680644015, 1.698153290169407, 0.36802684814005054]",0.00020437378942262893,0.27584871661955923,0.0007408908474440866,52.97912548454965,51.87309412331766,51.489999999999995,78.56,45,0.031409874092787504
quality_4_6_scatter_2,scatter,complete,3,deterministic,41,"{""A"": 0, ""B"": 1, ""C"": 2, ""D"": 3}","[0.6926583309499169, 2.0251663335042958, 0.24509813904324193, 1.1482159872278879, 0.042620913289250786]",0.0001530192012819983,0.27029407583142173,0.0005661211804635852,52.99280405924837,52.41867922001762,51.489999999999995,69.18,116,0.1201741942204535
quality_4_6_scatter_2,scatter,complete,3,deterministic,53,"{""A"": 0, ""B"": 1, ""C"": 2, ""D"": 3}","[0.30746890088799017, 1.514147682411493, 0.02491327467196156, 0.4804651491673158, -0.05428865059689181]",0.0012746171697396533,0.31920878091551474,0.003993051713940812,52.012640869253694,51.57660135561648,51.489999999999995,69.18,52,0.054047354962676764
quality_4_6_scatter_2,scatter,complete,3,poor,41,"{""A"": 4, ""B"": 2, ""C"": 0, ""D"": 1}","[0.35018872625766534, 1.5270238182859321, 0.21317936621811573, 1.1890405881993495, 0.15836276122707793]",0.0003520444746681891,0.2853215614733507,0.0012338516334001993,53.45063891838254,52.08852197359668,51.489999999999995,83.93,51,0.05318413442000747
quality_4_6_scatter_2,scatter,complete,3,poor,53,"{""A"": 4, ""B"": 2, ""C"": 0, ""D"": 1}","[0.4688219877933695, 1.6589847945372744, 0.1391896490717614, 1.1344995093124044, 0.06106027746081931]",3.722719942852252e-05,0.2880993374147795,0.0001292165395539461,53.30816083731444,52.2064559904215,51.489999999999995,83.93,98,0.10117134917527437
quality_4_6_scatter_2,scatter,complete,3,random,41,"{""A"": 0, ""B"": 4, ""C"": 1, ""D"": 2}","[0.4723223177140009, 1.7095713460761828, 0.36911294939164485, 1.0403004243853164, 0.049095893505254694]",0.00039941628179332656,0.25996675684429404,0.001536412911565286,53.17412590212921,51.876533362765585,51.489999999999995,78.56,137,0.14001604495570064
quality_4_6_scatter_2,scatter,complete,3,random,53,"{""A"": 0, ""B"": 4, ""C"": 1, ""D"": 2}","[0.5714686983510561, 1.8677410766266604, 0.4228280398056625, 1.1871287854305526, 0.4430959522036642]",0.00021305013123336643,0.2845004099328319,0.0007488570272488035,53.272803633654355,52.08411977007894,51.489999999999995,78.56,109,0.11183331999927759
quality_4_6_scatter_2,scatter,complete,4,deterministic,41,"{""A"": 0, ""B"": 1, ""C"": 2, ""D"": 3}","[0.32866214420051876, 1.538966873151053, -0.010549444963415016, 0.9112478025053963, -0.035006824532834165, 0.9525395404180477, 0.12752703529299597]",0.005714767054995257,0.24036473496904948,0.02377539723425368,51.99221997815418,51.503583911855706,51.489999999999995,69.18,109,0.14912921888753772
quality_4_6_scatter_2,scatter,complete,4,deterministic,53,"{""A"": 0, ""B"": 1, ""C"": 2, ""D"": 3}","[0.10113455377420767, 1.561362657309915, 0.597162505503526, 1.1422044146900705, 0.01669754530130989, 0.6644075064008564, -0.03913101442743138]",0.00031490019432816615,0.28922345608369204,0.001088778201436899,54.043891679580554,52.368102901176435,51.489999999999995,69.18,182,0.24592150328680873
quality_4_6_scatter_2,scatter,complete,4,poor,41,"{""A"": 4, ""B"": 2, ""C"": 0, ""D"": 1}","[0.4626712615795625, 1.7092578576893154, 0.2635793024641897, 0.988741735985796, 0.13468488457811148, 0.7499188114037982, 0.07373525217733375]",0.0008888422189361595,0.27502739639569196,0.003231831557818152,53.33148147221227,51.96619691070279,51.489999999999995,83.93,200,0.2702380269765854
quality_4_6_scatter_2,scatter,complete,4,poor,53,"{""A"": 4, ""B"": 2, ""C"": 0, ""D"": 1}","[0.4551653527776587, 1.5110224002663377, 0.3494784407996314, 1.0358185965670852, 0.12208319384225323, 0.892214332425504, -0.05829357644067489]",3.3335378892154805e-05,0.2631212654225956,0.00012669207423662732,54.80283530404748,52.474290356118416,51.489999999999995,83.93,200,0.27032520109787583
quality_4_6_scatter_2,scatter,complete,4,random,41,"{""A"": 0, ""B"": 4, ""C"": 1, ""D"": 2}","[0.58254513707069, 1.6650554291758206, 0.22509874085169995, 0.9479885582965437, -0.06914369819773096, 0.8216795784342397, 0.12256601519512114]",0.0020902461547350846,0.29650021139037636,0.00704972905392987,52.363121466999154,51.55255420025902,51.489999999999995,78.56,200,0.26910546980798244
quality_4_6_scatter_2,scatter,complete,4,random,53,"{""A"": 0, ""B"": 4, ""C"": 1, ""D"": 2}","[0.5000041743535375, 1.4786683205682327, 0.12084188191484815, 1.0757674320001507, 0.02574053281407185, 0.7900531921296918, 0.1609854055583494]",0.00022094811141113005,0.2524791501670237,0.0008751142867241324,53.370953656987965,51.85123935424683,51.489999999999995,78.56,110,0.14858224103227258
quality_4_6_scatter_2,scatter,complete,5,deterministic,41,"{""A"": 0, ""B"": 1, ""C"": 2, ""D"": 3}","[0.6074176559997396, 1.7693959122926894, 0.22642154800415865, 1.0104347129927338, 0.10173463728299055, 0.7476341066437787, 0.08851401576183501, 0.5722391634832994, 0.07507806707210006]",3.5858809528461675e-05,0.2493129826102246,0.00014383049431694963,53.27669013888206,52.118259134742004,51.489999999999995,69.18,140,0.23664361098781228
quality_4_6_scatter_2,scatter,complete,5,deterministic,53,"{""A"": 0, ""B"": 1, ""C"": 2, ""D"": 3}","[0.601591448185572, 1.4457525613090818, 0.15444799232111203, 1.1040631751110246, 0.10614241632877779, 1.000152109901113, 0.0048033056623687145, 0.7653434312691799, 0.07593125262746926]",1.7156950930407242e-05,0.29507980134636796,5.814342714114892e-05,54.45390889859732,52.72423283550103,51.489999999999995,69.18,195,0.3258061488159001
quality_4_6_scatter_2,scatter,complete,5,poor,41,"{""A"": 4, ""B"": 2, ""C"": 0, ""D"": 1}","[0.41626976311856123, 1.717485780033651, 0.22623064820315922, 0.9054218775078307, 0.08654724151856924, 0.7879571569464845, 0.029151557201170915, 0.6457578840024928, 0.04866081286209413]",0.00018671142524953296,0.27102250577375797,0.0006889148364873965,53.02719806885948,52.1368404674355,51.489999999999995,83.93,200,0.33514187997207046
quality_4_6_scatter_2,scatter,complete,5,poor,53,"{""A"": 4, ""B"": 2, ""C"": 0, ""D"": 1}","[0.5948500470445482, 1.5633380590853097, 0.39353883415842456, 0.9993245993044306, 0.17281061447271334, 0.7869572645961742, 0.08387821984006642, 0.896924427083362, 0.04605593186086251]",0.00034847092404422875,0.2840412930146237,0.0012268319170983632,53.484057028075235,51.81596514024558,51.489999999999995,83.93,111,0.18677114602178335
quality_4_6_scatter_2,scatter,complete,5,random,41,"{""A"": 0, ""B"": 4, ""C"": 1, ""D"": 2}","[0.5820927657513801, 1.6571540821655022, 0.22638989253249514, 1.0412013882523927, 0.004946505001158678, 0.7436707052486425, 0.11833360190925343, 0.6522222021337172, -0.04082604491070981]",0.0025926736169955113,0.29939760186076725,0.008659633881106422,52.48401533309256,51.54693291665764,51.489999999999995,78.56,181,0.3044887771829963
quality_4_6_scatter_2,scatter,complete,5,random,53,"{""A"": 0, ""B"": 4, ""C"": 1, ""D"": 2}","[0.6918011917404844, 1.6188969227645578, 0.42134500298092653, 1.108922586130896, 0.06990409048847533, 0.8673654814746623, 0.1311669645038744, 0.5582828839592244, 0.32988911639234675]",0.00014124171882891096,0.26297275406506365,0.0005370963974236111,53.56537753609399,52.119692394243025,51.489999999999995,78.56,200,0.33612802205607295
quality_4_6_scatter_2,scatter,complete,6,deterministic,41,"{""A"": 0, ""B"": 1, ""C"": 2, ""D"": 3}","[0.6693816285338994, 1.7584482381090156, 0.11748986600582702, 1.1208760186706348, 0.08648237845104899, 0.9191093150688803, 0.04211072267529672, 0.6009014301204663, -0.03341233298652557, 0.40563698115632024, 0.14410560767377267]",0.0005567586077915212,0.26555820295762567,0.0020965596302079267,54.166848176843196,52.35992016698959,51.489999999999995,69.18,200,0.40253712981939316
quality_4_6_scatter_2,scatter,complete,6,deterministic,53,"{""A"": 0, ""B"": 1, ""C"": 2, ""D"": 3}","[0.6296644407510333, 1.512448262031785, 0.08650703106906506, 0.9706923771632362, 0.015085524537810327, 0.7668614052315273, 0.14397058239138874, 0.6105074195478594, -0.001830427144022793, 0.41919568682495245, 0.014654545975160391]",7.842450076519193e-05,0.25761531685035693,0.0003044248367062235,54.68780177716169,52.98806211601011,51.489999999999995,69.18,152,0.30476153874769807
quality_4_6_scatter_2,scatter,complete,6,poor,41,"{""A"": 4, ""B"": 2, ""C"": 0, ""D"": 1}","[0.46948608832910543, 1.676714191645954, 0.25015864581791547, 1.027548667507692, 0.11333168856502805, 0.7385752681105416, 0.06995653859161235, 0.6816289314207251, 0.06978489636653108, 0.5704561315519582, 0.06068560384330266]",0.0002988884517588373,0.2696090011981618,0.0011085996774238083,53.27695828715244,52.14879853223207,51.489999999999995,83.93,176,0.3524111299775541
quality_4_6_scatter_2,scatter,complete,6,poor,53,"{""A"": 4, ""B"": 2, ""C"": 0, ""D"": 1}","[0.42939112869380175, 1.7673576189509046, 0.18761540531991447, 1.0192484920742955, 0.03358762572187793, 0.7878496659564083, 0.15985048411592384, 0.7009032602766577, 0.011742762380756647, 0.47451251923633175, 0.26287467343437154]",0.0004434144286294111,0.2618748614790583,0.0016932302173833138,53.753669035042655,52.19942317959804,51.489999999999995,83.93,191,0.38246167078614235
quality_4_6_scatter_2,scatter,complete,6,random,41,"{""A"": 0, ""B"": 4, ""C"": 1, ""D"": 2}","[0.6064813664153732, 1.5742467822680242, 0.19063895330199812, 0.9783935362597436, 0.15560259310637473, 1.0655540129557097, 0.08779116271246426, 0.5859308243484113, 0.1097092055515041, 0.48313769067724227, 0.13791359792017577]",0.00036874090835360506,0.2783366353936817,0.001324801917764274,52.599625824641464,51.72052745038174,51.489999999999995,78.56,200,0.4009704892523587
quality_4_6_scatter_2,scatter,complete,6,random,53,"{""A"": 0, ""B"": 4, ""C"": 1, ""D"": 2}","[0.3782069976906718, 1.561074838430977, 0.1647244280888998, 0.968004684611449, 0.31543129458601094, 0.783453799502881, 0.11385403508406444, 0.6562585313803664, 0.08194914536341374, 0.5205290133663121, 0.37011090144282005]",2.1718889840907015e-05,0.25816000932104066,8.412956715498877e-05,53.122151592758684,51.90368815185749,51.489999999999995,78.56,200,0.4019100540317595
quality_4_6_scatter_2,scatter,random_token,3,deterministic,41,"{""A"": 0, ""B"": 1, ""C"": 2, ""D"": 3}","[1.1691830601939672, 2.2139080667088757, 1.6241935560661855, 1.2649715384874571, 0.3048099384055541]",0.17588580221407374,1.0,0.17588580221407374,51.49000000000361,51.489999999999995,51.489999999999995,69.18,127,0.034222777001559734
quality_4_6_scatter_2,scatter,random_token,3,deterministic,53,"{""A"": 0, ""B"": 1, ""C"": 2, ""D"": 3}","[0.18996161157682379, 1.7895168671861748, 1.3020090439195386, 1.0903656413475515, 0.7717830695507761]",7.230294239691645e-09,0.9999999999999993,7.23029423969165e-09,61.627715551181986,61.29010677030247,51.489999999999995,69.18,148,0.03894673706963658
quality_4_6_scatter_2,scatter,random_token,3,poor,41,"{""A"": 4, ""B"": 2, ""C"": 0, ""D"": 1}","[0.539257932182454, 1.5095219344138853, -0.48174890969197914, 0.8388980040028651, 0.9915611323051242]",0.010163259056225294,0.9999999999999994,0.0101632590562253,51.61070245473001,51.492248354074036,51.489999999999995,83.93,200,0.05231421114876866
quality_4_6_scatter_2,scatter,random_token,3,poor,53,"{""A"": 4, ""B"": 2, ""C"": 0, ""D"": 1}","[0.5046370720202922, 1.4771893782302088, -0.5374339449521026, 0.8423986976762774, 1.0146316520092664]",0.009617181566710487,1.0000000000000009,0.009617181566710478,51.620243730511554,51.49298217478058,51.489999999999995,83.93,200,0.052063219249248505
quality_4_6_scatter_2,scatter,random_token,3,random,41,"{""A"": 0, ""B"": 4, ""C"": 1, ""D"": 2}","[0.5515216295754513, 1.471023813681353, -0.44642688761930993, 1.0357631920024462, 1.2627833885548538]",0.0007642594710682728,0.9999999999999994,0.0007642594710682732,53.69484651710931,52.08918395272754,51.489999999999995,78.56,200,0.05230310978367925
quality_4_6_scatter_2,scatter,random_token,3,random,53,"{""A"": 0, ""B"": 4, ""C"": 1, ""D"": 2}","[0.20248393072025894, 2.3645639233427413, 0.45152969779010294, 1.222856122953776, 1.3293231566295034]",1.656182093235646e-05,0.9999999999999991,1.6561820932356473e-05,56.23772159909402,56.08502422635714,51.489999999999995,78.56,200,0.05191096290946007
quality_4_6_scatter_2,scatter,ring,1,deterministic,41,"{""A"": 0, ""B"": 1, ""C"": 2, ""D"": 3}",[0.3615414606531414],0.0006520377633127815,0.27979066088362664,0.0023304486334659457,54.50006931303245,52.13101749225107,51.489999999999995,69.18,14,0.004239861853420734
quality_4_6_scatter_2,scatter,ring,1,deterministic,53,"{""A"": 0, ""B"": 1, ""C"": 2, ""D"": 3}",[0.3619431754309575],0.0006503070667235234,0.2798613898140878,0.0023236755422229665,54.501861261249836,52.132355581710065,51.489999999999995,69.18,13,0.0035592536441981792
quality_4_6_scatter_2,scatter,ring,1,poor,41,"{""A"": 4, ""B"": 2, ""C"": 0, ""D"": 1}",[0.4939164606531415],0.0,0.3630329658007347,0.0,55.342738163997126,52.23618721467777,51.489999999999995,83.93,14,0.0037934943102300167
quality_4_6_scatter_2,scatter,ring,1,poor,53,"{""A"": 4, ""B"": 2, ""C"": 0, ""D"": 1}",[0.49631817543095746],0.0,0.3636163814779726,0.0,55.374937802747816,52.24926069976102,51.489999999999995,83.93,15,0.003981146030128002
quality_4_6_scatter_2,scatter,ring,1,random,41,"{""A"": 0, ""B"": 4, ""C"": 1, ""D"": 2}",[0.3798539606531415],0.0,0.33068979502316637,0.0,54.89085858516567,52.878730069922945,51.489999999999995,78.56,14,0.003727178554981947
quality_4_6_scatter_2,scatter,ring,1,random,53,"{""A"": 0, ""B"": 4, ""C"": 1, ""D"": 2}",[0.3802556754309575],0.0,0.33070803166291596,0.0,54.893831140275715,52.88108901209679,51.489999999999995,78.56,13,0.003516293130815029
quality_4_6_scatter_2,scatter,ring,2,deterministic,41,"{""A"": 0, ""B"": 1, ""C"": 2, ""D"": 3}","[0.41916401252656305, 1.6554750907533495, 0.33110299822305733]",0.00015988757441054273,0.2994550305338374,0.0005339284971286398,53.321428279159235,51.98469945089222,51.489999999999995,69.18,46,0.022302140947431326
quality_4_6_scatter_2,scatter,ring,2,deterministic,53,"{""A"": 0, ""B"": 1, ""C"": 2, ""D"": 3}","[0.36199943853586264, 1.8224103897571198, 0.3140812657399784]",9.116264672633627e-05,0.29721940290098897,0.00030671835632717684,52.633298140018276,51.9065491799919,51.489999999999995,69.18,36,0.0170978382229805
quality_4_6_scatter_2,scatter,ring,2,poor,41,"{""A"": 4, ""B"": 2, ""C"": 0, ""D"": 1}","[0.5648101924003417, 1.759022764352991, 0.41243553076587]",0.0008166142029548399,0.2501573999412699,0.003264401545373267,54.48511978895969,52.268285185811315,51.489999999999995,83.93,37,0.01745145209133625
quality_4_6_scatter_2,scatter,ring,2,poor,53,"{""A"": 4, ""B"": 2, ""C"": 0, ""D"": 1}","[0.5653962729385263, 1.7597569126114128, 0.4139492198107441]",0.0008021146330043971,0.24959189079284308,0.003213704701929352,54.505946802799656,52.28457181111759,51.489999999999995,83.93,33,0.015551063232123852
quality_4_6_scatter_2,scatter,ring,2,random,41,"{""A"": 0, ""B"": 4, ""C"": 1, ""D"": 2}","[0.5271849462687141, 1.547938810830223, 0.5254688884773866]",3.212145922160465e-06,0.29441077860049436,1.0910422293061628e-05,56.14490496000684,54.130243836503,51.489999999999995,78.56,43,0.019939945079386234
quality_4_6_scatter_2,scatter,ring,2,random,53,"{""A"": 0, ""B"": 4, ""C"": 1, ""D"": 2}","[0.26105796443136625, 1.7870328040919954, 0.3015442611183406]",6.500201727238373e-07,0.33620087650313446,1.933427953801831e-06,53.277157780618396,52.488939618133635,51.489999999999995,78.56,39,0.01803354499861598
quality_4_6_scatter_2,scatter,ring,3,deterministic,41,"{""A"": 0, ""B"": 1, ""C"": 2, ""D"": 3}","[0.39856541007892443, 1.5506372784854185, 0.41681472709181144, 1.0086269126782454, 0.2734035146384137]",0.00016071470381765946,0.29286543144502614,0.000548766384016979,54.01436113276609,52.02497665268003,51.489999999999995,69.18,52,0.03690597601234913
quality_4_6_scatter_2,scatter,ring,3,deterministic,53,"{""A"": 0, ""B"": 1, ""C"": 2, ""D"": 3}","[0.3418053155099313, 1.7076135199853768, 0.3363362310098469, 0.9937172816904835, 0.26099513026827414]",0.00010871311620445372,0.25888799679059493,0.00041992335508852423,53.355118977292534,51.779254547764765,51.489999999999995,69.18,65,0.04433891363441944
quality_4_6_scatter_2,scatter,ring,3,poor,41,"{""A"": 4, ""B"": 2, ""C"": 0, ""D"": 1}","[0.6103975381372767, 1.7541589188316717, 0.6761788217869787, 1.0942283020933077, 0.6261232161547722]",4.89268130102544e-05,0.22163295308131425,0.00022075603979478534,54.05723874530223,52.44735521460033,51.489999999999995,83.93,187,0.12518340069800615
quality_4_6_scatter_2,scatter,ring,3,poor,53,"{""A"": 4, ""B"": 2, ""C"": 0, ""D"": 1}","[0.6193389956850895, 1.764734536699932, 0.6782985777731427, 1.0962044362974597, 0.6150971560196873]",4.378356733129499e-05,0.21966367884336377,0.00019932092352198047,54.65784711872112,52.50526279177171,51.489999999999995,83.93,103,0.06960939895361662
quality_4_6_scatter_2,scatter,ring,3,random,41,"{""A"": 0, ""B"": 4, ""C"": 1, ""D"": 2}","[0.6554561441711309, 1.9631803490194, 0.5400562195964667, 1.6615064815130605, 0.7125918687631847]",0.06724190251472219,0.31952464660849267,0.2104435549133472,51.49023672707575,51.489999999999995,51.489999999999995,78.56,94,0.06356362486258149
quality_4_6_scatter_2,scatter,ring,3,random,53,"{""A"": 0, ""B"": 4, ""C"": 1, ""D"": 2}","[0.6178797882837497, 1.5289359112863599, 0.5798107409689652, 0.9965868575793635, 0.33722854116858975]",0.002487184558832972,0.2822238497982763,0.00881280784955178,53.25030853888694,51.70815892294427,51.489999999999995,78.56,162,0.10870850272476673
quality_4_6_scatter_2,scatter,ring,4,deterministic,41,"{""A"": 0, ""B"": 1, ""C"": 2, ""D"": 3}","[0.3855908184220247, 1.5583990148889053, 0.42581865718415146, 1.007322526852828, 0.28424815788738184, 0.793161171222219, 0.055066286201622815]",0.0002015819777191116,0.2962859671457857,0.0006803628928531888,54.41039380121652,52.187812460046636,51.489999999999995,69.18,81,0.07225411524996161
quality_4_6_scatter_2,scatter,ring,4,deterministic,53,"{""A"": 0, ""B"": 1, ""C"": 2, ""D"": 3}","[0.36973920577190694, 1.49617772199982, 0.2993663431956493, 1.0252384924342572, 0.3675891581172833, 0.7183276178286909, 0.21866690412195694]",0.0012395938476557785,0.2885656751345711,0.004295707890682772,53.021837386575704,51.72085681399817,51.489999999999995,69.18,164,0.14289167523384094
quality_4_6_scatter_2,scatter,ring,4,poor,41,"{""A"": 4, ""B"": 2, ""C"": 0, ""D"": 1}","[0.551699389144375, 1.3846450933674448, 0.41325692679520903, 1.0934896513951933, 0.550516292872042, 0.7339106159395409, 0.15063872099606376]",0.02555582991894445,0.3012727959411944,0.08482621153730956,51.55688584904932,51.49000152262724,51.489999999999995,83.93,195,0.1696707527153194
quality_4_6_scatter_2,scatter,ring,4,poor,53,"{""A"": 4, ""B"": 2, ""C"": 0, ""D"": 1}","[0.625109209425199, 1.812335633887958, 0.7371376372764074, 1.0557415560592052, 0.5563182731123458, 0.9131168125873689, 0.2107739684710471]",5.683363238822702e-05,0.23458754330485831,0.00024227046154095598,52.80842546654896,52.3760958506578,51.489999999999995,83.93,200,0.17447091732174158
quality_4_6_scatter_2,scatter,ring,4,random,41,"{""A"": 0, ""B"": 4, ""C"": 1, ""D"": 2}","[0.44459831840122005, 1.7470566813545736, 0.1813299308398003, 1.0360645923008323, 0.44006791818655533, 0.8016740174584261, 0.24854432633323145]",0.00036549731587902606,0.2813488645827996,0.0012990893580502151,54.008540334049414,52.43730141272014,51.489999999999995,78.56,89,0.07855448592454195
quality_4_6_scatter_2,scatter,ring,4,random,53,"{""A"": 0, ""B"": 4, ""C"": 1, ""D"": 2}","[0.14540511698553146, 1.9800607393286385, 0.42580936349532, 1.0940788972243694, 0.46980213946966554, 0.8092033660281632, 0.6150226046407412]",0.0006647631783022892,0.28201157869555615,0.002357219449560013,52.981903024450475,52.316827598808004,51.489999999999995,78.56,200,0.17424841923639178
quality_4_6_scatter_2,scatter,ring,6,deterministic,41,"{""A"": 0, ""B"": 1, ""C"": 2, ""D"": 3}","[0.13828343868963663, 1.7421195806799101, 0.21323255666377644, 0.9824419328470497, 0.09060915615732959, 0.8812864109932987, -0.007285234801710454, 0.9456831245787516, 0.21230094272230446, 0.44233589900196146, 0.252925364357254]",0.0005620531131563606,0.22716645625689036,0.002474190610786149,52.72665232356632,51.81286245887956,51.489999999999995,69.18,200,0.26136535592377186
quality_4_6_scatter_2,scatter,ring,6,deterministic,53,"{""A"": 0, ""B"": 1, ""C"": 2, ""D"": 3}","[0.4521896782860852, 1.3591428110176478, 0.4724926208524963, 1.0273793914383036, 0.470848860070521, 1.016410942486785, 0.46595776892073965, 0.6854683925183461, 0.2251726293755448, 0.5582475181718454, 0.10601229157386738]",6.499064951828287e-05,0.25796150076038393,0.00025193933717516855,54.46584888288565,52.63056720454737,51.489999999999995,69.18,200,0.2616632650606334
quality_4_6_scatter_2,scatter,ring,6,poor,41,"{""A"": 4, ""B"": 2, ""C"": 0, ""D"": 1}","[0.5319258370466157, 1.527669069447165, 0.5311686390098265, 1.018382205344829, 0.6252933967428662, 0.9839115621735353, 0.0614057632911318, 0.5730735465878498, -0.057339746456485395, 0.559069391767336, 0.1304971324680248]",0.003444183877564436,0.3012909041748009,0.011431423351453758,52.15393396076988,51.59536486337274,51.489999999999995,83.93,200,0.2611902058124542
quality_4_6_scatter_2,scatter,ring,6,poor,53,"{""A"": 4, ""B"": 2, ""C"": 0, ""D"": 1}","[0.5123580230625719, 1.7835223229035266, 0.44090603669765577, 1.2426303573411612, 0.5501685955094452, 0.9900673162515186, 0.4497316043051295, 0.6946806762297029, 0.19565639729900314, 0.5656794551610486, 0.14730372702926053]",0.00042103202470664364,0.27596716268152544,0.001525659866976737,52.646817996274166,51.623526507095306,51.489999999999995,83.93,200,0.26169265108183026
quality_4_6_scatter_2,scatter,ring,6,random,41,"{""A"": 0, ""B"": 4, ""C"": 1, ""D"": 2}","[0.6432815023713356, 1.7742813137930713, 0.5097315484935683, 1.1288062969418002, 0.5924635929829127, 0.931362098400093, 0.1327048571222994, 0.9412637071791159, 0.17521171518109815, 0.5504792515622323, 0.26215612665796706]",0.0046520054797198306,0.27579079130839024,0.016867878211778077,51.77409232883671,51.50111569121804,51.489999999999995,78.56,200,0.2611241419799626
quality_4_6_scatter_2,scatter,ring,6,random,53,"{""A"": 0, ""B"": 4, ""C"": 1, ""D"": 2}","[0.4206746554237216, 1.828846208096533, 0.40948437767582585, 1.180989239217331, 0.35892169733888574, 1.0372491266535262, 0.4585980972088664, 0.8562779612011865, 0.24954489806653674, 0.7747749375798821, 0.07905595665117165]",0.0007134627861286827,0.26500788944781717,0.0026922322486899806,53.252283309732974,51.78949790458805,51.489999999999995,78.56,200,0.26061472622677684
quality_4_6_scatter_2,scatter,token,1,deterministic,41,"{""A"": 0, ""B"": 1, ""C"": 2, ""D"": 3}",[0.7334164606531416],0.0,1.0,0.0,67.05049634252758,67.05000000000003,51.489999999999995,69.18,16,0.0023722248151898384
quality_4_6_scatter_2,scatter,token,1,deterministic,53,"{""A"": 0, ""B"": 1, ""C"": 2, ""D"": 3}",[0.7302556754309576],0.0,1.0,0.0,67.05050770846718,67.05000000000001,51.489999999999995,69.18,15,0.0018980051390826702
quality_4_6_scatter_2,scatter,token,1,poor,41,"{""A"": 4, ""B"": 2, ""C"": 0, ""D"": 1}",[1.1980414606531415],0.0,0.9999999999999998,0.0,56.29,56.29,51.489999999999995,83.93,8,0.0012794220820069313
quality_4_6_scatter_2,scatter,token,1,poor,53,"{""A"": 4, ""B"": 2, ""C"": 0, ""D"": 1}",[1.1765681754309576],0.0,0.9999999999999998,0.0,56.29,56.29,51.489999999999995,83.93,8,0.0012512900866568089
quality_4_6_scatter_2,scatter,token,1,random,41,"{""A"": 0, ""B"": 4, ""C"": 1, ""D"": 2}",[1.0454789606531416],0.0,0.9999999999999999,0.0,65.23000129382929,65.23,51.489999999999995,78.56,15,0.0019161575473845005
quality_4_6_scatter_2,scatter,token,1,random,53,"{""A"": 0, ""B"": 4, ""C"": 1, ""D"": 2}",[1.0478806754309575],0.0,0.9999999999999999,0.0,65.23000129344122,65.23,51.489999999999995,78.56,18,0.0022341557778418064
quality_4_6_scatter_2,scatter,token,2,deterministic,41,"{""A"": 0, ""B"": 1, ""C"": 2, ""D"": 3}","[1.061656468722912, 1.776757952860814, 1.5798718175784023]",6.550238774063984e-06,1.0,6.550238774063984e-06,54.00611724194447,53.99422182213948,51.489999999999995,69.18,72,0.0129499277099967
quality_4_6_scatter_2,scatter,token,2,deterministic,53,"{""A"": 0, ""B"": 1, ""C"": 2, ""D"": 3}","[1.0635869384223378, 2.0972526435206875, 1.5788043003139356]",5.2001217608438495e-06,1.0,5.2001217608438495e-06,54.0069717769316,53.99762869462847,51.489999999999995,69.18,37,0.006757489871233702
quality_4_6_scatter_2,scatter,token,2,poor,41,"{""A"": 4, ""B"": 2, ""C"": 0, ""D"": 1}","[1.1053605606224801, 1.5435223541447487, 0.4127529515570996]",1.919623418060691e-05,1.0,1.919623418060691e-05,55.42951907897046,54.26471513441414,51.489999999999995,83.93,33,0.006119010969996452
quality_4_6_scatter_2,scatter,token,2,poor,53,"{""A"": 4, ""B"": 2, ""C"": 0, ""D"": 1}","[1.1196756848067966, 1.510351508092327, 0.44006773221263695]",2.3639157144020448e-05,1.0,2.3639157144020448e-05,55.3301890454204,54.16278119268106,51.489999999999995,83.93,33,0.006119881756603718
quality_4_6_scatter_2,scatter,token,2,random,41,"{""A"": 0, ""B"": 4, ""C"": 1, ""D"": 2}","[0.9941783163477583, 1.276188679157838, 1.6305771827236537]",0.0,1.0,0.0,53.013330698495935,52.946403983294864,51.489999999999995,78.56,48,0.00854639895260334
quality_4_6_scatter_2,scatter,token,2,random,53,"{""A"": 0, ""B"": 4, ""C"": 1, ""D"": 2}","[0.9937899742032648, 1.7467415297561084, 1.6339350511295054]",0.0,1.0,0.0,53.01096979033174,52.938340825912384,51.489999999999995,78.56,43,0.007669782731682062
quality_4_6_scatter_2,scatter,token,3,deterministic,41,"{""A"": 0, ""B"": 1, ""C"": 2, ""D"": 3}","[1.5472497877604894, 1.6634134810115828, 0.8826892266734843, 1.1134330223051316, 1.3927045530396016]",0.005181557293952122,1.0,0.005181557293952122,51.77050773163959,51.521899138982576,51.489999999999995,69.18,200,0.04801171086728573
quality_4_6_scatter_2,scatter,token,3,deterministic,53,"{""A"": 0, ""B"": 1, ""C"": 2, ""D"": 3}","[1.5448725140679405, 1.6160549295858948, 0.884275886660273, 1.1125524500704624, 1.3927242917940095]",0.005171918020927715,0.9999999999999998,0.0051719180209277155,51.770749293384924,51.52203943451423,51.489999999999995,69.18,200,0.04741594195365906
quality_4_6_scatter_2,scatter,token,3,poor,41,"{""A"": 4, ""B"": 2, ""C"": 0, ""D"": 1}","[1.0939623214801275, 1.4775330968505231, 0.27782984364232083, 1.1119663312667323, 0.2328454073828406]",7.852391013027008e-06,1.0,7.852391013027008e-06,55.68049603905745,54.64891859402857,51.489999999999995,83.93,54,0.013431443367153406
quality_4_6_scatter_2,scatter,token,3,poor,53,"{""A"": 4, ""B"": 2, ""C"": 0, ""D"": 1}","[1.1515169711070923, 1.5080733750321054, 0.3272601803438956, 1.092557116913172, 0.3037243555346601]",6.502081143357505e-06,1.0000000000000002,6.502081143357504e-06,55.77024998363571,54.79322546851559,51.489999999999995,83.93,50,0.012437656987458467
quality_4_6_scatter_2,scatter,token,3,random,41,"{""A"": 0, ""B"": 4, ""C"": 1, ""D"": 2}","[1.85945223527023, 1.3483984862992782, 0.6434880083223653, 1.6810723437799748, 1.1168827416288123]",0.0020667601101430288,1.0,0.0020667601101430288,51.585018712943544,51.53160480246234,51.489999999999995,78.56,179,0.043029503896832466
quality_4_6_scatter_2,scatter,token,3,random,53,"{""A"": 0, ""B"": 4, ""C"": 1, ""D"": 2}","[1.8849709579643679, 1.672115979070637, 0.6856024453044088, 0.3681984613300889, 1.1326767453256794]",0.0039648540909676695,1.0,0.0039648540909676695,51.563246061270284,51.50569671479932,51.489999999999995,78.56,107,0.025812712963670492
quality_4_6_scatter_2,scatter,token,4,deterministic,41,"{""A"": 0, ""B"": 1, ""C"": 2, ""D"": 3}","[1.541046363064146, 1.608753264673625, 0.883982482136338, 1.1168050394874975, 1.3844095603949422, 1.2608464955444685, -0.034127448265677165]",0.005346298421838305,0.9999999999999999,0.005346298421838306,51.75109771319727,51.51786353405861,51.489999999999995,69.18,200,0.059868927113711834
quality_4_6_scatter_2,scatter,token,4,deterministic,53,"{""A"": 0, ""B"": 1, ""C"": 2, ""D"": 3}","[1.669255239334766, 1.4223522422511863, 0.45868585234870035, 1.2928998781522842, 0.6792609746280119, 1.2027725351946916, 1.2048949051911857]",0.014719140988896394,0.9999999999999998,0.014719140988896397,51.5597471470475,51.49020858667735,51.489999999999995,69.18,200,0.05933461431413889
quality_4_6_scatter_2,scatter,token,4,poor,41,"{""A"": 4, ""B"": 2, ""C"": 0, ""D"": 1}","[1.2339097596527349, 1.3411577404709631, 0.4517286901748511, 1.0333719537983916, 0.3470750667815038, 1.1374018066835037, 0.2641254025520527]",2.603061113228209e-05,1.0000000000000002,2.6030611132282082e-05,55.77106792009609,54.736810087645125,51.489999999999995,83.93,71,0.021475198213011026
quality_4_6_scatter_2,scatter,token,4,poor,53,"{""A"": 4, ""B"": 2, ""C"": 0, ""D"": 1}","[1.0988840635198456, 1.4805077101302648, 0.2779020801530119, 0.8773540981857323, 0.18907059993900605, 1.0645244632560873, -0.06359718485371474]",3.029124591902564e-06,1.0,3.029124591902564e-06,55.54768019246277,54.4707691348142,51.489999999999995,83.93,99,0.029622587841004133
quality_4_6_scatter_2,scatter,token,4,random,41,"{""A"": 0, ""B"": 4, ""C"": 1, ""D"": 2}","[1.7324185467479445, 0.8332564736760031, 0.6273844408010264, 1.3270067093293736, 0.4574308009384988, 0.6808358758691753, 1.0004589273799234]",0.0009398071884000684,1.0,0.0009398071884000684,51.59640038357245,51.56414956571647,51.489999999999995,78.56,113,0.03372767707332969
quality_4_6_scatter_2,scatter,token,4,random,53,"{""A"": 0, ""B"": 4, ""C"": 1, ""D"": 2}","[1.143250432918493, 1.0480384560550011, 1.4687294743705086, 1.7281258141643328, 0.4837568065003417, 0.6469451920670554, 0.6383811859480264]",0.0002171350068590458,0.9999999999999998,0.00021713500685904586,52.243154562519734,51.6735788001072,51.489999999999995,78.56,200,0.059627423994243145
quality_4_6_scatter_2,scatter,token,6,deterministic,41,"{""A"": 0, ""B"": 1, ""C"": 2, ""D"": 3}","[1.3827441985135356, 1.5200997367532452, 0.4245887613107364, 1.5002155472171705, 0.5970205347427733, 0.6546189202452753, 0.5108491945085156, 0.4974380311957516, 0.4304664427194499, 0.9245340445248099, 0.5718880481201376]",0.050907830546430846,1.0,0.050907830546430846,51.490502479994916,51.49000000000084,51.489999999999995,69.18,200,0.08850974217057228
quality_4_6_scatter_2,scatter,token,6,deterministic,53,"{""A"": 0, ""B"": 1, ""C"": 2, ""D"": 3}","[1.4411343538697494, 1.617324282167813, 0.4549254946652774, 1.441659101076416, 0.36251069936411734, 0.6943024312058713, 0.4924051953689635, 0.46851894062568195, 0.38511893015055326, 0.4951846464472913, 0.6414874552243917]",0.11580591872721605,1.0,0.11580591872721605,51.49000005998085,51.489999999999995,51.489999999999995,69.18,200,0.08746979804709554
quality_4_6_scatter_2,scatter,token,6,poor,41,"{""A"": 4, ""B"": 2, ""C"": 0, ""D"": 1}","[1.1461840894560407, 1.2215869561097685, 0.49594475517093217, 0.7660145062170165, 0.02340803426552134, 0.9457744087801832, 0.331322566499319, 0.4792091798546559, -0.08342659944468801, 0.5929139053653558, 0.15692162166484486]",9.404901409400388e-06,1.0,9.404901409400388e-06,55.048604107035956,53.98327852789708,51.489999999999995,83.93,118,0.05197315011173487
quality_4_6_scatter_2,scatter,token,6,poor,53,"{""A"": 4, ""B"": 2, ""C"": 0, ""D"": 1}","[1.1634447839321624, 1.4400242286003697, 0.4747192505868653, 1.0282810254684105, 0.18053382931877743, 1.0821624250177697, 0.16822210954036879, 0.9269894717836007, 0.22075833631683328, 0.671548915318104, -0.05009367361697262]",7.136133674667141e-05,0.9999999999999999,7.136133674667142e-05,55.167411896132535,53.9698098715506,51.489999999999995,83.93,174,0.07621762808412313
quality_4_6_scatter_2,scatter,token,6,random,41,"{""A"": 0, ""B"": 4, ""C"": 1, ""D"": 2}","[1.1974293217692922, 1.043875215027478, 1.3520150096429835, 1.481291232985053, 0.44052618543913075, 0.9419158074418146, -0.23926534927346144, 0.5292699126379109, 0.6797221512303376, 0.6301551631516432, 0.4162305695820046]",0.0037375192206901926,1.0,0.0037375192206901926,51.58010305653791,51.50764237651522,51.489999999999995,78.56,200,0.087855682708323
quality_4_6_scatter_2,scatter,token,6,random,53,"{""A"": 0, ""B"": 4, ""C"": 1, ""D"": 2}","[1.5174482931430253, 0.642936497049466, 0.8196612729920095, 1.6693309518415227, 0.4855625413275597, 0.3667834310418215, 0.8519719013363577, 0.6082640289725395, 0.16121637215353768, 0.8639019761435385, -0.11117219615802978]",0.00010395453003644967,1.0,0.00010395453003644967,51.60844025809062,51.60377971525611,51.489999999999995,78.56,200,0.08700420521199703
quality_4_6_scatter_3,scatter,complete,1,deterministic,41,"{""A"": 0, ""B"": 1, ""C"": 2, ""D"": 3}",[0.4844164606531415],0.0035900303696291672,0.36913876910044796,0.009725422172202857,31.456195544328644,29.610000487159986,29.15,84.06,15,0.00654823612421751
quality_4_6_scatter_3,scatter,complete,1,deterministic,53,"{""A"": 0, ""B"": 1, ""C"": 2, ""D"": 3}",[0.4838181754309575],0.0036037433835884427,0.3692805457600908,0.0097588227296698,31.44843387500075,29.60648026464806,29.15,84.06,14,0.0057205930352211
quality_4_6_scatter_3,scatter,complete,1,poor,41,"{""A"": 0, ""B"": 1, ""C"": 4, ""D"": 2}",[0.4897914606531415],0.0005492876607055302,0.3418761721214707,0.0016066860035813344,33.63180659718398,32.10641036129587,29.15,99.51,13,0.005349296145141125
quality_4_6_scatter_3,scatter,complete,1,poor,53,"{""A"": 0, ""B"": 1, ""C"": 4, ""D"": 2}",[0.3708806754309576],6.225855722823711e-06,0.34518544421543695,1.8036263774025284e-05,36.101734783046744,34.30366564713898,29.15,99.51,13,0.005330850835889578
quality_4_6_scatter_3,scatter,complete,1,random,41,"{""A"": 5, ""B"": 3, ""C"": 2, ""D"": 0}",[0.3146664606531415],0.000336805327014314,0.3434300468786102,0.0009807101331857611,32.66692194775377,31.01700727752545,29.15,53.14999999999999,15,0.0059482501819729805
quality_4_6_scatter_3,scatter,complete,1,random,53,"{""A"": 5, ""B"": 3, ""C"": 2, ""D"": 0}",[0.3120681754309576],0.00034029977009816543,0.3430938814863974,0.0009918561316916322,32.68560698510297,31.013483019815276,29.15,53.14999999999999,14,0.005571833811700344
quality_4_6_scatter_3,scatter,complete,2,deterministic,41,"{""A"": 0, ""B"": 1, ""C"": 2, ""D"": 3}","[0.3579058562832877, 1.7816391946621188, 0.10619632464027155]",0.0014146330637531128,0.2726274151086162,0.005188887783679112,32.79884186890973,30.170554904935337,29.15,84.06,35,0.025245037861168385
quality_4_6_scatter_3,scatter,complete,2,deterministic,53,"{""A"": 0, ""B"": 1, ""C"": 2, ""D"": 3}","[0.4748411291961914, 1.7337860229987472, 0.10049197700074904]",0.0012024637919902238,0.37776966523151,0.0031830607448412075,32.600284511311926,30.806896352667454,29.15,84.06,36,0.025360553991049528
quality_4_6_scatter_3,scatter,complete,2,poor,41,"{""A"": 0, ""B"": 1, ""C"": 4, ""D"": 2}","[0.5970092134209537, 1.6148662501157571, 0.140258486265906]",7.367723273311676e-05,0.3574053449271714,0.00020614474231808142,35.11141388523787,33.29089461472742,29.15,99.51,29,0.020616365130990744
quality_4_6_scatter_3,scatter,complete,2,poor,53,"{""A"": 0, ""B"": 1, ""C"": 4, ""D"": 2}","[0.5964897518805167, 1.6146713722750368, 0.13913604804926624]",7.680896952118464e-05,0.358631516749147,0.00021417239125391877,35.108004138657286,33.30870715819962,29.15,99.51,35,0.02458494808524847
quality_4_6_scatter_3,scatter,complete,2,random,41,"{""A"": 5, ""B"": 3, ""C"": 2, ""D"": 0}","[0.23899638267576695, 1.4480190034085045, 0.4659255199258853]",0.00038849004863190104,0.27207520902196325,0.0014278774241446607,33.98173142759398,31.411614405273028,29.15,53.14999999999999,27,0.019171440973877907
quality_4_6_scatter_3,scatter,complete,2,random,53,"{""A"": 5, ""B"": 3, ""C"": 2, ""D"": 0}","[0.2352219064641902, 1.538255495786607, 0.13634633105445304]",0.0015002178178908602,0.2975793692133307,0.005041403985285599,32.33848662532673,30.178565983133332,29.15,53.14999999999999,200,0.13355204602703452
quality_4_6_scatter_3,scatter,complete,3,deterministic,41,"{""A"": 0, ""B"": 1, ""C"": 2, ""D"": 3}","[0.3675234965584762, 1.7976042601292814, 0.07529883360720548, 1.0095825970749612, 0.09249098176493327]",0.0015456818715428584,0.25501690790591725,0.0060610956514032515,32.046026663814544,30.022226768539422,29.15,84.06,59,0.06258358480408788
quality_4_6_scatter_3,scatter,complete,3,deterministic,53,"{""A"": 0, ""B"": 1, ""C"": 2, ""D"": 3}","[0.4882018754411237, 1.6381942525269073, 0.07480525342754327, 1.245549139368099, 0.07847519100716753]",0.0006785124936969365,0.304469078764395,0.0022285103513647263,32.54194978106737,31.125710961489773,29.15,84.06,123,0.12685024086385965
quality_4_6_scatter_3,scatter,complete,3,poor,41,"{""A"": 0, ""B"": 1, ""C"": 4, ""D"": 2}","[0.4498455353296137, 1.8747169739238005, 0.08904506483020676, 1.0621749090363033, 0.05980597069350919]",0.0009564723150412379,0.28192343545030724,0.0033926669257328514,32.47894558434984,30.515634825164657,29.15,99.51,153,0.15730594331398606
quality_4_6_scatter_3,scatter,complete,3,poor,53,"{""A"": 0, ""B"": 1, ""C"": 4, ""D"": 2}","[0.6244413755967915, 1.77432151815853, 0.1115272674521082, 0.9755377590979414, 0.08967157026980514]",0.00016562341144388265,0.35939162406195974,0.00046084382705404646,35.439498586835,32.796630509038174,29.15,99.51,58,0.060635977890342474
quality_4_6_scatter_3,scatter,complete,3,random,41,"{""A"": 5, ""B"": 3, ""C"": 2, ""D"": 0}","[0.3408230927791512, 1.6117750754708435, 0.3881754784121436, 1.0014003735094257, 0.1280643287483012]",0.000421698139431992,0.2591048251755378,0.0016275194379197719,34.028356802377765,31.373531607044974,29.15,53.14999999999999,53,0.05548096727579832
quality_4_6_scatter_3,scatter,complete,3,random,53,"{""A"": 5, ""B"": 3, ""C"": 2, ""D"": 0}","[0.29170504257678154, 1.5306256099686335, 0.5971837328424369, 0.8733763561376799, -0.09403341640144883]",0.000414638936245584,0.26303698969594774,0.0015763521956546013,34.54371325936438,31.646078454522417,29.15,53.14999999999999,65,0.06774232210591435
quality_4_6_scatter_3,scatter,complete,4,deterministic,41,"{""A"": 0, ""B"": 1, ""C"": 2, ""D"": 3}","[0.5298733139441023, 1.662644118501637, 0.08231026434389295, 1.274118422806999, 0.11038557541779198, 1.024600352362585, 0.04488384083960169]",0.0005329108176276132,0.2885480893138038,0.0018468700274360797,33.26896300317618,31.934694965488106,29.15,84.06,111,0.16113134613260627
quality_4_6_scatter_3,scatter,complete,4,deterministic,53,"{""A"": 0, ""B"": 1, ""C"": 2, ""D"": 3}","[0.504654107466391, 1.5875248382060247, 0.1301048665696468, 1.143235531770239, 0.06096663080135014, 0.688783739914359, 0.05427293419947934]",0.000297052651890864,0.2646272446173069,0.0011225323844506238,34.58693670422257,32.02794986988994,29.15,84.06,200,0.28636538330465555
quality_4_6_scatter_3,scatter,complete,4,poor,41,"{""A"": 0, ""B"": 1, ""C"": 4, ""D"": 2}","[0.47889126471113624, 1.812421724637355, 0.09450114690425887, 1.009404860418016, 0.077957423524897, 0.7156028310035639, -0.07528255416139168]",0.0004024636359061831,0.3205764588938138,0.0012554372747610055,33.38515339635957,31.90584866880957,29.15,99.51,80,0.11600275989621878
quality_4_6_scatter_3,scatter,complete,4,poor,53,"{""A"": 0, ""B"": 1, ""C"": 4, ""D"": 2}","[0.44979805480242974, 1.811959503423605, 0.09135891096107171, 0.9179516806467556, -0.0014887185481518297, 0.7990491238983926, -0.06634512298798614]",0.0005001403109092625,0.273878584402947,0.001826138805264983,33.77047468352877,32.447638976519144,29.15,99.51,74,0.1073325788602233
quality_4_6_scatter_3,scatter,complete,4,random,41,"{""A"": 5, ""B"": 3, ""C"": 2, ""D"": 0}","[0.45824479280724817, 1.5832539119445912, 0.2346034959553096, 1.0249717431610428, 0.1204048039977001, 0.8116977104126182, 0.13004091491935654]",0.0017755689395880009,0.31135674644226946,0.005702683368440259,33.5755484074301,30.270709112611467,29.15,53.14999999999999,145,0.20724230911582708
quality_4_6_scatter_3,scatter,complete,4,random,53,"{""A"": 5, ""B"": 3, ""C"": 2, ""D"": 0}","[0.4570440843755341, 1.5832415664563941, 0.2345857610324776, 1.0256346330501467, 0.12156826668091965, 0.8122477202029527, 0.12987214089849308]",0.0017722850773621071,0.31040783057427235,0.005709537269350705,33.613972531463936,30.293806220903793,29.15,53.14999999999999,101,0.1465452159754932
quality_4_6_scatter_3,scatter,complete,5,deterministic,41,"{""A"": 0, ""B"": 1, ""C"": 2, ""D"": 3}","[0.4749414705717821, 1.6618461784356444, 0.045892615345361314, 1.1644837921883668, 0.05164613105830193, 0.8545459272847206, 0.0546901883715396, 0.8603446025662472, 0.0847160412246573]",0.01073490077053684,0.32246821867758313,0.03328979461777606,30.0746612358213,29.160890641323785,29.15,84.06,174,0.290912251919508
quality_4_6_scatter_3,scatter,complete,5,deterministic,53,"{""A"": 0, ""B"": 1, ""C"": 2, ""D"": 3}","[0.5106932070299314, 1.586389247661146, 0.11891558795727064, 1.1367938676817397, 0.07582837501834382, 0.7599378693688583, -0.03595743648299421, 0.8463952828195432, 0.06355772416457524]",0.0005125060758492587,0.28154157686626063,0.0018203566292189662,33.57657690253354,31.440323318842758,29.15,84.06,200,0.33391846204176545
quality_4_6_scatter_3,scatter,complete,5,poor,41,"{""A"": 0, ""B"": 1, ""C"": 4, ""D"": 2}","[0.49253713450419834, 1.8060271299486343, 0.10155658504461067, 1.0171483167678843, 0.08796202416439992, 0.7144951970247143, -0.0745548612041555, 0.5832027365700186, -0.03502366771863354]",0.0003620877366767235,0.30853304954601224,0.0011735784455166594,33.49960180260252,32.07732424769965,29.15,99.51,113,0.18914558505639434
quality_4_6_scatter_3,scatter,complete,5,poor,53,"{""A"": 0, ""B"": 1, ""C"": 4, ""D"": 2}","[0.3830864640869003, 1.7687819573178198, 0.11707073647291644, 1.041103144216382, 0.011261439135563376, 0.8140000323882576, 0.07245500237733145, 0.9532870547288308, 0.027881479096269056]",0.0003485062624291453,0.24567325264037876,0.0014185763353705236,34.48682131982153,32.029455775205676,29.15,99.51,186,0.31080270279198885
quality_4_6_scatter_3,scatter,complete,5,random,41,"{""A"": 5, ""B"": 3, ""C"": 2, ""D"": 0}","[0.4532182108688238, 1.5812011327867646, 0.24048216745720694, 1.0237792075672487, 0.12413735387493514, 0.8109388031829274, 0.1307231781075979, 0.6306880442717191, 0.03358277316486905]",0.0018855694336693714,0.3116123457943223,0.00605101004218212,33.61263169124923,30.264270846856586,29.15,53.14999999999999,149,0.24947508703917265
quality_4_6_scatter_3,scatter,complete,5,random,53,"{""A"": 5, ""B"": 3, ""C"": 2, ""D"": 0}","[0.34779618858602024, 1.5712958389514426, 0.38920547404511185, 1.2345558919501103, 0.061330974490663916, 0.8448666670021233, 0.19221455660255218, 0.6249833836431401, 0.03787552089319503]",0.00916057515746469,0.25767698712038,0.03555061420050331,31.014809163910183,29.18155031823718,29.15,53.14999999999999,200,0.3329415679909289
quality_4_6_scatter_3,scatter,complete,6,deterministic,41,"{""A"": 0, ""B"": 1, ""C"": 2, ""D"": 3}","[0.559275402672078, 1.6994209195327625, 0.07600259554354079, 1.2646038830340454, 0.12380944669991101, 0.9366090904845144, 0.028438247428933125, 0.6107459105671016, 0.034850548677285854, 0.547004634004307, 0.06508823494352307]",0.0007410339278638085,0.26318041618681853,0.002815687955055842,32.60096041926409,30.637665768105,29.15,84.06,200,0.4017840367741883
quality_4_6_scatter_3,scatter,complete,6,deterministic,53,"{""A"": 0, ""B"": 1, ""C"": 2, ""D"": 3}","[0.5549032940895451, 1.6307958888410357, 0.1445386452386391, 1.0759746732391746, 0.0854894099455272, 0.8206518975179541, -0.0017155684096909778, 0.6351835041337819, 0.06976979944697134, 0.5234511309165635, 0.1183666081425165]",0.002646031381496298,0.2627594468809682,0.01007016650744804,33.624554652197034,30.049564695509325,29.15,84.06,200,0.4034179854206741
quality_4_6_scatter_3,scatter,complete,6,poor,41,"{""A"": 0, ""B"": 1, ""C"": 4, ""D"": 2}","[0.5955137102521517, 1.7544884134078473, 0.13419134905394825, 1.2689756218152537, -0.022287515113236525, 0.7375985415606523, 0.2386977011669251, 0.544910499721981, -0.06856349791027717, 0.44524571198325436, 0.015826686021662248]",0.009218463914185925,0.2848934884042221,0.032357580251558,30.127963743983926,29.16045523269758,29.15,99.51,200,0.40713475458323956
quality_4_6_scatter_3,scatter,complete,6,poor,53,"{""A"": 0, ""B"": 1, ""C"": 4, ""D"": 2}","[0.6259044417594201, 1.633783703567697, 0.1154039795364391, 1.2540497215882551, 0.15196885628199888, 0.8411717637109686, -0.024631726447813924, 0.7309887483801861, -0.010696870176738527, 0.6049073895628809, 0.06872851045822881]",0.000834916678250728,0.27263909260438046,0.0030623512948022243,34.41006630210821,31.27391899748,29.15,99.51,200,0.4019809258170426
quality_4_6_scatter_3,scatter,complete,6,random,41,"{""A"": 5, ""B"": 3, ""C"": 2, ""D"": 0}","[0.45430263496386203, 1.5758866148070387, 0.2329406851634811, 1.020250283201479, 0.1235472161462961, 0.8150184561632252, 0.13525872473832756, 0.5522967309338634, -0.023684770218498217, 0.5113409702078782, 0.020206912870519046]",0.0014694866252543464,0.3070535562575607,0.0047857665065495,33.31426745726296,30.329015448433644,29.15,53.14999999999999,200,0.4062905190512538
quality_4_6_scatter_3,scatter,complete,6,random,53,"{""A"": 5, ""B"": 3, ""C"": 2, ""D"": 0}","[0.45227990101549354, 1.8208855022364232, 0.36401447869042675, 0.996456354344495, 0.31351314706423816, 0.802184552731908, 0.16959900017971977, 0.6822878805338883, 0.1403218673065814, 0.4615125221373121, 0.08975442970272524]",0.002367659457341556,0.2642474261512574,0.008960009532831886,33.552251521662704,30.1835584204737,29.15,53.14999999999999,200,0.40028310799971223
quality_4_6_scatter_3,scatter,random_token,3,deterministic,41,"{""A"": 0, ""B"": 1, ""C"": 2, ""D"": 3}","[1.3118619341332498, 1.5167404335337475, -0.3532234054112983, 1.0330174777814125, 1.0209572317116895]",0.0,0.9999999999999989,0.0,33.98077014394956,32.95355488476963,29.15,84.06,200,0.05452210595831275
quality_4_6_scatter_3,scatter,random_token,3,deterministic,53,"{""A"": 0, ""B"": 1, ""C"": 2, ""D"": 3}","[1.3911496917326238, 2.122787553488465, -0.3436404183687473, 0.6023374859126385, 1.0274844554548581]",0.0,0.9999999999999991,0.0,33.388572195871795,32.85079010896051,29.15,84.06,155,0.04234685329720378
quality_4_6_scatter_3,scatter,random_token,3,poor,41,"{""A"": 0, ""B"": 1, ""C"": 4, ""D"": 2}","[1.1563001724509931, 1.7163149764942567, 0.32932809899730164, 0.4847749487213842, 1.2225955355530496]",0.0,1.000000000000001,0.0,36.48756187310311,36.480255418726124,29.15,99.51,200,0.054111605044454336
quality_4_6_scatter_3,scatter,random_token,3,poor,53,"{""A"": 0, ""B"": 1, ""C"": 4, ""D"": 2}","[1.1552766442190834, 1.7169008065437936, 0.3327742829687005, 0.4850604565384971, 1.2229729210423321]",0.0,1.0000000000000009,0.0,36.488463237987304,36.48385610143628,29.15,99.51,191,0.051499439869076014
quality_4_6_scatter_3,scatter,random_token,3,random,41,"{""A"": 5, ""B"": 3, ""C"": 2, ""D"": 0}","[0.6836878263704445, 1.8515171502385626, 0.39251296484980697, 1.0110707161436343, 0.27401204490942777]",0.013282102259398592,0.9999999999999994,0.013282102259398599,29.34509691635931,29.15105306388228,29.15,53.14999999999999,96,0.02609974332153797
quality_4_6_scatter_3,scatter,random_token,3,random,53,"{""A"": 5, ""B"": 3, ""C"": 2, ""D"": 0}","[0.7107743728231357, 1.835373077119698, 0.16120287778784395, 1.0357844851201572, 0.2918424433993503]",0.01642111668925505,0.9999999999999996,0.016421116689255055,29.269743947160226,29.1502060362546,29.15,53.14999999999999,86,0.023162367288023233
quality_4_6_scatter_3,scatter,ring,1,deterministic,41,"{""A"": 0, ""B"": 1, ""C"": 2, ""D"": 3}",[0.5220414606531415],0.00011809084726025588,0.34958146609210833,0.0003378063733766169,37.04261558695542,35.30827833841915,29.15,84.06,12,0.003927034325897694
quality_4_6_scatter_3,scatter,ring,1,deterministic,53,"{""A"": 0, ""B"": 1, ""C"": 2, ""D"": 3}",[0.5244431754309575],0.0001129380965475921,0.3503380273184203,0.00032236893440329645,37.06096857410871,35.35511781045349,29.15,84.06,13,0.003695119172334671
quality_4_6_scatter_3,scatter,ring,1,poor,41,"{""A"": 0, ""B"": 1, ""C"": 4, ""D"": 2}",[0.43129146065314156],0.0009202937099099896,0.34247915431459824,0.002687152483051906,33.64730167433654,31.648191875904107,29.15,99.51,14,0.003922867123037577
quality_4_6_scatter_3,scatter,ring,1,poor,53,"{""A"": 0, ""B"": 1, ""C"": 4, ""D"": 2}",[0.4302556754309575],0.0009100170425796615,0.34211948905144113,0.002659939207505455,33.65499193972372,31.659567982256156,29.15,99.51,14,0.0038716401904821396
quality_4_6_scatter_3,scatter,ring,1,random,41,"{""A"": 5, ""B"": 3, ""C"": 2, ""D"": 0}",[0.3271664606531416],0.0,0.37897887320957657,0.0,35.026431958309026,34.01035620530164,29.15,53.14999999999999,16,0.004298462066799402
quality_4_6_scatter_3,scatter,ring,1,random,53,"{""A"": 5, ""B"": 3, ""C"": 2, ""D"": 0}",[0.3275681754309576],0.0,0.378710331804645,0.0,35.02924600769497,34.01032303302478,29.15,53.14999999999999,13,0.0035646241158246994
quality_4_6_scatter_3,scatter,ring,2,deterministic,41,"{""A"": 0, ""B"": 1, ""C"": 2, ""D"": 3}","[0.5343953320605813, 1.526743078549577, 0.1502165416362744]",0.0002305132234912107,0.3312011838747868,0.000695991544457637,36.85298196349012,34.67872636550915,29.15,84.06,31,0.015141805168241262
quality_4_6_scatter_3,scatter,ring,2,deterministic,53,"{""A"": 0, ""B"": 1, ""C"": 2, ""D"": 3}","[0.5355534617114693, 1.5259893196624312, 0.15167761902394972]",0.00022643502207046537,0.33065482317564576,0.0006848078606437922,36.86456492111524,34.70147295529085,29.15,84.06,34,0.01583086885511875
quality_4_6_scatter_3,scatter,ring,2,poor,41,"{""A"": 0, ""B"": 1, ""C"": 4, ""D"": 2}","[0.41105872955077744, 1.5736732137735467, 0.10727210472457019]",0.001178054136167315,0.3730552047839022,0.003157854711743589,33.26575307399965,31.346559505740366,29.15,99.51,40,0.018332977313548326
quality_4_6_scatter_3,scatter,ring,2,poor,53,"{""A"": 0, ""B"": 1, ""C"": 4, ""D"": 2}","[0.4110863238931697, 1.5726069615495455, 0.1009150487477446]",0.0011693819751125991,0.3719145602942029,0.0031442220874266387,33.27815921932087,31.360827402834694,29.15,99.51,39,0.018031099811196327
quality_4_6_scatter_3,scatter,ring,2,random,41,"{""A"": 5, ""B"": 3, ""C"": 2, ""D"": 0}","[0.13937267389000682, 1.6110279010027222, 0.4161203536096257]",5.859204927884891e-07,0.354715223035759,1.6518053208261157e-06,35.021308490134984,33.16138304052252,29.15,53.14999999999999,33,0.015320730861276388
quality_4_6_scatter_3,scatter,ring,2,random,53,"{""A"": 5, ""B"": 3, ""C"": 2, ""D"": 0}","[0.26320292268671036, 1.847312688716923, 0.2807740188281908]",2.800706231146949e-05,0.3870392237325719,7.236233589291511e-05,33.851916721226075,32.732721669167105,29.15,53.14999999999999,42,0.019279514905065298
quality_4_6_scatter_3,scatter,ring,3,deterministic,41,"{""A"": 0, ""B"": 1, ""C"": 2, ""D"": 3}","[0.6173972644087765, 1.5708854861506494, 0.12144641433428985, 0.9515174959886024, 0.18717272195364018]",3.6550528655707613e-06,0.3008725044883731,1.2148178417918567e-05,37.54554085897442,36.138552080711435,29.15,84.06,50,0.03403965337201953
quality_4_6_scatter_3,scatter,ring,3,deterministic,53,"{""A"": 0, ""B"": 1, ""C"": 2, ""D"": 3}","[0.6707949259057644, 1.4967794129560752, -0.06437636337328237, 1.0207889180548058, 0.2310533190354473]",3.986779963308457e-05,0.2799250428109193,0.00014242312596523933,37.881238671289815,36.82627456915368,29.15,84.06,61,0.04046754399314523
quality_4_6_scatter_3,scatter,ring,3,poor,41,"{""A"": 0, ""B"": 1, ""C"": 4, ""D"": 2}","[0.2933267587913463, 1.7430407539089237, 0.27002725994732596, 1.0347933481888616, 0.18134861314764963]",9.635465807402004e-06,0.3416642573578196,2.820156220587901e-05,37.60830953381858,33.837314581734866,29.15,99.51,200,0.129863569047302
quality_4_6_scatter_3,scatter,ring,3,poor,53,"{""A"": 0, ""B"": 1, ""C"": 4, ""D"": 2}","[0.3748007490058924, 1.6188228207670485, 0.19069939761241264, 1.1946233437122191, 0.14763443969428136]",0.0007410477519254403,0.3016471195438511,0.0024566710699775555,33.58954359035069,31.84046772758644,29.15,99.51,67,0.04402807867154479
quality_4_6_scatter_3,scatter,ring,3,random,41,"{""A"": 5, ""B"": 3, ""C"": 2, ""D"": 0}","[0.3591138689568867, 1.5057984943359908, 0.20881126205627884, 1.0529909483122628, 0.2064250340586184]",4.2326303519931466e-05,0.3386358317510971,0.00012499062282057024,32.32006645614772,31.19335512957998,29.15,53.14999999999999,67,0.04428664594888687
quality_4_6_scatter_3,scatter,ring,3,random,53,"{""A"": 5, ""B"": 3, ""C"": 2, ""D"": 0}","[0.4156776769765601, 1.4170207424627752, -0.17667126142775108, 0.8648205790611542, 0.13849863405557955]",1.7601443994705608e-05,0.3035665746507186,5.798215437571707e-05,34.95759768823755,31.894830213691836,29.15,53.14999999999999,89,0.05817041825503111
quality_4_6_scatter_3,scatter,ring,4,deterministic,41,"{""A"": 0, ""B"": 1, ""C"": 2, ""D"": 3}","[0.6576113821199736, 1.5201737118466234, 0.09964985899150852, 0.9868666275337744, 0.18748380262942851, 0.6752979284735532, 0.2093433665809494]",1.4286310882653373e-05,0.2254243846944858,6.337517967284413e-05,37.33095497970276,36.12903592550359,29.15,84.06,200,0.1735141701065004
quality_4_6_scatter_3,scatter,ring,4,deterministic,53,"{""A"": 0, ""B"": 1, ""C"": 2, ""D"": 3}","[0.5645371317546235, 1.5263071807152555, 0.12304284855483336, 0.9684251372677614, 0.17340239723077577, 1.0269852895506646, -0.16019474868067238]",6.314547271488832e-05,0.24035640703713904,0.00026271599535572726,36.72310896954627,34.67169900929255,29.15,84.06,194,0.16724486788734794
quality_4_6_scatter_3,scatter,ring,4,poor,41,"{""A"": 0, ""B"": 1, ""C"": 4, ""D"": 2}","[0.27506346149636074, 1.7480863812815353, 0.2988996849409313, 1.0198509406472598, 0.1496395294005669, 0.9746918143929718, 0.13046495939071753]",0.0002854840445505355,0.3165931231241721,0.0009017379838619072,37.5349834752588,33.4436287208882,29.15,99.51,200,0.17197027103975415
quality_4_6_scatter_3,scatter,ring,4,poor,53,"{""A"": 0, ""B"": 1, ""C"": 4, ""D"": 2}","[0.5556374739736375, 1.8413199049919207, 0.43795492113303824, 1.2502365746765922, 0.1251191132432471, 0.7646100202942261, 0.30345800614866675]",0.001026968024670873,0.275367169326159,0.0037294497640511363,32.634191861962314,30.372867180455504,29.15,99.51,105,0.09090099204331636
quality_4_6_scatter_3,scatter,ring,4,random,41,"{""A"": 5, ""B"": 3, ""C"": 2, ""D"": 0}","[0.3628114516874857, 1.5097733497572625, 0.19836161434788518, 1.0554318539163952, 0.23138968677613506, 0.6921951806590169, -0.050839687527902064]",4.088507273086064e-05,0.3317447825110804,0.00012324254935191048,32.54388519911877,31.235016291114498,29.15,53.14999999999999,162,0.13962241588160396
quality_4_6_scatter_3,scatter,ring,4,random,53,"{""A"": 5, ""B"": 3, ""C"": 2, ""D"": 0}","[0.12962205432399246, 1.8943584715286808, 0.4706671536540427, 1.0152190271380426, 0.07348911772833208, 0.8749465063621328, 0.16827135819770334]",9.172407743146806e-06,0.29223580678679995,3.138700847099999e-05,36.18508160507634,34.027543809005465,29.15,53.14999999999999,200,0.17182797379791737
quality_4_6_scatter_3,scatter,ring,6,deterministic,41,"{""A"": 0, ""B"": 1, ""C"": 2, ""D"": 3}","[0.7439766419632063, 1.7453995671357838, 0.014488704856988896, 0.9709329648785272, 0.26469991655787284, 0.7185164163061192, 0.23659776177350966, 0.5211234648173112, -0.03551204810760845, 0.42166507783681584, -0.06577880115900084]",8.335184030030056e-05,0.18636794296608894,0.00044724344205197917,37.320874254070354,35.33218371479505,29.15,84.06,200,0.26300484500825405
quality_4_6_scatter_3,scatter,ring,6,deterministic,53,"{""A"": 0, ""B"": 1, ""C"": 2, ""D"": 3}","[0.6074945022790695, 1.538437335966612, 0.058589716406149385, 0.9671612146687362, 0.23864459513571606, 1.0095176276534605, -0.13757437460664265, 0.6521058472105282, 0.09879863012948602, 0.5105453903307289, -0.0027173539488232878]",0.00013929042598754906,0.2364438321994635,0.0005891057706679528,36.72990657342888,34.44654124073435,29.15,84.06,200,0.2628923738375306
quality_4_6_scatter_3,scatter,ring,6,poor,41,"{""A"": 0, ""B"": 1, ""C"": 4, ""D"": 2}","[0.3543456482058812, 1.777844371872345, 0.4645617329708414, 1.2308369109736965, 0.3179345565069505, 0.7772412522260993, 0.1644651246714696, 0.5782958232086337, 0.25099338414387007, 0.5242653581202888, 0.2975461639441047]",0.0032027992760935964,0.26121088311965523,0.012261354648942636,32.53711009782616,29.760898461183693,29.15,99.51,200,0.2633444922976196
quality_4_6_scatter_3,scatter,ring,6,poor,53,"{""A"": 0, ""B"": 1, ""C"": 4, ""D"": 2}","[0.5254839453076138, 1.8610698211365049, 0.2914158245539729, 0.9740963561736861, 0.22871345118120923, 0.8108109035152681, 0.3408585134495662, 0.7328602277432995, -0.1427594644368487, 0.45137630520410366, 0.2872192712179975]",5.702108702363181e-05,0.26930082005595507,0.0002117375172187891,33.96981468885851,31.151851574090518,29.15,99.51,200,0.2639574930071831
quality_4_6_scatter_3,scatter,ring,6,random,41,"{""A"": 5, ""B"": 3, ""C"": 2, ""D"": 0}","[0.36657459195084036, 1.8658955648756987, 0.18249175907187096, 1.0811557785281578, 0.020567108370404742, 0.7415514436183529, 0.03693739314182153, 0.5514008878794475, 0.07525573968157172, 0.5319468382075518, 0.015067173212567272]",6.5151764038722355e-06,0.315406524057586,2.06564414713334e-05,34.150352730463474,33.689624036544686,29.15,53.14999999999999,200,0.2636018246412277
quality_4_6_scatter_3,scatter,ring,6,random,53,"{""A"": 5, ""B"": 3, ""C"": 2, ""D"": 0}","[0.6086945393725366, 1.6177266724818313, 0.051410541743879795, 0.9970943418268459, 0.2332343708004345, 0.7446930349756233, 0.06958897702625921, 0.6848476770994828, 0.165443657880943, 0.525729178215149, 0.09267876378114297]",5.128904519729792e-06,0.2265801774418364,2.2636157220974868e-05,36.44855776936703,33.49354452346361,29.15,53.14999999999999,200,0.26208259211853147
quality_4_6_scatter_3,scatter,token,1,deterministic,41,"{""A"": 0, ""B"": 1, ""C"": 2, ""D"": 3}",[0.8876664606531416],0.0,1.0,0.0,56.33004223903226,56.33,29.15,84.06,16,0.002478464040905237
quality_4_6_scatter_3,scatter,token,1,deterministic,53,"{""A"": 0, ""B"": 1, ""C"": 2, ""D"": 3}",[0.8870681754309573],0.0,1.0,0.0,56.33004299160064,56.33,29.15,84.06,17,0.0021585640497505665
quality_4_6_scatter_3,scatter,token,1,poor,41,"{""A"": 0, ""B"": 1, ""C"": 4, ""D"": 2}",[1.2115414606531414],0.0,1.0,0.0,61.87,61.87,29.15,99.51,13,0.0017570685595273972
quality_4_6_scatter_3,scatter,token,1,poor,53,"{""A"": 0, ""B"": 1, ""C"": 4, ""D"": 2}",[1.1765681754309576],0.0,0.9999999999999999,0.0,61.87,61.87,29.15,99.51,9,0.0013734586536884308
quality_4_6_scatter_3,scatter,token,1,random,41,"{""A"": 5, ""B"": 3, ""C"": 2, ""D"": 0}",[0.6937914606531413],0.0,0.9999999999999999,0.0,33.880774951033615,33.88000000000007,29.15,53.14999999999999,15,0.001968827098608017
quality_4_6_scatter_3,scatter,token,1,random,53,"{""A"": 5, ""B"": 3, ""C"": 2, ""D"": 0}",[0.6927556754309573],0.0,1.0,0.0,33.88078450543212,33.880000000000074,29.15,53.14999999999999,15,0.0019234209321439266
quality_4_6_scatter_3,scatter,token,2,deterministic,41,"{""A"": 0, ""B"": 1, ""C"": 2, ""D"": 3}","[0.9396435122496423, 1.7245217597463622, 1.312032368501227]",0.0,1.0,0.0,34.489277906946114,32.52637940848845,29.15,84.06,93,0.017460539937019348
quality_4_6_scatter_3,scatter,token,2,deterministic,53,"{""A"": 0, ""B"": 1, ""C"": 2, ""D"": 3}","[0.9481366060380495, 1.7263694747463914, 1.3085178163558757]",0.0,1.0,0.0,34.41832003504274,32.468204734230326,29.15,84.06,80,0.014334569219499826
quality_4_6_scatter_3,scatter,token,2,poor,41,"{""A"": 0, ""B"": 1, ""C"": 4, ""D"": 2}","[1.5708813500801106, 2.0499131548845635, 0.6375642983938061]",0.0,1.0,0.0,43.22000832631631,43.2199976264297,29.15,99.51,44,0.008203594945371151
quality_4_6_scatter_3,scatter,token,2,poor,53,"{""A"": 0, ""B"": 1, ""C"": 4, ""D"": 2}","[1.5708259175773285, 2.0211768093455715, 0.6379280768321667]",0.0,1.0,0.0,43.220008924522396,43.21999971208314,29.15,99.51,38,0.007142862770706415
quality_4_6_scatter_3,scatter,token,2,random,41,"{""A"": 5, ""B"": 3, ""C"": 2, ""D"": 0}","[0.5720124960303931, 1.8092794481048153, 0.4227409053871377]",0.0013965459191685099,0.9999999999999999,0.00139654591916851,33.24107659921087,30.505697360279324,29.15,53.14999999999999,24,0.004716247320175171
quality_4_6_scatter_3,scatter,token,2,random,53,"{""A"": 5, ""B"": 3, ""C"": 2, ""D"": 0}","[0.5748157843974895, 1.79613822450312, 0.3749130067156129]",0.0009141375722130645,0.9999999999999999,0.0009141375722130646,33.46351613951242,30.866116800719652,29.15,53.14999999999999,25,0.00493372417986393
quality_4_6_scatter_3,scatter,token,3,deterministic,41,"{""A"": 0, ""B"": 1, ""C"": 2, ""D"": 3}","[1.4120562874818243, 1.9511393155723957, 1.5711351511316083, 0.6375315299014863, 0.9510022892677211]",0.11005149116071608,0.9999999999999998,0.11005149116071611,29.1500008295266,29.15,29.15,84.06,70,0.01759048318490386
quality_4_6_scatter_3,scatter,token,3,deterministic,53,"{""A"": 0, ""B"": 1, ""C"": 2, ""D"": 3}","[1.2131659057266682, 1.5898345499700377, 1.4784688833023008, 1.0561441625548404, 0.7653971565240898]",0.012408559128504994,1.0,0.012408559128504994,29.578424686088432,29.151944111633277,29.15,84.06,200,0.047231175005435944
quality_4_6_scatter_3,scatter,token,3,poor,41,"{""A"": 0, ""B"": 1, ""C"": 4, ""D"": 2}","[1.046808339756088, 1.9560389438858887, 1.5705828894801233, 0.8189776192025023, 1.5709418061406706]",0.10546858925125646,1.0,0.10546858925125646,29.150000630770485,29.15,29.15,99.51,70,0.017006046138703823
quality_4_6_scatter_3,scatter,token,3,poor,53,"{""A"": 0, ""B"": 1, ""C"": 4, ""D"": 2}","[1.3456610741585942, 2.0092038097035956, 0.47192823863536054, 1.0013289071438582, 0.5726552967547552]",1.197856724710974e-07,1.0,1.197856724710974e-07,38.941889439099555,37.48116325493825,29.15,99.51,200,0.04681569477543235
quality_4_6_scatter_3,scatter,token,3,random,41,"{""A"": 5, ""B"": 3, ""C"": 2, ""D"": 0}","[0.33807653852862785, 1.8302724414054687, 0.0371004358120839, 1.0478012749070373, 0.7422059074154853]",0.000249500063641423,1.0,0.000249500063641423,32.963653752511526,31.290880470819314,29.15,53.14999999999999,200,0.04679248109459877
quality_4_6_scatter_3,scatter,token,3,random,53,"{""A"": 5, ""B"": 3, ""C"": 2, ""D"": 0}","[0.3425257156483824, 1.8253521417486236, 0.03346144158345826, 1.0534264410446803, 0.7397693397001897]",0.00025979815520578084,1.0,0.00025979815520578084,32.987502446159354,31.33156340797489,29.15,53.14999999999999,200,0.04671912407502532
quality_4_6_scatter_3,scatter,token,4,deterministic,41,"{""A"": 0, ""B"": 1, ""C"": 2, ""D"": 3}","[1.4027976255956156, 1.6353022923789222, 1.5723557138485893, 0.5004687041540473, 0.9594476305422315, 1.0026849023077156, 0.20132917698535158]",0.12930214753237518,0.9999999999999998,0.1293021475323752,29.150000047842468,29.15,29.15,84.06,200,0.06285573588684201
quality_4_6_scatter_3,scatter,token,4,deterministic,53,"{""A"": 0, ""B"": 1, ""C"": 2, ""D"": 3}","[0.5698739768183552, 1.972735992931336, 0.8812800339685226, 0.8758380294081153, 0.7751068714841092, 1.0032761113580688, 0.7467497159652693]",0.00020683798102639556,1.0,0.00020683798102639556,33.34044175285749,31.64500403733427,29.15,84.06,200,0.06155511410906911
quality_4_6_scatter_3,scatter,token,4,poor,41,"{""A"": 0, ""B"": 1, ""C"": 4, ""D"": 2}","[1.2900038033004113, 1.9407519251758332, 0.4283139530025038, 0.981688525218104, 0.5916963359447848, 1.046234528587317, 0.4571305671623336]",2.277684544429115e-06,1.0,2.277684544429115e-06,38.060381490644204,36.01825519379062,29.15,99.51,87,0.02713808324187994
quality_4_6_scatter_3,scatter,token,4,poor,53,"{""A"": 0, ""B"": 1, ""C"": 4, ""D"": 2}","[1.1731334865088527, 1.6163307824016997, 0.3861580392738127, 0.9768765908407697, 1.0651155614953673, 0.6437462739534596, 0.6835270883844142]",0.0017646389018660669,1.0,0.0017646389018660669,30.465399023399158,29.560526637360354,29.15,99.51,200,0.06175697222352028
quality_4_6_scatter_3,scatter,token,4,random,41,"{""A"": 5, ""B"": 3, ""C"": 2, ""D"": 0}","[0.4653072333626733, 1.769910066877023, -0.08942642838132074, 1.1448941016499556, 0.6367902357164069, 0.664193565928744, 0.4527673326873473]",0.011291302494966932,1.0,0.011291302494966932,29.94947352509733,29.154955417730015,29.15,53.14999999999999,200,0.06136813201010227
quality_4_6_scatter_3,scatter,token,4,random,53,"{""A"": 5, ""B"": 3, ""C"": 2, ""D"": 0}","[0.462804368930791, 1.8053260402729825, -0.06039257315592208, 1.1014063700450663, 0.6169327578402063, 0.6671699100086155, 0.4519181487144414]",0.00978248845389276,1.0,0.00978248845389276,30.233354693349053,29.164384326338787,29.15,53.14999999999999,200,0.061255611944943666
quality_4_6_scatter_3,scatter,token,6,deterministic,41,"{""A"": 0, ""B"": 1, ""C"": 2, ""D"": 3}","[0.6817306504478815, 1.9762178845666578, 0.48995506791824817, 1.1530057330093955, 0.07868048142810538, 1.0442658265434972, 0.40083071361727424, 0.6597703662879139, 0.2913902628418287, 0.6335773296319374, 0.7748830577609704]",1.2018725648202421e-05,0.9999999999999999,1.2018725648202423e-05,36.925462204573165,33.894556786855745,29.15,84.06,200,0.0899935676716268
quality_4_6_scatter_3,scatter,token,6,deterministic,53,"{""A"": 0, ""B"": 1, ""C"": 2, ""D"": 3}","[0.6527296741667158, 1.7462947424750321, 0.5944788252025542, 0.9934805538132983, 0.45289410604181385, 0.6736636456347732, 0.42727158879204724, 0.6334908941852159, 0.7302891524005665, 0.4716892305925284, 0.4749115917029206]",0.0006832679943527287,1.0,0.0006832679943527287,32.93645593428651,31.120773518227576,29.15,84.06,200,0.08818135503679514
quality_4_6_scatter_3,scatter,token,6,poor,41,"{""A"": 0, ""B"": 1, ""C"": 4, ""D"": 2}","[1.2102190418155365, 1.567274115472292, 0.41842947469293096, 1.028746468665124, 0.36819009162062716, 0.9862619427770329, 0.1700404046290522, 0.9338978385943634, -0.055339920437378363, 0.40304948238881205, 0.45339005647185016]",4.64482449236379e-08,1.0,4.64482449236379e-08,38.88207573889097,37.69263319362802,29.15,99.51,200,0.08830491732805967
quality_4_6_scatter_3,scatter,token,6,poor,53,"{""A"": 0, ""B"": 1, ""C"": 4, ""D"": 2}","[0.4692379821595203, 2.0764021043126557, 0.2909617932813275, 0.7780746378850483, 0.6246252667912379, 0.9139839924332861, 0.6094931196250565, 0.7659738095353184, 0.23767654246404601, 0.6673656670321051, 0.423307880605972]",4.769476629016775e-06,0.9999999999999998,4.769476629016776e-06,38.377874945319434,36.44092309808486,29.15,99.51,200,0.0884122378192842
quality_4_6_scatter_3,scatter,token,6,random,41,"{""A"": 5, ""B"": 3, ""C"": 2, ""D"": 0}","[0.6220142306366805, 1.7504569089162967, 0.5449991959005313, 1.067797683408485, 0.40587795865171605, 0.8106686635714278, 0.3613545906810884, 0.488199717080599, 0.34342902118423124, 0.6452248783187048, 0.3431823607677575]",0.0433881829420362,1.0,0.0433881829420362,29.153386993297868,29.150000000135623,29.15,53.14999999999999,200,0.08872251119464636
quality_4_6_scatter_3,scatter,token,6,random,53,"{""A"": 5, ""B"": 3, ""C"": 2, ""D"": 0}","[0.5170486669797878, 1.9183141543466065, -0.15327285188265086, 0.9949618157876904, 0.30433464158498613, 0.7289586948823034, 0.3856230776448613, 0.6060091690465244, 0.29498390570334165, 0.586986061967979, 0.26979304922301095]",0.01762329088322276,1.0,0.01762329088322276,29.473622247554655,29.15015660580192,29.15,53.14999999999999,91,0.040623927023261786
