run_id,instance_id,family,seed,method,objective,objective_base,reps,init_mode,init_seed,optimizer,optimizer_seed,schedule_seed,sample_seed,shots,maxiter,num_cells,num_sites,num_qubits,exact_hpwl,degenerate_optima,initial_assignment,initial_to_optimum_swap_distance,initial_hpwl,initial_approximation_ratio,initial_state_is_optimal,best_sampled_hpwl,approximation_ratio,mean_feasible_hpwl,median_feasible_hpwl,improvement_over_initial,feasible_fraction,feasible_probability,optimal_probability,optimal_hit,optimal_sample_count,discovery_hit,distance_0_probability,mean_sampled_graph_distance,probability_beating_initial,expected_shots_to_optimum,useful_feasible_samples_per_1000,feasible_samples_per_1000,useful_probability,probability_within_1pct,expected_shots_within_1pct,probability_within_5pct,expected_shots_within_5pct,probability_within_10pct,expected_shots_within_10pct,best_of_10_expected_ratio,best_of_10_sampled_ratio,best_of_100_expected_ratio,best_of_100_sampled_ratio,best_of_1000_expected_ratio,best_of_1000_sampled_ratio,best_of_4096_expected_ratio,best_of_4096_sampled_ratio,runtime_seconds,optimizer_evaluations,logical_depth,transpiled_depth,two_qubit_gate_count,parameter_count,penalty_lambda,penalty_grid_min,penalty_grid_max
0000_sparse_grid_502__row_xy__cvar_0.25__3__deterministic__-1__11__12816,0000_sparse_grid_502,sparse_grid,502,row_xy,cvar_0.25,cvar,3,deterministic,-1,COBYLA,11,12816,12920,4096,40,4,6,24,12.73,28,"{'A': 0, 'B': 1, 'C': 2, 'D': 3}",1,21.52,1.690494893951296,False,12.73,1.0,19.56342946219797,20.59,8.79,0.313232421875,0.3104063752927094,0.0756604970547197,True,313,True,4.781380947915078e-05,3.1311876031093466,0.1769135340843041,13.21693669652703,181.15234375,313.232421875,0.1769135340843041,0.0756604970547197,13.21693669652703,0.0756604970547197,13.21693669652703,0.0756604970547197,13.21693669652703,,1.0,1.000118503853998,1.0,1.0,1.0,1.0,1.0,3.0654125213623047,40,1,116,918,6,2.5,2.5,160.0
0000_sparse_grid_502__row_xy__cvar_0.25__3__deterministic__-1__17__12822,0000_sparse_grid_502,sparse_grid,502,row_xy,cvar_0.25,cvar,3,deterministic,-1,COBYLA,17,12822,12932,4096,40,4,6,24,12.73,28,"{'A': 0, 'B': 1, 'C': 2, 'D': 3}",1,21.52,1.690494893951296,False,12.73,1.0,19.513845080251222,20.59,8.79,0.349853515625,0.35306329329691977,0.08299786677682128,True,362,True,3.4127650534417764e-05,3.208255055039592,0.20404674096817904,12.048502435477882,206.54296875,349.853515625,0.20404674096817904,0.08299786677682128,12.048502435477882,0.08299786677682128,12.048502435477882,0.08299786677682128,12.048502435477882,,1.309505106048704,1.0000533682461716,1.0,1.0,1.0,1.0,1.0,3.0066280364990234,40,1,116,918,6,2.5,2.5,160.0
0000_sparse_grid_502__row_xy__cvar_0.25__3__poor__-2__11__12816,0000_sparse_grid_502,sparse_grid,502,row_xy,cvar_0.25,cvar,3,poor,-2,COBYLA,11,12816,12920,4096,40,4,6,24,12.73,28,"{'A': 5, 'B': 3, 'C': 0, 'D': 2}",3,34.25,2.6904948939512963,False,12.73,1.0,18.4447845373891,17.6,21.52,0.38525390625,0.38439527579827637,0.11510975093833112,True,496,True,0.0009586122030498728,3.2055806710701034,0.38203923390385075,8.687361338621432,383.056640625,385.25390625,0.38203923390385075,0.11510975093833112,8.687361338621432,0.11510975093833112,8.687361338621432,0.11510975093833112,8.687361338621432,,1.0,1.000001505150093,1.0,1.0,1.0,1.0,1.0,3.062708616256714,40,1,116,918,6,2.5,2.5,160.0
0000_sparse_grid_502__row_xy__cvar_0.25__3__poor__-2__17__12822,0000_sparse_grid_502,sparse_grid,502,row_xy,cvar_0.25,cvar,3,poor,-2,COBYLA,17,12822,12932,4096,40,4,6,24,12.73,28,"{'A': 5, 'B': 3, 'C': 0, 'D': 2}",3,34.25,2.6904948939512963,False,12.73,1.0,19.150165803108806,17.6,21.52,0.235595703125,0.23307271756037493,0.03348994829169924,True,132,True,7.931488697683333e-06,3.4661052945173787,0.23267770135255084,29.85970570303503,235.595703125,235.595703125,0.23267770135255084,0.03348994829169924,29.85970570303503,0.03348994829169924,29.85970570303503,0.03348994829169924,29.85970570303503,,1.309505106048704,1.010235619942947,1.0,1.0000000000000007,1.0,1.0,1.0,5.175150394439697,40,1,116,918,6,2.5,2.5,160.0
0001_dense_grid_503__row_xy__cvar_0.25__3__deterministic__-1__11__12817,0001_dense_grid_503,dense_grid,503,row_xy,cvar_0.25,cvar,3,deterministic,-1,COBYLA,11,12817,12921,4096,40,4,6,24,18.58,16,"{'A': 0, 'B': 1, 'C': 2, 'D': 3}",2,27.5,1.4800861141011843,False,18.58,1.0,23.50257364341085,23.0,8.920000000000002,0.31494140625,0.3165596230334118,0.040562141751783735,True,166,True,3.6604370951917245e-05,3.0782075028904017,0.287379243038258,24.653530529019086,290.283203125,314.94140625,0.287379243038258,0.040562141751783735,24.653530529019086,0.056530069721516404,17.6897004536929,0.07225062712043737,13.840710314293347,,1.2217438105489775,1.0003964257550877,1.0,1.0,1.0,1.0,1.0,2.9596211910247803,40,1,170,1188,6,2.5,2.5,160.0
0001_dense_grid_503__row_xy__cvar_0.25__3__deterministic__-1__17__12823,0001_dense_grid_503,dense_grid,503,row_xy,cvar_0.25,cvar,3,deterministic,-1,COBYLA,17,12823,12933,4096,40,4,6,24,18.58,16,"{'A': 0, 'B': 1, 'C': 2, 'D': 3}",2,27.5,1.4800861141011843,False,18.58,1.0,23.961514195583597,23.0,8.920000000000002,0.386962890625,0.382136311244476,0.01709887286379014,True,84,True,0.00012054746303435386,3.049184769198092,0.3278885508994701,58.4833870610077,328.857421875,386.962890625,0.3278885508994701,0.01709887286379014,58.4833870610077,0.03607773971225343,27.717922685172,0.05570311587442468,17.95231710653975,,1.0,1.0035826856501726,1.0,1.000000000348191,1.0,1.0,1.0,2.96401309967041,40,1,170,1188,6,2.5,2.5,160.0
0001_dense_grid_503__row_xy__cvar_0.25__3__poor__-2__11__12817,0001_dense_grid_503,dense_grid,503,row_xy,cvar_0.25,cvar,3,poor,-2,COBYLA,11,12817,12921,4096,40,4,6,24,18.58,16,"{'A': 5, 'B': 0, 'C': 3, 'D': 2}",3,30.6,1.6469321851453178,False,18.58,1.0,23.020713033313854,22.34,12.020000000000003,0.417724609375,0.40730082665855083,0.028794091444137658,True,122,True,5.0845226076499384e-05,2.8207175774179953,0.39767280392053517,34.72934723222862,408.447265625,417.724609375,0.39767280392053517,0.028794091444137658,34.72934723222862,0.04520414774422784,22.121863809006133,0.0814031314672549,12.284539697373416,,1.1668460710441335,1.0011450365645236,1.0,1.0000000000000022,1.0,1.0,1.0,3.000772476196289,40,1,170,1188,6,2.5,2.5,160.0
0001_dense_grid_503__row_xy__cvar_0.25__3__poor__-2__17__12823,0001_dense_grid_503,dense_grid,503,row_xy,cvar_0.25,cvar,3,poor,-2,COBYLA,17,12823,12933,4096,40,4,6,24,18.58,16,"{'A': 5, 'B': 0, 'C': 3, 'D': 2}",3,30.6,1.6469321851453178,False,18.58,1.0,23.41757417102967,22.82,12.020000000000003,0.27978515625,0.28162744446525795,0.010371529712039041,True,46,True,0.0033218832996301443,2.378272392684255,0.27725183786515695,96.41779253056781,277.099609375,279.78515625,0.27725183786515695,0.010371529712039041,96.41779253056781,0.03656840173311911,27.346013295799157,0.06894512808401373,14.5042880880784,,1.2282023681377827,1.0051217177204923,1.0,1.0000003192751798,1.0,1.0,1.0,2.9744818210601807,40,1,170,1188,6,2.5,2.5,160.0
0002_sparse_grid_line_504__row_xy__cvar_0.25__3__deterministic__-1__11__12818,0002_sparse_grid_line_504,sparse_grid_line,504,row_xy,cvar_0.25,cvar,3,deterministic,-1,COBYLA,11,12818,12922,4096,40,3,6,18,11.45,8,"{'A': 0, 'B': 1, 'C': 2}",1,14.059999999999999,1.227947598253275,False,11.45,1.0,22.736754032258066,22.9,2.6099999999999994,0.484375,0.4884362535493315,0.06871093297827259,True,257,True,0.002631787466017776,2.6232574917082934,0.0852379810544935,14.553724664402603,77.880859375,484.375,0.0852379810544935,0.06871093297827259,14.553724664402603,0.06871093297827259,14.553724664402603,0.06871093297827259,14.553724664402603,,1.0,1.0001731075705345,1.0,1.0,1.0,1.0,1.0,0.3460540771484375,40,1,133,729,6,2.5,2.5,160.0
0002_sparse_grid_line_504__row_xy__cvar_0.25__3__deterministic__-1__17__12824,0002_sparse_grid_line_504,sparse_grid_line,504,row_xy,cvar_0.25,cvar,3,deterministic,-1,COBYLA,17,12824,12934,4096,40,3,6,18,11.45,8,"{'A': 0, 'B': 1, 'C': 2}",1,14.059999999999999,1.227947598253275,False,11.45,1.0,22.47540313549832,22.29,2.6099999999999994,0.43603515625,0.4409102221324844,0.0659991695237688,True,256,True,0.0006431222729108284,2.443652704416075,0.07835799289476364,15.15170580502323,72.998046875,436.03515625,0.07835799289476364,0.0659991695237688,15.15170580502323,0.0659991695237688,15.15170580502323,0.0659991695237688,15.15170580502323,,1.0,1.0002325191538028,1.0,1.0,1.0,1.0,1.0,0.33472156524658203,40,1,133,729,6,2.5,2.5,160.0
0002_sparse_grid_line_504__row_xy__cvar_0.25__3__poor__-2__11__12818,0002_sparse_grid_line_504,sparse_grid_line,504,row_xy,cvar_0.25,cvar,3,poor,-2,COBYLA,11,12818,12922,4096,40,3,6,18,11.45,8,"{'A': 5, 'B': 4, 'C': 0}",2,38.75,3.3842794759825328,False,11.45,1.0,20.920281447443994,19.89,27.3,0.425048828125,0.410904169757322,0.04515287042782322,True,198,True,0.003314903727765694,2.3749829546999313,0.40659877408358763,22.146986238637876,420.41015625,425.048828125,0.40659877408358763,0.04515287042782322,22.146986238637876,0.04515287042782322,22.146986238637876,0.04515287042782322,22.146986238637876,,1.0,1.0020759969688997,1.0,1.0,1.0,1.0,1.0,0.3488626480102539,40,1,133,729,6,2.5,2.5,160.0
0002_sparse_grid_line_504__row_xy__cvar_0.25__3__poor__-2__17__12824,0002_sparse_grid_line_504,sparse_grid_line,504,row_xy,cvar_0.25,cvar,3,poor,-2,COBYLA,17,12824,12934,4096,40,3,6,18,11.45,8,"{'A': 5, 'B': 4, 'C': 0}",2,38.75,3.3842794759825328,False,11.45,1.0,23.306450060168466,22.29,27.3,0.40576171875,0.40718245115690255,0.02679487733940102,True,101,True,0.0011163028623227419,2.52028571137376,0.4004069550496583,37.320566440120686,400.146484375,405.76171875,0.4004069550496583,0.02679487733940102,37.320566440120686,0.02679487733940102,37.320566440120686,0.02679487733940102,37.320566440120686,,1.5091703056768562,1.0141980953562248,1.0,1.0000000000003355,1.0,1.0,1.0,0.3349597454071045,40,1,133,729,6,2.5,2.5,160.0
0003_dense_grid_line_505__row_xy__cvar_0.25__3__deterministic__-1__11__12819,0003_dense_grid_line_505,dense_grid_line,505,row_xy,cvar_0.25,cvar,3,deterministic,-1,COBYLA,11,12819,12923,4096,40,4,6,24,28.689999999999998,6,"{'A': 0, 'B': 1, 'C': 2, 'D': 3}",2,33.13,1.1547577553154411,False,28.689999999999998,1.0,40.551753104455805,37.24,4.440000000000005,0.334228515625,0.34418175167918785,0.005912927753168976,True,26,True,5.203952232891432e-05,3.149285667834434,0.04284835543283701,169.12095695132749,41.015625,334.228515625,0.04284835543283701,0.005912927753168976,169.12095695132749,0.005912927753168976,169.12095695132749,0.04139441560695894,24.157847993193727,,1.1547577553154411,1.0386539039759326,1.0,1.0001778265764745,1.0,1.0000000000018883,1.0,2.8966171741485596,40,1,170,1188,6,2.5,2.5,160.0
0003_dense_grid_line_505__row_xy__cvar_0.25__3__deterministic__-1__17__12825,0003_dense_grid_line_505,dense_grid_line,505,row_xy,cvar_0.25,cvar,3,deterministic,-1,COBYLA,17,12825,12935,4096,40,4,6,24,28.689999999999998,6,"{'A': 0, 'B': 1, 'C': 2, 'D': 3}",2,33.13,1.1547577553154411,False,28.689999999999998,1.0,42.12328056288478,42.3,4.440000000000005,0.277587890625,0.27852729993997877,0.003175141943003965,True,12,True,0.00043937919500361845,3.0443859942307614,0.05416251436716058,314.94654977657837,57.861328125,277.587890625,0.05416251436716058,0.003175141943003965,314.94654977657837,0.003175141943003965,314.94654977657837,0.05201358572424457,19.2257462367929,,1.1930986406413384,1.0496489777608657,1.0,1.002782468360686,1.0,1.0000001473735058,1.0,2.958991050720215,40,1,170,1188,6,2.5,2.5,160.0
0003_dense_grid_line_505__row_xy__cvar_0.25__3__poor__-2__11__12819,0003_dense_grid_line_505,dense_grid_line,505,row_xy,cvar_0.25,cvar,3,poor,-2,COBYLA,11,12819,12923,4096,40,4,6,24,28.689999999999998,6,"{'A': 5, 'B': 1, 'C': 4, 'D': 0}",2,65.92,2.29766469153015,False,28.689999999999998,1.0,43.82437030075188,43.96,37.230000000000004,0.259765625,0.26028752373012004,0.003116376078625551,True,11,True,0.0002806458080610147,3.0110591531330386,0.2599073025834986,320.88553331504227,259.765625,259.765625,0.2599073025834986,0.003116376078625551,320.88553331504227,0.003116376078625551,320.88553331504227,0.03685879168681247,27.13056924103633,,1.0770303241547579,1.0553501742101759,1.0728476821192054,1.002970422906161,1.0669222725688394,1.0000001876233817,1.0,2.9760148525238037,40,1,170,1188,6,2.5,2.5,160.0
0003_dense_grid_line_505__row_xy__cvar_0.25__3__poor__-2__17__12825,0003_dense_grid_line_505,dense_grid_line,505,row_xy,cvar_0.25,cvar,3,poor,-2,COBYLA,17,12825,12935,4096,40,4,6,24,28.689999999999998,6,"{'A': 5, 'B': 1, 'C': 4, 'D': 0}",2,65.92,2.29766469153015,False,28.689999999999998,1.0,43.91438756855575,42.760000000000005,37.230000000000004,0.26708984375,0.2681472474332598,0.005564101737487499,True,24,True,0.0005910329470499113,3.0324840092781047,0.26744380233334475,179.72352900426216,266.11328125,267.08984375,0.26744380233334475,0.005564101737487499,179.72352900426216,0.005564101737487499,179.72352900426216,0.03650236371005708,27.39548616476257,,1.2624607877309169,1.0425451863394386,1.0752875566399442,1.0002525672821974,1.0,1.0000000000079454,1.0,3.029709577560425,40,1,170,1188,6,2.5,2.5,160.0
0004_sparse_grid_lshape_506__row_xy__cvar_0.25__3__deterministic__-1__11__12820,0004_sparse_grid_lshape_506,sparse_grid_lshape,506,row_xy,cvar_0.25,cvar,3,deterministic,-1,COBYLA,11,12820,12924,4096,40,3,6,18,9.07,8,"{'A': 0, 'B': 1, 'C': 2}",1,9.66,1.0650496141124586,False,9.07,1.0,16.575843735552475,18.009999999999998,0.5899999999999999,0.528076171875,0.5261651640343532,0.06769962755522396,True,315,True,0.001557147272741632,2.4630712711911187,0.06769962755522396,14.771130006354609,76.904296875,528.076171875,0.06769962755522396,0.06769962755522396,14.771130006354609,0.06769962755522396,14.771130006354609,0.13680335018722328,7.309762506776641,,1.0793825799338477,1.0000592030468756,1.0,1.0,1.0,1.0,1.0,0.3875856399536133,40,1,133,729,6,2.5,2.5,160.0
0004_sparse_grid_lshape_506__row_xy__cvar_0.25__3__deterministic__-1__17__12826,0004_sparse_grid_lshape_506,sparse_grid_lshape,506,row_xy,cvar_0.25,cvar,3,deterministic,-1,COBYLA,17,12826,12936,4096,40,3,6,18,9.07,8,"{'A': 0, 'B': 1, 'C': 2}",1,9.66,1.0650496141124586,False,9.07,1.0,15.56147534516765,14.85,0.5899999999999999,0.618896484375,0.6196383140235247,0.08082865978708403,True,335,True,0.00878149440932293,2.2507959606264802,0.08082865978708403,12.371849324659895,81.787109375,618.896484375,0.08082865978708403,0.08082865978708403,12.371849324659895,0.08082865978708403,12.371849324659895,0.16699080411675957,5.988353701805055,,1.0,1.0000142735876376,1.0,1.0,1.0,1.0,1.0,0.3792588710784912,40,1,133,729,6,2.5,2.5,160.0
0004_sparse_grid_lshape_506__row_xy__cvar_0.25__3__poor__-2__11__12820,0004_sparse_grid_lshape_506,sparse_grid_lshape,506,row_xy,cvar_0.25,cvar,3,poor,-2,COBYLA,11,12820,12924,4096,40,3,6,18,9.07,8,"{'A': 4, 'B': 5, 'C': 3}",2,25.36,2.7960308710033073,False,9.07,1.0,13.595408719346047,13.54,16.29,0.53759765625,0.5351049982719491,0.1343889430172032,True,518,True,0.002311538004951113,2.529712325227962,0.5316463089319251,7.441088362991214,532.958984375,537.59765625,0.5316463089319251,0.1343889430172032,7.441088362991214,0.1343889430172032,7.441088362991214,0.2409158168308823,4.1508275096025695,,1.0650496141124586,1.000000035174285,1.0,1.0,1.0,1.0,1.0,0.3845653533935547,40,1,133,729,6,2.5,2.5,160.0
0004_sparse_grid_lshape_506__row_xy__cvar_0.25__3__poor__-2__17__12826,0004_sparse_grid_lshape_506,sparse_grid_lshape,506,row_xy,cvar_0.25,cvar,3,poor,-2,COBYLA,17,12826,12936,4096,40,3,6,18,9.07,8,"{'A': 4, 'B': 5, 'C': 3}",2,25.36,2.7960308710033073,False,9.07,1.0,13.66070283018868,13.54,16.29,0.517578125,0.5301763203376268,0.13965724724176964,True,551,True,0.004792449096289906,2.4243170659120286,0.524991318136003,7.160387446766982,513.427734375,517.578125,0.524991318136003,0.13965724724176964,7.160387446766982,0.13965724724176964,7.160387446766982,0.23205624761450172,4.309300052378799,,1.0,1.0000000191427831,1.0,1.0,1.0,1.0,1.0,0.387542724609375,40,1,133,729,6,2.5,2.5,160.0
0005_dense_grid_lshape_507__row_xy__cvar_0.25__3__deterministic__-1__11__12821,0005_dense_grid_lshape_507,dense_grid_lshape,507,row_xy,cvar_0.25,cvar,3,deterministic,-1,COBYLA,11,12821,12925,4096,40,4,6,24,21.08,6,"{'A': 0, 'B': 1, 'C': 2, 'D': 3}",1,21.46,1.0180265654648957,False,21.08,1.0,39.110918604651154,39.95,0.38000000000000256,0.2099609375,0.21265493539392585,0.003741403353351064,True,16,True,3.498936799727001e-05,3.0396626872421932,0.003741403353351064,267.2793883889396,3.90625,209.9609375,0.003741403353351064,0.003741403353351064,267.2793883889396,0.00495778036151054,201.70316695823112,0.00495778036151054,201.70316695823112,,1.0180265654648957,1.1504941702760654,1.0,1.0014712049151333,1.0,1.0000000040624146,1.0,5.169214487075806,40,1,170,1098,6,2.5,2.5,160.0
0005_dense_grid_lshape_507__row_xy__cvar_0.25__3__deterministic__-1__17__12827,0005_dense_grid_lshape_507,dense_grid_lshape,507,row_xy,cvar_0.25,cvar,3,deterministic,-1,COBYLA,17,12827,12937,4096,40,4,6,24,21.08,6,"{'A': 0, 'B': 1, 'C': 2, 'D': 3}",1,21.46,1.0180265654648957,False,21.08,1.0,38.41209081309398,39.55,0.38000000000000256,0.231201171875,0.23236022144517893,0.0070036679766450095,True,32,True,0.0008646575076814579,2.908783139632563,0.0070036679766450095,142.78232539501872,7.8125,231.201171875,0.0070036679766450095,0.0070036679766450095,142.78232539501872,0.009416018592286813,106.20199930564664,0.009416018592286813,106.20199930564664,,1.7836812144212522,1.0863363979211467,1.1925996204933587,1.0000261898708556,1.0,1.0000000000000056,1.0,3.3705246448516846,40,1,170,1098,6,2.5,2.5,160.0
0005_dense_grid_lshape_507__row_xy__cvar_0.25__3__poor__-2__11__12821,0005_dense_grid_lshape_507,dense_grid_lshape,507,row_xy,cvar_0.25,cvar,3,poor,-2,COBYLA,11,12821,12925,4096,40,4,6,24,21.08,6,"{'A': 1, 'B': 5, 'C': 3, 'D': 2}",3,53.16,2.521821631878558,False,21.08,1.0,30.791659716430356,30.2,32.08,0.292724609375,0.2898514929008576,0.020453395063916475,True,76,True,0.00014197657666832145,3.326224609165375,0.28968405483267323,48.89163861916414,292.724609375,292.724609375,0.28968405483267323,0.020453395063916475,48.89163861916414,0.031167669698471366,32.084528926108504,0.031167669698471366,32.084528926108504,,1.2509487666034158,1.0085725989777414,1.0,1.0000000000191016,1.0,1.0,1.0,2.879173994064331,40,1,170,1098,6,2.5,2.5,160.0
0005_dense_grid_lshape_507__row_xy__cvar_0.25__3__poor__-2__17__12827,0005_dense_grid_lshape_507,dense_grid_lshape,507,row_xy,cvar_0.25,cvar,3,poor,-2,COBYLA,17,12827,12937,4096,40,4,6,24,21.08,6,"{'A': 1, 'B': 5, 'C': 3, 'D': 2}",3,53.16,2.521821631878558,False,21.08,1.0,33.20804248861912,33.54,32.08,0.32177734375,0.317103660433794,0.021289233232460503,True,88,True,3.449002041372667e-05,3.3655734238105715,0.3167985561443322,46.97210036081816,321.044921875,321.77734375,0.3167985561443322,0.021289233232460503,46.97210036081816,0.02352095881983753,42.51527361871838,0.02352095881983753,42.51527361871838,,1.0,1.016848314413338,1.0,1.0000000000141172,1.0,1.0,1.0,3.0247135162353516,40,1,170,1098,6,2.5,2.5,160.0
0000_sparse_grid_502__row_xy__cvar_0.25__3__deterministic__-1__11__12816,0000_sparse_grid_502,sparse_grid,502,row_xy,cvar_0.25,cvar,3,deterministic,-1,COBYLA,11,12816,12920,4096,40,4,6,24,12.73,28,"{'A': 0, 'B': 1, 'C': 2, 'D': 3}",1,21.52,1.690494893951296,False,12.73,1.0,18.51126788036411,17.6,8.79,0.37548828125,0.3784402493557091,0.09854154108570119,True,425,True,0.00016790200267988398,3.3574721457245102,0.26014250382142123,10.148004475902239,260.498046875,375.48828125,0.26014250382142123,0.09854154108570119,10.148004475902239,0.09854154108570119,10.148004475902239,0.09854154108570119,10.148004475902239,,1.925373134328358,1.0000096499149025,1.0,1.0,1.0,1.0,1.0,3.0381205081939697,40,1,116,918,6,5.0,2.5,160.0
0000_sparse_grid_502__row_xy__cvar_0.25__3__deterministic__-1__17__12822,0000_sparse_grid_502,sparse_grid,502,row_xy,cvar_0.25,cvar,3,deterministic,-1,COBYLA,17,12822,12932,4096,40,4,6,24,12.73,28,"{'A': 0, 'B': 1, 'C': 2, 'D': 3}",1,21.52,1.690494893951296,False,12.73,1.0,18.72256,17.6,8.79,0.3662109375,0.37723843546948227,0.09770778243661109,True,382,True,0.00016928664770971024,3.330482462211095,0.26017061652142937,10.234599282291153,254.8828125,366.2109375,0.26017061652142937,0.09770778243661109,10.234599282291153,0.09770778243661109,10.234599282291153,0.09770778243661109,10.234599282291153,,1.309505106048704,1.0000105838558868,1.0,1.0,1.0,1.0,1.0,3.0642106533050537,40,1,116,918,6,5.0,2.5,160.0
0000_sparse_grid_502__row_xy__cvar_0.25__3__poor__-2__11__12816,0000_sparse_grid_502,sparse_grid,502,row_xy,cvar_0.25,cvar,3,poor,-2,COBYLA,11,12816,12920,4096,40,4,6,24,12.73,28,"{'A': 5, 'B': 3, 'C': 0, 'D': 2}",3,34.25,2.6904948939512963,False,12.73,1.0,19.67231417624521,20.59,21.52,0.318603515625,0.30734587563241333,0.04253527349905231,True,180,True,0.00046315747416301594,2.960263900360232,0.305716555852637,23.50989937850711,316.40625,318.603515625,0.305716555852637,0.04253527349905231,23.50989937850711,0.04253527349905231,23.50989937850711,0.04253527349905231,23.50989937850711,,1.309505106048704,1.003991398488716,1.0,1.0,1.0,1.0,1.0,2.944333791732788,40,1,116,918,6,5.0,2.5,160.0
0000_sparse_grid_502__row_xy__cvar_0.25__3__poor__-2__17__12822,0000_sparse_grid_502,sparse_grid,502,row_xy,cvar_0.25,cvar,3,poor,-2,COBYLA,17,12822,12932,4096,40,4,6,24,12.73,28,"{'A': 5, 'B': 3, 'C': 0, 'D': 2}",3,34.25,2.6904948939512963,False,12.73,1.0,18.542625169147495,16.67,21.52,0.36083984375,0.3475077549903083,0.08716424881807856,True,354,True,0.00042617654230653584,2.9767863613660017,0.3462706677727483,11.47259356398643,359.86328125,360.83984375,0.3462706677727483,0.08716424881807856,11.47259356398643,0.08716424881807856,11.47259356398643,0.08716424881807856,11.47259356398643,,1.0,1.0000337086977968,1.0,1.0,1.0,1.0,1.0,3.0066633224487305,40,1,116,918,6,5.0,2.5,160.0
0001_dense_grid_503__row_xy__cvar_0.25__3__deterministic__-1__11__12817,0001_dense_grid_503,dense_grid,503,row_xy,cvar_0.25,cvar,3,deterministic,-1,COBYLA,11,12817,12921,4096,40,4,6,24,18.58,16,"{'A': 0, 'B': 1, 'C': 2, 'D': 3}",2,27.5,1.4800861141011843,False,18.58,1.0,21.815849306014538,22.62,8.920000000000002,0.369384765625,0.3596072728439676,0.048791021952428355,True,192,True,1.4818698057650144e-05,3.4844497575834112,0.34023771180391194,20.49557398029105,353.759765625,369.384765625,0.34023771180391194,0.048791021952428355,20.49557398029105,0.13028124192221818,7.675702083013839,0.15034992550492474,6.651150618410149,,1.0,1.0000724253381872,1.0,1.0,1.0,1.0,1.0,2.9282844066619873,40,1,170,1188,6,5.0,2.5,160.0
0001_dense_grid_503__row_xy__cvar_0.25__3__deterministic__-1__17__12823,0001_dense_grid_503,dense_grid,503,row_xy,cvar_0.25,cvar,3,deterministic,-1,COBYLA,17,12823,12933,4096,40,4,6,24,18.58,16,"{'A': 0, 'B': 1, 'C': 2, 'D': 3}",2,27.5,1.4800861141011843,False,18.58,1.0,22.229075862068964,22.7,8.920000000000002,0.35400390625,0.3435558128421733,0.07372119007048819,True,300,True,4.395053798116877e-05,3.3454914391614605,0.3240802511681977,13.564620959643413,335.205078125,354.00390625,0.3240802511681977,0.07372119007048819,13.564620959643413,0.10112926046433324,9.888334942908882,0.13566016360256916,7.371360710794998,,1.3476856835306783,1.0000063351081891,1.0,1.0,1.0,1.0,1.0,3.0947177410125732,40,1,170,1188,6,5.0,2.5,160.0
0001_dense_grid_503__row_xy__cvar_0.25__3__poor__-2__11__12817,0001_dense_grid_503,dense_grid,503,row_xy,cvar_0.25,cvar,3,poor,-2,COBYLA,11,12817,12921,4096,40,4,6,24,18.58,16,"{'A': 5, 'B': 0, 'C': 3, 'D': 2}",3,30.6,1.6469321851453178,False,18.58,1.0,23.08357690342361,22.14,12.020000000000003,0.477783203125,0.46448295171736237,0.014872604326631563,True,71,True,1.5683790551548973e-05,2.854331440124687,0.4640335567390012,67.23771963793553,477.5390625,477.783203125,0.4640335567390012,0.014872604326631563,67.23771963793553,0.05469616822062832,18.282816375112294,0.10263433791253816,9.743327821261627,,1.0107642626480087,1.0026112098375775,1.0,1.000000003344883,1.0,1.0,1.0,5.078111410140991,40,1,170,1188,6,5.0,2.5,160.0
0001_dense_grid_503__row_xy__cvar_0.25__3__poor__-2__17__12823,0001_dense_grid_503,dense_grid,503,row_xy,cvar_0.25,cvar,3,poor,-2,COBYLA,17,12823,12933,4096,40,4,6,24,18.58,16,"{'A': 5, 'B': 0, 'C': 3, 'D': 2}",3,30.6,1.6469321851453178,False,18.58,1.0,23.070244155844158,22.14,12.020000000000003,0.469970703125,0.475110622250001,0.023945663969078972,True,113,True,0.0007503944196702833,2.6687874860250003,0.47148464338611135,41.76121410921408,467.529296875,469.970703125,0.47148464338611135,0.023945663969078972,41.76121410921408,0.08162392351744495,12.25131011726331,0.10578251635016063,9.453358026479595,,1.1668460710441335,1.0009658612492716,1.0,1.0000000000003206,1.0,1.0,1.0,3.0776162147521973,40,1,170,1188,6,5.0,2.5,160.0
0002_sparse_grid_line_504__row_xy__cvar_0.25__3__deterministic__-1__11__12818,0002_sparse_grid_line_504,sparse_grid_line,504,row_xy,cvar_0.25,cvar,3,deterministic,-1,COBYLA,11,12818,12922,4096,40,3,6,18,11.45,8,"{'A': 0, 'B': 1, 'C': 2}",1,14.059999999999999,1.227947598253275,False,11.45,1.0,17.040124264224982,14.059999999999999,2.6099999999999994,0.74658203125,0.7563639664373882,0.3369830881720526,True,1342,True,4.4482088320259835e-06,2.665014059001734,0.3512434186215051,2.9675079702796023,343.994140625,746.58203125,0.3512434186215051,0.3369830881720526,2.9675079702796023,0.3369830881720526,2.9675079702796023,0.3369830881720526,2.9675079702796023,,1.0,1.0,1.0,1.0,1.0,1.0,1.0,0.35848474502563477,40,1,133,729,6,5.0,2.5,160.0
0002_sparse_grid_line_504__row_xy__cvar_0.25__3__deterministic__-1__17__12824,0002_sparse_grid_line_504,sparse_grid_line,504,row_xy,cvar_0.25,cvar,3,deterministic,-1,COBYLA,17,12824,12934,4096,40,3,6,18,11.45,8,"{'A': 0, 'B': 1, 'C': 2}",1,14.059999999999999,1.227947598253275,False,11.45,1.0,18.5483139727846,17.07,2.6099999999999994,0.735595703125,0.7366966459120086,0.32087897915647556,True,1286,True,0.000863334743954213,2.6790185598345673,0.3334816355219515,3.1164397326019704,322.998046875,735.595703125,0.3334816355219515,0.32087897915647556,3.1164397326019704,0.32087897915647556,3.1164397326019704,0.32087897915647556,3.1164397326019704,,1.0,1.0,1.0,1.0,1.0,1.0,1.0,0.37108945846557617,38,1,133,729,6,5.0,2.5,160.0
0002_sparse_grid_line_504__row_xy__cvar_0.25__3__poor__-2__11__12818,0002_sparse_grid_line_504,sparse_grid_line,504,row_xy,cvar_0.25,cvar,3,poor,-2,COBYLA,11,12818,12922,4096,40,3,6,18,11.45,8,"{'A': 5, 'B': 4, 'C': 0}",2,38.75,3.3842794759825328,False,11.45,1.0,21.596388150398784,19.89,27.3,0.642822265625,0.6368209250060191,0.056612792845854756,True,238,True,0.0028898728479733555,2.431106165874999,0.6308416207183948,17.663852103583704,636.23046875,642.822265625,0.6308416207183948,0.056612792845854756,17.663852103583704,0.056612792845854756,17.663852103583704,0.056612792845854756,17.663852103583704,,1.0,1.000617168913762,1.0,1.0,1.0,1.0,1.0,0.3595130443572998,40,1,133,729,6,5.0,2.5,160.0
0002_sparse_grid_line_504__row_xy__cvar_0.25__3__poor__-2__17__12824,0002_sparse_grid_line_504,sparse_grid_line,504,row_xy,cvar_0.25,cvar,3,poor,-2,COBYLA,17,12824,12934,4096,40,3,6,18,11.45,8,"{'A': 5, 'B': 4, 'C': 0}",2,38.75,3.3842794759825328,False,11.45,1.0,21.345205702647657,22.08,27.3,0.599365234375,0.6067770590149585,0.09613912816409909,True,380,True,0.006367229935753068,2.4045098037553605,0.594967614524714,10.401592141475511,587.40234375,599.365234375,0.594967614524714,0.09613912816409909,10.401592141475511,0.09613912816409909,10.401592141475511,0.09613912816409909,10.401592141475511,,1.0,1.0000085434431751,1.0,1.0,1.0,1.0,1.0,0.34076833724975586,40,1,133,729,6,5.0,2.5,160.0
0003_dense_grid_line_505__row_xy__cvar_0.25__3__deterministic__-1__11__12819,0003_dense_grid_line_505,dense_grid_line,505,row_xy,cvar_0.25,cvar,3,deterministic,-1,COBYLA,11,12819,12923,4096,40,4,6,24,28.689999999999998,6,"{'A': 0, 'B': 1, 'C': 2, 'D': 3}",2,33.13,1.1547577553154411,False,28.689999999999998,1.0,40.73084652443221,41.15,4.440000000000005,0.354736328125,0.35320858368649355,0.019360294605511405,True,68,True,0.00018005493440668375,3.0337110132561125,0.08811013742138381,51.65210656016176,89.111328125,354.736328125,0.08811013742138381,0.019360294605511405,51.65210656016176,0.019360294605511405,51.65210656016176,0.0798610407018687,12.52175017018781,,1.0728476821192054,1.0096215344352164,1.0,1.0000000002162939,1.0,1.0,1.0,2.9814963340759277,40,1,170,1188,6,5.0,2.5,160.0
0003_dense_grid_line_505__row_xy__cvar_0.25__3__deterministic__-1__17__12825,0003_dense_grid_line_505,dense_grid_line,505,row_xy,cvar_0.25,cvar,3,deterministic,-1,COBYLA,17,12825,12935,4096,40,4,6,24,28.689999999999998,6,"{'A': 0, 'B': 1, 'C': 2, 'D': 3}",2,33.13,1.1547577553154411,False,28.689999999999998,1.0,41.05371959942775,39.620000000000005,4.440000000000005,0.34130859375,0.3361190959434013,0.002467967738934471,True,8,True,3.2770244222298098e-06,3.486469785444071,0.10186549314983862,405.19168229960064,101.5625,341.30859375,0.10186549314983862,0.002467967738934471,405.19168229960064,0.002467967738934471,405.19168229960064,0.10099599083998761,9.901383130983326,,1.0669222725688394,1.0522765052193577,1.0669222725688394,1.0056548503376943,1.0,1.0000026912253288,1.0,3.026320695877075,40,1,170,1188,6,5.0,2.5,160.0
0003_dense_grid_line_505__row_xy__cvar_0.25__3__poor__-2__11__12819,0003_dense_grid_line_505,dense_grid_line,505,row_xy,cvar_0.25,cvar,3,poor,-2,COBYLA,11,12819,12923,4096,40,4,6,24,28.689999999999998,6,"{'A': 5, 'B': 1, 'C': 4, 'D': 0}",2,65.92,2.29766469153015,False,28.689999999999998,1.0,43.691018935978356,43.96,37.230000000000004,0.270751953125,0.26975814741337123,0.006110870657141054,True,24,True,0.0004017202872315516,3.2138775612771697,0.2683570600273745,163.64280249188678,269.04296875,270.751953125,0.2683570600273745,0.006110870657141054,163.64280249188678,0.006110870657141054,163.64280249188678,0.040908767493779294,24.444637696602882,,1.4851864761240852,1.0406503122332313,1.0770303241547579,1.0001468217677207,1.0,1.0000000000008353,1.0,2.978134870529175,40,1,170,1188,6,5.0,2.5,160.0
0003_dense_grid_line_505__row_xy__cvar_0.25__3__poor__-2__17__12825,0003_dense_grid_line_505,dense_grid_line,505,row_xy,cvar_0.25,cvar,3,poor,-2,COBYLA,17,12825,12935,4096,40,4,6,24,28.689999999999998,6,"{'A': 5, 'B': 1, 'C': 4, 'D': 0}",2,65.92,2.29766469153015,False,28.689999999999998,1.0,44.27737425404945,43.669999999999995,37.230000000000004,0.286376953125,0.272414836307761,0.007788762295424073,True,25,True,0.0008171747819733438,2.982970078464892,0.2714560889116313,128.39010385353572,284.1796875,286.376953125,0.2714560889116313,0.007788762295424073,128.39010385353572,0.007788762295424073,128.39010385353572,0.036125270648280645,27.681453510372364,,1.4057162774485885,1.0351495982013161,1.0669222725688394,1.0000269160632784,1.0,1.0000000000000007,1.0,2.9884870052337646,40,1,170,1188,6,5.0,2.5,160.0
0004_sparse_grid_lshape_506__row_xy__cvar_0.25__3__deterministic__-1__11__12820,0004_sparse_grid_lshape_506,sparse_grid_lshape,506,row_xy,cvar_0.25,cvar,3,deterministic,-1,COBYLA,11,12820,12924,4096,40,3,6,18,9.07,8,"{'A': 0, 'B': 1, 'C': 2}",1,9.66,1.0650496141124586,False,9.07,1.0,15.922551107325381,14.98,0.5899999999999999,0.5732421875,0.5791937877423787,0.05376942363314466,True,193,True,0.0021680345128051383,2.5347884471593902,0.05376942363314466,18.597930430178128,47.119140625,573.2421875,0.05376942363314466,0.05376942363314466,18.597930430178128,0.05376942363314466,18.597930430178128,0.19529523984174058,5.120452504681424,,1.0650496141124586,1.0002587873463331,1.0,1.0,1.0,1.0,1.0,0.3831441402435303,40,1,133,729,6,5.0,2.5,160.0
0004_sparse_grid_lshape_506__row_xy__cvar_0.25__3__deterministic__-1__17__12826,0004_sparse_grid_lshape_506,sparse_grid_lshape,506,row_xy,cvar_0.25,cvar,3,deterministic,-1,COBYLA,17,12826,12936,4096,40,3,6,18,9.07,8,"{'A': 0, 'B': 1, 'C': 2}",1,9.66,1.0650496141124586,False,9.07,1.0,13.097854048650445,9.79,0.5899999999999999,0.732666015625,0.7318808614944163,0.1242661938574852,True,578,True,0.15168734484379157,1.2114176255116649,0.1242661938574852,8.047240918530512,141.11328125,732.666015625,0.1242661938574852,0.1242661938574852,8.047240918530512,0.1242661938574852,8.047240918530512,0.37648853143662825,2.6561234048329125,,1.0,1.0000001123197801,1.0,1.0,1.0,1.0,1.0,0.3586716651916504,40,1,133,729,6,5.0,2.5,160.0
0004_sparse_grid_lshape_506__row_xy__cvar_0.25__3__poor__-2__11__12820,0004_sparse_grid_lshape_506,sparse_grid_lshape,506,row_xy,cvar_0.25,cvar,3,poor,-2,COBYLA,11,12820,12924,4096,40,3,6,18,9.07,8,"{'A': 4, 'B': 5, 'C': 3}",2,25.36,2.7960308710033073,False,9.07,1.0,14.311912213740454,14.129999999999999,16.29,0.6396484375,0.6256138957843181,0.13232057890579996,True,578,True,0.001595839683953752,2.4650078043017647,0.6160172404400321,7.557403453561881,629.39453125,639.6484375,0.6160172404400321,0.13232057890579996,7.557403453561881,0.13232057890579996,7.557403453561881,0.24785235616041498,4.034660051215249,,1.0,1.0000000447211985,1.0,1.0,1.0,1.0,1.0,0.35675692558288574,40,1,133,729,6,5.0,2.5,160.0
0004_sparse_grid_lshape_506__row_xy__cvar_0.25__3__poor__-2__17__12826,0004_sparse_grid_lshape_506,sparse_grid_lshape,506,row_xy,cvar_0.25,cvar,3,poor,-2,COBYLA,17,12826,12936,4096,40,3,6,18,9.07,8,"{'A': 4, 'B': 5, 'C': 3}",2,25.36,2.7960308710033073,False,9.07,1.0,13.044828364950316,13.54,16.29,0.54052734375,0.5382203204007512,0.11729827136525652,True,475,True,0.0002185100432282862,2.6457974005687475,0.5374430290701864,8.525274825969838,539.794921875,540.52734375,0.5374430290701864,0.11729827136525652,8.525274825969838,0.11729827136525652,8.525274825969838,0.2679963788281895,3.7313937015585297,,1.0,1.0000002481089685,1.0,1.0,1.0,1.0,1.0,0.34775757789611816,40,1,133,729,6,5.0,2.5,160.0
0005_dense_grid_lshape_507__row_xy__cvar_0.25__3__deterministic__-1__11__12821,0005_dense_grid_lshape_507,dense_grid_lshape,507,row_xy,cvar_0.25,cvar,3,deterministic,-1,COBYLA,11,12821,12925,4096,40,4,6,24,21.08,6,"{'A': 0, 'B': 1, 'C': 2, 'D': 3}",1,21.46,1.0180265654648957,False,21.08,1.0,32.875565031982944,31.78,0.38000000000000256,0.22900390625,0.22926252069587588,0.007415415114665945,True,35,True,0.0007668005279810461,3.0981339572372604,0.007415415114665945,134.8542171323943,8.544921875,229.00390625,0.007415415114665945,0.007415415114665945,134.8542171323943,0.015223364070100647,65.68850323720785,0.015223364070100647,65.68850323720785,,1.5464895635673626,1.0435924124916753,1.0,1.0000105829958812,1.0,1.000000000000001,1.0,3.000638008117676,40,1,170,1098,6,5.0,2.5,160.0
0005_dense_grid_lshape_507__row_xy__cvar_0.25__3__deterministic__-1__17__12827,0005_dense_grid_lshape_507,dense_grid_lshape,507,row_xy,cvar_0.25,cvar,3,deterministic,-1,COBYLA,17,12827,12937,4096,40,4,6,24,21.08,6,"{'A': 0, 'B': 1, 'C': 2, 'D': 3}",1,21.46,1.0180265654648957,False,21.08,1.0,26.433762109795474,21.46,0.38000000000000256,0.45361328125,0.46338487556178687,0.004901425951683366,True,14,True,0.2623005894606039,0.5976256816827652,0.004901425951683366,204.02226002344398,3.41796875,453.61328125,0.004901425951683366,0.004901425951683366,204.02226002344398,0.2675393910821507,3.737767346913561,0.2675393910821507,3.737767346913561,,1.0180265654648957,1.0110286760631069,1.0,1.000132439306023,1.0,1.0000000000327698,1.0,3.0367136001586914,40,1,170,1098,6,5.0,2.5,160.0
0005_dense_grid_lshape_507__row_xy__cvar_0.25__3__poor__-2__11__12821,0005_dense_grid_lshape_507,dense_grid_lshape,507,row_xy,cvar_0.25,cvar,3,poor,-2,COBYLA,11,12821,12925,4096,40,4,6,24,21.08,6,"{'A': 1, 'B': 5, 'C': 3, 'D': 2}",3,53.16,2.521821631878558,False,21.08,1.0,30.809351464435142,31.369999999999997,32.08,0.35009765625,0.35846171044507114,0.07075922568448038,True,287,True,4.369237583597902e-05,3.371478909049868,0.3583766426137379,14.132432772216301,350.09765625,350.09765625,0.3583766426137379,0.07075922568448038,14.132432772216301,0.07427247831181308,13.46393741975013,0.07427247831181308,13.46393741975013,,1.0,1.0000793137621213,1.0,1.0,1.0,1.0,1.0,2.9747159481048584,40,1,170,1098,6,5.0,2.5,160.0
0005_dense_grid_lshape_507__row_xy__cvar_0.25__3__poor__-2__17__12827,0005_dense_grid_lshape_507,dense_grid_lshape,507,row_xy,cvar_0.25,cvar,3,poor,-2,COBYLA,17,12827,12937,4096,40,4,6,24,21.08,6,"{'A': 1, 'B': 5, 'C': 3, 'D': 2}",3,53.16,2.521821631878558,False,21.08,1.0,32.30350746268656,32.6,32.08,0.392578125,0.3984588368753881,0.03753488722658859,True,148,True,3.266536673425182e-07,3.525052386012558,0.39845752978564764,26.641881030926076,392.578125,392.578125,0.39845752978564764,0.03753488722658859,26.641881030926076,0.03929540740669232,25.44826650225013,0.03929540740669232,25.44826650225013,,1.1480075901328275,1.003209790499837,1.0,1.0,1.0,1.0,1.0,5.058380842208862,40,1,170,1098,6,5.0,2.5,160.0
0000_sparse_grid_502__row_xy__cvar_0.25__3__deterministic__-1__11__12816,0000_sparse_grid_502,sparse_grid,502,row_xy,cvar_0.25,cvar,3,deterministic,-1,COBYLA,11,12816,12920,4096,40,4,6,24,12.73,28,"{'A': 0, 'B': 1, 'C': 2, 'D': 3}",1,21.52,1.690494893951296,False,12.73,1.0,18.836987215119514,20.59,8.79,0.439208984375,0.43221236885157643,0.10787408070163586,True,474,True,4.99372146258463e-05,3.2293742786688044,0.2944798531076965,9.270067410964602,300.048828125,439.208984375,0.2944798531076965,0.10787408070163586,9.270067410964602,0.10787408070163586,9.270067410964602,0.10787408070163586,9.270067410964602,,1.0,1.000003403027019,1.0,1.0,1.0,1.0,1.0,3.0470495223999023,40,1,116,918,6,10.0,2.5,160.0
0000_sparse_grid_502__row_xy__cvar_0.25__3__deterministic__-1__17__12822,0000_sparse_grid_502,sparse_grid,502,row_xy,cvar_0.25,cvar,3,deterministic,-1,COBYLA,17,12822,12932,4096,40,4,6,24,12.73,28,"{'A': 0, 'B': 1, 'C': 2, 'D': 3}",1,21.52,1.690494893951296,False,12.73,1.0,19.472225467289718,20.59,8.79,0.41796875,0.4197302348283747,0.09681780516600012,True,385,True,0.00010109552626083757,3.3763188896610195,0.23930411739529367,10.328678679354878,237.060546875,417.96875,0.23930411739529367,0.09681780516600012,10.328678679354878,0.09681780516600012,10.328678679354878,0.09681780516600012,10.328678679354878,,1.309505106048704,1.0000116602111113,1.0,1.0,1.0,1.0,1.0,3.0272223949432373,40,1,116,918,6,10.0,2.5,160.0
0000_sparse_grid_502__row_xy__cvar_0.25__3__poor__-2__11__12816,0000_sparse_grid_502,sparse_grid,502,row_xy,cvar_0.25,cvar,3,poor,-2,COBYLA,11,12816,12920,4096,40,4,6,24,12.73,28,"{'A': 5, 'B': 3, 'C': 0, 'D': 2}",3,34.25,2.6904948939512963,False,12.73,1.0,18.00477764423077,16.67,21.52,0.40625,0.3951409988591706,0.14285471312508102,True,604,True,2.5146129959733844e-05,3.2288853895484793,0.394946186136678,7.000119058895998,406.25,406.25,0.394946186136678,0.14285471312508102,7.000119058895998,0.14285471312508102,7.000119058895998,0.14285471312508102,7.000119058895998,,1.382560879811469,1.0000000622459098,1.0,1.0,1.0,1.0,1.0,2.908318519592285,40,1,116,918,6,10.0,2.5,160.0
0000_sparse_grid_502__row_xy__cvar_0.25__3__poor__-2__17__12822,0000_sparse_grid_502,sparse_grid,502,row_xy,cvar_0.25,cvar,3,poor,-2,COBYLA,17,12822,12932,4096,40,4,6,24,12.73,28,"{'A': 5, 'B': 3, 'C': 0, 'D': 2}",3,34.25,2.6904948939512963,False,12.73,1.0,20.93696487376509,21.52,21.52,0.44482421875,0.4361913429906301,0.026338789968922107,True,114,True,2.4331189441374664e-05,3.4626743841249805,0.4301721957508288,37.966816288065196,441.650390625,444.82421875,0.4301721957508288,0.026338789968922107,37.966816288065196,0.026338789968922107,37.966816288065196,0.026338789968922107,37.966816288065196,,1.0,1.0213439153641002,1.0,1.0000000000007878,1.0,1.0,1.0,3.076785087585449,40,1,116,918,6,10.0,2.5,160.0
0001_dense_grid_503__row_xy__cvar_0.25__3__deterministic__-1__11__12817,0001_dense_grid_503,dense_grid,503,row_xy,cvar_0.25,cvar,3,deterministic,-1,COBYLA,11,12817,12921,4096,40,4,6,24,18.58,16,"{'A': 0, 'B': 1, 'C': 2, 'D': 3}",2,27.5,1.4800861141011843,False,18.58,1.0,21.869782743637494,20.9,8.920000000000002,0.393310546875,0.38740749353238974,0.01942233457521837,True,77,True,1.088694387606679e-05,3.2974323908421583,0.36594924529939754,51.48711634676167,372.55859375,393.310546875,0.36594924529939754,0.01942233457521837,51.48711634676167,0.11088489594164265,9.018360810171005,0.16951213355940808,5.8992827180098875,,1.0,1.0015146014584269,1.0,1.0000000000326574,1.0,1.0,1.0,3.08115553855896,40,1,170,1188,6,10.0,2.5,160.0
0001_dense_grid_503__row_xy__cvar_0.25__3__deterministic__-1__17__12823,0001_dense_grid_503,dense_grid,503,row_xy,cvar_0.25,cvar,3,deterministic,-1,COBYLA,17,12823,12933,4096,40,4,6,24,18.58,16,"{'A': 0, 'B': 1, 'C': 2, 'D': 3}",2,27.5,1.4800861141011843,False,18.58,1.0,21.979999999999997,22.62,8.920000000000002,0.3310546875,0.33957193492676613,0.05876176756719668,True,245,True,6.88369844547377e-06,3.4560636981591837,0.3197335678502732,17.01786793354124,313.4765625,331.0546875,0.3197335678502732,0.05876176756719668,17.01786793354124,0.08848778380026077,11.300994974145267,0.1329834156695476,7.519734659883563,,1.0613562970936492,1.0000300841697545,1.0,1.0,1.0,1.0,1.0,2.963944435119629,40,1,170,1188,6,10.0,2.5,160.0
0001_dense_grid_503__row_xy__cvar_0.25__3__poor__-2__11__12817,0001_dense_grid_503,dense_grid,503,row_xy,cvar_0.25,cvar,3,poor,-2,COBYLA,11,12817,12921,4096,40,4,6,24,18.58,16,"{'A': 5, 'B': 0, 'C': 3, 'D': 2}",3,30.6,1.6469321851453178,False,18.58,1.0,23.65099585062241,21.68,12.020000000000003,0.58837890625,0.5741272612149997,0.038650266190997984,True,172,True,8.115566857385222e-05,2.4938898967372904,0.5719867372433299,25.87304302273886,587.890625,588.37890625,0.5719867372433299,0.038650266190997984,25.87304302273886,0.07291503380084395,13.71459283323305,0.0999981335083418,10.000186652649676,,1.0,1.000241454862395,1.0,1.0,1.0,1.0,1.0,3.1416969299316406,40,1,170,1188,6,10.0,2.5,160.0
0001_dense_grid_503__row_xy__cvar_0.25__3__poor__-2__17__12823,0001_dense_grid_503,dense_grid,503,row_xy,cvar_0.25,cvar,3,poor,-2,COBYLA,17,12823,12933,4096,40,4,6,24,18.58,16,"{'A': 5, 'B': 0, 'C': 3, 'D': 2}",3,30.6,1.6469321851453178,False,18.58,1.0,23.88865950490425,22.82,12.020000000000003,0.522705078125,0.5224234867761779,0.03705332995435742,True,155,True,0.0005102449796092796,2.415881971986385,0.5215865232647802,26.988127686008458,521.728515625,522.705078125,0.5215865232647802,0.03705332995435742,26.988127686008458,0.07481840125651193,13.36569591445211,0.09654731316956633,10.357616045137341,,1.2282023681377827,1.0002739475988107,1.0,1.0,1.0,1.0,1.0,3.1993355751037598,40,1,170,1188,6,10.0,2.5,160.0
0002_sparse_grid_line_504__row_xy__cvar_0.25__3__deterministic__-1__11__12818,0002_sparse_grid_line_504,sparse_grid_line,504,row_xy,cvar_0.25,cvar,3,deterministic,-1,COBYLA,11,12818,12922,4096,40,3,6,18,11.45,8,"{'A': 0, 'B': 1, 'C': 2}",1,14.059999999999999,1.227947598253275,False,11.45,1.0,17.016371212121214,17.07,2.6099999999999994,0.64453125,0.6522632191254134,0.29300160196472347,True,1130,True,0.00032997332128388535,2.7755372315431033,0.3047834671191239,3.4129506231177436,286.376953125,644.53125,0.3047834671191239,0.29300160196472347,3.4129506231177436,0.29300160196472347,3.4129506231177436,0.29300160196472347,3.4129506231177436,,1.0,1.0000000000000002,1.0,1.0,1.0,1.0,1.0,0.35901665687561035,40,1,133,729,6,10.0,2.5,160.0
0002_sparse_grid_line_504__row_xy__cvar_0.25__3__deterministic__-1__17__12824,0002_sparse_grid_line_504,sparse_grid_line,504,row_xy,cvar_0.25,cvar,3,deterministic,-1,COBYLA,17,12824,12934,4096,40,3,6,18,11.45,8,"{'A': 0, 'B': 1, 'C': 2}",1,14.059999999999999,1.227947598253275,False,11.45,1.0,18.50397564469914,19.89,2.6099999999999994,0.681640625,0.6804903805980528,0.262392961474471,True,1073,True,7.224895964828377e-06,2.5622173051057278,0.28936662476357133,3.811077836770759,290.0390625,681.640625,0.28936662476357133,0.262392961474471,3.811077836770759,0.262392961474471,3.811077836770759,0.262392961474471,3.811077836770759,,1.0,1.0000000000000127,1.0,1.0,1.0,1.0,1.0,0.34343767166137695,40,1,133,729,6,10.0,2.5,160.0
0002_sparse_grid_line_504__row_xy__cvar_0.25__3__poor__-2__11__12818,0002_sparse_grid_line_504,sparse_grid_line,504,row_xy,cvar_0.25,cvar,3,poor,-2,COBYLA,11,12818,12922,4096,40,3,6,18,11.45,8,"{'A': 5, 'B': 4, 'C': 0}",2,38.75,3.3842794759825328,False,11.45,1.0,23.26581005586592,22.29,27.3,0.61181640625,0.6123499418703682,0.048133744760126274,True,198,True,0.02676310100965282,1.9971027781833706,0.5855547568409458,20.775445687500184,588.8671875,611.81640625,0.5855547568409458,0.048133744760126274,20.775445687500184,0.048133744760126274,20.775445687500184,0.048133744760126274,20.775445687500184,,1.0,1.0015161280157594,1.0,1.0,1.0,1.0,1.0,0.3547086715698242,40,1,133,729,6,10.0,2.5,160.0
0002_sparse_grid_line_504__row_xy__cvar_0.25__3__poor__-2__17__12824,0002_sparse_grid_line_504,sparse_grid_line,504,row_xy,cvar_0.25,cvar,3,poor,-2,COBYLA,17,12824,12934,4096,40,3,6,18,11.45,8,"{'A': 5, 'B': 4, 'C': 0}",2,38.75,3.3842794759825328,False,11.45,1.0,20.28115350877193,19.47,27.3,0.556640625,0.5642347490404783,0.14405212954119334,True,598,True,0.003013988984027564,2.6080472321744694,0.5530851165174265,6.941931390983281,545.166015625,556.640625,0.5530851165174265,0.14405212954119334,6.941931390983281,0.14405212954119334,6.941931390983281,0.14405212954119334,6.941931390983281,,1.0,1.0000000370253672,1.0,1.0,1.0,1.0,1.0,0.347261905670166,40,1,133,729,6,10.0,2.5,160.0
0003_dense_grid_line_505__row_xy__cvar_0.25__3__deterministic__-1__11__12819,0003_dense_grid_line_505,dense_grid_line,505,row_xy,cvar_0.25,cvar,3,deterministic,-1,COBYLA,11,12819,12923,4096,40,4,6,24,28.689999999999998,6,"{'A': 0, 'B': 1, 'C': 2, 'D': 3}",2,33.13,1.1547577553154411,False,28.689999999999998,1.0,38.95384199134199,33.13,4.440000000000005,0.451171875,0.44897345318221565,0.005022621083772282,True,28,True,8.706953351730021e-06,3.0421299186181834,0.05574165052714028,199.09923191915198,55.6640625,451.171875,0.05574165052714028,0.005022621083772282,199.09923191915198,0.005022621083772282,199.09923191915198,0.05451076726593791,18.344999532319353,,1.0669222725688394,1.0408850041425715,1.0669222725688394,1.0004352890418564,1.0,1.0000000000738698,1.0,4.936969757080078,40,1,170,1188,6,10.0,2.5,160.0
0003_dense_grid_line_505__row_xy__cvar_0.25__3__deterministic__-1__17__12825,0003_dense_grid_line_505,dense_grid_line,505,row_xy,cvar_0.25,cvar,3,deterministic,-1,COBYLA,17,12825,12935,4096,40,4,6,24,28.689999999999998,6,"{'A': 0, 'B': 1, 'C': 2, 'D': 3}",2,33.13,1.1547577553154411,False,28.689999999999998,1.0,40.12307692307692,39.33,4.440000000000005,0.33642578125,0.3450120588291301,0.0008104137674588354,True,1,True,2.2667673788742802e-05,3.169434606827177,0.12603906412160007,1233.9375762774102,118.65234375,336.42578125,0.12603906412160007,0.0008104137674588354,1233.9375762774102,0.0008104137674588354,1233.9375762774102,0.12552813011879335,7.966341879335346,,1.0728476821192054,1.0658141019548089,1.0728476821192054,1.0298990602399032,1.0669222725688394,1.0024174951987612,1.0,3.030369520187378,40,1,170,1188,6,10.0,2.5,160.0
0003_dense_grid_line_505__row_xy__cvar_0.25__3__poor__-2__11__12819,0003_dense_grid_line_505,dense_grid_line,505,row_xy,cvar_0.25,cvar,3,poor,-2,COBYLA,11,12819,12923,4096,40,4,6,24,28.689999999999998,6,"{'A': 5, 'B': 1, 'C': 4, 'D': 0}",2,65.92,2.29766469153015,False,28.689999999999998,1.0,42.855542570951584,42.47,37.230000000000004,0.29248046875,0.2897006013613884,0.0068319587640349975,True,41,True,0.00018082900536174956,3.1805743547268834,0.28703536647520034,146.37090687142756,289.55078125,292.48046875,0.28703536647520034,0.0068319587640349975,146.37090687142756,0.0068319587640349975,146.37090687142756,0.045913872986751834,21.779909533847075,,1.1770651795050542,1.0360841536772396,1.0,1.000070521490299,1.0,1.0000000000000426,1.0,3.1449387073516846,40,1,170,1188,6,10.0,2.5,160.0
0003_dense_grid_line_505__row_xy__cvar_0.25__3__poor__-2__17__12825,0003_dense_grid_line_505,dense_grid_line,505,row_xy,cvar_0.25,cvar,3,poor,-2,COBYLA,17,12825,12935,4096,40,4,6,24,28.689999999999998,6,"{'A': 5, 'B': 1, 'C': 4, 'D': 0}",2,65.92,2.29766469153015,False,28.689999999999998,1.0,42.066950122649224,41.900000000000006,37.230000000000004,0.298583984375,0.31572228793259993,0.0033350589950527035,True,17,True,0.001016331411981514,3.183266914838005,0.31373934754321403,299.84477080717943,297.119140625,298.583984375,0.31373934754321403,0.0033350589950527035,299.84477080717943,0.0033350589950527035,299.84477080717943,0.05251462557890736,19.042314192975084,,1.3590101080515862,1.0508254485371473,1.0669222725688394,1.0023701504088913,1.0,1.0000000763868724,1.0,3.0040111541748047,40,1,170,1188,6,10.0,2.5,160.0
0004_sparse_grid_lshape_506__row_xy__cvar_0.25__3__deterministic__-1__11__12820,0004_sparse_grid_lshape_506,sparse_grid_lshape,506,row_xy,cvar_0.25,cvar,3,deterministic,-1,COBYLA,11,12820,12924,4096,40,3,6,18,9.07,8,"{'A': 0, 'B': 1, 'C': 2}",1,9.66,1.0650496141124586,False,9.07,1.0,15.50302880970432,14.39,0.5899999999999999,0.64404296875,0.641182945250285,0.10669204864643003,True,412,True,0.00170724645510816,2.4396242724170554,0.10669204864643003,9.37276969265001,100.5859375,644.04296875,0.10669204864643003,0.10669204864643003,9.37276969265001,0.10669204864643003,9.37276969265001,0.2108813177147971,4.742003752804852,,1.0650496141124586,1.0000008191982874,1.0,1.0,1.0,1.0,1.0,0.35811519622802734,40,1,133,729,6,10.0,2.5,160.0
0004_sparse_grid_lshape_506__row_xy__cvar_0.25__3__deterministic__-1__17__12826,0004_sparse_grid_lshape_506,sparse_grid_lshape,506,row_xy,cvar_0.25,cvar,3,deterministic,-1,COBYLA,17,12826,12936,4096,40,3,6,18,9.07,8,"{'A': 0, 'B': 1, 'C': 2}",1,9.66,1.0650496141124586,False,9.07,1.0,14.148506519162385,14.129999999999999,0.5899999999999999,0.617919921875,0.6202489847144799,0.043224107133118334,True,201,True,0.0021706489670460095,2.3406828999999636,0.043224107133118334,23.135237864376833,49.072265625,617.919921875,0.043224107133118334,0.043224107133118334,23.135237864376833,0.043224107133118334,23.135237864376833,0.2503936519926639,3.993711470086703,,1.0650496141124586,1.0007839165581214,1.0,1.0,1.0,1.0,1.0,0.3472893238067627,40,1,133,729,6,10.0,2.5,160.0
0004_sparse_grid_lshape_506__row_xy__cvar_0.25__3__poor__-2__11__12820,0004_sparse_grid_lshape_506,sparse_grid_lshape,506,row_xy,cvar_0.25,cvar,3,poor,-2,COBYLA,11,12820,12924,4096,40,3,6,18,9.07,8,"{'A': 4, 'B': 5, 'C': 3}",2,25.36,2.7960308710033073,False,9.07,1.0,16.044059274059272,14.85,16.29,0.733154296875,0.7432459804473244,0.0335675206000596,True,127,True,0.005302588817420498,2.0750930364402276,0.7376770978847991,29.790701908386538,727.783203125,733.154296875,0.7376770978847991,0.0335675206000596,29.790701908386538,0.0335675206000596,29.790701908386538,0.2503702965714324,3.9940840175291843,,1.0,1.0021802492664114,1.0,1.0000000000000002,1.0,1.0,1.0,0.3441028594970703,40,1,133,729,6,10.0,2.5,160.0
0004_sparse_grid_lshape_506__row_xy__cvar_0.25__3__poor__-2__17__12826,0004_sparse_grid_lshape_506,sparse_grid_lshape,506,row_xy,cvar_0.25,cvar,3,poor,-2,COBYLA,17,12826,12936,4096,40,3,6,18,9.07,8,"{'A': 4, 'B': 5, 'C': 3}",2,25.36,2.7960308710033073,False,9.07,1.0,13.171826518914788,13.54,16.29,0.638916015625,0.6214428023234937,0.14998311135922346,True,621,True,0.00012306066369110162,2.6537582575464924,0.6208063638198924,6.667417357444381,638.18359375,638.916015625,0.6208063638198924,0.14998311135922346,6.667417357444381,0.14998311135922346,6.667417357444381,0.28725941564882296,3.4811739686280934,,1.0,1.0000000057016531,1.0,1.0,1.0,1.0,1.0,0.3684811592102051,40,1,133,729,6,10.0,2.5,160.0
0005_dense_grid_lshape_507__row_xy__cvar_0.25__3__deterministic__-1__11__12821,0005_dense_grid_lshape_507,dense_grid_lshape,507,row_xy,cvar_0.25,cvar,3,deterministic,-1,COBYLA,11,12821,12925,4096,40,4,6,24,21.08,6,"{'A': 0, 'B': 1, 'C': 2, 'D': 3}",1,21.46,1.0180265654648957,False,21.08,1.0,36.008684668989545,35.08,0.38000000000000256,0.2802734375,0.27983406537647615,0.008544208427789943,True,33,True,0.0004215726124848296,3.2789710307565505,0.008544208427789943,117.03834339381412,8.056640625,280.2734375,0.008544208427789943,0.008544208427789943,117.03834339381412,0.011189680033001893,89.36806030652215,0.011189680033001893,89.36806030652215,,2.043643263757116,1.0608585789061276,1.0,1.0000050742057762,1.0,1.0,1.0,2.852107286453247,40,1,170,1098,6,10.0,2.5,160.0
0005_dense_grid_lshape_507__row_xy__cvar_0.25__3__deterministic__-1__17__12827,0005_dense_grid_lshape_507,dense_grid_lshape,507,row_xy,cvar_0.25,cvar,3,deterministic,-1,COBYLA,17,12827,12937,4096,40,4,6,24,21.08,6,"{'A': 0, 'B': 1, 'C': 2, 'D': 3}",1,21.46,1.0180265654648957,False,21.08,1.0,27.36244208494208,21.46,0.38000000000000256,0.505859375,0.5077506772519714,0.004625516886170815,True,15,True,0.2679385379736972,0.6759569331910069,0.004625516886170815,216.19205477116728,3.662109375,505.859375,0.004625516886170815,0.004625516886170815,216.19205477116728,0.27259365877996716,3.668463912460937,0.27259365877996716,3.668463912460937,,1.2495256166982922,1.011338701207723,1.0,1.0001747496040825,1.0,1.000000000102007,1.0,2.8267199993133545,40,1,170,1098,6,10.0,2.5,160.0
0005_dense_grid_lshape_507__row_xy__cvar_0.25__3__poor__-2__11__12821,0005_dense_grid_lshape_507,dense_grid_lshape,507,row_xy,cvar_0.25,cvar,3,poor,-2,COBYLA,11,12821,12925,4096,40,4,6,24,21.08,6,"{'A': 1, 'B': 5, 'C': 3, 'D': 2}",3,53.16,2.521821631878558,False,21.08,1.0,29.764027472527467,27.34,32.08,0.4443359375,0.4390902749340434,0.06957586169665608,True,296,True,3.0354326346701122e-05,3.2068029164068377,0.43905685540261696,14.372800790594614,444.3359375,444.3359375,0.43905685540261696,0.06957586169665608,14.372800790594614,0.07207665864534026,13.874117069169241,0.07207665864534026,13.874117069169241,,1.23292220113852,1.0001087034353682,1.0,1.0,1.0,1.0,1.0,2.866151809692383,40,1,170,1098,6,10.0,2.5,160.0
0005_dense_grid_lshape_507__row_xy__cvar_0.25__3__poor__-2__17__12827,0005_dense_grid_lshape_507,dense_grid_lshape,507,row_xy,cvar_0.25,cvar,3,poor,-2,COBYLA,17,12827,12937,4096,40,4,6,24,21.08,6,"{'A': 1, 'B': 5, 'C': 3, 'D': 2}",3,53.16,2.521821631878558,False,21.08,1.0,29.458159065628475,27.34,32.08,0.43896484375,0.4339058874410815,0.052635142193586795,True,227,True,3.5720768251862636e-06,3.2228944581480854,0.43389669748386034,18.9987137551961,438.96484375,438.96484375,0.43389669748386034,0.052635142193586795,18.9987137551961,0.060595063356077124,16.502994544681986,0.060595063356077124,16.502994544681986,,1.23292220113852,1.0004012602843564,1.0,1.0,1.0,1.0,1.0,2.9026880264282227,40,1,170,1098,6,10.0,2.5,160.0
0000_sparse_grid_502__row_xy__cvar_0.25__3__deterministic__-1__11__12816,0000_sparse_grid_502,sparse_grid,502,row_xy,cvar_0.25,cvar,3,deterministic,-1,COBYLA,11,12816,12920,4096,40,4,6,24,12.73,28,"{'A': 0, 'B': 1, 'C': 2, 'D': 3}",1,21.52,1.690494893951296,False,12.73,1.0,18.86931190073322,20.57,8.79,0.432861328125,0.4207782284187031,0.09669584696538258,True,422,True,6.214843647711266e-05,3.379960831633706,0.2719834081158192,10.341705785544265,283.203125,432.861328125,0.2719834081158192,0.09669584696538258,10.341705785544265,0.09669584696538258,10.341705785544265,0.09669584696538258,10.341705785544265,,1.0,1.0000118554788202,1.0,1.0,1.0,1.0,1.0,2.9114880561828613,40,1,116,918,6,20.0,2.5,160.0
0000_sparse_grid_502__row_xy__cvar_0.25__3__deterministic__-1__17__12822,0000_sparse_grid_502,sparse_grid,502,row_xy,cvar_0.25,cvar,3,deterministic,-1,COBYLA,17,12822,12932,4096,40,4,6,24,12.73,28,"{'A': 0, 'B': 1, 'C': 2, 'D': 3}",1,21.52,1.690494893951296,False,12.73,1.0,20.548148639681486,20.59,8.79,0.367919921875,0.36789091458896706,0.02411854562569152,True,99,True,0.0001635309329703901,3.1237437985892327,0.19044273940049572,41.46186986228479,195.556640625,367.919921875,0.19044273940049572,0.02411854562569152,41.46186986228479,0.02411854562569152,41.46186986228479,0.02411854562569152,41.46186986228479,,1.307934014139827,1.0268064531113574,1.307934014139827,1.000000000007683,1.0,1.0,1.0,2.983872413635254,40,1,116,918,6,20.0,2.5,160.0
0000_sparse_grid_502__row_xy__cvar_0.25__3__poor__-2__11__12816,0000_sparse_grid_502,sparse_grid,502,row_xy,cvar_0.25,cvar,3,poor,-2,COBYLA,11,12816,12920,4096,40,4,6,24,12.73,28,"{'A': 5, 'B': 3, 'C': 0, 'D': 2}",3,34.25,2.6904948939512963,False,12.73,1.0,18.48257100149477,16.67,21.52,0.32666015625,0.3351615660185677,0.0803988219970461,True,315,True,0.0006917485146234891,3.0257387514507394,0.33415856806957456,12.437993183988947,326.171875,326.66015625,0.33415856806957456,0.0803988219970461,12.437993183988947,0.0803988219970461,12.437993183988947,0.0803988219970461,12.437993183988947,,1.307934014139827,1.000070537028618,1.0,1.0,1.0,1.0,1.0,4.933313846588135,40,1,116,918,6,20.0,2.5,160.0
0000_sparse_grid_502__row_xy__cvar_0.25__3__poor__-2__17__12822,0000_sparse_grid_502,sparse_grid,502,row_xy,cvar_0.25,cvar,3,poor,-2,COBYLA,17,12822,12932,4096,40,4,6,24,12.73,28,"{'A': 5, 'B': 3, 'C': 0, 'D': 2}",3,34.25,2.6904948939512963,False,12.73,1.0,20.210414201183433,20.59,21.52,0.371337890625,0.37186429869652327,0.03397615564403297,True,118,True,0.0004165297813105891,2.7967662679949297,0.37088307384522573,29.432405787075094,370.1171875,371.337890625,0.37088307384522573,0.03397615564403297,29.432405787075094,0.03397615564403297,29.432405787075094,0.03397615564403297,29.432405787075094,,1.0,1.0097124629380643,1.0,1.0000000000000002,1.0,1.0,1.0,3.12971830368042,40,1,116,918,6,20.0,2.5,160.0
0001_dense_grid_503__row_xy__cvar_0.25__3__deterministic__-1__11__12817,0001_dense_grid_503,dense_grid,503,row_xy,cvar_0.25,cvar,3,deterministic,-1,COBYLA,11,12817,12921,4096,40,4,6,24,18.58,16,"{'A': 0, 'B': 1, 'C': 2, 'D': 3}",2,27.5,1.4800861141011843,False,18.58,1.0,23.37749307479224,22.82,8.920000000000002,0.3525390625,0.34892232869615314,0.029237665368029575,True,121,True,8.43292922368753e-06,3.1535173792869893,0.30520716561922157,34.20245725547797,304.6875,352.5390625,0.30520716561922157,0.029237665368029575,34.20245725547797,0.046035824369490774,21.72221337829953,0.0809127806926386,12.358986941737616,,1.1916038751345535,1.0010312552447056,1.0,1.0000000000000013,1.0,1.0,1.0,3.0543158054351807,40,1,170,1188,6,20.0,2.5,160.0
0001_dense_grid_503__row_xy__cvar_0.25__3__deterministic__-1__17__12823,0001_dense_grid_503,dense_grid,503,row_xy,cvar_0.25,cvar,3,deterministic,-1,COBYLA,17,12823,12933,4096,40,4,6,24,18.58,16,"{'A': 0, 'B': 1, 'C': 2, 'D': 3}",2,27.5,1.4800861141011843,False,18.58,1.0,23.198870853916727,22.62,8.920000000000002,0.345947265625,0.35134980079375894,0.03735931385290758,True,161,True,9.717803265247077e-05,3.0891131846325273,0.31999729450655945,26.767086888619943,314.208984375,345.947265625,0.31999729450655945,0.03735931385290758,26.767086888619943,0.04319823059648647,23.149096298433463,0.05789687076292483,17.272090647088405,,1.217438105489774,1.0011280196151018,1.0,1.0,1.0,1.0,1.0,3.0786402225494385,40,1,170,1188,6,20.0,2.5,160.0
0001_dense_grid_503__row_xy__cvar_0.25__3__poor__-2__11__12817,0001_dense_grid_503,dense_grid,503,row_xy,cvar_0.25,cvar,3,poor,-2,COBYLA,11,12817,12921,4096,40,4,6,24,18.58,16,"{'A': 5, 'B': 0, 'C': 3, 'D': 2}",3,30.6,1.6469321851453178,False,18.58,1.0,23.631286681715576,23.8,12.020000000000003,0.324462890625,0.33008825355618,0.015691230951315645,True,71,True,0.00025195590448696015,3.2293874873813997,0.3289367433218021,63.729863074646424,323.974609375,324.462890625,0.3289367433218021,0.015691230951315645,63.729863074646424,0.02136830613190553,46.79828124078006,0.07361311383486581,13.584536068441166,,1.0,1.0081579819519069,1.0,1.0000000014776491,1.0,1.0,1.0,3.1019890308380127,40,1,170,1188,6,20.0,2.5,160.0
0001_dense_grid_503__row_xy__cvar_0.25__3__poor__-2__17__12823,0001_dense_grid_503,dense_grid,503,row_xy,cvar_0.25,cvar,3,poor,-2,COBYLA,17,12823,12933,4096,40,4,6,24,18.58,16,"{'A': 5, 'B': 0, 'C': 3, 'D': 2}",3,30.6,1.6469321851453178,False,18.58,1.0,22.833629361123702,21.68,12.020000000000003,0.538818359375,0.532729337578959,0.04187876605795583,True,190,True,5.583741228569225e-05,2.732436108182518,0.524161121423229,23.878449489560044,531.73828125,538.818359375,0.524161121423229,0.04187876605795583,23.878449489560044,0.07887695193144138,12.677974687322912,0.11704832641373576,8.543479694577238,,1.077502691065662,1.000165318414183,1.0,1.0,1.0,1.0,1.0,3.0944576263427734,40,1,170,1188,6,20.0,2.5,160.0
0002_sparse_grid_line_504__row_xy__cvar_0.25__3__deterministic__-1__11__12818,0002_sparse_grid_line_504,sparse_grid_line,504,row_xy,cvar_0.25,cvar,3,deterministic,-1,COBYLA,11,12818,12922,4096,40,3,6,18,11.45,8,"{'A': 0, 'B': 1, 'C': 2}",1,14.059999999999999,1.227947598253275,False,11.45,1.0,17.035311994827026,17.07,2.6099999999999994,0.755126953125,0.76359014970827,0.27975699623564376,True,1080,True,4.892127446085269e-05,2.715064926040089,0.2972373124934111,3.5745308015735344,280.2734375,755.126953125,0.2972373124934111,0.27975699623564376,3.5745308015735344,0.27975699623564376,3.5745308015735344,0.27975699623564376,3.5745308015735344,,1.0,1.0000000000000013,1.0,1.0,1.0,1.0,1.0,0.3648378849029541,40,1,133,729,6,20.0,2.5,160.0
0002_sparse_grid_line_504__row_xy__cvar_0.25__3__deterministic__-1__17__12824,0002_sparse_grid_line_504,sparse_grid_line,504,row_xy,cvar_0.25,cvar,3,deterministic,-1,COBYLA,17,12824,12934,4096,40,3,6,18,11.45,8,"{'A': 0, 'B': 1, 'C': 2}",1,14.059999999999999,1.227947598253275,False,11.45,1.0,16.562084562438542,17.07,2.6099999999999994,0.744873046875,0.7518800845476208,0.3266425881978023,True,1318,True,2.215147981134375e-06,2.682795655980985,0.3320446328401173,3.061450148057357,325.927734375,744.873046875,0.3320446328401173,0.3266425881978023,3.061450148057357,0.3266425881978023,3.061450148057357,0.3266425881978023,3.061450148057357,,1.0,1.0,1.0,1.0,1.0,1.0,1.0,0.3510301113128662,40,1,133,729,6,20.0,2.5,160.0
0002_sparse_grid_line_504__row_xy__cvar_0.25__3__poor__-2__11__12818,0002_sparse_grid_line_504,sparse_grid_line,504,row_xy,cvar_0.25,cvar,3,poor,-2,COBYLA,11,12818,12922,4096,40,3,6,18,11.45,8,"{'A': 5, 'B': 4, 'C': 0}",2,38.75,3.3842794759825328,False,11.45,1.0,21.13051430781129,19.89,27.3,0.63134765625,0.636895580603861,0.08020654903623692,True,294,True,0.00810175296705831,2.394026417680408,0.6270286054046568,12.46780982371159,621.58203125,631.34765625,0.6270286054046568,0.08020654903623692,12.46780982371159,0.08020654903623692,12.46780982371159,0.08020654903623692,12.46780982371159,,1.0,1.000049027241018,1.0,1.0,1.0,1.0,1.0,0.3884274959564209,40,1,133,729,6,20.0,2.5,160.0
0002_sparse_grid_line_504__row_xy__cvar_0.25__3__poor__-2__17__12824,0002_sparse_grid_line_504,sparse_grid_line,504,row_xy,cvar_0.25,cvar,3,poor,-2,COBYLA,17,12824,12934,4096,40,3,6,18,11.45,8,"{'A': 5, 'B': 4, 'C': 0}",2,38.75,3.3842794759825328,False,11.45,1.0,20.183587443946188,19.47,27.3,0.598876953125,0.599816936240263,0.1256840200846388,True,504,True,0.0004819225453090329,2.656341355914532,0.5941129928631734,7.956460967166508,593.75,598.876953125,0.5941129928631734,0.1256840200846388,7.956460967166508,0.1256840200846388,7.956460967166508,0.1256840200846388,7.956460967166508,,1.0,1.000000307790603,1.0,1.0,1.0,1.0,1.0,0.4524872303009033,40,1,133,729,6,20.0,2.5,160.0
0003_dense_grid_line_505__row_xy__cvar_0.25__3__deterministic__-1__11__12819,0003_dense_grid_line_505,dense_grid_line,505,row_xy,cvar_0.25,cvar,3,deterministic,-1,COBYLA,11,12819,12923,4096,40,4,6,24,28.689999999999998,6,"{'A': 0, 'B': 1, 'C': 2, 'D': 3}",2,33.13,1.1547577553154411,False,28.689999999999998,1.0,40.568049450549445,41.15,4.440000000000005,0.35546875,0.3634681170859627,0.022617051056955148,True,86,True,4.0438445637464344e-05,2.9660163221261824,0.09570538136879854,44.2144290819241,97.412109375,355.46875,0.09570538136879854,0.022617051056955148,44.2144290819241,0.022617051056955148,44.2144290819241,0.0897462772846147,11.142523458980632,,1.0,1.0068203913607392,1.0,1.0000000000077685,1.0,1.0,1.0,3.0713493824005127,40,1,170,1188,6,20.0,2.5,160.0
0003_dense_grid_line_505__row_xy__cvar_0.25__3__deterministic__-1__17__12825,0003_dense_grid_line_505,dense_grid_line,505,row_xy,cvar_0.25,cvar,3,deterministic,-1,COBYLA,17,12825,12935,4096,40,4,6,24,28.689999999999998,6,"{'A': 0, 'B': 1, 'C': 2, 'D': 3}",2,33.13,1.1547577553154411,False,28.689999999999998,1.0,39.340144759698894,38.99,4.440000000000005,0.421630859375,0.4172980425471824,0.0019402743112995353,True,10,True,1.802749120237316e-05,3.367850881743288,0.15580793947083338,515.3910424811177,165.52734375,421.630859375,0.15580793947083338,0.0019402743112995353,515.3910424811177,0.0019402743112995353,515.3910424811177,0.15373092816203823,6.504871934071471,,1.0829557337051239,1.0551092122010088,1.0669222725688394,1.0095962534161853,1.0,1.000023481280157,1.0,3.363100528717041,40,1,170,1188,6,20.0,2.5,160.0
0003_dense_grid_line_505__row_xy__cvar_0.25__3__poor__-2__11__12819,0003_dense_grid_line_505,dense_grid_line,505,row_xy,cvar_0.25,cvar,3,poor,-2,COBYLA,11,12819,12923,4096,40,4,6,24,28.689999999999998,6,"{'A': 5, 'B': 1, 'C': 4, 'D': 0}",2,65.92,2.29766469153015,False,28.689999999999998,1.0,43.290758468335795,42.61,37.230000000000004,0.33154296875,0.33765584242453917,0.004989608165664696,True,23,True,0.00020275443404640413,3.222102888551481,0.3366637002519388,200.41653909446492,330.078125,331.54296875,0.3366637002519388,0.004989608165664696,200.41653909446492,0.004989608165664696,200.41653909446492,0.05308511753464091,18.837671393445554,,1.0669222725688394,1.0423363738258684,1.0,1.0004499748207718,1.0,1.000000000084623,1.0,3.2516608238220215,40,1,170,1188,6,20.0,2.5,160.0
0003_dense_grid_line_505__row_xy__cvar_0.25__3__poor__-2__17__12825,0003_dense_grid_line_505,dense_grid_line,505,row_xy,cvar_0.25,cvar,3,poor,-2,COBYLA,17,12825,12935,4096,40,4,6,24,28.689999999999998,6,"{'A': 5, 'B': 1, 'C': 4, 'D': 0}",2,65.92,2.29766469153015,False,28.689999999999998,1.0,44.06735074626866,42.78,37.230000000000004,0.392578125,0.39183461611016435,0.005246118674526718,True,33,True,0.0005794741933369552,3.041349871745771,0.3910988623538896,190.61711372555172,391.6015625,392.578125,0.3910988623538896,0.005246118674526718,190.61711372555172,0.005246118674526718,190.61711372555172,0.05033419170233107,19.8672108596449,,1.1770651795050542,1.0434954926159676,1.0,1.0003487902047523,1.0,1.0000000000294336,1.0,4.908461332321167,40,1,170,1188,6,20.0,2.5,160.0
0004_sparse_grid_lshape_506__row_xy__cvar_0.25__3__deterministic__-1__11__12820,0004_sparse_grid_lshape_506,sparse_grid_lshape,506,row_xy,cvar_0.25,cvar,3,deterministic,-1,COBYLA,11,12820,12924,4096,40,3,6,18,9.07,8,"{'A': 0, 'B': 1, 'C': 2}",1,9.66,1.0650496141124586,False,9.07,1.0,14.228833049403747,13.67,0.5899999999999999,0.5732421875,0.5656936780392834,0.09066483683058622,True,384,True,6.099375213672485e-06,2.3776760861659127,0.09066483683058622,11.029634364958623,93.75,573.2421875,0.09066483683058622,0.09066483683058622,11.029634364958623,0.09066483683058622,11.029634364958623,0.23157542376556373,4.318247522726565,,1.0,1.000004848942404,1.0,1.0,1.0,1.0,1.0,0.33974289894104004,40,1,133,729,6,20.0,2.5,160.0
0004_sparse_grid_lshape_506__row_xy__cvar_0.25__3__deterministic__-1__17__12826,0004_sparse_grid_lshape_506,sparse_grid_lshape,506,row_xy,cvar_0.25,cvar,3,deterministic,-1,COBYLA,17,12826,12936,4096,40,3,6,18,9.07,8,"{'A': 0, 'B': 1, 'C': 2}",1,9.66,1.0650496141124586,False,9.07,1.0,14.380845969672784,14.129999999999999,0.5899999999999999,0.61181640625,0.6130252712258306,0.03722885497269417,True,150,True,0.014253454607082218,2.2684062596262335,0.03722885497269417,26.860885212114603,36.62109375,611.81640625,0.03722885497269417,0.03722885497269417,26.860885212114603,0.03722885497269417,26.860885212114603,0.25468364517498787,3.9264397967640234,,1.0650496141124586,1.0014640344557797,1.0,1.0,1.0,1.0,1.0,0.3353886604309082,40,1,133,729,6,20.0,2.5,160.0
0004_sparse_grid_lshape_506__row_xy__cvar_0.25__3__poor__-2__11__12820,0004_sparse_grid_lshape_506,sparse_grid_lshape,506,row_xy,cvar_0.25,cvar,3,poor,-2,COBYLA,11,12820,12924,4096,40,3,6,18,9.07,8,"{'A': 4, 'B': 5, 'C': 3}",2,25.36,2.7960308710033073,False,9.07,1.0,13.765560253699789,13.54,16.29,0.577392578125,0.5569923708558292,0.1334511421955605,True,568,True,0.000739091673813585,2.444436620394454,0.5493073099718434,7.493379101503613,569.091796875,577.392578125,0.5493073099718434,0.1334511421955605,7.493379101503613,0.1334511421955605,7.493379101503613,0.23865700343569163,4.1901137850725565,,1.0,1.0000000391436092,1.0,1.0,1.0,1.0,1.0,0.33295559883117676,40,1,133,729,6,20.0,2.5,160.0
0004_sparse_grid_lshape_506__row_xy__cvar_0.25__3__poor__-2__17__12826,0004_sparse_grid_lshape_506,sparse_grid_lshape,506,row_xy,cvar_0.25,cvar,3,poor,-2,COBYLA,17,12826,12936,4096,40,3,6,18,9.07,8,"{'A': 4, 'B': 5, 'C': 3}",2,25.36,2.7960308710033073,False,9.07,1.0,14.544580645161286,14.39,16.29,0.68115234375,0.6858178013829629,0.10932548093548256,True,414,True,0.0002482088746705883,2.662090951195659,0.6849595322277883,9.146998407353369,680.6640625,681.15234375,0.6849595322277883,0.10932548093548256,9.146998407353369,0.10932548093548256,9.146998407353369,0.24154235558929263,4.140060643030051,,1.0793825799338477,1.0000006099360834,1.0,1.0,1.0,1.0,1.0,0.34317803382873535,40,1,133,729,6,20.0,2.5,160.0
0005_dense_grid_lshape_507__row_xy__cvar_0.25__3__deterministic__-1__11__12821,0005_dense_grid_lshape_507,dense_grid_lshape,507,row_xy,cvar_0.25,cvar,3,deterministic,-1,COBYLA,11,12821,12925,4096,40,4,6,24,21.08,6,"{'A': 0, 'B': 1, 'C': 2, 'D': 3}",1,21.46,1.0180265654648957,False,21.08,1.0,36.7583320923306,36.08,0.38000000000000256,0.327880859375,0.32948617889538345,0.00303482241624151,True,9,True,0.00033526314407820545,3.3346591610313454,0.00303482241624151,329.50857178604036,2.197265625,327.880859375,0.00303482241624151,0.00303482241624151,329.50857178604036,0.009194215363179234,108.76403918106762,0.009194215363179234,108.76403918106762,,1.6162239089184063,1.0857612715286467,1.0180265654648957,1.0008755558367468,1.0,1.000000070656057,1.0,2.8776004314422607,40,1,170,1098,6,20.0,2.5,160.0
0005_dense_grid_lshape_507__row_xy__cvar_0.25__3__deterministic__-1__17__12827,0005_dense_grid_lshape_507,dense_grid_lshape,507,row_xy,cvar_0.25,cvar,3,deterministic,-1,COBYLA,17,12827,12937,4096,40,4,6,24,21.08,6,"{'A': 0, 'B': 1, 'C': 2, 'D': 3}",1,21.46,1.0180265654648957,False,21.08,1.0,35.09784158415842,35.08,0.38000000000000256,0.369873046875,0.3737339025493859,0.004565162593040819,True,15,True,0.010562506041433658,2.6658045278778224,0.004565162593040819,219.0502484017569,3.662109375,369.873046875,0.004565162593040819,0.004565162593040819,219.0502484017569,0.015627796128643616,63.98854910623876,0.015627796128643616,63.98854910623876,,1.4506641366223911,1.0433897476213574,1.0180265654648957,1.0001856917631116,1.0,1.000000000130764,1.0,2.85207462310791,40,1,170,1098,6,20.0,2.5,160.0
0005_dense_grid_lshape_507__row_xy__cvar_0.25__3__poor__-2__11__12821,0005_dense_grid_lshape_507,dense_grid_lshape,507,row_xy,cvar_0.25,cvar,3,poor,-2,COBYLA,11,12821,12925,4096,40,4,6,24,21.08,6,"{'A': 1, 'B': 5, 'C': 3, 'D': 2}",3,53.16,2.521821631878558,False,21.08,1.0,29.70100775193798,27.34,32.08,0.472412109375,0.46210007736567843,0.056368135694151715,True,248,True,3.4024329636930577e-06,3.1379939715814062,0.4620946146297319,17.74051931442096,472.412109375,472.412109375,0.4620946146297319,0.056368135694151715,17.74051931442096,0.05849005408480911,17.096923838538856,0.05849005408480911,17.096923838538856,,1.23292220113852,1.000467020556973,1.0,1.0,1.0,1.0,1.0,2.9639523029327393,40,1,170,1098,6,20.0,2.5,160.0
0005_dense_grid_lshape_507__row_xy__cvar_0.25__3__poor__-2__17__12827,0005_dense_grid_lshape_507,dense_grid_lshape,507,row_xy,cvar_0.25,cvar,3,poor,-2,COBYLA,17,12827,12937,4096,40,4,6,24,21.08,6,"{'A': 1, 'B': 5, 'C': 3, 'D': 2}",3,53.16,2.521821631878558,False,21.08,1.0,29.71948044692737,28.66,32.08,0.43701171875,0.4337646165072534,0.06336806727199279,True,261,True,1.6085935431371752e-05,3.1805794939815866,0.4337479379724417,15.78081900001354,436.767578125,437.01171875,0.4337479379724417,0.06336806727199279,15.78081900001354,0.06651928679965505,15.033233940283102,0.06651928679965505,15.033233940283102,,1.1480075901328275,1.000192451249556,1.0,1.0,1.0,1.0,1.0,2.9093847274780273,40,1,170,1098,6,20.0,2.5,160.0
0000_sparse_grid_502__row_xy__cvar_0.25__3__deterministic__-1__11__12816,0000_sparse_grid_502,sparse_grid,502,row_xy,cvar_0.25,cvar,3,deterministic,-1,COBYLA,11,12816,12920,4096,40,4,6,24,12.73,28,"{'A': 0, 'B': 1, 'C': 2, 'D': 3}",1,21.52,1.690494893951296,False,12.73,1.0,20.021653333333333,21.52,8.79,0.457763671875,0.44477363707620543,0.0791907607080761,True,339,True,1.7539753827879082e-05,3.472054738788464,0.20637301840697242,12.627735749203596,216.796875,457.763671875,0.20637301840697242,0.0791907607080761,12.627735749203596,0.0791907607080761,12.627735749203596,0.0791907607080761,12.627735749203596,,1.617439120188531,1.0000805932426369,1.0,1.0,1.0,1.0,1.0,2.9214322566986084,40,1,116,918,6,40.0,2.5,160.0
0000_sparse_grid_502__row_xy__cvar_0.25__3__deterministic__-1__17__12822,0000_sparse_grid_502,sparse_grid,502,row_xy,cvar_0.25,cvar,3,deterministic,-1,COBYLA,17,12822,12932,4096,40,4,6,24,12.73,28,"{'A': 0, 'B': 1, 'C': 2, 'D': 3}",1,21.52,1.690494893951296,False,12.73,1.0,20.695042253521127,21.52,8.79,0.3466796875,0.3488375762893311,0.03478922348158579,True,135,True,0.00022228572523925864,3.2629320373360535,0.15044936549545124,28.74453350559284,158.203125,346.6796875,0.15044936549545124,0.03478922348158579,28.74453350559284,0.03478922348158579,28.74453350559284,0.03478922348158579,28.74453350559284,,1.0,1.0089402524460684,1.0,1.0000000000000002,1.0,1.0,1.0,2.868947982788086,40,1,116,918,6,40.0,2.5,160.0
0000_sparse_grid_502__row_xy__cvar_0.25__3__poor__-2__11__12816,0000_sparse_grid_502,sparse_grid,502,row_xy,cvar_0.25,cvar,3,poor,-2,COBYLA,11,12816,12920,4096,40,4,6,24,12.73,28,"{'A': 5, 'B': 3, 'C': 0, 'D': 2}",3,34.25,2.6904948939512963,False,12.73,1.0,21.333584615384613,21.52,21.52,0.47607421875,0.4871152653661851,0.03828073348676862,True,162,True,2.740570284293337e-06,3.47764107637748,0.4813423444047201,26.12280144385532,467.529296875,476.07421875,0.4813423444047201,0.03828073348676862,26.12280144385532,0.03828073348676862,26.12280144385532,0.03828073348676862,26.12280144385532,,1.309505106048704,1.006214896839576,1.0,1.0,1.0,1.0,1.0,2.8364665508270264,40,1,116,918,6,40.0,2.5,160.0
0000_sparse_grid_502__row_xy__cvar_0.25__3__poor__-2__17__12822,0000_sparse_grid_502,sparse_grid,502,row_xy,cvar_0.25,cvar,3,poor,-2,COBYLA,17,12822,12932,4096,40,4,6,24,12.73,28,"{'A': 5, 'B': 3, 'C': 0, 'D': 2}",3,34.25,2.6904948939512963,False,12.73,1.0,20.22006031363088,20.59,21.52,0.40478515625,0.4118514103839978,0.05997634189837682,True,242,True,0.0002921013241673757,3.09599515714584,0.409741043283159,16.673240953814553,400.87890625,404.78515625,0.409741043283159,0.05997634189837682,16.673240953814553,0.05997634189837682,16.673240953814553,0.05997634189837682,16.673240953814553,,1.0,1.0006346674272335,1.0,1.0,1.0,1.0,1.0,2.9937329292297363,40,1,116,918,6,40.0,2.5,160.0
0001_dense_grid_503__row_xy__cvar_0.25__3__deterministic__-1__11__12817,0001_dense_grid_503,dense_grid,503,row_xy,cvar_0.25,cvar,3,deterministic,-1,COBYLA,11,12817,12921,4096,40,4,6,24,18.58,16,"{'A': 0, 'B': 1, 'C': 2, 'D': 3}",2,27.5,1.4800861141011843,False,18.58,1.0,23.95111111111111,23.94,8.920000000000002,0.369140625,0.36020536018580307,0.012877805868762218,True,40,True,8.82452881468616e-05,2.93047603689024,0.29483599367297364,77.65297987801686,305.6640625,369.140625,0.29483599367297364,0.012877805868762218,77.65297987801686,0.019644804576626138,50.9040441761291,0.08603233624874874,11.623536493402433,,1.342303552206674,1.0099636269358796,1.0,1.0000000254095367,1.0,1.0,1.0,2.918250799179077,40,1,170,1188,6,40.0,2.5,160.0
0001_dense_grid_503__row_xy__cvar_0.25__3__deterministic__-1__17__12823,0001_dense_grid_503,dense_grid,503,row_xy,cvar_0.25,cvar,3,deterministic,-1,COBYLA,17,12823,12933,4096,40,4,6,24,18.58,16,"{'A': 0, 'B': 1, 'C': 2, 'D': 3}",2,27.5,1.4800861141011843,False,18.58,1.0,23.6437874251497,23.0,8.920000000000002,0.326171875,0.33805335408004905,0.03221553622652706,True,141,True,0.0008202328319757054,3.2654259493946323,0.27131726812242163,31.04092363909112,260.7421875,326.171875,0.27131726812242163,0.03221553622652706,31.04092363909112,0.04237335838316817,23.599734317901664,0.07660342847922692,13.054246002464195,,1.217438105489774,1.0011091118115922,1.0,1.0000000000000002,1.0,1.0,1.0,4.990261554718018,40,1,170,1188,6,40.0,2.5,160.0
0001_dense_grid_503__row_xy__cvar_0.25__3__poor__-2__11__12817,0001_dense_grid_503,dense_grid,503,row_xy,cvar_0.25,cvar,3,poor,-2,COBYLA,11,12817,12921,4096,40,4,6,24,18.58,16,"{'A': 5, 'B': 0, 'C': 3, 'D': 2}",3,30.6,1.6469321851453178,False,18.58,1.0,22.19808300395257,21.68,12.020000000000003,0.494140625,0.48022420320335657,0.05051478883596583,True,202,True,1.9943634486853873e-05,2.9572984912169136,0.479861433418613,19.79618292075318,492.67578125,494.140625,0.479861433418613,0.05051478883596583,19.79618292075318,0.08692191297155005,11.504578831891386,0.11943139961939789,8.373007460238968,,1.1668460710441335,1.0000668421843815,1.0,1.0,1.0,1.0,1.0,2.895921230316162,40,1,170,1188,6,40.0,2.5,160.0
0001_dense_grid_503__row_xy__cvar_0.25__3__poor__-2__17__12823,0001_dense_grid_503,dense_grid,503,row_xy,cvar_0.25,cvar,3,poor,-2,COBYLA,17,12823,12933,4096,40,4,6,24,18.58,16,"{'A': 5, 'B': 0, 'C': 3, 'D': 2}",3,30.6,1.6469321851453178,False,18.58,1.0,23.02297078931013,21.68,12.020000000000003,0.392822265625,0.3897449446693673,0.018243805961295073,True,85,True,5.585633073572852e-05,2.7536509288798228,0.3814094986661023,54.8131240883365,385.7421875,392.822265625,0.3814094986661023,0.018243805961295073,54.8131240883365,0.046388623529702536,21.557009540490075,0.079425449346619,12.59042294662911,,1.288482238966631,1.0022140005950368,1.0,1.0000000001085512,1.0,1.0,1.0,2.913752794265747,40,1,170,1188,6,40.0,2.5,160.0
0002_sparse_grid_line_504__row_xy__cvar_0.25__3__deterministic__-1__11__12818,0002_sparse_grid_line_504,sparse_grid_line,504,row_xy,cvar_0.25,cvar,3,deterministic,-1,COBYLA,11,12818,12922,4096,40,3,6,18,11.45,8,"{'A': 0, 'B': 1, 'C': 2}",1,14.059999999999999,1.227947598253275,False,11.45,1.0,19.10517363851618,17.28,2.6099999999999994,0.61865234375,0.6151864395920719,0.12039115203577974,True,496,True,0.00010088507379892294,2.7301401344431087,0.14647669640257122,8.306258251460243,145.751953125,618.65234375,0.14647669640257122,0.12039115203577974,8.306258251460243,0.12039115203577974,8.306258251460243,0.12039115203577974,8.306258251460243,,1.0,1.000000565275675,1.0,1.0,1.0,1.0,1.0,0.3642551898956299,40,1,133,729,6,40.0,2.5,160.0
0002_sparse_grid_line_504__row_xy__cvar_0.25__3__deterministic__-1__17__12824,0002_sparse_grid_line_504,sparse_grid_line,504,row_xy,cvar_0.25,cvar,3,deterministic,-1,COBYLA,17,12824,12934,4096,40,3,6,18,11.45,8,"{'A': 0, 'B': 1, 'C': 2}",1,14.059999999999999,1.227947598253275,False,11.45,1.0,18.370447953593295,14.059999999999999,2.6099999999999994,0.757568359375,0.7540871857449309,0.3407154498495763,True,1352,True,0.0009561835503190819,2.6789610908129036,0.35287258993552256,2.9350004540196037,343.994140625,757.568359375,0.35287258993552256,0.3407154498495763,2.9350004540196037,0.3407154498495763,2.9350004540196037,0.3407154498495763,2.9350004540196037,,1.0,1.0,1.0,1.0,1.0,1.0,1.0,0.3673388957977295,40,1,133,729,6,40.0,2.5,160.0
0002_sparse_grid_line_504__row_xy__cvar_0.25__3__poor__-2__11__12818,0002_sparse_grid_line_504,sparse_grid_line,504,row_xy,cvar_0.25,cvar,3,poor,-2,COBYLA,11,12818,12922,4096,40,3,6,18,11.45,8,"{'A': 5, 'B': 4, 'C': 0}",2,38.75,3.3842794759825328,False,11.45,1.0,21.26673063255153,19.47,27.3,0.68701171875,0.6937572719456411,0.1675735139636462,True,703,True,0.0002532639167421606,2.61936170501117,0.6917289985907619,5.9675301683829485,684.814453125,687.01171875,0.6917289985907619,0.1675735139636462,5.9675301683829485,0.1675735139636462,5.9675301683829485,0.1675735139636462,5.9675301683829485,,1.0,1.0000000022700641,1.0,1.0,1.0,1.0,1.0,0.3484487533569336,40,1,133,729,6,40.0,2.5,160.0
0002_sparse_grid_line_504__row_xy__cvar_0.25__3__poor__-2__17__12824,0002_sparse_grid_line_504,sparse_grid_line,504,row_xy,cvar_0.25,cvar,3,poor,-2,COBYLA,17,12824,12934,4096,40,3,6,18,11.45,8,"{'A': 5, 'B': 4, 'C': 0}",2,38.75,3.3842794759825328,False,11.45,1.0,20.839392285298395,19.47,27.3,0.6708984375,0.672755130456757,0.17567889036698026,True,720,True,0.00042571261639973233,2.614126412103008,0.6695131654382271,5.6922035306067436,667.48046875,670.8984375,0.6695131654382271,0.17567889036698026,5.6922035306067436,0.17567889036698026,5.6922035306067436,0.17567889036698026,5.6922035306067436,,1.0,1.0000000008537304,1.0,1.0,1.0,1.0,1.0,0.3601071834564209,40,1,133,729,6,40.0,2.5,160.0
0003_dense_grid_line_505__row_xy__cvar_0.25__3__deterministic__-1__11__12819,0003_dense_grid_line_505,dense_grid_line,505,row_xy,cvar_0.25,cvar,3,deterministic,-1,COBYLA,11,12819,12923,4096,40,4,6,24,28.689999999999998,6,"{'A': 0, 'B': 1, 'C': 2, 'D': 3}",2,33.13,1.1547577553154411,False,28.689999999999998,1.0,40.31398246712587,38.99,4.440000000000005,0.389892578125,0.40206361192082396,0.0006376698393052867,True,2,True,4.5654311958968107e-07,3.50792254498424,0.13103237243597574,1568.209657037341,119.873046875,389.892578125,0.13103237243597574,0.0006376698393052867,1568.209657037341,0.0006376698393052867,1568.209657037341,0.13063218997315232,7.6550810348163125,,1.0669222725688394,1.0627869619503827,1.0669222725688394,1.035362735557891,1.0669222725688394,1.0049076884925197,1.0,3.0623435974121094,40,1,170,1188,6,40.0,2.5,160.0
0003_dense_grid_line_505__row_xy__cvar_0.25__3__deterministic__-1__17__12825,0003_dense_grid_line_505,dense_grid_line,505,row_xy,cvar_0.25,cvar,3,deterministic,-1,COBYLA,17,12825,12935,4096,40,4,6,24,28.689999999999998,6,"{'A': 0, 'B': 1, 'C': 2, 'D': 3}",2,33.13,1.1547577553154411,False,28.689999999999998,1.0,41.19789078498294,41.32,4.440000000000005,0.357666015625,0.36508150230786207,0.004442298911400197,True,18,True,1.0748939561750909e-05,3.3441037668939644,0.08607447389486919,225.10867007029103,87.40234375,357.666015625,0.08607447389486919,0.004442298911400197,225.10867007029103,0.004442298911400197,225.10867007029103,0.08373978911194685,11.941754458721627,,1.6399442314395263,1.0429428130161205,1.0669222725688394,1.000779842419994,1.0,1.0000000008048098,1.0,3.1014537811279297,40,1,170,1188,6,40.0,2.5,160.0
0003_dense_grid_line_505__row_xy__cvar_0.25__3__poor__-2__11__12819,0003_dense_grid_line_505,dense_grid_line,505,row_xy,cvar_0.25,cvar,3,poor,-2,COBYLA,11,12819,12923,4096,40,4,6,24,28.689999999999998,6,"{'A': 5, 'B': 1, 'C': 4, 'D': 0}",2,65.92,2.29766469153015,False,28.689999999999998,1.0,43.11612924716855,42.760000000000005,37.230000000000004,0.366455078125,0.3703330089710893,0.001697042807759382,True,5,True,0.00018484192575983382,3.1809965287930297,0.3696586732801196,589.2603270982347,365.234375,366.455078125,0.3696586732801196,0.001697042807759382,589.2603270982347,0.001697042807759382,589.2603270982347,0.0644222766889234,15.522580874139416,,1.3590101080515862,1.0590914417940003,1.0,1.0122442178329847,1.0,1.0000637070317864,1.0,3.030280113220215,40,1,170,1188,6,40.0,2.5,160.0
0003_dense_grid_line_505__row_xy__cvar_0.25__3__poor__-2__17__12825,0003_dense_grid_line_505,dense_grid_line,505,row_xy,cvar_0.25,cvar,3,poor,-2,COBYLA,17,12825,12935,4096,40,4,6,24,28.689999999999998,6,"{'A': 5, 'B': 1, 'C': 4, 'D': 0}",2,65.92,2.29766469153015,False,28.689999999999998,1.0,43.9204203539823,42.760000000000005,37.230000000000004,0.3310546875,0.3295094146591162,0.003275158085204696,True,18,True,1.5087092388232298e-05,3.0701366681546447,0.32944014788573905,305.3287731414957,330.810546875,331.0546875,0.32944014788573905,0.003275158085204696,305.3287731414957,0.003275158085204696,305.3287731414957,0.036339246906523515,27.518456906174436,,1.0728476821192054,1.053294906505572,1.0,1.002518289331306,1.0,1.0000000977075263,1.0,2.886568069458008,40,1,170,1188,6,40.0,2.5,160.0
0004_sparse_grid_lshape_506__row_xy__cvar_0.25__3__deterministic__-1__11__12820,0004_sparse_grid_lshape_506,sparse_grid_lshape,506,row_xy,cvar_0.25,cvar,3,deterministic,-1,COBYLA,11,12820,12924,4096,40,3,6,18,9.07,8,"{'A': 0, 'B': 1, 'C': 2}",1,9.66,1.0650496141124586,False,9.07,1.0,16.219603024574667,14.98,0.5899999999999999,0.645751953125,0.644148405545251,0.029976250802540967,True,125,True,0.00473812670467933,2.317479500749303,0.029976250802540967,33.359742236852185,30.517578125,645.751953125,0.029976250802540967,0.029976250802540967,33.359742236852185,0.029976250802540967,33.359742236852185,0.20379085132447108,4.906991621561182,,1.0,1.0031009396112567,1.0,1.000000000000004,1.0,1.0,1.0,0.3401515483856201,40,1,133,729,6,40.0,2.5,160.0
0004_sparse_grid_lshape_506__row_xy__cvar_0.25__3__deterministic__-1__17__12826,0004_sparse_grid_lshape_506,sparse_grid_lshape,506,row_xy,cvar_0.25,cvar,3,deterministic,-1,COBYLA,17,12826,12936,4096,40,3,6,18,9.07,8,"{'A': 0, 'B': 1, 'C': 2}",1,9.66,1.0650496141124586,False,9.07,1.0,16.489788497217067,18.009999999999998,0.5899999999999999,0.657958984375,0.6674947450244302,0.023828335623719957,True,94,True,0.001037112134448825,2.3277488723585265,0.023828335623719957,41.96684215764312,22.94921875,657.958984375,0.023828335623719957,0.023828335623719957,41.96684215764312,0.023828335623719957,41.96684215764312,0.19061952272217422,5.246052375534948,,1.0,1.0058326359412773,1.0,1.000000000002185,1.0,1.0,1.0,0.3451650142669678,40,1,133,729,6,40.0,2.5,160.0
0004_sparse_grid_lshape_506__row_xy__cvar_0.25__3__poor__-2__11__12820,0004_sparse_grid_lshape_506,sparse_grid_lshape,506,row_xy,cvar_0.25,cvar,3,poor,-2,COBYLA,11,12820,12924,4096,40,3,6,18,9.07,8,"{'A': 4, 'B': 5, 'C': 3}",2,25.36,2.7960308710033073,False,9.07,1.0,13.309545259545258,13.54,16.29,0.569091796875,0.5645569836813775,0.12381467037971218,True,522,True,6.062370176765275e-05,2.6061611132132856,0.5622368072052527,8.07658734569354,567.87109375,569.091796875,0.5622368072052527,0.12381467037971218,8.07658734569354,0.12381467037971218,8.07658734569354,0.24980408716474461,4.003137063728284,,1.0,1.0000001182729974,1.0,1.0,1.0,1.0,1.0,0.33694887161254883,40,1,133,729,6,40.0,2.5,160.0
0004_sparse_grid_lshape_506__row_xy__cvar_0.25__3__poor__-2__17__12826,0004_sparse_grid_lshape_506,sparse_grid_lshape,506,row_xy,cvar_0.25,cvar,3,poor,-2,COBYLA,17,12826,12936,4096,40,3,6,18,9.07,8,"{'A': 4, 'B': 5, 'C': 3}",2,25.36,2.7960308710033073,False,9.07,1.0,12.52653945905891,13.54,16.29,0.658935546875,0.6453378342832272,0.15901747505324396,True,668,True,0.00010382076210618505,2.694380325538212,0.6449153475570615,6.288617019388399,658.203125,658.935546875,0.6449153475570615,0.15901747505324396,6.288617019388399,0.15901747505324396,6.288617019388399,0.3103176218875988,3.222504716029995,,1.0,1.0000000019585837,1.0,1.0,1.0,1.0,1.0,0.33687329292297363,40,1,133,729,6,40.0,2.5,160.0
0005_dense_grid_lshape_507__row_xy__cvar_0.25__3__deterministic__-1__11__12821,0005_dense_grid_lshape_507,dense_grid_lshape,507,row_xy,cvar_0.25,cvar,3,deterministic,-1,COBYLA,11,12821,12925,4096,40,4,6,24,21.08,6,"{'A': 0, 'B': 1, 'C': 2, 'D': 3}",1,21.46,1.0180265654648957,False,21.08,1.0,35.09511480601741,34.11,0.38000000000000256,0.308349609375,0.3003111375374997,0.006513691029188265,True,25,True,0.00014949762537102223,3.138351309993107,0.006513691029188265,153.52278692970486,6.103515625,308.349609375,0.006513691029188265,0.006513691029188265,153.52278692970486,0.026574868764734104,37.62953671955812,0.026574868764734104,37.62953671955812,,1.664136622390892,1.020204488658799,1.0,1.000026169749113,1.0,1.0000000000000426,1.0,2.956712484359741,40,1,170,1098,6,40.0,2.5,160.0
0005_dense_grid_lshape_507__row_xy__cvar_0.25__3__deterministic__-1__17__12827,0005_dense_grid_lshape_507,dense_grid_lshape,507,row_xy,cvar_0.25,cvar,3,deterministic,-1,COBYLA,17,12827,12937,4096,40,4,6,24,21.08,6,"{'A': 0, 'B': 1, 'C': 2, 'D': 3}",1,21.46,1.0180265654648957,False,21.08,1.0,33.303128378378375,32.57,0.38000000000000256,0.361328125,0.3604905556019099,0.003094291048564995,True,8,True,0.02751638017291254,2.26291528609668,0.003094291048564995,323.1758048305634,1.953125,361.328125,0.003094291048564995,0.003094291048564995,323.1758048305634,0.0325054850259684,30.764038721499066,0.0325054850259684,30.764038721499066,,1.3206831119544593,1.018145635904747,1.0180265654648957,1.0008128231371265,1.0,1.0000000553397552,1.0,2.880073070526123,40,1,170,1098,6,40.0,2.5,160.0
0005_dense_grid_lshape_507__row_xy__cvar_0.25__3__poor__-2__11__12821,0005_dense_grid_lshape_507,dense_grid_lshape,507,row_xy,cvar_0.25,cvar,3,poor,-2,COBYLA,11,12821,12925,4096,40,4,6,24,21.08,6,"{'A': 1, 'B': 5, 'C': 3, 'D': 2}",3,53.16,2.521821631878558,False,21.08,1.0,30.385121951219507,29.11,32.08,0.400390625,0.40435202514951907,0.01596193977038107,True,67,True,2.5805426785084274e-06,3.2463612270904196,0.4043216675384787,62.64902727271263,400.146484375,400.390625,0.4043216675384787,0.01596193977038107,62.64902727271263,0.03029816725301387,33.0052967114876,0.03029816725301387,33.0052967114876,,1.2509487666034158,1.0100906272008683,1.0,1.000000001852723,1.0,1.0,1.0,4.794931650161743,40,1,170,1098,6,40.0,2.5,160.0
0005_dense_grid_lshape_507__row_xy__cvar_0.25__3__poor__-2__17__12827,0005_dense_grid_lshape_507,dense_grid_lshape,507,row_xy,cvar_0.25,cvar,3,poor,-2,COBYLA,17,12827,12937,4096,40,4,6,24,21.08,6,"{'A': 1, 'B': 5, 'C': 3, 'D': 2}",3,53.16,2.521821631878558,False,21.08,1.0,29.819987639060564,27.69,32.08,0.39501953125,0.4080128319995193,0.05883545988798048,True,244,True,1.7861879539157466e-06,3.2157169457307972,0.4080006822720302,16.996552791529897,395.01953125,395.01953125,0.4080006822720302,0.05883545988798048,16.996552791529897,0.06728838810746708,14.861405186328556,0.06728838810746708,14.861405186328556,,1.23292220113852,1.0002005539537893,1.0,1.0,1.0,1.0,1.0,2.8490209579467773,40,1,170,1098,6,40.0,2.5,160.0
0000_sparse_grid_502__row_xy__cvar_0.25__3__deterministic__-1__11__12816,0000_sparse_grid_502,sparse_grid,502,row_xy,cvar_0.25,cvar,3,deterministic,-1,COBYLA,11,12816,12920,4096,40,4,6,24,12.73,28,"{'A': 0, 'B': 1, 'C': 2, 'D': 3}",1,21.52,1.690494893951296,False,12.73,1.0,20.536556603773583,21.52,8.79,0.4140625,0.40465895561041093,0.051315635520924566,True,229,True,0.0004462890990276533,3.365458991223125,0.18465171843207248,19.487237950940663,196.77734375,414.0625,0.18465171843207248,0.051315635520924566,19.487237950940663,0.051315635520924566,19.487237950940663,0.051315635520924566,19.487237950940663,,1.0,1.0015895293036599,1.0,1.0,1.0,1.0,1.0,2.822324752807617,40,1,116,918,6,80.0,2.5,160.0
0000_sparse_grid_502__row_xy__cvar_0.25__3__deterministic__-1__17__12822,0000_sparse_grid_502,sparse_grid,502,row_xy,cvar_0.25,cvar,3,deterministic,-1,COBYLA,17,12822,12932,4096,40,4,6,24,12.73,28,"{'A': 0, 'B': 1, 'C': 2, 'D': 3}",1,21.52,1.690494893951296,False,12.73,1.0,20.389658944658947,20.59,8.79,0.37939453125,0.3679267868326396,0.030148752986830576,True,144,True,0.0012864127521665714,3.268740841427764,0.2172286815712307,33.168867728519814,215.576171875,379.39453125,0.2172286815712307,0.030148752986830576,33.168867728519814,0.030148752986830576,33.168867728519814,0.030148752986830576,33.168867728519814,,1.0,1.0144213215195002,1.0,1.0000000000000155,1.0,1.0,1.0,2.83361554145813,40,1,116,918,6,80.0,2.5,160.0
0000_sparse_grid_502__row_xy__cvar_0.25__3__poor__-2__11__12816,0000_sparse_grid_502,sparse_grid,502,row_xy,cvar_0.25,cvar,3,poor,-2,COBYLA,11,12816,12920,4096,40,4,6,24,12.73,28,"{'A': 5, 'B': 3, 'C': 0, 'D': 2}",3,34.25,2.6904948939512963,False,12.73,1.0,19.613588979895756,20.59,21.52,0.327880859375,0.3217083541623242,0.04141832578615403,True,173,True,0.00010480952433224253,3.225091185705596,0.32012864869627555,24.143902029335425,326.416015625,327.880859375,0.32012864869627555,0.04141832578615403,24.143902029335425,0.04141832578615403,24.143902029335425,0.04141832578615403,24.143902029335425,,1.0,1.0044846043944156,1.0,1.0,1.0,1.0,1.0,2.9686362743377686,40,1,116,918,6,80.0,2.5,160.0
0000_sparse_grid_502__row_xy__cvar_0.25__3__poor__-2__17__12822,0000_sparse_grid_502,sparse_grid,502,row_xy,cvar_0.25,cvar,3,poor,-2,COBYLA,17,12822,12932,4096,40,4,6,24,12.73,28,"{'A': 5, 'B': 3, 'C': 0, 'D': 2}",3,34.25,2.6904948939512963,False,12.73,1.0,19.23730853391685,20.57,21.52,0.334716796875,0.33740077894049864,0.08372764076497202,True,350,True,0.002232031874582399,2.8781568362912764,0.33454450184251633,11.943487131173965,331.0546875,334.716796875,0.33454450184251633,0.08372764076497202,11.943487131173965,0.08372764076497202,11.943487131173965,0.08372764076497202,11.943487131173965,,1.0,1.000049123742062,1.0,1.0,1.0,1.0,1.0,3.0794293880462646,40,1,116,918,6,80.0,2.5,160.0
0001_dense_grid_503__row_xy__cvar_0.25__3__deterministic__-1__11__12817,0001_dense_grid_503,dense_grid,503,row_xy,cvar_0.25,cvar,3,deterministic,-1,COBYLA,11,12817,12921,4096,40,4,6,24,18.58,16,"{'A': 0, 'B': 1, 'C': 2, 'D': 3}",2,27.5,1.4800861141011843,False,18.58,1.0,23.387680763983628,22.82,8.920000000000002,0.35791015625,0.3642214357848904,0.05306460996232714,True,229,True,0.0007191097726139445,2.678051691533551,0.3002773493794556,18.844951479148595,300.78125,357.91015625,0.3002773493794556,0.05306460996232714,18.844951479148595,0.06116745484789405,16.348563177701504,0.11349133219262017,8.811245587484834,,1.0,1.0001411727976026,1.0,1.0,1.0,1.0,1.0,2.922184705734253,40,1,170,1188,6,80.0,2.5,160.0
0001_dense_grid_503__row_xy__cvar_0.25__3__deterministic__-1__17__12823,0001_dense_grid_503,dense_grid,503,row_xy,cvar_0.25,cvar,3,deterministic,-1,COBYLA,17,12823,12933,4096,40,4,6,24,18.58,16,"{'A': 0, 'B': 1, 'C': 2, 'D': 3}",2,27.5,1.4800861141011843,False,18.58,1.0,22.367655502392342,22.7,8.920000000000002,0.357177734375,0.3522720448050468,0.03395153646937,True,149,True,5.10347502728893e-07,3.4849308739149505,0.33261266107400744,29.453748018213208,338.37890625,357.177734375,0.33261266107400744,0.03395153646937,29.453748018213208,0.07217052988702724,13.856071190905189,0.11282536597708524,8.86325509640358,,1.0,1.000369180656051,1.0,1.0,1.0,1.0,1.0,2.985711097717285,40,1,170,1188,6,80.0,2.5,160.0
0001_dense_grid_503__row_xy__cvar_0.25__3__poor__-2__11__12817,0001_dense_grid_503,dense_grid,503,row_xy,cvar_0.25,cvar,3,poor,-2,COBYLA,11,12817,12921,4096,40,4,6,24,18.58,16,"{'A': 5, 'B': 0, 'C': 3, 'D': 2}",3,30.6,1.6469321851453178,False,18.58,1.0,22.97998085208234,21.68,12.020000000000003,0.510009765625,0.5038469725253523,0.024679148687796297,True,97,True,0.00012592634614905785,2.6557059269183405,0.49691842149201076,40.52003627234089,502.9296875,510.009765625,0.49691842149201076,0.024679148687796297,40.52003627234089,0.063334163370765,15.789266752382794,0.09093221811840989,10.997202319400397,,1.0613562970936492,1.0009712695940869,1.0,1.0000000000001512,1.0,1.0,1.0,2.94510555267334,40,1,170,1188,6,80.0,2.5,160.0
0001_dense_grid_503__row_xy__cvar_0.25__3__poor__-2__17__12823,0001_dense_grid_503,dense_grid,503,row_xy,cvar_0.25,cvar,3,poor,-2,COBYLA,17,12823,12933,4096,40,4,6,24,18.58,16,"{'A': 5, 'B': 0, 'C': 3, 'D': 2}",3,30.6,1.6469321851453178,False,18.58,1.0,22.186589755422247,21.68,12.020000000000003,0.529052734375,0.5330650104236907,0.053345541471199805,True,242,True,1.893609310010305e-05,2.846292344581645,0.5318461126016583,18.745709058738864,527.587890625,529.052734375,0.5318461126016583,0.053345541471199805,18.745709058738864,0.0977974087017081,10.22521980158084,0.1405592550629938,7.114437249627103,,1.1668460710441335,1.0000467597053886,1.0,1.0,1.0,1.0,1.0,2.854702949523926,40,1,170,1188,6,80.0,2.5,160.0
0002_sparse_grid_line_504__row_xy__cvar_0.25__3__deterministic__-1__11__12818,0002_sparse_grid_line_504,sparse_grid_line,504,row_xy,cvar_0.25,cvar,3,deterministic,-1,COBYLA,11,12818,12922,4096,40,3,6,18,11.45,8,"{'A': 0, 'B': 1, 'C': 2}",1,14.059999999999999,1.227947598253275,False,11.45,1.0,19.06873186710342,17.07,2.6099999999999994,0.521728515625,0.5028400096766108,0.1658974201687221,True,716,True,0.0001241145275684246,2.6737840583819166,0.1873433350465022,6.027821282470657,197.998046875,521.728515625,0.1873433350465022,0.1658974201687221,6.027821282470657,0.1658974201687221,6.027821282470657,0.1658974201687221,6.027821282470657,,1.0,1.0000000027939926,1.0,1.0,1.0,1.0,1.0,0.34777355194091797,40,1,133,729,6,80.0,2.5,160.0
0002_sparse_grid_line_504__row_xy__cvar_0.25__3__deterministic__-1__17__12824,0002_sparse_grid_line_504,sparse_grid_line,504,row_xy,cvar_0.25,cvar,3,deterministic,-1,COBYLA,17,12824,12934,4096,40,3,6,18,11.45,8,"{'A': 0, 'B': 1, 'C': 2}",1,14.059999999999999,1.227947598253275,False,11.45,1.0,16.74190954773869,14.059999999999999,2.6099999999999994,0.728759765625,0.7376781442068832,0.3423402695557322,True,1378,True,4.9633591555492874e-05,2.637506779816835,0.35578013441567236,2.921070317838265,349.365234375,728.759765625,0.35578013441567236,0.3423402695557322,2.921070317838265,0.3423402695557322,2.921070317838265,0.3423402695557322,2.921070317838265,,1.0,1.0,1.0,1.0,1.0,1.0,1.0,0.3382582664489746,40,1,133,729,6,80.0,2.5,160.0
0002_sparse_grid_line_504__row_xy__cvar_0.25__3__poor__-2__11__12818,0002_sparse_grid_line_504,sparse_grid_line,504,row_xy,cvar_0.25,cvar,3,poor,-2,COBYLA,11,12818,12922,4096,40,3,6,18,11.45,8,"{'A': 5, 'B': 4, 'C': 0}",2,38.75,3.3842794759825328,False,11.45,1.0,20.56861475409836,19.89,27.3,0.595703125,0.5892366611226714,0.05824608175703366,True,269,True,0.000737465863297661,2.436777436953071,0.5878285186284157,17.16853683259548,595.458984375,595.703125,0.5878285186284157,0.05824608175703366,17.16853683259548,0.05824608175703366,17.16853683259548,0.05824608175703366,17.16853683259548,,1.2096069868995634,1.0005190892713416,1.0,1.0,1.0,1.0,1.0,0.34731006622314453,40,1,133,729,6,80.0,2.5,160.0
0002_sparse_grid_line_504__row_xy__cvar_0.25__3__poor__-2__17__12824,0002_sparse_grid_line_504,sparse_grid_line,504,row_xy,cvar_0.25,cvar,3,poor,-2,COBYLA,17,12824,12934,4096,40,3,6,18,11.45,8,"{'A': 5, 'B': 4, 'C': 0}",2,38.75,3.3842794759825328,False,11.45,1.0,20.742507874015747,19.89,27.3,0.6201171875,0.6178929723896698,0.11758464912995066,True,475,True,0.00028070537817988705,2.58373577981879,0.6173528932746629,8.504511493629012,618.896484375,620.1171875,0.6173528932746629,0.11758464912995066,8.504511493629012,0.11758464912995066,8.504511493629012,0.11758464912995066,8.504511493629012,,1.0,1.0000007740077002,1.0,1.0,1.0,1.0,1.0,0.3599531650543213,40,1,133,729,6,80.0,2.5,160.0
0003_dense_grid_line_505__row_xy__cvar_0.25__3__deterministic__-1__11__12819,0003_dense_grid_line_505,dense_grid_line,505,row_xy,cvar_0.25,cvar,3,deterministic,-1,COBYLA,11,12819,12923,4096,40,4,6,24,28.689999999999998,6,"{'A': 0, 'B': 1, 'C': 2, 'D': 3}",2,33.13,1.1547577553154411,False,28.689999999999998,1.0,40.82312962962963,39.33,4.440000000000005,0.3955078125,0.41238452191562236,0.0003969233613721592,True,3,True,2.447847546389604e-06,3.607580139309792,0.14940433859344016,2519.3780394860414,143.310546875,395.5078125,0.14940433859344016,0.0003969233613721592,2519.3780394860414,0.0003969233613721592,2519.3780394860414,0.14905835304085213,6.708782027974856,,1.4803067270826074,1.0643175176579363,1.0669222725688394,1.0449940238999458,1.0669222725688394,1.0131630149976383,1.0,4.968623399734497,40,1,170,1188,6,80.0,2.5,160.0
0003_dense_grid_line_505__row_xy__cvar_0.25__3__deterministic__-1__17__12825,0003_dense_grid_line_505,dense_grid_line,505,row_xy,cvar_0.25,cvar,3,deterministic,-1,COBYLA,17,12825,12935,4096,40,4,6,24,28.689999999999998,6,"{'A': 0, 'B': 1, 'C': 2, 'D': 3}",2,33.13,1.1547577553154411,False,28.689999999999998,1.0,41.39453407510432,40.8,4.440000000000005,0.35107421875,0.3611545357031203,0.0012786792325585378,True,3,True,1.7539132720494204e-05,3.2483430073987583,0.12229530150963203,782.0569651382214,116.69921875,351.07421875,0.12229530150963203,0.0012786792325585378,782.0569651382214,0.0012786792325585378,782.0569651382214,0.12127146664713367,8.245962777952728,,1.0728476821192054,1.060829947441412,1.0,1.0186163274425921,1.0,1.0003544139563254,1.0,2.911839008331299,40,1,170,1188,6,80.0,2.5,160.0
0003_dense_grid_line_505__row_xy__cvar_0.25__3__poor__-2__11__12819,0003_dense_grid_line_505,dense_grid_line,505,row_xy,cvar_0.25,cvar,3,poor,-2,COBYLA,11,12819,12923,4096,40,4,6,24,28.689999999999998,6,"{'A': 5, 'B': 1, 'C': 4, 'D': 0}",2,65.92,2.29766469153015,False,28.689999999999998,1.0,43.83704511278195,42.61,37.230000000000004,0.32470703125,0.3390299485440026,0.004306413879628087,True,12,True,9.457052673415992e-06,3.249756044759249,0.33730447445721956,232.21177247514413,322.265625,324.70703125,0.33730447445721956,0.004306413879628087,232.21177247514413,0.004306413879628087,232.21177247514413,0.04673084610599503,21.399141751719995,,1.490414778668526,1.0467871601968763,1.0728476821192054,1.000894196020365,1.0,1.0000000014075932,1.0,2.8541605472564697,40,1,170,1188,6,80.0,2.5,160.0
0003_dense_grid_line_505__row_xy__cvar_0.25__3__poor__-2__17__12825,0003_dense_grid_line_505,dense_grid_line,505,row_xy,cvar_0.25,cvar,3,poor,-2,COBYLA,17,12825,12935,4096,40,4,6,24,28.689999999999998,6,"{'A': 5, 'B': 1, 'C': 4, 'D': 0}",2,65.92,2.29766469153015,False,28.689999999999998,1.0,44.6744696969697,44.89,37.230000000000004,0.3544921875,0.3673772891721371,0.009975221800106331,True,45,True,0.0010627334322839928,3.106900955375476,0.3661135801339126,100.24839748318584,352.05078125,354.4921875,0.3661135801339126,0.009975221800106331,100.24839748318584,0.009975221800106331,100.24839748318584,0.0420365778008746,23.788806137763057,,1.3715580341582434,1.0271327002036323,1.0,1.0000029628585378,1.0,1.0,1.0,2.8961474895477295,40,1,170,1188,6,80.0,2.5,160.0
0004_sparse_grid_lshape_506__row_xy__cvar_0.25__3__deterministic__-1__11__12820,0004_sparse_grid_lshape_506,sparse_grid_lshape,506,row_xy,cvar_0.25,cvar,3,deterministic,-1,COBYLA,11,12820,12924,4096,40,3,6,18,9.07,8,"{'A': 0, 'B': 1, 'C': 2}",1,9.66,1.0650496141124586,False,9.07,1.0,13.320720720720718,13.54,0.5899999999999999,0.623291015625,0.6072182411690927,0.09647827976416265,True,416,True,0.007334516018640454,2.0002775874864307,0.09647827976416265,10.365027262555474,101.5625,623.291015625,0.09647827976416265,0.09647827976416265,10.365027262555474,0.09647827976416265,10.365027262555474,0.2828224263428097,3.5357875007687607,,1.0,1.00000255332797,1.0,1.0,1.0,1.0,1.0,0.3474416732788086,40,1,133,729,6,80.0,2.5,160.0
0004_sparse_grid_lshape_506__row_xy__cvar_0.25__3__deterministic__-1__17__12826,0004_sparse_grid_lshape_506,sparse_grid_lshape,506,row_xy,cvar_0.25,cvar,3,deterministic,-1,COBYLA,17,12826,12936,4096,40,3,6,18,9.07,8,"{'A': 0, 'B': 1, 'C': 2}",1,9.66,1.0650496141124586,False,9.07,1.0,15.515367211973544,14.129999999999999,0.5899999999999999,0.701416015625,0.7129340280389698,0.015043187654160836,True,69,True,0.0009379559475297686,2.5206850797480587,0.015043187654160836,66.47527259446287,16.845703125,701.416015625,0.015043187654160836,0.015043187654160836,66.47527259446287,0.015043187654160836,66.47527259446287,0.20574272307950428,4.860439217641609,,1.0650496141124586,1.0142877414671498,1.0,1.0000000169993775,1.0,1.0,1.0,0.34746217727661133,40,1,133,729,6,80.0,2.5,160.0
0004_sparse_grid_lshape_506__row_xy__cvar_0.25__3__poor__-2__11__12820,0004_sparse_grid_lshape_506,sparse_grid_lshape,506,row_xy,cvar_0.25,cvar,3,poor,-2,COBYLA,11,12820,12924,4096,40,3,6,18,9.07,8,"{'A': 4, 'B': 5, 'C': 3}",2,25.36,2.7960308710033073,False,9.07,1.0,14.07074168797954,13.67,16.29,0.57275390625,0.5749873277075581,0.0846377257559023,True,362,True,0.00037321073266451794,2.705836390024535,0.5687292000181506,11.815062267670443,565.4296875,572.75390625,0.5687292000181506,0.0846377257559023,11.815062267670443,0.0846377257559023,11.815062267670443,0.2300929622412076,4.346069476700009,,1.0,1.0000093880237313,1.0,1.0,1.0,1.0,1.0,0.3383033275604248,40,1,133,729,6,80.0,2.5,160.0
0004_sparse_grid_lshape_506__row_xy__cvar_0.25__3__poor__-2__17__12826,0004_sparse_grid_lshape_506,sparse_grid_lshape,506,row_xy,cvar_0.25,cvar,3,poor,-2,COBYLA,17,12826,12936,4096,40,3,6,18,9.07,8,"{'A': 4, 'B': 5, 'C': 3}",2,25.36,2.7960308710033073,False,9.07,1.0,12.760883280757096,14.129999999999999,16.29,0.696533203125,0.6933811509767469,0.13380458247344762,True,557,True,6.31208528415188e-05,2.5457769666281282,0.6933142688758066,7.473585594114025,696.2890625,696.533203125,0.6933142688758066,0.13380458247344762,7.473585594114025,0.13380458247344762,7.473585594114025,0.31256128754847246,3.1993725385614766,,1.0,1.0000000375694198,1.0,1.0,1.0,1.0,1.0,0.3438456058502197,40,1,133,729,6,80.0,2.5,160.0
0005_dense_grid_lshape_507__row_xy__cvar_0.25__3__deterministic__-1__11__12821,0005_dense_grid_lshape_507,dense_grid_lshape,507,row_xy,cvar_0.25,cvar,3,deterministic,-1,COBYLA,11,12821,12925,4096,40,4,6,24,21.08,6,"{'A': 0, 'B': 1, 'C': 2, 'D': 3}",1,21.46,1.0180265654648957,False,21.08,1.0,38.24889103803997,38.480000000000004,0.38000000000000256,0.378662109375,0.37677780479406164,0.0025055153522131925,True,11,True,9.297472764590932e-07,3.392124482589207,0.0025055153522131925,399.11948618342,2.685546875,378.662109375,0.0025055153522131925,0.0025055153522131925,399.11948618342,0.005468647141152066,182.86058218584068,0.005468647141152066,182.86058218584068,,1.4729601518026567,1.1277614409298025,1.0,1.0020484155486036,1.0,1.000000621368926,1.0,2.8931429386138916,40,1,170,1098,6,80.0,2.5,160.0
0005_dense_grid_lshape_507__row_xy__cvar_0.25__3__deterministic__-1__17__12827,0005_dense_grid_lshape_507,dense_grid_lshape,507,row_xy,cvar_0.25,cvar,3,deterministic,-1,COBYLA,17,12827,12937,4096,40,4,6,24,21.08,6,"{'A': 0, 'B': 1, 'C': 2, 'D': 3}",1,21.46,1.0180265654648957,False,21.08,1.0,35.33538102643857,35.08,0.38000000000000256,0.31396484375,0.3163726008901879,0.009385929650384055,True,40,True,0.00011298122493356917,3.022464926672317,0.009385929650384055,106.54245634145381,9.765625,313.96484375,0.009385929650384055,0.009385929650384055,106.54245634145381,0.0137886759511604,72.52327950428365,0.0137886759511604,72.52327950428365,,1.4506641366223911,1.0426930001354,1.0,1.0000015680903753,1.0,1.0,1.0,2.994018077850342,40,1,170,1098,6,80.0,2.5,160.0
0005_dense_grid_lshape_507__row_xy__cvar_0.25__3__poor__-2__11__12821,0005_dense_grid_lshape_507,dense_grid_lshape,507,row_xy,cvar_0.25,cvar,3,poor,-2,COBYLA,11,12821,12925,4096,40,4,6,24,21.08,6,"{'A': 1, 'B': 5, 'C': 3, 'D': 2}",3,53.16,2.521821631878558,False,21.08,1.0,29.451150747986187,27.34,32.08,0.42431640625,0.42506594022831495,0.06346618591327158,True,273,True,8.736580697044682e-06,3.2456581151815884,0.42505675358541267,15.756421874264346,424.31640625,424.31640625,0.42505675358541267,0.06346618591327158,15.756421874264346,0.06637501328567129,15.065910355393859,0.06637501328567129,15.065910355393859,,1.0,1.0001955832647875,1.0,1.0,1.0,1.0,1.0,3.094926357269287,40,1,170,1098,6,80.0,2.5,160.0
0005_dense_grid_lshape_507__row_xy__cvar_0.25__3__poor__-2__17__12827,0005_dense_grid_lshape_507,dense_grid_lshape,507,row_xy,cvar_0.25,cvar,3,poor,-2,COBYLA,17,12827,12937,4096,40,4,6,24,21.08,6,"{'A': 1, 'B': 5, 'C': 3, 'D': 2}",3,53.16,2.521821631878558,False,21.08,1.0,30.068711189220853,27.34,32.08,0.416748046875,0.42391371117869825,0.06062278580539906,True,227,True,3.2427693249710244e-06,3.238940855153431,0.423908846056424,16.49544782072585,416.748046875,416.748046875,0.423908846056424,0.06062278580539906,16.49544782072585,0.06683863155484705,14.961407448616162,0.06683863155484705,14.961407448616162,,1.0180265654648957,1.0001993177092048,1.0,1.0,1.0,1.0,1.0,4.018885850906372,40,1,170,1098,6,80.0,2.5,160.0
0000_sparse_grid_502__row_xy__cvar_0.25__3__deterministic__-1__11__12816,0000_sparse_grid_502,sparse_grid,502,row_xy,cvar_0.25,cvar,3,deterministic,-1,COBYLA,11,12816,12920,4096,40,4,6,24,12.73,28,"{'A': 0, 'B': 1, 'C': 2, 'D': 3}",1,21.52,1.690494893951296,False,12.73,1.0,20.39370469798658,20.59,8.79,0.36376953125,0.3614631919787614,0.07810805439084349,True,300,True,0.00016913249060974584,3.2435063405358373,0.19839135439805333,12.802776970939744,193.115234375,363.76953125,0.19839135439805333,0.07810805439084349,12.802776970939744,0.07810805439084349,12.802776970939744,0.07810805439084349,12.802776970939744,,1.690494893951296,1.0000913621782446,1.0,1.0,1.0,1.0,1.0,3.7076144218444824,40,1,116,918,6,160.0,2.5,160.0
0000_sparse_grid_502__row_xy__cvar_0.25__3__deterministic__-1__17__12822,0000_sparse_grid_502,sparse_grid,502,row_xy,cvar_0.25,cvar,3,deterministic,-1,COBYLA,17,12822,12932,4096,40,4,6,24,12.73,28,"{'A': 0, 'B': 1, 'C': 2, 'D': 3}",1,21.52,1.690494893951296,False,12.73,1.0,19.658375076359192,20.59,8.79,0.399658203125,0.41744008729513393,0.09095403760994014,True,357,True,4.138531873567388e-05,3.0312137644890687,0.2808732830206897,10.99456413676255,271.728515625,399.658203125,0.2808732830206897,0.09095403760994014,10.99456413676255,0.09095403760994014,10.99456413676255,0.09095403760994014,10.99456413676255,,1.309505106048704,1.000022360680509,1.0,1.0,1.0,1.0,1.0,5.446820974349976,40,1,116,918,6,160.0,2.5,160.0
0000_sparse_grid_502__row_xy__cvar_0.25__3__poor__-2__11__12816,0000_sparse_grid_502,sparse_grid,502,row_xy,cvar_0.25,cvar,3,poor,-2,COBYLA,11,12816,12920,4096,40,4,6,24,12.73,28,"{'A': 5, 'B': 3, 'C': 0, 'D': 2}",3,34.25,2.6904948939512963,False,12.73,1.0,20.801692844677138,21.52,21.52,0.419677734375,0.40552336247279286,0.050176959474794273,True,198,True,9.579913531284218e-06,3.5181461081446717,0.4030995910221875,19.929465843826918,416.259765625,419.677734375,0.4030995910221875,0.050176959474794273,19.929465843826918,0.050176959474794273,19.929465843826918,0.050176959474794273,19.929465843826918,,1.307934014139827,1.0017908282223364,1.0,1.0,1.0,1.0,1.0,3.7638721466064453,40,1,116,918,6,160.0,2.5,160.0
0000_sparse_grid_502__row_xy__cvar_0.25__3__poor__-2__17__12822,0000_sparse_grid_502,sparse_grid,502,row_xy,cvar_0.25,cvar,3,poor,-2,COBYLA,17,12822,12932,4096,40,4,6,24,12.73,28,"{'A': 5, 'B': 3, 'C': 0, 'D': 2}",3,34.25,2.6904948939512963,False,12.73,1.0,19.820716198125837,20.59,21.52,0.36474609375,0.3636488199228556,0.07120694476706065,True,274,True,0.0019209844935932133,2.8810366332334976,0.3598320391377767,14.043574025978801,360.3515625,364.74609375,0.3598320391377767,0.07120694476706065,14.043574025978801,0.07120694476706065,14.043574025978801,0.07120694476706065,14.043574025978801,,1.309505106048704,1.000190734209059,1.0,1.0,1.0,1.0,1.0,4.410965442657471,40,1,116,918,6,160.0,2.5,160.0
0001_dense_grid_503__row_xy__cvar_0.25__3__deterministic__-1__11__12817,0001_dense_grid_503,dense_grid,503,row_xy,cvar_0.25,cvar,3,deterministic,-1,COBYLA,11,12817,12921,4096,40,4,6,24,18.58,16,"{'A': 0, 'B': 1, 'C': 2, 'D': 3}",2,27.5,1.4800861141011843,False,18.58,1.0,22.744643064422522,22.7,8.920000000000002,0.420654296875,0.4070130325223339,0.01814100851047806,True,68,True,7.716960618563341e-06,3.4218428162105887,0.36897920783416543,55.12372696492647,379.150390625,420.654296875,0.36897920783416543,0.01814100851047806,55.12372696492647,0.09150214663216566,10.928705356169983,0.12718156264750322,7.862774911577419,,1.0613562970936492,1.0017290564875987,1.0,1.000000000120533,1.0,1.0,1.0,3.798953056335449,40,1,170,1188,6,160.0,2.5,160.0
0001_dense_grid_503__row_xy__cvar_0.25__3__deterministic__-1__17__12823,0001_dense_grid_503,dense_grid,503,row_xy,cvar_0.25,cvar,3,deterministic,-1,COBYLA,17,12823,12933,4096,40,4,6,24,18.58,16,"{'A': 0, 'B': 1, 'C': 2, 'D': 3}",2,27.5,1.4800861141011843,False,18.58,1.0,23.424642857142857,22.7,8.920000000000002,0.341796875,0.3361399846138269,0.0380859900078755,True,152,True,0.00032182160734055016,3.1391921894569266,0.29452569557449093,26.256374057579123,301.513671875,341.796875,0.29452569557449093,0.0380859900078755,26.256374057579123,0.048603344876168394,20.57471564041117,0.07084934730192217,14.114456068854562,,1.0,1.0006401016070483,1.0,1.0,1.0,1.0,1.0,3.3713581562042236,40,1,170,1188,6,160.0,2.5,160.0
0001_dense_grid_503__row_xy__cvar_0.25__3__poor__-2__11__12817,0001_dense_grid_503,dense_grid,503,row_xy,cvar_0.25,cvar,3,poor,-2,COBYLA,11,12817,12921,4096,40,4,6,24,18.58,16,"{'A': 5, 'B': 0, 'C': 3, 'D': 2}",3,30.6,1.6469321851453178,False,18.58,1.0,23.18609142857143,21.68,12.020000000000003,0.42724609375,0.41698190153410697,0.0263830460881446,True,128,True,1.3542760419367827e-05,2.7492627697646057,0.4122837228709307,37.90312902683958,422.607421875,427.24609375,0.4122837228709307,0.0263830460881446,37.90312902683958,0.04247460000553169,23.54348245468503,0.08277953451559222,12.080280540978901,,1.0613562970936492,1.001486875623174,1.0,1.0000000000000264,1.0,1.0,1.0,3.728050947189331,40,1,170,1188,6,160.0,2.5,160.0
0001_dense_grid_503__row_xy__cvar_0.25__3__poor__-2__17__12823,0001_dense_grid_503,dense_grid,503,row_xy,cvar_0.25,cvar,3,poor,-2,COBYLA,17,12823,12933,4096,40,4,6,24,18.58,16,"{'A': 5, 'B': 0, 'C': 3, 'D': 2}",3,30.6,1.6469321851453178,False,18.58,1.0,23.262254957507086,21.68,12.020000000000003,0.430908203125,0.4313387894821112,0.008566512574533138,True,33,True,7.578654231000957e-05,2.7626585611531778,0.4239942740661079,116.7336172449964,421.38671875,430.908203125,0.4239942740661079,0.008566512574533138,116.7336172449964,0.025672264288890675,38.952543832790646,0.04847541193747512,20.62901500021963,,1.077502691065662,1.009410005732544,1.0,1.0000019750051217,1.0,1.0,1.0,3.5870726108551025,40,1,170,1188,6,160.0,2.5,160.0
0002_sparse_grid_line_504__row_xy__cvar_0.25__3__deterministic__-1__11__12818,0002_sparse_grid_line_504,sparse_grid_line,504,row_xy,cvar_0.25,cvar,3,deterministic,-1,COBYLA,11,12818,12922,4096,40,3,6,18,11.45,8,"{'A': 0, 'B': 1, 'C': 2}",1,14.059999999999999,1.227947598253275,False,11.45,1.0,17.921089872568746,14.059999999999999,2.6099999999999994,0.72802734375,0.7179215181559464,0.06899542908251932,True,316,True,0.00018059280724866072,2.81381200328604,0.08326893679780692,14.493713761878176,92.28515625,728.02734375,0.08326893679780692,0.06899542908251932,14.493713761878176,0.06899542908251932,14.493713761878176,0.06899542908251932,14.493713761878176,,1.2096069868995634,1.000167732933694,1.0,1.0,1.0,1.0,1.0,0.3847222328186035,40,1,133,729,6,160.0,2.5,160.0
0002_sparse_grid_line_504__row_xy__cvar_0.25__3__deterministic__-1__17__12824,0002_sparse_grid_line_504,sparse_grid_line,504,row_xy,cvar_0.25,cvar,3,deterministic,-1,COBYLA,17,12824,12934,4096,40,3,6,18,11.45,8,"{'A': 0, 'B': 1, 'C': 2}",1,14.059999999999999,1.227947598253275,False,11.45,1.0,17.359250896057347,17.28,2.6099999999999994,0.68115234375,0.692384266081538,0.30668564364099954,True,1218,True,0.00011646682004186215,2.5652162266597207,0.3219586014053272,3.260667790405544,309.5703125,681.15234375,0.3219586014053272,0.30668564364099954,3.260667790405544,0.30668564364099954,3.260667790405544,0.30668564364099954,3.260667790405544,,1.0,1.0,1.0,1.0,1.0,1.0,1.0,0.35579895973205566,40,1,133,729,6,160.0,2.5,160.0
0002_sparse_grid_line_504__row_xy__cvar_0.25__3__poor__-2__11__12818,0002_sparse_grid_line_504,sparse_grid_line,504,row_xy,cvar_0.25,cvar,3,poor,-2,COBYLA,11,12818,12922,4096,40,3,6,18,11.45,8,"{'A': 5, 'B': 4, 'C': 0}",2,38.75,3.3842794759825328,False,11.45,1.0,20.921418211120063,19.89,27.3,0.60595703125,0.6132968190121719,0.10035987866404604,True,422,True,0.00420622033248157,2.3000645615105486,0.6085244925344491,9.964141181831165,600.5859375,605.95703125,0.6085244925344491,0.10035987866404604,9.964141181831165,0.10035987866404604,9.964141181831165,0.10035987866404604,9.964141181831165,,1.0,1.0000053496506895,1.0,1.0,1.0,1.0,1.0,0.4289412498474121,40,1,133,729,6,160.0,2.5,160.0
0002_sparse_grid_line_504__row_xy__cvar_0.25__3__poor__-2__17__12824,0002_sparse_grid_line_504,sparse_grid_line,504,row_xy,cvar_0.25,cvar,3,poor,-2,COBYLA,17,12824,12934,4096,40,3,6,18,11.45,8,"{'A': 5, 'B': 4, 'C': 0}",2,38.75,3.3842794759825328,False,11.45,1.0,20.049087155963303,19.89,27.3,0.5322265625,0.5560892053912606,0.11808241241373976,True,470,True,0.00012953442610025555,2.68025944067005,0.5538460671418469,8.468661670767514,528.80859375,532.2265625,0.5538460671418469,0.11808241241373976,8.468661670767514,0.11808241241373976,8.468661670767514,0.11808241241373976,8.468661670767514,,1.0,1.0000007316491346,1.0,1.0,1.0,1.0,1.0,0.496293306350708,40,1,133,729,6,160.0,2.5,160.0
0003_dense_grid_line_505__row_xy__cvar_0.25__3__deterministic__-1__11__12819,0003_dense_grid_line_505,dense_grid_line,505,row_xy,cvar_0.25,cvar,3,deterministic,-1,COBYLA,11,12819,12923,4096,40,4,6,24,28.689999999999998,6,"{'A': 0, 'B': 1, 'C': 2, 'D': 3}",2,33.13,1.1547577553154411,False,28.689999999999998,1.0,40.2252380952381,41.15,4.440000000000005,0.364013671875,0.37700727427702907,0.0011511906105959617,True,4,True,7.807557812825976e-05,3.1811928255696276,0.0999812866585354,868.665875829467,97.16796875,364.013671875,0.0999812866585354,0.0011511906105959617,868.665875829467,0.0011511906105959617,868.665875829467,0.09774603938080591,10.230593549720512,,1.4402230742418962,1.0596595348058055,1.0669222725688394,1.0211508077350933,1.0,1.0005978226852945,1.0,3.864105463027954,40,1,170,1188,6,160.0,2.5,160.0
0003_dense_grid_line_505__row_xy__cvar_0.25__3__deterministic__-1__17__12825,0003_dense_grid_line_505,dense_grid_line,505,row_xy,cvar_0.25,cvar,3,deterministic,-1,COBYLA,17,12825,12935,4096,40,4,6,24,28.689999999999998,6,"{'A': 0, 'B': 1, 'C': 2, 'D': 3}",2,33.13,1.1547577553154411,False,28.689999999999998,1.0,41.50224953902889,41.15,4.440000000000005,0.397216796875,0.3985677720551525,0.0019030272292548636,True,8,True,4.360361016832191e-05,3.3118267436733015,0.09572549035162836,525.4785557595795,96.19140625,397.216796875,0.09572549035162836,0.0019030272292548636,525.4785557595795,0.0019030272292548636,525.4785557595795,0.09141881853380021,10.938666852605088,,1.0752875566399442,1.0553419001047177,1.0669222725688394,1.0099611402591404,1.0,1.0000273594311708,1.0,3.8327040672302246,40,1,170,1188,6,160.0,2.5,160.0
0003_dense_grid_line_505__row_xy__cvar_0.25__3__poor__-2__11__12819,0003_dense_grid_line_505,dense_grid_line,505,row_xy,cvar_0.25,cvar,3,poor,-2,COBYLA,11,12819,12923,4096,40,4,6,24,28.689999999999998,6,"{'A': 5, 'B': 1, 'C': 4, 'D': 0}",2,65.92,2.29766469153015,False,28.689999999999998,1.0,44.444045393858474,44.31,37.230000000000004,0.36572265625,0.3666492341971848,0.0033478696064968296,True,18,True,0.00032389646883471633,3.358445195168857,0.3649468287791116,298.6974158310747,363.037109375,365.72265625,0.3649468287791116,0.0033478696064968296,298.6974158310747,0.0033478696064968296,298.6974158310747,0.03731348521752794,26.799962377415547,,1.0,1.0512382966509757,1.0,1.0023397546213335,1.0,1.0000000724692741,1.0,4.063168048858643,40,1,170,1188,6,160.0,2.5,160.0
0003_dense_grid_line_505__row_xy__cvar_0.25__3__poor__-2__17__12825,0003_dense_grid_line_505,dense_grid_line,505,row_xy,cvar_0.25,cvar,3,poor,-2,COBYLA,17,12825,12935,4096,40,4,6,24,28.689999999999998,6,"{'A': 5, 'B': 1, 'C': 4, 'D': 0}",2,65.92,2.29766469153015,False,28.689999999999998,1.0,44.75851706036746,44.89,37.230000000000004,0.3720703125,0.3796335805137876,0.009765017556134323,True,48,True,0.0007068205617711959,3.1204052053782347,0.3784547518525703,102.4063699068115,370.849609375,372.0703125,0.3784547518525703,0.009765017556134323,102.4063699068115,0.009765017556134323,102.4063699068115,0.03838213548997182,26.0537874517501,,1.1930986406413384,1.0279852525540802,1.0,1.0000036633122016,1.0,1.0,1.0,4.108007907867432,40,1,170,1188,6,160.0,2.5,160.0
0004_sparse_grid_lshape_506__row_xy__cvar_0.25__3__deterministic__-1__11__12820,0004_sparse_grid_lshape_506,sparse_grid_lshape,506,row_xy,cvar_0.25,cvar,3,deterministic,-1,COBYLA,11,12820,12924,4096,40,3,6,18,9.07,8,"{'A': 0, 'B': 1, 'C': 2}",1,9.66,1.0650496141124586,False,9.07,1.0,15.628839779005522,14.85,0.5899999999999999,0.61865234375,0.6155071593928807,0.02902108543127379,True,106,True,0.006750917862378398,2.215489027745458,0.02902108543127379,34.4577049803374,25.87890625,618.65234375,0.02902108543127379,0.02902108543127379,34.4577049803374,0.02902108543127379,34.4577049803374,0.20494231717903777,4.879421750298643,,1.0650496141124586,1.003421589319733,1.0,1.0000000000000104,1.0,1.0,1.0,0.46295762062072754,40,1,133,729,6,160.0,2.5,160.0
0004_sparse_grid_lshape_506__row_xy__cvar_0.25__3__deterministic__-1__17__12826,0004_sparse_grid_lshape_506,sparse_grid_lshape,506,row_xy,cvar_0.25,cvar,3,deterministic,-1,COBYLA,17,12826,12936,4096,40,3,6,18,9.07,8,"{'A': 0, 'B': 1, 'C': 2}",1,9.66,1.0650496141124586,False,9.07,1.0,15.876924198250729,14.98,0.5899999999999999,0.669921875,0.6761769632988077,0.025808433346928502,True,97,True,0.009592662456389836,2.42991251342031,0.025808433346928502,38.74702453099546,23.681640625,669.921875,0.025808433346928502,0.025808433346928502,38.74702453099546,0.025808433346928502,38.74702453099546,0.23568223084514875,4.243001249665844,,1.0650496141124586,1.0047608148518867,1.0,1.0000000000002869,1.0,1.0,1.0,0.4563007354736328,40,1,133,729,6,160.0,2.5,160.0
0004_sparse_grid_lshape_506__row_xy__cvar_0.25__3__poor__-2__11__12820,0004_sparse_grid_lshape_506,sparse_grid_lshape,506,row_xy,cvar_0.25,cvar,3,poor,-2,COBYLA,11,12820,12924,4096,40,3,6,18,9.07,8,"{'A': 4, 'B': 5, 'C': 3}",2,25.36,2.7960308710033073,False,9.07,1.0,14.375161637931033,14.129999999999999,16.29,0.6796875,0.6681795363850355,0.0739159194285043,True,361,True,0.001899069438227685,2.601112037110911,0.6649713297784129,13.528885356925812,675.29296875,679.6875,0.6649713297784129,0.0739159194285043,13.528885356925812,0.0739159194285043,13.528885356925812,0.25055908366796076,3.991074621446147,,1.0,1.0000300809500502,1.0,1.0,1.0,1.0,1.0,0.4318716526031494,40,1,133,729,6,160.0,2.5,160.0
0004_sparse_grid_lshape_506__row_xy__cvar_0.25__3__poor__-2__17__12826,0004_sparse_grid_lshape_506,sparse_grid_lshape,506,row_xy,cvar_0.25,cvar,3,poor,-2,COBYLA,17,12826,12936,4096,40,3,6,18,9.07,8,"{'A': 4, 'B': 5, 'C': 3}",2,25.36,2.7960308710033073,False,9.07,1.0,13.247026666666665,14.39,16.29,0.732421875,0.7266234997564994,0.14226407558263465,True,583,True,6.1248133545059135e-06,2.449763061148569,0.7265882696425112,7.02918144236031,732.421875,732.421875,0.7265882696425112,0.14226407558263465,7.02918144236031,0.14226407558263465,7.02918144236031,0.2929011150344976,3.4141215197566623,,1.0,1.0000000140818301,1.0,1.0,1.0,1.0,1.0,0.5177669525146484,40,1,133,729,6,160.0,2.5,160.0
0005_dense_grid_lshape_507__row_xy__cvar_0.25__3__deterministic__-1__11__12821,0005_dense_grid_lshape_507,dense_grid_lshape,507,row_xy,cvar_0.25,cvar,3,deterministic,-1,COBYLA,11,12821,12925,4096,40,4,6,24,21.08,6,"{'A': 0, 'B': 1, 'C': 2, 'D': 3}",1,21.46,1.0180265654648957,False,21.08,1.0,36.05704596834966,34.839999999999996,0.38000000000000256,0.323974609375,0.3311171088927858,0.0014462859016862281,True,4,True,0.0013188613455314636,3.1467491671587453,0.0014462859016862281,691.426224119379,0.9765625,323.974609375,0.0014462859016862281,0.0014462859016862281,691.426224119379,0.005176830725158522,193.1683790895787,0.005176830725158522,193.1683790895787,,1.1925996204933587,1.1277610568142022,1.1480075901328275,1.004966076440311,1.0180265654648957,1.0000480061109505,1.0,3.8546438217163086,40,1,170,1098,6,160.0,2.5,160.0
0005_dense_grid_lshape_507__row_xy__cvar_0.25__3__deterministic__-1__17__12827,0005_dense_grid_lshape_507,dense_grid_lshape,507,row_xy,cvar_0.25,cvar,3,deterministic,-1,COBYLA,17,12827,12937,4096,40,4,6,24,21.08,6,"{'A': 0, 'B': 1, 'C': 2, 'D': 3}",1,21.46,1.0180265654648957,False,21.08,1.0,27.242358003442344,24.2,0.38000000000000256,0.5673828125,0.5707090721119948,0.005145994972779678,True,26,True,0.27493380171122517,0.6333589090861234,0.005145994972779678,194.32587969665983,6.34765625,567.3828125,0.005145994972779678,0.005145994972779678,194.32587969665983,0.2802263342628134,3.568543986526758,0.2802263342628134,3.568543986526758,,1.0180265654648957,1.0107608915438617,1.0,1.0001035775495266,1.0,1.0000000000119735,1.0,3.0150821208953857,40,1,170,1098,6,160.0,2.5,160.0
0005_dense_grid_lshape_507__row_xy__cvar_0.25__3__poor__-2__11__12821,0005_dense_grid_lshape_507,dense_grid_lshape,507,row_xy,cvar_0.25,cvar,3,poor,-2,COBYLA,11,12821,12925,4096,40,4,6,24,21.08,6,"{'A': 1, 'B': 5, 'C': 3, 'D': 2}",3,53.16,2.521821631878558,False,21.08,1.0,33.189239881539976,32.6,32.08,0.49462890625,0.49868268141571687,0.01809745283940232,True,65,True,5.095628695387447e-06,3.4650469350168414,0.49858112421588496,55.256394857002746,494.62890625,494.62890625,0.49858112421588496,0.01809745283940232,55.256394857002746,0.026776225070819584,37.34656387728785,0.026776225070819584,37.34656387728785,,1.0,1.012277245251713,1.0,1.0000000002112204,1.0,1.0,1.0,2.9746034145355225,40,1,170,1098,6,160.0,2.5,160.0
0005_dense_grid_lshape_507__row_xy__cvar_0.25__3__poor__-2__17__12827,0005_dense_grid_lshape_507,dense_grid_lshape,507,row_xy,cvar_0.25,cvar,3,poor,-2,COBYLA,17,12827,12937,4096,40,4,6,24,21.08,6,"{'A': 1, 'B': 5, 'C': 3, 'D': 2}",3,53.16,2.521821631878558,False,21.08,1.0,29.602216838279826,28.66,32.08,0.403076171875,0.41939482733759836,0.06475319468871796,True,272,True,9.468858945451532e-06,3.3015759304161065,0.41938226757941094,15.443253492081858,403.076171875,403.076171875,0.41938226757941094,0.06475319468871796,15.443253492081858,0.06743255242569787,14.829632929909828,0.06743255242569787,14.829632929909828,,1.0,1.0001697454727543,1.0,1.0,1.0,1.0,1.0,3.187638759613037,40,1,170,1098,6,160.0,2.5,160.0
