instance_id,family,method,graph,schedule,completion,symbolic_parameters,active_qubits,preparation,first_phase,row_penalties,measurements,zero_circuit_sha256,circuit_sha256,logical_cx,logical_depth,routing_seed,routed_ecr,routed_depth,routed_two_qubit_depth,routed_sha256,runtime_seconds
fresh4_dense_grid_904100,dense_grid,token_l1,line,empty_prioritized,l1,5,19,True,False,False,False,0eaaf81878be33affabdc52abcc9a3c9466c3ff51065544297ce5aacdbed6f9c,3de90ddcd204988456a41582b81aa09d2d527b5b103ae7ade167da6a291e021e,1205,1564,101,4027,10160,2512,6506a1db55ba2e2cf3368fca7ac9c5fb2092c9e8ce52b969dd87ec107ae40a1a,6.018943004310131
fresh4_dense_grid_904100,dense_grid,token_l1,line,empty_prioritized,l1,5,19,True,False,False,False,0eaaf81878be33affabdc52abcc9a3c9466c3ff51065544297ce5aacdbed6f9c,3de90ddcd204988456a41582b81aa09d2d527b5b103ae7ade167da6a291e021e,1205,1564,102,3835,9924,2367,ea95fed67774d8be18e4e311c075ad49633f96847a8e120e228a64629f2f80df,5.578987165354192
fresh4_dense_grid_904100,dense_grid,token_l1,line,empty_prioritized,l1,5,19,True,False,False,False,0eaaf81878be33affabdc52abcc9a3c9466c3ff51065544297ce5aacdbed6f9c,3de90ddcd204988456a41582b81aa09d2d527b5b103ae7ade167da6a291e021e,1205,1564,103,3898,10126,2518,080561c34cb240a59afeb6d66a25de5f0cfe549331fac640a32fa45524aba0dc,5.711025176104158
fresh4_dense_grid_904100,dense_grid,token_l1,line,empty_prioritized,l1,5,19,True,False,False,False,0eaaf81878be33affabdc52abcc9a3c9466c3ff51065544297ce5aacdbed6f9c,3de90ddcd204988456a41582b81aa09d2d527b5b103ae7ade167da6a291e021e,1205,1564,104,3888,10576,2517,6032c3e99e8fbf74becef68d8084d07438f761b174ccdb24f807fad084ab434a,5.853899816982448
fresh4_dense_grid_904100,dense_grid,token_l1,line,empty_prioritized,l1,5,19,True,False,False,False,0eaaf81878be33affabdc52abcc9a3c9466c3ff51065544297ce5aacdbed6f9c,3de90ddcd204988456a41582b81aa09d2d527b5b103ae7ade167da6a291e021e,1205,1564,105,3941,10674,2411,47aa0bb66799a5a5f67854303b471d28b1961ad89fa904082bd3155c2f34b67c,6.082694612909108
fresh4_dense_grid_904100,dense_grid,token_l1,line,empty_prioritized,l1,5,19,True,False,False,False,0eaaf81878be33affabdc52abcc9a3c9466c3ff51065544297ce5aacdbed6f9c,3de90ddcd204988456a41582b81aa09d2d527b5b103ae7ade167da6a291e021e,1205,1564,106,3894,10245,2427,e5f72fd8d92f84424de5c049048709336a94b4c1b0d1593e1e4c7e832666aa83,6.427229451946914
fresh4_dense_grid_904100,dense_grid,token_l1,line,empty_prioritized,l1,5,19,True,False,False,False,0eaaf81878be33affabdc52abcc9a3c9466c3ff51065544297ce5aacdbed6f9c,3de90ddcd204988456a41582b81aa09d2d527b5b103ae7ade167da6a291e021e,1205,1564,107,3905,10559,2483,2865e17742a14c67059e908dc3ce33ffcf254e08391fe408380382caf34eb214,5.9010379440151155
fresh4_dense_grid_904100,dense_grid,token_l1,line,empty_prioritized,l1,5,19,True,False,False,False,0eaaf81878be33affabdc52abcc9a3c9466c3ff51065544297ce5aacdbed6f9c,3de90ddcd204988456a41582b81aa09d2d527b5b103ae7ade167da6a291e021e,1205,1564,108,3825,10030,2355,1f9812c5d616bacef500e8c708e9dfd51d1a46868174c7bed7ee32011b6922e1,6.1203757179901
fresh4_dense_grid_904100,dense_grid,token_l1,line,empty_prioritized,l1,5,19,True,False,False,False,0eaaf81878be33affabdc52abcc9a3c9466c3ff51065544297ce5aacdbed6f9c,3de90ddcd204988456a41582b81aa09d2d527b5b103ae7ade167da6a291e021e,1205,1564,109,3826,9773,2436,2864a8c07e30fbc7c63bcd97c45b60bba42caa912c2b99bf6d77e7b11b53c499,5.305462264921516
fresh4_dense_grid_904100,dense_grid,token_l1,line,empty_prioritized,l1,5,19,True,False,False,False,0eaaf81878be33affabdc52abcc9a3c9466c3ff51065544297ce5aacdbed6f9c,3de90ddcd204988456a41582b81aa09d2d527b5b103ae7ade167da6a291e021e,1205,1564,110,3811,10181,2406,6ed68b4adb1f7a9a246bda54e6b453aeb239af7af85024ddc72d05aa99084a14,5.4393913121894
fresh4_dense_grid_904100,dense_grid,token_l1,line,empty_prioritized,l1,5,19,True,False,False,False,0eaaf81878be33affabdc52abcc9a3c9466c3ff51065544297ce5aacdbed6f9c,3de90ddcd204988456a41582b81aa09d2d527b5b103ae7ade167da6a291e021e,1205,1564,111,3905,10119,2448,68948b510b67e519338c60f44bb2a180b0a04125009a9105615eb5c4c36d4779,5.979120885021985
fresh4_dense_grid_904100,dense_grid,token_l1,line,empty_prioritized,l1,5,19,True,False,False,False,0eaaf81878be33affabdc52abcc9a3c9466c3ff51065544297ce5aacdbed6f9c,3de90ddcd204988456a41582b81aa09d2d527b5b103ae7ade167da6a291e021e,1205,1564,112,3866,10232,2480,ae236a3b42a76ef7e4a4c4ba4ca3b9b901f86db5fc2d100b3b7fb2a07b3070df,5.438891956117004
fresh4_dense_grid_904100,dense_grid,token_l1,line,empty_prioritized,l1,5,19,True,False,False,False,0eaaf81878be33affabdc52abcc9a3c9466c3ff51065544297ce5aacdbed6f9c,3de90ddcd204988456a41582b81aa09d2d527b5b103ae7ade167da6a291e021e,1205,1564,113,3772,9702,2376,9a76daa78d86f8c41c0f18efabb001ac277bba770051ba415558034ad9b9f13f,5.838341383263469
fresh4_dense_grid_904100,dense_grid,token_l1,line,empty_prioritized,l1,5,19,True,False,False,False,0eaaf81878be33affabdc52abcc9a3c9466c3ff51065544297ce5aacdbed6f9c,3de90ddcd204988456a41582b81aa09d2d527b5b103ae7ade167da6a291e021e,1205,1564,114,3996,10416,2494,967194dbfaf6a107e51d447f2bf8edb5cd4e0b48d08f57d9a0a0689d6600c6c3,5.831427514087409
fresh4_dense_grid_904100,dense_grid,token_l1,line,empty_prioritized,l1,5,19,True,False,False,False,0eaaf81878be33affabdc52abcc9a3c9466c3ff51065544297ce5aacdbed6f9c,3de90ddcd204988456a41582b81aa09d2d527b5b103ae7ade167da6a291e021e,1205,1564,115,3804,9617,2408,53afca9ff731370368f8221c870dc86d625c024532083d2c519df00c3708e429,5.224175202194601
fresh4_dense_grid_904100,dense_grid,token_l1,line,empty_prioritized,l1,5,19,True,False,False,False,0eaaf81878be33affabdc52abcc9a3c9466c3ff51065544297ce5aacdbed6f9c,3de90ddcd204988456a41582b81aa09d2d527b5b103ae7ade167da6a291e021e,1205,1564,116,4007,9863,2451,56fd8860fa7bcf693a82709fc0f5c876eb552cec554f1f568f693420c48502b9,5.573029248043895
fresh4_dense_grid_904100,dense_grid,token_l1,line,empty_prioritized,l1,5,19,True,False,False,False,0eaaf81878be33affabdc52abcc9a3c9466c3ff51065544297ce5aacdbed6f9c,3de90ddcd204988456a41582b81aa09d2d527b5b103ae7ade167da6a291e021e,1205,1564,117,3788,9737,2373,5b266c7033575069437a9da9364add79bc5ed64b20ecd92c946bab406df801cc,6.1254245028831065
fresh4_dense_grid_904100,dense_grid,token_l1,line,empty_prioritized,l1,5,19,True,False,False,False,0eaaf81878be33affabdc52abcc9a3c9466c3ff51065544297ce5aacdbed6f9c,3de90ddcd204988456a41582b81aa09d2d527b5b103ae7ade167da6a291e021e,1205,1564,118,3959,9835,2439,3fc2a6e1cc7e657c50875ef55823ef40baf48682eac18ee4e24ea47ac58181a1,5.2737789382226765
fresh4_dense_grid_904100,dense_grid,token_l1,line,empty_prioritized,l1,5,19,True,False,False,False,0eaaf81878be33affabdc52abcc9a3c9466c3ff51065544297ce5aacdbed6f9c,3de90ddcd204988456a41582b81aa09d2d527b5b103ae7ade167da6a291e021e,1205,1564,119,3843,9984,2436,69783a2cf86987aec62e2cff2735802dffdd91b38edcae8b1bc0638c4566c5bc,5.74197913473472
fresh4_dense_grid_904100,dense_grid,token_l1,line,empty_prioritized,l1,5,19,True,False,False,False,0eaaf81878be33affabdc52abcc9a3c9466c3ff51065544297ce5aacdbed6f9c,3de90ddcd204988456a41582b81aa09d2d527b5b103ae7ade167da6a291e021e,1205,1564,120,3913,10008,2428,dba9ae8332c8427d1ed05bb8380e55ddf9e666754b4730cf7520f0951d2ca34d,5.831074843648821
fresh4_dense_grid_904101,dense_grid,token_l1,line,empty_prioritized,l1,5,19,True,False,False,False,63ffbd267f7dccc0c77ecdb4a2936318e3052a6d9d4a0a3e745098d206e16de4,e8285031fdf45db7f753e0651e923be1cff0f7fdf0d3df35ee66805df6b17f9a,1137,1438,101,3604,9740,2295,0e4ee19b12c4c694f382d1a00d8af17bfcf7320f26b36afb48ad86b007997573,5.381206380669028
fresh4_dense_grid_904101,dense_grid,token_l1,line,empty_prioritized,l1,5,19,True,False,False,False,63ffbd267f7dccc0c77ecdb4a2936318e3052a6d9d4a0a3e745098d206e16de4,e8285031fdf45db7f753e0651e923be1cff0f7fdf0d3df35ee66805df6b17f9a,1137,1438,102,3583,9430,2341,d65cb0e0520bae571055872f00336c8e27873383d1168237e790f1818eab7dfa,4.770706339273602
fresh4_dense_grid_904101,dense_grid,token_l1,line,empty_prioritized,l1,5,19,True,False,False,False,63ffbd267f7dccc0c77ecdb4a2936318e3052a6d9d4a0a3e745098d206e16de4,e8285031fdf45db7f753e0651e923be1cff0f7fdf0d3df35ee66805df6b17f9a,1137,1438,103,3673,9629,2356,d098ff1e83fde4f6c6767dd60d3528abdc07d0f545efe6b17da5d1bec4091a94,5.081967266276479
fresh4_dense_grid_904101,dense_grid,token_l1,line,empty_prioritized,l1,5,19,True,False,False,False,63ffbd267f7dccc0c77ecdb4a2936318e3052a6d9d4a0a3e745098d206e16de4,e8285031fdf45db7f753e0651e923be1cff0f7fdf0d3df35ee66805df6b17f9a,1137,1438,104,3613,9593,2296,8959a51f3dfdcdddca820d959dbb6f453a305d7b7dd33a4125c1e4b357c44612,5.115882980171591
fresh4_dense_grid_904101,dense_grid,token_l1,line,empty_prioritized,l1,5,19,True,False,False,False,63ffbd267f7dccc0c77ecdb4a2936318e3052a6d9d4a0a3e745098d206e16de4,e8285031fdf45db7f753e0651e923be1cff0f7fdf0d3df35ee66805df6b17f9a,1137,1438,105,3511,9230,2245,f173b7fd95f2b33ec3ecafae89634d1e43fc427b43a16324f429c44049c2335c,4.66620549140498
fresh4_dense_grid_904101,dense_grid,token_l1,line,empty_prioritized,l1,5,19,True,False,False,False,63ffbd267f7dccc0c77ecdb4a2936318e3052a6d9d4a0a3e745098d206e16de4,e8285031fdf45db7f753e0651e923be1cff0f7fdf0d3df35ee66805df6b17f9a,1137,1438,106,3747,9730,2326,24acc4689d02ee8513819859000eaf63e813aef3715d9c62db5fe8516833b596,5.378035123925656
fresh4_dense_grid_904101,dense_grid,token_l1,line,empty_prioritized,l1,5,19,True,False,False,False,63ffbd267f7dccc0c77ecdb4a2936318e3052a6d9d4a0a3e745098d206e16de4,e8285031fdf45db7f753e0651e923be1cff0f7fdf0d3df35ee66805df6b17f9a,1137,1438,107,3700,10390,2399,660c794ffaa39283ab7f246912d1c407a93e95a2a7e43cb3fbe414fed5308be6,4.957602933049202
fresh4_dense_grid_904101,dense_grid,token_l1,line,empty_prioritized,l1,5,19,True,False,False,False,63ffbd267f7dccc0c77ecdb4a2936318e3052a6d9d4a0a3e745098d206e16de4,e8285031fdf45db7f753e0651e923be1cff0f7fdf0d3df35ee66805df6b17f9a,1137,1438,108,3574,9674,2226,cab803874e491198a02f5fc7d908339f72601a6adf574e13b69735881f1b9a67,5.043145310599357
fresh4_dense_grid_904101,dense_grid,token_l1,line,empty_prioritized,l1,5,19,True,False,False,False,63ffbd267f7dccc0c77ecdb4a2936318e3052a6d9d4a0a3e745098d206e16de4,e8285031fdf45db7f753e0651e923be1cff0f7fdf0d3df35ee66805df6b17f9a,1137,1438,109,3591,9400,2302,0d6d02398599686eda0f147d691fee7f0262b4133bd4e353e4adb509beddc6a7,4.9890544367954135
fresh4_dense_grid_904101,dense_grid,token_l1,line,empty_prioritized,l1,5,19,True,False,False,False,63ffbd267f7dccc0c77ecdb4a2936318e3052a6d9d4a0a3e745098d206e16de4,e8285031fdf45db7f753e0651e923be1cff0f7fdf0d3df35ee66805df6b17f9a,1137,1438,110,3622,9236,2259,a2e69ea570d4289db8619e1d71ec1adb27173e730388c706d295f3974e22830c,4.821384764742106
fresh4_dense_grid_904101,dense_grid,token_l1,line,empty_prioritized,l1,5,19,True,False,False,False,63ffbd267f7dccc0c77ecdb4a2936318e3052a6d9d4a0a3e745098d206e16de4,e8285031fdf45db7f753e0651e923be1cff0f7fdf0d3df35ee66805df6b17f9a,1137,1438,111,3613,9301,2287,6a337f96a7e78b77cdc73882c02e613a05309d441cee9d5277890a3f163f0d02,4.963543693069369
fresh4_dense_grid_904101,dense_grid,token_l1,line,empty_prioritized,l1,5,19,True,False,False,False,63ffbd267f7dccc0c77ecdb4a2936318e3052a6d9d4a0a3e745098d206e16de4,e8285031fdf45db7f753e0651e923be1cff0f7fdf0d3df35ee66805df6b17f9a,1137,1438,112,3673,9389,2292,d59cfec3ee2646d679cc7889c53bfa3f75a5821480ac76ef7599f4007d7332ce,4.789534432813525
fresh4_dense_grid_904101,dense_grid,token_l1,line,empty_prioritized,l1,5,19,True,False,False,False,63ffbd267f7dccc0c77ecdb4a2936318e3052a6d9d4a0a3e745098d206e16de4,e8285031fdf45db7f753e0651e923be1cff0f7fdf0d3df35ee66805df6b17f9a,1137,1438,113,3552,9409,2317,fac0a4026d361676c209487a2adcc1d1b7c16a398e325d1480d8b308fa64f5de,4.52077903598547
fresh4_dense_grid_904101,dense_grid,token_l1,line,empty_prioritized,l1,5,19,True,False,False,False,63ffbd267f7dccc0c77ecdb4a2936318e3052a6d9d4a0a3e745098d206e16de4,e8285031fdf45db7f753e0651e923be1cff0f7fdf0d3df35ee66805df6b17f9a,1137,1438,114,3642,9157,2268,512858b885cd62ef920cb6f4c030b25ada78b03cf69f26bf32815055725ff787,4.739657649770379
fresh4_dense_grid_904101,dense_grid,token_l1,line,empty_prioritized,l1,5,19,True,False,False,False,63ffbd267f7dccc0c77ecdb4a2936318e3052a6d9d4a0a3e745098d206e16de4,e8285031fdf45db7f753e0651e923be1cff0f7fdf0d3df35ee66805df6b17f9a,1137,1438,115,3561,9115,2231,43bd8535f9ec55d1a59032f66f98374bcb9f41812f01819caf3b2bc0f904f8e1,4.854358080774546
fresh4_dense_grid_904101,dense_grid,token_l1,line,empty_prioritized,l1,5,19,True,False,False,False,63ffbd267f7dccc0c77ecdb4a2936318e3052a6d9d4a0a3e745098d206e16de4,e8285031fdf45db7f753e0651e923be1cff0f7fdf0d3df35ee66805df6b17f9a,1137,1438,116,3618,9906,2238,c506382b3f3ab1c892fab992db9bd739499b3ac78c64fa07a25e2f7328757661,4.974924042355269
fresh4_dense_grid_904101,dense_grid,token_l1,line,empty_prioritized,l1,5,19,True,False,False,False,63ffbd267f7dccc0c77ecdb4a2936318e3052a6d9d4a0a3e745098d206e16de4,e8285031fdf45db7f753e0651e923be1cff0f7fdf0d3df35ee66805df6b17f9a,1137,1438,117,3543,9773,2292,0c71e9ccdaa7ce58faa0f7708d58140bd8f43a10ac3093309394eb225948f911,4.781315878964961
fresh4_dense_grid_904101,dense_grid,token_l1,line,empty_prioritized,l1,5,19,True,False,False,False,63ffbd267f7dccc0c77ecdb4a2936318e3052a6d9d4a0a3e745098d206e16de4,e8285031fdf45db7f753e0651e923be1cff0f7fdf0d3df35ee66805df6b17f9a,1137,1438,118,3629,9000,2215,805a383e834f636762d8a38d8597283b6e54bdb763faf474b6f0dc28a22eb1ac,4.729495406150818
fresh4_dense_grid_904101,dense_grid,token_l1,line,empty_prioritized,l1,5,19,True,False,False,False,63ffbd267f7dccc0c77ecdb4a2936318e3052a6d9d4a0a3e745098d206e16de4,e8285031fdf45db7f753e0651e923be1cff0f7fdf0d3df35ee66805df6b17f9a,1137,1438,119,3699,10023,2282,e5647bd80a78d4836176524c83cb0545c3b9276115618e5bb1212f4c003b9f61,5.078065880108625
fresh4_dense_grid_904101,dense_grid,token_l1,line,empty_prioritized,l1,5,19,True,False,False,False,63ffbd267f7dccc0c77ecdb4a2936318e3052a6d9d4a0a3e745098d206e16de4,e8285031fdf45db7f753e0651e923be1cff0f7fdf0d3df35ee66805df6b17f9a,1137,1438,120,3554,9731,2308,e343574506ea8eb889bf02b7c7d1c306c81acf48057361fae627133248840b3a,4.74944201298058
fresh4_dense_grid_904102,dense_grid,token_l1,line,empty_prioritized,l1,5,19,True,False,False,False,ed724038d9f65031f2b9548d91ae51534932fe777a2cff246a3f0c00845d9338,a29e6574a1176327b1e590dcf868a31f2708b054729e5b3ce0debb6b0965e91f,1205,1564,101,4027,10160,2512,5031fc5670ebc488e8e37c208ecd95c33056492c9236d26b05d7c28d6a44652c,5.984207793138921
fresh4_dense_grid_904102,dense_grid,token_l1,line,empty_prioritized,l1,5,19,True,False,False,False,ed724038d9f65031f2b9548d91ae51534932fe777a2cff246a3f0c00845d9338,a29e6574a1176327b1e590dcf868a31f2708b054729e5b3ce0debb6b0965e91f,1205,1564,102,3835,9924,2367,6ec2998e32d5d530e769051fb352097ed955c6d63f9f583f956a63bdf7940fee,5.573194922879338
fresh4_dense_grid_904102,dense_grid,token_l1,line,empty_prioritized,l1,5,19,True,False,False,False,ed724038d9f65031f2b9548d91ae51534932fe777a2cff246a3f0c00845d9338,a29e6574a1176327b1e590dcf868a31f2708b054729e5b3ce0debb6b0965e91f,1205,1564,103,3898,10126,2518,ccb28a5f507ab7de1819c17883d2339cacf077e88a1f8c4e04e6160e61e4a0f3,5.721013159956783
fresh4_dense_grid_904102,dense_grid,token_l1,line,empty_prioritized,l1,5,19,True,False,False,False,ed724038d9f65031f2b9548d91ae51534932fe777a2cff246a3f0c00845d9338,a29e6574a1176327b1e590dcf868a31f2708b054729e5b3ce0debb6b0965e91f,1205,1564,104,3888,10576,2517,61ef850c18a62f4ba215767b22e6cd9637821580316a3a572ba604702c6cf4c1,5.879005071241409
fresh4_dense_grid_904102,dense_grid,token_l1,line,empty_prioritized,l1,5,19,True,False,False,False,ed724038d9f65031f2b9548d91ae51534932fe777a2cff246a3f0c00845d9338,a29e6574a1176327b1e590dcf868a31f2708b054729e5b3ce0debb6b0965e91f,1205,1564,105,3941,10674,2411,1cff17fd34a65ea756e3b8bff97c92c81d368b8692cc0db4f47495e0fbc8d575,6.062670624814928
fresh4_dense_grid_904102,dense_grid,token_l1,line,empty_prioritized,l1,5,19,True,False,False,False,ed724038d9f65031f2b9548d91ae51534932fe777a2cff246a3f0c00845d9338,a29e6574a1176327b1e590dcf868a31f2708b054729e5b3ce0debb6b0965e91f,1205,1564,106,3894,10245,2427,f86c8a4ffa07d64298cdaf268b8792223b734152e3f5e18e8ca239047eb579f6,6.4196588969789445
fresh4_dense_grid_904102,dense_grid,token_l1,line,empty_prioritized,l1,5,19,True,False,False,False,ed724038d9f65031f2b9548d91ae51534932fe777a2cff246a3f0c00845d9338,a29e6574a1176327b1e590dcf868a31f2708b054729e5b3ce0debb6b0965e91f,1205,1564,107,3905,10559,2483,643bc19663bb28a55ee8dc6a20f1e477b76b54b575ff754113d72481f21c536a,5.887956899125129
fresh4_dense_grid_904102,dense_grid,token_l1,line,empty_prioritized,l1,5,19,True,False,False,False,ed724038d9f65031f2b9548d91ae51534932fe777a2cff246a3f0c00845d9338,a29e6574a1176327b1e590dcf868a31f2708b054729e5b3ce0debb6b0965e91f,1205,1564,108,3825,10030,2355,492fc83b822bdfa609d29b490727afba1088fcf5d22563fb8d84555ebdba351f,6.101583011448383
fresh4_dense_grid_904102,dense_grid,token_l1,line,empty_prioritized,l1,5,19,True,False,False,False,ed724038d9f65031f2b9548d91ae51534932fe777a2cff246a3f0c00845d9338,a29e6574a1176327b1e590dcf868a31f2708b054729e5b3ce0debb6b0965e91f,1205,1564,109,3826,9773,2436,95f40eb743f879b8811335c3033cccd60a36463ca8322e3e2b2283acf3375d9f,5.273630359675735
fresh4_dense_grid_904102,dense_grid,token_l1,line,empty_prioritized,l1,5,19,True,False,False,False,ed724038d9f65031f2b9548d91ae51534932fe777a2cff246a3f0c00845d9338,a29e6574a1176327b1e590dcf868a31f2708b054729e5b3ce0debb6b0965e91f,1205,1564,110,3811,10181,2406,d3615591289294659ce4d756c3543e7e4752ed586ad6b060de88eba65b5b65a3,5.401575987227261
fresh4_dense_grid_904102,dense_grid,token_l1,line,empty_prioritized,l1,5,19,True,False,False,False,ed724038d9f65031f2b9548d91ae51534932fe777a2cff246a3f0c00845d9338,a29e6574a1176327b1e590dcf868a31f2708b054729e5b3ce0debb6b0965e91f,1205,1564,111,3905,10119,2448,6e62d49fdf41b6acbc89323b5cd44e932feded7b22d9bcca8df35cdfb265466b,5.915314404759556
fresh4_dense_grid_904102,dense_grid,token_l1,line,empty_prioritized,l1,5,19,True,False,False,False,ed724038d9f65031f2b9548d91ae51534932fe777a2cff246a3f0c00845d9338,a29e6574a1176327b1e590dcf868a31f2708b054729e5b3ce0debb6b0965e91f,1205,1564,112,3866,10232,2480,f27de8207fe74bca81f6dfaacaca8fc3334ee0e32deefd4df22282744738b6d8,5.453298456035554
fresh4_dense_grid_904102,dense_grid,token_l1,line,empty_prioritized,l1,5,19,True,False,False,False,ed724038d9f65031f2b9548d91ae51534932fe777a2cff246a3f0c00845d9338,a29e6574a1176327b1e590dcf868a31f2708b054729e5b3ce0debb6b0965e91f,1205,1564,113,3772,9702,2376,d3f75e7a09fa210de15db2961be5cc254a8f8b18ac01b6d5dbaafbd9cc3d182b,5.86690823500976
fresh4_dense_grid_904102,dense_grid,token_l1,line,empty_prioritized,l1,5,19,True,False,False,False,ed724038d9f65031f2b9548d91ae51534932fe777a2cff246a3f0c00845d9338,a29e6574a1176327b1e590dcf868a31f2708b054729e5b3ce0debb6b0965e91f,1205,1564,114,3996,10416,2494,2b242e1da68b9ead52d559665fa85b62a9b6f4a181dfd9d7827ddfa359ccbe40,5.821221543941647
fresh4_dense_grid_904102,dense_grid,token_l1,line,empty_prioritized,l1,5,19,True,False,False,False,ed724038d9f65031f2b9548d91ae51534932fe777a2cff246a3f0c00845d9338,a29e6574a1176327b1e590dcf868a31f2708b054729e5b3ce0debb6b0965e91f,1205,1564,115,3804,9617,2408,88e9ac2a7b3a1bb03418755fc19fd6bdb581997d13695096e87ef0c8f724d59e,5.20713430410251
fresh4_dense_grid_904102,dense_grid,token_l1,line,empty_prioritized,l1,5,19,True,False,False,False,ed724038d9f65031f2b9548d91ae51534932fe777a2cff246a3f0c00845d9338,a29e6574a1176327b1e590dcf868a31f2708b054729e5b3ce0debb6b0965e91f,1205,1564,116,4007,9863,2451,854790a68596358296b7471067cde6a7410456800204904196a75d139ad4ff68,5.609064648859203
fresh4_dense_grid_904102,dense_grid,token_l1,line,empty_prioritized,l1,5,19,True,False,False,False,ed724038d9f65031f2b9548d91ae51534932fe777a2cff246a3f0c00845d9338,a29e6574a1176327b1e590dcf868a31f2708b054729e5b3ce0debb6b0965e91f,1205,1564,117,3788,9737,2373,840e73fb13b33402979c57c250994e477da45719cb1a2904fe79961f169c68eb,6.037389212753624
fresh4_dense_grid_904102,dense_grid,token_l1,line,empty_prioritized,l1,5,19,True,False,False,False,ed724038d9f65031f2b9548d91ae51534932fe777a2cff246a3f0c00845d9338,a29e6574a1176327b1e590dcf868a31f2708b054729e5b3ce0debb6b0965e91f,1205,1564,118,3959,9835,2439,4ac540cff885dd39c1bec7abfce3415381b9c219c6859a9299a83a0b30671c89,5.306934526655823
fresh4_dense_grid_904102,dense_grid,token_l1,line,empty_prioritized,l1,5,19,True,False,False,False,ed724038d9f65031f2b9548d91ae51534932fe777a2cff246a3f0c00845d9338,a29e6574a1176327b1e590dcf868a31f2708b054729e5b3ce0debb6b0965e91f,1205,1564,119,3843,9984,2436,bea4ac5ff9ba6fff80ad0be8cf1384fb1fae16a64691658e9e60e23f65056d21,5.73044519405812
fresh4_dense_grid_904102,dense_grid,token_l1,line,empty_prioritized,l1,5,19,True,False,False,False,ed724038d9f65031f2b9548d91ae51534932fe777a2cff246a3f0c00845d9338,a29e6574a1176327b1e590dcf868a31f2708b054729e5b3ce0debb6b0965e91f,1205,1564,120,3913,10008,2428,f9ef9652f6a73acb70c2b6b3bdf170288d4a6fd40294d31606d63ad8f15e5248,5.824699496850371
fresh4_dense_grid_904103,dense_grid,token_l1,line,empty_prioritized,l1,5,19,True,False,False,False,a453def02983d42e2f6fdcfb31c57a1fc3fab8076d733d8820a3bcc376aebd5f,17920dcdc92da846623a5deb97e14c984dfa06d1d9bd4522b1bbc1ca6742e2db,1205,1564,101,4027,10160,2512,4f97e85213fcec0c59e9422f4faa7259f70407f07245b785841fc0706956cf63,6.0788530902937055
fresh4_dense_grid_904103,dense_grid,token_l1,line,empty_prioritized,l1,5,19,True,False,False,False,a453def02983d42e2f6fdcfb31c57a1fc3fab8076d733d8820a3bcc376aebd5f,17920dcdc92da846623a5deb97e14c984dfa06d1d9bd4522b1bbc1ca6742e2db,1205,1564,102,3835,9924,2367,64e4421f3c2c11d4ab7c366fe76801e5671eaf470f2cfa29af0957be6729ce5a,5.652523681987077
fresh4_dense_grid_904103,dense_grid,token_l1,line,empty_prioritized,l1,5,19,True,False,False,False,a453def02983d42e2f6fdcfb31c57a1fc3fab8076d733d8820a3bcc376aebd5f,17920dcdc92da846623a5deb97e14c984dfa06d1d9bd4522b1bbc1ca6742e2db,1205,1564,103,3898,10126,2518,6476a755f1ddc020c6e4aa10bd840738e2b654f68919bc809aba8335d51f1fc3,5.802790672983974
fresh4_dense_grid_904103,dense_grid,token_l1,line,empty_prioritized,l1,5,19,True,False,False,False,a453def02983d42e2f6fdcfb31c57a1fc3fab8076d733d8820a3bcc376aebd5f,17920dcdc92da846623a5deb97e14c984dfa06d1d9bd4522b1bbc1ca6742e2db,1205,1564,104,3888,10576,2517,46c2c90e82890b63884dc121f3dff4c9d8116ef5de7616f2855a84b6f845f481,5.95381834404543
fresh4_dense_grid_904103,dense_grid,token_l1,line,empty_prioritized,l1,5,19,True,False,False,False,a453def02983d42e2f6fdcfb31c57a1fc3fab8076d733d8820a3bcc376aebd5f,17920dcdc92da846623a5deb97e14c984dfa06d1d9bd4522b1bbc1ca6742e2db,1205,1564,105,3941,10674,2411,922fece09b327e0b711222cea435cd2c315f01ee0a274ced2408b4e15f011f8b,6.22175103193149
fresh4_dense_grid_904103,dense_grid,token_l1,line,empty_prioritized,l1,5,19,True,False,False,False,a453def02983d42e2f6fdcfb31c57a1fc3fab8076d733d8820a3bcc376aebd5f,17920dcdc92da846623a5deb97e14c984dfa06d1d9bd4522b1bbc1ca6742e2db,1205,1564,106,3894,10245,2427,b292f6534b4d73b2de4a038bc657977fa06301e5c95525436b02c9661ce6bafb,6.589056463446468
fresh4_dense_grid_904103,dense_grid,token_l1,line,empty_prioritized,l1,5,19,True,False,False,False,a453def02983d42e2f6fdcfb31c57a1fc3fab8076d733d8820a3bcc376aebd5f,17920dcdc92da846623a5deb97e14c984dfa06d1d9bd4522b1bbc1ca6742e2db,1205,1564,107,3905,10559,2483,79e4822a113e4496e8426f0bbcc39556a30c6105998ec0c7238e0f780b2c3553,6.090944379102439
fresh4_dense_grid_904103,dense_grid,token_l1,line,empty_prioritized,l1,5,19,True,False,False,False,a453def02983d42e2f6fdcfb31c57a1fc3fab8076d733d8820a3bcc376aebd5f,17920dcdc92da846623a5deb97e14c984dfa06d1d9bd4522b1bbc1ca6742e2db,1205,1564,108,3825,10030,2355,e0db07808f025bed66ab5aeaae89ff948257c54a4445474fea9c511536a81ba5,6.279558573849499
fresh4_dense_grid_904103,dense_grid,token_l1,line,empty_prioritized,l1,5,19,True,False,False,False,a453def02983d42e2f6fdcfb31c57a1fc3fab8076d733d8820a3bcc376aebd5f,17920dcdc92da846623a5deb97e14c984dfa06d1d9bd4522b1bbc1ca6742e2db,1205,1564,109,3826,9773,2436,d73507356a98ce60aff3312ed21162cddd61983c33dde6614114a4a7d4e63194,5.417185971047729
fresh4_dense_grid_904103,dense_grid,token_l1,line,empty_prioritized,l1,5,19,True,False,False,False,a453def02983d42e2f6fdcfb31c57a1fc3fab8076d733d8820a3bcc376aebd5f,17920dcdc92da846623a5deb97e14c984dfa06d1d9bd4522b1bbc1ca6742e2db,1205,1564,110,3811,10181,2406,2a47b99126d7199994ba7f758266c26831f66db74d94ba8a8cb17b32cf9b5082,5.53351152734831
fresh4_dense_grid_904103,dense_grid,token_l1,line,empty_prioritized,l1,5,19,True,False,False,False,a453def02983d42e2f6fdcfb31c57a1fc3fab8076d733d8820a3bcc376aebd5f,17920dcdc92da846623a5deb97e14c984dfa06d1d9bd4522b1bbc1ca6742e2db,1205,1564,111,3905,10119,2448,f560c054a5edbd5956a0abf659fd5af4a1fa5326c3183c34d1563a606b52a9b3,6.054315587040037
fresh4_dense_grid_904103,dense_grid,token_l1,line,empty_prioritized,l1,5,19,True,False,False,False,a453def02983d42e2f6fdcfb31c57a1fc3fab8076d733d8820a3bcc376aebd5f,17920dcdc92da846623a5deb97e14c984dfa06d1d9bd4522b1bbc1ca6742e2db,1205,1564,112,3866,10232,2480,3da8fe230474a2cd77aa4faba5179be6df20bb9b0d960b9f95f58a639f0102cc,5.566645696759224
fresh4_dense_grid_904103,dense_grid,token_l1,line,empty_prioritized,l1,5,19,True,False,False,False,a453def02983d42e2f6fdcfb31c57a1fc3fab8076d733d8820a3bcc376aebd5f,17920dcdc92da846623a5deb97e14c984dfa06d1d9bd4522b1bbc1ca6742e2db,1205,1564,113,3772,9702,2376,6561e9105b7573f048dbeb973896d880bea8461bb2f0bae722eb2b4d90ed470e,5.99062315793708
fresh4_dense_grid_904103,dense_grid,token_l1,line,empty_prioritized,l1,5,19,True,False,False,False,a453def02983d42e2f6fdcfb31c57a1fc3fab8076d733d8820a3bcc376aebd5f,17920dcdc92da846623a5deb97e14c984dfa06d1d9bd4522b1bbc1ca6742e2db,1205,1564,114,3996,10416,2494,2e79154fb99d1403ef080981876aa6fc69beaa3f8a920381c26b8ece8d39f433,5.978701150044799
fresh4_dense_grid_904103,dense_grid,token_l1,line,empty_prioritized,l1,5,19,True,False,False,False,a453def02983d42e2f6fdcfb31c57a1fc3fab8076d733d8820a3bcc376aebd5f,17920dcdc92da846623a5deb97e14c984dfa06d1d9bd4522b1bbc1ca6742e2db,1205,1564,115,3804,9617,2408,23948e2d0323187a9878aa96759a9a889a76551e242c3c3b7c030eb71cdfb55b,5.318556042853743
fresh4_dense_grid_904103,dense_grid,token_l1,line,empty_prioritized,l1,5,19,True,False,False,False,a453def02983d42e2f6fdcfb31c57a1fc3fab8076d733d8820a3bcc376aebd5f,17920dcdc92da846623a5deb97e14c984dfa06d1d9bd4522b1bbc1ca6742e2db,1205,1564,116,4007,9863,2451,7b846fbcd231d66d78ae25433d9c1572488804caf58e904c1fe70e8280fa2e0c,5.700946974102408
fresh4_dense_grid_904103,dense_grid,token_l1,line,empty_prioritized,l1,5,19,True,False,False,False,a453def02983d42e2f6fdcfb31c57a1fc3fab8076d733d8820a3bcc376aebd5f,17920dcdc92da846623a5deb97e14c984dfa06d1d9bd4522b1bbc1ca6742e2db,1205,1564,117,3788,9737,2373,b161cc51420ca456eb75702bfdf4de1c80325b02d3eb77454dc6435c0ee57a96,6.129188281018287
fresh4_dense_grid_904103,dense_grid,token_l1,line,empty_prioritized,l1,5,19,True,False,False,False,a453def02983d42e2f6fdcfb31c57a1fc3fab8076d733d8820a3bcc376aebd5f,17920dcdc92da846623a5deb97e14c984dfa06d1d9bd4522b1bbc1ca6742e2db,1205,1564,118,3959,9835,2439,616cf65678b1db2b402c946d1f4daad0d1a4200a4bee47cd59cf1b1679fc4f7e,5.413820720743388
fresh4_dense_grid_904103,dense_grid,token_l1,line,empty_prioritized,l1,5,19,True,False,False,False,a453def02983d42e2f6fdcfb31c57a1fc3fab8076d733d8820a3bcc376aebd5f,17920dcdc92da846623a5deb97e14c984dfa06d1d9bd4522b1bbc1ca6742e2db,1205,1564,119,3843,9984,2436,913a5b948a373d34d412521d6743729901dd567f016bcec10316bafda980b607,5.83697695331648
fresh4_dense_grid_904103,dense_grid,token_l1,line,empty_prioritized,l1,5,19,True,False,False,False,a453def02983d42e2f6fdcfb31c57a1fc3fab8076d733d8820a3bcc376aebd5f,17920dcdc92da846623a5deb97e14c984dfa06d1d9bd4522b1bbc1ca6742e2db,1205,1564,120,3913,10008,2428,668343f40f28be7174e3d0edc7f566b8422ee53d709adb686d9102971f7d2c85,5.941539286635816
fresh4_dense_grid_904104,dense_grid,token_l1,line,empty_prioritized,l1,5,19,True,False,False,False,6162b090c0b86a4c3b0e53bb184f48e29011fe3418ed1b0537a53c7a1765c233,d23a5f3072568abc17ed75c2b6f5f9870ef215ae0310fa632a3bd87f321a8067,1205,1564,101,4027,10160,2512,4e186128459d85171bdd3976ca37ddff70be70f98d7f0b948bf03bc084e3a887,5.969051332212985
fresh4_dense_grid_904104,dense_grid,token_l1,line,empty_prioritized,l1,5,19,True,False,False,False,6162b090c0b86a4c3b0e53bb184f48e29011fe3418ed1b0537a53c7a1765c233,d23a5f3072568abc17ed75c2b6f5f9870ef215ae0310fa632a3bd87f321a8067,1205,1564,102,3835,9924,2367,fce20efcab07c0d03cd6e085ccd34d7c7d0f1d31c1445611f1d8bac34878d991,5.5391357652843
fresh4_dense_grid_904104,dense_grid,token_l1,line,empty_prioritized,l1,5,19,True,False,False,False,6162b090c0b86a4c3b0e53bb184f48e29011fe3418ed1b0537a53c7a1765c233,d23a5f3072568abc17ed75c2b6f5f9870ef215ae0310fa632a3bd87f321a8067,1205,1564,103,3898,10126,2518,450b4835182860f53a0d9393853d1a0f1750ec07e05d1e85acaccd7a3c207519,5.67102465685457
fresh4_dense_grid_904104,dense_grid,token_l1,line,empty_prioritized,l1,5,19,True,False,False,False,6162b090c0b86a4c3b0e53bb184f48e29011fe3418ed1b0537a53c7a1765c233,d23a5f3072568abc17ed75c2b6f5f9870ef215ae0310fa632a3bd87f321a8067,1205,1564,104,3888,10576,2517,5e52347fb077646041a36d987eabc3785b0b6f34f6c4b0530b397835c352dde2,5.858520684763789
fresh4_dense_grid_904104,dense_grid,token_l1,line,empty_prioritized,l1,5,19,True,False,False,False,6162b090c0b86a4c3b0e53bb184f48e29011fe3418ed1b0537a53c7a1765c233,d23a5f3072568abc17ed75c2b6f5f9870ef215ae0310fa632a3bd87f321a8067,1205,1564,105,3941,10674,2411,ec99dfb68bca1a9986cade46f3a6181a961703260c04c153d6787618948744c9,6.082061651162803
fresh4_dense_grid_904104,dense_grid,token_l1,line,empty_prioritized,l1,5,19,True,False,False,False,6162b090c0b86a4c3b0e53bb184f48e29011fe3418ed1b0537a53c7a1765c233,d23a5f3072568abc17ed75c2b6f5f9870ef215ae0310fa632a3bd87f321a8067,1205,1564,106,3894,10245,2427,bba469a47401719542a6adc0bbb790a3fbcdc2cd50687649ecd836521913d61c,6.426382995676249
fresh4_dense_grid_904104,dense_grid,token_l1,line,empty_prioritized,l1,5,19,True,False,False,False,6162b090c0b86a4c3b0e53bb184f48e29011fe3418ed1b0537a53c7a1765c233,d23a5f3072568abc17ed75c2b6f5f9870ef215ae0310fa632a3bd87f321a8067,1205,1564,107,3905,10559,2483,7e5a67282eda1466a998f5dd1651a3b3db1cb574b8fa64cee1432c9f72d60eec,5.957879711873829
fresh4_dense_grid_904104,dense_grid,token_l1,line,empty_prioritized,l1,5,19,True,False,False,False,6162b090c0b86a4c3b0e53bb184f48e29011fe3418ed1b0537a53c7a1765c233,d23a5f3072568abc17ed75c2b6f5f9870ef215ae0310fa632a3bd87f321a8067,1205,1564,108,3825,10030,2355,15cd8462ab6452342298d7dd215dfd1e1266716d519fe781e39604ded40f8a6f,6.151345774997026
fresh4_dense_grid_904104,dense_grid,token_l1,line,empty_prioritized,l1,5,19,True,False,False,False,6162b090c0b86a4c3b0e53bb184f48e29011fe3418ed1b0537a53c7a1765c233,d23a5f3072568abc17ed75c2b6f5f9870ef215ae0310fa632a3bd87f321a8067,1205,1564,109,3826,9773,2436,0eea3741d55522425a3601fd5111c43d7a020c8d7b426b6f9f1daaf125132188,5.286069237161428
fresh4_dense_grid_904104,dense_grid,token_l1,line,empty_prioritized,l1,5,19,True,False,False,False,6162b090c0b86a4c3b0e53bb184f48e29011fe3418ed1b0537a53c7a1765c233,d23a5f3072568abc17ed75c2b6f5f9870ef215ae0310fa632a3bd87f321a8067,1205,1564,110,3811,10181,2406,e20bfd3263f402e9253fc210d4a3c50edf12e9b559661862836b5b466c61c576,5.4342794278636575
fresh4_dense_grid_904104,dense_grid,token_l1,line,empty_prioritized,l1,5,19,True,False,False,False,6162b090c0b86a4c3b0e53bb184f48e29011fe3418ed1b0537a53c7a1765c233,d23a5f3072568abc17ed75c2b6f5f9870ef215ae0310fa632a3bd87f321a8067,1205,1564,111,3905,10119,2448,2662d36948f70566d37cb64d3bf4ff0f5235e25d42020ac212ce96a373762cc2,5.946714642923325
fresh4_dense_grid_904104,dense_grid,token_l1,line,empty_prioritized,l1,5,19,True,False,False,False,6162b090c0b86a4c3b0e53bb184f48e29011fe3418ed1b0537a53c7a1765c233,d23a5f3072568abc17ed75c2b6f5f9870ef215ae0310fa632a3bd87f321a8067,1205,1564,112,3866,10232,2480,2caf07642d6061f7b2a7a4a9bb750a7c237aeeb5f10c9729a58982334add95f7,5.44637673581019
fresh4_dense_grid_904104,dense_grid,token_l1,line,empty_prioritized,l1,5,19,True,False,False,False,6162b090c0b86a4c3b0e53bb184f48e29011fe3418ed1b0537a53c7a1765c233,d23a5f3072568abc17ed75c2b6f5f9870ef215ae0310fa632a3bd87f321a8067,1205,1564,113,3772,9702,2376,516959496fb6929c6ecb5d10a515c99ad195fb1b0cdead3ea2f5132e41663ebe,5.923303999006748
fresh4_dense_grid_904104,dense_grid,token_l1,line,empty_prioritized,l1,5,19,True,False,False,False,6162b090c0b86a4c3b0e53bb184f48e29011fe3418ed1b0537a53c7a1765c233,d23a5f3072568abc17ed75c2b6f5f9870ef215ae0310fa632a3bd87f321a8067,1205,1564,114,3996,10416,2494,eaa250932aba8356d17467ed18dd4a83e0e9813f78927f3d82dc9cccd34ac211,5.871858117170632
fresh4_dense_grid_904104,dense_grid,token_l1,line,empty_prioritized,l1,5,19,True,False,False,False,6162b090c0b86a4c3b0e53bb184f48e29011fe3418ed1b0537a53c7a1765c233,d23a5f3072568abc17ed75c2b6f5f9870ef215ae0310fa632a3bd87f321a8067,1205,1564,115,3804,9617,2408,10eaf4eb9f0a0531639619b37b3557d0c2085fb15eaa852387139f23717a9239,5.20435275696218
fresh4_dense_grid_904104,dense_grid,token_l1,line,empty_prioritized,l1,5,19,True,False,False,False,6162b090c0b86a4c3b0e53bb184f48e29011fe3418ed1b0537a53c7a1765c233,d23a5f3072568abc17ed75c2b6f5f9870ef215ae0310fa632a3bd87f321a8067,1205,1564,116,4007,9863,2451,e7ec13dfa2f4219feb58acec995d8faadfdba865c5e7338796c68d4c5741e5a0,5.608694513794035
fresh4_dense_grid_904104,dense_grid,token_l1,line,empty_prioritized,l1,5,19,True,False,False,False,6162b090c0b86a4c3b0e53bb184f48e29011fe3418ed1b0537a53c7a1765c233,d23a5f3072568abc17ed75c2b6f5f9870ef215ae0310fa632a3bd87f321a8067,1205,1564,117,3788,9737,2373,c16cab54633832164895a1bd4b05c055cd045e22bbb5629db05598b150f61efb,6.0386986383236945
fresh4_dense_grid_904104,dense_grid,token_l1,line,empty_prioritized,l1,5,19,True,False,False,False,6162b090c0b86a4c3b0e53bb184f48e29011fe3418ed1b0537a53c7a1765c233,d23a5f3072568abc17ed75c2b6f5f9870ef215ae0310fa632a3bd87f321a8067,1205,1564,118,3959,9835,2439,82b053c078db26e92d8a4add667166fcf6214f9d04eb933ae46e46ed4cdd68f5,5.30801462335512
fresh4_dense_grid_904104,dense_grid,token_l1,line,empty_prioritized,l1,5,19,True,False,False,False,6162b090c0b86a4c3b0e53bb184f48e29011fe3418ed1b0537a53c7a1765c233,d23a5f3072568abc17ed75c2b6f5f9870ef215ae0310fa632a3bd87f321a8067,1205,1564,119,3843,9984,2436,0cc45499bf3e1462bbe72eabb18c04d24e5a3dff1c99f5b67d7c769c76cfa9f8,5.759869696106762
fresh4_dense_grid_904104,dense_grid,token_l1,line,empty_prioritized,l1,5,19,True,False,False,False,6162b090c0b86a4c3b0e53bb184f48e29011fe3418ed1b0537a53c7a1765c233,d23a5f3072568abc17ed75c2b6f5f9870ef215ae0310fa632a3bd87f321a8067,1205,1564,120,3913,10008,2428,523213a489a7446a33ed37189da32c230ab19ccce902a75dc8cc3a014d6405c1,5.862903323955834
fresh4_dense_grid_904105,dense_grid,token_l1,line,empty_prioritized,l1,5,19,True,False,False,False,066f02ba6b55ac9377db86d5c42423b804025473428c21a80893ad6e22fb83c9,ba53f737ae1716044e9928c10f3f687f9121268991e7d2de8552212253b5e81f,1205,1564,101,4027,10160,2512,3f97162229e9c4e7acfb73f78fbf0985f2e62f67d11524e6d80c6a9b6fcd8076,5.996645612176508
fresh4_dense_grid_904105,dense_grid,token_l1,line,empty_prioritized,l1,5,19,True,False,False,False,066f02ba6b55ac9377db86d5c42423b804025473428c21a80893ad6e22fb83c9,ba53f737ae1716044e9928c10f3f687f9121268991e7d2de8552212253b5e81f,1205,1564,102,3835,9924,2367,9f4936af84fe51525845871750d13b82a5939f9cdb62d4ebf10d97de21777ce0,5.546833600848913
fresh4_dense_grid_904105,dense_grid,token_l1,line,empty_prioritized,l1,5,19,True,False,False,False,066f02ba6b55ac9377db86d5c42423b804025473428c21a80893ad6e22fb83c9,ba53f737ae1716044e9928c10f3f687f9121268991e7d2de8552212253b5e81f,1205,1564,103,3898,10126,2518,76cd79d76c1137ba887dcf3d2da91e62cb41525ba4c538b67693b6d1f4426030,5.670806097332388
fresh4_dense_grid_904105,dense_grid,token_l1,line,empty_prioritized,l1,5,19,True,False,False,False,066f02ba6b55ac9377db86d5c42423b804025473428c21a80893ad6e22fb83c9,ba53f737ae1716044e9928c10f3f687f9121268991e7d2de8552212253b5e81f,1205,1564,104,3888,10576,2517,4c73b5bbe42aaa849b6be0e666693bfe17e334e4eb29228bc8338e6b3436bd48,5.8456511199474335
fresh4_dense_grid_904105,dense_grid,token_l1,line,empty_prioritized,l1,5,19,True,False,False,False,066f02ba6b55ac9377db86d5c42423b804025473428c21a80893ad6e22fb83c9,ba53f737ae1716044e9928c10f3f687f9121268991e7d2de8552212253b5e81f,1205,1564,105,3941,10674,2411,887e1a4303ff720c35191061d76a17cd0cd8a7b22d735e798b33f738ebba9d61,6.103525163140148
fresh4_dense_grid_904105,dense_grid,token_l1,line,empty_prioritized,l1,5,19,True,False,False,False,066f02ba6b55ac9377db86d5c42423b804025473428c21a80893ad6e22fb83c9,ba53f737ae1716044e9928c10f3f687f9121268991e7d2de8552212253b5e81f,1205,1564,106,3894,10245,2427,245ac67ab1eb1dfccf7f81e7b3ee7906189d195339bf3d99ed89757b47a05178,6.438519046176225
fresh4_dense_grid_904105,dense_grid,token_l1,line,empty_prioritized,l1,5,19,True,False,False,False,066f02ba6b55ac9377db86d5c42423b804025473428c21a80893ad6e22fb83c9,ba53f737ae1716044e9928c10f3f687f9121268991e7d2de8552212253b5e81f,1205,1564,107,3905,10559,2483,c619046d2115bbdc9b656f6779a27fcdf299d10c98a4a29cca8d37f4dcc6edb3,5.927563427016139
fresh4_dense_grid_904105,dense_grid,token_l1,line,empty_prioritized,l1,5,19,True,False,False,False,066f02ba6b55ac9377db86d5c42423b804025473428c21a80893ad6e22fb83c9,ba53f737ae1716044e9928c10f3f687f9121268991e7d2de8552212253b5e81f,1205,1564,108,3825,10030,2355,be3f080ba0f1437629ad2aa5eb087ec600d5e52a97194b0185234071a11d88ee,6.171259742230177
fresh4_dense_grid_904105,dense_grid,token_l1,line,empty_prioritized,l1,5,19,True,False,False,False,066f02ba6b55ac9377db86d5c42423b804025473428c21a80893ad6e22fb83c9,ba53f737ae1716044e9928c10f3f687f9121268991e7d2de8552212253b5e81f,1205,1564,109,3826,9773,2436,119184a0a37f8590e99ab9c126c3a4f44676fd10df9f26f8699806ed436a4025,5.299481609836221
fresh4_dense_grid_904105,dense_grid,token_l1,line,empty_prioritized,l1,5,19,True,False,False,False,066f02ba6b55ac9377db86d5c42423b804025473428c21a80893ad6e22fb83c9,ba53f737ae1716044e9928c10f3f687f9121268991e7d2de8552212253b5e81f,1205,1564,110,3811,10181,2406,3893583d97b2b62a2f9c047a62d781db23268752884cb39ac38793b87361af31,5.425852895248681
fresh4_dense_grid_904105,dense_grid,token_l1,line,empty_prioritized,l1,5,19,True,False,False,False,066f02ba6b55ac9377db86d5c42423b804025473428c21a80893ad6e22fb83c9,ba53f737ae1716044e9928c10f3f687f9121268991e7d2de8552212253b5e81f,1205,1564,111,3905,10119,2448,631ba8a64dc4224c8a38e5ef16d7c62822302b44223549f2680ddcd33b1a967e,5.978864386212081
fresh4_dense_grid_904105,dense_grid,token_l1,line,empty_prioritized,l1,5,19,True,False,False,False,066f02ba6b55ac9377db86d5c42423b804025473428c21a80893ad6e22fb83c9,ba53f737ae1716044e9928c10f3f687f9121268991e7d2de8552212253b5e81f,1205,1564,112,3866,10232,2480,90eb1a4bf12d700fb73365386eeb1eda18615886f4727ded980b570c9dbffd1e,5.449140778742731
fresh4_dense_grid_904105,dense_grid,token_l1,line,empty_prioritized,l1,5,19,True,False,False,False,066f02ba6b55ac9377db86d5c42423b804025473428c21a80893ad6e22fb83c9,ba53f737ae1716044e9928c10f3f687f9121268991e7d2de8552212253b5e81f,1205,1564,113,3772,9702,2376,7262c1759cc319d08bf94faf40b10e20bd59c532105dba18f320446c7051de37,5.892983416095376
fresh4_dense_grid_904105,dense_grid,token_l1,line,empty_prioritized,l1,5,19,True,False,False,False,066f02ba6b55ac9377db86d5c42423b804025473428c21a80893ad6e22fb83c9,ba53f737ae1716044e9928c10f3f687f9121268991e7d2de8552212253b5e81f,1205,1564,114,3996,10416,2494,a92d0d0394bc4c878c3109488904ce72e2587664bae2c14255144d834d11437e,5.860073797870427
fresh4_dense_grid_904105,dense_grid,token_l1,line,empty_prioritized,l1,5,19,True,False,False,False,066f02ba6b55ac9377db86d5c42423b804025473428c21a80893ad6e22fb83c9,ba53f737ae1716044e9928c10f3f687f9121268991e7d2de8552212253b5e81f,1205,1564,115,3804,9617,2408,58ff4732c7d6ee339af7618a7bb1e42ad0be8e05ecb6394b855ffdc4e2b119c4,5.264627626165748
fresh4_dense_grid_904105,dense_grid,token_l1,line,empty_prioritized,l1,5,19,True,False,False,False,066f02ba6b55ac9377db86d5c42423b804025473428c21a80893ad6e22fb83c9,ba53f737ae1716044e9928c10f3f687f9121268991e7d2de8552212253b5e81f,1205,1564,116,4007,9863,2451,4226ebaeea33137b2d28c034d90648b55dd8967d6dc823cbe3d2c02606e853f1,5.576651761773974
fresh4_dense_grid_904105,dense_grid,token_l1,line,empty_prioritized,l1,5,19,True,False,False,False,066f02ba6b55ac9377db86d5c42423b804025473428c21a80893ad6e22fb83c9,ba53f737ae1716044e9928c10f3f687f9121268991e7d2de8552212253b5e81f,1205,1564,117,3788,9737,2373,ade8ce026f3891fd815102e8193f175601c112e5217247ce2dd620e165cb84d7,6.113706297241151
fresh4_dense_grid_904105,dense_grid,token_l1,line,empty_prioritized,l1,5,19,True,False,False,False,066f02ba6b55ac9377db86d5c42423b804025473428c21a80893ad6e22fb83c9,ba53f737ae1716044e9928c10f3f687f9121268991e7d2de8552212253b5e81f,1205,1564,118,3959,9835,2439,931ddc1212a1b2bdd173f7998ab45b58f36f736327e19867851808642d62a512,5.274909537751228
fresh4_dense_grid_904105,dense_grid,token_l1,line,empty_prioritized,l1,5,19,True,False,False,False,066f02ba6b55ac9377db86d5c42423b804025473428c21a80893ad6e22fb83c9,ba53f737ae1716044e9928c10f3f687f9121268991e7d2de8552212253b5e81f,1205,1564,119,3843,9984,2436,ea27bc6b6e14c8e4862deaced15b58617e2744eed6c031e0340424d2dff0d2a9,5.7873173309490085
fresh4_dense_grid_904105,dense_grid,token_l1,line,empty_prioritized,l1,5,19,True,False,False,False,066f02ba6b55ac9377db86d5c42423b804025473428c21a80893ad6e22fb83c9,ba53f737ae1716044e9928c10f3f687f9121268991e7d2de8552212253b5e81f,1205,1564,120,3913,10008,2428,f8471329f5cbdfa15126a877e0d2afec7552aa06fea59c8803546d64858a2b35,5.8239397229626775
fresh4_dense_grid_line_904300,dense_grid_line,token_l1,line,empty_prioritized,l1,5,19,True,False,False,False,57ec65a5afdfe6e99a5580476d6688e35785fc4563480d296eb6f50ca3aeec9f,a14bb6e121f63fc6d94b7b45534e3c50169d912605535287789002fb98369411,1049,1388,101,3313,8721,2161,ce477f8f90c96bda442ad0ec92ede07b9b05e294ecf64497604d9bb32018947b,4.390510999131948
fresh4_dense_grid_line_904300,dense_grid_line,token_l1,line,empty_prioritized,l1,5,19,True,False,False,False,57ec65a5afdfe6e99a5580476d6688e35785fc4563480d296eb6f50ca3aeec9f,a14bb6e121f63fc6d94b7b45534e3c50169d912605535287789002fb98369411,1049,1388,102,3341,9149,2177,594b03c3b066124483065a6df0c03782fe585e06f69e9a34fd996e640c468420,4.769592383410782
fresh4_dense_grid_line_904300,dense_grid_line,token_l1,line,empty_prioritized,l1,5,19,True,False,False,False,57ec65a5afdfe6e99a5580476d6688e35785fc4563480d296eb6f50ca3aeec9f,a14bb6e121f63fc6d94b7b45534e3c50169d912605535287789002fb98369411,1049,1388,103,3330,8809,2150,48117ca3139b4530e06252bf092b1e2585389705ef135ba77d163ddd3fee203c,4.271766126155853
fresh4_dense_grid_line_904300,dense_grid_line,token_l1,line,empty_prioritized,l1,5,19,True,False,False,False,57ec65a5afdfe6e99a5580476d6688e35785fc4563480d296eb6f50ca3aeec9f,a14bb6e121f63fc6d94b7b45534e3c50169d912605535287789002fb98369411,1049,1388,104,3410,8877,2130,8b2a371a4127b5ee36e62e89e900dda37ecd812f14fcfcc22171c66ed9a15811,4.385099159087986
fresh4_dense_grid_line_904300,dense_grid_line,token_l1,line,empty_prioritized,l1,5,19,True,False,False,False,57ec65a5afdfe6e99a5580476d6688e35785fc4563480d296eb6f50ca3aeec9f,a14bb6e121f63fc6d94b7b45534e3c50169d912605535287789002fb98369411,1049,1388,105,3375,9287,2142,e6a980989fb9d0876c03391cf1ea8d55b8789771274244a44425b8aaf21189c7,4.555265547242016
fresh4_dense_grid_line_904300,dense_grid_line,token_l1,line,empty_prioritized,l1,5,19,True,False,False,False,57ec65a5afdfe6e99a5580476d6688e35785fc4563480d296eb6f50ca3aeec9f,a14bb6e121f63fc6d94b7b45534e3c50169d912605535287789002fb98369411,1049,1388,106,3318,8715,2105,e49283c4e40e537403bd51d1b02b9ffcba5b31d1773aa1590c356a3c26d4552f,4.065262342337519
fresh4_dense_grid_line_904300,dense_grid_line,token_l1,line,empty_prioritized,l1,5,19,True,False,False,False,57ec65a5afdfe6e99a5580476d6688e35785fc4563480d296eb6f50ca3aeec9f,a14bb6e121f63fc6d94b7b45534e3c50169d912605535287789002fb98369411,1049,1388,107,3292,8919,2207,9477be084be4d22db4e365bb7c9b401bf14a6ccbdf1869a01e0678c4dcba4888,4.115772476885468
fresh4_dense_grid_line_904300,dense_grid_line,token_l1,line,empty_prioritized,l1,5,19,True,False,False,False,57ec65a5afdfe6e99a5580476d6688e35785fc4563480d296eb6f50ca3aeec9f,a14bb6e121f63fc6d94b7b45534e3c50169d912605535287789002fb98369411,1049,1388,108,3322,9426,2196,f235c6f78aa5d33552e6f7fe42a57196264b39350f1c30605d92fd88467acd4a,4.7080081277526915
fresh4_dense_grid_line_904300,dense_grid_line,token_l1,line,empty_prioritized,l1,5,19,True,False,False,False,57ec65a5afdfe6e99a5580476d6688e35785fc4563480d296eb6f50ca3aeec9f,a14bb6e121f63fc6d94b7b45534e3c50169d912605535287789002fb98369411,1049,1388,109,3324,8894,2206,f3ae4ed06bec29a647084f56e1e22b083adc1d3ad54f29318c26bc76127be86b,4.131157219875604
fresh4_dense_grid_line_904300,dense_grid_line,token_l1,line,empty_prioritized,l1,5,19,True,False,False,False,57ec65a5afdfe6e99a5580476d6688e35785fc4563480d296eb6f50ca3aeec9f,a14bb6e121f63fc6d94b7b45534e3c50169d912605535287789002fb98369411,1049,1388,110,3428,8844,2203,077028055c3c2a3a672a6861eb5c53942e259e9248e24afdd99cb10ada50c823,4.21922872774303
fresh4_dense_grid_line_904300,dense_grid_line,token_l1,line,empty_prioritized,l1,5,19,True,False,False,False,57ec65a5afdfe6e99a5580476d6688e35785fc4563480d296eb6f50ca3aeec9f,a14bb6e121f63fc6d94b7b45534e3c50169d912605535287789002fb98369411,1049,1388,111,3274,8995,2148,ecae81e29512f8b672f69b9025b1407665603d07c2c25d5787b69acfed0ec0e1,4.495817609131336
fresh4_dense_grid_line_904300,dense_grid_line,token_l1,line,empty_prioritized,l1,5,19,True,False,False,False,57ec65a5afdfe6e99a5580476d6688e35785fc4563480d296eb6f50ca3aeec9f,a14bb6e121f63fc6d94b7b45534e3c50169d912605535287789002fb98369411,1049,1388,112,3374,8676,2133,916abc22605918ef9f726c3e8b3623d9cb02461e3ccdc4a7141ce313783673bc,4.148626211099327
fresh4_dense_grid_line_904300,dense_grid_line,token_l1,line,empty_prioritized,l1,5,19,True,False,False,False,57ec65a5afdfe6e99a5580476d6688e35785fc4563480d296eb6f50ca3aeec9f,a14bb6e121f63fc6d94b7b45534e3c50169d912605535287789002fb98369411,1049,1388,113,3274,9396,2132,b47d2b8a0394063ff5778b459a8b3ff09adbc0bab22a819a8117cd6b6c4f3708,4.331815311219543
fresh4_dense_grid_line_904300,dense_grid_line,token_l1,line,empty_prioritized,l1,5,19,True,False,False,False,57ec65a5afdfe6e99a5580476d6688e35785fc4563480d296eb6f50ca3aeec9f,a14bb6e121f63fc6d94b7b45534e3c50169d912605535287789002fb98369411,1049,1388,114,3362,9235,2248,f9720bb9bbf00647d8d4638b3074ebcd0dda276296ae4d2687356b14340de737,4.18997899396345
fresh4_dense_grid_line_904300,dense_grid_line,token_l1,line,empty_prioritized,l1,5,19,True,False,False,False,57ec65a5afdfe6e99a5580476d6688e35785fc4563480d296eb6f50ca3aeec9f,a14bb6e121f63fc6d94b7b45534e3c50169d912605535287789002fb98369411,1049,1388,115,3421,9444,2239,cfca39c5f8219ea00f0e64c53655934bccde2c62b755ad0c463132f2c5119a7d,4.820774449035525
fresh4_dense_grid_line_904300,dense_grid_line,token_l1,line,empty_prioritized,l1,5,19,True,False,False,False,57ec65a5afdfe6e99a5580476d6688e35785fc4563480d296eb6f50ca3aeec9f,a14bb6e121f63fc6d94b7b45534e3c50169d912605535287789002fb98369411,1049,1388,116,3417,9172,2223,c08e2dd52cac213563ee79f7b91d46cb679f19df41b4b85bb7c7e82631f292dd,4.5642847516573966
fresh4_dense_grid_line_904300,dense_grid_line,token_l1,line,empty_prioritized,l1,5,19,True,False,False,False,57ec65a5afdfe6e99a5580476d6688e35785fc4563480d296eb6f50ca3aeec9f,a14bb6e121f63fc6d94b7b45534e3c50169d912605535287789002fb98369411,1049,1388,117,3328,8840,2145,97b2909e205d66977e421f10bb1a966b652b5ce936d3a5e4befb146eae3aa406,4.172645817045122
fresh4_dense_grid_line_904300,dense_grid_line,token_l1,line,empty_prioritized,l1,5,19,True,False,False,False,57ec65a5afdfe6e99a5580476d6688e35785fc4563480d296eb6f50ca3aeec9f,a14bb6e121f63fc6d94b7b45534e3c50169d912605535287789002fb98369411,1049,1388,118,3441,9568,2257,b341a612cb4ff9e7f533aa1a8764c6fddeacba856f7ad20726a5ae0df806a93f,4.618139370344579
fresh4_dense_grid_line_904300,dense_grid_line,token_l1,line,empty_prioritized,l1,5,19,True,False,False,False,57ec65a5afdfe6e99a5580476d6688e35785fc4563480d296eb6f50ca3aeec9f,a14bb6e121f63fc6d94b7b45534e3c50169d912605535287789002fb98369411,1049,1388,119,3277,9530,2223,8b5cb596e510f301652fdccebc3ce16250f0f50bc1178730df19ce4c751d2603,4.1233300608582795
fresh4_dense_grid_line_904300,dense_grid_line,token_l1,line,empty_prioritized,l1,5,19,True,False,False,False,57ec65a5afdfe6e99a5580476d6688e35785fc4563480d296eb6f50ca3aeec9f,a14bb6e121f63fc6d94b7b45534e3c50169d912605535287789002fb98369411,1049,1388,120,3330,9246,2132,ee4cbe52f0ae798b956f39ecfa0b39ef092e86015760f6e83688352aa7edd12f,4.231505781877786
fresh4_dense_grid_line_904301,dense_grid_line,token_l1,line,empty_prioritized,l1,5,19,True,False,False,False,e6b957917254dd779e72f452df064b430d3987590c076355ae767f5e61a4d46c,926cee7ddbbbbc86abf98775dd9c510f9951f1598ca66a421e889a787839a724,1129,1468,101,3640,9576,2312,75a38bbba02c6d8ba1e55001a806cfb5b6f62c6900f32268dbb189887833c026,5.381694802083075
fresh4_dense_grid_line_904301,dense_grid_line,token_l1,line,empty_prioritized,l1,5,19,True,False,False,False,e6b957917254dd779e72f452df064b430d3987590c076355ae767f5e61a4d46c,926cee7ddbbbbc86abf98775dd9c510f9951f1598ca66a421e889a787839a724,1129,1468,102,3494,9011,2177,ccc0149580248d6dbd686c4a85ed2ecfbdb63e77371d9c903308b82136837ca1,4.608827616088092
fresh4_dense_grid_line_904301,dense_grid_line,token_l1,line,empty_prioritized,l1,5,19,True,False,False,False,e6b957917254dd779e72f452df064b430d3987590c076355ae767f5e61a4d46c,926cee7ddbbbbc86abf98775dd9c510f9951f1598ca66a421e889a787839a724,1129,1468,103,3525,8696,2106,ac991f2582a4bc0cda63b0777b643f001f175c034da7037a9eec8cc514e66e08,4.902279151137918
fresh4_dense_grid_line_904301,dense_grid_line,token_l1,line,empty_prioritized,l1,5,19,True,False,False,False,e6b957917254dd779e72f452df064b430d3987590c076355ae767f5e61a4d46c,926cee7ddbbbbc86abf98775dd9c510f9951f1598ca66a421e889a787839a724,1129,1468,104,3358,8962,2145,6fe5cd1c92a9f4c28736e9d562bfa60e489aab6904171c27e38be36ddf20a2ff,4.772635078988969
fresh4_dense_grid_line_904301,dense_grid_line,token_l1,line,empty_prioritized,l1,5,19,True,False,False,False,e6b957917254dd779e72f452df064b430d3987590c076355ae767f5e61a4d46c,926cee7ddbbbbc86abf98775dd9c510f9951f1598ca66a421e889a787839a724,1129,1468,105,3479,8743,2126,999ee26682f06faf9e8032cabf988495dd4e6f9401faaac1f6fe347666359b7c,4.517281152307987
fresh4_dense_grid_line_904301,dense_grid_line,token_l1,line,empty_prioritized,l1,5,19,True,False,False,False,e6b957917254dd779e72f452df064b430d3987590c076355ae767f5e61a4d46c,926cee7ddbbbbc86abf98775dd9c510f9951f1598ca66a421e889a787839a724,1129,1468,106,3450,9419,2222,80e249d9de3996fc98eaf872bb2d0d5640ae26fa01f5a1a3bebaf0467d13bd72,4.733974164817482
fresh4_dense_grid_line_904301,dense_grid_line,token_l1,line,empty_prioritized,l1,5,19,True,False,False,False,e6b957917254dd779e72f452df064b430d3987590c076355ae767f5e61a4d46c,926cee7ddbbbbc86abf98775dd9c510f9951f1598ca66a421e889a787839a724,1129,1468,107,3417,9334,2177,e775b5d5acfe926cf526dc3502f189d890c0144d456e4986b8371b1056132b7c,4.6843260559253395
fresh4_dense_grid_line_904301,dense_grid_line,token_l1,line,empty_prioritized,l1,5,19,True,False,False,False,e6b957917254dd779e72f452df064b430d3987590c076355ae767f5e61a4d46c,926cee7ddbbbbc86abf98775dd9c510f9951f1598ca66a421e889a787839a724,1129,1468,108,3527,9875,2296,b53371168d136977e6a427192621283b069e30c2461cebacc308b9eda3e7466d,4.987553264014423
fresh4_dense_grid_line_904301,dense_grid_line,token_l1,line,empty_prioritized,l1,5,19,True,False,False,False,e6b957917254dd779e72f452df064b430d3987590c076355ae767f5e61a4d46c,926cee7ddbbbbc86abf98775dd9c510f9951f1598ca66a421e889a787839a724,1129,1468,109,3505,9784,2251,e7fbf2513d459f7f8f222199f12d871345ff0be67ea4d714e5fdabe3a5ba71b6,4.9329072018153965
fresh4_dense_grid_line_904301,dense_grid_line,token_l1,line,empty_prioritized,l1,5,19,True,False,False,False,e6b957917254dd779e72f452df064b430d3987590c076355ae767f5e61a4d46c,926cee7ddbbbbc86abf98775dd9c510f9951f1598ca66a421e889a787839a724,1129,1468,110,3671,10320,2326,acf004760ce8a9dea2fdf0b0480033b3066cb769f416bb5bb660afb72dd08fef,5.3051335397176445
fresh4_dense_grid_line_904301,dense_grid_line,token_l1,line,empty_prioritized,l1,5,19,True,False,False,False,e6b957917254dd779e72f452df064b430d3987590c076355ae767f5e61a4d46c,926cee7ddbbbbc86abf98775dd9c510f9951f1598ca66a421e889a787839a724,1129,1468,111,3496,9331,2204,93f43428b52776864748cd7c665bcf007a06745d20c76dfcced29f8689bcf344,4.796998339705169
fresh4_dense_grid_line_904301,dense_grid_line,token_l1,line,empty_prioritized,l1,5,19,True,False,False,False,e6b957917254dd779e72f452df064b430d3987590c076355ae767f5e61a4d46c,926cee7ddbbbbc86abf98775dd9c510f9951f1598ca66a421e889a787839a724,1129,1468,112,3572,9538,2301,088cee5fa6bf3cc1435c8d71dd3c1e480bbfe8720a845593a49f4e50e5387d31,5.444893904030323
fresh4_dense_grid_line_904301,dense_grid_line,token_l1,line,empty_prioritized,l1,5,19,True,False,False,False,e6b957917254dd779e72f452df064b430d3987590c076355ae767f5e61a4d46c,926cee7ddbbbbc86abf98775dd9c510f9951f1598ca66a421e889a787839a724,1129,1468,113,3426,8659,2089,3decc6aea78e0808c87993c9b4495f02b3c5bfec7157eb8575b4b0eb6da9affc,4.350540929008275
fresh4_dense_grid_line_904301,dense_grid_line,token_l1,line,empty_prioritized,l1,5,19,True,False,False,False,e6b957917254dd779e72f452df064b430d3987590c076355ae767f5e61a4d46c,926cee7ddbbbbc86abf98775dd9c510f9951f1598ca66a421e889a787839a724,1129,1468,114,3534,9894,2289,3b0fdeb1dabee783021cf1e9cea3731c29d8e84664feb7f4d57d5ed2459598ea,4.772423231974244
fresh4_dense_grid_line_904301,dense_grid_line,token_l1,line,empty_prioritized,l1,5,19,True,False,False,False,e6b957917254dd779e72f452df064b430d3987590c076355ae767f5e61a4d46c,926cee7ddbbbbc86abf98775dd9c510f9951f1598ca66a421e889a787839a724,1129,1468,115,3418,8493,2096,050b52a96bd7d8971bb6d3e4fa095e53302ea0876fa18f7d02b9a80b2d7f3d4e,4.397608378902078
fresh4_dense_grid_line_904301,dense_grid_line,token_l1,line,empty_prioritized,l1,5,19,True,False,False,False,e6b957917254dd779e72f452df064b430d3987590c076355ae767f5e61a4d46c,926cee7ddbbbbc86abf98775dd9c510f9951f1598ca66a421e889a787839a724,1129,1468,116,3548,9253,2260,b0bc40683ef75548ed615912d2c05d4a824610e782bf4feea042794394b4f32a,4.85067906184122
fresh4_dense_grid_line_904301,dense_grid_line,token_l1,line,empty_prioritized,l1,5,19,True,False,False,False,e6b957917254dd779e72f452df064b430d3987590c076355ae767f5e61a4d46c,926cee7ddbbbbc86abf98775dd9c510f9951f1598ca66a421e889a787839a724,1129,1468,117,3594,10434,2319,11025644e27f55586221292100f61cdae0626331d5d4fb1b9ee87b85b385bb5b,5.207396595273167
fresh4_dense_grid_line_904301,dense_grid_line,token_l1,line,empty_prioritized,l1,5,19,True,False,False,False,e6b957917254dd779e72f452df064b430d3987590c076355ae767f5e61a4d46c,926cee7ddbbbbc86abf98775dd9c510f9951f1598ca66a421e889a787839a724,1129,1468,118,3490,9220,2227,bbce38eadb385f2fa32e35cc5a42d855327ee931e063d715eeadc38ae8991454,4.494122659787536
fresh4_dense_grid_line_904301,dense_grid_line,token_l1,line,empty_prioritized,l1,5,19,True,False,False,False,e6b957917254dd779e72f452df064b430d3987590c076355ae767f5e61a4d46c,926cee7ddbbbbc86abf98775dd9c510f9951f1598ca66a421e889a787839a724,1129,1468,119,3434,9139,2207,c1ae7e42afe5c9db2bd5a4abce1c9751adca5523cc16bb978c53804b7fec196d,4.873102535028011
fresh4_dense_grid_line_904301,dense_grid_line,token_l1,line,empty_prioritized,l1,5,19,True,False,False,False,e6b957917254dd779e72f452df064b430d3987590c076355ae767f5e61a4d46c,926cee7ddbbbbc86abf98775dd9c510f9951f1598ca66a421e889a787839a724,1129,1468,120,3510,9261,2215,c679da70518d8f9247b3d5273c3dbcb032153020563c02c83048d945d231aa73,4.928440795280039
fresh4_dense_grid_line_904302,dense_grid_line,token_l1,line,empty_prioritized,l1,5,19,True,False,False,False,fa5d033d045ecd1659ee748a24767cfbcc582055d2b7b7bc9cc9dc39bb3c22b8,4ebbfce304bf9070633e3d726c5111be8b27600f8e521766c60c95015d574a27,1049,1388,101,3313,8721,2161,3080bd6f3b5f89b24a23bd0f5a55772a00e7b65d8b62e7a048421b7e91679279,4.328010765835643
fresh4_dense_grid_line_904302,dense_grid_line,token_l1,line,empty_prioritized,l1,5,19,True,False,False,False,fa5d033d045ecd1659ee748a24767cfbcc582055d2b7b7bc9cc9dc39bb3c22b8,4ebbfce304bf9070633e3d726c5111be8b27600f8e521766c60c95015d574a27,1049,1388,102,3341,9149,2177,ef2aef792b29cded30933a2fb479525a7d5e9c656b5157db0129f82b01d39f33,4.703042605891824
fresh4_dense_grid_line_904302,dense_grid_line,token_l1,line,empty_prioritized,l1,5,19,True,False,False,False,fa5d033d045ecd1659ee748a24767cfbcc582055d2b7b7bc9cc9dc39bb3c22b8,4ebbfce304bf9070633e3d726c5111be8b27600f8e521766c60c95015d574a27,1049,1388,103,3330,8809,2150,5771787000d4c3262cbba8e6c100237f3df51c8543fede940577037eb698fd6c,4.250583701301366
fresh4_dense_grid_line_904302,dense_grid_line,token_l1,line,empty_prioritized,l1,5,19,True,False,False,False,fa5d033d045ecd1659ee748a24767cfbcc582055d2b7b7bc9cc9dc39bb3c22b8,4ebbfce304bf9070633e3d726c5111be8b27600f8e521766c60c95015d574a27,1049,1388,104,3410,8877,2130,8fe778448be7bde2ced4cd92dc4594eb610ac1af834ddff298f2c7c6d98f23a5,4.367225679103285
fresh4_dense_grid_line_904302,dense_grid_line,token_l1,line,empty_prioritized,l1,5,19,True,False,False,False,fa5d033d045ecd1659ee748a24767cfbcc582055d2b7b7bc9cc9dc39bb3c22b8,4ebbfce304bf9070633e3d726c5111be8b27600f8e521766c60c95015d574a27,1049,1388,105,3375,9287,2142,a7a20b2ae19a11a97204fa0d35fbca9760a1c84c743e01f4c6df470e51dd0e50,4.54697750415653
fresh4_dense_grid_line_904302,dense_grid_line,token_l1,line,empty_prioritized,l1,5,19,True,False,False,False,fa5d033d045ecd1659ee748a24767cfbcc582055d2b7b7bc9cc9dc39bb3c22b8,4ebbfce304bf9070633e3d726c5111be8b27600f8e521766c60c95015d574a27,1049,1388,106,3318,8715,2105,54f97c93323b1f4ac85e8b87654c7d7edc4b67c11b8ff989bb71de6ce8a469ec,4.05256284493953
fresh4_dense_grid_line_904302,dense_grid_line,token_l1,line,empty_prioritized,l1,5,19,True,False,False,False,fa5d033d045ecd1659ee748a24767cfbcc582055d2b7b7bc9cc9dc39bb3c22b8,4ebbfce304bf9070633e3d726c5111be8b27600f8e521766c60c95015d574a27,1049,1388,107,3292,8919,2207,128691c1c54f8bfccb344b6d4f37c0a5130aa73be374aa395634fc26b53fd106,4.119227416813374
fresh4_dense_grid_line_904302,dense_grid_line,token_l1,line,empty_prioritized,l1,5,19,True,False,False,False,fa5d033d045ecd1659ee748a24767cfbcc582055d2b7b7bc9cc9dc39bb3c22b8,4ebbfce304bf9070633e3d726c5111be8b27600f8e521766c60c95015d574a27,1049,1388,108,3322,9426,2196,a74268454ffb9025b639065a496972d4fe8cb116b90e3c211a0e0aa482b410b1,4.70270113600418
fresh4_dense_grid_line_904302,dense_grid_line,token_l1,line,empty_prioritized,l1,5,19,True,False,False,False,fa5d033d045ecd1659ee748a24767cfbcc582055d2b7b7bc9cc9dc39bb3c22b8,4ebbfce304bf9070633e3d726c5111be8b27600f8e521766c60c95015d574a27,1049,1388,109,3324,8894,2206,baf03a7ac5d289a6ffb9a3bc53443677d17c840f8a5a18c9adf1d1d8968628c0,4.12201709812507
fresh4_dense_grid_line_904302,dense_grid_line,token_l1,line,empty_prioritized,l1,5,19,True,False,False,False,fa5d033d045ecd1659ee748a24767cfbcc582055d2b7b7bc9cc9dc39bb3c22b8,4ebbfce304bf9070633e3d726c5111be8b27600f8e521766c60c95015d574a27,1049,1388,110,3428,8844,2203,4708999527bd98b000ce73be14771af0122b48635b676fd0822506bef4e386e1,4.204755635000765
fresh4_dense_grid_line_904302,dense_grid_line,token_l1,line,empty_prioritized,l1,5,19,True,False,False,False,fa5d033d045ecd1659ee748a24767cfbcc582055d2b7b7bc9cc9dc39bb3c22b8,4ebbfce304bf9070633e3d726c5111be8b27600f8e521766c60c95015d574a27,1049,1388,111,3274,8995,2148,704ec40331e188ba1af4248256da7475525a8012525097b47140dbcf2ef071c5,4.4538296652026474
fresh4_dense_grid_line_904302,dense_grid_line,token_l1,line,empty_prioritized,l1,5,19,True,False,False,False,fa5d033d045ecd1659ee748a24767cfbcc582055d2b7b7bc9cc9dc39bb3c22b8,4ebbfce304bf9070633e3d726c5111be8b27600f8e521766c60c95015d574a27,1049,1388,112,3374,8676,2133,74085302ad2f61569e1faab7354a73a3631ab1866757b2aa3e61f4b429f273fc,4.082166713196784
fresh4_dense_grid_line_904302,dense_grid_line,token_l1,line,empty_prioritized,l1,5,19,True,False,False,False,fa5d033d045ecd1659ee748a24767cfbcc582055d2b7b7bc9cc9dc39bb3c22b8,4ebbfce304bf9070633e3d726c5111be8b27600f8e521766c60c95015d574a27,1049,1388,113,3274,9396,2132,f8a55d0ded06457b854e88bf4b9e5fd347168e035fb9a4e4159af7be364ded15,4.275610875803977
fresh4_dense_grid_line_904302,dense_grid_line,token_l1,line,empty_prioritized,l1,5,19,True,False,False,False,fa5d033d045ecd1659ee748a24767cfbcc582055d2b7b7bc9cc9dc39bb3c22b8,4ebbfce304bf9070633e3d726c5111be8b27600f8e521766c60c95015d574a27,1049,1388,114,3362,9235,2248,a07da31502e9f3ae4de9849281dba57c77db85d2a0e9685dede6445c35c91327,4.111447936855257
fresh4_dense_grid_line_904302,dense_grid_line,token_l1,line,empty_prioritized,l1,5,19,True,False,False,False,fa5d033d045ecd1659ee748a24767cfbcc582055d2b7b7bc9cc9dc39bb3c22b8,4ebbfce304bf9070633e3d726c5111be8b27600f8e521766c60c95015d574a27,1049,1388,115,3421,9444,2239,4877feed80a8a1e08bde405400aa1ca3cd47b27e606f6dffa0c1d0425a455c54,4.724233666900545
fresh4_dense_grid_line_904302,dense_grid_line,token_l1,line,empty_prioritized,l1,5,19,True,False,False,False,fa5d033d045ecd1659ee748a24767cfbcc582055d2b7b7bc9cc9dc39bb3c22b8,4ebbfce304bf9070633e3d726c5111be8b27600f8e521766c60c95015d574a27,1049,1388,116,3417,9172,2223,1fe0fcd2fc4f4d372bac8cb3f65a163c3b6a0b8516c94239fed3e1b0b8df04ba,4.472355118021369
fresh4_dense_grid_line_904302,dense_grid_line,token_l1,line,empty_prioritized,l1,5,19,True,False,False,False,fa5d033d045ecd1659ee748a24767cfbcc582055d2b7b7bc9cc9dc39bb3c22b8,4ebbfce304bf9070633e3d726c5111be8b27600f8e521766c60c95015d574a27,1049,1388,117,3328,8840,2145,092496cd9ad0e43483aadd5e4677b7bf7b3175718159b7af10b0311aab3738cc,4.086904868949205
fresh4_dense_grid_line_904302,dense_grid_line,token_l1,line,empty_prioritized,l1,5,19,True,False,False,False,fa5d033d045ecd1659ee748a24767cfbcc582055d2b7b7bc9cc9dc39bb3c22b8,4ebbfce304bf9070633e3d726c5111be8b27600f8e521766c60c95015d574a27,1049,1388,118,3441,9568,2257,afb7f608e5cd40d8d6f5c2fe592c95dedfe00cbab2f41caf847388d2eca36ded,4.523178872186691
fresh4_dense_grid_line_904302,dense_grid_line,token_l1,line,empty_prioritized,l1,5,19,True,False,False,False,fa5d033d045ecd1659ee748a24767cfbcc582055d2b7b7bc9cc9dc39bb3c22b8,4ebbfce304bf9070633e3d726c5111be8b27600f8e521766c60c95015d574a27,1049,1388,119,3277,9530,2223,cb8ce68a013332667c322e7547492f60490cac04e7420d42629be5cb39cbe81e,4.072957082185894
fresh4_dense_grid_line_904302,dense_grid_line,token_l1,line,empty_prioritized,l1,5,19,True,False,False,False,fa5d033d045ecd1659ee748a24767cfbcc582055d2b7b7bc9cc9dc39bb3c22b8,4ebbfce304bf9070633e3d726c5111be8b27600f8e521766c60c95015d574a27,1049,1388,120,3330,9246,2132,9e862dcafdc274bb0c810827f527334b33618d0479d851b11680baf738f6a262,4.144057112745941
fresh4_dense_grid_line_904303,dense_grid_line,token_l1,line,empty_prioritized,l1,5,19,True,False,False,False,22a03ccf8f369717b7e9b56fc2060c0c4003b8495fe9032f7b2747b5a3d9ad2a,7da44728440225e8f9e348999c7924ede0f128d448b3c8a0958ccba038a9f45b,1129,1468,101,3640,9576,2312,8c8c3b7cb2b9f8b17327cb35fcb61914b48d247fea6eab9958c79ca87686efde,5.274793179705739
fresh4_dense_grid_line_904303,dense_grid_line,token_l1,line,empty_prioritized,l1,5,19,True,False,False,False,22a03ccf8f369717b7e9b56fc2060c0c4003b8495fe9032f7b2747b5a3d9ad2a,7da44728440225e8f9e348999c7924ede0f128d448b3c8a0958ccba038a9f45b,1129,1468,102,3494,9011,2177,3818a93fced7b2f0ddb176c9b4cf90c22c9ecb6b5bf844e3c676b990e2a20114,4.54182711429894
fresh4_dense_grid_line_904303,dense_grid_line,token_l1,line,empty_prioritized,l1,5,19,True,False,False,False,22a03ccf8f369717b7e9b56fc2060c0c4003b8495fe9032f7b2747b5a3d9ad2a,7da44728440225e8f9e348999c7924ede0f128d448b3c8a0958ccba038a9f45b,1129,1468,103,3525,8696,2106,91059a366e8d64a621af6aa9fdb825ddd92a86aae10e0742c8f59e5794ca45a7,4.854428923688829
fresh4_dense_grid_line_904303,dense_grid_line,token_l1,line,empty_prioritized,l1,5,19,True,False,False,False,22a03ccf8f369717b7e9b56fc2060c0c4003b8495fe9032f7b2747b5a3d9ad2a,7da44728440225e8f9e348999c7924ede0f128d448b3c8a0958ccba038a9f45b,1129,1468,104,3358,8962,2145,ef53234920946f5ffc9782f960773caa34ebb63a3ca7619ab6ce7857859c7113,4.750886701978743
fresh4_dense_grid_line_904303,dense_grid_line,token_l1,line,empty_prioritized,l1,5,19,True,False,False,False,22a03ccf8f369717b7e9b56fc2060c0c4003b8495fe9032f7b2747b5a3d9ad2a,7da44728440225e8f9e348999c7924ede0f128d448b3c8a0958ccba038a9f45b,1129,1468,105,3479,8743,2126,c1bf3e00c5f7e21cc451663e9eab4b75b2cec2017cb12a0083f4793f9d81018e,4.4331585192121565
fresh4_dense_grid_line_904303,dense_grid_line,token_l1,line,empty_prioritized,l1,5,19,True,False,False,False,22a03ccf8f369717b7e9b56fc2060c0c4003b8495fe9032f7b2747b5a3d9ad2a,7da44728440225e8f9e348999c7924ede0f128d448b3c8a0958ccba038a9f45b,1129,1468,106,3450,9419,2222,63b7129b5b74094fdd75a0ba14031def762aa92ebb26b1ceeb666e7b65eba311,4.669656594283879
fresh4_dense_grid_line_904303,dense_grid_line,token_l1,line,empty_prioritized,l1,5,19,True,False,False,False,22a03ccf8f369717b7e9b56fc2060c0c4003b8495fe9032f7b2747b5a3d9ad2a,7da44728440225e8f9e348999c7924ede0f128d448b3c8a0958ccba038a9f45b,1129,1468,107,3417,9334,2177,8b8c463daa234447349863baf099ad134d6a01c3d40a8b684dd628f23c305fa8,4.599019852932543
fresh4_dense_grid_line_904303,dense_grid_line,token_l1,line,empty_prioritized,l1,5,19,True,False,False,False,22a03ccf8f369717b7e9b56fc2060c0c4003b8495fe9032f7b2747b5a3d9ad2a,7da44728440225e8f9e348999c7924ede0f128d448b3c8a0958ccba038a9f45b,1129,1468,108,3527,9875,2296,63064b00e3b7409356258d245f5b26cb3134f3eb272a896da6137cf8071e133c,4.950521585997194
fresh4_dense_grid_line_904303,dense_grid_line,token_l1,line,empty_prioritized,l1,5,19,True,False,False,False,22a03ccf8f369717b7e9b56fc2060c0c4003b8495fe9032f7b2747b5a3d9ad2a,7da44728440225e8f9e348999c7924ede0f128d448b3c8a0958ccba038a9f45b,1129,1468,109,3505,9784,2251,7a6fc2da8ee1bccf796bb1edbbf7302575fc06b00de0165fbf8891a536ef4231,4.850637152791023
fresh4_dense_grid_line_904303,dense_grid_line,token_l1,line,empty_prioritized,l1,5,19,True,False,False,False,22a03ccf8f369717b7e9b56fc2060c0c4003b8495fe9032f7b2747b5a3d9ad2a,7da44728440225e8f9e348999c7924ede0f128d448b3c8a0958ccba038a9f45b,1129,1468,110,3671,10320,2326,6b8ef4f2f613d341df5e9c44f0cd7a5942e2f3f5385f3d405a4f03358d14df23,5.229661991354078
fresh4_dense_grid_line_904303,dense_grid_line,token_l1,line,empty_prioritized,l1,5,19,True,False,False,False,22a03ccf8f369717b7e9b56fc2060c0c4003b8495fe9032f7b2747b5a3d9ad2a,7da44728440225e8f9e348999c7924ede0f128d448b3c8a0958ccba038a9f45b,1129,1468,111,3496,9331,2204,ea4e9250f1bc3c341204c04ab82bec6b455923b4504f0ca1c526750f8218a03b,4.711818104144186
fresh4_dense_grid_line_904303,dense_grid_line,token_l1,line,empty_prioritized,l1,5,19,True,False,False,False,22a03ccf8f369717b7e9b56fc2060c0c4003b8495fe9032f7b2747b5a3d9ad2a,7da44728440225e8f9e348999c7924ede0f128d448b3c8a0958ccba038a9f45b,1129,1468,112,3572,9538,2301,90d37fc35cc77e0f3f591fa2354b7ec4ad858026d193e2cbe58921125dcd73f9,5.400213992223144
fresh4_dense_grid_line_904303,dense_grid_line,token_l1,line,empty_prioritized,l1,5,19,True,False,False,False,22a03ccf8f369717b7e9b56fc2060c0c4003b8495fe9032f7b2747b5a3d9ad2a,7da44728440225e8f9e348999c7924ede0f128d448b3c8a0958ccba038a9f45b,1129,1468,113,3426,8659,2089,facf10622825f625eaad45c4162a5ccd79343522e4dd28b0407571c0b902391f,4.289075267035514
fresh4_dense_grid_line_904303,dense_grid_line,token_l1,line,empty_prioritized,l1,5,19,True,False,False,False,22a03ccf8f369717b7e9b56fc2060c0c4003b8495fe9032f7b2747b5a3d9ad2a,7da44728440225e8f9e348999c7924ede0f128d448b3c8a0958ccba038a9f45b,1129,1468,114,3534,9894,2289,f1af7f281d1aaeb9839ee07d3c51c306acd67f2130e96791c1ec72625177661b,4.660189819987863
fresh4_dense_grid_line_904303,dense_grid_line,token_l1,line,empty_prioritized,l1,5,19,True,False,False,False,22a03ccf8f369717b7e9b56fc2060c0c4003b8495fe9032f7b2747b5a3d9ad2a,7da44728440225e8f9e348999c7924ede0f128d448b3c8a0958ccba038a9f45b,1129,1468,115,3418,8493,2096,b35344e52469253bbadeaf6283db5de3a911a2d65e3d8299af771cbdceb7e674,4.3540095537900925
fresh4_dense_grid_line_904303,dense_grid_line,token_l1,line,empty_prioritized,l1,5,19,True,False,False,False,22a03ccf8f369717b7e9b56fc2060c0c4003b8495fe9032f7b2747b5a3d9ad2a,7da44728440225e8f9e348999c7924ede0f128d448b3c8a0958ccba038a9f45b,1129,1468,116,3548,9253,2260,69727d0d7d5caa26d847ed34d080cd8179e770cf38dbf975c0b7f4eff87cc381,4.784545274917036
fresh4_dense_grid_line_904303,dense_grid_line,token_l1,line,empty_prioritized,l1,5,19,True,False,False,False,22a03ccf8f369717b7e9b56fc2060c0c4003b8495fe9032f7b2747b5a3d9ad2a,7da44728440225e8f9e348999c7924ede0f128d448b3c8a0958ccba038a9f45b,1129,1468,117,3594,10434,2319,45f98c4a69eac90441730bae001a08fb9cf01323f653d1925cc2c41dc275d251,5.116945113986731
fresh4_dense_grid_line_904303,dense_grid_line,token_l1,line,empty_prioritized,l1,5,19,True,False,False,False,22a03ccf8f369717b7e9b56fc2060c0c4003b8495fe9032f7b2747b5a3d9ad2a,7da44728440225e8f9e348999c7924ede0f128d448b3c8a0958ccba038a9f45b,1129,1468,118,3490,9220,2227,dad4461a920329a0a6df442ebb8190dca86fc2b331155ffb42f4ed5df1502816,4.436638696119189
fresh4_dense_grid_line_904303,dense_grid_line,token_l1,line,empty_prioritized,l1,5,19,True,False,False,False,22a03ccf8f369717b7e9b56fc2060c0c4003b8495fe9032f7b2747b5a3d9ad2a,7da44728440225e8f9e348999c7924ede0f128d448b3c8a0958ccba038a9f45b,1129,1468,119,3434,9139,2207,29eadefee77f84fd6e070e42b7b70f1c2012eb6014381f298b4705ebf346298d,4.834844825789332
fresh4_dense_grid_line_904303,dense_grid_line,token_l1,line,empty_prioritized,l1,5,19,True,False,False,False,22a03ccf8f369717b7e9b56fc2060c0c4003b8495fe9032f7b2747b5a3d9ad2a,7da44728440225e8f9e348999c7924ede0f128d448b3c8a0958ccba038a9f45b,1129,1468,120,3510,9261,2215,8904a731fa5b084f73c2f7d680cfae7e4d254574fae8069582bbe070ae19b90c,4.888886897359043
fresh4_dense_grid_line_904304,dense_grid_line,token_l1,line,empty_prioritized,l1,5,19,True,False,False,False,f89930b0f5cf030ef009477ca1d703a5286a2a909aa62c9467ad033a311a9053,d1e8f59f143d866ed72640fce92d2c5cffe91cd033cf07b9b23473bb094bf6b6,1129,1468,101,3640,9576,2312,7287ffce34c4ab4ae2e2323da7adcc8030701e512ff1d9971624e4cd99ac912d,5.253749283961952
fresh4_dense_grid_line_904304,dense_grid_line,token_l1,line,empty_prioritized,l1,5,19,True,False,False,False,f89930b0f5cf030ef009477ca1d703a5286a2a909aa62c9467ad033a311a9053,d1e8f59f143d866ed72640fce92d2c5cffe91cd033cf07b9b23473bb094bf6b6,1129,1468,102,3494,9011,2177,f16cf7a433ce1a97b282730326ff6a196a5796c4a98617248a900cdbb2fd0895,4.510311661288142
fresh4_dense_grid_line_904304,dense_grid_line,token_l1,line,empty_prioritized,l1,5,19,True,False,False,False,f89930b0f5cf030ef009477ca1d703a5286a2a909aa62c9467ad033a311a9053,d1e8f59f143d866ed72640fce92d2c5cffe91cd033cf07b9b23473bb094bf6b6,1129,1468,103,3525,8696,2106,c48ef72e649020844a3defc72b24f57cc5376cf52f9b53bdda8e817f6a0fc9b3,4.806623690761626
fresh4_dense_grid_line_904304,dense_grid_line,token_l1,line,empty_prioritized,l1,5,19,True,False,False,False,f89930b0f5cf030ef009477ca1d703a5286a2a909aa62c9467ad033a311a9053,d1e8f59f143d866ed72640fce92d2c5cffe91cd033cf07b9b23473bb094bf6b6,1129,1468,104,3358,8962,2145,a0ac8e3622445b5f2f8523aa5fb1a5f689192ce0660312c62ca653b138d4732c,4.650591740850359
fresh4_dense_grid_line_904304,dense_grid_line,token_l1,line,empty_prioritized,l1,5,19,True,False,False,False,f89930b0f5cf030ef009477ca1d703a5286a2a909aa62c9467ad033a311a9053,d1e8f59f143d866ed72640fce92d2c5cffe91cd033cf07b9b23473bb094bf6b6,1129,1468,105,3479,8743,2126,16ed294ca1c411840a7d3c820e3fb7f70f7590c19f3bb716e8d4da595ce1c4a5,4.390618049073964
fresh4_dense_grid_line_904304,dense_grid_line,token_l1,line,empty_prioritized,l1,5,19,True,False,False,False,f89930b0f5cf030ef009477ca1d703a5286a2a909aa62c9467ad033a311a9053,d1e8f59f143d866ed72640fce92d2c5cffe91cd033cf07b9b23473bb094bf6b6,1129,1468,106,3450,9419,2222,d709f62ece5767ea3a1fcadf2a7f3814ac7605896661f8907474af2bb5ff1235,4.649315075948834
fresh4_dense_grid_line_904304,dense_grid_line,token_l1,line,empty_prioritized,l1,5,19,True,False,False,False,f89930b0f5cf030ef009477ca1d703a5286a2a909aa62c9467ad033a311a9053,d1e8f59f143d866ed72640fce92d2c5cffe91cd033cf07b9b23473bb094bf6b6,1129,1468,107,3417,9334,2177,8d5fc350bd493005fd4218a5e4bfedeab25e335de3d711f9322438d855199764,4.5629936112090945
fresh4_dense_grid_line_904304,dense_grid_line,token_l1,line,empty_prioritized,l1,5,19,True,False,False,False,f89930b0f5cf030ef009477ca1d703a5286a2a909aa62c9467ad033a311a9053,d1e8f59f143d866ed72640fce92d2c5cffe91cd033cf07b9b23473bb094bf6b6,1129,1468,108,3527,9875,2296,b82be75b10b0a3e26ddc911855a05a44108c0788169d5885af652aed95619fa0,4.859737429302186
fresh4_dense_grid_line_904304,dense_grid_line,token_l1,line,empty_prioritized,l1,5,19,True,False,False,False,f89930b0f5cf030ef009477ca1d703a5286a2a909aa62c9467ad033a311a9053,d1e8f59f143d866ed72640fce92d2c5cffe91cd033cf07b9b23473bb094bf6b6,1129,1468,109,3505,9784,2251,16d17c14c3b3baa2e67dd1e692b82a641358152f0e7801f2dd321b16cbdb07f7,4.817613300867379
fresh4_dense_grid_line_904304,dense_grid_line,token_l1,line,empty_prioritized,l1,5,19,True,False,False,False,f89930b0f5cf030ef009477ca1d703a5286a2a909aa62c9467ad033a311a9053,d1e8f59f143d866ed72640fce92d2c5cffe91cd033cf07b9b23473bb094bf6b6,1129,1468,110,3671,10320,2326,e804c8d594e4e791cc77bd053168fcc4114f7cdfbef8f043b7ef04373b610fd1,5.187507836148143
fresh4_dense_grid_line_904304,dense_grid_line,token_l1,line,empty_prioritized,l1,5,19,True,False,False,False,f89930b0f5cf030ef009477ca1d703a5286a2a909aa62c9467ad033a311a9053,d1e8f59f143d866ed72640fce92d2c5cffe91cd033cf07b9b23473bb094bf6b6,1129,1468,111,3496,9331,2204,8192c687bc67477bb63c84e0d0838955118d30578f072421bdc7bcdd20c07978,4.685043851844966
fresh4_dense_grid_line_904304,dense_grid_line,token_l1,line,empty_prioritized,l1,5,19,True,False,False,False,f89930b0f5cf030ef009477ca1d703a5286a2a909aa62c9467ad033a311a9053,d1e8f59f143d866ed72640fce92d2c5cffe91cd033cf07b9b23473bb094bf6b6,1129,1468,112,3572,9538,2301,b245fd5d8e9921d2299b64bdd042d57ec9fe280a596b8994b6a61e703fbdd6de,5.320788979995996
fresh4_dense_grid_line_904304,dense_grid_line,token_l1,line,empty_prioritized,l1,5,19,True,False,False,False,f89930b0f5cf030ef009477ca1d703a5286a2a909aa62c9467ad033a311a9053,d1e8f59f143d866ed72640fce92d2c5cffe91cd033cf07b9b23473bb094bf6b6,1129,1468,113,3426,8659,2089,71ac19ff1fc274276cf3025813106b23b9d0c80c7909ee0c953546ac7ba9d1c7,4.270876917988062
fresh4_dense_grid_line_904304,dense_grid_line,token_l1,line,empty_prioritized,l1,5,19,True,False,False,False,f89930b0f5cf030ef009477ca1d703a5286a2a909aa62c9467ad033a311a9053,d1e8f59f143d866ed72640fce92d2c5cffe91cd033cf07b9b23473bb094bf6b6,1129,1468,114,3534,9894,2289,06f05c9e7f304dbc3460fae0e34defe2c792fe15f7e7470a29bec9e5a6fb793e,4.650160061195493
fresh4_dense_grid_line_904304,dense_grid_line,token_l1,line,empty_prioritized,l1,5,19,True,False,False,False,f89930b0f5cf030ef009477ca1d703a5286a2a909aa62c9467ad033a311a9053,d1e8f59f143d866ed72640fce92d2c5cffe91cd033cf07b9b23473bb094bf6b6,1129,1468,115,3418,8493,2096,f3428729d8efe26b0667d03d534270cad14dec1b7aff358a33ded73a847e3804,4.258275425992906
fresh4_dense_grid_line_904304,dense_grid_line,token_l1,line,empty_prioritized,l1,5,19,True,False,False,False,f89930b0f5cf030ef009477ca1d703a5286a2a909aa62c9467ad033a311a9053,d1e8f59f143d866ed72640fce92d2c5cffe91cd033cf07b9b23473bb094bf6b6,1129,1468,116,3548,9253,2260,8da377b2e874427fe918d206d1a7c968f2dfb138b4d8cb460710f335c7d0b174,4.7624995210208
fresh4_dense_grid_line_904304,dense_grid_line,token_l1,line,empty_prioritized,l1,5,19,True,False,False,False,f89930b0f5cf030ef009477ca1d703a5286a2a909aa62c9467ad033a311a9053,d1e8f59f143d866ed72640fce92d2c5cffe91cd033cf07b9b23473bb094bf6b6,1129,1468,117,3594,10434,2319,cbe3ff78164afb22ec61aacd3b64aa7e9eea1bc542e81e3bea7acd99db644f06,5.075068830046803
fresh4_dense_grid_line_904304,dense_grid_line,token_l1,line,empty_prioritized,l1,5,19,True,False,False,False,f89930b0f5cf030ef009477ca1d703a5286a2a909aa62c9467ad033a311a9053,d1e8f59f143d866ed72640fce92d2c5cffe91cd033cf07b9b23473bb094bf6b6,1129,1468,118,3490,9220,2227,db12b1655787821c053355f9a530511ab778ed3c7e0d6124adc2813cd5af27a2,4.406130481045693
fresh4_dense_grid_line_904304,dense_grid_line,token_l1,line,empty_prioritized,l1,5,19,True,False,False,False,f89930b0f5cf030ef009477ca1d703a5286a2a909aa62c9467ad033a311a9053,d1e8f59f143d866ed72640fce92d2c5cffe91cd033cf07b9b23473bb094bf6b6,1129,1468,119,3434,9139,2207,52895a2fff11f4cbf6228b22221c340743a84bdddbd9f52e103041370a6a9f87,4.775723049882799
fresh4_dense_grid_line_904304,dense_grid_line,token_l1,line,empty_prioritized,l1,5,19,True,False,False,False,f89930b0f5cf030ef009477ca1d703a5286a2a909aa62c9467ad033a311a9053,d1e8f59f143d866ed72640fce92d2c5cffe91cd033cf07b9b23473bb094bf6b6,1129,1468,120,3510,9261,2215,ab8d8a16ae88a98354b64841256cc8cacafd563178cc21948a2adc8b025eaade,4.881165825761855
fresh4_dense_grid_line_904305,dense_grid_line,token_l1,line,empty_prioritized,l1,5,19,True,False,False,False,38fbb7b008cd7545ba29089f28d6175c223cd016fd9fd1a354a3401ca52624ef,5cf32eff221cc3f3abeef80f8005d745a3af8b073d7914c30172f5d83839c63c,1029,1422,101,3184,9061,2160,8e46c0925a4b1ac911b77d2d749b13774f88ba4c860176f2d738bf81c34cc639,4.015384661965072
fresh4_dense_grid_line_904305,dense_grid_line,token_l1,line,empty_prioritized,l1,5,19,True,False,False,False,38fbb7b008cd7545ba29089f28d6175c223cd016fd9fd1a354a3401ca52624ef,5cf32eff221cc3f3abeef80f8005d745a3af8b073d7914c30172f5d83839c63c,1029,1422,102,3154,8499,2082,4e3341a276855373c327edd93651666f1ef9d1c0ed0dbb5f85bc2fa089b70015,3.5980339269153774
fresh4_dense_grid_line_904305,dense_grid_line,token_l1,line,empty_prioritized,l1,5,19,True,False,False,False,38fbb7b008cd7545ba29089f28d6175c223cd016fd9fd1a354a3401ca52624ef,5cf32eff221cc3f3abeef80f8005d745a3af8b073d7914c30172f5d83839c63c,1029,1422,103,3362,9012,2153,891e0846bc3a0b4fde0c5dfbd36ca5ff84bdccbed06ccf19159a93c62d5d251e,4.548564850818366
fresh4_dense_grid_line_904305,dense_grid_line,token_l1,line,empty_prioritized,l1,5,19,True,False,False,False,38fbb7b008cd7545ba29089f28d6175c223cd016fd9fd1a354a3401ca52624ef,5cf32eff221cc3f3abeef80f8005d745a3af8b073d7914c30172f5d83839c63c,1029,1422,104,3153,8763,2059,884f3b3648cb26eb43644faebb28ea928ebbc989275cb435f96481fd92c2fb7c,4.202556159812957
fresh4_dense_grid_line_904305,dense_grid_line,token_l1,line,empty_prioritized,l1,5,19,True,False,False,False,38fbb7b008cd7545ba29089f28d6175c223cd016fd9fd1a354a3401ca52624ef,5cf32eff221cc3f3abeef80f8005d745a3af8b073d7914c30172f5d83839c63c,1029,1422,105,3251,9130,2152,400f6b09b49b28c41b028e6e3b81bd175654bc94a364c294c0225f5ad3cc963f,4.0027211220003664
fresh4_dense_grid_line_904305,dense_grid_line,token_l1,line,empty_prioritized,l1,5,19,True,False,False,False,38fbb7b008cd7545ba29089f28d6175c223cd016fd9fd1a354a3401ca52624ef,5cf32eff221cc3f3abeef80f8005d745a3af8b073d7914c30172f5d83839c63c,1029,1422,106,3253,8795,2180,34ec71419afdbf2a4f1359ab1e885aef8a6476c804e2a3a5ebf3049f77daf1fb,3.922963214572519
fresh4_dense_grid_line_904305,dense_grid_line,token_l1,line,empty_prioritized,l1,5,19,True,False,False,False,38fbb7b008cd7545ba29089f28d6175c223cd016fd9fd1a354a3401ca52624ef,5cf32eff221cc3f3abeef80f8005d745a3af8b073d7914c30172f5d83839c63c,1029,1422,107,3294,9024,2203,d5d631b780ec3e6c8f529e6678058e984306fe5c3fc16037060864db03a4e482,4.458184122107923
fresh4_dense_grid_line_904305,dense_grid_line,token_l1,line,empty_prioritized,l1,5,19,True,False,False,False,38fbb7b008cd7545ba29089f28d6175c223cd016fd9fd1a354a3401ca52624ef,5cf32eff221cc3f3abeef80f8005d745a3af8b073d7914c30172f5d83839c63c,1029,1422,108,3211,8928,2087,e22e3c0a4df7d3cc4a3dd876b06f4475df1fc5ac3b266a814c43f61b97964907,4.061053208075464
fresh4_dense_grid_line_904305,dense_grid_line,token_l1,line,empty_prioritized,l1,5,19,True,False,False,False,38fbb7b008cd7545ba29089f28d6175c223cd016fd9fd1a354a3401ca52624ef,5cf32eff221cc3f3abeef80f8005d745a3af8b073d7914c30172f5d83839c63c,1029,1422,109,3147,8767,2134,d0eb1720bc9e53711109a32da38d61871ef6b8e2401a1ff58f45895a2349fa07,3.958465325180441
fresh4_dense_grid_line_904305,dense_grid_line,token_l1,line,empty_prioritized,l1,5,19,True,False,False,False,38fbb7b008cd7545ba29089f28d6175c223cd016fd9fd1a354a3401ca52624ef,5cf32eff221cc3f3abeef80f8005d745a3af8b073d7914c30172f5d83839c63c,1029,1422,110,3191,8677,2107,13e35ee21d5d3db39c1ee9146750e47fae10d6974d2cad7adbf8ba8f5981a3c4,3.9313031560741365
fresh4_dense_grid_line_904305,dense_grid_line,token_l1,line,empty_prioritized,l1,5,19,True,False,False,False,38fbb7b008cd7545ba29089f28d6175c223cd016fd9fd1a354a3401ca52624ef,5cf32eff221cc3f3abeef80f8005d745a3af8b073d7914c30172f5d83839c63c,1029,1422,111,3245,8831,2131,cf2888208ed0568f95bcec212f73974f68e0f70dd0e700839cc4f5ade0b23962,4.231109668966383
fresh4_dense_grid_line_904305,dense_grid_line,token_l1,line,empty_prioritized,l1,5,19,True,False,False,False,38fbb7b008cd7545ba29089f28d6175c223cd016fd9fd1a354a3401ca52624ef,5cf32eff221cc3f3abeef80f8005d745a3af8b073d7914c30172f5d83839c63c,1029,1422,112,3228,8978,2170,d548038f7c513bdacf183aca670232717517e80f986e9c23d3669cd1ecc927bf,3.9643164887093008
fresh4_dense_grid_line_904305,dense_grid_line,token_l1,line,empty_prioritized,l1,5,19,True,False,False,False,38fbb7b008cd7545ba29089f28d6175c223cd016fd9fd1a354a3401ca52624ef,5cf32eff221cc3f3abeef80f8005d745a3af8b073d7914c30172f5d83839c63c,1029,1422,113,3115,8536,2049,a0085db419d2ae51b415c4ff0a8874083be5788bcd89656624b0e789f58f6c2a,3.656010565813631
fresh4_dense_grid_line_904305,dense_grid_line,token_l1,line,empty_prioritized,l1,5,19,True,False,False,False,38fbb7b008cd7545ba29089f28d6175c223cd016fd9fd1a354a3401ca52624ef,5cf32eff221cc3f3abeef80f8005d745a3af8b073d7914c30172f5d83839c63c,1029,1422,114,3247,9015,2117,f28fc01f96080671c14754330095664c16b43f712ca51d47d9616ca6283c9201,4.3829535553231835
fresh4_dense_grid_line_904305,dense_grid_line,token_l1,line,empty_prioritized,l1,5,19,True,False,False,False,38fbb7b008cd7545ba29089f28d6175c223cd016fd9fd1a354a3401ca52624ef,5cf32eff221cc3f3abeef80f8005d745a3af8b073d7914c30172f5d83839c63c,1029,1422,115,3175,8744,2092,9ed7660b9a620d2c3d313fe22fde61f950ed153c4c36cb4a9b8cf3364e0c4f9b,4.24658199492842
fresh4_dense_grid_line_904305,dense_grid_line,token_l1,line,empty_prioritized,l1,5,19,True,False,False,False,38fbb7b008cd7545ba29089f28d6175c223cd016fd9fd1a354a3401ca52624ef,5cf32eff221cc3f3abeef80f8005d745a3af8b073d7914c30172f5d83839c63c,1029,1422,116,3020,9089,2035,9b84bdaa52f79fa397d091082eeff8b83d067faf6d304baaff070ccacfdb9ad7,3.777566039003432
fresh4_dense_grid_line_904305,dense_grid_line,token_l1,line,empty_prioritized,l1,5,19,True,False,False,False,38fbb7b008cd7545ba29089f28d6175c223cd016fd9fd1a354a3401ca52624ef,5cf32eff221cc3f3abeef80f8005d745a3af8b073d7914c30172f5d83839c63c,1029,1422,117,3230,8924,2141,4bb49749d6207559f804e70474e6b41e3cb983e2a73f1a07d5c0571f22624aa7,4.123640161938965
fresh4_dense_grid_line_904305,dense_grid_line,token_l1,line,empty_prioritized,l1,5,19,True,False,False,False,38fbb7b008cd7545ba29089f28d6175c223cd016fd9fd1a354a3401ca52624ef,5cf32eff221cc3f3abeef80f8005d745a3af8b073d7914c30172f5d83839c63c,1029,1422,118,3240,8684,2117,01f5dbc26865358c8fc7f73ff688d6c3e4954f314a42f4eaa9df25e30ea57a6f,4.230037728790194
fresh4_dense_grid_line_904305,dense_grid_line,token_l1,line,empty_prioritized,l1,5,19,True,False,False,False,38fbb7b008cd7545ba29089f28d6175c223cd016fd9fd1a354a3401ca52624ef,5cf32eff221cc3f3abeef80f8005d745a3af8b073d7914c30172f5d83839c63c,1029,1422,119,3256,9102,2153,385719d32ad20f81aeae1129ba2398eb0adff55d39abf6ba9bb011fe90bf611a,3.977185472846031
fresh4_dense_grid_line_904305,dense_grid_line,token_l1,line,empty_prioritized,l1,5,19,True,False,False,False,38fbb7b008cd7545ba29089f28d6175c223cd016fd9fd1a354a3401ca52624ef,5cf32eff221cc3f3abeef80f8005d745a3af8b073d7914c30172f5d83839c63c,1029,1422,120,3248,8974,2140,b55ebd95fba43bee7a1f7385d45059bd1c872a54546bdad08799e5c205746eca,4.365351053420454
fresh4_dense_grid_lshape_904500,dense_grid_lshape,token_l1,line,empty_prioritized,l1,5,19,True,False,False,False,5862307ebc7777884bb67a3acb6599527f883cb1a19f75dbe20c2fa6d8a87336,da96a7a168e3b8689adb4008d610f2c1b80a97f60730687a4f666d62b4876281,1089,1482,101,3627,9582,2186,3fc50c6d8db4c8dbaf8231761455f4fa0b1be93f863af1479cc95ed2f29d60c2,5.067558033857495
fresh4_dense_grid_lshape_904500,dense_grid_lshape,token_l1,line,empty_prioritized,l1,5,19,True,False,False,False,5862307ebc7777884bb67a3acb6599527f883cb1a19f75dbe20c2fa6d8a87336,da96a7a168e3b8689adb4008d610f2c1b80a97f60730687a4f666d62b4876281,1089,1482,102,3506,9603,2208,a79cad52aa38204abb2ee383908f9cd6e4b88f89240ea8d8cb863aaf9ca928b0,4.714816757943481
fresh4_dense_grid_lshape_904500,dense_grid_lshape,token_l1,line,empty_prioritized,l1,5,19,True,False,False,False,5862307ebc7777884bb67a3acb6599527f883cb1a19f75dbe20c2fa6d8a87336,da96a7a168e3b8689adb4008d610f2c1b80a97f60730687a4f666d62b4876281,1089,1482,103,3481,8628,2070,e9a247815f0eced3494f5fb6ef2343e2bb3f12cab523e76adada5d0163fa8477,4.599246327765286
fresh4_dense_grid_lshape_904500,dense_grid_lshape,token_l1,line,empty_prioritized,l1,5,19,True,False,False,False,5862307ebc7777884bb67a3acb6599527f883cb1a19f75dbe20c2fa6d8a87336,da96a7a168e3b8689adb4008d610f2c1b80a97f60730687a4f666d62b4876281,1089,1482,104,3503,9380,2193,3444032c66c4b7626eaca8db973232c82e272b614ba9480232afd1279bcf724c,4.786072839982808
fresh4_dense_grid_lshape_904500,dense_grid_lshape,token_l1,line,empty_prioritized,l1,5,19,True,False,False,False,5862307ebc7777884bb67a3acb6599527f883cb1a19f75dbe20c2fa6d8a87336,da96a7a168e3b8689adb4008d610f2c1b80a97f60730687a4f666d62b4876281,1089,1482,105,3553,9216,2189,2a1c14589edf510aac370fd18f38459fe832637081c465446ff06f79d055eaf1,5.137689147144556
fresh4_dense_grid_lshape_904500,dense_grid_lshape,token_l1,line,empty_prioritized,l1,5,19,True,False,False,False,5862307ebc7777884bb67a3acb6599527f883cb1a19f75dbe20c2fa6d8a87336,da96a7a168e3b8689adb4008d610f2c1b80a97f60730687a4f666d62b4876281,1089,1482,106,3529,8875,2162,42f0af29e01eb8e49b10bc7d4aa161933ad34115d65a87c68add8c692146894d,4.784127231221646
fresh4_dense_grid_lshape_904500,dense_grid_lshape,token_l1,line,empty_prioritized,l1,5,19,True,False,False,False,5862307ebc7777884bb67a3acb6599527f883cb1a19f75dbe20c2fa6d8a87336,da96a7a168e3b8689adb4008d610f2c1b80a97f60730687a4f666d62b4876281,1089,1482,107,3474,8746,2065,610d612b744025c215e97513cffc66bd008cbc38ad7c0900d1f5372783083549,4.633046696893871
fresh4_dense_grid_lshape_904500,dense_grid_lshape,token_l1,line,empty_prioritized,l1,5,19,True,False,False,False,5862307ebc7777884bb67a3acb6599527f883cb1a19f75dbe20c2fa6d8a87336,da96a7a168e3b8689adb4008d610f2c1b80a97f60730687a4f666d62b4876281,1089,1482,108,3551,8895,2113,865618f78b0e3c73bb7dd52a287293551121a24e328407308d8856db9fa65ea0,5.1551369479857385
fresh4_dense_grid_lshape_904500,dense_grid_lshape,token_l1,line,empty_prioritized,l1,5,19,True,False,False,False,5862307ebc7777884bb67a3acb6599527f883cb1a19f75dbe20c2fa6d8a87336,da96a7a168e3b8689adb4008d610f2c1b80a97f60730687a4f666d62b4876281,1089,1482,109,3432,8901,2095,ba48ae6ff9de693e8a04b27d29895bb9ff523b1d65bfd003aa9decd2552a96c4,4.2087551956065
fresh4_dense_grid_lshape_904500,dense_grid_lshape,token_l1,line,empty_prioritized,l1,5,19,True,False,False,False,5862307ebc7777884bb67a3acb6599527f883cb1a19f75dbe20c2fa6d8a87336,da96a7a168e3b8689adb4008d610f2c1b80a97f60730687a4f666d62b4876281,1089,1482,110,3626,9866,2342,0cd0fb0d4819151213ff1ada6ef44fc0ae2a62e5e87a6fc234639c13d8583306,5.205203683115542
fresh4_dense_grid_lshape_904500,dense_grid_lshape,token_l1,line,empty_prioritized,l1,5,19,True,False,False,False,5862307ebc7777884bb67a3acb6599527f883cb1a19f75dbe20c2fa6d8a87336,da96a7a168e3b8689adb4008d610f2c1b80a97f60730687a4f666d62b4876281,1089,1482,111,3550,9672,2204,b767cc69f29287d577154764eeaa737c23c94eaae583a0044b184de25f79b08a,4.719921661075205
fresh4_dense_grid_lshape_904500,dense_grid_lshape,token_l1,line,empty_prioritized,l1,5,19,True,False,False,False,5862307ebc7777884bb67a3acb6599527f883cb1a19f75dbe20c2fa6d8a87336,da96a7a168e3b8689adb4008d610f2c1b80a97f60730687a4f666d62b4876281,1089,1482,112,3422,8733,2132,d3625142ecfced002422643f7987acaf3522a8913776ce5a996cafff33985544,4.336666178423911
fresh4_dense_grid_lshape_904500,dense_grid_lshape,token_l1,line,empty_prioritized,l1,5,19,True,False,False,False,5862307ebc7777884bb67a3acb6599527f883cb1a19f75dbe20c2fa6d8a87336,da96a7a168e3b8689adb4008d610f2c1b80a97f60730687a4f666d62b4876281,1089,1482,113,3545,9219,2145,2e3430dd389edf755ff702effc1d2185bc7308e99d311a0065b6c29e69fc2e5c,5.003634071908891
fresh4_dense_grid_lshape_904500,dense_grid_lshape,token_l1,line,empty_prioritized,l1,5,19,True,False,False,False,5862307ebc7777884bb67a3acb6599527f883cb1a19f75dbe20c2fa6d8a87336,da96a7a168e3b8689adb4008d610f2c1b80a97f60730687a4f666d62b4876281,1089,1482,114,3501,8871,2155,1c0c5bb759f9d7d30ba462cd8896e7e42842ac0f31efad4be01db7e83819d3c3,4.65065598115325
fresh4_dense_grid_lshape_904500,dense_grid_lshape,token_l1,line,empty_prioritized,l1,5,19,True,False,False,False,5862307ebc7777884bb67a3acb6599527f883cb1a19f75dbe20c2fa6d8a87336,da96a7a168e3b8689adb4008d610f2c1b80a97f60730687a4f666d62b4876281,1089,1482,115,3559,10053,2237,d67057c56e96035c84f5fb3fd8a5cad9c397a11ff5699e16314594bc79d57ccb,4.870521605014801
fresh4_dense_grid_lshape_904500,dense_grid_lshape,token_l1,line,empty_prioritized,l1,5,19,True,False,False,False,5862307ebc7777884bb67a3acb6599527f883cb1a19f75dbe20c2fa6d8a87336,da96a7a168e3b8689adb4008d610f2c1b80a97f60730687a4f666d62b4876281,1089,1482,116,3577,9734,2182,819dd5ea01a1040fdf309f60c3d2052461de160ca17acdcf539a8b5cf734eb30,4.9820856200531125
fresh4_dense_grid_lshape_904500,dense_grid_lshape,token_l1,line,empty_prioritized,l1,5,19,True,False,False,False,5862307ebc7777884bb67a3acb6599527f883cb1a19f75dbe20c2fa6d8a87336,da96a7a168e3b8689adb4008d610f2c1b80a97f60730687a4f666d62b4876281,1089,1482,117,3495,9280,2194,dd3afedb5d6b25534ed126bc858d65de029b75c97acd7a108c876b2251808291,4.84866916295141
fresh4_dense_grid_lshape_904500,dense_grid_lshape,token_l1,line,empty_prioritized,l1,5,19,True,False,False,False,5862307ebc7777884bb67a3acb6599527f883cb1a19f75dbe20c2fa6d8a87336,da96a7a168e3b8689adb4008d610f2c1b80a97f60730687a4f666d62b4876281,1089,1482,118,3521,9028,2125,e391ba7634515c5f06d694a0e3008bcec5a35ed3112f89cf93eaedc8dbfa5ff9,5.109469634015113
fresh4_dense_grid_lshape_904500,dense_grid_lshape,token_l1,line,empty_prioritized,l1,5,19,True,False,False,False,5862307ebc7777884bb67a3acb6599527f883cb1a19f75dbe20c2fa6d8a87336,da96a7a168e3b8689adb4008d610f2c1b80a97f60730687a4f666d62b4876281,1089,1482,119,3454,9276,2151,327e36d26a6761900c1b75e7fd0f2674c2256916427b2f3f4c7930af87a137f8,4.609739415813237
fresh4_dense_grid_lshape_904500,dense_grid_lshape,token_l1,line,empty_prioritized,l1,5,19,True,False,False,False,5862307ebc7777884bb67a3acb6599527f883cb1a19f75dbe20c2fa6d8a87336,da96a7a168e3b8689adb4008d610f2c1b80a97f60730687a4f666d62b4876281,1089,1482,120,3603,9784,2289,89589c5bb9be3a0b054813ba292ad541fabd04e232c62908b074f00fe56f5c7d,5.11441946728155
fresh4_dense_grid_lshape_904501,dense_grid_lshape,token_l1,line,empty_prioritized,l1,5,19,True,False,False,False,27e2fa9e8b5011575dfd7b964e8dec6f9fda47b3e323f195d0be0d5c14c9b8a0,f86a41d31e1bd19dca9488d76806404ea07c14ad9ac8c8fc6d912c2615012b3c,1089,1482,101,3627,9582,2186,389c40cdc764f7f67172703257c46bec15ba0cec6f23972c7000f73c61b46db3,5.1029132581315935
fresh4_dense_grid_lshape_904501,dense_grid_lshape,token_l1,line,empty_prioritized,l1,5,19,True,False,False,False,27e2fa9e8b5011575dfd7b964e8dec6f9fda47b3e323f195d0be0d5c14c9b8a0,f86a41d31e1bd19dca9488d76806404ea07c14ad9ac8c8fc6d912c2615012b3c,1089,1482,102,3506,9603,2208,59a3470d52ad8be3dceef604e82d9a6393c2c07b108536f7f54a141b7df96759,4.676216176245362
fresh4_dense_grid_lshape_904501,dense_grid_lshape,token_l1,line,empty_prioritized,l1,5,19,True,False,False,False,27e2fa9e8b5011575dfd7b964e8dec6f9fda47b3e323f195d0be0d5c14c9b8a0,f86a41d31e1bd19dca9488d76806404ea07c14ad9ac8c8fc6d912c2615012b3c,1089,1482,103,3481,8628,2070,5f87d1dda7dd08b1b7cc3db566ae2320473c0601487aeaf4fd4027862e55b726,4.556287062820047
fresh4_dense_grid_lshape_904501,dense_grid_lshape,token_l1,line,empty_prioritized,l1,5,19,True,False,False,False,27e2fa9e8b5011575dfd7b964e8dec6f9fda47b3e323f195d0be0d5c14c9b8a0,f86a41d31e1bd19dca9488d76806404ea07c14ad9ac8c8fc6d912c2615012b3c,1089,1482,104,3503,9380,2193,b43ad39e2094f90b2a4a365359221e887e0c3fee98f83d135964724ecfcfc4ec,4.759730999357998
fresh4_dense_grid_lshape_904501,dense_grid_lshape,token_l1,line,empty_prioritized,l1,5,19,True,False,False,False,27e2fa9e8b5011575dfd7b964e8dec6f9fda47b3e323f195d0be0d5c14c9b8a0,f86a41d31e1bd19dca9488d76806404ea07c14ad9ac8c8fc6d912c2615012b3c,1089,1482,105,3553,9216,2189,71b5915fc96944f03e1b5533194114be524eaa27e1f1d266f2f2339b64b89453,5.089115481823683
fresh4_dense_grid_lshape_904501,dense_grid_lshape,token_l1,line,empty_prioritized,l1,5,19,True,False,False,False,27e2fa9e8b5011575dfd7b964e8dec6f9fda47b3e323f195d0be0d5c14c9b8a0,f86a41d31e1bd19dca9488d76806404ea07c14ad9ac8c8fc6d912c2615012b3c,1089,1482,106,3529,8875,2162,7178ce2cd2ad7fe21135ca9f1fed069e706fe4b8e1e92af40dfdd0ef5cb70be9,4.736397218890488
fresh4_dense_grid_lshape_904501,dense_grid_lshape,token_l1,line,empty_prioritized,l1,5,19,True,False,False,False,27e2fa9e8b5011575dfd7b964e8dec6f9fda47b3e323f195d0be0d5c14c9b8a0,f86a41d31e1bd19dca9488d76806404ea07c14ad9ac8c8fc6d912c2615012b3c,1089,1482,107,3474,8746,2065,bba626eec82997d5a8398ad3c6eea4d4d4e49df8d912ef41bedc33206c99e07e,4.5946588846854866
fresh4_dense_grid_lshape_904501,dense_grid_lshape,token_l1,line,empty_prioritized,l1,5,19,True,False,False,False,27e2fa9e8b5011575dfd7b964e8dec6f9fda47b3e323f195d0be0d5c14c9b8a0,f86a41d31e1bd19dca9488d76806404ea07c14ad9ac8c8fc6d912c2615012b3c,1089,1482,108,3551,8895,2113,9eca087d0329c168232b38f42f57922bf6729bd141a5ed65851d66b2403e5080,5.089295910205692
fresh4_dense_grid_lshape_904501,dense_grid_lshape,token_l1,line,empty_prioritized,l1,5,19,True,False,False,False,27e2fa9e8b5011575dfd7b964e8dec6f9fda47b3e323f195d0be0d5c14c9b8a0,f86a41d31e1bd19dca9488d76806404ea07c14ad9ac8c8fc6d912c2615012b3c,1089,1482,109,3432,8901,2095,182fac15d39520b9680b4821188c86bf4401235219c0890235d71bc36b2e6c6d,4.180421338882297
fresh4_dense_grid_lshape_904501,dense_grid_lshape,token_l1,line,empty_prioritized,l1,5,19,True,False,False,False,27e2fa9e8b5011575dfd7b964e8dec6f9fda47b3e323f195d0be0d5c14c9b8a0,f86a41d31e1bd19dca9488d76806404ea07c14ad9ac8c8fc6d912c2615012b3c,1089,1482,110,3626,9866,2342,c152a1f40e47051d8b37dda2fe1171be5e540e9367d9cc7120f84555134a01b6,5.145387485157698
fresh4_dense_grid_lshape_904501,dense_grid_lshape,token_l1,line,empty_prioritized,l1,5,19,True,False,False,False,27e2fa9e8b5011575dfd7b964e8dec6f9fda47b3e323f195d0be0d5c14c9b8a0,f86a41d31e1bd19dca9488d76806404ea07c14ad9ac8c8fc6d912c2615012b3c,1089,1482,111,3550,9672,2204,8ff61ef54f59c064d87f48f5f25505be9e6ee05be199ab8dbdca18d6cb4a67be,4.720038238912821
fresh4_dense_grid_lshape_904501,dense_grid_lshape,token_l1,line,empty_prioritized,l1,5,19,True,False,False,False,27e2fa9e8b5011575dfd7b964e8dec6f9fda47b3e323f195d0be0d5c14c9b8a0,f86a41d31e1bd19dca9488d76806404ea07c14ad9ac8c8fc6d912c2615012b3c,1089,1482,112,3422,8733,2132,2f0aa4a45ba761372a2e9a9c004745cc0be0e40a631deef3dcdf535c8124e0a6,4.2720433650538325
fresh4_dense_grid_lshape_904501,dense_grid_lshape,token_l1,line,empty_prioritized,l1,5,19,True,False,False,False,27e2fa9e8b5011575dfd7b964e8dec6f9fda47b3e323f195d0be0d5c14c9b8a0,f86a41d31e1bd19dca9488d76806404ea07c14ad9ac8c8fc6d912c2615012b3c,1089,1482,113,3545,9219,2145,fdeae284c922e89ed2f2c3ecc5f29ef7111ebaf556b97c4c3d0a037ac704593d,4.966061729006469
fresh4_dense_grid_lshape_904501,dense_grid_lshape,token_l1,line,empty_prioritized,l1,5,19,True,False,False,False,27e2fa9e8b5011575dfd7b964e8dec6f9fda47b3e323f195d0be0d5c14c9b8a0,f86a41d31e1bd19dca9488d76806404ea07c14ad9ac8c8fc6d912c2615012b3c,1089,1482,114,3501,8871,2155,a0da3e42cb5934dbd18c0c03ef8b53cf0cdd6aa724f61e587e962c4bfc0a9429,4.569248290266842
fresh4_dense_grid_lshape_904501,dense_grid_lshape,token_l1,line,empty_prioritized,l1,5,19,True,False,False,False,27e2fa9e8b5011575dfd7b964e8dec6f9fda47b3e323f195d0be0d5c14c9b8a0,f86a41d31e1bd19dca9488d76806404ea07c14ad9ac8c8fc6d912c2615012b3c,1089,1482,115,3559,10053,2237,703e14287ec3f9e3fea50cc318823ae5e24ce4130d8cf3865be68549da0793f5,4.80610040994361
fresh4_dense_grid_lshape_904501,dense_grid_lshape,token_l1,line,empty_prioritized,l1,5,19,True,False,False,False,27e2fa9e8b5011575dfd7b964e8dec6f9fda47b3e323f195d0be0d5c14c9b8a0,f86a41d31e1bd19dca9488d76806404ea07c14ad9ac8c8fc6d912c2615012b3c,1089,1482,116,3577,9734,2182,f50e5844a2078ddf5907581bfa5145c02c37fcbc41b2facc50518d17d6fa45a4,4.932927710004151
fresh4_dense_grid_lshape_904501,dense_grid_lshape,token_l1,line,empty_prioritized,l1,5,19,True,False,False,False,27e2fa9e8b5011575dfd7b964e8dec6f9fda47b3e323f195d0be0d5c14c9b8a0,f86a41d31e1bd19dca9488d76806404ea07c14ad9ac8c8fc6d912c2615012b3c,1089,1482,117,3495,9280,2194,57d30de98fdc00589b17142bc5df075b2eb4ee9b3d7e629649e85a81641d5d4a,4.807089684996754
fresh4_dense_grid_lshape_904501,dense_grid_lshape,token_l1,line,empty_prioritized,l1,5,19,True,False,False,False,27e2fa9e8b5011575dfd7b964e8dec6f9fda47b3e323f195d0be0d5c14c9b8a0,f86a41d31e1bd19dca9488d76806404ea07c14ad9ac8c8fc6d912c2615012b3c,1089,1482,118,3521,9028,2125,3b514475465b1d693f035b8a817ceb9f26c15cca8b21fd69e407e6413a57dffe,5.094445328228176
fresh4_dense_grid_lshape_904501,dense_grid_lshape,token_l1,line,empty_prioritized,l1,5,19,True,False,False,False,27e2fa9e8b5011575dfd7b964e8dec6f9fda47b3e323f195d0be0d5c14c9b8a0,f86a41d31e1bd19dca9488d76806404ea07c14ad9ac8c8fc6d912c2615012b3c,1089,1482,119,3454,9276,2151,0c103b45c9e3612d1c908f357db5a67621da2dedb675f15a6ca3f3b47e72c453,4.562529980670661
fresh4_dense_grid_lshape_904501,dense_grid_lshape,token_l1,line,empty_prioritized,l1,5,19,True,False,False,False,27e2fa9e8b5011575dfd7b964e8dec6f9fda47b3e323f195d0be0d5c14c9b8a0,f86a41d31e1bd19dca9488d76806404ea07c14ad9ac8c8fc6d912c2615012b3c,1089,1482,120,3603,9784,2289,c9b8fa492a3590dae6b4f39314d9fcf87fe4733e20a827ae4f6bfc2774233cff,5.08592003909871
fresh4_dense_grid_lshape_904502,dense_grid_lshape,token_l1,line,empty_prioritized,l1,5,19,True,False,False,False,daf528bb5aee4507ff1937bfe3851547fef651ad55ba7cd2b41831f0cc08ceb2,6e038acaed34daa4c8cf2a0b5d17ed4d29ad54dccd59ef1b49a96c07e1a25ae5,1089,1482,101,3627,9582,2186,5070ddbe0bc175268c437f631792d10964b3df94dcf4782748790a40c53f5d49,5.062974598258734
fresh4_dense_grid_lshape_904502,dense_grid_lshape,token_l1,line,empty_prioritized,l1,5,19,True,False,False,False,daf528bb5aee4507ff1937bfe3851547fef651ad55ba7cd2b41831f0cc08ceb2,6e038acaed34daa4c8cf2a0b5d17ed4d29ad54dccd59ef1b49a96c07e1a25ae5,1089,1482,102,3506,9603,2208,ff70eb9cbf1eb87be3b21649095291ef8a6b319370a09a383ba635d3c784a4e4,4.702431459911168
fresh4_dense_grid_lshape_904502,dense_grid_lshape,token_l1,line,empty_prioritized,l1,5,19,True,False,False,False,daf528bb5aee4507ff1937bfe3851547fef651ad55ba7cd2b41831f0cc08ceb2,6e038acaed34daa4c8cf2a0b5d17ed4d29ad54dccd59ef1b49a96c07e1a25ae5,1089,1482,103,3481,8628,2070,20fd9f1976ab5109f4aa0591fc045fca796daea6e5e393c59bb2af16fdc0c7c6,4.616638234816492
fresh4_dense_grid_lshape_904502,dense_grid_lshape,token_l1,line,empty_prioritized,l1,5,19,True,False,False,False,daf528bb5aee4507ff1937bfe3851547fef651ad55ba7cd2b41831f0cc08ceb2,6e038acaed34daa4c8cf2a0b5d17ed4d29ad54dccd59ef1b49a96c07e1a25ae5,1089,1482,104,3503,9380,2193,008368501cbc7138e95735e055104ff663dd40ce3b9bf092b31e5d366c0a5cb7,4.811548517085612
fresh4_dense_grid_lshape_904502,dense_grid_lshape,token_l1,line,empty_prioritized,l1,5,19,True,False,False,False,daf528bb5aee4507ff1937bfe3851547fef651ad55ba7cd2b41831f0cc08ceb2,6e038acaed34daa4c8cf2a0b5d17ed4d29ad54dccd59ef1b49a96c07e1a25ae5,1089,1482,105,3553,9216,2189,c82a4b2965a1f40422c590d6abdf476f93e2897f69d89dab0fe7fe43a5831864,5.173814025241882
fresh4_dense_grid_lshape_904502,dense_grid_lshape,token_l1,line,empty_prioritized,l1,5,19,True,False,False,False,daf528bb5aee4507ff1937bfe3851547fef651ad55ba7cd2b41831f0cc08ceb2,6e038acaed34daa4c8cf2a0b5d17ed4d29ad54dccd59ef1b49a96c07e1a25ae5,1089,1482,106,3529,8875,2162,1a34fc416f4d2145e5994583dab769371641f9f15ca1c0b5fee2bf9d0e9c2528,4.788933956064284
fresh4_dense_grid_lshape_904502,dense_grid_lshape,token_l1,line,empty_prioritized,l1,5,19,True,False,False,False,daf528bb5aee4507ff1937bfe3851547fef651ad55ba7cd2b41831f0cc08ceb2,6e038acaed34daa4c8cf2a0b5d17ed4d29ad54dccd59ef1b49a96c07e1a25ae5,1089,1482,107,3474,8746,2065,a504c63e0d103e23e1c334989995c7d30dca48e72b05728b37e0e2460fdb71b9,4.617460015229881
fresh4_dense_grid_lshape_904502,dense_grid_lshape,token_l1,line,empty_prioritized,l1,5,19,True,False,False,False,daf528bb5aee4507ff1937bfe3851547fef651ad55ba7cd2b41831f0cc08ceb2,6e038acaed34daa4c8cf2a0b5d17ed4d29ad54dccd59ef1b49a96c07e1a25ae5,1089,1482,108,3551,8895,2113,1d23ab1d7621f4cf608eebb64ed8dc187e70058ff0873d92f10cf5471b80dff8,5.170642296783626
fresh4_dense_grid_lshape_904502,dense_grid_lshape,token_l1,line,empty_prioritized,l1,5,19,True,False,False,False,daf528bb5aee4507ff1937bfe3851547fef651ad55ba7cd2b41831f0cc08ceb2,6e038acaed34daa4c8cf2a0b5d17ed4d29ad54dccd59ef1b49a96c07e1a25ae5,1089,1482,109,3432,8901,2095,5faff9a7dacb59c41458d1bed2ad25d329070274e262d6f72070b5b8f8edea8a,4.222871730104089
fresh4_dense_grid_lshape_904502,dense_grid_lshape,token_l1,line,empty_prioritized,l1,5,19,True,False,False,False,daf528bb5aee4507ff1937bfe3851547fef651ad55ba7cd2b41831f0cc08ceb2,6e038acaed34daa4c8cf2a0b5d17ed4d29ad54dccd59ef1b49a96c07e1a25ae5,1089,1482,110,3626,9866,2342,689a5f4abe3a3b8398df1f544631d107322f0a197c85b1f2ec702a4e7f97ae00,5.184091608971357
fresh4_dense_grid_lshape_904502,dense_grid_lshape,token_l1,line,empty_prioritized,l1,5,19,True,False,False,False,daf528bb5aee4507ff1937bfe3851547fef651ad55ba7cd2b41831f0cc08ceb2,6e038acaed34daa4c8cf2a0b5d17ed4d29ad54dccd59ef1b49a96c07e1a25ae5,1089,1482,111,3550,9672,2204,4a3ec56d1c64a441cee864e319a551e68280e2510b4048f51e0ffd9f02378a06,4.76853671297431
fresh4_dense_grid_lshape_904502,dense_grid_lshape,token_l1,line,empty_prioritized,l1,5,19,True,False,False,False,daf528bb5aee4507ff1937bfe3851547fef651ad55ba7cd2b41831f0cc08ceb2,6e038acaed34daa4c8cf2a0b5d17ed4d29ad54dccd59ef1b49a96c07e1a25ae5,1089,1482,112,3422,8733,2132,4064d1b9ff696bac9d545213c19d6377b4a64ba6112fc1d0aef934a7ad6b93b4,4.33076852792874
fresh4_dense_grid_lshape_904502,dense_grid_lshape,token_l1,line,empty_prioritized,l1,5,19,True,False,False,False,daf528bb5aee4507ff1937bfe3851547fef651ad55ba7cd2b41831f0cc08ceb2,6e038acaed34daa4c8cf2a0b5d17ed4d29ad54dccd59ef1b49a96c07e1a25ae5,1089,1482,113,3545,9219,2145,9520c41f91d64774c0ee46e0b1cc0e476931c1dbe63631392cf3ee9d6a7fc413,5.023514776024967
fresh4_dense_grid_lshape_904502,dense_grid_lshape,token_l1,line,empty_prioritized,l1,5,19,True,False,False,False,daf528bb5aee4507ff1937bfe3851547fef651ad55ba7cd2b41831f0cc08ceb2,6e038acaed34daa4c8cf2a0b5d17ed4d29ad54dccd59ef1b49a96c07e1a25ae5,1089,1482,114,3501,8871,2155,35d719ea79bfc7a41707a4923d580f78ef01d29b8b3594840940aba87f11b889,4.651131311897188
fresh4_dense_grid_lshape_904502,dense_grid_lshape,token_l1,line,empty_prioritized,l1,5,19,True,False,False,False,daf528bb5aee4507ff1937bfe3851547fef651ad55ba7cd2b41831f0cc08ceb2,6e038acaed34daa4c8cf2a0b5d17ed4d29ad54dccd59ef1b49a96c07e1a25ae5,1089,1482,115,3559,10053,2237,80ad4ce1caeb0d19a851a20b0a9955de7f1cbb573004ba71390b3114a41d9f97,4.883532133884728
fresh4_dense_grid_lshape_904502,dense_grid_lshape,token_l1,line,empty_prioritized,l1,5,19,True,False,False,False,daf528bb5aee4507ff1937bfe3851547fef651ad55ba7cd2b41831f0cc08ceb2,6e038acaed34daa4c8cf2a0b5d17ed4d29ad54dccd59ef1b49a96c07e1a25ae5,1089,1482,116,3577,9734,2182,ee7c968a4473d7ddda6b841817df7992b3f49e7577e3150d6787b78c986cb1c6,4.978961349930614
fresh4_dense_grid_lshape_904502,dense_grid_lshape,token_l1,line,empty_prioritized,l1,5,19,True,False,False,False,daf528bb5aee4507ff1937bfe3851547fef651ad55ba7cd2b41831f0cc08ceb2,6e038acaed34daa4c8cf2a0b5d17ed4d29ad54dccd59ef1b49a96c07e1a25ae5,1089,1482,117,3495,9280,2194,7bcf9ffe713695aa660980441b9c10327b89d188cf819dc79b65a650f14bb64c,4.852590445894748
fresh4_dense_grid_lshape_904502,dense_grid_lshape,token_l1,line,empty_prioritized,l1,5,19,True,False,False,False,daf528bb5aee4507ff1937bfe3851547fef651ad55ba7cd2b41831f0cc08ceb2,6e038acaed34daa4c8cf2a0b5d17ed4d29ad54dccd59ef1b49a96c07e1a25ae5,1089,1482,118,3521,9028,2125,7e5435211cc1d418734bdae3574f3e9c84ec1fdc31377aca11a17bbd3b62cb25,5.128124480135739
fresh4_dense_grid_lshape_904502,dense_grid_lshape,token_l1,line,empty_prioritized,l1,5,19,True,False,False,False,daf528bb5aee4507ff1937bfe3851547fef651ad55ba7cd2b41831f0cc08ceb2,6e038acaed34daa4c8cf2a0b5d17ed4d29ad54dccd59ef1b49a96c07e1a25ae5,1089,1482,119,3454,9276,2151,53b508cd64f42e8ee0e0d9f28984accd62f79f7f713b0cb2496567dbba4cea6c,4.594982943031937
fresh4_dense_grid_lshape_904502,dense_grid_lshape,token_l1,line,empty_prioritized,l1,5,19,True,False,False,False,daf528bb5aee4507ff1937bfe3851547fef651ad55ba7cd2b41831f0cc08ceb2,6e038acaed34daa4c8cf2a0b5d17ed4d29ad54dccd59ef1b49a96c07e1a25ae5,1089,1482,120,3603,9784,2289,986b26dda756f7de85710de0e63a73c1fda49aa87c3b569ead7d0843736daf03,5.15793745033443
fresh4_dense_grid_lshape_904503,dense_grid_lshape,token_l1,line,empty_prioritized,l1,5,19,True,False,False,False,7214e52cc1a26020afe3d2cca21491eb650b0d2703659e6fd807ddfa28b70e6e,99f89bb7469c8d813390eca423fcfa854169759cfdbbcbdde6602523c645fc55,1089,1482,101,3627,9582,2186,4edc3de5987033790a7136eea7b9a11c555667a8f538d2338ca2002495303e5d,5.080461703240871
fresh4_dense_grid_lshape_904503,dense_grid_lshape,token_l1,line,empty_prioritized,l1,5,19,True,False,False,False,7214e52cc1a26020afe3d2cca21491eb650b0d2703659e6fd807ddfa28b70e6e,99f89bb7469c8d813390eca423fcfa854169759cfdbbcbdde6602523c645fc55,1089,1482,102,3506,9603,2208,1bcaae09a47f1f54ec77527a62a9ebe0f0cd21b29442d73ef35bdd5bc0545451,4.699496545828879
fresh4_dense_grid_lshape_904503,dense_grid_lshape,token_l1,line,empty_prioritized,l1,5,19,True,False,False,False,7214e52cc1a26020afe3d2cca21491eb650b0d2703659e6fd807ddfa28b70e6e,99f89bb7469c8d813390eca423fcfa854169759cfdbbcbdde6602523c645fc55,1089,1482,103,3481,8628,2070,66e1713437949e24891c21dea2d9faeb5f4781e00327896cbdaf44f5f1f904ac,4.59695328772068
fresh4_dense_grid_lshape_904503,dense_grid_lshape,token_l1,line,empty_prioritized,l1,5,19,True,False,False,False,7214e52cc1a26020afe3d2cca21491eb650b0d2703659e6fd807ddfa28b70e6e,99f89bb7469c8d813390eca423fcfa854169759cfdbbcbdde6602523c645fc55,1089,1482,104,3503,9380,2193,9c25995f663660455a2b1130685dd87292ad8c55ce2b84ec79cbd2ee551cfe3a,4.805854307953268
fresh4_dense_grid_lshape_904503,dense_grid_lshape,token_l1,line,empty_prioritized,l1,5,19,True,False,False,False,7214e52cc1a26020afe3d2cca21491eb650b0d2703659e6fd807ddfa28b70e6e,99f89bb7469c8d813390eca423fcfa854169759cfdbbcbdde6602523c645fc55,1089,1482,105,3553,9216,2189,3a95c054d4bea1e8ae89ef5ca55be064703cf0f45a9f6b8cc9b0daddde30a4cd,5.18616861384362
fresh4_dense_grid_lshape_904503,dense_grid_lshape,token_l1,line,empty_prioritized,l1,5,19,True,False,False,False,7214e52cc1a26020afe3d2cca21491eb650b0d2703659e6fd807ddfa28b70e6e,99f89bb7469c8d813390eca423fcfa854169759cfdbbcbdde6602523c645fc55,1089,1482,106,3529,8875,2162,6078454a6ffdf9780aadfea88f328a4e905ec9f7794157bc09ce57ec46a0ad98,4.806322445627302
fresh4_dense_grid_lshape_904503,dense_grid_lshape,token_l1,line,empty_prioritized,l1,5,19,True,False,False,False,7214e52cc1a26020afe3d2cca21491eb650b0d2703659e6fd807ddfa28b70e6e,99f89bb7469c8d813390eca423fcfa854169759cfdbbcbdde6602523c645fc55,1089,1482,107,3474,8746,2065,3e7ac64d7483c5d64c2c4383f33cb9b9e6853042ac5a668c060018c98ce6d739,4.646851857192814
fresh4_dense_grid_lshape_904503,dense_grid_lshape,token_l1,line,empty_prioritized,l1,5,19,True,False,False,False,7214e52cc1a26020afe3d2cca21491eb650b0d2703659e6fd807ddfa28b70e6e,99f89bb7469c8d813390eca423fcfa854169759cfdbbcbdde6602523c645fc55,1089,1482,108,3551,8895,2113,5c5967d5cf1792d8b6b3f9188847a287c8288e65c38f3a2cff7df957668bed9a,5.17497903900221
fresh4_dense_grid_lshape_904503,dense_grid_lshape,token_l1,line,empty_prioritized,l1,5,19,True,False,False,False,7214e52cc1a26020afe3d2cca21491eb650b0d2703659e6fd807ddfa28b70e6e,99f89bb7469c8d813390eca423fcfa854169759cfdbbcbdde6602523c645fc55,1089,1482,109,3432,8901,2095,30c8ab500c409ae96b6b2dd44ad01f4cbefd73133daccaaaabc747002a0dc427,4.224350532982498
fresh4_dense_grid_lshape_904503,dense_grid_lshape,token_l1,line,empty_prioritized,l1,5,19,True,False,False,False,7214e52cc1a26020afe3d2cca21491eb650b0d2703659e6fd807ddfa28b70e6e,99f89bb7469c8d813390eca423fcfa854169759cfdbbcbdde6602523c645fc55,1089,1482,110,3626,9866,2342,3da23e7a2dab8fd3ab5971aeb7f11887ca8befc53f3c34b6176fb87f6f6b5b26,5.199588913004845
fresh4_dense_grid_lshape_904503,dense_grid_lshape,token_l1,line,empty_prioritized,l1,5,19,True,False,False,False,7214e52cc1a26020afe3d2cca21491eb650b0d2703659e6fd807ddfa28b70e6e,99f89bb7469c8d813390eca423fcfa854169759cfdbbcbdde6602523c645fc55,1089,1482,111,3550,9672,2204,1d1f703ff3e16d131b4721be77427c4700f7d20aabc7260fd51fe78146fabb2a,4.750574235804379
fresh4_dense_grid_lshape_904503,dense_grid_lshape,token_l1,line,empty_prioritized,l1,5,19,True,False,False,False,7214e52cc1a26020afe3d2cca21491eb650b0d2703659e6fd807ddfa28b70e6e,99f89bb7469c8d813390eca423fcfa854169759cfdbbcbdde6602523c645fc55,1089,1482,112,3422,8733,2132,88ac6d2a9545a9b32cf5a3a41b1159f649c13567c1e60868d76352893f1791d1,4.328460901044309
fresh4_dense_grid_lshape_904503,dense_grid_lshape,token_l1,line,empty_prioritized,l1,5,19,True,False,False,False,7214e52cc1a26020afe3d2cca21491eb650b0d2703659e6fd807ddfa28b70e6e,99f89bb7469c8d813390eca423fcfa854169759cfdbbcbdde6602523c645fc55,1089,1482,113,3545,9219,2145,b882d31ecc29b1d40518df073ed14b59d62d7b7094176d12fca500f8231ed3b7,5.04315086081624
fresh4_dense_grid_lshape_904503,dense_grid_lshape,token_l1,line,empty_prioritized,l1,5,19,True,False,False,False,7214e52cc1a26020afe3d2cca21491eb650b0d2703659e6fd807ddfa28b70e6e,99f89bb7469c8d813390eca423fcfa854169759cfdbbcbdde6602523c645fc55,1089,1482,114,3501,8871,2155,648950f225e2af8bef35481143d36003146d397ba067f56397431d93b9e5ddef,4.658116751816124
fresh4_dense_grid_lshape_904503,dense_grid_lshape,token_l1,line,empty_prioritized,l1,5,19,True,False,False,False,7214e52cc1a26020afe3d2cca21491eb650b0d2703659e6fd807ddfa28b70e6e,99f89bb7469c8d813390eca423fcfa854169759cfdbbcbdde6602523c645fc55,1089,1482,115,3559,10053,2237,02c70856b899b75b0160c6765ae9df4719dd0ebc96afc45c82e932a90c4b7d1f,4.855579061433673
fresh4_dense_grid_lshape_904503,dense_grid_lshape,token_l1,line,empty_prioritized,l1,5,19,True,False,False,False,7214e52cc1a26020afe3d2cca21491eb650b0d2703659e6fd807ddfa28b70e6e,99f89bb7469c8d813390eca423fcfa854169759cfdbbcbdde6602523c645fc55,1089,1482,116,3577,9734,2182,3633f40db3678ba7d46e890f9765e422a99145a96b093885bd970a32509eb5fc,4.9804559838958085
fresh4_dense_grid_lshape_904503,dense_grid_lshape,token_l1,line,empty_prioritized,l1,5,19,True,False,False,False,7214e52cc1a26020afe3d2cca21491eb650b0d2703659e6fd807ddfa28b70e6e,99f89bb7469c8d813390eca423fcfa854169759cfdbbcbdde6602523c645fc55,1089,1482,117,3495,9280,2194,d25727d6f0e459a5ea2dcce18b640ccbce18102143da6a1a4f9e6224e88b015c,4.859596204012632
fresh4_dense_grid_lshape_904503,dense_grid_lshape,token_l1,line,empty_prioritized,l1,5,19,True,False,False,False,7214e52cc1a26020afe3d2cca21491eb650b0d2703659e6fd807ddfa28b70e6e,99f89bb7469c8d813390eca423fcfa854169759cfdbbcbdde6602523c645fc55,1089,1482,118,3521,9028,2125,90c8b1f73de5bfbd11a6608995ff896973b99a81b6a61e92a8b2e22fb6c7106b,5.135743799153715
fresh4_dense_grid_lshape_904503,dense_grid_lshape,token_l1,line,empty_prioritized,l1,5,19,True,False,False,False,7214e52cc1a26020afe3d2cca21491eb650b0d2703659e6fd807ddfa28b70e6e,99f89bb7469c8d813390eca423fcfa854169759cfdbbcbdde6602523c645fc55,1089,1482,119,3454,9276,2151,9c022d18726b1e43536bb5c8c342c5237a86f84f914d358b4849ef4775d4aaac,4.5981962089426816
fresh4_dense_grid_lshape_904503,dense_grid_lshape,token_l1,line,empty_prioritized,l1,5,19,True,False,False,False,7214e52cc1a26020afe3d2cca21491eb650b0d2703659e6fd807ddfa28b70e6e,99f89bb7469c8d813390eca423fcfa854169759cfdbbcbdde6602523c645fc55,1089,1482,120,3603,9784,2289,399353a3b1e2baf31626dae09f2110a87d6b534689058ef1649ceb24d3a974c5,5.172620326746255
fresh4_dense_grid_lshape_904504,dense_grid_lshape,token_l1,line,empty_prioritized,l1,5,19,True,False,False,False,c5f0fcd8ecc48e779a6ad9f86b980154169efce8fd5b3e0e9b9ea4a9b3b75c67,1da17674f29a497e42d80fc85eb6c93392b8831be5dea1296d52730feacb3f9f,1089,1482,101,3627,9582,2186,6478c094936c5c44e0a52b2eb961f9cf54b0879b798b949db69394139bb32226,5.043879888020456
fresh4_dense_grid_lshape_904504,dense_grid_lshape,token_l1,line,empty_prioritized,l1,5,19,True,False,False,False,c5f0fcd8ecc48e779a6ad9f86b980154169efce8fd5b3e0e9b9ea4a9b3b75c67,1da17674f29a497e42d80fc85eb6c93392b8831be5dea1296d52730feacb3f9f,1089,1482,102,3506,9603,2208,8eb2e26daa5135a595bc220b335e5dd65b963dec9193f40de2f27a2179949f94,4.673779475968331
fresh4_dense_grid_lshape_904504,dense_grid_lshape,token_l1,line,empty_prioritized,l1,5,19,True,False,False,False,c5f0fcd8ecc48e779a6ad9f86b980154169efce8fd5b3e0e9b9ea4a9b3b75c67,1da17674f29a497e42d80fc85eb6c93392b8831be5dea1296d52730feacb3f9f,1089,1482,103,3481,8628,2070,51a8d119467aefc9813d68293c4e81a6dfe9a4bf96204144c4ffd48737f1cdae,4.5572953638620675
fresh4_dense_grid_lshape_904504,dense_grid_lshape,token_l1,line,empty_prioritized,l1,5,19,True,False,False,False,c5f0fcd8ecc48e779a6ad9f86b980154169efce8fd5b3e0e9b9ea4a9b3b75c67,1da17674f29a497e42d80fc85eb6c93392b8831be5dea1296d52730feacb3f9f,1089,1482,104,3503,9380,2193,1c26e634d056edea735cb7bcdbd61838d0b464f6c33138e80c9faa9b9bfe2097,4.750917931087315
fresh4_dense_grid_lshape_904504,dense_grid_lshape,token_l1,line,empty_prioritized,l1,5,19,True,False,False,False,c5f0fcd8ecc48e779a6ad9f86b980154169efce8fd5b3e0e9b9ea4a9b3b75c67,1da17674f29a497e42d80fc85eb6c93392b8831be5dea1296d52730feacb3f9f,1089,1482,105,3553,9216,2189,25e104c9235a69e7f9723ab2af0051ce177230a6968a827814315ac68e782506,5.092599065974355
fresh4_dense_grid_lshape_904504,dense_grid_lshape,token_l1,line,empty_prioritized,l1,5,19,True,False,False,False,c5f0fcd8ecc48e779a6ad9f86b980154169efce8fd5b3e0e9b9ea4a9b3b75c67,1da17674f29a497e42d80fc85eb6c93392b8831be5dea1296d52730feacb3f9f,1089,1482,106,3529,8875,2162,b8670fb7c94b4773eac2b790c903328d2e56fa33b02a20370749aa225f3183cd,4.703257778659463
fresh4_dense_grid_lshape_904504,dense_grid_lshape,token_l1,line,empty_prioritized,l1,5,19,True,False,False,False,c5f0fcd8ecc48e779a6ad9f86b980154169efce8fd5b3e0e9b9ea4a9b3b75c67,1da17674f29a497e42d80fc85eb6c93392b8831be5dea1296d52730feacb3f9f,1089,1482,107,3474,8746,2065,3af43b74722cfbb6b914259f28dee3f9a02dee40c07926004b5c29f5a36b409c,4.582454857882112
fresh4_dense_grid_lshape_904504,dense_grid_lshape,token_l1,line,empty_prioritized,l1,5,19,True,False,False,False,c5f0fcd8ecc48e779a6ad9f86b980154169efce8fd5b3e0e9b9ea4a9b3b75c67,1da17674f29a497e42d80fc85eb6c93392b8831be5dea1296d52730feacb3f9f,1089,1482,108,3551,8895,2113,647e17c885929c87fae0df8c55549875b5d910c3ea6a3e84b4685d0c57cde077,5.095132316928357
fresh4_dense_grid_lshape_904504,dense_grid_lshape,token_l1,line,empty_prioritized,l1,5,19,True,False,False,False,c5f0fcd8ecc48e779a6ad9f86b980154169efce8fd5b3e0e9b9ea4a9b3b75c67,1da17674f29a497e42d80fc85eb6c93392b8831be5dea1296d52730feacb3f9f,1089,1482,109,3432,8901,2095,b0a46b4d63e42a8c8a38d25e218dfdd77502bfa58f736d2d5a3e423de30b5b86,4.181882658973336
fresh4_dense_grid_lshape_904504,dense_grid_lshape,token_l1,line,empty_prioritized,l1,5,19,True,False,False,False,c5f0fcd8ecc48e779a6ad9f86b980154169efce8fd5b3e0e9b9ea4a9b3b75c67,1da17674f29a497e42d80fc85eb6c93392b8831be5dea1296d52730feacb3f9f,1089,1482,110,3626,9866,2342,c56e15b900113ebc603169622b0bdc5da626bd9c67b6b88f6d3c08a8e6b44d96,5.139877100009471
fresh4_dense_grid_lshape_904504,dense_grid_lshape,token_l1,line,empty_prioritized,l1,5,19,True,False,False,False,c5f0fcd8ecc48e779a6ad9f86b980154169efce8fd5b3e0e9b9ea4a9b3b75c67,1da17674f29a497e42d80fc85eb6c93392b8831be5dea1296d52730feacb3f9f,1089,1482,111,3550,9672,2204,6bdc39a45313ba444e1408e898920b5a797abe9ad26c4fa937f77fb81d9abe02,4.690211032051593
fresh4_dense_grid_lshape_904504,dense_grid_lshape,token_l1,line,empty_prioritized,l1,5,19,True,False,False,False,c5f0fcd8ecc48e779a6ad9f86b980154169efce8fd5b3e0e9b9ea4a9b3b75c67,1da17674f29a497e42d80fc85eb6c93392b8831be5dea1296d52730feacb3f9f,1089,1482,112,3422,8733,2132,f0c92fef550e547049b7c8a54c08fd7be93f72e52ceac109a5cdbf44d5ded112,4.26660796161741
fresh4_dense_grid_lshape_904504,dense_grid_lshape,token_l1,line,empty_prioritized,l1,5,19,True,False,False,False,c5f0fcd8ecc48e779a6ad9f86b980154169efce8fd5b3e0e9b9ea4a9b3b75c67,1da17674f29a497e42d80fc85eb6c93392b8831be5dea1296d52730feacb3f9f,1089,1482,113,3545,9219,2145,4c6d1ff109bb38e3f620b724a81c0106db691ae05aff3cc1debfb84d2ccd049d,4.988270539324731
fresh4_dense_grid_lshape_904504,dense_grid_lshape,token_l1,line,empty_prioritized,l1,5,19,True,False,False,False,c5f0fcd8ecc48e779a6ad9f86b980154169efce8fd5b3e0e9b9ea4a9b3b75c67,1da17674f29a497e42d80fc85eb6c93392b8831be5dea1296d52730feacb3f9f,1089,1482,114,3501,8871,2155,b8a5a94ad44fd30568d59773843e75419864807bed00898f692a345546238d39,4.583406442310661
fresh4_dense_grid_lshape_904504,dense_grid_lshape,token_l1,line,empty_prioritized,l1,5,19,True,False,False,False,c5f0fcd8ecc48e779a6ad9f86b980154169efce8fd5b3e0e9b9ea4a9b3b75c67,1da17674f29a497e42d80fc85eb6c93392b8831be5dea1296d52730feacb3f9f,1089,1482,115,3559,10053,2237,a1fe9235b9d43d25be628661a0237380219a638b92c67f162dab8219625ad064,4.811151502188295
fresh4_dense_grid_lshape_904504,dense_grid_lshape,token_l1,line,empty_prioritized,l1,5,19,True,False,False,False,c5f0fcd8ecc48e779a6ad9f86b980154169efce8fd5b3e0e9b9ea4a9b3b75c67,1da17674f29a497e42d80fc85eb6c93392b8831be5dea1296d52730feacb3f9f,1089,1482,116,3577,9734,2182,7a7613fae5d67e64c1295c8e4257c26284455cc240433a3ddf0b5197beb07fca,4.961529239080846
fresh4_dense_grid_lshape_904504,dense_grid_lshape,token_l1,line,empty_prioritized,l1,5,19,True,False,False,False,c5f0fcd8ecc48e779a6ad9f86b980154169efce8fd5b3e0e9b9ea4a9b3b75c67,1da17674f29a497e42d80fc85eb6c93392b8831be5dea1296d52730feacb3f9f,1089,1482,117,3495,9280,2194,42edcb43656224c72fdb5454c516348f7206540b0df2f50370aefbcb6168fd2d,4.79485884681344
fresh4_dense_grid_lshape_904504,dense_grid_lshape,token_l1,line,empty_prioritized,l1,5,19,True,False,False,False,c5f0fcd8ecc48e779a6ad9f86b980154169efce8fd5b3e0e9b9ea4a9b3b75c67,1da17674f29a497e42d80fc85eb6c93392b8831be5dea1296d52730feacb3f9f,1089,1482,118,3521,9028,2125,8aaca077872122c0e38f87c55aaaa2e7c0709d833c351328523fe2ea5089dea8,5.056560670025647
fresh4_dense_grid_lshape_904504,dense_grid_lshape,token_l1,line,empty_prioritized,l1,5,19,True,False,False,False,c5f0fcd8ecc48e779a6ad9f86b980154169efce8fd5b3e0e9b9ea4a9b3b75c67,1da17674f29a497e42d80fc85eb6c93392b8831be5dea1296d52730feacb3f9f,1089,1482,119,3454,9276,2151,2cccce07d5f85b126cf690f00beae26a685d189060b2c0359484f4e3a8fb7fba,4.529195073992014
fresh4_dense_grid_lshape_904504,dense_grid_lshape,token_l1,line,empty_prioritized,l1,5,19,True,False,False,False,c5f0fcd8ecc48e779a6ad9f86b980154169efce8fd5b3e0e9b9ea4a9b3b75c67,1da17674f29a497e42d80fc85eb6c93392b8831be5dea1296d52730feacb3f9f,1089,1482,120,3603,9784,2289,2eb2cb6f4b691554dfb4cc136a77ed97e732bb2db4b2fe82db142d692a5b1db9,5.062245761975646
fresh4_dense_grid_lshape_904505,dense_grid_lshape,token_l1,line,empty_prioritized,l1,5,19,True,False,False,False,68bc8f40b502daef5c7f455a33446351fe853a912e9075222c314254afd80d0c,351f2a80de27ac74c935cadaa81abfa362d68a03be0db61007a99bc14dc334dc,1001,1360,101,3239,9061,2081,9d48f1e9a9f26a2d84aa7fee6da14a7651003ea95e6783d0e05ecfd97c34fa90,4.067253035027534
fresh4_dense_grid_lshape_904505,dense_grid_lshape,token_l1,line,empty_prioritized,l1,5,19,True,False,False,False,68bc8f40b502daef5c7f455a33446351fe853a912e9075222c314254afd80d0c,351f2a80de27ac74c935cadaa81abfa362d68a03be0db61007a99bc14dc334dc,1001,1360,102,3172,8542,2002,c1148bbee4257696cf550d5773eb607a67f6c53e41478f6f42217e2b3ee6d1ec,3.854362251702696
fresh4_dense_grid_lshape_904505,dense_grid_lshape,token_l1,line,empty_prioritized,l1,5,19,True,False,False,False,68bc8f40b502daef5c7f455a33446351fe853a912e9075222c314254afd80d0c,351f2a80de27ac74c935cadaa81abfa362d68a03be0db61007a99bc14dc334dc,1001,1360,103,3169,7932,1935,4207ec198ccab12f4e66736bec228e11d02b757300d32fddf9b6dc15bb61f142,4.194220989011228
fresh4_dense_grid_lshape_904505,dense_grid_lshape,token_l1,line,empty_prioritized,l1,5,19,True,False,False,False,68bc8f40b502daef5c7f455a33446351fe853a912e9075222c314254afd80d0c,351f2a80de27ac74c935cadaa81abfa362d68a03be0db61007a99bc14dc334dc,1001,1360,104,3171,8696,2024,e679bc3595051ccf4cdbbf12dc4e55bc2bb6d88c48cac83e9c1ebdb46645904a,3.872314488980919
fresh4_dense_grid_lshape_904505,dense_grid_lshape,token_l1,line,empty_prioritized,l1,5,19,True,False,False,False,68bc8f40b502daef5c7f455a33446351fe853a912e9075222c314254afd80d0c,351f2a80de27ac74c935cadaa81abfa362d68a03be0db61007a99bc14dc334dc,1001,1360,105,3230,8650,2092,adf4193d0d73712add2b20ba4dc22cbf1413b39137b154e4627f13cb6e54304a,4.16349724913016
fresh4_dense_grid_lshape_904505,dense_grid_lshape,token_l1,line,empty_prioritized,l1,5,19,True,False,False,False,68bc8f40b502daef5c7f455a33446351fe853a912e9075222c314254afd80d0c,351f2a80de27ac74c935cadaa81abfa362d68a03be0db61007a99bc14dc334dc,1001,1360,106,3228,8728,2025,52329cb1d74363ec566c599cf4afae4ff7e9d95b9c1a8fcf0912f474538156ec,4.1962616648525
fresh4_dense_grid_lshape_904505,dense_grid_lshape,token_l1,line,empty_prioritized,l1,5,19,True,False,False,False,68bc8f40b502daef5c7f455a33446351fe853a912e9075222c314254afd80d0c,351f2a80de27ac74c935cadaa81abfa362d68a03be0db61007a99bc14dc334dc,1001,1360,107,3247,8426,2039,20fcccfad28bd0357db2111637bd471635729cbc4023ce5169f99b9452e8e2bc,4.125840828754008
fresh4_dense_grid_lshape_904505,dense_grid_lshape,token_l1,line,empty_prioritized,l1,5,19,True,False,False,False,68bc8f40b502daef5c7f455a33446351fe853a912e9075222c314254afd80d0c,351f2a80de27ac74c935cadaa81abfa362d68a03be0db61007a99bc14dc334dc,1001,1360,108,3287,9423,2148,c0d795fd6847a0eac8107e712715c01fa3579570ead6cfce80deb8036ba3025b,3.861699862871319
fresh4_dense_grid_lshape_904505,dense_grid_lshape,token_l1,line,empty_prioritized,l1,5,19,True,False,False,False,68bc8f40b502daef5c7f455a33446351fe853a912e9075222c314254afd80d0c,351f2a80de27ac74c935cadaa81abfa362d68a03be0db61007a99bc14dc334dc,1001,1360,109,3174,8451,2017,ce70c97b27ea2a5393478ea0ed8fca10808cc7566dd3340c5fce46127787cbc4,4.012922252994031
fresh4_dense_grid_lshape_904505,dense_grid_lshape,token_l1,line,empty_prioritized,l1,5,19,True,False,False,False,68bc8f40b502daef5c7f455a33446351fe853a912e9075222c314254afd80d0c,351f2a80de27ac74c935cadaa81abfa362d68a03be0db61007a99bc14dc334dc,1001,1360,110,3264,8373,2063,6d88ab9c5104a6c937f066e69059d1f490806abe728ed832ac7f410d0332c65b,4.00770697183907
fresh4_dense_grid_lshape_904505,dense_grid_lshape,token_l1,line,empty_prioritized,l1,5,19,True,False,False,False,68bc8f40b502daef5c7f455a33446351fe853a912e9075222c314254afd80d0c,351f2a80de27ac74c935cadaa81abfa362d68a03be0db61007a99bc14dc334dc,1001,1360,111,3198,8552,1975,320ca9d90fa798f1715ae192c99103360f342e4126f24098f72142eb734c4e81,3.8363381400704384
fresh4_dense_grid_lshape_904505,dense_grid_lshape,token_l1,line,empty_prioritized,l1,5,19,True,False,False,False,68bc8f40b502daef5c7f455a33446351fe853a912e9075222c314254afd80d0c,351f2a80de27ac74c935cadaa81abfa362d68a03be0db61007a99bc14dc334dc,1001,1360,112,3207,8414,2015,a69eb612fc6bb35d9c2f1f5ae0be99b8a15f50ac883cd65f825d218b3dea28d7,4.059055199846625
fresh4_dense_grid_lshape_904505,dense_grid_lshape,token_l1,line,empty_prioritized,l1,5,19,True,False,False,False,68bc8f40b502daef5c7f455a33446351fe853a912e9075222c314254afd80d0c,351f2a80de27ac74c935cadaa81abfa362d68a03be0db61007a99bc14dc334dc,1001,1360,113,3166,8714,2093,42f8d6c962f1e56c78b7281f89abc374b104541fa6d1e5444374f8b28602420f,4.0049988040700555
fresh4_dense_grid_lshape_904505,dense_grid_lshape,token_l1,line,empty_prioritized,l1,5,19,True,False,False,False,68bc8f40b502daef5c7f455a33446351fe853a912e9075222c314254afd80d0c,351f2a80de27ac74c935cadaa81abfa362d68a03be0db61007a99bc14dc334dc,1001,1360,114,3304,9014,2157,02575a3979a0e46c9c1949b166bf6004a86be6d8e5208430751254eab93bb5c1,4.443268769886345
fresh4_dense_grid_lshape_904505,dense_grid_lshape,token_l1,line,empty_prioritized,l1,5,19,True,False,False,False,68bc8f40b502daef5c7f455a33446351fe853a912e9075222c314254afd80d0c,351f2a80de27ac74c935cadaa81abfa362d68a03be0db61007a99bc14dc334dc,1001,1360,115,3332,8678,2149,842fba0f25a0c18953525aeb5cabea710aedd9334078bbb2b2a248e3c81e7d7a,4.11896458407864
fresh4_dense_grid_lshape_904505,dense_grid_lshape,token_l1,line,empty_prioritized,l1,5,19,True,False,False,False,68bc8f40b502daef5c7f455a33446351fe853a912e9075222c314254afd80d0c,351f2a80de27ac74c935cadaa81abfa362d68a03be0db61007a99bc14dc334dc,1001,1360,116,3157,8966,2022,71bff18514234976e69b5ed13b1bf4a1c7bcc5847968f6fa396326f10eb5a076,4.037689431104809
fresh4_dense_grid_lshape_904505,dense_grid_lshape,token_l1,line,empty_prioritized,l1,5,19,True,False,False,False,68bc8f40b502daef5c7f455a33446351fe853a912e9075222c314254afd80d0c,351f2a80de27ac74c935cadaa81abfa362d68a03be0db61007a99bc14dc334dc,1001,1360,117,3211,8192,1980,cfb914e9fe2ebad81eef2c99bbee974b6e9b07bb45eed8360e2325016253c8b3,4.215200935024768
fresh4_dense_grid_lshape_904505,dense_grid_lshape,token_l1,line,empty_prioritized,l1,5,19,True,False,False,False,68bc8f40b502daef5c7f455a33446351fe853a912e9075222c314254afd80d0c,351f2a80de27ac74c935cadaa81abfa362d68a03be0db61007a99bc14dc334dc,1001,1360,118,3258,8331,2018,13a8f463fb3af168f061c4ce1e8665a9389f2129d59e9f13cf82ceb83fe54fac,3.7999633429571986
fresh4_dense_grid_lshape_904505,dense_grid_lshape,token_l1,line,empty_prioritized,l1,5,19,True,False,False,False,68bc8f40b502daef5c7f455a33446351fe853a912e9075222c314254afd80d0c,351f2a80de27ac74c935cadaa81abfa362d68a03be0db61007a99bc14dc334dc,1001,1360,119,3338,8539,2118,c9e0fe8fe12adf9d3fbbb7a1492461206fafc836782c8e36ada2eb9b961ae25d,4.135954385623336
fresh4_dense_grid_lshape_904505,dense_grid_lshape,token_l1,line,empty_prioritized,l1,5,19,True,False,False,False,68bc8f40b502daef5c7f455a33446351fe853a912e9075222c314254afd80d0c,351f2a80de27ac74c935cadaa81abfa362d68a03be0db61007a99bc14dc334dc,1001,1360,120,3211,8563,2004,bf531153fff7cd3f0fc92e79cbf839ef68ea11094acf19c980de59f874f22588,4.113418051972985
fresh4_sparse_grid_904000,sparse_grid,token_l1,line,empty_prioritized,l1,5,19,True,False,False,False,9e14319e1b43638bc693c9ecb88755ff8a9507632f5784bef78dc18b2ab3bbec,2a999100ca276e405f2a0df74253dd5a8e28c3f3caa7205fc5f0b569964cfae0,905,1160,101,2816,7337,1782,6e2499f14fc15515f390188b4fb208fc7667385c9e9a5b5960a7942afa0393d1,3.2698191553354263
fresh4_sparse_grid_904000,sparse_grid,token_l1,line,empty_prioritized,l1,5,19,True,False,False,False,9e14319e1b43638bc693c9ecb88755ff8a9507632f5784bef78dc18b2ab3bbec,2a999100ca276e405f2a0df74253dd5a8e28c3f3caa7205fc5f0b569964cfae0,905,1160,102,2937,7765,1902,5af8c299beb702e17bbf24dbfc96e7e07ac060d6f8f2d6ef60c8d24b1d95ee4e,3.2676421720534563
fresh4_sparse_grid_904000,sparse_grid,token_l1,line,empty_prioritized,l1,5,19,True,False,False,False,9e14319e1b43638bc693c9ecb88755ff8a9507632f5784bef78dc18b2ab3bbec,2a999100ca276e405f2a0df74253dd5a8e28c3f3caa7205fc5f0b569964cfae0,905,1160,103,2792,7499,1801,296809bdcfa0a1fc28c8101ad98c588b2e07a26046efaee129ac46ab4b426f6d,3.2195925838313997
fresh4_sparse_grid_904000,sparse_grid,token_l1,line,empty_prioritized,l1,5,19,True,False,False,False,9e14319e1b43638bc693c9ecb88755ff8a9507632f5784bef78dc18b2ab3bbec,2a999100ca276e405f2a0df74253dd5a8e28c3f3caa7205fc5f0b569964cfae0,905,1160,104,2905,7706,1806,8b8417758f74e12e3b5035c43e14cbc90071399b9d6ae083d3b52cb1d2ad81e8,3.2328530391678214
fresh4_sparse_grid_904000,sparse_grid,token_l1,line,empty_prioritized,l1,5,19,True,False,False,False,9e14319e1b43638bc693c9ecb88755ff8a9507632f5784bef78dc18b2ab3bbec,2a999100ca276e405f2a0df74253dd5a8e28c3f3caa7205fc5f0b569964cfae0,905,1160,105,2764,7871,1825,94d5ffbb9a3d62fddcd856310415dc15189238bb6062c362912826f45a08fd2a,3.0857489379122853
fresh4_sparse_grid_904000,sparse_grid,token_l1,line,empty_prioritized,l1,5,19,True,False,False,False,9e14319e1b43638bc693c9ecb88755ff8a9507632f5784bef78dc18b2ab3bbec,2a999100ca276e405f2a0df74253dd5a8e28c3f3caa7205fc5f0b569964cfae0,905,1160,106,2833,7348,1734,ce2a197b4679221ec2b4d4ac8ae45b3c5ef11fd62f640e2729517fa5b41ff229,3.123608056921512
fresh4_sparse_grid_904000,sparse_grid,token_l1,line,empty_prioritized,l1,5,19,True,False,False,False,9e14319e1b43638bc693c9ecb88755ff8a9507632f5784bef78dc18b2ab3bbec,2a999100ca276e405f2a0df74253dd5a8e28c3f3caa7205fc5f0b569964cfae0,905,1160,107,2753,7240,1688,66e6364a43a2ed81ea3d45c2359f6788185fc08e0ef8b1f8e7efd15d46233c2a,2.990644028875977
fresh4_sparse_grid_904000,sparse_grid,token_l1,line,empty_prioritized,l1,5,19,True,False,False,False,9e14319e1b43638bc693c9ecb88755ff8a9507632f5784bef78dc18b2ab3bbec,2a999100ca276e405f2a0df74253dd5a8e28c3f3caa7205fc5f0b569964cfae0,905,1160,108,2844,7885,1870,bc5973beb46db586d4fbeb8b0f70b64968039a1182d97697968e4a3298ecd78e,3.3409735527820885
fresh4_sparse_grid_904000,sparse_grid,token_l1,line,empty_prioritized,l1,5,19,True,False,False,False,9e14319e1b43638bc693c9ecb88755ff8a9507632f5784bef78dc18b2ab3bbec,2a999100ca276e405f2a0df74253dd5a8e28c3f3caa7205fc5f0b569964cfae0,905,1160,109,2818,7896,1845,4daccc0846bd590ea7c7d2788c60b3e097fbac8d6886f60010f56dd2c8ebd872,3.2704827077686787
fresh4_sparse_grid_904000,sparse_grid,token_l1,line,empty_prioritized,l1,5,19,True,False,False,False,9e14319e1b43638bc693c9ecb88755ff8a9507632f5784bef78dc18b2ab3bbec,2a999100ca276e405f2a0df74253dd5a8e28c3f3caa7205fc5f0b569964cfae0,905,1160,110,2848,7530,1862,2a2178fb1d7d6b734936554c85da736c166683c591029af37b293fa56d890fce,3.3359991959296167
fresh4_sparse_grid_904000,sparse_grid,token_l1,line,empty_prioritized,l1,5,19,True,False,False,False,9e14319e1b43638bc693c9ecb88755ff8a9507632f5784bef78dc18b2ab3bbec,2a999100ca276e405f2a0df74253dd5a8e28c3f3caa7205fc5f0b569964cfae0,905,1160,111,2816,7890,1857,8b999e6c6612defef1efaa8d400e885b460eaa169a0d4024ade27c66e6afe4b6,3.412670028861612
fresh4_sparse_grid_904000,sparse_grid,token_l1,line,empty_prioritized,l1,5,19,True,False,False,False,9e14319e1b43638bc693c9ecb88755ff8a9507632f5784bef78dc18b2ab3bbec,2a999100ca276e405f2a0df74253dd5a8e28c3f3caa7205fc5f0b569964cfae0,905,1160,112,2801,7442,1783,dbb8e5009483eff62126e2a8510b36bc4d5694598bc09dcd633d4e7dcec16fb7,2.9042318700812757
fresh4_sparse_grid_904000,sparse_grid,token_l1,line,empty_prioritized,l1,5,19,True,False,False,False,9e14319e1b43638bc693c9ecb88755ff8a9507632f5784bef78dc18b2ab3bbec,2a999100ca276e405f2a0df74253dd5a8e28c3f3caa7205fc5f0b569964cfae0,905,1160,113,2909,7521,1847,9e9654d21ce59d0e1ea6a92c7bfc9bbaec9e5cd5323b7f7464699c1c3d0a26f8,3.3326321421191096
fresh4_sparse_grid_904000,sparse_grid,token_l1,line,empty_prioritized,l1,5,19,True,False,False,False,9e14319e1b43638bc693c9ecb88755ff8a9507632f5784bef78dc18b2ab3bbec,2a999100ca276e405f2a0df74253dd5a8e28c3f3caa7205fc5f0b569964cfae0,905,1160,114,2882,7993,1870,1313e2e837d5216044bdbee1119844cea8d61cfaba17fd4504305184765f3b02,3.222411401104182
fresh4_sparse_grid_904000,sparse_grid,token_l1,line,empty_prioritized,l1,5,19,True,False,False,False,9e14319e1b43638bc693c9ecb88755ff8a9507632f5784bef78dc18b2ab3bbec,2a999100ca276e405f2a0df74253dd5a8e28c3f3caa7205fc5f0b569964cfae0,905,1160,115,2859,7495,1835,869f2285fe5c77d69c0fe79515d73256cd8c8646f4c9866945caccc39d1c621f,3.243419302161783
fresh4_sparse_grid_904000,sparse_grid,token_l1,line,empty_prioritized,l1,5,19,True,False,False,False,9e14319e1b43638bc693c9ecb88755ff8a9507632f5784bef78dc18b2ab3bbec,2a999100ca276e405f2a0df74253dd5a8e28c3f3caa7205fc5f0b569964cfae0,905,1160,116,2754,7452,1818,4699a654e2c6f979f2f56084ebe702a1c14de477cf5b2fb8f854b9c76cb79760,3.1307193213142455
fresh4_sparse_grid_904000,sparse_grid,token_l1,line,empty_prioritized,l1,5,19,True,False,False,False,9e14319e1b43638bc693c9ecb88755ff8a9507632f5784bef78dc18b2ab3bbec,2a999100ca276e405f2a0df74253dd5a8e28c3f3caa7205fc5f0b569964cfae0,905,1160,117,2814,8065,1850,79a26fc32aab27f078b9ecc19485a304b6a22472bee184f104b626ebdd95936d,3.1333700409159064
fresh4_sparse_grid_904000,sparse_grid,token_l1,line,empty_prioritized,l1,5,19,True,False,False,False,9e14319e1b43638bc693c9ecb88755ff8a9507632f5784bef78dc18b2ab3bbec,2a999100ca276e405f2a0df74253dd5a8e28c3f3caa7205fc5f0b569964cfae0,905,1160,118,2810,7953,1796,867a07efec56f14783f192a0e5aeb4f26198bc71b3fd270c2d1fe269a7dc92fb,3.3037664983421564
fresh4_sparse_grid_904000,sparse_grid,token_l1,line,empty_prioritized,l1,5,19,True,False,False,False,9e14319e1b43638bc693c9ecb88755ff8a9507632f5784bef78dc18b2ab3bbec,2a999100ca276e405f2a0df74253dd5a8e28c3f3caa7205fc5f0b569964cfae0,905,1160,119,2748,7532,1724,c6c4623ee128dce0e4121095828db3cdaf441df2a463b161e3edc75ce5b2e29b,3.156302411109209
fresh4_sparse_grid_904000,sparse_grid,token_l1,line,empty_prioritized,l1,5,19,True,False,False,False,9e14319e1b43638bc693c9ecb88755ff8a9507632f5784bef78dc18b2ab3bbec,2a999100ca276e405f2a0df74253dd5a8e28c3f3caa7205fc5f0b569964cfae0,905,1160,120,2731,7526,1811,1eb6916b1b8b5d69186a961485c75b8946bd59248b00d1a9214e29732cc87d88,2.8980358922854066
fresh4_sparse_grid_904001,sparse_grid,token_l1,line,empty_prioritized,l1,5,19,True,False,False,False,479c6f3c9bf10401ed79b0bce8717ceb7ede6b9c35bf19a1926fe910d74a0d62,e1185b242bb89c69fb137d8d89c8be26647e844ad7c74bd7b5584cde061cfd7c,1017,1314,101,3089,8801,2004,bba3525ba2f76f79fe922e041912b1edb64e8264d501b8df12247fee622563d9,4.061524287797511
fresh4_sparse_grid_904001,sparse_grid,token_l1,line,empty_prioritized,l1,5,19,True,False,False,False,479c6f3c9bf10401ed79b0bce8717ceb7ede6b9c35bf19a1926fe910d74a0d62,e1185b242bb89c69fb137d8d89c8be26647e844ad7c74bd7b5584cde061cfd7c,1017,1314,102,3089,8084,2009,4e1a36dfd25880fc2524b6f660b32352643fc72b6cb30b9f58caacb5b71ce994,3.5392704838886857
fresh4_sparse_grid_904001,sparse_grid,token_l1,line,empty_prioritized,l1,5,19,True,False,False,False,479c6f3c9bf10401ed79b0bce8717ceb7ede6b9c35bf19a1926fe910d74a0d62,e1185b242bb89c69fb137d8d89c8be26647e844ad7c74bd7b5584cde061cfd7c,1017,1314,103,3123,8326,2044,623bef57016ed2768ffa60c68a583489c2a778da25e092458098cff7879a2d39,3.588609999977052
fresh4_sparse_grid_904001,sparse_grid,token_l1,line,empty_prioritized,l1,5,19,True,False,False,False,479c6f3c9bf10401ed79b0bce8717ceb7ede6b9c35bf19a1926fe910d74a0d62,e1185b242bb89c69fb137d8d89c8be26647e844ad7c74bd7b5584cde061cfd7c,1017,1314,104,3275,8876,2151,fe6ddb371a6d0098312d85936471817ca1a0e05f4f1cfada1c98dbad40561168,4.211733933072537
fresh4_sparse_grid_904001,sparse_grid,token_l1,line,empty_prioritized,l1,5,19,True,False,False,False,479c6f3c9bf10401ed79b0bce8717ceb7ede6b9c35bf19a1926fe910d74a0d62,e1185b242bb89c69fb137d8d89c8be26647e844ad7c74bd7b5584cde061cfd7c,1017,1314,105,3196,9169,2116,1866ff13af0b8fc8156959d420fd3c683e6589c4eac9eff83ca7c1146f498ca7,3.6822400731034577
fresh4_sparse_grid_904001,sparse_grid,token_l1,line,empty_prioritized,l1,5,19,True,False,False,False,479c6f3c9bf10401ed79b0bce8717ceb7ede6b9c35bf19a1926fe910d74a0d62,e1185b242bb89c69fb137d8d89c8be26647e844ad7c74bd7b5584cde061cfd7c,1017,1314,106,3027,8557,2012,40fc44df7faeace2c8b0732ab0237f1ea9f378d5b8e80d8c467c0ad95259a52d,3.769814201630652
fresh4_sparse_grid_904001,sparse_grid,token_l1,line,empty_prioritized,l1,5,19,True,False,False,False,479c6f3c9bf10401ed79b0bce8717ceb7ede6b9c35bf19a1926fe910d74a0d62,e1185b242bb89c69fb137d8d89c8be26647e844ad7c74bd7b5584cde061cfd7c,1017,1314,107,3161,7932,1976,d28b17b5242178bffef906178e39b0c9574283b70d32e0a36c4598c811005317,3.894298829138279
fresh4_sparse_grid_904001,sparse_grid,token_l1,line,empty_prioritized,l1,5,19,True,False,False,False,479c6f3c9bf10401ed79b0bce8717ceb7ede6b9c35bf19a1926fe910d74a0d62,e1185b242bb89c69fb137d8d89c8be26647e844ad7c74bd7b5584cde061cfd7c,1017,1314,108,3140,8958,2022,c22f4b1bf3d3709eb6b69ce29240cf3913c0cf0f1e25ffe659337dabb2e934a1,3.8610608661547303
fresh4_sparse_grid_904001,sparse_grid,token_l1,line,empty_prioritized,l1,5,19,True,False,False,False,479c6f3c9bf10401ed79b0bce8717ceb7ede6b9c35bf19a1926fe910d74a0d62,e1185b242bb89c69fb137d8d89c8be26647e844ad7c74bd7b5584cde061cfd7c,1017,1314,109,3075,8396,2010,724ca7199257b04d3c3be4b1ee0665fbcffc7d88c388019c190a7c1dc2fd85b5,3.7805194947868586
fresh4_sparse_grid_904001,sparse_grid,token_l1,line,empty_prioritized,l1,5,19,True,False,False,False,479c6f3c9bf10401ed79b0bce8717ceb7ede6b9c35bf19a1926fe910d74a0d62,e1185b242bb89c69fb137d8d89c8be26647e844ad7c74bd7b5584cde061cfd7c,1017,1314,110,3135,8488,2108,06b5170f71afa7e93c5e3fb952fb605250fbda27ccb3343c3e0fe4f5dfd84682,3.7926382180303335
fresh4_sparse_grid_904001,sparse_grid,token_l1,line,empty_prioritized,l1,5,19,True,False,False,False,479c6f3c9bf10401ed79b0bce8717ceb7ede6b9c35bf19a1926fe910d74a0d62,e1185b242bb89c69fb137d8d89c8be26647e844ad7c74bd7b5584cde061cfd7c,1017,1314,111,3140,8212,2038,2e9ec90636b75ea8c925674f6bf8f0720819a49fbbc05de34fb444cbddcc1648,3.6310875993222
fresh4_sparse_grid_904001,sparse_grid,token_l1,line,empty_prioritized,l1,5,19,True,False,False,False,479c6f3c9bf10401ed79b0bce8717ceb7ede6b9c35bf19a1926fe910d74a0d62,e1185b242bb89c69fb137d8d89c8be26647e844ad7c74bd7b5584cde061cfd7c,1017,1314,112,3225,8552,2067,137e680862436c4eca4d049ac9b33175dbc77846d67721e2d28e0198797d1c1a,3.8576552299782634
fresh4_sparse_grid_904001,sparse_grid,token_l1,line,empty_prioritized,l1,5,19,True,False,False,False,479c6f3c9bf10401ed79b0bce8717ceb7ede6b9c35bf19a1926fe910d74a0d62,e1185b242bb89c69fb137d8d89c8be26647e844ad7c74bd7b5584cde061cfd7c,1017,1314,113,3211,8606,2118,f8ab219e83355e500871f3a5b1ea1458df91f840a59e08ac34f0e0eb9ec4d442,4.229394067078829
fresh4_sparse_grid_904001,sparse_grid,token_l1,line,empty_prioritized,l1,5,19,True,False,False,False,479c6f3c9bf10401ed79b0bce8717ceb7ede6b9c35bf19a1926fe910d74a0d62,e1185b242bb89c69fb137d8d89c8be26647e844ad7c74bd7b5584cde061cfd7c,1017,1314,114,3257,8948,2078,0de8046677e9ef4932ba65b78e0580e40af8b10f214db8fb995f868303182b6e,4.185741054825485
fresh4_sparse_grid_904001,sparse_grid,token_l1,line,empty_prioritized,l1,5,19,True,False,False,False,479c6f3c9bf10401ed79b0bce8717ceb7ede6b9c35bf19a1926fe910d74a0d62,e1185b242bb89c69fb137d8d89c8be26647e844ad7c74bd7b5584cde061cfd7c,1017,1314,115,3198,8572,2053,8662f2e2872734e52e91fa9639778e9569a8b11fdf345a17677586bbedabce21,3.938712107948959
fresh4_sparse_grid_904001,sparse_grid,token_l1,line,empty_prioritized,l1,5,19,True,False,False,False,479c6f3c9bf10401ed79b0bce8717ceb7ede6b9c35bf19a1926fe910d74a0d62,e1185b242bb89c69fb137d8d89c8be26647e844ad7c74bd7b5584cde061cfd7c,1017,1314,116,3070,8267,1998,032578f90b0fa58f7ea828921cde9a47b8ef3474ddc84af285a84f088c714ac4,3.753724141046405
fresh4_sparse_grid_904001,sparse_grid,token_l1,line,empty_prioritized,l1,5,19,True,False,False,False,479c6f3c9bf10401ed79b0bce8717ceb7ede6b9c35bf19a1926fe910d74a0d62,e1185b242bb89c69fb137d8d89c8be26647e844ad7c74bd7b5584cde061cfd7c,1017,1314,117,3152,8359,2010,8fd6e1a922d67134f75a313f92b4823819a161ce3f2491d8d16b6bb2dccd1e2c,4.0101421140134335
fresh4_sparse_grid_904001,sparse_grid,token_l1,line,empty_prioritized,l1,5,19,True,False,False,False,479c6f3c9bf10401ed79b0bce8717ceb7ede6b9c35bf19a1926fe910d74a0d62,e1185b242bb89c69fb137d8d89c8be26647e844ad7c74bd7b5584cde061cfd7c,1017,1314,118,3196,8517,2071,724023959cf74271348ed8a6f08294b6b90b793e568f6f9cd220d5cddda0d24e,3.7968762540258467
fresh4_sparse_grid_904001,sparse_grid,token_l1,line,empty_prioritized,l1,5,19,True,False,False,False,479c6f3c9bf10401ed79b0bce8717ceb7ede6b9c35bf19a1926fe910d74a0d62,e1185b242bb89c69fb137d8d89c8be26647e844ad7c74bd7b5584cde061cfd7c,1017,1314,119,3063,8713,2087,d1200ac814c63f99d5e548b0ef7a0ee0e54cc63ef2d3ce04ecf55a3fd5db0d76,3.7481832718476653
fresh4_sparse_grid_904001,sparse_grid,token_l1,line,empty_prioritized,l1,5,19,True,False,False,False,479c6f3c9bf10401ed79b0bce8717ceb7ede6b9c35bf19a1926fe910d74a0d62,e1185b242bb89c69fb137d8d89c8be26647e844ad7c74bd7b5584cde061cfd7c,1017,1314,120,3231,8564,2039,a13703103c73f490ad360ebb9141f6b55433426073b46c410ff844ed418661c5,4.020479436963797
fresh4_sparse_grid_904002,sparse_grid,token_l1,line,empty_prioritized,l1,5,19,True,False,False,False,c79068df16f73793adbd8cd1643e75e7c3da7ce779f3de56bc6e8e7f4371ba04,1500135331ae66be6dd1b24f80aa253c247266f73812eb93e0fb06ba8850b3c3,1205,1564,101,4027,10160,2512,9ec50059ac7da7c967402dba7a46801e040d89cec2384461ae0b166f5d60fa8b,5.993300141766667
fresh4_sparse_grid_904002,sparse_grid,token_l1,line,empty_prioritized,l1,5,19,True,False,False,False,c79068df16f73793adbd8cd1643e75e7c3da7ce779f3de56bc6e8e7f4371ba04,1500135331ae66be6dd1b24f80aa253c247266f73812eb93e0fb06ba8850b3c3,1205,1564,102,3835,9924,2367,65977c0f09dc85eb7f35b5f8cfc63e392a477a4d44119426f86a0544e832f8f0,5.573450943920761
fresh4_sparse_grid_904002,sparse_grid,token_l1,line,empty_prioritized,l1,5,19,True,False,False,False,c79068df16f73793adbd8cd1643e75e7c3da7ce779f3de56bc6e8e7f4371ba04,1500135331ae66be6dd1b24f80aa253c247266f73812eb93e0fb06ba8850b3c3,1205,1564,103,3898,10126,2518,61609e65ad29895a5827f5f6a1e80bd7be448e8dec1a39bc5ec400fa82925c99,5.705405317712575
fresh4_sparse_grid_904002,sparse_grid,token_l1,line,empty_prioritized,l1,5,19,True,False,False,False,c79068df16f73793adbd8cd1643e75e7c3da7ce779f3de56bc6e8e7f4371ba04,1500135331ae66be6dd1b24f80aa253c247266f73812eb93e0fb06ba8850b3c3,1205,1564,104,3888,10576,2517,3efc54c166eaf21b4cd30a43d456c37809db2a3dc329ea9afa60b9ccb094de53,5.884156719781458
fresh4_sparse_grid_904002,sparse_grid,token_l1,line,empty_prioritized,l1,5,19,True,False,False,False,c79068df16f73793adbd8cd1643e75e7c3da7ce779f3de56bc6e8e7f4371ba04,1500135331ae66be6dd1b24f80aa253c247266f73812eb93e0fb06ba8850b3c3,1205,1564,105,3941,10674,2411,ebf99fa920eab62a365181db83be1bff7715505061871ba7ab484d9ec68a04f4,6.1093246270902455
fresh4_sparse_grid_904002,sparse_grid,token_l1,line,empty_prioritized,l1,5,19,True,False,False,False,c79068df16f73793adbd8cd1643e75e7c3da7ce779f3de56bc6e8e7f4371ba04,1500135331ae66be6dd1b24f80aa253c247266f73812eb93e0fb06ba8850b3c3,1205,1564,106,3894,10245,2427,7e9140d56e6c8861105662446d150e6aa061b9b73ee02dd62f8c381994079426,6.483372224029154
fresh4_sparse_grid_904002,sparse_grid,token_l1,line,empty_prioritized,l1,5,19,True,False,False,False,c79068df16f73793adbd8cd1643e75e7c3da7ce779f3de56bc6e8e7f4371ba04,1500135331ae66be6dd1b24f80aa253c247266f73812eb93e0fb06ba8850b3c3,1205,1564,107,3905,10559,2483,7ee53bb11b264e9508cfd01344a09a4d7b567ef9d8febb767585df805cad3f2c,5.956572815775871
fresh4_sparse_grid_904002,sparse_grid,token_l1,line,empty_prioritized,l1,5,19,True,False,False,False,c79068df16f73793adbd8cd1643e75e7c3da7ce779f3de56bc6e8e7f4371ba04,1500135331ae66be6dd1b24f80aa253c247266f73812eb93e0fb06ba8850b3c3,1205,1564,108,3825,10030,2355,a3f9904801a1dfeea7a0cc7eabce76e926014e16bf1c3669dd61d366ff142c64,6.192447028122842
fresh4_sparse_grid_904002,sparse_grid,token_l1,line,empty_prioritized,l1,5,19,True,False,False,False,c79068df16f73793adbd8cd1643e75e7c3da7ce779f3de56bc6e8e7f4371ba04,1500135331ae66be6dd1b24f80aa253c247266f73812eb93e0fb06ba8850b3c3,1205,1564,109,3826,9773,2436,9a44f40b29ba81989c93e40bd78a9a5196f2105fc179aec16800fcb50cd5b6e9,5.291648654267192
fresh4_sparse_grid_904002,sparse_grid,token_l1,line,empty_prioritized,l1,5,19,True,False,False,False,c79068df16f73793adbd8cd1643e75e7c3da7ce779f3de56bc6e8e7f4371ba04,1500135331ae66be6dd1b24f80aa253c247266f73812eb93e0fb06ba8850b3c3,1205,1564,110,3811,10181,2406,92b5a4d6822a6878fa91eb324f39ef4b74644488da99ecd19ea46328c012c8c0,5.458316738717258
fresh4_sparse_grid_904002,sparse_grid,token_l1,line,empty_prioritized,l1,5,19,True,False,False,False,c79068df16f73793adbd8cd1643e75e7c3da7ce779f3de56bc6e8e7f4371ba04,1500135331ae66be6dd1b24f80aa253c247266f73812eb93e0fb06ba8850b3c3,1205,1564,111,3905,10119,2448,acbb236370cdaf617d663b572e4b3c3c9e79c650c86b6ae697e52b44b149d62b,6.003728406038135
fresh4_sparse_grid_904002,sparse_grid,token_l1,line,empty_prioritized,l1,5,19,True,False,False,False,c79068df16f73793adbd8cd1643e75e7c3da7ce779f3de56bc6e8e7f4371ba04,1500135331ae66be6dd1b24f80aa253c247266f73812eb93e0fb06ba8850b3c3,1205,1564,112,3866,10232,2480,d2383aaca56c8fa2a6bd44c56070ccbe2ba5bb6d2620d6144bbfb675da04715c,5.474812468979508
fresh4_sparse_grid_904002,sparse_grid,token_l1,line,empty_prioritized,l1,5,19,True,False,False,False,c79068df16f73793adbd8cd1643e75e7c3da7ce779f3de56bc6e8e7f4371ba04,1500135331ae66be6dd1b24f80aa253c247266f73812eb93e0fb06ba8850b3c3,1205,1564,113,3772,9702,2376,e5bafda507ea3d3be296ea816506ad8b95e56244b011698ce3bc85894d121dac,5.8725183280184865
fresh4_sparse_grid_904002,sparse_grid,token_l1,line,empty_prioritized,l1,5,19,True,False,False,False,c79068df16f73793adbd8cd1643e75e7c3da7ce779f3de56bc6e8e7f4371ba04,1500135331ae66be6dd1b24f80aa253c247266f73812eb93e0fb06ba8850b3c3,1205,1564,114,3996,10416,2494,a54c71f601bc4b9df34899ae0fd589c100461d4f98a709c1ff29a298f6c677bd,5.869835427030921
fresh4_sparse_grid_904002,sparse_grid,token_l1,line,empty_prioritized,l1,5,19,True,False,False,False,c79068df16f73793adbd8cd1643e75e7c3da7ce779f3de56bc6e8e7f4371ba04,1500135331ae66be6dd1b24f80aa253c247266f73812eb93e0fb06ba8850b3c3,1205,1564,115,3804,9617,2408,d06643d0a4fb1027889f7539ad47d5914a77c208f34a6bccae81e22438a9d1d7,5.220912272576243
fresh4_sparse_grid_904002,sparse_grid,token_l1,line,empty_prioritized,l1,5,19,True,False,False,False,c79068df16f73793adbd8cd1643e75e7c3da7ce779f3de56bc6e8e7f4371ba04,1500135331ae66be6dd1b24f80aa253c247266f73812eb93e0fb06ba8850b3c3,1205,1564,116,4007,9863,2451,40a61d652f4a6778ed8d3459d3ecfc67cf3bd15c90cf15f8dbbae78fdac3578b,5.530240221880376
fresh4_sparse_grid_904002,sparse_grid,token_l1,line,empty_prioritized,l1,5,19,True,False,False,False,c79068df16f73793adbd8cd1643e75e7c3da7ce779f3de56bc6e8e7f4371ba04,1500135331ae66be6dd1b24f80aa253c247266f73812eb93e0fb06ba8850b3c3,1205,1564,117,3788,9737,2373,d8fdc6aa7e039280249965396bfaeacb853b9cafb7fa427c1f34086e1ed13887,6.0931663773953915
fresh4_sparse_grid_904002,sparse_grid,token_l1,line,empty_prioritized,l1,5,19,True,False,False,False,c79068df16f73793adbd8cd1643e75e7c3da7ce779f3de56bc6e8e7f4371ba04,1500135331ae66be6dd1b24f80aa253c247266f73812eb93e0fb06ba8850b3c3,1205,1564,118,3959,9835,2439,6a2618a36052118f8888ff5d76369a1fed7950cf3b246e24527d79a08f9a9ace,5.271730637177825
fresh4_sparse_grid_904002,sparse_grid,token_l1,line,empty_prioritized,l1,5,19,True,False,False,False,c79068df16f73793adbd8cd1643e75e7c3da7ce779f3de56bc6e8e7f4371ba04,1500135331ae66be6dd1b24f80aa253c247266f73812eb93e0fb06ba8850b3c3,1205,1564,119,3843,9984,2436,6555f623445e30d1167dcd06170a732c7eaacd6ad5deee81c409e8c47173978b,5.756252593360841
fresh4_sparse_grid_904002,sparse_grid,token_l1,line,empty_prioritized,l1,5,19,True,False,False,False,c79068df16f73793adbd8cd1643e75e7c3da7ce779f3de56bc6e8e7f4371ba04,1500135331ae66be6dd1b24f80aa253c247266f73812eb93e0fb06ba8850b3c3,1205,1564,120,3913,10008,2428,7bada37e9fee7c0b36e5355b2a326669252a2ae6c99f77788e10a82b7e4e7354,5.836571041028947
fresh4_sparse_grid_904003,sparse_grid,token_l1,line,empty_prioritized,l1,5,19,True,False,False,False,dd34b293f9ee73cb73f1e5613c1092830e7cb6fc81238384e243d3ef883bbdcf,bae4e5c84b9db3b1a61db90ac52bfe379ac7bfb732078af952722fa0663071d5,1121,1436,101,3550,9292,2309,36c08d9b8e0935060eda7bfbfb6c0bb366d8511e1e8cc62a3046901b7d30c1c6,4.866496993228793
fresh4_sparse_grid_904003,sparse_grid,token_l1,line,empty_prioritized,l1,5,19,True,False,False,False,dd34b293f9ee73cb73f1e5613c1092830e7cb6fc81238384e243d3ef883bbdcf,bae4e5c84b9db3b1a61db90ac52bfe379ac7bfb732078af952722fa0663071d5,1121,1436,102,3463,9043,2162,74b6a6ef9cb08fc249cbc881f95eca17b5f53227afa381c94962b7878d5f9936,4.618833635002375
fresh4_sparse_grid_904003,sparse_grid,token_l1,line,empty_prioritized,l1,5,19,True,False,False,False,dd34b293f9ee73cb73f1e5613c1092830e7cb6fc81238384e243d3ef883bbdcf,bae4e5c84b9db3b1a61db90ac52bfe379ac7bfb732078af952722fa0663071d5,1121,1436,103,3502,9142,2175,7e9bdb67841ad7645b820ce48e32bf4639613006299632e2b4e0b39b2a0f26c5,4.631725328974426
fresh4_sparse_grid_904003,sparse_grid,token_l1,line,empty_prioritized,l1,5,19,True,False,False,False,dd34b293f9ee73cb73f1e5613c1092830e7cb6fc81238384e243d3ef883bbdcf,bae4e5c84b9db3b1a61db90ac52bfe379ac7bfb732078af952722fa0663071d5,1121,1436,104,3509,9131,2195,2016fb96ebb245c1c37703ab0e7a5fb3d163b365916754390fd69cffeb546a85,4.873844770248979
fresh4_sparse_grid_904003,sparse_grid,token_l1,line,empty_prioritized,l1,5,19,True,False,False,False,dd34b293f9ee73cb73f1e5613c1092830e7cb6fc81238384e243d3ef883bbdcf,bae4e5c84b9db3b1a61db90ac52bfe379ac7bfb732078af952722fa0663071d5,1121,1436,105,3503,9559,2275,2c3183bdc11546d71887703eb268d373618d4415bebdf707a29743ad865052b4,4.838963655754924
fresh4_sparse_grid_904003,sparse_grid,token_l1,line,empty_prioritized,l1,5,19,True,False,False,False,dd34b293f9ee73cb73f1e5613c1092830e7cb6fc81238384e243d3ef883bbdcf,bae4e5c84b9db3b1a61db90ac52bfe379ac7bfb732078af952722fa0663071d5,1121,1436,106,3527,9320,2287,3253534f5c1fb1937b5c2b4805be7164d358c18a613c0a01e98154a5ed6eb918,4.880373042076826
fresh4_sparse_grid_904003,sparse_grid,token_l1,line,empty_prioritized,l1,5,19,True,False,False,False,dd34b293f9ee73cb73f1e5613c1092830e7cb6fc81238384e243d3ef883bbdcf,bae4e5c84b9db3b1a61db90ac52bfe379ac7bfb732078af952722fa0663071d5,1121,1436,107,3632,10067,2419,71389510c3a5618e6be986ace561dce73263fa7d372f9e94ba4fea5e31e6ed4f,5.349927501287311
fresh4_sparse_grid_904003,sparse_grid,token_l1,line,empty_prioritized,l1,5,19,True,False,False,False,dd34b293f9ee73cb73f1e5613c1092830e7cb6fc81238384e243d3ef883bbdcf,bae4e5c84b9db3b1a61db90ac52bfe379ac7bfb732078af952722fa0663071d5,1121,1436,108,3461,9176,2183,21a338459113228bc2d8c11c22b44ca7f57537da94a2800756966bfd7a12261e,4.622896022628993
fresh4_sparse_grid_904003,sparse_grid,token_l1,line,empty_prioritized,l1,5,19,True,False,False,False,dd34b293f9ee73cb73f1e5613c1092830e7cb6fc81238384e243d3ef883bbdcf,bae4e5c84b9db3b1a61db90ac52bfe379ac7bfb732078af952722fa0663071d5,1121,1436,109,3530,9533,2275,e90aeb484ba855724abf0b5c8334df9fb429c9c4c3883f44834fef9e47fbcabb,4.27485669311136
fresh4_sparse_grid_904003,sparse_grid,token_l1,line,empty_prioritized,l1,5,19,True,False,False,False,dd34b293f9ee73cb73f1e5613c1092830e7cb6fc81238384e243d3ef883bbdcf,bae4e5c84b9db3b1a61db90ac52bfe379ac7bfb732078af952722fa0663071d5,1121,1436,110,3465,8987,2216,9e3f7316bd27eebdb581cecd770b7f06056ded59b7e8c58841b8d9203d51d662,4.751546501647681
fresh4_sparse_grid_904003,sparse_grid,token_l1,line,empty_prioritized,l1,5,19,True,False,False,False,dd34b293f9ee73cb73f1e5613c1092830e7cb6fc81238384e243d3ef883bbdcf,bae4e5c84b9db3b1a61db90ac52bfe379ac7bfb732078af952722fa0663071d5,1121,1436,111,3550,9371,2259,e73bb04e1c745008f99bdd5aa7468f64acc605f587c4f5b518f893f19b66c0e4,4.681954761967063
fresh4_sparse_grid_904003,sparse_grid,token_l1,line,empty_prioritized,l1,5,19,True,False,False,False,dd34b293f9ee73cb73f1e5613c1092830e7cb6fc81238384e243d3ef883bbdcf,bae4e5c84b9db3b1a61db90ac52bfe379ac7bfb732078af952722fa0663071d5,1121,1436,112,3471,9124,2247,f098b0bb43be64db15d442230846610658f6c2c79e79ac460584fd2645339388,4.714703870005906
fresh4_sparse_grid_904003,sparse_grid,token_l1,line,empty_prioritized,l1,5,19,True,False,False,False,dd34b293f9ee73cb73f1e5613c1092830e7cb6fc81238384e243d3ef883bbdcf,bae4e5c84b9db3b1a61db90ac52bfe379ac7bfb732078af952722fa0663071d5,1121,1436,113,3340,8775,2150,4206983cd5fbbfa60427e5b3bf9158bd81c2a81cd8fb0fad0cd7956e8b54c617,4.327605611644685
fresh4_sparse_grid_904003,sparse_grid,token_l1,line,empty_prioritized,l1,5,19,True,False,False,False,dd34b293f9ee73cb73f1e5613c1092830e7cb6fc81238384e243d3ef883bbdcf,bae4e5c84b9db3b1a61db90ac52bfe379ac7bfb732078af952722fa0663071d5,1121,1436,114,3520,9325,2318,b92c6093934725f7ac4609844bf0c36a895e3f8067f47eda69e1f23b9c41b6e0,4.484477377962321
fresh4_sparse_grid_904003,sparse_grid,token_l1,line,empty_prioritized,l1,5,19,True,False,False,False,dd34b293f9ee73cb73f1e5613c1092830e7cb6fc81238384e243d3ef883bbdcf,bae4e5c84b9db3b1a61db90ac52bfe379ac7bfb732078af952722fa0663071d5,1121,1436,115,3563,9256,2227,8c85bc3e5e521db073e597a18a18613ed79c446bc5699da69dfa49b9e8dd9184,4.732130776159465
fresh4_sparse_grid_904003,sparse_grid,token_l1,line,empty_prioritized,l1,5,19,True,False,False,False,dd34b293f9ee73cb73f1e5613c1092830e7cb6fc81238384e243d3ef883bbdcf,bae4e5c84b9db3b1a61db90ac52bfe379ac7bfb732078af952722fa0663071d5,1121,1436,116,3494,9073,2222,a5bf2bd978d52a730e50a6760781d7a01bd9aa3e94b9e725177c018f1d78803d,4.586253005079925
fresh4_sparse_grid_904003,sparse_grid,token_l1,line,empty_prioritized,l1,5,19,True,False,False,False,dd34b293f9ee73cb73f1e5613c1092830e7cb6fc81238384e243d3ef883bbdcf,bae4e5c84b9db3b1a61db90ac52bfe379ac7bfb732078af952722fa0663071d5,1121,1436,117,3475,9870,2245,10949cf03e5cb4623f068643587d4d37fda2a57831be80ecf645a78bfc62b02e,4.789954951032996
fresh4_sparse_grid_904003,sparse_grid,token_l1,line,empty_prioritized,l1,5,19,True,False,False,False,dd34b293f9ee73cb73f1e5613c1092830e7cb6fc81238384e243d3ef883bbdcf,bae4e5c84b9db3b1a61db90ac52bfe379ac7bfb732078af952722fa0663071d5,1121,1436,118,3580,9119,2233,c2f10feef87dd09a7125945705604f7ecf797659a2bc5a70806b3421e7391947,4.95452357083559
fresh4_sparse_grid_904003,sparse_grid,token_l1,line,empty_prioritized,l1,5,19,True,False,False,False,dd34b293f9ee73cb73f1e5613c1092830e7cb6fc81238384e243d3ef883bbdcf,bae4e5c84b9db3b1a61db90ac52bfe379ac7bfb732078af952722fa0663071d5,1121,1436,119,3506,9669,2307,1da3636ef21c1c7f7df807b39ecccd337f29c29e125658b8159a7d1062dd0631,4.947222458198667
fresh4_sparse_grid_904003,sparse_grid,token_l1,line,empty_prioritized,l1,5,19,True,False,False,False,dd34b293f9ee73cb73f1e5613c1092830e7cb6fc81238384e243d3ef883bbdcf,bae4e5c84b9db3b1a61db90ac52bfe379ac7bfb732078af952722fa0663071d5,1121,1436,120,3499,9382,2228,f72342720d2700051db876e9a24fba553295bcd503eabdacb5fad19bb4b97eb8,4.870730115100741
fresh4_sparse_grid_904004,sparse_grid,token_l1,line,empty_prioritized,l1,5,19,True,False,False,False,e0473fa486aa740704ac7ee619d834be6fd194389a05c97410f7fa38a6767546,095c66705acdfa4e8e7ba8fba2499a53ecc32482a513e644a7c6d157d8f542ff,945,1166,101,2831,7550,1842,50f49e426451dd6708df304c5d767c81b0696c85299090d85b1952ba07f8a643,3.149970820173621
fresh4_sparse_grid_904004,sparse_grid,token_l1,line,empty_prioritized,l1,5,19,True,False,False,False,e0473fa486aa740704ac7ee619d834be6fd194389a05c97410f7fa38a6767546,095c66705acdfa4e8e7ba8fba2499a53ecc32482a513e644a7c6d157d8f542ff,945,1166,102,2747,7475,1731,9f49f175c1441f83436485df5c97f8fb2644dd4fe0a63e1d66f1f7e013aa1591,2.90499793831259
fresh4_sparse_grid_904004,sparse_grid,token_l1,line,empty_prioritized,l1,5,19,True,False,False,False,e0473fa486aa740704ac7ee619d834be6fd194389a05c97410f7fa38a6767546,095c66705acdfa4e8e7ba8fba2499a53ecc32482a513e644a7c6d157d8f542ff,945,1166,103,2742,7300,1714,96534617101a6338b6cefb08c705893d27cd088899193319d26901074b9f41d6,3.191421882715076
fresh4_sparse_grid_904004,sparse_grid,token_l1,line,empty_prioritized,l1,5,19,True,False,False,False,e0473fa486aa740704ac7ee619d834be6fd194389a05c97410f7fa38a6767546,095c66705acdfa4e8e7ba8fba2499a53ecc32482a513e644a7c6d157d8f542ff,945,1166,104,2753,7409,1735,bd92558660ec3e898f85a9eb95123a49434023296612236e4f414b8a1849adaa,3.030084252823144
fresh4_sparse_grid_904004,sparse_grid,token_l1,line,empty_prioritized,l1,5,19,True,False,False,False,e0473fa486aa740704ac7ee619d834be6fd194389a05c97410f7fa38a6767546,095c66705acdfa4e8e7ba8fba2499a53ecc32482a513e644a7c6d157d8f542ff,945,1166,105,2826,7375,1791,3a89028fc3f29b3c095b1972eba8a3ed58b4e0a92e8055061384d836b05a80b5,3.1585209807381034
fresh4_sparse_grid_904004,sparse_grid,token_l1,line,empty_prioritized,l1,5,19,True,False,False,False,e0473fa486aa740704ac7ee619d834be6fd194389a05c97410f7fa38a6767546,095c66705acdfa4e8e7ba8fba2499a53ecc32482a513e644a7c6d157d8f542ff,945,1166,106,2689,7216,1715,e8a3ec13c0c2a162166538f29ee429bf8180fd3754273f4cd722d21583c88847,2.902659051120281
fresh4_sparse_grid_904004,sparse_grid,token_l1,line,empty_prioritized,l1,5,19,True,False,False,False,e0473fa486aa740704ac7ee619d834be6fd194389a05c97410f7fa38a6767546,095c66705acdfa4e8e7ba8fba2499a53ecc32482a513e644a7c6d157d8f542ff,945,1166,107,2793,7356,1769,d1e7d03a96d1d397049344c208fe46762206a7eea3434825c453457397270c78,3.0595590798184276
fresh4_sparse_grid_904004,sparse_grid,token_l1,line,empty_prioritized,l1,5,19,True,False,False,False,e0473fa486aa740704ac7ee619d834be6fd194389a05c97410f7fa38a6767546,095c66705acdfa4e8e7ba8fba2499a53ecc32482a513e644a7c6d157d8f542ff,945,1166,108,2807,7433,1791,78b269ac832b2236c2ffa38404302578c00e5749b661ae441b5d30d5e21abcf1,3.3000123579986393
fresh4_sparse_grid_904004,sparse_grid,token_l1,line,empty_prioritized,l1,5,19,True,False,False,False,e0473fa486aa740704ac7ee619d834be6fd194389a05c97410f7fa38a6767546,095c66705acdfa4e8e7ba8fba2499a53ecc32482a513e644a7c6d157d8f542ff,945,1166,109,2891,7694,1808,d09f8e28a6797baf57dcbb96a7db9213ccb74e7362de1711d9d29535a4fdc48d,3.2435843106359243
fresh4_sparse_grid_904004,sparse_grid,token_l1,line,empty_prioritized,l1,5,19,True,False,False,False,e0473fa486aa740704ac7ee619d834be6fd194389a05c97410f7fa38a6767546,095c66705acdfa4e8e7ba8fba2499a53ecc32482a513e644a7c6d157d8f542ff,945,1166,110,2744,7168,1703,4d664f28104bb0d0a744a698570c2d696d5357a8c78316eac26807fa0eef2663,3.289545581676066
fresh4_sparse_grid_904004,sparse_grid,token_l1,line,empty_prioritized,l1,5,19,True,False,False,False,e0473fa486aa740704ac7ee619d834be6fd194389a05c97410f7fa38a6767546,095c66705acdfa4e8e7ba8fba2499a53ecc32482a513e644a7c6d157d8f542ff,945,1166,111,2793,7361,1810,cd7ed46b5604387335bb987e42316326ae8534ff64f27100c4baee9b10da202a,3.0125900600105524
fresh4_sparse_grid_904004,sparse_grid,token_l1,line,empty_prioritized,l1,5,19,True,False,False,False,e0473fa486aa740704ac7ee619d834be6fd194389a05c97410f7fa38a6767546,095c66705acdfa4e8e7ba8fba2499a53ecc32482a513e644a7c6d157d8f542ff,945,1166,112,2613,7021,1643,03e9cc4c861ec37b13d5381bf2d22464a956a6c5ede4aca2cc16d9c39a30b533,2.7151697343215346
fresh4_sparse_grid_904004,sparse_grid,token_l1,line,empty_prioritized,l1,5,19,True,False,False,False,e0473fa486aa740704ac7ee619d834be6fd194389a05c97410f7fa38a6767546,095c66705acdfa4e8e7ba8fba2499a53ecc32482a513e644a7c6d157d8f542ff,945,1166,113,2778,7387,1707,b248fa303d9a242b32f32415cac2b1db82154a40737688fb2b3d0350d3fa75d4,3.0009692297317088
fresh4_sparse_grid_904004,sparse_grid,token_l1,line,empty_prioritized,l1,5,19,True,False,False,False,e0473fa486aa740704ac7ee619d834be6fd194389a05c97410f7fa38a6767546,095c66705acdfa4e8e7ba8fba2499a53ecc32482a513e644a7c6d157d8f542ff,945,1166,114,2804,7383,1774,0f6de1c19e69a482df337c97ebe32937a211599a9e21256afd52cf8d4bbe0e20,2.9258819157257676
fresh4_sparse_grid_904004,sparse_grid,token_l1,line,empty_prioritized,l1,5,19,True,False,False,False,e0473fa486aa740704ac7ee619d834be6fd194389a05c97410f7fa38a6767546,095c66705acdfa4e8e7ba8fba2499a53ecc32482a513e644a7c6d157d8f542ff,945,1166,115,2664,6894,1668,39b34c05d8c69891f5049c759fd194ce7f6728f9c0f9807964fddddb29acb0dd,3.017542785964906
fresh4_sparse_grid_904004,sparse_grid,token_l1,line,empty_prioritized,l1,5,19,True,False,False,False,e0473fa486aa740704ac7ee619d834be6fd194389a05c97410f7fa38a6767546,095c66705acdfa4e8e7ba8fba2499a53ecc32482a513e644a7c6d157d8f542ff,945,1166,116,2870,7408,1802,b72c28cc3f12d2965f55933fd9ab7901db2f4aa1e4dce363d8549f1d722c9a57,3.4444100949913263
fresh4_sparse_grid_904004,sparse_grid,token_l1,line,empty_prioritized,l1,5,19,True,False,False,False,e0473fa486aa740704ac7ee619d834be6fd194389a05c97410f7fa38a6767546,095c66705acdfa4e8e7ba8fba2499a53ecc32482a513e644a7c6d157d8f542ff,945,1166,117,2836,7308,1754,1257ef32e893614d4b4498d229a0de3221cf1243c2162502fd1742aa756749bd,3.060587056912482
fresh4_sparse_grid_904004,sparse_grid,token_l1,line,empty_prioritized,l1,5,19,True,False,False,False,e0473fa486aa740704ac7ee619d834be6fd194389a05c97410f7fa38a6767546,095c66705acdfa4e8e7ba8fba2499a53ecc32482a513e644a7c6d157d8f542ff,945,1166,118,2724,7909,1833,dbf7414df020327d137785881ef2cc428c59ddf913950fe7c3087d04cc15a309,3.135206675156951
fresh4_sparse_grid_904004,sparse_grid,token_l1,line,empty_prioritized,l1,5,19,True,False,False,False,e0473fa486aa740704ac7ee619d834be6fd194389a05c97410f7fa38a6767546,095c66705acdfa4e8e7ba8fba2499a53ecc32482a513e644a7c6d157d8f542ff,945,1166,119,2752,7254,1760,f51c51e51f7ff97eec6676194bb7fbe698da9b45fc957026dab6aa6f8e7858f6,2.904367675073445
fresh4_sparse_grid_904004,sparse_grid,token_l1,line,empty_prioritized,l1,5,19,True,False,False,False,e0473fa486aa740704ac7ee619d834be6fd194389a05c97410f7fa38a6767546,095c66705acdfa4e8e7ba8fba2499a53ecc32482a513e644a7c6d157d8f542ff,945,1166,120,2673,7604,1728,9c14414e9a78e1c98fb4c6f8cddb55d5d5d7249976a35a36b2c93b21cd57bfea,3.031447719782591
fresh4_sparse_grid_904005,sparse_grid,token_l1,line,empty_prioritized,l1,5,19,True,False,False,False,c849904fbffd273710f369922d5f36a68978c9609c0a3d55daa8c78fd0c527f7,f926fc3b885ae79530a3f55815b6373e8db41ce2156fc8d620431d5965805381,1041,1346,101,3297,9065,2100,a29f12a0d08beaba096602c981a0690fb088bb99e85ca15643c08afc7ad22835,4.334026128984988
fresh4_sparse_grid_904005,sparse_grid,token_l1,line,empty_prioritized,l1,5,19,True,False,False,False,c849904fbffd273710f369922d5f36a68978c9609c0a3d55daa8c78fd0c527f7,f926fc3b885ae79530a3f55815b6373e8db41ce2156fc8d620431d5965805381,1041,1346,102,3290,8614,2046,fab98d8570b222a6d08227c472fbaeca2ddb3d7cf56323b513befeb9e98ea75a,4.040113692637533
fresh4_sparse_grid_904005,sparse_grid,token_l1,line,empty_prioritized,l1,5,19,True,False,False,False,c849904fbffd273710f369922d5f36a68978c9609c0a3d55daa8c78fd0c527f7,f926fc3b885ae79530a3f55815b6373e8db41ce2156fc8d620431d5965805381,1041,1346,103,3207,8997,2100,9e2ae89eda5a19682d27ebd5b822dc9bd65f4dec3311166b936270e9b6ab4d86,4.21680917032063
fresh4_sparse_grid_904005,sparse_grid,token_l1,line,empty_prioritized,l1,5,19,True,False,False,False,c849904fbffd273710f369922d5f36a68978c9609c0a3d55daa8c78fd0c527f7,f926fc3b885ae79530a3f55815b6373e8db41ce2156fc8d620431d5965805381,1041,1346,104,3330,8671,2071,1e4d7d4f24bc764d2b973b6d6b75ff78e57d5c70ac17530e56b016f8ad107394,4.560459970962256
fresh4_sparse_grid_904005,sparse_grid,token_l1,line,empty_prioritized,l1,5,19,True,False,False,False,c849904fbffd273710f369922d5f36a68978c9609c0a3d55daa8c78fd0c527f7,f926fc3b885ae79530a3f55815b6373e8db41ce2156fc8d620431d5965805381,1041,1346,105,3234,8722,1997,a384272ead464a1f76e1a40e920be19f7a3ec7ec8734ed59a09fe8a53016b1cb,3.8666325020603836
fresh4_sparse_grid_904005,sparse_grid,token_l1,line,empty_prioritized,l1,5,19,True,False,False,False,c849904fbffd273710f369922d5f36a68978c9609c0a3d55daa8c78fd0c527f7,f926fc3b885ae79530a3f55815b6373e8db41ce2156fc8d620431d5965805381,1041,1346,106,3361,9027,2179,84d3dca9a382f05264cc4a9365a67821a23fc6d082fe181afc690f74c3b8040c,4.126492048148066
fresh4_sparse_grid_904005,sparse_grid,token_l1,line,empty_prioritized,l1,5,19,True,False,False,False,c849904fbffd273710f369922d5f36a68978c9609c0a3d55daa8c78fd0c527f7,f926fc3b885ae79530a3f55815b6373e8db41ce2156fc8d620431d5965805381,1041,1346,107,3224,8711,2111,75a18b6322b9232b6d23a1aed4333850ca859521e39e4c5dfdc564c625bd5c3c,4.363968203775585
fresh4_sparse_grid_904005,sparse_grid,token_l1,line,empty_prioritized,l1,5,19,True,False,False,False,c849904fbffd273710f369922d5f36a68978c9609c0a3d55daa8c78fd0c527f7,f926fc3b885ae79530a3f55815b6373e8db41ce2156fc8d620431d5965805381,1041,1346,108,3257,8841,2095,7c152c0e47c36b1854785b7b3cfef3fad84a406a1b032ad118148102b5395c0a,4.317824732046574
fresh4_sparse_grid_904005,sparse_grid,token_l1,line,empty_prioritized,l1,5,19,True,False,False,False,c849904fbffd273710f369922d5f36a68978c9609c0a3d55daa8c78fd0c527f7,f926fc3b885ae79530a3f55815b6373e8db41ce2156fc8d620431d5965805381,1041,1346,109,3367,9220,2101,096049eed8a9d01d7c811c69ebf7b282f053e4eb075720547afdf1751a14d0d8,4.578782566823065
fresh4_sparse_grid_904005,sparse_grid,token_l1,line,empty_prioritized,l1,5,19,True,False,False,False,c849904fbffd273710f369922d5f36a68978c9609c0a3d55daa8c78fd0c527f7,f926fc3b885ae79530a3f55815b6373e8db41ce2156fc8d620431d5965805381,1041,1346,110,3286,9682,2154,745f581d2bc69856842022c502c8682731b4bd6e223117c69205553ff4c26233,4.335775489918888
fresh4_sparse_grid_904005,sparse_grid,token_l1,line,empty_prioritized,l1,5,19,True,False,False,False,c849904fbffd273710f369922d5f36a68978c9609c0a3d55daa8c78fd0c527f7,f926fc3b885ae79530a3f55815b6373e8db41ce2156fc8d620431d5965805381,1041,1346,111,3321,8935,2194,3e4cce35a3b18e5d9a005715bf47f388050ba40840e8d6a09da8fce3057840fd,4.151781878899783
fresh4_sparse_grid_904005,sparse_grid,token_l1,line,empty_prioritized,l1,5,19,True,False,False,False,c849904fbffd273710f369922d5f36a68978c9609c0a3d55daa8c78fd0c527f7,f926fc3b885ae79530a3f55815b6373e8db41ce2156fc8d620431d5965805381,1041,1346,112,3287,8785,2163,2e6c7d018c67f076f69f40ee35fe6aec48ebd2ec8b13e24379feab8468d4a07d,3.916146805975586
fresh4_sparse_grid_904005,sparse_grid,token_l1,line,empty_prioritized,l1,5,19,True,False,False,False,c849904fbffd273710f369922d5f36a68978c9609c0a3d55daa8c78fd0c527f7,f926fc3b885ae79530a3f55815b6373e8db41ce2156fc8d620431d5965805381,1041,1346,113,3295,8960,2098,f37dc3d2a80ec943bc2fe62d161aa327159000343fe51122da713e08fe416ef4,4.172164988704026
fresh4_sparse_grid_904005,sparse_grid,token_l1,line,empty_prioritized,l1,5,19,True,False,False,False,c849904fbffd273710f369922d5f36a68978c9609c0a3d55daa8c78fd0c527f7,f926fc3b885ae79530a3f55815b6373e8db41ce2156fc8d620431d5965805381,1041,1346,114,3170,9109,2082,5c81bbe31f8aa46d175a7b3111313d2422045aadff3e0728157bd291f7dfce5d,4.1010076040402055
fresh4_sparse_grid_904005,sparse_grid,token_l1,line,empty_prioritized,l1,5,19,True,False,False,False,c849904fbffd273710f369922d5f36a68978c9609c0a3d55daa8c78fd0c527f7,f926fc3b885ae79530a3f55815b6373e8db41ce2156fc8d620431d5965805381,1041,1346,115,3308,8847,2127,3bbc732db80942783329704801ed9312488a1c7fff9a5a8349b71b23b36f557c,4.123605436179787
fresh4_sparse_grid_904005,sparse_grid,token_l1,line,empty_prioritized,l1,5,19,True,False,False,False,c849904fbffd273710f369922d5f36a68978c9609c0a3d55daa8c78fd0c527f7,f926fc3b885ae79530a3f55815b6373e8db41ce2156fc8d620431d5965805381,1041,1346,116,3306,8845,2116,9ecf03c21465e6a4db7c53601a65522667d43fb7ed32578785566bb3c27ce17c,4.354900932870805
fresh4_sparse_grid_904005,sparse_grid,token_l1,line,empty_prioritized,l1,5,19,True,False,False,False,c849904fbffd273710f369922d5f36a68978c9609c0a3d55daa8c78fd0c527f7,f926fc3b885ae79530a3f55815b6373e8db41ce2156fc8d620431d5965805381,1041,1346,117,3238,8951,2066,9fb5fc531bd3a3799d9eada43f0ba2d59f9dbb812b4b4a2388648d16dd5a5360,4.23064203793183
fresh4_sparse_grid_904005,sparse_grid,token_l1,line,empty_prioritized,l1,5,19,True,False,False,False,c849904fbffd273710f369922d5f36a68978c9609c0a3d55daa8c78fd0c527f7,f926fc3b885ae79530a3f55815b6373e8db41ce2156fc8d620431d5965805381,1041,1346,118,3243,8548,2100,2ea3bb68f3642846573656c5d2afb85a44c228d523802d81e1e81bee0bb23c1f,4.062217208556831
fresh4_sparse_grid_904005,sparse_grid,token_l1,line,empty_prioritized,l1,5,19,True,False,False,False,c849904fbffd273710f369922d5f36a68978c9609c0a3d55daa8c78fd0c527f7,f926fc3b885ae79530a3f55815b6373e8db41ce2156fc8d620431d5965805381,1041,1346,119,3270,8724,2088,85c02c3c4dc2afade8cfbb87ab45403417a7930bca73a83c3a744cf5c38a7e79,4.125058520119637
fresh4_sparse_grid_904005,sparse_grid,token_l1,line,empty_prioritized,l1,5,19,True,False,False,False,c849904fbffd273710f369922d5f36a68978c9609c0a3d55daa8c78fd0c527f7,f926fc3b885ae79530a3f55815b6373e8db41ce2156fc8d620431d5965805381,1041,1346,120,3298,8271,2050,8f93f64a2680b10b6bffdf4cafc438b041db2f9b40fe541a9c1ec1fa0280b970,4.178627927787602
fresh4_sparse_grid_line_904200,sparse_grid_line,token_l1,line,empty_prioritized,l1,5,19,True,False,False,False,8e2fff2959458ba7e316d1f7839badc9ef387e76b1f1ae34e7a570d56d443936,60c78deb6921d178dfd5597401311f5cd0aa09fd13c5deecfd2dec575f0e1b2e,885,1144,101,2485,6955,1692,950ba4997309e2d40ccf026e619aabbaaafc3986c5b8469d9cdc56daa0463484,2.646136360242963
fresh4_sparse_grid_line_904200,sparse_grid_line,token_l1,line,empty_prioritized,l1,5,19,True,False,False,False,8e2fff2959458ba7e316d1f7839badc9ef387e76b1f1ae34e7a570d56d443936,60c78deb6921d178dfd5597401311f5cd0aa09fd13c5deecfd2dec575f0e1b2e,885,1144,102,2557,7067,1701,be79c5c773929dd892973d2fd7f3e56f079550dc736ad65eb27c49667cddfc9a,2.944036749191582
fresh4_sparse_grid_line_904200,sparse_grid_line,token_l1,line,empty_prioritized,l1,5,19,True,False,False,False,8e2fff2959458ba7e316d1f7839badc9ef387e76b1f1ae34e7a570d56d443936,60c78deb6921d178dfd5597401311f5cd0aa09fd13c5deecfd2dec575f0e1b2e,885,1144,103,2424,7200,1674,c2b3dc1c5195d91854366a3762073f74cccbbaef753840608f7c03d121fa9a20,2.421982686035335
fresh4_sparse_grid_line_904200,sparse_grid_line,token_l1,line,empty_prioritized,l1,5,19,True,False,False,False,8e2fff2959458ba7e316d1f7839badc9ef387e76b1f1ae34e7a570d56d443936,60c78deb6921d178dfd5597401311f5cd0aa09fd13c5deecfd2dec575f0e1b2e,885,1144,104,2528,6872,1690,692a7edbe5f60fb75fbcbb0b5933e0d69f0e448102863c682cd336e6280ce194,2.4328042902052402
fresh4_sparse_grid_line_904200,sparse_grid_line,token_l1,line,empty_prioritized,l1,5,19,True,False,False,False,8e2fff2959458ba7e316d1f7839badc9ef387e76b1f1ae34e7a570d56d443936,60c78deb6921d178dfd5597401311f5cd0aa09fd13c5deecfd2dec575f0e1b2e,885,1144,105,2430,6714,1602,d5921038d20b2992f207fbac1608dbd7bccdd8b5043f02521d9a9306639422df,2.4764346941374242
fresh4_sparse_grid_line_904200,sparse_grid_line,token_l1,line,empty_prioritized,l1,5,19,True,False,False,False,8e2fff2959458ba7e316d1f7839badc9ef387e76b1f1ae34e7a570d56d443936,60c78deb6921d178dfd5597401311f5cd0aa09fd13c5deecfd2dec575f0e1b2e,885,1144,106,2534,7157,1698,1350e254fed3dd5ca0c726246a809737078e7210dc2b4aae4897e6197bbbe4b9,2.6202142257243395
fresh4_sparse_grid_line_904200,sparse_grid_line,token_l1,line,empty_prioritized,l1,5,19,True,False,False,False,8e2fff2959458ba7e316d1f7839badc9ef387e76b1f1ae34e7a570d56d443936,60c78deb6921d178dfd5597401311f5cd0aa09fd13c5deecfd2dec575f0e1b2e,885,1144,107,2584,7444,1752,d8e0ada25fb57feefddcfc06c35ebf35c78bdb64db81fa4af3044cb79791374a,2.755729841068387
fresh4_sparse_grid_line_904200,sparse_grid_line,token_l1,line,empty_prioritized,l1,5,19,True,False,False,False,8e2fff2959458ba7e316d1f7839badc9ef387e76b1f1ae34e7a570d56d443936,60c78deb6921d178dfd5597401311f5cd0aa09fd13c5deecfd2dec575f0e1b2e,885,1144,108,2533,7332,1751,e399f306899865a3a4366ab1adc44c48e02d3f826b0eeec1e0ff18fa677468d3,2.4979734271764755
fresh4_sparse_grid_line_904200,sparse_grid_line,token_l1,line,empty_prioritized,l1,5,19,True,False,False,False,8e2fff2959458ba7e316d1f7839badc9ef387e76b1f1ae34e7a570d56d443936,60c78deb6921d178dfd5597401311f5cd0aa09fd13c5deecfd2dec575f0e1b2e,885,1144,109,2440,7021,1660,84fb56b94fae742229156ee700efbcfd709bd06147ac1b8b23fac0f8c33a8e19,2.5494297882542014
fresh4_sparse_grid_line_904200,sparse_grid_line,token_l1,line,empty_prioritized,l1,5,19,True,False,False,False,8e2fff2959458ba7e316d1f7839badc9ef387e76b1f1ae34e7a570d56d443936,60c78deb6921d178dfd5597401311f5cd0aa09fd13c5deecfd2dec575f0e1b2e,885,1144,110,2490,7219,1698,1d4b32118ee52310b9167ce9d52ed7968fb35316aaac2fbdad44aaea1742068c,2.3645003642886877
fresh4_sparse_grid_line_904200,sparse_grid_line,token_l1,line,empty_prioritized,l1,5,19,True,False,False,False,8e2fff2959458ba7e316d1f7839badc9ef387e76b1f1ae34e7a570d56d443936,60c78deb6921d178dfd5597401311f5cd0aa09fd13c5deecfd2dec575f0e1b2e,885,1144,111,2484,7148,1683,5bf70ea90a068915a9ae6b18601ae9c7cc5ddbc74ea9111f28c60ae453d72d24,2.579794733785093
fresh4_sparse_grid_line_904200,sparse_grid_line,token_l1,line,empty_prioritized,l1,5,19,True,False,False,False,8e2fff2959458ba7e316d1f7839badc9ef387e76b1f1ae34e7a570d56d443936,60c78deb6921d178dfd5597401311f5cd0aa09fd13c5deecfd2dec575f0e1b2e,885,1144,112,2433,6823,1663,bbe1bac1ae2c34e55ba3b5898cc7ab22ab4b835b0217e5eb2a4dcae08f870fea,2.337772759143263
fresh4_sparse_grid_line_904200,sparse_grid_line,token_l1,line,empty_prioritized,l1,5,19,True,False,False,False,8e2fff2959458ba7e316d1f7839badc9ef387e76b1f1ae34e7a570d56d443936,60c78deb6921d178dfd5597401311f5cd0aa09fd13c5deecfd2dec575f0e1b2e,885,1144,113,2447,6978,1703,5ba76427bbf1d528bca89193d4260f1b60859cc5dae728da1440a777b66a1642,2.3461310639977455
fresh4_sparse_grid_line_904200,sparse_grid_line,token_l1,line,empty_prioritized,l1,5,19,True,False,False,False,8e2fff2959458ba7e316d1f7839badc9ef387e76b1f1ae34e7a570d56d443936,60c78deb6921d178dfd5597401311f5cd0aa09fd13c5deecfd2dec575f0e1b2e,885,1144,114,2409,6897,1631,746cc9bf2cf28fccd7f699cde419c01162648f4a2a80ad904c9f01290d0c972f,2.396142215002328
fresh4_sparse_grid_line_904200,sparse_grid_line,token_l1,line,empty_prioritized,l1,5,19,True,False,False,False,8e2fff2959458ba7e316d1f7839badc9ef387e76b1f1ae34e7a570d56d443936,60c78deb6921d178dfd5597401311f5cd0aa09fd13c5deecfd2dec575f0e1b2e,885,1144,115,2503,7675,1738,a688b5f809bcaae4b0113c38e0c68f2169e5b6814e52a8bf67fc555b3483a868,2.54917586222291
fresh4_sparse_grid_line_904200,sparse_grid_line,token_l1,line,empty_prioritized,l1,5,19,True,False,False,False,8e2fff2959458ba7e316d1f7839badc9ef387e76b1f1ae34e7a570d56d443936,60c78deb6921d178dfd5597401311f5cd0aa09fd13c5deecfd2dec575f0e1b2e,885,1144,116,2473,6917,1645,56d6d1b73944a625cbe397faf5ee21cccdcd4789633e7e3768e8962741bb25ea,2.624354782048613
fresh4_sparse_grid_line_904200,sparse_grid_line,token_l1,line,empty_prioritized,l1,5,19,True,False,False,False,8e2fff2959458ba7e316d1f7839badc9ef387e76b1f1ae34e7a570d56d443936,60c78deb6921d178dfd5597401311f5cd0aa09fd13c5deecfd2dec575f0e1b2e,885,1144,117,2437,6887,1623,e937c4c301f90583fa6d4d9ab76ba551d1c8b551187eac76c9237319db7d24ba,2.4180334489792585
fresh4_sparse_grid_line_904200,sparse_grid_line,token_l1,line,empty_prioritized,l1,5,19,True,False,False,False,8e2fff2959458ba7e316d1f7839badc9ef387e76b1f1ae34e7a570d56d443936,60c78deb6921d178dfd5597401311f5cd0aa09fd13c5deecfd2dec575f0e1b2e,885,1144,118,2558,7676,1809,1497882f7fbb5e04cbda11fe45fafabc063fcd050915df88bdf6e0a7761dc95f,2.8297154121100903
fresh4_sparse_grid_line_904200,sparse_grid_line,token_l1,line,empty_prioritized,l1,5,19,True,False,False,False,8e2fff2959458ba7e316d1f7839badc9ef387e76b1f1ae34e7a570d56d443936,60c78deb6921d178dfd5597401311f5cd0aa09fd13c5deecfd2dec575f0e1b2e,885,1144,119,2454,7523,1745,14a3fdccd4f022ac9a5e54364dc96b6407a113fe9dee9a52d387129d6dee9f34,2.4719596109353006
fresh4_sparse_grid_line_904200,sparse_grid_line,token_l1,line,empty_prioritized,l1,5,19,True,False,False,False,8e2fff2959458ba7e316d1f7839badc9ef387e76b1f1ae34e7a570d56d443936,60c78deb6921d178dfd5597401311f5cd0aa09fd13c5deecfd2dec575f0e1b2e,885,1144,120,2498,6807,1663,27f02d04b2ddae75d4f9ae78b48dcf441ef2a896b3b9e876d9c095b9f0acc380,2.3898839778266847
fresh4_sparse_grid_line_904201,sparse_grid_line,token_l1,line,empty_prioritized,l1,5,19,True,False,False,False,cc25d29d7d6912dd7ecf12e4ded1a6bb9401759dd7c54a8e29363d7c39bab9f7,f50548c15f7639d57c57529bdc0f0ec9e9a4577c4ffbdf59100c4e44c90f1529,965,1250,101,3044,8068,1913,b26f1b3c8515dcb30e856a20ba3410f5742928fb2c3cca26df1cfeb2930007d9,3.6998672438785434
fresh4_sparse_grid_line_904201,sparse_grid_line,token_l1,line,empty_prioritized,l1,5,19,True,False,False,False,cc25d29d7d6912dd7ecf12e4ded1a6bb9401759dd7c54a8e29363d7c39bab9f7,f50548c15f7639d57c57529bdc0f0ec9e9a4577c4ffbdf59100c4e44c90f1529,965,1250,102,3046,8122,1960,9270d2f9cd562c65c46dfdf030cc82489e69eceb8164799fe38bbe0d955ceed9,3.553887075278908
fresh4_sparse_grid_line_904201,sparse_grid_line,token_l1,line,empty_prioritized,l1,5,19,True,False,False,False,cc25d29d7d6912dd7ecf12e4ded1a6bb9401759dd7c54a8e29363d7c39bab9f7,f50548c15f7639d57c57529bdc0f0ec9e9a4577c4ffbdf59100c4e44c90f1529,965,1250,103,3163,8247,2011,93fa4cfa482bed4f4ad9218db998888a8903df0dad3c27234e614e6d58e94610,4.030957716982812
fresh4_sparse_grid_line_904201,sparse_grid_line,token_l1,line,empty_prioritized,l1,5,19,True,False,False,False,cc25d29d7d6912dd7ecf12e4ded1a6bb9401759dd7c54a8e29363d7c39bab9f7,f50548c15f7639d57c57529bdc0f0ec9e9a4577c4ffbdf59100c4e44c90f1529,965,1250,104,3109,8753,2025,1ea4b259f4ac668643c10c9dbca544ea93d5f0e7349c684cd41ab56b1e02eb32,3.7540934989228845
fresh4_sparse_grid_line_904201,sparse_grid_line,token_l1,line,empty_prioritized,l1,5,19,True,False,False,False,cc25d29d7d6912dd7ecf12e4ded1a6bb9401759dd7c54a8e29363d7c39bab9f7,f50548c15f7639d57c57529bdc0f0ec9e9a4577c4ffbdf59100c4e44c90f1529,965,1250,105,3026,8426,1923,dcc360dd746f9eceb3d65b729aea01527c4c889056c6812a460e3cc42e737b0a,3.6750997961498797
fresh4_sparse_grid_line_904201,sparse_grid_line,token_l1,line,empty_prioritized,l1,5,19,True,False,False,False,cc25d29d7d6912dd7ecf12e4ded1a6bb9401759dd7c54a8e29363d7c39bab9f7,f50548c15f7639d57c57529bdc0f0ec9e9a4577c4ffbdf59100c4e44c90f1529,965,1250,106,3066,8091,1908,d09338b4f8d3146cd18f502a7f05ce2db11159380a3b772575c63d858aedfbfb,3.599345024675131
fresh4_sparse_grid_line_904201,sparse_grid_line,token_l1,line,empty_prioritized,l1,5,19,True,False,False,False,cc25d29d7d6912dd7ecf12e4ded1a6bb9401759dd7c54a8e29363d7c39bab9f7,f50548c15f7639d57c57529bdc0f0ec9e9a4577c4ffbdf59100c4e44c90f1529,965,1250,107,3103,8371,1969,2bfb2ce22879c985010c9187d1da6dc9228eab3a82847afd5aca773cb208ccbc,3.808605900965631
fresh4_sparse_grid_line_904201,sparse_grid_line,token_l1,line,empty_prioritized,l1,5,19,True,False,False,False,cc25d29d7d6912dd7ecf12e4ded1a6bb9401759dd7c54a8e29363d7c39bab9f7,f50548c15f7639d57c57529bdc0f0ec9e9a4577c4ffbdf59100c4e44c90f1529,965,1250,108,3042,8123,1957,a5f9dcdc0556d338d59497a854cb92d379de8ffd27d1242fcab88e0636441ae1,3.5451670209877193
fresh4_sparse_grid_line_904201,sparse_grid_line,token_l1,line,empty_prioritized,l1,5,19,True,False,False,False,cc25d29d7d6912dd7ecf12e4ded1a6bb9401759dd7c54a8e29363d7c39bab9f7,f50548c15f7639d57c57529bdc0f0ec9e9a4577c4ffbdf59100c4e44c90f1529,965,1250,109,2952,8066,1848,54a92815df47e07bb14757ebcc5f6cd50c03dbbdcb886318a36360565a13fa4b,3.514997390564531
fresh4_sparse_grid_line_904201,sparse_grid_line,token_l1,line,empty_prioritized,l1,5,19,True,False,False,False,cc25d29d7d6912dd7ecf12e4ded1a6bb9401759dd7c54a8e29363d7c39bab9f7,f50548c15f7639d57c57529bdc0f0ec9e9a4577c4ffbdf59100c4e44c90f1529,965,1250,110,2953,8001,1908,35b4a506d90bc22b277bb0f312814ac2d848e97517241170661a0a8ecc546488,3.326424503698945
fresh4_sparse_grid_line_904201,sparse_grid_line,token_l1,line,empty_prioritized,l1,5,19,True,False,False,False,cc25d29d7d6912dd7ecf12e4ded1a6bb9401759dd7c54a8e29363d7c39bab9f7,f50548c15f7639d57c57529bdc0f0ec9e9a4577c4ffbdf59100c4e44c90f1529,965,1250,111,3077,7775,1931,9d45473b2632fbbc647d4efcd426ed3f4fd2d7d11b37ca0d89651504c9af61c9,3.63728533918038
fresh4_sparse_grid_line_904201,sparse_grid_line,token_l1,line,empty_prioritized,l1,5,19,True,False,False,False,cc25d29d7d6912dd7ecf12e4ded1a6bb9401759dd7c54a8e29363d7c39bab9f7,f50548c15f7639d57c57529bdc0f0ec9e9a4577c4ffbdf59100c4e44c90f1529,965,1250,112,3150,8356,1964,35bd5077522c358f223e9eeeae3615afe82a8a8bc7207095b02f8704c43e2b6d,4.0079720402136445
fresh4_sparse_grid_line_904201,sparse_grid_line,token_l1,line,empty_prioritized,l1,5,19,True,False,False,False,cc25d29d7d6912dd7ecf12e4ded1a6bb9401759dd7c54a8e29363d7c39bab9f7,f50548c15f7639d57c57529bdc0f0ec9e9a4577c4ffbdf59100c4e44c90f1529,965,1250,113,2938,8028,1889,307fb5bf507fe4e5030516b7008f80924524ede563e00951e11d7556070f5d50,3.398454348091036
fresh4_sparse_grid_line_904201,sparse_grid_line,token_l1,line,empty_prioritized,l1,5,19,True,False,False,False,cc25d29d7d6912dd7ecf12e4ded1a6bb9401759dd7c54a8e29363d7c39bab9f7,f50548c15f7639d57c57529bdc0f0ec9e9a4577c4ffbdf59100c4e44c90f1529,965,1250,114,3035,7914,1956,fe159c2d286e307c85309bc862e5c5eee8ea40659b6a991a613ffbebb7779d71,3.482761005870998
fresh4_sparse_grid_line_904201,sparse_grid_line,token_l1,line,empty_prioritized,l1,5,19,True,False,False,False,cc25d29d7d6912dd7ecf12e4ded1a6bb9401759dd7c54a8e29363d7c39bab9f7,f50548c15f7639d57c57529bdc0f0ec9e9a4577c4ffbdf59100c4e44c90f1529,965,1250,115,3097,8618,2017,d517178e4709c90dd68e68020f998d954ec3236db0bb0f9229046d4f2e745634,3.793351332657039
fresh4_sparse_grid_line_904201,sparse_grid_line,token_l1,line,empty_prioritized,l1,5,19,True,False,False,False,cc25d29d7d6912dd7ecf12e4ded1a6bb9401759dd7c54a8e29363d7c39bab9f7,f50548c15f7639d57c57529bdc0f0ec9e9a4577c4ffbdf59100c4e44c90f1529,965,1250,116,3122,8520,2040,309e048a33782eaf2d8a3b724e9184c7b190c9b513c819d1c8d8446fb8bfe73a,3.7380318669602275
fresh4_sparse_grid_line_904201,sparse_grid_line,token_l1,line,empty_prioritized,l1,5,19,True,False,False,False,cc25d29d7d6912dd7ecf12e4ded1a6bb9401759dd7c54a8e29363d7c39bab9f7,f50548c15f7639d57c57529bdc0f0ec9e9a4577c4ffbdf59100c4e44c90f1529,965,1250,117,3017,8169,1929,f7da57830a6b8f929e2ef1f487a5cbc93f290240a9c2b7eaba270d0916e93398,3.617670984007418
fresh4_sparse_grid_line_904201,sparse_grid_line,token_l1,line,empty_prioritized,l1,5,19,True,False,False,False,cc25d29d7d6912dd7ecf12e4ded1a6bb9401759dd7c54a8e29363d7c39bab9f7,f50548c15f7639d57c57529bdc0f0ec9e9a4577c4ffbdf59100c4e44c90f1529,965,1250,118,3014,8099,1927,5e7d5db3ad6b532f6c7a5fe8f421947d464cc84cd57521961f0c805038bfa813,3.4721553870476782
fresh4_sparse_grid_line_904201,sparse_grid_line,token_l1,line,empty_prioritized,l1,5,19,True,False,False,False,cc25d29d7d6912dd7ecf12e4ded1a6bb9401759dd7c54a8e29363d7c39bab9f7,f50548c15f7639d57c57529bdc0f0ec9e9a4577c4ffbdf59100c4e44c90f1529,965,1250,119,2990,7700,1871,a5a3488b9f3ae2fb45552fad582effe35b8c3ec81a5e1fe16f0e47faa0bcc9cd,3.4741017860360444
fresh4_sparse_grid_line_904201,sparse_grid_line,token_l1,line,empty_prioritized,l1,5,19,True,False,False,False,cc25d29d7d6912dd7ecf12e4ded1a6bb9401759dd7c54a8e29363d7c39bab9f7,f50548c15f7639d57c57529bdc0f0ec9e9a4577c4ffbdf59100c4e44c90f1529,965,1250,120,2959,7636,1839,9ba11a31ed4df16488a92056099af7afa4cc8abc6c40d8ea97b96836bdcd5402,3.3842741642147303
fresh4_sparse_grid_line_904202,sparse_grid_line,token_l1,line,empty_prioritized,l1,5,19,True,False,False,False,46c653502794ab9532972d167cd89b6263507998c7cac5fd0863439cfdaefc5c,942dbe6a9a9de027255c752d571e67cd3e27316d0f8cf4292ce840af147f1c8d,945,1308,101,2810,7738,1846,e5b7661864b5c747f5703f48c3621c676d294710fee65de756f80ac9a559a03d,3.1773663419298828
fresh4_sparse_grid_line_904202,sparse_grid_line,token_l1,line,empty_prioritized,l1,5,19,True,False,False,False,46c653502794ab9532972d167cd89b6263507998c7cac5fd0863439cfdaefc5c,942dbe6a9a9de027255c752d571e67cd3e27316d0f8cf4292ce840af147f1c8d,945,1308,102,2894,8228,1946,f119ea3909c8498b56c78564d6777e4816086f834bb3558357032e6c86d1acb2,3.6137335998937488
fresh4_sparse_grid_line_904202,sparse_grid_line,token_l1,line,empty_prioritized,l1,5,19,True,False,False,False,46c653502794ab9532972d167cd89b6263507998c7cac5fd0863439cfdaefc5c,942dbe6a9a9de027255c752d571e67cd3e27316d0f8cf4292ce840af147f1c8d,945,1308,103,2975,8834,2016,c526384dd680baa1427b1f07154d2f12291f40171f6e10de4335f86d93744290,3.4877177011221647
fresh4_sparse_grid_line_904202,sparse_grid_line,token_l1,line,empty_prioritized,l1,5,19,True,False,False,False,46c653502794ab9532972d167cd89b6263507998c7cac5fd0863439cfdaefc5c,942dbe6a9a9de027255c752d571e67cd3e27316d0f8cf4292ce840af147f1c8d,945,1308,104,2835,7969,1930,da4bdb76e186e5259843ecbc7eaee3f4691956abf0fe67d3bcec12979e95bc64,2.983067217282951
fresh4_sparse_grid_line_904202,sparse_grid_line,token_l1,line,empty_prioritized,l1,5,19,True,False,False,False,46c653502794ab9532972d167cd89b6263507998c7cac5fd0863439cfdaefc5c,942dbe6a9a9de027255c752d571e67cd3e27316d0f8cf4292ce840af147f1c8d,945,1308,105,2970,8139,2000,e122d83cfed3f036ffd254fe589e01241aed07a447f24991b71f6a057dc98d53,3.2774841217324138
fresh4_sparse_grid_line_904202,sparse_grid_line,token_l1,line,empty_prioritized,l1,5,19,True,False,False,False,46c653502794ab9532972d167cd89b6263507998c7cac5fd0863439cfdaefc5c,942dbe6a9a9de027255c752d571e67cd3e27316d0f8cf4292ce840af147f1c8d,945,1308,106,2923,8576,2040,e4dd7e4c7e9f222192c2808cd0719eb7875a42384cabd009133a78a06ddce5d5,3.5546117732301354
fresh4_sparse_grid_line_904202,sparse_grid_line,token_l1,line,empty_prioritized,l1,5,19,True,False,False,False,46c653502794ab9532972d167cd89b6263507998c7cac5fd0863439cfdaefc5c,942dbe6a9a9de027255c752d571e67cd3e27316d0f8cf4292ce840af147f1c8d,945,1308,107,2964,8317,1970,b03ad8c60db658d2d6c9f224b2123c2521848733d0042bc57c0cfd81fc6dc2fb,3.5821404112502933
fresh4_sparse_grid_line_904202,sparse_grid_line,token_l1,line,empty_prioritized,l1,5,19,True,False,False,False,46c653502794ab9532972d167cd89b6263507998c7cac5fd0863439cfdaefc5c,942dbe6a9a9de027255c752d571e67cd3e27316d0f8cf4292ce840af147f1c8d,945,1308,108,2898,8274,1941,dd88ab1b29a36a4b6b77deec8d1a25be24becc4dc736b2353ef80d587a3bfe55,3.5103274742141366
fresh4_sparse_grid_line_904202,sparse_grid_line,token_l1,line,empty_prioritized,l1,5,19,True,False,False,False,46c653502794ab9532972d167cd89b6263507998c7cac5fd0863439cfdaefc5c,942dbe6a9a9de027255c752d571e67cd3e27316d0f8cf4292ce840af147f1c8d,945,1308,109,2917,8112,1956,c59ee781b9601092e0a218bdf1e9105f3c5da9535ef9f032da793e67c16a8afb,3.2052567983046174
fresh4_sparse_grid_line_904202,sparse_grid_line,token_l1,line,empty_prioritized,l1,5,19,True,False,False,False,46c653502794ab9532972d167cd89b6263507998c7cac5fd0863439cfdaefc5c,942dbe6a9a9de027255c752d571e67cd3e27316d0f8cf4292ce840af147f1c8d,945,1308,110,2966,8287,1926,8ad985f2b1034afa6dc1c285bb99ef0bdb6dd140e19da6f96c55d0ca8c8bd858,3.53263574000448
fresh4_sparse_grid_line_904202,sparse_grid_line,token_l1,line,empty_prioritized,l1,5,19,True,False,False,False,46c653502794ab9532972d167cd89b6263507998c7cac5fd0863439cfdaefc5c,942dbe6a9a9de027255c752d571e67cd3e27316d0f8cf4292ce840af147f1c8d,945,1308,111,2869,7809,1877,cfd7a3e2789d075ef808be30d9d88b7a9a829bf4c7b75b5889ea7fa88d2ef106,3.3599288780242205
fresh4_sparse_grid_line_904202,sparse_grid_line,token_l1,line,empty_prioritized,l1,5,19,True,False,False,False,46c653502794ab9532972d167cd89b6263507998c7cac5fd0863439cfdaefc5c,942dbe6a9a9de027255c752d571e67cd3e27316d0f8cf4292ce840af147f1c8d,945,1308,112,2933,7720,1856,9efb9d1a43fb0d30a88d6573fdf2523ae1b23b06c42173225be84cc006da28a5,3.34926870604977
fresh4_sparse_grid_line_904202,sparse_grid_line,token_l1,line,empty_prioritized,l1,5,19,True,False,False,False,46c653502794ab9532972d167cd89b6263507998c7cac5fd0863439cfdaefc5c,942dbe6a9a9de027255c752d571e67cd3e27316d0f8cf4292ce840af147f1c8d,945,1308,113,2948,8002,1951,32e1e4707f2a2fe07b22f46e6117b3571af439b569d79383b5d46559ca50c5b9,3.3765306626446545
fresh4_sparse_grid_line_904202,sparse_grid_line,token_l1,line,empty_prioritized,l1,5,19,True,False,False,False,46c653502794ab9532972d167cd89b6263507998c7cac5fd0863439cfdaefc5c,942dbe6a9a9de027255c752d571e67cd3e27316d0f8cf4292ce840af147f1c8d,945,1308,114,2940,8316,1952,662710d20807ca95fab4b835044901c858e8bbb4e5929539738dbfd884834077,3.463553253095597
fresh4_sparse_grid_line_904202,sparse_grid_line,token_l1,line,empty_prioritized,l1,5,19,True,False,False,False,46c653502794ab9532972d167cd89b6263507998c7cac5fd0863439cfdaefc5c,942dbe6a9a9de027255c752d571e67cd3e27316d0f8cf4292ce840af147f1c8d,945,1308,115,3007,8058,1979,dca6116e5bccc52cdfa63b6cbe776b9bd272139e9facfe39a75cc67fd8ab9785,3.636752087622881
fresh4_sparse_grid_line_904202,sparse_grid_line,token_l1,line,empty_prioritized,l1,5,19,True,False,False,False,46c653502794ab9532972d167cd89b6263507998c7cac5fd0863439cfdaefc5c,942dbe6a9a9de027255c752d571e67cd3e27316d0f8cf4292ce840af147f1c8d,945,1308,116,2792,7914,1851,69869f870a9054c3f24ed2973209766ce4f0ec7f2996bd30d1a202b6162d5af1,3.243533371016383
fresh4_sparse_grid_line_904202,sparse_grid_line,token_l1,line,empty_prioritized,l1,5,19,True,False,False,False,46c653502794ab9532972d167cd89b6263507998c7cac5fd0863439cfdaefc5c,942dbe6a9a9de027255c752d571e67cd3e27316d0f8cf4292ce840af147f1c8d,945,1308,117,2788,7931,1861,5cd79c03576d61f2cecb5bd9114455d476669cfc31a85de1dedbc2ddb0e8053c,3.4454664741642773
fresh4_sparse_grid_line_904202,sparse_grid_line,token_l1,line,empty_prioritized,l1,5,19,True,False,False,False,46c653502794ab9532972d167cd89b6263507998c7cac5fd0863439cfdaefc5c,942dbe6a9a9de027255c752d571e67cd3e27316d0f8cf4292ce840af147f1c8d,945,1308,118,2929,8493,1945,7267a90581d2cb955214fbbefef11499da06bbfd9355118361a83db12fa3f9b4,3.4321757289581
fresh4_sparse_grid_line_904202,sparse_grid_line,token_l1,line,empty_prioritized,l1,5,19,True,False,False,False,46c653502794ab9532972d167cd89b6263507998c7cac5fd0863439cfdaefc5c,942dbe6a9a9de027255c752d571e67cd3e27316d0f8cf4292ce840af147f1c8d,945,1308,119,2985,8673,1994,9a2f13ba285fa406603b6ba092389439faf028737186d4a5b3e05fbf8b65b294,3.541151801124215
fresh4_sparse_grid_line_904202,sparse_grid_line,token_l1,line,empty_prioritized,l1,5,19,True,False,False,False,46c653502794ab9532972d167cd89b6263507998c7cac5fd0863439cfdaefc5c,942dbe6a9a9de027255c752d571e67cd3e27316d0f8cf4292ce840af147f1c8d,945,1308,120,2904,8507,1969,b4029be6f10e0783d1595556f27e39bae53a511a4cbd9602093b7480382c4850,3.4394849059171975
fresh4_sparse_grid_line_904203,sparse_grid_line,token_l1,line,empty_prioritized,l1,5,19,True,False,False,False,d8e3f8736ee7872098f4278e04d29b8a463cecd860f30c54334207224a230181,f4d35659acb5abb3b98d1642672454480ffe20c7d6e657ebff9f6b4fb0e1f519,949,1252,101,2855,7890,1893,2937fd33a1c710de7839b01745f3d7458dc72f4eae75575de5c19207e4ba9805,3.567091487813741
fresh4_sparse_grid_line_904203,sparse_grid_line,token_l1,line,empty_prioritized,l1,5,19,True,False,False,False,d8e3f8736ee7872098f4278e04d29b8a463cecd860f30c54334207224a230181,f4d35659acb5abb3b98d1642672454480ffe20c7d6e657ebff9f6b4fb0e1f519,949,1252,102,2863,8187,1884,dd62c5472eb3513b84aaa939b69d806128dcbd771aae172d44c5ecb68411a8ca,3.3581825932487845
fresh4_sparse_grid_line_904203,sparse_grid_line,token_l1,line,empty_prioritized,l1,5,19,True,False,False,False,d8e3f8736ee7872098f4278e04d29b8a463cecd860f30c54334207224a230181,f4d35659acb5abb3b98d1642672454480ffe20c7d6e657ebff9f6b4fb0e1f519,949,1252,103,2702,7289,1765,8bb3c6e04fe8c4ef0b0bf21ac470dc1ce2c6fcaf4876c63c4b689aea85f320f8,2.824077018070966
fresh4_sparse_grid_line_904203,sparse_grid_line,token_l1,line,empty_prioritized,l1,5,19,True,False,False,False,d8e3f8736ee7872098f4278e04d29b8a463cecd860f30c54334207224a230181,f4d35659acb5abb3b98d1642672454480ffe20c7d6e657ebff9f6b4fb0e1f519,949,1252,104,2870,8169,1952,9843afa6e73b24122ff2bf84ff7a579a90459cb0a1c323e4de3239f92a930446,3.165200646966696
fresh4_sparse_grid_line_904203,sparse_grid_line,token_l1,line,empty_prioritized,l1,5,19,True,False,False,False,d8e3f8736ee7872098f4278e04d29b8a463cecd860f30c54334207224a230181,f4d35659acb5abb3b98d1642672454480ffe20c7d6e657ebff9f6b4fb0e1f519,949,1252,105,2835,7651,1841,5374fd44fe7c7f2f08563b37ef2c278eff8b3d78c882e9554a6327b4ad5ca184,3.3914284319616854
fresh4_sparse_grid_line_904203,sparse_grid_line,token_l1,line,empty_prioritized,l1,5,19,True,False,False,False,d8e3f8736ee7872098f4278e04d29b8a463cecd860f30c54334207224a230181,f4d35659acb5abb3b98d1642672454480ffe20c7d6e657ebff9f6b4fb0e1f519,949,1252,106,2876,7487,1818,f1d505c8210ce64c4c35bfeaa33205b433a2845b415f49777871f5a085c5ae80,3.2538037123158574
fresh4_sparse_grid_line_904203,sparse_grid_line,token_l1,line,empty_prioritized,l1,5,19,True,False,False,False,d8e3f8736ee7872098f4278e04d29b8a463cecd860f30c54334207224a230181,f4d35659acb5abb3b98d1642672454480ffe20c7d6e657ebff9f6b4fb0e1f519,949,1252,107,2878,7860,1924,a9c7b351258d95e1433b6917c81a75103fa983d8dd617acf4ea52cc292acf19e,3.2017886228859425
fresh4_sparse_grid_line_904203,sparse_grid_line,token_l1,line,empty_prioritized,l1,5,19,True,False,False,False,d8e3f8736ee7872098f4278e04d29b8a463cecd860f30c54334207224a230181,f4d35659acb5abb3b98d1642672454480ffe20c7d6e657ebff9f6b4fb0e1f519,949,1252,108,2886,7614,1842,51c0b9f77e1a4c8566155ffaeb87cfa303fdd0364abd4291fc0c501ee455cd35,3.3030133191496134
fresh4_sparse_grid_line_904203,sparse_grid_line,token_l1,line,empty_prioritized,l1,5,19,True,False,False,False,d8e3f8736ee7872098f4278e04d29b8a463cecd860f30c54334207224a230181,f4d35659acb5abb3b98d1642672454480ffe20c7d6e657ebff9f6b4fb0e1f519,949,1252,109,2889,7848,1912,a9e8c630222bb6543963f684995db99d1642845d4ed3e224408804d3b067d344,3.177673608995974
fresh4_sparse_grid_line_904203,sparse_grid_line,token_l1,line,empty_prioritized,l1,5,19,True,False,False,False,d8e3f8736ee7872098f4278e04d29b8a463cecd860f30c54334207224a230181,f4d35659acb5abb3b98d1642672454480ffe20c7d6e657ebff9f6b4fb0e1f519,949,1252,110,2864,7968,1895,4742153227fd9ed22d24555f632da3db78f009e6435fd236cc7287215504b270,3.192934028338641
fresh4_sparse_grid_line_904203,sparse_grid_line,token_l1,line,empty_prioritized,l1,5,19,True,False,False,False,d8e3f8736ee7872098f4278e04d29b8a463cecd860f30c54334207224a230181,f4d35659acb5abb3b98d1642672454480ffe20c7d6e657ebff9f6b4fb0e1f519,949,1252,111,2934,7603,1874,3bf9c175de33e62b4e49e5d6caf36e95588f2061a384f7183a1808ba6aff9eab,3.481268506962806
fresh4_sparse_grid_line_904203,sparse_grid_line,token_l1,line,empty_prioritized,l1,5,19,True,False,False,False,d8e3f8736ee7872098f4278e04d29b8a463cecd860f30c54334207224a230181,f4d35659acb5abb3b98d1642672454480ffe20c7d6e657ebff9f6b4fb0e1f519,949,1252,112,2835,7511,1834,1959e85997607cd6d51a2ce8ec53307f6d3006ce3324f7a9ae23e7be6abb9369,3.0512576601468027
fresh4_sparse_grid_line_904203,sparse_grid_line,token_l1,line,empty_prioritized,l1,5,19,True,False,False,False,d8e3f8736ee7872098f4278e04d29b8a463cecd860f30c54334207224a230181,f4d35659acb5abb3b98d1642672454480ffe20c7d6e657ebff9f6b4fb0e1f519,949,1252,113,3022,8055,1932,791e610ee0c59c25df8b3edc2296fc83bcb0528303d4f765fe24ecf477fb39de,3.6656019729562104
fresh4_sparse_grid_line_904203,sparse_grid_line,token_l1,line,empty_prioritized,l1,5,19,True,False,False,False,d8e3f8736ee7872098f4278e04d29b8a463cecd860f30c54334207224a230181,f4d35659acb5abb3b98d1642672454480ffe20c7d6e657ebff9f6b4fb0e1f519,949,1252,114,2840,7985,1819,46cfddc00eb7f0b4712259f2d2bed002f9d051a430faf06c5311134f4132ba3a,3.318580293096602
fresh4_sparse_grid_line_904203,sparse_grid_line,token_l1,line,empty_prioritized,l1,5,19,True,False,False,False,d8e3f8736ee7872098f4278e04d29b8a463cecd860f30c54334207224a230181,f4d35659acb5abb3b98d1642672454480ffe20c7d6e657ebff9f6b4fb0e1f519,949,1252,115,2922,7992,1918,17cdd6c9714c050a21703511f6fab8bd43e049922adf3bfc73c366862342b83a,3.102411993779242
fresh4_sparse_grid_line_904203,sparse_grid_line,token_l1,line,empty_prioritized,l1,5,19,True,False,False,False,d8e3f8736ee7872098f4278e04d29b8a463cecd860f30c54334207224a230181,f4d35659acb5abb3b98d1642672454480ffe20c7d6e657ebff9f6b4fb0e1f519,949,1252,116,2810,8034,1837,26aac811fb01e82b3237548a097ea779c556b6501ea09f94afa01a7403825b20,3.295204273890704
fresh4_sparse_grid_line_904203,sparse_grid_line,token_l1,line,empty_prioritized,l1,5,19,True,False,False,False,d8e3f8736ee7872098f4278e04d29b8a463cecd860f30c54334207224a230181,f4d35659acb5abb3b98d1642672454480ffe20c7d6e657ebff9f6b4fb0e1f519,949,1252,117,2911,8097,1977,770504bee4266fb2153b2f048838f37e00c49eff56a5d22d569626aa6d1dcca0,3.2936898740008473
fresh4_sparse_grid_line_904203,sparse_grid_line,token_l1,line,empty_prioritized,l1,5,19,True,False,False,False,d8e3f8736ee7872098f4278e04d29b8a463cecd860f30c54334207224a230181,f4d35659acb5abb3b98d1642672454480ffe20c7d6e657ebff9f6b4fb0e1f519,949,1252,118,2900,7984,1881,4f859143a60f3d5c39f7c7a309d6bf5000b327616f67ae4eca4f5025be10fd89,3.3301477460190654
fresh4_sparse_grid_line_904203,sparse_grid_line,token_l1,line,empty_prioritized,l1,5,19,True,False,False,False,d8e3f8736ee7872098f4278e04d29b8a463cecd860f30c54334207224a230181,f4d35659acb5abb3b98d1642672454480ffe20c7d6e657ebff9f6b4fb0e1f519,949,1252,119,2878,7826,1852,96ac8780e1d29448c46b75f4ea7b1bc7a16940d7beccc39c87ceaaf207ad2cde,3.413410766981542
fresh4_sparse_grid_line_904203,sparse_grid_line,token_l1,line,empty_prioritized,l1,5,19,True,False,False,False,d8e3f8736ee7872098f4278e04d29b8a463cecd860f30c54334207224a230181,f4d35659acb5abb3b98d1642672454480ffe20c7d6e657ebff9f6b4fb0e1f519,949,1252,120,2855,7693,1906,e4ed6ca69b8e61b8b74a1292f4126f063e90bbce5ad72f81ea8a12e4b3cfada0,3.108857831917703
fresh4_sparse_grid_line_904204,sparse_grid_line,token_l1,line,empty_prioritized,l1,5,19,True,False,False,False,46f640a07ba7846fbbefcd4d019f274071ad0eae615318a23399874c2bc0c170,0eab161ca451fcb4845ac34b8de78eac82bdf5afe2b72bcc512d40b39742cf9e,1037,1246,101,3333,8997,2131,9b46995d1f42600a69391e8456853f68f04ca13256781b247e74345017fe2614,4.655680313240737
fresh4_sparse_grid_line_904204,sparse_grid_line,token_l1,line,empty_prioritized,l1,5,19,True,False,False,False,46f640a07ba7846fbbefcd4d019f274071ad0eae615318a23399874c2bc0c170,0eab161ca451fcb4845ac34b8de78eac82bdf5afe2b72bcc512d40b39742cf9e,1037,1246,102,3295,8698,2061,527b174f8e7c29007a31015a1ffdd60442f30e780eb0fc89f430f84544f495a0,4.237873484380543
fresh4_sparse_grid_line_904204,sparse_grid_line,token_l1,line,empty_prioritized,l1,5,19,True,False,False,False,46f640a07ba7846fbbefcd4d019f274071ad0eae615318a23399874c2bc0c170,0eab161ca451fcb4845ac34b8de78eac82bdf5afe2b72bcc512d40b39742cf9e,1037,1246,103,3274,8498,2088,970ac630606a95875bcbdd2546e36a0a78a1285bff049dfb738b5eefc7c22913,4.1412219647318125
fresh4_sparse_grid_line_904204,sparse_grid_line,token_l1,line,empty_prioritized,l1,5,19,True,False,False,False,46f640a07ba7846fbbefcd4d019f274071ad0eae615318a23399874c2bc0c170,0eab161ca451fcb4845ac34b8de78eac82bdf5afe2b72bcc512d40b39742cf9e,1037,1246,104,3248,9050,2064,e28475a08cd2951d22c4f4c37237fcb39205d82b7af857cfe4aaf08f848b90d5,4.249576120637357
fresh4_sparse_grid_line_904204,sparse_grid_line,token_l1,line,empty_prioritized,l1,5,19,True,False,False,False,46f640a07ba7846fbbefcd4d019f274071ad0eae615318a23399874c2bc0c170,0eab161ca451fcb4845ac34b8de78eac82bdf5afe2b72bcc512d40b39742cf9e,1037,1246,105,3273,8558,1988,32d87ffb3870c42bf3c00de20a0ca43119ddc6fe0ca71a23a4e4c23bedf29692,4.377573465928435
fresh4_sparse_grid_line_904204,sparse_grid_line,token_l1,line,empty_prioritized,l1,5,19,True,False,False,False,46f640a07ba7846fbbefcd4d019f274071ad0eae615318a23399874c2bc0c170,0eab161ca451fcb4845ac34b8de78eac82bdf5afe2b72bcc512d40b39742cf9e,1037,1246,106,3263,8382,2058,de5a176e727ca19b95549c77681c24289d20b4e174b5e1018d9a71e8c4254fe5,4.283941218629479
fresh4_sparse_grid_line_904204,sparse_grid_line,token_l1,line,empty_prioritized,l1,5,19,True,False,False,False,46f640a07ba7846fbbefcd4d019f274071ad0eae615318a23399874c2bc0c170,0eab161ca451fcb4845ac34b8de78eac82bdf5afe2b72bcc512d40b39742cf9e,1037,1246,107,3192,8456,1910,d31b4e842ad4f7e913e62456d9dbbf73715f2e6ed251e1951f29750a5b6c3df8,4.320678315125406
fresh4_sparse_grid_line_904204,sparse_grid_line,token_l1,line,empty_prioritized,l1,5,19,True,False,False,False,46f640a07ba7846fbbefcd4d019f274071ad0eae615318a23399874c2bc0c170,0eab161ca451fcb4845ac34b8de78eac82bdf5afe2b72bcc512d40b39742cf9e,1037,1246,108,3257,8291,2020,f9626b2b6a8feab78e7868b49db6c13d955e0fe28aace2e23227a32fd35adf47,3.926847039256245
fresh4_sparse_grid_line_904204,sparse_grid_line,token_l1,line,empty_prioritized,l1,5,19,True,False,False,False,46f640a07ba7846fbbefcd4d019f274071ad0eae615318a23399874c2bc0c170,0eab161ca451fcb4845ac34b8de78eac82bdf5afe2b72bcc512d40b39742cf9e,1037,1246,109,3253,7938,1946,0bcdf28e6cfda3b0914acb76c4a3c56e40461c8779c0c9c26693fa3c23257aea,4.04050233727321
fresh4_sparse_grid_line_904204,sparse_grid_line,token_l1,line,empty_prioritized,l1,5,19,True,False,False,False,46f640a07ba7846fbbefcd4d019f274071ad0eae615318a23399874c2bc0c170,0eab161ca451fcb4845ac34b8de78eac82bdf5afe2b72bcc512d40b39742cf9e,1037,1246,110,3305,8548,2079,c2d3f94300a09a464b39f776345d7aaafae706a2923a82046d5041070d8173dd,4.470154691953212
fresh4_sparse_grid_line_904204,sparse_grid_line,token_l1,line,empty_prioritized,l1,5,19,True,False,False,False,46f640a07ba7846fbbefcd4d019f274071ad0eae615318a23399874c2bc0c170,0eab161ca451fcb4845ac34b8de78eac82bdf5afe2b72bcc512d40b39742cf9e,1037,1246,111,3120,7912,1911,e290a70856553eaeddcd6121b46932d0cbaf01773be88c818fd53e227b173c79,3.9122037468478084
fresh4_sparse_grid_line_904204,sparse_grid_line,token_l1,line,empty_prioritized,l1,5,19,True,False,False,False,46f640a07ba7846fbbefcd4d019f274071ad0eae615318a23399874c2bc0c170,0eab161ca451fcb4845ac34b8de78eac82bdf5afe2b72bcc512d40b39742cf9e,1037,1246,112,3283,8562,2039,e6188ad98bddf2d5ab5d9188ec6cbb674198edf2dbce606c42c3b8b31d6f7e10,4.458240577951074
fresh4_sparse_grid_line_904204,sparse_grid_line,token_l1,line,empty_prioritized,l1,5,19,True,False,False,False,46f640a07ba7846fbbefcd4d019f274071ad0eae615318a23399874c2bc0c170,0eab161ca451fcb4845ac34b8de78eac82bdf5afe2b72bcc512d40b39742cf9e,1037,1246,113,3221,8239,1945,1f765effdb6e1d3834ab26a9d1be6b2264f1fba0e2468f728e1a60975ae870bb,3.968617325183004
fresh4_sparse_grid_line_904204,sparse_grid_line,token_l1,line,empty_prioritized,l1,5,19,True,False,False,False,46f640a07ba7846fbbefcd4d019f274071ad0eae615318a23399874c2bc0c170,0eab161ca451fcb4845ac34b8de78eac82bdf5afe2b72bcc512d40b39742cf9e,1037,1246,114,3164,8116,1927,a67ae6799d5b64565fb8c68fa929b57ba28c67a9ffb25f92676e6e17da793f32,4.1262026177719235
fresh4_sparse_grid_line_904204,sparse_grid_line,token_l1,line,empty_prioritized,l1,5,19,True,False,False,False,46f640a07ba7846fbbefcd4d019f274071ad0eae615318a23399874c2bc0c170,0eab161ca451fcb4845ac34b8de78eac82bdf5afe2b72bcc512d40b39742cf9e,1037,1246,115,3176,8671,2041,817cbc857869b3e398f4f25be9252f8eccb1fe3c815fedab7a260104236a05d6,3.97268503298983
fresh4_sparse_grid_line_904204,sparse_grid_line,token_l1,line,empty_prioritized,l1,5,19,True,False,False,False,46f640a07ba7846fbbefcd4d019f274071ad0eae615318a23399874c2bc0c170,0eab161ca451fcb4845ac34b8de78eac82bdf5afe2b72bcc512d40b39742cf9e,1037,1246,116,3281,8503,1984,2e4d49c0dee9e99d93f41eac302f7173a594d944e833b74ac39c5b3221caf1d0,4.278387173078954
fresh4_sparse_grid_line_904204,sparse_grid_line,token_l1,line,empty_prioritized,l1,5,19,True,False,False,False,46f640a07ba7846fbbefcd4d019f274071ad0eae615318a23399874c2bc0c170,0eab161ca451fcb4845ac34b8de78eac82bdf5afe2b72bcc512d40b39742cf9e,1037,1246,117,3269,8566,2028,8da3f865c924b2917ef0f07c32faf5c13d449e8a01f8743c6e174aa867c29795,4.093642675317824
fresh4_sparse_grid_line_904204,sparse_grid_line,token_l1,line,empty_prioritized,l1,5,19,True,False,False,False,46f640a07ba7846fbbefcd4d019f274071ad0eae615318a23399874c2bc0c170,0eab161ca451fcb4845ac34b8de78eac82bdf5afe2b72bcc512d40b39742cf9e,1037,1246,118,3239,8977,2054,61a59ee9a3094de9e2ff1f6f7442123cb6d24b49fd06c88b3b169cacda8eddb6,4.455975318793207
fresh4_sparse_grid_line_904204,sparse_grid_line,token_l1,line,empty_prioritized,l1,5,19,True,False,False,False,46f640a07ba7846fbbefcd4d019f274071ad0eae615318a23399874c2bc0c170,0eab161ca451fcb4845ac34b8de78eac82bdf5afe2b72bcc512d40b39742cf9e,1037,1246,119,3297,8417,2021,e635ea94429fad0f42b83c4f7b261b2ad927191e8967ac83c61a1526ecee5dbf,4.194453714881092
fresh4_sparse_grid_line_904204,sparse_grid_line,token_l1,line,empty_prioritized,l1,5,19,True,False,False,False,46f640a07ba7846fbbefcd4d019f274071ad0eae615318a23399874c2bc0c170,0eab161ca451fcb4845ac34b8de78eac82bdf5afe2b72bcc512d40b39742cf9e,1037,1246,120,3330,8997,2085,45eeecf11c758272f4cb680d81f7167a56e823cb41a691572c0347867cd10e1e,4.16062072571367
fresh4_sparse_grid_line_904205,sparse_grid_line,token_l1,line,empty_prioritized,l1,5,19,True,False,False,False,44b3fc90ecb986e4da222c69cd73881788780745a05c781618c74f025b08af20,a2bc3118814580c129437cb54b54da3e2ec611c2e4238c6134241c7c6d44ca65,1065,1372,101,3238,9145,2129,1b055669aef0f143b7d4883662ab54a4e489215ce5c587479caa657c36035987,4.2489018170163035
fresh4_sparse_grid_line_904205,sparse_grid_line,token_l1,line,empty_prioritized,l1,5,19,True,False,False,False,44b3fc90ecb986e4da222c69cd73881788780745a05c781618c74f025b08af20,a2bc3118814580c129437cb54b54da3e2ec611c2e4238c6134241c7c6d44ca65,1065,1372,102,3296,9180,2097,fd88bf2d73045d845fa53cadd80ea756494d7520c5322474ec5bff2e1a37ac01,4.287087509408593
fresh4_sparse_grid_line_904205,sparse_grid_line,token_l1,line,empty_prioritized,l1,5,19,True,False,False,False,44b3fc90ecb986e4da222c69cd73881788780745a05c781618c74f025b08af20,a2bc3118814580c129437cb54b54da3e2ec611c2e4238c6134241c7c6d44ca65,1065,1372,103,3350,8970,2189,fd842888f28d0321afa96a3cf311676b34571eac1a9904b1f0bc763bf231d3db,4.427677039057016
fresh4_sparse_grid_line_904205,sparse_grid_line,token_l1,line,empty_prioritized,l1,5,19,True,False,False,False,44b3fc90ecb986e4da222c69cd73881788780745a05c781618c74f025b08af20,a2bc3118814580c129437cb54b54da3e2ec611c2e4238c6134241c7c6d44ca65,1065,1372,104,3449,9129,2221,0e88f9c2e018363a67a11f6ff4d896010aaff1d1573c62c2e8c785b3aa38f6a5,4.54234973480925
fresh4_sparse_grid_line_904205,sparse_grid_line,token_l1,line,empty_prioritized,l1,5,19,True,False,False,False,44b3fc90ecb986e4da222c69cd73881788780745a05c781618c74f025b08af20,a2bc3118814580c129437cb54b54da3e2ec611c2e4238c6134241c7c6d44ca65,1065,1372,105,3365,9365,2171,de05aca86d505c758852149415c1982aa9642879a8397909a5027cf53a48ea35,4.466416331008077
fresh4_sparse_grid_line_904205,sparse_grid_line,token_l1,line,empty_prioritized,l1,5,19,True,False,False,False,44b3fc90ecb986e4da222c69cd73881788780745a05c781618c74f025b08af20,a2bc3118814580c129437cb54b54da3e2ec611c2e4238c6134241c7c6d44ca65,1065,1372,106,3237,8612,2078,5df7caae527716be8830ab837e559bd48dc5a61ce066082dc0c00a897a04e5c0,4.055174102075398
fresh4_sparse_grid_line_904205,sparse_grid_line,token_l1,line,empty_prioritized,l1,5,19,True,False,False,False,44b3fc90ecb986e4da222c69cd73881788780745a05c781618c74f025b08af20,a2bc3118814580c129437cb54b54da3e2ec611c2e4238c6134241c7c6d44ca65,1065,1372,107,3294,8433,2020,6100fd31ef18394173f9f573f9575b98305f35a3da594d0011f10372b60297c1,4.471631200052798
fresh4_sparse_grid_line_904205,sparse_grid_line,token_l1,line,empty_prioritized,l1,5,19,True,False,False,False,44b3fc90ecb986e4da222c69cd73881788780745a05c781618c74f025b08af20,a2bc3118814580c129437cb54b54da3e2ec611c2e4238c6134241c7c6d44ca65,1065,1372,108,3270,9034,2153,9bf304891a5977e5c334bec5c12dcc46610ffe428f5128d8b4cc27f17a5f471a,4.273467096034437
fresh4_sparse_grid_line_904205,sparse_grid_line,token_l1,line,empty_prioritized,l1,5,19,True,False,False,False,44b3fc90ecb986e4da222c69cd73881788780745a05c781618c74f025b08af20,a2bc3118814580c129437cb54b54da3e2ec611c2e4238c6134241c7c6d44ca65,1065,1372,109,3332,8993,2109,2f95dcf602b0aee94da2b0638691030817ba6076437fc581cd20d2bbafa59387,4.615495280828327
fresh4_sparse_grid_line_904205,sparse_grid_line,token_l1,line,empty_prioritized,l1,5,19,True,False,False,False,44b3fc90ecb986e4da222c69cd73881788780745a05c781618c74f025b08af20,a2bc3118814580c129437cb54b54da3e2ec611c2e4238c6134241c7c6d44ca65,1065,1372,110,3345,8615,2063,1c287b93ec876f940d2dcada8e8b6526d7de8dbd75ee5de34d152f3f515bdb7b,4.030324870254844
fresh4_sparse_grid_line_904205,sparse_grid_line,token_l1,line,empty_prioritized,l1,5,19,True,False,False,False,44b3fc90ecb986e4da222c69cd73881788780745a05c781618c74f025b08af20,a2bc3118814580c129437cb54b54da3e2ec611c2e4238c6134241c7c6d44ca65,1065,1372,111,3323,9149,2118,ba78feb3d2186cb2c4a9890300a33d80d47c6ab0a60b5ee826703ab62499defa,4.419386972207576
fresh4_sparse_grid_line_904205,sparse_grid_line,token_l1,line,empty_prioritized,l1,5,19,True,False,False,False,44b3fc90ecb986e4da222c69cd73881788780745a05c781618c74f025b08af20,a2bc3118814580c129437cb54b54da3e2ec611c2e4238c6134241c7c6d44ca65,1065,1372,112,3393,8976,2149,f6deffda526b12a3515ae77367f747daa4179bef5f05d45f3f63022660f84d5d,4.498096673283726
fresh4_sparse_grid_line_904205,sparse_grid_line,token_l1,line,empty_prioritized,l1,5,19,True,False,False,False,44b3fc90ecb986e4da222c69cd73881788780745a05c781618c74f025b08af20,a2bc3118814580c129437cb54b54da3e2ec611c2e4238c6134241c7c6d44ca65,1065,1372,113,3193,8617,2042,ddd3dc2571435481396e2fdfb38f198b3bad3adb16f8d3351b6c3e3f2e09ea0c,4.094030692707747
fresh4_sparse_grid_line_904205,sparse_grid_line,token_l1,line,empty_prioritized,l1,5,19,True,False,False,False,44b3fc90ecb986e4da222c69cd73881788780745a05c781618c74f025b08af20,a2bc3118814580c129437cb54b54da3e2ec611c2e4238c6134241c7c6d44ca65,1065,1372,114,3359,8912,2156,b6d6d1de5cca2a05625c7f91a67c82938422aef9c36e60439472a94ecfb4ea38,4.3568653501570225
fresh4_sparse_grid_line_904205,sparse_grid_line,token_l1,line,empty_prioritized,l1,5,19,True,False,False,False,44b3fc90ecb986e4da222c69cd73881788780745a05c781618c74f025b08af20,a2bc3118814580c129437cb54b54da3e2ec611c2e4238c6134241c7c6d44ca65,1065,1372,115,3258,9664,2202,563718e913b1898d9cb7af82f9f4700dfd9f69a2c066d27ffde1e167a00c3e4e,4.579889475833625
fresh4_sparse_grid_line_904205,sparse_grid_line,token_l1,line,empty_prioritized,l1,5,19,True,False,False,False,44b3fc90ecb986e4da222c69cd73881788780745a05c781618c74f025b08af20,a2bc3118814580c129437cb54b54da3e2ec611c2e4238c6134241c7c6d44ca65,1065,1372,116,3213,8698,2107,9a2de62b584eb7594f58557fa0aac4cd3af4dc2538538c65e195c7aaab44adeb,4.03042726079002
fresh4_sparse_grid_line_904205,sparse_grid_line,token_l1,line,empty_prioritized,l1,5,19,True,False,False,False,44b3fc90ecb986e4da222c69cd73881788780745a05c781618c74f025b08af20,a2bc3118814580c129437cb54b54da3e2ec611c2e4238c6134241c7c6d44ca65,1065,1372,117,3314,9201,2213,41bec2f223191f6b82b7f7cb4380fdf21e92941496bbfc69870b892647d8a5a8,3.785560682415962
fresh4_sparse_grid_line_904205,sparse_grid_line,token_l1,line,empty_prioritized,l1,5,19,True,False,False,False,44b3fc90ecb986e4da222c69cd73881788780745a05c781618c74f025b08af20,a2bc3118814580c129437cb54b54da3e2ec611c2e4238c6134241c7c6d44ca65,1065,1372,118,3395,8898,2213,c4ca0d0125735cc971310d2e3493eff6574e2dd76be622953ed1f62d6911b64d,4.308617166243494
fresh4_sparse_grid_line_904205,sparse_grid_line,token_l1,line,empty_prioritized,l1,5,19,True,False,False,False,44b3fc90ecb986e4da222c69cd73881788780745a05c781618c74f025b08af20,a2bc3118814580c129437cb54b54da3e2ec611c2e4238c6134241c7c6d44ca65,1065,1372,119,3287,9063,2095,53658481538eb6ce2d349719aa700922b1f6416cf6f2a3b5ed13d16fde4a4530,4.11512710666284
fresh4_sparse_grid_line_904205,sparse_grid_line,token_l1,line,empty_prioritized,l1,5,19,True,False,False,False,44b3fc90ecb986e4da222c69cd73881788780745a05c781618c74f025b08af20,a2bc3118814580c129437cb54b54da3e2ec611c2e4238c6134241c7c6d44ca65,1065,1372,120,3270,9147,2111,098d7dd7980218f7e54bd730104b5817b91446ba57c16e3d706bf8edf29cba3b,4.190519887953997
fresh4_sparse_grid_lshape_904400,sparse_grid_lshape,token_l1,line,empty_prioritized,l1,5,19,True,False,False,False,13cbf60f1506376a717f9bfc4332466182b4ea1a7db24d7a7b1520cc44ed30b2,c9c366974d1b6284ee0056d69f4c84616011b1c88e7079fc09d078a83391af84,989,1384,101,2954,8036,1930,a9cd53bb812e13532ee1f5891eeb2f8fa617eb531f42068db8751cbfa1bb6199,3.467517878860235
fresh4_sparse_grid_lshape_904400,sparse_grid_lshape,token_l1,line,empty_prioritized,l1,5,19,True,False,False,False,13cbf60f1506376a717f9bfc4332466182b4ea1a7db24d7a7b1520cc44ed30b2,c9c366974d1b6284ee0056d69f4c84616011b1c88e7079fc09d078a83391af84,989,1384,102,3161,8548,2055,5068c0004c185df3998fa625376a5777680465580820afbadf412bd24d00dea0,3.764557612594217
fresh4_sparse_grid_lshape_904400,sparse_grid_lshape,token_l1,line,empty_prioritized,l1,5,19,True,False,False,False,13cbf60f1506376a717f9bfc4332466182b4ea1a7db24d7a7b1520cc44ed30b2,c9c366974d1b6284ee0056d69f4c84616011b1c88e7079fc09d078a83391af84,989,1384,103,3123,8383,2010,a4399022c2dc1558d0d114d2df7427ef2482104c3b25406360a8c46bfd9c29d3,3.86229340499267
fresh4_sparse_grid_lshape_904400,sparse_grid_lshape,token_l1,line,empty_prioritized,l1,5,19,True,False,False,False,13cbf60f1506376a717f9bfc4332466182b4ea1a7db24d7a7b1520cc44ed30b2,c9c366974d1b6284ee0056d69f4c84616011b1c88e7079fc09d078a83391af84,989,1384,104,3135,8112,1968,3225fd1640c6f8fb0363fabe6cb7d79848abb41357fd6d40b5107c47f68a341c,4.096955026965588
fresh4_sparse_grid_lshape_904400,sparse_grid_lshape,token_l1,line,empty_prioritized,l1,5,19,True,False,False,False,13cbf60f1506376a717f9bfc4332466182b4ea1a7db24d7a7b1520cc44ed30b2,c9c366974d1b6284ee0056d69f4c84616011b1c88e7079fc09d078a83391af84,989,1384,105,3206,8469,2056,0b52a7cc80765accc8cf902e966622a353c95c8e668dfc1e152ec93766474732,3.933808875270188
fresh4_sparse_grid_lshape_904400,sparse_grid_lshape,token_l1,line,empty_prioritized,l1,5,19,True,False,False,False,13cbf60f1506376a717f9bfc4332466182b4ea1a7db24d7a7b1520cc44ed30b2,c9c366974d1b6284ee0056d69f4c84616011b1c88e7079fc09d078a83391af84,989,1384,106,3177,8403,2002,88aad62c0a6cbcb541cfd5192d27de2ca8a1bdb0d982cacd760e603985e3a136,3.7159373010508716
fresh4_sparse_grid_lshape_904400,sparse_grid_lshape,token_l1,line,empty_prioritized,l1,5,19,True,False,False,False,13cbf60f1506376a717f9bfc4332466182b4ea1a7db24d7a7b1520cc44ed30b2,c9c366974d1b6284ee0056d69f4c84616011b1c88e7079fc09d078a83391af84,989,1384,107,3149,8459,1941,9656bbc96d12ae1da93f0e0d080f3e87629032e70772bd2c175d9f603f92d771,3.792876271996647
fresh4_sparse_grid_lshape_904400,sparse_grid_lshape,token_l1,line,empty_prioritized,l1,5,19,True,False,False,False,13cbf60f1506376a717f9bfc4332466182b4ea1a7db24d7a7b1520cc44ed30b2,c9c366974d1b6284ee0056d69f4c84616011b1c88e7079fc09d078a83391af84,989,1384,108,3024,8595,2030,3b5c8b80fee8382db20c2f8b71be9ca8457e2d73f7ee605270f89aeb2a479884,3.7555177402682602
fresh4_sparse_grid_lshape_904400,sparse_grid_lshape,token_l1,line,empty_prioritized,l1,5,19,True,False,False,False,13cbf60f1506376a717f9bfc4332466182b4ea1a7db24d7a7b1520cc44ed30b2,c9c366974d1b6284ee0056d69f4c84616011b1c88e7079fc09d078a83391af84,989,1384,109,3164,8349,2029,1fb575b7b629cfe1ec65ba7c2bb8a7af0cd1032bf9d48e5c87acf30088251b7e,3.8991752029396594
fresh4_sparse_grid_lshape_904400,sparse_grid_lshape,token_l1,line,empty_prioritized,l1,5,19,True,False,False,False,13cbf60f1506376a717f9bfc4332466182b4ea1a7db24d7a7b1520cc44ed30b2,c9c366974d1b6284ee0056d69f4c84616011b1c88e7079fc09d078a83391af84,989,1384,110,3127,8582,2038,867c368115f91bdecbca566f91d982cba1af653b796304dbee9e9b2001c26341,3.705653775949031
fresh4_sparse_grid_lshape_904400,sparse_grid_lshape,token_l1,line,empty_prioritized,l1,5,19,True,False,False,False,13cbf60f1506376a717f9bfc4332466182b4ea1a7db24d7a7b1520cc44ed30b2,c9c366974d1b6284ee0056d69f4c84616011b1c88e7079fc09d078a83391af84,989,1384,111,3106,8484,2002,0b34432d06b794788a4ee799507283a44b5245863bdd1c1c0d7bfdd383354356,3.8253808901645243
fresh4_sparse_grid_lshape_904400,sparse_grid_lshape,token_l1,line,empty_prioritized,l1,5,19,True,False,False,False,13cbf60f1506376a717f9bfc4332466182b4ea1a7db24d7a7b1520cc44ed30b2,c9c366974d1b6284ee0056d69f4c84616011b1c88e7079fc09d078a83391af84,989,1384,112,3177,8223,2048,d38d67573826f4654ae516c9ee66e6bf78a13b49402e520a2096fde1f9a0c83f,3.723262818995863
fresh4_sparse_grid_lshape_904400,sparse_grid_lshape,token_l1,line,empty_prioritized,l1,5,19,True,False,False,False,13cbf60f1506376a717f9bfc4332466182b4ea1a7db24d7a7b1520cc44ed30b2,c9c366974d1b6284ee0056d69f4c84616011b1c88e7079fc09d078a83391af84,989,1384,113,3119,8561,2061,7008b5986d23ed309d7a8b11fa838e1c93e60740aa5c12fb9257d6acbcd8ed75,3.9520875751040876
fresh4_sparse_grid_lshape_904400,sparse_grid_lshape,token_l1,line,empty_prioritized,l1,5,19,True,False,False,False,13cbf60f1506376a717f9bfc4332466182b4ea1a7db24d7a7b1520cc44ed30b2,c9c366974d1b6284ee0056d69f4c84616011b1c88e7079fc09d078a83391af84,989,1384,114,2917,8010,1947,3b6c1cb5ad8784b6fd923b892f5d5fb00637bc0fd303297c623b8dfc0d49bfb9,3.2365358681418
fresh4_sparse_grid_lshape_904400,sparse_grid_lshape,token_l1,line,empty_prioritized,l1,5,19,True,False,False,False,13cbf60f1506376a717f9bfc4332466182b4ea1a7db24d7a7b1520cc44ed30b2,c9c366974d1b6284ee0056d69f4c84616011b1c88e7079fc09d078a83391af84,989,1384,115,3165,8726,2046,f05e98b843ed4f8fc2d8b7f08f869fa2b8ce218f08a39d97204aeb2035fb528f,3.96563588315621
fresh4_sparse_grid_lshape_904400,sparse_grid_lshape,token_l1,line,empty_prioritized,l1,5,19,True,False,False,False,13cbf60f1506376a717f9bfc4332466182b4ea1a7db24d7a7b1520cc44ed30b2,c9c366974d1b6284ee0056d69f4c84616011b1c88e7079fc09d078a83391af84,989,1384,116,3118,8640,2027,960293ad064505c1c7c3517e883fc3076ad3db1e75be3121bfb2453d721a14aa,3.7390249497257173
fresh4_sparse_grid_lshape_904400,sparse_grid_lshape,token_l1,line,empty_prioritized,l1,5,19,True,False,False,False,13cbf60f1506376a717f9bfc4332466182b4ea1a7db24d7a7b1520cc44ed30b2,c9c366974d1b6284ee0056d69f4c84616011b1c88e7079fc09d078a83391af84,989,1384,117,3154,8492,2066,de2ce93b048c288ff28de8154a2d3c7311a9ca82e9b28931b2cf721a1797f05b,3.835463659837842
fresh4_sparse_grid_lshape_904400,sparse_grid_lshape,token_l1,line,empty_prioritized,l1,5,19,True,False,False,False,13cbf60f1506376a717f9bfc4332466182b4ea1a7db24d7a7b1520cc44ed30b2,c9c366974d1b6284ee0056d69f4c84616011b1c88e7079fc09d078a83391af84,989,1384,118,3116,8650,1988,188a411480abae38929ecdb96167f6811fb7fe1fadb8a459dacbd49efbb6ecde,4.278769891243428
fresh4_sparse_grid_lshape_904400,sparse_grid_lshape,token_l1,line,empty_prioritized,l1,5,19,True,False,False,False,13cbf60f1506376a717f9bfc4332466182b4ea1a7db24d7a7b1520cc44ed30b2,c9c366974d1b6284ee0056d69f4c84616011b1c88e7079fc09d078a83391af84,989,1384,119,3072,9078,2086,9e0cfa2fd63704644b158b80109da36e4841dd133239fbf76c73c5ebf113653c,3.9435911108739674
fresh4_sparse_grid_lshape_904400,sparse_grid_lshape,token_l1,line,empty_prioritized,l1,5,19,True,False,False,False,13cbf60f1506376a717f9bfc4332466182b4ea1a7db24d7a7b1520cc44ed30b2,c9c366974d1b6284ee0056d69f4c84616011b1c88e7079fc09d078a83391af84,989,1384,120,3237,8862,2145,4542668115b5da68566da420d0371eba899afac521c9d308d1003664b824925d,3.8574669039808214
fresh4_sparse_grid_lshape_904401,sparse_grid_lshape,token_l1,line,empty_prioritized,l1,5,19,True,False,False,False,47bc4d863b5aba5284c59bc589e73bd6e81435bec95666928d9d0e9f68cc175b,92ddd9bfdf73aa8d7c8008273289dd1e17e800fb7387411fd76bc2a831c74bbf,1089,1482,101,3627,9582,2186,fa7af1d6205875527e8e55efc031f5d92e52b37b545c80cffee9d3c6cc591a29,5.063611792866141
fresh4_sparse_grid_lshape_904401,sparse_grid_lshape,token_l1,line,empty_prioritized,l1,5,19,True,False,False,False,47bc4d863b5aba5284c59bc589e73bd6e81435bec95666928d9d0e9f68cc175b,92ddd9bfdf73aa8d7c8008273289dd1e17e800fb7387411fd76bc2a831c74bbf,1089,1482,102,3506,9603,2208,65ef0a13d46081b9297f7cebc94371e4cbe467eb86108bb020340f8139b0f147,4.689480290748179
fresh4_sparse_grid_lshape_904401,sparse_grid_lshape,token_l1,line,empty_prioritized,l1,5,19,True,False,False,False,47bc4d863b5aba5284c59bc589e73bd6e81435bec95666928d9d0e9f68cc175b,92ddd9bfdf73aa8d7c8008273289dd1e17e800fb7387411fd76bc2a831c74bbf,1089,1482,103,3481,8628,2070,40f6b53f719092d2319d6ca861d7b1079504533c5de04bf89f3affaa0a4c682a,4.598083177115768
fresh4_sparse_grid_lshape_904401,sparse_grid_lshape,token_l1,line,empty_prioritized,l1,5,19,True,False,False,False,47bc4d863b5aba5284c59bc589e73bd6e81435bec95666928d9d0e9f68cc175b,92ddd9bfdf73aa8d7c8008273289dd1e17e800fb7387411fd76bc2a831c74bbf,1089,1482,104,3503,9380,2193,f77de461881792d14e6902fb6307a1fb2f81a24d623e07acd36e0f47ae4b60da,4.81160228792578
fresh4_sparse_grid_lshape_904401,sparse_grid_lshape,token_l1,line,empty_prioritized,l1,5,19,True,False,False,False,47bc4d863b5aba5284c59bc589e73bd6e81435bec95666928d9d0e9f68cc175b,92ddd9bfdf73aa8d7c8008273289dd1e17e800fb7387411fd76bc2a831c74bbf,1089,1482,105,3553,9216,2189,731ff7a53d33926c96832a7e50c8c8bf386c51ba925f366eab236cd6c540d829,5.188549819868058
fresh4_sparse_grid_lshape_904401,sparse_grid_lshape,token_l1,line,empty_prioritized,l1,5,19,True,False,False,False,47bc4d863b5aba5284c59bc589e73bd6e81435bec95666928d9d0e9f68cc175b,92ddd9bfdf73aa8d7c8008273289dd1e17e800fb7387411fd76bc2a831c74bbf,1089,1482,106,3529,8875,2162,0bc957001e7c48e6fac7b80f0bd814ae371cca6b7227d049699efbc420988b56,4.771633049938828
fresh4_sparse_grid_lshape_904401,sparse_grid_lshape,token_l1,line,empty_prioritized,l1,5,19,True,False,False,False,47bc4d863b5aba5284c59bc589e73bd6e81435bec95666928d9d0e9f68cc175b,92ddd9bfdf73aa8d7c8008273289dd1e17e800fb7387411fd76bc2a831c74bbf,1089,1482,107,3474,8746,2065,96090303165814556a46ae2ee9964dc350eccfa85015b8a21ae27fb047b4fd5f,4.59764958312735
fresh4_sparse_grid_lshape_904401,sparse_grid_lshape,token_l1,line,empty_prioritized,l1,5,19,True,False,False,False,47bc4d863b5aba5284c59bc589e73bd6e81435bec95666928d9d0e9f68cc175b,92ddd9bfdf73aa8d7c8008273289dd1e17e800fb7387411fd76bc2a831c74bbf,1089,1482,108,3551,8895,2113,540d5c3f95a9d663f240afc1203a0e78ab67e9f1569a08ccbf82a73d5299c68d,5.099668392911553
fresh4_sparse_grid_lshape_904401,sparse_grid_lshape,token_l1,line,empty_prioritized,l1,5,19,True,False,False,False,47bc4d863b5aba5284c59bc589e73bd6e81435bec95666928d9d0e9f68cc175b,92ddd9bfdf73aa8d7c8008273289dd1e17e800fb7387411fd76bc2a831c74bbf,1089,1482,109,3432,8901,2095,9b9bc0ec8bfa082c87e8ebaf07441195f35eb14d95299c8bb5b0a4818143d74e,4.1955999648198485
fresh4_sparse_grid_lshape_904401,sparse_grid_lshape,token_l1,line,empty_prioritized,l1,5,19,True,False,False,False,47bc4d863b5aba5284c59bc589e73bd6e81435bec95666928d9d0e9f68cc175b,92ddd9bfdf73aa8d7c8008273289dd1e17e800fb7387411fd76bc2a831c74bbf,1089,1482,110,3626,9866,2342,17060d7baba6306c287796fdeff1fc129b4cb9b15143fb2652b500ad1d3e2e8e,5.249509704299271
fresh4_sparse_grid_lshape_904401,sparse_grid_lshape,token_l1,line,empty_prioritized,l1,5,19,True,False,False,False,47bc4d863b5aba5284c59bc589e73bd6e81435bec95666928d9d0e9f68cc175b,92ddd9bfdf73aa8d7c8008273289dd1e17e800fb7387411fd76bc2a831c74bbf,1089,1482,111,3550,9672,2204,fd7979a4e8aefc6a7ee1f4a9053ff98f7d1e0196207ffe2e210f0e792931c984,4.7566452021710575
fresh4_sparse_grid_lshape_904401,sparse_grid_lshape,token_l1,line,empty_prioritized,l1,5,19,True,False,False,False,47bc4d863b5aba5284c59bc589e73bd6e81435bec95666928d9d0e9f68cc175b,92ddd9bfdf73aa8d7c8008273289dd1e17e800fb7387411fd76bc2a831c74bbf,1089,1482,112,3422,8733,2132,7374584edf2ce2199171e6662bfb4684b399e1754e32408fdc2e61258af06a7d,4.340991751290858
fresh4_sparse_grid_lshape_904401,sparse_grid_lshape,token_l1,line,empty_prioritized,l1,5,19,True,False,False,False,47bc4d863b5aba5284c59bc589e73bd6e81435bec95666928d9d0e9f68cc175b,92ddd9bfdf73aa8d7c8008273289dd1e17e800fb7387411fd76bc2a831c74bbf,1089,1482,113,3545,9219,2145,bb03b2cd7645c1ab17e9e5e926bef1e2afa6a19072736c58d2c940a6da471491,5.0625003590248525
fresh4_sparse_grid_lshape_904401,sparse_grid_lshape,token_l1,line,empty_prioritized,l1,5,19,True,False,False,False,47bc4d863b5aba5284c59bc589e73bd6e81435bec95666928d9d0e9f68cc175b,92ddd9bfdf73aa8d7c8008273289dd1e17e800fb7387411fd76bc2a831c74bbf,1089,1482,114,3501,8871,2155,37c615fb7b0e807b9679ebb21487e328dfe760c8d72a86801e7e2ee39232b33e,4.643016312737018
fresh4_sparse_grid_lshape_904401,sparse_grid_lshape,token_l1,line,empty_prioritized,l1,5,19,True,False,False,False,47bc4d863b5aba5284c59bc589e73bd6e81435bec95666928d9d0e9f68cc175b,92ddd9bfdf73aa8d7c8008273289dd1e17e800fb7387411fd76bc2a831c74bbf,1089,1482,115,3559,10053,2237,59501ac3bb1967f4c2cfc98d5005fcbe2dcaf467e2fddb2dc8b258c429ff15d4,4.891058919019997
fresh4_sparse_grid_lshape_904401,sparse_grid_lshape,token_l1,line,empty_prioritized,l1,5,19,True,False,False,False,47bc4d863b5aba5284c59bc589e73bd6e81435bec95666928d9d0e9f68cc175b,92ddd9bfdf73aa8d7c8008273289dd1e17e800fb7387411fd76bc2a831c74bbf,1089,1482,116,3577,9734,2182,8f19552c98f17ae1b5b819645546d1a2ae5e11082aceea444e2fc97faabf7541,5.017508872784674
fresh4_sparse_grid_lshape_904401,sparse_grid_lshape,token_l1,line,empty_prioritized,l1,5,19,True,False,False,False,47bc4d863b5aba5284c59bc589e73bd6e81435bec95666928d9d0e9f68cc175b,92ddd9bfdf73aa8d7c8008273289dd1e17e800fb7387411fd76bc2a831c74bbf,1089,1482,117,3495,9280,2194,7d1158553eeb6756ceb481a4988fd0766365cd3f2e0f81038a9a10677607dc22,4.882240861654282
fresh4_sparse_grid_lshape_904401,sparse_grid_lshape,token_l1,line,empty_prioritized,l1,5,19,True,False,False,False,47bc4d863b5aba5284c59bc589e73bd6e81435bec95666928d9d0e9f68cc175b,92ddd9bfdf73aa8d7c8008273289dd1e17e800fb7387411fd76bc2a831c74bbf,1089,1482,118,3521,9028,2125,f0b91ed006684332de7917260b583e38d5b48900a18cecfb8fbf8485d4d130de,5.1507813688367605
fresh4_sparse_grid_lshape_904401,sparse_grid_lshape,token_l1,line,empty_prioritized,l1,5,19,True,False,False,False,47bc4d863b5aba5284c59bc589e73bd6e81435bec95666928d9d0e9f68cc175b,92ddd9bfdf73aa8d7c8008273289dd1e17e800fb7387411fd76bc2a831c74bbf,1089,1482,119,3454,9276,2151,e0b5c9c50110a81c06cb0c9fc694002616faa36e89191510e1b67363431dae7c,4.596225502900779
fresh4_sparse_grid_lshape_904401,sparse_grid_lshape,token_l1,line,empty_prioritized,l1,5,19,True,False,False,False,47bc4d863b5aba5284c59bc589e73bd6e81435bec95666928d9d0e9f68cc175b,92ddd9bfdf73aa8d7c8008273289dd1e17e800fb7387411fd76bc2a831c74bbf,1089,1482,120,3603,9784,2289,602fa8e2a2fce1a83706bdccca8726c7c7930ad86b6c053ad1d3ce4f41de64c7,5.134365112986416
fresh4_sparse_grid_lshape_904402,sparse_grid_lshape,token_l1,line,empty_prioritized,l1,5,19,True,False,False,False,eb061289e77ea63ae81a0d223ed8f95dc22d20e81a462a8619a7f9f34ddbf574,c0d98b6e2687a4fe5801def99fc399a406bb1fcb74b8597b89dce7ded4bc13dc,845,1078,101,2626,7059,1651,91d2b405595a51d0e9ebd2ad9826bd06c0cfafcc3cb51ab3b12dc23982bb0978,2.7897481080144644
fresh4_sparse_grid_lshape_904402,sparse_grid_lshape,token_l1,line,empty_prioritized,l1,5,19,True,False,False,False,eb061289e77ea63ae81a0d223ed8f95dc22d20e81a462a8619a7f9f34ddbf574,c0d98b6e2687a4fe5801def99fc399a406bb1fcb74b8597b89dce7ded4bc13dc,845,1078,102,2631,6798,1583,71ce803058bd299fb6cb989461fae0c8f944af135760b52919e565c260ea9da4,2.9451443357393146
fresh4_sparse_grid_lshape_904402,sparse_grid_lshape,token_l1,line,empty_prioritized,l1,5,19,True,False,False,False,eb061289e77ea63ae81a0d223ed8f95dc22d20e81a462a8619a7f9f34ddbf574,c0d98b6e2687a4fe5801def99fc399a406bb1fcb74b8597b89dce7ded4bc13dc,845,1078,103,2581,6606,1613,3199c3fdc59767baf59c8c633147eb20fe6001d9e208fa21ed73d8df3217fe2a,2.7829142319969833
fresh4_sparse_grid_lshape_904402,sparse_grid_lshape,token_l1,line,empty_prioritized,l1,5,19,True,False,False,False,eb061289e77ea63ae81a0d223ed8f95dc22d20e81a462a8619a7f9f34ddbf574,c0d98b6e2687a4fe5801def99fc399a406bb1fcb74b8597b89dce7ded4bc13dc,845,1078,104,2647,7089,1635,aa51b33d40c097c3af3ec6b51804aced586ae82d74dffa2134fb74d1d4982c7e,2.797927707899362
fresh4_sparse_grid_lshape_904402,sparse_grid_lshape,token_l1,line,empty_prioritized,l1,5,19,True,False,False,False,eb061289e77ea63ae81a0d223ed8f95dc22d20e81a462a8619a7f9f34ddbf574,c0d98b6e2687a4fe5801def99fc399a406bb1fcb74b8597b89dce7ded4bc13dc,845,1078,105,2462,7068,1592,c0e24572fec7eb7628a281dab7ccef073fcca53b44951e06eec7637cd844857d,2.6711513632908463
fresh4_sparse_grid_lshape_904402,sparse_grid_lshape,token_l1,line,empty_prioritized,l1,5,19,True,False,False,False,eb061289e77ea63ae81a0d223ed8f95dc22d20e81a462a8619a7f9f34ddbf574,c0d98b6e2687a4fe5801def99fc399a406bb1fcb74b8597b89dce7ded4bc13dc,845,1078,106,2560,6641,1562,0c5b32d0513102314f8fed2c4fab2efe8d9e9cc7edd0e5ca3a2cbf469f5707a2,2.5974131859838963
fresh4_sparse_grid_lshape_904402,sparse_grid_lshape,token_l1,line,empty_prioritized,l1,5,19,True,False,False,False,eb061289e77ea63ae81a0d223ed8f95dc22d20e81a462a8619a7f9f34ddbf574,c0d98b6e2687a4fe5801def99fc399a406bb1fcb74b8597b89dce7ded4bc13dc,845,1078,107,2628,7129,1671,a498c8229acf6748dae87854317ded50daaf412b98ed0ac2289965f86abc1cf2,3.192088782787323
fresh4_sparse_grid_lshape_904402,sparse_grid_lshape,token_l1,line,empty_prioritized,l1,5,19,True,False,False,False,eb061289e77ea63ae81a0d223ed8f95dc22d20e81a462a8619a7f9f34ddbf574,c0d98b6e2687a4fe5801def99fc399a406bb1fcb74b8597b89dce7ded4bc13dc,845,1078,108,2601,6788,1610,ec3ffe28fbc7037fca3381e1f2b57662fd9840a74e3be34d7e5bcaa831a46a9c,2.678662619087845
fresh4_sparse_grid_lshape_904402,sparse_grid_lshape,token_l1,line,empty_prioritized,l1,5,19,True,False,False,False,eb061289e77ea63ae81a0d223ed8f95dc22d20e81a462a8619a7f9f34ddbf574,c0d98b6e2687a4fe5801def99fc399a406bb1fcb74b8597b89dce7ded4bc13dc,845,1078,109,2520,6852,1579,de734bdb68d18d3b9ca3a512fd59592a41f75bcae790be5e2320b5726b276086,2.5328896888531744
fresh4_sparse_grid_lshape_904402,sparse_grid_lshape,token_l1,line,empty_prioritized,l1,5,19,True,False,False,False,eb061289e77ea63ae81a0d223ed8f95dc22d20e81a462a8619a7f9f34ddbf574,c0d98b6e2687a4fe5801def99fc399a406bb1fcb74b8597b89dce7ded4bc13dc,845,1078,110,2529,6192,1511,a6696ec4a402b4bc6a655fe63a2d8b4a0ed206f52b05199789d7b4a869072f41,2.5808469681069255
fresh4_sparse_grid_lshape_904402,sparse_grid_lshape,token_l1,line,empty_prioritized,l1,5,19,True,False,False,False,eb061289e77ea63ae81a0d223ed8f95dc22d20e81a462a8619a7f9f34ddbf574,c0d98b6e2687a4fe5801def99fc399a406bb1fcb74b8597b89dce7ded4bc13dc,845,1078,111,2480,6810,1617,aae0247e696f9079a839eef80ab6a29a28e99b86a2af85abe0556af61325ae44,2.4168775221332908
fresh4_sparse_grid_lshape_904402,sparse_grid_lshape,token_l1,line,empty_prioritized,l1,5,19,True,False,False,False,eb061289e77ea63ae81a0d223ed8f95dc22d20e81a462a8619a7f9f34ddbf574,c0d98b6e2687a4fe5801def99fc399a406bb1fcb74b8597b89dce7ded4bc13dc,845,1078,112,2572,6547,1585,4623577fc17444dcd56049c31459922540026e2c96ffa8af0bec4fd94308dec6,2.549265610985458
fresh4_sparse_grid_lshape_904402,sparse_grid_lshape,token_l1,line,empty_prioritized,l1,5,19,True,False,False,False,eb061289e77ea63ae81a0d223ed8f95dc22d20e81a462a8619a7f9f34ddbf574,c0d98b6e2687a4fe5801def99fc399a406bb1fcb74b8597b89dce7ded4bc13dc,845,1078,113,2611,6993,1651,5593ba605833bb5987677ebbb8da5ffc8b1999de2060b52e390d6d354058f483,2.8846793812699616
fresh4_sparse_grid_lshape_904402,sparse_grid_lshape,token_l1,line,empty_prioritized,l1,5,19,True,False,False,False,eb061289e77ea63ae81a0d223ed8f95dc22d20e81a462a8619a7f9f34ddbf574,c0d98b6e2687a4fe5801def99fc399a406bb1fcb74b8597b89dce7ded4bc13dc,845,1078,114,2616,7174,1643,19fbcbe5d7d66f6533879956c3014b17253bbef31d0d7aac167ce0c7c1e0fe76,3.076596018858254
fresh4_sparse_grid_lshape_904402,sparse_grid_lshape,token_l1,line,empty_prioritized,l1,5,19,True,False,False,False,eb061289e77ea63ae81a0d223ed8f95dc22d20e81a462a8619a7f9f34ddbf574,c0d98b6e2687a4fe5801def99fc399a406bb1fcb74b8597b89dce7ded4bc13dc,845,1078,115,2530,6430,1537,1be674f4b85dc859d780fdc67b46abd6746795ebf23a637bc39ea93ec8ef3416,2.686228157952428
fresh4_sparse_grid_lshape_904402,sparse_grid_lshape,token_l1,line,empty_prioritized,l1,5,19,True,False,False,False,eb061289e77ea63ae81a0d223ed8f95dc22d20e81a462a8619a7f9f34ddbf574,c0d98b6e2687a4fe5801def99fc399a406bb1fcb74b8597b89dce7ded4bc13dc,845,1078,116,2604,6846,1661,89a72c91a189fba5866ab5b71017782679cefe3ee52fb38871bff9ec93e147dd,2.839609217364341
fresh4_sparse_grid_lshape_904402,sparse_grid_lshape,token_l1,line,empty_prioritized,l1,5,19,True,False,False,False,eb061289e77ea63ae81a0d223ed8f95dc22d20e81a462a8619a7f9f34ddbf574,c0d98b6e2687a4fe5801def99fc399a406bb1fcb74b8597b89dce7ded4bc13dc,845,1078,117,2513,6702,1611,e93d1f0d0173e059b483548c160adb074d17e848420058b6e957bdc1a84c7aa5,2.684537316672504
fresh4_sparse_grid_lshape_904402,sparse_grid_lshape,token_l1,line,empty_prioritized,l1,5,19,True,False,False,False,eb061289e77ea63ae81a0d223ed8f95dc22d20e81a462a8619a7f9f34ddbf574,c0d98b6e2687a4fe5801def99fc399a406bb1fcb74b8597b89dce7ded4bc13dc,845,1078,118,2642,7691,1756,e105b3b21bb5cd8950b8fd36aee27335d4113f6bc03c31f9442228165fb70cf8,2.8394861659035087
fresh4_sparse_grid_lshape_904402,sparse_grid_lshape,token_l1,line,empty_prioritized,l1,5,19,True,False,False,False,eb061289e77ea63ae81a0d223ed8f95dc22d20e81a462a8619a7f9f34ddbf574,c0d98b6e2687a4fe5801def99fc399a406bb1fcb74b8597b89dce7ded4bc13dc,845,1078,119,2626,6909,1650,d461cc83636f4d42900e75aa31abb29a39882d4900dbb0abb23a761bd0d455e5,3.0602687690407038
fresh4_sparse_grid_lshape_904402,sparse_grid_lshape,token_l1,line,empty_prioritized,l1,5,19,True,False,False,False,eb061289e77ea63ae81a0d223ed8f95dc22d20e81a462a8619a7f9f34ddbf574,c0d98b6e2687a4fe5801def99fc399a406bb1fcb74b8597b89dce7ded4bc13dc,845,1078,120,2528,6351,1523,5dafa74ba82dcf2859646d5c65b258b2c0da35f69a8590c75d962a454dfd3cf9,2.677550704218447
fresh4_sparse_grid_lshape_904403,sparse_grid_lshape,token_l1,line,empty_prioritized,l1,5,19,True,False,False,False,442c08134eb0fc7c52d4ca61e54144ed4b04cafe45e24acdffdbbdd00f7df2c9,6e9f85fca33a05ebcdd987a2a89ef0293a184ca66c52a0d29778a5ca29311d9f,945,1172,101,2807,7069,1622,71b3b6aa0ee5e91a2b04a7415c1a7e11948df9daad01793f0e6f292ccea7d878,3.5892773550003767
fresh4_sparse_grid_lshape_904403,sparse_grid_lshape,token_l1,line,empty_prioritized,l1,5,19,True,False,False,False,442c08134eb0fc7c52d4ca61e54144ed4b04cafe45e24acdffdbbdd00f7df2c9,6e9f85fca33a05ebcdd987a2a89ef0293a184ca66c52a0d29778a5ca29311d9f,945,1172,102,2740,6952,1667,261c9dec8c72fe8dda639d18eda721230018f72ee922ce32ed281f0dd52b52e6,3.0680377390235662
fresh4_sparse_grid_lshape_904403,sparse_grid_lshape,token_l1,line,empty_prioritized,l1,5,19,True,False,False,False,442c08134eb0fc7c52d4ca61e54144ed4b04cafe45e24acdffdbbdd00f7df2c9,6e9f85fca33a05ebcdd987a2a89ef0293a184ca66c52a0d29778a5ca29311d9f,945,1172,103,2902,7249,1701,a18676fcfcc9499115aa09118e468b44ae906a7008bfcd632308bf0518e1d865,3.326148868072778
fresh4_sparse_grid_lshape_904403,sparse_grid_lshape,token_l1,line,empty_prioritized,l1,5,19,True,False,False,False,442c08134eb0fc7c52d4ca61e54144ed4b04cafe45e24acdffdbbdd00f7df2c9,6e9f85fca33a05ebcdd987a2a89ef0293a184ca66c52a0d29778a5ca29311d9f,945,1172,104,2856,7248,1690,e8b5131f8f35ae234a479453487f52aefc08ccf3747e7a37d6cb2ceb3fc0fe2f,3.5682970792986453
fresh4_sparse_grid_lshape_904403,sparse_grid_lshape,token_l1,line,empty_prioritized,l1,5,19,True,False,False,False,442c08134eb0fc7c52d4ca61e54144ed4b04cafe45e24acdffdbbdd00f7df2c9,6e9f85fca33a05ebcdd987a2a89ef0293a184ca66c52a0d29778a5ca29311d9f,945,1172,105,2961,7410,1785,e339b1f19d30210829842dd39fd6ac123e9f752096d59138d2595fba66580780,3.3080702726729214
fresh4_sparse_grid_lshape_904403,sparse_grid_lshape,token_l1,line,empty_prioritized,l1,5,19,True,False,False,False,442c08134eb0fc7c52d4ca61e54144ed4b04cafe45e24acdffdbbdd00f7df2c9,6e9f85fca33a05ebcdd987a2a89ef0293a184ca66c52a0d29778a5ca29311d9f,945,1172,106,2841,7309,1739,fe44254ecc5092333d950ca6610c4e8356f47b7852b0dbb875e955b09fb4ed50,3.3038575719110668
fresh4_sparse_grid_lshape_904403,sparse_grid_lshape,token_l1,line,empty_prioritized,l1,5,19,True,False,False,False,442c08134eb0fc7c52d4ca61e54144ed4b04cafe45e24acdffdbbdd00f7df2c9,6e9f85fca33a05ebcdd987a2a89ef0293a184ca66c52a0d29778a5ca29311d9f,945,1172,107,2878,6896,1654,b8f4197811216fbd712f25aac5cab07674ea4111e75376bcb9454afb1f4796a7,3.05804382590577
fresh4_sparse_grid_lshape_904403,sparse_grid_lshape,token_l1,line,empty_prioritized,l1,5,19,True,False,False,False,442c08134eb0fc7c52d4ca61e54144ed4b04cafe45e24acdffdbbdd00f7df2c9,6e9f85fca33a05ebcdd987a2a89ef0293a184ca66c52a0d29778a5ca29311d9f,945,1172,108,2836,7358,1684,757aad76ea9feef3843680670b06f72db5e61d7baa088534b56234ee91b23301,3.463512106332928
fresh4_sparse_grid_lshape_904403,sparse_grid_lshape,token_l1,line,empty_prioritized,l1,5,19,True,False,False,False,442c08134eb0fc7c52d4ca61e54144ed4b04cafe45e24acdffdbbdd00f7df2c9,6e9f85fca33a05ebcdd987a2a89ef0293a184ca66c52a0d29778a5ca29311d9f,945,1172,109,2916,7032,1730,40f13886a33836515d5e7c65c77b27f17eae57e14dc6d61646ea657078a5ba80,3.2090758099220693
fresh4_sparse_grid_lshape_904403,sparse_grid_lshape,token_l1,line,empty_prioritized,l1,5,19,True,False,False,False,442c08134eb0fc7c52d4ca61e54144ed4b04cafe45e24acdffdbbdd00f7df2c9,6e9f85fca33a05ebcdd987a2a89ef0293a184ca66c52a0d29778a5ca29311d9f,945,1172,110,2881,7215,1719,fd1a7db7c871c88b0736a05dfe94a55342556e4d8f2842e66e995b57ad510c81,3.3092728587798774
fresh4_sparse_grid_lshape_904403,sparse_grid_lshape,token_l1,line,empty_prioritized,l1,5,19,True,False,False,False,442c08134eb0fc7c52d4ca61e54144ed4b04cafe45e24acdffdbbdd00f7df2c9,6e9f85fca33a05ebcdd987a2a89ef0293a184ca66c52a0d29778a5ca29311d9f,945,1172,111,2914,6947,1620,cef708d385e03cf09b40f6f4da9796fa7a2222d37e63d885f6ab680ff0c54fc7,3.6211490873247385
fresh4_sparse_grid_lshape_904403,sparse_grid_lshape,token_l1,line,empty_prioritized,l1,5,19,True,False,False,False,442c08134eb0fc7c52d4ca61e54144ed4b04cafe45e24acdffdbbdd00f7df2c9,6e9f85fca33a05ebcdd987a2a89ef0293a184ca66c52a0d29778a5ca29311d9f,945,1172,112,2866,6852,1669,c57615b8d57624fa9e46e9b284e78a9dbdb5423435d042fb150dfbfb52f68447,3.2127986708655953
fresh4_sparse_grid_lshape_904403,sparse_grid_lshape,token_l1,line,empty_prioritized,l1,5,19,True,False,False,False,442c08134eb0fc7c52d4ca61e54144ed4b04cafe45e24acdffdbbdd00f7df2c9,6e9f85fca33a05ebcdd987a2a89ef0293a184ca66c52a0d29778a5ca29311d9f,945,1172,113,2870,7448,1721,b03ada2ff1f83b230d2d13b04ca2cfee1f8da23a26c946908b1574faccdce79f,3.4949973141774535
fresh4_sparse_grid_lshape_904403,sparse_grid_lshape,token_l1,line,empty_prioritized,l1,5,19,True,False,False,False,442c08134eb0fc7c52d4ca61e54144ed4b04cafe45e24acdffdbbdd00f7df2c9,6e9f85fca33a05ebcdd987a2a89ef0293a184ca66c52a0d29778a5ca29311d9f,945,1172,114,2793,7039,1728,489f02bed6ebf95e941290f3235744520dc0de1fd621ffc0d5134e982ec2bfab,3.1261847470887005
fresh4_sparse_grid_lshape_904403,sparse_grid_lshape,token_l1,line,empty_prioritized,l1,5,19,True,False,False,False,442c08134eb0fc7c52d4ca61e54144ed4b04cafe45e24acdffdbbdd00f7df2c9,6e9f85fca33a05ebcdd987a2a89ef0293a184ca66c52a0d29778a5ca29311d9f,945,1172,115,2759,7127,1670,164702bbace86357d73e98ac963566fad673ca562dd6b892309b13904f5b0449,2.945615340024233
fresh4_sparse_grid_lshape_904403,sparse_grid_lshape,token_l1,line,empty_prioritized,l1,5,19,True,False,False,False,442c08134eb0fc7c52d4ca61e54144ed4b04cafe45e24acdffdbbdd00f7df2c9,6e9f85fca33a05ebcdd987a2a89ef0293a184ca66c52a0d29778a5ca29311d9f,945,1172,116,2726,6957,1662,56b1cbdc2fbe4dd2f3ee3fda10981c1662fe17b64eed6c9e5aaddb5eb0ae97a1,3.1643284810706973
fresh4_sparse_grid_lshape_904403,sparse_grid_lshape,token_l1,line,empty_prioritized,l1,5,19,True,False,False,False,442c08134eb0fc7c52d4ca61e54144ed4b04cafe45e24acdffdbbdd00f7df2c9,6e9f85fca33a05ebcdd987a2a89ef0293a184ca66c52a0d29778a5ca29311d9f,945,1172,117,2960,7011,1708,de1bb28339cea5311e11c164d0452031abe8c9ffe723a7821de82db3d2e04076,3.317647703923285
fresh4_sparse_grid_lshape_904403,sparse_grid_lshape,token_l1,line,empty_prioritized,l1,5,19,True,False,False,False,442c08134eb0fc7c52d4ca61e54144ed4b04cafe45e24acdffdbbdd00f7df2c9,6e9f85fca33a05ebcdd987a2a89ef0293a184ca66c52a0d29778a5ca29311d9f,945,1172,118,2805,7034,1655,8e79cf78819ca15948ac5b53bca1ae7d54ac742ec9af0606117ed48840e943d2,3.2363215861842036
fresh4_sparse_grid_lshape_904403,sparse_grid_lshape,token_l1,line,empty_prioritized,l1,5,19,True,False,False,False,442c08134eb0fc7c52d4ca61e54144ed4b04cafe45e24acdffdbbdd00f7df2c9,6e9f85fca33a05ebcdd987a2a89ef0293a184ca66c52a0d29778a5ca29311d9f,945,1172,119,2948,7617,1735,6b946c6bc0f08f5d37066d0acfd8748ff2726ba992cb1c14eecfadec9aca0cad,3.5047101289965212
fresh4_sparse_grid_lshape_904403,sparse_grid_lshape,token_l1,line,empty_prioritized,l1,5,19,True,False,False,False,442c08134eb0fc7c52d4ca61e54144ed4b04cafe45e24acdffdbbdd00f7df2c9,6e9f85fca33a05ebcdd987a2a89ef0293a184ca66c52a0d29778a5ca29311d9f,945,1172,120,2844,6773,1615,ef54a3cbeb61cc929f34a915fb7e8a279a36aee839c0314e27f2ad16307720e5,3.1627026018686593
fresh4_sparse_grid_lshape_904404,sparse_grid_lshape,token_l1,line,empty_prioritized,l1,5,19,True,False,False,False,3dea5a4ca29ea7ac8d5d359d77b497a428fc9300a31412e904e4f6705aebea2c,f98db45d1cacc2a3eb7cc0f95210f99d5c34af21b8c6ed27a12963a790bc9696,1089,1482,101,3627,9582,2186,c85ba0fbf842f4087048f05ba328360ec37333908c1b5771d934c4d52fba00ee,5.066315052565187
fresh4_sparse_grid_lshape_904404,sparse_grid_lshape,token_l1,line,empty_prioritized,l1,5,19,True,False,False,False,3dea5a4ca29ea7ac8d5d359d77b497a428fc9300a31412e904e4f6705aebea2c,f98db45d1cacc2a3eb7cc0f95210f99d5c34af21b8c6ed27a12963a790bc9696,1089,1482,102,3506,9603,2208,f8a5a49da9b9528811dec452507d77fd44a7d779d9b87f98dd64a6bc93444f7d,4.712458163965493
fresh4_sparse_grid_lshape_904404,sparse_grid_lshape,token_l1,line,empty_prioritized,l1,5,19,True,False,False,False,3dea5a4ca29ea7ac8d5d359d77b497a428fc9300a31412e904e4f6705aebea2c,f98db45d1cacc2a3eb7cc0f95210f99d5c34af21b8c6ed27a12963a790bc9696,1089,1482,103,3481,8628,2070,c6da72dc6cdc7e1a09574946f4996ab7fa81ee8d6fd621ddc21fcdd2d9753cd5,4.574719340074807
fresh4_sparse_grid_lshape_904404,sparse_grid_lshape,token_l1,line,empty_prioritized,l1,5,19,True,False,False,False,3dea5a4ca29ea7ac8d5d359d77b497a428fc9300a31412e904e4f6705aebea2c,f98db45d1cacc2a3eb7cc0f95210f99d5c34af21b8c6ed27a12963a790bc9696,1089,1482,104,3503,9380,2193,d7b7a2a9a494a1c0d07a8dd833669aff80fd2550b38bd0c949674051579ad743,4.750933139119297
fresh4_sparse_grid_lshape_904404,sparse_grid_lshape,token_l1,line,empty_prioritized,l1,5,19,True,False,False,False,3dea5a4ca29ea7ac8d5d359d77b497a428fc9300a31412e904e4f6705aebea2c,f98db45d1cacc2a3eb7cc0f95210f99d5c34af21b8c6ed27a12963a790bc9696,1089,1482,105,3553,9216,2189,92935da4a285a3cbe98d81ab1a78f7f9c230e6c5cb0f06d02303205f07d4f6b1,5.078113710042089
fresh4_sparse_grid_lshape_904404,sparse_grid_lshape,token_l1,line,empty_prioritized,l1,5,19,True,False,False,False,3dea5a4ca29ea7ac8d5d359d77b497a428fc9300a31412e904e4f6705aebea2c,f98db45d1cacc2a3eb7cc0f95210f99d5c34af21b8c6ed27a12963a790bc9696,1089,1482,106,3529,8875,2162,397794d89b4ac472bf85a4161cfacfa01205d6f8eeb81a2488830ae7b28e3b5d,4.6767010148614645
fresh4_sparse_grid_lshape_904404,sparse_grid_lshape,token_l1,line,empty_prioritized,l1,5,19,True,False,False,False,3dea5a4ca29ea7ac8d5d359d77b497a428fc9300a31412e904e4f6705aebea2c,f98db45d1cacc2a3eb7cc0f95210f99d5c34af21b8c6ed27a12963a790bc9696,1089,1482,107,3474,8746,2065,9a845ff57556de31b97a690d272425a4b9c56e86974e8f85793b27e72365496f,4.563027874100953
fresh4_sparse_grid_lshape_904404,sparse_grid_lshape,token_l1,line,empty_prioritized,l1,5,19,True,False,False,False,3dea5a4ca29ea7ac8d5d359d77b497a428fc9300a31412e904e4f6705aebea2c,f98db45d1cacc2a3eb7cc0f95210f99d5c34af21b8c6ed27a12963a790bc9696,1089,1482,108,3551,8895,2113,dfda15b1cfdc5f4b86505e3512a99de6b3db89a9c237ff7d09766a1cd1a493a9,5.0624820436351
fresh4_sparse_grid_lshape_904404,sparse_grid_lshape,token_l1,line,empty_prioritized,l1,5,19,True,False,False,False,3dea5a4ca29ea7ac8d5d359d77b497a428fc9300a31412e904e4f6705aebea2c,f98db45d1cacc2a3eb7cc0f95210f99d5c34af21b8c6ed27a12963a790bc9696,1089,1482,109,3432,8901,2095,8cc82f2dcfea81cc91f2d84aab4a0608787970e2188fb94f8b47ccc4cc0a08d2,4.1680598156526685
fresh4_sparse_grid_lshape_904404,sparse_grid_lshape,token_l1,line,empty_prioritized,l1,5,19,True,False,False,False,3dea5a4ca29ea7ac8d5d359d77b497a428fc9300a31412e904e4f6705aebea2c,f98db45d1cacc2a3eb7cc0f95210f99d5c34af21b8c6ed27a12963a790bc9696,1089,1482,110,3626,9866,2342,458050173c58ed0e1e7df5f65fee626ffa96fd4b183b400c61a8a3f901f8a685,5.106635168194771
fresh4_sparse_grid_lshape_904404,sparse_grid_lshape,token_l1,line,empty_prioritized,l1,5,19,True,False,False,False,3dea5a4ca29ea7ac8d5d359d77b497a428fc9300a31412e904e4f6705aebea2c,f98db45d1cacc2a3eb7cc0f95210f99d5c34af21b8c6ed27a12963a790bc9696,1089,1482,111,3550,9672,2204,29fee6ad830b3e3f95e22182cd9d4c72ad837575dd45036542bb178e7c787681,4.675177527591586
fresh4_sparse_grid_lshape_904404,sparse_grid_lshape,token_l1,line,empty_prioritized,l1,5,19,True,False,False,False,3dea5a4ca29ea7ac8d5d359d77b497a428fc9300a31412e904e4f6705aebea2c,f98db45d1cacc2a3eb7cc0f95210f99d5c34af21b8c6ed27a12963a790bc9696,1089,1482,112,3422,8733,2132,e0bbb8b8e237e77f6a0f1091bce855c3028c752d5f45be4731eb7fe8cbc86fdb,4.269744914956391
fresh4_sparse_grid_lshape_904404,sparse_grid_lshape,token_l1,line,empty_prioritized,l1,5,19,True,False,False,False,3dea5a4ca29ea7ac8d5d359d77b497a428fc9300a31412e904e4f6705aebea2c,f98db45d1cacc2a3eb7cc0f95210f99d5c34af21b8c6ed27a12963a790bc9696,1089,1482,113,3545,9219,2145,80588c62cb39830facae1f53e630d3123c24b970c81232d6245df2ab159e0897,4.933503939770162
fresh4_sparse_grid_lshape_904404,sparse_grid_lshape,token_l1,line,empty_prioritized,l1,5,19,True,False,False,False,3dea5a4ca29ea7ac8d5d359d77b497a428fc9300a31412e904e4f6705aebea2c,f98db45d1cacc2a3eb7cc0f95210f99d5c34af21b8c6ed27a12963a790bc9696,1089,1482,114,3501,8871,2155,4058bca97f61826a8835eeb9b214d89038b312f4e551320791f7179088dcbeb2,4.58520172862336
fresh4_sparse_grid_lshape_904404,sparse_grid_lshape,token_l1,line,empty_prioritized,l1,5,19,True,False,False,False,3dea5a4ca29ea7ac8d5d359d77b497a428fc9300a31412e904e4f6705aebea2c,f98db45d1cacc2a3eb7cc0f95210f99d5c34af21b8c6ed27a12963a790bc9696,1089,1482,115,3559,10053,2237,60307bb44fb7f6999422de276455efad44ee59f9d283699f1ea5e9bc7424b55d,4.793366970028728
fresh4_sparse_grid_lshape_904404,sparse_grid_lshape,token_l1,line,empty_prioritized,l1,5,19,True,False,False,False,3dea5a4ca29ea7ac8d5d359d77b497a428fc9300a31412e904e4f6705aebea2c,f98db45d1cacc2a3eb7cc0f95210f99d5c34af21b8c6ed27a12963a790bc9696,1089,1482,116,3577,9734,2182,2b6a67a7f46901d98bce67664e8facd5755c31204d598bbc0e3617e31c30fe74,4.933223954867572
fresh4_sparse_grid_lshape_904404,sparse_grid_lshape,token_l1,line,empty_prioritized,l1,5,19,True,False,False,False,3dea5a4ca29ea7ac8d5d359d77b497a428fc9300a31412e904e4f6705aebea2c,f98db45d1cacc2a3eb7cc0f95210f99d5c34af21b8c6ed27a12963a790bc9696,1089,1482,117,3495,9280,2194,f24650c8edf93534e0e6e5d4be6863e399c5e5d633e1f770945a7dc3fa57460a,4.77184420498088
fresh4_sparse_grid_lshape_904404,sparse_grid_lshape,token_l1,line,empty_prioritized,l1,5,19,True,False,False,False,3dea5a4ca29ea7ac8d5d359d77b497a428fc9300a31412e904e4f6705aebea2c,f98db45d1cacc2a3eb7cc0f95210f99d5c34af21b8c6ed27a12963a790bc9696,1089,1482,118,3521,9028,2125,ead4a5b02d3999713cfa4b8451a75abea27d8a352405667fce221d70e1783fa9,5.037404024042189
fresh4_sparse_grid_lshape_904404,sparse_grid_lshape,token_l1,line,empty_prioritized,l1,5,19,True,False,False,False,3dea5a4ca29ea7ac8d5d359d77b497a428fc9300a31412e904e4f6705aebea2c,f98db45d1cacc2a3eb7cc0f95210f99d5c34af21b8c6ed27a12963a790bc9696,1089,1482,119,3454,9276,2151,520ea96fd3f19b298149575bd0cd533e9ce29b8fc9438fe4f07d785e80fa8a37,4.530771099962294
fresh4_sparse_grid_lshape_904404,sparse_grid_lshape,token_l1,line,empty_prioritized,l1,5,19,True,False,False,False,3dea5a4ca29ea7ac8d5d359d77b497a428fc9300a31412e904e4f6705aebea2c,f98db45d1cacc2a3eb7cc0f95210f99d5c34af21b8c6ed27a12963a790bc9696,1089,1482,120,3603,9784,2289,3bc853150cfc74f4ea15d2ac8429354748417a767c2e4f41446b680f90cac5f4,5.048254773020744
fresh4_sparse_grid_lshape_904405,sparse_grid_lshape,token_l1,line,empty_prioritized,l1,5,19,True,False,False,False,9acda466e498da2138d5983e4ed47206f6a44d91e13fa0fdd34e89720fc6ef02,95d25b07882b8d21d412947227b25f3533e891b8da755e80a575296cbfc7d468,841,1060,101,2381,6525,1603,61f3a4ef0def3a61f539a1b194eb78df954e0064fc00079366778d01dae00685,2.4064940181560814
fresh4_sparse_grid_lshape_904405,sparse_grid_lshape,token_l1,line,empty_prioritized,l1,5,19,True,False,False,False,9acda466e498da2138d5983e4ed47206f6a44d91e13fa0fdd34e89720fc6ef02,95d25b07882b8d21d412947227b25f3533e891b8da755e80a575296cbfc7d468,841,1060,102,2463,6831,1552,c0fff04040415ffb19689351ecfcb6a7c0e8d27cd54086014e48026b24e32584,2.9910836000926793
fresh4_sparse_grid_lshape_904405,sparse_grid_lshape,token_l1,line,empty_prioritized,l1,5,19,True,False,False,False,9acda466e498da2138d5983e4ed47206f6a44d91e13fa0fdd34e89720fc6ef02,95d25b07882b8d21d412947227b25f3533e891b8da755e80a575296cbfc7d468,841,1060,103,2344,6276,1518,4cee5d0e9c9fe65ced51f90264fb4bafbb654c98b2e036e8c519d5840e7c179a,2.3335003573447466
fresh4_sparse_grid_lshape_904405,sparse_grid_lshape,token_l1,line,empty_prioritized,l1,5,19,True,False,False,False,9acda466e498da2138d5983e4ed47206f6a44d91e13fa0fdd34e89720fc6ef02,95d25b07882b8d21d412947227b25f3533e891b8da755e80a575296cbfc7d468,841,1060,104,2473,6800,1567,ec72b246ba3c7f10f2b232a8d45db08c7b8cf1b0a244bacddd6d5e05238b5f48,2.6291429209522903
fresh4_sparse_grid_lshape_904405,sparse_grid_lshape,token_l1,line,empty_prioritized,l1,5,19,True,False,False,False,9acda466e498da2138d5983e4ed47206f6a44d91e13fa0fdd34e89720fc6ef02,95d25b07882b8d21d412947227b25f3533e891b8da755e80a575296cbfc7d468,841,1060,105,2436,6453,1528,85a9e92c0fe53ff17cb5b447535996777e5567d0a007e8988d6f35f73349d1a3,2.6654173899441957
fresh4_sparse_grid_lshape_904405,sparse_grid_lshape,token_l1,line,empty_prioritized,l1,5,19,True,False,False,False,9acda466e498da2138d5983e4ed47206f6a44d91e13fa0fdd34e89720fc6ef02,95d25b07882b8d21d412947227b25f3533e891b8da755e80a575296cbfc7d468,841,1060,106,2427,6751,1568,4c61242f5b45666ab3d0cdfe0a3867dd14e661116db23a057b45a5658e19a721,2.5236327489838004
fresh4_sparse_grid_lshape_904405,sparse_grid_lshape,token_l1,line,empty_prioritized,l1,5,19,True,False,False,False,9acda466e498da2138d5983e4ed47206f6a44d91e13fa0fdd34e89720fc6ef02,95d25b07882b8d21d412947227b25f3533e891b8da755e80a575296cbfc7d468,841,1060,107,2511,6799,1600,b3e138add33be923461bf0d551ff06ada5cc87a7a11d98e72ee543223ece8517,2.6469688122160733
fresh4_sparse_grid_lshape_904405,sparse_grid_lshape,token_l1,line,empty_prioritized,l1,5,19,True,False,False,False,9acda466e498da2138d5983e4ed47206f6a44d91e13fa0fdd34e89720fc6ef02,95d25b07882b8d21d412947227b25f3533e891b8da755e80a575296cbfc7d468,841,1060,108,2429,6814,1616,e3b44e016630472bf33f5088231dae6b69c3d8bd9ab287088a93113ae1ac4bff,2.427332499064505
fresh4_sparse_grid_lshape_904405,sparse_grid_lshape,token_l1,line,empty_prioritized,l1,5,19,True,False,False,False,9acda466e498da2138d5983e4ed47206f6a44d91e13fa0fdd34e89720fc6ef02,95d25b07882b8d21d412947227b25f3533e891b8da755e80a575296cbfc7d468,841,1060,109,2406,6359,1503,1102fd796b8f328bc31d8fa4e027485f603582ed95647c0da8b2f934b9efff06,2.742673494387418
fresh4_sparse_grid_lshape_904405,sparse_grid_lshape,token_l1,line,empty_prioritized,l1,5,19,True,False,False,False,9acda466e498da2138d5983e4ed47206f6a44d91e13fa0fdd34e89720fc6ef02,95d25b07882b8d21d412947227b25f3533e891b8da755e80a575296cbfc7d468,841,1060,110,2472,6523,1579,d835a8d4c5d5e3f6d46c7518b985be33dd518e341acf5202b1cf8b354022f2cf,2.660439364146441
fresh4_sparse_grid_lshape_904405,sparse_grid_lshape,token_l1,line,empty_prioritized,l1,5,19,True,False,False,False,9acda466e498da2138d5983e4ed47206f6a44d91e13fa0fdd34e89720fc6ef02,95d25b07882b8d21d412947227b25f3533e891b8da755e80a575296cbfc7d468,841,1060,111,2436,6572,1564,f2a0fa60cd4c8edaada7af55591ca2b8610f421db620fba3f0544a56edba9a39,2.4973448691889644
fresh4_sparse_grid_lshape_904405,sparse_grid_lshape,token_l1,line,empty_prioritized,l1,5,19,True,False,False,False,9acda466e498da2138d5983e4ed47206f6a44d91e13fa0fdd34e89720fc6ef02,95d25b07882b8d21d412947227b25f3533e891b8da755e80a575296cbfc7d468,841,1060,112,2451,6261,1492,6eedbf3876c322385b7f667ffaeaac3860ee9db9665856865e3de5a32cbcb708,2.4418067527003586
fresh4_sparse_grid_lshape_904405,sparse_grid_lshape,token_l1,line,empty_prioritized,l1,5,19,True,False,False,False,9acda466e498da2138d5983e4ed47206f6a44d91e13fa0fdd34e89720fc6ef02,95d25b07882b8d21d412947227b25f3533e891b8da755e80a575296cbfc7d468,841,1060,113,2352,6274,1494,4837905413c69904c676f8dd6d090a8b9072a5622771651238b741db2c8d0d31,2.3633870258927345
fresh4_sparse_grid_lshape_904405,sparse_grid_lshape,token_l1,line,empty_prioritized,l1,5,19,True,False,False,False,9acda466e498da2138d5983e4ed47206f6a44d91e13fa0fdd34e89720fc6ef02,95d25b07882b8d21d412947227b25f3533e891b8da755e80a575296cbfc7d468,841,1060,114,2469,6863,1614,7761f996f843287dfe120ff08f3dd9885e43158e3905874dbd9effaf1d25333c,2.403400777373463
fresh4_sparse_grid_lshape_904405,sparse_grid_lshape,token_l1,line,empty_prioritized,l1,5,19,True,False,False,False,9acda466e498da2138d5983e4ed47206f6a44d91e13fa0fdd34e89720fc6ef02,95d25b07882b8d21d412947227b25f3533e891b8da755e80a575296cbfc7d468,841,1060,115,2436,6780,1586,63fd25e8a1d33bb536cddd777d3d22e51e4881a2a8423392df21cc5ae2d05fd2,2.5581877632066607
fresh4_sparse_grid_lshape_904405,sparse_grid_lshape,token_l1,line,empty_prioritized,l1,5,19,True,False,False,False,9acda466e498da2138d5983e4ed47206f6a44d91e13fa0fdd34e89720fc6ef02,95d25b07882b8d21d412947227b25f3533e891b8da755e80a575296cbfc7d468,841,1060,116,2398,6870,1573,ea3b43e52128cb85dbd05e98795c9359c4f1511a155baea65c0acae41982444a,2.3896038332022727
fresh4_sparse_grid_lshape_904405,sparse_grid_lshape,token_l1,line,empty_prioritized,l1,5,19,True,False,False,False,9acda466e498da2138d5983e4ed47206f6a44d91e13fa0fdd34e89720fc6ef02,95d25b07882b8d21d412947227b25f3533e891b8da755e80a575296cbfc7d468,841,1060,117,2456,6362,1549,f3b7208f7c923161e4da2e7bfca7c47795d6d683095b25154e9e8df17c2cc3bf,2.3697311030700803
fresh4_sparse_grid_lshape_904405,sparse_grid_lshape,token_l1,line,empty_prioritized,l1,5,19,True,False,False,False,9acda466e498da2138d5983e4ed47206f6a44d91e13fa0fdd34e89720fc6ef02,95d25b07882b8d21d412947227b25f3533e891b8da755e80a575296cbfc7d468,841,1060,118,2314,6565,1514,d719e09dec082365c031e38a8d44fbdffb9075d81b89a9869ce1d82dca0625ae,2.377745423000306
fresh4_sparse_grid_lshape_904405,sparse_grid_lshape,token_l1,line,empty_prioritized,l1,5,19,True,False,False,False,9acda466e498da2138d5983e4ed47206f6a44d91e13fa0fdd34e89720fc6ef02,95d25b07882b8d21d412947227b25f3533e891b8da755e80a575296cbfc7d468,841,1060,119,2521,6922,1609,cf3ee80a78d884bd6d4881991328dbc24f34c9f6c2c390b89dbac2f80c11ecdf,2.633786550257355
fresh4_sparse_grid_lshape_904405,sparse_grid_lshape,token_l1,line,empty_prioritized,l1,5,19,True,False,False,False,9acda466e498da2138d5983e4ed47206f6a44d91e13fa0fdd34e89720fc6ef02,95d25b07882b8d21d412947227b25f3533e891b8da755e80a575296cbfc7d468,841,1060,120,2496,6640,1606,f9a85a8b2b90b43f07e08153df07e365a4750f13109225a48afaec96d1803014,2.781060735229403
