instance_id,family,method,p,component,topology,seed,circuit_sha256,active_qubits,parameters,seconds,qubits,one_qubit,rz,two_qubit,depth,two_qubit_depth,logical_qubits,logical_one_qubit,logical_rz,logical_two_qubit,logical_depth,logical_two_qubit_depth
quality_4_6_compact_0,compact,serial,3,full,sherbrooke,211,60e809d913a9b6c83e3f6dc8d51ca9897c8d34d2001a8e924c011f352c6411e9,19,5,4.485666329972446,127,17682,10345,3135,8528,2011,19,1391,1089,1029,1242,748
quality_4_6_compact_0,compact,serial,3,full,sherbrooke,223,60e809d913a9b6c83e3f6dc8d51ca9897c8d34d2001a8e924c011f352c6411e9,19,5,3.68549015885219,127,16994,9887,3067,8489,2041,19,1391,1089,1029,1242,748
quality_4_6_compact_0,compact,serial,3,full,sherbrooke,227,60e809d913a9b6c83e3f6dc8d51ca9897c8d34d2001a8e924c011f352c6411e9,19,5,3.231302420143038,127,16223,9456,2960,7682,1876,19,1391,1089,1029,1242,748
quality_4_6_compact_0,compact,serial,3,full,sherbrooke,229,60e809d913a9b6c83e3f6dc8d51ca9897c8d34d2001a8e924c011f352c6411e9,19,5,3.7169823423027992,127,17244,10162,3023,8338,1928,19,1391,1089,1029,1242,748
quality_4_6_compact_0,compact,serial,3,full,sherbrooke,233,60e809d913a9b6c83e3f6dc8d51ca9897c8d34d2001a8e924c011f352c6411e9,19,5,3.1817445252090693,127,16869,9836,3112,8289,2029,19,1391,1089,1029,1242,748
quality_4_6_compact_0,compact,serial,3,full,line25,211,60e809d913a9b6c83e3f6dc8d51ca9897c8d34d2001a8e924c011f352c6411e9,19,5,0.3348436667583883,25,2782,1844,3446,3076,2071,19,1391,1089,1029,1242,748
quality_4_6_compact_0,compact,serial,3,full,line25,223,60e809d913a9b6c83e3f6dc8d51ca9897c8d34d2001a8e924c011f352c6411e9,19,5,0.3278354569338262,25,2868,1891,3426,3191,2092,19,1391,1089,1029,1242,748
quality_4_6_compact_0,compact,serial,3,full,line25,227,60e809d913a9b6c83e3f6dc8d51ca9897c8d34d2001a8e924c011f352c6411e9,19,5,0.3297027829103172,25,2669,1788,3500,3117,2109,19,1391,1089,1029,1242,748
quality_4_6_compact_0,compact,serial,3,full,line25,229,60e809d913a9b6c83e3f6dc8d51ca9897c8d34d2001a8e924c011f352c6411e9,19,5,0.32516273902729154,25,2806,1857,3435,3186,2103,19,1391,1089,1029,1242,748
quality_4_6_compact_0,compact,serial,3,full,line25,233,60e809d913a9b6c83e3f6dc8d51ca9897c8d34d2001a8e924c011f352c6411e9,19,5,0.329223332926631,25,2890,1912,3421,3202,2074,19,1391,1089,1029,1242,748
quality_4_6_compact_0,compact,serial,3,full,grid25,211,60e809d913a9b6c83e3f6dc8d51ca9897c8d34d2001a8e924c011f352c6411e9,19,5,0.23527824180200696,25,1948,1385,2273,2312,1526,19,1391,1089,1029,1242,748
quality_4_6_compact_0,compact,serial,3,full,grid25,223,60e809d913a9b6c83e3f6dc8d51ca9897c8d34d2001a8e924c011f352c6411e9,19,5,0.212597724981606,25,2060,1444,2265,2309,1497,19,1391,1089,1029,1242,748
quality_4_6_compact_0,compact,serial,3,full,grid25,227,60e809d913a9b6c83e3f6dc8d51ca9897c8d34d2001a8e924c011f352c6411e9,19,5,0.23308827122673392,25,2094,1463,2239,2337,1488,19,1391,1089,1029,1242,748
quality_4_6_compact_0,compact,serial,3,full,grid25,229,60e809d913a9b6c83e3f6dc8d51ca9897c8d34d2001a8e924c011f352c6411e9,19,5,0.23347731959074736,25,2002,1419,2243,2258,1482,19,1391,1089,1029,1242,748
quality_4_6_compact_0,compact,serial,3,full,grid25,233,60e809d913a9b6c83e3f6dc8d51ca9897c8d34d2001a8e924c011f352c6411e9,19,5,0.2108089062385261,25,2040,1445,2243,2310,1454,19,1391,1089,1029,1242,748
quality_4_6_compact_0,compact,complete,1,full,sherbrooke,211,aae165753d937b992a7708901704bdf8cdd0216fb08ce8d78bf3615d69d69abe,24,1,0.2443294981494546,127,2423,1485,324,664,117,24,1081,637,240,147,36
quality_4_6_compact_0,compact,complete,1,full,sherbrooke,223,aae165753d937b992a7708901704bdf8cdd0216fb08ce8d78bf3615d69d69abe,24,1,0.07110025500878692,127,2547,1557,328,394,68,24,1081,637,240,147,36
quality_4_6_compact_0,compact,complete,1,full,sherbrooke,227,aae165753d937b992a7708901704bdf8cdd0216fb08ce8d78bf3615d69d69abe,24,1,0.07095007272437215,127,2467,1516,314,391,67,24,1081,637,240,147,36
quality_4_6_compact_0,compact,complete,1,full,sherbrooke,229,aae165753d937b992a7708901704bdf8cdd0216fb08ce8d78bf3615d69d69abe,24,1,0.09547974215820432,127,2512,1529,320,416,70,24,1081,637,240,147,36
quality_4_6_compact_0,compact,complete,1,full,sherbrooke,233,aae165753d937b992a7708901704bdf8cdd0216fb08ce8d78bf3615d69d69abe,24,1,0.09283018810674548,127,2374,1461,311,374,59,24,1081,637,240,147,36
quality_4_6_compact_0,compact,complete,1,full,line25,211,aae165753d937b992a7708901704bdf8cdd0216fb08ce8d78bf3615d69d69abe,24,1,0.04525893274694681,25,1501,861,300,185,47,24,1081,637,240,147,36
quality_4_6_compact_0,compact,complete,1,full,line25,223,aae165753d937b992a7708901704bdf8cdd0216fb08ce8d78bf3615d69d69abe,24,1,0.04489152319729328,25,1491,856,306,188,52,24,1081,637,240,147,36
quality_4_6_compact_0,compact,complete,1,full,line25,227,aae165753d937b992a7708901704bdf8cdd0216fb08ce8d78bf3615d69d69abe,24,1,0.0455258428119123,25,1440,828,324,205,58,24,1081,637,240,147,36
quality_4_6_compact_0,compact,complete,1,full,line25,229,aae165753d937b992a7708901704bdf8cdd0216fb08ce8d78bf3615d69d69abe,24,1,0.0454755499958992,25,1481,851,312,188,52,24,1081,637,240,147,36
quality_4_6_compact_0,compact,complete,1,full,line25,233,aae165753d937b992a7708901704bdf8cdd0216fb08ce8d78bf3615d69d69abe,24,1,0.04445844003930688,25,1463,840,318,198,55,24,1081,637,240,147,36
quality_4_6_compact_0,compact,complete,1,full,grid25,211,aae165753d937b992a7708901704bdf8cdd0216fb08ce8d78bf3615d69d69abe,24,1,0.04505416890606284,25,1261,726,293,207,60,24,1081,637,240,147,36
quality_4_6_compact_0,compact,complete,1,full,grid25,223,aae165753d937b992a7708901704bdf8cdd0216fb08ce8d78bf3615d69d69abe,24,1,0.04561179503798485,25,1274,734,297,217,63,24,1081,637,240,147,36
quality_4_6_compact_0,compact,complete,1,full,grid25,227,aae165753d937b992a7708901704bdf8cdd0216fb08ce8d78bf3615d69d69abe,24,1,0.04464647313579917,25,1261,723,297,206,60,24,1081,637,240,147,36
quality_4_6_compact_0,compact,complete,1,full,grid25,229,aae165753d937b992a7708901704bdf8cdd0216fb08ce8d78bf3615d69d69abe,24,1,0.04501399304717779,25,1245,716,298,229,64,24,1081,637,240,147,36
quality_4_6_compact_0,compact,complete,1,full,grid25,233,aae165753d937b992a7708901704bdf8cdd0216fb08ce8d78bf3615d69d69abe,24,1,0.04517311230301857,25,1276,734,301,212,63,24,1081,637,240,147,36
quality_4_6_compact_0,compact,complete,2,full,sherbrooke,211,cbb5fbc389ea1ef9f25d152ebebb0dab637174d7dbc7f8037ddfbee5dad53900,24,3,1.23237009299919,127,10149,6187,1496,1766,369,24,2371,1483,852,361,116
quality_4_6_compact_0,compact,complete,2,full,sherbrooke,223,cbb5fbc389ea1ef9f25d152ebebb0dab637174d7dbc7f8037ddfbee5dad53900,24,3,1.0800247639417648,127,10705,6510,1554,1740,373,24,2371,1483,852,361,116
quality_4_6_compact_0,compact,complete,2,full,sherbrooke,227,cbb5fbc389ea1ef9f25d152ebebb0dab637174d7dbc7f8037ddfbee5dad53900,24,3,1.2077673957683146,127,10575,6380,1664,1998,457,24,2371,1483,852,361,116
quality_4_6_compact_0,compact,complete,2,full,sherbrooke,229,cbb5fbc389ea1ef9f25d152ebebb0dab637174d7dbc7f8037ddfbee5dad53900,24,3,1.0638660229742527,127,10705,6476,1666,2140,471,24,2371,1483,852,361,116
quality_4_6_compact_0,compact,complete,2,full,sherbrooke,233,cbb5fbc389ea1ef9f25d152ebebb0dab637174d7dbc7f8037ddfbee5dad53900,24,3,1.0277470918372273,127,10404,6320,1535,1559,325,24,2371,1483,852,361,116
quality_4_6_compact_0,compact,complete,2,full,line25,211,cbb5fbc389ea1ef9f25d152ebebb0dab637174d7dbc7f8037ddfbee5dad53900,24,3,0.20425281580537558,25,4768,2769,1511,771,296,24,2371,1483,852,361,116
quality_4_6_compact_0,compact,complete,2,full,line25,223,cbb5fbc389ea1ef9f25d152ebebb0dab637174d7dbc7f8037ddfbee5dad53900,24,3,0.2008793018758297,25,4735,2749,1544,752,287,24,2371,1483,852,361,116
quality_4_6_compact_0,compact,complete,2,full,line25,227,cbb5fbc389ea1ef9f25d152ebebb0dab637174d7dbc7f8037ddfbee5dad53900,24,3,0.20124179171398282,25,4764,2761,1531,775,312,24,2371,1483,852,361,116
quality_4_6_compact_0,compact,complete,2,full,line25,229,cbb5fbc389ea1ef9f25d152ebebb0dab637174d7dbc7f8037ddfbee5dad53900,24,3,0.20385019993409514,25,4567,2655,1556,834,320,24,2371,1483,852,361,116
quality_4_6_compact_0,compact,complete,2,full,line25,233,cbb5fbc389ea1ef9f25d152ebebb0dab637174d7dbc7f8037ddfbee5dad53900,24,3,0.2036849190481007,25,4811,2797,1493,750,293,24,2371,1483,852,361,116
quality_4_6_compact_0,compact,complete,2,full,grid25,211,cbb5fbc389ea1ef9f25d152ebebb0dab637174d7dbc7f8037ddfbee5dad53900,24,3,0.19246245687827468,25,3249,1936,1371,1022,415,24,2371,1483,852,361,116
quality_4_6_compact_0,compact,complete,2,full,grid25,223,cbb5fbc389ea1ef9f25d152ebebb0dab637174d7dbc7f8037ddfbee5dad53900,24,3,0.19250438595190644,25,3356,1998,1375,874,362,24,2371,1483,852,361,116
quality_4_6_compact_0,compact,complete,2,full,grid25,227,cbb5fbc389ea1ef9f25d152ebebb0dab637174d7dbc7f8037ddfbee5dad53900,24,3,0.19352519186213613,25,3371,2004,1360,872,363,24,2371,1483,852,361,116
quality_4_6_compact_0,compact,complete,2,full,grid25,229,cbb5fbc389ea1ef9f25d152ebebb0dab637174d7dbc7f8037ddfbee5dad53900,24,3,0.19224981730803847,25,3317,1974,1351,863,380,24,2371,1483,852,361,116
quality_4_6_compact_0,compact,complete,2,full,grid25,233,cbb5fbc389ea1ef9f25d152ebebb0dab637174d7dbc7f8037ddfbee5dad53900,24,3,0.1904059760272503,25,3243,1931,1332,952,387,24,2371,1483,852,361,116
quality_4_6_compact_0,compact,complete,3,full,sherbrooke,211,48aed90f63f7e6261ad122c2522af5ff02db105c5d4cd4bbf3d89975caa20378,24,5,4.212970108725131,127,19391,11643,3110,3956,876,24,3661,2329,1464,557,184
quality_4_6_compact_0,compact,complete,3,full,sherbrooke,223,48aed90f63f7e6261ad122c2522af5ff02db105c5d4cd4bbf3d89975caa20378,24,5,3.9948282539844513,127,20144,12089,3156,4017,871,24,3661,2329,1464,557,184
quality_4_6_compact_0,compact,complete,3,full,sherbrooke,227,48aed90f63f7e6261ad122c2522af5ff02db105c5d4cd4bbf3d89975caa20378,24,5,4.396160766016692,127,19256,11644,2941,3741,749,24,3661,2329,1464,557,184
quality_4_6_compact_0,compact,complete,3,full,sherbrooke,229,48aed90f63f7e6261ad122c2522af5ff02db105c5d4cd4bbf3d89975caa20378,24,5,4.355851836968213,127,19122,11531,3015,3609,768,24,3661,2329,1464,557,184
quality_4_6_compact_0,compact,complete,3,full,sherbrooke,233,48aed90f63f7e6261ad122c2522af5ff02db105c5d4cd4bbf3d89975caa20378,24,5,4.495347169227898,127,19320,11659,3031,3503,795,24,3661,2329,1464,557,184
quality_4_6_compact_0,compact,complete,3,full,line25,211,48aed90f63f7e6261ad122c2522af5ff02db105c5d4cd4bbf3d89975caa20378,24,5,0.40373791940510273,25,8067,4697,2850,1384,595,24,3661,2329,1464,557,184
quality_4_6_compact_0,compact,complete,3,full,line25,223,48aed90f63f7e6261ad122c2522af5ff02db105c5d4cd4bbf3d89975caa20378,24,5,0.3983564847148955,25,7948,4635,2811,1326,582,24,3661,2329,1464,557,184
quality_4_6_compact_0,compact,complete,3,full,line25,227,48aed90f63f7e6261ad122c2522af5ff02db105c5d4cd4bbf3d89975caa20378,24,5,0.40207639895379543,25,7913,4617,2833,1234,539,24,3661,2329,1464,557,184
quality_4_6_compact_0,compact,complete,3,full,line25,229,48aed90f63f7e6261ad122c2522af5ff02db105c5d4cd4bbf3d89975caa20378,24,5,0.4010116602294147,25,8114,4722,2791,1238,515,24,3661,2329,1464,557,184
quality_4_6_compact_0,compact,complete,3,full,line25,233,48aed90f63f7e6261ad122c2522af5ff02db105c5d4cd4bbf3d89975caa20378,24,5,0.39743268862366676,25,8170,4756,2833,1341,578,24,3661,2329,1464,557,184
quality_4_6_compact_0,compact,complete,3,full,grid25,211,48aed90f63f7e6261ad122c2522af5ff02db105c5d4cd4bbf3d89975caa20378,24,5,0.3804615531116724,25,5283,3175,2508,1853,824,24,3661,2329,1464,557,184
quality_4_6_compact_0,compact,complete,3,full,grid25,223,48aed90f63f7e6261ad122c2522af5ff02db105c5d4cd4bbf3d89975caa20378,24,5,0.3765255929902196,25,5172,3112,2487,1691,726,24,3661,2329,1464,557,184
quality_4_6_compact_0,compact,complete,3,full,grid25,227,48aed90f63f7e6261ad122c2522af5ff02db105c5d4cd4bbf3d89975caa20378,24,5,0.3785594520159066,25,5195,3122,2546,1778,788,24,3661,2329,1464,557,184
quality_4_6_compact_0,compact,complete,3,full,grid25,229,48aed90f63f7e6261ad122c2522af5ff02db105c5d4cd4bbf3d89975caa20378,24,5,0.3820963632315397,25,5375,3217,2506,1697,736,24,3661,2329,1464,557,184
quality_4_6_compact_0,compact,complete,3,full,grid25,233,48aed90f63f7e6261ad122c2522af5ff02db105c5d4cd4bbf3d89975caa20378,24,5,0.3784264521673322,25,5160,3099,2531,1719,782,24,3661,2329,1464,557,184
quality_4_6_compact_0,compact,complete,4,full,sherbrooke,211,76541bfb9d965c46c58371562494d0035d9b327a97b68f69348fbd9b49053297,24,7,7.622255577240139,127,28142,16929,4404,5579,1201,24,4951,3175,2076,753,252
quality_4_6_compact_0,compact,complete,4,full,sherbrooke,223,76541bfb9d965c46c58371562494d0035d9b327a97b68f69348fbd9b49053297,24,7,7.502232369966805,127,27623,16623,4416,5415,1173,24,4951,3175,2076,753,252
quality_4_6_compact_0,compact,complete,4,full,sherbrooke,227,76541bfb9d965c46c58371562494d0035d9b327a97b68f69348fbd9b49053297,24,7,7.517553118057549,127,27531,16605,4353,5624,1230,24,4951,3175,2076,753,252
quality_4_6_compact_0,compact,complete,4,full,sherbrooke,229,76541bfb9d965c46c58371562494d0035d9b327a97b68f69348fbd9b49053297,24,7,7.2842498337849975,127,27697,16713,4395,5509,1218,24,4951,3175,2076,753,252
quality_4_6_compact_0,compact,complete,4,full,sherbrooke,233,76541bfb9d965c46c58371562494d0035d9b327a97b68f69348fbd9b49053297,24,7,7.536316740326583,127,28055,16944,4358,5293,1193,24,4951,3175,2076,753,252
quality_4_6_compact_0,compact,complete,4,full,line25,211,76541bfb9d965c46c58371562494d0035d9b327a97b68f69348fbd9b49053297,24,7,0.558787405025214,25,11447,6673,4106,1978,897,24,4951,3175,2076,753,252
quality_4_6_compact_0,compact,complete,4,full,line25,223,76541bfb9d965c46c58371562494d0035d9b327a97b68f69348fbd9b49053297,24,7,0.5492727188393474,25,11368,6640,4122,1862,829,24,4951,3175,2076,753,252
quality_4_6_compact_0,compact,complete,4,full,line25,227,76541bfb9d965c46c58371562494d0035d9b327a97b68f69348fbd9b49053297,24,7,0.5428366749547422,25,11270,6587,4084,1821,818,24,4951,3175,2076,753,252
quality_4_6_compact_0,compact,complete,4,full,line25,229,76541bfb9d965c46c58371562494d0035d9b327a97b68f69348fbd9b49053297,24,7,0.5524651743471622,25,11342,6623,4120,1891,848,24,4951,3175,2076,753,252
quality_4_6_compact_0,compact,complete,4,full,line25,233,76541bfb9d965c46c58371562494d0035d9b327a97b68f69348fbd9b49053297,24,7,0.5489029153250158,25,11516,6717,4134,1933,846,24,4951,3175,2076,753,252
quality_4_6_compact_0,compact,complete,4,full,grid25,211,76541bfb9d965c46c58371562494d0035d9b327a97b68f69348fbd9b49053297,24,7,0.5218613198958337,25,7394,4451,3562,2433,1014,24,4951,3175,2076,753,252
quality_4_6_compact_0,compact,complete,4,full,grid25,223,76541bfb9d965c46c58371562494d0035d9b327a97b68f69348fbd9b49053297,24,7,0.5238389628939331,25,7246,4368,3645,2606,1070,24,4951,3175,2076,753,252
quality_4_6_compact_0,compact,complete,4,full,grid25,227,76541bfb9d965c46c58371562494d0035d9b327a97b68f69348fbd9b49053297,24,7,0.525009120348841,25,7375,4444,3629,2419,1077,24,4951,3175,2076,753,252
quality_4_6_compact_0,compact,complete,4,full,grid25,229,76541bfb9d965c46c58371562494d0035d9b327a97b68f69348fbd9b49053297,24,7,0.5238923728466034,25,7414,4460,3576,2141,1021,24,4951,3175,2076,753,252
quality_4_6_compact_0,compact,complete,4,full,grid25,233,76541bfb9d965c46c58371562494d0035d9b327a97b68f69348fbd9b49053297,24,7,0.5191532950848341,25,7219,4353,3624,2249,1010,24,4951,3175,2076,753,252
quality_4_6_compact_0,compact,complete,5,full,sherbrooke,211,8b3a14bcaec0ac31e2947167b8604b790d1bd5a1123a1752df0bc5c112d05f2d,24,9,13.782065288163722,127,36823,22096,5916,6660,1471,24,6241,4021,2688,949,320
quality_4_6_compact_0,compact,complete,5,full,sherbrooke,223,8b3a14bcaec0ac31e2947167b8604b790d1bd5a1123a1752df0bc5c112d05f2d,24,9,12.683007626794279,127,35781,21559,5649,7157,1548,24,6241,4021,2688,949,320
quality_4_6_compact_0,compact,complete,5,full,sherbrooke,227,8b3a14bcaec0ac31e2947167b8604b790d1bd5a1123a1752df0bc5c112d05f2d,24,9,13.070684177801013,127,37173,22423,5832,7491,1637,24,6241,4021,2688,949,320
quality_4_6_compact_0,compact,complete,5,full,sherbrooke,229,8b3a14bcaec0ac31e2947167b8604b790d1bd5a1123a1752df0bc5c112d05f2d,24,9,12.474735744297504,127,36919,22287,5844,7378,1591,24,6241,4021,2688,949,320
quality_4_6_compact_0,compact,complete,5,full,sherbrooke,233,8b3a14bcaec0ac31e2947167b8604b790d1bd5a1123a1752df0bc5c112d05f2d,24,9,12.442155132070184,127,36067,21790,5740,6870,1531,24,6241,4021,2688,949,320
quality_4_6_compact_0,compact,complete,5,full,line25,211,8b3a14bcaec0ac31e2947167b8604b790d1bd5a1123a1752df0bc5c112d05f2d,24,9,0.712605353910476,25,14771,8627,5420,2382,1125,24,6241,4021,2688,949,320
quality_4_6_compact_0,compact,complete,5,full,line25,223,8b3a14bcaec0ac31e2947167b8604b790d1bd5a1123a1752df0bc5c112d05f2d,24,9,0.709618245717138,25,14905,8713,5395,2326,1047,24,6241,4021,2688,949,320
quality_4_6_compact_0,compact,complete,5,full,line25,227,8b3a14bcaec0ac31e2947167b8604b790d1bd5a1123a1752df0bc5c112d05f2d,24,9,0.7140950309112668,25,15078,8801,5361,2354,1087,24,6241,4021,2688,949,320
quality_4_6_compact_0,compact,complete,5,full,line25,229,8b3a14bcaec0ac31e2947167b8604b790d1bd5a1123a1752df0bc5c112d05f2d,24,9,0.7129910490475595,25,14874,8690,5424,2534,1116,24,6241,4021,2688,949,320
quality_4_6_compact_0,compact,complete,5,full,line25,233,8b3a14bcaec0ac31e2947167b8604b790d1bd5a1123a1752df0bc5c112d05f2d,24,9,0.7115208082832396,25,14803,8650,5331,2371,1099,24,6241,4021,2688,949,320
quality_4_6_compact_0,compact,complete,5,full,grid25,211,8b3a14bcaec0ac31e2947167b8604b790d1bd5a1123a1752df0bc5c112d05f2d,24,9,0.6761117898859084,25,9223,5576,4808,3432,1512,24,6241,4021,2688,949,320
quality_4_6_compact_0,compact,complete,5,full,grid25,223,8b3a14bcaec0ac31e2947167b8604b790d1bd5a1123a1752df0bc5c112d05f2d,24,9,0.6742176529951394,25,9460,5703,4701,3436,1485,24,6241,4021,2688,949,320
quality_4_6_compact_0,compact,complete,5,full,grid25,227,8b3a14bcaec0ac31e2947167b8604b790d1bd5a1123a1752df0bc5c112d05f2d,24,9,0.6823863508179784,25,9006,5462,4860,3150,1430,24,6241,4021,2688,949,320
quality_4_6_compact_0,compact,complete,5,full,grid25,229,8b3a14bcaec0ac31e2947167b8604b790d1bd5a1123a1752df0bc5c112d05f2d,24,9,0.67693150928244,25,9007,5466,4821,3415,1563,24,6241,4021,2688,949,320
quality_4_6_compact_0,compact,complete,5,full,grid25,233,8b3a14bcaec0ac31e2947167b8604b790d1bd5a1123a1752df0bc5c112d05f2d,24,9,0.6725360858254135,25,9233,5596,4765,3251,1384,24,6241,4021,2688,949,320
quality_4_6_compact_0,compact,complete,6,full,sherbrooke,211,8a2456c82e21fa22bd35c59a522a903ee52ff28dc2d9f63ba04b0b96f5348c17,24,11,20.008649211842567,127,45973,27573,7432,8636,1945,24,7531,4867,3300,1145,388
quality_4_6_compact_0,compact,complete,6,full,sherbrooke,223,8a2456c82e21fa22bd35c59a522a903ee52ff28dc2d9f63ba04b0b96f5348c17,24,11,19.762516027782112,127,45141,27136,7204,8746,1950,24,7531,4867,3300,1145,388
quality_4_6_compact_0,compact,complete,6,full,sherbrooke,227,8a2456c82e21fa22bd35c59a522a903ee52ff28dc2d9f63ba04b0b96f5348c17,24,11,21.46713767433539,127,44275,26622,7138,8996,2025,24,7531,4867,3300,1145,388
quality_4_6_compact_0,compact,complete,6,full,sherbrooke,229,8a2456c82e21fa22bd35c59a522a903ee52ff28dc2d9f63ba04b0b96f5348c17,24,11,19.186737488023937,127,44234,26676,6925,8772,1910,24,7531,4867,3300,1145,388
quality_4_6_compact_0,compact,complete,6,full,sherbrooke,233,8a2456c82e21fa22bd35c59a522a903ee52ff28dc2d9f63ba04b0b96f5348c17,24,11,22.01677577244118,127,45966,27706,7254,9020,1970,24,7531,4867,3300,1145,388
quality_4_6_compact_0,compact,complete,6,full,line25,211,8a2456c82e21fa22bd35c59a522a903ee52ff28dc2d9f63ba04b0b96f5348c17,24,11,0.900465342681855,25,17769,10398,6798,2906,1379,24,7531,4867,3300,1145,388
quality_4_6_compact_0,compact,complete,6,full,line25,223,8a2456c82e21fa22bd35c59a522a903ee52ff28dc2d9f63ba04b0b96f5348c17,24,11,0.8892566156573594,25,17906,10469,6778,3028,1345,24,7531,4867,3300,1145,388
quality_4_6_compact_0,compact,complete,6,full,line25,227,8a2456c82e21fa22bd35c59a522a903ee52ff28dc2d9f63ba04b0b96f5348c17,24,11,0.8924405351281166,25,18293,10676,6632,3022,1345,24,7531,4867,3300,1145,388
quality_4_6_compact_0,compact,complete,6,full,line25,229,8a2456c82e21fa22bd35c59a522a903ee52ff28dc2d9f63ba04b0b96f5348c17,24,11,0.8917237692512572,25,17815,10417,6724,2914,1320,24,7531,4867,3300,1145,388
quality_4_6_compact_0,compact,complete,6,full,line25,233,8a2456c82e21fa22bd35c59a522a903ee52ff28dc2d9f63ba04b0b96f5348c17,24,11,0.893239454831928,25,17863,10450,6712,2886,1286,24,7531,4867,3300,1145,388
quality_4_6_compact_0,compact,complete,6,full,grid25,211,8a2456c82e21fa22bd35c59a522a903ee52ff28dc2d9f63ba04b0b96f5348c17,24,11,0.8431738154031336,25,11576,6991,5849,3791,1703,24,7531,4867,3300,1145,388
quality_4_6_compact_0,compact,complete,6,full,grid25,223,8a2456c82e21fa22bd35c59a522a903ee52ff28dc2d9f63ba04b0b96f5348c17,24,11,0.8452443340793252,25,11191,6784,5951,3711,1708,24,7531,4867,3300,1145,388
quality_4_6_compact_0,compact,complete,6,full,grid25,227,8a2456c82e21fa22bd35c59a522a903ee52ff28dc2d9f63ba04b0b96f5348c17,24,11,0.8436293210834265,25,11555,6991,5899,4026,1757,24,7531,4867,3300,1145,388
quality_4_6_compact_0,compact,complete,6,full,grid25,229,8a2456c82e21fa22bd35c59a522a903ee52ff28dc2d9f63ba04b0b96f5348c17,24,11,0.8405299913138151,25,11123,6741,5960,3978,1778,24,7531,4867,3300,1145,388
quality_4_6_compact_0,compact,complete,6,full,grid25,233,8a2456c82e21fa22bd35c59a522a903ee52ff28dc2d9f63ba04b0b96f5348c17,24,11,0.8428929881192744,25,11001,6677,5982,3654,1664,24,7531,4867,3300,1145,388
quality_4_6_compact_0,compact,complete,7,full,sherbrooke,211,21b9f24cd1716dedd1d2fd907f1b789dd8c7739fbfc65b9f20a7b706704a9d21,24,13,28.24762433534488,127,55208,33226,8686,11239,2495,24,8821,5713,3912,1341,456
quality_4_6_compact_0,compact,complete,7,full,sherbrooke,223,21b9f24cd1716dedd1d2fd907f1b789dd8c7739fbfc65b9f20a7b706704a9d21,24,13,28.742512459866703,127,53625,32209,8585,10568,2334,24,8821,5713,3912,1341,456
quality_4_6_compact_0,compact,complete,7,full,sherbrooke,227,21b9f24cd1716dedd1d2fd907f1b789dd8c7739fbfc65b9f20a7b706704a9d21,24,13,29.191321060061455,127,54095,32471,8741,10402,2279,24,8821,5713,3912,1341,456
quality_4_6_compact_0,compact,complete,7,full,sherbrooke,229,21b9f24cd1716dedd1d2fd907f1b789dd8c7739fbfc65b9f20a7b706704a9d21,24,13,29.504864315968007,127,54520,32819,8621,11091,2467,24,8821,5713,3912,1341,456
quality_4_6_compact_0,compact,complete,7,full,sherbrooke,233,21b9f24cd1716dedd1d2fd907f1b789dd8c7739fbfc65b9f20a7b706704a9d21,24,13,28.504065616056323,127,56435,34111,8842,11473,2433,24,8821,5713,3912,1341,456
quality_4_6_compact_0,compact,complete,7,full,line25,211,21b9f24cd1716dedd1d2fd907f1b789dd8c7739fbfc65b9f20a7b706704a9d21,24,13,1.0798479430377483,25,21061,12325,8111,3501,1605,24,8821,5713,3912,1341,456
quality_4_6_compact_0,compact,complete,7,full,line25,223,21b9f24cd1716dedd1d2fd907f1b789dd8c7739fbfc65b9f20a7b706704a9d21,24,13,1.0628924458287656,25,20608,12074,8067,3411,1608,24,8821,5713,3912,1341,456
quality_4_6_compact_0,compact,complete,7,full,line25,227,21b9f24cd1716dedd1d2fd907f1b789dd8c7739fbfc65b9f20a7b706704a9d21,24,13,1.0707780220545828,25,21189,12394,8054,3354,1554,24,8821,5713,3912,1341,456
quality_4_6_compact_0,compact,complete,7,full,line25,229,21b9f24cd1716dedd1d2fd907f1b789dd8c7739fbfc65b9f20a7b706704a9d21,24,13,1.0669536120258272,25,20981,12282,8094,3461,1611,24,8821,5713,3912,1341,456
quality_4_6_compact_0,compact,complete,7,full,line25,233,21b9f24cd1716dedd1d2fd907f1b789dd8c7739fbfc65b9f20a7b706704a9d21,24,13,1.0677690729498863,25,21180,12386,8104,3507,1586,24,8821,5713,3912,1341,456
quality_4_6_compact_0,compact,complete,7,full,grid25,211,21b9f24cd1716dedd1d2fd907f1b789dd8c7739fbfc65b9f20a7b706704a9d21,24,13,1.0116707859560847,25,13098,7957,7087,4965,2238,24,8821,5713,3912,1341,456
quality_4_6_compact_0,compact,complete,7,full,grid25,223,21b9f24cd1716dedd1d2fd907f1b789dd8c7739fbfc65b9f20a7b706704a9d21,24,13,1.0140339937061071,25,13533,8188,7084,4712,2091,24,8821,5713,3912,1341,456
quality_4_6_compact_0,compact,complete,7,full,grid25,227,21b9f24cd1716dedd1d2fd907f1b789dd8c7739fbfc65b9f20a7b706704a9d21,24,13,1.0115599175915122,25,13192,7989,7140,5220,2327,24,8821,5713,3912,1341,456
quality_4_6_compact_0,compact,complete,7,full,grid25,229,21b9f24cd1716dedd1d2fd907f1b789dd8c7739fbfc65b9f20a7b706704a9d21,24,13,1.0052470741793513,25,13854,8368,7034,4619,1996,24,8821,5713,3912,1341,456
quality_4_6_compact_0,compact,complete,7,full,grid25,233,21b9f24cd1716dedd1d2fd907f1b789dd8c7739fbfc65b9f20a7b706704a9d21,24,13,1.1108476519584656,25,12966,7861,7093,4809,2104,24,8821,5713,3912,1341,456
quality_4_6_compact_0,compact,complete,8,full,sherbrooke,211,ba8fd4877b5aecb4cafd96d73102f48aee7dacdc02b84c8da52f30a2023b986d,24,15,38.4549561929889,127,63762,38319,10250,12302,2674,24,10111,6559,4524,1537,524
quality_4_6_compact_0,compact,complete,8,full,sherbrooke,223,ba8fd4877b5aecb4cafd96d73102f48aee7dacdc02b84c8da52f30a2023b986d,24,15,38.64440961135551,127,63730,38282,10222,12749,2783,24,10111,6559,4524,1537,524
quality_4_6_compact_0,compact,complete,8,full,sherbrooke,227,ba8fd4877b5aecb4cafd96d73102f48aee7dacdc02b84c8da52f30a2023b986d,24,15,39.54178290395066,127,62976,37882,10088,12069,2648,24,10111,6559,4524,1537,524
quality_4_6_compact_0,compact,complete,8,full,sherbrooke,229,ba8fd4877b5aecb4cafd96d73102f48aee7dacdc02b84c8da52f30a2023b986d,24,15,38.16352224396542,127,63475,38245,10157,12510,2736,24,10111,6559,4524,1537,524
quality_4_6_compact_0,compact,complete,8,full,sherbrooke,233,ba8fd4877b5aecb4cafd96d73102f48aee7dacdc02b84c8da52f30a2023b986d,24,15,38.690441921819,127,63129,38038,9915,12415,2647,24,10111,6559,4524,1537,524
quality_4_6_compact_0,compact,complete,8,full,line25,211,ba8fd4877b5aecb4cafd96d73102f48aee7dacdc02b84c8da52f30a2023b986d,24,15,1.2817270369268954,25,24853,14532,9290,4019,1858,24,10111,6559,4524,1537,524
quality_4_6_compact_0,compact,complete,8,full,line25,223,ba8fd4877b5aecb4cafd96d73102f48aee7dacdc02b84c8da52f30a2023b986d,24,15,1.250680850353092,25,24428,14299,9288,4084,1863,24,10111,6559,4524,1537,524
quality_4_6_compact_0,compact,complete,8,full,line25,227,ba8fd4877b5aecb4cafd96d73102f48aee7dacdc02b84c8da52f30a2023b986d,24,15,1.2544270348735154,25,24409,14283,9342,4069,1911,24,10111,6559,4524,1537,524
quality_4_6_compact_0,compact,complete,8,full,line25,229,ba8fd4877b5aecb4cafd96d73102f48aee7dacdc02b84c8da52f30a2023b986d,24,15,1.2684913938865066,25,24410,14281,9363,4158,1955,24,10111,6559,4524,1537,524
quality_4_6_compact_0,compact,complete,8,full,line25,233,ba8fd4877b5aecb4cafd96d73102f48aee7dacdc02b84c8da52f30a2023b986d,24,15,1.382499128114432,25,24492,14342,9350,3987,1906,24,10111,6559,4524,1537,524
quality_4_6_compact_0,compact,complete,8,full,grid25,211,ba8fd4877b5aecb4cafd96d73102f48aee7dacdc02b84c8da52f30a2023b986d,24,15,1.190865051932633,25,15505,9390,8188,5052,2257,24,10111,6559,4524,1537,524
quality_4_6_compact_0,compact,complete,8,full,grid25,223,ba8fd4877b5aecb4cafd96d73102f48aee7dacdc02b84c8da52f30a2023b986d,24,15,1.1752402242273092,25,15151,9193,8127,5444,2419,24,10111,6559,4524,1537,524
quality_4_6_compact_0,compact,complete,8,full,grid25,227,ba8fd4877b5aecb4cafd96d73102f48aee7dacdc02b84c8da52f30a2023b986d,24,15,1.1808879380114377,25,15477,9369,8219,5487,2551,24,10111,6559,4524,1537,524
quality_4_6_compact_0,compact,complete,8,full,grid25,229,ba8fd4877b5aecb4cafd96d73102f48aee7dacdc02b84c8da52f30a2023b986d,24,15,1.1865875008516014,25,15305,9280,8246,5761,2524,24,10111,6559,4524,1537,524
quality_4_6_compact_0,compact,complete,8,full,grid25,233,ba8fd4877b5aecb4cafd96d73102f48aee7dacdc02b84c8da52f30a2023b986d,24,15,1.1844133487902582,25,15478,9371,8254,5259,2369,24,10111,6559,4524,1537,524
quality_4_6_compact_0,compact,complete,9,full,sherbrooke,211,090c4980dda7cb6050ef60cd15d391901bfffac4c27cd63ef2f2ba5d9f72dd8f,24,17,43.50248608458787,127,70464,42471,11083,13751,2987,24,11401,7405,5136,1733,592
quality_4_6_compact_0,compact,complete,9,full,sherbrooke,223,090c4980dda7cb6050ef60cd15d391901bfffac4c27cd63ef2f2ba5d9f72dd8f,24,17,47.44286148902029,127,72047,43386,11571,14971,3214,24,11401,7405,5136,1733,592
quality_4_6_compact_0,compact,complete,9,full,sherbrooke,227,090c4980dda7cb6050ef60cd15d391901bfffac4c27cd63ef2f2ba5d9f72dd8f,24,17,51.148654975928366,127,71391,42942,11635,13703,3075,24,11401,7405,5136,1733,592
quality_4_6_compact_0,compact,complete,9,full,sherbrooke,229,090c4980dda7cb6050ef60cd15d391901bfffac4c27cd63ef2f2ba5d9f72dd8f,24,17,50.644859057851136,127,73485,44319,11693,14209,3104,24,11401,7405,5136,1733,592
quality_4_6_compact_0,compact,complete,9,full,sherbrooke,233,090c4980dda7cb6050ef60cd15d391901bfffac4c27cd63ef2f2ba5d9f72dd8f,24,17,50.088123344350606,127,73020,44070,11582,14249,3042,24,11401,7405,5136,1733,592
quality_4_6_compact_0,compact,complete,9,full,line25,211,090c4980dda7cb6050ef60cd15d391901bfffac4c27cd63ef2f2ba5d9f72dd8f,24,17,1.5324185746721923,25,27274,15981,10733,4595,2233,24,11401,7405,5136,1733,592
quality_4_6_compact_0,compact,complete,9,full,line25,223,090c4980dda7cb6050ef60cd15d391901bfffac4c27cd63ef2f2ba5d9f72dd8f,24,17,1.5316030737012625,25,27317,16008,10774,4522,2250,24,11401,7405,5136,1733,592
quality_4_6_compact_0,compact,complete,9,full,line25,227,090c4980dda7cb6050ef60cd15d391901bfffac4c27cd63ef2f2ba5d9f72dd8f,24,17,1.5486082253046334,25,27568,16131,10706,4590,2148,24,11401,7405,5136,1733,592
quality_4_6_compact_0,compact,complete,9,full,line25,229,090c4980dda7cb6050ef60cd15d391901bfffac4c27cd63ef2f2ba5d9f72dd8f,24,17,1.5443418133072555,25,27865,16301,10512,4472,2118,24,11401,7405,5136,1733,592
quality_4_6_compact_0,compact,complete,9,full,line25,233,090c4980dda7cb6050ef60cd15d391901bfffac4c27cd63ef2f2ba5d9f72dd8f,24,17,1.6806577169336379,25,28199,16486,10674,4584,2186,24,11401,7405,5136,1733,592
quality_4_6_compact_0,compact,complete,9,full,grid25,211,090c4980dda7cb6050ef60cd15d391901bfffac4c27cd63ef2f2ba5d9f72dd8f,24,17,1.4356654798611999,25,17447,10577,9274,6001,2718,24,11401,7405,5136,1733,592
quality_4_6_compact_0,compact,complete,9,full,grid25,223,090c4980dda7cb6050ef60cd15d391901bfffac4c27cd63ef2f2ba5d9f72dd8f,24,17,1.438099960796535,25,17310,10516,9429,6157,2780,24,11401,7405,5136,1733,592
quality_4_6_compact_0,compact,complete,9,full,grid25,227,090c4980dda7cb6050ef60cd15d391901bfffac4c27cd63ef2f2ba5d9f72dd8f,24,17,1.4236868368461728,25,17228,10456,9402,6720,2910,24,11401,7405,5136,1733,592
quality_4_6_compact_0,compact,complete,9,full,grid25,229,090c4980dda7cb6050ef60cd15d391901bfffac4c27cd63ef2f2ba5d9f72dd8f,24,17,1.4276771401055157,25,17487,10612,9405,6151,2807,24,11401,7405,5136,1733,592
quality_4_6_compact_0,compact,complete,9,full,grid25,233,090c4980dda7cb6050ef60cd15d391901bfffac4c27cd63ef2f2ba5d9f72dd8f,24,17,1.4251337037421763,25,17373,10543,9382,5920,2707,24,11401,7405,5136,1733,592
quality_4_6_compact_0,compact,complete,10,full,sherbrooke,211,542001252c9e0da9387fe43c584635d91a19e62d476485297bd917942901a68c,24,19,65.70337001699954,127,82917,49698,13450,15427,3451,24,12691,8251,5748,1929,660
quality_4_6_compact_0,compact,complete,10,full,sherbrooke,223,542001252c9e0da9387fe43c584635d91a19e62d476485297bd917942901a68c,24,19,61.71399413002655,127,81842,49357,12916,16994,3679,24,12691,8251,5748,1929,660
quality_4_6_compact_0,compact,complete,10,full,sherbrooke,227,542001252c9e0da9387fe43c584635d91a19e62d476485297bd917942901a68c,24,19,61.745415521319956,127,82446,49763,12967,16617,3529,24,12691,8251,5748,1929,660
quality_4_6_compact_0,compact,complete,10,full,sherbrooke,229,542001252c9e0da9387fe43c584635d91a19e62d476485297bd917942901a68c,24,19,64.28710782108828,127,82303,49747,12760,14273,3098,24,12691,8251,5748,1929,660
quality_4_6_compact_0,compact,complete,10,full,sherbrooke,233,542001252c9e0da9387fe43c584635d91a19e62d476485297bd917942901a68c,24,19,63.48346108291298,127,81334,48795,13259,17276,3816,24,12691,8251,5748,1929,660
quality_4_6_compact_0,compact,complete,10,full,line25,211,542001252c9e0da9387fe43c584635d91a19e62d476485297bd917942901a68c,24,19,1.6786089739762247,25,31222,18279,11972,5111,2448,24,12691,8251,5748,1929,660
quality_4_6_compact_0,compact,complete,10,full,line25,223,542001252c9e0da9387fe43c584635d91a19e62d476485297bd917942901a68c,24,19,1.670027120038867,25,30654,17953,12085,5119,2456,24,12691,8251,5748,1929,660
quality_4_6_compact_0,compact,complete,10,full,line25,227,542001252c9e0da9387fe43c584635d91a19e62d476485297bd917942901a68c,24,19,1.6669437601231039,25,31057,18180,12010,5149,2446,24,12691,8251,5748,1929,660
quality_4_6_compact_0,compact,complete,10,full,line25,229,542001252c9e0da9387fe43c584635d91a19e62d476485297bd917942901a68c,24,19,1.6909865159541368,25,31048,18174,11951,4961,2349,24,12691,8251,5748,1929,660
quality_4_6_compact_0,compact,complete,10,full,line25,233,542001252c9e0da9387fe43c584635d91a19e62d476485297bd917942901a68c,24,19,1.7951481537893414,25,30639,17962,12024,4933,2317,24,12691,8251,5748,1929,660
quality_4_6_compact_0,compact,complete,10,full,grid25,211,542001252c9e0da9387fe43c584635d91a19e62d476485297bd917942901a68c,24,19,1.5693679680116475,25,19684,11915,10489,6612,2977,24,12691,8251,5748,1929,660
quality_4_6_compact_0,compact,complete,10,full,grid25,223,542001252c9e0da9387fe43c584635d91a19e62d476485297bd917942901a68c,24,19,1.5636326279491186,25,19376,11740,10563,7352,3128,24,12691,8251,5748,1929,660
quality_4_6_compact_0,compact,complete,10,full,grid25,227,542001252c9e0da9387fe43c584635d91a19e62d476485297bd917942901a68c,24,19,1.5626221797429025,25,19942,12063,10558,7353,3219,24,12691,8251,5748,1929,660
quality_4_6_compact_0,compact,complete,10,full,grid25,229,542001252c9e0da9387fe43c584635d91a19e62d476485297bd917942901a68c,24,19,1.5638598850928247,25,19447,11790,10541,6788,3154,24,12691,8251,5748,1929,660
quality_4_6_compact_0,compact,complete,10,full,grid25,233,542001252c9e0da9387fe43c584635d91a19e62d476485297bd917942901a68c,24,19,1.5651349988766015,25,19663,11911,10485,6936,3152,24,12691,8251,5748,1929,660
quality_4_6_compact_0,compact,complete,11,full,sherbrooke,211,e3db6a71c2eb84f0e4fe01928522771de08f2721e359024afe4d2d28ad24de6d,24,21,71.04004230210558,127,90745,54778,14421,17795,3808,24,13981,9097,6360,2125,728
quality_4_6_compact_0,compact,complete,11,full,sherbrooke,223,e3db6a71c2eb84f0e4fe01928522771de08f2721e359024afe4d2d28ad24de6d,24,21,77.2911003259942,127,91047,54764,14689,18468,4095,24,13981,9097,6360,2125,728
quality_4_6_compact_0,compact,complete,11,full,sherbrooke,227,e3db6a71c2eb84f0e4fe01928522771de08f2721e359024afe4d2d28ad24de6d,24,21,75.59658776409924,127,88852,53443,14331,16336,3647,24,13981,9097,6360,2125,728
quality_4_6_compact_0,compact,complete,11,full,sherbrooke,229,e3db6a71c2eb84f0e4fe01928522771de08f2721e359024afe4d2d28ad24de6d,24,21,77.91991713782772,127,88401,53183,14137,16317,3715,24,13981,9097,6360,2125,728
quality_4_6_compact_0,compact,complete,11,full,sherbrooke,233,e3db6a71c2eb84f0e4fe01928522771de08f2721e359024afe4d2d28ad24de6d,24,21,78.49825622094795,127,90793,54556,14821,17629,4001,24,13981,9097,6360,2125,728
quality_4_6_compact_0,compact,complete,11,full,line25,211,e3db6a71c2eb84f0e4fe01928522771de08f2721e359024afe4d2d28ad24de6d,24,21,1.8847810621373355,25,34593,20233,13283,5749,2764,24,13981,9097,6360,2125,728
quality_4_6_compact_0,compact,complete,11,full,line25,223,e3db6a71c2eb84f0e4fe01928522771de08f2721e359024afe4d2d28ad24de6d,24,21,1.9919488946907222,25,33611,19697,13389,5637,2664,24,13981,9097,6360,2125,728
quality_4_6_compact_0,compact,complete,11,full,line25,227,e3db6a71c2eb84f0e4fe01928522771de08f2721e359024afe4d2d28ad24de6d,24,21,1.8780721840448678,25,33746,19776,13354,5799,2792,24,13981,9097,6360,2125,728
quality_4_6_compact_0,compact,complete,11,full,line25,229,e3db6a71c2eb84f0e4fe01928522771de08f2721e359024afe4d2d28ad24de6d,24,21,1.8742329250089824,25,34312,20082,13311,5723,2655,24,13981,9097,6360,2125,728
quality_4_6_compact_0,compact,complete,11,full,line25,233,e3db6a71c2eb84f0e4fe01928522771de08f2721e359024afe4d2d28ad24de6d,24,21,1.874660586938262,25,34254,20051,13229,5781,2735,24,13981,9097,6360,2125,728
quality_4_6_compact_0,compact,complete,11,full,grid25,211,e3db6a71c2eb84f0e4fe01928522771de08f2721e359024afe4d2d28ad24de6d,24,21,1.7511801742948592,25,21052,12781,11663,7547,3554,24,13981,9097,6360,2125,728
quality_4_6_compact_0,compact,complete,11,full,grid25,223,e3db6a71c2eb84f0e4fe01928522771de08f2721e359024afe4d2d28ad24de6d,24,21,1.7451353231444955,25,21071,12822,11769,7902,3588,24,13981,9097,6360,2125,728
quality_4_6_compact_0,compact,complete,11,full,grid25,227,e3db6a71c2eb84f0e4fe01928522771de08f2721e359024afe4d2d28ad24de6d,24,21,1.750551253091544,25,21524,13074,11744,7795,3655,24,13981,9097,6360,2125,728
quality_4_6_compact_0,compact,complete,11,full,grid25,229,e3db6a71c2eb84f0e4fe01928522771de08f2721e359024afe4d2d28ad24de6d,24,21,1.754305682145059,25,21616,13099,11698,7618,3566,24,13981,9097,6360,2125,728
quality_4_6_compact_0,compact,complete,11,full,grid25,233,e3db6a71c2eb84f0e4fe01928522771de08f2721e359024afe4d2d28ad24de6d,24,21,1.7442474560812116,25,21326,12945,11567,7530,3367,24,13981,9097,6360,2125,728
quality_4_6_compact_0,compact,complete,12,full,sherbrooke,211,6e652c2861dc29b0ce0d41ea03be491515991d65d1278e590470877c5722c337,24,23,91.74489930318668,127,101159,60767,16352,20135,4262,24,15271,9943,6972,2321,796
quality_4_6_compact_0,compact,complete,12,full,sherbrooke,223,6e652c2861dc29b0ce0d41ea03be491515991d65d1278e590470877c5722c337,24,23,92.6465415880084,127,100354,60427,16101,19314,4272,24,15271,9943,6972,2321,796
quality_4_6_compact_0,compact,complete,12,full,sherbrooke,227,6e652c2861dc29b0ce0d41ea03be491515991d65d1278e590470877c5722c337,24,23,95.22373038996011,127,97350,58426,15951,20449,4501,24,15271,9943,6972,2321,796
quality_4_6_compact_0,compact,complete,12,full,sherbrooke,229,6e652c2861dc29b0ce0d41ea03be491515991d65d1278e590470877c5722c337,24,23,99.3016437869519,127,98938,59295,15990,20557,4580,24,15271,9943,6972,2321,796
quality_4_6_compact_0,compact,complete,12,full,sherbrooke,233,6e652c2861dc29b0ce0d41ea03be491515991d65d1278e590470877c5722c337,24,23,92.02819135412574,127,100496,60726,15712,20550,4303,24,15271,9943,6972,2321,796
quality_4_6_compact_0,compact,complete,12,full,line25,211,6e652c2861dc29b0ce0d41ea03be491515991d65d1278e590470877c5722c337,24,23,2.2335082017816603,25,37467,21940,14535,6098,2920,24,15271,9943,6972,2321,796
quality_4_6_compact_0,compact,complete,12,full,line25,223,6e652c2861dc29b0ce0d41ea03be491515991d65d1278e590470877c5722c337,24,23,2.0822106837294996,25,37499,21966,14696,6209,3006,24,15271,9943,6972,2321,796
quality_4_6_compact_0,compact,complete,12,full,line25,227,6e652c2861dc29b0ce0d41ea03be491515991d65d1278e590470877c5722c337,24,23,2.075080454815179,25,37303,21849,14738,6262,3060,24,15271,9943,6972,2321,796
quality_4_6_compact_0,compact,complete,12,full,line25,229,6e652c2861dc29b0ce0d41ea03be491515991d65d1278e590470877c5722c337,24,23,2.0805331734009087,25,37466,21941,14609,6112,2951,24,15271,9943,6972,2321,796
quality_4_6_compact_0,compact,complete,12,full,line25,233,6e652c2861dc29b0ce0d41ea03be491515991d65d1278e590470877c5722c337,24,23,2.083582889754325,25,37764,22104,14606,6191,2973,24,15271,9943,6972,2321,796
quality_4_6_compact_0,compact,complete,12,full,grid25,211,6e652c2861dc29b0ce0d41ea03be491515991d65d1278e590470877c5722c337,24,23,1.9383437391370535,25,23670,14354,12950,8839,3945,24,15271,9943,6972,2321,796
quality_4_6_compact_0,compact,complete,12,full,grid25,223,6e652c2861dc29b0ce0d41ea03be491515991d65d1278e590470877c5722c337,24,23,1.9367935680784285,25,23222,14123,12825,8477,3854,24,15271,9943,6972,2321,796
quality_4_6_compact_0,compact,complete,12,full,grid25,227,6e652c2861dc29b0ce0d41ea03be491515991d65d1278e590470877c5722c337,24,23,1.9394879066385329,25,23446,14245,12919,9180,4143,24,15271,9943,6972,2321,796
quality_4_6_compact_0,compact,complete,12,full,grid25,229,6e652c2861dc29b0ce0d41ea03be491515991d65d1278e590470877c5722c337,24,23,1.998060471843928,25,23669,14350,12632,8521,3828,24,15271,9943,6972,2321,796
quality_4_6_compact_0,compact,complete,12,full,grid25,233,6e652c2861dc29b0ce0d41ea03be491515991d65d1278e590470877c5722c337,24,23,1.943298202008009,25,23064,14011,12956,8977,4100,24,15271,9943,6972,2321,796
quality_4_6_compact_0,compact,ring,1,full,sherbrooke,211,2ee7593459d24f7afd6c0760146f2b54d80be29caeb4580c085b0ab727971d67,24,1,0.2204235838726163,127,1127,682,146,186,34,24,541,313,96,106,24
quality_4_6_compact_0,compact,ring,1,full,sherbrooke,223,2ee7593459d24f7afd6c0760146f2b54d80be29caeb4580c085b0ab727971d67,24,1,0.036072253715246916,127,1189,723,151,209,42,24,541,313,96,106,24
quality_4_6_compact_0,compact,ring,1,full,sherbrooke,227,2ee7593459d24f7afd6c0760146f2b54d80be29caeb4580c085b0ab727971d67,24,1,0.03317409195005894,127,1121,686,151,250,46,24,541,313,96,106,24
quality_4_6_compact_0,compact,ring,1,full,sherbrooke,229,2ee7593459d24f7afd6c0760146f2b54d80be29caeb4580c085b0ab727971d67,24,1,0.03856217907741666,127,1111,681,143,190,36,24,541,313,96,106,24
quality_4_6_compact_0,compact,ring,1,full,sherbrooke,233,2ee7593459d24f7afd6c0760146f2b54d80be29caeb4580c085b0ab727971d67,24,1,0.03275702893733978,127,1079,655,151,199,39,24,541,313,96,106,24
quality_4_6_compact_0,compact,ring,1,full,line25,211,2ee7593459d24f7afd6c0760146f2b54d80be29caeb4580c085b0ab727971d67,24,1,0.024290119763463736,25,579,335,149,120,34,24,541,313,96,106,24
quality_4_6_compact_0,compact,ring,1,full,line25,223,2ee7593459d24f7afd6c0760146f2b54d80be29caeb4580c085b0ab727971d67,24,1,0.023668302223086357,25,597,348,144,121,34,24,541,313,96,106,24
quality_4_6_compact_0,compact,ring,1,full,line25,227,2ee7593459d24f7afd6c0760146f2b54d80be29caeb4580c085b0ab727971d67,24,1,0.02368579525500536,25,601,350,147,122,34,24,541,313,96,106,24
quality_4_6_compact_0,compact,ring,1,full,line25,229,2ee7593459d24f7afd6c0760146f2b54d80be29caeb4580c085b0ab727971d67,24,1,0.023057445883750916,25,605,352,149,122,32,24,541,313,96,106,24
quality_4_6_compact_0,compact,ring,1,full,line25,233,2ee7593459d24f7afd6c0760146f2b54d80be29caeb4580c085b0ab727971d67,24,1,0.022733998019248247,25,600,351,146,121,32,24,541,313,96,106,24
quality_4_6_compact_0,compact,ring,1,full,grid25,211,2ee7593459d24f7afd6c0760146f2b54d80be29caeb4580c085b0ab727971d67,24,1,0.01931433705613017,25,551,318,102,113,27,24,541,313,96,106,24
quality_4_6_compact_0,compact,ring,1,full,grid25,223,2ee7593459d24f7afd6c0760146f2b54d80be29caeb4580c085b0ab727971d67,24,1,0.0184427909553051,25,541,313,96,106,24,24,541,313,96,106,24
quality_4_6_compact_0,compact,ring,1,full,grid25,227,2ee7593459d24f7afd6c0760146f2b54d80be29caeb4580c085b0ab727971d67,24,1,0.01915471814572811,25,541,313,102,110,27,24,541,313,96,106,24
quality_4_6_compact_0,compact,ring,1,full,grid25,229,2ee7593459d24f7afd6c0760146f2b54d80be29caeb4580c085b0ab727971d67,24,1,0.018844694830477238,25,569,329,106,127,31,24,541,313,96,106,24
quality_4_6_compact_0,compact,ring,1,full,grid25,233,2ee7593459d24f7afd6c0760146f2b54d80be29caeb4580c085b0ab727971d67,24,1,0.01920048287138343,25,549,317,100,114,28,24,541,313,96,106,24
quality_4_6_compact_0,compact,ring,2,full,sherbrooke,211,9c41ec627a00f2aa5f632cd459b1fca196f4c78f93aff5d48a777c63775c021c,24,3,0.9328004997223616,127,7888,4734,1272,1835,415,24,1291,835,564,291,100
quality_4_6_compact_0,compact,ring,2,full,sherbrooke,223,9c41ec627a00f2aa5f632cd459b1fca196f4c78f93aff5d48a777c63775c021c,24,3,0.7384321698918939,127,7968,4816,1249,1739,386,24,1291,835,564,291,100
quality_4_6_compact_0,compact,ring,2,full,sherbrooke,227,9c41ec627a00f2aa5f632cd459b1fca196f4c78f93aff5d48a777c63775c021c,24,3,0.8220455222763121,127,8081,4898,1263,1698,362,24,1291,835,564,291,100
quality_4_6_compact_0,compact,ring,2,full,sherbrooke,229,9c41ec627a00f2aa5f632cd459b1fca196f4c78f93aff5d48a777c63775c021c,24,3,0.7328792833723128,127,7747,4692,1201,1503,328,24,1291,835,564,291,100
quality_4_6_compact_0,compact,ring,2,full,sherbrooke,233,9c41ec627a00f2aa5f632cd459b1fca196f4c78f93aff5d48a777c63775c021c,24,3,0.8308363487012684,127,8126,4865,1309,1646,354,24,1291,835,564,291,100
quality_4_6_compact_0,compact,ring,2,full,line25,211,9c41ec627a00f2aa5f632cd459b1fca196f4c78f93aff5d48a777c63775c021c,24,3,0.15747299091890454,25,2928,1726,1213,612,273,24,1291,835,564,291,100
quality_4_6_compact_0,compact,ring,2,full,line25,223,9c41ec627a00f2aa5f632cd459b1fca196f4c78f93aff5d48a777c63775c021c,24,3,0.1591704380698502,25,2846,1683,1238,627,285,24,1291,835,564,291,100
quality_4_6_compact_0,compact,ring,2,full,line25,227,9c41ec627a00f2aa5f632cd459b1fca196f4c78f93aff5d48a777c63775c021c,24,3,0.16095122089609504,25,2948,1740,1216,707,324,24,1291,835,564,291,100
quality_4_6_compact_0,compact,ring,2,full,line25,229,9c41ec627a00f2aa5f632cd459b1fca196f4c78f93aff5d48a777c63775c021c,24,3,0.16114730993285775,25,2902,1715,1200,676,335,24,1291,835,564,291,100
quality_4_6_compact_0,compact,ring,2,full,line25,233,9c41ec627a00f2aa5f632cd459b1fca196f4c78f93aff5d48a777c63775c021c,24,3,0.160298905801028,25,3015,1779,1191,686,321,24,1291,835,564,291,100
quality_4_6_compact_0,compact,ring,2,full,grid25,211,9c41ec627a00f2aa5f632cd459b1fca196f4c78f93aff5d48a777c63775c021c,24,3,0.14355643838644028,25,1944,1183,968,715,316,24,1291,835,564,291,100
quality_4_6_compact_0,compact,ring,2,full,grid25,223,9c41ec627a00f2aa5f632cd459b1fca196f4c78f93aff5d48a777c63775c021c,24,3,0.1455353549681604,25,1902,1164,963,734,321,24,1291,835,564,291,100
quality_4_6_compact_0,compact,ring,2,full,grid25,227,9c41ec627a00f2aa5f632cd459b1fca196f4c78f93aff5d48a777c63775c021c,24,3,0.1482173609547317,25,1654,1025,1015,849,391,24,1291,835,564,291,100
quality_4_6_compact_0,compact,ring,2,full,grid25,229,9c41ec627a00f2aa5f632cd459b1fca196f4c78f93aff5d48a777c63775c021c,24,3,0.14723868295550346,25,1812,1116,994,790,358,24,1291,835,564,291,100
quality_4_6_compact_0,compact,ring,2,full,grid25,233,9c41ec627a00f2aa5f632cd459b1fca196f4c78f93aff5d48a777c63775c021c,24,3,0.14670701511204243,25,1845,1133,985,695,338,24,1291,835,564,291,100
quality_4_6_compact_0,compact,ring,3,full,sherbrooke,211,b9d26bbef693396ea2c15b8ab161e83f18200009507eabd6ff0c8607cb11e1f3,24,5,2.6902436781674623,127,15629,9384,2493,2725,615,24,2041,1357,1032,458,164
quality_4_6_compact_0,compact,ring,3,full,sherbrooke,223,b9d26bbef693396ea2c15b8ab161e83f18200009507eabd6ff0c8607cb11e1f3,24,5,2.4995866981334984,127,15257,9173,2500,3369,757,24,2041,1357,1032,458,164
quality_4_6_compact_0,compact,ring,3,full,sherbrooke,227,b9d26bbef693396ea2c15b8ab161e83f18200009507eabd6ff0c8607cb11e1f3,24,5,2.400885453913361,127,15118,9036,2533,3442,776,24,2041,1357,1032,458,164
quality_4_6_compact_0,compact,ring,3,full,sherbrooke,229,b9d26bbef693396ea2c15b8ab161e83f18200009507eabd6ff0c8607cb11e1f3,24,5,2.5776094920001924,127,15086,9111,2385,2982,665,24,2041,1357,1032,458,164
quality_4_6_compact_0,compact,ring,3,full,sherbrooke,233,b9d26bbef693396ea2c15b8ab161e83f18200009507eabd6ff0c8607cb11e1f3,24,5,2.5209933831356466,127,15213,9163,2453,3300,760,24,2041,1357,1032,458,164
quality_4_6_compact_0,compact,ring,3,full,line25,211,b9d26bbef693396ea2c15b8ab161e83f18200009507eabd6ff0c8607cb11e1f3,24,5,0.30461715580895543,25,5115,3033,2410,1121,554,24,2041,1357,1032,458,164
quality_4_6_compact_0,compact,ring,3,full,line25,223,b9d26bbef693396ea2c15b8ab161e83f18200009507eabd6ff0c8607cb11e1f3,24,5,0.2989731691777706,25,5279,3126,2369,1126,539,24,2041,1357,1032,458,164
quality_4_6_compact_0,compact,ring,3,full,line25,227,b9d26bbef693396ea2c15b8ab161e83f18200009507eabd6ff0c8607cb11e1f3,24,5,0.29888486210256815,25,5278,3123,2365,1146,557,24,2041,1357,1032,458,164
quality_4_6_compact_0,compact,ring,3,full,line25,229,b9d26bbef693396ea2c15b8ab161e83f18200009507eabd6ff0c8607cb11e1f3,24,5,0.2953911619260907,25,5001,2974,2452,1133,577,24,2041,1357,1032,458,164
quality_4_6_compact_0,compact,ring,3,full,line25,233,b9d26bbef693396ea2c15b8ab161e83f18200009507eabd6ff0c8607cb11e1f3,24,5,0.3009143928065896,25,4835,2882,2455,1119,581,24,2041,1357,1032,458,164
quality_4_6_compact_0,compact,ring,3,full,grid25,211,b9d26bbef693396ea2c15b8ab161e83f18200009507eabd6ff0c8607cb11e1f3,24,5,0.2681428571231663,25,2921,1823,1974,1389,745,24,2041,1357,1032,458,164
quality_4_6_compact_0,compact,ring,3,full,grid25,223,b9d26bbef693396ea2c15b8ab161e83f18200009507eabd6ff0c8607cb11e1f3,24,5,0.2668609502725303,25,3452,2122,1874,1184,529,24,2041,1357,1032,458,164
quality_4_6_compact_0,compact,ring,3,full,grid25,227,b9d26bbef693396ea2c15b8ab161e83f18200009507eabd6ff0c8607cb11e1f3,24,5,0.2707468066364527,25,3077,1908,1943,1317,616,24,2041,1357,1032,458,164
quality_4_6_compact_0,compact,ring,3,full,grid25,229,b9d26bbef693396ea2c15b8ab161e83f18200009507eabd6ff0c8607cb11e1f3,24,5,0.26696216966956854,25,2983,1863,1913,1260,645,24,2041,1357,1032,458,164
quality_4_6_compact_0,compact,ring,3,full,grid25,233,b9d26bbef693396ea2c15b8ab161e83f18200009507eabd6ff0c8607cb11e1f3,24,5,0.26730160787701607,25,3028,1887,1934,1183,619,24,2041,1357,1032,458,164
quality_4_6_compact_0,compact,ring,4,full,sherbrooke,211,531abcff2933a52f8175bf1c464b5d2527755d5de570c6c3ecee0d48bb0c135a,24,7,5.492237431928515,127,22702,13609,3748,5052,1144,24,2791,1879,1500,625,228
quality_4_6_compact_0,compact,ring,4,full,sherbrooke,223,531abcff2933a52f8175bf1c464b5d2527755d5de570c6c3ecee0d48bb0c135a,24,7,5.786191425286233,127,22605,13520,3750,4930,1114,24,2791,1879,1500,625,228
quality_4_6_compact_0,compact,ring,4,full,sherbrooke,227,531abcff2933a52f8175bf1c464b5d2527755d5de570c6c3ecee0d48bb0c135a,24,7,5.527719898149371,127,22032,13156,3714,4341,1022,24,2791,1879,1500,625,228
quality_4_6_compact_0,compact,ring,4,full,sherbrooke,229,531abcff2933a52f8175bf1c464b5d2527755d5de570c6c3ecee0d48bb0c135a,24,7,5.447190687060356,127,22447,13487,3683,4591,1053,24,2791,1879,1500,625,228
quality_4_6_compact_0,compact,ring,4,full,sherbrooke,233,531abcff2933a52f8175bf1c464b5d2527755d5de570c6c3ecee0d48bb0c135a,24,7,5.456169446930289,127,22581,13509,3799,4790,1110,24,2791,1879,1500,625,228
quality_4_6_compact_0,compact,ring,4,full,line25,211,531abcff2933a52f8175bf1c464b5d2527755d5de570c6c3ecee0d48bb0c135a,24,7,0.4560212311334908,25,6960,4151,3684,1546,778,24,2791,1879,1500,625,228
quality_4_6_compact_0,compact,ring,4,full,line25,223,531abcff2933a52f8175bf1c464b5d2527755d5de570c6c3ecee0d48bb0c135a,24,7,0.45439769327640533,25,6927,4131,3717,1634,859,24,2791,1879,1500,625,228
quality_4_6_compact_0,compact,ring,4,full,line25,227,531abcff2933a52f8175bf1c464b5d2527755d5de570c6c3ecee0d48bb0c135a,24,7,0.454924029763788,25,6888,4109,3629,1513,800,24,2791,1879,1500,625,228
quality_4_6_compact_0,compact,ring,4,full,line25,229,531abcff2933a52f8175bf1c464b5d2527755d5de570c6c3ecee0d48bb0c135a,24,7,0.45070517901331186,25,7176,4274,3670,1639,834,24,2791,1879,1500,625,228
quality_4_6_compact_0,compact,ring,4,full,line25,233,531abcff2933a52f8175bf1c464b5d2527755d5de570c6c3ecee0d48bb0c135a,24,7,0.45423987600952387,25,7029,4187,3721,1638,853,24,2791,1879,1500,625,228
quality_4_6_compact_0,compact,ring,4,full,grid25,211,531abcff2933a52f8175bf1c464b5d2527755d5de570c6c3ecee0d48bb0c135a,24,7,0.41305404994636774,25,4510,2805,2782,1887,921,24,2791,1879,1500,625,228
quality_4_6_compact_0,compact,ring,4,full,grid25,223,531abcff2933a52f8175bf1c464b5d2527755d5de570c6c3ecee0d48bb0c135a,24,7,0.4046526742167771,25,4522,2809,2824,2052,1011,24,2791,1879,1500,625,228
quality_4_6_compact_0,compact,ring,4,full,grid25,227,531abcff2933a52f8175bf1c464b5d2527755d5de570c6c3ecee0d48bb0c135a,24,7,0.40607505617663264,25,4867,2999,2790,1941,889,24,2791,1879,1500,625,228
quality_4_6_compact_0,compact,ring,4,full,grid25,229,531abcff2933a52f8175bf1c464b5d2527755d5de570c6c3ecee0d48bb0c135a,24,7,0.4076067819260061,25,4367,2723,2901,2151,1039,24,2791,1879,1500,625,228
quality_4_6_compact_0,compact,ring,4,full,grid25,233,531abcff2933a52f8175bf1c464b5d2527755d5de570c6c3ecee0d48bb0c135a,24,7,0.4051201627589762,25,4316,2699,2877,1860,939,24,2791,1879,1500,625,228
quality_4_6_compact_0,compact,ring,5,full,sherbrooke,211,f50d6801b18b09f8f6851e072d3ade0283a6b5190c84dc7ced0da59cd01ac746,24,9,9.73537365021184,127,29920,17851,4985,6566,1487,24,3541,2401,1968,792,292
quality_4_6_compact_0,compact,ring,5,full,sherbrooke,223,f50d6801b18b09f8f6851e072d3ade0283a6b5190c84dc7ced0da59cd01ac746,24,9,9.47372533660382,127,29848,17826,4877,5990,1345,24,3541,2401,1968,792,292
quality_4_6_compact_0,compact,ring,5,full,sherbrooke,227,f50d6801b18b09f8f6851e072d3ade0283a6b5190c84dc7ced0da59cd01ac746,24,9,8.724561295937747,127,29263,17510,4837,5715,1277,24,3541,2401,1968,792,292
quality_4_6_compact_0,compact,ring,5,full,sherbrooke,229,f50d6801b18b09f8f6851e072d3ade0283a6b5190c84dc7ced0da59cd01ac746,24,9,8.568750467151403,127,29916,18025,4797,6303,1362,24,3541,2401,1968,792,292
quality_4_6_compact_0,compact,ring,5,full,sherbrooke,233,f50d6801b18b09f8f6851e072d3ade0283a6b5190c84dc7ced0da59cd01ac746,24,9,9.872285432182252,127,29415,17648,4866,5870,1340,24,3541,2401,1968,792,292
quality_4_6_compact_0,compact,ring,5,full,line25,211,f50d6801b18b09f8f6851e072d3ade0283a6b5190c84dc7ced0da59cd01ac746,24,9,0.6009046919643879,25,9448,5614,4826,2089,1074,24,3541,2401,1968,792,292
quality_4_6_compact_0,compact,ring,5,full,line25,223,f50d6801b18b09f8f6851e072d3ade0283a6b5190c84dc7ced0da59cd01ac746,24,9,0.5878650266677141,25,9363,5573,4846,2136,1110,24,3541,2401,1968,792,292
quality_4_6_compact_0,compact,ring,5,full,line25,227,f50d6801b18b09f8f6851e072d3ade0283a6b5190c84dc7ced0da59cd01ac746,24,9,0.5896028196439147,25,9133,5447,4895,2044,1081,24,3541,2401,1968,792,292
quality_4_6_compact_0,compact,ring,5,full,line25,229,f50d6801b18b09f8f6851e072d3ade0283a6b5190c84dc7ced0da59cd01ac746,24,9,0.5908967289142311,25,9202,5482,4832,2045,1059,24,3541,2401,1968,792,292
quality_4_6_compact_0,compact,ring,5,full,line25,233,f50d6801b18b09f8f6851e072d3ade0283a6b5190c84dc7ced0da59cd01ac746,24,9,0.5896412516012788,25,9031,5386,4922,2236,1138,24,3541,2401,1968,792,292
quality_4_6_compact_0,compact,ring,5,full,grid25,211,f50d6801b18b09f8f6851e072d3ade0283a6b5190c84dc7ced0da59cd01ac746,24,9,0.5305561772547662,25,5488,3442,3870,2516,1248,24,3541,2401,1968,792,292
quality_4_6_compact_0,compact,ring,5,full,grid25,223,f50d6801b18b09f8f6851e072d3ade0283a6b5190c84dc7ced0da59cd01ac746,24,9,0.5270286630839109,25,5681,3550,3814,2218,1162,24,3541,2401,1968,792,292
quality_4_6_compact_0,compact,ring,5,full,grid25,227,f50d6801b18b09f8f6851e072d3ade0283a6b5190c84dc7ced0da59cd01ac746,24,9,0.525405874941498,25,5488,3448,3889,2451,1333,24,3541,2401,1968,792,292
quality_4_6_compact_0,compact,ring,5,full,grid25,229,f50d6801b18b09f8f6851e072d3ade0283a6b5190c84dc7ced0da59cd01ac746,24,9,0.5281038619577885,25,5691,3556,3869,2543,1270,24,3541,2401,1968,792,292
quality_4_6_compact_0,compact,ring,5,full,grid25,233,f50d6801b18b09f8f6851e072d3ade0283a6b5190c84dc7ced0da59cd01ac746,24,9,0.5260396357625723,25,6155,3817,3726,2552,1220,24,3541,2401,1968,792,292
quality_4_6_compact_0,compact,ring,6,full,sherbrooke,211,e39f578f0a10757bd65fa76ae05733d973adf88ea0b08794596e41691f9aef21,24,11,14.111554638948292,127,37103,22107,6214,7526,1778,24,4291,2923,2436,959,356
quality_4_6_compact_0,compact,ring,6,full,sherbrooke,223,e39f578f0a10757bd65fa76ae05733d973adf88ea0b08794596e41691f9aef21,24,11,13.106692727655172,127,37164,22395,6043,7383,1656,24,4291,2923,2436,959,356
quality_4_6_compact_0,compact,ring,6,full,sherbrooke,227,e39f578f0a10757bd65fa76ae05733d973adf88ea0b08794596e41691f9aef21,24,11,15.469510812312365,127,37059,22157,6113,7635,1761,24,4291,2923,2436,959,356
quality_4_6_compact_0,compact,ring,6,full,sherbrooke,229,e39f578f0a10757bd65fa76ae05733d973adf88ea0b08794596e41691f9aef21,24,11,14.719886105041951,127,37231,22321,6205,8025,1856,24,4291,2923,2436,959,356
quality_4_6_compact_0,compact,ring,6,full,sherbrooke,233,e39f578f0a10757bd65fa76ae05733d973adf88ea0b08794596e41691f9aef21,24,11,14.522845978848636,127,36886,22017,6236,7470,1739,24,4291,2923,2436,959,356
quality_4_6_compact_0,compact,ring,6,full,line25,211,e39f578f0a10757bd65fa76ae05733d973adf88ea0b08794596e41691f9aef21,24,11,0.764785073697567,25,11552,6876,6148,2812,1460,24,4291,2923,2436,959,356
quality_4_6_compact_0,compact,ring,6,full,line25,223,e39f578f0a10757bd65fa76ae05733d973adf88ea0b08794596e41691f9aef21,24,11,0.757467192132026,25,11646,6931,5987,2609,1309,24,4291,2923,2436,959,356
quality_4_6_compact_0,compact,ring,6,full,line25,227,e39f578f0a10757bd65fa76ae05733d973adf88ea0b08794596e41691f9aef21,24,11,0.7566175968386233,25,11241,6700,6146,2592,1331,24,4291,2923,2436,959,356
quality_4_6_compact_0,compact,ring,6,full,line25,229,e39f578f0a10757bd65fa76ae05733d973adf88ea0b08794596e41691f9aef21,24,11,0.7641407428309321,25,11426,6808,6102,2662,1383,24,4291,2923,2436,959,356
quality_4_6_compact_0,compact,ring,6,full,line25,233,e39f578f0a10757bd65fa76ae05733d973adf88ea0b08794596e41691f9aef21,24,11,0.7524756486527622,25,11243,6706,6099,2600,1351,24,4291,2923,2436,959,356
quality_4_6_compact_0,compact,ring,6,full,grid25,211,e39f578f0a10757bd65fa76ae05733d973adf88ea0b08794596e41691f9aef21,24,11,0.6706686890684068,25,7165,4470,4811,3210,1598,24,4291,2923,2436,959,356
quality_4_6_compact_0,compact,ring,6,full,grid25,223,e39f578f0a10757bd65fa76ae05733d973adf88ea0b08794596e41691f9aef21,24,11,0.6675311871804297,25,6948,4351,4789,3056,1547,24,4291,2923,2436,959,356
quality_4_6_compact_0,compact,ring,6,full,grid25,227,e39f578f0a10757bd65fa76ae05733d973adf88ea0b08794596e41691f9aef21,24,11,0.6708429558202624,25,6615,4167,4892,3060,1661,24,4291,2923,2436,959,356
quality_4_6_compact_0,compact,ring,6,full,grid25,229,e39f578f0a10757bd65fa76ae05733d973adf88ea0b08794596e41691f9aef21,24,11,0.6732733198441565,25,7064,4413,4822,3142,1647,24,4291,2923,2436,959,356
quality_4_6_compact_0,compact,ring,6,full,grid25,233,e39f578f0a10757bd65fa76ae05733d973adf88ea0b08794596e41691f9aef21,24,11,0.6721336101181805,25,6592,4160,4911,3497,1787,24,4291,2923,2436,959,356
quality_4_6_compact_0,compact,ring,7,full,sherbrooke,211,ad91ca79a1ee2a4f7abeebcebfbc9e13033e898a3b6217dd3ae768354e55b901,24,13,19.55722505087033,127,43786,26154,7327,9245,2157,24,5041,3445,2904,1126,420
quality_4_6_compact_0,compact,ring,7,full,sherbrooke,223,ad91ca79a1ee2a4f7abeebcebfbc9e13033e898a3b6217dd3ae768354e55b901,24,13,19.97500133793801,127,44280,26561,7274,9112,2079,24,5041,3445,2904,1126,420
quality_4_6_compact_0,compact,ring,7,full,sherbrooke,227,ad91ca79a1ee2a4f7abeebcebfbc9e13033e898a3b6217dd3ae768354e55b901,24,13,20.952233106829226,127,43978,26345,7335,9298,2098,24,5041,3445,2904,1126,420
quality_4_6_compact_0,compact,ring,7,full,sherbrooke,229,ad91ca79a1ee2a4f7abeebcebfbc9e13033e898a3b6217dd3ae768354e55b901,24,13,20.74621522286907,127,45128,26981,7510,9960,2295,24,5041,3445,2904,1126,420
quality_4_6_compact_0,compact,ring,7,full,sherbrooke,233,ad91ca79a1ee2a4f7abeebcebfbc9e13033e898a3b6217dd3ae768354e55b901,24,13,21.945381734054536,127,44772,26647,7577,9110,2158,24,5041,3445,2904,1126,420
quality_4_6_compact_0,compact,ring,7,full,line25,211,ad91ca79a1ee2a4f7abeebcebfbc9e13033e898a3b6217dd3ae768354e55b901,24,13,0.9085643501020968,25,13705,8159,7375,3206,1662,24,5041,3445,2904,1126,420
quality_4_6_compact_0,compact,ring,7,full,line25,223,ad91ca79a1ee2a4f7abeebcebfbc9e13033e898a3b6217dd3ae768354e55b901,24,13,0.9033554997295141,25,13530,8062,7297,3105,1622,24,5041,3445,2904,1126,420
quality_4_6_compact_0,compact,ring,7,full,line25,227,ad91ca79a1ee2a4f7abeebcebfbc9e13033e898a3b6217dd3ae768354e55b901,24,13,0.9142266130074859,25,13787,8209,7334,3011,1564,24,5041,3445,2904,1126,420
quality_4_6_compact_0,compact,ring,7,full,line25,229,ad91ca79a1ee2a4f7abeebcebfbc9e13033e898a3b6217dd3ae768354e55b901,24,13,0.9052856140770018,25,13528,8066,7345,3044,1609,24,5041,3445,2904,1126,420
quality_4_6_compact_0,compact,ring,7,full,line25,233,ad91ca79a1ee2a4f7abeebcebfbc9e13033e898a3b6217dd3ae768354e55b901,24,13,0.9146621199324727,25,13910,8270,7315,3303,1729,24,5041,3445,2904,1126,420
quality_4_6_compact_0,compact,ring,7,full,grid25,211,ad91ca79a1ee2a4f7abeebcebfbc9e13033e898a3b6217dd3ae768354e55b901,24,13,0.8006465709768236,25,7864,4955,5779,3743,1946,24,5041,3445,2904,1126,420
quality_4_6_compact_0,compact,ring,7,full,grid25,223,ad91ca79a1ee2a4f7abeebcebfbc9e13033e898a3b6217dd3ae768354e55b901,24,13,0.7994587612338364,25,8257,5178,5785,3454,1753,24,5041,3445,2904,1126,420
quality_4_6_compact_0,compact,ring,7,full,grid25,227,ad91ca79a1ee2a4f7abeebcebfbc9e13033e898a3b6217dd3ae768354e55b901,24,13,0.8000193238258362,25,7900,4985,5838,3464,1841,24,5041,3445,2904,1126,420
quality_4_6_compact_0,compact,ring,7,full,grid25,229,ad91ca79a1ee2a4f7abeebcebfbc9e13033e898a3b6217dd3ae768354e55b901,24,13,0.7945758118294179,25,8110,5099,5763,3790,1990,24,5041,3445,2904,1126,420
quality_4_6_compact_0,compact,ring,7,full,grid25,233,ad91ca79a1ee2a4f7abeebcebfbc9e13033e898a3b6217dd3ae768354e55b901,24,13,0.7990667950361967,25,8079,5081,5750,3437,1818,24,5041,3445,2904,1126,420
quality_4_6_compact_0,compact,ring,8,full,sherbrooke,211,7a1290c99b6760ae975b07b83effde42a1c99e8c574413ae4025380aba5da79b,24,15,26.29332593176514,127,51026,30421,8588,10499,2440,24,5791,3967,3372,1293,484
quality_4_6_compact_0,compact,ring,8,full,sherbrooke,223,7a1290c99b6760ae975b07b83effde42a1c99e8c574413ae4025380aba5da79b,24,15,28.457223018165678,127,52546,31332,8750,10889,2420,24,5791,3967,3372,1293,484
quality_4_6_compact_0,compact,ring,8,full,sherbrooke,227,7a1290c99b6760ae975b07b83effde42a1c99e8c574413ae4025380aba5da79b,24,15,27.223333928268403,127,52202,31190,8701,10714,2488,24,5791,3967,3372,1293,484
quality_4_6_compact_0,compact,ring,8,full,sherbrooke,229,7a1290c99b6760ae975b07b83effde42a1c99e8c574413ae4025380aba5da79b,24,15,28.27992134494707,127,52387,31410,8601,10686,2384,24,5791,3967,3372,1293,484
quality_4_6_compact_0,compact,ring,8,full,sherbrooke,233,7a1290c99b6760ae975b07b83effde42a1c99e8c574413ae4025380aba5da79b,24,15,27.77931896178052,127,52466,31417,8588,10623,2394,24,5791,3967,3372,1293,484
quality_4_6_compact_0,compact,ring,8,full,line25,211,7a1290c99b6760ae975b07b83effde42a1c99e8c574413ae4025380aba5da79b,24,15,1.0664360262453556,25,16350,9713,8455,3820,1956,24,5791,3967,3372,1293,484
quality_4_6_compact_0,compact,ring,8,full,line25,223,7a1290c99b6760ae975b07b83effde42a1c99e8c574413ae4025380aba5da79b,24,15,1.0688934060744941,25,15495,9249,8634,3593,1866,24,5791,3967,3372,1293,484
quality_4_6_compact_0,compact,ring,8,full,line25,227,7a1290c99b6760ae975b07b83effde42a1c99e8c574413ae4025380aba5da79b,24,15,1.0598999680951238,25,15566,9287,8586,3585,1874,24,5791,3967,3372,1293,484
quality_4_6_compact_0,compact,ring,8,full,line25,229,7a1290c99b6760ae975b07b83effde42a1c99e8c574413ae4025380aba5da79b,24,15,1.0627766600809991,25,15768,9392,8657,3794,1921,24,5791,3967,3372,1293,484
quality_4_6_compact_0,compact,ring,8,full,line25,233,7a1290c99b6760ae975b07b83effde42a1c99e8c574413ae4025380aba5da79b,24,15,1.058104848023504,25,15302,9145,8686,3571,1860,24,5791,3967,3372,1293,484
quality_4_6_compact_0,compact,ring,8,full,grid25,211,7a1290c99b6760ae975b07b83effde42a1c99e8c574413ae4025380aba5da79b,24,15,0.939241933170706,25,9570,6002,6845,4325,2190,24,5791,3967,3372,1293,484
quality_4_6_compact_0,compact,ring,8,full,grid25,223,7a1290c99b6760ae975b07b83effde42a1c99e8c574413ae4025380aba5da79b,24,15,0.9374366840347648,25,9455,5936,6757,4276,2138,24,5791,3967,3372,1293,484
quality_4_6_compact_0,compact,ring,8,full,grid25,227,7a1290c99b6760ae975b07b83effde42a1c99e8c574413ae4025380aba5da79b,24,15,0.9357358096167445,25,9656,6049,6615,4123,2029,24,5791,3967,3372,1293,484
quality_4_6_compact_0,compact,ring,8,full,grid25,229,7a1290c99b6760ae975b07b83effde42a1c99e8c574413ae4025380aba5da79b,24,15,0.9408594910055399,25,9548,5976,6805,4358,2223,24,5791,3967,3372,1293,484
quality_4_6_compact_0,compact,ring,8,full,grid25,233,7a1290c99b6760ae975b07b83effde42a1c99e8c574413ae4025380aba5da79b,24,15,0.9371946700848639,25,9500,5972,6687,4150,2198,24,5791,3967,3372,1293,484
quality_4_6_compact_0,compact,ring,9,full,sherbrooke,211,fc4f73432a3d7432cc914fd2880a81e54a76cbb2914a69494b86c5ac46b453c0,24,17,38.14903701515868,127,60426,36064,10206,12353,2830,24,6541,4489,3840,1460,548
quality_4_6_compact_0,compact,ring,9,full,sherbrooke,223,fc4f73432a3d7432cc914fd2880a81e54a76cbb2914a69494b86c5ac46b453c0,24,17,36.70714173698798,127,60279,36172,10015,12442,2857,24,6541,4489,3840,1460,548
quality_4_6_compact_0,compact,ring,9,full,sherbrooke,227,fc4f73432a3d7432cc914fd2880a81e54a76cbb2914a69494b86c5ac46b453c0,24,17,35.433034994173795,127,60505,36399,9771,12672,2799,24,6541,4489,3840,1460,548
quality_4_6_compact_0,compact,ring,9,full,sherbrooke,229,fc4f73432a3d7432cc914fd2880a81e54a76cbb2914a69494b86c5ac46b453c0,24,17,37.49297729320824,127,58339,34922,9749,12185,2824,24,6541,4489,3840,1460,548
quality_4_6_compact_0,compact,ring,9,full,sherbrooke,233,fc4f73432a3d7432cc914fd2880a81e54a76cbb2914a69494b86c5ac46b453c0,24,17,35.8300736900419,127,59800,35692,10108,12620,2931,24,6541,4489,3840,1460,548
quality_4_6_compact_0,compact,ring,9,full,line25,211,fc4f73432a3d7432cc914fd2880a81e54a76cbb2914a69494b86c5ac46b453c0,24,17,1.2049234649166465,25,17609,10512,9993,4243,2326,24,6541,4489,3840,1460,548
quality_4_6_compact_0,compact,ring,9,full,line25,223,fc4f73432a3d7432cc914fd2880a81e54a76cbb2914a69494b86c5ac46b453c0,24,17,1.1964004910551012,25,17221,10304,10023,4222,2247,24,6541,4489,3840,1460,548
quality_4_6_compact_0,compact,ring,9,full,line25,227,fc4f73432a3d7432cc914fd2880a81e54a76cbb2914a69494b86c5ac46b453c0,24,17,1.200765488203615,25,17844,10645,9728,4035,2148,24,6541,4489,3840,1460,548
quality_4_6_compact_0,compact,ring,9,full,line25,229,fc4f73432a3d7432cc914fd2880a81e54a76cbb2914a69494b86c5ac46b453c0,24,17,1.201805971097201,25,18212,10845,9792,4273,2248,24,6541,4489,3840,1460,548
quality_4_6_compact_0,compact,ring,9,full,line25,233,fc4f73432a3d7432cc914fd2880a81e54a76cbb2914a69494b86c5ac46b453c0,24,17,1.1957483156584203,25,18277,10871,9751,4176,2108,24,6541,4489,3840,1460,548
quality_4_6_compact_0,compact,ring,9,full,grid25,211,fc4f73432a3d7432cc914fd2880a81e54a76cbb2914a69494b86c5ac46b453c0,24,17,1.057917615864426,25,10627,6683,7737,4880,2534,24,6541,4489,3840,1460,548
quality_4_6_compact_0,compact,ring,9,full,grid25,223,fc4f73432a3d7432cc914fd2880a81e54a76cbb2914a69494b86c5ac46b453c0,24,17,1.0665375823155046,25,10643,6690,7716,4730,2460,24,6541,4489,3840,1460,548
quality_4_6_compact_0,compact,ring,9,full,grid25,227,fc4f73432a3d7432cc914fd2880a81e54a76cbb2914a69494b86c5ac46b453c0,24,17,1.0614242106676102,25,10655,6709,7717,4915,2618,24,6541,4489,3840,1460,548
quality_4_6_compact_0,compact,ring,9,full,grid25,229,fc4f73432a3d7432cc914fd2880a81e54a76cbb2914a69494b86c5ac46b453c0,24,17,1.0561191593296826,25,10896,6828,7673,4974,2510,24,6541,4489,3840,1460,548
quality_4_6_compact_0,compact,ring,9,full,grid25,233,fc4f73432a3d7432cc914fd2880a81e54a76cbb2914a69494b86c5ac46b453c0,24,17,1.057802809868008,25,10815,6787,7775,5043,2556,24,6541,4489,3840,1460,548
quality_4_6_compact_0,compact,ring,10,full,sherbrooke,211,13687fc5ad8a8ac56075e25c80b52cde3e19f203455113cfc145770c3e314b6a,24,19,45.12506081489846,127,65758,39006,11421,14260,3403,24,7291,5011,4308,1627,612
quality_4_6_compact_0,compact,ring,10,full,sherbrooke,223,13687fc5ad8a8ac56075e25c80b52cde3e19f203455113cfc145770c3e314b6a,24,19,47.61654392816126,127,66399,39683,10990,13332,3096,24,7291,5011,4308,1627,612
quality_4_6_compact_0,compact,ring,10,full,sherbrooke,227,13687fc5ad8a8ac56075e25c80b52cde3e19f203455113cfc145770c3e314b6a,24,19,46.78617118997499,127,67282,40102,11258,13689,3175,24,7291,5011,4308,1627,612
quality_4_6_compact_0,compact,ring,10,full,sherbrooke,229,13687fc5ad8a8ac56075e25c80b52cde3e19f203455113cfc145770c3e314b6a,24,19,49.664879149757326,127,69609,41737,11362,15048,3334,24,7291,5011,4308,1627,612
quality_4_6_compact_0,compact,ring,10,full,sherbrooke,233,13687fc5ad8a8ac56075e25c80b52cde3e19f203455113cfc145770c3e314b6a,24,19,48.366958177648485,127,66534,39589,11300,13229,3118,24,7291,5011,4308,1627,612
quality_4_6_compact_0,compact,ring,10,full,line25,211,13687fc5ad8a8ac56075e25c80b52cde3e19f203455113cfc145770c3e314b6a,24,19,1.3752442141994834,25,20406,12164,11103,4683,2392,24,7291,5011,4308,1627,612
quality_4_6_compact_0,compact,ring,10,full,line25,223,13687fc5ad8a8ac56075e25c80b52cde3e19f203455113cfc145770c3e314b6a,24,19,1.3669245913624763,25,19833,11841,10956,4800,2475,24,7291,5011,4308,1627,612
quality_4_6_compact_0,compact,ring,10,full,line25,227,13687fc5ad8a8ac56075e25c80b52cde3e19f203455113cfc145770c3e314b6a,24,19,1.3802555231377482,25,19957,11898,11130,4692,2420,24,7291,5011,4308,1627,612
quality_4_6_compact_0,compact,ring,10,full,line25,229,13687fc5ad8a8ac56075e25c80b52cde3e19f203455113cfc145770c3e314b6a,24,19,1.3847345341928303,25,19443,11623,11226,4690,2406,24,7291,5011,4308,1627,612
quality_4_6_compact_0,compact,ring,10,full,line25,233,13687fc5ad8a8ac56075e25c80b52cde3e19f203455113cfc145770c3e314b6a,24,19,1.497254466637969,25,19941,11895,11146,4635,2402,24,7291,5011,4308,1627,612
quality_4_6_compact_0,compact,ring,10,full,grid25,211,13687fc5ad8a8ac56075e25c80b52cde3e19f203455113cfc145770c3e314b6a,24,19,1.2167862709611654,25,12126,7604,8708,5775,2908,24,7291,5011,4308,1627,612
quality_4_6_compact_0,compact,ring,10,full,grid25,223,13687fc5ad8a8ac56075e25c80b52cde3e19f203455113cfc145770c3e314b6a,24,19,1.2112861517816782,25,11878,7488,8859,5248,2915,24,7291,5011,4308,1627,612
quality_4_6_compact_0,compact,ring,10,full,grid25,227,13687fc5ad8a8ac56075e25c80b52cde3e19f203455113cfc145770c3e314b6a,24,19,1.20516595011577,25,12074,7580,8672,5539,2855,24,7291,5011,4308,1627,612
quality_4_6_compact_0,compact,ring,10,full,grid25,229,13687fc5ad8a8ac56075e25c80b52cde3e19f203455113cfc145770c3e314b6a,24,19,1.2067257999442518,25,11688,7373,8736,5525,2807,24,7291,5011,4308,1627,612
quality_4_6_compact_0,compact,ring,10,full,grid25,233,13687fc5ad8a8ac56075e25c80b52cde3e19f203455113cfc145770c3e314b6a,24,19,1.2113815117627382,25,12198,7644,8689,5474,2960,24,7291,5011,4308,1627,612
quality_4_6_compact_0,compact,ring,11,full,sherbrooke,211,7fdc1a45faaf4c8580d53bfee4fcf8577723552746324dcc667c18f8f58fc4e9,24,21,59.5543076233007,127,74503,44482,12543,14298,3342,24,8041,5533,4776,1794,676
quality_4_6_compact_0,compact,ring,11,full,sherbrooke,223,7fdc1a45faaf4c8580d53bfee4fcf8577723552746324dcc667c18f8f58fc4e9,24,21,53.94320957036689,127,75478,45164,12569,15737,3541,24,8041,5533,4776,1794,676
quality_4_6_compact_0,compact,ring,11,full,sherbrooke,227,7fdc1a45faaf4c8580d53bfee4fcf8577723552746324dcc667c18f8f58fc4e9,24,21,58.54810265591368,127,75227,44938,12713,16245,3644,24,8041,5533,4776,1794,676
quality_4_6_compact_0,compact,ring,11,full,sherbrooke,229,7fdc1a45faaf4c8580d53bfee4fcf8577723552746324dcc667c18f8f58fc4e9,24,21,59.92246111808345,127,74726,44560,12613,15141,3534,24,8041,5533,4776,1794,676
quality_4_6_compact_0,compact,ring,11,full,sherbrooke,233,7fdc1a45faaf4c8580d53bfee4fcf8577723552746324dcc667c18f8f58fc4e9,24,21,57.75146401580423,127,73655,43917,12634,14109,3333,24,8041,5533,4776,1794,676
quality_4_6_compact_0,compact,ring,11,full,line25,211,7fdc1a45faaf4c8580d53bfee4fcf8577723552746324dcc667c18f8f58fc4e9,24,21,1.5235225441865623,25,22012,13140,12273,4959,2628,24,8041,5533,4776,1794,676
quality_4_6_compact_0,compact,ring,11,full,line25,223,7fdc1a45faaf4c8580d53bfee4fcf8577723552746324dcc667c18f8f58fc4e9,24,21,1.5309851309284568,25,22270,13288,12277,5169,2846,24,8041,5533,4776,1794,676
quality_4_6_compact_0,compact,ring,11,full,line25,227,7fdc1a45faaf4c8580d53bfee4fcf8577723552746324dcc667c18f8f58fc4e9,24,21,1.5393657167442143,25,22585,13451,12337,5334,2815,24,8041,5533,4776,1794,676
quality_4_6_compact_0,compact,ring,11,full,line25,229,7fdc1a45faaf4c8580d53bfee4fcf8577723552746324dcc667c18f8f58fc4e9,24,21,1.5392048051580787,25,22195,13235,12458,5309,2817,24,8041,5533,4776,1794,676
quality_4_6_compact_0,compact,ring,11,full,line25,233,7fdc1a45faaf4c8580d53bfee4fcf8577723552746324dcc667c18f8f58fc4e9,24,21,1.6585572138428688,25,21804,13030,12447,5157,2690,24,8041,5533,4776,1794,676
quality_4_6_compact_0,compact,ring,11,full,grid25,211,7fdc1a45faaf4c8580d53bfee4fcf8577723552746324dcc667c18f8f58fc4e9,24,21,1.3464098079130054,25,13063,8227,9757,5819,3124,24,8041,5533,4776,1794,676
quality_4_6_compact_0,compact,ring,11,full,grid25,223,7fdc1a45faaf4c8580d53bfee4fcf8577723552746324dcc667c18f8f58fc4e9,24,21,1.3369153691455722,25,13220,8311,9641,6003,3122,24,8041,5533,4776,1794,676
quality_4_6_compact_0,compact,ring,11,full,grid25,227,7fdc1a45faaf4c8580d53bfee4fcf8577723552746324dcc667c18f8f58fc4e9,24,21,1.3350048018619418,25,12742,8061,9734,5875,3149,24,8041,5533,4776,1794,676
quality_4_6_compact_0,compact,ring,11,full,grid25,229,7fdc1a45faaf4c8580d53bfee4fcf8577723552746324dcc667c18f8f58fc4e9,24,21,1.3400794407352805,25,13054,8216,9738,5717,3078,24,8041,5533,4776,1794,676
quality_4_6_compact_0,compact,ring,11,full,grid25,233,7fdc1a45faaf4c8580d53bfee4fcf8577723552746324dcc667c18f8f58fc4e9,24,21,1.3388370582833886,25,13078,8233,9733,6245,3263,24,8041,5533,4776,1794,676
quality_4_6_compact_0,compact,ring,12,full,sherbrooke,211,7ea19098b8a8b6564d951b331316814124e872beb6b184396044d4e8a8bbff09,24,23,64.39972895616665,127,82876,49465,14092,17574,4020,24,8791,6055,5244,1961,740
quality_4_6_compact_0,compact,ring,12,full,sherbrooke,223,7ea19098b8a8b6564d951b331316814124e872beb6b184396044d4e8a8bbff09,24,23,69.590776395984,127,81814,48693,13850,16923,3808,24,8791,6055,5244,1961,740
quality_4_6_compact_0,compact,ring,12,full,sherbrooke,227,7ea19098b8a8b6564d951b331316814124e872beb6b184396044d4e8a8bbff09,24,23,70.03756472794339,127,82219,48978,13977,17212,4017,24,8791,6055,5244,1961,740
quality_4_6_compact_0,compact,ring,12,full,sherbrooke,229,7ea19098b8a8b6564d951b331316814124e872beb6b184396044d4e8a8bbff09,24,23,70.9608296728693,127,82487,49256,13814,17399,4010,24,8791,6055,5244,1961,740
quality_4_6_compact_0,compact,ring,12,full,sherbrooke,233,7ea19098b8a8b6564d951b331316814124e872beb6b184396044d4e8a8bbff09,24,23,68.52904625982046,127,83921,50429,13710,15747,3587,24,8791,6055,5244,1961,740
quality_4_6_compact_0,compact,ring,12,full,line25,211,7ea19098b8a8b6564d951b331316814124e872beb6b184396044d4e8a8bbff09,24,23,1.6619687601923943,25,23955,14303,13690,5799,3036,24,8791,6055,5244,1961,740
quality_4_6_compact_0,compact,ring,12,full,line25,223,7ea19098b8a8b6564d951b331316814124e872beb6b184396044d4e8a8bbff09,24,23,1.6580195939168334,25,23558,14092,13665,5623,3082,24,8791,6055,5244,1961,740
quality_4_6_compact_0,compact,ring,12,full,line25,227,7ea19098b8a8b6564d951b331316814124e872beb6b184396044d4e8a8bbff09,24,23,1.7801124579273164,25,24051,14354,13758,5897,3038,24,8791,6055,5244,1961,740
quality_4_6_compact_0,compact,ring,12,full,line25,229,7ea19098b8a8b6564d951b331316814124e872beb6b184396044d4e8a8bbff09,24,23,1.667948659043759,25,24034,14337,13746,5875,3087,24,8791,6055,5244,1961,740
quality_4_6_compact_0,compact,ring,12,full,line25,233,7ea19098b8a8b6564d951b331316814124e872beb6b184396044d4e8a8bbff09,24,23,1.6580977709963918,25,24239,14461,13649,5876,3123,24,8791,6055,5244,1961,740
quality_4_6_compact_0,compact,ring,12,full,grid25,211,7ea19098b8a8b6564d951b331316814124e872beb6b184396044d4e8a8bbff09,24,23,1.448995170649141,25,14149,8936,10792,6787,3540,24,8791,6055,5244,1961,740
quality_4_6_compact_0,compact,ring,12,full,grid25,223,7ea19098b8a8b6564d951b331316814124e872beb6b184396044d4e8a8bbff09,24,23,1.448393281083554,25,14064,8885,10787,6756,3630,24,8791,6055,5244,1961,740
quality_4_6_compact_0,compact,ring,12,full,grid25,227,7ea19098b8a8b6564d951b331316814124e872beb6b184396044d4e8a8bbff09,24,23,1.450642955955118,25,14064,8890,10725,6338,3425,24,8791,6055,5244,1961,740
quality_4_6_compact_0,compact,ring,12,full,grid25,229,7ea19098b8a8b6564d951b331316814124e872beb6b184396044d4e8a8bbff09,24,23,1.453215315937996,25,14398,9065,10782,6577,3578,24,8791,6055,5244,1961,740
quality_4_6_compact_0,compact,ring,12,full,grid25,233,7ea19098b8a8b6564d951b331316814124e872beb6b184396044d4e8a8bbff09,24,23,1.448878020979464,25,14180,8942,10755,6782,3581,24,8791,6055,5244,1961,740
quality_4_6_compact_1,compact,serial,3,full,sherbrooke,211,c4ee86e4dee4739f01b1e5c7c1aaee4576ae332c46cd9ab36c886e30a51857af,19,5,2.845188267994672,127,15157,8894,2721,6999,1690,19,1319,1017,869,1044,602
quality_4_6_compact_1,compact,serial,3,full,sherbrooke,223,c4ee86e4dee4739f01b1e5c7c1aaee4576ae332c46cd9ab36c886e30a51857af,19,5,2.3941668067127466,127,14523,8488,2683,6829,1674,19,1319,1017,869,1044,602
quality_4_6_compact_1,compact,serial,3,full,sherbrooke,227,c4ee86e4dee4739f01b1e5c7c1aaee4576ae332c46cd9ab36c886e30a51857af,19,5,2.8594138603657484,127,15070,8766,2740,6752,1656,19,1319,1017,869,1044,602
quality_4_6_compact_1,compact,serial,3,full,sherbrooke,229,c4ee86e4dee4739f01b1e5c7c1aaee4576ae332c46cd9ab36c886e30a51857af,19,5,2.6353979469276965,127,15334,8994,2682,7143,1660,19,1319,1017,869,1044,602
quality_4_6_compact_1,compact,serial,3,full,sherbrooke,233,c4ee86e4dee4739f01b1e5c7c1aaee4576ae332c46cd9ab36c886e30a51857af,19,5,3.0231426400132477,127,15329,8952,2767,7003,1659,19,1319,1017,869,1044,602
quality_4_6_compact_1,compact,serial,3,full,line25,211,c4ee86e4dee4739f01b1e5c7c1aaee4576ae332c46cd9ab36c886e30a51857af,19,5,0.29210490826517344,25,2180,1483,3132,2622,1843,19,1319,1017,869,1044,602
quality_4_6_compact_1,compact,serial,3,full,line25,223,c4ee86e4dee4739f01b1e5c7c1aaee4576ae332c46cd9ab36c886e30a51857af,19,5,0.2871323311701417,25,2407,1605,3149,2773,1910,19,1319,1017,869,1044,602
quality_4_6_compact_1,compact,serial,3,full,line25,227,c4ee86e4dee4739f01b1e5c7c1aaee4576ae332c46cd9ab36c886e30a51857af,19,5,0.21811491437256336,25,2279,1540,3123,2691,1891,19,1319,1017,869,1044,602
quality_4_6_compact_1,compact,serial,3,full,line25,229,c4ee86e4dee4739f01b1e5c7c1aaee4576ae332c46cd9ab36c886e30a51857af,19,5,0.2164797428995371,25,2311,1550,3097,2592,1786,19,1319,1017,869,1044,602
quality_4_6_compact_1,compact,serial,3,full,line25,233,c4ee86e4dee4739f01b1e5c7c1aaee4576ae332c46cd9ab36c886e30a51857af,19,5,0.21426315093412995,25,2317,1558,3117,2634,1845,19,1319,1017,869,1044,602
quality_4_6_compact_1,compact,serial,3,full,grid25,211,c4ee86e4dee4739f01b1e5c7c1aaee4576ae332c46cd9ab36c886e30a51857af,19,5,0.23493272298946977,25,1999,1385,1957,2087,1294,19,1319,1017,869,1044,602
quality_4_6_compact_1,compact,serial,3,full,grid25,223,c4ee86e4dee4739f01b1e5c7c1aaee4576ae332c46cd9ab36c886e30a51857af,19,5,0.204068748280406,25,2002,1380,1917,1944,1195,19,1319,1017,869,1044,602
quality_4_6_compact_1,compact,serial,3,full,grid25,227,c4ee86e4dee4739f01b1e5c7c1aaee4576ae332c46cd9ab36c886e30a51857af,19,5,0.18442542292177677,25,1908,1340,1923,1967,1276,19,1319,1017,869,1044,602
quality_4_6_compact_1,compact,serial,3,full,grid25,229,c4ee86e4dee4739f01b1e5c7c1aaee4576ae332c46cd9ab36c886e30a51857af,19,5,0.20283229602500796,25,1803,1281,1940,1930,1270,19,1319,1017,869,1044,602
quality_4_6_compact_1,compact,serial,3,full,grid25,233,c4ee86e4dee4739f01b1e5c7c1aaee4576ae332c46cd9ab36c886e30a51857af,19,5,0.18583197379484773,25,1835,1298,1952,1994,1246,19,1319,1017,869,1044,602
quality_4_6_compact_1,compact,complete,1,full,sherbrooke,211,aae165753d937b992a7708901704bdf8cdd0216fb08ce8d78bf3615d69d69abe,24,1,0.23233860218897462,127,2423,1485,324,664,117,24,1081,637,240,147,36
quality_4_6_compact_1,compact,complete,1,full,sherbrooke,223,aae165753d937b992a7708901704bdf8cdd0216fb08ce8d78bf3615d69d69abe,24,1,0.06108256708830595,127,2547,1557,328,394,68,24,1081,637,240,147,36
quality_4_6_compact_1,compact,complete,1,full,sherbrooke,227,aae165753d937b992a7708901704bdf8cdd0216fb08ce8d78bf3615d69d69abe,24,1,0.06460224697366357,127,2467,1516,314,391,67,24,1081,637,240,147,36
quality_4_6_compact_1,compact,complete,1,full,sherbrooke,229,aae165753d937b992a7708901704bdf8cdd0216fb08ce8d78bf3615d69d69abe,24,1,0.08123091980814934,127,2512,1529,320,416,70,24,1081,637,240,147,36
quality_4_6_compact_1,compact,complete,1,full,sherbrooke,233,aae165753d937b992a7708901704bdf8cdd0216fb08ce8d78bf3615d69d69abe,24,1,0.0795219112187624,127,2374,1461,311,374,59,24,1081,637,240,147,36
quality_4_6_compact_1,compact,complete,1,full,line25,211,aae165753d937b992a7708901704bdf8cdd0216fb08ce8d78bf3615d69d69abe,24,1,0.041687618009746075,25,1501,861,300,185,47,24,1081,637,240,147,36
quality_4_6_compact_1,compact,complete,1,full,line25,223,aae165753d937b992a7708901704bdf8cdd0216fb08ce8d78bf3615d69d69abe,24,1,0.04125024704262614,25,1491,856,306,188,52,24,1081,637,240,147,36
quality_4_6_compact_1,compact,complete,1,full,line25,227,aae165753d937b992a7708901704bdf8cdd0216fb08ce8d78bf3615d69d69abe,24,1,0.04141762061044574,25,1440,828,324,205,58,24,1081,637,240,147,36
quality_4_6_compact_1,compact,complete,1,full,line25,229,aae165753d937b992a7708901704bdf8cdd0216fb08ce8d78bf3615d69d69abe,24,1,0.041481382213532925,25,1481,851,312,188,52,24,1081,637,240,147,36
quality_4_6_compact_1,compact,complete,1,full,line25,233,aae165753d937b992a7708901704bdf8cdd0216fb08ce8d78bf3615d69d69abe,24,1,0.04108465742319822,25,1463,840,318,198,55,24,1081,637,240,147,36
quality_4_6_compact_1,compact,complete,1,full,grid25,211,aae165753d937b992a7708901704bdf8cdd0216fb08ce8d78bf3615d69d69abe,24,1,0.041946484707295895,25,1261,726,293,207,60,24,1081,637,240,147,36
quality_4_6_compact_1,compact,complete,1,full,grid25,223,aae165753d937b992a7708901704bdf8cdd0216fb08ce8d78bf3615d69d69abe,24,1,0.041976059786975384,25,1274,734,297,217,63,24,1081,637,240,147,36
quality_4_6_compact_1,compact,complete,1,full,grid25,227,aae165753d937b992a7708901704bdf8cdd0216fb08ce8d78bf3615d69d69abe,24,1,0.041082010604441166,25,1261,723,297,206,60,24,1081,637,240,147,36
quality_4_6_compact_1,compact,complete,1,full,grid25,229,aae165753d937b992a7708901704bdf8cdd0216fb08ce8d78bf3615d69d69abe,24,1,0.04111529374495149,25,1245,716,298,229,64,24,1081,637,240,147,36
quality_4_6_compact_1,compact,complete,1,full,grid25,233,aae165753d937b992a7708901704bdf8cdd0216fb08ce8d78bf3615d69d69abe,24,1,0.041377025190740824,25,1276,734,301,212,63,24,1081,637,240,147,36
quality_4_6_compact_1,compact,complete,2,full,sherbrooke,211,c211978d0f7705eaa0960b8f53ab9ad7bcea94954d85c532c2d5ca3b628e68f8,24,3,1.3363468032330275,127,10553,6391,1595,1984,423,24,2371,1483,852,376,126
quality_4_6_compact_1,compact,complete,2,full,sherbrooke,223,c211978d0f7705eaa0960b8f53ab9ad7bcea94954d85c532c2d5ca3b628e68f8,24,3,1.141787582077086,127,10865,6607,1599,1830,363,24,2371,1483,852,376,126
quality_4_6_compact_1,compact,complete,2,full,sherbrooke,227,c211978d0f7705eaa0960b8f53ab9ad7bcea94954d85c532c2d5ca3b628e68f8,24,3,1.3584837717935443,127,11215,6809,1668,2010,403,24,2371,1483,852,376,126
quality_4_6_compact_1,compact,complete,2,full,sherbrooke,229,c211978d0f7705eaa0960b8f53ab9ad7bcea94954d85c532c2d5ca3b628e68f8,24,3,1.220594790764153,127,10550,6406,1564,1896,377,24,2371,1483,852,376,126
quality_4_6_compact_1,compact,complete,2,full,sherbrooke,233,c211978d0f7705eaa0960b8f53ab9ad7bcea94954d85c532c2d5ca3b628e68f8,24,3,1.1544037419371307,127,10640,6423,1644,1913,433,24,2371,1483,852,376,126
quality_4_6_compact_1,compact,complete,2,full,line25,211,c211978d0f7705eaa0960b8f53ab9ad7bcea94954d85c532c2d5ca3b628e68f8,24,3,0.21564854308962822,25,4773,2773,1530,790,303,24,2371,1483,852,376,126
quality_4_6_compact_1,compact,complete,2,full,line25,223,c211978d0f7705eaa0960b8f53ab9ad7bcea94954d85c532c2d5ca3b628e68f8,24,3,0.21482011675834656,25,4924,2859,1514,816,293,24,2371,1483,852,376,126
quality_4_6_compact_1,compact,complete,2,full,line25,227,c211978d0f7705eaa0960b8f53ab9ad7bcea94954d85c532c2d5ca3b628e68f8,24,3,0.21411289786919951,25,4791,2786,1536,806,320,24,2371,1483,852,376,126
quality_4_6_compact_1,compact,complete,2,full,line25,229,c211978d0f7705eaa0960b8f53ab9ad7bcea94954d85c532c2d5ca3b628e68f8,24,3,0.21448542829602957,25,4790,2784,1508,787,297,24,2371,1483,852,376,126
quality_4_6_compact_1,compact,complete,2,full,line25,233,c211978d0f7705eaa0960b8f53ab9ad7bcea94954d85c532c2d5ca3b628e68f8,24,3,0.21403974201530218,25,4832,2805,1537,795,302,24,2371,1483,852,376,126
quality_4_6_compact_1,compact,complete,2,full,grid25,211,c211978d0f7705eaa0960b8f53ab9ad7bcea94954d85c532c2d5ca3b628e68f8,24,3,0.19620198663324118,25,3251,1936,1393,1236,464,24,2371,1483,852,376,126
quality_4_6_compact_1,compact,complete,2,full,grid25,223,c211978d0f7705eaa0960b8f53ab9ad7bcea94954d85c532c2d5ca3b628e68f8,24,3,0.19224085798487067,25,3365,2001,1355,998,411,24,2371,1483,852,376,126
quality_4_6_compact_1,compact,complete,2,full,grid25,227,c211978d0f7705eaa0960b8f53ab9ad7bcea94954d85c532c2d5ca3b628e68f8,24,3,0.19573197374120355,25,3367,2001,1395,988,389,24,2371,1483,852,376,126
quality_4_6_compact_1,compact,complete,2,full,grid25,229,c211978d0f7705eaa0960b8f53ab9ad7bcea94954d85c532c2d5ca3b628e68f8,24,3,0.19828014867380261,25,3479,2064,1357,848,362,24,2371,1483,852,376,126
quality_4_6_compact_1,compact,complete,2,full,grid25,233,c211978d0f7705eaa0960b8f53ab9ad7bcea94954d85c532c2d5ca3b628e68f8,24,3,0.20071527222171426,25,3305,1968,1375,963,378,24,2371,1483,852,376,126
quality_4_6_compact_1,compact,complete,3,full,sherbrooke,211,f9fbbc684dd3ed7bf09a984ddb919b8a36c9fdb2704a794ba8d97db03eb817d7,24,5,4.063787372782826,127,19955,12033,3100,3934,852,24,3661,2329,1464,587,204
quality_4_6_compact_1,compact,complete,3,full,sherbrooke,223,f9fbbc684dd3ed7bf09a984ddb919b8a36c9fdb2704a794ba8d97db03eb817d7,24,5,3.965654094237834,127,19943,12010,3104,3973,818,24,3661,2329,1464,587,204
quality_4_6_compact_1,compact,complete,3,full,sherbrooke,227,f9fbbc684dd3ed7bf09a984ddb919b8a36c9fdb2704a794ba8d97db03eb817d7,24,5,3.536282264161855,127,19089,11587,2991,3908,860,24,3661,2329,1464,587,204
quality_4_6_compact_1,compact,complete,3,full,sherbrooke,229,f9fbbc684dd3ed7bf09a984ddb919b8a36c9fdb2704a794ba8d97db03eb817d7,24,5,3.734198810067028,127,19345,11707,2946,3442,697,24,3661,2329,1464,587,204
quality_4_6_compact_1,compact,complete,3,full,sherbrooke,233,f9fbbc684dd3ed7bf09a984ddb919b8a36c9fdb2704a794ba8d97db03eb817d7,24,5,4.166367432102561,127,19373,11671,3020,3206,697,24,3661,2329,1464,587,204
quality_4_6_compact_1,compact,complete,3,full,line25,211,f9fbbc684dd3ed7bf09a984ddb919b8a36c9fdb2704a794ba8d97db03eb817d7,24,5,0.40414079232141376,25,8079,4708,2817,1324,546,24,3661,2329,1464,587,204
quality_4_6_compact_1,compact,complete,3,full,line25,223,f9fbbc684dd3ed7bf09a984ddb919b8a36c9fdb2704a794ba8d97db03eb817d7,24,5,0.3963868021965027,25,8161,4752,2845,1370,530,24,3661,2329,1464,587,204
quality_4_6_compact_1,compact,complete,3,full,line25,227,f9fbbc684dd3ed7bf09a984ddb919b8a36c9fdb2704a794ba8d97db03eb817d7,24,5,0.40249388897791505,25,8163,4759,2830,1331,558,24,3661,2329,1464,587,204
quality_4_6_compact_1,compact,complete,3,full,line25,229,f9fbbc684dd3ed7bf09a984ddb919b8a36c9fdb2704a794ba8d97db03eb817d7,24,5,0.40233522187918425,25,8114,4725,2832,1450,585,24,3661,2329,1464,587,204
quality_4_6_compact_1,compact,complete,3,full,line25,233,f9fbbc684dd3ed7bf09a984ddb919b8a36c9fdb2704a794ba8d97db03eb817d7,24,5,0.409366003703326,25,7951,4645,2825,1385,584,24,3661,2329,1464,587,204
quality_4_6_compact_1,compact,complete,3,full,grid25,211,f9fbbc684dd3ed7bf09a984ddb919b8a36c9fdb2704a794ba8d97db03eb817d7,24,5,0.358508937060833,25,5341,3207,2491,1702,693,24,3661,2329,1464,587,204
quality_4_6_compact_1,compact,complete,3,full,grid25,223,f9fbbc684dd3ed7bf09a984ddb919b8a36c9fdb2704a794ba8d97db03eb817d7,24,5,0.3567286739125848,25,5229,3146,2507,1811,718,24,3661,2329,1464,587,204
quality_4_6_compact_1,compact,complete,3,full,grid25,227,f9fbbc684dd3ed7bf09a984ddb919b8a36c9fdb2704a794ba8d97db03eb817d7,24,5,0.3509029150009155,25,5479,3288,2462,1636,693,24,3661,2329,1464,587,204
quality_4_6_compact_1,compact,complete,3,full,grid25,229,f9fbbc684dd3ed7bf09a984ddb919b8a36c9fdb2704a794ba8d97db03eb817d7,24,5,0.35358734615147114,25,5383,3233,2502,1632,716,24,3661,2329,1464,587,204
quality_4_6_compact_1,compact,complete,3,full,grid25,233,f9fbbc684dd3ed7bf09a984ddb919b8a36c9fdb2704a794ba8d97db03eb817d7,24,5,0.35107804369181395,25,5474,3282,2421,1614,679,24,3661,2329,1464,587,204
quality_4_6_compact_1,compact,complete,4,full,sherbrooke,211,51bab765d37f2c7a1f298957c76fe7aea67c601917c7fb2c3db937ff8120b5ca,24,7,7.611261052079499,127,29089,17579,4585,6229,1333,24,4951,3175,2076,798,282
quality_4_6_compact_1,compact,complete,4,full,sherbrooke,223,51bab765d37f2c7a1f298957c76fe7aea67c601917c7fb2c3db937ff8120b5ca,24,7,8.243692473974079,127,28693,17329,4520,5474,1181,24,4951,3175,2076,798,282
quality_4_6_compact_1,compact,complete,4,full,sherbrooke,227,51bab765d37f2c7a1f298957c76fe7aea67c601917c7fb2c3db937ff8120b5ca,24,7,8.044454105664045,127,29117,17536,4651,6069,1320,24,4951,3175,2076,798,282
quality_4_6_compact_1,compact,complete,4,full,sherbrooke,229,51bab765d37f2c7a1f298957c76fe7aea67c601917c7fb2c3db937ff8120b5ca,24,7,7.206088942941278,127,28135,17038,4365,5181,1094,24,4951,3175,2076,798,282
quality_4_6_compact_1,compact,complete,4,full,sherbrooke,233,51bab765d37f2c7a1f298957c76fe7aea67c601917c7fb2c3db937ff8120b5ca,24,7,8.502390292007476,127,28899,17423,4650,6478,1431,24,4951,3175,2076,798,282
quality_4_6_compact_1,compact,complete,4,full,line25,211,51bab765d37f2c7a1f298957c76fe7aea67c601917c7fb2c3db937ff8120b5ca,24,7,0.5919678118079901,25,11305,6606,4148,1950,835,24,4951,3175,2076,798,282
quality_4_6_compact_1,compact,complete,4,full,line25,223,51bab765d37f2c7a1f298957c76fe7aea67c601917c7fb2c3db937ff8120b5ca,24,7,0.5860298131592572,25,10961,6410,4177,1939,816,24,4951,3175,2076,798,282
quality_4_6_compact_1,compact,complete,4,full,line25,227,51bab765d37f2c7a1f298957c76fe7aea67c601917c7fb2c3db937ff8120b5ca,24,7,0.5848767668940127,25,11508,6716,4201,2025,864,24,4951,3175,2076,798,282
quality_4_6_compact_1,compact,complete,4,full,line25,229,51bab765d37f2c7a1f298957c76fe7aea67c601917c7fb2c3db937ff8120b5ca,24,7,0.5873988829553127,25,11180,6535,4210,1947,845,24,4951,3175,2076,798,282
quality_4_6_compact_1,compact,complete,4,full,line25,233,51bab765d37f2c7a1f298957c76fe7aea67c601917c7fb2c3db937ff8120b5ca,24,7,0.5847049853764474,25,11546,6738,4224,2004,863,24,4951,3175,2076,798,282
quality_4_6_compact_1,compact,complete,4,full,grid25,211,51bab765d37f2c7a1f298957c76fe7aea67c601917c7fb2c3db937ff8120b5ca,24,7,0.5107939792796969,25,7415,4459,3633,2494,1097,24,4951,3175,2076,798,282
quality_4_6_compact_1,compact,complete,4,full,grid25,223,51bab765d37f2c7a1f298957c76fe7aea67c601917c7fb2c3db937ff8120b5ca,24,7,0.5197967141866684,25,7313,4407,3632,2813,1149,24,4951,3175,2076,798,282
quality_4_6_compact_1,compact,complete,4,full,grid25,227,51bab765d37f2c7a1f298957c76fe7aea67c601917c7fb2c3db937ff8120b5ca,24,7,0.5129311620257795,25,7504,4512,3656,3128,1311,24,4951,3175,2076,798,282
quality_4_6_compact_1,compact,complete,4,full,grid25,229,51bab765d37f2c7a1f298957c76fe7aea67c601917c7fb2c3db937ff8120b5ca,24,7,0.5105230212211609,25,7180,4331,3624,2355,1074,24,4951,3175,2076,798,282
quality_4_6_compact_1,compact,complete,4,full,grid25,233,51bab765d37f2c7a1f298957c76fe7aea67c601917c7fb2c3db937ff8120b5ca,24,7,0.516206372063607,25,7634,4588,3602,2346,992,24,4951,3175,2076,798,282
quality_4_6_compact_1,compact,complete,5,full,sherbrooke,211,e2c4a6482bb8183aa93b978e8ac060ac4b8663193fd855550be094ae29278df5,24,9,13.61651718057692,127,38425,23069,6110,7245,1576,24,6241,4021,2688,1009,360
quality_4_6_compact_1,compact,complete,5,full,sherbrooke,223,e2c4a6482bb8183aa93b978e8ac060ac4b8663193fd855550be094ae29278df5,24,9,13.333416671026498,127,37244,22395,5921,7178,1516,24,6241,4021,2688,1009,360
quality_4_6_compact_1,compact,complete,5,full,sherbrooke,227,e2c4a6482bb8183aa93b978e8ac060ac4b8663193fd855550be094ae29278df5,24,9,14.56426693778485,127,37704,22655,6076,7765,1678,24,6241,4021,2688,1009,360
quality_4_6_compact_1,compact,complete,5,full,sherbrooke,229,e2c4a6482bb8183aa93b978e8ac060ac4b8663193fd855550be094ae29278df5,24,9,15.028352132067084,127,37350,22340,6026,7191,1612,24,6241,4021,2688,1009,360
quality_4_6_compact_1,compact,complete,5,full,sherbrooke,233,e2c4a6482bb8183aa93b978e8ac060ac4b8663193fd855550be094ae29278df5,24,9,14.491300268098712,127,37677,22691,5942,7480,1610,24,6241,4021,2688,1009,360
quality_4_6_compact_1,compact,complete,5,full,line25,211,e2c4a6482bb8183aa93b978e8ac060ac4b8663193fd855550be094ae29278df5,24,9,0.8056703410111368,25,14229,8326,5623,2638,1160,24,6241,4021,2688,1009,360
quality_4_6_compact_1,compact,complete,5,full,line25,223,e2c4a6482bb8183aa93b978e8ac060ac4b8663193fd855550be094ae29278df5,24,9,0.7999328467994928,25,14278,8360,5688,2544,1158,24,6241,4021,2688,1009,360
quality_4_6_compact_1,compact,complete,5,full,line25,227,e2c4a6482bb8183aa93b978e8ac060ac4b8663193fd855550be094ae29278df5,24,9,0.7983531299978495,25,14292,8363,5588,2698,1203,24,6241,4021,2688,1009,360
quality_4_6_compact_1,compact,complete,5,full,line25,229,e2c4a6482bb8183aa93b978e8ac060ac4b8663193fd855550be094ae29278df5,24,9,0.8045275746844709,25,14519,8489,5538,2538,1084,24,6241,4021,2688,1009,360
quality_4_6_compact_1,compact,complete,5,full,line25,233,e2c4a6482bb8183aa93b978e8ac060ac4b8663193fd855550be094ae29278df5,24,9,0.8028399059548974,25,14184,8296,5654,2686,1230,24,6241,4021,2688,1009,360
quality_4_6_compact_1,compact,complete,5,full,grid25,211,e2c4a6482bb8183aa93b978e8ac060ac4b8663193fd855550be094ae29278df5,24,9,0.7007195614278316,25,9319,5624,4800,3594,1509,24,6241,4021,2688,1009,360
quality_4_6_compact_1,compact,complete,5,full,grid25,223,e2c4a6482bb8183aa93b978e8ac060ac4b8663193fd855550be094ae29278df5,24,9,0.6968842190690339,25,9305,5631,4821,3438,1511,24,6241,4021,2688,1009,360
quality_4_6_compact_1,compact,complete,5,full,grid25,227,e2c4a6482bb8183aa93b978e8ac060ac4b8663193fd855550be094ae29278df5,24,9,0.7002481250092387,25,9630,5799,4844,3290,1401,24,6241,4021,2688,1009,360
quality_4_6_compact_1,compact,complete,5,full,grid25,229,e2c4a6482bb8183aa93b978e8ac060ac4b8663193fd855550be094ae29278df5,24,9,0.702675823122263,25,9358,5656,4786,3398,1467,24,6241,4021,2688,1009,360
quality_4_6_compact_1,compact,complete,5,full,grid25,233,e2c4a6482bb8183aa93b978e8ac060ac4b8663193fd855550be094ae29278df5,24,9,0.70093377167359,25,9212,5571,4773,3366,1514,24,6241,4021,2688,1009,360
quality_4_6_compact_1,compact,complete,6,full,sherbrooke,211,b83d0eb582fc38326517ed93b6d9f0234d83047672de03bf09e01f87c1705449,24,11,20.102229130920023,127,46675,28080,7549,9665,2134,24,7531,4867,3300,1220,438
quality_4_6_compact_1,compact,complete,6,full,sherbrooke,223,b83d0eb582fc38326517ed93b6d9f0234d83047672de03bf09e01f87c1705449,24,11,21.27567441901192,127,47325,28451,7560,9465,2081,24,7531,4867,3300,1220,438
quality_4_6_compact_1,compact,complete,6,full,sherbrooke,227,b83d0eb582fc38326517ed93b6d9f0234d83047672de03bf09e01f87c1705449,24,11,20.662528628949076,127,46804,28150,7532,9927,2222,24,7531,4867,3300,1220,438
quality_4_6_compact_1,compact,complete,6,full,sherbrooke,229,b83d0eb582fc38326517ed93b6d9f0234d83047672de03bf09e01f87c1705449,24,11,22.483812510967255,127,46870,28046,7674,9281,2054,24,7531,4867,3300,1220,438
quality_4_6_compact_1,compact,complete,6,full,sherbrooke,233,b83d0eb582fc38326517ed93b6d9f0234d83047672de03bf09e01f87c1705449,24,11,22.453012174926698,127,47255,28450,7606,9667,2110,24,7531,4867,3300,1220,438
quality_4_6_compact_1,compact,complete,6,full,line25,211,b83d0eb582fc38326517ed93b6d9f0234d83047672de03bf09e01f87c1705449,24,11,1.0274748830124736,25,17764,10389,7049,3497,1483,24,7531,4867,3300,1220,438
quality_4_6_compact_1,compact,complete,6,full,line25,223,b83d0eb582fc38326517ed93b6d9f0234d83047672de03bf09e01f87c1705449,24,11,1.0118459654040635,25,17439,10211,6953,3376,1516,24,7531,4867,3300,1220,438
quality_4_6_compact_1,compact,complete,6,full,line25,227,b83d0eb582fc38326517ed93b6d9f0234d83047672de03bf09e01f87c1705449,24,11,1.0117548238486052,25,17409,10201,7009,3175,1457,24,7531,4867,3300,1220,438
quality_4_6_compact_1,compact,complete,6,full,line25,229,b83d0eb582fc38326517ed93b6d9f0234d83047672de03bf09e01f87c1705449,24,11,1.0087328692898154,25,17508,10248,6942,3200,1361,24,7531,4867,3300,1220,438
quality_4_6_compact_1,compact,complete,6,full,line25,233,b83d0eb582fc38326517ed93b6d9f0234d83047672de03bf09e01f87c1705449,24,11,1.0120003148913383,25,17727,10371,7068,3388,1483,24,7531,4867,3300,1220,438
quality_4_6_compact_1,compact,complete,6,full,grid25,211,b83d0eb582fc38326517ed93b6d9f0234d83047672de03bf09e01f87c1705449,24,11,0.8812658600509167,25,11551,6972,5920,4201,1826,24,7531,4867,3300,1220,438
quality_4_6_compact_1,compact,complete,6,full,grid25,223,b83d0eb582fc38326517ed93b6d9f0234d83047672de03bf09e01f87c1705449,24,11,0.8762115887366235,25,11205,6789,5993,4119,1844,24,7531,4867,3300,1220,438
quality_4_6_compact_1,compact,complete,6,full,grid25,227,b83d0eb582fc38326517ed93b6d9f0234d83047672de03bf09e01f87c1705449,24,11,0.878384018316865,25,11029,6695,6027,4202,1936,24,7531,4867,3300,1220,438
quality_4_6_compact_1,compact,complete,6,full,grid25,229,b83d0eb582fc38326517ed93b6d9f0234d83047672de03bf09e01f87c1705449,24,11,0.8714358322322369,25,11608,7000,5890,3879,1680,24,7531,4867,3300,1220,438
quality_4_6_compact_1,compact,complete,6,full,grid25,233,b83d0eb582fc38326517ed93b6d9f0234d83047672de03bf09e01f87c1705449,24,11,0.8734365981072187,25,11665,7039,5875,4027,1717,24,7531,4867,3300,1220,438
quality_4_6_compact_1,compact,complete,7,full,sherbrooke,211,a49721c076f4e8e616a98ec03878148d480e88c99a3724cf51c18fa4fbd8955e,24,13,30.62774032074958,127,55179,33138,8986,10644,2398,24,8821,5713,3912,1431,516
quality_4_6_compact_1,compact,complete,7,full,sherbrooke,223,a49721c076f4e8e616a98ec03878148d480e88c99a3724cf51c18fa4fbd8955e,24,13,29.52809686632827,127,56823,34242,9085,11943,2543,24,8821,5713,3912,1431,516
quality_4_6_compact_1,compact,complete,7,full,sherbrooke,227,a49721c076f4e8e616a98ec03878148d480e88c99a3724cf51c18fa4fbd8955e,24,13,30.732030974235386,127,55340,33286,8856,10418,2317,24,8821,5713,3912,1431,516
quality_4_6_compact_1,compact,complete,7,full,sherbrooke,229,a49721c076f4e8e616a98ec03878148d480e88c99a3724cf51c18fa4fbd8955e,24,13,29.35726277390495,127,55043,33088,8945,10271,2268,24,8821,5713,3912,1431,516
quality_4_6_compact_1,compact,complete,7,full,sherbrooke,233,a49721c076f4e8e616a98ec03878148d480e88c99a3724cf51c18fa4fbd8955e,24,13,29.932643407024443,127,56976,34386,9010,12129,2574,24,8821,5713,3912,1431,516
quality_4_6_compact_1,compact,complete,7,full,line25,211,a49721c076f4e8e616a98ec03878148d480e88c99a3724cf51c18fa4fbd8955e,24,13,1.175432899966836,25,20475,11997,8411,3863,1667,24,8821,5713,3912,1431,516
quality_4_6_compact_1,compact,complete,7,full,line25,223,a49721c076f4e8e616a98ec03878148d480e88c99a3724cf51c18fa4fbd8955e,24,13,1.1904888320714235,25,20750,12144,8229,3899,1750,24,8821,5713,3912,1431,516
quality_4_6_compact_1,compact,complete,7,full,line25,227,a49721c076f4e8e616a98ec03878148d480e88c99a3724cf51c18fa4fbd8955e,24,13,1.1806262517347932,25,21209,12399,8094,3679,1605,24,8821,5713,3912,1431,516
quality_4_6_compact_1,compact,complete,7,full,line25,229,a49721c076f4e8e616a98ec03878148d480e88c99a3724cf51c18fa4fbd8955e,24,13,1.1795088141225278,25,20523,12017,8436,3899,1761,24,8821,5713,3912,1431,516
quality_4_6_compact_1,compact,complete,7,full,line25,233,a49721c076f4e8e616a98ec03878148d480e88c99a3724cf51c18fa4fbd8955e,24,13,1.1738499775528908,25,20947,12251,8508,4214,1868,24,8821,5713,3912,1431,516
quality_4_6_compact_1,compact,complete,7,full,grid25,211,a49721c076f4e8e616a98ec03878148d480e88c99a3724cf51c18fa4fbd8955e,24,13,1.0107642379589379,25,13409,8123,7173,5262,2289,24,8821,5713,3912,1431,516
quality_4_6_compact_1,compact,complete,7,full,grid25,223,a49721c076f4e8e616a98ec03878148d480e88c99a3724cf51c18fa4fbd8955e,24,13,1.0060725179500878,25,13041,7910,7172,4897,2301,24,8821,5713,3912,1431,516
quality_4_6_compact_1,compact,complete,7,full,grid25,227,a49721c076f4e8e616a98ec03878148d480e88c99a3724cf51c18fa4fbd8955e,24,13,1.0107418657280505,25,13570,8203,7080,5169,2203,24,8821,5713,3912,1431,516
quality_4_6_compact_1,compact,complete,7,full,grid25,229,a49721c076f4e8e616a98ec03878148d480e88c99a3724cf51c18fa4fbd8955e,24,13,1.0097655029967427,25,12980,7882,7219,5473,2364,24,8821,5713,3912,1431,516
quality_4_6_compact_1,compact,complete,7,full,grid25,233,a49721c076f4e8e616a98ec03878148d480e88c99a3724cf51c18fa4fbd8955e,24,13,1.1150701120495796,25,13508,8174,7196,5272,2306,24,8821,5713,3912,1431,516
quality_4_6_compact_1,compact,complete,8,full,sherbrooke,211,eacddd6011f87b224f4f81db99f839f002f15c529a57525058c5a42e3472c121,24,15,41.40364247187972,127,66321,39770,10637,13044,2870,24,10111,6559,4524,1642,594
quality_4_6_compact_1,compact,complete,8,full,sherbrooke,223,eacddd6011f87b224f4f81db99f839f002f15c529a57525058c5a42e3472c121,24,15,39.348854571115226,127,66804,40224,10607,13335,2827,24,10111,6559,4524,1642,594
quality_4_6_compact_1,compact,complete,8,full,sherbrooke,227,eacddd6011f87b224f4f81db99f839f002f15c529a57525058c5a42e3472c121,24,15,41.74775460595265,127,64450,38684,10294,12819,2815,24,10111,6559,4524,1642,594
quality_4_6_compact_1,compact,complete,8,full,sherbrooke,229,eacddd6011f87b224f4f81db99f839f002f15c529a57525058c5a42e3472c121,24,15,40.55380949936807,127,65631,39526,10408,12640,2735,24,10111,6559,4524,1642,594
quality_4_6_compact_1,compact,complete,8,full,sherbrooke,233,eacddd6011f87b224f4f81db99f839f002f15c529a57525058c5a42e3472c121,24,15,42.53880084725097,127,65389,39305,10547,13986,3006,24,10111,6559,4524,1642,594
quality_4_6_compact_1,compact,complete,8,full,line25,211,eacddd6011f87b224f4f81db99f839f002f15c529a57525058c5a42e3472c121,24,15,1.3615232482552528,25,23542,13810,9757,4346,1965,24,10111,6559,4524,1642,594
quality_4_6_compact_1,compact,complete,8,full,line25,223,eacddd6011f87b224f4f81db99f839f002f15c529a57525058c5a42e3472c121,24,15,1.3514786660671234,25,23922,14001,9876,4593,2001,24,10111,6559,4524,1642,594
quality_4_6_compact_1,compact,complete,8,full,line25,227,eacddd6011f87b224f4f81db99f839f002f15c529a57525058c5a42e3472c121,24,15,1.3523179218173027,25,23896,13996,9599,4309,1928,24,10111,6559,4524,1642,594
quality_4_6_compact_1,compact,complete,8,full,line25,229,eacddd6011f87b224f4f81db99f839f002f15c529a57525058c5a42e3472c121,24,15,1.3468044991604984,25,24128,14120,9707,4304,1881,24,10111,6559,4524,1642,594
quality_4_6_compact_1,compact,complete,8,full,line25,233,eacddd6011f87b224f4f81db99f839f002f15c529a57525058c5a42e3472c121,24,15,1.4613685058429837,25,23699,13884,10056,4964,2267,24,10111,6559,4524,1642,594
quality_4_6_compact_1,compact,complete,8,full,grid25,211,eacddd6011f87b224f4f81db99f839f002f15c529a57525058c5a42e3472c121,24,15,1.160553028807044,25,15343,9297,8362,5951,2646,24,10111,6559,4524,1642,594
quality_4_6_compact_1,compact,complete,8,full,grid25,223,eacddd6011f87b224f4f81db99f839f002f15c529a57525058c5a42e3472c121,24,15,1.1488422686234117,25,15203,9204,8297,5686,2546,24,10111,6559,4524,1642,594
quality_4_6_compact_1,compact,complete,8,full,grid25,227,eacddd6011f87b224f4f81db99f839f002f15c529a57525058c5a42e3472c121,24,15,1.1604647631756961,25,15979,9639,8204,5998,2506,24,10111,6559,4524,1642,594
quality_4_6_compact_1,compact,complete,8,full,grid25,229,eacddd6011f87b224f4f81db99f839f002f15c529a57525058c5a42e3472c121,24,15,1.1614965409971774,25,15515,9393,8311,5903,2634,24,10111,6559,4524,1642,594
quality_4_6_compact_1,compact,complete,8,full,grid25,233,eacddd6011f87b224f4f81db99f839f002f15c529a57525058c5a42e3472c121,24,15,1.1593657596968114,25,15703,9496,8180,5379,2465,24,10111,6559,4524,1642,594
quality_4_6_compact_1,compact,complete,9,full,sherbrooke,211,cc6eddef63ae6c4a25950e47d068c11c47c707edf0e296d0f5e5f0c63e318256,24,17,54.059418248943985,127,74802,44904,12268,14651,3265,24,11401,7405,5136,1853,672
quality_4_6_compact_1,compact,complete,9,full,sherbrooke,223,cc6eddef63ae6c4a25950e47d068c11c47c707edf0e296d0f5e5f0c63e318256,24,17,50.23474849294871,127,74709,45032,11839,14961,3260,24,11401,7405,5136,1853,672
quality_4_6_compact_1,compact,complete,9,full,sherbrooke,227,cc6eddef63ae6c4a25950e47d068c11c47c707edf0e296d0f5e5f0c63e318256,24,17,51.72187434323132,127,74557,44779,12018,14802,3262,24,11401,7405,5136,1853,672
quality_4_6_compact_1,compact,complete,9,full,sherbrooke,229,cc6eddef63ae6c4a25950e47d068c11c47c707edf0e296d0f5e5f0c63e318256,24,17,59.35043809469789,127,73868,44176,12039,14549,3268,24,11401,7405,5136,1853,672
quality_4_6_compact_1,compact,complete,9,full,sherbrooke,233,cc6eddef63ae6c4a25950e47d068c11c47c707edf0e296d0f5e5f0c63e318256,24,17,56.491589281708,127,75193,45147,12069,14569,3182,24,11401,7405,5136,1853,672
quality_4_6_compact_1,compact,complete,9,full,line25,211,cc6eddef63ae6c4a25950e47d068c11c47c707edf0e296d0f5e5f0c63e318256,24,17,1.590983014088124,25,26513,15544,11393,5221,2381,24,11401,7405,5136,1853,672
quality_4_6_compact_1,compact,complete,9,full,line25,223,cc6eddef63ae6c4a25950e47d068c11c47c707edf0e296d0f5e5f0c63e318256,24,17,1.5886923521757126,25,26670,15629,11291,5300,2390,24,11401,7405,5136,1853,672
quality_4_6_compact_1,compact,complete,9,full,line25,227,cc6eddef63ae6c4a25950e47d068c11c47c707edf0e296d0f5e5f0c63e318256,24,17,1.5958479400724173,25,26678,15656,11232,5212,2363,24,11401,7405,5136,1853,672
quality_4_6_compact_1,compact,complete,9,full,line25,229,cc6eddef63ae6c4a25950e47d068c11c47c707edf0e296d0f5e5f0c63e318256,24,17,1.586906478740275,25,26575,15594,11211,5095,2244,24,11401,7405,5136,1853,672
quality_4_6_compact_1,compact,complete,9,full,line25,233,cc6eddef63ae6c4a25950e47d068c11c47c707edf0e296d0f5e5f0c63e318256,24,17,1.7736920323222876,25,26125,15337,11407,5275,2416,24,11401,7405,5136,1853,672
quality_4_6_compact_1,compact,complete,9,full,grid25,211,cc6eddef63ae6c4a25950e47d068c11c47c707edf0e296d0f5e5f0c63e318256,24,17,1.3512678798288107,25,17111,10392,9547,6414,2926,24,11401,7405,5136,1853,672
quality_4_6_compact_1,compact,complete,9,full,grid25,223,cc6eddef63ae6c4a25950e47d068c11c47c707edf0e296d0f5e5f0c63e318256,24,17,1.3656159527599812,25,17376,10544,9470,6167,2860,24,11401,7405,5136,1853,672
quality_4_6_compact_1,compact,complete,9,full,grid25,227,cc6eddef63ae6c4a25950e47d068c11c47c707edf0e296d0f5e5f0c63e318256,24,17,1.3541533988900483,25,17217,10438,9424,6627,2949,24,11401,7405,5136,1853,672
quality_4_6_compact_1,compact,complete,9,full,grid25,229,cc6eddef63ae6c4a25950e47d068c11c47c707edf0e296d0f5e5f0c63e318256,24,17,1.3573025618679821,25,18008,10899,9335,6748,2906,24,11401,7405,5136,1853,672
quality_4_6_compact_1,compact,complete,9,full,grid25,233,cc6eddef63ae6c4a25950e47d068c11c47c707edf0e296d0f5e5f0c63e318256,24,17,1.3578312150202692,25,17388,10545,9535,6364,2835,24,11401,7405,5136,1853,672
quality_4_6_compact_1,compact,complete,10,full,sherbrooke,211,3f170d1d261a8ae6659d6007d5431bcdcbe98b2dba4dca07e420aae654097c06,24,19,67.82284740218893,127,82854,49762,13493,16348,3722,24,12691,8251,5748,2064,750
quality_4_6_compact_1,compact,complete,10,full,sherbrooke,223,3f170d1d261a8ae6659d6007d5431bcdcbe98b2dba4dca07e420aae654097c06,24,19,67.43705387599766,127,84532,50597,13722,17843,3849,24,12691,8251,5748,2064,750
quality_4_6_compact_1,compact,complete,10,full,sherbrooke,227,3f170d1d261a8ae6659d6007d5431bcdcbe98b2dba4dca07e420aae654097c06,24,19,67.64667247794569,127,85681,51497,13975,18218,3966,24,12691,8251,5748,2064,750
quality_4_6_compact_1,compact,complete,10,full,sherbrooke,229,3f170d1d261a8ae6659d6007d5431bcdcbe98b2dba4dca07e420aae654097c06,24,19,71.15425043459982,127,83350,49889,13563,16002,3621,24,12691,8251,5748,2064,750
quality_4_6_compact_1,compact,complete,10,full,sherbrooke,233,3f170d1d261a8ae6659d6007d5431bcdcbe98b2dba4dca07e420aae654097c06,24,19,70.51090964116156,127,83830,50382,13717,16044,3656,24,12691,8251,5748,2064,750
quality_4_6_compact_1,compact,complete,10,full,line25,211,3f170d1d261a8ae6659d6007d5431bcdcbe98b2dba4dca07e420aae654097c06,24,19,1.7981488080695271,25,30103,17648,12632,6115,2697,24,12691,8251,5748,2064,750
quality_4_6_compact_1,compact,complete,10,full,line25,223,3f170d1d261a8ae6659d6007d5431bcdcbe98b2dba4dca07e420aae654097c06,24,19,1.8051258390769362,25,29685,17417,12699,5988,2672,24,12691,8251,5748,2064,750
quality_4_6_compact_1,compact,complete,10,full,line25,227,3f170d1d261a8ae6659d6007d5431bcdcbe98b2dba4dca07e420aae654097c06,24,19,1.809212192427367,25,30658,17944,12438,5715,2599,24,12691,8251,5748,2064,750
quality_4_6_compact_1,compact,complete,10,full,line25,229,3f170d1d261a8ae6659d6007d5431bcdcbe98b2dba4dca07e420aae654097c06,24,19,1.803098973352462,25,30653,17957,12539,5678,2518,24,12691,8251,5748,2064,750
quality_4_6_compact_1,compact,complete,10,full,line25,233,3f170d1d261a8ae6659d6007d5431bcdcbe98b2dba4dca07e420aae654097c06,24,19,1.961575417779386,25,30495,17844,12508,5783,2547,24,12691,8251,5748,2064,750
quality_4_6_compact_1,compact,complete,10,full,grid25,211,3f170d1d261a8ae6659d6007d5431bcdcbe98b2dba4dca07e420aae654097c06,24,19,1.5315912500955164,25,19435,11798,10589,7420,3380,24,12691,8251,5748,2064,750
quality_4_6_compact_1,compact,complete,10,full,grid25,223,3f170d1d261a8ae6659d6007d5431bcdcbe98b2dba4dca07e420aae654097c06,24,19,1.5354875959455967,25,19430,11777,10588,7342,3245,24,12691,8251,5748,2064,750
quality_4_6_compact_1,compact,complete,10,full,grid25,227,3f170d1d261a8ae6659d6007d5431bcdcbe98b2dba4dca07e420aae654097c06,24,19,1.5345175950787961,25,19169,11652,10723,7200,3257,24,12691,8251,5748,2064,750
quality_4_6_compact_1,compact,complete,10,full,grid25,229,3f170d1d261a8ae6659d6007d5431bcdcbe98b2dba4dca07e420aae654097c06,24,19,1.5398458712734282,25,19558,11848,10696,7496,3404,24,12691,8251,5748,2064,750
quality_4_6_compact_1,compact,complete,10,full,grid25,233,3f170d1d261a8ae6659d6007d5431bcdcbe98b2dba4dca07e420aae654097c06,24,19,1.5395392938517034,25,19480,11818,10685,7022,3223,24,12691,8251,5748,2064,750
quality_4_6_compact_1,compact,complete,11,full,sherbrooke,211,47c3f87652391358c82f1810b6e7e8437b46a37051bca4754860c34085e4d46c,24,21,83.04343953775242,127,91156,54647,15017,18928,4254,24,13981,9097,6360,2275,828
quality_4_6_compact_1,compact,complete,11,full,sherbrooke,223,47c3f87652391358c82f1810b6e7e8437b46a37051bca4754860c34085e4d46c,24,21,83.75961738219485,127,91943,55048,15106,17661,4009,24,13981,9097,6360,2275,828
quality_4_6_compact_1,compact,complete,11,full,sherbrooke,227,47c3f87652391358c82f1810b6e7e8437b46a37051bca4754860c34085e4d46c,24,21,86.88325126376003,127,93258,55978,15068,18795,4075,24,13981,9097,6360,2275,828
quality_4_6_compact_1,compact,complete,11,full,sherbrooke,229,47c3f87652391358c82f1810b6e7e8437b46a37051bca4754860c34085e4d46c,24,21,88.04920619400218,127,91792,54905,15151,18322,4152,24,13981,9097,6360,2275,828
quality_4_6_compact_1,compact,complete,11,full,sherbrooke,233,47c3f87652391358c82f1810b6e7e8437b46a37051bca4754860c34085e4d46c,24,21,90.39558175532147,127,93355,55805,15350,18912,4306,24,13981,9097,6360,2275,828
quality_4_6_compact_1,compact,complete,11,full,line25,211,47c3f87652391358c82f1810b6e7e8437b46a37051bca4754860c34085e4d46c,24,21,1.9810166140086949,25,33856,19829,14043,6442,2869,24,13981,9097,6360,2275,828
quality_4_6_compact_1,compact,complete,11,full,line25,223,47c3f87652391358c82f1810b6e7e8437b46a37051bca4754860c34085e4d46c,24,21,2.107353387866169,25,33405,19588,13759,6359,2797,24,13981,9097,6360,2275,828
quality_4_6_compact_1,compact,complete,11,full,line25,227,47c3f87652391358c82f1810b6e7e8437b46a37051bca4754860c34085e4d46c,24,21,1.9866220499388874,25,33109,19419,14253,6642,3072,24,13981,9097,6360,2275,828
quality_4_6_compact_1,compact,complete,11,full,line25,229,47c3f87652391358c82f1810b6e7e8437b46a37051bca4754860c34085e4d46c,24,21,1.9697708170861006,25,33189,19471,14106,6371,2843,24,13981,9097,6360,2275,828
quality_4_6_compact_1,compact,complete,11,full,line25,233,47c3f87652391358c82f1810b6e7e8437b46a37051bca4754860c34085e4d46c,24,21,1.9898133021779358,25,33065,19370,14326,6593,2980,24,13981,9097,6360,2275,828
quality_4_6_compact_1,compact,complete,11,full,grid25,211,47c3f87652391358c82f1810b6e7e8437b46a37051bca4754860c34085e4d46c,24,21,1.6835499848239124,25,21463,13022,11792,8530,3740,24,13981,9097,6360,2275,828
quality_4_6_compact_1,compact,complete,11,full,grid25,223,47c3f87652391358c82f1810b6e7e8437b46a37051bca4754860c34085e4d46c,24,21,1.687654482666403,25,21357,12960,11779,8106,3548,24,13981,9097,6360,2275,828
quality_4_6_compact_1,compact,complete,11,full,grid25,227,47c3f87652391358c82f1810b6e7e8437b46a37051bca4754860c34085e4d46c,24,21,1.6812361208721995,25,21063,12802,11809,8155,3677,24,13981,9097,6360,2275,828
quality_4_6_compact_1,compact,complete,11,full,grid25,229,47c3f87652391358c82f1810b6e7e8437b46a37051bca4754860c34085e4d46c,24,21,1.6889485730789602,25,21475,13034,11851,8698,3715,24,13981,9097,6360,2275,828
quality_4_6_compact_1,compact,complete,11,full,grid25,233,47c3f87652391358c82f1810b6e7e8437b46a37051bca4754860c34085e4d46c,24,21,1.685806002933532,25,21571,13069,11812,8181,3651,24,13981,9097,6360,2275,828
quality_4_6_compact_1,compact,complete,12,full,sherbrooke,211,2d580393998e930532d4f60d3796034aad4afdcb28cf378c9a1b512d7d7b5eae,24,23,98.73836309695616,127,102003,61184,16709,19740,4415,24,15271,9943,6972,2486,906
quality_4_6_compact_1,compact,complete,12,full,sherbrooke,223,2d580393998e930532d4f60d3796034aad4afdcb28cf378c9a1b512d7d7b5eae,24,23,93.9240791448392,127,103123,62016,16607,19920,4369,24,15271,9943,6972,2486,906
quality_4_6_compact_1,compact,complete,12,full,sherbrooke,227,2d580393998e930532d4f60d3796034aad4afdcb28cf378c9a1b512d7d7b5eae,24,23,104.79554400034249,127,101777,61113,16573,20352,4523,24,15271,9943,6972,2486,906
quality_4_6_compact_1,compact,complete,12,full,sherbrooke,229,2d580393998e930532d4f60d3796034aad4afdcb28cf378c9a1b512d7d7b5eae,24,23,101.42369457613677,127,103613,62231,16610,21574,4650,24,15271,9943,6972,2486,906
quality_4_6_compact_1,compact,complete,12,full,sherbrooke,233,2d580393998e930532d4f60d3796034aad4afdcb28cf378c9a1b512d7d7b5eae,24,23,98.27983359899372,127,101991,61109,16499,20140,4380,24,15271,9943,6972,2486,906
quality_4_6_compact_1,compact,complete,12,full,line25,211,2d580393998e930532d4f60d3796034aad4afdcb28cf378c9a1b512d7d7b5eae,24,23,2.3444216307252645,25,36160,21210,15693,7424,3373,24,15271,9943,6972,2486,906
quality_4_6_compact_1,compact,complete,12,full,line25,223,2d580393998e930532d4f60d3796034aad4afdcb28cf378c9a1b512d7d7b5eae,24,23,2.200314899440855,25,35646,20938,15782,7556,3484,24,15271,9943,6972,2486,906
quality_4_6_compact_1,compact,complete,12,full,line25,227,2d580393998e930532d4f60d3796034aad4afdcb28cf378c9a1b512d7d7b5eae,24,23,2.199186990968883,25,36114,21184,15607,7321,3289,24,15271,9943,6972,2486,906
quality_4_6_compact_1,compact,complete,12,full,line25,229,2d580393998e930532d4f60d3796034aad4afdcb28cf378c9a1b512d7d7b5eae,24,23,2.194248878862709,25,36696,21510,15482,6934,3168,24,15271,9943,6972,2486,906
quality_4_6_compact_1,compact,complete,12,full,line25,233,2d580393998e930532d4f60d3796034aad4afdcb28cf378c9a1b512d7d7b5eae,24,23,2.184859407134354,25,36678,21510,15365,7202,3265,24,15271,9943,6972,2486,906
quality_4_6_compact_1,compact,complete,12,full,grid25,211,2d580393998e930532d4f60d3796034aad4afdcb28cf378c9a1b512d7d7b5eae,24,23,1.871406139805913,25,23705,14361,12916,8305,3814,24,15271,9943,6972,2486,906
quality_4_6_compact_1,compact,complete,12,full,grid25,223,2d580393998e930532d4f60d3796034aad4afdcb28cf378c9a1b512d7d7b5eae,24,23,1.85421395720914,25,23067,14045,12886,9160,4112,24,15271,9943,6972,2486,906
quality_4_6_compact_1,compact,complete,12,full,grid25,227,2d580393998e930532d4f60d3796034aad4afdcb28cf378c9a1b512d7d7b5eae,24,23,1.8674903768114746,25,23805,14429,12859,9117,3997,24,15271,9943,6972,2486,906
quality_4_6_compact_1,compact,complete,12,full,grid25,229,2d580393998e930532d4f60d3796034aad4afdcb28cf378c9a1b512d7d7b5eae,24,23,1.92380665615201,25,23134,14063,13105,8854,4019,24,15271,9943,6972,2486,906
quality_4_6_compact_1,compact,complete,12,full,grid25,233,2d580393998e930532d4f60d3796034aad4afdcb28cf378c9a1b512d7d7b5eae,24,23,1.8598874197341502,25,22787,13870,13064,8831,4078,24,15271,9943,6972,2486,906
quality_4_6_compact_1,compact,ring,1,full,sherbrooke,211,2ee7593459d24f7afd6c0760146f2b54d80be29caeb4580c085b0ab727971d67,24,1,0.22331397514790297,127,1127,682,146,186,34,24,541,313,96,106,24
quality_4_6_compact_1,compact,ring,1,full,sherbrooke,223,2ee7593459d24f7afd6c0760146f2b54d80be29caeb4580c085b0ab727971d67,24,1,0.035887748934328556,127,1189,723,151,209,42,24,541,313,96,106,24
quality_4_6_compact_1,compact,ring,1,full,sherbrooke,227,2ee7593459d24f7afd6c0760146f2b54d80be29caeb4580c085b0ab727971d67,24,1,0.03316501621156931,127,1121,686,151,250,46,24,541,313,96,106,24
quality_4_6_compact_1,compact,ring,1,full,sherbrooke,229,2ee7593459d24f7afd6c0760146f2b54d80be29caeb4580c085b0ab727971d67,24,1,0.03847360471263528,127,1111,681,143,190,36,24,541,313,96,106,24
quality_4_6_compact_1,compact,ring,1,full,sherbrooke,233,2ee7593459d24f7afd6c0760146f2b54d80be29caeb4580c085b0ab727971d67,24,1,0.03305445937439799,127,1079,655,151,199,39,24,541,313,96,106,24
quality_4_6_compact_1,compact,ring,1,full,line25,211,2ee7593459d24f7afd6c0760146f2b54d80be29caeb4580c085b0ab727971d67,24,1,0.024327721912413836,25,579,335,149,120,34,24,541,313,96,106,24
quality_4_6_compact_1,compact,ring,1,full,line25,223,2ee7593459d24f7afd6c0760146f2b54d80be29caeb4580c085b0ab727971d67,24,1,0.022687621880322695,25,597,348,144,121,34,24,541,313,96,106,24
quality_4_6_compact_1,compact,ring,1,full,line25,227,2ee7593459d24f7afd6c0760146f2b54d80be29caeb4580c085b0ab727971d67,24,1,0.023243776988238096,25,601,350,147,122,34,24,541,313,96,106,24
quality_4_6_compact_1,compact,ring,1,full,line25,229,2ee7593459d24f7afd6c0760146f2b54d80be29caeb4580c085b0ab727971d67,24,1,0.02279969211667776,25,605,352,149,122,32,24,541,313,96,106,24
quality_4_6_compact_1,compact,ring,1,full,line25,233,2ee7593459d24f7afd6c0760146f2b54d80be29caeb4580c085b0ab727971d67,24,1,0.02275536023080349,25,600,351,146,121,32,24,541,313,96,106,24
quality_4_6_compact_1,compact,ring,1,full,grid25,211,2ee7593459d24f7afd6c0760146f2b54d80be29caeb4580c085b0ab727971d67,24,1,0.019296094309538603,25,551,318,102,113,27,24,541,313,96,106,24
quality_4_6_compact_1,compact,ring,1,full,grid25,223,2ee7593459d24f7afd6c0760146f2b54d80be29caeb4580c085b0ab727971d67,24,1,0.01842353492975235,25,541,313,96,106,24,24,541,313,96,106,24
quality_4_6_compact_1,compact,ring,1,full,grid25,227,2ee7593459d24f7afd6c0760146f2b54d80be29caeb4580c085b0ab727971d67,24,1,0.018848062958568335,25,541,313,102,110,27,24,541,313,96,106,24
quality_4_6_compact_1,compact,ring,1,full,grid25,229,2ee7593459d24f7afd6c0760146f2b54d80be29caeb4580c085b0ab727971d67,24,1,0.018996782135218382,25,569,329,106,127,31,24,541,313,96,106,24
quality_4_6_compact_1,compact,ring,1,full,grid25,233,2ee7593459d24f7afd6c0760146f2b54d80be29caeb4580c085b0ab727971d67,24,1,0.019289972260594368,25,549,317,100,114,28,24,541,313,96,106,24
quality_4_6_compact_1,compact,ring,2,full,sherbrooke,211,56cfc18fc1ba83b8bf1f5a17a695b4b5531d289cea66e98b91ebc1868ec01570,24,3,1.0361569002270699,127,8499,5084,1346,2015,430,24,1291,835,564,306,110
quality_4_6_compact_1,compact,ring,2,full,sherbrooke,223,56cfc18fc1ba83b8bf1f5a17a695b4b5531d289cea66e98b91ebc1868ec01570,24,3,0.7905818126164377,127,8052,4822,1321,2108,451,24,1291,835,564,306,110
quality_4_6_compact_1,compact,ring,2,full,sherbrooke,227,56cfc18fc1ba83b8bf1f5a17a695b4b5531d289cea66e98b91ebc1868ec01570,24,3,0.8204233781434596,127,8131,4880,1327,1782,401,24,1291,835,564,306,110
quality_4_6_compact_1,compact,ring,2,full,sherbrooke,229,56cfc18fc1ba83b8bf1f5a17a695b4b5531d289cea66e98b91ebc1868ec01570,24,3,0.9050488071516156,127,7722,4639,1264,1777,405,24,1291,835,564,306,110
quality_4_6_compact_1,compact,ring,2,full,sherbrooke,233,56cfc18fc1ba83b8bf1f5a17a695b4b5531d289cea66e98b91ebc1868ec01570,24,3,0.8219212819822133,127,8130,4874,1301,1550,343,24,1291,835,564,306,110
quality_4_6_compact_1,compact,ring,2,full,line25,211,56cfc18fc1ba83b8bf1f5a17a695b4b5531d289cea66e98b91ebc1868ec01570,24,3,0.16698562307283282,25,2775,1643,1226,638,281,24,1291,835,564,306,110
quality_4_6_compact_1,compact,ring,2,full,line25,223,56cfc18fc1ba83b8bf1f5a17a695b4b5531d289cea66e98b91ebc1868ec01570,24,3,0.16946137184277177,25,2791,1653,1262,663,284,24,1291,835,564,306,110
quality_4_6_compact_1,compact,ring,2,full,line25,227,56cfc18fc1ba83b8bf1f5a17a695b4b5531d289cea66e98b91ebc1868ec01570,24,3,0.16661794297397137,25,3005,1769,1239,665,295,24,1291,835,564,306,110
quality_4_6_compact_1,compact,ring,2,full,line25,229,56cfc18fc1ba83b8bf1f5a17a695b4b5531d289cea66e98b91ebc1868ec01570,24,3,0.1706650322303176,25,2892,1707,1238,685,329,24,1291,835,564,306,110
quality_4_6_compact_1,compact,ring,2,full,line25,233,56cfc18fc1ba83b8bf1f5a17a695b4b5531d289cea66e98b91ebc1868ec01570,24,3,0.16728442395105958,25,2717,1612,1252,661,325,24,1291,835,564,306,110
quality_4_6_compact_1,compact,ring,2,full,grid25,211,56cfc18fc1ba83b8bf1f5a17a695b4b5531d289cea66e98b91ebc1868ec01570,24,3,0.13945362390950322,25,1918,1170,1006,768,339,24,1291,835,564,306,110
quality_4_6_compact_1,compact,ring,2,full,grid25,223,56cfc18fc1ba83b8bf1f5a17a695b4b5531d289cea66e98b91ebc1868ec01570,24,3,0.1454309979453683,25,1933,1178,974,676,316,24,1291,835,564,306,110
quality_4_6_compact_1,compact,ring,2,full,grid25,227,56cfc18fc1ba83b8bf1f5a17a695b4b5531d289cea66e98b91ebc1868ec01570,24,3,0.1375269261188805,25,1754,1086,1015,740,381,24,1291,835,564,306,110
quality_4_6_compact_1,compact,ring,2,full,grid25,229,56cfc18fc1ba83b8bf1f5a17a695b4b5531d289cea66e98b91ebc1868ec01570,24,3,0.13780814409255981,25,1871,1147,982,732,325,24,1291,835,564,306,110
quality_4_6_compact_1,compact,ring,2,full,grid25,233,56cfc18fc1ba83b8bf1f5a17a695b4b5531d289cea66e98b91ebc1868ec01570,24,3,0.1389796226285398,25,1931,1178,981,714,334,24,1291,835,564,306,110
quality_4_6_compact_1,compact,ring,3,full,sherbrooke,211,69edc57ed6655e5eaef93e1160a89ce76fb2f40c91bebde346290b99e98feb96,24,5,2.901239924132824,127,15562,9379,2475,3453,737,24,2041,1357,1032,488,184
quality_4_6_compact_1,compact,ring,3,full,sherbrooke,223,69edc57ed6655e5eaef93e1160a89ce76fb2f40c91bebde346290b99e98feb96,24,5,2.695985469967127,127,15295,9193,2497,3263,700,24,2041,1357,1032,488,184
quality_4_6_compact_1,compact,ring,3,full,sherbrooke,227,69edc57ed6655e5eaef93e1160a89ce76fb2f40c91bebde346290b99e98feb96,24,5,2.3742356938309968,127,15432,9297,2500,3253,733,24,2041,1357,1032,488,184
quality_4_6_compact_1,compact,ring,3,full,sherbrooke,229,69edc57ed6655e5eaef93e1160a89ce76fb2f40c91bebde346290b99e98feb96,24,5,2.253276017960161,127,15496,9346,2476,3152,674,24,2041,1357,1032,488,184
quality_4_6_compact_1,compact,ring,3,full,sherbrooke,233,69edc57ed6655e5eaef93e1160a89ce76fb2f40c91bebde346290b99e98feb96,24,5,2.545779214706272,127,15333,9203,2490,3124,692,24,2041,1357,1032,488,184
quality_4_6_compact_1,compact,ring,3,full,line25,211,69edc57ed6655e5eaef93e1160a89ce76fb2f40c91bebde346290b99e98feb96,24,5,0.3315897937864065,25,5040,2988,2511,1164,543,24,2041,1357,1032,488,184
quality_4_6_compact_1,compact,ring,3,full,line25,223,69edc57ed6655e5eaef93e1160a89ce76fb2f40c91bebde346290b99e98feb96,24,5,0.32388891419395804,25,4970,2947,2493,1171,585,24,2041,1357,1032,488,184
quality_4_6_compact_1,compact,ring,3,full,line25,227,69edc57ed6655e5eaef93e1160a89ce76fb2f40c91bebde346290b99e98feb96,24,5,0.3219626871868968,25,4935,2931,2517,1202,592,24,2041,1357,1032,488,184
quality_4_6_compact_1,compact,ring,3,full,line25,229,69edc57ed6655e5eaef93e1160a89ce76fb2f40c91bebde346290b99e98feb96,24,5,0.32008450012654066,25,5115,3029,2477,1160,542,24,2041,1357,1032,488,184
quality_4_6_compact_1,compact,ring,3,full,line25,233,69edc57ed6655e5eaef93e1160a89ce76fb2f40c91bebde346290b99e98feb96,24,5,0.31641735415905714,25,5065,3005,2493,1205,579,24,2041,1357,1032,488,184
quality_4_6_compact_1,compact,ring,3,full,grid25,211,69edc57ed6655e5eaef93e1160a89ce76fb2f40c91bebde346290b99e98feb96,24,5,0.2584275812841952,25,3074,1915,1934,1199,640,24,2041,1357,1032,488,184
quality_4_6_compact_1,compact,ring,3,full,grid25,223,69edc57ed6655e5eaef93e1160a89ce76fb2f40c91bebde346290b99e98feb96,24,5,0.2605782197788358,25,3129,1940,1929,1389,675,24,2041,1357,1032,488,184
quality_4_6_compact_1,compact,ring,3,full,grid25,227,69edc57ed6655e5eaef93e1160a89ce76fb2f40c91bebde346290b99e98feb96,24,5,0.2592564271762967,25,3172,1966,1929,1350,648,24,2041,1357,1032,488,184
quality_4_6_compact_1,compact,ring,3,full,grid25,229,69edc57ed6655e5eaef93e1160a89ce76fb2f40c91bebde346290b99e98feb96,24,5,0.2577428948134184,25,3042,1895,1949,1274,645,24,2041,1357,1032,488,184
quality_4_6_compact_1,compact,ring,3,full,grid25,233,69edc57ed6655e5eaef93e1160a89ce76fb2f40c91bebde346290b99e98feb96,24,5,0.2591126780025661,25,3191,1974,1905,1324,669,24,2041,1357,1032,488,184
quality_4_6_compact_1,compact,ring,4,full,sherbrooke,211,b4424665c3c7a41eb3878196ec7e3b9a0a99ace12b1bdd51f65d381f1f10927b,24,7,6.027038081083447,127,22257,13385,3614,4388,1005,24,2791,1879,1500,670,258
quality_4_6_compact_1,compact,ring,4,full,sherbrooke,223,b4424665c3c7a41eb3878196ec7e3b9a0a99ace12b1bdd51f65d381f1f10927b,24,7,5.343264261260629,127,22427,13430,3666,4802,1067,24,2791,1879,1500,670,258
quality_4_6_compact_1,compact,ring,4,full,sherbrooke,227,b4424665c3c7a41eb3878196ec7e3b9a0a99ace12b1bdd51f65d381f1f10927b,24,7,5.902976009063423,127,22609,13467,3769,5005,1142,24,2791,1879,1500,670,258
quality_4_6_compact_1,compact,ring,4,full,sherbrooke,229,b4424665c3c7a41eb3878196ec7e3b9a0a99ace12b1bdd51f65d381f1f10927b,24,7,4.977438719011843,127,22694,13675,3643,5006,1101,24,2791,1879,1500,670,258
quality_4_6_compact_1,compact,ring,4,full,sherbrooke,233,b4424665c3c7a41eb3878196ec7e3b9a0a99ace12b1bdd51f65d381f1f10927b,24,7,5.544643097091466,127,22926,13680,3797,4967,1118,24,2791,1879,1500,670,258
quality_4_6_compact_1,compact,ring,4,full,line25,211,b4424665c3c7a41eb3878196ec7e3b9a0a99ace12b1bdd51f65d381f1f10927b,24,7,0.4746665507555008,25,7190,4271,3727,1653,800,24,2791,1879,1500,670,258
quality_4_6_compact_1,compact,ring,4,full,line25,223,b4424665c3c7a41eb3878196ec7e3b9a0a99ace12b1bdd51f65d381f1f10927b,24,7,0.4664514362812042,25,7130,4237,3736,1763,882,24,2791,1879,1500,670,258
quality_4_6_compact_1,compact,ring,4,full,line25,227,b4424665c3c7a41eb3878196ec7e3b9a0a99ace12b1bdd51f65d381f1f10927b,24,7,0.46500510023906827,25,6948,4135,3765,1712,870,24,2791,1879,1500,670,258
quality_4_6_compact_1,compact,ring,4,full,line25,229,b4424665c3c7a41eb3878196ec7e3b9a0a99ace12b1bdd51f65d381f1f10927b,24,7,0.46254356810823083,25,7151,4247,3815,1681,802,24,2791,1879,1500,670,258
quality_4_6_compact_1,compact,ring,4,full,line25,233,b4424665c3c7a41eb3878196ec7e3b9a0a99ace12b1bdd51f65d381f1f10927b,24,7,0.467549788299948,25,6882,4099,3864,1769,887,24,2791,1879,1500,670,258
quality_4_6_compact_1,compact,ring,4,full,grid25,211,b4424665c3c7a41eb3878196ec7e3b9a0a99ace12b1bdd51f65d381f1f10927b,24,7,0.3810305339284241,25,4347,2717,2895,1921,943,24,2791,1879,1500,670,258
quality_4_6_compact_1,compact,ring,4,full,grid25,223,b4424665c3c7a41eb3878196ec7e3b9a0a99ace12b1bdd51f65d381f1f10927b,24,7,0.38013051403686404,25,4362,2721,2880,2032,997,24,2791,1879,1500,670,258
quality_4_6_compact_1,compact,ring,4,full,grid25,227,b4424665c3c7a41eb3878196ec7e3b9a0a99ace12b1bdd51f65d381f1f10927b,24,7,0.37983227288350463,25,4399,2743,2900,2082,1067,24,2791,1879,1500,670,258
quality_4_6_compact_1,compact,ring,4,full,grid25,229,b4424665c3c7a41eb3878196ec7e3b9a0a99ace12b1bdd51f65d381f1f10927b,24,7,0.38371637696400285,25,4309,2691,2854,2043,1033,24,2791,1879,1500,670,258
quality_4_6_compact_1,compact,ring,4,full,grid25,233,b4424665c3c7a41eb3878196ec7e3b9a0a99ace12b1bdd51f65d381f1f10927b,24,7,0.3800674150697887,25,4324,2705,2904,2120,1058,24,2791,1879,1500,670,258
quality_4_6_compact_1,compact,ring,5,full,sherbrooke,211,9ca2de60b5092007c636cd67bfcf3e9ba2cd9fdc2e14ebd3a8c89f88f44a24c6,24,9,8.956244209781289,127,30073,18073,4971,6323,1415,24,3541,2401,1968,852,332
quality_4_6_compact_1,compact,ring,5,full,sherbrooke,223,9ca2de60b5092007c636cd67bfcf3e9ba2cd9fdc2e14ebd3a8c89f88f44a24c6,24,9,9.116847397759557,127,29824,17861,4930,6330,1467,24,3541,2401,1968,852,332
quality_4_6_compact_1,compact,ring,5,full,sherbrooke,227,9ca2de60b5092007c636cd67bfcf3e9ba2cd9fdc2e14ebd3a8c89f88f44a24c6,24,9,9.34123006137088,127,30918,18540,5089,6046,1347,24,3541,2401,1968,852,332
quality_4_6_compact_1,compact,ring,5,full,sherbrooke,229,9ca2de60b5092007c636cd67bfcf3e9ba2cd9fdc2e14ebd3a8c89f88f44a24c6,24,9,10.31493115099147,127,29976,17922,5012,6335,1472,24,3541,2401,1968,852,332
quality_4_6_compact_1,compact,ring,5,full,sherbrooke,233,9ca2de60b5092007c636cd67bfcf3e9ba2cd9fdc2e14ebd3a8c89f88f44a24c6,24,9,10.063715242315084,127,30012,18014,5001,6777,1549,24,3541,2401,1968,852,332
quality_4_6_compact_1,compact,ring,5,full,line25,211,9ca2de60b5092007c636cd67bfcf3e9ba2cd9fdc2e14ebd3a8c89f88f44a24c6,24,9,0.638520444277674,25,9240,5502,5059,2248,1123,24,3541,2401,1968,852,332
quality_4_6_compact_1,compact,ring,5,full,line25,223,9ca2de60b5092007c636cd67bfcf3e9ba2cd9fdc2e14ebd3a8c89f88f44a24c6,24,9,0.6299662422388792,25,9363,5566,5076,2203,1083,24,3541,2401,1968,852,332
quality_4_6_compact_1,compact,ring,5,full,line25,227,9ca2de60b5092007c636cd67bfcf3e9ba2cd9fdc2e14ebd3a8c89f88f44a24c6,24,9,0.6297232653014362,25,8994,5362,5225,2244,1151,24,3541,2401,1968,852,332
quality_4_6_compact_1,compact,ring,5,full,line25,229,9ca2de60b5092007c636cd67bfcf3e9ba2cd9fdc2e14ebd3a8c89f88f44a24c6,24,9,0.6351855318062007,25,8914,5318,5162,2211,1064,24,3541,2401,1968,852,332
quality_4_6_compact_1,compact,ring,5,full,line25,233,9ca2de60b5092007c636cd67bfcf3e9ba2cd9fdc2e14ebd3a8c89f88f44a24c6,24,9,0.6276546302251518,25,9272,5520,4931,2226,1113,24,3541,2401,1968,852,332
quality_4_6_compact_1,compact,ring,5,full,grid25,211,9ca2de60b5092007c636cd67bfcf3e9ba2cd9fdc2e14ebd3a8c89f88f44a24c6,24,9,0.5120828719809651,25,5647,3531,3800,2571,1255,24,3541,2401,1968,852,332
quality_4_6_compact_1,compact,ring,5,full,grid25,223,9ca2de60b5092007c636cd67bfcf3e9ba2cd9fdc2e14ebd3a8c89f88f44a24c6,24,9,0.5140444948337972,25,5495,3450,3834,2475,1339,24,3541,2401,1968,852,332
quality_4_6_compact_1,compact,ring,5,full,grid25,227,9ca2de60b5092007c636cd67bfcf3e9ba2cd9fdc2e14ebd3a8c89f88f44a24c6,24,9,0.5102876108139753,25,5371,3386,3835,2526,1275,24,3541,2401,1968,852,332
quality_4_6_compact_1,compact,ring,5,full,grid25,229,9ca2de60b5092007c636cd67bfcf3e9ba2cd9fdc2e14ebd3a8c89f88f44a24c6,24,9,0.5134208942763507,25,5574,3495,3808,2477,1339,24,3541,2401,1968,852,332
quality_4_6_compact_1,compact,ring,5,full,grid25,233,9ca2de60b5092007c636cd67bfcf3e9ba2cd9fdc2e14ebd3a8c89f88f44a24c6,24,9,0.5152967069298029,25,5876,3658,3760,2351,1186,24,3541,2401,1968,852,332
quality_4_6_compact_1,compact,ring,6,full,sherbrooke,211,849f77854b3a6170027b383def66ce95e02fc08097887ebf220c1f8b80d2f162,24,11,13.44157388433814,127,36778,22028,6005,7773,1738,24,4291,2923,2436,1034,406
quality_4_6_compact_1,compact,ring,6,full,sherbrooke,223,849f77854b3a6170027b383def66ce95e02fc08097887ebf220c1f8b80d2f162,24,11,15.266714144963771,127,38234,22824,6398,8080,1858,24,4291,2923,2436,1034,406
quality_4_6_compact_1,compact,ring,6,full,sherbrooke,227,849f77854b3a6170027b383def66ce95e02fc08097887ebf220c1f8b80d2f162,24,11,14.163160227704793,127,37582,22554,6206,7980,1780,24,4291,2923,2436,1034,406
quality_4_6_compact_1,compact,ring,6,full,sherbrooke,229,849f77854b3a6170027b383def66ce95e02fc08097887ebf220c1f8b80d2f162,24,11,13.784747399855405,127,37621,22553,6245,7620,1770,24,4291,2923,2436,1034,406
quality_4_6_compact_1,compact,ring,6,full,sherbrooke,233,849f77854b3a6170027b383def66ce95e02fc08097887ebf220c1f8b80d2f162,24,11,15.809895312413573,127,37401,22439,6133,7410,1616,24,4291,2923,2436,1034,406
quality_4_6_compact_1,compact,ring,6,full,line25,211,849f77854b3a6170027b383def66ce95e02fc08097887ebf220c1f8b80d2f162,24,11,0.7947458322159946,25,11015,6575,6453,2875,1480,24,4291,2923,2436,1034,406
quality_4_6_compact_1,compact,ring,6,full,line25,223,849f77854b3a6170027b383def66ce95e02fc08097887ebf220c1f8b80d2f162,24,11,0.8062494131736457,25,11544,6863,6362,2771,1404,24,4291,2923,2436,1034,406
quality_4_6_compact_1,compact,ring,6,full,line25,227,849f77854b3a6170027b383def66ce95e02fc08097887ebf220c1f8b80d2f162,24,11,0.8005540780723095,25,11208,6678,6446,2852,1448,24,4291,2923,2436,1034,406
quality_4_6_compact_1,compact,ring,6,full,line25,229,849f77854b3a6170027b383def66ce95e02fc08097887ebf220c1f8b80d2f162,24,11,0.786872036755085,25,10865,6496,6502,2779,1424,24,4291,2923,2436,1034,406
quality_4_6_compact_1,compact,ring,6,full,line25,233,849f77854b3a6170027b383def66ce95e02fc08097887ebf220c1f8b80d2f162,24,11,0.7921573109924793,25,11267,6714,6492,2830,1455,24,4291,2923,2436,1034,406
quality_4_6_compact_1,compact,ring,6,full,grid25,211,849f77854b3a6170027b383def66ce95e02fc08097887ebf220c1f8b80d2f162,24,11,0.6388264587149024,25,6804,4273,4795,3118,1631,24,4291,2923,2436,1034,406
quality_4_6_compact_1,compact,ring,6,full,grid25,223,849f77854b3a6170027b383def66ce95e02fc08097887ebf220c1f8b80d2f162,24,11,0.6368427332490683,25,7071,4416,4779,3136,1633,24,4291,2923,2436,1034,406
quality_4_6_compact_1,compact,ring,6,full,grid25,227,849f77854b3a6170027b383def66ce95e02fc08097887ebf220c1f8b80d2f162,24,11,0.6367497490718961,25,7115,4442,4701,2969,1464,24,4291,2923,2436,1034,406
quality_4_6_compact_1,compact,ring,6,full,grid25,229,849f77854b3a6170027b383def66ce95e02fc08097887ebf220c1f8b80d2f162,24,11,0.6381707168184221,25,7015,4386,4806,3014,1557,24,4291,2923,2436,1034,406
quality_4_6_compact_1,compact,ring,6,full,grid25,233,849f77854b3a6170027b383def66ce95e02fc08097887ebf220c1f8b80d2f162,24,11,0.6389582571573555,25,7140,4453,4717,3005,1494,24,4291,2923,2436,1034,406
quality_4_6_compact_1,compact,ring,7,full,sherbrooke,211,272cdee4b7de6b076bf2c98916098c3fd4635c67650d4d069cca7303d32d8b17,24,13,22.491032920777798,127,45275,27130,7517,9840,2227,24,5041,3445,2904,1216,480
quality_4_6_compact_1,compact,ring,7,full,sherbrooke,223,272cdee4b7de6b076bf2c98916098c3fd4635c67650d4d069cca7303d32d8b17,24,13,20.500071223825216,127,43759,26050,7470,8753,2046,24,5041,3445,2904,1216,480
quality_4_6_compact_1,compact,ring,7,full,sherbrooke,227,272cdee4b7de6b076bf2c98916098c3fd4635c67650d4d069cca7303d32d8b17,24,13,20.257634880021214,127,44738,26817,7432,9405,2169,24,5041,3445,2904,1216,480
quality_4_6_compact_1,compact,ring,7,full,sherbrooke,229,272cdee4b7de6b076bf2c98916098c3fd4635c67650d4d069cca7303d32d8b17,24,13,21.45266962889582,127,45136,26965,7553,9809,2205,24,5041,3445,2904,1216,480
quality_4_6_compact_1,compact,ring,7,full,sherbrooke,233,272cdee4b7de6b076bf2c98916098c3fd4635c67650d4d069cca7303d32d8b17,24,13,21.973784670699388,127,44243,26492,7359,8602,1963,24,5041,3445,2904,1216,480
quality_4_6_compact_1,compact,ring,7,full,line25,211,272cdee4b7de6b076bf2c98916098c3fd4635c67650d4d069cca7303d32d8b17,24,13,0.9799307389184833,25,13669,8127,7545,3403,1761,24,5041,3445,2904,1216,480
quality_4_6_compact_1,compact,ring,7,full,line25,223,272cdee4b7de6b076bf2c98916098c3fd4635c67650d4d069cca7303d32d8b17,24,13,0.9829615699127316,25,13472,8020,7859,3655,1907,24,5041,3445,2904,1216,480
quality_4_6_compact_1,compact,ring,7,full,line25,227,272cdee4b7de6b076bf2c98916098c3fd4635c67650d4d069cca7303d32d8b17,24,13,0.9800660931505263,25,13733,8172,7617,3288,1642,24,5041,3445,2904,1216,480
quality_4_6_compact_1,compact,ring,7,full,line25,229,272cdee4b7de6b076bf2c98916098c3fd4635c67650d4d069cca7303d32d8b17,24,13,0.9946872489526868,25,13379,7975,7797,3386,1773,24,5041,3445,2904,1216,480
quality_4_6_compact_1,compact,ring,7,full,line25,233,272cdee4b7de6b076bf2c98916098c3fd4635c67650d4d069cca7303d32d8b17,24,13,0.9781138370744884,25,12860,7689,7803,3385,1788,24,5041,3445,2904,1216,480
quality_4_6_compact_1,compact,ring,7,full,grid25,211,272cdee4b7de6b076bf2c98916098c3fd4635c67650d4d069cca7303d32d8b17,24,13,0.7916724309325218,25,8239,5173,5740,3663,1888,24,5041,3445,2904,1216,480
quality_4_6_compact_1,compact,ring,7,full,grid25,223,272cdee4b7de6b076bf2c98916098c3fd4635c67650d4d069cca7303d32d8b17,24,13,0.793419289868325,25,7932,5001,5800,3770,2017,24,5041,3445,2904,1216,480
quality_4_6_compact_1,compact,ring,7,full,grid25,227,272cdee4b7de6b076bf2c98916098c3fd4635c67650d4d069cca7303d32d8b17,24,13,0.7840215042233467,25,8508,5308,5644,3673,1926,24,5041,3445,2904,1216,480
quality_4_6_compact_1,compact,ring,7,full,grid25,229,272cdee4b7de6b076bf2c98916098c3fd4635c67650d4d069cca7303d32d8b17,24,13,0.7940388042479753,25,8141,5102,5819,3649,1938,24,5041,3445,2904,1216,480
quality_4_6_compact_1,compact,ring,7,full,grid25,233,272cdee4b7de6b076bf2c98916098c3fd4635c67650d4d069cca7303d32d8b17,24,13,0.7885560090653598,25,7907,4978,5814,3660,1971,24,5041,3445,2904,1216,480
quality_4_6_compact_1,compact,ring,8,full,sherbrooke,211,3c376a60b5146648a4f678fe460523a354d3fc15ff47073d0a8f9be787c469fe,24,15,26.26381291123107,127,52404,31489,8644,10621,2432,24,5791,3967,3372,1398,554
quality_4_6_compact_1,compact,ring,8,full,sherbrooke,223,3c376a60b5146648a4f678fe460523a354d3fc15ff47073d0a8f9be787c469fe,24,15,28.625811606179923,127,51399,30724,8580,10729,2477,24,5791,3967,3372,1398,554
quality_4_6_compact_1,compact,ring,8,full,sherbrooke,227,3c376a60b5146648a4f678fe460523a354d3fc15ff47073d0a8f9be787c469fe,24,15,31.238510913215578,127,54265,32576,8954,11590,2616,24,5791,3967,3372,1398,554
quality_4_6_compact_1,compact,ring,8,full,sherbrooke,229,3c376a60b5146648a4f678fe460523a354d3fc15ff47073d0a8f9be787c469fe,24,15,29.93434900790453,127,53992,32431,8855,11351,2531,24,5791,3967,3372,1398,554
quality_4_6_compact_1,compact,ring,8,full,sherbrooke,233,3c376a60b5146648a4f678fe460523a354d3fc15ff47073d0a8f9be787c469fe,24,15,29.509688755031675,127,52652,31504,8728,11809,2634,24,5791,3967,3372,1398,554
quality_4_6_compact_1,compact,ring,8,full,line25,211,3c376a60b5146648a4f678fe460523a354d3fc15ff47073d0a8f9be787c469fe,24,15,1.101263685617596,25,14830,8872,9243,4003,2107,24,5791,3967,3372,1398,554
quality_4_6_compact_1,compact,ring,8,full,line25,223,3c376a60b5146648a4f678fe460523a354d3fc15ff47073d0a8f9be787c469fe,24,15,1.0869508599862456,25,15272,9114,8997,3799,1907,24,5791,3967,3372,1398,554
quality_4_6_compact_1,compact,ring,8,full,line25,227,3c376a60b5146648a4f678fe460523a354d3fc15ff47073d0a8f9be787c469fe,24,15,1.0901829190552235,25,15382,9176,8987,3769,1945,24,5791,3967,3372,1398,554
quality_4_6_compact_1,compact,ring,8,full,line25,229,3c376a60b5146648a4f678fe460523a354d3fc15ff47073d0a8f9be787c469fe,24,15,1.0908471969887614,25,15340,9155,9015,3933,2013,24,5791,3967,3372,1398,554
quality_4_6_compact_1,compact,ring,8,full,line25,233,3c376a60b5146648a4f678fe460523a354d3fc15ff47073d0a8f9be787c469fe,24,15,1.0933010140433908,25,15186,9069,9023,3909,2009,24,5791,3967,3372,1398,554
quality_4_6_compact_1,compact,ring,8,full,grid25,211,3c376a60b5146648a4f678fe460523a354d3fc15ff47073d0a8f9be787c469fe,24,15,0.874719656072557,25,9496,5954,6620,4347,2227,24,5791,3967,3372,1398,554
quality_4_6_compact_1,compact,ring,8,full,grid25,223,3c376a60b5146648a4f678fe460523a354d3fc15ff47073d0a8f9be787c469fe,24,15,0.8780460320413113,25,9602,6011,6722,4262,2285,24,5791,3967,3372,1398,554
quality_4_6_compact_1,compact,ring,8,full,grid25,227,3c376a60b5146648a4f678fe460523a354d3fc15ff47073d0a8f9be787c469fe,24,15,0.8790082079358399,25,9274,5839,6716,4082,2199,24,5791,3967,3372,1398,554
quality_4_6_compact_1,compact,ring,8,full,grid25,229,3c376a60b5146648a4f678fe460523a354d3fc15ff47073d0a8f9be787c469fe,24,15,0.8797899261116982,25,9638,6031,6666,4315,2156,24,5791,3967,3372,1398,554
quality_4_6_compact_1,compact,ring,8,full,grid25,233,3c376a60b5146648a4f678fe460523a354d3fc15ff47073d0a8f9be787c469fe,24,15,0.8794227167963982,25,9505,5964,6703,4263,2219,24,5791,3967,3372,1398,554
quality_4_6_compact_1,compact,ring,9,full,sherbrooke,211,fda0380b9a1c46e848fd6af1c86614b8eb5422b219d22a959d5521889aa6e624,24,17,35.95151883875951,127,58385,35046,9627,11735,2651,24,6541,4489,3840,1580,628
quality_4_6_compact_1,compact,ring,9,full,sherbrooke,223,fda0380b9a1c46e848fd6af1c86614b8eb5422b219d22a959d5521889aa6e624,24,17,37.20402105804533,127,59554,35447,10148,12445,2835,24,6541,4489,3840,1580,628
quality_4_6_compact_1,compact,ring,9,full,sherbrooke,227,fda0380b9a1c46e848fd6af1c86614b8eb5422b219d22a959d5521889aa6e624,24,17,40.57000877894461,127,60807,36514,9976,12867,2844,24,6541,4489,3840,1580,628
quality_4_6_compact_1,compact,ring,9,full,sherbrooke,229,fda0380b9a1c46e848fd6af1c86614b8eb5422b219d22a959d5521889aa6e624,24,17,35.39093430014327,127,59867,36014,9800,12372,2739,24,6541,4489,3840,1580,628
quality_4_6_compact_1,compact,ring,9,full,sherbrooke,233,fda0380b9a1c46e848fd6af1c86614b8eb5422b219d22a959d5521889aa6e624,24,17,37.912968726828694,127,59249,35354,9966,12114,2824,24,6541,4489,3840,1580,628
quality_4_6_compact_1,compact,ring,9,full,line25,211,fda0380b9a1c46e848fd6af1c86614b8eb5422b219d22a959d5521889aa6e624,24,17,1.3103736308403313,25,17397,10389,10504,4418,2274,24,6541,4489,3840,1580,628
quality_4_6_compact_1,compact,ring,9,full,line25,223,fda0380b9a1c46e848fd6af1c86614b8eb5422b219d22a959d5521889aa6e624,24,17,1.3108272831887007,25,17626,10503,10400,4609,2303,24,6541,4489,3840,1580,628
quality_4_6_compact_1,compact,ring,9,full,line25,227,fda0380b9a1c46e848fd6af1c86614b8eb5422b219d22a959d5521889aa6e624,24,17,1.3149065622128546,25,17070,10198,10414,4534,2299,24,6541,4489,3840,1580,628
quality_4_6_compact_1,compact,ring,9,full,line25,229,fda0380b9a1c46e848fd6af1c86614b8eb5422b219d22a959d5521889aa6e624,24,17,1.313892978709191,25,17743,10578,10314,4450,2307,24,6541,4489,3840,1580,628
quality_4_6_compact_1,compact,ring,9,full,line25,233,fda0380b9a1c46e848fd6af1c86614b8eb5422b219d22a959d5521889aa6e624,24,17,1.3175070961005986,25,17828,10626,10337,4378,2219,24,6541,4489,3840,1580,628
quality_4_6_compact_1,compact,ring,9,full,grid25,211,fda0380b9a1c46e848fd6af1c86614b8eb5422b219d22a959d5521889aa6e624,24,17,1.0582365011796355,25,10760,6748,7722,5079,2651,24,6541,4489,3840,1580,628
quality_4_6_compact_1,compact,ring,9,full,grid25,223,fda0380b9a1c46e848fd6af1c86614b8eb5422b219d22a959d5521889aa6e624,24,17,1.062940875068307,25,10574,6660,7752,4825,2471,24,6541,4489,3840,1580,628
quality_4_6_compact_1,compact,ring,9,full,grid25,227,fda0380b9a1c46e848fd6af1c86614b8eb5422b219d22a959d5521889aa6e624,24,17,1.0540684047155082,25,10498,6615,7737,5244,2692,24,6541,4489,3840,1580,628
quality_4_6_compact_1,compact,ring,9,full,grid25,229,fda0380b9a1c46e848fd6af1c86614b8eb5422b219d22a959d5521889aa6e624,24,17,1.0562148438766599,25,10757,6759,7640,4709,2536,24,6541,4489,3840,1580,628
quality_4_6_compact_1,compact,ring,9,full,grid25,233,fda0380b9a1c46e848fd6af1c86614b8eb5422b219d22a959d5521889aa6e624,24,17,1.0505561088211834,25,10654,6695,7661,4857,2503,24,6541,4489,3840,1580,628
quality_4_6_compact_1,compact,ring,10,full,sherbrooke,211,180088e9df9f13fab6a73ab046df3c095214a501a1c2d3d203b4d5b208b7491a,24,19,48.71840392192826,127,67293,40130,11307,14039,3204,24,7291,5011,4308,1762,702
quality_4_6_compact_1,compact,ring,10,full,sherbrooke,223,180088e9df9f13fab6a73ab046df3c095214a501a1c2d3d203b4d5b208b7491a,24,19,45.42388945072889,127,65892,39307,11108,13992,3241,24,7291,5011,4308,1762,702
quality_4_6_compact_1,compact,ring,10,full,sherbrooke,227,180088e9df9f13fab6a73ab046df3c095214a501a1c2d3d203b4d5b208b7491a,24,19,45.30377747816965,127,68791,41371,11175,15064,3303,24,7291,5011,4308,1762,702
quality_4_6_compact_1,compact,ring,10,full,sherbrooke,229,180088e9df9f13fab6a73ab046df3c095214a501a1c2d3d203b4d5b208b7491a,24,19,49.368052184116095,127,66047,39359,11259,14113,3342,24,7291,5011,4308,1762,702
quality_4_6_compact_1,compact,ring,10,full,sherbrooke,233,180088e9df9f13fab6a73ab046df3c095214a501a1c2d3d203b4d5b208b7491a,24,19,45.888702020049095,127,67665,40635,11244,13483,3079,24,7291,5011,4308,1762,702
quality_4_6_compact_1,compact,ring,10,full,line25,211,180088e9df9f13fab6a73ab046df3c095214a501a1c2d3d203b4d5b208b7491a,24,19,1.4786025788635015,25,20106,11974,11651,5030,2596,24,7291,5011,4308,1762,702
quality_4_6_compact_1,compact,ring,10,full,line25,223,180088e9df9f13fab6a73ab046df3c095214a501a1c2d3d203b4d5b208b7491a,24,19,1.4892418971285224,25,19775,11793,11747,5121,2641,24,7291,5011,4308,1762,702
quality_4_6_compact_1,compact,ring,10,full,line25,227,180088e9df9f13fab6a73ab046df3c095214a501a1c2d3d203b4d5b208b7491a,24,19,1.4814408491365612,25,19487,11638,11550,5026,2647,24,7291,5011,4308,1762,702
quality_4_6_compact_1,compact,ring,10,full,line25,229,180088e9df9f13fab6a73ab046df3c095214a501a1c2d3d203b4d5b208b7491a,24,19,1.4939280259422958,25,20188,12019,11641,5034,2558,24,7291,5011,4308,1762,702
quality_4_6_compact_1,compact,ring,10,full,line25,233,180088e9df9f13fab6a73ab046df3c095214a501a1c2d3d203b4d5b208b7491a,24,19,1.6167853060178459,25,19866,11833,11686,5082,2625,24,7291,5011,4308,1762,702
quality_4_6_compact_1,compact,ring,10,full,grid25,211,180088e9df9f13fab6a73ab046df3c095214a501a1c2d3d203b4d5b208b7491a,24,19,1.1885264180600643,25,12157,7626,8632,5369,2812,24,7291,5011,4308,1762,702
quality_4_6_compact_1,compact,ring,10,full,grid25,223,180088e9df9f13fab6a73ab046df3c095214a501a1c2d3d203b4d5b208b7491a,24,19,1.1804745779372752,25,11883,7472,8606,5426,2846,24,7291,5011,4308,1762,702
quality_4_6_compact_1,compact,ring,10,full,grid25,227,180088e9df9f13fab6a73ab046df3c095214a501a1c2d3d203b4d5b208b7491a,24,19,1.1861121538095176,25,12201,7650,8615,5581,2903,24,7291,5011,4308,1762,702
quality_4_6_compact_1,compact,ring,10,full,grid25,229,180088e9df9f13fab6a73ab046df3c095214a501a1c2d3d203b4d5b208b7491a,24,19,1.1833601463586092,25,12299,7707,8641,5432,2832,24,7291,5011,4308,1762,702
quality_4_6_compact_1,compact,ring,10,full,grid25,233,180088e9df9f13fab6a73ab046df3c095214a501a1c2d3d203b4d5b208b7491a,24,19,1.1856491947546601,25,12440,7786,8564,5480,2855,24,7291,5011,4308,1762,702
quality_4_6_compact_1,compact,ring,11,full,sherbrooke,211,c3b26996ff33d89895eaa9785b984c3ea61143997cb752956ec1986952dbf513,24,21,54.7559203277342,127,74328,44260,12628,15383,3563,24,8041,5533,4776,1944,776
quality_4_6_compact_1,compact,ring,11,full,sherbrooke,223,c3b26996ff33d89895eaa9785b984c3ea61143997cb752956ec1986952dbf513,24,21,56.33096128003672,127,74301,44476,12351,15710,3503,24,8041,5533,4776,1944,776
quality_4_6_compact_1,compact,ring,11,full,sherbrooke,227,c3b26996ff33d89895eaa9785b984c3ea61143997cb752956ec1986952dbf513,24,21,56.70431860908866,127,74445,44512,12422,14919,3392,24,8041,5533,4776,1944,776
quality_4_6_compact_1,compact,ring,11,full,sherbrooke,229,c3b26996ff33d89895eaa9785b984c3ea61143997cb752956ec1986952dbf513,24,21,56.285931166727096,127,75897,45480,12701,16168,3740,24,8041,5533,4776,1944,776
quality_4_6_compact_1,compact,ring,11,full,sherbrooke,233,c3b26996ff33d89895eaa9785b984c3ea61143997cb752956ec1986952dbf513,24,21,54.54477377701551,127,73888,44190,12471,15613,3618,24,8041,5533,4776,1944,776
quality_4_6_compact_1,compact,ring,11,full,line25,211,c3b26996ff33d89895eaa9785b984c3ea61143997cb752956ec1986952dbf513,24,21,1.5731550981290638,25,21627,12908,13169,5665,2904,24,8041,5533,4776,1944,776
quality_4_6_compact_1,compact,ring,11,full,line25,223,c3b26996ff33d89895eaa9785b984c3ea61143997cb752956ec1986952dbf513,24,21,1.5799228958785534,25,21146,12649,12915,5441,2893,24,8041,5533,4776,1944,776
quality_4_6_compact_1,compact,ring,11,full,line25,227,c3b26996ff33d89895eaa9785b984c3ea61143997cb752956ec1986952dbf513,24,21,1.575536630116403,25,21303,12736,12979,5487,2870,24,8041,5533,4776,1944,776
quality_4_6_compact_1,compact,ring,11,full,line25,229,c3b26996ff33d89895eaa9785b984c3ea61143997cb752956ec1986952dbf513,24,21,1.5790707161650062,25,21395,12788,13274,5579,3031,24,8041,5533,4776,1944,776
quality_4_6_compact_1,compact,ring,11,full,line25,233,c3b26996ff33d89895eaa9785b984c3ea61143997cb752956ec1986952dbf513,24,21,1.68576071690768,25,21705,12951,13194,5681,2900,24,8041,5533,4776,1944,776
quality_4_6_compact_1,compact,ring,11,full,grid25,211,c3b26996ff33d89895eaa9785b984c3ea61143997cb752956ec1986952dbf513,24,21,1.2718564542010427,25,13641,8538,9630,6278,3302,24,8041,5533,4776,1944,776
quality_4_6_compact_1,compact,ring,11,full,grid25,223,c3b26996ff33d89895eaa9785b984c3ea61143997cb752956ec1986952dbf513,24,21,1.2604726082645357,25,13586,8516,9547,6387,3288,24,8041,5533,4776,1944,776
quality_4_6_compact_1,compact,ring,11,full,grid25,227,c3b26996ff33d89895eaa9785b984c3ea61143997cb752956ec1986952dbf513,24,21,1.2561439787968993,25,13594,8517,9553,6105,3045,24,8041,5533,4776,1944,776
quality_4_6_compact_1,compact,ring,11,full,grid25,229,c3b26996ff33d89895eaa9785b984c3ea61143997cb752956ec1986952dbf513,24,21,1.25778669398278,25,13346,8384,9641,6117,3129,24,8041,5533,4776,1944,776
quality_4_6_compact_1,compact,ring,11,full,grid25,233,c3b26996ff33d89895eaa9785b984c3ea61143997cb752956ec1986952dbf513,24,21,1.2535159038379788,25,13468,8445,9559,5902,3139,24,8041,5533,4776,1944,776
quality_4_6_compact_1,compact,ring,12,full,sherbrooke,211,3248265715814c859ce1ddb549696f84f376d86ee74df944f2742223f7c4a037,24,23,68.89646303001791,127,82114,49235,13540,16634,3801,24,8791,6055,5244,2126,850
quality_4_6_compact_1,compact,ring,12,full,sherbrooke,223,3248265715814c859ce1ddb549696f84f376d86ee74df944f2742223f7c4a037,24,23,67.87852787785232,127,80872,48422,13589,16214,3732,24,8791,6055,5244,2126,850
quality_4_6_compact_1,compact,ring,12,full,sherbrooke,227,3248265715814c859ce1ddb549696f84f376d86ee74df944f2742223f7c4a037,24,23,76.52833263622597,127,82851,49414,13873,17607,3969,24,8791,6055,5244,2126,850
quality_4_6_compact_1,compact,ring,12,full,sherbrooke,229,3248265715814c859ce1ddb549696f84f376d86ee74df944f2742223f7c4a037,24,23,69.92712708795443,127,81931,48976,13618,16956,3817,24,8791,6055,5244,2126,850
quality_4_6_compact_1,compact,ring,12,full,sherbrooke,233,3248265715814c859ce1ddb549696f84f376d86ee74df944f2742223f7c4a037,24,23,75.58089764369652,127,82817,49337,14021,16489,3770,24,8791,6055,5244,2126,850
quality_4_6_compact_1,compact,ring,12,full,line25,211,3248265715814c859ce1ddb549696f84f376d86ee74df944f2742223f7c4a037,24,23,1.7680698153562844,25,23880,14252,14627,6363,3352,24,8791,6055,5244,2126,850
quality_4_6_compact_1,compact,ring,12,full,line25,223,3248265715814c859ce1ddb549696f84f376d86ee74df944f2742223f7c4a037,24,23,1.7476654988713562,25,23370,13969,14359,6145,3207,24,8791,6055,5244,2126,850
quality_4_6_compact_1,compact,ring,12,full,line25,227,3248265715814c859ce1ddb549696f84f376d86ee74df944f2742223f7c4a037,24,23,1.931513805873692,25,23498,14041,14552,6293,3207,24,8791,6055,5244,2126,850
quality_4_6_compact_1,compact,ring,12,full,line25,229,3248265715814c859ce1ddb549696f84f376d86ee74df944f2742223f7c4a037,24,23,1.7728843949735165,25,23712,14158,14479,6267,3232,24,8791,6055,5244,2126,850
quality_4_6_compact_1,compact,ring,12,full,line25,233,3248265715814c859ce1ddb549696f84f376d86ee74df944f2742223f7c4a037,24,23,1.7597594088874757,25,23616,14101,14356,6451,3338,24,8791,6055,5244,2126,850
quality_4_6_compact_1,compact,ring,12,full,grid25,211,3248265715814c859ce1ddb549696f84f376d86ee74df944f2742223f7c4a037,24,23,1.4140895567834377,25,14671,9207,10697,6758,3535,24,8791,6055,5244,2126,850
quality_4_6_compact_1,compact,ring,12,full,grid25,223,3248265715814c859ce1ddb549696f84f376d86ee74df944f2742223f7c4a037,24,23,1.4074529651552439,25,14232,8979,10653,6826,3562,24,8791,6055,5244,2126,850
quality_4_6_compact_1,compact,ring,12,full,grid25,227,3248265715814c859ce1ddb549696f84f376d86ee74df944f2742223f7c4a037,24,23,1.410016239155084,25,14322,9028,10546,6792,3538,24,8791,6055,5244,2126,850
quality_4_6_compact_1,compact,ring,12,full,grid25,229,3248265715814c859ce1ddb549696f84f376d86ee74df944f2742223f7c4a037,24,23,1.4070431757718325,25,14109,8914,10716,6749,3620,24,8791,6055,5244,2126,850
quality_4_6_compact_1,compact,ring,12,full,grid25,233,3248265715814c859ce1ddb549696f84f376d86ee74df944f2742223f7c4a037,24,23,1.4144076849333942,25,14427,9077,10608,6838,3543,24,8791,6055,5244,2126,850
quality_4_6_compact_2,compact,serial,3,full,sherbrooke,211,ab2d7d3de76d9b9e47a936e01753355c23787030480581bc5fb2be43f0ff9060,19,5,2.8155721691437066,127,14903,8715,2698,6988,1665,19,1359,1057,905,1110,634
quality_4_6_compact_2,compact,serial,3,full,sherbrooke,223,ab2d7d3de76d9b9e47a936e01753355c23787030480581bc5fb2be43f0ff9060,19,5,2.7262590499594808,127,15642,9202,2732,7159,1675,19,1359,1057,905,1110,634
quality_4_6_compact_2,compact,serial,3,full,sherbrooke,227,ab2d7d3de76d9b9e47a936e01753355c23787030480581bc5fb2be43f0ff9060,19,5,2.7987061799503863,127,14806,8626,2647,7235,1694,19,1359,1057,905,1110,634
quality_4_6_compact_2,compact,serial,3,full,sherbrooke,229,ab2d7d3de76d9b9e47a936e01753355c23787030480581bc5fb2be43f0ff9060,19,5,2.7492658118717372,127,15449,9018,2792,7503,1787,19,1359,1057,905,1110,634
quality_4_6_compact_2,compact,serial,3,full,sherbrooke,233,ab2d7d3de76d9b9e47a936e01753355c23787030480581bc5fb2be43f0ff9060,19,5,2.568245954811573,127,15272,8976,2647,7209,1671,19,1359,1057,905,1110,634
quality_4_6_compact_2,compact,serial,3,full,line25,211,ab2d7d3de76d9b9e47a936e01753355c23787030480581bc5fb2be43f0ff9060,19,5,0.2936511137522757,25,2190,1504,3095,2633,1805,19,1359,1057,905,1110,634
quality_4_6_compact_2,compact,serial,3,full,line25,223,ab2d7d3de76d9b9e47a936e01753355c23787030480581bc5fb2be43f0ff9060,19,5,0.21368668833747506,25,2201,1517,3141,2674,1823,19,1359,1057,905,1110,634
quality_4_6_compact_2,compact,serial,3,full,line25,227,ab2d7d3de76d9b9e47a936e01753355c23787030480581bc5fb2be43f0ff9060,19,5,0.23587755812332034,25,2288,1554,3017,2643,1770,19,1359,1057,905,1110,634
quality_4_6_compact_2,compact,serial,3,full,line25,229,ab2d7d3de76d9b9e47a936e01753355c23787030480581bc5fb2be43f0ff9060,19,5,0.2142505068331957,25,2142,1483,3038,2578,1764,19,1359,1057,905,1110,634
quality_4_6_compact_2,compact,serial,3,full,line25,233,ab2d7d3de76d9b9e47a936e01753355c23787030480581bc5fb2be43f0ff9060,19,5,0.21237190859392285,25,2163,1495,3117,2629,1791,19,1359,1057,905,1110,634
quality_4_6_compact_2,compact,serial,3,full,grid25,211,ab2d7d3de76d9b9e47a936e01753355c23787030480581bc5fb2be43f0ff9060,19,5,0.1832195669412613,25,2035,1418,1919,2022,1204,19,1359,1057,905,1110,634
quality_4_6_compact_2,compact,serial,3,full,grid25,223,ab2d7d3de76d9b9e47a936e01753355c23787030480581bc5fb2be43f0ff9060,19,5,0.18229332799091935,25,1825,1311,1956,2031,1278,19,1359,1057,905,1110,634
quality_4_6_compact_2,compact,serial,3,full,grid25,227,ab2d7d3de76d9b9e47a936e01753355c23787030480581bc5fb2be43f0ff9060,19,5,0.2051250208169222,25,1832,1315,1997,2045,1313,19,1359,1057,905,1110,634
quality_4_6_compact_2,compact,serial,3,full,grid25,229,ab2d7d3de76d9b9e47a936e01753355c23787030480581bc5fb2be43f0ff9060,19,5,0.20359358470886946,25,1918,1349,1962,2029,1301,19,1359,1057,905,1110,634
quality_4_6_compact_2,compact,serial,3,full,grid25,233,ab2d7d3de76d9b9e47a936e01753355c23787030480581bc5fb2be43f0ff9060,19,5,0.20221053808927536,25,1939,1366,2003,2130,1291,19,1359,1057,905,1110,634
quality_4_6_compact_2,compact,complete,1,full,sherbrooke,211,aae165753d937b992a7708901704bdf8cdd0216fb08ce8d78bf3615d69d69abe,24,1,0.23575858399271965,127,2423,1485,324,664,117,24,1081,637,240,147,36
quality_4_6_compact_2,compact,complete,1,full,sherbrooke,223,aae165753d937b992a7708901704bdf8cdd0216fb08ce8d78bf3615d69d69abe,24,1,0.06045762589201331,127,2547,1557,328,394,68,24,1081,637,240,147,36
quality_4_6_compact_2,compact,complete,1,full,sherbrooke,227,aae165753d937b992a7708901704bdf8cdd0216fb08ce8d78bf3615d69d69abe,24,1,0.06465473817661405,127,2467,1516,314,391,67,24,1081,637,240,147,36
quality_4_6_compact_2,compact,complete,1,full,sherbrooke,229,aae165753d937b992a7708901704bdf8cdd0216fb08ce8d78bf3615d69d69abe,24,1,0.07952380925416946,127,2512,1529,320,416,70,24,1081,637,240,147,36
quality_4_6_compact_2,compact,complete,1,full,sherbrooke,233,aae165753d937b992a7708901704bdf8cdd0216fb08ce8d78bf3615d69d69abe,24,1,0.07812512200325727,127,2374,1461,311,374,59,24,1081,637,240,147,36
quality_4_6_compact_2,compact,complete,1,full,line25,211,aae165753d937b992a7708901704bdf8cdd0216fb08ce8d78bf3615d69d69abe,24,1,0.042671648785471916,25,1501,861,300,185,47,24,1081,637,240,147,36
quality_4_6_compact_2,compact,complete,1,full,line25,223,aae165753d937b992a7708901704bdf8cdd0216fb08ce8d78bf3615d69d69abe,24,1,0.04037030693143606,25,1491,856,306,188,52,24,1081,637,240,147,36
quality_4_6_compact_2,compact,complete,1,full,line25,227,aae165753d937b992a7708901704bdf8cdd0216fb08ce8d78bf3615d69d69abe,24,1,0.04267560597509146,25,1440,828,324,205,58,24,1081,637,240,147,36
quality_4_6_compact_2,compact,complete,1,full,line25,229,aae165753d937b992a7708901704bdf8cdd0216fb08ce8d78bf3615d69d69abe,24,1,0.040392108261585236,25,1481,851,312,188,52,24,1081,637,240,147,36
quality_4_6_compact_2,compact,complete,1,full,line25,233,aae165753d937b992a7708901704bdf8cdd0216fb08ce8d78bf3615d69d69abe,24,1,0.040373532101511955,25,1463,840,318,198,55,24,1081,637,240,147,36
quality_4_6_compact_2,compact,complete,1,full,grid25,211,aae165753d937b992a7708901704bdf8cdd0216fb08ce8d78bf3615d69d69abe,24,1,0.040914880111813545,25,1261,726,293,207,60,24,1081,637,240,147,36
quality_4_6_compact_2,compact,complete,1,full,grid25,223,aae165753d937b992a7708901704bdf8cdd0216fb08ce8d78bf3615d69d69abe,24,1,0.0398273766040802,25,1274,734,297,217,63,24,1081,637,240,147,36
quality_4_6_compact_2,compact,complete,1,full,grid25,227,aae165753d937b992a7708901704bdf8cdd0216fb08ce8d78bf3615d69d69abe,24,1,0.03943163389340043,25,1261,723,297,206,60,24,1081,637,240,147,36
quality_4_6_compact_2,compact,complete,1,full,grid25,229,aae165753d937b992a7708901704bdf8cdd0216fb08ce8d78bf3615d69d69abe,24,1,0.039632029831409454,25,1245,716,298,229,64,24,1081,637,240,147,36
quality_4_6_compact_2,compact,complete,1,full,grid25,233,aae165753d937b992a7708901704bdf8cdd0216fb08ce8d78bf3615d69d69abe,24,1,0.039569984190166,25,1276,734,301,212,63,24,1081,637,240,147,36
quality_4_6_compact_2,compact,complete,2,full,sherbrooke,211,499891369e6bf7c7e7074c18378065d23d1083e3feed51ff0924346147242175,24,3,1.2672923230566084,127,10149,6187,1496,1766,369,24,2371,1483,852,361,116
quality_4_6_compact_2,compact,complete,2,full,sherbrooke,223,499891369e6bf7c7e7074c18378065d23d1083e3feed51ff0924346147242175,24,3,1.1295427489094436,127,10705,6510,1554,1740,373,24,2371,1483,852,361,116
quality_4_6_compact_2,compact,complete,2,full,sherbrooke,227,499891369e6bf7c7e7074c18378065d23d1083e3feed51ff0924346147242175,24,3,1.2644041799940169,127,10575,6380,1664,1998,457,24,2371,1483,852,361,116
quality_4_6_compact_2,compact,complete,2,full,sherbrooke,229,499891369e6bf7c7e7074c18378065d23d1083e3feed51ff0924346147242175,24,3,1.1064446461386979,127,10705,6476,1666,2140,471,24,2371,1483,852,361,116
quality_4_6_compact_2,compact,complete,2,full,sherbrooke,233,499891369e6bf7c7e7074c18378065d23d1083e3feed51ff0924346147242175,24,3,1.068753831088543,127,10404,6320,1535,1559,325,24,2371,1483,852,361,116
quality_4_6_compact_2,compact,complete,2,full,line25,211,499891369e6bf7c7e7074c18378065d23d1083e3feed51ff0924346147242175,24,3,0.20879065385088325,25,4768,2769,1511,771,296,24,2371,1483,852,361,116
quality_4_6_compact_2,compact,complete,2,full,line25,223,499891369e6bf7c7e7074c18378065d23d1083e3feed51ff0924346147242175,24,3,0.2081491998396814,25,4735,2749,1544,752,287,24,2371,1483,852,361,116
quality_4_6_compact_2,compact,complete,2,full,line25,227,499891369e6bf7c7e7074c18378065d23d1083e3feed51ff0924346147242175,24,3,0.2077284986153245,25,4764,2761,1531,775,312,24,2371,1483,852,361,116
quality_4_6_compact_2,compact,complete,2,full,line25,229,499891369e6bf7c7e7074c18378065d23d1083e3feed51ff0924346147242175,24,3,0.21350031811743975,25,4567,2655,1556,834,320,24,2371,1483,852,361,116
quality_4_6_compact_2,compact,complete,2,full,line25,233,499891369e6bf7c7e7074c18378065d23d1083e3feed51ff0924346147242175,24,3,0.2092040996067226,25,4811,2797,1493,750,293,24,2371,1483,852,361,116
quality_4_6_compact_2,compact,complete,2,full,grid25,211,499891369e6bf7c7e7074c18378065d23d1083e3feed51ff0924346147242175,24,3,0.19654793478548527,25,3249,1936,1371,1022,415,24,2371,1483,852,361,116
quality_4_6_compact_2,compact,complete,2,full,grid25,223,499891369e6bf7c7e7074c18378065d23d1083e3feed51ff0924346147242175,24,3,0.20006946800276637,25,3356,1998,1375,874,362,24,2371,1483,852,361,116
quality_4_6_compact_2,compact,complete,2,full,grid25,227,499891369e6bf7c7e7074c18378065d23d1083e3feed51ff0924346147242175,24,3,0.19995067501440644,25,3371,2004,1360,872,363,24,2371,1483,852,361,116
quality_4_6_compact_2,compact,complete,2,full,grid25,229,499891369e6bf7c7e7074c18378065d23d1083e3feed51ff0924346147242175,24,3,0.20121152186766267,25,3317,1974,1351,863,380,24,2371,1483,852,361,116
quality_4_6_compact_2,compact,complete,2,full,grid25,233,499891369e6bf7c7e7074c18378065d23d1083e3feed51ff0924346147242175,24,3,0.19887801026925445,25,3243,1931,1332,952,387,24,2371,1483,852,361,116
quality_4_6_compact_2,compact,complete,3,full,sherbrooke,211,aea41704f824242b2ae469f494ccf920fb96ef6ad67ac81fd9f070fbd0c4dbe9,24,5,4.033603242132813,127,19391,11643,3110,3956,876,24,3661,2329,1464,557,184
quality_4_6_compact_2,compact,complete,3,full,sherbrooke,223,aea41704f824242b2ae469f494ccf920fb96ef6ad67ac81fd9f070fbd0c4dbe9,24,5,3.826689872890711,127,20144,12089,3156,4017,871,24,3661,2329,1464,557,184
quality_4_6_compact_2,compact,complete,3,full,sherbrooke,227,aea41704f824242b2ae469f494ccf920fb96ef6ad67ac81fd9f070fbd0c4dbe9,24,5,4.0675475830212235,127,19256,11644,2941,3741,749,24,3661,2329,1464,557,184
quality_4_6_compact_2,compact,complete,3,full,sherbrooke,229,aea41704f824242b2ae469f494ccf920fb96ef6ad67ac81fd9f070fbd0c4dbe9,24,5,4.06964423879981,127,19122,11531,3015,3609,768,24,3661,2329,1464,557,184
quality_4_6_compact_2,compact,complete,3,full,sherbrooke,233,aea41704f824242b2ae469f494ccf920fb96ef6ad67ac81fd9f070fbd0c4dbe9,24,5,4.108240634202957,127,19320,11659,3031,3503,795,24,3661,2329,1464,557,184
quality_4_6_compact_2,compact,complete,3,full,line25,211,aea41704f824242b2ae469f494ccf920fb96ef6ad67ac81fd9f070fbd0c4dbe9,24,5,0.3759849388152361,25,8067,4697,2850,1384,595,24,3661,2329,1464,557,184
quality_4_6_compact_2,compact,complete,3,full,line25,223,aea41704f824242b2ae469f494ccf920fb96ef6ad67ac81fd9f070fbd0c4dbe9,24,5,0.36616415809839964,25,7948,4635,2811,1326,582,24,3661,2329,1464,557,184
quality_4_6_compact_2,compact,complete,3,full,line25,227,aea41704f824242b2ae469f494ccf920fb96ef6ad67ac81fd9f070fbd0c4dbe9,24,5,0.3668100810609758,25,7913,4617,2833,1234,539,24,3661,2329,1464,557,184
quality_4_6_compact_2,compact,complete,3,full,line25,229,aea41704f824242b2ae469f494ccf920fb96ef6ad67ac81fd9f070fbd0c4dbe9,24,5,0.3630801569670439,25,8114,4722,2791,1238,515,24,3661,2329,1464,557,184
quality_4_6_compact_2,compact,complete,3,full,line25,233,aea41704f824242b2ae469f494ccf920fb96ef6ad67ac81fd9f070fbd0c4dbe9,24,5,0.3651924431324005,25,8170,4756,2833,1341,578,24,3661,2329,1464,557,184
quality_4_6_compact_2,compact,complete,3,full,grid25,211,aea41704f824242b2ae469f494ccf920fb96ef6ad67ac81fd9f070fbd0c4dbe9,24,5,0.348285935819149,25,5283,3175,2508,1853,824,24,3661,2329,1464,557,184
quality_4_6_compact_2,compact,complete,3,full,grid25,223,aea41704f824242b2ae469f494ccf920fb96ef6ad67ac81fd9f070fbd0c4dbe9,24,5,0.34497564006596804,25,5172,3112,2487,1691,726,24,3661,2329,1464,557,184
quality_4_6_compact_2,compact,complete,3,full,grid25,227,aea41704f824242b2ae469f494ccf920fb96ef6ad67ac81fd9f070fbd0c4dbe9,24,5,0.3478487846441567,25,5195,3122,2546,1778,788,24,3661,2329,1464,557,184
quality_4_6_compact_2,compact,complete,3,full,grid25,229,aea41704f824242b2ae469f494ccf920fb96ef6ad67ac81fd9f070fbd0c4dbe9,24,5,0.3488186472095549,25,5375,3217,2506,1697,736,24,3661,2329,1464,557,184
quality_4_6_compact_2,compact,complete,3,full,grid25,233,aea41704f824242b2ae469f494ccf920fb96ef6ad67ac81fd9f070fbd0c4dbe9,24,5,0.34892483707517385,25,5160,3099,2531,1719,782,24,3661,2329,1464,557,184
quality_4_6_compact_2,compact,complete,4,full,sherbrooke,211,528e83d98a70aa9f2b3521c8cf2885f7f418d5bb13853ef39df5a4cefa2f0307,24,7,7.505978017114103,127,28142,16929,4404,5579,1201,24,4951,3175,2076,753,252
quality_4_6_compact_2,compact,complete,4,full,sherbrooke,223,528e83d98a70aa9f2b3521c8cf2885f7f418d5bb13853ef39df5a4cefa2f0307,24,7,7.36847157869488,127,27623,16623,4416,5415,1173,24,4951,3175,2076,753,252
quality_4_6_compact_2,compact,complete,4,full,sherbrooke,227,528e83d98a70aa9f2b3521c8cf2885f7f418d5bb13853ef39df5a4cefa2f0307,24,7,7.4031545161269605,127,27531,16605,4353,5624,1230,24,4951,3175,2076,753,252
quality_4_6_compact_2,compact,complete,4,full,sherbrooke,229,528e83d98a70aa9f2b3521c8cf2885f7f418d5bb13853ef39df5a4cefa2f0307,24,7,7.116015600971878,127,27697,16713,4395,5509,1218,24,4951,3175,2076,753,252
quality_4_6_compact_2,compact,complete,4,full,sherbrooke,233,528e83d98a70aa9f2b3521c8cf2885f7f418d5bb13853ef39df5a4cefa2f0307,24,7,7.4155716127716005,127,28055,16944,4358,5293,1193,24,4951,3175,2076,753,252
quality_4_6_compact_2,compact,complete,4,full,line25,211,528e83d98a70aa9f2b3521c8cf2885f7f418d5bb13853ef39df5a4cefa2f0307,24,7,0.5589840719476342,25,11447,6673,4106,1978,897,24,4951,3175,2076,753,252
quality_4_6_compact_2,compact,complete,4,full,line25,223,528e83d98a70aa9f2b3521c8cf2885f7f418d5bb13853ef39df5a4cefa2f0307,24,7,0.549174752086401,25,11368,6640,4122,1862,829,24,4951,3175,2076,753,252
quality_4_6_compact_2,compact,complete,4,full,line25,227,528e83d98a70aa9f2b3521c8cf2885f7f418d5bb13853ef39df5a4cefa2f0307,24,7,0.5444961972534657,25,11270,6587,4084,1821,818,24,4951,3175,2076,753,252
quality_4_6_compact_2,compact,complete,4,full,line25,229,528e83d98a70aa9f2b3521c8cf2885f7f418d5bb13853ef39df5a4cefa2f0307,24,7,0.5527679901570082,25,11342,6623,4120,1891,848,24,4951,3175,2076,753,252
quality_4_6_compact_2,compact,complete,4,full,line25,233,528e83d98a70aa9f2b3521c8cf2885f7f418d5bb13853ef39df5a4cefa2f0307,24,7,0.546376989223063,25,11516,6717,4134,1933,846,24,4951,3175,2076,753,252
quality_4_6_compact_2,compact,complete,4,full,grid25,211,528e83d98a70aa9f2b3521c8cf2885f7f418d5bb13853ef39df5a4cefa2f0307,24,7,0.5204532402567565,25,7394,4451,3562,2433,1014,24,4951,3175,2076,753,252
quality_4_6_compact_2,compact,complete,4,full,grid25,223,528e83d98a70aa9f2b3521c8cf2885f7f418d5bb13853ef39df5a4cefa2f0307,24,7,0.5227936338633299,25,7246,4368,3645,2606,1070,24,4951,3175,2076,753,252
quality_4_6_compact_2,compact,complete,4,full,grid25,227,528e83d98a70aa9f2b3521c8cf2885f7f418d5bb13853ef39df5a4cefa2f0307,24,7,0.5258532804436982,25,7375,4444,3629,2419,1077,24,4951,3175,2076,753,252
quality_4_6_compact_2,compact,complete,4,full,grid25,229,528e83d98a70aa9f2b3521c8cf2885f7f418d5bb13853ef39df5a4cefa2f0307,24,7,0.5277313971891999,25,7414,4460,3576,2141,1021,24,4951,3175,2076,753,252
quality_4_6_compact_2,compact,complete,4,full,grid25,233,528e83d98a70aa9f2b3521c8cf2885f7f418d5bb13853ef39df5a4cefa2f0307,24,7,0.5176242082379758,25,7219,4353,3624,2249,1010,24,4951,3175,2076,753,252
quality_4_6_compact_2,compact,complete,5,full,sherbrooke,211,66bff8a8760549467cf242ef6cf2402db269b1e2155fe2b4109885f09670e689,24,9,13.864998913835734,127,36823,22096,5916,6660,1471,24,6241,4021,2688,949,320
quality_4_6_compact_2,compact,complete,5,full,sherbrooke,223,66bff8a8760549467cf242ef6cf2402db269b1e2155fe2b4109885f09670e689,24,9,12.707268825732172,127,35781,21559,5649,7157,1548,24,6241,4021,2688,949,320
quality_4_6_compact_2,compact,complete,5,full,sherbrooke,227,66bff8a8760549467cf242ef6cf2402db269b1e2155fe2b4109885f09670e689,24,9,13.067738690879196,127,37173,22423,5832,7491,1637,24,6241,4021,2688,949,320
quality_4_6_compact_2,compact,complete,5,full,sherbrooke,229,66bff8a8760549467cf242ef6cf2402db269b1e2155fe2b4109885f09670e689,24,9,12.478694572113454,127,36919,22287,5844,7378,1591,24,6241,4021,2688,949,320
quality_4_6_compact_2,compact,complete,5,full,sherbrooke,233,66bff8a8760549467cf242ef6cf2402db269b1e2155fe2b4109885f09670e689,24,9,12.37710999790579,127,36067,21790,5740,6870,1531,24,6241,4021,2688,949,320
quality_4_6_compact_2,compact,complete,5,full,line25,211,66bff8a8760549467cf242ef6cf2402db269b1e2155fe2b4109885f09670e689,24,9,0.716943406034261,25,14771,8627,5420,2382,1125,24,6241,4021,2688,949,320
quality_4_6_compact_2,compact,complete,5,full,line25,223,66bff8a8760549467cf242ef6cf2402db269b1e2155fe2b4109885f09670e689,24,9,0.7121823262423277,25,14905,8713,5395,2326,1047,24,6241,4021,2688,949,320
quality_4_6_compact_2,compact,complete,5,full,line25,227,66bff8a8760549467cf242ef6cf2402db269b1e2155fe2b4109885f09670e689,24,9,0.7063421788625419,25,15078,8801,5361,2354,1087,24,6241,4021,2688,949,320
quality_4_6_compact_2,compact,complete,5,full,line25,229,66bff8a8760549467cf242ef6cf2402db269b1e2155fe2b4109885f09670e689,24,9,0.7121745413169265,25,14874,8690,5424,2534,1116,24,6241,4021,2688,949,320
quality_4_6_compact_2,compact,complete,5,full,line25,233,66bff8a8760549467cf242ef6cf2402db269b1e2155fe2b4109885f09670e689,24,9,0.7092409119941294,25,14803,8650,5331,2371,1099,24,6241,4021,2688,949,320
quality_4_6_compact_2,compact,complete,5,full,grid25,211,66bff8a8760549467cf242ef6cf2402db269b1e2155fe2b4109885f09670e689,24,9,0.6740145641379058,25,9223,5576,4808,3432,1512,24,6241,4021,2688,949,320
quality_4_6_compact_2,compact,complete,5,full,grid25,223,66bff8a8760549467cf242ef6cf2402db269b1e2155fe2b4109885f09670e689,24,9,0.6763892839662731,25,9460,5703,4701,3436,1485,24,6241,4021,2688,949,320
quality_4_6_compact_2,compact,complete,5,full,grid25,227,66bff8a8760549467cf242ef6cf2402db269b1e2155fe2b4109885f09670e689,24,9,0.6766922129318118,25,9006,5462,4860,3150,1430,24,6241,4021,2688,949,320
quality_4_6_compact_2,compact,complete,5,full,grid25,229,66bff8a8760549467cf242ef6cf2402db269b1e2155fe2b4109885f09670e689,24,9,0.6705103046260774,25,9007,5466,4821,3415,1563,24,6241,4021,2688,949,320
quality_4_6_compact_2,compact,complete,5,full,grid25,233,66bff8a8760549467cf242ef6cf2402db269b1e2155fe2b4109885f09670e689,24,9,0.6698272321373224,25,9233,5596,4765,3251,1384,24,6241,4021,2688,949,320
quality_4_6_compact_2,compact,complete,6,full,sherbrooke,211,f65a9810ecb8b41b7308df88fa8fdce29580d44f291d2c40c8e8ac0cbe6341be,24,11,20.085718933027238,127,45973,27573,7432,8636,1945,24,7531,4867,3300,1145,388
quality_4_6_compact_2,compact,complete,6,full,sherbrooke,223,f65a9810ecb8b41b7308df88fa8fdce29580d44f291d2c40c8e8ac0cbe6341be,24,11,19.787158709950745,127,45141,27136,7204,8746,1950,24,7531,4867,3300,1145,388
quality_4_6_compact_2,compact,complete,6,full,sherbrooke,227,f65a9810ecb8b41b7308df88fa8fdce29580d44f291d2c40c8e8ac0cbe6341be,24,11,21.483649455942214,127,44275,26622,7138,8996,2025,24,7531,4867,3300,1145,388
quality_4_6_compact_2,compact,complete,6,full,sherbrooke,229,f65a9810ecb8b41b7308df88fa8fdce29580d44f291d2c40c8e8ac0cbe6341be,24,11,19.20522706815973,127,44234,26676,6925,8772,1910,24,7531,4867,3300,1145,388
quality_4_6_compact_2,compact,complete,6,full,sherbrooke,233,f65a9810ecb8b41b7308df88fa8fdce29580d44f291d2c40c8e8ac0cbe6341be,24,11,21.948284021113068,127,45966,27706,7254,9020,1970,24,7531,4867,3300,1145,388
quality_4_6_compact_2,compact,complete,6,full,line25,211,f65a9810ecb8b41b7308df88fa8fdce29580d44f291d2c40c8e8ac0cbe6341be,24,11,0.9000405729748309,25,17769,10398,6798,2906,1379,24,7531,4867,3300,1145,388
quality_4_6_compact_2,compact,complete,6,full,line25,223,f65a9810ecb8b41b7308df88fa8fdce29580d44f291d2c40c8e8ac0cbe6341be,24,11,0.8866852540522814,25,17906,10469,6778,3028,1345,24,7531,4867,3300,1145,388
quality_4_6_compact_2,compact,complete,6,full,line25,227,f65a9810ecb8b41b7308df88fa8fdce29580d44f291d2c40c8e8ac0cbe6341be,24,11,0.8942016591317952,25,18293,10676,6632,3022,1345,24,7531,4867,3300,1145,388
quality_4_6_compact_2,compact,complete,6,full,line25,229,f65a9810ecb8b41b7308df88fa8fdce29580d44f291d2c40c8e8ac0cbe6341be,24,11,0.8915243819355965,25,17815,10417,6724,2914,1320,24,7531,4867,3300,1145,388
quality_4_6_compact_2,compact,complete,6,full,line25,233,f65a9810ecb8b41b7308df88fa8fdce29580d44f291d2c40c8e8ac0cbe6341be,24,11,0.8910386702045798,25,17863,10450,6712,2886,1286,24,7531,4867,3300,1145,388
quality_4_6_compact_2,compact,complete,6,full,grid25,211,f65a9810ecb8b41b7308df88fa8fdce29580d44f291d2c40c8e8ac0cbe6341be,24,11,0.8417787700891495,25,11576,6991,5849,3791,1703,24,7531,4867,3300,1145,388
quality_4_6_compact_2,compact,complete,6,full,grid25,223,f65a9810ecb8b41b7308df88fa8fdce29580d44f291d2c40c8e8ac0cbe6341be,24,11,0.8400733382441103,25,11191,6784,5951,3711,1708,24,7531,4867,3300,1145,388
quality_4_6_compact_2,compact,complete,6,full,grid25,227,f65a9810ecb8b41b7308df88fa8fdce29580d44f291d2c40c8e8ac0cbe6341be,24,11,0.841819697059691,25,11555,6991,5899,4026,1757,24,7531,4867,3300,1145,388
quality_4_6_compact_2,compact,complete,6,full,grid25,229,f65a9810ecb8b41b7308df88fa8fdce29580d44f291d2c40c8e8ac0cbe6341be,24,11,0.8369233733974397,25,11123,6741,5960,3978,1778,24,7531,4867,3300,1145,388
quality_4_6_compact_2,compact,complete,6,full,grid25,233,f65a9810ecb8b41b7308df88fa8fdce29580d44f291d2c40c8e8ac0cbe6341be,24,11,0.8407783508300781,25,11001,6677,5982,3654,1664,24,7531,4867,3300,1145,388
quality_4_6_compact_2,compact,complete,7,full,sherbrooke,211,fad2597a7f673f9fb9195279d6b49a5b2dc081a0d030406c540e47e1ebf0cbca,24,13,27.786256099119782,127,55208,33226,8686,11239,2495,24,8821,5713,3912,1341,456
quality_4_6_compact_2,compact,complete,7,full,sherbrooke,223,fad2597a7f673f9fb9195279d6b49a5b2dc081a0d030406c540e47e1ebf0cbca,24,13,28.51189329987392,127,53625,32209,8585,10568,2334,24,8821,5713,3912,1341,456
quality_4_6_compact_2,compact,complete,7,full,sherbrooke,227,fad2597a7f673f9fb9195279d6b49a5b2dc081a0d030406c540e47e1ebf0cbca,24,13,28.71507770800963,127,54095,32471,8741,10402,2279,24,8821,5713,3912,1341,456
quality_4_6_compact_2,compact,complete,7,full,sherbrooke,229,fad2597a7f673f9fb9195279d6b49a5b2dc081a0d030406c540e47e1ebf0cbca,24,13,28.993175094015896,127,54520,32819,8621,11091,2467,24,8821,5713,3912,1341,456
quality_4_6_compact_2,compact,complete,7,full,sherbrooke,233,fad2597a7f673f9fb9195279d6b49a5b2dc081a0d030406c540e47e1ebf0cbca,24,13,28.23315466940403,127,56435,34111,8842,11473,2433,24,8821,5713,3912,1341,456
quality_4_6_compact_2,compact,complete,7,full,line25,211,fad2597a7f673f9fb9195279d6b49a5b2dc081a0d030406c540e47e1ebf0cbca,24,13,1.0980612933635712,25,21061,12325,8111,3501,1605,24,8821,5713,3912,1341,456
quality_4_6_compact_2,compact,complete,7,full,line25,223,fad2597a7f673f9fb9195279d6b49a5b2dc081a0d030406c540e47e1ebf0cbca,24,13,1.0828305431641638,25,20608,12074,8067,3411,1608,24,8821,5713,3912,1341,456
quality_4_6_compact_2,compact,complete,7,full,line25,227,fad2597a7f673f9fb9195279d6b49a5b2dc081a0d030406c540e47e1ebf0cbca,24,13,1.0882872501388192,25,21189,12394,8054,3354,1554,24,8821,5713,3912,1341,456
quality_4_6_compact_2,compact,complete,7,full,line25,229,fad2597a7f673f9fb9195279d6b49a5b2dc081a0d030406c540e47e1ebf0cbca,24,13,1.0900346310809255,25,20981,12282,8094,3461,1611,24,8821,5713,3912,1341,456
quality_4_6_compact_2,compact,complete,7,full,line25,233,fad2597a7f673f9fb9195279d6b49a5b2dc081a0d030406c540e47e1ebf0cbca,24,13,1.0888358699157834,25,21180,12386,8104,3507,1586,24,8821,5713,3912,1341,456
quality_4_6_compact_2,compact,complete,7,full,grid25,211,fad2597a7f673f9fb9195279d6b49a5b2dc081a0d030406c540e47e1ebf0cbca,24,13,1.032491928897798,25,13098,7957,7087,4965,2238,24,8821,5713,3912,1341,456
quality_4_6_compact_2,compact,complete,7,full,grid25,223,fad2597a7f673f9fb9195279d6b49a5b2dc081a0d030406c540e47e1ebf0cbca,24,13,1.0323913898319006,25,13533,8188,7084,4712,2091,24,8821,5713,3912,1341,456
quality_4_6_compact_2,compact,complete,7,full,grid25,227,fad2597a7f673f9fb9195279d6b49a5b2dc081a0d030406c540e47e1ebf0cbca,24,13,1.0298555782064795,25,13192,7989,7140,5220,2327,24,8821,5713,3912,1341,456
quality_4_6_compact_2,compact,complete,7,full,grid25,229,fad2597a7f673f9fb9195279d6b49a5b2dc081a0d030406c540e47e1ebf0cbca,24,13,1.025989708956331,25,13854,8368,7034,4619,1996,24,8821,5713,3912,1341,456
quality_4_6_compact_2,compact,complete,7,full,grid25,233,fad2597a7f673f9fb9195279d6b49a5b2dc081a0d030406c540e47e1ebf0cbca,24,13,1.1269175903871655,25,12966,7861,7093,4809,2104,24,8821,5713,3912,1341,456
quality_4_6_compact_2,compact,complete,8,full,sherbrooke,211,4d318bcc0b069a78efb7bab191de6dacc36215640ead3b6d3cea9413bc40846b,24,15,38.23257458489388,127,63762,38319,10250,12302,2674,24,10111,6559,4524,1537,524
quality_4_6_compact_2,compact,complete,8,full,sherbrooke,223,4d318bcc0b069a78efb7bab191de6dacc36215640ead3b6d3cea9413bc40846b,24,15,38.33203438902274,127,63730,38282,10222,12749,2783,24,10111,6559,4524,1537,524
quality_4_6_compact_2,compact,complete,8,full,sherbrooke,227,4d318bcc0b069a78efb7bab191de6dacc36215640ead3b6d3cea9413bc40846b,24,15,39.66972682904452,127,62976,37882,10088,12069,2648,24,10111,6559,4524,1537,524
quality_4_6_compact_2,compact,complete,8,full,sherbrooke,229,4d318bcc0b069a78efb7bab191de6dacc36215640ead3b6d3cea9413bc40846b,24,15,37.93577402830124,127,63475,38245,10157,12510,2736,24,10111,6559,4524,1537,524
quality_4_6_compact_2,compact,complete,8,full,sherbrooke,233,4d318bcc0b069a78efb7bab191de6dacc36215640ead3b6d3cea9413bc40846b,24,15,38.57557999063283,127,63129,38038,9915,12415,2647,24,10111,6559,4524,1537,524
quality_4_6_compact_2,compact,complete,8,full,line25,211,4d318bcc0b069a78efb7bab191de6dacc36215640ead3b6d3cea9413bc40846b,24,15,1.2915051151067019,25,24853,14532,9290,4019,1858,24,10111,6559,4524,1537,524
quality_4_6_compact_2,compact,complete,8,full,line25,223,4d318bcc0b069a78efb7bab191de6dacc36215640ead3b6d3cea9413bc40846b,24,15,1.2837102869525552,25,24428,14299,9288,4084,1863,24,10111,6559,4524,1537,524
quality_4_6_compact_2,compact,complete,8,full,line25,227,4d318bcc0b069a78efb7bab191de6dacc36215640ead3b6d3cea9413bc40846b,24,15,1.2909492398612201,25,24409,14283,9342,4069,1911,24,10111,6559,4524,1537,524
quality_4_6_compact_2,compact,complete,8,full,line25,229,4d318bcc0b069a78efb7bab191de6dacc36215640ead3b6d3cea9413bc40846b,24,15,1.2951171472668648,25,24410,14281,9363,4158,1955,24,10111,6559,4524,1537,524
quality_4_6_compact_2,compact,complete,8,full,line25,233,4d318bcc0b069a78efb7bab191de6dacc36215640ead3b6d3cea9413bc40846b,24,15,1.4145453227683902,25,24492,14342,9350,3987,1906,24,10111,6559,4524,1537,524
quality_4_6_compact_2,compact,complete,8,full,grid25,211,4d318bcc0b069a78efb7bab191de6dacc36215640ead3b6d3cea9413bc40846b,24,15,1.2079147449694574,25,15505,9390,8188,5052,2257,24,10111,6559,4524,1537,524
quality_4_6_compact_2,compact,complete,8,full,grid25,223,4d318bcc0b069a78efb7bab191de6dacc36215640ead3b6d3cea9413bc40846b,24,15,1.198875511996448,25,15151,9193,8127,5444,2419,24,10111,6559,4524,1537,524
quality_4_6_compact_2,compact,complete,8,full,grid25,227,4d318bcc0b069a78efb7bab191de6dacc36215640ead3b6d3cea9413bc40846b,24,15,1.202147064730525,25,15477,9369,8219,5487,2551,24,10111,6559,4524,1537,524
quality_4_6_compact_2,compact,complete,8,full,grid25,229,4d318bcc0b069a78efb7bab191de6dacc36215640ead3b6d3cea9413bc40846b,24,15,1.20649542985484,25,15305,9280,8246,5761,2524,24,10111,6559,4524,1537,524
quality_4_6_compact_2,compact,complete,8,full,grid25,233,4d318bcc0b069a78efb7bab191de6dacc36215640ead3b6d3cea9413bc40846b,24,15,1.2117131678387523,25,15478,9371,8254,5259,2369,24,10111,6559,4524,1537,524
quality_4_6_compact_2,compact,complete,9,full,sherbrooke,211,9ab62e2e1cb0745c22c799ce0b3f3bb38dd4a386acd17afe8e15d22e3a1bdf62,24,17,44.33952326513827,127,70464,42471,11083,13751,2987,24,11401,7405,5136,1733,592
quality_4_6_compact_2,compact,complete,9,full,sherbrooke,223,9ab62e2e1cb0745c22c799ce0b3f3bb38dd4a386acd17afe8e15d22e3a1bdf62,24,17,49.15939208492637,127,72047,43386,11571,14971,3214,24,11401,7405,5136,1733,592
quality_4_6_compact_2,compact,complete,9,full,sherbrooke,227,9ab62e2e1cb0745c22c799ce0b3f3bb38dd4a386acd17afe8e15d22e3a1bdf62,24,17,52.30917432298884,127,71391,42942,11635,13703,3075,24,11401,7405,5136,1733,592
quality_4_6_compact_2,compact,complete,9,full,sherbrooke,229,9ab62e2e1cb0745c22c799ce0b3f3bb38dd4a386acd17afe8e15d22e3a1bdf62,24,17,51.71854356722906,127,73485,44319,11693,14209,3104,24,11401,7405,5136,1733,592
quality_4_6_compact_2,compact,complete,9,full,sherbrooke,233,9ab62e2e1cb0745c22c799ce0b3f3bb38dd4a386acd17afe8e15d22e3a1bdf62,24,17,50.9771725051105,127,73020,44070,11582,14249,3042,24,11401,7405,5136,1733,592
quality_4_6_compact_2,compact,complete,9,full,line25,211,9ab62e2e1cb0745c22c799ce0b3f3bb38dd4a386acd17afe8e15d22e3a1bdf62,24,17,1.5280022569932044,25,27274,15981,10733,4595,2233,24,11401,7405,5136,1733,592
quality_4_6_compact_2,compact,complete,9,full,line25,223,9ab62e2e1cb0745c22c799ce0b3f3bb38dd4a386acd17afe8e15d22e3a1bdf62,24,17,1.5239623407833278,25,27317,16008,10774,4522,2250,24,11401,7405,5136,1733,592
quality_4_6_compact_2,compact,complete,9,full,line25,227,9ab62e2e1cb0745c22c799ce0b3f3bb38dd4a386acd17afe8e15d22e3a1bdf62,24,17,1.5493009127676487,25,27568,16131,10706,4590,2148,24,11401,7405,5136,1733,592
quality_4_6_compact_2,compact,complete,9,full,line25,229,9ab62e2e1cb0745c22c799ce0b3f3bb38dd4a386acd17afe8e15d22e3a1bdf62,24,17,1.5441565527580678,25,27865,16301,10512,4472,2118,24,11401,7405,5136,1733,592
quality_4_6_compact_2,compact,complete,9,full,line25,233,9ab62e2e1cb0745c22c799ce0b3f3bb38dd4a386acd17afe8e15d22e3a1bdf62,24,17,1.6750614400953054,25,28199,16486,10674,4584,2186,24,11401,7405,5136,1733,592
quality_4_6_compact_2,compact,complete,9,full,grid25,211,9ab62e2e1cb0745c22c799ce0b3f3bb38dd4a386acd17afe8e15d22e3a1bdf62,24,17,1.4322517230175436,25,17447,10577,9274,6001,2718,24,11401,7405,5136,1733,592
quality_4_6_compact_2,compact,complete,9,full,grid25,223,9ab62e2e1cb0745c22c799ce0b3f3bb38dd4a386acd17afe8e15d22e3a1bdf62,24,17,1.4386685327626765,25,17310,10516,9429,6157,2780,24,11401,7405,5136,1733,592
quality_4_6_compact_2,compact,complete,9,full,grid25,227,9ab62e2e1cb0745c22c799ce0b3f3bb38dd4a386acd17afe8e15d22e3a1bdf62,24,17,1.4236166877672076,25,17228,10456,9402,6720,2910,24,11401,7405,5136,1733,592
quality_4_6_compact_2,compact,complete,9,full,grid25,229,9ab62e2e1cb0745c22c799ce0b3f3bb38dd4a386acd17afe8e15d22e3a1bdf62,24,17,1.4366938448511064,25,17487,10612,9405,6151,2807,24,11401,7405,5136,1733,592
quality_4_6_compact_2,compact,complete,9,full,grid25,233,9ab62e2e1cb0745c22c799ce0b3f3bb38dd4a386acd17afe8e15d22e3a1bdf62,24,17,1.424472434911877,25,17373,10543,9382,5920,2707,24,11401,7405,5136,1733,592
quality_4_6_compact_2,compact,complete,10,full,sherbrooke,211,72eac3d59af0322652964815e89b81a20a08830531f18924cfd466b864467689,24,19,66.57049188669771,127,82917,49698,13450,15427,3451,24,12691,8251,5748,1929,660
quality_4_6_compact_2,compact,complete,10,full,sherbrooke,223,72eac3d59af0322652964815e89b81a20a08830531f18924cfd466b864467689,24,19,60.679068884812295,127,81842,49357,12916,16994,3679,24,12691,8251,5748,1929,660
quality_4_6_compact_2,compact,complete,10,full,sherbrooke,227,72eac3d59af0322652964815e89b81a20a08830531f18924cfd466b864467689,24,19,61.09930705977604,127,82446,49763,12967,16617,3529,24,12691,8251,5748,1929,660
quality_4_6_compact_2,compact,complete,10,full,sherbrooke,229,72eac3d59af0322652964815e89b81a20a08830531f18924cfd466b864467689,24,19,63.43153833737597,127,82303,49747,12760,14273,3098,24,12691,8251,5748,1929,660
quality_4_6_compact_2,compact,complete,10,full,sherbrooke,233,72eac3d59af0322652964815e89b81a20a08830531f18924cfd466b864467689,24,19,62.88428690796718,127,81334,48795,13259,17276,3816,24,12691,8251,5748,1929,660
quality_4_6_compact_2,compact,complete,10,full,line25,211,72eac3d59af0322652964815e89b81a20a08830531f18924cfd466b864467689,24,19,1.720738785341382,25,31222,18279,11972,5111,2448,24,12691,8251,5748,1929,660
quality_4_6_compact_2,compact,complete,10,full,line25,223,72eac3d59af0322652964815e89b81a20a08830531f18924cfd466b864467689,24,19,1.727055266033858,25,30654,17953,12085,5119,2456,24,12691,8251,5748,1929,660
quality_4_6_compact_2,compact,complete,10,full,line25,227,72eac3d59af0322652964815e89b81a20a08830531f18924cfd466b864467689,24,19,1.745358357205987,25,31057,18180,12010,5149,2446,24,12691,8251,5748,1929,660
quality_4_6_compact_2,compact,complete,10,full,line25,229,72eac3d59af0322652964815e89b81a20a08830531f18924cfd466b864467689,24,19,1.7582932156510651,25,31048,18174,11951,4961,2349,24,12691,8251,5748,1929,660
quality_4_6_compact_2,compact,complete,10,full,line25,233,72eac3d59af0322652964815e89b81a20a08830531f18924cfd466b864467689,24,19,1.9004577570594847,25,30639,17962,12024,4933,2317,24,12691,8251,5748,1929,660
quality_4_6_compact_2,compact,complete,10,full,grid25,211,72eac3d59af0322652964815e89b81a20a08830531f18924cfd466b864467689,24,19,1.6255058529786766,25,19684,11915,10489,6612,2977,24,12691,8251,5748,1929,660
quality_4_6_compact_2,compact,complete,10,full,grid25,223,72eac3d59af0322652964815e89b81a20a08830531f18924cfd466b864467689,24,19,1.6279716631397605,25,19376,11740,10563,7352,3128,24,12691,8251,5748,1929,660
quality_4_6_compact_2,compact,complete,10,full,grid25,227,72eac3d59af0322652964815e89b81a20a08830531f18924cfd466b864467689,24,19,1.6297780559398234,25,19942,12063,10558,7353,3219,24,12691,8251,5748,1929,660
quality_4_6_compact_2,compact,complete,10,full,grid25,229,72eac3d59af0322652964815e89b81a20a08830531f18924cfd466b864467689,24,19,1.6225829138420522,25,19447,11790,10541,6788,3154,24,12691,8251,5748,1929,660
quality_4_6_compact_2,compact,complete,10,full,grid25,233,72eac3d59af0322652964815e89b81a20a08830531f18924cfd466b864467689,24,19,1.6263059359043837,25,19663,11911,10485,6936,3152,24,12691,8251,5748,1929,660
quality_4_6_compact_2,compact,complete,11,full,sherbrooke,211,bf90d718a0bb09343d9a01354c88851a3a00d1f612f04aa2854ad0483eb0d206,24,21,71.03805843833834,127,90745,54778,14421,17795,3808,24,13981,9097,6360,2125,728
quality_4_6_compact_2,compact,complete,11,full,sherbrooke,223,bf90d718a0bb09343d9a01354c88851a3a00d1f612f04aa2854ad0483eb0d206,24,21,77.36050001299009,127,91047,54764,14689,18468,4095,24,13981,9097,6360,2125,728
quality_4_6_compact_2,compact,complete,11,full,sherbrooke,227,bf90d718a0bb09343d9a01354c88851a3a00d1f612f04aa2854ad0483eb0d206,24,21,75.92806011205539,127,88852,53443,14331,16336,3647,24,13981,9097,6360,2125,728
quality_4_6_compact_2,compact,complete,11,full,sherbrooke,229,bf90d718a0bb09343d9a01354c88851a3a00d1f612f04aa2854ad0483eb0d206,24,21,78.11078664381057,127,88401,53183,14137,16317,3715,24,13981,9097,6360,2125,728
quality_4_6_compact_2,compact,complete,11,full,sherbrooke,233,bf90d718a0bb09343d9a01354c88851a3a00d1f612f04aa2854ad0483eb0d206,24,21,78.35201677074656,127,90793,54556,14821,17629,4001,24,13981,9097,6360,2125,728
quality_4_6_compact_2,compact,complete,11,full,line25,211,bf90d718a0bb09343d9a01354c88851a3a00d1f612f04aa2854ad0483eb0d206,24,21,1.8759380760602653,25,34593,20233,13283,5749,2764,24,13981,9097,6360,2125,728
quality_4_6_compact_2,compact,complete,11,full,line25,223,bf90d718a0bb09343d9a01354c88851a3a00d1f612f04aa2854ad0483eb0d206,24,21,2.012384159024805,25,33611,19697,13389,5637,2664,24,13981,9097,6360,2125,728
quality_4_6_compact_2,compact,complete,11,full,line25,227,bf90d718a0bb09343d9a01354c88851a3a00d1f612f04aa2854ad0483eb0d206,24,21,1.8755224258638918,25,33746,19776,13354,5799,2792,24,13981,9097,6360,2125,728
quality_4_6_compact_2,compact,complete,11,full,line25,229,bf90d718a0bb09343d9a01354c88851a3a00d1f612f04aa2854ad0483eb0d206,24,21,1.8721574069932103,25,34312,20082,13311,5723,2655,24,13981,9097,6360,2125,728
quality_4_6_compact_2,compact,complete,11,full,line25,233,bf90d718a0bb09343d9a01354c88851a3a00d1f612f04aa2854ad0483eb0d206,24,21,1.859154960140586,25,34254,20051,13229,5781,2735,24,13981,9097,6360,2125,728
quality_4_6_compact_2,compact,complete,11,full,grid25,211,bf90d718a0bb09343d9a01354c88851a3a00d1f612f04aa2854ad0483eb0d206,24,21,1.7733473079279065,25,21052,12781,11663,7547,3554,24,13981,9097,6360,2125,728
quality_4_6_compact_2,compact,complete,11,full,grid25,223,bf90d718a0bb09343d9a01354c88851a3a00d1f612f04aa2854ad0483eb0d206,24,21,1.7503739283420146,25,21071,12822,11769,7902,3588,24,13981,9097,6360,2125,728
quality_4_6_compact_2,compact,complete,11,full,grid25,227,bf90d718a0bb09343d9a01354c88851a3a00d1f612f04aa2854ad0483eb0d206,24,21,1.7506588930264115,25,21524,13074,11744,7795,3655,24,13981,9097,6360,2125,728
quality_4_6_compact_2,compact,complete,11,full,grid25,229,bf90d718a0bb09343d9a01354c88851a3a00d1f612f04aa2854ad0483eb0d206,24,21,1.7614579019136727,25,21616,13099,11698,7618,3566,24,13981,9097,6360,2125,728
quality_4_6_compact_2,compact,complete,11,full,grid25,233,bf90d718a0bb09343d9a01354c88851a3a00d1f612f04aa2854ad0483eb0d206,24,21,1.7439054111018777,25,21326,12945,11567,7530,3367,24,13981,9097,6360,2125,728
quality_4_6_compact_2,compact,complete,12,full,sherbrooke,211,06d2010e8dbf7e02cb7c3fe3f5d27ed948cc19d90dead55bf12d93a86903610c,24,23,92.07668192498386,127,101159,60767,16352,20135,4262,24,15271,9943,6972,2321,796
quality_4_6_compact_2,compact,complete,12,full,sherbrooke,223,06d2010e8dbf7e02cb7c3fe3f5d27ed948cc19d90dead55bf12d93a86903610c,24,23,92.67123720701784,127,100354,60427,16101,19314,4272,24,15271,9943,6972,2321,796
quality_4_6_compact_2,compact,complete,12,full,sherbrooke,227,06d2010e8dbf7e02cb7c3fe3f5d27ed948cc19d90dead55bf12d93a86903610c,24,23,95.01146332081407,127,97350,58426,15951,20449,4501,24,15271,9943,6972,2321,796
quality_4_6_compact_2,compact,complete,12,full,sherbrooke,229,06d2010e8dbf7e02cb7c3fe3f5d27ed948cc19d90dead55bf12d93a86903610c,24,23,99.03032918926328,127,98938,59295,15990,20557,4580,24,15271,9943,6972,2321,796
quality_4_6_compact_2,compact,complete,12,full,sherbrooke,233,06d2010e8dbf7e02cb7c3fe3f5d27ed948cc19d90dead55bf12d93a86903610c,24,23,91.74820745829493,127,100496,60726,15712,20550,4303,24,15271,9943,6972,2321,796
quality_4_6_compact_2,compact,complete,12,full,line25,211,06d2010e8dbf7e02cb7c3fe3f5d27ed948cc19d90dead55bf12d93a86903610c,24,23,2.17256083432585,25,37467,21940,14535,6098,2920,24,15271,9943,6972,2321,796
quality_4_6_compact_2,compact,complete,12,full,line25,223,06d2010e8dbf7e02cb7c3fe3f5d27ed948cc19d90dead55bf12d93a86903610c,24,23,2.0401268149726093,25,37499,21966,14696,6209,3006,24,15271,9943,6972,2321,796
quality_4_6_compact_2,compact,complete,12,full,line25,227,06d2010e8dbf7e02cb7c3fe3f5d27ed948cc19d90dead55bf12d93a86903610c,24,23,2.050567521248013,25,37303,21849,14738,6262,3060,24,15271,9943,6972,2321,796
quality_4_6_compact_2,compact,complete,12,full,line25,229,06d2010e8dbf7e02cb7c3fe3f5d27ed948cc19d90dead55bf12d93a86903610c,24,23,2.0395426391623914,25,37466,21941,14609,6112,2951,24,15271,9943,6972,2321,796
quality_4_6_compact_2,compact,complete,12,full,line25,233,06d2010e8dbf7e02cb7c3fe3f5d27ed948cc19d90dead55bf12d93a86903610c,24,23,2.053317896090448,25,37764,22104,14606,6191,2973,24,15271,9943,6972,2321,796
quality_4_6_compact_2,compact,complete,12,full,grid25,211,06d2010e8dbf7e02cb7c3fe3f5d27ed948cc19d90dead55bf12d93a86903610c,24,23,1.9056552900001407,25,23670,14354,12950,8839,3945,24,15271,9943,6972,2321,796
quality_4_6_compact_2,compact,complete,12,full,grid25,223,06d2010e8dbf7e02cb7c3fe3f5d27ed948cc19d90dead55bf12d93a86903610c,24,23,1.9012969760224223,25,23222,14123,12825,8477,3854,24,15271,9943,6972,2321,796
quality_4_6_compact_2,compact,complete,12,full,grid25,227,06d2010e8dbf7e02cb7c3fe3f5d27ed948cc19d90dead55bf12d93a86903610c,24,23,1.907432237174362,25,23446,14245,12919,9180,4143,24,15271,9943,6972,2321,796
quality_4_6_compact_2,compact,complete,12,full,grid25,229,06d2010e8dbf7e02cb7c3fe3f5d27ed948cc19d90dead55bf12d93a86903610c,24,23,1.9636685498990119,25,23669,14350,12632,8521,3828,24,15271,9943,6972,2321,796
quality_4_6_compact_2,compact,complete,12,full,grid25,233,06d2010e8dbf7e02cb7c3fe3f5d27ed948cc19d90dead55bf12d93a86903610c,24,23,1.9035909539088607,25,23064,14011,12956,8977,4100,24,15271,9943,6972,2321,796
quality_4_6_compact_2,compact,ring,1,full,sherbrooke,211,2ee7593459d24f7afd6c0760146f2b54d80be29caeb4580c085b0ab727971d67,24,1,0.2244542669504881,127,1127,682,146,186,34,24,541,313,96,106,24
quality_4_6_compact_2,compact,ring,1,full,sherbrooke,223,2ee7593459d24f7afd6c0760146f2b54d80be29caeb4580c085b0ab727971d67,24,1,0.039762786123901606,127,1189,723,151,209,42,24,541,313,96,106,24
quality_4_6_compact_2,compact,ring,1,full,sherbrooke,227,2ee7593459d24f7afd6c0760146f2b54d80be29caeb4580c085b0ab727971d67,24,1,0.03702230006456375,127,1121,686,151,250,46,24,541,313,96,106,24
quality_4_6_compact_2,compact,ring,1,full,sherbrooke,229,2ee7593459d24f7afd6c0760146f2b54d80be29caeb4580c085b0ab727971d67,24,1,0.04399126581847668,127,1111,681,143,190,36,24,541,313,96,106,24
quality_4_6_compact_2,compact,ring,1,full,sherbrooke,233,2ee7593459d24f7afd6c0760146f2b54d80be29caeb4580c085b0ab727971d67,24,1,0.036823175847530365,127,1079,655,151,199,39,24,541,313,96,106,24
quality_4_6_compact_2,compact,ring,1,full,line25,211,2ee7593459d24f7afd6c0760146f2b54d80be29caeb4580c085b0ab727971d67,24,1,0.026698654983192682,25,579,335,149,120,34,24,541,313,96,106,24
quality_4_6_compact_2,compact,ring,1,full,line25,223,2ee7593459d24f7afd6c0760146f2b54d80be29caeb4580c085b0ab727971d67,24,1,0.025808943901211023,25,597,348,144,121,34,24,541,313,96,106,24
quality_4_6_compact_2,compact,ring,1,full,line25,227,2ee7593459d24f7afd6c0760146f2b54d80be29caeb4580c085b0ab727971d67,24,1,0.026266522705554962,25,601,350,147,122,34,24,541,313,96,106,24
quality_4_6_compact_2,compact,ring,1,full,line25,229,2ee7593459d24f7afd6c0760146f2b54d80be29caeb4580c085b0ab727971d67,24,1,0.025409633293747902,25,605,352,149,122,32,24,541,313,96,106,24
quality_4_6_compact_2,compact,ring,1,full,line25,233,2ee7593459d24f7afd6c0760146f2b54d80be29caeb4580c085b0ab727971d67,24,1,0.025825064163655043,25,600,351,146,121,32,24,541,313,96,106,24
quality_4_6_compact_2,compact,ring,1,full,grid25,211,2ee7593459d24f7afd6c0760146f2b54d80be29caeb4580c085b0ab727971d67,24,1,0.021795356646180153,25,551,318,102,113,27,24,541,313,96,106,24
quality_4_6_compact_2,compact,ring,1,full,grid25,223,2ee7593459d24f7afd6c0760146f2b54d80be29caeb4580c085b0ab727971d67,24,1,0.020663280971348286,25,541,313,96,106,24,24,541,313,96,106,24
quality_4_6_compact_2,compact,ring,1,full,grid25,227,2ee7593459d24f7afd6c0760146f2b54d80be29caeb4580c085b0ab727971d67,24,1,0.02192009100690484,25,541,313,102,110,27,24,541,313,96,106,24
quality_4_6_compact_2,compact,ring,1,full,grid25,229,2ee7593459d24f7afd6c0760146f2b54d80be29caeb4580c085b0ab727971d67,24,1,0.020957814063876867,25,569,329,106,127,31,24,541,313,96,106,24
quality_4_6_compact_2,compact,ring,1,full,grid25,233,2ee7593459d24f7afd6c0760146f2b54d80be29caeb4580c085b0ab727971d67,24,1,0.0214926078915596,25,549,317,100,114,28,24,541,313,96,106,24
quality_4_6_compact_2,compact,ring,2,full,sherbrooke,211,d4aeefb5fb92f2f3bc84d536e04edda556c3e0a35f964392bebdabfef2818d4c,24,3,0.9634112790226936,127,7888,4734,1272,1835,415,24,1291,835,564,291,100
quality_4_6_compact_2,compact,ring,2,full,sherbrooke,223,d4aeefb5fb92f2f3bc84d536e04edda556c3e0a35f964392bebdabfef2818d4c,24,3,0.7791996099986136,127,7968,4816,1249,1739,386,24,1291,835,564,291,100
quality_4_6_compact_2,compact,ring,2,full,sherbrooke,227,d4aeefb5fb92f2f3bc84d536e04edda556c3e0a35f964392bebdabfef2818d4c,24,3,0.8769405959174037,127,8081,4898,1263,1698,362,24,1291,835,564,291,100
quality_4_6_compact_2,compact,ring,2,full,sherbrooke,229,d4aeefb5fb92f2f3bc84d536e04edda556c3e0a35f964392bebdabfef2818d4c,24,3,0.780887259170413,127,7747,4692,1201,1503,328,24,1291,835,564,291,100
quality_4_6_compact_2,compact,ring,2,full,sherbrooke,233,d4aeefb5fb92f2f3bc84d536e04edda556c3e0a35f964392bebdabfef2818d4c,24,3,0.876334497705102,127,8126,4865,1309,1646,354,24,1291,835,564,291,100
quality_4_6_compact_2,compact,ring,2,full,line25,211,d4aeefb5fb92f2f3bc84d536e04edda556c3e0a35f964392bebdabfef2818d4c,24,3,0.1651867153123021,25,2928,1726,1213,612,273,24,1291,835,564,291,100
quality_4_6_compact_2,compact,ring,2,full,line25,223,d4aeefb5fb92f2f3bc84d536e04edda556c3e0a35f964392bebdabfef2818d4c,24,3,0.16565578617155552,25,2846,1683,1238,627,285,24,1291,835,564,291,100
quality_4_6_compact_2,compact,ring,2,full,line25,227,d4aeefb5fb92f2f3bc84d536e04edda556c3e0a35f964392bebdabfef2818d4c,24,3,0.16978907771408558,25,2948,1740,1216,707,324,24,1291,835,564,291,100
quality_4_6_compact_2,compact,ring,2,full,line25,229,d4aeefb5fb92f2f3bc84d536e04edda556c3e0a35f964392bebdabfef2818d4c,24,3,0.1696728002279997,25,2902,1715,1200,676,335,24,1291,835,564,291,100
quality_4_6_compact_2,compact,ring,2,full,line25,233,d4aeefb5fb92f2f3bc84d536e04edda556c3e0a35f964392bebdabfef2818d4c,24,3,0.1663624830543995,25,3015,1779,1191,686,321,24,1291,835,564,291,100
quality_4_6_compact_2,compact,ring,2,full,grid25,211,d4aeefb5fb92f2f3bc84d536e04edda556c3e0a35f964392bebdabfef2818d4c,24,3,0.15266738599166274,25,1944,1183,968,715,316,24,1291,835,564,291,100
quality_4_6_compact_2,compact,ring,2,full,grid25,223,d4aeefb5fb92f2f3bc84d536e04edda556c3e0a35f964392bebdabfef2818d4c,24,3,0.15122591983526945,25,1902,1164,963,734,321,24,1291,835,564,291,100
quality_4_6_compact_2,compact,ring,2,full,grid25,227,d4aeefb5fb92f2f3bc84d536e04edda556c3e0a35f964392bebdabfef2818d4c,24,3,0.16245363419875503,25,1654,1025,1015,849,391,24,1291,835,564,291,100
quality_4_6_compact_2,compact,ring,2,full,grid25,229,d4aeefb5fb92f2f3bc84d536e04edda556c3e0a35f964392bebdabfef2818d4c,24,3,0.15284499991685152,25,1812,1116,994,790,358,24,1291,835,564,291,100
quality_4_6_compact_2,compact,ring,2,full,grid25,233,d4aeefb5fb92f2f3bc84d536e04edda556c3e0a35f964392bebdabfef2818d4c,24,3,0.15334582002833486,25,1845,1133,985,695,338,24,1291,835,564,291,100
quality_4_6_compact_2,compact,ring,3,full,sherbrooke,211,47352c9264174ce34407e3abb56e6937078b63318083a88d6f99c274c7960610,24,5,2.7216348559595644,127,15629,9384,2493,2725,615,24,2041,1357,1032,458,164
quality_4_6_compact_2,compact,ring,3,full,sherbrooke,223,47352c9264174ce34407e3abb56e6937078b63318083a88d6f99c274c7960610,24,5,2.5233027511276305,127,15257,9173,2500,3369,757,24,2041,1357,1032,458,164
quality_4_6_compact_2,compact,ring,3,full,sherbrooke,227,47352c9264174ce34407e3abb56e6937078b63318083a88d6f99c274c7960610,24,5,2.452359164133668,127,15118,9036,2533,3442,776,24,2041,1357,1032,458,164
quality_4_6_compact_2,compact,ring,3,full,sherbrooke,229,47352c9264174ce34407e3abb56e6937078b63318083a88d6f99c274c7960610,24,5,2.633591710124165,127,15086,9111,2385,2982,665,24,2041,1357,1032,458,164
quality_4_6_compact_2,compact,ring,3,full,sherbrooke,233,47352c9264174ce34407e3abb56e6937078b63318083a88d6f99c274c7960610,24,5,2.5560013381764293,127,15213,9163,2453,3300,760,24,2041,1357,1032,458,164
quality_4_6_compact_2,compact,ring,3,full,line25,211,47352c9264174ce34407e3abb56e6937078b63318083a88d6f99c274c7960610,24,5,0.31370448507368565,25,5115,3033,2410,1121,554,24,2041,1357,1032,458,164
quality_4_6_compact_2,compact,ring,3,full,line25,223,47352c9264174ce34407e3abb56e6937078b63318083a88d6f99c274c7960610,24,5,0.3139884090051055,25,5279,3126,2369,1126,539,24,2041,1357,1032,458,164
quality_4_6_compact_2,compact,ring,3,full,line25,227,47352c9264174ce34407e3abb56e6937078b63318083a88d6f99c274c7960610,24,5,0.30895434506237507,25,5278,3123,2365,1146,557,24,2041,1357,1032,458,164
quality_4_6_compact_2,compact,ring,3,full,line25,229,47352c9264174ce34407e3abb56e6937078b63318083a88d6f99c274c7960610,24,5,0.3045166218653321,25,5001,2974,2452,1133,577,24,2041,1357,1032,458,164
quality_4_6_compact_2,compact,ring,3,full,line25,233,47352c9264174ce34407e3abb56e6937078b63318083a88d6f99c274c7960610,24,5,0.3092037639580667,25,4835,2882,2455,1119,581,24,2041,1357,1032,458,164
quality_4_6_compact_2,compact,ring,3,full,grid25,211,47352c9264174ce34407e3abb56e6937078b63318083a88d6f99c274c7960610,24,5,0.27663729013875127,25,2921,1823,1974,1389,745,24,2041,1357,1032,458,164
quality_4_6_compact_2,compact,ring,3,full,grid25,223,47352c9264174ce34407e3abb56e6937078b63318083a88d6f99c274c7960610,24,5,0.2755743726156652,25,3452,2122,1874,1184,529,24,2041,1357,1032,458,164
quality_4_6_compact_2,compact,ring,3,full,grid25,227,47352c9264174ce34407e3abb56e6937078b63318083a88d6f99c274c7960610,24,5,0.2794680050574243,25,3077,1908,1943,1317,616,24,2041,1357,1032,458,164
quality_4_6_compact_2,compact,ring,3,full,grid25,229,47352c9264174ce34407e3abb56e6937078b63318083a88d6f99c274c7960610,24,5,0.2760365311987698,25,2983,1863,1913,1260,645,24,2041,1357,1032,458,164
quality_4_6_compact_2,compact,ring,3,full,grid25,233,47352c9264174ce34407e3abb56e6937078b63318083a88d6f99c274c7960610,24,5,0.27388802729547024,25,3028,1887,1934,1183,619,24,2041,1357,1032,458,164
quality_4_6_compact_2,compact,ring,4,full,sherbrooke,211,7881222aa9b7b27610c29808dcd2ea4c2d425d2c8919a168c4aeff2cb5c2cd17,24,7,5.478078776970506,127,22702,13609,3748,5052,1144,24,2791,1879,1500,625,228
quality_4_6_compact_2,compact,ring,4,full,sherbrooke,223,7881222aa9b7b27610c29808dcd2ea4c2d425d2c8919a168c4aeff2cb5c2cd17,24,7,5.77851844811812,127,22605,13520,3750,4930,1114,24,2791,1879,1500,625,228
quality_4_6_compact_2,compact,ring,4,full,sherbrooke,227,7881222aa9b7b27610c29808dcd2ea4c2d425d2c8919a168c4aeff2cb5c2cd17,24,7,5.512866408098489,127,22032,13156,3714,4341,1022,24,2791,1879,1500,625,228
quality_4_6_compact_2,compact,ring,4,full,sherbrooke,229,7881222aa9b7b27610c29808dcd2ea4c2d425d2c8919a168c4aeff2cb5c2cd17,24,7,5.41550628002733,127,22447,13487,3683,4591,1053,24,2791,1879,1500,625,228
quality_4_6_compact_2,compact,ring,4,full,sherbrooke,233,7881222aa9b7b27610c29808dcd2ea4c2d425d2c8919a168c4aeff2cb5c2cd17,24,7,5.441114629153162,127,22581,13509,3799,4790,1110,24,2791,1879,1500,625,228
quality_4_6_compact_2,compact,ring,4,full,line25,211,7881222aa9b7b27610c29808dcd2ea4c2d425d2c8919a168c4aeff2cb5c2cd17,24,7,0.4563367050141096,25,6960,4151,3684,1546,778,24,2791,1879,1500,625,228
quality_4_6_compact_2,compact,ring,4,full,line25,223,7881222aa9b7b27610c29808dcd2ea4c2d425d2c8919a168c4aeff2cb5c2cd17,24,7,0.4533994300290942,25,6927,4131,3717,1634,859,24,2791,1879,1500,625,228
quality_4_6_compact_2,compact,ring,4,full,line25,227,7881222aa9b7b27610c29808dcd2ea4c2d425d2c8919a168c4aeff2cb5c2cd17,24,7,0.45155157893896103,25,6888,4109,3629,1513,800,24,2791,1879,1500,625,228
quality_4_6_compact_2,compact,ring,4,full,line25,229,7881222aa9b7b27610c29808dcd2ea4c2d425d2c8919a168c4aeff2cb5c2cd17,24,7,0.4480720362626016,25,7176,4274,3670,1639,834,24,2791,1879,1500,625,228
quality_4_6_compact_2,compact,ring,4,full,line25,233,7881222aa9b7b27610c29808dcd2ea4c2d425d2c8919a168c4aeff2cb5c2cd17,24,7,0.4551811651326716,25,7029,4187,3721,1638,853,24,2791,1879,1500,625,228
quality_4_6_compact_2,compact,ring,4,full,grid25,211,7881222aa9b7b27610c29808dcd2ea4c2d425d2c8919a168c4aeff2cb5c2cd17,24,7,0.40229578502476215,25,4510,2805,2782,1887,921,24,2791,1879,1500,625,228
quality_4_6_compact_2,compact,ring,4,full,grid25,223,7881222aa9b7b27610c29808dcd2ea4c2d425d2c8919a168c4aeff2cb5c2cd17,24,7,0.4049210650846362,25,4522,2809,2824,2052,1011,24,2791,1879,1500,625,228
quality_4_6_compact_2,compact,ring,4,full,grid25,227,7881222aa9b7b27610c29808dcd2ea4c2d425d2c8919a168c4aeff2cb5c2cd17,24,7,0.40549672581255436,25,4867,2999,2790,1941,889,24,2791,1879,1500,625,228
quality_4_6_compact_2,compact,ring,4,full,grid25,229,7881222aa9b7b27610c29808dcd2ea4c2d425d2c8919a168c4aeff2cb5c2cd17,24,7,0.40715835615992546,25,4367,2723,2901,2151,1039,24,2791,1879,1500,625,228
quality_4_6_compact_2,compact,ring,4,full,grid25,233,7881222aa9b7b27610c29808dcd2ea4c2d425d2c8919a168c4aeff2cb5c2cd17,24,7,0.4049879307858646,25,4316,2699,2877,1860,939,24,2791,1879,1500,625,228
quality_4_6_compact_2,compact,ring,5,full,sherbrooke,211,0fd541df46fa865c6070bb70f4d8074f26f059d395ab498ba2a658bc78ea570a,24,9,9.573325481731445,127,29920,17851,4985,6566,1487,24,3541,2401,1968,792,292
quality_4_6_compact_2,compact,ring,5,full,sherbrooke,223,0fd541df46fa865c6070bb70f4d8074f26f059d395ab498ba2a658bc78ea570a,24,9,9.597883096896112,127,29848,17826,4877,5990,1345,24,3541,2401,1968,792,292
quality_4_6_compact_2,compact,ring,5,full,sherbrooke,227,0fd541df46fa865c6070bb70f4d8074f26f059d395ab498ba2a658bc78ea570a,24,9,8.759088670369238,127,29263,17510,4837,5715,1277,24,3541,2401,1968,792,292
quality_4_6_compact_2,compact,ring,5,full,sherbrooke,229,0fd541df46fa865c6070bb70f4d8074f26f059d395ab498ba2a658bc78ea570a,24,9,8.682877377141267,127,29916,18025,4797,6303,1362,24,3541,2401,1968,792,292
quality_4_6_compact_2,compact,ring,5,full,sherbrooke,233,0fd541df46fa865c6070bb70f4d8074f26f059d395ab498ba2a658bc78ea570a,24,9,10.05519331106916,127,29415,17648,4866,5870,1340,24,3541,2401,1968,792,292
quality_4_6_compact_2,compact,ring,5,full,line25,211,0fd541df46fa865c6070bb70f4d8074f26f059d395ab498ba2a658bc78ea570a,24,9,0.614411894697696,25,9448,5614,4826,2089,1074,24,3541,2401,1968,792,292
quality_4_6_compact_2,compact,ring,5,full,line25,223,0fd541df46fa865c6070bb70f4d8074f26f059d395ab498ba2a658bc78ea570a,24,9,0.6018728888593614,25,9363,5573,4846,2136,1110,24,3541,2401,1968,792,292
quality_4_6_compact_2,compact,ring,5,full,line25,227,0fd541df46fa865c6070bb70f4d8074f26f059d395ab498ba2a658bc78ea570a,24,9,0.602876503020525,25,9133,5447,4895,2044,1081,24,3541,2401,1968,792,292
quality_4_6_compact_2,compact,ring,5,full,line25,229,0fd541df46fa865c6070bb70f4d8074f26f059d395ab498ba2a658bc78ea570a,24,9,0.6028642999008298,25,9202,5482,4832,2045,1059,24,3541,2401,1968,792,292
quality_4_6_compact_2,compact,ring,5,full,line25,233,0fd541df46fa865c6070bb70f4d8074f26f059d395ab498ba2a658bc78ea570a,24,9,0.6006081243976951,25,9031,5386,4922,2236,1138,24,3541,2401,1968,792,292
quality_4_6_compact_2,compact,ring,5,full,grid25,211,0fd541df46fa865c6070bb70f4d8074f26f059d395ab498ba2a658bc78ea570a,24,9,0.5381156327202916,25,5488,3442,3870,2516,1248,24,3541,2401,1968,792,292
quality_4_6_compact_2,compact,ring,5,full,grid25,223,0fd541df46fa865c6070bb70f4d8074f26f059d395ab498ba2a658bc78ea570a,24,9,0.5387604129500687,25,5681,3550,3814,2218,1162,24,3541,2401,1968,792,292
quality_4_6_compact_2,compact,ring,5,full,grid25,227,0fd541df46fa865c6070bb70f4d8074f26f059d395ab498ba2a658bc78ea570a,24,9,0.5340105537325144,25,5488,3448,3889,2451,1333,24,3541,2401,1968,792,292
quality_4_6_compact_2,compact,ring,5,full,grid25,229,0fd541df46fa865c6070bb70f4d8074f26f059d395ab498ba2a658bc78ea570a,24,9,0.5382977440021932,25,5691,3556,3869,2543,1270,24,3541,2401,1968,792,292
quality_4_6_compact_2,compact,ring,5,full,grid25,233,0fd541df46fa865c6070bb70f4d8074f26f059d395ab498ba2a658bc78ea570a,24,9,0.5343253961764276,25,6155,3817,3726,2552,1220,24,3541,2401,1968,792,292
quality_4_6_compact_2,compact,ring,6,full,sherbrooke,211,55bb7440480e629edddb0395d315d98792048a5fd5e9e37d504838690a6e99ac,24,11,14.099775891751051,127,37103,22107,6214,7526,1778,24,4291,2923,2436,959,356
quality_4_6_compact_2,compact,ring,6,full,sherbrooke,223,55bb7440480e629edddb0395d315d98792048a5fd5e9e37d504838690a6e99ac,24,11,13.277419982943684,127,37164,22395,6043,7383,1656,24,4291,2923,2436,959,356
quality_4_6_compact_2,compact,ring,6,full,sherbrooke,227,55bb7440480e629edddb0395d315d98792048a5fd5e9e37d504838690a6e99ac,24,11,15.500047571957111,127,37059,22157,6113,7635,1761,24,4291,2923,2436,959,356
quality_4_6_compact_2,compact,ring,6,full,sherbrooke,229,55bb7440480e629edddb0395d315d98792048a5fd5e9e37d504838690a6e99ac,24,11,14.709173050243407,127,37231,22321,6205,8025,1856,24,4291,2923,2436,959,356
quality_4_6_compact_2,compact,ring,6,full,sherbrooke,233,55bb7440480e629edddb0395d315d98792048a5fd5e9e37d504838690a6e99ac,24,11,14.55894218198955,127,36886,22017,6236,7470,1739,24,4291,2923,2436,959,356
quality_4_6_compact_2,compact,ring,6,full,line25,211,55bb7440480e629edddb0395d315d98792048a5fd5e9e37d504838690a6e99ac,24,11,0.7669370016083121,25,11552,6876,6148,2812,1460,24,4291,2923,2436,959,356
quality_4_6_compact_2,compact,ring,6,full,line25,223,55bb7440480e629edddb0395d315d98792048a5fd5e9e37d504838690a6e99ac,24,11,0.7562265689484775,25,11646,6931,5987,2609,1309,24,4291,2923,2436,959,356
quality_4_6_compact_2,compact,ring,6,full,line25,227,55bb7440480e629edddb0395d315d98792048a5fd5e9e37d504838690a6e99ac,24,11,0.7550119082443416,25,11241,6700,6146,2592,1331,24,4291,2923,2436,959,356
quality_4_6_compact_2,compact,ring,6,full,line25,229,55bb7440480e629edddb0395d315d98792048a5fd5e9e37d504838690a6e99ac,24,11,0.7543285749852657,25,11426,6808,6102,2662,1383,24,4291,2923,2436,959,356
quality_4_6_compact_2,compact,ring,6,full,line25,233,55bb7440480e629edddb0395d315d98792048a5fd5e9e37d504838690a6e99ac,24,11,0.7630699500441551,25,11243,6706,6099,2600,1351,24,4291,2923,2436,959,356
quality_4_6_compact_2,compact,ring,6,full,grid25,211,55bb7440480e629edddb0395d315d98792048a5fd5e9e37d504838690a6e99ac,24,11,0.6736808521673083,25,7165,4470,4811,3210,1598,24,4291,2923,2436,959,356
quality_4_6_compact_2,compact,ring,6,full,grid25,223,55bb7440480e629edddb0395d315d98792048a5fd5e9e37d504838690a6e99ac,24,11,0.6707656281068921,25,6948,4351,4789,3056,1547,24,4291,2923,2436,959,356
quality_4_6_compact_2,compact,ring,6,full,grid25,227,55bb7440480e629edddb0395d315d98792048a5fd5e9e37d504838690a6e99ac,24,11,0.6662595462985337,25,6615,4167,4892,3060,1661,24,4291,2923,2436,959,356
quality_4_6_compact_2,compact,ring,6,full,grid25,229,55bb7440480e629edddb0395d315d98792048a5fd5e9e37d504838690a6e99ac,24,11,0.6730742626823485,25,7064,4413,4822,3142,1647,24,4291,2923,2436,959,356
quality_4_6_compact_2,compact,ring,6,full,grid25,233,55bb7440480e629edddb0395d315d98792048a5fd5e9e37d504838690a6e99ac,24,11,0.6763828559778631,25,6592,4160,4911,3497,1787,24,4291,2923,2436,959,356
quality_4_6_compact_2,compact,ring,7,full,sherbrooke,211,61d515efdf465220e42306456f9f519c7566a90fbdf1060e1d20e059f86bf037,24,13,19.56037634285167,127,43786,26154,7327,9245,2157,24,5041,3445,2904,1126,420
quality_4_6_compact_2,compact,ring,7,full,sherbrooke,223,61d515efdf465220e42306456f9f519c7566a90fbdf1060e1d20e059f86bf037,24,13,20.009379115886986,127,44280,26561,7274,9112,2079,24,5041,3445,2904,1126,420
quality_4_6_compact_2,compact,ring,7,full,sherbrooke,227,61d515efdf465220e42306456f9f519c7566a90fbdf1060e1d20e059f86bf037,24,13,20.948999979998916,127,43978,26345,7335,9298,2098,24,5041,3445,2904,1126,420
quality_4_6_compact_2,compact,ring,7,full,sherbrooke,229,61d515efdf465220e42306456f9f519c7566a90fbdf1060e1d20e059f86bf037,24,13,20.758544004987925,127,45128,26981,7510,9960,2295,24,5041,3445,2904,1126,420
quality_4_6_compact_2,compact,ring,7,full,sherbrooke,233,61d515efdf465220e42306456f9f519c7566a90fbdf1060e1d20e059f86bf037,24,13,21.903060148004442,127,44772,26647,7577,9110,2158,24,5041,3445,2904,1126,420
quality_4_6_compact_2,compact,ring,7,full,line25,211,61d515efdf465220e42306456f9f519c7566a90fbdf1060e1d20e059f86bf037,24,13,0.911194964312017,25,13705,8159,7375,3206,1662,24,5041,3445,2904,1126,420
quality_4_6_compact_2,compact,ring,7,full,line25,223,61d515efdf465220e42306456f9f519c7566a90fbdf1060e1d20e059f86bf037,24,13,0.90524369943887,25,13530,8062,7297,3105,1622,24,5041,3445,2904,1126,420
quality_4_6_compact_2,compact,ring,7,full,line25,227,61d515efdf465220e42306456f9f519c7566a90fbdf1060e1d20e059f86bf037,24,13,0.9322377196513116,25,13787,8209,7334,3011,1564,24,5041,3445,2904,1126,420
quality_4_6_compact_2,compact,ring,7,full,line25,229,61d515efdf465220e42306456f9f519c7566a90fbdf1060e1d20e059f86bf037,24,13,0.9071777909994125,25,13528,8066,7345,3044,1609,24,5041,3445,2904,1126,420
quality_4_6_compact_2,compact,ring,7,full,line25,233,61d515efdf465220e42306456f9f519c7566a90fbdf1060e1d20e059f86bf037,24,13,0.9134909859858453,25,13910,8270,7315,3303,1729,24,5041,3445,2904,1126,420
quality_4_6_compact_2,compact,ring,7,full,grid25,211,61d515efdf465220e42306456f9f519c7566a90fbdf1060e1d20e059f86bf037,24,13,0.8007934391498566,25,7864,4955,5779,3743,1946,24,5041,3445,2904,1126,420
quality_4_6_compact_2,compact,ring,7,full,grid25,223,61d515efdf465220e42306456f9f519c7566a90fbdf1060e1d20e059f86bf037,24,13,0.8025310011580586,25,8257,5178,5785,3454,1753,24,5041,3445,2904,1126,420
quality_4_6_compact_2,compact,ring,7,full,grid25,227,61d515efdf465220e42306456f9f519c7566a90fbdf1060e1d20e059f86bf037,24,13,0.8040395341813564,25,7900,4985,5838,3464,1841,24,5041,3445,2904,1126,420
quality_4_6_compact_2,compact,ring,7,full,grid25,229,61d515efdf465220e42306456f9f519c7566a90fbdf1060e1d20e059f86bf037,24,13,0.7990698120556772,25,8110,5099,5763,3790,1990,24,5041,3445,2904,1126,420
quality_4_6_compact_2,compact,ring,7,full,grid25,233,61d515efdf465220e42306456f9f519c7566a90fbdf1060e1d20e059f86bf037,24,13,0.8018517759628594,25,8079,5081,5750,3437,1818,24,5041,3445,2904,1126,420
quality_4_6_compact_2,compact,ring,8,full,sherbrooke,211,f3f290e132a505449dabeedab335cce3cf2298742bc7bd4d090f3fe94efb993f,24,15,26.405707539990544,127,51026,30421,8588,10499,2440,24,5791,3967,3372,1293,484
quality_4_6_compact_2,compact,ring,8,full,sherbrooke,223,f3f290e132a505449dabeedab335cce3cf2298742bc7bd4d090f3fe94efb993f,24,15,28.535486937034875,127,52546,31332,8750,10889,2420,24,5791,3967,3372,1293,484
quality_4_6_compact_2,compact,ring,8,full,sherbrooke,227,f3f290e132a505449dabeedab335cce3cf2298742bc7bd4d090f3fe94efb993f,24,15,27.236880886834115,127,52202,31190,8701,10714,2488,24,5791,3967,3372,1293,484
quality_4_6_compact_2,compact,ring,8,full,sherbrooke,229,f3f290e132a505449dabeedab335cce3cf2298742bc7bd4d090f3fe94efb993f,24,15,28.18185653630644,127,52387,31410,8601,10686,2384,24,5791,3967,3372,1293,484
quality_4_6_compact_2,compact,ring,8,full,sherbrooke,233,f3f290e132a505449dabeedab335cce3cf2298742bc7bd4d090f3fe94efb993f,24,15,27.757710919715464,127,52466,31417,8588,10623,2394,24,5791,3967,3372,1293,484
quality_4_6_compact_2,compact,ring,8,full,line25,211,f3f290e132a505449dabeedab335cce3cf2298742bc7bd4d090f3fe94efb993f,24,15,1.0675892969593406,25,16350,9713,8455,3820,1956,24,5791,3967,3372,1293,484
quality_4_6_compact_2,compact,ring,8,full,line25,223,f3f290e132a505449dabeedab335cce3cf2298742bc7bd4d090f3fe94efb993f,24,15,1.0710554458200932,25,15495,9249,8634,3593,1866,24,5791,3967,3372,1293,484
quality_4_6_compact_2,compact,ring,8,full,line25,227,f3f290e132a505449dabeedab335cce3cf2298742bc7bd4d090f3fe94efb993f,24,15,1.0568396006710827,25,15566,9287,8586,3585,1874,24,5791,3967,3372,1293,484
quality_4_6_compact_2,compact,ring,8,full,line25,229,f3f290e132a505449dabeedab335cce3cf2298742bc7bd4d090f3fe94efb993f,24,15,1.0560594969429076,25,15768,9392,8657,3794,1921,24,5791,3967,3372,1293,484
quality_4_6_compact_2,compact,ring,8,full,line25,233,f3f290e132a505449dabeedab335cce3cf2298742bc7bd4d090f3fe94efb993f,24,15,1.0522193950600922,25,15302,9145,8686,3571,1860,24,5791,3967,3372,1293,484
quality_4_6_compact_2,compact,ring,8,full,grid25,211,f3f290e132a505449dabeedab335cce3cf2298742bc7bd4d090f3fe94efb993f,24,15,0.9404799770563841,25,9570,6002,6845,4325,2190,24,5791,3967,3372,1293,484
quality_4_6_compact_2,compact,ring,8,full,grid25,223,f3f290e132a505449dabeedab335cce3cf2298742bc7bd4d090f3fe94efb993f,24,15,0.9382761185988784,25,9455,5936,6757,4276,2138,24,5791,3967,3372,1293,484
quality_4_6_compact_2,compact,ring,8,full,grid25,227,f3f290e132a505449dabeedab335cce3cf2298742bc7bd4d090f3fe94efb993f,24,15,0.9369734018109739,25,9656,6049,6615,4123,2029,24,5791,3967,3372,1293,484
quality_4_6_compact_2,compact,ring,8,full,grid25,229,f3f290e132a505449dabeedab335cce3cf2298742bc7bd4d090f3fe94efb993f,24,15,0.9386420249938965,25,9548,5976,6805,4358,2223,24,5791,3967,3372,1293,484
quality_4_6_compact_2,compact,ring,8,full,grid25,233,f3f290e132a505449dabeedab335cce3cf2298742bc7bd4d090f3fe94efb993f,24,15,0.9333982793614268,25,9500,5972,6687,4150,2198,24,5791,3967,3372,1293,484
quality_4_6_compact_2,compact,ring,9,full,sherbrooke,211,e8def41ed3637cf3aa2518e84c2ef411edf451c429c7916d8a6ed801e57765ca,24,17,38.232035560999066,127,60426,36064,10206,12353,2830,24,6541,4489,3840,1460,548
quality_4_6_compact_2,compact,ring,9,full,sherbrooke,223,e8def41ed3637cf3aa2518e84c2ef411edf451c429c7916d8a6ed801e57765ca,24,17,36.93001053202897,127,60279,36172,10015,12442,2857,24,6541,4489,3840,1460,548
quality_4_6_compact_2,compact,ring,9,full,sherbrooke,227,e8def41ed3637cf3aa2518e84c2ef411edf451c429c7916d8a6ed801e57765ca,24,17,35.55869681015611,127,60505,36399,9771,12672,2799,24,6541,4489,3840,1460,548
quality_4_6_compact_2,compact,ring,9,full,sherbrooke,229,e8def41ed3637cf3aa2518e84c2ef411edf451c429c7916d8a6ed801e57765ca,24,17,38.00980343576521,127,58339,34922,9749,12185,2824,24,6541,4489,3840,1460,548
quality_4_6_compact_2,compact,ring,9,full,sherbrooke,233,e8def41ed3637cf3aa2518e84c2ef411edf451c429c7916d8a6ed801e57765ca,24,17,36.216834457591176,127,59800,35692,10108,12620,2931,24,6541,4489,3840,1460,548
quality_4_6_compact_2,compact,ring,9,full,line25,211,e8def41ed3637cf3aa2518e84c2ef411edf451c429c7916d8a6ed801e57765ca,24,17,1.2039378229528666,25,17609,10512,9993,4243,2326,24,6541,4489,3840,1460,548
quality_4_6_compact_2,compact,ring,9,full,line25,223,e8def41ed3637cf3aa2518e84c2ef411edf451c429c7916d8a6ed801e57765ca,24,17,1.1972698317840695,25,17221,10304,10023,4222,2247,24,6541,4489,3840,1460,548
quality_4_6_compact_2,compact,ring,9,full,line25,227,e8def41ed3637cf3aa2518e84c2ef411edf451c429c7916d8a6ed801e57765ca,24,17,1.199982875958085,25,17844,10645,9728,4035,2148,24,6541,4489,3840,1460,548
quality_4_6_compact_2,compact,ring,9,full,line25,229,e8def41ed3637cf3aa2518e84c2ef411edf451c429c7916d8a6ed801e57765ca,24,17,1.1992057859897614,25,18212,10845,9792,4273,2248,24,6541,4489,3840,1460,548
quality_4_6_compact_2,compact,ring,9,full,line25,233,e8def41ed3637cf3aa2518e84c2ef411edf451c429c7916d8a6ed801e57765ca,24,17,1.1945568472146988,25,18277,10871,9751,4176,2108,24,6541,4489,3840,1460,548
quality_4_6_compact_2,compact,ring,9,full,grid25,211,e8def41ed3637cf3aa2518e84c2ef411edf451c429c7916d8a6ed801e57765ca,24,17,1.0543543798848987,25,10627,6683,7737,4880,2534,24,6541,4489,3840,1460,548
quality_4_6_compact_2,compact,ring,9,full,grid25,223,e8def41ed3637cf3aa2518e84c2ef411edf451c429c7916d8a6ed801e57765ca,24,17,1.0630471538752317,25,10643,6690,7716,4730,2460,24,6541,4489,3840,1460,548
quality_4_6_compact_2,compact,ring,9,full,grid25,227,e8def41ed3637cf3aa2518e84c2ef411edf451c429c7916d8a6ed801e57765ca,24,17,1.0556085547432303,25,10655,6709,7717,4915,2618,24,6541,4489,3840,1460,548
quality_4_6_compact_2,compact,ring,9,full,grid25,229,e8def41ed3637cf3aa2518e84c2ef411edf451c429c7916d8a6ed801e57765ca,24,17,1.051473611034453,25,10896,6828,7673,4974,2510,24,6541,4489,3840,1460,548
quality_4_6_compact_2,compact,ring,9,full,grid25,233,e8def41ed3637cf3aa2518e84c2ef411edf451c429c7916d8a6ed801e57765ca,24,17,1.0614666263572872,25,10815,6787,7775,5043,2556,24,6541,4489,3840,1460,548
quality_4_6_compact_2,compact,ring,10,full,sherbrooke,211,5a370da51d15caf0e39f67fa6b08e928fabeab02ff6275e2b2e980dc53311fa8,24,19,44.35239975899458,127,65758,39006,11421,14260,3403,24,7291,5011,4308,1627,612
quality_4_6_compact_2,compact,ring,10,full,sherbrooke,223,5a370da51d15caf0e39f67fa6b08e928fabeab02ff6275e2b2e980dc53311fa8,24,19,46.67587147699669,127,66399,39683,10990,13332,3096,24,7291,5011,4308,1627,612
quality_4_6_compact_2,compact,ring,10,full,sherbrooke,227,5a370da51d15caf0e39f67fa6b08e928fabeab02ff6275e2b2e980dc53311fa8,24,19,46.0166937103495,127,67282,40102,11258,13689,3175,24,7291,5011,4308,1627,612
quality_4_6_compact_2,compact,ring,10,full,sherbrooke,229,5a370da51d15caf0e39f67fa6b08e928fabeab02ff6275e2b2e980dc53311fa8,24,19,48.70463503105566,127,69609,41737,11362,15048,3334,24,7291,5011,4308,1627,612
quality_4_6_compact_2,compact,ring,10,full,sherbrooke,233,5a370da51d15caf0e39f67fa6b08e928fabeab02ff6275e2b2e980dc53311fa8,24,19,47.43428629497066,127,66534,39589,11300,13229,3118,24,7291,5011,4308,1627,612
quality_4_6_compact_2,compact,ring,10,full,line25,211,5a370da51d15caf0e39f67fa6b08e928fabeab02ff6275e2b2e980dc53311fa8,24,19,1.3698226069100201,25,20406,12164,11103,4683,2392,24,7291,5011,4308,1627,612
quality_4_6_compact_2,compact,ring,10,full,line25,223,5a370da51d15caf0e39f67fa6b08e928fabeab02ff6275e2b2e980dc53311fa8,24,19,1.3656114782206714,25,19833,11841,10956,4800,2475,24,7291,5011,4308,1627,612
quality_4_6_compact_2,compact,ring,10,full,line25,227,5a370da51d15caf0e39f67fa6b08e928fabeab02ff6275e2b2e980dc53311fa8,24,19,1.3745516971684992,25,19957,11898,11130,4692,2420,24,7291,5011,4308,1627,612
quality_4_6_compact_2,compact,ring,10,full,line25,229,5a370da51d15caf0e39f67fa6b08e928fabeab02ff6275e2b2e980dc53311fa8,24,19,1.3658591741696,25,19443,11623,11226,4690,2406,24,7291,5011,4308,1627,612
quality_4_6_compact_2,compact,ring,10,full,line25,233,5a370da51d15caf0e39f67fa6b08e928fabeab02ff6275e2b2e980dc53311fa8,24,19,1.4856216381303966,25,19941,11895,11146,4635,2402,24,7291,5011,4308,1627,612
quality_4_6_compact_2,compact,ring,10,full,grid25,211,5a370da51d15caf0e39f67fa6b08e928fabeab02ff6275e2b2e980dc53311fa8,24,19,1.2070308509282768,25,12126,7604,8708,5775,2908,24,7291,5011,4308,1627,612
quality_4_6_compact_2,compact,ring,10,full,grid25,223,5a370da51d15caf0e39f67fa6b08e928fabeab02ff6275e2b2e980dc53311fa8,24,19,1.2023758604191244,25,11878,7488,8859,5248,2915,24,7291,5011,4308,1627,612
quality_4_6_compact_2,compact,ring,10,full,grid25,227,5a370da51d15caf0e39f67fa6b08e928fabeab02ff6275e2b2e980dc53311fa8,24,19,1.2015336882323027,25,12074,7580,8672,5539,2855,24,7291,5011,4308,1627,612
quality_4_6_compact_2,compact,ring,10,full,grid25,229,5a370da51d15caf0e39f67fa6b08e928fabeab02ff6275e2b2e980dc53311fa8,24,19,1.1999258790165186,25,11688,7373,8736,5525,2807,24,7291,5011,4308,1627,612
quality_4_6_compact_2,compact,ring,10,full,grid25,233,5a370da51d15caf0e39f67fa6b08e928fabeab02ff6275e2b2e980dc53311fa8,24,19,1.2046645479276776,25,12198,7644,8689,5474,2960,24,7291,5011,4308,1627,612
quality_4_6_compact_2,compact,ring,11,full,sherbrooke,211,3d0e3bf5e1222ac7da58480d0380ad58a36c1e642a02cbb1cf7bce46a44cb179,24,21,59.50885390024632,127,74503,44482,12543,14298,3342,24,8041,5533,4776,1794,676
quality_4_6_compact_2,compact,ring,11,full,sherbrooke,223,3d0e3bf5e1222ac7da58480d0380ad58a36c1e642a02cbb1cf7bce46a44cb179,24,21,53.8883112790063,127,75478,45164,12569,15737,3541,24,8041,5533,4776,1794,676
quality_4_6_compact_2,compact,ring,11,full,sherbrooke,227,3d0e3bf5e1222ac7da58480d0380ad58a36c1e642a02cbb1cf7bce46a44cb179,24,21,58.42807705607265,127,75227,44938,12713,16245,3644,24,8041,5533,4776,1794,676
quality_4_6_compact_2,compact,ring,11,full,sherbrooke,229,3d0e3bf5e1222ac7da58480d0380ad58a36c1e642a02cbb1cf7bce46a44cb179,24,21,59.59976676059887,127,74726,44560,12613,15141,3534,24,8041,5533,4776,1794,676
quality_4_6_compact_2,compact,ring,11,full,sherbrooke,233,3d0e3bf5e1222ac7da58480d0380ad58a36c1e642a02cbb1cf7bce46a44cb179,24,21,57.36152667272836,127,73655,43917,12634,14109,3333,24,8041,5533,4776,1794,676
quality_4_6_compact_2,compact,ring,11,full,line25,211,3d0e3bf5e1222ac7da58480d0380ad58a36c1e642a02cbb1cf7bce46a44cb179,24,21,1.5257871123030782,25,22012,13140,12273,4959,2628,24,8041,5533,4776,1794,676
quality_4_6_compact_2,compact,ring,11,full,line25,223,3d0e3bf5e1222ac7da58480d0380ad58a36c1e642a02cbb1cf7bce46a44cb179,24,21,1.5262204050086439,25,22270,13288,12277,5169,2846,24,8041,5533,4776,1794,676
quality_4_6_compact_2,compact,ring,11,full,line25,227,3d0e3bf5e1222ac7da58480d0380ad58a36c1e642a02cbb1cf7bce46a44cb179,24,21,1.5273171346634626,25,22585,13451,12337,5334,2815,24,8041,5533,4776,1794,676
quality_4_6_compact_2,compact,ring,11,full,line25,229,3d0e3bf5e1222ac7da58480d0380ad58a36c1e642a02cbb1cf7bce46a44cb179,24,21,1.518228086642921,25,22195,13235,12458,5309,2817,24,8041,5533,4776,1794,676
quality_4_6_compact_2,compact,ring,11,full,line25,233,3d0e3bf5e1222ac7da58480d0380ad58a36c1e642a02cbb1cf7bce46a44cb179,24,21,1.6504628020338714,25,21804,13030,12447,5157,2690,24,8041,5533,4776,1794,676
quality_4_6_compact_2,compact,ring,11,full,grid25,211,3d0e3bf5e1222ac7da58480d0380ad58a36c1e642a02cbb1cf7bce46a44cb179,24,21,1.3486105035990477,25,13063,8227,9757,5819,3124,24,8041,5533,4776,1794,676
quality_4_6_compact_2,compact,ring,11,full,grid25,223,3d0e3bf5e1222ac7da58480d0380ad58a36c1e642a02cbb1cf7bce46a44cb179,24,21,1.3380465870723128,25,13220,8311,9641,6003,3122,24,8041,5533,4776,1794,676
quality_4_6_compact_2,compact,ring,11,full,grid25,227,3d0e3bf5e1222ac7da58480d0380ad58a36c1e642a02cbb1cf7bce46a44cb179,24,21,1.3403489906340837,25,12742,8061,9734,5875,3149,24,8041,5533,4776,1794,676
quality_4_6_compact_2,compact,ring,11,full,grid25,229,3d0e3bf5e1222ac7da58480d0380ad58a36c1e642a02cbb1cf7bce46a44cb179,24,21,1.3470556549727917,25,13054,8216,9738,5717,3078,24,8041,5533,4776,1794,676
quality_4_6_compact_2,compact,ring,11,full,grid25,233,3d0e3bf5e1222ac7da58480d0380ad58a36c1e642a02cbb1cf7bce46a44cb179,24,21,1.3380992752499878,25,13078,8233,9733,6245,3263,24,8041,5533,4776,1794,676
quality_4_6_compact_2,compact,ring,12,full,sherbrooke,211,68d7f4c09223fafe5a4e3dcda1fc5fa7fca6a21a2c74e0256257d21e2a6b780c,24,23,65.67829544655979,127,82876,49465,14092,17574,4020,24,8791,6055,5244,1961,740
quality_4_6_compact_2,compact,ring,12,full,sherbrooke,223,68d7f4c09223fafe5a4e3dcda1fc5fa7fca6a21a2c74e0256257d21e2a6b780c,24,23,71.2731637856923,127,81814,48693,13850,16923,3808,24,8791,6055,5244,1961,740
quality_4_6_compact_2,compact,ring,12,full,sherbrooke,227,68d7f4c09223fafe5a4e3dcda1fc5fa7fca6a21a2c74e0256257d21e2a6b780c,24,23,71.59321265667677,127,82219,48978,13977,17212,4017,24,8791,6055,5244,1961,740
quality_4_6_compact_2,compact,ring,12,full,sherbrooke,229,68d7f4c09223fafe5a4e3dcda1fc5fa7fca6a21a2c74e0256257d21e2a6b780c,24,23,73.51563580380753,127,82487,49256,13814,17399,4010,24,8791,6055,5244,1961,740
quality_4_6_compact_2,compact,ring,12,full,sherbrooke,233,68d7f4c09223fafe5a4e3dcda1fc5fa7fca6a21a2c74e0256257d21e2a6b780c,24,23,70.28183781495318,127,83921,50429,13710,15747,3587,24,8791,6055,5244,1961,740
quality_4_6_compact_2,compact,ring,12,full,line25,211,68d7f4c09223fafe5a4e3dcda1fc5fa7fca6a21a2c74e0256257d21e2a6b780c,24,23,1.693104268051684,25,23955,14303,13690,5799,3036,24,8791,6055,5244,1961,740
quality_4_6_compact_2,compact,ring,12,full,line25,223,68d7f4c09223fafe5a4e3dcda1fc5fa7fca6a21a2c74e0256257d21e2a6b780c,24,23,1.6771467123180628,25,23558,14092,13665,5623,3082,24,8791,6055,5244,1961,740
quality_4_6_compact_2,compact,ring,12,full,line25,227,68d7f4c09223fafe5a4e3dcda1fc5fa7fca6a21a2c74e0256257d21e2a6b780c,24,23,1.8167017828673124,25,24051,14354,13758,5897,3038,24,8791,6055,5244,1961,740
quality_4_6_compact_2,compact,ring,12,full,line25,229,68d7f4c09223fafe5a4e3dcda1fc5fa7fca6a21a2c74e0256257d21e2a6b780c,24,23,1.693794574122876,25,24034,14337,13746,5875,3087,24,8791,6055,5244,1961,740
quality_4_6_compact_2,compact,ring,12,full,line25,233,68d7f4c09223fafe5a4e3dcda1fc5fa7fca6a21a2c74e0256257d21e2a6b780c,24,23,1.6799520901404321,25,24239,14461,13649,5876,3123,24,8791,6055,5244,1961,740
quality_4_6_compact_2,compact,ring,12,full,grid25,211,68d7f4c09223fafe5a4e3dcda1fc5fa7fca6a21a2c74e0256257d21e2a6b780c,24,23,1.4709490868262947,25,14149,8936,10792,6787,3540,24,8791,6055,5244,1961,740
quality_4_6_compact_2,compact,ring,12,full,grid25,223,68d7f4c09223fafe5a4e3dcda1fc5fa7fca6a21a2c74e0256257d21e2a6b780c,24,23,1.4758301926776767,25,14064,8885,10787,6756,3630,24,8791,6055,5244,1961,740
quality_4_6_compact_2,compact,ring,12,full,grid25,227,68d7f4c09223fafe5a4e3dcda1fc5fa7fca6a21a2c74e0256257d21e2a6b780c,24,23,1.4713871199637651,25,14064,8890,10725,6338,3425,24,8791,6055,5244,1961,740
quality_4_6_compact_2,compact,ring,12,full,grid25,229,68d7f4c09223fafe5a4e3dcda1fc5fa7fca6a21a2c74e0256257d21e2a6b780c,24,23,1.4784090458415449,25,14398,9065,10782,6577,3578,24,8791,6055,5244,1961,740
quality_4_6_compact_2,compact,ring,12,full,grid25,233,68d7f4c09223fafe5a4e3dcda1fc5fa7fca6a21a2c74e0256257d21e2a6b780c,24,23,1.471140576992184,25,14180,8942,10755,6782,3581,24,8791,6055,5244,1961,740
quality_4_6_compact_3,compact,serial,3,full,sherbrooke,211,adceed8af634f0fa463b8443efad15363fb06aada45d5d9344dc1672e1562aae,19,5,3.500046111177653,127,16020,9299,2960,7853,1927,19,1357,1055,973,1170,694
quality_4_6_compact_3,compact,serial,3,full,sherbrooke,223,adceed8af634f0fa463b8443efad15363fb06aada45d5d9344dc1672e1562aae,19,5,2.9201263072900474,127,16289,9536,2937,7503,1809,19,1357,1055,973,1170,694
quality_4_6_compact_3,compact,serial,3,full,sherbrooke,227,adceed8af634f0fa463b8443efad15363fb06aada45d5d9344dc1672e1562aae,19,5,3.0871175690554082,127,16132,9402,2932,7740,1887,19,1357,1055,973,1170,694
quality_4_6_compact_3,compact,serial,3,full,sherbrooke,229,adceed8af634f0fa463b8443efad15363fb06aada45d5d9344dc1672e1562aae,19,5,3.089825694914907,127,17108,10122,2911,8349,1888,19,1357,1055,973,1170,694
quality_4_6_compact_3,compact,serial,3,full,sherbrooke,233,adceed8af634f0fa463b8443efad15363fb06aada45d5d9344dc1672e1562aae,19,5,3.2315931310877204,127,16158,9393,2974,7682,1847,19,1357,1055,973,1170,694
quality_4_6_compact_3,compact,serial,3,full,line25,211,adceed8af634f0fa463b8443efad15363fb06aada45d5d9344dc1672e1562aae,19,5,0.30819936795160174,25,2548,1701,3301,2974,2001,19,1357,1055,973,1170,694
quality_4_6_compact_3,compact,serial,3,full,line25,223,adceed8af634f0fa463b8443efad15363fb06aada45d5d9344dc1672e1562aae,19,5,0.3049166640266776,25,2559,1702,3264,2956,2063,19,1357,1055,973,1170,694
quality_4_6_compact_3,compact,serial,3,full,line25,227,adceed8af634f0fa463b8443efad15363fb06aada45d5d9344dc1672e1562aae,19,5,0.3077512769959867,25,2404,1621,3352,2894,2041,19,1357,1055,973,1170,694
quality_4_6_compact_3,compact,serial,3,full,line25,229,adceed8af634f0fa463b8443efad15363fb06aada45d5d9344dc1672e1562aae,19,5,0.3036239859648049,25,2403,1622,3383,2916,2069,19,1357,1055,973,1170,694
quality_4_6_compact_3,compact,serial,3,full,line25,233,adceed8af634f0fa463b8443efad15363fb06aada45d5d9344dc1672e1562aae,19,5,0.30446184892207384,25,2324,1584,3416,2973,2102,19,1357,1055,973,1170,694
quality_4_6_compact_3,compact,serial,3,full,grid25,211,adceed8af634f0fa463b8443efad15363fb06aada45d5d9344dc1672e1562aae,19,5,0.20059949299320579,25,2026,1413,2124,2221,1440,19,1357,1055,973,1170,694
quality_4_6_compact_3,compact,serial,3,full,grid25,223,adceed8af634f0fa463b8443efad15363fb06aada45d5d9344dc1672e1562aae,19,5,0.2167869796976447,25,2013,1410,2136,2264,1450,19,1357,1055,973,1170,694
quality_4_6_compact_3,compact,serial,3,full,grid25,227,adceed8af634f0fa463b8443efad15363fb06aada45d5d9344dc1672e1562aae,19,5,0.2504916717298329,25,1937,1366,2171,2171,1406,19,1357,1055,973,1170,694
quality_4_6_compact_3,compact,serial,3,full,grid25,229,adceed8af634f0fa463b8443efad15363fb06aada45d5d9344dc1672e1562aae,19,5,0.24837856413796544,25,1997,1404,2129,2200,1433,19,1357,1055,973,1170,694
quality_4_6_compact_3,compact,serial,3,full,grid25,233,adceed8af634f0fa463b8443efad15363fb06aada45d5d9344dc1672e1562aae,19,5,0.2512767156586051,25,2014,1410,2113,2312,1480,19,1357,1055,973,1170,694
quality_4_6_compact_3,compact,complete,1,full,sherbrooke,211,aae165753d937b992a7708901704bdf8cdd0216fb08ce8d78bf3615d69d69abe,24,1,0.23405692121014,127,2423,1485,324,664,117,24,1081,637,240,147,36
quality_4_6_compact_3,compact,complete,1,full,sherbrooke,223,aae165753d937b992a7708901704bdf8cdd0216fb08ce8d78bf3615d69d69abe,24,1,0.060603995341807604,127,2547,1557,328,394,68,24,1081,637,240,147,36
quality_4_6_compact_3,compact,complete,1,full,sherbrooke,227,aae165753d937b992a7708901704bdf8cdd0216fb08ce8d78bf3615d69d69abe,24,1,0.06421699933707714,127,2467,1516,314,391,67,24,1081,637,240,147,36
quality_4_6_compact_3,compact,complete,1,full,sherbrooke,229,aae165753d937b992a7708901704bdf8cdd0216fb08ce8d78bf3615d69d69abe,24,1,0.08046960830688477,127,2512,1529,320,416,70,24,1081,637,240,147,36
quality_4_6_compact_3,compact,complete,1,full,sherbrooke,233,aae165753d937b992a7708901704bdf8cdd0216fb08ce8d78bf3615d69d69abe,24,1,0.07866145297884941,127,2374,1461,311,374,59,24,1081,637,240,147,36
quality_4_6_compact_3,compact,complete,1,full,line25,211,aae165753d937b992a7708901704bdf8cdd0216fb08ce8d78bf3615d69d69abe,24,1,0.04114000406116247,25,1501,861,300,185,47,24,1081,637,240,147,36
quality_4_6_compact_3,compact,complete,1,full,line25,223,aae165753d937b992a7708901704bdf8cdd0216fb08ce8d78bf3615d69d69abe,24,1,0.040889523923397064,25,1491,856,306,188,52,24,1081,637,240,147,36
quality_4_6_compact_3,compact,complete,1,full,line25,227,aae165753d937b992a7708901704bdf8cdd0216fb08ce8d78bf3615d69d69abe,24,1,0.040509550366550684,25,1440,828,324,205,58,24,1081,637,240,147,36
quality_4_6_compact_3,compact,complete,1,full,line25,229,aae165753d937b992a7708901704bdf8cdd0216fb08ce8d78bf3615d69d69abe,24,1,0.04140878934413195,25,1481,851,312,188,52,24,1081,637,240,147,36
quality_4_6_compact_3,compact,complete,1,full,line25,233,aae165753d937b992a7708901704bdf8cdd0216fb08ce8d78bf3615d69d69abe,24,1,0.04040203895419836,25,1463,840,318,198,55,24,1081,637,240,147,36
quality_4_6_compact_3,compact,complete,1,full,grid25,211,aae165753d937b992a7708901704bdf8cdd0216fb08ce8d78bf3615d69d69abe,24,1,0.04141308693215251,25,1261,726,293,207,60,24,1081,637,240,147,36
quality_4_6_compact_3,compact,complete,1,full,grid25,223,aae165753d937b992a7708901704bdf8cdd0216fb08ce8d78bf3615d69d69abe,24,1,0.040559685323387384,25,1274,734,297,217,63,24,1081,637,240,147,36
quality_4_6_compact_3,compact,complete,1,full,grid25,227,aae165753d937b992a7708901704bdf8cdd0216fb08ce8d78bf3615d69d69abe,24,1,0.04005913529545069,25,1261,723,297,206,60,24,1081,637,240,147,36
quality_4_6_compact_3,compact,complete,1,full,grid25,229,aae165753d937b992a7708901704bdf8cdd0216fb08ce8d78bf3615d69d69abe,24,1,0.039880127646028996,25,1245,716,298,229,64,24,1081,637,240,147,36
quality_4_6_compact_3,compact,complete,1,full,grid25,233,aae165753d937b992a7708901704bdf8cdd0216fb08ce8d78bf3615d69d69abe,24,1,0.04087283322587609,25,1276,734,301,212,63,24,1081,637,240,147,36
quality_4_6_compact_3,compact,complete,2,full,sherbrooke,211,892fd7f6d5a468aa2aa244b566f7fc5b22a7e21de6117a90200f8c187ccee32e,24,3,1.260033655911684,127,10149,6187,1496,1766,369,24,2371,1483,852,361,116
quality_4_6_compact_3,compact,complete,2,full,sherbrooke,223,892fd7f6d5a468aa2aa244b566f7fc5b22a7e21de6117a90200f8c187ccee32e,24,3,1.1212894166819751,127,10705,6510,1554,1740,373,24,2371,1483,852,361,116
quality_4_6_compact_3,compact,complete,2,full,sherbrooke,227,892fd7f6d5a468aa2aa244b566f7fc5b22a7e21de6117a90200f8c187ccee32e,24,3,1.249702706001699,127,10575,6380,1664,1998,457,24,2371,1483,852,361,116
quality_4_6_compact_3,compact,complete,2,full,sherbrooke,229,892fd7f6d5a468aa2aa244b566f7fc5b22a7e21de6117a90200f8c187ccee32e,24,3,1.0901296138763428,127,10705,6476,1666,2140,471,24,2371,1483,852,361,116
quality_4_6_compact_3,compact,complete,2,full,sherbrooke,233,892fd7f6d5a468aa2aa244b566f7fc5b22a7e21de6117a90200f8c187ccee32e,24,3,1.0512052006088197,127,10404,6320,1535,1559,325,24,2371,1483,852,361,116
quality_4_6_compact_3,compact,complete,2,full,line25,211,892fd7f6d5a468aa2aa244b566f7fc5b22a7e21de6117a90200f8c187ccee32e,24,3,0.21048862300813198,25,4768,2769,1511,771,296,24,2371,1483,852,361,116
quality_4_6_compact_3,compact,complete,2,full,line25,223,892fd7f6d5a468aa2aa244b566f7fc5b22a7e21de6117a90200f8c187ccee32e,24,3,0.2086855168454349,25,4735,2749,1544,752,287,24,2371,1483,852,361,116
quality_4_6_compact_3,compact,complete,2,full,line25,227,892fd7f6d5a468aa2aa244b566f7fc5b22a7e21de6117a90200f8c187ccee32e,24,3,0.2100256639532745,25,4764,2761,1531,775,312,24,2371,1483,852,361,116
quality_4_6_compact_3,compact,complete,2,full,line25,229,892fd7f6d5a468aa2aa244b566f7fc5b22a7e21de6117a90200f8c187ccee32e,24,3,0.21494566183537245,25,4567,2655,1556,834,320,24,2371,1483,852,361,116
quality_4_6_compact_3,compact,complete,2,full,line25,233,892fd7f6d5a468aa2aa244b566f7fc5b22a7e21de6117a90200f8c187ccee32e,24,3,0.208150883205235,25,4811,2797,1493,750,293,24,2371,1483,852,361,116
quality_4_6_compact_3,compact,complete,2,full,grid25,211,892fd7f6d5a468aa2aa244b566f7fc5b22a7e21de6117a90200f8c187ccee32e,24,3,0.19765764893963933,25,3249,1936,1371,1022,415,24,2371,1483,852,361,116
quality_4_6_compact_3,compact,complete,2,full,grid25,223,892fd7f6d5a468aa2aa244b566f7fc5b22a7e21de6117a90200f8c187ccee32e,24,3,0.19935145927593112,25,3356,1998,1375,874,362,24,2371,1483,852,361,116
quality_4_6_compact_3,compact,complete,2,full,grid25,227,892fd7f6d5a468aa2aa244b566f7fc5b22a7e21de6117a90200f8c187ccee32e,24,3,0.20212453696876764,25,3371,2004,1360,872,363,24,2371,1483,852,361,116
quality_4_6_compact_3,compact,complete,2,full,grid25,229,892fd7f6d5a468aa2aa244b566f7fc5b22a7e21de6117a90200f8c187ccee32e,24,3,0.2023980412632227,25,3317,1974,1351,863,380,24,2371,1483,852,361,116
quality_4_6_compact_3,compact,complete,2,full,grid25,233,892fd7f6d5a468aa2aa244b566f7fc5b22a7e21de6117a90200f8c187ccee32e,24,3,0.20027013402432203,25,3243,1931,1332,952,387,24,2371,1483,852,361,116
quality_4_6_compact_3,compact,complete,3,full,sherbrooke,211,ff46b5b186bbc475321c3e4e476339147699e4c37ac8f16cfded1ca5d0a348b1,24,5,4.288799127098173,127,19391,11643,3110,3956,876,24,3661,2329,1464,557,184
quality_4_6_compact_3,compact,complete,3,full,sherbrooke,223,ff46b5b186bbc475321c3e4e476339147699e4c37ac8f16cfded1ca5d0a348b1,24,5,4.053168829996139,127,20144,12089,3156,4017,871,24,3661,2329,1464,557,184
quality_4_6_compact_3,compact,complete,3,full,sherbrooke,227,ff46b5b186bbc475321c3e4e476339147699e4c37ac8f16cfded1ca5d0a348b1,24,5,4.515329740010202,127,19256,11644,2941,3741,749,24,3661,2329,1464,557,184
quality_4_6_compact_3,compact,complete,3,full,sherbrooke,229,ff46b5b186bbc475321c3e4e476339147699e4c37ac8f16cfded1ca5d0a348b1,24,5,4.426352335140109,127,19122,11531,3015,3609,768,24,3661,2329,1464,557,184
quality_4_6_compact_3,compact,complete,3,full,sherbrooke,233,ff46b5b186bbc475321c3e4e476339147699e4c37ac8f16cfded1ca5d0a348b1,24,5,4.517583893146366,127,19320,11659,3031,3503,795,24,3661,2329,1464,557,184
quality_4_6_compact_3,compact,complete,3,full,line25,211,ff46b5b186bbc475321c3e4e476339147699e4c37ac8f16cfded1ca5d0a348b1,24,5,0.40340914530679584,25,8067,4697,2850,1384,595,24,3661,2329,1464,557,184
quality_4_6_compact_3,compact,complete,3,full,line25,223,ff46b5b186bbc475321c3e4e476339147699e4c37ac8f16cfded1ca5d0a348b1,24,5,0.4031403800472617,25,7948,4635,2811,1326,582,24,3661,2329,1464,557,184
quality_4_6_compact_3,compact,complete,3,full,line25,227,ff46b5b186bbc475321c3e4e476339147699e4c37ac8f16cfded1ca5d0a348b1,24,5,0.4049422228708863,25,7913,4617,2833,1234,539,24,3661,2329,1464,557,184
quality_4_6_compact_3,compact,complete,3,full,line25,229,ff46b5b186bbc475321c3e4e476339147699e4c37ac8f16cfded1ca5d0a348b1,24,5,0.40378191508352757,25,8114,4722,2791,1238,515,24,3661,2329,1464,557,184
quality_4_6_compact_3,compact,complete,3,full,line25,233,ff46b5b186bbc475321c3e4e476339147699e4c37ac8f16cfded1ca5d0a348b1,24,5,0.405652467161417,25,8170,4756,2833,1341,578,24,3661,2329,1464,557,184
quality_4_6_compact_3,compact,complete,3,full,grid25,211,ff46b5b186bbc475321c3e4e476339147699e4c37ac8f16cfded1ca5d0a348b1,24,5,0.3837657682597637,25,5283,3175,2508,1853,824,24,3661,2329,1464,557,184
quality_4_6_compact_3,compact,complete,3,full,grid25,223,ff46b5b186bbc475321c3e4e476339147699e4c37ac8f16cfded1ca5d0a348b1,24,5,0.3753454349935055,25,5172,3112,2487,1691,726,24,3661,2329,1464,557,184
quality_4_6_compact_3,compact,complete,3,full,grid25,227,ff46b5b186bbc475321c3e4e476339147699e4c37ac8f16cfded1ca5d0a348b1,24,5,0.37889521196484566,25,5195,3122,2546,1778,788,24,3661,2329,1464,557,184
quality_4_6_compact_3,compact,complete,3,full,grid25,229,ff46b5b186bbc475321c3e4e476339147699e4c37ac8f16cfded1ca5d0a348b1,24,5,0.38093676464632154,25,5375,3217,2506,1697,736,24,3661,2329,1464,557,184
quality_4_6_compact_3,compact,complete,3,full,grid25,233,ff46b5b186bbc475321c3e4e476339147699e4c37ac8f16cfded1ca5d0a348b1,24,5,0.3782902848906815,25,5160,3099,2531,1719,782,24,3661,2329,1464,557,184
quality_4_6_compact_3,compact,complete,4,full,sherbrooke,211,d65961c61245df826dca27aabb411f6285d2182e5318485df8d6624fd757128f,24,7,7.5143163073807955,127,28142,16929,4404,5579,1201,24,4951,3175,2076,753,252
quality_4_6_compact_3,compact,complete,4,full,sherbrooke,223,d65961c61245df826dca27aabb411f6285d2182e5318485df8d6624fd757128f,24,7,7.406715346034616,127,27623,16623,4416,5415,1173,24,4951,3175,2076,753,252
quality_4_6_compact_3,compact,complete,4,full,sherbrooke,227,d65961c61245df826dca27aabb411f6285d2182e5318485df8d6624fd757128f,24,7,7.3827781160362065,127,27531,16605,4353,5624,1230,24,4951,3175,2076,753,252
quality_4_6_compact_3,compact,complete,4,full,sherbrooke,229,d65961c61245df826dca27aabb411f6285d2182e5318485df8d6624fd757128f,24,7,7.204187281895429,127,27697,16713,4395,5509,1218,24,4951,3175,2076,753,252
quality_4_6_compact_3,compact,complete,4,full,sherbrooke,233,d65961c61245df826dca27aabb411f6285d2182e5318485df8d6624fd757128f,24,7,7.429827006068081,127,28055,16944,4358,5293,1193,24,4951,3175,2076,753,252
quality_4_6_compact_3,compact,complete,4,full,line25,211,d65961c61245df826dca27aabb411f6285d2182e5318485df8d6624fd757128f,24,7,0.5617291931994259,25,11447,6673,4106,1978,897,24,4951,3175,2076,753,252
quality_4_6_compact_3,compact,complete,4,full,line25,223,d65961c61245df826dca27aabb411f6285d2182e5318485df8d6624fd757128f,24,7,0.5504408059641719,25,11368,6640,4122,1862,829,24,4951,3175,2076,753,252
quality_4_6_compact_3,compact,complete,4,full,line25,227,d65961c61245df826dca27aabb411f6285d2182e5318485df8d6624fd757128f,24,7,0.5432029627263546,25,11270,6587,4084,1821,818,24,4951,3175,2076,753,252
quality_4_6_compact_3,compact,complete,4,full,line25,229,d65961c61245df826dca27aabb411f6285d2182e5318485df8d6624fd757128f,24,7,0.5503891590051353,25,11342,6623,4120,1891,848,24,4951,3175,2076,753,252
quality_4_6_compact_3,compact,complete,4,full,line25,233,d65961c61245df826dca27aabb411f6285d2182e5318485df8d6624fd757128f,24,7,0.5470770392566919,25,11516,6717,4134,1933,846,24,4951,3175,2076,753,252
quality_4_6_compact_3,compact,complete,4,full,grid25,211,d65961c61245df826dca27aabb411f6285d2182e5318485df8d6624fd757128f,24,7,0.5219663251191378,25,7394,4451,3562,2433,1014,24,4951,3175,2076,753,252
quality_4_6_compact_3,compact,complete,4,full,grid25,223,d65961c61245df826dca27aabb411f6285d2182e5318485df8d6624fd757128f,24,7,0.5252412250265479,25,7246,4368,3645,2606,1070,24,4951,3175,2076,753,252
quality_4_6_compact_3,compact,complete,4,full,grid25,227,d65961c61245df826dca27aabb411f6285d2182e5318485df8d6624fd757128f,24,7,0.5252932030707598,25,7375,4444,3629,2419,1077,24,4951,3175,2076,753,252
quality_4_6_compact_3,compact,complete,4,full,grid25,229,d65961c61245df826dca27aabb411f6285d2182e5318485df8d6624fd757128f,24,7,0.5246250783093274,25,7414,4460,3576,2141,1021,24,4951,3175,2076,753,252
quality_4_6_compact_3,compact,complete,4,full,grid25,233,d65961c61245df826dca27aabb411f6285d2182e5318485df8d6624fd757128f,24,7,0.5196268619038165,25,7219,4353,3624,2249,1010,24,4951,3175,2076,753,252
quality_4_6_compact_3,compact,complete,5,full,sherbrooke,211,6ef9db81788fa866f5d9fc1d3cb193d77a1a15510d99ac69e7d54cf821f56afa,24,9,13.964118597097695,127,36823,22096,5916,6660,1471,24,6241,4021,2688,949,320
quality_4_6_compact_3,compact,complete,5,full,sherbrooke,223,6ef9db81788fa866f5d9fc1d3cb193d77a1a15510d99ac69e7d54cf821f56afa,24,9,12.903843328822404,127,35781,21559,5649,7157,1548,24,6241,4021,2688,949,320
quality_4_6_compact_3,compact,complete,5,full,sherbrooke,227,6ef9db81788fa866f5d9fc1d3cb193d77a1a15510d99ac69e7d54cf821f56afa,24,9,13.259936151094735,127,37173,22423,5832,7491,1637,24,6241,4021,2688,949,320
quality_4_6_compact_3,compact,complete,5,full,sherbrooke,229,6ef9db81788fa866f5d9fc1d3cb193d77a1a15510d99ac69e7d54cf821f56afa,24,9,12.619111740030348,127,36919,22287,5844,7378,1591,24,6241,4021,2688,949,320
quality_4_6_compact_3,compact,complete,5,full,sherbrooke,233,6ef9db81788fa866f5d9fc1d3cb193d77a1a15510d99ac69e7d54cf821f56afa,24,9,12.53532300889492,127,36067,21790,5740,6870,1531,24,6241,4021,2688,949,320
quality_4_6_compact_3,compact,complete,5,full,line25,211,6ef9db81788fa866f5d9fc1d3cb193d77a1a15510d99ac69e7d54cf821f56afa,24,9,0.7272371589206159,25,14771,8627,5420,2382,1125,24,6241,4021,2688,949,320
quality_4_6_compact_3,compact,complete,5,full,line25,223,6ef9db81788fa866f5d9fc1d3cb193d77a1a15510d99ac69e7d54cf821f56afa,24,9,0.7248952020891011,25,14905,8713,5395,2326,1047,24,6241,4021,2688,949,320
quality_4_6_compact_3,compact,complete,5,full,line25,227,6ef9db81788fa866f5d9fc1d3cb193d77a1a15510d99ac69e7d54cf821f56afa,24,9,0.7243858450092375,25,15078,8801,5361,2354,1087,24,6241,4021,2688,949,320
quality_4_6_compact_3,compact,complete,5,full,line25,229,6ef9db81788fa866f5d9fc1d3cb193d77a1a15510d99ac69e7d54cf821f56afa,24,9,0.7269637160934508,25,14874,8690,5424,2534,1116,24,6241,4021,2688,949,320
quality_4_6_compact_3,compact,complete,5,full,line25,233,6ef9db81788fa866f5d9fc1d3cb193d77a1a15510d99ac69e7d54cf821f56afa,24,9,0.7243031589314342,25,14803,8650,5331,2371,1099,24,6241,4021,2688,949,320
quality_4_6_compact_3,compact,complete,5,full,grid25,211,6ef9db81788fa866f5d9fc1d3cb193d77a1a15510d99ac69e7d54cf821f56afa,24,9,0.6846020170487463,25,9223,5576,4808,3432,1512,24,6241,4021,2688,949,320
quality_4_6_compact_3,compact,complete,5,full,grid25,223,6ef9db81788fa866f5d9fc1d3cb193d77a1a15510d99ac69e7d54cf821f56afa,24,9,0.6880977917462587,25,9460,5703,4701,3436,1485,24,6241,4021,2688,949,320
quality_4_6_compact_3,compact,complete,5,full,grid25,227,6ef9db81788fa866f5d9fc1d3cb193d77a1a15510d99ac69e7d54cf821f56afa,24,9,0.6916286232881248,25,9006,5462,4860,3150,1430,24,6241,4021,2688,949,320
quality_4_6_compact_3,compact,complete,5,full,grid25,229,6ef9db81788fa866f5d9fc1d3cb193d77a1a15510d99ac69e7d54cf821f56afa,24,9,0.6876096851192415,25,9007,5466,4821,3415,1563,24,6241,4021,2688,949,320
quality_4_6_compact_3,compact,complete,5,full,grid25,233,6ef9db81788fa866f5d9fc1d3cb193d77a1a15510d99ac69e7d54cf821f56afa,24,9,0.6854342198930681,25,9233,5596,4765,3251,1384,24,6241,4021,2688,949,320
quality_4_6_compact_3,compact,complete,6,full,sherbrooke,211,3c19c7362f5882445cbbcfd0790563e2fe523225b83d0c3cc8575c6309b3e735,24,11,20.32227980485186,127,45973,27573,7432,8636,1945,24,7531,4867,3300,1145,388
quality_4_6_compact_3,compact,complete,6,full,sherbrooke,223,3c19c7362f5882445cbbcfd0790563e2fe523225b83d0c3cc8575c6309b3e735,24,11,20.1865528319031,127,45141,27136,7204,8746,1950,24,7531,4867,3300,1145,388
quality_4_6_compact_3,compact,complete,6,full,sherbrooke,227,3c19c7362f5882445cbbcfd0790563e2fe523225b83d0c3cc8575c6309b3e735,24,11,22.02420794032514,127,44275,26622,7138,8996,2025,24,7531,4867,3300,1145,388
quality_4_6_compact_3,compact,complete,6,full,sherbrooke,229,3c19c7362f5882445cbbcfd0790563e2fe523225b83d0c3cc8575c6309b3e735,24,11,19.64473074208945,127,44234,26676,6925,8772,1910,24,7531,4867,3300,1145,388
quality_4_6_compact_3,compact,complete,6,full,sherbrooke,233,3c19c7362f5882445cbbcfd0790563e2fe523225b83d0c3cc8575c6309b3e735,24,11,22.351081873755902,127,45966,27706,7254,9020,1970,24,7531,4867,3300,1145,388
quality_4_6_compact_3,compact,complete,6,full,line25,211,3c19c7362f5882445cbbcfd0790563e2fe523225b83d0c3cc8575c6309b3e735,24,11,0.9131392319686711,25,17769,10398,6798,2906,1379,24,7531,4867,3300,1145,388
quality_4_6_compact_3,compact,complete,6,full,line25,223,3c19c7362f5882445cbbcfd0790563e2fe523225b83d0c3cc8575c6309b3e735,24,11,0.9098000810481608,25,17906,10469,6778,3028,1345,24,7531,4867,3300,1145,388
quality_4_6_compact_3,compact,complete,6,full,line25,227,3c19c7362f5882445cbbcfd0790563e2fe523225b83d0c3cc8575c6309b3e735,24,11,0.9109675739891827,25,18293,10676,6632,3022,1345,24,7531,4867,3300,1145,388
quality_4_6_compact_3,compact,complete,6,full,line25,229,3c19c7362f5882445cbbcfd0790563e2fe523225b83d0c3cc8575c6309b3e735,24,11,0.9146852348931134,25,17815,10417,6724,2914,1320,24,7531,4867,3300,1145,388
quality_4_6_compact_3,compact,complete,6,full,line25,233,3c19c7362f5882445cbbcfd0790563e2fe523225b83d0c3cc8575c6309b3e735,24,11,0.9075069450773299,25,17863,10450,6712,2886,1286,24,7531,4867,3300,1145,388
quality_4_6_compact_3,compact,complete,6,full,grid25,211,3c19c7362f5882445cbbcfd0790563e2fe523225b83d0c3cc8575c6309b3e735,24,11,0.8560190601274371,25,11576,6991,5849,3791,1703,24,7531,4867,3300,1145,388
quality_4_6_compact_3,compact,complete,6,full,grid25,223,3c19c7362f5882445cbbcfd0790563e2fe523225b83d0c3cc8575c6309b3e735,24,11,0.8639359772205353,25,11191,6784,5951,3711,1708,24,7531,4867,3300,1145,388
quality_4_6_compact_3,compact,complete,6,full,grid25,227,3c19c7362f5882445cbbcfd0790563e2fe523225b83d0c3cc8575c6309b3e735,24,11,0.859985267277807,25,11555,6991,5899,4026,1757,24,7531,4867,3300,1145,388
quality_4_6_compact_3,compact,complete,6,full,grid25,229,3c19c7362f5882445cbbcfd0790563e2fe523225b83d0c3cc8575c6309b3e735,24,11,0.8573631141334772,25,11123,6741,5960,3978,1778,24,7531,4867,3300,1145,388
quality_4_6_compact_3,compact,complete,6,full,grid25,233,3c19c7362f5882445cbbcfd0790563e2fe523225b83d0c3cc8575c6309b3e735,24,11,0.8668524632230401,25,11001,6677,5982,3654,1664,24,7531,4867,3300,1145,388
quality_4_6_compact_3,compact,complete,7,full,sherbrooke,211,ac6a2a14ab87c37c64444c51012ca7060d12e74f6c01c656fec34d5be5853016,24,13,27.877960212063044,127,55208,33226,8686,11239,2495,24,8821,5713,3912,1341,456
quality_4_6_compact_3,compact,complete,7,full,sherbrooke,223,ac6a2a14ab87c37c64444c51012ca7060d12e74f6c01c656fec34d5be5853016,24,13,28.571290018968284,127,53625,32209,8585,10568,2334,24,8821,5713,3912,1341,456
quality_4_6_compact_3,compact,complete,7,full,sherbrooke,227,ac6a2a14ab87c37c64444c51012ca7060d12e74f6c01c656fec34d5be5853016,24,13,28.82032797066495,127,54095,32471,8741,10402,2279,24,8821,5713,3912,1341,456
quality_4_6_compact_3,compact,complete,7,full,sherbrooke,229,ac6a2a14ab87c37c64444c51012ca7060d12e74f6c01c656fec34d5be5853016,24,13,29.18424177914858,127,54520,32819,8621,11091,2467,24,8821,5713,3912,1341,456
quality_4_6_compact_3,compact,complete,7,full,sherbrooke,233,ac6a2a14ab87c37c64444c51012ca7060d12e74f6c01c656fec34d5be5853016,24,13,28.672286212909967,127,56435,34111,8842,11473,2433,24,8821,5713,3912,1341,456
quality_4_6_compact_3,compact,complete,7,full,line25,211,ac6a2a14ab87c37c64444c51012ca7060d12e74f6c01c656fec34d5be5853016,24,13,1.1028211223892868,25,21061,12325,8111,3501,1605,24,8821,5713,3912,1341,456
quality_4_6_compact_3,compact,complete,7,full,line25,223,ac6a2a14ab87c37c64444c51012ca7060d12e74f6c01c656fec34d5be5853016,24,13,1.084483868908137,25,20608,12074,8067,3411,1608,24,8821,5713,3912,1341,456
quality_4_6_compact_3,compact,complete,7,full,line25,227,ac6a2a14ab87c37c64444c51012ca7060d12e74f6c01c656fec34d5be5853016,24,13,1.0914650578051805,25,21189,12394,8054,3354,1554,24,8821,5713,3912,1341,456
quality_4_6_compact_3,compact,complete,7,full,line25,229,ac6a2a14ab87c37c64444c51012ca7060d12e74f6c01c656fec34d5be5853016,24,13,1.0888730008155107,25,20981,12282,8094,3461,1611,24,8821,5713,3912,1341,456
quality_4_6_compact_3,compact,complete,7,full,line25,233,ac6a2a14ab87c37c64444c51012ca7060d12e74f6c01c656fec34d5be5853016,24,13,1.0896555706858635,25,21180,12386,8104,3507,1586,24,8821,5713,3912,1341,456
quality_4_6_compact_3,compact,complete,7,full,grid25,211,ac6a2a14ab87c37c64444c51012ca7060d12e74f6c01c656fec34d5be5853016,24,13,1.0296297618187964,25,13098,7957,7087,4965,2238,24,8821,5713,3912,1341,456
quality_4_6_compact_3,compact,complete,7,full,grid25,223,ac6a2a14ab87c37c64444c51012ca7060d12e74f6c01c656fec34d5be5853016,24,13,1.026911717839539,25,13533,8188,7084,4712,2091,24,8821,5713,3912,1341,456
quality_4_6_compact_3,compact,complete,7,full,grid25,227,ac6a2a14ab87c37c64444c51012ca7060d12e74f6c01c656fec34d5be5853016,24,13,1.026212494354695,25,13192,7989,7140,5220,2327,24,8821,5713,3912,1341,456
quality_4_6_compact_3,compact,complete,7,full,grid25,229,ac6a2a14ab87c37c64444c51012ca7060d12e74f6c01c656fec34d5be5853016,24,13,1.025542015209794,25,13854,8368,7034,4619,1996,24,8821,5713,3912,1341,456
quality_4_6_compact_3,compact,complete,7,full,grid25,233,ac6a2a14ab87c37c64444c51012ca7060d12e74f6c01c656fec34d5be5853016,24,13,1.1272629611194134,25,12966,7861,7093,4809,2104,24,8821,5713,3912,1341,456
quality_4_6_compact_3,compact,complete,8,full,sherbrooke,211,40ad4759fd34e6bd2986278f789e4442255e3081a1c71a72cf14275e5e204c1b,24,15,38.14651902997866,127,63762,38319,10250,12302,2674,24,10111,6559,4524,1537,524
quality_4_6_compact_3,compact,complete,8,full,sherbrooke,223,40ad4759fd34e6bd2986278f789e4442255e3081a1c71a72cf14275e5e204c1b,24,15,38.28662357199937,127,63730,38282,10222,12749,2783,24,10111,6559,4524,1537,524
quality_4_6_compact_3,compact,complete,8,full,sherbrooke,227,40ad4759fd34e6bd2986278f789e4442255e3081a1c71a72cf14275e5e204c1b,24,15,39.11251663090661,127,62976,37882,10088,12069,2648,24,10111,6559,4524,1537,524
quality_4_6_compact_3,compact,complete,8,full,sherbrooke,229,40ad4759fd34e6bd2986278f789e4442255e3081a1c71a72cf14275e5e204c1b,24,15,37.73005284462124,127,63475,38245,10157,12510,2736,24,10111,6559,4524,1537,524
quality_4_6_compact_3,compact,complete,8,full,sherbrooke,233,40ad4759fd34e6bd2986278f789e4442255e3081a1c71a72cf14275e5e204c1b,24,15,38.17684076912701,127,63129,38038,9915,12415,2647,24,10111,6559,4524,1537,524
quality_4_6_compact_3,compact,complete,8,full,line25,211,40ad4759fd34e6bd2986278f789e4442255e3081a1c71a72cf14275e5e204c1b,24,15,1.2861324725672603,25,24853,14532,9290,4019,1858,24,10111,6559,4524,1537,524
quality_4_6_compact_3,compact,complete,8,full,line25,223,40ad4759fd34e6bd2986278f789e4442255e3081a1c71a72cf14275e5e204c1b,24,15,1.2746857083402574,25,24428,14299,9288,4084,1863,24,10111,6559,4524,1537,524
quality_4_6_compact_3,compact,complete,8,full,line25,227,40ad4759fd34e6bd2986278f789e4442255e3081a1c71a72cf14275e5e204c1b,24,15,1.281704307999462,25,24409,14283,9342,4069,1911,24,10111,6559,4524,1537,524
quality_4_6_compact_3,compact,complete,8,full,line25,229,40ad4759fd34e6bd2986278f789e4442255e3081a1c71a72cf14275e5e204c1b,24,15,1.2934463368728757,25,24410,14281,9363,4158,1955,24,10111,6559,4524,1537,524
quality_4_6_compact_3,compact,complete,8,full,line25,233,40ad4759fd34e6bd2986278f789e4442255e3081a1c71a72cf14275e5e204c1b,24,15,1.398957540281117,25,24492,14342,9350,3987,1906,24,10111,6559,4524,1537,524
quality_4_6_compact_3,compact,complete,8,full,grid25,211,40ad4759fd34e6bd2986278f789e4442255e3081a1c71a72cf14275e5e204c1b,24,15,1.211728363763541,25,15505,9390,8188,5052,2257,24,10111,6559,4524,1537,524
quality_4_6_compact_3,compact,complete,8,full,grid25,223,40ad4759fd34e6bd2986278f789e4442255e3081a1c71a72cf14275e5e204c1b,24,15,1.1981311808340251,25,15151,9193,8127,5444,2419,24,10111,6559,4524,1537,524
quality_4_6_compact_3,compact,complete,8,full,grid25,227,40ad4759fd34e6bd2986278f789e4442255e3081a1c71a72cf14275e5e204c1b,24,15,1.2035174160264432,25,15477,9369,8219,5487,2551,24,10111,6559,4524,1537,524
quality_4_6_compact_3,compact,complete,8,full,grid25,229,40ad4759fd34e6bd2986278f789e4442255e3081a1c71a72cf14275e5e204c1b,24,15,1.2032849481329322,25,15305,9280,8246,5761,2524,24,10111,6559,4524,1537,524
quality_4_6_compact_3,compact,complete,8,full,grid25,233,40ad4759fd34e6bd2986278f789e4442255e3081a1c71a72cf14275e5e204c1b,24,15,1.2087638769298792,25,15478,9371,8254,5259,2369,24,10111,6559,4524,1537,524
quality_4_6_compact_3,compact,complete,9,full,sherbrooke,211,fcc55a2c2b7606a65b488a3a2eb56ef6f14f99545c9fc9162a9ea9ef601cc924,24,17,42.96936869993806,127,70464,42471,11083,13751,2987,24,11401,7405,5136,1733,592
quality_4_6_compact_3,compact,complete,9,full,sherbrooke,223,fcc55a2c2b7606a65b488a3a2eb56ef6f14f99545c9fc9162a9ea9ef601cc924,24,17,47.199433871079236,127,72047,43386,11571,14971,3214,24,11401,7405,5136,1733,592
quality_4_6_compact_3,compact,complete,9,full,sherbrooke,227,fcc55a2c2b7606a65b488a3a2eb56ef6f14f99545c9fc9162a9ea9ef601cc924,24,17,50.8931435868144,127,71391,42942,11635,13703,3075,24,11401,7405,5136,1733,592
quality_4_6_compact_3,compact,complete,9,full,sherbrooke,229,fcc55a2c2b7606a65b488a3a2eb56ef6f14f99545c9fc9162a9ea9ef601cc924,24,17,50.58604120183736,127,73485,44319,11693,14209,3104,24,11401,7405,5136,1733,592
quality_4_6_compact_3,compact,complete,9,full,sherbrooke,233,fcc55a2c2b7606a65b488a3a2eb56ef6f14f99545c9fc9162a9ea9ef601cc924,24,17,50.10943486401811,127,73020,44070,11582,14249,3042,24,11401,7405,5136,1733,592
quality_4_6_compact_3,compact,complete,9,full,line25,211,fcc55a2c2b7606a65b488a3a2eb56ef6f14f99545c9fc9162a9ea9ef601cc924,24,17,1.4762962381355464,25,27274,15981,10733,4595,2233,24,11401,7405,5136,1733,592
quality_4_6_compact_3,compact,complete,9,full,line25,223,fcc55a2c2b7606a65b488a3a2eb56ef6f14f99545c9fc9162a9ea9ef601cc924,24,17,1.465050941798836,25,27317,16008,10774,4522,2250,24,11401,7405,5136,1733,592
quality_4_6_compact_3,compact,complete,9,full,line25,227,fcc55a2c2b7606a65b488a3a2eb56ef6f14f99545c9fc9162a9ea9ef601cc924,24,17,1.4712650710716844,25,27568,16131,10706,4590,2148,24,11401,7405,5136,1733,592
quality_4_6_compact_3,compact,complete,9,full,line25,229,fcc55a2c2b7606a65b488a3a2eb56ef6f14f99545c9fc9162a9ea9ef601cc924,24,17,1.4770450536161661,25,27865,16301,10512,4472,2118,24,11401,7405,5136,1733,592
quality_4_6_compact_3,compact,complete,9,full,line25,233,fcc55a2c2b7606a65b488a3a2eb56ef6f14f99545c9fc9162a9ea9ef601cc924,24,17,1.5875587109476328,25,28199,16486,10674,4584,2186,24,11401,7405,5136,1733,592
quality_4_6_compact_3,compact,complete,9,full,grid25,211,fcc55a2c2b7606a65b488a3a2eb56ef6f14f99545c9fc9162a9ea9ef601cc924,24,17,1.3830800238065422,25,17447,10577,9274,6001,2718,24,11401,7405,5136,1733,592
quality_4_6_compact_3,compact,complete,9,full,grid25,223,fcc55a2c2b7606a65b488a3a2eb56ef6f14f99545c9fc9162a9ea9ef601cc924,24,17,1.3839116762392223,25,17310,10516,9429,6157,2780,24,11401,7405,5136,1733,592
quality_4_6_compact_3,compact,complete,9,full,grid25,227,fcc55a2c2b7606a65b488a3a2eb56ef6f14f99545c9fc9162a9ea9ef601cc924,24,17,1.3729834537953138,25,17228,10456,9402,6720,2910,24,11401,7405,5136,1733,592
quality_4_6_compact_3,compact,complete,9,full,grid25,229,fcc55a2c2b7606a65b488a3a2eb56ef6f14f99545c9fc9162a9ea9ef601cc924,24,17,1.382405768148601,25,17487,10612,9405,6151,2807,24,11401,7405,5136,1733,592
quality_4_6_compact_3,compact,complete,9,full,grid25,233,fcc55a2c2b7606a65b488a3a2eb56ef6f14f99545c9fc9162a9ea9ef601cc924,24,17,1.3734536170959473,25,17373,10543,9382,5920,2707,24,11401,7405,5136,1733,592
quality_4_6_compact_3,compact,complete,10,full,sherbrooke,211,5dced72ee74e0f820e3d53d8abc827e2a2bd25172ca95d657a76b8da5609343a,24,19,64.13594863889739,127,82917,49698,13450,15427,3451,24,12691,8251,5748,1929,660
quality_4_6_compact_3,compact,complete,10,full,sherbrooke,223,5dced72ee74e0f820e3d53d8abc827e2a2bd25172ca95d657a76b8da5609343a,24,19,59.975952165201306,127,81842,49357,12916,16994,3679,24,12691,8251,5748,1929,660
quality_4_6_compact_3,compact,complete,10,full,sherbrooke,227,5dced72ee74e0f820e3d53d8abc827e2a2bd25172ca95d657a76b8da5609343a,24,19,60.53092101821676,127,82446,49763,12967,16617,3529,24,12691,8251,5748,1929,660
quality_4_6_compact_3,compact,complete,10,full,sherbrooke,229,5dced72ee74e0f820e3d53d8abc827e2a2bd25172ca95d657a76b8da5609343a,24,19,62.85104136867449,127,82303,49747,12760,14273,3098,24,12691,8251,5748,1929,660
quality_4_6_compact_3,compact,complete,10,full,sherbrooke,233,5dced72ee74e0f820e3d53d8abc827e2a2bd25172ca95d657a76b8da5609343a,24,19,62.13680992182344,127,81334,48795,13259,17276,3816,24,12691,8251,5748,1929,660
quality_4_6_compact_3,compact,complete,10,full,line25,211,5dced72ee74e0f820e3d53d8abc827e2a2bd25172ca95d657a76b8da5609343a,24,19,1.6758251800201833,25,31222,18279,11972,5111,2448,24,12691,8251,5748,1929,660
quality_4_6_compact_3,compact,complete,10,full,line25,223,5dced72ee74e0f820e3d53d8abc827e2a2bd25172ca95d657a76b8da5609343a,24,19,1.6716600288636982,25,30654,17953,12085,5119,2456,24,12691,8251,5748,1929,660
quality_4_6_compact_3,compact,complete,10,full,line25,227,5dced72ee74e0f820e3d53d8abc827e2a2bd25172ca95d657a76b8da5609343a,24,19,1.6686043213121593,25,31057,18180,12010,5149,2446,24,12691,8251,5748,1929,660
quality_4_6_compact_3,compact,complete,10,full,line25,229,5dced72ee74e0f820e3d53d8abc827e2a2bd25172ca95d657a76b8da5609343a,24,19,1.6707230391912162,25,31048,18174,11951,4961,2349,24,12691,8251,5748,1929,660
quality_4_6_compact_3,compact,complete,10,full,line25,233,5dced72ee74e0f820e3d53d8abc827e2a2bd25172ca95d657a76b8da5609343a,24,19,1.7840847540646791,25,30639,17962,12024,4933,2317,24,12691,8251,5748,1929,660
quality_4_6_compact_3,compact,complete,10,full,grid25,211,5dced72ee74e0f820e3d53d8abc827e2a2bd25172ca95d657a76b8da5609343a,24,19,1.565444584004581,25,19684,11915,10489,6612,2977,24,12691,8251,5748,1929,660
quality_4_6_compact_3,compact,complete,10,full,grid25,223,5dced72ee74e0f820e3d53d8abc827e2a2bd25172ca95d657a76b8da5609343a,24,19,1.567216461058706,25,19376,11740,10563,7352,3128,24,12691,8251,5748,1929,660
quality_4_6_compact_3,compact,complete,10,full,grid25,227,5dced72ee74e0f820e3d53d8abc827e2a2bd25172ca95d657a76b8da5609343a,24,19,1.5654371809214354,25,19942,12063,10558,7353,3219,24,12691,8251,5748,1929,660
quality_4_6_compact_3,compact,complete,10,full,grid25,229,5dced72ee74e0f820e3d53d8abc827e2a2bd25172ca95d657a76b8da5609343a,24,19,1.5646265279501677,25,19447,11790,10541,6788,3154,24,12691,8251,5748,1929,660
quality_4_6_compact_3,compact,complete,10,full,grid25,233,5dced72ee74e0f820e3d53d8abc827e2a2bd25172ca95d657a76b8da5609343a,24,19,1.5634756069630384,25,19663,11911,10485,6936,3152,24,12691,8251,5748,1929,660
quality_4_6_compact_3,compact,complete,11,full,sherbrooke,211,c6ad29fb96571fe02f81bf69a43452455684c120a0e0584f6eeb3846ba9d7888,24,21,71.37588665494695,127,90745,54778,14421,17795,3808,24,13981,9097,6360,2125,728
quality_4_6_compact_3,compact,complete,11,full,sherbrooke,223,c6ad29fb96571fe02f81bf69a43452455684c120a0e0584f6eeb3846ba9d7888,24,21,78.07597067486495,127,91047,54764,14689,18468,4095,24,13981,9097,6360,2125,728
quality_4_6_compact_3,compact,complete,11,full,sherbrooke,227,c6ad29fb96571fe02f81bf69a43452455684c120a0e0584f6eeb3846ba9d7888,24,21,76.21583266183734,127,88852,53443,14331,16336,3647,24,13981,9097,6360,2125,728
quality_4_6_compact_3,compact,complete,11,full,sherbrooke,229,c6ad29fb96571fe02f81bf69a43452455684c120a0e0584f6eeb3846ba9d7888,24,21,78.30068202223629,127,88401,53183,14137,16317,3715,24,13981,9097,6360,2125,728
quality_4_6_compact_3,compact,complete,11,full,sherbrooke,233,c6ad29fb96571fe02f81bf69a43452455684c120a0e0584f6eeb3846ba9d7888,24,21,78.87075301492587,127,90793,54556,14821,17629,4001,24,13981,9097,6360,2125,728
quality_4_6_compact_3,compact,complete,11,full,line25,211,c6ad29fb96571fe02f81bf69a43452455684c120a0e0584f6eeb3846ba9d7888,24,21,1.8818981628865004,25,34593,20233,13283,5749,2764,24,13981,9097,6360,2125,728
quality_4_6_compact_3,compact,complete,11,full,line25,223,c6ad29fb96571fe02f81bf69a43452455684c120a0e0584f6eeb3846ba9d7888,24,21,1.987606044858694,25,33611,19697,13389,5637,2664,24,13981,9097,6360,2125,728
quality_4_6_compact_3,compact,complete,11,full,line25,227,c6ad29fb96571fe02f81bf69a43452455684c120a0e0584f6eeb3846ba9d7888,24,21,1.8866472612135112,25,33746,19776,13354,5799,2792,24,13981,9097,6360,2125,728
quality_4_6_compact_3,compact,complete,11,full,line25,229,c6ad29fb96571fe02f81bf69a43452455684c120a0e0584f6eeb3846ba9d7888,24,21,1.877827038988471,25,34312,20082,13311,5723,2655,24,13981,9097,6360,2125,728
quality_4_6_compact_3,compact,complete,11,full,line25,233,c6ad29fb96571fe02f81bf69a43452455684c120a0e0584f6eeb3846ba9d7888,24,21,1.8686565477401018,25,34254,20051,13229,5781,2735,24,13981,9097,6360,2125,728
quality_4_6_compact_3,compact,complete,11,full,grid25,211,c6ad29fb96571fe02f81bf69a43452455684c120a0e0584f6eeb3846ba9d7888,24,21,1.7557254922576249,25,21052,12781,11663,7547,3554,24,13981,9097,6360,2125,728
quality_4_6_compact_3,compact,complete,11,full,grid25,223,c6ad29fb96571fe02f81bf69a43452455684c120a0e0584f6eeb3846ba9d7888,24,21,1.7788616479374468,25,21071,12822,11769,7902,3588,24,13981,9097,6360,2125,728
quality_4_6_compact_3,compact,complete,11,full,grid25,227,c6ad29fb96571fe02f81bf69a43452455684c120a0e0584f6eeb3846ba9d7888,24,21,1.7469500927254558,25,21524,13074,11744,7795,3655,24,13981,9097,6360,2125,728
quality_4_6_compact_3,compact,complete,11,full,grid25,229,c6ad29fb96571fe02f81bf69a43452455684c120a0e0584f6eeb3846ba9d7888,24,21,1.754096542019397,25,21616,13099,11698,7618,3566,24,13981,9097,6360,2125,728
quality_4_6_compact_3,compact,complete,11,full,grid25,233,c6ad29fb96571fe02f81bf69a43452455684c120a0e0584f6eeb3846ba9d7888,24,21,1.7337816851213574,25,21326,12945,11567,7530,3367,24,13981,9097,6360,2125,728
quality_4_6_compact_3,compact,complete,12,full,sherbrooke,211,9d19c6590184a5fd626dce463ee51187f9798d6508677fd431fb32d7c0393ec4,24,23,92.8538568969816,127,101159,60767,16352,20135,4262,24,15271,9943,6972,2321,796
quality_4_6_compact_3,compact,complete,12,full,sherbrooke,223,9d19c6590184a5fd626dce463ee51187f9798d6508677fd431fb32d7c0393ec4,24,23,93.55450618406758,127,100354,60427,16101,19314,4272,24,15271,9943,6972,2321,796
quality_4_6_compact_3,compact,complete,12,full,sherbrooke,227,9d19c6590184a5fd626dce463ee51187f9798d6508677fd431fb32d7c0393ec4,24,23,96.27875524898991,127,97350,58426,15951,20449,4501,24,15271,9943,6972,2321,796
quality_4_6_compact_3,compact,complete,12,full,sherbrooke,229,9d19c6590184a5fd626dce463ee51187f9798d6508677fd431fb32d7c0393ec4,24,23,100.51947996485978,127,98938,59295,15990,20557,4580,24,15271,9943,6972,2321,796
quality_4_6_compact_3,compact,complete,12,full,sherbrooke,233,9d19c6590184a5fd626dce463ee51187f9798d6508677fd431fb32d7c0393ec4,24,23,92.33002506801859,127,100496,60726,15712,20550,4303,24,15271,9943,6972,2321,796
quality_4_6_compact_3,compact,complete,12,full,line25,211,9d19c6590184a5fd626dce463ee51187f9798d6508677fd431fb32d7c0393ec4,24,23,2.261491776909679,25,37467,21940,14535,6098,2920,24,15271,9943,6972,2321,796
quality_4_6_compact_3,compact,complete,12,full,line25,223,9d19c6590184a5fd626dce463ee51187f9798d6508677fd431fb32d7c0393ec4,24,23,2.16527237277478,25,37499,21966,14696,6209,3006,24,15271,9943,6972,2321,796
quality_4_6_compact_3,compact,complete,12,full,line25,227,9d19c6590184a5fd626dce463ee51187f9798d6508677fd431fb32d7c0393ec4,24,23,2.1781847807578743,25,37303,21849,14738,6262,3060,24,15271,9943,6972,2321,796
quality_4_6_compact_3,compact,complete,12,full,line25,229,9d19c6590184a5fd626dce463ee51187f9798d6508677fd431fb32d7c0393ec4,24,23,2.1523675499483943,25,37466,21941,14609,6112,2951,24,15271,9943,6972,2321,796
quality_4_6_compact_3,compact,complete,12,full,line25,233,9d19c6590184a5fd626dce463ee51187f9798d6508677fd431fb32d7c0393ec4,24,23,2.1513230381533504,25,37764,22104,14606,6191,2973,24,15271,9943,6972,2321,796
quality_4_6_compact_3,compact,complete,12,full,grid25,211,9d19c6590184a5fd626dce463ee51187f9798d6508677fd431fb32d7c0393ec4,24,23,2.000560762360692,25,23670,14354,12950,8839,3945,24,15271,9943,6972,2321,796
quality_4_6_compact_3,compact,complete,12,full,grid25,223,9d19c6590184a5fd626dce463ee51187f9798d6508677fd431fb32d7c0393ec4,24,23,1.9934451188892126,25,23222,14123,12825,8477,3854,24,15271,9943,6972,2321,796
quality_4_6_compact_3,compact,complete,12,full,grid25,227,9d19c6590184a5fd626dce463ee51187f9798d6508677fd431fb32d7c0393ec4,24,23,1.9887687382288277,25,23446,14245,12919,9180,4143,24,15271,9943,6972,2321,796
quality_4_6_compact_3,compact,complete,12,full,grid25,229,9d19c6590184a5fd626dce463ee51187f9798d6508677fd431fb32d7c0393ec4,24,23,2.0615238309837878,25,23669,14350,12632,8521,3828,24,15271,9943,6972,2321,796
quality_4_6_compact_3,compact,complete,12,full,grid25,233,9d19c6590184a5fd626dce463ee51187f9798d6508677fd431fb32d7c0393ec4,24,23,1.9950007311999798,25,23064,14011,12956,8977,4100,24,15271,9943,6972,2321,796
quality_4_6_compact_3,compact,ring,1,full,sherbrooke,211,2ee7593459d24f7afd6c0760146f2b54d80be29caeb4580c085b0ab727971d67,24,1,0.2158411331474781,127,1127,682,146,186,34,24,541,313,96,106,24
quality_4_6_compact_3,compact,ring,1,full,sherbrooke,223,2ee7593459d24f7afd6c0760146f2b54d80be29caeb4580c085b0ab727971d67,24,1,0.03517091507092118,127,1189,723,151,209,42,24,541,313,96,106,24
quality_4_6_compact_3,compact,ring,1,full,sherbrooke,227,2ee7593459d24f7afd6c0760146f2b54d80be29caeb4580c085b0ab727971d67,24,1,0.03263743780553341,127,1121,686,151,250,46,24,541,313,96,106,24
quality_4_6_compact_3,compact,ring,1,full,sherbrooke,229,2ee7593459d24f7afd6c0760146f2b54d80be29caeb4580c085b0ab727971d67,24,1,0.03818251006305218,127,1111,681,143,190,36,24,541,313,96,106,24
quality_4_6_compact_3,compact,ring,1,full,sherbrooke,233,2ee7593459d24f7afd6c0760146f2b54d80be29caeb4580c085b0ab727971d67,24,1,0.03219625912606716,127,1079,655,151,199,39,24,541,313,96,106,24
quality_4_6_compact_3,compact,ring,1,full,line25,211,2ee7593459d24f7afd6c0760146f2b54d80be29caeb4580c085b0ab727971d67,24,1,0.023378971964120865,25,579,335,149,120,34,24,541,313,96,106,24
quality_4_6_compact_3,compact,ring,1,full,line25,223,2ee7593459d24f7afd6c0760146f2b54d80be29caeb4580c085b0ab727971d67,24,1,0.0230510956607759,25,597,348,144,121,34,24,541,313,96,106,24
quality_4_6_compact_3,compact,ring,1,full,line25,227,2ee7593459d24f7afd6c0760146f2b54d80be29caeb4580c085b0ab727971d67,24,1,0.022874294314533472,25,601,350,147,122,34,24,541,313,96,106,24
quality_4_6_compact_3,compact,ring,1,full,line25,229,2ee7593459d24f7afd6c0760146f2b54d80be29caeb4580c085b0ab727971d67,24,1,0.02345530455932021,25,605,352,149,122,32,24,541,313,96,106,24
quality_4_6_compact_3,compact,ring,1,full,line25,233,2ee7593459d24f7afd6c0760146f2b54d80be29caeb4580c085b0ab727971d67,24,1,0.022389634046703577,25,600,351,146,121,32,24,541,313,96,106,24
quality_4_6_compact_3,compact,ring,1,full,grid25,211,2ee7593459d24f7afd6c0760146f2b54d80be29caeb4580c085b0ab727971d67,24,1,0.019046816043555737,25,551,318,102,113,27,24,541,313,96,106,24
quality_4_6_compact_3,compact,ring,1,full,grid25,223,2ee7593459d24f7afd6c0760146f2b54d80be29caeb4580c085b0ab727971d67,24,1,0.01819788198918104,25,541,313,96,106,24,24,541,313,96,106,24
quality_4_6_compact_3,compact,ring,1,full,grid25,227,2ee7593459d24f7afd6c0760146f2b54d80be29caeb4580c085b0ab727971d67,24,1,0.01896203774958849,25,541,313,102,110,27,24,541,313,96,106,24
quality_4_6_compact_3,compact,ring,1,full,grid25,229,2ee7593459d24f7afd6c0760146f2b54d80be29caeb4580c085b0ab727971d67,24,1,0.0186289818957448,25,569,329,106,127,31,24,541,313,96,106,24
quality_4_6_compact_3,compact,ring,1,full,grid25,233,2ee7593459d24f7afd6c0760146f2b54d80be29caeb4580c085b0ab727971d67,24,1,0.019210463855415583,25,549,317,100,114,28,24,541,313,96,106,24
quality_4_6_compact_3,compact,ring,2,full,sherbrooke,211,c59a4febf95714364b70a1f8d91e0ed2b1de3e3cd5bd8ee603c233fa15926d3f,24,3,0.9290190418250859,127,7888,4734,1272,1835,415,24,1291,835,564,291,100
quality_4_6_compact_3,compact,ring,2,full,sherbrooke,223,c59a4febf95714364b70a1f8d91e0ed2b1de3e3cd5bd8ee603c233fa15926d3f,24,3,0.7333727311342955,127,7968,4816,1249,1739,386,24,1291,835,564,291,100
quality_4_6_compact_3,compact,ring,2,full,sherbrooke,227,c59a4febf95714364b70a1f8d91e0ed2b1de3e3cd5bd8ee603c233fa15926d3f,24,3,0.8185201832093298,127,8081,4898,1263,1698,362,24,1291,835,564,291,100
quality_4_6_compact_3,compact,ring,2,full,sherbrooke,229,c59a4febf95714364b70a1f8d91e0ed2b1de3e3cd5bd8ee603c233fa15926d3f,24,3,0.7339822449721396,127,7747,4692,1201,1503,328,24,1291,835,564,291,100
quality_4_6_compact_3,compact,ring,2,full,sherbrooke,233,c59a4febf95714364b70a1f8d91e0ed2b1de3e3cd5bd8ee603c233fa15926d3f,24,3,0.8278892869129777,127,8126,4865,1309,1646,354,24,1291,835,564,291,100
quality_4_6_compact_3,compact,ring,2,full,line25,211,c59a4febf95714364b70a1f8d91e0ed2b1de3e3cd5bd8ee603c233fa15926d3f,24,3,0.15867820102721453,25,2928,1726,1213,612,273,24,1291,835,564,291,100
quality_4_6_compact_3,compact,ring,2,full,line25,223,c59a4febf95714364b70a1f8d91e0ed2b1de3e3cd5bd8ee603c233fa15926d3f,24,3,0.15692284470424056,25,2846,1683,1238,627,285,24,1291,835,564,291,100
quality_4_6_compact_3,compact,ring,2,full,line25,227,c59a4febf95714364b70a1f8d91e0ed2b1de3e3cd5bd8ee603c233fa15926d3f,24,3,0.1596385147422552,25,2948,1740,1216,707,324,24,1291,835,564,291,100
quality_4_6_compact_3,compact,ring,2,full,line25,229,c59a4febf95714364b70a1f8d91e0ed2b1de3e3cd5bd8ee603c233fa15926d3f,24,3,0.16341409413143992,25,2902,1715,1200,676,335,24,1291,835,564,291,100
quality_4_6_compact_3,compact,ring,2,full,line25,233,c59a4febf95714364b70a1f8d91e0ed2b1de3e3cd5bd8ee603c233fa15926d3f,24,3,0.16022080788388848,25,3015,1779,1191,686,321,24,1291,835,564,291,100
quality_4_6_compact_3,compact,ring,2,full,grid25,211,c59a4febf95714364b70a1f8d91e0ed2b1de3e3cd5bd8ee603c233fa15926d3f,24,3,0.1440218291245401,25,1944,1183,968,715,316,24,1291,835,564,291,100
quality_4_6_compact_3,compact,ring,2,full,grid25,223,c59a4febf95714364b70a1f8d91e0ed2b1de3e3cd5bd8ee603c233fa15926d3f,24,3,0.14398912712931633,25,1902,1164,963,734,321,24,1291,835,564,291,100
quality_4_6_compact_3,compact,ring,2,full,grid25,227,c59a4febf95714364b70a1f8d91e0ed2b1de3e3cd5bd8ee603c233fa15926d3f,24,3,0.144898674916476,25,1654,1025,1015,849,391,24,1291,835,564,291,100
quality_4_6_compact_3,compact,ring,2,full,grid25,229,c59a4febf95714364b70a1f8d91e0ed2b1de3e3cd5bd8ee603c233fa15926d3f,24,3,0.14699172507971525,25,1812,1116,994,790,358,24,1291,835,564,291,100
quality_4_6_compact_3,compact,ring,2,full,grid25,233,c59a4febf95714364b70a1f8d91e0ed2b1de3e3cd5bd8ee603c233fa15926d3f,24,3,0.14582725893706083,25,1845,1133,985,695,338,24,1291,835,564,291,100
quality_4_6_compact_3,compact,ring,3,full,sherbrooke,211,69ff75fa3fc2d672217aa99b8dae626c97869ac6eeb3dbd70ee5becb124b2ce7,24,5,2.71930410573259,127,15629,9384,2493,2725,615,24,2041,1357,1032,458,164
quality_4_6_compact_3,compact,ring,3,full,sherbrooke,223,69ff75fa3fc2d672217aa99b8dae626c97869ac6eeb3dbd70ee5becb124b2ce7,24,5,2.535150134935975,127,15257,9173,2500,3369,757,24,2041,1357,1032,458,164
quality_4_6_compact_3,compact,ring,3,full,sherbrooke,227,69ff75fa3fc2d672217aa99b8dae626c97869ac6eeb3dbd70ee5becb124b2ce7,24,5,2.4376655160449445,127,15118,9036,2533,3442,776,24,2041,1357,1032,458,164
quality_4_6_compact_3,compact,ring,3,full,sherbrooke,229,69ff75fa3fc2d672217aa99b8dae626c97869ac6eeb3dbd70ee5becb124b2ce7,24,5,2.6494548809714615,127,15086,9111,2385,2982,665,24,2041,1357,1032,458,164
quality_4_6_compact_3,compact,ring,3,full,sherbrooke,233,69ff75fa3fc2d672217aa99b8dae626c97869ac6eeb3dbd70ee5becb124b2ce7,24,5,2.5635877060703933,127,15213,9163,2453,3300,760,24,2041,1357,1032,458,164
quality_4_6_compact_3,compact,ring,3,full,line25,211,69ff75fa3fc2d672217aa99b8dae626c97869ac6eeb3dbd70ee5becb124b2ce7,24,5,0.31310530891641974,25,5115,3033,2410,1121,554,24,2041,1357,1032,458,164
quality_4_6_compact_3,compact,ring,3,full,line25,223,69ff75fa3fc2d672217aa99b8dae626c97869ac6eeb3dbd70ee5becb124b2ce7,24,5,0.308667013887316,25,5279,3126,2369,1126,539,24,2041,1357,1032,458,164
quality_4_6_compact_3,compact,ring,3,full,line25,227,69ff75fa3fc2d672217aa99b8dae626c97869ac6eeb3dbd70ee5becb124b2ce7,24,5,0.3075460400432348,25,5278,3123,2365,1146,557,24,2041,1357,1032,458,164
quality_4_6_compact_3,compact,ring,3,full,line25,229,69ff75fa3fc2d672217aa99b8dae626c97869ac6eeb3dbd70ee5becb124b2ce7,24,5,0.304123361594975,25,5001,2974,2452,1133,577,24,2041,1357,1032,458,164
quality_4_6_compact_3,compact,ring,3,full,line25,233,69ff75fa3fc2d672217aa99b8dae626c97869ac6eeb3dbd70ee5becb124b2ce7,24,5,0.30935283238068223,25,4835,2882,2455,1119,581,24,2041,1357,1032,458,164
quality_4_6_compact_3,compact,ring,3,full,grid25,211,69ff75fa3fc2d672217aa99b8dae626c97869ac6eeb3dbd70ee5becb124b2ce7,24,5,0.27704264922067523,25,2921,1823,1974,1389,745,24,2041,1357,1032,458,164
quality_4_6_compact_3,compact,ring,3,full,grid25,223,69ff75fa3fc2d672217aa99b8dae626c97869ac6eeb3dbd70ee5becb124b2ce7,24,5,0.2755736610852182,25,3452,2122,1874,1184,529,24,2041,1357,1032,458,164
quality_4_6_compact_3,compact,ring,3,full,grid25,227,69ff75fa3fc2d672217aa99b8dae626c97869ac6eeb3dbd70ee5becb124b2ce7,24,5,0.27746870880946517,25,3077,1908,1943,1317,616,24,2041,1357,1032,458,164
quality_4_6_compact_3,compact,ring,3,full,grid25,229,69ff75fa3fc2d672217aa99b8dae626c97869ac6eeb3dbd70ee5becb124b2ce7,24,5,0.27492540376260877,25,2983,1863,1913,1260,645,24,2041,1357,1032,458,164
quality_4_6_compact_3,compact,ring,3,full,grid25,233,69ff75fa3fc2d672217aa99b8dae626c97869ac6eeb3dbd70ee5becb124b2ce7,24,5,0.27324992837384343,25,3028,1887,1934,1183,619,24,2041,1357,1032,458,164
quality_4_6_compact_3,compact,ring,4,full,sherbrooke,211,174fd26f3ccd8e79e5e775304fa6ba96de3e24730593e06f54d80ce3ca52d6f6,24,7,5.560981217771769,127,22702,13609,3748,5052,1144,24,2791,1879,1500,625,228
quality_4_6_compact_3,compact,ring,4,full,sherbrooke,223,174fd26f3ccd8e79e5e775304fa6ba96de3e24730593e06f54d80ce3ca52d6f6,24,7,5.883252419065684,127,22605,13520,3750,4930,1114,24,2791,1879,1500,625,228
quality_4_6_compact_3,compact,ring,4,full,sherbrooke,227,174fd26f3ccd8e79e5e775304fa6ba96de3e24730593e06f54d80ce3ca52d6f6,24,7,5.635050578042865,127,22032,13156,3714,4341,1022,24,2791,1879,1500,625,228
quality_4_6_compact_3,compact,ring,4,full,sherbrooke,229,174fd26f3ccd8e79e5e775304fa6ba96de3e24730593e06f54d80ce3ca52d6f6,24,7,5.508591958787292,127,22447,13487,3683,4591,1053,24,2791,1879,1500,625,228
quality_4_6_compact_3,compact,ring,4,full,sherbrooke,233,174fd26f3ccd8e79e5e775304fa6ba96de3e24730593e06f54d80ce3ca52d6f6,24,7,5.525831331964582,127,22581,13509,3799,4790,1110,24,2791,1879,1500,625,228
quality_4_6_compact_3,compact,ring,4,full,line25,211,174fd26f3ccd8e79e5e775304fa6ba96de3e24730593e06f54d80ce3ca52d6f6,24,7,0.4547754409722984,25,6960,4151,3684,1546,778,24,2791,1879,1500,625,228
quality_4_6_compact_3,compact,ring,4,full,line25,223,174fd26f3ccd8e79e5e775304fa6ba96de3e24730593e06f54d80ce3ca52d6f6,24,7,0.452084818854928,25,6927,4131,3717,1634,859,24,2791,1879,1500,625,228
quality_4_6_compact_3,compact,ring,4,full,line25,227,174fd26f3ccd8e79e5e775304fa6ba96de3e24730593e06f54d80ce3ca52d6f6,24,7,0.450070396065712,25,6888,4109,3629,1513,800,24,2791,1879,1500,625,228
quality_4_6_compact_3,compact,ring,4,full,line25,229,174fd26f3ccd8e79e5e775304fa6ba96de3e24730593e06f54d80ce3ca52d6f6,24,7,0.4482175773009658,25,7176,4274,3670,1639,834,24,2791,1879,1500,625,228
quality_4_6_compact_3,compact,ring,4,full,line25,233,174fd26f3ccd8e79e5e775304fa6ba96de3e24730593e06f54d80ce3ca52d6f6,24,7,0.4521369878202677,25,7029,4187,3721,1638,853,24,2791,1879,1500,625,228
quality_4_6_compact_3,compact,ring,4,full,grid25,211,174fd26f3ccd8e79e5e775304fa6ba96de3e24730593e06f54d80ce3ca52d6f6,24,7,0.4032966629602015,25,4510,2805,2782,1887,921,24,2791,1879,1500,625,228
quality_4_6_compact_3,compact,ring,4,full,grid25,223,174fd26f3ccd8e79e5e775304fa6ba96de3e24730593e06f54d80ce3ca52d6f6,24,7,0.4044182701036334,25,4522,2809,2824,2052,1011,24,2791,1879,1500,625,228
quality_4_6_compact_3,compact,ring,4,full,grid25,227,174fd26f3ccd8e79e5e775304fa6ba96de3e24730593e06f54d80ce3ca52d6f6,24,7,0.4044361631385982,25,4867,2999,2790,1941,889,24,2791,1879,1500,625,228
quality_4_6_compact_3,compact,ring,4,full,grid25,229,174fd26f3ccd8e79e5e775304fa6ba96de3e24730593e06f54d80ce3ca52d6f6,24,7,0.40551327588036656,25,4367,2723,2901,2151,1039,24,2791,1879,1500,625,228
quality_4_6_compact_3,compact,ring,4,full,grid25,233,174fd26f3ccd8e79e5e775304fa6ba96de3e24730593e06f54d80ce3ca52d6f6,24,7,0.40371487801894546,25,4316,2699,2877,1860,939,24,2791,1879,1500,625,228
quality_4_6_compact_3,compact,ring,5,full,sherbrooke,211,8eee542c7de67f91060cc1f42957fd3a5f85f7eb7406a4b476cdbc2a3c87268e,24,9,9.681606769561768,127,29920,17851,4985,6566,1487,24,3541,2401,1968,792,292
quality_4_6_compact_3,compact,ring,5,full,sherbrooke,223,8eee542c7de67f91060cc1f42957fd3a5f85f7eb7406a4b476cdbc2a3c87268e,24,9,9.458672888111323,127,29848,17826,4877,5990,1345,24,3541,2401,1968,792,292
quality_4_6_compact_3,compact,ring,5,full,sherbrooke,227,8eee542c7de67f91060cc1f42957fd3a5f85f7eb7406a4b476cdbc2a3c87268e,24,9,8.673755198251456,127,29263,17510,4837,5715,1277,24,3541,2401,1968,792,292
quality_4_6_compact_3,compact,ring,5,full,sherbrooke,229,8eee542c7de67f91060cc1f42957fd3a5f85f7eb7406a4b476cdbc2a3c87268e,24,9,8.54721813229844,127,29916,18025,4797,6303,1362,24,3541,2401,1968,792,292
quality_4_6_compact_3,compact,ring,5,full,sherbrooke,233,8eee542c7de67f91060cc1f42957fd3a5f85f7eb7406a4b476cdbc2a3c87268e,24,9,9.891319680958986,127,29415,17648,4866,5870,1340,24,3541,2401,1968,792,292
quality_4_6_compact_3,compact,ring,5,full,line25,211,8eee542c7de67f91060cc1f42957fd3a5f85f7eb7406a4b476cdbc2a3c87268e,24,9,0.5986506557092071,25,9448,5614,4826,2089,1074,24,3541,2401,1968,792,292
quality_4_6_compact_3,compact,ring,5,full,line25,223,8eee542c7de67f91060cc1f42957fd3a5f85f7eb7406a4b476cdbc2a3c87268e,24,9,0.5865070130676031,25,9363,5573,4846,2136,1110,24,3541,2401,1968,792,292
quality_4_6_compact_3,compact,ring,5,full,line25,227,8eee542c7de67f91060cc1f42957fd3a5f85f7eb7406a4b476cdbc2a3c87268e,24,9,0.5917023182846606,25,9133,5447,4895,2044,1081,24,3541,2401,1968,792,292
quality_4_6_compact_3,compact,ring,5,full,line25,229,8eee542c7de67f91060cc1f42957fd3a5f85f7eb7406a4b476cdbc2a3c87268e,24,9,0.5906298952177167,25,9202,5482,4832,2045,1059,24,3541,2401,1968,792,292
quality_4_6_compact_3,compact,ring,5,full,line25,233,8eee542c7de67f91060cc1f42957fd3a5f85f7eb7406a4b476cdbc2a3c87268e,24,9,0.5883173928596079,25,9031,5386,4922,2236,1138,24,3541,2401,1968,792,292
quality_4_6_compact_3,compact,ring,5,full,grid25,211,8eee542c7de67f91060cc1f42957fd3a5f85f7eb7406a4b476cdbc2a3c87268e,24,9,0.5295520410872996,25,5488,3442,3870,2516,1248,24,3541,2401,1968,792,292
quality_4_6_compact_3,compact,ring,5,full,grid25,223,8eee542c7de67f91060cc1f42957fd3a5f85f7eb7406a4b476cdbc2a3c87268e,24,9,0.5403142799623311,25,5681,3550,3814,2218,1162,24,3541,2401,1968,792,292
quality_4_6_compact_3,compact,ring,5,full,grid25,227,8eee542c7de67f91060cc1f42957fd3a5f85f7eb7406a4b476cdbc2a3c87268e,24,9,0.5244367849081755,25,5488,3448,3889,2451,1333,24,3541,2401,1968,792,292
quality_4_6_compact_3,compact,ring,5,full,grid25,229,8eee542c7de67f91060cc1f42957fd3a5f85f7eb7406a4b476cdbc2a3c87268e,24,9,0.5306328213773668,25,5691,3556,3869,2543,1270,24,3541,2401,1968,792,292
quality_4_6_compact_3,compact,ring,5,full,grid25,233,8eee542c7de67f91060cc1f42957fd3a5f85f7eb7406a4b476cdbc2a3c87268e,24,9,0.53099500015378,25,6155,3817,3726,2552,1220,24,3541,2401,1968,792,292
quality_4_6_compact_3,compact,ring,6,full,sherbrooke,211,6a1a71b47b3a5abfdb8a5b4714ba5ac02734a851f5909236eeff0fa13da2a2bb,24,11,14.129414063878357,127,37103,22107,6214,7526,1778,24,4291,2923,2436,959,356
quality_4_6_compact_3,compact,ring,6,full,sherbrooke,223,6a1a71b47b3a5abfdb8a5b4714ba5ac02734a851f5909236eeff0fa13da2a2bb,24,11,13.278627160936594,127,37164,22395,6043,7383,1656,24,4291,2923,2436,959,356
quality_4_6_compact_3,compact,ring,6,full,sherbrooke,227,6a1a71b47b3a5abfdb8a5b4714ba5ac02734a851f5909236eeff0fa13da2a2bb,24,11,15.57442913390696,127,37059,22157,6113,7635,1761,24,4291,2923,2436,959,356
quality_4_6_compact_3,compact,ring,6,full,sherbrooke,229,6a1a71b47b3a5abfdb8a5b4714ba5ac02734a851f5909236eeff0fa13da2a2bb,24,11,14.712433360051364,127,37231,22321,6205,8025,1856,24,4291,2923,2436,959,356
quality_4_6_compact_3,compact,ring,6,full,sherbrooke,233,6a1a71b47b3a5abfdb8a5b4714ba5ac02734a851f5909236eeff0fa13da2a2bb,24,11,14.543800985906273,127,36886,22017,6236,7470,1739,24,4291,2923,2436,959,356
quality_4_6_compact_3,compact,ring,6,full,line25,211,6a1a71b47b3a5abfdb8a5b4714ba5ac02734a851f5909236eeff0fa13da2a2bb,24,11,0.7630858579650521,25,11552,6876,6148,2812,1460,24,4291,2923,2436,959,356
quality_4_6_compact_3,compact,ring,6,full,line25,223,6a1a71b47b3a5abfdb8a5b4714ba5ac02734a851f5909236eeff0fa13da2a2bb,24,11,0.7522076899185777,25,11646,6931,5987,2609,1309,24,4291,2923,2436,959,356
quality_4_6_compact_3,compact,ring,6,full,line25,227,6a1a71b47b3a5abfdb8a5b4714ba5ac02734a851f5909236eeff0fa13da2a2bb,24,11,0.7499211779795587,25,11241,6700,6146,2592,1331,24,4291,2923,2436,959,356
quality_4_6_compact_3,compact,ring,6,full,line25,229,6a1a71b47b3a5abfdb8a5b4714ba5ac02734a851f5909236eeff0fa13da2a2bb,24,11,0.7503270790912211,25,11426,6808,6102,2662,1383,24,4291,2923,2436,959,356
quality_4_6_compact_3,compact,ring,6,full,line25,233,6a1a71b47b3a5abfdb8a5b4714ba5ac02734a851f5909236eeff0fa13da2a2bb,24,11,0.7560949507169425,25,11243,6706,6099,2600,1351,24,4291,2923,2436,959,356
quality_4_6_compact_3,compact,ring,6,full,grid25,211,6a1a71b47b3a5abfdb8a5b4714ba5ac02734a851f5909236eeff0fa13da2a2bb,24,11,0.6738954531028867,25,7165,4470,4811,3210,1598,24,4291,2923,2436,959,356
quality_4_6_compact_3,compact,ring,6,full,grid25,223,6a1a71b47b3a5abfdb8a5b4714ba5ac02734a851f5909236eeff0fa13da2a2bb,24,11,0.6695867227390409,25,6948,4351,4789,3056,1547,24,4291,2923,2436,959,356
quality_4_6_compact_3,compact,ring,6,full,grid25,227,6a1a71b47b3a5abfdb8a5b4714ba5ac02734a851f5909236eeff0fa13da2a2bb,24,11,0.66584991523996,25,6615,4167,4892,3060,1661,24,4291,2923,2436,959,356
quality_4_6_compact_3,compact,ring,6,full,grid25,229,6a1a71b47b3a5abfdb8a5b4714ba5ac02734a851f5909236eeff0fa13da2a2bb,24,11,0.6688729119487107,25,7064,4413,4822,3142,1647,24,4291,2923,2436,959,356
quality_4_6_compact_3,compact,ring,6,full,grid25,233,6a1a71b47b3a5abfdb8a5b4714ba5ac02734a851f5909236eeff0fa13da2a2bb,24,11,0.6722673061303794,25,6592,4160,4911,3497,1787,24,4291,2923,2436,959,356
quality_4_6_compact_3,compact,ring,7,full,sherbrooke,211,4202e692919f286180b8ab9c91d1544644e807b9d9f32396e7b387dff29f44ef,24,13,19.537891427055,127,43786,26154,7327,9245,2157,24,5041,3445,2904,1126,420
quality_4_6_compact_3,compact,ring,7,full,sherbrooke,223,4202e692919f286180b8ab9c91d1544644e807b9d9f32396e7b387dff29f44ef,24,13,19.957170132081956,127,44280,26561,7274,9112,2079,24,5041,3445,2904,1126,420
quality_4_6_compact_3,compact,ring,7,full,sherbrooke,227,4202e692919f286180b8ab9c91d1544644e807b9d9f32396e7b387dff29f44ef,24,13,20.892422089353204,127,43978,26345,7335,9298,2098,24,5041,3445,2904,1126,420
quality_4_6_compact_3,compact,ring,7,full,sherbrooke,229,4202e692919f286180b8ab9c91d1544644e807b9d9f32396e7b387dff29f44ef,24,13,20.65238158404827,127,45128,26981,7510,9960,2295,24,5041,3445,2904,1126,420
quality_4_6_compact_3,compact,ring,7,full,sherbrooke,233,4202e692919f286180b8ab9c91d1544644e807b9d9f32396e7b387dff29f44ef,24,13,21.881090003065765,127,44772,26647,7577,9110,2158,24,5041,3445,2904,1126,420
quality_4_6_compact_3,compact,ring,7,full,line25,211,4202e692919f286180b8ab9c91d1544644e807b9d9f32396e7b387dff29f44ef,24,13,0.8953415616415441,25,13705,8159,7375,3206,1662,24,5041,3445,2904,1126,420
quality_4_6_compact_3,compact,ring,7,full,line25,223,4202e692919f286180b8ab9c91d1544644e807b9d9f32396e7b387dff29f44ef,24,13,0.8898392599076033,25,13530,8062,7297,3105,1622,24,5041,3445,2904,1126,420
quality_4_6_compact_3,compact,ring,7,full,line25,227,4202e692919f286180b8ab9c91d1544644e807b9d9f32396e7b387dff29f44ef,24,13,0.8980917572043836,25,13787,8209,7334,3011,1564,24,5041,3445,2904,1126,420
quality_4_6_compact_3,compact,ring,7,full,line25,229,4202e692919f286180b8ab9c91d1544644e807b9d9f32396e7b387dff29f44ef,24,13,0.892233245074749,25,13528,8066,7345,3044,1609,24,5041,3445,2904,1126,420
quality_4_6_compact_3,compact,ring,7,full,line25,233,4202e692919f286180b8ab9c91d1544644e807b9d9f32396e7b387dff29f44ef,24,13,0.8905237149447203,25,13910,8270,7315,3303,1729,24,5041,3445,2904,1126,420
quality_4_6_compact_3,compact,ring,7,full,grid25,211,4202e692919f286180b8ab9c91d1544644e807b9d9f32396e7b387dff29f44ef,24,13,0.7870889320038259,25,7864,4955,5779,3743,1946,24,5041,3445,2904,1126,420
quality_4_6_compact_3,compact,ring,7,full,grid25,223,4202e692919f286180b8ab9c91d1544644e807b9d9f32396e7b387dff29f44ef,24,13,0.7864067209884524,25,8257,5178,5785,3454,1753,24,5041,3445,2904,1126,420
quality_4_6_compact_3,compact,ring,7,full,grid25,227,4202e692919f286180b8ab9c91d1544644e807b9d9f32396e7b387dff29f44ef,24,13,0.7876653140410781,25,7900,4985,5838,3464,1841,24,5041,3445,2904,1126,420
quality_4_6_compact_3,compact,ring,7,full,grid25,229,4202e692919f286180b8ab9c91d1544644e807b9d9f32396e7b387dff29f44ef,24,13,0.7835565190762281,25,8110,5099,5763,3790,1990,24,5041,3445,2904,1126,420
quality_4_6_compact_3,compact,ring,7,full,grid25,233,4202e692919f286180b8ab9c91d1544644e807b9d9f32396e7b387dff29f44ef,24,13,0.7854808522388339,25,8079,5081,5750,3437,1818,24,5041,3445,2904,1126,420
quality_4_6_compact_3,compact,ring,8,full,sherbrooke,211,e2782ea48a03e392c51f55657a9492eda84890a38bf47e83e007c466c0d1c130,24,15,26.338548367843032,127,51026,30421,8588,10499,2440,24,5791,3967,3372,1293,484
quality_4_6_compact_3,compact,ring,8,full,sherbrooke,223,e2782ea48a03e392c51f55657a9492eda84890a38bf47e83e007c466c0d1c130,24,15,28.53062723716721,127,52546,31332,8750,10889,2420,24,5791,3967,3372,1293,484
quality_4_6_compact_3,compact,ring,8,full,sherbrooke,227,e2782ea48a03e392c51f55657a9492eda84890a38bf47e83e007c466c0d1c130,24,15,27.129300739150494,127,52202,31190,8701,10714,2488,24,5791,3967,3372,1293,484
quality_4_6_compact_3,compact,ring,8,full,sherbrooke,229,e2782ea48a03e392c51f55657a9492eda84890a38bf47e83e007c466c0d1c130,24,15,27.998565352987498,127,52387,31410,8601,10686,2384,24,5791,3967,3372,1293,484
quality_4_6_compact_3,compact,ring,8,full,sherbrooke,233,e2782ea48a03e392c51f55657a9492eda84890a38bf47e83e007c466c0d1c130,24,15,27.65366604924202,127,52466,31417,8588,10623,2394,24,5791,3967,3372,1293,484
quality_4_6_compact_3,compact,ring,8,full,line25,211,e2782ea48a03e392c51f55657a9492eda84890a38bf47e83e007c466c0d1c130,24,15,1.0727021363563836,25,16350,9713,8455,3820,1956,24,5791,3967,3372,1293,484
quality_4_6_compact_3,compact,ring,8,full,line25,223,e2782ea48a03e392c51f55657a9492eda84890a38bf47e83e007c466c0d1c130,24,15,1.0675356439314783,25,15495,9249,8634,3593,1866,24,5791,3967,3372,1293,484
quality_4_6_compact_3,compact,ring,8,full,line25,227,e2782ea48a03e392c51f55657a9492eda84890a38bf47e83e007c466c0d1c130,24,15,1.0592378326691687,25,15566,9287,8586,3585,1874,24,5791,3967,3372,1293,484
quality_4_6_compact_3,compact,ring,8,full,line25,229,e2782ea48a03e392c51f55657a9492eda84890a38bf47e83e007c466c0d1c130,24,15,1.0662330081686378,25,15768,9392,8657,3794,1921,24,5791,3967,3372,1293,484
quality_4_6_compact_3,compact,ring,8,full,line25,233,e2782ea48a03e392c51f55657a9492eda84890a38bf47e83e007c466c0d1c130,24,15,1.0581187410280108,25,15302,9145,8686,3571,1860,24,5791,3967,3372,1293,484
quality_4_6_compact_3,compact,ring,8,full,grid25,211,e2782ea48a03e392c51f55657a9492eda84890a38bf47e83e007c466c0d1c130,24,15,0.9376794761046767,25,9570,6002,6845,4325,2190,24,5791,3967,3372,1293,484
quality_4_6_compact_3,compact,ring,8,full,grid25,223,e2782ea48a03e392c51f55657a9492eda84890a38bf47e83e007c466c0d1c130,24,15,0.9391606571152806,25,9455,5936,6757,4276,2138,24,5791,3967,3372,1293,484
quality_4_6_compact_3,compact,ring,8,full,grid25,227,e2782ea48a03e392c51f55657a9492eda84890a38bf47e83e007c466c0d1c130,24,15,0.936963030602783,25,9656,6049,6615,4123,2029,24,5791,3967,3372,1293,484
quality_4_6_compact_3,compact,ring,8,full,grid25,229,e2782ea48a03e392c51f55657a9492eda84890a38bf47e83e007c466c0d1c130,24,15,0.9422380072064698,25,9548,5976,6805,4358,2223,24,5791,3967,3372,1293,484
quality_4_6_compact_3,compact,ring,8,full,grid25,233,e2782ea48a03e392c51f55657a9492eda84890a38bf47e83e007c466c0d1c130,24,15,0.9439047458581626,25,9500,5972,6687,4150,2198,24,5791,3967,3372,1293,484
quality_4_6_compact_3,compact,ring,9,full,sherbrooke,211,fcfd61fdaca0187c14bba76eba7c963770ed59dcc66e9173775dd37a0e34fb14,24,17,38.14453965378925,127,60426,36064,10206,12353,2830,24,6541,4489,3840,1460,548
quality_4_6_compact_3,compact,ring,9,full,sherbrooke,223,fcfd61fdaca0187c14bba76eba7c963770ed59dcc66e9173775dd37a0e34fb14,24,17,36.71134242694825,127,60279,36172,10015,12442,2857,24,6541,4489,3840,1460,548
quality_4_6_compact_3,compact,ring,9,full,sherbrooke,227,fcfd61fdaca0187c14bba76eba7c963770ed59dcc66e9173775dd37a0e34fb14,24,17,35.2345818169415,127,60505,36399,9771,12672,2799,24,6541,4489,3840,1460,548
quality_4_6_compact_3,compact,ring,9,full,sherbrooke,229,fcfd61fdaca0187c14bba76eba7c963770ed59dcc66e9173775dd37a0e34fb14,24,17,37.64252654602751,127,58339,34922,9749,12185,2824,24,6541,4489,3840,1460,548
quality_4_6_compact_3,compact,ring,9,full,sherbrooke,233,fcfd61fdaca0187c14bba76eba7c963770ed59dcc66e9173775dd37a0e34fb14,24,17,36.14500899799168,127,59800,35692,10108,12620,2931,24,6541,4489,3840,1460,548
quality_4_6_compact_3,compact,ring,9,full,line25,211,fcfd61fdaca0187c14bba76eba7c963770ed59dcc66e9173775dd37a0e34fb14,24,17,1.2229751432314515,25,17609,10512,9993,4243,2326,24,6541,4489,3840,1460,548
quality_4_6_compact_3,compact,ring,9,full,line25,223,fcfd61fdaca0187c14bba76eba7c963770ed59dcc66e9173775dd37a0e34fb14,24,17,1.211292715743184,25,17221,10304,10023,4222,2247,24,6541,4489,3840,1460,548
quality_4_6_compact_3,compact,ring,9,full,line25,227,fcfd61fdaca0187c14bba76eba7c963770ed59dcc66e9173775dd37a0e34fb14,24,17,1.2118528080172837,25,17844,10645,9728,4035,2148,24,6541,4489,3840,1460,548
quality_4_6_compact_3,compact,ring,9,full,line25,229,fcfd61fdaca0187c14bba76eba7c963770ed59dcc66e9173775dd37a0e34fb14,24,17,1.213376878760755,25,18212,10845,9792,4273,2248,24,6541,4489,3840,1460,548
quality_4_6_compact_3,compact,ring,9,full,line25,233,fcfd61fdaca0187c14bba76eba7c963770ed59dcc66e9173775dd37a0e34fb14,24,17,1.2002877499908209,25,18277,10871,9751,4176,2108,24,6541,4489,3840,1460,548
quality_4_6_compact_3,compact,ring,9,full,grid25,211,fcfd61fdaca0187c14bba76eba7c963770ed59dcc66e9173775dd37a0e34fb14,24,17,1.054320397786796,25,10627,6683,7737,4880,2534,24,6541,4489,3840,1460,548
quality_4_6_compact_3,compact,ring,9,full,grid25,223,fcfd61fdaca0187c14bba76eba7c963770ed59dcc66e9173775dd37a0e34fb14,24,17,1.063994374126196,25,10643,6690,7716,4730,2460,24,6541,4489,3840,1460,548
quality_4_6_compact_3,compact,ring,9,full,grid25,227,fcfd61fdaca0187c14bba76eba7c963770ed59dcc66e9173775dd37a0e34fb14,24,17,1.0558206448331475,25,10655,6709,7717,4915,2618,24,6541,4489,3840,1460,548
quality_4_6_compact_3,compact,ring,9,full,grid25,229,fcfd61fdaca0187c14bba76eba7c963770ed59dcc66e9173775dd37a0e34fb14,24,17,1.055856753140688,25,10896,6828,7673,4974,2510,24,6541,4489,3840,1460,548
quality_4_6_compact_3,compact,ring,9,full,grid25,233,fcfd61fdaca0187c14bba76eba7c963770ed59dcc66e9173775dd37a0e34fb14,24,17,1.053933490999043,25,10815,6787,7775,5043,2556,24,6541,4489,3840,1460,548
quality_4_6_compact_3,compact,ring,10,full,sherbrooke,211,5ce64bd4fc7d7daa1e745b573adfb4615ecd4e6c52a42308be953c148dce18df,24,19,44.252836126834154,127,65758,39006,11421,14260,3403,24,7291,5011,4308,1627,612
quality_4_6_compact_3,compact,ring,10,full,sherbrooke,223,5ce64bd4fc7d7daa1e745b573adfb4615ecd4e6c52a42308be953c148dce18df,24,19,46.53242627810687,127,66399,39683,10990,13332,3096,24,7291,5011,4308,1627,612
quality_4_6_compact_3,compact,ring,10,full,sherbrooke,227,5ce64bd4fc7d7daa1e745b573adfb4615ecd4e6c52a42308be953c148dce18df,24,19,45.79732835618779,127,67282,40102,11258,13689,3175,24,7291,5011,4308,1627,612
quality_4_6_compact_3,compact,ring,10,full,sherbrooke,229,5ce64bd4fc7d7daa1e745b573adfb4615ecd4e6c52a42308be953c148dce18df,24,19,48.54338796110824,127,69609,41737,11362,15048,3334,24,7291,5011,4308,1627,612
quality_4_6_compact_3,compact,ring,10,full,sherbrooke,233,5ce64bd4fc7d7daa1e745b573adfb4615ecd4e6c52a42308be953c148dce18df,24,19,47.52086521591991,127,66534,39589,11300,13229,3118,24,7291,5011,4308,1627,612
quality_4_6_compact_3,compact,ring,10,full,line25,211,5ce64bd4fc7d7daa1e745b573adfb4615ecd4e6c52a42308be953c148dce18df,24,19,1.3711893460713327,25,20406,12164,11103,4683,2392,24,7291,5011,4308,1627,612
quality_4_6_compact_3,compact,ring,10,full,line25,223,5ce64bd4fc7d7daa1e745b573adfb4615ecd4e6c52a42308be953c148dce18df,24,19,1.3643057807348669,25,19833,11841,10956,4800,2475,24,7291,5011,4308,1627,612
quality_4_6_compact_3,compact,ring,10,full,line25,227,5ce64bd4fc7d7daa1e745b573adfb4615ecd4e6c52a42308be953c148dce18df,24,19,1.379697552882135,25,19957,11898,11130,4692,2420,24,7291,5011,4308,1627,612
quality_4_6_compact_3,compact,ring,10,full,line25,229,5ce64bd4fc7d7daa1e745b573adfb4615ecd4e6c52a42308be953c148dce18df,24,19,1.3637152407318354,25,19443,11623,11226,4690,2406,24,7291,5011,4308,1627,612
quality_4_6_compact_3,compact,ring,10,full,line25,233,5ce64bd4fc7d7daa1e745b573adfb4615ecd4e6c52a42308be953c148dce18df,24,19,1.4824565979652107,25,19941,11895,11146,4635,2402,24,7291,5011,4308,1627,612
quality_4_6_compact_3,compact,ring,10,full,grid25,211,5ce64bd4fc7d7daa1e745b573adfb4615ecd4e6c52a42308be953c148dce18df,24,19,1.2071316433139145,25,12126,7604,8708,5775,2908,24,7291,5011,4308,1627,612
quality_4_6_compact_3,compact,ring,10,full,grid25,223,5ce64bd4fc7d7daa1e745b573adfb4615ecd4e6c52a42308be953c148dce18df,24,19,1.2008355697616935,25,11878,7488,8859,5248,2915,24,7291,5011,4308,1627,612
quality_4_6_compact_3,compact,ring,10,full,grid25,227,5ce64bd4fc7d7daa1e745b573adfb4615ecd4e6c52a42308be953c148dce18df,24,19,1.1997756399214268,25,12074,7580,8672,5539,2855,24,7291,5011,4308,1627,612
quality_4_6_compact_3,compact,ring,10,full,grid25,229,5ce64bd4fc7d7daa1e745b573adfb4615ecd4e6c52a42308be953c148dce18df,24,19,1.20438436511904,25,11688,7373,8736,5525,2807,24,7291,5011,4308,1627,612
quality_4_6_compact_3,compact,ring,10,full,grid25,233,5ce64bd4fc7d7daa1e745b573adfb4615ecd4e6c52a42308be953c148dce18df,24,19,1.202262930572033,25,12198,7644,8689,5474,2960,24,7291,5011,4308,1627,612
quality_4_6_compact_3,compact,ring,11,full,sherbrooke,211,f92eddb019461e221e9c56118af2f37567755c0585e03f9f0e1b3b4715c0f7a2,24,21,59.820626163855195,127,74503,44482,12543,14298,3342,24,8041,5533,4776,1794,676
quality_4_6_compact_3,compact,ring,11,full,sherbrooke,223,f92eddb019461e221e9c56118af2f37567755c0585e03f9f0e1b3b4715c0f7a2,24,21,54.23241002485156,127,75478,45164,12569,15737,3541,24,8041,5533,4776,1794,676
quality_4_6_compact_3,compact,ring,11,full,sherbrooke,227,f92eddb019461e221e9c56118af2f37567755c0585e03f9f0e1b3b4715c0f7a2,24,21,58.42346171103418,127,75227,44938,12713,16245,3644,24,8041,5533,4776,1794,676
quality_4_6_compact_3,compact,ring,11,full,sherbrooke,229,f92eddb019461e221e9c56118af2f37567755c0585e03f9f0e1b3b4715c0f7a2,24,21,59.85164951579645,127,74726,44560,12613,15141,3534,24,8041,5533,4776,1794,676
quality_4_6_compact_3,compact,ring,11,full,sherbrooke,233,f92eddb019461e221e9c56118af2f37567755c0585e03f9f0e1b3b4715c0f7a2,24,21,58.074854308739305,127,73655,43917,12634,14109,3333,24,8041,5533,4776,1794,676
quality_4_6_compact_3,compact,ring,11,full,line25,211,f92eddb019461e221e9c56118af2f37567755c0585e03f9f0e1b3b4715c0f7a2,24,21,1.5023539518006146,25,22012,13140,12273,4959,2628,24,8041,5533,4776,1794,676
quality_4_6_compact_3,compact,ring,11,full,line25,223,f92eddb019461e221e9c56118af2f37567755c0585e03f9f0e1b3b4715c0f7a2,24,21,1.5233316738158464,25,22270,13288,12277,5169,2846,24,8041,5533,4776,1794,676
quality_4_6_compact_3,compact,ring,11,full,line25,227,f92eddb019461e221e9c56118af2f37567755c0585e03f9f0e1b3b4715c0f7a2,24,21,1.514525949023664,25,22585,13451,12337,5334,2815,24,8041,5533,4776,1794,676
quality_4_6_compact_3,compact,ring,11,full,line25,229,f92eddb019461e221e9c56118af2f37567755c0585e03f9f0e1b3b4715c0f7a2,24,21,1.5155193749815226,25,22195,13235,12458,5309,2817,24,8041,5533,4776,1794,676
quality_4_6_compact_3,compact,ring,11,full,line25,233,f92eddb019461e221e9c56118af2f37567755c0585e03f9f0e1b3b4715c0f7a2,24,21,1.6531462450511754,25,21804,13030,12447,5157,2690,24,8041,5533,4776,1794,676
quality_4_6_compact_3,compact,ring,11,full,grid25,211,f92eddb019461e221e9c56118af2f37567755c0585e03f9f0e1b3b4715c0f7a2,24,21,1.3360806279815733,25,13063,8227,9757,5819,3124,24,8041,5533,4776,1794,676
quality_4_6_compact_3,compact,ring,11,full,grid25,223,f92eddb019461e221e9c56118af2f37567755c0585e03f9f0e1b3b4715c0f7a2,24,21,1.3233003988862038,25,13220,8311,9641,6003,3122,24,8041,5533,4776,1794,676
quality_4_6_compact_3,compact,ring,11,full,grid25,227,f92eddb019461e221e9c56118af2f37567755c0585e03f9f0e1b3b4715c0f7a2,24,21,1.3203934500925243,25,12742,8061,9734,5875,3149,24,8041,5533,4776,1794,676
quality_4_6_compact_3,compact,ring,11,full,grid25,229,f92eddb019461e221e9c56118af2f37567755c0585e03f9f0e1b3b4715c0f7a2,24,21,1.3267312720417976,25,13054,8216,9738,5717,3078,24,8041,5533,4776,1794,676
quality_4_6_compact_3,compact,ring,11,full,grid25,233,f92eddb019461e221e9c56118af2f37567755c0585e03f9f0e1b3b4715c0f7a2,24,21,1.3232850399799645,25,13078,8233,9733,6245,3263,24,8041,5533,4776,1794,676
quality_4_6_compact_3,compact,ring,12,full,sherbrooke,211,83b15e7e586e0491dae211de9f830dcc8010bc35fcb948140e27e64d26b9cf38,24,23,64.32884953729808,127,82876,49465,14092,17574,4020,24,8791,6055,5244,1961,740
quality_4_6_compact_3,compact,ring,12,full,sherbrooke,223,83b15e7e586e0491dae211de9f830dcc8010bc35fcb948140e27e64d26b9cf38,24,23,69.28955241199583,127,81814,48693,13850,16923,3808,24,8791,6055,5244,1961,740
quality_4_6_compact_3,compact,ring,12,full,sherbrooke,227,83b15e7e586e0491dae211de9f830dcc8010bc35fcb948140e27e64d26b9cf38,24,23,69.86440510395914,127,82219,48978,13977,17212,4017,24,8791,6055,5244,1961,740
quality_4_6_compact_3,compact,ring,12,full,sherbrooke,229,83b15e7e586e0491dae211de9f830dcc8010bc35fcb948140e27e64d26b9cf38,24,23,71.59855011990294,127,82487,49256,13814,17399,4010,24,8791,6055,5244,1961,740
quality_4_6_compact_3,compact,ring,12,full,sherbrooke,233,83b15e7e586e0491dae211de9f830dcc8010bc35fcb948140e27e64d26b9cf38,24,23,68.70868277782574,127,83921,50429,13710,15747,3587,24,8791,6055,5244,1961,740
quality_4_6_compact_3,compact,ring,12,full,line25,211,83b15e7e586e0491dae211de9f830dcc8010bc35fcb948140e27e64d26b9cf38,24,23,1.685907525010407,25,23955,14303,13690,5799,3036,24,8791,6055,5244,1961,740
quality_4_6_compact_3,compact,ring,12,full,line25,223,83b15e7e586e0491dae211de9f830dcc8010bc35fcb948140e27e64d26b9cf38,24,23,1.6781169050373137,25,23558,14092,13665,5623,3082,24,8791,6055,5244,1961,740
quality_4_6_compact_3,compact,ring,12,full,line25,227,83b15e7e586e0491dae211de9f830dcc8010bc35fcb948140e27e64d26b9cf38,24,23,1.8091499940492213,25,24051,14354,13758,5897,3038,24,8791,6055,5244,1961,740
quality_4_6_compact_3,compact,ring,12,full,line25,229,83b15e7e586e0491dae211de9f830dcc8010bc35fcb948140e27e64d26b9cf38,24,23,1.7088763169012964,25,24034,14337,13746,5875,3087,24,8791,6055,5244,1961,740
quality_4_6_compact_3,compact,ring,12,full,line25,233,83b15e7e586e0491dae211de9f830dcc8010bc35fcb948140e27e64d26b9cf38,24,23,1.684181874152273,25,24239,14461,13649,5876,3123,24,8791,6055,5244,1961,740
quality_4_6_compact_3,compact,ring,12,full,grid25,211,83b15e7e586e0491dae211de9f830dcc8010bc35fcb948140e27e64d26b9cf38,24,23,1.4733889610506594,25,14149,8936,10792,6787,3540,24,8791,6055,5244,1961,740
quality_4_6_compact_3,compact,ring,12,full,grid25,223,83b15e7e586e0491dae211de9f830dcc8010bc35fcb948140e27e64d26b9cf38,24,23,1.4793741502799094,25,14064,8885,10787,6756,3630,24,8791,6055,5244,1961,740
quality_4_6_compact_3,compact,ring,12,full,grid25,227,83b15e7e586e0491dae211de9f830dcc8010bc35fcb948140e27e64d26b9cf38,24,23,1.4699673559516668,25,14064,8890,10725,6338,3425,24,8791,6055,5244,1961,740
quality_4_6_compact_3,compact,ring,12,full,grid25,229,83b15e7e586e0491dae211de9f830dcc8010bc35fcb948140e27e64d26b9cf38,24,23,1.479973765090108,25,14398,9065,10782,6577,3578,24,8791,6055,5244,1961,740
quality_4_6_compact_3,compact,ring,12,full,grid25,233,83b15e7e586e0491dae211de9f830dcc8010bc35fcb948140e27e64d26b9cf38,24,23,1.47577623417601,25,14180,8942,10755,6782,3581,24,8791,6055,5244,1961,740
quality_4_6_line_0,line,serial,3,full,sherbrooke,211,fa6b947ae7d2f0906d0c6d7315d1fc0b0ca64e525d18a22a35336fa9e9d5170c,19,5,3.718559355009347,127,17169,9985,3129,8533,2068,19,1431,1129,1049,1328,784
quality_4_6_line_0,line,serial,3,full,sherbrooke,223,fa6b947ae7d2f0906d0c6d7315d1fc0b0ca64e525d18a22a35336fa9e9d5170c,19,5,3.488182845991105,127,17847,10483,3113,8619,2031,19,1431,1129,1049,1328,784
quality_4_6_line_0,line,serial,3,full,sherbrooke,227,fa6b947ae7d2f0906d0c6d7315d1fc0b0ca64e525d18a22a35336fa9e9d5170c,19,5,3.5333350342698395,127,17894,10486,3216,8775,2108,19,1431,1129,1049,1328,784
quality_4_6_line_0,line,serial,3,full,sherbrooke,229,fa6b947ae7d2f0906d0c6d7315d1fc0b0ca64e525d18a22a35336fa9e9d5170c,19,5,3.5446992041543126,127,17583,10295,3164,8363,1977,19,1431,1129,1049,1328,784
quality_4_6_line_0,line,serial,3,full,sherbrooke,233,fa6b947ae7d2f0906d0c6d7315d1fc0b0ca64e525d18a22a35336fa9e9d5170c,19,5,3.632693021558225,127,18526,10890,3252,8850,2034,19,1431,1129,1049,1328,784
quality_4_6_line_0,line,serial,3,full,line25,211,fa6b947ae7d2f0906d0c6d7315d1fc0b0ca64e525d18a22a35336fa9e9d5170c,19,5,0.27054574992507696,25,3015,1991,3539,3445,2238,19,1431,1129,1049,1328,784
quality_4_6_line_0,line,serial,3,full,line25,223,fa6b947ae7d2f0906d0c6d7315d1fc0b0ca64e525d18a22a35336fa9e9d5170c,19,5,0.24014459224417806,25,2963,1962,3528,3463,2283,19,1431,1129,1049,1328,784
quality_4_6_line_0,line,serial,3,full,line25,227,fa6b947ae7d2f0906d0c6d7315d1fc0b0ca64e525d18a22a35336fa9e9d5170c,19,5,0.26532564824447036,25,2933,1949,3548,3425,2233,19,1431,1129,1049,1328,784
quality_4_6_line_0,line,serial,3,full,line25,229,fa6b947ae7d2f0906d0c6d7315d1fc0b0ca64e525d18a22a35336fa9e9d5170c,19,5,0.24028972396627069,25,2845,1895,3623,3446,2304,19,1431,1129,1049,1328,784
quality_4_6_line_0,line,serial,3,full,line25,233,fa6b947ae7d2f0906d0c6d7315d1fc0b0ca64e525d18a22a35336fa9e9d5170c,19,5,0.2435851227492094,25,3060,2016,3524,3499,2280,19,1431,1129,1049,1328,784
quality_4_6_line_0,line,serial,3,full,grid25,211,fa6b947ae7d2f0906d0c6d7315d1fc0b0ca64e525d18a22a35336fa9e9d5170c,19,5,0.21874822210520506,25,2105,1495,2333,2438,1546,19,1431,1129,1049,1328,784
quality_4_6_line_0,line,serial,3,full,grid25,223,fa6b947ae7d2f0906d0c6d7315d1fc0b0ca64e525d18a22a35336fa9e9d5170c,19,5,0.19904618617147207,25,2174,1523,2228,2462,1511,19,1431,1129,1049,1328,784
quality_4_6_line_0,line,serial,3,full,grid25,227,fa6b947ae7d2f0906d0c6d7315d1fc0b0ca64e525d18a22a35336fa9e9d5170c,19,5,0.21804769802838564,25,2075,1474,2275,2464,1581,19,1431,1129,1049,1328,784
quality_4_6_line_0,line,serial,3,full,grid25,229,fa6b947ae7d2f0906d0c6d7315d1fc0b0ca64e525d18a22a35336fa9e9d5170c,19,5,0.2004319168627262,25,2299,1593,2268,2498,1513,19,1431,1129,1049,1328,784
quality_4_6_line_0,line,serial,3,full,grid25,233,fa6b947ae7d2f0906d0c6d7315d1fc0b0ca64e525d18a22a35336fa9e9d5170c,19,5,0.21691485960036516,25,2122,1503,2318,2468,1598,19,1431,1129,1049,1328,784
quality_4_6_line_0,line,complete,1,full,sherbrooke,211,aae165753d937b992a7708901704bdf8cdd0216fb08ce8d78bf3615d69d69abe,24,1,0.23256072029471397,127,2423,1485,324,664,117,24,1081,637,240,147,36
quality_4_6_line_0,line,complete,1,full,sherbrooke,223,aae165753d937b992a7708901704bdf8cdd0216fb08ce8d78bf3615d69d69abe,24,1,0.061189995147287846,127,2547,1557,328,394,68,24,1081,637,240,147,36
quality_4_6_line_0,line,complete,1,full,sherbrooke,227,aae165753d937b992a7708901704bdf8cdd0216fb08ce8d78bf3615d69d69abe,24,1,0.06424298696219921,127,2467,1516,314,391,67,24,1081,637,240,147,36
quality_4_6_line_0,line,complete,1,full,sherbrooke,229,aae165753d937b992a7708901704bdf8cdd0216fb08ce8d78bf3615d69d69abe,24,1,0.08104059100151062,127,2512,1529,320,416,70,24,1081,637,240,147,36
quality_4_6_line_0,line,complete,1,full,sherbrooke,233,aae165753d937b992a7708901704bdf8cdd0216fb08ce8d78bf3615d69d69abe,24,1,0.08013085182756186,127,2374,1461,311,374,59,24,1081,637,240,147,36
quality_4_6_line_0,line,complete,1,full,line25,211,aae165753d937b992a7708901704bdf8cdd0216fb08ce8d78bf3615d69d69abe,24,1,0.041742785833776,25,1501,861,300,185,47,24,1081,637,240,147,36
quality_4_6_line_0,line,complete,1,full,line25,223,aae165753d937b992a7708901704bdf8cdd0216fb08ce8d78bf3615d69d69abe,24,1,0.04132021218538284,25,1491,856,306,188,52,24,1081,637,240,147,36
quality_4_6_line_0,line,complete,1,full,line25,227,aae165753d937b992a7708901704bdf8cdd0216fb08ce8d78bf3615d69d69abe,24,1,0.04111543809995055,25,1440,828,324,205,58,24,1081,637,240,147,36
quality_4_6_line_0,line,complete,1,full,line25,229,aae165753d937b992a7708901704bdf8cdd0216fb08ce8d78bf3615d69d69abe,24,1,0.041318649891763926,25,1481,851,312,188,52,24,1081,637,240,147,36
quality_4_6_line_0,line,complete,1,full,line25,233,aae165753d937b992a7708901704bdf8cdd0216fb08ce8d78bf3615d69d69abe,24,1,0.04111904464662075,25,1463,840,318,198,55,24,1081,637,240,147,36
quality_4_6_line_0,line,complete,1,full,grid25,211,aae165753d937b992a7708901704bdf8cdd0216fb08ce8d78bf3615d69d69abe,24,1,0.04181593423709273,25,1261,726,293,207,60,24,1081,637,240,147,36
quality_4_6_line_0,line,complete,1,full,grid25,223,aae165753d937b992a7708901704bdf8cdd0216fb08ce8d78bf3615d69d69abe,24,1,0.041254949290305376,25,1274,734,297,217,63,24,1081,637,240,147,36
quality_4_6_line_0,line,complete,1,full,grid25,227,aae165753d937b992a7708901704bdf8cdd0216fb08ce8d78bf3615d69d69abe,24,1,0.04113405290991068,25,1261,723,297,206,60,24,1081,637,240,147,36
quality_4_6_line_0,line,complete,1,full,grid25,229,aae165753d937b992a7708901704bdf8cdd0216fb08ce8d78bf3615d69d69abe,24,1,0.0409258222207427,25,1245,716,298,229,64,24,1081,637,240,147,36
quality_4_6_line_0,line,complete,1,full,grid25,233,aae165753d937b992a7708901704bdf8cdd0216fb08ce8d78bf3615d69d69abe,24,1,0.04133455874398351,25,1276,734,301,212,63,24,1081,637,240,147,36
quality_4_6_line_0,line,complete,2,full,sherbrooke,211,2836c0600320016b87e1063f342bb879d270a026d0ff2b77a084fe7ffef35449,24,3,1.5420562848448753,127,10997,6641,1686,2005,432,24,2401,1513,912,376,126
quality_4_6_line_0,line,complete,2,full,sherbrooke,223,2836c0600320016b87e1063f342bb879d270a026d0ff2b77a084fe7ffef35449,24,3,1.1100236899219453,127,10401,6327,1541,1824,379,24,2401,1513,912,376,126
quality_4_6_line_0,line,complete,2,full,sherbrooke,227,2836c0600320016b87e1063f342bb879d270a026d0ff2b77a084fe7ffef35449,24,3,1.2161591951735318,127,11381,6910,1685,2031,419,24,2401,1513,912,376,126
quality_4_6_line_0,line,complete,2,full,sherbrooke,229,2836c0600320016b87e1063f342bb879d270a026d0ff2b77a084fe7ffef35449,24,3,1.2964142709970474,127,10873,6630,1584,1753,355,24,2401,1513,912,376,126
quality_4_6_line_0,line,complete,2,full,sherbrooke,233,2836c0600320016b87e1063f342bb879d270a026d0ff2b77a084fe7ffef35449,24,3,1.3395634070038795,127,10839,6570,1677,1779,398,24,2401,1513,912,376,126
quality_4_6_line_0,line,complete,2,full,line25,211,2836c0600320016b87e1063f342bb879d270a026d0ff2b77a084fe7ffef35449,24,3,0.21014309395104647,25,5232,3036,1501,778,314,24,2401,1513,912,376,126
quality_4_6_line_0,line,complete,2,full,line25,223,2836c0600320016b87e1063f342bb879d270a026d0ff2b77a084fe7ffef35449,24,3,0.19957991782575846,25,5084,2959,1521,771,310,24,2401,1513,912,376,126
quality_4_6_line_0,line,complete,2,full,line25,227,2836c0600320016b87e1063f342bb879d270a026d0ff2b77a084fe7ffef35449,24,3,0.19677879801020026,25,5010,2916,1519,781,319,24,2401,1513,912,376,126
quality_4_6_line_0,line,complete,2,full,line25,229,2836c0600320016b87e1063f342bb879d270a026d0ff2b77a084fe7ffef35449,24,3,0.20814775675535202,25,5174,3006,1525,797,317,24,2401,1513,912,376,126
quality_4_6_line_0,line,complete,2,full,line25,233,2836c0600320016b87e1063f342bb879d270a026d0ff2b77a084fe7ffef35449,24,3,0.2009588466025889,25,5261,3054,1507,780,303,24,2401,1513,912,376,126
quality_4_6_line_0,line,complete,2,full,grid25,211,2836c0600320016b87e1063f342bb879d270a026d0ff2b77a084fe7ffef35449,24,3,0.20032952493056655,25,3595,2139,1402,945,374,24,2401,1513,912,376,126
quality_4_6_line_0,line,complete,2,full,grid25,223,2836c0600320016b87e1063f342bb879d270a026d0ff2b77a084fe7ffef35449,24,3,0.2004377180710435,25,3388,2028,1408,889,369,24,2401,1513,912,376,126
quality_4_6_line_0,line,complete,2,full,grid25,227,2836c0600320016b87e1063f342bb879d270a026d0ff2b77a084fe7ffef35449,24,3,0.19982028007507324,25,3337,1995,1435,960,411,24,2401,1513,912,376,126
quality_4_6_line_0,line,complete,2,full,grid25,229,2836c0600320016b87e1063f342bb879d270a026d0ff2b77a084fe7ffef35449,24,3,0.19904110580682755,25,3240,1945,1413,968,414,24,2401,1513,912,376,126
quality_4_6_line_0,line,complete,2,full,grid25,233,2836c0600320016b87e1063f342bb879d270a026d0ff2b77a084fe7ffef35449,24,3,0.2043073447421193,25,3518,2096,1401,967,372,24,2401,1513,912,376,126
quality_4_6_line_0,line,complete,3,full,sherbrooke,211,3fb985f9a5da417d7c1edb545efb6632c9d734ba534945753f61e6c27c397c3e,24,5,3.7738032140769064,127,19468,11810,2969,3400,741,24,3721,2389,1584,587,204
quality_4_6_line_0,line,complete,3,full,sherbrooke,223,3fb985f9a5da417d7c1edb545efb6632c9d734ba534945753f61e6c27c397c3e,24,5,3.9020264856517315,127,20332,12344,3150,3085,655,24,3721,2389,1584,587,204
quality_4_6_line_0,line,complete,3,full,sherbrooke,227,3fb985f9a5da417d7c1edb545efb6632c9d734ba534945753f61e6c27c397c3e,24,5,4.730859275907278,127,20428,12387,3075,3756,794,24,3721,2389,1584,587,204
quality_4_6_line_0,line,complete,3,full,sherbrooke,229,3fb985f9a5da417d7c1edb545efb6632c9d734ba534945753f61e6c27c397c3e,24,5,4.347028905991465,127,20147,12204,3049,3151,659,24,3721,2389,1584,587,204
quality_4_6_line_0,line,complete,3,full,sherbrooke,233,3fb985f9a5da417d7c1edb545efb6632c9d734ba534945753f61e6c27c397c3e,24,5,4.435705144889653,127,20578,12386,3222,3833,835,24,3721,2389,1584,587,204
quality_4_6_line_0,line,complete,3,full,line25,211,3fb985f9a5da417d7c1edb545efb6632c9d734ba534945753f61e6c27c397c3e,24,5,0.3669192842207849,25,8921,5201,2764,1278,564,24,3721,2389,1584,587,204
quality_4_6_line_0,line,complete,3,full,line25,223,3fb985f9a5da417d7c1edb545efb6632c9d734ba534945753f61e6c27c397c3e,24,5,0.36679302621632814,25,8878,5171,2767,1340,558,24,3721,2389,1584,587,204
quality_4_6_line_0,line,complete,3,full,line25,227,3fb985f9a5da417d7c1edb545efb6632c9d734ba534945753f61e6c27c397c3e,24,5,0.3670682832598686,25,8949,5214,2794,1318,551,24,3721,2389,1584,587,204
quality_4_6_line_0,line,complete,3,full,line25,229,3fb985f9a5da417d7c1edb545efb6632c9d734ba534945753f61e6c27c397c3e,24,5,0.36406018398702145,25,8656,5053,2769,1247,508,24,3721,2389,1584,587,204
quality_4_6_line_0,line,complete,3,full,line25,233,3fb985f9a5da417d7c1edb545efb6632c9d734ba534945753f61e6c27c397c3e,24,5,0.36467290529981256,25,8669,5058,2821,1337,591,24,3721,2389,1584,587,204
quality_4_6_line_0,line,complete,3,full,grid25,211,3fb985f9a5da417d7c1edb545efb6632c9d734ba534945753f61e6c27c397c3e,24,5,0.36275598499923944,25,5344,3228,2546,1565,707,24,3721,2389,1584,587,204
quality_4_6_line_0,line,complete,3,full,grid25,223,3fb985f9a5da417d7c1edb545efb6632c9d734ba534945753f61e6c27c397c3e,24,5,0.36400869814679027,25,5284,3202,2625,1887,757,24,3721,2389,1584,587,204
quality_4_6_line_0,line,complete,3,full,grid25,227,3fb985f9a5da417d7c1edb545efb6632c9d734ba534945753f61e6c27c397c3e,24,5,0.3624614318832755,25,5403,3264,2591,1629,735,24,3721,2389,1584,587,204
quality_4_6_line_0,line,complete,3,full,grid25,229,3fb985f9a5da417d7c1edb545efb6632c9d734ba534945753f61e6c27c397c3e,24,5,0.3625639649108052,25,5850,3513,2497,1358,598,24,3721,2389,1584,587,204
quality_4_6_line_0,line,complete,3,full,grid25,233,3fb985f9a5da417d7c1edb545efb6632c9d734ba534945753f61e6c27c397c3e,24,5,0.362307783216238,25,5365,3247,2602,1787,786,24,3721,2389,1584,587,204
quality_4_6_line_0,line,complete,4,full,sherbrooke,211,38aa3a825fc2a9e0d89bf5111b559dc7cc7749820d9afff763c332b63d6be7e0,24,7,8.340069121215492,127,28813,17434,4476,5369,1155,24,5041,3265,2256,798,282
quality_4_6_line_0,line,complete,4,full,sherbrooke,223,38aa3a825fc2a9e0d89bf5111b559dc7cc7749820d9afff763c332b63d6be7e0,24,7,8.530991331674159,127,29956,18142,4586,5960,1258,24,5041,3265,2256,798,282
quality_4_6_line_0,line,complete,4,full,sherbrooke,227,38aa3a825fc2a9e0d89bf5111b559dc7cc7749820d9afff763c332b63d6be7e0,24,7,8.00705521600321,127,30380,18339,4726,5686,1180,24,5041,3265,2256,798,282
quality_4_6_line_0,line,complete,4,full,sherbrooke,229,38aa3a825fc2a9e0d89bf5111b559dc7cc7749820d9afff763c332b63d6be7e0,24,7,8.249236582778394,127,29390,17837,4442,5143,1051,24,5041,3265,2256,798,282
quality_4_6_line_0,line,complete,4,full,sherbrooke,233,38aa3a825fc2a9e0d89bf5111b559dc7cc7749820d9afff763c332b63d6be7e0,24,7,8.226322443690151,127,29126,17714,4354,4425,910,24,5041,3265,2256,798,282
quality_4_6_line_0,line,complete,4,full,line25,211,38aa3a825fc2a9e0d89bf5111b559dc7cc7749820d9afff763c332b63d6be7e0,24,7,0.5373569573275745,25,12579,7343,4019,1775,761,24,5041,3265,2256,798,282
quality_4_6_line_0,line,complete,4,full,line25,223,38aa3a825fc2a9e0d89bf5111b559dc7cc7749820d9afff763c332b63d6be7e0,24,7,0.5371919069439173,25,12416,7252,4052,1804,749,24,5041,3265,2256,798,282
quality_4_6_line_0,line,complete,4,full,line25,227,38aa3a825fc2a9e0d89bf5111b559dc7cc7749820d9afff763c332b63d6be7e0,24,7,0.5374885038472712,25,12589,7343,4021,1788,783,24,5041,3265,2256,798,282
quality_4_6_line_0,line,complete,4,full,line25,229,38aa3a825fc2a9e0d89bf5111b559dc7cc7749820d9afff763c332b63d6be7e0,24,7,0.5310708526521921,25,12567,7337,4081,1810,791,24,5041,3265,2256,798,282
quality_4_6_line_0,line,complete,4,full,line25,233,38aa3a825fc2a9e0d89bf5111b559dc7cc7749820d9afff763c332b63d6be7e0,24,7,0.5375989922322333,25,12678,7387,4030,1848,783,24,5041,3265,2256,798,282
quality_4_6_line_0,line,complete,4,full,grid25,211,38aa3a825fc2a9e0d89bf5111b559dc7cc7749820d9afff763c332b63d6be7e0,24,7,0.5325156259350479,25,7982,4825,3695,2571,1074,24,5041,3265,2256,798,282
quality_4_6_line_0,line,complete,4,full,grid25,223,38aa3a825fc2a9e0d89bf5111b559dc7cc7749820d9afff763c332b63d6be7e0,24,7,0.5233057509176433,25,7710,4674,3699,2220,929,24,5041,3265,2256,798,282
quality_4_6_line_0,line,complete,4,full,grid25,227,38aa3a825fc2a9e0d89bf5111b559dc7cc7749820d9afff763c332b63d6be7e0,24,7,0.5322171649895608,25,7777,4714,3746,2494,1113,24,5041,3265,2256,798,282
quality_4_6_line_0,line,complete,4,full,grid25,229,38aa3a825fc2a9e0d89bf5111b559dc7cc7749820d9afff763c332b63d6be7e0,24,7,0.5297602307982743,25,7810,4719,3791,2403,1042,24,5041,3265,2256,798,282
quality_4_6_line_0,line,complete,4,full,grid25,233,38aa3a825fc2a9e0d89bf5111b559dc7cc7749820d9afff763c332b63d6be7e0,24,7,0.5317608378827572,25,7478,4537,3825,2446,1094,24,5041,3265,2256,798,282
quality_4_6_line_0,line,complete,5,full,sherbrooke,211,e994655fd1610e4b43bd5e51b11c689f818bc21686fdb21e01d760a26f4f739c,24,9,13.97895450796932,127,40076,24222,6265,8397,1758,24,6361,4141,2928,1009,360
quality_4_6_line_0,line,complete,5,full,sherbrooke,223,e994655fd1610e4b43bd5e51b11c689f818bc21686fdb21e01d760a26f4f739c,24,9,13.653106165118515,127,37997,22951,5976,5935,1316,24,6361,4141,2928,1009,360
quality_4_6_line_0,line,complete,5,full,sherbrooke,227,e994655fd1610e4b43bd5e51b11c689f818bc21686fdb21e01d760a26f4f739c,24,9,14.454738184809685,127,38428,23167,6045,6281,1347,24,6361,4141,2928,1009,360
quality_4_6_line_0,line,complete,5,full,sherbrooke,229,e994655fd1610e4b43bd5e51b11c689f818bc21686fdb21e01d760a26f4f739c,24,9,14.563144383020699,127,38847,23482,6054,6536,1393,24,6361,4141,2928,1009,360
quality_4_6_line_0,line,complete,5,full,sherbrooke,233,e994655fd1610e4b43bd5e51b11c689f818bc21686fdb21e01d760a26f4f739c,24,9,15.83093608589843,127,38891,23506,6082,7078,1508,24,6361,4141,2928,1009,360
quality_4_6_line_0,line,complete,5,full,line25,211,e994655fd1610e4b43bd5e51b11c689f818bc21686fdb21e01d760a26f4f739c,24,9,0.7529943487606943,25,16208,9470,5333,2305,987,24,6361,4141,2928,1009,360
quality_4_6_line_0,line,complete,5,full,line25,223,e994655fd1610e4b43bd5e51b11c689f818bc21686fdb21e01d760a26f4f739c,24,9,0.7455639461986721,25,16352,9542,5344,2404,1022,24,6361,4141,2928,1009,360
quality_4_6_line_0,line,complete,5,full,line25,227,e994655fd1610e4b43bd5e51b11c689f818bc21686fdb21e01d760a26f4f739c,24,9,0.7486094548366964,25,16382,9564,5291,2365,1035,24,6361,4141,2928,1009,360
quality_4_6_line_0,line,complete,5,full,line25,229,e994655fd1610e4b43bd5e51b11c689f818bc21686fdb21e01d760a26f4f739c,24,9,0.743641285225749,25,16121,9419,5354,2484,1070,24,6361,4141,2928,1009,360
quality_4_6_line_0,line,complete,5,full,line25,233,e994655fd1610e4b43bd5e51b11c689f818bc21686fdb21e01d760a26f4f739c,24,9,0.7478493871167302,25,16175,9454,5374,2415,1027,24,6361,4141,2928,1009,360
quality_4_6_line_0,line,complete,5,full,grid25,211,e994655fd1610e4b43bd5e51b11c689f818bc21686fdb21e01d760a26f4f739c,24,9,0.725010939873755,25,9848,5979,4905,3031,1354,24,6361,4141,2928,1009,360
quality_4_6_line_0,line,complete,5,full,grid25,223,e994655fd1610e4b43bd5e51b11c689f818bc21686fdb21e01d760a26f4f739c,24,9,0.7258324641734362,25,9796,5952,4873,3124,1389,24,6361,4141,2928,1009,360
quality_4_6_line_0,line,complete,5,full,grid25,227,e994655fd1610e4b43bd5e51b11c689f818bc21686fdb21e01d760a26f4f739c,24,9,0.7324105161242187,25,9758,5931,4974,3104,1336,24,6361,4141,2928,1009,360
quality_4_6_line_0,line,complete,5,full,grid25,229,e994655fd1610e4b43bd5e51b11c689f818bc21686fdb21e01d760a26f4f739c,24,9,0.7333512119948864,25,10008,6056,4870,3111,1348,24,6361,4141,2928,1009,360
quality_4_6_line_0,line,complete,5,full,grid25,233,e994655fd1610e4b43bd5e51b11c689f818bc21686fdb21e01d760a26f4f739c,24,9,0.7272435328923166,25,10313,6233,4827,3007,1347,24,6361,4141,2928,1009,360
quality_4_6_line_0,line,complete,6,full,sherbrooke,211,69be3acfd80e478c471e8449a414b10a0ef24d5490c0bdc3782b013709cdf579,24,11,17.787862396799028,127,45447,27699,6723,6159,1329,24,7681,5017,3600,1220,438
quality_4_6_line_0,line,complete,6,full,sherbrooke,223,69be3acfd80e478c471e8449a414b10a0ef24d5490c0bdc3782b013709cdf579,24,11,22.30579959694296,127,47733,28831,7353,7992,1684,24,7681,5017,3600,1220,438
quality_4_6_line_0,line,complete,6,full,sherbrooke,227,69be3acfd80e478c471e8449a414b10a0ef24d5490c0bdc3782b013709cdf579,24,11,22.11213942617178,127,47959,28913,7555,8510,1836,24,7681,5017,3600,1220,438
quality_4_6_line_0,line,complete,6,full,sherbrooke,229,69be3acfd80e478c471e8449a414b10a0ef24d5490c0bdc3782b013709cdf579,24,11,22.377014798112214,127,47389,28611,7355,7784,1659,24,7681,5017,3600,1220,438
quality_4_6_line_0,line,complete,6,full,sherbrooke,233,69be3acfd80e478c471e8449a414b10a0ef24d5490c0bdc3782b013709cdf579,24,11,22.396717747673392,127,46774,28335,7037,7337,1555,24,7681,5017,3600,1220,438
quality_4_6_line_0,line,complete,6,full,line25,211,69be3acfd80e478c471e8449a414b10a0ef24d5490c0bdc3782b013709cdf579,24,11,0.9009504658170044,25,19728,11526,6672,3028,1302,24,7681,5017,3600,1220,438
quality_4_6_line_0,line,complete,6,full,line25,223,69be3acfd80e478c471e8449a414b10a0ef24d5490c0bdc3782b013709cdf579,24,11,0.8992945356294513,25,19844,11598,6692,3111,1319,24,7681,5017,3600,1220,438
quality_4_6_line_0,line,complete,6,full,line25,227,69be3acfd80e478c471e8449a414b10a0ef24d5490c0bdc3782b013709cdf579,24,11,0.8950171642936766,25,19933,11648,6645,2898,1266,24,7681,5017,3600,1220,438
quality_4_6_line_0,line,complete,6,full,line25,229,69be3acfd80e478c471e8449a414b10a0ef24d5490c0bdc3782b013709cdf579,24,11,0.893602626863867,25,19816,11584,6625,2977,1294,24,7681,5017,3600,1220,438
quality_4_6_line_0,line,complete,6,full,line25,233,69be3acfd80e478c471e8449a414b10a0ef24d5490c0bdc3782b013709cdf579,24,11,0.8924095169641078,25,20028,11705,6654,3077,1376,24,7681,5017,3600,1220,438
quality_4_6_line_0,line,complete,6,full,grid25,211,69be3acfd80e478c471e8449a414b10a0ef24d5490c0bdc3782b013709cdf579,24,11,0.8739170418120921,25,12457,7547,6080,3689,1649,24,7681,5017,3600,1220,438
quality_4_6_line_0,line,complete,6,full,grid25,223,69be3acfd80e478c471e8449a414b10a0ef24d5490c0bdc3782b013709cdf579,24,11,0.8779383329674602,25,12004,7289,6158,3922,1794,24,7681,5017,3600,1220,438
quality_4_6_line_0,line,complete,6,full,grid25,227,69be3acfd80e478c471e8449a414b10a0ef24d5490c0bdc3782b013709cdf579,24,11,0.8712563151493669,25,12392,7501,6105,3778,1665,24,7681,5017,3600,1220,438
quality_4_6_line_0,line,complete,6,full,grid25,229,69be3acfd80e478c471e8449a414b10a0ef24d5490c0bdc3782b013709cdf579,24,11,0.8730396842584014,25,12343,7484,6087,3712,1677,24,7681,5017,3600,1220,438
quality_4_6_line_0,line,complete,6,full,grid25,233,69be3acfd80e478c471e8449a414b10a0ef24d5490c0bdc3782b013709cdf579,24,11,0.9613865348510444,25,12182,7404,6016,3862,1639,24,7681,5017,3600,1220,438
quality_4_6_line_0,line,complete,7,full,sherbrooke,211,1d89ad3dd9ff00c698b381b4d00325cf4d3eca0a78af7d2b7d2ef1fc4d8f46cc,24,13,26.987721541896462,127,58085,35207,8926,10769,2318,24,9001,5893,4272,1431,516
quality_4_6_line_0,line,complete,7,full,sherbrooke,223,1d89ad3dd9ff00c698b381b4d00325cf4d3eca0a78af7d2b7d2ef1fc4d8f46cc,24,13,31.81437068991363,127,55838,33797,8585,8470,1876,24,9001,5893,4272,1431,516
quality_4_6_line_0,line,complete,7,full,sherbrooke,227,1d89ad3dd9ff00c698b381b4d00325cf4d3eca0a78af7d2b7d2ef1fc4d8f46cc,24,13,32.49609297187999,127,57528,34787,9096,11783,2572,24,9001,5893,4272,1431,516
quality_4_6_line_0,line,complete,7,full,sherbrooke,229,1d89ad3dd9ff00c698b381b4d00325cf4d3eca0a78af7d2b7d2ef1fc4d8f46cc,24,13,32.30623704381287,127,57496,34718,8982,10094,2161,24,9001,5893,4272,1431,516
quality_4_6_line_0,line,complete,7,full,sherbrooke,233,1d89ad3dd9ff00c698b381b4d00325cf4d3eca0a78af7d2b7d2ef1fc4d8f46cc,24,13,32.975902353879064,127,58621,35485,9257,11918,2577,24,9001,5893,4272,1431,516
quality_4_6_line_0,line,complete,7,full,line25,211,1d89ad3dd9ff00c698b381b4d00325cf4d3eca0a78af7d2b7d2ef1fc4d8f46cc,24,13,1.0924018300138414,25,23724,13861,7942,3644,1649,24,9001,5893,4272,1431,516
quality_4_6_line_0,line,complete,7,full,line25,223,1d89ad3dd9ff00c698b381b4d00325cf4d3eca0a78af7d2b7d2ef1fc4d8f46cc,24,13,1.083476709201932,25,23565,13773,8019,3701,1658,24,9001,5893,4272,1431,516
quality_4_6_line_0,line,complete,7,full,line25,227,1d89ad3dd9ff00c698b381b4d00325cf4d3eca0a78af7d2b7d2ef1fc4d8f46cc,24,13,1.0842088852077723,25,23547,13759,7942,3539,1564,24,9001,5893,4272,1431,516
quality_4_6_line_0,line,complete,7,full,line25,229,1d89ad3dd9ff00c698b381b4d00325cf4d3eca0a78af7d2b7d2ef1fc4d8f46cc,24,13,1.092372545041144,25,23178,13554,7986,3515,1596,24,9001,5893,4272,1431,516
quality_4_6_line_0,line,complete,7,full,line25,233,1d89ad3dd9ff00c698b381b4d00325cf4d3eca0a78af7d2b7d2ef1fc4d8f46cc,24,13,1.0853930679149926,25,23911,13969,7833,3466,1526,24,9001,5893,4272,1431,516
quality_4_6_line_0,line,complete,7,full,grid25,211,1d89ad3dd9ff00c698b381b4d00325cf4d3eca0a78af7d2b7d2ef1fc4d8f46cc,24,13,1.052193705458194,25,14029,8544,7368,4766,2213,24,9001,5893,4272,1431,516
quality_4_6_line_0,line,complete,7,full,grid25,223,1d89ad3dd9ff00c698b381b4d00325cf4d3eca0a78af7d2b7d2ef1fc4d8f46cc,24,13,1.0454138442873955,25,13918,8474,7364,4815,2138,24,9001,5893,4272,1431,516
quality_4_6_line_0,line,complete,7,full,grid25,227,1d89ad3dd9ff00c698b381b4d00325cf4d3eca0a78af7d2b7d2ef1fc4d8f46cc,24,13,1.0502453073859215,25,14193,8644,7267,4724,2088,24,9001,5893,4272,1431,516
quality_4_6_line_0,line,complete,7,full,grid25,229,1d89ad3dd9ff00c698b381b4d00325cf4d3eca0a78af7d2b7d2ef1fc4d8f46cc,24,13,1.1417588139884174,25,13807,8430,7269,4360,2035,24,9001,5893,4272,1431,516
quality_4_6_line_0,line,complete,7,full,grid25,233,1d89ad3dd9ff00c698b381b4d00325cf4d3eca0a78af7d2b7d2ef1fc4d8f46cc,24,13,1.0581458029337227,25,14265,8655,7350,4908,2182,24,9001,5893,4272,1431,516
quality_4_6_line_0,line,complete,8,full,sherbrooke,211,c1281534ccfac4fa68e1cdc34e8a52983d47e8076540166f457083821d851fee,24,15,39.173486170358956,127,65785,39658,10618,11954,2644,24,10321,6769,4944,1642,594
quality_4_6_line_0,line,complete,8,full,sherbrooke,223,c1281534ccfac4fa68e1cdc34e8a52983d47e8076540166f457083821d851fee,24,15,41.755696163047105,127,66899,40413,10442,11869,2538,24,10321,6769,4944,1642,594
quality_4_6_line_0,line,complete,8,full,sherbrooke,227,c1281534ccfac4fa68e1cdc34e8a52983d47e8076540166f457083821d851fee,24,15,42.67704845033586,127,65920,39700,10596,12676,2804,24,10321,6769,4944,1642,594
quality_4_6_line_0,line,complete,8,full,sherbrooke,229,c1281534ccfac4fa68e1cdc34e8a52983d47e8076540166f457083821d851fee,24,15,47.19361125677824,127,67894,40923,10768,12965,2860,24,10321,6769,4944,1642,594
quality_4_6_line_0,line,complete,8,full,sherbrooke,233,c1281534ccfac4fa68e1cdc34e8a52983d47e8076540166f457083821d851fee,24,15,43.2694884641096,127,66786,40417,10182,11862,2485,24,10321,6769,4944,1642,594
quality_4_6_line_0,line,complete,8,full,line25,211,c1281534ccfac4fa68e1cdc34e8a52983d47e8076540166f457083821d851fee,24,15,1.285617046058178,25,27181,15899,9309,4061,1798,24,10321,6769,4944,1642,594
quality_4_6_line_0,line,complete,8,full,line25,223,c1281534ccfac4fa68e1cdc34e8a52983d47e8076540166f457083821d851fee,24,15,1.2791806487366557,25,27148,15874,9296,4220,1903,24,10321,6769,4944,1642,594
quality_4_6_line_0,line,complete,8,full,line25,227,c1281534ccfac4fa68e1cdc34e8a52983d47e8076540166f457083821d851fee,24,15,1.2871071142144501,25,27177,15895,9368,4230,1943,24,10321,6769,4944,1642,594
quality_4_6_line_0,line,complete,8,full,line25,229,c1281534ccfac4fa68e1cdc34e8a52983d47e8076540166f457083821d851fee,24,15,1.2849377999082208,25,27422,16025,9225,4287,1931,24,10321,6769,4944,1642,594
quality_4_6_line_0,line,complete,8,full,line25,233,c1281534ccfac4fa68e1cdc34e8a52983d47e8076540166f457083821d851fee,24,15,1.4000746188685298,25,27353,15993,9216,4097,1797,24,10321,6769,4944,1642,594
quality_4_6_line_0,line,complete,8,full,grid25,211,c1281534ccfac4fa68e1cdc34e8a52983d47e8076540166f457083821d851fee,24,15,1.2297721980139613,25,16124,9831,8606,5337,2348,24,10321,6769,4944,1642,594
quality_4_6_line_0,line,complete,8,full,grid25,223,c1281534ccfac4fa68e1cdc34e8a52983d47e8076540166f457083821d851fee,24,15,1.2316623870283365,25,16262,9910,8433,5218,2342,24,10321,6769,4944,1642,594
quality_4_6_line_0,line,complete,8,full,grid25,227,c1281534ccfac4fa68e1cdc34e8a52983d47e8076540166f457083821d851fee,24,15,1.228064480703324,25,16163,9842,8464,5418,2430,24,10321,6769,4944,1642,594
quality_4_6_line_0,line,complete,8,full,grid25,229,c1281534ccfac4fa68e1cdc34e8a52983d47e8076540166f457083821d851fee,24,15,1.22933253319934,25,15882,9697,8612,5529,2507,24,10321,6769,4944,1642,594
quality_4_6_line_0,line,complete,8,full,grid25,233,c1281534ccfac4fa68e1cdc34e8a52983d47e8076540166f457083821d851fee,24,15,1.226713364943862,25,16352,9951,8527,5229,2473,24,10321,6769,4944,1642,594
quality_4_6_line_0,line,complete,9,full,sherbrooke,211,8eb75c07045c29c84a7ea61c6445007efe2f1788f31c7ca4c47c229488ad1f4b,24,17,57.059091093949974,127,75574,45470,12221,12922,2903,24,11641,7645,5616,1853,672
quality_4_6_line_0,line,complete,9,full,sherbrooke,223,8eb75c07045c29c84a7ea61c6445007efe2f1788f31c7ca4c47c229488ad1f4b,24,17,52.79743571113795,127,74446,45015,11565,10844,2414,24,11641,7645,5616,1853,672
quality_4_6_line_0,line,complete,9,full,sherbrooke,227,8eb75c07045c29c84a7ea61c6445007efe2f1788f31c7ca4c47c229488ad1f4b,24,17,57.73208671808243,127,78154,47215,12312,15826,3474,24,11641,7645,5616,1853,672
quality_4_6_line_0,line,complete,9,full,sherbrooke,229,8eb75c07045c29c84a7ea61c6445007efe2f1788f31c7ca4c47c229488ad1f4b,24,17,56.97510533221066,127,74637,44820,12097,13719,3099,24,11641,7645,5616,1853,672
quality_4_6_line_0,line,complete,9,full,sherbrooke,233,8eb75c07045c29c84a7ea61c6445007efe2f1788f31c7ca4c47c229488ad1f4b,24,17,60.06844382965937,127,78329,47197,12465,13525,2970,24,11641,7645,5616,1853,672
quality_4_6_line_0,line,complete,9,full,line25,211,8eb75c07045c29c84a7ea61c6445007efe2f1788f31c7ca4c47c229488ad1f4b,24,17,1.5373328169807792,25,30940,18095,10491,4781,2118,24,11641,7645,5616,1853,672
quality_4_6_line_0,line,complete,9,full,line25,223,8eb75c07045c29c84a7ea61c6445007efe2f1788f31c7ca4c47c229488ad1f4b,24,17,1.5243064747191966,25,30856,18046,10585,4765,2075,24,11641,7645,5616,1853,672
quality_4_6_line_0,line,complete,9,full,line25,227,8eb75c07045c29c84a7ea61c6445007efe2f1788f31c7ca4c47c229488ad1f4b,24,17,1.7073622341267765,25,30201,17694,10740,4673,2068,24,11641,7645,5616,1853,672
quality_4_6_line_0,line,complete,9,full,line25,229,8eb75c07045c29c84a7ea61c6445007efe2f1788f31c7ca4c47c229488ad1f4b,24,17,1.5427120178937912,25,31212,18239,10561,4752,2176,24,11641,7645,5616,1853,672
quality_4_6_line_0,line,complete,9,full,line25,233,8eb75c07045c29c84a7ea61c6445007efe2f1788f31c7ca4c47c229488ad1f4b,24,17,1.5231976127251983,25,30322,17751,10635,4707,2149,24,11641,7645,5616,1853,672
quality_4_6_line_0,line,complete,9,full,grid25,211,8eb75c07045c29c84a7ea61c6445007efe2f1788f31c7ca4c47c229488ad1f4b,24,17,1.4596516648307443,25,18374,11200,9812,6162,2858,24,11641,7645,5616,1853,672
quality_4_6_line_0,line,complete,9,full,grid25,223,8eb75c07045c29c84a7ea61c6445007efe2f1788f31c7ca4c47c229488ad1f4b,24,17,1.4648024858906865,25,18416,11222,9756,6056,2800,24,11641,7645,5616,1853,672
quality_4_6_line_0,line,complete,9,full,grid25,227,8eb75c07045c29c84a7ea61c6445007efe2f1788f31c7ca4c47c229488ad1f4b,24,17,1.459421692416072,25,18478,11248,9740,6498,2850,24,11641,7645,5616,1853,672
quality_4_6_line_0,line,complete,9,full,grid25,229,8eb75c07045c29c84a7ea61c6445007efe2f1788f31c7ca4c47c229488ad1f4b,24,17,1.4715179572813213,25,18905,11485,9597,6085,2670,24,11641,7645,5616,1853,672
quality_4_6_line_0,line,complete,9,full,grid25,233,8eb75c07045c29c84a7ea61c6445007efe2f1788f31c7ca4c47c229488ad1f4b,24,17,1.4684066139161587,25,18834,11450,9767,6414,2839,24,11641,7645,5616,1853,672
quality_4_6_line_0,line,complete,10,full,sherbrooke,211,ee1234e3b1ff6d771d4bc1870723672c53c19e565ab333b721c73ed2ebd11745,24,19,65.22546186577529,127,87145,52546,13915,16714,3614,24,12961,8521,6288,2064,750
quality_4_6_line_0,line,complete,10,full,sherbrooke,223,ee1234e3b1ff6d771d4bc1870723672c53c19e565ab333b721c73ed2ebd11745,24,19,66.24466525111347,127,83980,50803,13329,15592,3374,24,12961,8521,6288,2064,750
quality_4_6_line_0,line,complete,10,full,sherbrooke,227,ee1234e3b1ff6d771d4bc1870723672c53c19e565ab333b721c73ed2ebd11745,24,19,74.56859138607979,127,84426,50655,13791,17076,3823,24,12961,8521,6288,2064,750
quality_4_6_line_0,line,complete,10,full,sherbrooke,229,ee1234e3b1ff6d771d4bc1870723672c53c19e565ab333b721c73ed2ebd11745,24,19,69.41836757771671,127,84766,51178,13303,12764,2771,24,12961,8521,6288,2064,750
quality_4_6_line_0,line,complete,10,full,sherbrooke,233,ee1234e3b1ff6d771d4bc1870723672c53c19e565ab333b721c73ed2ebd11745,24,19,73.88095530914143,127,86566,52289,13803,17199,3737,24,12961,8521,6288,2064,750
quality_4_6_line_0,line,complete,10,full,line25,211,ee1234e3b1ff6d771d4bc1870723672c53c19e565ab333b721c73ed2ebd11745,24,19,1.677024473901838,25,34476,20166,11912,5603,2593,24,12961,8521,6288,2064,750
quality_4_6_line_0,line,complete,10,full,line25,223,ee1234e3b1ff6d771d4bc1870723672c53c19e565ab333b721c73ed2ebd11745,24,19,1.7967056357301772,25,34617,20230,11936,5529,2545,24,12961,8521,6288,2064,750
quality_4_6_line_0,line,complete,10,full,line25,227,ee1234e3b1ff6d771d4bc1870723672c53c19e565ab333b721c73ed2ebd11745,24,19,1.6679906910285354,25,34121,19962,11913,5254,2403,24,12961,8521,6288,2064,750
quality_4_6_line_0,line,complete,10,full,line25,229,ee1234e3b1ff6d771d4bc1870723672c53c19e565ab333b721c73ed2ebd11745,24,19,1.6693338532932103,25,33841,19817,12013,5424,2432,24,12961,8521,6288,2064,750
quality_4_6_line_0,line,complete,10,full,line25,233,ee1234e3b1ff6d771d4bc1870723672c53c19e565ab333b721c73ed2ebd11745,24,19,1.6709616188891232,25,34638,20256,11886,5156,2395,24,12961,8521,6288,2064,750
quality_4_6_line_0,line,complete,10,full,grid25,211,ee1234e3b1ff6d771d4bc1870723672c53c19e565ab333b721c73ed2ebd11745,24,19,1.598365806043148,25,20785,12656,10848,7250,3075,24,12961,8521,6288,2064,750
quality_4_6_line_0,line,complete,10,full,grid25,223,ee1234e3b1ff6d771d4bc1870723672c53c19e565ab333b721c73ed2ebd11745,24,19,1.5983654861338437,25,19978,12208,10992,6885,3172,24,12961,8521,6288,2064,750
quality_4_6_line_0,line,complete,10,full,grid25,227,ee1234e3b1ff6d771d4bc1870723672c53c19e565ab333b721c73ed2ebd11745,24,19,1.6000404311344028,25,20307,12390,11070,7514,3266,24,12961,8521,6288,2064,750
quality_4_6_line_0,line,complete,10,full,grid25,229,ee1234e3b1ff6d771d4bc1870723672c53c19e565ab333b721c73ed2ebd11745,24,19,1.5965140089392662,25,20612,12559,10907,6913,3131,24,12961,8521,6288,2064,750
quality_4_6_line_0,line,complete,10,full,grid25,233,ee1234e3b1ff6d771d4bc1870723672c53c19e565ab333b721c73ed2ebd11745,24,19,1.5888879490084946,25,20456,12480,10969,7805,3467,24,12961,8521,6288,2064,750
quality_4_6_line_0,line,complete,11,full,sherbrooke,211,d97520af9d1bacc85fe1ad100767ddae603e55ce15fbab430f37b003036b1822,24,21,85.64992704009637,127,92847,56195,14401,15435,3392,24,14281,9397,6960,2275,828
quality_4_6_line_0,line,complete,11,full,sherbrooke,223,d97520af9d1bacc85fe1ad100767ddae603e55ce15fbab430f37b003036b1822,24,21,87.45823186729103,127,95089,57215,15212,18715,4059,24,14281,9397,6960,2275,828
quality_4_6_line_0,line,complete,11,full,sherbrooke,227,d97520af9d1bacc85fe1ad100767ddae603e55ce15fbab430f37b003036b1822,24,21,88.56629836186767,127,94457,56977,15068,17848,3857,24,14281,9397,6960,2275,828
quality_4_6_line_0,line,complete,11,full,sherbrooke,229,d97520af9d1bacc85fe1ad100767ddae603e55ce15fbab430f37b003036b1822,24,21,96.23492950107902,127,96562,57892,15708,17495,3958,24,14281,9397,6960,2275,828
quality_4_6_line_0,line,complete,11,full,sherbrooke,233,d97520af9d1bacc85fe1ad100767ddae603e55ce15fbab430f37b003036b1822,24,21,90.8744919882156,127,98221,59042,15833,20021,4306,24,14281,9397,6960,2275,828
quality_4_6_line_0,line,complete,11,full,line25,211,d97520af9d1bacc85fe1ad100767ddae603e55ce15fbab430f37b003036b1822,24,21,2.0308108730241656,25,38409,22457,13235,5941,2602,24,14281,9397,6960,2275,828
quality_4_6_line_0,line,complete,11,full,line25,223,d97520af9d1bacc85fe1ad100767ddae603e55ce15fbab430f37b003036b1822,24,21,1.8523926171474159,25,37057,21713,13338,6045,2830,24,14281,9397,6960,2275,828
quality_4_6_line_0,line,complete,11,full,line25,227,d97520af9d1bacc85fe1ad100767ddae603e55ce15fbab430f37b003036b1822,24,21,1.865004621911794,25,37844,22141,13325,5828,2643,24,14281,9397,6960,2275,828
quality_4_6_line_0,line,complete,11,full,line25,229,d97520af9d1bacc85fe1ad100767ddae603e55ce15fbab430f37b003036b1822,24,21,1.865242798347026,25,38208,22347,13239,6069,2770,24,14281,9397,6960,2275,828
quality_4_6_line_0,line,complete,11,full,line25,233,d97520af9d1bacc85fe1ad100767ddae603e55ce15fbab430f37b003036b1822,24,21,1.8632976659573615,25,37453,21944,13323,5930,2697,24,14281,9397,6960,2275,828
quality_4_6_line_0,line,complete,11,full,grid25,211,d97520af9d1bacc85fe1ad100767ddae603e55ce15fbab430f37b003036b1822,24,21,1.7870353148318827,25,22565,13776,12189,7403,3418,24,14281,9397,6960,2275,828
quality_4_6_line_0,line,complete,11,full,grid25,223,d97520af9d1bacc85fe1ad100767ddae603e55ce15fbab430f37b003036b1822,24,21,1.7795230988413095,25,22348,13655,12099,7432,3400,24,14281,9397,6960,2275,828
quality_4_6_line_0,line,complete,11,full,grid25,227,d97520af9d1bacc85fe1ad100767ddae603e55ce15fbab430f37b003036b1822,24,21,1.7883455958217382,25,22717,13849,12387,8445,3772,24,14281,9397,6960,2275,828
quality_4_6_line_0,line,complete,11,full,grid25,229,d97520af9d1bacc85fe1ad100767ddae603e55ce15fbab430f37b003036b1822,24,21,1.8415395482443273,25,22464,13704,12251,7566,3451,24,14281,9397,6960,2275,828
quality_4_6_line_0,line,complete,11,full,grid25,233,d97520af9d1bacc85fe1ad100767ddae603e55ce15fbab430f37b003036b1822,24,21,1.7909598462283611,25,22934,13961,12206,8175,3553,24,14281,9397,6960,2275,828
quality_4_6_line_0,line,complete,12,full,sherbrooke,211,12f25ee72cdb59eba56d6401179718f66f20dc5c2947ce8b50d0d844c2ccc709,24,23,102.9513272237964,127,103921,62422,16796,20031,4420,24,15601,10273,7632,2486,906
quality_4_6_line_0,line,complete,12,full,sherbrooke,223,12f25ee72cdb59eba56d6401179718f66f20dc5c2947ce8b50d0d844c2ccc709,24,23,104.17875209404156,127,106083,63962,16941,21457,4658,24,15601,10273,7632,2486,906
quality_4_6_line_0,line,complete,12,full,sherbrooke,227,12f25ee72cdb59eba56d6401179718f66f20dc5c2947ce8b50d0d844c2ccc709,24,23,105.63146856613457,127,105571,63247,17147,21807,4897,24,15601,10273,7632,2486,906
quality_4_6_line_0,line,complete,12,full,sherbrooke,229,12f25ee72cdb59eba56d6401179718f66f20dc5c2947ce8b50d0d844c2ccc709,24,23,110.62422310886905,127,105984,63826,16920,21242,4582,24,15601,10273,7632,2486,906
quality_4_6_line_0,line,complete,12,full,sherbrooke,233,12f25ee72cdb59eba56d6401179718f66f20dc5c2947ce8b50d0d844c2ccc709,24,23,108.04239697474986,127,103329,62215,16663,19463,4342,24,15601,10273,7632,2486,906
quality_4_6_line_0,line,complete,12,full,line25,211,12f25ee72cdb59eba56d6401179718f66f20dc5c2947ce8b50d0d844c2ccc709,24,23,2.219954007305205,25,41106,24072,14536,6637,3083,24,15601,10273,7632,2486,906
quality_4_6_line_0,line,complete,12,full,line25,223,12f25ee72cdb59eba56d6401179718f66f20dc5c2947ce8b50d0d844c2ccc709,24,23,2.0739705809392035,25,41069,24057,14572,6418,2959,24,15601,10273,7632,2486,906
quality_4_6_line_0,line,complete,12,full,line25,227,12f25ee72cdb59eba56d6401179718f66f20dc5c2947ce8b50d0d844c2ccc709,24,23,2.0794867100194097,25,41288,24168,14425,6408,2885,24,15601,10273,7632,2486,906
quality_4_6_line_0,line,complete,12,full,line25,229,12f25ee72cdb59eba56d6401179718f66f20dc5c2947ce8b50d0d844c2ccc709,24,23,2.08727766899392,25,41572,24328,14468,6502,2894,24,15601,10273,7632,2486,906
quality_4_6_line_0,line,complete,12,full,line25,233,12f25ee72cdb59eba56d6401179718f66f20dc5c2947ce8b50d0d844c2ccc709,24,23,2.0955774346366525,25,41582,24343,14580,6649,3083,24,15601,10273,7632,2486,906
quality_4_6_line_0,line,complete,12,full,grid25,211,12f25ee72cdb59eba56d6401179718f66f20dc5c2947ce8b50d0d844c2ccc709,24,23,1.981977601069957,25,25532,15535,13229,8232,3732,24,15601,10273,7632,2486,906
quality_4_6_line_0,line,complete,12,full,grid25,223,12f25ee72cdb59eba56d6401179718f66f20dc5c2947ce8b50d0d844c2ccc709,24,23,1.9754207180812955,25,24736,15081,13324,8720,3933,24,15601,10273,7632,2486,906
quality_4_6_line_0,line,complete,12,full,grid25,227,12f25ee72cdb59eba56d6401179718f66f20dc5c2947ce8b50d0d844c2ccc709,24,23,1.9929727581329644,25,25071,15278,13275,8496,3831,24,15601,10273,7632,2486,906
quality_4_6_line_0,line,complete,12,full,grid25,229,12f25ee72cdb59eba56d6401179718f66f20dc5c2947ce8b50d0d844c2ccc709,24,23,2.0740832122974098,25,24800,15144,13250,7958,3683,24,15601,10273,7632,2486,906
quality_4_6_line_0,line,complete,12,full,grid25,233,12f25ee72cdb59eba56d6401179718f66f20dc5c2947ce8b50d0d844c2ccc709,24,23,1.993849664926529,25,24531,14967,13425,8864,3902,24,15601,10273,7632,2486,906
quality_4_6_line_0,line,ring,1,full,sherbrooke,211,2ee7593459d24f7afd6c0760146f2b54d80be29caeb4580c085b0ab727971d67,24,1,0.22912249388173223,127,1127,682,146,186,34,24,541,313,96,106,24
quality_4_6_line_0,line,ring,1,full,sherbrooke,223,2ee7593459d24f7afd6c0760146f2b54d80be29caeb4580c085b0ab727971d67,24,1,0.03937953803688288,127,1189,723,151,209,42,24,541,313,96,106,24
quality_4_6_line_0,line,ring,1,full,sherbrooke,227,2ee7593459d24f7afd6c0760146f2b54d80be29caeb4580c085b0ab727971d67,24,1,0.03674719529226422,127,1121,686,151,250,46,24,541,313,96,106,24
quality_4_6_line_0,line,ring,1,full,sherbrooke,229,2ee7593459d24f7afd6c0760146f2b54d80be29caeb4580c085b0ab727971d67,24,1,0.043728694785386324,127,1111,681,143,190,36,24,541,313,96,106,24
quality_4_6_line_0,line,ring,1,full,sherbrooke,233,2ee7593459d24f7afd6c0760146f2b54d80be29caeb4580c085b0ab727971d67,24,1,0.03673176560550928,127,1079,655,151,199,39,24,541,313,96,106,24
quality_4_6_line_0,line,ring,1,full,line25,211,2ee7593459d24f7afd6c0760146f2b54d80be29caeb4580c085b0ab727971d67,24,1,0.02586480975151062,25,579,335,149,120,34,24,541,313,96,106,24
quality_4_6_line_0,line,ring,1,full,line25,223,2ee7593459d24f7afd6c0760146f2b54d80be29caeb4580c085b0ab727971d67,24,1,0.025246678851544857,25,597,348,144,121,34,24,541,313,96,106,24
quality_4_6_line_0,line,ring,1,full,line25,227,2ee7593459d24f7afd6c0760146f2b54d80be29caeb4580c085b0ab727971d67,24,1,0.025821617804467678,25,601,350,147,122,34,24,541,313,96,106,24
quality_4_6_line_0,line,ring,1,full,line25,229,2ee7593459d24f7afd6c0760146f2b54d80be29caeb4580c085b0ab727971d67,24,1,0.02490942506119609,25,605,352,149,122,32,24,541,313,96,106,24
quality_4_6_line_0,line,ring,1,full,line25,233,2ee7593459d24f7afd6c0760146f2b54d80be29caeb4580c085b0ab727971d67,24,1,0.024922451004385948,25,600,351,146,121,32,24,541,313,96,106,24
quality_4_6_line_0,line,ring,1,full,grid25,211,2ee7593459d24f7afd6c0760146f2b54d80be29caeb4580c085b0ab727971d67,24,1,0.02189597673714161,25,551,318,102,113,27,24,541,313,96,106,24
quality_4_6_line_0,line,ring,1,full,grid25,223,2ee7593459d24f7afd6c0760146f2b54d80be29caeb4580c085b0ab727971d67,24,1,0.02052630390971899,25,541,313,96,106,24,24,541,313,96,106,24
quality_4_6_line_0,line,ring,1,full,grid25,227,2ee7593459d24f7afd6c0760146f2b54d80be29caeb4580c085b0ab727971d67,24,1,0.020987560972571373,25,541,313,102,110,27,24,541,313,96,106,24
quality_4_6_line_0,line,ring,1,full,grid25,229,2ee7593459d24f7afd6c0760146f2b54d80be29caeb4580c085b0ab727971d67,24,1,0.02104076137766242,25,569,329,106,127,31,24,541,313,96,106,24
quality_4_6_line_0,line,ring,1,full,grid25,233,2ee7593459d24f7afd6c0760146f2b54d80be29caeb4580c085b0ab727971d67,24,1,0.02124060597270727,25,549,317,100,114,28,24,541,313,96,106,24
quality_4_6_line_0,line,ring,2,full,sherbrooke,211,eb3c1e1c4f515794a95ecffc9b2dc5243bcadfa6cab3c55b3b992d8833b3d5fc,24,3,1.007831310853362,127,8020,4881,1200,1548,335,24,1321,865,624,306,110
quality_4_6_line_0,line,ring,2,full,sherbrooke,223,eb3c1e1c4f515794a95ecffc9b2dc5243bcadfa6cab3c55b3b992d8833b3d5fc,24,3,0.8807553118094802,127,7966,4816,1226,1454,306,24,1321,865,624,306,110
quality_4_6_line_0,line,ring,2,full,sherbrooke,227,eb3c1e1c4f515794a95ecffc9b2dc5243bcadfa6cab3c55b3b992d8833b3d5fc,24,3,0.874190635047853,127,8340,5062,1290,1794,383,24,1321,865,624,306,110
quality_4_6_line_0,line,ring,2,full,sherbrooke,229,eb3c1e1c4f515794a95ecffc9b2dc5243bcadfa6cab3c55b3b992d8833b3d5fc,24,3,0.9699903409928083,127,8558,5168,1293,1695,346,24,1321,865,624,306,110
quality_4_6_line_0,line,ring,2,full,sherbrooke,233,eb3c1e1c4f515794a95ecffc9b2dc5243bcadfa6cab3c55b3b992d8833b3d5fc,24,3,0.8077890137210488,127,7983,4870,1200,1428,311,24,1321,865,624,306,110
quality_4_6_line_0,line,ring,2,full,line25,211,eb3c1e1c4f515794a95ecffc9b2dc5243bcadfa6cab3c55b3b992d8833b3d5fc,24,3,0.1649050540290773,25,3134,1855,1216,649,300,24,1321,865,624,306,110
quality_4_6_line_0,line,ring,2,full,line25,223,eb3c1e1c4f515794a95ecffc9b2dc5243bcadfa6cab3c55b3b992d8833b3d5fc,24,3,0.16494199400767684,25,3367,1984,1186,668,283,24,1321,865,624,306,110
quality_4_6_line_0,line,ring,2,full,line25,227,eb3c1e1c4f515794a95ecffc9b2dc5243bcadfa6cab3c55b3b992d8833b3d5fc,24,3,0.1617785538546741,25,3140,1861,1218,663,307,24,1321,865,624,306,110
quality_4_6_line_0,line,ring,2,full,line25,229,eb3c1e1c4f515794a95ecffc9b2dc5243bcadfa6cab3c55b3b992d8833b3d5fc,24,3,0.16666763368993998,25,3211,1897,1209,649,301,24,1321,865,624,306,110
quality_4_6_line_0,line,ring,2,full,line25,233,eb3c1e1c4f515794a95ecffc9b2dc5243bcadfa6cab3c55b3b992d8833b3d5fc,24,3,0.16712726699188352,25,3311,1952,1194,642,289,24,1321,865,624,306,110
quality_4_6_line_0,line,ring,2,full,grid25,211,eb3c1e1c4f515794a95ecffc9b2dc5243bcadfa6cab3c55b3b992d8833b3d5fc,24,3,0.15606389194726944,25,1959,1208,1030,703,344,24,1321,865,624,306,110
quality_4_6_line_0,line,ring,2,full,grid25,223,eb3c1e1c4f515794a95ecffc9b2dc5243bcadfa6cab3c55b3b992d8833b3d5fc,24,3,0.15712566580623388,25,2112,1291,1003,722,339,24,1321,865,624,306,110
quality_4_6_line_0,line,ring,2,full,grid25,227,eb3c1e1c4f515794a95ecffc9b2dc5243bcadfa6cab3c55b3b992d8833b3d5fc,24,3,0.15653582802042365,25,2037,1254,1044,690,360,24,1321,865,624,306,110
quality_4_6_line_0,line,ring,2,full,grid25,229,eb3c1e1c4f515794a95ecffc9b2dc5243bcadfa6cab3c55b3b992d8833b3d5fc,24,3,0.15621334314346313,25,2047,1257,1010,762,355,24,1321,865,624,306,110
quality_4_6_line_0,line,ring,2,full,grid25,233,eb3c1e1c4f515794a95ecffc9b2dc5243bcadfa6cab3c55b3b992d8833b3d5fc,24,3,0.15695867175236344,25,2082,1274,1018,656,316,24,1321,865,624,306,110
quality_4_6_line_0,line,ring,3,full,sherbrooke,211,f7722b4f51ee03556756020d2dce8cad229e85a89b9e3bc38a22ee03523602d1,24,5,3.1882341653108597,127,15792,9527,2509,2770,618,24,2101,1417,1152,488,184
quality_4_6_line_0,line,ring,3,full,sherbrooke,223,f7722b4f51ee03556756020d2dce8cad229e85a89b9e3bc38a22ee03523602d1,24,5,2.892369030043483,127,16008,9722,2425,2801,581,24,2101,1417,1152,488,184
quality_4_6_line_0,line,ring,3,full,sherbrooke,227,f7722b4f51ee03556756020d2dce8cad229e85a89b9e3bc38a22ee03523602d1,24,5,2.7438135971315205,127,15602,9477,2382,2586,548,24,2101,1417,1152,488,184
quality_4_6_line_0,line,ring,3,full,sherbrooke,229,f7722b4f51ee03556756020d2dce8cad229e85a89b9e3bc38a22ee03523602d1,24,5,2.8143601617775857,127,16025,9729,2492,2984,641,24,2101,1417,1152,488,184
quality_4_6_line_0,line,ring,3,full,sherbrooke,233,f7722b4f51ee03556756020d2dce8cad229e85a89b9e3bc38a22ee03523602d1,24,5,3.226037083659321,127,15521,9296,2491,2934,652,24,2101,1417,1152,488,184
quality_4_6_line_0,line,ring,3,full,line25,211,f7722b4f51ee03556756020d2dce8cad229e85a89b9e3bc38a22ee03523602d1,24,5,0.33306131418794394,25,5607,3329,2400,1145,578,24,2101,1417,1152,488,184
quality_4_6_line_0,line,ring,3,full,line25,223,f7722b4f51ee03556756020d2dce8cad229e85a89b9e3bc38a22ee03523602d1,24,5,0.3156892620027065,25,5773,3424,2363,1116,517,24,2101,1417,1152,488,184
quality_4_6_line_0,line,ring,3,full,line25,227,f7722b4f51ee03556756020d2dce8cad229e85a89b9e3bc38a22ee03523602d1,24,5,0.3264318248257041,25,5897,3487,2388,1138,530,24,2101,1417,1152,488,184
quality_4_6_line_0,line,ring,3,full,line25,229,f7722b4f51ee03556756020d2dce8cad229e85a89b9e3bc38a22ee03523602d1,24,5,0.32660611160099506,25,5658,3359,2389,1135,550,24,2101,1417,1152,488,184
quality_4_6_line_0,line,ring,3,full,line25,233,f7722b4f51ee03556756020d2dce8cad229e85a89b9e3bc38a22ee03523602d1,24,5,0.31902104895561934,25,5677,3369,2347,1111,523,24,2101,1417,1152,488,184
quality_4_6_line_0,line,ring,3,full,grid25,211,f7722b4f51ee03556756020d2dce8cad229e85a89b9e3bc38a22ee03523602d1,24,5,0.2999031990766525,25,3261,2036,2066,1367,674,24,2101,1417,1152,488,184
quality_4_6_line_0,line,ring,3,full,grid25,223,f7722b4f51ee03556756020d2dce8cad229e85a89b9e3bc38a22ee03523602d1,24,5,0.29617846477776766,25,3427,2133,2013,1317,681,24,2101,1417,1152,488,184
quality_4_6_line_0,line,ring,3,full,grid25,227,f7722b4f51ee03556756020d2dce8cad229e85a89b9e3bc38a22ee03523602d1,24,5,0.2901693400926888,25,3411,2122,1998,1209,612,24,2101,1417,1152,488,184
quality_4_6_line_0,line,ring,3,full,grid25,229,f7722b4f51ee03556756020d2dce8cad229e85a89b9e3bc38a22ee03523602d1,24,5,0.296656291000545,25,3455,2141,2037,1310,629,24,2101,1417,1152,488,184
quality_4_6_line_0,line,ring,3,full,grid25,233,f7722b4f51ee03556756020d2dce8cad229e85a89b9e3bc38a22ee03523602d1,24,5,0.29263537004590034,25,3431,2132,2027,1303,601,24,2101,1417,1152,488,184
quality_4_6_line_0,line,ring,4,full,sherbrooke,211,ce47d9e5d469d8b19485153be14bc57bbf2f712e35eab5f33c6ba1a5f04f9f3a,24,7,5.736621966119856,127,23820,14402,3781,4857,1065,24,2881,1969,1680,670,258
quality_4_6_line_0,line,ring,4,full,sherbrooke,223,ce47d9e5d469d8b19485153be14bc57bbf2f712e35eab5f33c6ba1a5f04f9f3a,24,7,5.974219885189086,127,23830,14315,3847,4692,1021,24,2881,1969,1680,670,258
quality_4_6_line_0,line,ring,4,full,sherbrooke,227,ce47d9e5d469d8b19485153be14bc57bbf2f712e35eab5f33c6ba1a5f04f9f3a,24,7,5.947208994068205,127,23876,14419,3764,5301,1158,24,2881,1969,1680,670,258
quality_4_6_line_0,line,ring,4,full,sherbrooke,229,ce47d9e5d469d8b19485153be14bc57bbf2f712e35eab5f33c6ba1a5f04f9f3a,24,7,5.5816107196733356,127,22331,13426,3598,3901,868,24,2881,1969,1680,670,258
quality_4_6_line_0,line,ring,4,full,sherbrooke,233,ce47d9e5d469d8b19485153be14bc57bbf2f712e35eab5f33c6ba1a5f04f9f3a,24,7,5.447668590117246,127,23351,14030,3913,4440,1031,24,2881,1969,1680,670,258
quality_4_6_line_0,line,ring,4,full,line25,211,ce47d9e5d469d8b19485153be14bc57bbf2f712e35eab5f33c6ba1a5f04f9f3a,24,7,0.46480863401666284,25,8186,4858,3617,1655,852,24,2881,1969,1680,670,258
quality_4_6_line_0,line,ring,4,full,line25,223,ce47d9e5d469d8b19485153be14bc57bbf2f712e35eab5f33c6ba1a5f04f9f3a,24,7,0.46346692368388176,25,8390,4968,3592,1645,784,24,2881,1969,1680,670,258
quality_4_6_line_0,line,ring,4,full,line25,227,ce47d9e5d469d8b19485153be14bc57bbf2f712e35eab5f33c6ba1a5f04f9f3a,24,7,0.46783749107271433,25,8402,4976,3564,1626,800,24,2881,1969,1680,670,258
quality_4_6_line_0,line,ring,4,full,line25,229,ce47d9e5d469d8b19485153be14bc57bbf2f712e35eab5f33c6ba1a5f04f9f3a,24,7,0.46122968290001154,25,8378,4965,3604,1690,830,24,2881,1969,1680,670,258
quality_4_6_line_0,line,ring,4,full,line25,233,ce47d9e5d469d8b19485153be14bc57bbf2f712e35eab5f33c6ba1a5f04f9f3a,24,7,0.4643450230360031,25,8548,5056,3562,1698,816,24,2881,1969,1680,670,258
quality_4_6_line_0,line,ring,4,full,grid25,211,ce47d9e5d469d8b19485153be14bc57bbf2f712e35eab5f33c6ba1a5f04f9f3a,24,7,0.4314489299431443,25,4927,3073,3011,1933,965,24,2881,1969,1680,670,258
quality_4_6_line_0,line,ring,4,full,grid25,223,ce47d9e5d469d8b19485153be14bc57bbf2f712e35eab5f33c6ba1a5f04f9f3a,24,7,0.42416377924382687,25,4872,3038,2967,1812,882,24,2881,1969,1680,670,258
quality_4_6_line_0,line,ring,4,full,grid25,227,ce47d9e5d469d8b19485153be14bc57bbf2f712e35eab5f33c6ba1a5f04f9f3a,24,7,0.4281326117925346,25,4764,2985,2990,1925,981,24,2881,1969,1680,670,258
quality_4_6_line_0,line,ring,4,full,grid25,229,ce47d9e5d469d8b19485153be14bc57bbf2f712e35eab5f33c6ba1a5f04f9f3a,24,7,0.42782787000760436,25,4822,3017,2981,1943,917,24,2881,1969,1680,670,258
quality_4_6_line_0,line,ring,4,full,grid25,233,ce47d9e5d469d8b19485153be14bc57bbf2f712e35eab5f33c6ba1a5f04f9f3a,24,7,0.4227612758986652,25,4999,3115,2979,1770,931,24,2881,1969,1680,670,258
quality_4_6_line_0,line,ring,5,full,sherbrooke,211,bc6840ba20b638dd8551e117c48fbb84361d9c40f837f69383cff500c152a6f9,24,9,10.051249702926725,127,31125,18745,4952,5449,1202,24,3661,2521,2208,852,332
quality_4_6_line_0,line,ring,5,full,sherbrooke,223,bc6840ba20b638dd8551e117c48fbb84361d9c40f837f69383cff500c152a6f9,24,9,10.860470904968679,127,30514,18412,4819,5602,1277,24,3661,2521,2208,852,332
quality_4_6_line_0,line,ring,5,full,sherbrooke,227,bc6840ba20b638dd8551e117c48fbb84361d9c40f837f69383cff500c152a6f9,24,9,10.058900439180434,127,30145,18221,4716,5153,1091,24,3661,2521,2208,852,332
quality_4_6_line_0,line,ring,5,full,sherbrooke,229,bc6840ba20b638dd8551e117c48fbb84361d9c40f837f69383cff500c152a6f9,24,9,11.3769012670964,127,31400,18910,5014,5789,1263,24,3661,2521,2208,852,332
quality_4_6_line_0,line,ring,5,full,sherbrooke,233,bc6840ba20b638dd8551e117c48fbb84361d9c40f837f69383cff500c152a6f9,24,9,10.81363152898848,127,31408,18928,5032,5420,1221,24,3661,2521,2208,852,332
quality_4_6_line_0,line,ring,5,full,line25,211,bc6840ba20b638dd8551e117c48fbb84361d9c40f837f69383cff500c152a6f9,24,9,0.6002781325951219,25,10670,6338,4836,2204,1059,24,3661,2521,2208,852,332
quality_4_6_line_0,line,ring,5,full,line25,223,bc6840ba20b638dd8551e117c48fbb84361d9c40f837f69383cff500c152a6f9,24,9,0.5955766239203513,25,10765,6392,4796,2110,1035,24,3661,2521,2208,852,332
quality_4_6_line_0,line,ring,5,full,line25,227,bc6840ba20b638dd8551e117c48fbb84361d9c40f837f69383cff500c152a6f9,24,9,0.5881948722526431,25,10671,6340,4824,2159,1077,24,3661,2521,2208,852,332
quality_4_6_line_0,line,ring,5,full,line25,229,bc6840ba20b638dd8551e117c48fbb84361d9c40f837f69383cff500c152a6f9,24,9,0.5890207937918603,25,10709,6364,4785,2061,1012,24,3661,2521,2208,852,332
quality_4_6_line_0,line,ring,5,full,line25,233,bc6840ba20b638dd8551e117c48fbb84361d9c40f837f69383cff500c152a6f9,24,9,0.5933867208659649,25,10480,6238,4907,2106,1100,24,3661,2521,2208,852,332
quality_4_6_line_0,line,ring,5,full,grid25,211,bc6840ba20b638dd8551e117c48fbb84361d9c40f837f69383cff500c152a6f9,24,9,0.5428225710056722,25,6629,4122,3911,2595,1249,24,3661,2521,2208,852,332
quality_4_6_line_0,line,ring,5,full,grid25,223,bc6840ba20b638dd8551e117c48fbb84361d9c40f837f69383cff500c152a6f9,24,9,0.5463781370781362,25,6380,3982,3961,2309,1182,24,3661,2521,2208,852,332
quality_4_6_line_0,line,ring,5,full,grid25,227,bc6840ba20b638dd8551e117c48fbb84361d9c40f837f69383cff500c152a6f9,24,9,0.5410801889374852,25,6186,3883,3962,2266,1180,24,3661,2521,2208,852,332
quality_4_6_line_0,line,ring,5,full,grid25,229,bc6840ba20b638dd8551e117c48fbb84361d9c40f837f69383cff500c152a6f9,24,9,0.5484751262702048,25,6162,3865,4046,2505,1274,24,3661,2521,2208,852,332
quality_4_6_line_0,line,ring,5,full,grid25,233,bc6840ba20b638dd8551e117c48fbb84361d9c40f837f69383cff500c152a6f9,24,9,0.5424755588173866,25,5837,3688,4091,2480,1262,24,3661,2521,2208,852,332
quality_4_6_line_0,line,ring,6,full,sherbrooke,211,48c23444f1e1451ca1b3ca9c7e89f1f0fc0c07ef80ec6ca992ae8952bfdbc69c,24,11,15.19789261603728,127,39969,24127,6310,7713,1674,24,4441,3073,2736,1034,406
quality_4_6_line_0,line,ring,6,full,sherbrooke,223,48c23444f1e1451ca1b3ca9c7e89f1f0fc0c07ef80ec6ca992ae8952bfdbc69c,24,11,15.780619248747826,127,39260,23553,6493,7643,1764,24,4441,3073,2736,1034,406
quality_4_6_line_0,line,ring,6,full,sherbrooke,227,48c23444f1e1451ca1b3ca9c7e89f1f0fc0c07ef80ec6ca992ae8952bfdbc69c,24,11,15.481505433097482,127,38527,23182,6216,7105,1581,24,4441,3073,2736,1034,406
quality_4_6_line_0,line,ring,6,full,sherbrooke,229,48c23444f1e1451ca1b3ca9c7e89f1f0fc0c07ef80ec6ca992ae8952bfdbc69c,24,11,15.417725836392492,127,39552,23719,6455,7763,1715,24,4441,3073,2736,1034,406
quality_4_6_line_0,line,ring,6,full,sherbrooke,233,48c23444f1e1451ca1b3ca9c7e89f1f0fc0c07ef80ec6ca992ae8952bfdbc69c,24,11,16.7176474025473,127,38952,23561,6172,7174,1553,24,4441,3073,2736,1034,406
quality_4_6_line_0,line,ring,6,full,line25,211,48c23444f1e1451ca1b3ca9c7e89f1f0fc0c07ef80ec6ca992ae8952bfdbc69c,24,11,0.7440813612192869,25,13011,7742,6082,2841,1488,24,4441,3073,2736,1034,406
quality_4_6_line_0,line,ring,6,full,line25,223,48c23444f1e1451ca1b3ca9c7e89f1f0fc0c07ef80ec6ca992ae8952bfdbc69c,24,11,0.7355041150003672,25,13190,7847,6031,2647,1348,24,4441,3073,2736,1034,406
quality_4_6_line_0,line,ring,6,full,line25,227,48c23444f1e1451ca1b3ca9c7e89f1f0fc0c07ef80ec6ca992ae8952bfdbc69c,24,11,0.7380047510378063,25,13361,7927,6060,2643,1290,24,4441,3073,2736,1034,406
quality_4_6_line_0,line,ring,6,full,line25,229,48c23444f1e1451ca1b3ca9c7e89f1f0fc0c07ef80ec6ca992ae8952bfdbc69c,24,11,0.7331215008161962,25,13067,7767,6035,2689,1393,24,4441,3073,2736,1034,406
quality_4_6_line_0,line,ring,6,full,line25,233,48c23444f1e1451ca1b3ca9c7e89f1f0fc0c07ef80ec6ca992ae8952bfdbc69c,24,11,0.7364781238138676,25,13140,7818,5972,2692,1405,24,4441,3073,2736,1034,406
quality_4_6_line_0,line,ring,6,full,grid25,211,48c23444f1e1451ca1b3ca9c7e89f1f0fc0c07ef80ec6ca992ae8952bfdbc69c,24,11,0.689513061195612,25,7907,4943,4886,2908,1415,24,4441,3073,2736,1034,406
quality_4_6_line_0,line,ring,6,full,grid25,223,48c23444f1e1451ca1b3ca9c7e89f1f0fc0c07ef80ec6ca992ae8952bfdbc69c,24,11,0.6829574713483453,25,7914,4940,4891,3018,1438,24,4441,3073,2736,1034,406
quality_4_6_line_0,line,ring,6,full,grid25,227,48c23444f1e1451ca1b3ca9c7e89f1f0fc0c07ef80ec6ca992ae8952bfdbc69c,24,11,0.6777826435863972,25,7828,4891,4859,3125,1476,24,4441,3073,2736,1034,406
quality_4_6_line_0,line,ring,6,full,grid25,229,48c23444f1e1451ca1b3ca9c7e89f1f0fc0c07ef80ec6ca992ae8952bfdbc69c,24,11,0.6804530583322048,25,7882,4934,4953,2938,1468,24,4441,3073,2736,1034,406
quality_4_6_line_0,line,ring,6,full,grid25,233,48c23444f1e1451ca1b3ca9c7e89f1f0fc0c07ef80ec6ca992ae8952bfdbc69c,24,11,0.6811130470596254,25,7611,4777,5026,3041,1532,24,4441,3073,2736,1034,406
quality_4_6_line_0,line,ring,7,full,sherbrooke,211,96b434daae9dfc0495b142a3aa0d0837906bfda3397dfd5ca6d37194ecc506f6,24,13,20.898029057774693,127,46409,27995,7461,8504,1890,24,5221,3625,3264,1216,480
quality_4_6_line_0,line,ring,7,full,sherbrooke,223,96b434daae9dfc0495b142a3aa0d0837906bfda3397dfd5ca6d37194ecc506f6,24,13,25.16385813895613,127,46865,28212,7525,8127,1850,24,5221,3625,3264,1216,480
quality_4_6_line_0,line,ring,7,full,sherbrooke,227,96b434daae9dfc0495b142a3aa0d0837906bfda3397dfd5ca6d37194ecc506f6,24,13,22.86321130488068,127,46902,28164,7649,9244,2071,24,5221,3625,3264,1216,480
quality_4_6_line_0,line,ring,7,full,sherbrooke,229,96b434daae9dfc0495b142a3aa0d0837906bfda3397dfd5ca6d37194ecc506f6,24,13,24.26458680490032,127,48689,29252,7880,9483,2099,24,5221,3625,3264,1216,480
quality_4_6_line_0,line,ring,7,full,sherbrooke,233,96b434daae9dfc0495b142a3aa0d0837906bfda3397dfd5ca6d37194ecc506f6,24,13,24.172271403018385,127,47363,28596,7582,8524,1906,24,5221,3625,3264,1216,480
quality_4_6_line_0,line,ring,7,full,line25,211,96b434daae9dfc0495b142a3aa0d0837906bfda3397dfd5ca6d37194ecc506f6,24,13,0.9006104967556894,25,15665,9316,7264,3166,1608,24,5221,3625,3264,1216,480
quality_4_6_line_0,line,ring,7,full,line25,223,96b434daae9dfc0495b142a3aa0d0837906bfda3397dfd5ca6d37194ecc506f6,24,13,0.8932497147470713,25,15728,9344,7279,3153,1537,24,5221,3625,3264,1216,480
quality_4_6_line_0,line,ring,7,full,line25,227,96b434daae9dfc0495b142a3aa0d0837906bfda3397dfd5ca6d37194ecc506f6,24,13,0.8946294556371868,25,15860,9425,7290,3282,1665,24,5221,3625,3264,1216,480
quality_4_6_line_0,line,ring,7,full,line25,229,96b434daae9dfc0495b142a3aa0d0837906bfda3397dfd5ca6d37194ecc506f6,24,13,0.8942016828805208,25,15985,9495,7224,3200,1543,24,5221,3625,3264,1216,480
quality_4_6_line_0,line,ring,7,full,line25,233,96b434daae9dfc0495b142a3aa0d0837906bfda3397dfd5ca6d37194ecc506f6,24,13,0.8893689569085836,25,15438,9185,7344,3195,1588,24,5221,3625,3264,1216,480
quality_4_6_line_0,line,ring,7,full,grid25,211,96b434daae9dfc0495b142a3aa0d0837906bfda3397dfd5ca6d37194ecc506f6,24,13,0.8206542828120291,25,9000,5663,6043,3417,1778,24,5221,3625,3264,1216,480
quality_4_6_line_0,line,ring,7,full,grid25,223,96b434daae9dfc0495b142a3aa0d0837906bfda3397dfd5ca6d37194ecc506f6,24,13,0.8254915368743241,25,9317,5833,6013,3462,1776,24,5221,3625,3264,1216,480
quality_4_6_line_0,line,ring,7,full,grid25,227,96b434daae9dfc0495b142a3aa0d0837906bfda3397dfd5ca6d37194ecc506f6,24,13,0.8238403550349176,25,9216,5773,6011,3652,1780,24,5221,3625,3264,1216,480
quality_4_6_line_0,line,ring,7,full,grid25,229,96b434daae9dfc0495b142a3aa0d0837906bfda3397dfd5ca6d37194ecc506f6,24,13,0.8218304417096078,25,9385,5873,5947,3284,1710,24,5221,3625,3264,1216,480
quality_4_6_line_0,line,ring,7,full,grid25,233,96b434daae9dfc0495b142a3aa0d0837906bfda3397dfd5ca6d37194ecc506f6,24,13,0.8196709458716214,25,8679,5492,6094,3585,1859,24,5221,3625,3264,1216,480
quality_4_6_line_0,line,ring,8,full,sherbrooke,211,b6771d2dc9e067a2a927752c833123ef525e5c683bb7fbf4e2cdb2785a97a255,24,15,31.46388830197975,127,53737,32322,8654,9119,2050,24,6001,4177,3792,1398,554
quality_4_6_line_0,line,ring,8,full,sherbrooke,223,b6771d2dc9e067a2a927752c833123ef525e5c683bb7fbf4e2cdb2785a97a255,24,15,33.07327434234321,127,55406,33353,8810,10323,2290,24,6001,4177,3792,1398,554
quality_4_6_line_0,line,ring,8,full,sherbrooke,227,b6771d2dc9e067a2a927752c833123ef525e5c683bb7fbf4e2cdb2785a97a255,24,15,33.121950016822666,127,54504,32787,8837,10442,2381,24,6001,4177,3792,1398,554
quality_4_6_line_0,line,ring,8,full,sherbrooke,229,b6771d2dc9e067a2a927752c833123ef525e5c683bb7fbf4e2cdb2785a97a255,24,15,32.605947650037706,127,54551,32809,8933,10519,2379,24,6001,4177,3792,1398,554
quality_4_6_line_0,line,ring,8,full,sherbrooke,233,b6771d2dc9e067a2a927752c833123ef525e5c683bb7fbf4e2cdb2785a97a255,24,15,32.99512538127601,127,54934,33053,8878,10788,2440,24,6001,4177,3792,1398,554
quality_4_6_line_0,line,ring,8,full,line25,211,b6771d2dc9e067a2a927752c833123ef525e5c683bb7fbf4e2cdb2785a97a255,24,15,1.0493046999908984,25,17976,10690,8600,3746,1908,24,6001,4177,3792,1398,554
quality_4_6_line_0,line,ring,8,full,line25,223,b6771d2dc9e067a2a927752c833123ef525e5c683bb7fbf4e2cdb2785a97a255,24,15,1.0356321260333061,25,17356,10364,8525,3681,1881,24,6001,4177,3792,1398,554
quality_4_6_line_0,line,ring,8,full,line25,227,b6771d2dc9e067a2a927752c833123ef525e5c683bb7fbf4e2cdb2785a97a255,24,15,1.0454132528975606,25,17869,10645,8578,3674,1870,24,6001,4177,3792,1398,554
quality_4_6_line_0,line,ring,8,full,line25,229,b6771d2dc9e067a2a927752c833123ef525e5c683bb7fbf4e2cdb2785a97a255,24,15,1.0395357962697744,25,18584,11028,8348,3750,1796,24,6001,4177,3792,1398,554
quality_4_6_line_0,line,ring,8,full,line25,233,b6771d2dc9e067a2a927752c833123ef525e5c683bb7fbf4e2cdb2785a97a255,24,15,1.0371705046854913,25,18065,10746,8492,3707,1846,24,6001,4177,3792,1398,554
quality_4_6_line_0,line,ring,8,full,grid25,211,b6771d2dc9e067a2a927752c833123ef525e5c683bb7fbf4e2cdb2785a97a255,24,15,0.9511092649772763,25,10510,6614,6967,4097,2109,24,6001,4177,3792,1398,554
quality_4_6_line_0,line,ring,8,full,grid25,223,b6771d2dc9e067a2a927752c833123ef525e5c683bb7fbf4e2cdb2785a97a255,24,15,0.9547171611338854,25,10136,6407,7136,4190,2259,24,6001,4177,3792,1398,554
quality_4_6_line_0,line,ring,8,full,grid25,227,b6771d2dc9e067a2a927752c833123ef525e5c683bb7fbf4e2cdb2785a97a255,24,15,0.95180505188182,25,10303,6499,7032,3997,2060,24,6001,4177,3792,1398,554
quality_4_6_line_0,line,ring,8,full,grid25,229,b6771d2dc9e067a2a927752c833123ef525e5c683bb7fbf4e2cdb2785a97a255,24,15,0.9518237579613924,25,10342,6516,7128,4590,2307,24,6001,4177,3792,1398,554
quality_4_6_line_0,line,ring,8,full,grid25,233,b6771d2dc9e067a2a927752c833123ef525e5c683bb7fbf4e2cdb2785a97a255,24,15,1.050405176822096,25,10326,6505,7093,4431,2307,24,6001,4177,3792,1398,554
quality_4_6_line_0,line,ring,9,full,sherbrooke,211,be90602596e33a287abf02096e78d76117c366967565e5638a7af6a6989ca06e,24,17,42.8475850103423,127,64044,38582,10314,12623,2856,24,6781,4729,4320,1580,628
quality_4_6_line_0,line,ring,9,full,sherbrooke,223,be90602596e33a287abf02096e78d76117c366967565e5638a7af6a6989ca06e,24,17,38.94793130457401,127,60602,36203,10076,10618,2408,24,6781,4729,4320,1580,628
quality_4_6_line_0,line,ring,9,full,sherbrooke,227,be90602596e33a287abf02096e78d76117c366967565e5638a7af6a6989ca06e,24,17,41.42397669889033,127,64050,38693,10007,12051,2508,24,6781,4729,4320,1580,628
quality_4_6_line_0,line,ring,9,full,sherbrooke,229,be90602596e33a287abf02096e78d76117c366967565e5638a7af6a6989ca06e,24,17,40.57072157692164,127,61707,37207,9743,9964,2156,24,6781,4729,4320,1580,628
quality_4_6_line_0,line,ring,9,full,sherbrooke,233,be90602596e33a287abf02096e78d76117c366967565e5638a7af6a6989ca06e,24,17,39.827886526007205,127,62218,37458,9935,11482,2535,24,6781,4729,4320,1580,628
quality_4_6_line_0,line,ring,9,full,line25,211,be90602596e33a287abf02096e78d76117c366967565e5638a7af6a6989ca06e,24,17,1.1959147187881172,25,20646,12268,9723,4270,2122,24,6781,4729,4320,1580,628
quality_4_6_line_0,line,ring,9,full,line25,223,be90602596e33a287abf02096e78d76117c366967565e5638a7af6a6989ca06e,24,17,1.1959186671301723,25,20560,12233,9630,4108,2104,24,6781,4729,4320,1580,628
quality_4_6_line_0,line,ring,9,full,line25,227,be90602596e33a287abf02096e78d76117c366967565e5638a7af6a6989ca06e,24,17,1.1982390051707625,25,20541,12220,9728,4229,2105,24,6781,4729,4320,1580,628
quality_4_6_line_0,line,ring,9,full,line25,229,be90602596e33a287abf02096e78d76117c366967565e5638a7af6a6989ca06e,24,17,1.196960193105042,25,20479,12182,9752,4367,2181,24,6781,4729,4320,1580,628
quality_4_6_line_0,line,ring,9,full,line25,233,be90602596e33a287abf02096e78d76117c366967565e5638a7af6a6989ca06e,24,17,1.3153747362084687,25,20699,12300,9721,4189,2084,24,6781,4729,4320,1580,628
quality_4_6_line_0,line,ring,9,full,grid25,211,be90602596e33a287abf02096e78d76117c366967565e5638a7af6a6989ca06e,24,17,1.097916244994849,25,11818,7448,8030,4808,2480,24,6781,4729,4320,1580,628
quality_4_6_line_0,line,ring,9,full,grid25,223,be90602596e33a287abf02096e78d76117c366967565e5638a7af6a6989ca06e,24,17,1.0896676047705114,25,11957,7526,8066,4674,2444,24,6781,4729,4320,1580,628
quality_4_6_line_0,line,ring,9,full,grid25,227,be90602596e33a287abf02096e78d76117c366967565e5638a7af6a6989ca06e,24,17,1.0872503560967743,25,11733,7396,8120,4900,2570,24,6781,4729,4320,1580,628
quality_4_6_line_0,line,ring,9,full,grid25,229,be90602596e33a287abf02096e78d76117c366967565e5638a7af6a6989ca06e,24,17,1.089510529767722,25,11748,7400,8013,4628,2372,24,6781,4729,4320,1580,628
quality_4_6_line_0,line,ring,9,full,grid25,233,be90602596e33a287abf02096e78d76117c366967565e5638a7af6a6989ca06e,24,17,1.0901397219859064,25,11712,7384,8087,4794,2524,24,6781,4729,4320,1580,628
quality_4_6_line_0,line,ring,10,full,sherbrooke,211,ce1c1b5c91e3a69bc15ca59a99d568ff3d3ef214744db50d8304692758faead7,24,19,50.90091782435775,127,69004,41476,11259,12169,2761,24,7561,5281,4848,1762,702
quality_4_6_line_0,line,ring,10,full,sherbrooke,223,ce1c1b5c91e3a69bc15ca59a99d568ff3d3ef214744db50d8304692758faead7,24,19,48.891972868237644,127,70084,41997,11557,13702,3106,24,7561,5281,4848,1762,702
quality_4_6_line_0,line,ring,10,full,sherbrooke,227,ce1c1b5c91e3a69bc15ca59a99d568ff3d3ef214744db50d8304692758faead7,24,19,48.821166555862874,127,71124,42920,11390,13141,2934,24,7561,5281,4848,1762,702
quality_4_6_line_0,line,ring,10,full,sherbrooke,229,ce1c1b5c91e3a69bc15ca59a99d568ff3d3ef214744db50d8304692758faead7,24,19,49.96928802784532,127,69130,41585,11108,13515,3020,24,7561,5281,4848,1762,702
quality_4_6_line_0,line,ring,10,full,sherbrooke,233,ce1c1b5c91e3a69bc15ca59a99d568ff3d3ef214744db50d8304692758faead7,24,19,52.60883611114696,127,69985,42109,11202,12041,2616,24,7561,5281,4848,1762,702
quality_4_6_line_0,line,ring,10,full,line25,211,ce1c1b5c91e3a69bc15ca59a99d568ff3d3ef214744db50d8304692758faead7,24,19,1.3334313700906932,25,23175,13784,11048,4850,2415,24,7561,5281,4848,1762,702
quality_4_6_line_0,line,ring,10,full,line25,223,ce1c1b5c91e3a69bc15ca59a99d568ff3d3ef214744db50d8304692758faead7,24,19,1.3190683890134096,25,23250,13820,10884,4743,2386,24,7561,5281,4848,1762,702
quality_4_6_line_0,line,ring,10,full,line25,227,ce1c1b5c91e3a69bc15ca59a99d568ff3d3ef214744db50d8304692758faead7,24,19,1.3255779230967164,25,22721,13536,11044,4700,2393,24,7561,5281,4848,1762,702
quality_4_6_line_0,line,ring,10,full,line25,229,ce1c1b5c91e3a69bc15ca59a99d568ff3d3ef214744db50d8304692758faead7,24,19,1.3218481079675257,25,23330,13862,10790,4672,2339,24,7561,5281,4848,1762,702
quality_4_6_line_0,line,ring,10,full,line25,233,ce1c1b5c91e3a69bc15ca59a99d568ff3d3ef214744db50d8304692758faead7,24,19,1.4384356644004583,25,23574,14000,10926,4796,2412,24,7561,5281,4848,1762,702
quality_4_6_line_0,line,ring,10,full,grid25,211,ce1c1b5c91e3a69bc15ca59a99d568ff3d3ef214744db50d8304692758faead7,24,19,1.215325933881104,25,13203,8320,9074,5174,2599,24,7561,5281,4848,1762,702
quality_4_6_line_0,line,ring,10,full,grid25,223,ce1c1b5c91e3a69bc15ca59a99d568ff3d3ef214744db50d8304692758faead7,24,19,1.2095860550180078,25,13397,8424,8992,5418,2767,24,7561,5281,4848,1762,702
quality_4_6_line_0,line,ring,10,full,grid25,227,ce1c1b5c91e3a69bc15ca59a99d568ff3d3ef214744db50d8304692758faead7,24,19,1.2077310918830335,25,13468,8467,8967,5285,2724,24,7561,5281,4848,1762,702
quality_4_6_line_0,line,ring,10,full,grid25,229,ce1c1b5c91e3a69bc15ca59a99d568ff3d3ef214744db50d8304692758faead7,24,19,1.206522393040359,25,13344,8394,9022,5436,2866,24,7561,5281,4848,1762,702
quality_4_6_line_0,line,ring,10,full,grid25,233,ce1c1b5c91e3a69bc15ca59a99d568ff3d3ef214744db50d8304692758faead7,24,19,1.206155763939023,25,13158,8300,9119,5277,2734,24,7561,5281,4848,1762,702
quality_4_6_line_0,line,ring,11,full,sherbrooke,211,c23b713688d3b644d2010702bd3970d9ef209f96763486ca9ab2c772224f5596,24,21,57.29055600659922,127,76357,46019,12122,11592,2589,24,8341,5833,5376,1944,776
quality_4_6_line_0,line,ring,11,full,sherbrooke,223,c23b713688d3b644d2010702bd3970d9ef209f96763486ca9ab2c772224f5596,24,21,61.58241162216291,127,76690,45794,12994,13654,3120,24,8341,5833,5376,1944,776
quality_4_6_line_0,line,ring,11,full,sherbrooke,227,c23b713688d3b644d2010702bd3970d9ef209f96763486ca9ab2c772224f5596,24,21,64.70115244807675,127,77883,46717,12790,14509,3239,24,8341,5833,5376,1944,776
quality_4_6_line_0,line,ring,11,full,sherbrooke,229,c23b713688d3b644d2010702bd3970d9ef209f96763486ca9ab2c772224f5596,24,21,70.7052350831218,127,78631,47264,12758,15139,3328,24,8341,5833,5376,1944,776
quality_4_6_line_0,line,ring,11,full,sherbrooke,233,c23b713688d3b644d2010702bd3970d9ef209f96763486ca9ab2c772224f5596,24,21,63.17804020829499,127,77658,46768,12542,14373,3182,24,8341,5833,5376,1944,776
quality_4_6_line_0,line,ring,11,full,line25,211,c23b713688d3b644d2010702bd3970d9ef209f96763486ca9ab2c772224f5596,24,21,1.5049455999396741,25,25692,15281,12147,5390,2803,24,8341,5833,5376,1944,776
quality_4_6_line_0,line,ring,11,full,line25,223,c23b713688d3b644d2010702bd3970d9ef209f96763486ca9ab2c772224f5596,24,21,1.5072860759682953,25,25734,15294,12254,5344,2578,24,8341,5833,5376,1944,776
quality_4_6_line_0,line,ring,11,full,line25,227,c23b713688d3b644d2010702bd3970d9ef209f96763486ca9ab2c772224f5596,24,21,1.6193780079483986,25,25734,15302,12221,5299,2717,24,8341,5833,5376,1944,776
quality_4_6_line_0,line,ring,11,full,line25,229,c23b713688d3b644d2010702bd3970d9ef209f96763486ca9ab2c772224f5596,24,21,1.4889438510872424,25,24966,14880,12328,5306,2735,24,8341,5833,5376,1944,776
quality_4_6_line_0,line,ring,11,full,line25,233,c23b713688d3b644d2010702bd3970d9ef209f96763486ca9ab2c772224f5596,24,21,1.4872388797812164,25,25458,15152,12180,5114,2602,24,8341,5833,5376,1944,776
quality_4_6_line_0,line,ring,11,full,grid25,211,c23b713688d3b644d2010702bd3970d9ef209f96763486ca9ab2c772224f5596,24,21,1.3556299158371985,25,14837,9333,10103,5851,3044,24,8341,5833,5376,1944,776
quality_4_6_line_0,line,ring,11,full,grid25,223,c23b713688d3b644d2010702bd3970d9ef209f96763486ca9ab2c772224f5596,24,21,1.3599573718383908,25,13999,8883,10143,6002,3152,24,8341,5833,5376,1944,776
quality_4_6_line_0,line,ring,11,full,grid25,227,c23b713688d3b644d2010702bd3970d9ef209f96763486ca9ab2c772224f5596,24,21,1.3378811166621745,25,14385,9084,10164,5879,3119,24,8341,5833,5376,1944,776
quality_4_6_line_0,line,ring,11,full,grid25,229,c23b713688d3b644d2010702bd3970d9ef209f96763486ca9ab2c772224f5596,24,21,1.3452822649851441,25,14617,9211,10136,6107,3190,24,8341,5833,5376,1944,776
quality_4_6_line_0,line,ring,11,full,grid25,233,c23b713688d3b644d2010702bd3970d9ef209f96763486ca9ab2c772224f5596,24,21,1.34185038972646,25,14647,9228,10198,6047,3176,24,8341,5833,5376,1944,776
quality_4_6_line_0,line,ring,12,full,sherbrooke,211,e71058180408d09c97e86102166fe52c191cf6d0a304cecc603e173c413d304c,24,23,66.03376495605335,127,84346,50594,14018,15054,3428,24,9121,6385,5904,2126,850
quality_4_6_line_0,line,ring,12,full,sherbrooke,223,e71058180408d09c97e86102166fe52c191cf6d0a304cecc603e173c413d304c,24,23,85.64773771632463,127,84748,50885,13792,15333,3458,24,9121,6385,5904,2126,850
quality_4_6_line_0,line,ring,12,full,sherbrooke,227,e71058180408d09c97e86102166fe52c191cf6d0a304cecc603e173c413d304c,24,23,74.60504514770582,127,87020,52152,14583,17642,4124,24,9121,6385,5904,2126,850
quality_4_6_line_0,line,ring,12,full,sherbrooke,229,e71058180408d09c97e86102166fe52c191cf6d0a304cecc603e173c413d304c,24,23,79.29726199386641,127,86507,51900,14351,16973,3889,24,9121,6385,5904,2126,850
quality_4_6_line_0,line,ring,12,full,sherbrooke,233,e71058180408d09c97e86102166fe52c191cf6d0a304cecc603e173c413d304c,24,23,71.24023209279403,127,83627,50396,13308,14716,3169,24,9121,6385,5904,2126,850
quality_4_6_line_0,line,ring,12,full,line25,211,e71058180408d09c97e86102166fe52c191cf6d0a304cecc603e173c413d304c,24,23,1.7114167441613972,25,28123,16727,13324,6002,2987,24,9121,6385,5904,2126,850
quality_4_6_line_0,line,ring,12,full,line25,223,e71058180408d09c97e86102166fe52c191cf6d0a304cecc603e173c413d304c,24,23,1.7256512949243188,25,27974,16641,13428,5869,2970,24,9121,6385,5904,2126,850
quality_4_6_line_0,line,ring,12,full,line25,227,e71058180408d09c97e86102166fe52c191cf6d0a304cecc603e173c413d304c,24,23,1.7315804790705442,25,28430,16889,13328,5788,2845,24,9121,6385,5904,2126,850
quality_4_6_line_0,line,ring,12,full,line25,229,e71058180408d09c97e86102166fe52c191cf6d0a304cecc603e173c413d304c,24,23,1.7332245367579162,25,28807,17105,13228,5842,2893,24,9121,6385,5904,2126,850
quality_4_6_line_0,line,ring,12,full,line25,233,e71058180408d09c97e86102166fe52c191cf6d0a304cecc603e173c413d304c,24,23,1.8628227240405977,25,28391,16876,13354,5762,2833,24,9121,6385,5904,2126,850
quality_4_6_line_0,line,ring,12,full,grid25,211,e71058180408d09c97e86102166fe52c191cf6d0a304cecc603e173c413d304c,24,23,1.5488189980387688,25,16469,10352,11044,6510,3345,24,9121,6385,5904,2126,850
quality_4_6_line_0,line,ring,12,full,grid25,223,e71058180408d09c97e86102166fe52c191cf6d0a304cecc603e173c413d304c,24,23,1.544703691266477,25,15464,9806,11215,6792,3625,24,9121,6385,5904,2126,850
quality_4_6_line_0,line,ring,12,full,grid25,227,e71058180408d09c97e86102166fe52c191cf6d0a304cecc603e173c413d304c,24,23,1.5420407499186695,25,16202,10197,11111,6769,3441,24,9121,6385,5904,2126,850
quality_4_6_line_0,line,ring,12,full,grid25,229,e71058180408d09c97e86102166fe52c191cf6d0a304cecc603e173c413d304c,24,23,1.554920817259699,25,16181,10191,11064,6909,3487,24,9121,6385,5904,2126,850
quality_4_6_line_0,line,ring,12,full,grid25,233,e71058180408d09c97e86102166fe52c191cf6d0a304cecc603e173c413d304c,24,23,1.5662446510978043,25,16615,10434,10953,6582,3306,24,9121,6385,5904,2126,850
quality_4_6_line_1,line,serial,3,full,sherbrooke,211,e7b7da710b0a3bcea07d4c69c499990322422027556c98831983ed88ca3c7421,19,5,3.4920929819345474,127,16578,9621,3103,7977,1980,19,1409,1107,1041,1288,768
quality_4_6_line_1,line,serial,3,full,sherbrooke,223,e7b7da710b0a3bcea07d4c69c499990322422027556c98831983ed88ca3c7421,19,5,3.3428885913453996,127,18173,10768,3058,8754,1979,19,1409,1107,1041,1288,768
quality_4_6_line_1,line,serial,3,full,sherbrooke,227,e7b7da710b0a3bcea07d4c69c499990322422027556c98831983ed88ca3c7421,19,5,3.3330844598822296,127,17533,10285,3090,8515,1993,19,1409,1107,1041,1288,768
quality_4_6_line_1,line,serial,3,full,sherbrooke,229,e7b7da710b0a3bcea07d4c69c499990322422027556c98831983ed88ca3c7421,19,5,3.484721519984305,127,18260,10765,3214,8634,2032,19,1409,1107,1041,1288,768
quality_4_6_line_1,line,serial,3,full,sherbrooke,233,e7b7da710b0a3bcea07d4c69c499990322422027556c98831983ed88ca3c7421,19,5,3.426618202123791,127,16474,9568,3023,7900,1919,19,1409,1107,1041,1288,768
quality_4_6_line_1,line,serial,3,full,line25,211,e7b7da710b0a3bcea07d4c69c499990322422027556c98831983ed88ca3c7421,19,5,0.313393740914762,25,2788,1849,3431,3169,2102,19,1409,1107,1041,1288,768
quality_4_6_line_1,line,serial,3,full,line25,223,e7b7da710b0a3bcea07d4c69c499990322422027556c98831983ed88ca3c7421,19,5,0.31392635218799114,25,2624,1765,3517,3082,2079,19,1409,1107,1041,1288,768
quality_4_6_line_1,line,serial,3,full,line25,227,e7b7da710b0a3bcea07d4c69c499990322422027556c98831983ed88ca3c7421,19,5,0.3076416300609708,25,2761,1841,3408,3189,2131,19,1409,1107,1041,1288,768
quality_4_6_line_1,line,serial,3,full,line25,229,e7b7da710b0a3bcea07d4c69c499990322422027556c98831983ed88ca3c7421,19,5,0.3090537623502314,25,2646,1783,3512,3193,2176,19,1409,1107,1041,1288,768
quality_4_6_line_1,line,serial,3,full,line25,233,e7b7da710b0a3bcea07d4c69c499990322422027556c98831983ed88ca3c7421,19,5,0.31219629384577274,25,2729,1826,3482,3235,2167,19,1409,1107,1041,1288,768
quality_4_6_line_1,line,serial,3,full,grid25,211,e7b7da710b0a3bcea07d4c69c499990322422027556c98831983ed88ca3c7421,19,5,0.25515011977404356,25,2066,1469,2227,2297,1493,19,1409,1107,1041,1288,768
quality_4_6_line_1,line,serial,3,full,grid25,223,e7b7da710b0a3bcea07d4c69c499990322422027556c98831983ed88ca3c7421,19,5,0.2192846001125872,25,2065,1464,2146,2287,1430,19,1409,1107,1041,1288,768
quality_4_6_line_1,line,serial,3,full,grid25,227,e7b7da710b0a3bcea07d4c69c499990322422027556c98831983ed88ca3c7421,19,5,0.25477548595517874,25,2133,1490,2235,2489,1570,19,1409,1107,1041,1288,768
quality_4_6_line_1,line,serial,3,full,grid25,229,e7b7da710b0a3bcea07d4c69c499990322422027556c98831983ed88ca3c7421,19,5,0.2557883779518306,25,2037,1444,2235,2320,1524,19,1409,1107,1041,1288,768
quality_4_6_line_1,line,serial,3,full,grid25,233,e7b7da710b0a3bcea07d4c69c499990322422027556c98831983ed88ca3c7421,19,5,0.22090720711275935,25,2061,1460,2206,2420,1526,19,1409,1107,1041,1288,768
quality_4_6_line_1,line,complete,1,full,sherbrooke,211,aae165753d937b992a7708901704bdf8cdd0216fb08ce8d78bf3615d69d69abe,24,1,0.23354574106633663,127,2423,1485,324,664,117,24,1081,637,240,147,36
quality_4_6_line_1,line,complete,1,full,sherbrooke,223,aae165753d937b992a7708901704bdf8cdd0216fb08ce8d78bf3615d69d69abe,24,1,0.060933934058994055,127,2547,1557,328,394,68,24,1081,637,240,147,36
quality_4_6_line_1,line,complete,1,full,sherbrooke,227,aae165753d937b992a7708901704bdf8cdd0216fb08ce8d78bf3615d69d69abe,24,1,0.06468371488153934,127,2467,1516,314,391,67,24,1081,637,240,147,36
quality_4_6_line_1,line,complete,1,full,sherbrooke,229,aae165753d937b992a7708901704bdf8cdd0216fb08ce8d78bf3615d69d69abe,24,1,0.08031394565477967,127,2512,1529,320,416,70,24,1081,637,240,147,36
quality_4_6_line_1,line,complete,1,full,sherbrooke,233,aae165753d937b992a7708901704bdf8cdd0216fb08ce8d78bf3615d69d69abe,24,1,0.07812059810385108,127,2374,1461,311,374,59,24,1081,637,240,147,36
quality_4_6_line_1,line,complete,1,full,line25,211,aae165753d937b992a7708901704bdf8cdd0216fb08ce8d78bf3615d69d69abe,24,1,0.04162299074232578,25,1501,861,300,185,47,24,1081,637,240,147,36
quality_4_6_line_1,line,complete,1,full,line25,223,aae165753d937b992a7708901704bdf8cdd0216fb08ce8d78bf3615d69d69abe,24,1,0.04127664119005203,25,1491,856,306,188,52,24,1081,637,240,147,36
quality_4_6_line_1,line,complete,1,full,line25,227,aae165753d937b992a7708901704bdf8cdd0216fb08ce8d78bf3615d69d69abe,24,1,0.04099953034892678,25,1440,828,324,205,58,24,1081,637,240,147,36
quality_4_6_line_1,line,complete,1,full,line25,229,aae165753d937b992a7708901704bdf8cdd0216fb08ce8d78bf3615d69d69abe,24,1,0.041179758962243795,25,1481,851,312,188,52,24,1081,637,240,147,36
quality_4_6_line_1,line,complete,1,full,line25,233,aae165753d937b992a7708901704bdf8cdd0216fb08ce8d78bf3615d69d69abe,24,1,0.04121382301673293,25,1463,840,318,198,55,24,1081,637,240,147,36
quality_4_6_line_1,line,complete,1,full,grid25,211,aae165753d937b992a7708901704bdf8cdd0216fb08ce8d78bf3615d69d69abe,24,1,0.04117186414077878,25,1261,726,293,207,60,24,1081,637,240,147,36
quality_4_6_line_1,line,complete,1,full,grid25,223,aae165753d937b992a7708901704bdf8cdd0216fb08ce8d78bf3615d69d69abe,24,1,0.04156192624941468,25,1274,734,297,217,63,24,1081,637,240,147,36
quality_4_6_line_1,line,complete,1,full,grid25,227,aae165753d937b992a7708901704bdf8cdd0216fb08ce8d78bf3615d69d69abe,24,1,0.040714474860578775,25,1261,723,297,206,60,24,1081,637,240,147,36
quality_4_6_line_1,line,complete,1,full,grid25,229,aae165753d937b992a7708901704bdf8cdd0216fb08ce8d78bf3615d69d69abe,24,1,0.04068788466975093,25,1245,716,298,229,64,24,1081,637,240,147,36
quality_4_6_line_1,line,complete,1,full,grid25,233,aae165753d937b992a7708901704bdf8cdd0216fb08ce8d78bf3615d69d69abe,24,1,0.04119584895670414,25,1276,734,301,212,63,24,1081,637,240,147,36
quality_4_6_line_1,line,complete,2,full,sherbrooke,211,42132461395001813b3bb556ee16a7d81afc5705e62282b455e9ea910d4fca2a,24,3,1.3160233236849308,127,10553,6391,1595,1984,423,24,2371,1483,852,376,126
quality_4_6_line_1,line,complete,2,full,sherbrooke,223,42132461395001813b3bb556ee16a7d81afc5705e62282b455e9ea910d4fca2a,24,3,1.1268912553787231,127,10865,6607,1599,1830,363,24,2371,1483,852,376,126
quality_4_6_line_1,line,complete,2,full,sherbrooke,227,42132461395001813b3bb556ee16a7d81afc5705e62282b455e9ea910d4fca2a,24,3,1.342299537267536,127,11215,6809,1668,2010,403,24,2371,1483,852,376,126
quality_4_6_line_1,line,complete,2,full,sherbrooke,229,42132461395001813b3bb556ee16a7d81afc5705e62282b455e9ea910d4fca2a,24,3,1.1996973622590303,127,10550,6406,1564,1896,377,24,2371,1483,852,376,126
quality_4_6_line_1,line,complete,2,full,sherbrooke,233,42132461395001813b3bb556ee16a7d81afc5705e62282b455e9ea910d4fca2a,24,3,1.1360053797252476,127,10640,6423,1644,1913,433,24,2371,1483,852,376,126
quality_4_6_line_1,line,complete,2,full,line25,211,42132461395001813b3bb556ee16a7d81afc5705e62282b455e9ea910d4fca2a,24,3,0.21560675418004394,25,4773,2773,1530,790,303,24,2371,1483,852,376,126
quality_4_6_line_1,line,complete,2,full,line25,223,42132461395001813b3bb556ee16a7d81afc5705e62282b455e9ea910d4fca2a,24,3,0.21409558597952127,25,4924,2859,1514,816,293,24,2371,1483,852,376,126
quality_4_6_line_1,line,complete,2,full,line25,227,42132461395001813b3bb556ee16a7d81afc5705e62282b455e9ea910d4fca2a,24,3,0.21353075513616204,25,4791,2786,1536,806,320,24,2371,1483,852,376,126
quality_4_6_line_1,line,complete,2,full,line25,229,42132461395001813b3bb556ee16a7d81afc5705e62282b455e9ea910d4fca2a,24,3,0.21490494580939412,25,4790,2784,1508,787,297,24,2371,1483,852,376,126
quality_4_6_line_1,line,complete,2,full,line25,233,42132461395001813b3bb556ee16a7d81afc5705e62282b455e9ea910d4fca2a,24,3,0.21336051542311907,25,4832,2805,1537,795,302,24,2371,1483,852,376,126
quality_4_6_line_1,line,complete,2,full,grid25,211,42132461395001813b3bb556ee16a7d81afc5705e62282b455e9ea910d4fca2a,24,3,0.19688580883666873,25,3251,1936,1393,1236,464,24,2371,1483,852,376,126
quality_4_6_line_1,line,complete,2,full,grid25,223,42132461395001813b3bb556ee16a7d81afc5705e62282b455e9ea910d4fca2a,24,3,0.19319765316322446,25,3365,2001,1355,998,411,24,2371,1483,852,376,126
quality_4_6_line_1,line,complete,2,full,grid25,227,42132461395001813b3bb556ee16a7d81afc5705e62282b455e9ea910d4fca2a,24,3,0.1942269871942699,25,3367,2001,1395,988,389,24,2371,1483,852,376,126
quality_4_6_line_1,line,complete,2,full,grid25,229,42132461395001813b3bb556ee16a7d81afc5705e62282b455e9ea910d4fca2a,24,3,0.19780858093872666,25,3479,2064,1357,848,362,24,2371,1483,852,376,126
quality_4_6_line_1,line,complete,2,full,grid25,233,42132461395001813b3bb556ee16a7d81afc5705e62282b455e9ea910d4fca2a,24,3,0.1978011168539524,25,3305,1968,1375,963,378,24,2371,1483,852,376,126
quality_4_6_line_1,line,complete,3,full,sherbrooke,211,cdf64be06d71503aa0f56433247d1f6df78ecc1c0562e940a1e34acd9525f261,24,5,3.991013682913035,127,19955,12033,3100,3934,852,24,3661,2329,1464,587,204
quality_4_6_line_1,line,complete,3,full,sherbrooke,223,cdf64be06d71503aa0f56433247d1f6df78ecc1c0562e940a1e34acd9525f261,24,5,3.8873375761322677,127,19943,12010,3104,3973,818,24,3661,2329,1464,587,204
quality_4_6_line_1,line,complete,3,full,sherbrooke,227,cdf64be06d71503aa0f56433247d1f6df78ecc1c0562e940a1e34acd9525f261,24,5,3.47950039524585,127,19089,11587,2991,3908,860,24,3661,2329,1464,587,204
quality_4_6_line_1,line,complete,3,full,sherbrooke,229,cdf64be06d71503aa0f56433247d1f6df78ecc1c0562e940a1e34acd9525f261,24,5,3.666590048931539,127,19345,11707,2946,3442,697,24,3661,2329,1464,587,204
quality_4_6_line_1,line,complete,3,full,sherbrooke,233,cdf64be06d71503aa0f56433247d1f6df78ecc1c0562e940a1e34acd9525f261,24,5,4.113917706068605,127,19373,11671,3020,3206,697,24,3661,2329,1464,587,204
quality_4_6_line_1,line,complete,3,full,line25,211,cdf64be06d71503aa0f56433247d1f6df78ecc1c0562e940a1e34acd9525f261,24,5,0.39890439715236425,25,8079,4708,2817,1324,546,24,3661,2329,1464,587,204
quality_4_6_line_1,line,complete,3,full,line25,223,cdf64be06d71503aa0f56433247d1f6df78ecc1c0562e940a1e34acd9525f261,24,5,0.3952614860609174,25,8161,4752,2845,1370,530,24,3661,2329,1464,587,204
quality_4_6_line_1,line,complete,3,full,line25,227,cdf64be06d71503aa0f56433247d1f6df78ecc1c0562e940a1e34acd9525f261,24,5,0.40217808401212096,25,8163,4759,2830,1331,558,24,3661,2329,1464,587,204
quality_4_6_line_1,line,complete,3,full,line25,229,cdf64be06d71503aa0f56433247d1f6df78ecc1c0562e940a1e34acd9525f261,24,5,0.39339248510077596,25,8114,4725,2832,1450,585,24,3661,2329,1464,587,204
quality_4_6_line_1,line,complete,3,full,line25,233,cdf64be06d71503aa0f56433247d1f6df78ecc1c0562e940a1e34acd9525f261,24,5,0.3998944559134543,25,7951,4645,2825,1385,584,24,3661,2329,1464,587,204
quality_4_6_line_1,line,complete,3,full,grid25,211,cdf64be06d71503aa0f56433247d1f6df78ecc1c0562e940a1e34acd9525f261,24,5,0.35261158598586917,25,5341,3207,2491,1702,693,24,3661,2329,1464,587,204
quality_4_6_line_1,line,complete,3,full,grid25,223,cdf64be06d71503aa0f56433247d1f6df78ecc1c0562e940a1e34acd9525f261,24,5,0.3533056299202144,25,5229,3146,2507,1811,718,24,3661,2329,1464,587,204
quality_4_6_line_1,line,complete,3,full,grid25,227,cdf64be06d71503aa0f56433247d1f6df78ecc1c0562e940a1e34acd9525f261,24,5,0.35077758226543665,25,5479,3288,2462,1636,693,24,3661,2329,1464,587,204
quality_4_6_line_1,line,complete,3,full,grid25,229,cdf64be06d71503aa0f56433247d1f6df78ecc1c0562e940a1e34acd9525f261,24,5,0.3547614240087569,25,5383,3233,2502,1632,716,24,3661,2329,1464,587,204
quality_4_6_line_1,line,complete,3,full,grid25,233,cdf64be06d71503aa0f56433247d1f6df78ecc1c0562e940a1e34acd9525f261,24,5,0.35409852815791965,25,5474,3282,2421,1614,679,24,3661,2329,1464,587,204
quality_4_6_line_1,line,complete,4,full,sherbrooke,211,235dde15d662395749c45973499d976ee248fb500f1e041a92d373c5ea1aec91,24,7,7.596071554813534,127,29089,17579,4585,6229,1333,24,4951,3175,2076,798,282
quality_4_6_line_1,line,complete,4,full,sherbrooke,223,235dde15d662395749c45973499d976ee248fb500f1e041a92d373c5ea1aec91,24,7,8.18041025614366,127,28693,17329,4520,5474,1181,24,4951,3175,2076,798,282
quality_4_6_line_1,line,complete,4,full,sherbrooke,227,235dde15d662395749c45973499d976ee248fb500f1e041a92d373c5ea1aec91,24,7,7.94899725029245,127,29117,17536,4651,6069,1320,24,4951,3175,2076,798,282
quality_4_6_line_1,line,complete,4,full,sherbrooke,229,235dde15d662395749c45973499d976ee248fb500f1e041a92d373c5ea1aec91,24,7,7.167895551305264,127,28135,17038,4365,5181,1094,24,4951,3175,2076,798,282
quality_4_6_line_1,line,complete,4,full,sherbrooke,233,235dde15d662395749c45973499d976ee248fb500f1e041a92d373c5ea1aec91,24,7,8.465963268652558,127,28899,17423,4650,6478,1431,24,4951,3175,2076,798,282
quality_4_6_line_1,line,complete,4,full,line25,211,235dde15d662395749c45973499d976ee248fb500f1e041a92d373c5ea1aec91,24,7,0.5911370939575136,25,11305,6606,4148,1950,835,24,4951,3175,2076,798,282
quality_4_6_line_1,line,complete,4,full,line25,223,235dde15d662395749c45973499d976ee248fb500f1e041a92d373c5ea1aec91,24,7,0.590811621863395,25,10961,6410,4177,1939,816,24,4951,3175,2076,798,282
quality_4_6_line_1,line,complete,4,full,line25,227,235dde15d662395749c45973499d976ee248fb500f1e041a92d373c5ea1aec91,24,7,0.5836810730397701,25,11508,6716,4201,2025,864,24,4951,3175,2076,798,282
quality_4_6_line_1,line,complete,4,full,line25,229,235dde15d662395749c45973499d976ee248fb500f1e041a92d373c5ea1aec91,24,7,0.5911177382804453,25,11180,6535,4210,1947,845,24,4951,3175,2076,798,282
quality_4_6_line_1,line,complete,4,full,line25,233,235dde15d662395749c45973499d976ee248fb500f1e041a92d373c5ea1aec91,24,7,0.5863970331847668,25,11546,6738,4224,2004,863,24,4951,3175,2076,798,282
quality_4_6_line_1,line,complete,4,full,grid25,211,235dde15d662395749c45973499d976ee248fb500f1e041a92d373c5ea1aec91,24,7,0.5141813107766211,25,7415,4459,3633,2494,1097,24,4951,3175,2076,798,282
quality_4_6_line_1,line,complete,4,full,grid25,223,235dde15d662395749c45973499d976ee248fb500f1e041a92d373c5ea1aec91,24,7,0.5119308261200786,25,7313,4407,3632,2813,1149,24,4951,3175,2076,798,282
quality_4_6_line_1,line,complete,4,full,grid25,227,235dde15d662395749c45973499d976ee248fb500f1e041a92d373c5ea1aec91,24,7,0.5118406359106302,25,7504,4512,3656,3128,1311,24,4951,3175,2076,798,282
quality_4_6_line_1,line,complete,4,full,grid25,229,235dde15d662395749c45973499d976ee248fb500f1e041a92d373c5ea1aec91,24,7,0.5103470417670906,25,7180,4331,3624,2355,1074,24,4951,3175,2076,798,282
quality_4_6_line_1,line,complete,4,full,grid25,233,235dde15d662395749c45973499d976ee248fb500f1e041a92d373c5ea1aec91,24,7,0.5134949428029358,25,7634,4588,3602,2346,992,24,4951,3175,2076,798,282
quality_4_6_line_1,line,complete,5,full,sherbrooke,211,3384baf65c17cc89b02cc6227ca5a3b50965589c8b94693d01bf55c096541c46,24,9,13.178797188680619,127,38425,23069,6110,7245,1576,24,6241,4021,2688,1009,360
quality_4_6_line_1,line,complete,5,full,sherbrooke,223,3384baf65c17cc89b02cc6227ca5a3b50965589c8b94693d01bf55c096541c46,24,9,12.83824936999008,127,37244,22395,5921,7178,1516,24,6241,4021,2688,1009,360
quality_4_6_line_1,line,complete,5,full,sherbrooke,227,3384baf65c17cc89b02cc6227ca5a3b50965589c8b94693d01bf55c096541c46,24,9,14.02484840201214,127,37704,22655,6076,7765,1678,24,6241,4021,2688,1009,360
quality_4_6_line_1,line,complete,5,full,sherbrooke,229,3384baf65c17cc89b02cc6227ca5a3b50965589c8b94693d01bf55c096541c46,24,9,14.529223498888314,127,37350,22340,6026,7191,1612,24,6241,4021,2688,1009,360
quality_4_6_line_1,line,complete,5,full,sherbrooke,233,3384baf65c17cc89b02cc6227ca5a3b50965589c8b94693d01bf55c096541c46,24,9,14.078880345914513,127,37677,22691,5942,7480,1610,24,6241,4021,2688,1009,360
quality_4_6_line_1,line,complete,5,full,line25,211,3384baf65c17cc89b02cc6227ca5a3b50965589c8b94693d01bf55c096541c46,24,9,0.7856688983738422,25,14229,8326,5623,2638,1160,24,6241,4021,2688,1009,360
quality_4_6_line_1,line,complete,5,full,line25,223,3384baf65c17cc89b02cc6227ca5a3b50965589c8b94693d01bf55c096541c46,24,9,0.7786224652081728,25,14278,8360,5688,2544,1158,24,6241,4021,2688,1009,360
quality_4_6_line_1,line,complete,5,full,line25,227,3384baf65c17cc89b02cc6227ca5a3b50965589c8b94693d01bf55c096541c46,24,9,0.7782673491165042,25,14292,8363,5588,2698,1203,24,6241,4021,2688,1009,360
quality_4_6_line_1,line,complete,5,full,line25,229,3384baf65c17cc89b02cc6227ca5a3b50965589c8b94693d01bf55c096541c46,24,9,0.7723186980001628,25,14519,8489,5538,2538,1084,24,6241,4021,2688,1009,360
quality_4_6_line_1,line,complete,5,full,line25,233,3384baf65c17cc89b02cc6227ca5a3b50965589c8b94693d01bf55c096541c46,24,9,0.7781177777796984,25,14184,8296,5654,2686,1230,24,6241,4021,2688,1009,360
quality_4_6_line_1,line,complete,5,full,grid25,211,3384baf65c17cc89b02cc6227ca5a3b50965589c8b94693d01bf55c096541c46,24,9,0.6760248620994389,25,9319,5624,4800,3594,1509,24,6241,4021,2688,1009,360
quality_4_6_line_1,line,complete,5,full,grid25,223,3384baf65c17cc89b02cc6227ca5a3b50965589c8b94693d01bf55c096541c46,24,9,0.6747874873690307,25,9305,5631,4821,3438,1511,24,6241,4021,2688,1009,360
quality_4_6_line_1,line,complete,5,full,grid25,227,3384baf65c17cc89b02cc6227ca5a3b50965589c8b94693d01bf55c096541c46,24,9,0.6824997998774052,25,9630,5799,4844,3290,1401,24,6241,4021,2688,1009,360
quality_4_6_line_1,line,complete,5,full,grid25,229,3384baf65c17cc89b02cc6227ca5a3b50965589c8b94693d01bf55c096541c46,24,9,0.6768366051837802,25,9358,5656,4786,3398,1467,24,6241,4021,2688,1009,360
quality_4_6_line_1,line,complete,5,full,grid25,233,3384baf65c17cc89b02cc6227ca5a3b50965589c8b94693d01bf55c096541c46,24,9,0.6778839631006122,25,9212,5571,4773,3366,1514,24,6241,4021,2688,1009,360
quality_4_6_line_1,line,complete,6,full,sherbrooke,211,b5f68a43fa04253283d3933de9b4f049895ffbe490780019efda5a1c0980e846,24,11,19.83839332126081,127,46675,28080,7549,9665,2134,24,7531,4867,3300,1220,438
quality_4_6_line_1,line,complete,6,full,sherbrooke,223,b5f68a43fa04253283d3933de9b4f049895ffbe490780019efda5a1c0980e846,24,11,21.07318001613021,127,47325,28451,7560,9465,2081,24,7531,4867,3300,1220,438
quality_4_6_line_1,line,complete,6,full,sherbrooke,227,b5f68a43fa04253283d3933de9b4f049895ffbe490780019efda5a1c0980e846,24,11,20.36545927496627,127,46804,28150,7532,9927,2222,24,7531,4867,3300,1220,438
quality_4_6_line_1,line,complete,6,full,sherbrooke,229,b5f68a43fa04253283d3933de9b4f049895ffbe490780019efda5a1c0980e846,24,11,22.109910323284566,127,46870,28046,7674,9281,2054,24,7531,4867,3300,1220,438
quality_4_6_line_1,line,complete,6,full,sherbrooke,233,b5f68a43fa04253283d3933de9b4f049895ffbe490780019efda5a1c0980e846,24,11,22.06538367830217,127,47255,28450,7606,9667,2110,24,7531,4867,3300,1220,438
quality_4_6_line_1,line,complete,6,full,line25,211,b5f68a43fa04253283d3933de9b4f049895ffbe490780019efda5a1c0980e846,24,11,0.9812608929350972,25,17764,10389,7049,3497,1483,24,7531,4867,3300,1220,438
quality_4_6_line_1,line,complete,6,full,line25,223,b5f68a43fa04253283d3933de9b4f049895ffbe490780019efda5a1c0980e846,24,11,0.9674701057374477,25,17439,10211,6953,3376,1516,24,7531,4867,3300,1220,438
quality_4_6_line_1,line,complete,6,full,line25,227,b5f68a43fa04253283d3933de9b4f049895ffbe490780019efda5a1c0980e846,24,11,0.9677260261960328,25,17409,10201,7009,3175,1457,24,7531,4867,3300,1220,438
quality_4_6_line_1,line,complete,6,full,line25,229,b5f68a43fa04253283d3933de9b4f049895ffbe490780019efda5a1c0980e846,24,11,0.9689667359925807,25,17508,10248,6942,3200,1361,24,7531,4867,3300,1220,438
quality_4_6_line_1,line,complete,6,full,line25,233,b5f68a43fa04253283d3933de9b4f049895ffbe490780019efda5a1c0980e846,24,11,0.9716531001031399,25,17727,10371,7068,3388,1483,24,7531,4867,3300,1220,438
quality_4_6_line_1,line,complete,6,full,grid25,211,b5f68a43fa04253283d3933de9b4f049895ffbe490780019efda5a1c0980e846,24,11,0.8395046242512763,25,11551,6972,5920,4201,1826,24,7531,4867,3300,1220,438
quality_4_6_line_1,line,complete,6,full,grid25,223,b5f68a43fa04253283d3933de9b4f049895ffbe490780019efda5a1c0980e846,24,11,0.8399960971437395,25,11205,6789,5993,4119,1844,24,7531,4867,3300,1220,438
quality_4_6_line_1,line,complete,6,full,grid25,227,b5f68a43fa04253283d3933de9b4f049895ffbe490780019efda5a1c0980e846,24,11,0.8379654828459024,25,11029,6695,6027,4202,1936,24,7531,4867,3300,1220,438
quality_4_6_line_1,line,complete,6,full,grid25,229,b5f68a43fa04253283d3933de9b4f049895ffbe490780019efda5a1c0980e846,24,11,0.8382970159873366,25,11608,7000,5890,3879,1680,24,7531,4867,3300,1220,438
quality_4_6_line_1,line,complete,6,full,grid25,233,b5f68a43fa04253283d3933de9b4f049895ffbe490780019efda5a1c0980e846,24,11,0.8436026386916637,25,11665,7039,5875,4027,1717,24,7531,4867,3300,1220,438
quality_4_6_line_1,line,complete,7,full,sherbrooke,211,441c54a85cb25b02cccbb9b1fbb0a08dfe48ff46e40dd0f1fec41ec27e5f21d0,24,13,30.783219733275473,127,55179,33138,8986,10644,2398,24,8821,5713,3912,1431,516
quality_4_6_line_1,line,complete,7,full,sherbrooke,223,441c54a85cb25b02cccbb9b1fbb0a08dfe48ff46e40dd0f1fec41ec27e5f21d0,24,13,29.8819925817661,127,56823,34242,9085,11943,2543,24,8821,5713,3912,1431,516
quality_4_6_line_1,line,complete,7,full,sherbrooke,227,441c54a85cb25b02cccbb9b1fbb0a08dfe48ff46e40dd0f1fec41ec27e5f21d0,24,13,30.37740539899096,127,55340,33286,8856,10418,2317,24,8821,5713,3912,1431,516
quality_4_6_line_1,line,complete,7,full,sherbrooke,229,441c54a85cb25b02cccbb9b1fbb0a08dfe48ff46e40dd0f1fec41ec27e5f21d0,24,13,29.35495107108727,127,55043,33088,8945,10271,2268,24,8821,5713,3912,1431,516
quality_4_6_line_1,line,complete,7,full,sherbrooke,233,441c54a85cb25b02cccbb9b1fbb0a08dfe48ff46e40dd0f1fec41ec27e5f21d0,24,13,29.813020281959325,127,56976,34386,9010,12129,2574,24,8821,5713,3912,1431,516
quality_4_6_line_1,line,complete,7,full,line25,211,441c54a85cb25b02cccbb9b1fbb0a08dfe48ff46e40dd0f1fec41ec27e5f21d0,24,13,1.1463569100014865,25,20475,11997,8411,3863,1667,24,8821,5713,3912,1431,516
quality_4_6_line_1,line,complete,7,full,line25,223,441c54a85cb25b02cccbb9b1fbb0a08dfe48ff46e40dd0f1fec41ec27e5f21d0,24,13,1.1508129979483783,25,20750,12144,8229,3899,1750,24,8821,5713,3912,1431,516
quality_4_6_line_1,line,complete,7,full,line25,227,441c54a85cb25b02cccbb9b1fbb0a08dfe48ff46e40dd0f1fec41ec27e5f21d0,24,13,1.1483298260718584,25,21209,12399,8094,3679,1605,24,8821,5713,3912,1431,516
quality_4_6_line_1,line,complete,7,full,line25,229,441c54a85cb25b02cccbb9b1fbb0a08dfe48ff46e40dd0f1fec41ec27e5f21d0,24,13,1.1527127362787724,25,20523,12017,8436,3899,1761,24,8821,5713,3912,1431,516
quality_4_6_line_1,line,complete,7,full,line25,233,441c54a85cb25b02cccbb9b1fbb0a08dfe48ff46e40dd0f1fec41ec27e5f21d0,24,13,1.1460923827253282,25,20947,12251,8508,4214,1868,24,8821,5713,3912,1431,516
quality_4_6_line_1,line,complete,7,full,grid25,211,441c54a85cb25b02cccbb9b1fbb0a08dfe48ff46e40dd0f1fec41ec27e5f21d0,24,13,0.9830911201424897,25,13409,8123,7173,5262,2289,24,8821,5713,3912,1431,516
quality_4_6_line_1,line,complete,7,full,grid25,223,441c54a85cb25b02cccbb9b1fbb0a08dfe48ff46e40dd0f1fec41ec27e5f21d0,24,13,0.9910602052696049,25,13041,7910,7172,4897,2301,24,8821,5713,3912,1431,516
quality_4_6_line_1,line,complete,7,full,grid25,227,441c54a85cb25b02cccbb9b1fbb0a08dfe48ff46e40dd0f1fec41ec27e5f21d0,24,13,0.9872767399065197,25,13570,8203,7080,5169,2203,24,8821,5713,3912,1431,516
quality_4_6_line_1,line,complete,7,full,grid25,229,441c54a85cb25b02cccbb9b1fbb0a08dfe48ff46e40dd0f1fec41ec27e5f21d0,24,13,0.9928143587894738,25,12980,7882,7219,5473,2364,24,8821,5713,3912,1431,516
quality_4_6_line_1,line,complete,7,full,grid25,233,441c54a85cb25b02cccbb9b1fbb0a08dfe48ff46e40dd0f1fec41ec27e5f21d0,24,13,1.0875297812744975,25,13508,8174,7196,5272,2306,24,8821,5713,3912,1431,516
quality_4_6_line_1,line,complete,8,full,sherbrooke,211,215cf4bd32b4cb1a600ccb3582c3d67fc76b554e342e92fc78a35a67a5695de0,24,15,40.8700706679374,127,66321,39770,10637,13044,2870,24,10111,6559,4524,1642,594
quality_4_6_line_1,line,complete,8,full,sherbrooke,223,215cf4bd32b4cb1a600ccb3582c3d67fc76b554e342e92fc78a35a67a5695de0,24,15,38.79301097569987,127,66804,40224,10607,13335,2827,24,10111,6559,4524,1642,594
quality_4_6_line_1,line,complete,8,full,sherbrooke,227,215cf4bd32b4cb1a600ccb3582c3d67fc76b554e342e92fc78a35a67a5695de0,24,15,41.07757928967476,127,64450,38684,10294,12819,2815,24,10111,6559,4524,1642,594
quality_4_6_line_1,line,complete,8,full,sherbrooke,229,215cf4bd32b4cb1a600ccb3582c3d67fc76b554e342e92fc78a35a67a5695de0,24,15,40.136274558957666,127,65631,39526,10408,12640,2735,24,10111,6559,4524,1642,594
quality_4_6_line_1,line,complete,8,full,sherbrooke,233,215cf4bd32b4cb1a600ccb3582c3d67fc76b554e342e92fc78a35a67a5695de0,24,15,42.28385020978749,127,65389,39305,10547,13986,3006,24,10111,6559,4524,1642,594
quality_4_6_line_1,line,complete,8,full,line25,211,215cf4bd32b4cb1a600ccb3582c3d67fc76b554e342e92fc78a35a67a5695de0,24,15,1.3712625419721007,25,23542,13810,9757,4346,1965,24,10111,6559,4524,1642,594
quality_4_6_line_1,line,complete,8,full,line25,223,215cf4bd32b4cb1a600ccb3582c3d67fc76b554e342e92fc78a35a67a5695de0,24,15,1.3783283908851445,25,23922,14001,9876,4593,2001,24,10111,6559,4524,1642,594
quality_4_6_line_1,line,complete,8,full,line25,227,215cf4bd32b4cb1a600ccb3582c3d67fc76b554e342e92fc78a35a67a5695de0,24,15,1.3751268084160984,25,23896,13996,9599,4309,1928,24,10111,6559,4524,1642,594
quality_4_6_line_1,line,complete,8,full,line25,229,215cf4bd32b4cb1a600ccb3582c3d67fc76b554e342e92fc78a35a67a5695de0,24,15,1.3691027755849063,25,24128,14120,9707,4304,1881,24,10111,6559,4524,1642,594
quality_4_6_line_1,line,complete,8,full,line25,233,215cf4bd32b4cb1a600ccb3582c3d67fc76b554e342e92fc78a35a67a5695de0,24,15,1.495796239003539,25,23699,13884,10056,4964,2267,24,10111,6559,4524,1642,594
quality_4_6_line_1,line,complete,8,full,grid25,211,215cf4bd32b4cb1a600ccb3582c3d67fc76b554e342e92fc78a35a67a5695de0,24,15,1.1778658889234066,25,15343,9297,8362,5951,2646,24,10111,6559,4524,1642,594
quality_4_6_line_1,line,complete,8,full,grid25,223,215cf4bd32b4cb1a600ccb3582c3d67fc76b554e342e92fc78a35a67a5695de0,24,15,1.1650539198890328,25,15203,9204,8297,5686,2546,24,10111,6559,4524,1642,594
quality_4_6_line_1,line,complete,8,full,grid25,227,215cf4bd32b4cb1a600ccb3582c3d67fc76b554e342e92fc78a35a67a5695de0,24,15,1.171000586822629,25,15979,9639,8204,5998,2506,24,10111,6559,4524,1642,594
quality_4_6_line_1,line,complete,8,full,grid25,229,215cf4bd32b4cb1a600ccb3582c3d67fc76b554e342e92fc78a35a67a5695de0,24,15,1.1823535971343517,25,15515,9393,8311,5903,2634,24,10111,6559,4524,1642,594
quality_4_6_line_1,line,complete,8,full,grid25,233,215cf4bd32b4cb1a600ccb3582c3d67fc76b554e342e92fc78a35a67a5695de0,24,15,1.18497136188671,25,15703,9496,8180,5379,2465,24,10111,6559,4524,1642,594
quality_4_6_line_1,line,complete,9,full,sherbrooke,211,ce502168c65fd37070262b272c25ae62451fccc9df4477f9a6da353b19b403ab,24,17,55.1409141337499,127,74802,44904,12268,14651,3265,24,11401,7405,5136,1853,672
quality_4_6_line_1,line,complete,9,full,sherbrooke,223,ce502168c65fd37070262b272c25ae62451fccc9df4477f9a6da353b19b403ab,24,17,51.450093552004546,127,74709,45032,11839,14961,3260,24,11401,7405,5136,1853,672
quality_4_6_line_1,line,complete,9,full,sherbrooke,227,ce502168c65fd37070262b272c25ae62451fccc9df4477f9a6da353b19b403ab,24,17,52.80891190469265,127,74557,44779,12018,14802,3262,24,11401,7405,5136,1853,672
quality_4_6_line_1,line,complete,9,full,sherbrooke,229,ce502168c65fd37070262b272c25ae62451fccc9df4477f9a6da353b19b403ab,24,17,60.1340194279328,127,73868,44176,12039,14549,3268,24,11401,7405,5136,1853,672
quality_4_6_line_1,line,complete,9,full,sherbrooke,233,ce502168c65fd37070262b272c25ae62451fccc9df4477f9a6da353b19b403ab,24,17,57.67992837307975,127,75193,45147,12069,14569,3182,24,11401,7405,5136,1853,672
quality_4_6_line_1,line,complete,9,full,line25,211,ce502168c65fd37070262b272c25ae62451fccc9df4477f9a6da353b19b403ab,24,17,1.5828813426196575,25,26513,15544,11393,5221,2381,24,11401,7405,5136,1853,672
quality_4_6_line_1,line,complete,9,full,line25,223,ce502168c65fd37070262b272c25ae62451fccc9df4477f9a6da353b19b403ab,24,17,1.5906667620874941,25,26670,15629,11291,5300,2390,24,11401,7405,5136,1853,672
quality_4_6_line_1,line,complete,9,full,line25,227,ce502168c65fd37070262b272c25ae62451fccc9df4477f9a6da353b19b403ab,24,17,1.5860478091053665,25,26678,15656,11232,5212,2363,24,11401,7405,5136,1853,672
quality_4_6_line_1,line,complete,9,full,line25,229,ce502168c65fd37070262b272c25ae62451fccc9df4477f9a6da353b19b403ab,24,17,1.5774099789559841,25,26575,15594,11211,5095,2244,24,11401,7405,5136,1853,672
quality_4_6_line_1,line,complete,9,full,line25,233,ce502168c65fd37070262b272c25ae62451fccc9df4477f9a6da353b19b403ab,24,17,1.6998483808711171,25,26125,15337,11407,5275,2416,24,11401,7405,5136,1853,672
quality_4_6_line_1,line,complete,9,full,grid25,211,ce502168c65fd37070262b272c25ae62451fccc9df4477f9a6da353b19b403ab,24,17,1.3491742732003331,25,17111,10392,9547,6414,2926,24,11401,7405,5136,1853,672
quality_4_6_line_1,line,complete,9,full,grid25,223,ce502168c65fd37070262b272c25ae62451fccc9df4477f9a6da353b19b403ab,24,17,1.3552196961827576,25,17376,10544,9470,6167,2860,24,11401,7405,5136,1853,672
quality_4_6_line_1,line,complete,9,full,grid25,227,ce502168c65fd37070262b272c25ae62451fccc9df4477f9a6da353b19b403ab,24,17,1.34867776138708,25,17217,10438,9424,6627,2949,24,11401,7405,5136,1853,672
quality_4_6_line_1,line,complete,9,full,grid25,229,ce502168c65fd37070262b272c25ae62451fccc9df4477f9a6da353b19b403ab,24,17,1.3644180190749466,25,18008,10899,9335,6748,2906,24,11401,7405,5136,1853,672
quality_4_6_line_1,line,complete,9,full,grid25,233,ce502168c65fd37070262b272c25ae62451fccc9df4477f9a6da353b19b403ab,24,17,1.3530928706750274,25,17388,10545,9535,6364,2835,24,11401,7405,5136,1853,672
quality_4_6_line_1,line,complete,10,full,sherbrooke,211,11a20d143edc6f342e744bc58f8057c6d90dabc959625a29fe3d2964713b6630,24,19,66.69241878716275,127,82854,49762,13493,16348,3722,24,12691,8251,5748,2064,750
quality_4_6_line_1,line,complete,10,full,sherbrooke,223,11a20d143edc6f342e744bc58f8057c6d90dabc959625a29fe3d2964713b6630,24,19,66.10810844274238,127,84532,50597,13722,17843,3849,24,12691,8251,5748,2064,750
quality_4_6_line_1,line,complete,10,full,sherbrooke,227,11a20d143edc6f342e744bc58f8057c6d90dabc959625a29fe3d2964713b6630,24,19,66.19563491595909,127,85681,51497,13975,18218,3966,24,12691,8251,5748,2064,750
quality_4_6_line_1,line,complete,10,full,sherbrooke,229,11a20d143edc6f342e744bc58f8057c6d90dabc959625a29fe3d2964713b6630,24,19,69.03881231090054,127,83350,49889,13563,16002,3621,24,12691,8251,5748,2064,750
quality_4_6_line_1,line,complete,10,full,sherbrooke,233,11a20d143edc6f342e744bc58f8057c6d90dabc959625a29fe3d2964713b6630,24,19,68.61528023611754,127,83830,50382,13717,16044,3656,24,12691,8251,5748,2064,750
quality_4_6_line_1,line,complete,10,full,line25,211,11a20d143edc6f342e744bc58f8057c6d90dabc959625a29fe3d2964713b6630,24,19,1.7967482558451593,25,30103,17648,12632,6115,2697,24,12691,8251,5748,2064,750
quality_4_6_line_1,line,complete,10,full,line25,223,11a20d143edc6f342e744bc58f8057c6d90dabc959625a29fe3d2964713b6630,24,19,1.7871686960570514,25,29685,17417,12699,5988,2672,24,12691,8251,5748,2064,750
quality_4_6_line_1,line,complete,10,full,line25,227,11a20d143edc6f342e744bc58f8057c6d90dabc959625a29fe3d2964713b6630,24,19,1.8049133280292153,25,30658,17944,12438,5715,2599,24,12691,8251,5748,2064,750
quality_4_6_line_1,line,complete,10,full,line25,229,11a20d143edc6f342e744bc58f8057c6d90dabc959625a29fe3d2964713b6630,24,19,1.808856172952801,25,30653,17957,12539,5678,2518,24,12691,8251,5748,2064,750
quality_4_6_line_1,line,complete,10,full,line25,233,11a20d143edc6f342e744bc58f8057c6d90dabc959625a29fe3d2964713b6630,24,19,1.9248620057478547,25,30495,17844,12508,5783,2547,24,12691,8251,5748,2064,750
quality_4_6_line_1,line,complete,10,full,grid25,211,11a20d143edc6f342e744bc58f8057c6d90dabc959625a29fe3d2964713b6630,24,19,1.5222831382416189,25,19435,11798,10589,7420,3380,24,12691,8251,5748,2064,750
quality_4_6_line_1,line,complete,10,full,grid25,223,11a20d143edc6f342e744bc58f8057c6d90dabc959625a29fe3d2964713b6630,24,19,1.5252586458809674,25,19430,11777,10588,7342,3245,24,12691,8251,5748,2064,750
quality_4_6_line_1,line,complete,10,full,grid25,227,11a20d143edc6f342e744bc58f8057c6d90dabc959625a29fe3d2964713b6630,24,19,1.5231715869158506,25,19169,11652,10723,7200,3257,24,12691,8251,5748,2064,750
quality_4_6_line_1,line,complete,10,full,grid25,229,11a20d143edc6f342e744bc58f8057c6d90dabc959625a29fe3d2964713b6630,24,19,1.5238325777463615,25,19558,11848,10696,7496,3404,24,12691,8251,5748,2064,750
quality_4_6_line_1,line,complete,10,full,grid25,233,11a20d143edc6f342e744bc58f8057c6d90dabc959625a29fe3d2964713b6630,24,19,1.5318862311542034,25,19480,11818,10685,7022,3223,24,12691,8251,5748,2064,750
quality_4_6_line_1,line,complete,11,full,sherbrooke,211,112e3043b4082d192970d6ffdc2cce276b8ffd30e6d1a4e73a47449eccd53143,24,21,84.24728563707322,127,91156,54647,15017,18928,4254,24,13981,9097,6360,2275,828
quality_4_6_line_1,line,complete,11,full,sherbrooke,223,112e3043b4082d192970d6ffdc2cce276b8ffd30e6d1a4e73a47449eccd53143,24,21,84.23359753284603,127,91943,55048,15106,17661,4009,24,13981,9097,6360,2275,828
quality_4_6_line_1,line,complete,11,full,sherbrooke,227,112e3043b4082d192970d6ffdc2cce276b8ffd30e6d1a4e73a47449eccd53143,24,21,87.73181373998523,127,93258,55978,15068,18795,4075,24,13981,9097,6360,2275,828
quality_4_6_line_1,line,complete,11,full,sherbrooke,229,112e3043b4082d192970d6ffdc2cce276b8ffd30e6d1a4e73a47449eccd53143,24,21,89.18375957384706,127,91792,54905,15151,18322,4152,24,13981,9097,6360,2275,828
quality_4_6_line_1,line,complete,11,full,sherbrooke,233,112e3043b4082d192970d6ffdc2cce276b8ffd30e6d1a4e73a47449eccd53143,24,21,90.94410184910521,127,93355,55805,15350,18912,4306,24,13981,9097,6360,2275,828
quality_4_6_line_1,line,complete,11,full,line25,211,112e3043b4082d192970d6ffdc2cce276b8ffd30e6d1a4e73a47449eccd53143,24,21,2.0825353278778493,25,33856,19829,14043,6442,2869,24,13981,9097,6360,2275,828
quality_4_6_line_1,line,complete,11,full,line25,223,112e3043b4082d192970d6ffdc2cce276b8ffd30e6d1a4e73a47449eccd53143,24,21,2.190874624066055,25,33405,19588,13759,6359,2797,24,13981,9097,6360,2275,828
quality_4_6_line_1,line,complete,11,full,line25,227,112e3043b4082d192970d6ffdc2cce276b8ffd30e6d1a4e73a47449eccd53143,24,21,2.077068211045116,25,33109,19419,14253,6642,3072,24,13981,9097,6360,2275,828
quality_4_6_line_1,line,complete,11,full,line25,229,112e3043b4082d192970d6ffdc2cce276b8ffd30e6d1a4e73a47449eccd53143,24,21,2.069153097923845,25,33189,19471,14106,6371,2843,24,13981,9097,6360,2275,828
quality_4_6_line_1,line,complete,11,full,line25,233,112e3043b4082d192970d6ffdc2cce276b8ffd30e6d1a4e73a47449eccd53143,24,21,2.0841586659662426,25,33065,19370,14326,6593,2980,24,13981,9097,6360,2275,828
quality_4_6_line_1,line,complete,11,full,grid25,211,112e3043b4082d192970d6ffdc2cce276b8ffd30e6d1a4e73a47449eccd53143,24,21,1.765537017956376,25,21463,13022,11792,8530,3740,24,13981,9097,6360,2275,828
quality_4_6_line_1,line,complete,11,full,grid25,223,112e3043b4082d192970d6ffdc2cce276b8ffd30e6d1a4e73a47449eccd53143,24,21,1.7667698031291366,25,21357,12960,11779,8106,3548,24,13981,9097,6360,2275,828
quality_4_6_line_1,line,complete,11,full,grid25,227,112e3043b4082d192970d6ffdc2cce276b8ffd30e6d1a4e73a47449eccd53143,24,21,1.7706541679799557,25,21063,12802,11809,8155,3677,24,13981,9097,6360,2275,828
quality_4_6_line_1,line,complete,11,full,grid25,229,112e3043b4082d192970d6ffdc2cce276b8ffd30e6d1a4e73a47449eccd53143,24,21,1.7656397810205817,25,21475,13034,11851,8698,3715,24,13981,9097,6360,2275,828
quality_4_6_line_1,line,complete,11,full,grid25,233,112e3043b4082d192970d6ffdc2cce276b8ffd30e6d1a4e73a47449eccd53143,24,21,1.7740673972293735,25,21571,13069,11812,8181,3651,24,13981,9097,6360,2275,828
quality_4_6_line_1,line,complete,12,full,sherbrooke,211,af8554d81bbd907aabcaf867d119879f865b5791c303e48bd0666d592e104c6b,24,23,98.6803259961307,127,102003,61184,16709,19740,4415,24,15271,9943,6972,2486,906
quality_4_6_line_1,line,complete,12,full,sherbrooke,223,af8554d81bbd907aabcaf867d119879f865b5791c303e48bd0666d592e104c6b,24,23,94.11380424769595,127,103123,62016,16607,19920,4369,24,15271,9943,6972,2486,906
quality_4_6_line_1,line,complete,12,full,sherbrooke,227,af8554d81bbd907aabcaf867d119879f865b5791c303e48bd0666d592e104c6b,24,23,104.5360857360065,127,101777,61113,16573,20352,4523,24,15271,9943,6972,2486,906
quality_4_6_line_1,line,complete,12,full,sherbrooke,229,af8554d81bbd907aabcaf867d119879f865b5791c303e48bd0666d592e104c6b,24,23,101.80107991304249,127,103613,62231,16610,21574,4650,24,15271,9943,6972,2486,906
quality_4_6_line_1,line,complete,12,full,sherbrooke,233,af8554d81bbd907aabcaf867d119879f865b5791c303e48bd0666d592e104c6b,24,23,97.51726750284433,127,101991,61109,16499,20140,4380,24,15271,9943,6972,2486,906
quality_4_6_line_1,line,complete,12,full,line25,211,af8554d81bbd907aabcaf867d119879f865b5791c303e48bd0666d592e104c6b,24,23,2.382759899366647,25,36160,21210,15693,7424,3373,24,15271,9943,6972,2486,906
quality_4_6_line_1,line,complete,12,full,line25,223,af8554d81bbd907aabcaf867d119879f865b5791c303e48bd0666d592e104c6b,24,23,2.2159301950596273,25,35646,20938,15782,7556,3484,24,15271,9943,6972,2486,906
quality_4_6_line_1,line,complete,12,full,line25,227,af8554d81bbd907aabcaf867d119879f865b5791c303e48bd0666d592e104c6b,24,23,2.219900732394308,25,36114,21184,15607,7321,3289,24,15271,9943,6972,2486,906
quality_4_6_line_1,line,complete,12,full,line25,229,af8554d81bbd907aabcaf867d119879f865b5791c303e48bd0666d592e104c6b,24,23,2.2334793098270893,25,36696,21510,15482,6934,3168,24,15271,9943,6972,2486,906
quality_4_6_line_1,line,complete,12,full,line25,233,af8554d81bbd907aabcaf867d119879f865b5791c303e48bd0666d592e104c6b,24,23,2.2246631742455065,25,36678,21510,15365,7202,3265,24,15271,9943,6972,2486,906
quality_4_6_line_1,line,complete,12,full,grid25,211,af8554d81bbd907aabcaf867d119879f865b5791c303e48bd0666d592e104c6b,24,23,1.8938573161140084,25,23705,14361,12916,8305,3814,24,15271,9943,6972,2486,906
quality_4_6_line_1,line,complete,12,full,grid25,223,af8554d81bbd907aabcaf867d119879f865b5791c303e48bd0666d592e104c6b,24,23,1.87834538705647,25,23067,14045,12886,9160,4112,24,15271,9943,6972,2486,906
quality_4_6_line_1,line,complete,12,full,grid25,227,af8554d81bbd907aabcaf867d119879f865b5791c303e48bd0666d592e104c6b,24,23,1.8856207490898669,25,23805,14429,12859,9117,3997,24,15271,9943,6972,2486,906
quality_4_6_line_1,line,complete,12,full,grid25,229,af8554d81bbd907aabcaf867d119879f865b5791c303e48bd0666d592e104c6b,24,23,1.9374913852661848,25,23134,14063,13105,8854,4019,24,15271,9943,6972,2486,906
quality_4_6_line_1,line,complete,12,full,grid25,233,af8554d81bbd907aabcaf867d119879f865b5791c303e48bd0666d592e104c6b,24,23,1.871811837889254,25,22787,13870,13064,8831,4078,24,15271,9943,6972,2486,906
quality_4_6_line_1,line,ring,1,full,sherbrooke,211,2ee7593459d24f7afd6c0760146f2b54d80be29caeb4580c085b0ab727971d67,24,1,0.2161756381392479,127,1127,682,146,186,34,24,541,313,96,106,24
quality_4_6_line_1,line,ring,1,full,sherbrooke,223,2ee7593459d24f7afd6c0760146f2b54d80be29caeb4580c085b0ab727971d67,24,1,0.03534085489809513,127,1189,723,151,209,42,24,541,313,96,106,24
quality_4_6_line_1,line,ring,1,full,sherbrooke,227,2ee7593459d24f7afd6c0760146f2b54d80be29caeb4580c085b0ab727971d67,24,1,0.03294096887111664,127,1121,686,151,250,46,24,541,313,96,106,24
quality_4_6_line_1,line,ring,1,full,sherbrooke,229,2ee7593459d24f7afd6c0760146f2b54d80be29caeb4580c085b0ab727971d67,24,1,0.03839467978104949,127,1111,681,143,190,36,24,541,313,96,106,24
quality_4_6_line_1,line,ring,1,full,sherbrooke,233,2ee7593459d24f7afd6c0760146f2b54d80be29caeb4580c085b0ab727971d67,24,1,0.0325232339091599,127,1079,655,151,199,39,24,541,313,96,106,24
quality_4_6_line_1,line,ring,1,full,line25,211,2ee7593459d24f7afd6c0760146f2b54d80be29caeb4580c085b0ab727971d67,24,1,0.0234763459302485,25,579,335,149,120,34,24,541,313,96,106,24
quality_4_6_line_1,line,ring,1,full,line25,223,2ee7593459d24f7afd6c0760146f2b54d80be29caeb4580c085b0ab727971d67,24,1,0.02331508183851838,25,597,348,144,121,34,24,541,313,96,106,24
quality_4_6_line_1,line,ring,1,full,line25,227,2ee7593459d24f7afd6c0760146f2b54d80be29caeb4580c085b0ab727971d67,24,1,0.023441719822585583,25,601,350,147,122,34,24,541,313,96,106,24
quality_4_6_line_1,line,ring,1,full,line25,229,2ee7593459d24f7afd6c0760146f2b54d80be29caeb4580c085b0ab727971d67,24,1,0.023211877793073654,25,605,352,149,122,32,24,541,313,96,106,24
quality_4_6_line_1,line,ring,1,full,line25,233,2ee7593459d24f7afd6c0760146f2b54d80be29caeb4580c085b0ab727971d67,24,1,0.02283458085730672,25,600,351,146,121,32,24,541,313,96,106,24
quality_4_6_line_1,line,ring,1,full,grid25,211,2ee7593459d24f7afd6c0760146f2b54d80be29caeb4580c085b0ab727971d67,24,1,0.018780286889523268,25,551,318,102,113,27,24,541,313,96,106,24
quality_4_6_line_1,line,ring,1,full,grid25,223,2ee7593459d24f7afd6c0760146f2b54d80be29caeb4580c085b0ab727971d67,24,1,0.018226767890155315,25,541,313,96,106,24,24,541,313,96,106,24
quality_4_6_line_1,line,ring,1,full,grid25,227,2ee7593459d24f7afd6c0760146f2b54d80be29caeb4580c085b0ab727971d67,24,1,0.01872953213751316,25,541,313,102,110,27,24,541,313,96,106,24
quality_4_6_line_1,line,ring,1,full,grid25,229,2ee7593459d24f7afd6c0760146f2b54d80be29caeb4580c085b0ab727971d67,24,1,0.01881008269265294,25,569,329,106,127,31,24,541,313,96,106,24
quality_4_6_line_1,line,ring,1,full,grid25,233,2ee7593459d24f7afd6c0760146f2b54d80be29caeb4580c085b0ab727971d67,24,1,0.019397896248847246,25,549,317,100,114,28,24,541,313,96,106,24
quality_4_6_line_1,line,ring,2,full,sherbrooke,211,3d4af03b2dcbdbd5576ba7664a55d1d10da6065b41db1db5606c6a4441060e9e,24,3,1.0423469129018486,127,8499,5084,1346,2015,430,24,1291,835,564,306,110
quality_4_6_line_1,line,ring,2,full,sherbrooke,223,3d4af03b2dcbdbd5576ba7664a55d1d10da6065b41db1db5606c6a4441060e9e,24,3,0.7940536132082343,127,8052,4822,1321,2108,451,24,1291,835,564,306,110
quality_4_6_line_1,line,ring,2,full,sherbrooke,227,3d4af03b2dcbdbd5576ba7664a55d1d10da6065b41db1db5606c6a4441060e9e,24,3,0.8224395080469549,127,8131,4880,1327,1782,401,24,1291,835,564,306,110
quality_4_6_line_1,line,ring,2,full,sherbrooke,229,3d4af03b2dcbdbd5576ba7664a55d1d10da6065b41db1db5606c6a4441060e9e,24,3,0.913510877173394,127,7722,4639,1264,1777,405,24,1291,835,564,306,110
quality_4_6_line_1,line,ring,2,full,sherbrooke,233,3d4af03b2dcbdbd5576ba7664a55d1d10da6065b41db1db5606c6a4441060e9e,24,3,0.8301597461104393,127,8130,4874,1301,1550,343,24,1291,835,564,306,110
quality_4_6_line_1,line,ring,2,full,line25,211,3d4af03b2dcbdbd5576ba7664a55d1d10da6065b41db1db5606c6a4441060e9e,24,3,0.16818485828116536,25,2775,1643,1226,638,281,24,1291,835,564,306,110
quality_4_6_line_1,line,ring,2,full,line25,223,3d4af03b2dcbdbd5576ba7664a55d1d10da6065b41db1db5606c6a4441060e9e,24,3,0.1711076470091939,25,2791,1653,1262,663,284,24,1291,835,564,306,110
quality_4_6_line_1,line,ring,2,full,line25,227,3d4af03b2dcbdbd5576ba7664a55d1d10da6065b41db1db5606c6a4441060e9e,24,3,0.16933457693085074,25,3005,1769,1239,665,295,24,1291,835,564,306,110
quality_4_6_line_1,line,ring,2,full,line25,229,3d4af03b2dcbdbd5576ba7664a55d1d10da6065b41db1db5606c6a4441060e9e,24,3,0.17116675805300474,25,2892,1707,1238,685,329,24,1291,835,564,306,110
quality_4_6_line_1,line,ring,2,full,line25,233,3d4af03b2dcbdbd5576ba7664a55d1d10da6065b41db1db5606c6a4441060e9e,24,3,0.1681982628069818,25,2717,1612,1252,661,325,24,1291,835,564,306,110
quality_4_6_line_1,line,ring,2,full,grid25,211,3d4af03b2dcbdbd5576ba7664a55d1d10da6065b41db1db5606c6a4441060e9e,24,3,0.1424967497587204,25,1918,1170,1006,768,339,24,1291,835,564,306,110
quality_4_6_line_1,line,ring,2,full,grid25,223,3d4af03b2dcbdbd5576ba7664a55d1d10da6065b41db1db5606c6a4441060e9e,24,3,0.14522665599361062,25,1933,1178,974,676,316,24,1291,835,564,306,110
quality_4_6_line_1,line,ring,2,full,grid25,227,3d4af03b2dcbdbd5576ba7664a55d1d10da6065b41db1db5606c6a4441060e9e,24,3,0.14072640426456928,25,1754,1086,1015,740,381,24,1291,835,564,306,110
quality_4_6_line_1,line,ring,2,full,grid25,229,3d4af03b2dcbdbd5576ba7664a55d1d10da6065b41db1db5606c6a4441060e9e,24,3,0.14081655396148562,25,1871,1147,982,732,325,24,1291,835,564,306,110
quality_4_6_line_1,line,ring,2,full,grid25,233,3d4af03b2dcbdbd5576ba7664a55d1d10da6065b41db1db5606c6a4441060e9e,24,3,0.14227363001555204,25,1931,1178,981,714,334,24,1291,835,564,306,110
quality_4_6_line_1,line,ring,3,full,sherbrooke,211,d3a237fb589a0db72179b9b2e470b66bc88b13f70a9d6bf481237775c3bc8be6,24,5,3.0386585420928895,127,15562,9379,2475,3453,737,24,2041,1357,1032,488,184
quality_4_6_line_1,line,ring,3,full,sherbrooke,223,d3a237fb589a0db72179b9b2e470b66bc88b13f70a9d6bf481237775c3bc8be6,24,5,2.7796327769756317,127,15295,9193,2497,3263,700,24,2041,1357,1032,488,184
quality_4_6_line_1,line,ring,3,full,sherbrooke,227,d3a237fb589a0db72179b9b2e470b66bc88b13f70a9d6bf481237775c3bc8be6,24,5,2.412503640167415,127,15432,9297,2500,3253,733,24,2041,1357,1032,488,184
quality_4_6_line_1,line,ring,3,full,sherbrooke,229,d3a237fb589a0db72179b9b2e470b66bc88b13f70a9d6bf481237775c3bc8be6,24,5,2.2701026597060263,127,15496,9346,2476,3152,674,24,2041,1357,1032,488,184
quality_4_6_line_1,line,ring,3,full,sherbrooke,233,d3a237fb589a0db72179b9b2e470b66bc88b13f70a9d6bf481237775c3bc8be6,24,5,2.619132380001247,127,15333,9203,2490,3124,692,24,2041,1357,1032,488,184
quality_4_6_line_1,line,ring,3,full,line25,211,d3a237fb589a0db72179b9b2e470b66bc88b13f70a9d6bf481237775c3bc8be6,24,5,0.3504721778444946,25,5040,2988,2511,1164,543,24,2041,1357,1032,488,184
quality_4_6_line_1,line,ring,3,full,line25,223,d3a237fb589a0db72179b9b2e470b66bc88b13f70a9d6bf481237775c3bc8be6,24,5,0.3357089748606086,25,4970,2947,2493,1171,585,24,2041,1357,1032,488,184
quality_4_6_line_1,line,ring,3,full,line25,227,d3a237fb589a0db72179b9b2e470b66bc88b13f70a9d6bf481237775c3bc8be6,24,5,0.3347126650623977,25,4935,2931,2517,1202,592,24,2041,1357,1032,488,184
quality_4_6_line_1,line,ring,3,full,line25,229,d3a237fb589a0db72179b9b2e470b66bc88b13f70a9d6bf481237775c3bc8be6,24,5,0.3348486488685012,25,5115,3029,2477,1160,542,24,2041,1357,1032,488,184
quality_4_6_line_1,line,ring,3,full,line25,233,d3a237fb589a0db72179b9b2e470b66bc88b13f70a9d6bf481237775c3bc8be6,24,5,0.3289596000686288,25,5065,3005,2493,1205,579,24,2041,1357,1032,488,184
quality_4_6_line_1,line,ring,3,full,grid25,211,d3a237fb589a0db72179b9b2e470b66bc88b13f70a9d6bf481237775c3bc8be6,24,5,0.26112791197374463,25,3074,1915,1934,1199,640,24,2041,1357,1032,488,184
quality_4_6_line_1,line,ring,3,full,grid25,223,d3a237fb589a0db72179b9b2e470b66bc88b13f70a9d6bf481237775c3bc8be6,24,5,0.25938873598352075,25,3129,1940,1929,1389,675,24,2041,1357,1032,488,184
quality_4_6_line_1,line,ring,3,full,grid25,227,d3a237fb589a0db72179b9b2e470b66bc88b13f70a9d6bf481237775c3bc8be6,24,5,0.2603746079839766,25,3172,1966,1929,1350,648,24,2041,1357,1032,488,184
quality_4_6_line_1,line,ring,3,full,grid25,229,d3a237fb589a0db72179b9b2e470b66bc88b13f70a9d6bf481237775c3bc8be6,24,5,0.25925831077620387,25,3042,1895,1949,1274,645,24,2041,1357,1032,488,184
quality_4_6_line_1,line,ring,3,full,grid25,233,d3a237fb589a0db72179b9b2e470b66bc88b13f70a9d6bf481237775c3bc8be6,24,5,0.2579064420424402,25,3191,1974,1905,1324,669,24,2041,1357,1032,488,184
quality_4_6_line_1,line,ring,4,full,sherbrooke,211,8af0a48b1b0fddc8c90573bde90d23033d53aaad1d02a23f2bf056e3d23fcc6a,24,7,6.101248943712562,127,22257,13385,3614,4388,1005,24,2791,1879,1500,670,258
quality_4_6_line_1,line,ring,4,full,sherbrooke,223,8af0a48b1b0fddc8c90573bde90d23033d53aaad1d02a23f2bf056e3d23fcc6a,24,7,5.460541694890708,127,22427,13430,3666,4802,1067,24,2791,1879,1500,670,258
quality_4_6_line_1,line,ring,4,full,sherbrooke,227,8af0a48b1b0fddc8c90573bde90d23033d53aaad1d02a23f2bf056e3d23fcc6a,24,7,6.141987655777484,127,22609,13467,3769,5005,1142,24,2791,1879,1500,670,258
quality_4_6_line_1,line,ring,4,full,sherbrooke,229,8af0a48b1b0fddc8c90573bde90d23033d53aaad1d02a23f2bf056e3d23fcc6a,24,7,4.981592664029449,127,22694,13675,3643,5006,1101,24,2791,1879,1500,670,258
quality_4_6_line_1,line,ring,4,full,sherbrooke,233,8af0a48b1b0fddc8c90573bde90d23033d53aaad1d02a23f2bf056e3d23fcc6a,24,7,5.653953145258129,127,22926,13680,3797,4967,1118,24,2791,1879,1500,670,258
quality_4_6_line_1,line,ring,4,full,line25,211,8af0a48b1b0fddc8c90573bde90d23033d53aaad1d02a23f2bf056e3d23fcc6a,24,7,0.49896313389763236,25,7190,4271,3727,1653,800,24,2791,1879,1500,670,258
quality_4_6_line_1,line,ring,4,full,line25,223,8af0a48b1b0fddc8c90573bde90d23033d53aaad1d02a23f2bf056e3d23fcc6a,24,7,0.5031676599755883,25,7130,4237,3736,1763,882,24,2791,1879,1500,670,258
quality_4_6_line_1,line,ring,4,full,line25,227,8af0a48b1b0fddc8c90573bde90d23033d53aaad1d02a23f2bf056e3d23fcc6a,24,7,0.4981569997034967,25,6948,4135,3765,1712,870,24,2791,1879,1500,670,258
quality_4_6_line_1,line,ring,4,full,line25,229,8af0a48b1b0fddc8c90573bde90d23033d53aaad1d02a23f2bf056e3d23fcc6a,24,7,0.4935635542497039,25,7151,4247,3815,1681,802,24,2791,1879,1500,670,258
quality_4_6_line_1,line,ring,4,full,line25,233,8af0a48b1b0fddc8c90573bde90d23033d53aaad1d02a23f2bf056e3d23fcc6a,24,7,0.4980587959289551,25,6882,4099,3864,1769,887,24,2791,1879,1500,670,258
quality_4_6_line_1,line,ring,4,full,grid25,211,8af0a48b1b0fddc8c90573bde90d23033d53aaad1d02a23f2bf056e3d23fcc6a,24,7,0.40520349610596895,25,4347,2717,2895,1921,943,24,2791,1879,1500,670,258
quality_4_6_line_1,line,ring,4,full,grid25,223,8af0a48b1b0fddc8c90573bde90d23033d53aaad1d02a23f2bf056e3d23fcc6a,24,7,0.4028078382834792,25,4362,2721,2880,2032,997,24,2791,1879,1500,670,258
quality_4_6_line_1,line,ring,4,full,grid25,227,8af0a48b1b0fddc8c90573bde90d23033d53aaad1d02a23f2bf056e3d23fcc6a,24,7,0.4045079597271979,25,4399,2743,2900,2082,1067,24,2791,1879,1500,670,258
quality_4_6_line_1,line,ring,4,full,grid25,229,8af0a48b1b0fddc8c90573bde90d23033d53aaad1d02a23f2bf056e3d23fcc6a,24,7,0.404502599965781,25,4309,2691,2854,2043,1033,24,2791,1879,1500,670,258
quality_4_6_line_1,line,ring,4,full,grid25,233,8af0a48b1b0fddc8c90573bde90d23033d53aaad1d02a23f2bf056e3d23fcc6a,24,7,0.40299309603869915,25,4324,2705,2904,2120,1058,24,2791,1879,1500,670,258
quality_4_6_line_1,line,ring,5,full,sherbrooke,211,9da16c0a3bb6611a41146e3d84456fa31df4b806b0730b3952e9481e0ac1292a,24,9,9.132369129918516,127,30073,18073,4971,6323,1415,24,3541,2401,1968,852,332
quality_4_6_line_1,line,ring,5,full,sherbrooke,223,9da16c0a3bb6611a41146e3d84456fa31df4b806b0730b3952e9481e0ac1292a,24,9,9.2220682320185,127,29824,17861,4930,6330,1467,24,3541,2401,1968,852,332
quality_4_6_line_1,line,ring,5,full,sherbrooke,227,9da16c0a3bb6611a41146e3d84456fa31df4b806b0730b3952e9481e0ac1292a,24,9,9.363988479133695,127,30918,18540,5089,6046,1347,24,3541,2401,1968,852,332
quality_4_6_line_1,line,ring,5,full,sherbrooke,229,9da16c0a3bb6611a41146e3d84456fa31df4b806b0730b3952e9481e0ac1292a,24,9,10.3873102767393,127,29976,17922,5012,6335,1472,24,3541,2401,1968,852,332
quality_4_6_line_1,line,ring,5,full,sherbrooke,233,9da16c0a3bb6611a41146e3d84456fa31df4b806b0730b3952e9481e0ac1292a,24,9,10.144032934680581,127,30012,18014,5001,6777,1549,24,3541,2401,1968,852,332
quality_4_6_line_1,line,ring,5,full,line25,211,9da16c0a3bb6611a41146e3d84456fa31df4b806b0730b3952e9481e0ac1292a,24,9,0.642041927203536,25,9240,5502,5059,2248,1123,24,3541,2401,1968,852,332
quality_4_6_line_1,line,ring,5,full,line25,223,9da16c0a3bb6611a41146e3d84456fa31df4b806b0730b3952e9481e0ac1292a,24,9,0.6326126493513584,25,9363,5566,5076,2203,1083,24,3541,2401,1968,852,332
quality_4_6_line_1,line,ring,5,full,line25,227,9da16c0a3bb6611a41146e3d84456fa31df4b806b0730b3952e9481e0ac1292a,24,9,0.6441353871487081,25,8994,5362,5225,2244,1151,24,3541,2401,1968,852,332
quality_4_6_line_1,line,ring,5,full,line25,229,9da16c0a3bb6611a41146e3d84456fa31df4b806b0730b3952e9481e0ac1292a,24,9,0.6364765050821006,25,8914,5318,5162,2211,1064,24,3541,2401,1968,852,332
quality_4_6_line_1,line,ring,5,full,line25,233,9da16c0a3bb6611a41146e3d84456fa31df4b806b0730b3952e9481e0ac1292a,24,9,0.6321756690740585,25,9272,5520,4931,2226,1113,24,3541,2401,1968,852,332
quality_4_6_line_1,line,ring,5,full,grid25,211,9da16c0a3bb6611a41146e3d84456fa31df4b806b0730b3952e9481e0ac1292a,24,9,0.5150909600779414,25,5647,3531,3800,2571,1255,24,3541,2401,1968,852,332
quality_4_6_line_1,line,ring,5,full,grid25,223,9da16c0a3bb6611a41146e3d84456fa31df4b806b0730b3952e9481e0ac1292a,24,9,0.5141870817169547,25,5495,3450,3834,2475,1339,24,3541,2401,1968,852,332
quality_4_6_line_1,line,ring,5,full,grid25,227,9da16c0a3bb6611a41146e3d84456fa31df4b806b0730b3952e9481e0ac1292a,24,9,0.5131609449163079,25,5371,3386,3835,2526,1275,24,3541,2401,1968,852,332
quality_4_6_line_1,line,ring,5,full,grid25,229,9da16c0a3bb6611a41146e3d84456fa31df4b806b0730b3952e9481e0ac1292a,24,9,0.516215801704675,25,5574,3495,3808,2477,1339,24,3541,2401,1968,852,332
quality_4_6_line_1,line,ring,5,full,grid25,233,9da16c0a3bb6611a41146e3d84456fa31df4b806b0730b3952e9481e0ac1292a,24,9,0.5180768859572709,25,5876,3658,3760,2351,1186,24,3541,2401,1968,852,332
quality_4_6_line_1,line,ring,6,full,sherbrooke,211,86d2821b665acd098daa65c3014ad4b6fc65a11ca48215e81c393df34500e7af,24,11,13.15853261994198,127,36778,22028,6005,7773,1738,24,4291,2923,2436,1034,406
quality_4_6_line_1,line,ring,6,full,sherbrooke,223,86d2821b665acd098daa65c3014ad4b6fc65a11ca48215e81c393df34500e7af,24,11,14.930834439117461,127,38234,22824,6398,8080,1858,24,4291,2923,2436,1034,406
quality_4_6_line_1,line,ring,6,full,sherbrooke,227,86d2821b665acd098daa65c3014ad4b6fc65a11ca48215e81c393df34500e7af,24,11,13.840947871096432,127,37582,22554,6206,7980,1780,24,4291,2923,2436,1034,406
quality_4_6_line_1,line,ring,6,full,sherbrooke,229,86d2821b665acd098daa65c3014ad4b6fc65a11ca48215e81c393df34500e7af,24,11,13.405836381949484,127,37621,22553,6245,7620,1770,24,4291,2923,2436,1034,406
quality_4_6_line_1,line,ring,6,full,sherbrooke,233,86d2821b665acd098daa65c3014ad4b6fc65a11ca48215e81c393df34500e7af,24,11,15.49250219296664,127,37401,22439,6133,7410,1616,24,4291,2923,2436,1034,406
quality_4_6_line_1,line,ring,6,full,line25,211,86d2821b665acd098daa65c3014ad4b6fc65a11ca48215e81c393df34500e7af,24,11,0.7961207749322057,25,11015,6575,6453,2875,1480,24,4291,2923,2436,1034,406
quality_4_6_line_1,line,ring,6,full,line25,223,86d2821b665acd098daa65c3014ad4b6fc65a11ca48215e81c393df34500e7af,24,11,0.7874810807406902,25,11544,6863,6362,2771,1404,24,4291,2923,2436,1034,406
quality_4_6_line_1,line,ring,6,full,line25,227,86d2821b665acd098daa65c3014ad4b6fc65a11ca48215e81c393df34500e7af,24,11,0.7892812117934227,25,11208,6678,6446,2852,1448,24,4291,2923,2436,1034,406
quality_4_6_line_1,line,ring,6,full,line25,229,86d2821b665acd098daa65c3014ad4b6fc65a11ca48215e81c393df34500e7af,24,11,0.7992657399736345,25,10865,6496,6502,2779,1424,24,4291,2923,2436,1034,406
quality_4_6_line_1,line,ring,6,full,line25,233,86d2821b665acd098daa65c3014ad4b6fc65a11ca48215e81c393df34500e7af,24,11,0.7919805301353335,25,11267,6714,6492,2830,1455,24,4291,2923,2436,1034,406
quality_4_6_line_1,line,ring,6,full,grid25,211,86d2821b665acd098daa65c3014ad4b6fc65a11ca48215e81c393df34500e7af,24,11,0.6395209929905832,25,6804,4273,4795,3118,1631,24,4291,2923,2436,1034,406
quality_4_6_line_1,line,ring,6,full,grid25,223,86d2821b665acd098daa65c3014ad4b6fc65a11ca48215e81c393df34500e7af,24,11,0.6393911479972303,25,7071,4416,4779,3136,1633,24,4291,2923,2436,1034,406
quality_4_6_line_1,line,ring,6,full,grid25,227,86d2821b665acd098daa65c3014ad4b6fc65a11ca48215e81c393df34500e7af,24,11,0.6379040260799229,25,7115,4442,4701,2969,1464,24,4291,2923,2436,1034,406
quality_4_6_line_1,line,ring,6,full,grid25,229,86d2821b665acd098daa65c3014ad4b6fc65a11ca48215e81c393df34500e7af,24,11,0.6394860157743096,25,7015,4386,4806,3014,1557,24,4291,2923,2436,1034,406
quality_4_6_line_1,line,ring,6,full,grid25,233,86d2821b665acd098daa65c3014ad4b6fc65a11ca48215e81c393df34500e7af,24,11,0.6354096005670726,25,7140,4453,4717,3005,1494,24,4291,2923,2436,1034,406
quality_4_6_line_1,line,ring,7,full,sherbrooke,211,5d53c9dd9245f20c56fd20ca654a278b5734c5c6a0fdb6e422b306852567fc34,24,13,22.11556216608733,127,45275,27130,7517,9840,2227,24,5041,3445,2904,1216,480
quality_4_6_line_1,line,ring,7,full,sherbrooke,223,5d53c9dd9245f20c56fd20ca654a278b5734c5c6a0fdb6e422b306852567fc34,24,13,20.516801984980702,127,43759,26050,7470,8753,2046,24,5041,3445,2904,1216,480
quality_4_6_line_1,line,ring,7,full,sherbrooke,227,5d53c9dd9245f20c56fd20ca654a278b5734c5c6a0fdb6e422b306852567fc34,24,13,20.127708250656724,127,44738,26817,7432,9405,2169,24,5041,3445,2904,1216,480
quality_4_6_line_1,line,ring,7,full,sherbrooke,229,5d53c9dd9245f20c56fd20ca654a278b5734c5c6a0fdb6e422b306852567fc34,24,13,21.499801353085786,127,45136,26965,7553,9809,2205,24,5041,3445,2904,1216,480
quality_4_6_line_1,line,ring,7,full,sherbrooke,233,5d53c9dd9245f20c56fd20ca654a278b5734c5c6a0fdb6e422b306852567fc34,24,13,21.844027360901237,127,44243,26492,7359,8602,1963,24,5041,3445,2904,1216,480
quality_4_6_line_1,line,ring,7,full,line25,211,5d53c9dd9245f20c56fd20ca654a278b5734c5c6a0fdb6e422b306852567fc34,24,13,0.9522910309024155,25,13669,8127,7545,3403,1761,24,5041,3445,2904,1216,480
quality_4_6_line_1,line,ring,7,full,line25,223,5d53c9dd9245f20c56fd20ca654a278b5734c5c6a0fdb6e422b306852567fc34,24,13,0.9507299093529582,25,13472,8020,7859,3655,1907,24,5041,3445,2904,1216,480
quality_4_6_line_1,line,ring,7,full,line25,227,5d53c9dd9245f20c56fd20ca654a278b5734c5c6a0fdb6e422b306852567fc34,24,13,0.9468394136056304,25,13733,8172,7617,3288,1642,24,5041,3445,2904,1216,480
quality_4_6_line_1,line,ring,7,full,line25,229,5d53c9dd9245f20c56fd20ca654a278b5734c5c6a0fdb6e422b306852567fc34,24,13,0.9537315871566534,25,13379,7975,7797,3386,1773,24,5041,3445,2904,1216,480
quality_4_6_line_1,line,ring,7,full,line25,233,5d53c9dd9245f20c56fd20ca654a278b5734c5c6a0fdb6e422b306852567fc34,24,13,0.9406206859275699,25,12860,7689,7803,3385,1788,24,5041,3445,2904,1216,480
quality_4_6_line_1,line,ring,7,full,grid25,211,5d53c9dd9245f20c56fd20ca654a278b5734c5c6a0fdb6e422b306852567fc34,24,13,0.7635203558020294,25,8239,5173,5740,3663,1888,24,5041,3445,2904,1216,480
quality_4_6_line_1,line,ring,7,full,grid25,223,5d53c9dd9245f20c56fd20ca654a278b5734c5c6a0fdb6e422b306852567fc34,24,13,0.7624885588884354,25,7932,5001,5800,3770,2017,24,5041,3445,2904,1216,480
quality_4_6_line_1,line,ring,7,full,grid25,227,5d53c9dd9245f20c56fd20ca654a278b5734c5c6a0fdb6e422b306852567fc34,24,13,0.7633943893015385,25,8508,5308,5644,3673,1926,24,5041,3445,2904,1216,480
quality_4_6_line_1,line,ring,7,full,grid25,229,5d53c9dd9245f20c56fd20ca654a278b5734c5c6a0fdb6e422b306852567fc34,24,13,0.7662459751591086,25,8141,5102,5819,3649,1938,24,5041,3445,2904,1216,480
quality_4_6_line_1,line,ring,7,full,grid25,233,5d53c9dd9245f20c56fd20ca654a278b5734c5c6a0fdb6e422b306852567fc34,24,13,0.7636014777235687,25,7907,4978,5814,3660,1971,24,5041,3445,2904,1216,480
quality_4_6_line_1,line,ring,8,full,sherbrooke,211,e71e0bb7db59ba457a89d1fe01237badf5f466bf0eda388e457126ce9e59e809,24,15,26.89246574183926,127,52404,31489,8644,10621,2432,24,5791,3967,3372,1398,554
quality_4_6_line_1,line,ring,8,full,sherbrooke,223,e71e0bb7db59ba457a89d1fe01237badf5f466bf0eda388e457126ce9e59e809,24,15,29.46208858070895,127,51399,30724,8580,10729,2477,24,5791,3967,3372,1398,554
quality_4_6_line_1,line,ring,8,full,sherbrooke,227,e71e0bb7db59ba457a89d1fe01237badf5f466bf0eda388e457126ce9e59e809,24,15,32.2880308101885,127,54265,32576,8954,11590,2616,24,5791,3967,3372,1398,554
quality_4_6_line_1,line,ring,8,full,sherbrooke,229,e71e0bb7db59ba457a89d1fe01237badf5f466bf0eda388e457126ce9e59e809,24,15,30.958121173083782,127,53992,32431,8855,11351,2531,24,5791,3967,3372,1398,554
quality_4_6_line_1,line,ring,8,full,sherbrooke,233,e71e0bb7db59ba457a89d1fe01237badf5f466bf0eda388e457126ce9e59e809,24,15,30.535210165195167,127,52652,31504,8728,11809,2634,24,5791,3967,3372,1398,554
quality_4_6_line_1,line,ring,8,full,line25,211,e71e0bb7db59ba457a89d1fe01237badf5f466bf0eda388e457126ce9e59e809,24,15,1.120040610898286,25,14830,8872,9243,4003,2107,24,5791,3967,3372,1398,554
quality_4_6_line_1,line,ring,8,full,line25,223,e71e0bb7db59ba457a89d1fe01237badf5f466bf0eda388e457126ce9e59e809,24,15,1.1062389547005296,25,15272,9114,8997,3799,1907,24,5791,3967,3372,1398,554
quality_4_6_line_1,line,ring,8,full,line25,227,e71e0bb7db59ba457a89d1fe01237badf5f466bf0eda388e457126ce9e59e809,24,15,1.1091970191337168,25,15382,9176,8987,3769,1945,24,5791,3967,3372,1398,554
quality_4_6_line_1,line,ring,8,full,line25,229,e71e0bb7db59ba457a89d1fe01237badf5f466bf0eda388e457126ce9e59e809,24,15,1.1129337162710726,25,15340,9155,9015,3933,2013,24,5791,3967,3372,1398,554
quality_4_6_line_1,line,ring,8,full,line25,233,e71e0bb7db59ba457a89d1fe01237badf5f466bf0eda388e457126ce9e59e809,24,15,1.1180218011140823,25,15186,9069,9023,3909,2009,24,5791,3967,3372,1398,554
quality_4_6_line_1,line,ring,8,full,grid25,211,e71e0bb7db59ba457a89d1fe01237badf5f466bf0eda388e457126ce9e59e809,24,15,0.8936887150630355,25,9496,5954,6620,4347,2227,24,5791,3967,3372,1398,554
quality_4_6_line_1,line,ring,8,full,grid25,223,e71e0bb7db59ba457a89d1fe01237badf5f466bf0eda388e457126ce9e59e809,24,15,0.9100771592929959,25,9602,6011,6722,4262,2285,24,5791,3967,3372,1398,554
quality_4_6_line_1,line,ring,8,full,grid25,227,e71e0bb7db59ba457a89d1fe01237badf5f466bf0eda388e457126ce9e59e809,24,15,0.8974884003400803,25,9274,5839,6716,4082,2199,24,5791,3967,3372,1398,554
quality_4_6_line_1,line,ring,8,full,grid25,229,e71e0bb7db59ba457a89d1fe01237badf5f466bf0eda388e457126ce9e59e809,24,15,0.9006993193179369,25,9638,6031,6666,4315,2156,24,5791,3967,3372,1398,554
quality_4_6_line_1,line,ring,8,full,grid25,233,e71e0bb7db59ba457a89d1fe01237badf5f466bf0eda388e457126ce9e59e809,24,15,0.8962971018627286,25,9505,5964,6703,4263,2219,24,5791,3967,3372,1398,554
quality_4_6_line_1,line,ring,9,full,sherbrooke,211,1cb1fc2a9896f795882aa3dbccb54be790b81b6696e20b6d9966cca39c302fec,24,17,35.16242149891332,127,58385,35046,9627,11735,2651,24,6541,4489,3840,1580,628
quality_4_6_line_1,line,ring,9,full,sherbrooke,223,1cb1fc2a9896f795882aa3dbccb54be790b81b6696e20b6d9966cca39c302fec,24,17,36.95964088011533,127,59554,35447,10148,12445,2835,24,6541,4489,3840,1580,628
quality_4_6_line_1,line,ring,9,full,sherbrooke,227,1cb1fc2a9896f795882aa3dbccb54be790b81b6696e20b6d9966cca39c302fec,24,17,39.98574210098013,127,60807,36514,9976,12867,2844,24,6541,4489,3840,1580,628
quality_4_6_line_1,line,ring,9,full,sherbrooke,229,1cb1fc2a9896f795882aa3dbccb54be790b81b6696e20b6d9966cca39c302fec,24,17,34.900498252827674,127,59867,36014,9800,12372,2739,24,6541,4489,3840,1580,628
quality_4_6_line_1,line,ring,9,full,sherbrooke,233,1cb1fc2a9896f795882aa3dbccb54be790b81b6696e20b6d9966cca39c302fec,24,17,37.35319022089243,127,59249,35354,9966,12114,2824,24,6541,4489,3840,1580,628
quality_4_6_line_1,line,ring,9,full,line25,211,1cb1fc2a9896f795882aa3dbccb54be790b81b6696e20b6d9966cca39c302fec,24,17,1.2713132710196078,25,17397,10389,10504,4418,2274,24,6541,4489,3840,1580,628
quality_4_6_line_1,line,ring,9,full,line25,223,1cb1fc2a9896f795882aa3dbccb54be790b81b6696e20b6d9966cca39c302fec,24,17,1.2700837817974389,25,17626,10503,10400,4609,2303,24,6541,4489,3840,1580,628
quality_4_6_line_1,line,ring,9,full,line25,227,1cb1fc2a9896f795882aa3dbccb54be790b81b6696e20b6d9966cca39c302fec,24,17,1.2822626419365406,25,17070,10198,10414,4534,2299,24,6541,4489,3840,1580,628
quality_4_6_line_1,line,ring,9,full,line25,229,1cb1fc2a9896f795882aa3dbccb54be790b81b6696e20b6d9966cca39c302fec,24,17,1.287415479309857,25,17743,10578,10314,4450,2307,24,6541,4489,3840,1580,628
quality_4_6_line_1,line,ring,9,full,line25,233,1cb1fc2a9896f795882aa3dbccb54be790b81b6696e20b6d9966cca39c302fec,24,17,1.2760593141429126,25,17828,10626,10337,4378,2219,24,6541,4489,3840,1580,628
quality_4_6_line_1,line,ring,9,full,grid25,211,1cb1fc2a9896f795882aa3dbccb54be790b81b6696e20b6d9966cca39c302fec,24,17,1.0218261992558837,25,10760,6748,7722,5079,2651,24,6541,4489,3840,1580,628
quality_4_6_line_1,line,ring,9,full,grid25,223,1cb1fc2a9896f795882aa3dbccb54be790b81b6696e20b6d9966cca39c302fec,24,17,1.0260170991532505,25,10574,6660,7752,4825,2471,24,6541,4489,3840,1580,628
quality_4_6_line_1,line,ring,9,full,grid25,227,1cb1fc2a9896f795882aa3dbccb54be790b81b6696e20b6d9966cca39c302fec,24,17,1.022641068790108,25,10498,6615,7737,5244,2692,24,6541,4489,3840,1580,628
quality_4_6_line_1,line,ring,9,full,grid25,229,1cb1fc2a9896f795882aa3dbccb54be790b81b6696e20b6d9966cca39c302fec,24,17,1.023521431721747,25,10757,6759,7640,4709,2536,24,6541,4489,3840,1580,628
quality_4_6_line_1,line,ring,9,full,grid25,233,1cb1fc2a9896f795882aa3dbccb54be790b81b6696e20b6d9966cca39c302fec,24,17,1.0212051519192755,25,10654,6695,7661,4857,2503,24,6541,4489,3840,1580,628
quality_4_6_line_1,line,ring,10,full,sherbrooke,211,db7f294f3216de33d87840b996fc5d6737dee1e65ac426d83ea8af08417c7991,24,19,48.54723800905049,127,67293,40130,11307,14039,3204,24,7291,5011,4308,1762,702
quality_4_6_line_1,line,ring,10,full,sherbrooke,223,db7f294f3216de33d87840b996fc5d6737dee1e65ac426d83ea8af08417c7991,24,19,46.00614899536595,127,65892,39307,11108,13992,3241,24,7291,5011,4308,1762,702
quality_4_6_line_1,line,ring,10,full,sherbrooke,227,db7f294f3216de33d87840b996fc5d6737dee1e65ac426d83ea8af08417c7991,24,19,45.78233935078606,127,68791,41371,11175,15064,3303,24,7291,5011,4308,1762,702
quality_4_6_line_1,line,ring,10,full,sherbrooke,229,db7f294f3216de33d87840b996fc5d6737dee1e65ac426d83ea8af08417c7991,24,19,50.12204886227846,127,66047,39359,11259,14113,3342,24,7291,5011,4308,1762,702
quality_4_6_line_1,line,ring,10,full,sherbrooke,233,db7f294f3216de33d87840b996fc5d6737dee1e65ac426d83ea8af08417c7991,24,19,46.833088756073266,127,67665,40635,11244,13483,3079,24,7291,5011,4308,1762,702
quality_4_6_line_1,line,ring,10,full,line25,211,db7f294f3216de33d87840b996fc5d6737dee1e65ac426d83ea8af08417c7991,24,19,1.9308960200287402,25,20106,11974,11651,5030,2596,24,7291,5011,4308,1762,702
quality_4_6_line_1,line,ring,10,full,line25,223,db7f294f3216de33d87840b996fc5d6737dee1e65ac426d83ea8af08417c7991,24,19,1.961308951023966,25,19775,11793,11747,5121,2641,24,7291,5011,4308,1762,702
quality_4_6_line_1,line,ring,10,full,line25,227,db7f294f3216de33d87840b996fc5d6737dee1e65ac426d83ea8af08417c7991,24,19,1.9435455738566816,25,19487,11638,11550,5026,2647,24,7291,5011,4308,1762,702
quality_4_6_line_1,line,ring,10,full,line25,229,db7f294f3216de33d87840b996fc5d6737dee1e65ac426d83ea8af08417c7991,24,19,1.9728302569128573,25,20188,12019,11641,5034,2558,24,7291,5011,4308,1762,702
quality_4_6_line_1,line,ring,10,full,line25,233,db7f294f3216de33d87840b996fc5d6737dee1e65ac426d83ea8af08417c7991,24,19,2.0427980171516538,25,19866,11833,11686,5082,2625,24,7291,5011,4308,1762,702
quality_4_6_line_1,line,ring,10,full,grid25,211,db7f294f3216de33d87840b996fc5d6737dee1e65ac426d83ea8af08417c7991,24,19,1.5407206430099905,25,12157,7626,8632,5369,2812,24,7291,5011,4308,1762,702
quality_4_6_line_1,line,ring,10,full,grid25,223,db7f294f3216de33d87840b996fc5d6737dee1e65ac426d83ea8af08417c7991,24,19,1.3873758730478585,25,11883,7472,8606,5426,2846,24,7291,5011,4308,1762,702
quality_4_6_line_1,line,ring,10,full,grid25,227,db7f294f3216de33d87840b996fc5d6737dee1e65ac426d83ea8af08417c7991,24,19,1.128021189942956,25,12201,7650,8615,5581,2903,24,7291,5011,4308,1762,702
quality_4_6_line_1,line,ring,10,full,grid25,229,db7f294f3216de33d87840b996fc5d6737dee1e65ac426d83ea8af08417c7991,24,19,1.1324007040821016,25,12299,7707,8641,5432,2832,24,7291,5011,4308,1762,702
quality_4_6_line_1,line,ring,10,full,grid25,233,db7f294f3216de33d87840b996fc5d6737dee1e65ac426d83ea8af08417c7991,24,19,1.128240051213652,25,12440,7786,8564,5480,2855,24,7291,5011,4308,1762,702
quality_4_6_line_1,line,ring,11,full,sherbrooke,211,211fbaf8a04aa31a5215e2902dbab56942f962778888d1ab407ed443e216846b,24,21,54.97665549907833,127,74328,44260,12628,15383,3563,24,8041,5533,4776,1944,776
quality_4_6_line_1,line,ring,11,full,sherbrooke,223,211fbaf8a04aa31a5215e2902dbab56942f962778888d1ab407ed443e216846b,24,21,56.57950895698741,127,74301,44476,12351,15710,3503,24,8041,5533,4776,1944,776
quality_4_6_line_1,line,ring,11,full,sherbrooke,227,211fbaf8a04aa31a5215e2902dbab56942f962778888d1ab407ed443e216846b,24,21,57.093845412135124,127,74445,44512,12422,14919,3392,24,8041,5533,4776,1944,776
quality_4_6_line_1,line,ring,11,full,sherbrooke,229,211fbaf8a04aa31a5215e2902dbab56942f962778888d1ab407ed443e216846b,24,21,56.74172408366576,127,75897,45480,12701,16168,3740,24,8041,5533,4776,1944,776
quality_4_6_line_1,line,ring,11,full,sherbrooke,233,211fbaf8a04aa31a5215e2902dbab56942f962778888d1ab407ed443e216846b,24,21,54.7962360419333,127,73888,44190,12471,15613,3618,24,8041,5533,4776,1944,776
quality_4_6_line_1,line,ring,11,full,line25,211,211fbaf8a04aa31a5215e2902dbab56942f962778888d1ab407ed443e216846b,24,21,1.6018184968270361,25,21627,12908,13169,5665,2904,24,8041,5533,4776,1944,776
quality_4_6_line_1,line,ring,11,full,line25,223,211fbaf8a04aa31a5215e2902dbab56942f962778888d1ab407ed443e216846b,24,21,1.5940028605982661,25,21146,12649,12915,5441,2893,24,8041,5533,4776,1944,776
quality_4_6_line_1,line,ring,11,full,line25,227,211fbaf8a04aa31a5215e2902dbab56942f962778888d1ab407ed443e216846b,24,21,1.5910588018596172,25,21303,12736,12979,5487,2870,24,8041,5533,4776,1944,776
quality_4_6_line_1,line,ring,11,full,line25,229,211fbaf8a04aa31a5215e2902dbab56942f962778888d1ab407ed443e216846b,24,21,1.6036135382018983,25,21395,12788,13274,5579,3031,24,8041,5533,4776,1944,776
quality_4_6_line_1,line,ring,11,full,line25,233,211fbaf8a04aa31a5215e2902dbab56942f962778888d1ab407ed443e216846b,24,21,1.708762793801725,25,21705,12951,13194,5681,2900,24,8041,5533,4776,1944,776
quality_4_6_line_1,line,ring,11,full,grid25,211,211fbaf8a04aa31a5215e2902dbab56942f962778888d1ab407ed443e216846b,24,21,1.287353544961661,25,13641,8538,9630,6278,3302,24,8041,5533,4776,1944,776
quality_4_6_line_1,line,ring,11,full,grid25,223,211fbaf8a04aa31a5215e2902dbab56942f962778888d1ab407ed443e216846b,24,21,1.277067048009485,25,13586,8516,9547,6387,3288,24,8041,5533,4776,1944,776
quality_4_6_line_1,line,ring,11,full,grid25,227,211fbaf8a04aa31a5215e2902dbab56942f962778888d1ab407ed443e216846b,24,21,1.2810465111397207,25,13594,8517,9553,6105,3045,24,8041,5533,4776,1944,776
quality_4_6_line_1,line,ring,11,full,grid25,229,211fbaf8a04aa31a5215e2902dbab56942f962778888d1ab407ed443e216846b,24,21,1.2817556126974523,25,13346,8384,9641,6117,3129,24,8041,5533,4776,1944,776
quality_4_6_line_1,line,ring,11,full,grid25,233,211fbaf8a04aa31a5215e2902dbab56942f962778888d1ab407ed443e216846b,24,21,1.2770391562953591,25,13468,8445,9559,5902,3139,24,8041,5533,4776,1944,776
quality_4_6_line_1,line,ring,12,full,sherbrooke,211,70069a0e33e80908f3d53b7eac72e55a1bab5c728de468bc3e05f86c57a7b5e4,24,23,69.83244014391676,127,82114,49235,13540,16634,3801,24,8791,6055,5244,2126,850
quality_4_6_line_1,line,ring,12,full,sherbrooke,223,70069a0e33e80908f3d53b7eac72e55a1bab5c728de468bc3e05f86c57a7b5e4,24,23,68.88598544476554,127,80872,48422,13589,16214,3732,24,8791,6055,5244,2126,850
quality_4_6_line_1,line,ring,12,full,sherbrooke,227,70069a0e33e80908f3d53b7eac72e55a1bab5c728de468bc3e05f86c57a7b5e4,24,23,77.02810142934322,127,82851,49414,13873,17607,3969,24,8791,6055,5244,2126,850
quality_4_6_line_1,line,ring,12,full,sherbrooke,229,70069a0e33e80908f3d53b7eac72e55a1bab5c728de468bc3e05f86c57a7b5e4,24,23,69.41144080739468,127,81931,48976,13618,16956,3817,24,8791,6055,5244,2126,850
quality_4_6_line_1,line,ring,12,full,sherbrooke,233,70069a0e33e80908f3d53b7eac72e55a1bab5c728de468bc3e05f86c57a7b5e4,24,23,75.14166686218232,127,82817,49337,14021,16489,3770,24,8791,6055,5244,2126,850
quality_4_6_line_1,line,ring,12,full,line25,211,70069a0e33e80908f3d53b7eac72e55a1bab5c728de468bc3e05f86c57a7b5e4,24,23,1.7443231609649956,25,23880,14252,14627,6363,3352,24,8791,6055,5244,2126,850
quality_4_6_line_1,line,ring,12,full,line25,223,70069a0e33e80908f3d53b7eac72e55a1bab5c728de468bc3e05f86c57a7b5e4,24,23,1.7313986108638346,25,23370,13969,14359,6145,3207,24,8791,6055,5244,2126,850
quality_4_6_line_1,line,ring,12,full,line25,227,70069a0e33e80908f3d53b7eac72e55a1bab5c728de468bc3e05f86c57a7b5e4,24,23,1.846262068953365,25,23498,14041,14552,6293,3207,24,8791,6055,5244,2126,850
quality_4_6_line_1,line,ring,12,full,line25,229,70069a0e33e80908f3d53b7eac72e55a1bab5c728de468bc3e05f86c57a7b5e4,24,23,1.7424991060979664,25,23712,14158,14479,6267,3232,24,8791,6055,5244,2126,850
quality_4_6_line_1,line,ring,12,full,line25,233,70069a0e33e80908f3d53b7eac72e55a1bab5c728de468bc3e05f86c57a7b5e4,24,23,1.738816691096872,25,23616,14101,14356,6451,3338,24,8791,6055,5244,2126,850
quality_4_6_line_1,line,ring,12,full,grid25,211,70069a0e33e80908f3d53b7eac72e55a1bab5c728de468bc3e05f86c57a7b5e4,24,23,1.3916301620192826,25,14671,9207,10697,6758,3535,24,8791,6055,5244,2126,850
quality_4_6_line_1,line,ring,12,full,grid25,223,70069a0e33e80908f3d53b7eac72e55a1bab5c728de468bc3e05f86c57a7b5e4,24,23,1.3867728509940207,25,14232,8979,10653,6826,3562,24,8791,6055,5244,2126,850
quality_4_6_line_1,line,ring,12,full,grid25,227,70069a0e33e80908f3d53b7eac72e55a1bab5c728de468bc3e05f86c57a7b5e4,24,23,1.38651834288612,25,14322,9028,10546,6792,3538,24,8791,6055,5244,2126,850
quality_4_6_line_1,line,ring,12,full,grid25,229,70069a0e33e80908f3d53b7eac72e55a1bab5c728de468bc3e05f86c57a7b5e4,24,23,1.3848349619656801,25,14109,8914,10716,6749,3620,24,8791,6055,5244,2126,850
quality_4_6_line_1,line,ring,12,full,grid25,233,70069a0e33e80908f3d53b7eac72e55a1bab5c728de468bc3e05f86c57a7b5e4,24,23,1.39070183923468,25,14427,9077,10608,6838,3543,24,8791,6055,5244,2126,850
quality_4_6_line_2,line,serial,3,full,sherbrooke,211,88f3cb871602bc3f1350794752bd492b18f8b89731aa8442baa2db4680132f35,19,5,3.066096435766667,127,16099,9446,2835,7491,1766,19,1393,1091,985,1246,734
quality_4_6_line_2,line,serial,3,full,sherbrooke,223,88f3cb871602bc3f1350794752bd492b18f8b89731aa8442baa2db4680132f35,19,5,2.9655119022354484,127,16194,9550,2797,7647,1759,19,1393,1091,985,1246,734
quality_4_6_line_2,line,serial,3,full,sherbrooke,227,88f3cb871602bc3f1350794752bd492b18f8b89731aa8442baa2db4680132f35,19,5,3.0001385370269418,127,16490,9741,2863,7873,1833,19,1393,1091,985,1246,734
quality_4_6_line_2,line,serial,3,full,sherbrooke,229,88f3cb871602bc3f1350794752bd492b18f8b89731aa8442baa2db4680132f35,19,5,2.9560205987654626,127,16340,9587,2853,8015,1835,19,1393,1091,985,1246,734
quality_4_6_line_2,line,serial,3,full,sherbrooke,233,88f3cb871602bc3f1350794752bd492b18f8b89731aa8442baa2db4680132f35,19,5,2.922551589086652,127,15942,9393,2787,7687,1826,19,1393,1091,985,1246,734
quality_4_6_line_2,line,serial,3,full,line25,211,88f3cb871602bc3f1350794752bd492b18f8b89731aa8442baa2db4680132f35,19,5,0.2029865407384932,25,2540,1714,2931,2776,1826,19,1393,1091,985,1246,734
quality_4_6_line_2,line,serial,3,full,line25,223,88f3cb871602bc3f1350794752bd492b18f8b89731aa8442baa2db4680132f35,19,5,0.19728424306958914,25,2576,1730,2952,2821,1855,19,1393,1091,985,1246,734
quality_4_6_line_2,line,serial,3,full,line25,227,88f3cb871602bc3f1350794752bd492b18f8b89731aa8442baa2db4680132f35,19,5,0.19531040592119098,25,2493,1683,2937,2799,1848,19,1393,1091,985,1246,734
quality_4_6_line_2,line,serial,3,full,line25,229,88f3cb871602bc3f1350794752bd492b18f8b89731aa8442baa2db4680132f35,19,5,0.19813231518492103,25,2534,1711,2877,2805,1818,19,1393,1091,985,1246,734
quality_4_6_line_2,line,serial,3,full,line25,233,88f3cb871602bc3f1350794752bd492b18f8b89731aa8442baa2db4680132f35,19,5,0.19862163485959172,25,2618,1761,2945,2858,1869,19,1393,1091,985,1246,734
quality_4_6_line_2,line,serial,3,full,grid25,211,88f3cb871602bc3f1350794752bd492b18f8b89731aa8442baa2db4680132f35,19,5,0.1865346860140562,25,2047,1443,2017,2131,1342,19,1393,1091,985,1246,734
quality_4_6_line_2,line,serial,3,full,grid25,223,88f3cb871602bc3f1350794752bd492b18f8b89731aa8442baa2db4680132f35,19,5,0.18733690306544304,25,2007,1429,2098,2207,1423,19,1393,1091,985,1246,734
quality_4_6_line_2,line,serial,3,full,grid25,227,88f3cb871602bc3f1350794752bd492b18f8b89731aa8442baa2db4680132f35,19,5,0.20494154188781977,25,2022,1425,2050,2174,1364,19,1393,1091,985,1246,734
quality_4_6_line_2,line,serial,3,full,grid25,229,88f3cb871602bc3f1350794752bd492b18f8b89731aa8442baa2db4680132f35,19,5,0.20584429800510406,25,2097,1458,2046,2177,1361,19,1393,1091,985,1246,734
quality_4_6_line_2,line,serial,3,full,grid25,233,88f3cb871602bc3f1350794752bd492b18f8b89731aa8442baa2db4680132f35,19,5,0.1882928879931569,25,2052,1442,1997,2305,1409,19,1393,1091,985,1246,734
quality_4_6_line_2,line,complete,1,full,sherbrooke,211,aae165753d937b992a7708901704bdf8cdd0216fb08ce8d78bf3615d69d69abe,24,1,0.23693812685087323,127,2423,1485,324,664,117,24,1081,637,240,147,36
quality_4_6_line_2,line,complete,1,full,sherbrooke,223,aae165753d937b992a7708901704bdf8cdd0216fb08ce8d78bf3615d69d69abe,24,1,0.061766769737005234,127,2547,1557,328,394,68,24,1081,637,240,147,36
quality_4_6_line_2,line,complete,1,full,sherbrooke,227,aae165753d937b992a7708901704bdf8cdd0216fb08ce8d78bf3615d69d69abe,24,1,0.06544782174751163,127,2467,1516,314,391,67,24,1081,637,240,147,36
quality_4_6_line_2,line,complete,1,full,sherbrooke,229,aae165753d937b992a7708901704bdf8cdd0216fb08ce8d78bf3615d69d69abe,24,1,0.08152208663523197,127,2512,1529,320,416,70,24,1081,637,240,147,36
quality_4_6_line_2,line,complete,1,full,sherbrooke,233,aae165753d937b992a7708901704bdf8cdd0216fb08ce8d78bf3615d69d69abe,24,1,0.08043524622917175,127,2374,1461,311,374,59,24,1081,637,240,147,36
quality_4_6_line_2,line,complete,1,full,line25,211,aae165753d937b992a7708901704bdf8cdd0216fb08ce8d78bf3615d69d69abe,24,1,0.04191696410998702,25,1501,861,300,185,47,24,1081,637,240,147,36
quality_4_6_line_2,line,complete,1,full,line25,223,aae165753d937b992a7708901704bdf8cdd0216fb08ce8d78bf3615d69d69abe,24,1,0.04082652693614364,25,1491,856,306,188,52,24,1081,637,240,147,36
quality_4_6_line_2,line,complete,1,full,line25,227,aae165753d937b992a7708901704bdf8cdd0216fb08ce8d78bf3615d69d69abe,24,1,0.04177464731037617,25,1440,828,324,205,58,24,1081,637,240,147,36
quality_4_6_line_2,line,complete,1,full,line25,229,aae165753d937b992a7708901704bdf8cdd0216fb08ce8d78bf3615d69d69abe,24,1,0.04149294784292579,25,1481,851,312,188,52,24,1081,637,240,147,36
quality_4_6_line_2,line,complete,1,full,line25,233,aae165753d937b992a7708901704bdf8cdd0216fb08ce8d78bf3615d69d69abe,24,1,0.041319682728499174,25,1463,840,318,198,55,24,1081,637,240,147,36
quality_4_6_line_2,line,complete,1,full,grid25,211,aae165753d937b992a7708901704bdf8cdd0216fb08ce8d78bf3615d69d69abe,24,1,0.04163725906983018,25,1261,726,293,207,60,24,1081,637,240,147,36
quality_4_6_line_2,line,complete,1,full,grid25,223,aae165753d937b992a7708901704bdf8cdd0216fb08ce8d78bf3615d69d69abe,24,1,0.0422086319886148,25,1274,734,297,217,63,24,1081,637,240,147,36
quality_4_6_line_2,line,complete,1,full,grid25,227,aae165753d937b992a7708901704bdf8cdd0216fb08ce8d78bf3615d69d69abe,24,1,0.04136255383491516,25,1261,723,297,206,60,24,1081,637,240,147,36
quality_4_6_line_2,line,complete,1,full,grid25,229,aae165753d937b992a7708901704bdf8cdd0216fb08ce8d78bf3615d69d69abe,24,1,0.0409378157928586,25,1245,716,298,229,64,24,1081,637,240,147,36
quality_4_6_line_2,line,complete,1,full,grid25,233,aae165753d937b992a7708901704bdf8cdd0216fb08ce8d78bf3615d69d69abe,24,1,0.041615859139710665,25,1276,734,301,212,63,24,1081,637,240,147,36
quality_4_6_line_2,line,complete,2,full,sherbrooke,211,dcc8b6e05b352aab72f3ad86da14a3a3b682fac384000702ae03265ec573ad5e,24,3,1.2590265083126724,127,9891,5976,1515,2191,455,24,2341,1453,792,361,116
quality_4_6_line_2,line,complete,2,full,sherbrooke,223,dcc8b6e05b352aab72f3ad86da14a3a3b682fac384000702ae03265ec573ad5e,24,3,0.9909559581428766,127,9819,5931,1515,1808,370,24,2341,1453,792,361,116
quality_4_6_line_2,line,complete,2,full,sherbrooke,227,dcc8b6e05b352aab72f3ad86da14a3a3b682fac384000702ae03265ec573ad5e,24,3,1.021694771014154,127,10069,6144,1462,1948,383,24,2341,1453,792,361,116
quality_4_6_line_2,line,complete,2,full,sherbrooke,229,dcc8b6e05b352aab72f3ad86da14a3a3b682fac384000702ae03265ec573ad5e,24,3,1.0714552751742303,127,10472,6374,1559,2355,461,24,2341,1453,792,361,116
quality_4_6_line_2,line,complete,2,full,sherbrooke,233,dcc8b6e05b352aab72f3ad86da14a3a3b682fac384000702ae03265ec573ad5e,24,3,0.9930298426188529,127,10069,6117,1483,1942,402,24,2341,1453,792,361,116
quality_4_6_line_2,line,complete,2,full,line25,211,dcc8b6e05b352aab72f3ad86da14a3a3b682fac384000702ae03265ec573ad5e,24,3,0.2367005911655724,25,4466,2589,1577,970,364,24,2341,1453,792,361,116
quality_4_6_line_2,line,complete,2,full,line25,223,dcc8b6e05b352aab72f3ad86da14a3a3b682fac384000702ae03265ec573ad5e,24,3,0.23401532927528024,25,4277,2484,1608,814,344,24,2341,1453,792,361,116
quality_4_6_line_2,line,complete,2,full,line25,227,dcc8b6e05b352aab72f3ad86da14a3a3b682fac384000702ae03265ec573ad5e,24,3,0.23325995029881597,25,4446,2587,1585,825,323,24,2341,1453,792,361,116
quality_4_6_line_2,line,complete,2,full,line25,229,dcc8b6e05b352aab72f3ad86da14a3a3b682fac384000702ae03265ec573ad5e,24,3,0.23638777388259768,25,4390,2549,1579,841,327,24,2341,1453,792,361,116
quality_4_6_line_2,line,complete,2,full,line25,233,dcc8b6e05b352aab72f3ad86da14a3a3b682fac384000702ae03265ec573ad5e,24,3,0.22920964378863573,25,4512,2621,1566,897,332,24,2341,1453,792,361,116
quality_4_6_line_2,line,complete,2,full,grid25,211,dcc8b6e05b352aab72f3ad86da14a3a3b682fac384000702ae03265ec573ad5e,24,3,0.1953012589365244,25,3220,1905,1277,1187,405,24,2341,1453,792,361,116
quality_4_6_line_2,line,complete,2,full,grid25,223,dcc8b6e05b352aab72f3ad86da14a3a3b682fac384000702ae03265ec573ad5e,24,3,0.1986893112771213,25,3041,1807,1342,1035,429,24,2341,1453,792,361,116
quality_4_6_line_2,line,complete,2,full,grid25,227,dcc8b6e05b352aab72f3ad86da14a3a3b682fac384000702ae03265ec573ad5e,24,3,0.19922127109020948,25,3165,1876,1289,1179,463,24,2341,1453,792,361,116
quality_4_6_line_2,line,complete,2,full,grid25,229,dcc8b6e05b352aab72f3ad86da14a3a3b682fac384000702ae03265ec573ad5e,24,3,0.19768137810751796,25,3146,1869,1303,1067,434,24,2341,1453,792,361,116
quality_4_6_line_2,line,complete,2,full,grid25,233,dcc8b6e05b352aab72f3ad86da14a3a3b682fac384000702ae03265ec573ad5e,24,3,0.18540304200723767,25,2997,1784,1294,910,397,24,2341,1453,792,361,116
quality_4_6_line_2,line,complete,3,full,sherbrooke,211,e70d4fb797f6164d6147b65eb8d52726a41ca7e95d59282e63f4e78e24562d06,24,5,3.3910714448429644,127,18053,10858,2850,3592,794,24,3601,2269,1344,557,184
quality_4_6_line_2,line,complete,3,full,sherbrooke,223,e70d4fb797f6164d6147b65eb8d52726a41ca7e95d59282e63f4e78e24562d06,24,5,3.461340770125389,127,18542,11168,2910,3780,805,24,3601,2269,1344,557,184
quality_4_6_line_2,line,complete,3,full,sherbrooke,227,e70d4fb797f6164d6147b65eb8d52726a41ca7e95d59282e63f4e78e24562d06,24,5,3.7793798740021884,127,18612,11212,2892,3389,705,24,3601,2269,1344,557,184
quality_4_6_line_2,line,complete,3,full,sherbrooke,229,e70d4fb797f6164d6147b65eb8d52726a41ca7e95d59282e63f4e78e24562d06,24,5,3.1253019156865776,127,18821,11361,2980,4216,891,24,3601,2269,1344,557,184
quality_4_6_line_2,line,complete,3,full,sherbrooke,233,e70d4fb797f6164d6147b65eb8d52726a41ca7e95d59282e63f4e78e24562d06,24,5,3.364917191211134,127,18553,11220,2873,3539,763,24,3601,2269,1344,557,184
quality_4_6_line_2,line,complete,3,full,line25,211,e70d4fb797f6164d6147b65eb8d52726a41ca7e95d59282e63f4e78e24562d06,24,5,0.4095227066427469,25,7388,4303,2962,1599,652,24,3601,2269,1344,557,184
quality_4_6_line_2,line,complete,3,full,line25,223,e70d4fb797f6164d6147b65eb8d52726a41ca7e95d59282e63f4e78e24562d06,24,5,0.4133305880241096,25,7362,4293,2959,1474,617,24,3601,2269,1344,557,184
quality_4_6_line_2,line,complete,3,full,line25,227,e70d4fb797f6164d6147b65eb8d52726a41ca7e95d59282e63f4e78e24562d06,24,5,0.4168479130603373,25,7304,4258,2976,1510,635,24,3601,2269,1344,557,184
quality_4_6_line_2,line,complete,3,full,line25,229,e70d4fb797f6164d6147b65eb8d52726a41ca7e95d59282e63f4e78e24562d06,24,5,0.41647062497213483,25,7227,4211,3124,1481,577,24,3601,2269,1344,557,184
quality_4_6_line_2,line,complete,3,full,line25,233,e70d4fb797f6164d6147b65eb8d52726a41ca7e95d59282e63f4e78e24562d06,24,5,0.40942880092188716,25,7370,4293,2965,1430,597,24,3601,2269,1344,557,184
quality_4_6_line_2,line,complete,3,full,grid25,211,e70d4fb797f6164d6147b65eb8d52726a41ca7e95d59282e63f4e78e24562d06,24,5,0.33883213996887207,25,4817,2903,2432,1747,764,24,3601,2269,1344,557,184
quality_4_6_line_2,line,complete,3,full,grid25,223,e70d4fb797f6164d6147b65eb8d52726a41ca7e95d59282e63f4e78e24562d06,24,5,0.3364450070075691,25,4933,2960,2399,1840,770,24,3601,2269,1344,557,184
quality_4_6_line_2,line,complete,3,full,grid25,227,e70d4fb797f6164d6147b65eb8d52726a41ca7e95d59282e63f4e78e24562d06,24,5,0.3369206301867962,25,5155,3080,2346,1634,703,24,3601,2269,1344,557,184
quality_4_6_line_2,line,complete,3,full,grid25,229,e70d4fb797f6164d6147b65eb8d52726a41ca7e95d59282e63f4e78e24562d06,24,5,0.33980249240994453,25,4956,2969,2382,1982,751,24,3601,2269,1344,557,184
quality_4_6_line_2,line,complete,3,full,grid25,233,e70d4fb797f6164d6147b65eb8d52726a41ca7e95d59282e63f4e78e24562d06,24,5,0.33757545007392764,25,5008,2994,2405,1665,769,24,3601,2269,1344,557,184
quality_4_6_line_2,line,complete,4,full,sherbrooke,211,187fddcd3056c460ccdaff876ee6fef21cfee5be4bc1579c4f24903c93245022,24,7,7.126119388733059,127,26911,16175,4313,6025,1297,24,4861,3085,1896,753,252
quality_4_6_line_2,line,complete,4,full,sherbrooke,223,187fddcd3056c460ccdaff876ee6fef21cfee5be4bc1579c4f24903c93245022,24,7,6.475956613197923,127,26629,15966,4307,4932,1074,24,4861,3085,1896,753,252
quality_4_6_line_2,line,complete,4,full,sherbrooke,227,187fddcd3056c460ccdaff876ee6fef21cfee5be4bc1579c4f24903c93245022,24,7,7.122686854097992,127,26617,15947,4275,5486,1187,24,4861,3085,1896,753,252
quality_4_6_line_2,line,complete,4,full,sherbrooke,229,187fddcd3056c460ccdaff876ee6fef21cfee5be4bc1579c4f24903c93245022,24,7,7.395374003332108,127,27094,16240,4379,5536,1195,24,4861,3085,1896,753,252
quality_4_6_line_2,line,complete,4,full,sherbrooke,233,187fddcd3056c460ccdaff876ee6fef21cfee5be4bc1579c4f24903c93245022,24,7,6.966131815221161,127,27276,16417,4330,5523,1181,24,4861,3085,1896,753,252
quality_4_6_line_2,line,complete,4,full,line25,211,187fddcd3056c460ccdaff876ee6fef21cfee5be4bc1579c4f24903c93245022,24,7,0.6135760108008981,25,10084,5889,4447,2176,943,24,4861,3085,1896,753,252
quality_4_6_line_2,line,complete,4,full,line25,223,187fddcd3056c460ccdaff876ee6fef21cfee5be4bc1579c4f24903c93245022,24,7,0.6027095457538962,25,10031,5856,4458,2309,957,24,4861,3085,1896,753,252
quality_4_6_line_2,line,complete,4,full,line25,227,187fddcd3056c460ccdaff876ee6fef21cfee5be4bc1579c4f24903c93245022,24,7,0.6111330538988113,25,9707,5678,4584,2453,1024,24,4861,3085,1896,753,252
quality_4_6_line_2,line,complete,4,full,line25,229,187fddcd3056c460ccdaff876ee6fef21cfee5be4bc1579c4f24903c93245022,24,7,0.6103197168558836,25,9978,5828,4411,2214,978,24,4861,3085,1896,753,252
quality_4_6_line_2,line,complete,4,full,line25,233,187fddcd3056c460ccdaff876ee6fef21cfee5be4bc1579c4f24903c93245022,24,7,0.5994881372898817,25,9982,5829,4479,2147,902,24,4861,3085,1896,753,252
quality_4_6_line_2,line,complete,4,full,grid25,211,187fddcd3056c460ccdaff876ee6fef21cfee5be4bc1579c4f24903c93245022,24,7,0.49423024617135525,25,7075,4226,3454,2642,1082,24,4861,3085,1896,753,252
quality_4_6_line_2,line,complete,4,full,grid25,223,187fddcd3056c460ccdaff876ee6fef21cfee5be4bc1579c4f24903c93245022,24,7,0.4949583439156413,25,6849,4108,3466,2808,1242,24,4861,3085,1896,753,252
quality_4_6_line_2,line,complete,4,full,grid25,227,187fddcd3056c460ccdaff876ee6fef21cfee5be4bc1579c4f24903c93245022,24,7,0.4916935721412301,25,7010,4199,3434,2390,1039,24,4861,3085,1896,753,252
quality_4_6_line_2,line,complete,4,full,grid25,229,187fddcd3056c460ccdaff876ee6fef21cfee5be4bc1579c4f24903c93245022,24,7,0.49366009468212724,25,7044,4221,3405,2298,1031,24,4861,3085,1896,753,252
quality_4_6_line_2,line,complete,4,full,grid25,233,187fddcd3056c460ccdaff876ee6fef21cfee5be4bc1579c4f24903c93245022,24,7,0.48939961520954967,25,7310,4367,3365,2368,1012,24,4861,3085,1896,753,252
quality_4_6_line_2,line,complete,5,full,sherbrooke,211,f3b8a53da480588c742977f2f56c7c91fc64180588c4936a9047660863baf171,24,9,10.673677305225283,127,35011,21001,5576,7578,1654,24,6121,3901,2448,949,320
quality_4_6_line_2,line,complete,5,full,sherbrooke,223,f3b8a53da480588c742977f2f56c7c91fc64180588c4936a9047660863baf171,24,9,11.432471845764667,127,35001,20934,5650,7213,1605,24,6121,3901,2448,949,320
quality_4_6_line_2,line,complete,5,full,sherbrooke,227,f3b8a53da480588c742977f2f56c7c91fc64180588c4936a9047660863baf171,24,9,13.260005756281316,127,35892,21607,5735,7341,1588,24,6121,3901,2448,949,320
quality_4_6_line_2,line,complete,5,full,sherbrooke,229,f3b8a53da480588c742977f2f56c7c91fc64180588c4936a9047660863baf171,24,9,12.283944676164538,127,35270,21161,5754,7115,1586,24,6121,3901,2448,949,320
quality_4_6_line_2,line,complete,5,full,sherbrooke,233,f3b8a53da480588c742977f2f56c7c91fc64180588c4936a9047660863baf171,24,9,12.677377979736775,127,35185,21078,5694,6818,1492,24,6121,3901,2448,949,320
quality_4_6_line_2,line,complete,5,full,line25,211,f3b8a53da480588c742977f2f56c7c91fc64180588c4936a9047660863baf171,24,9,0.7951009012758732,25,12632,7395,5935,3031,1347,24,6121,3901,2448,949,320
quality_4_6_line_2,line,complete,5,full,line25,223,f3b8a53da480588c742977f2f56c7c91fc64180588c4936a9047660863baf171,24,9,0.7952152360230684,25,13138,7679,5916,2768,1205,24,6121,3901,2448,949,320
quality_4_6_line_2,line,complete,5,full,line25,227,f3b8a53da480588c742977f2f56c7c91fc64180588c4936a9047660863baf171,24,9,0.7963626910932362,25,12724,7444,5931,2971,1291,24,6121,3901,2448,949,320
quality_4_6_line_2,line,complete,5,full,line25,229,f3b8a53da480588c742977f2f56c7c91fc64180588c4936a9047660863baf171,24,9,0.7959009041078389,25,13037,7625,5865,2797,1232,24,6121,3901,2448,949,320
quality_4_6_line_2,line,complete,5,full,line25,233,f3b8a53da480588c742977f2f56c7c91fc64180588c4936a9047660863baf171,24,9,0.7892978028394282,25,13077,7648,5877,2893,1197,24,6121,3901,2448,949,320
quality_4_6_line_2,line,complete,5,full,grid25,211,f3b8a53da480588c742977f2f56c7c91fc64180588c4936a9047660863baf171,24,9,0.6350016859360039,25,8844,5316,4548,3197,1424,24,6121,3901,2448,949,320
quality_4_6_line_2,line,complete,5,full,grid25,223,f3b8a53da480588c742977f2f56c7c91fc64180588c4936a9047660863baf171,24,9,0.6278168950229883,25,8645,5214,4595,3273,1420,24,6121,3901,2448,949,320
quality_4_6_line_2,line,complete,5,full,grid25,227,f3b8a53da480588c742977f2f56c7c91fc64180588c4936a9047660863baf171,24,9,0.6357196951285005,25,8512,5123,4627,3387,1438,24,6121,3901,2448,949,320
quality_4_6_line_2,line,complete,5,full,grid25,229,f3b8a53da480588c742977f2f56c7c91fc64180588c4936a9047660863baf171,24,9,0.6339502017945051,25,8817,5303,4529,3010,1328,24,6121,3901,2448,949,320
quality_4_6_line_2,line,complete,5,full,grid25,233,f3b8a53da480588c742977f2f56c7c91fc64180588c4936a9047660863baf171,24,9,0.6292182360775769,25,8725,5246,4466,2968,1346,24,6121,3901,2448,949,320
quality_4_6_line_2,line,complete,6,full,sherbrooke,211,c63526f40da85c61c708a84981b4efc14faf97eeaa22c9ddc90fce510c2619cf,24,11,17.37978066224605,127,43199,25981,7025,8440,1897,24,7381,4717,3000,1145,388
quality_4_6_line_2,line,complete,6,full,sherbrooke,223,c63526f40da85c61c708a84981b4efc14faf97eeaa22c9ddc90fce510c2619cf,24,11,20.959651997312903,127,43906,26231,7186,9558,2100,24,7381,4717,3000,1145,388
quality_4_6_line_2,line,complete,6,full,sherbrooke,227,c63526f40da85c61c708a84981b4efc14faf97eeaa22c9ddc90fce510c2619cf,24,11,18.810988104902208,127,44897,26857,7304,9536,2089,24,7381,4717,3000,1145,388
quality_4_6_line_2,line,complete,6,full,sherbrooke,229,c63526f40da85c61c708a84981b4efc14faf97eeaa22c9ddc90fce510c2619cf,24,11,18.645291598979384,127,44989,26987,7161,9397,1950,24,7381,4717,3000,1145,388
quality_4_6_line_2,line,complete,6,full,sherbrooke,233,c63526f40da85c61c708a84981b4efc14faf97eeaa22c9ddc90fce510c2619cf,24,11,18.344019141048193,127,43892,26307,7109,9341,2003,24,7381,4717,3000,1145,388
quality_4_6_line_2,line,complete,6,full,line25,211,c63526f40da85c61c708a84981b4efc14faf97eeaa22c9ddc90fce510c2619cf,24,11,1.0244057048112154,25,15300,8966,7517,3591,1577,24,7381,4717,3000,1145,388
quality_4_6_line_2,line,complete,6,full,line25,223,c63526f40da85c61c708a84981b4efc14faf97eeaa22c9ddc90fce510c2619cf,24,11,1.0402175467461348,25,15634,9151,7482,3466,1540,24,7381,4717,3000,1145,388
quality_4_6_line_2,line,complete,6,full,line25,227,c63526f40da85c61c708a84981b4efc14faf97eeaa22c9ddc90fce510c2619cf,24,11,1.0453977342694998,25,15445,9050,7442,3459,1537,24,7381,4717,3000,1145,388
quality_4_6_line_2,line,complete,6,full,line25,229,c63526f40da85c61c708a84981b4efc14faf97eeaa22c9ddc90fce510c2619cf,24,11,1.0409545307047665,25,15750,9205,7373,3478,1566,24,7381,4717,3000,1145,388
quality_4_6_line_2,line,complete,6,full,line25,233,c63526f40da85c61c708a84981b4efc14faf97eeaa22c9ddc90fce510c2619cf,24,11,1.0354024153202772,25,15146,8876,7328,3714,1723,24,7381,4717,3000,1145,388
quality_4_6_line_2,line,complete,6,full,grid25,211,c63526f40da85c61c708a84981b4efc14faf97eeaa22c9ddc90fce510c2619cf,24,11,0.8372714216820896,25,10967,6578,5611,4160,1810,24,7381,4717,3000,1145,388
quality_4_6_line_2,line,complete,6,full,grid25,223,c63526f40da85c61c708a84981b4efc14faf97eeaa22c9ddc90fce510c2619cf,24,11,0.832291420083493,25,10712,6448,5598,4265,1749,24,7381,4717,3000,1145,388
quality_4_6_line_2,line,complete,6,full,grid25,227,c63526f40da85c61c708a84981b4efc14faf97eeaa22c9ddc90fce510c2619cf,24,11,0.8420731592923403,25,10728,6466,5586,4071,1694,24,7381,4717,3000,1145,388
quality_4_6_line_2,line,complete,6,full,grid25,229,c63526f40da85c61c708a84981b4efc14faf97eeaa22c9ddc90fce510c2619cf,24,11,0.8357575787231326,25,10841,6523,5621,3845,1815,24,7381,4717,3000,1145,388
quality_4_6_line_2,line,complete,6,full,grid25,233,c63526f40da85c61c708a84981b4efc14faf97eeaa22c9ddc90fce510c2619cf,24,11,0.8400625525973737,25,11542,6904,5505,3669,1548,24,7381,4717,3000,1145,388
quality_4_6_line_2,line,complete,7,full,sherbrooke,211,f6cc3b0f2230d21e7013143b346eb0951687c9ed85a8a7534b368d08e4d072c2,24,13,27.34800976794213,127,52202,31247,8494,10731,2402,24,8641,5533,3552,1341,456
quality_4_6_line_2,line,complete,7,full,sherbrooke,223,f6cc3b0f2230d21e7013143b346eb0951687c9ed85a8a7534b368d08e4d072c2,24,13,25.15179972583428,127,51808,31055,8354,9465,2095,24,8641,5533,3552,1341,456
quality_4_6_line_2,line,complete,7,full,sherbrooke,227,f6cc3b0f2230d21e7013143b346eb0951687c9ed85a8a7534b368d08e4d072c2,24,13,28.15607017604634,127,54401,32735,8567,11906,2465,24,8641,5533,3552,1341,456
quality_4_6_line_2,line,complete,7,full,sherbrooke,229,f6cc3b0f2230d21e7013143b346eb0951687c9ed85a8a7534b368d08e4d072c2,24,13,26.947617668192834,127,52129,31168,8632,10363,2390,24,8641,5533,3552,1341,456
quality_4_6_line_2,line,complete,7,full,sherbrooke,233,f6cc3b0f2230d21e7013143b346eb0951687c9ed85a8a7534b368d08e4d072c2,24,13,27.68044021865353,127,51819,31096,8411,10670,2308,24,8641,5533,3552,1341,456
quality_4_6_line_2,line,complete,7,full,line25,211,f6cc3b0f2230d21e7013143b346eb0951687c9ed85a8a7534b368d08e4d072c2,24,13,1.20683216676116,25,18275,10717,8779,4340,1927,24,8641,5533,3552,1341,456
quality_4_6_line_2,line,complete,7,full,line25,223,f6cc3b0f2230d21e7013143b346eb0951687c9ed85a8a7534b368d08e4d072c2,24,13,1.206075135152787,25,18115,10616,9013,4309,1975,24,8641,5533,3552,1341,456
quality_4_6_line_2,line,complete,7,full,line25,227,f6cc3b0f2230d21e7013143b346eb0951687c9ed85a8a7534b368d08e4d072c2,24,13,1.2082231789827347,25,18294,10718,9036,4202,1901,24,8641,5533,3552,1341,456
quality_4_6_line_2,line,complete,7,full,line25,229,f6cc3b0f2230d21e7013143b346eb0951687c9ed85a8a7534b368d08e4d072c2,24,13,1.2281902539543808,25,17860,10469,8882,4291,1937,24,8641,5533,3552,1341,456
quality_4_6_line_2,line,complete,7,full,line25,233,f6cc3b0f2230d21e7013143b346eb0951687c9ed85a8a7534b368d08e4d072c2,24,13,1.2074329941533506,25,18264,10706,8812,4108,1904,24,8641,5533,3552,1341,456
quality_4_6_line_2,line,complete,7,full,grid25,211,f6cc3b0f2230d21e7013143b346eb0951687c9ed85a8a7534b368d08e4d072c2,24,13,0.9669992928393185,25,13004,7814,6584,4863,2076,24,8641,5533,3552,1341,456
quality_4_6_line_2,line,complete,7,full,grid25,223,f6cc3b0f2230d21e7013143b346eb0951687c9ed85a8a7534b368d08e4d072c2,24,13,0.9706597467884421,25,13033,7838,6688,4675,2073,24,8641,5533,3552,1341,456
quality_4_6_line_2,line,complete,7,full,grid25,227,f6cc3b0f2230d21e7013143b346eb0951687c9ed85a8a7534b368d08e4d072c2,24,13,0.971502039115876,25,12526,7549,6727,4869,2093,24,8641,5533,3552,1341,456
quality_4_6_line_2,line,complete,7,full,grid25,229,f6cc3b0f2230d21e7013143b346eb0951687c9ed85a8a7534b368d08e4d072c2,24,13,0.9647002359852195,25,12760,7666,6722,4848,2111,24,8641,5533,3552,1341,456
quality_4_6_line_2,line,complete,7,full,grid25,233,f6cc3b0f2230d21e7013143b346eb0951687c9ed85a8a7534b368d08e4d072c2,24,13,1.0725306873209774,25,12803,7714,6666,5041,2185,24,8641,5533,3552,1341,456
quality_4_6_line_2,line,complete,8,full,sherbrooke,211,4bc1bb0d2917aa5b51418ea0cddac01986854d626c79f5e9a460312458c67fe3,24,15,34.97757705813274,127,60504,36269,9864,12053,2693,24,9901,6349,4104,1537,524
quality_4_6_line_2,line,complete,8,full,sherbrooke,223,4bc1bb0d2917aa5b51418ea0cddac01986854d626c79f5e9a460312458c67fe3,24,15,35.74171318206936,127,62157,37421,9994,13101,2841,24,9901,6349,4104,1537,524
quality_4_6_line_2,line,complete,8,full,sherbrooke,227,4bc1bb0d2917aa5b51418ea0cddac01986854d626c79f5e9a460312458c67fe3,24,15,37.824670132249594,127,61131,36558,10147,12584,2836,24,9901,6349,4104,1537,524
quality_4_6_line_2,line,complete,8,full,sherbrooke,229,4bc1bb0d2917aa5b51418ea0cddac01986854d626c79f5e9a460312458c67fe3,24,15,37.56806949013844,127,59627,35612,9895,12570,2881,24,9901,6349,4104,1537,524
quality_4_6_line_2,line,complete,8,full,sherbrooke,233,4bc1bb0d2917aa5b51418ea0cddac01986854d626c79f5e9a460312458c67fe3,24,15,40.1456880280748,127,61865,37061,10225,13046,2953,24,9901,6349,4104,1537,524
quality_4_6_line_2,line,complete,8,full,line25,211,4bc1bb0d2917aa5b51418ea0cddac01986854d626c79f5e9a460312458c67fe3,24,15,1.4647782440297306,25,21169,12402,10307,5197,2320,24,9901,6349,4104,1537,524
quality_4_6_line_2,line,complete,8,full,line25,223,4bc1bb0d2917aa5b51418ea0cddac01986854d626c79f5e9a460312458c67fe3,24,15,1.4737822120077908,25,21078,12352,10492,5212,2382,24,9901,6349,4104,1537,524
quality_4_6_line_2,line,complete,8,full,line25,227,4bc1bb0d2917aa5b51418ea0cddac01986854d626c79f5e9a460312458c67fe3,24,15,1.4689069367013872,25,21431,12546,10150,5152,2304,24,9901,6349,4104,1537,524
quality_4_6_line_2,line,complete,8,full,line25,229,4bc1bb0d2917aa5b51418ea0cddac01986854d626c79f5e9a460312458c67fe3,24,15,1.4689504490233958,25,21262,12452,10432,4873,2143,24,9901,6349,4104,1537,524
quality_4_6_line_2,line,complete,8,full,line25,233,4bc1bb0d2917aa5b51418ea0cddac01986854d626c79f5e9a460312458c67fe3,24,15,1.4560344447381794,25,20377,11969,10427,4949,2293,24,9901,6349,4104,1537,524
quality_4_6_line_2,line,complete,8,full,grid25,211,4bc1bb0d2917aa5b51418ea0cddac01986854d626c79f5e9a460312458c67fe3,24,15,1.1854012720286846,25,14863,8944,7828,5456,2375,24,9901,6349,4104,1537,524
quality_4_6_line_2,line,complete,8,full,grid25,223,4bc1bb0d2917aa5b51418ea0cddac01986854d626c79f5e9a460312458c67fe3,24,15,1.1715389611199498,25,14396,8677,7763,5242,2398,24,9901,6349,4104,1537,524
quality_4_6_line_2,line,complete,8,full,grid25,227,4bc1bb0d2917aa5b51418ea0cddac01986854d626c79f5e9a460312458c67fe3,24,15,1.1832140353508294,25,14458,8716,7935,5660,2448,24,9901,6349,4104,1537,524
quality_4_6_line_2,line,complete,8,full,grid25,229,4bc1bb0d2917aa5b51418ea0cddac01986854d626c79f5e9a460312458c67fe3,24,15,1.2900605578906834,25,14426,8704,7806,5421,2473,24,9901,6349,4104,1537,524
quality_4_6_line_2,line,complete,8,full,grid25,233,4bc1bb0d2917aa5b51418ea0cddac01986854d626c79f5e9a460312458c67fe3,24,15,1.177986258175224,25,14677,8846,7696,5535,2530,24,9901,6349,4104,1537,524
quality_4_6_line_2,line,complete,9,full,sherbrooke,211,5bc5ad8c6a40d45bb854f9275f455c584ca750e99bc95c08efcca024827e7d41,24,17,44.68108906317502,127,69262,41482,11299,14174,3147,24,11161,7165,4656,1733,592
quality_4_6_line_2,line,complete,9,full,sherbrooke,223,5bc5ad8c6a40d45bb854f9275f455c584ca750e99bc95c08efcca024827e7d41,24,17,46.870207550004125,127,69594,41675,11463,14218,3162,24,11161,7165,4656,1733,592
quality_4_6_line_2,line,complete,9,full,sherbrooke,227,5bc5ad8c6a40d45bb854f9275f455c584ca750e99bc95c08efcca024827e7d41,24,17,47.46941068070009,127,72679,43742,11474,14439,3036,24,11161,7165,4656,1733,592
quality_4_6_line_2,line,complete,9,full,sherbrooke,229,5bc5ad8c6a40d45bb854f9275f455c584ca750e99bc95c08efcca024827e7d41,24,17,47.468028225935996,127,69476,41697,11327,14492,3163,24,11161,7165,4656,1733,592
quality_4_6_line_2,line,complete,9,full,sherbrooke,233,5bc5ad8c6a40d45bb854f9275f455c584ca750e99bc95c08efcca024827e7d41,24,17,49.17501688795164,127,69687,41719,11481,14302,3222,24,11161,7165,4656,1733,592
quality_4_6_line_2,line,complete,9,full,line25,211,5bc5ad8c6a40d45bb854f9275f455c584ca750e99bc95c08efcca024827e7d41,24,17,1.626312674023211,25,24062,14104,11970,6144,2696,24,11161,7165,4656,1733,592
quality_4_6_line_2,line,complete,9,full,line25,223,5bc5ad8c6a40d45bb854f9275f455c584ca750e99bc95c08efcca024827e7d41,24,17,1.6207323046401143,25,24048,14081,11975,5842,2609,24,11161,7165,4656,1733,592
quality_4_6_line_2,line,complete,9,full,line25,227,5bc5ad8c6a40d45bb854f9275f455c584ca750e99bc95c08efcca024827e7d41,24,17,1.6264721229672432,25,23936,14031,11978,5794,2667,24,11161,7165,4656,1733,592
quality_4_6_line_2,line,complete,9,full,line25,229,5bc5ad8c6a40d45bb854f9275f455c584ca750e99bc95c08efcca024827e7d41,24,17,1.6250199060887098,25,24188,14170,11821,5748,2562,24,11161,7165,4656,1733,592
quality_4_6_line_2,line,complete,9,full,line25,233,5bc5ad8c6a40d45bb854f9275f455c584ca750e99bc95c08efcca024827e7d41,24,17,1.7603913052007556,25,24013,14085,12190,5668,2591,24,11161,7165,4656,1733,592
quality_4_6_line_2,line,complete,9,full,grid25,211,5bc5ad8c6a40d45bb854f9275f455c584ca750e99bc95c08efcca024827e7d41,24,17,1.3040089909918606,25,16541,9962,8864,6835,2897,24,11161,7165,4656,1733,592
quality_4_6_line_2,line,complete,9,full,grid25,223,5bc5ad8c6a40d45bb854f9275f455c584ca750e99bc95c08efcca024827e7d41,24,17,1.3114763642661273,25,17263,10381,8823,6262,2680,24,11161,7165,4656,1733,592
quality_4_6_line_2,line,complete,9,full,grid25,227,5bc5ad8c6a40d45bb854f9275f455c584ca750e99bc95c08efcca024827e7d41,24,17,1.2901783087290823,25,16354,9870,9013,6529,2813,24,11161,7165,4656,1733,592
quality_4_6_line_2,line,complete,9,full,grid25,229,5bc5ad8c6a40d45bb854f9275f455c584ca750e99bc95c08efcca024827e7d41,24,17,1.306423616129905,25,16546,9963,8832,6027,2717,24,11161,7165,4656,1733,592
quality_4_6_line_2,line,complete,9,full,grid25,233,5bc5ad8c6a40d45bb854f9275f455c584ca750e99bc95c08efcca024827e7d41,24,17,1.2916128728538752,25,16410,9913,8909,6151,2740,24,11161,7165,4656,1733,592
quality_4_6_line_2,line,complete,10,full,sherbrooke,211,9aeeb1ca864f48a813b62044f0e368139191d29a11f52ab5c1a8025a08ae702e,24,19,53.42214590823278,127,79950,47925,12797,17052,3623,24,12421,7981,5208,1929,660
quality_4_6_line_2,line,complete,10,full,sherbrooke,223,9aeeb1ca864f48a813b62044f0e368139191d29a11f52ab5c1a8025a08ae702e,24,19,61.30596428597346,127,79771,47770,13071,17249,3872,24,12421,7981,5208,1929,660
quality_4_6_line_2,line,complete,10,full,sherbrooke,227,9aeeb1ca864f48a813b62044f0e368139191d29a11f52ab5c1a8025a08ae702e,24,19,60.682326038368046,127,80299,48247,12732,16977,3525,24,12421,7981,5208,1929,660
quality_4_6_line_2,line,complete,10,full,sherbrooke,229,9aeeb1ca864f48a813b62044f0e368139191d29a11f52ab5c1a8025a08ae702e,24,19,60.483035838231444,127,79342,47586,12779,15784,3376,24,12421,7981,5208,1929,660
quality_4_6_line_2,line,complete,10,full,sherbrooke,233,9aeeb1ca864f48a813b62044f0e368139191d29a11f52ab5c1a8025a08ae702e,24,19,62.45074382610619,127,78561,46894,12858,16204,3658,24,12421,7981,5208,1929,660
quality_4_6_line_2,line,complete,10,full,line25,211,9aeeb1ca864f48a813b62044f0e368139191d29a11f52ab5c1a8025a08ae702e,24,19,1.813958055805415,25,26853,15728,13418,6575,2921,24,12421,7981,5208,1929,660
quality_4_6_line_2,line,complete,10,full,line25,223,9aeeb1ca864f48a813b62044f0e368139191d29a11f52ab5c1a8025a08ae702e,24,19,1.8058052561245859,25,26025,15285,13520,6724,3078,24,12421,7981,5208,1929,660
quality_4_6_line_2,line,complete,10,full,line25,227,9aeeb1ca864f48a813b62044f0e368139191d29a11f52ab5c1a8025a08ae702e,24,19,1.988791539799422,25,26865,15747,13569,6769,2981,24,12421,7981,5208,1929,660
quality_4_6_line_2,line,complete,10,full,line25,229,9aeeb1ca864f48a813b62044f0e368139191d29a11f52ab5c1a8025a08ae702e,24,19,1.7981084128841758,25,26000,15256,13581,6484,2946,24,12421,7981,5208,1929,660
quality_4_6_line_2,line,complete,10,full,line25,233,9aeeb1ca864f48a813b62044f0e368139191d29a11f52ab5c1a8025a08ae702e,24,19,1.7964024799875915,25,26521,15559,13264,6115,2785,24,12421,7981,5208,1929,660
quality_4_6_line_2,line,complete,10,full,grid25,211,9aeeb1ca864f48a813b62044f0e368139191d29a11f52ab5c1a8025a08ae702e,24,19,1.4409851543605328,25,18649,11237,9925,6770,3001,24,12421,7981,5208,1929,660
quality_4_6_line_2,line,complete,10,full,grid25,223,9aeeb1ca864f48a813b62044f0e368139191d29a11f52ab5c1a8025a08ae702e,24,19,1.4430336197838187,25,18206,11002,9853,6687,3010,24,12421,7981,5208,1929,660
quality_4_6_line_2,line,complete,10,full,grid25,227,9aeeb1ca864f48a813b62044f0e368139191d29a11f52ab5c1a8025a08ae702e,24,19,1.438823944889009,25,18294,11044,9940,6908,3104,24,12421,7981,5208,1929,660
quality_4_6_line_2,line,complete,10,full,grid25,229,9aeeb1ca864f48a813b62044f0e368139191d29a11f52ab5c1a8025a08ae702e,24,19,1.4332431457005441,25,18341,11064,10000,6749,2960,24,12421,7981,5208,1929,660
quality_4_6_line_2,line,complete,10,full,grid25,233,9aeeb1ca864f48a813b62044f0e368139191d29a11f52ab5c1a8025a08ae702e,24,19,1.4402996869757771,25,18662,11232,9850,6941,2997,24,12421,7981,5208,1929,660
quality_4_6_line_2,line,complete,11,full,sherbrooke,211,4e473efe74bc9b97dcbf8789d51fac8b33576e89f35490d7557daeee9f79dc63,24,21,74.81574428314343,127,87030,51868,14551,17841,4063,24,13681,8797,5760,2125,728
quality_4_6_line_2,line,complete,11,full,sherbrooke,223,4e473efe74bc9b97dcbf8789d51fac8b33576e89f35490d7557daeee9f79dc63,24,21,71.93772884178907,127,89018,53505,14320,18750,3981,24,13681,8797,5760,2125,728
quality_4_6_line_2,line,complete,11,full,sherbrooke,227,4e473efe74bc9b97dcbf8789d51fac8b33576e89f35490d7557daeee9f79dc63,24,21,74.97758953692392,127,86035,51566,13988,17490,3829,24,13681,8797,5760,2125,728
quality_4_6_line_2,line,complete,11,full,sherbrooke,229,4e473efe74bc9b97dcbf8789d51fac8b33576e89f35490d7557daeee9f79dc63,24,21,74.9785726829432,127,87362,52193,14397,17662,4018,24,13681,8797,5760,2125,728
quality_4_6_line_2,line,complete,11,full,sherbrooke,233,4e473efe74bc9b97dcbf8789d51fac8b33576e89f35490d7557daeee9f79dc63,24,21,78.19736986560747,127,87058,52052,14399,17415,3943,24,13681,8797,5760,2125,728
quality_4_6_line_2,line,complete,11,full,line25,211,4e473efe74bc9b97dcbf8789d51fac8b33576e89f35490d7557daeee9f79dc63,24,21,2.044346483889967,25,28826,16928,15101,7430,3397,24,13681,8797,5760,2125,728
quality_4_6_line_2,line,complete,11,full,line25,223,4e473efe74bc9b97dcbf8789d51fac8b33576e89f35490d7557daeee9f79dc63,24,21,2.045165942981839,25,30172,17653,14774,7307,3148,24,13681,8797,5760,2125,728
quality_4_6_line_2,line,complete,11,full,line25,227,4e473efe74bc9b97dcbf8789d51fac8b33576e89f35490d7557daeee9f79dc63,24,21,2.037464681081474,25,28982,17011,15026,7641,3434,24,13681,8797,5760,2125,728
quality_4_6_line_2,line,complete,11,full,line25,229,4e473efe74bc9b97dcbf8789d51fac8b33576e89f35490d7557daeee9f79dc63,24,21,2.040732999332249,25,29245,17144,14862,7118,3238,24,13681,8797,5760,2125,728
quality_4_6_line_2,line,complete,11,full,line25,233,4e473efe74bc9b97dcbf8789d51fac8b33576e89f35490d7557daeee9f79dc63,24,21,2.2686553755775094,25,29511,17306,14997,7088,3251,24,13681,8797,5760,2125,728
quality_4_6_line_2,line,complete,11,full,grid25,211,4e473efe74bc9b97dcbf8789d51fac8b33576e89f35490d7557daeee9f79dc63,24,21,1.6291731051169336,25,20489,12354,11044,8170,3578,24,13681,8797,5760,2125,728
quality_4_6_line_2,line,complete,11,full,grid25,223,4e473efe74bc9b97dcbf8789d51fac8b33576e89f35490d7557daeee9f79dc63,24,21,1.6322741690091789,25,20053,12115,11136,8422,3753,24,13681,8797,5760,2125,728
quality_4_6_line_2,line,complete,11,full,grid25,227,4e473efe74bc9b97dcbf8789d51fac8b33576e89f35490d7557daeee9f79dc63,24,21,1.6402481133118272,25,19945,12058,11100,7371,3398,24,13681,8797,5760,2125,728
quality_4_6_line_2,line,complete,11,full,grid25,229,4e473efe74bc9b97dcbf8789d51fac8b33576e89f35490d7557daeee9f79dc63,24,21,1.6439751419238746,25,20570,12395,11026,8145,3637,24,13681,8797,5760,2125,728
quality_4_6_line_2,line,complete,11,full,grid25,233,4e473efe74bc9b97dcbf8789d51fac8b33576e89f35490d7557daeee9f79dc63,24,21,1.6323440200649202,25,19999,12083,11187,8444,3685,24,13681,8797,5760,2125,728
quality_4_6_line_2,line,complete,12,full,sherbrooke,211,d0e35463b3156e121d0c79356fa6b1849d749210ecb38ca3d874645df6abd482,24,23,84.57958430610597,127,98826,59574,15715,22058,4647,24,14941,9613,6312,2321,796
quality_4_6_line_2,line,complete,12,full,sherbrooke,223,d0e35463b3156e121d0c79356fa6b1849d749210ecb38ca3d874645df6abd482,24,23,92.80590953491628,127,96467,57576,16020,19837,4445,24,14941,9613,6312,2321,796
quality_4_6_line_2,line,complete,12,full,sherbrooke,227,d0e35463b3156e121d0c79356fa6b1849d749210ecb38ca3d874645df6abd482,24,23,92.05083966674283,127,98005,58799,15766,20831,4415,24,14941,9613,6312,2321,796
quality_4_6_line_2,line,complete,12,full,sherbrooke,229,d0e35463b3156e121d0c79356fa6b1849d749210ecb38ca3d874645df6abd482,24,23,89.0518056480214,127,96498,58013,15572,19324,4294,24,14941,9613,6312,2321,796
quality_4_6_line_2,line,complete,12,full,sherbrooke,233,d0e35463b3156e121d0c79356fa6b1849d749210ecb38ca3d874645df6abd482,24,23,97.08943821676075,127,96212,57510,15873,19178,4345,24,14941,9613,6312,2321,796
quality_4_6_line_2,line,complete,12,full,line25,211,d0e35463b3156e121d0c79356fa6b1849d749210ecb38ca3d874645df6abd482,24,23,2.2677482520230114,25,32718,19170,16119,8036,3609,24,14941,9613,6312,2321,796
quality_4_6_line_2,line,complete,12,full,line25,223,d0e35463b3156e121d0c79356fa6b1849d749210ecb38ca3d874645df6abd482,24,23,2.3979120329022408,25,32476,19051,16369,7966,3546,24,14941,9613,6312,2321,796
quality_4_6_line_2,line,complete,12,full,line25,227,d0e35463b3156e121d0c79356fa6b1849d749210ecb38ca3d874645df6abd482,24,23,2.2820297311991453,25,31944,18751,16630,7922,3555,24,14941,9613,6312,2321,796
quality_4_6_line_2,line,complete,12,full,line25,229,d0e35463b3156e121d0c79356fa6b1849d749210ecb38ca3d874645df6abd482,24,23,2.2699447269551456,25,31953,18760,16530,8064,3606,24,14941,9613,6312,2321,796
quality_4_6_line_2,line,complete,12,full,line25,233,d0e35463b3156e121d0c79356fa6b1849d749210ecb38ca3d874645df6abd482,24,23,2.2796329399570823,25,32672,19140,16471,8328,3744,24,14941,9613,6312,2321,796
quality_4_6_line_2,line,complete,12,full,grid25,211,d0e35463b3156e121d0c79356fa6b1849d749210ecb38ca3d874645df6abd482,24,23,1.800765909254551,25,21986,13280,12097,9297,4095,24,14941,9613,6312,2321,796
quality_4_6_line_2,line,complete,12,full,grid25,223,d0e35463b3156e121d0c79356fa6b1849d749210ecb38ca3d874645df6abd482,24,23,1.8074570540338755,25,22721,13692,12137,8802,3818,24,14941,9613,6312,2321,796
quality_4_6_line_2,line,complete,12,full,grid25,227,d0e35463b3156e121d0c79356fa6b1849d749210ecb38ca3d874645df6abd482,24,23,1.7962794741615653,25,22354,13503,12178,8669,3871,24,14941,9613,6312,2321,796
quality_4_6_line_2,line,complete,12,full,grid25,229,d0e35463b3156e121d0c79356fa6b1849d749210ecb38ca3d874645df6abd482,24,23,1.8065959867089987,25,22518,13573,12077,8586,3763,24,14941,9613,6312,2321,796
quality_4_6_line_2,line,complete,12,full,grid25,233,d0e35463b3156e121d0c79356fa6b1849d749210ecb38ca3d874645df6abd482,24,23,1.810749385971576,25,21585,13062,12222,8714,3867,24,14941,9613,6312,2321,796
quality_4_6_line_2,line,ring,1,full,sherbrooke,211,2ee7593459d24f7afd6c0760146f2b54d80be29caeb4580c085b0ab727971d67,24,1,0.2270727022551,127,1127,682,146,186,34,24,541,313,96,106,24
quality_4_6_line_2,line,ring,1,full,sherbrooke,223,2ee7593459d24f7afd6c0760146f2b54d80be29caeb4580c085b0ab727971d67,24,1,0.04033849993720651,127,1189,723,151,209,42,24,541,313,96,106,24
quality_4_6_line_2,line,ring,1,full,sherbrooke,227,2ee7593459d24f7afd6c0760146f2b54d80be29caeb4580c085b0ab727971d67,24,1,0.03697562497109175,127,1121,686,151,250,46,24,541,313,96,106,24
quality_4_6_line_2,line,ring,1,full,sherbrooke,229,2ee7593459d24f7afd6c0760146f2b54d80be29caeb4580c085b0ab727971d67,24,1,0.044074445962905884,127,1111,681,143,190,36,24,541,313,96,106,24
quality_4_6_line_2,line,ring,1,full,sherbrooke,233,2ee7593459d24f7afd6c0760146f2b54d80be29caeb4580c085b0ab727971d67,24,1,0.036873103119432926,127,1079,655,151,199,39,24,541,313,96,106,24
quality_4_6_line_2,line,ring,1,full,line25,211,2ee7593459d24f7afd6c0760146f2b54d80be29caeb4580c085b0ab727971d67,24,1,0.026696442160755396,25,579,335,149,120,34,24,541,313,96,106,24
quality_4_6_line_2,line,ring,1,full,line25,223,2ee7593459d24f7afd6c0760146f2b54d80be29caeb4580c085b0ab727971d67,24,1,0.02513375785201788,25,597,348,144,121,34,24,541,313,96,106,24
quality_4_6_line_2,line,ring,1,full,line25,227,2ee7593459d24f7afd6c0760146f2b54d80be29caeb4580c085b0ab727971d67,24,1,0.026258930563926697,25,601,350,147,122,34,24,541,313,96,106,24
quality_4_6_line_2,line,ring,1,full,line25,229,2ee7593459d24f7afd6c0760146f2b54d80be29caeb4580c085b0ab727971d67,24,1,0.02439615223556757,25,605,352,149,122,32,24,541,313,96,106,24
quality_4_6_line_2,line,ring,1,full,line25,233,2ee7593459d24f7afd6c0760146f2b54d80be29caeb4580c085b0ab727971d67,24,1,0.023526820354163647,25,600,351,146,121,32,24,541,313,96,106,24
quality_4_6_line_2,line,ring,1,full,grid25,211,2ee7593459d24f7afd6c0760146f2b54d80be29caeb4580c085b0ab727971d67,24,1,0.020058325957506895,25,551,318,102,113,27,24,541,313,96,106,24
quality_4_6_line_2,line,ring,1,full,grid25,223,2ee7593459d24f7afd6c0760146f2b54d80be29caeb4580c085b0ab727971d67,24,1,0.02060209820047021,25,541,313,96,106,24,24,541,313,96,106,24
quality_4_6_line_2,line,ring,1,full,grid25,227,2ee7593459d24f7afd6c0760146f2b54d80be29caeb4580c085b0ab727971d67,24,1,0.021310728043317795,25,541,313,102,110,27,24,541,313,96,106,24
quality_4_6_line_2,line,ring,1,full,grid25,229,2ee7593459d24f7afd6c0760146f2b54d80be29caeb4580c085b0ab727971d67,24,1,0.021425013430416584,25,569,329,106,127,31,24,541,313,96,106,24
quality_4_6_line_2,line,ring,1,full,grid25,233,2ee7593459d24f7afd6c0760146f2b54d80be29caeb4580c085b0ab727971d67,24,1,0.021371813025325537,25,549,317,100,114,28,24,541,313,96,106,24
quality_4_6_line_2,line,ring,2,full,sherbrooke,211,334e063e80a06fbbc0f2ef97038d1dcbfff83b7f1a0e64fae8c55ec3ab1c49c4,24,3,0.8549343100748956,127,7384,4445,1155,1519,320,24,1261,805,504,291,100
quality_4_6_line_2,line,ring,2,full,sherbrooke,223,334e063e80a06fbbc0f2ef97038d1dcbfff83b7f1a0e64fae8c55ec3ab1c49c4,24,3,0.6898578088730574,127,7022,4223,1113,1518,339,24,1261,805,504,291,100
quality_4_6_line_2,line,ring,2,full,sherbrooke,227,334e063e80a06fbbc0f2ef97038d1dcbfff83b7f1a0e64fae8c55ec3ab1c49c4,24,3,0.7010166039690375,127,7240,4336,1189,1562,350,24,1261,805,504,291,100
quality_4_6_line_2,line,ring,2,full,sherbrooke,229,334e063e80a06fbbc0f2ef97038d1dcbfff83b7f1a0e64fae8c55ec3ab1c49c4,24,3,0.7203651368618011,127,7309,4380,1211,1632,367,24,1261,805,504,291,100
quality_4_6_line_2,line,ring,2,full,sherbrooke,233,334e063e80a06fbbc0f2ef97038d1dcbfff83b7f1a0e64fae8c55ec3ab1c49c4,24,3,0.5836580698378384,127,7252,4371,1129,1400,301,24,1261,805,504,291,100
quality_4_6_line_2,line,ring,2,full,line25,211,334e063e80a06fbbc0f2ef97038d1dcbfff83b7f1a0e64fae8c55ec3ab1c49c4,24,3,0.17254353361204267,25,2442,1448,1261,686,313,24,1261,805,504,291,100
quality_4_6_line_2,line,ring,2,full,line25,223,334e063e80a06fbbc0f2ef97038d1dcbfff83b7f1a0e64fae8c55ec3ab1c49c4,24,3,0.17770297219976783,25,2556,1507,1312,694,310,24,1261,805,504,291,100
quality_4_6_line_2,line,ring,2,full,line25,227,334e063e80a06fbbc0f2ef97038d1dcbfff83b7f1a0e64fae8c55ec3ab1c49c4,24,3,0.174887475091964,25,2394,1419,1286,687,325,24,1261,805,504,291,100
quality_4_6_line_2,line,ring,2,full,line25,229,334e063e80a06fbbc0f2ef97038d1dcbfff83b7f1a0e64fae8c55ec3ab1c49c4,24,3,0.17549451487138867,25,2542,1503,1249,636,281,24,1261,805,504,291,100
quality_4_6_line_2,line,ring,2,full,line25,233,334e063e80a06fbbc0f2ef97038d1dcbfff83b7f1a0e64fae8c55ec3ab1c49c4,24,3,0.1743290857411921,25,2456,1456,1282,653,298,24,1261,805,504,291,100
quality_4_6_line_2,line,ring,2,full,grid25,211,334e063e80a06fbbc0f2ef97038d1dcbfff83b7f1a0e64fae8c55ec3ab1c49c4,24,3,0.13514058524742723,25,1793,1088,890,698,304,24,1261,805,504,291,100
quality_4_6_line_2,line,ring,2,full,grid25,223,334e063e80a06fbbc0f2ef97038d1dcbfff83b7f1a0e64fae8c55ec3ab1c49c4,24,3,0.1405009408481419,25,1781,1084,902,638,328,24,1261,805,504,291,100
quality_4_6_line_2,line,ring,2,full,grid25,227,334e063e80a06fbbc0f2ef97038d1dcbfff83b7f1a0e64fae8c55ec3ab1c49c4,24,3,0.13764499919489026,25,1769,1078,887,656,272,24,1261,805,504,291,100
quality_4_6_line_2,line,ring,2,full,grid25,229,334e063e80a06fbbc0f2ef97038d1dcbfff83b7f1a0e64fae8c55ec3ab1c49c4,24,3,0.13619692903012037,25,1797,1096,886,719,312,24,1261,805,504,291,100
quality_4_6_line_2,line,ring,2,full,grid25,233,334e063e80a06fbbc0f2ef97038d1dcbfff83b7f1a0e64fae8c55ec3ab1c49c4,24,3,0.14776554377749562,25,1737,1061,911,627,296,24,1261,805,504,291,100
quality_4_6_line_2,line,ring,3,full,sherbrooke,211,aae6025cdabd9dd54187daed6b4c0febab56ac4b08444a013f454352c1e8831f,24,5,2.3011338361538947,127,13606,8174,2184,2846,630,24,1981,1297,912,458,164
quality_4_6_line_2,line,ring,3,full,sherbrooke,223,aae6025cdabd9dd54187daed6b4c0febab56ac4b08444a013f454352c1e8831f,24,5,1.9732062732800841,127,14103,8474,2310,2987,646,24,1981,1297,912,458,164
quality_4_6_line_2,line,ring,3,full,sherbrooke,227,aae6025cdabd9dd54187daed6b4c0febab56ac4b08444a013f454352c1e8831f,24,5,2.0205871579237282,127,13874,8324,2271,3055,669,24,1981,1297,912,458,164
quality_4_6_line_2,line,ring,3,full,sherbrooke,229,aae6025cdabd9dd54187daed6b4c0febab56ac4b08444a013f454352c1e8831f,24,5,2.3254792629741132,127,14173,8456,2324,3210,718,24,1981,1297,912,458,164
quality_4_6_line_2,line,ring,3,full,sherbrooke,233,aae6025cdabd9dd54187daed6b4c0febab56ac4b08444a013f454352c1e8831f,24,5,2.2572552682831883,127,14016,8391,2314,3043,695,24,1981,1297,912,458,164
quality_4_6_line_2,line,ring,3,full,line25,211,aae6025cdabd9dd54187daed6b4c0febab56ac4b08444a013f454352c1e8831f,24,5,0.331072298809886,25,4073,2426,2557,1198,601,24,1981,1297,912,458,164
quality_4_6_line_2,line,ring,3,full,line25,223,aae6025cdabd9dd54187daed6b4c0febab56ac4b08444a013f454352c1e8831f,24,5,0.32745817210525274,25,4222,2512,2589,1176,610,24,1981,1297,912,458,164
quality_4_6_line_2,line,ring,3,full,line25,227,aae6025cdabd9dd54187daed6b4c0febab56ac4b08444a013f454352c1e8831f,24,5,0.3203813820146024,25,4042,2414,2564,1181,593,24,1981,1297,912,458,164
quality_4_6_line_2,line,ring,3,full,line25,229,aae6025cdabd9dd54187daed6b4c0febab56ac4b08444a013f454352c1e8831f,24,5,0.3263761601410806,25,4326,2566,2517,1210,596,24,1981,1297,912,458,164
quality_4_6_line_2,line,ring,3,full,line25,233,aae6025cdabd9dd54187daed6b4c0febab56ac4b08444a013f454352c1e8831f,24,5,0.3253261377103627,25,4356,2587,2538,1210,614,24,1981,1297,912,458,164
quality_4_6_line_2,line,ring,3,full,grid25,211,aae6025cdabd9dd54187daed6b4c0febab56ac4b08444a013f454352c1e8831f,24,5,0.24893455486744642,25,2800,1736,1783,1356,680,24,1981,1297,912,458,164
quality_4_6_line_2,line,ring,3,full,grid25,223,aae6025cdabd9dd54187daed6b4c0febab56ac4b08444a013f454352c1e8831f,24,5,0.25552865769714117,25,2908,1791,1762,1132,542,24,1981,1297,912,458,164
quality_4_6_line_2,line,ring,3,full,grid25,227,aae6025cdabd9dd54187daed6b4c0febab56ac4b08444a013f454352c1e8831f,24,5,0.24819094873964787,25,3014,1854,1737,1261,585,24,1981,1297,912,458,164
quality_4_6_line_2,line,ring,3,full,grid25,229,aae6025cdabd9dd54187daed6b4c0febab56ac4b08444a013f454352c1e8831f,24,5,0.24641157733276486,25,2945,1816,1687,1166,566,24,1981,1297,912,458,164
quality_4_6_line_2,line,ring,3,full,grid25,233,aae6025cdabd9dd54187daed6b4c0febab56ac4b08444a013f454352c1e8831f,24,5,0.25001829070970416,25,2917,1800,1768,1246,583,24,1981,1297,912,458,164
quality_4_6_line_2,line,ring,4,full,sherbrooke,211,974fa18ede6f6510f7226626bdff146b3f9b2327bfa18b638edbfe9bf5226e81,24,7,4.786988401785493,127,21074,12585,3483,4989,1127,24,2701,1789,1320,625,228
quality_4_6_line_2,line,ring,4,full,sherbrooke,223,974fa18ede6f6510f7226626bdff146b3f9b2327bfa18b638edbfe9bf5226e81,24,7,4.470828767865896,127,20211,12144,3333,4378,999,24,2701,1789,1320,625,228
quality_4_6_line_2,line,ring,4,full,sherbrooke,227,974fa18ede6f6510f7226626bdff146b3f9b2327bfa18b638edbfe9bf5226e81,24,7,4.344577495008707,127,19858,11828,3360,3926,875,24,2701,1789,1320,625,228
quality_4_6_line_2,line,ring,4,full,sherbrooke,229,974fa18ede6f6510f7226626bdff146b3f9b2327bfa18b638edbfe9bf5226e81,24,7,4.708388712722808,127,21015,12575,3544,4707,1084,24,2701,1789,1320,625,228
quality_4_6_line_2,line,ring,4,full,sherbrooke,233,974fa18ede6f6510f7226626bdff146b3f9b2327bfa18b638edbfe9bf5226e81,24,7,4.3761027147993445,127,20384,12204,3416,4225,961,24,2701,1789,1320,625,228
quality_4_6_line_2,line,ring,4,full,line25,211,974fa18ede6f6510f7226626bdff146b3f9b2327bfa18b638edbfe9bf5226e81,24,7,0.48220774065703154,25,6025,3591,3872,1777,898,24,2701,1789,1320,625,228
quality_4_6_line_2,line,ring,4,full,line25,223,974fa18ede6f6510f7226626bdff146b3f9b2327bfa18b638edbfe9bf5226e81,24,7,0.47450099792331457,25,6156,3660,3843,1688,838,24,2701,1789,1320,625,228
quality_4_6_line_2,line,ring,4,full,line25,227,974fa18ede6f6510f7226626bdff146b3f9b2327bfa18b638edbfe9bf5226e81,24,7,0.4770668260753155,25,6027,3592,3842,1766,872,24,2701,1789,1320,625,228
quality_4_6_line_2,line,ring,4,full,line25,229,974fa18ede6f6510f7226626bdff146b3f9b2327bfa18b638edbfe9bf5226e81,24,7,0.4733537142165005,25,6289,3733,3822,1733,897,24,2701,1789,1320,625,228
quality_4_6_line_2,line,ring,4,full,line25,233,974fa18ede6f6510f7226626bdff146b3f9b2327bfa18b638edbfe9bf5226e81,24,7,0.4814307224005461,25,6229,3700,3831,1806,906,24,2701,1789,1320,625,228
quality_4_6_line_2,line,ring,4,full,grid25,211,974fa18ede6f6510f7226626bdff146b3f9b2327bfa18b638edbfe9bf5226e81,24,7,0.3641362781636417,25,3861,2412,2631,1675,842,24,2701,1789,1320,625,228
quality_4_6_line_2,line,ring,4,full,grid25,223,974fa18ede6f6510f7226626bdff146b3f9b2327bfa18b638edbfe9bf5226e81,24,7,0.36627447372302413,25,4082,2530,2631,1854,951,24,2701,1789,1320,625,228
quality_4_6_line_2,line,ring,4,full,grid25,227,974fa18ede6f6510f7226626bdff146b3f9b2327bfa18b638edbfe9bf5226e81,24,7,0.3649311410263181,25,4124,2548,2631,1761,871,24,2701,1789,1320,625,228
quality_4_6_line_2,line,ring,4,full,grid25,229,974fa18ede6f6510f7226626bdff146b3f9b2327bfa18b638edbfe9bf5226e81,24,7,0.3639212348498404,25,3937,2456,2634,1773,857,24,2701,1789,1320,625,228
quality_4_6_line_2,line,ring,4,full,grid25,233,974fa18ede6f6510f7226626bdff146b3f9b2327bfa18b638edbfe9bf5226e81,24,7,0.3667632108554244,25,4063,2519,2681,1831,852,24,2701,1789,1320,625,228
quality_4_6_line_2,line,ring,5,full,sherbrooke,211,cb84c938fda6342d47a63e8e42733d5c189024247bd2b0f3423bd8323bff0dfc,24,9,8.101972641889006,127,27143,16109,4626,6019,1403,24,3421,2281,1728,792,292
quality_4_6_line_2,line,ring,5,full,sherbrooke,223,cb84c938fda6342d47a63e8e42733d5c189024247bd2b0f3423bd8323bff0dfc,24,9,7.416656562127173,127,27391,16336,4527,5853,1300,24,3421,2281,1728,792,292
quality_4_6_line_2,line,ring,5,full,sherbrooke,227,cb84c938fda6342d47a63e8e42733d5c189024247bd2b0f3423bd8323bff0dfc,24,9,8.375482185278088,127,28560,17156,4604,6128,1324,24,3421,2281,1728,792,292
quality_4_6_line_2,line,ring,5,full,sherbrooke,229,cb84c938fda6342d47a63e8e42733d5c189024247bd2b0f3423bd8323bff0dfc,24,9,8.145816574804485,127,27250,16266,4610,5703,1323,24,3421,2281,1728,792,292
quality_4_6_line_2,line,ring,5,full,sherbrooke,233,cb84c938fda6342d47a63e8e42733d5c189024247bd2b0f3423bd8323bff0dfc,24,9,7.640650031156838,127,27525,16506,4565,5908,1347,24,3421,2281,1728,792,292
quality_4_6_line_2,line,ring,5,full,line25,211,cb84c938fda6342d47a63e8e42733d5c189024247bd2b0f3423bd8323bff0dfc,24,9,0.6359972259961069,25,7923,4714,5135,2295,1209,24,3421,2281,1728,792,292
quality_4_6_line_2,line,ring,5,full,line25,223,cb84c938fda6342d47a63e8e42733d5c189024247bd2b0f3423bd8323bff0dfc,24,9,0.6276312861591578,25,7878,4691,5119,2224,1164,24,3421,2281,1728,792,292
quality_4_6_line_2,line,ring,5,full,line25,227,cb84c938fda6342d47a63e8e42733d5c189024247bd2b0f3423bd8323bff0dfc,24,9,0.6300240689888597,25,7930,4728,5062,2305,1105,24,3421,2281,1728,792,292
quality_4_6_line_2,line,ring,5,full,line25,229,cb84c938fda6342d47a63e8e42733d5c189024247bd2b0f3423bd8323bff0dfc,24,9,0.6277165059000254,25,7759,4633,5130,2253,1186,24,3421,2281,1728,792,292
quality_4_6_line_2,line,ring,5,full,line25,233,cb84c938fda6342d47a63e8e42733d5c189024247bd2b0f3423bd8323bff0dfc,24,9,0.6263108169659972,25,7694,4590,5154,2267,1167,24,3421,2281,1728,792,292
quality_4_6_line_2,line,ring,5,full,grid25,211,cb84c938fda6342d47a63e8e42733d5c189024247bd2b0f3423bd8323bff0dfc,24,9,0.4840685548260808,25,5087,3170,3543,2440,1239,24,3421,2281,1728,792,292
quality_4_6_line_2,line,ring,5,full,grid25,223,cb84c938fda6342d47a63e8e42733d5c189024247bd2b0f3423bd8323bff0dfc,24,9,0.48480977723374963,25,5318,3300,3479,2276,1213,24,3421,2281,1728,792,292
quality_4_6_line_2,line,ring,5,full,grid25,227,cb84c938fda6342d47a63e8e42733d5c189024247bd2b0f3423bd8323bff0dfc,24,9,0.4831483862362802,25,5144,3200,3535,2424,1204,24,3421,2281,1728,792,292
quality_4_6_line_2,line,ring,5,full,grid25,229,cb84c938fda6342d47a63e8e42733d5c189024247bd2b0f3423bd8323bff0dfc,24,9,0.48635429702699184,25,5179,3220,3568,2520,1215,24,3421,2281,1728,792,292
quality_4_6_line_2,line,ring,5,full,grid25,233,cb84c938fda6342d47a63e8e42733d5c189024247bd2b0f3423bd8323bff0dfc,24,9,0.4810604159720242,25,5142,3204,3535,2307,1151,24,3421,2281,1728,792,292
quality_4_6_line_2,line,ring,6,full,sherbrooke,211,2ebb0ececa7b1de3f567e9bf4bfeeb74e60673dea88a6c7db4558e90389c50f9,24,11,11.62371115712449,127,34714,20824,5735,7404,1679,24,4141,2773,2136,959,356
quality_4_6_line_2,line,ring,6,full,sherbrooke,223,2ebb0ececa7b1de3f567e9bf4bfeeb74e60673dea88a6c7db4558e90389c50f9,24,11,12.85697444807738,127,34591,20592,5829,7351,1696,24,4141,2773,2136,959,356
quality_4_6_line_2,line,ring,6,full,sherbrooke,227,2ebb0ececa7b1de3f567e9bf4bfeeb74e60673dea88a6c7db4558e90389c50f9,24,11,11.983027383685112,127,34059,20381,5772,7099,1663,24,4141,2773,2136,959,356
quality_4_6_line_2,line,ring,6,full,sherbrooke,229,2ebb0ececa7b1de3f567e9bf4bfeeb74e60673dea88a6c7db4558e90389c50f9,24,11,13.196833027061075,127,35214,21011,5845,7663,1734,24,4141,2773,2136,959,356
quality_4_6_line_2,line,ring,6,full,sherbrooke,233,2ebb0ececa7b1de3f567e9bf4bfeeb74e60673dea88a6c7db4558e90389c50f9,24,11,12.29589051892981,127,34543,20644,5789,7081,1636,24,4141,2773,2136,959,356
quality_4_6_line_2,line,ring,6,full,line25,211,2ebb0ececa7b1de3f567e9bf4bfeeb74e60673dea88a6c7db4558e90389c50f9,24,11,0.7892844588495791,25,9420,5633,6490,2764,1449,24,4141,2773,2136,959,356
quality_4_6_line_2,line,ring,6,full,line25,223,2ebb0ececa7b1de3f567e9bf4bfeeb74e60673dea88a6c7db4558e90389c50f9,24,11,0.7841426427476108,25,9163,5487,6527,2734,1487,24,4141,2773,2136,959,356
quality_4_6_line_2,line,ring,6,full,line25,227,2ebb0ececa7b1de3f567e9bf4bfeeb74e60673dea88a6c7db4558e90389c50f9,24,11,0.7820748402737081,25,9700,5782,6357,2816,1393,24,4141,2773,2136,959,356
quality_4_6_line_2,line,ring,6,full,line25,229,2ebb0ececa7b1de3f567e9bf4bfeeb74e60673dea88a6c7db4558e90389c50f9,24,11,0.7836536350660026,25,9780,5831,6431,2886,1462,24,4141,2773,2136,959,356
quality_4_6_line_2,line,ring,6,full,line25,233,2ebb0ececa7b1de3f567e9bf4bfeeb74e60673dea88a6c7db4558e90389c50f9,24,11,0.7836622511968017,25,9665,5763,6481,2807,1495,24,4141,2773,2136,959,356
quality_4_6_line_2,line,ring,6,full,grid25,211,2ebb0ececa7b1de3f567e9bf4bfeeb74e60673dea88a6c7db4558e90389c50f9,24,11,0.6021470399573445,25,6173,3861,4417,2794,1407,24,4141,2773,2136,959,356
quality_4_6_line_2,line,ring,6,full,grid25,223,2ebb0ececa7b1de3f567e9bf4bfeeb74e60673dea88a6c7db4558e90389c50f9,24,11,0.6031598122790456,25,6417,3992,4403,2933,1496,24,4141,2773,2136,959,356
quality_4_6_line_2,line,ring,6,full,grid25,227,2ebb0ececa7b1de3f567e9bf4bfeeb74e60673dea88a6c7db4558e90389c50f9,24,11,0.5998500869609416,25,6314,3938,4414,3172,1631,24,4141,2773,2136,959,356
quality_4_6_line_2,line,ring,6,full,grid25,229,2ebb0ececa7b1de3f567e9bf4bfeeb74e60673dea88a6c7db4558e90389c50f9,24,11,0.6042292700149119,25,6462,4011,4430,3195,1563,24,4141,2773,2136,959,356
quality_4_6_line_2,line,ring,6,full,grid25,233,2ebb0ececa7b1de3f567e9bf4bfeeb74e60673dea88a6c7db4558e90389c50f9,24,11,0.6018892670981586,25,6346,3956,4375,3004,1540,24,4141,2773,2136,959,356
quality_4_6_line_2,line,ring,7,full,sherbrooke,211,7226b6c2dd13662d4f33a09b2cd2326bd59288b333a557e2acb6ce78b5c05e7e,24,13,17.21833790373057,127,41465,24708,7012,8990,2040,24,4861,3265,2544,1126,420
quality_4_6_line_2,line,ring,7,full,sherbrooke,223,7226b6c2dd13662d4f33a09b2cd2326bd59288b333a557e2acb6ce78b5c05e7e,24,13,17.733660480938852,127,40598,24151,6921,8560,1988,24,4861,3265,2544,1126,420
quality_4_6_line_2,line,ring,7,full,sherbrooke,227,7226b6c2dd13662d4f33a09b2cd2326bd59288b333a557e2acb6ce78b5c05e7e,24,13,16.346469653770328,127,40627,24205,6928,7930,1844,24,4861,3265,2544,1126,420
quality_4_6_line_2,line,ring,7,full,sherbrooke,229,7226b6c2dd13662d4f33a09b2cd2326bd59288b333a557e2acb6ce78b5c05e7e,24,13,17.238127226009965,127,39959,23812,6795,8565,1990,24,4861,3265,2544,1126,420
quality_4_6_line_2,line,ring,7,full,sherbrooke,233,7226b6c2dd13662d4f33a09b2cd2326bd59288b333a557e2acb6ce78b5c05e7e,24,13,17.34419883415103,127,41458,24787,6936,8488,1968,24,4861,3265,2544,1126,420
quality_4_6_line_2,line,ring,7,full,line25,211,7226b6c2dd13662d4f33a09b2cd2326bd59288b333a557e2acb6ce78b5c05e7e,24,13,0.9397012810222805,25,11269,6734,7703,3420,1746,24,4861,3265,2544,1126,420
quality_4_6_line_2,line,ring,7,full,line25,223,7226b6c2dd13662d4f33a09b2cd2326bd59288b333a557e2acb6ce78b5c05e7e,24,13,0.94629269791767,25,11065,6622,7876,3447,1784,24,4861,3265,2544,1126,420
quality_4_6_line_2,line,ring,7,full,line25,227,7226b6c2dd13662d4f33a09b2cd2326bd59288b333a557e2acb6ce78b5c05e7e,24,13,0.9365671961568296,25,11396,6805,7710,3322,1736,24,4861,3265,2544,1126,420
quality_4_6_line_2,line,ring,7,full,line25,229,7226b6c2dd13662d4f33a09b2cd2326bd59288b333a557e2acb6ce78b5c05e7e,24,13,0.9341364610008895,25,11345,6777,7721,3318,1772,24,4861,3265,2544,1126,420
quality_4_6_line_2,line,ring,7,full,line25,233,7226b6c2dd13662d4f33a09b2cd2326bd59288b333a557e2acb6ce78b5c05e7e,24,13,0.9345290879718959,25,11493,6859,7723,3484,1782,24,4861,3265,2544,1126,420
quality_4_6_line_2,line,ring,7,full,grid25,211,7226b6c2dd13662d4f33a09b2cd2326bd59288b333a557e2acb6ce78b5c05e7e,24,13,0.7156672258861363,25,7809,4847,5233,3240,1652,24,4861,3265,2544,1126,420
quality_4_6_line_2,line,ring,7,full,grid25,223,7226b6c2dd13662d4f33a09b2cd2326bd59288b333a557e2acb6ce78b5c05e7e,24,13,0.7121629351750016,25,7287,4569,5295,3442,1839,24,4861,3265,2544,1126,420
quality_4_6_line_2,line,ring,7,full,grid25,227,7226b6c2dd13662d4f33a09b2cd2326bd59288b333a557e2acb6ce78b5c05e7e,24,13,0.7105075367726386,25,7618,4743,5296,3564,1715,24,4861,3265,2544,1126,420
quality_4_6_line_2,line,ring,7,full,grid25,229,7226b6c2dd13662d4f33a09b2cd2326bd59288b333a557e2acb6ce78b5c05e7e,24,13,0.7058171378448606,25,7270,4552,5313,3597,1940,24,4861,3265,2544,1126,420
quality_4_6_line_2,line,ring,7,full,grid25,233,7226b6c2dd13662d4f33a09b2cd2326bd59288b333a557e2acb6ce78b5c05e7e,24,13,0.713080398272723,25,7482,4672,5306,3658,1828,24,4861,3265,2544,1126,420
quality_4_6_line_2,line,ring,8,full,sherbrooke,211,d81d8537eb85a179ff97c90f34bac66a399a9a0fbc2c292cbbc8283221cfd75e,24,15,24.65394809935242,127,49708,29722,8358,10503,2369,24,5581,3757,2952,1293,484
quality_4_6_line_2,line,ring,8,full,sherbrooke,223,d81d8537eb85a179ff97c90f34bac66a399a9a0fbc2c292cbbc8283221cfd75e,24,15,24.083376633003354,127,47442,28239,8160,10146,2400,24,5581,3757,2952,1293,484
quality_4_6_line_2,line,ring,8,full,sherbrooke,227,d81d8537eb85a179ff97c90f34bac66a399a9a0fbc2c292cbbc8283221cfd75e,24,15,23.529368119779974,127,49020,29396,8142,10845,2427,24,5581,3757,2952,1293,484
quality_4_6_line_2,line,ring,8,full,sherbrooke,229,d81d8537eb85a179ff97c90f34bac66a399a9a0fbc2c292cbbc8283221cfd75e,24,15,23.389430176932365,127,48087,28715,8089,10572,2419,24,5581,3757,2952,1293,484
quality_4_6_line_2,line,ring,8,full,sherbrooke,233,d81d8537eb85a179ff97c90f34bac66a399a9a0fbc2c292cbbc8283221cfd75e,24,15,25.169397983234376,127,47895,28467,8287,10345,2461,24,5581,3757,2952,1293,484
quality_4_6_line_2,line,ring,8,full,line25,211,d81d8537eb85a179ff97c90f34bac66a399a9a0fbc2c292cbbc8283221cfd75e,24,15,1.108168349135667,25,13106,7833,9221,4061,2115,24,5581,3757,2952,1293,484
quality_4_6_line_2,line,ring,8,full,line25,223,d81d8537eb85a179ff97c90f34bac66a399a9a0fbc2c292cbbc8283221cfd75e,24,15,1.105907884426415,25,13545,8068,9092,3974,2115,24,5581,3757,2952,1293,484
quality_4_6_line_2,line,ring,8,full,line25,227,d81d8537eb85a179ff97c90f34bac66a399a9a0fbc2c292cbbc8283221cfd75e,24,15,1.1079525738023221,25,13011,7783,9237,3977,2043,24,5581,3757,2952,1293,484
quality_4_6_line_2,line,ring,8,full,line25,229,d81d8537eb85a179ff97c90f34bac66a399a9a0fbc2c292cbbc8283221cfd75e,24,15,1.1028846381232142,25,12900,7719,9237,4018,2055,24,5581,3757,2952,1293,484
quality_4_6_line_2,line,ring,8,full,line25,233,d81d8537eb85a179ff97c90f34bac66a399a9a0fbc2c292cbbc8283221cfd75e,24,15,1.1063624182716012,25,13123,7839,9120,3893,2129,24,5581,3757,2952,1293,484
quality_4_6_line_2,line,ring,8,full,grid25,211,d81d8537eb85a179ff97c90f34bac66a399a9a0fbc2c292cbbc8283221cfd75e,24,15,0.8449461138807237,25,8645,5401,6204,4148,2152,24,5581,3757,2952,1293,484
quality_4_6_line_2,line,ring,8,full,grid25,223,d81d8537eb85a179ff97c90f34bac66a399a9a0fbc2c292cbbc8283221cfd75e,24,15,0.8378738630563021,25,8514,5331,6212,4106,2181,24,5581,3757,2952,1293,484
quality_4_6_line_2,line,ring,8,full,grid25,227,d81d8537eb85a179ff97c90f34bac66a399a9a0fbc2c292cbbc8283221cfd75e,24,15,0.8435021522454917,25,8540,5344,6275,4020,2167,24,5581,3757,2952,1293,484
quality_4_6_line_2,line,ring,8,full,grid25,229,d81d8537eb85a179ff97c90f34bac66a399a9a0fbc2c292cbbc8283221cfd75e,24,15,0.8503308352082968,25,8934,5554,6126,4049,2038,24,5581,3757,2952,1293,484
quality_4_6_line_2,line,ring,8,full,grid25,233,d81d8537eb85a179ff97c90f34bac66a399a9a0fbc2c292cbbc8283221cfd75e,24,15,0.8445110959000885,25,8965,5576,6066,3942,1994,24,5581,3757,2952,1293,484
quality_4_6_line_2,line,ring,9,full,sherbrooke,211,51fcef6cf25749001fee06c7022b54cf840aeb96d4bfbd0eeb3b135c2c8a256d,24,17,29.784123880323023,127,54802,32611,9467,11970,2834,24,6301,4249,3360,1460,548
quality_4_6_line_2,line,ring,9,full,sherbrooke,223,51fcef6cf25749001fee06c7022b54cf840aeb96d4bfbd0eeb3b135c2c8a256d,24,17,32.77628659363836,127,56503,33619,9592,12339,2804,24,6301,4249,3360,1460,548
quality_4_6_line_2,line,ring,9,full,sherbrooke,227,51fcef6cf25749001fee06c7022b54cf840aeb96d4bfbd0eeb3b135c2c8a256d,24,17,31.48416630923748,127,56324,33586,9430,12299,2715,24,6301,4249,3360,1460,548
quality_4_6_line_2,line,ring,9,full,sherbrooke,229,51fcef6cf25749001fee06c7022b54cf840aeb96d4bfbd0eeb3b135c2c8a256d,24,17,33.0430279080756,127,55512,33016,9469,11840,2774,24,6301,4249,3360,1460,548
quality_4_6_line_2,line,ring,9,full,sherbrooke,233,51fcef6cf25749001fee06c7022b54cf840aeb96d4bfbd0eeb3b135c2c8a256d,24,17,31.243436851073056,127,54493,32457,9228,11711,2737,24,6301,4249,3360,1460,548
quality_4_6_line_2,line,ring,9,full,line25,211,51fcef6cf25749001fee06c7022b54cf840aeb96d4bfbd0eeb3b135c2c8a256d,24,17,1.2616469720378518,25,14944,8937,10431,4655,2364,24,6301,4249,3360,1460,548
quality_4_6_line_2,line,ring,9,full,line25,223,51fcef6cf25749001fee06c7022b54cf840aeb96d4bfbd0eeb3b135c2c8a256d,24,17,1.2523452630266547,25,15346,9149,10424,4588,2398,24,6301,4249,3360,1460,548
quality_4_6_line_2,line,ring,9,full,line25,227,51fcef6cf25749001fee06c7022b54cf840aeb96d4bfbd0eeb3b135c2c8a256d,24,17,1.2545127240009606,25,15146,9043,10470,4548,2331,24,6301,4249,3360,1460,548
quality_4_6_line_2,line,ring,9,full,line25,229,51fcef6cf25749001fee06c7022b54cf840aeb96d4bfbd0eeb3b135c2c8a256d,24,17,1.2476427829824388,25,15104,9011,10365,4378,2349,24,6301,4249,3360,1460,548
quality_4_6_line_2,line,ring,9,full,line25,233,51fcef6cf25749001fee06c7022b54cf840aeb96d4bfbd0eeb3b135c2c8a256d,24,17,1.246592880692333,25,15586,9274,10290,4320,2287,24,6301,4249,3360,1460,548
quality_4_6_line_2,line,ring,9,full,grid25,211,51fcef6cf25749001fee06c7022b54cf840aeb96d4bfbd0eeb3b135c2c8a256d,24,17,0.95000259578228,25,10142,6309,6980,4528,2366,24,6301,4249,3360,1460,548
quality_4_6_line_2,line,ring,9,full,grid25,223,51fcef6cf25749001fee06c7022b54cf840aeb96d4bfbd0eeb3b135c2c8a256d,24,17,0.9501722138375044,25,9809,6124,7083,4998,2536,24,6301,4249,3360,1460,548
quality_4_6_line_2,line,ring,9,full,grid25,227,51fcef6cf25749001fee06c7022b54cf840aeb96d4bfbd0eeb3b135c2c8a256d,24,17,0.9484903560951352,25,9897,6172,7039,4882,2511,24,6301,4249,3360,1460,548
quality_4_6_line_2,line,ring,9,full,grid25,229,51fcef6cf25749001fee06c7022b54cf840aeb96d4bfbd0eeb3b135c2c8a256d,24,17,0.9508633920922875,25,10034,6250,7030,4622,2403,24,6301,4249,3360,1460,548
quality_4_6_line_2,line,ring,9,full,grid25,233,51fcef6cf25749001fee06c7022b54cf840aeb96d4bfbd0eeb3b135c2c8a256d,24,17,0.9488840750418603,25,9829,6143,7034,4795,2464,24,6301,4249,3360,1460,548
quality_4_6_line_2,line,ring,10,full,sherbrooke,211,f4c7c99735b89af707db36a1d5b34c7cd997d3751cc14877ff163b52513e4bee,24,19,39.616436233744025,127,61827,36754,10636,14256,3333,24,7021,4741,3768,1627,612
quality_4_6_line_2,line,ring,10,full,sherbrooke,223,f4c7c99735b89af707db36a1d5b34c7cd997d3751cc14877ff163b52513e4bee,24,19,40.77867754595354,127,62119,36875,10653,13514,3149,24,7021,4741,3768,1627,612
quality_4_6_line_2,line,ring,10,full,sherbrooke,227,f4c7c99735b89af707db36a1d5b34c7cd997d3751cc14877ff163b52513e4bee,24,19,38.975365480873734,127,63280,37834,10568,14020,3126,24,7021,4741,3768,1627,612
quality_4_6_line_2,line,ring,10,full,sherbrooke,229,f4c7c99735b89af707db36a1d5b34c7cd997d3751cc14877ff163b52513e4bee,24,19,40.839605499990284,127,62376,37168,10566,13422,3082,24,7021,4741,3768,1627,612
quality_4_6_line_2,line,ring,10,full,sherbrooke,233,f4c7c99735b89af707db36a1d5b34c7cd997d3751cc14877ff163b52513e4bee,24,19,40.52106661722064,127,63450,37816,10692,13843,3179,24,7021,4741,3768,1627,612
quality_4_6_line_2,line,ring,10,full,line25,211,f4c7c99735b89af707db36a1d5b34c7cd997d3751cc14877ff163b52513e4bee,24,19,1.4354706979356706,25,16688,9982,11720,4982,2668,24,7021,4741,3768,1627,612
quality_4_6_line_2,line,ring,10,full,line25,223,f4c7c99735b89af707db36a1d5b34c7cd997d3751cc14877ff163b52513e4bee,24,19,1.4244891870766878,25,16829,10053,11693,5057,2633,24,7021,4741,3768,1627,612
quality_4_6_line_2,line,ring,10,full,line25,227,f4c7c99735b89af707db36a1d5b34c7cd997d3751cc14877ff163b52513e4bee,24,19,1.4262984236702323,25,16914,10098,11803,5153,2696,24,7021,4741,3768,1627,612
quality_4_6_line_2,line,ring,10,full,line25,229,f4c7c99735b89af707db36a1d5b34c7cd997d3751cc14877ff163b52513e4bee,24,19,1.4261286053806543,25,17091,10197,11729,5026,2577,24,7021,4741,3768,1627,612
quality_4_6_line_2,line,ring,10,full,line25,233,f4c7c99735b89af707db36a1d5b34c7cd997d3751cc14877ff163b52513e4bee,24,19,1.4235166609287262,25,16927,10102,11592,4826,2406,24,7021,4741,3768,1627,612
quality_4_6_line_2,line,ring,10,full,grid25,211,f4c7c99735b89af707db36a1d5b34c7cd997d3751cc14877ff163b52513e4bee,24,19,1.084075836930424,25,10450,6576,8071,5345,2805,24,7021,4741,3768,1627,612
quality_4_6_line_2,line,ring,10,full,grid25,223,f4c7c99735b89af707db36a1d5b34c7cd997d3751cc14877ff163b52513e4bee,24,19,1.087957185227424,25,10715,6723,8071,5222,2803,24,7021,4741,3768,1627,612
quality_4_6_line_2,line,ring,10,full,grid25,227,f4c7c99735b89af707db36a1d5b34c7cd997d3751cc14877ff163b52513e4bee,24,19,1.0835964158177376,25,10896,6816,7918,5426,2760,24,7021,4741,3768,1627,612
quality_4_6_line_2,line,ring,10,full,grid25,229,f4c7c99735b89af707db36a1d5b34c7cd997d3751cc14877ff163b52513e4bee,24,19,1.0883913808502257,25,10765,6751,7951,5178,2754,24,7021,4741,3768,1627,612
quality_4_6_line_2,line,ring,10,full,grid25,233,f4c7c99735b89af707db36a1d5b34c7cd997d3751cc14877ff163b52513e4bee,24,19,1.2521099518053234,25,11238,7000,7865,5135,2624,24,7021,4741,3768,1627,612
quality_4_6_line_2,line,ring,11,full,sherbrooke,211,ca4b2cc42ae676c97ca6622918840feffd97d674e486e2eaf6d15917cf389d3a,24,21,46.73163066199049,127,70156,41802,12007,15476,3584,24,7741,5233,4176,1794,676
quality_4_6_line_2,line,ring,11,full,sherbrooke,223,ca4b2cc42ae676c97ca6622918840feffd97d674e486e2eaf6d15917cf389d3a,24,21,51.606320444028825,127,70258,41818,12081,15062,3461,24,7741,5233,4176,1794,676
quality_4_6_line_2,line,ring,11,full,sherbrooke,227,ca4b2cc42ae676c97ca6622918840feffd97d674e486e2eaf6d15917cf389d3a,24,21,51.129106482025236,127,67900,40199,11882,13925,3271,24,7741,5233,4176,1794,676
quality_4_6_line_2,line,ring,11,full,sherbrooke,229,ca4b2cc42ae676c97ca6622918840feffd97d674e486e2eaf6d15917cf389d3a,24,21,50.42841946706176,127,71197,42441,11979,16188,3630,24,7741,5233,4176,1794,676
quality_4_6_line_2,line,ring,11,full,sherbrooke,233,ca4b2cc42ae676c97ca6622918840feffd97d674e486e2eaf6d15917cf389d3a,24,21,48.50578141817823,127,69979,41693,11949,14021,3210,24,7741,5233,4176,1794,676
quality_4_6_line_2,line,ring,11,full,line25,211,ca4b2cc42ae676c97ca6622918840feffd97d674e486e2eaf6d15917cf389d3a,24,21,1.5755639378912747,25,18573,11092,13130,5631,2974,24,7741,5233,4176,1794,676
quality_4_6_line_2,line,ring,11,full,line25,223,ca4b2cc42ae676c97ca6622918840feffd97d674e486e2eaf6d15917cf389d3a,24,21,1.569467790890485,25,18763,11204,12925,5714,2939,24,7741,5233,4176,1794,676
quality_4_6_line_2,line,ring,11,full,line25,227,ca4b2cc42ae676c97ca6622918840feffd97d674e486e2eaf6d15917cf389d3a,24,21,1.571755706332624,25,18880,11271,12955,5430,2898,24,7741,5233,4176,1794,676
quality_4_6_line_2,line,ring,11,full,line25,229,ca4b2cc42ae676c97ca6622918840feffd97d674e486e2eaf6d15917cf389d3a,24,21,1.5673022628761828,25,18636,11129,13014,5489,2884,24,7741,5233,4176,1794,676
quality_4_6_line_2,line,ring,11,full,line25,233,ca4b2cc42ae676c97ca6622918840feffd97d674e486e2eaf6d15917cf389d3a,24,21,1.5549664981663227,25,18083,10830,12885,5474,3049,24,7741,5233,4176,1794,676
quality_4_6_line_2,line,ring,11,full,grid25,211,ca4b2cc42ae676c97ca6622918840feffd97d674e486e2eaf6d15917cf389d3a,24,21,1.1923615131527185,25,12299,7675,8904,5546,2955,24,7741,5233,4176,1794,676
quality_4_6_line_2,line,ring,11,full,grid25,223,ca4b2cc42ae676c97ca6622918840feffd97d674e486e2eaf6d15917cf389d3a,24,21,1.1890636100433767,25,11780,7388,8927,5875,3066,24,7741,5233,4176,1794,676
quality_4_6_line_2,line,ring,11,full,grid25,227,ca4b2cc42ae676c97ca6622918840feffd97d674e486e2eaf6d15917cf389d3a,24,21,1.181060922332108,25,12194,7623,8743,5926,2997,24,7741,5233,4176,1794,676
quality_4_6_line_2,line,ring,11,full,grid25,229,ca4b2cc42ae676c97ca6622918840feffd97d674e486e2eaf6d15917cf389d3a,24,21,1.292747235391289,25,12037,7536,8916,5602,3011,24,7741,5233,4176,1794,676
quality_4_6_line_2,line,ring,11,full,grid25,233,ca4b2cc42ae676c97ca6622918840feffd97d674e486e2eaf6d15917cf389d3a,24,21,1.1941327089443803,25,12064,7552,8789,5932,3008,24,7741,5233,4176,1794,676
quality_4_6_line_2,line,ring,12,full,sherbrooke,211,3a206b1971aad25e33d94fbb3f36944cde5b3dbd91313a7186b49c6be51c684c,24,23,55.23694171663374,127,77302,46187,13064,16873,3916,24,8461,5725,4584,1961,740
quality_4_6_line_2,line,ring,12,full,sherbrooke,223,3a206b1971aad25e33d94fbb3f36944cde5b3dbd91313a7186b49c6be51c684c,24,23,57.78881777264178,127,75983,45181,13070,15886,3706,24,8461,5725,4584,1961,740
quality_4_6_line_2,line,ring,12,full,sherbrooke,227,3a206b1971aad25e33d94fbb3f36944cde5b3dbd91313a7186b49c6be51c684c,24,23,59.339190292172134,127,79011,47387,12995,17100,3704,24,8461,5725,4584,1961,740
quality_4_6_line_2,line,ring,12,full,sherbrooke,229,3a206b1971aad25e33d94fbb3f36944cde5b3dbd91313a7186b49c6be51c684c,24,23,61.3562382562086,127,77297,46021,13213,16563,3856,24,8461,5725,4584,1961,740
quality_4_6_line_2,line,ring,12,full,sherbrooke,233,3a206b1971aad25e33d94fbb3f36944cde5b3dbd91313a7186b49c6be51c684c,24,23,62.43982976488769,127,75394,44798,13021,16372,3817,24,8461,5725,4584,1961,740
quality_4_6_line_2,line,ring,12,full,line25,211,3a206b1971aad25e33d94fbb3f36944cde5b3dbd91313a7186b49c6be51c684c,24,23,1.7549694092012942,25,20289,12131,14564,6308,3319,24,8461,5725,4584,1961,740
quality_4_6_line_2,line,ring,12,full,line25,223,3a206b1971aad25e33d94fbb3f36944cde5b3dbd91313a7186b49c6be51c684c,24,23,1.75005441904068,25,20794,12400,14335,6278,3254,24,8461,5725,4584,1961,740
quality_4_6_line_2,line,ring,12,full,line25,227,3a206b1971aad25e33d94fbb3f36944cde5b3dbd91313a7186b49c6be51c684c,24,23,1.7445857487618923,25,19882,11905,14500,6520,3501,24,8461,5725,4584,1961,740
quality_4_6_line_2,line,ring,12,full,line25,229,3a206b1971aad25e33d94fbb3f36944cde5b3dbd91313a7186b49c6be51c684c,24,23,1.7531293630599976,25,20233,12089,14418,6196,3235,24,8461,5725,4584,1961,740
quality_4_6_line_2,line,ring,12,full,line25,233,3a206b1971aad25e33d94fbb3f36944cde5b3dbd91313a7186b49c6be51c684c,24,23,1.8539841761812568,25,19700,11803,14426,6197,3315,24,8461,5725,4584,1961,740
quality_4_6_line_2,line,ring,12,full,grid25,211,3a206b1971aad25e33d94fbb3f36944cde5b3dbd91313a7186b49c6be51c684c,24,23,1.3237192863598466,25,13597,8480,9662,6134,3218,24,8461,5725,4584,1961,740
quality_4_6_line_2,line,ring,12,full,grid25,223,3a206b1971aad25e33d94fbb3f36944cde5b3dbd91313a7186b49c6be51c684c,24,23,1.317827412392944,25,12820,8056,9853,6620,3471,24,8461,5725,4584,1961,740
quality_4_6_line_2,line,ring,12,full,grid25,227,3a206b1971aad25e33d94fbb3f36944cde5b3dbd91313a7186b49c6be51c684c,24,23,1.316452810075134,25,13216,8277,9682,6487,3380,24,8461,5725,4584,1961,740
quality_4_6_line_2,line,ring,12,full,grid25,229,3a206b1971aad25e33d94fbb3f36944cde5b3dbd91313a7186b49c6be51c684c,24,23,1.3159100911580026,25,12884,8090,9787,6452,3406,24,8461,5725,4584,1961,740
quality_4_6_line_2,line,ring,12,full,grid25,233,3a206b1971aad25e33d94fbb3f36944cde5b3dbd91313a7186b49c6be51c684c,24,23,1.3170365672558546,25,13084,8202,9817,6610,3505,24,8461,5725,4584,1961,740
quality_4_6_line_3,line,serial,3,full,sherbrooke,211,22838b016466039b2e6eb43d5e4131438fc6dfc9d31e06a6031f8a9498be316b,19,5,4.630107250995934,127,19529,11407,3580,9895,2397,19,1477,1175,1181,1482,896
quality_4_6_line_3,line,serial,3,full,sherbrooke,223,22838b016466039b2e6eb43d5e4131438fc6dfc9d31e06a6031f8a9498be316b,19,5,3.893879605922848,127,18682,10977,3364,9749,2366,19,1477,1175,1181,1482,896
quality_4_6_line_3,line,serial,3,full,sherbrooke,227,22838b016466039b2e6eb43d5e4131438fc6dfc9d31e06a6031f8a9498be316b,19,5,3.9305650759488344,127,18750,11026,3296,9330,2210,19,1477,1175,1181,1482,896
quality_4_6_line_3,line,serial,3,full,sherbrooke,229,22838b016466039b2e6eb43d5e4131438fc6dfc9d31e06a6031f8a9498be316b,19,5,4.45758312381804,127,19832,11564,3580,9880,2373,19,1477,1175,1181,1482,896
quality_4_6_line_3,line,serial,3,full,sherbrooke,233,22838b016466039b2e6eb43d5e4131438fc6dfc9d31e06a6031f8a9498be316b,19,5,4.815014792140573,127,20272,11957,3545,10182,2353,19,1477,1175,1181,1482,896
quality_4_6_line_3,line,serial,3,full,line25,211,22838b016466039b2e6eb43d5e4131438fc6dfc9d31e06a6031f8a9498be316b,19,5,0.3583777640014887,25,3100,2056,3821,3811,2546,19,1477,1175,1181,1482,896
quality_4_6_line_3,line,serial,3,full,line25,223,22838b016466039b2e6eb43d5e4131438fc6dfc9d31e06a6031f8a9498be316b,19,5,0.34842650685459375,25,2972,1990,3901,3692,2457,19,1477,1175,1181,1482,896
quality_4_6_line_3,line,serial,3,full,line25,227,22838b016466039b2e6eb43d5e4131438fc6dfc9d31e06a6031f8a9498be316b,19,5,0.34957257006317377,25,3067,2033,3879,3763,2497,19,1477,1175,1181,1482,896
quality_4_6_line_3,line,serial,3,full,line25,229,22838b016466039b2e6eb43d5e4131438fc6dfc9d31e06a6031f8a9498be316b,19,5,0.34912120224907994,25,3012,2008,3818,3630,2427,19,1477,1175,1181,1482,896
quality_4_6_line_3,line,serial,3,full,line25,233,22838b016466039b2e6eb43d5e4131438fc6dfc9d31e06a6031f8a9498be316b,19,5,0.34782102098688483,25,3032,2019,3840,3666,2459,19,1477,1175,1181,1482,896
quality_4_6_line_3,line,serial,3,full,grid25,211,22838b016466039b2e6eb43d5e4131438fc6dfc9d31e06a6031f8a9498be316b,19,5,0.2853431957773864,25,2151,1540,2538,2608,1714,19,1477,1175,1181,1482,896
quality_4_6_line_3,line,serial,3,full,grid25,223,22838b016466039b2e6eb43d5e4131438fc6dfc9d31e06a6031f8a9498be316b,19,5,0.22381858993321657,25,2362,1651,2478,2710,1717,19,1477,1175,1181,1482,896
quality_4_6_line_3,line,serial,3,full,grid25,227,22838b016466039b2e6eb43d5e4131438fc6dfc9d31e06a6031f8a9498be316b,19,5,0.2461252398788929,25,2307,1615,2478,2675,1722,19,1477,1175,1181,1482,896
quality_4_6_line_3,line,serial,3,full,grid25,229,22838b016466039b2e6eb43d5e4131438fc6dfc9d31e06a6031f8a9498be316b,19,5,0.2834268771111965,25,2259,1601,2486,2726,1763,19,1477,1175,1181,1482,896
quality_4_6_line_3,line,serial,3,full,grid25,233,22838b016466039b2e6eb43d5e4131438fc6dfc9d31e06a6031f8a9498be316b,19,5,0.2440360258333385,25,2203,1562,2498,2614,1723,19,1477,1175,1181,1482,896
quality_4_6_line_3,line,complete,1,full,sherbrooke,211,aae165753d937b992a7708901704bdf8cdd0216fb08ce8d78bf3615d69d69abe,24,1,0.23920738929882646,127,2423,1485,324,664,117,24,1081,637,240,147,36
quality_4_6_line_3,line,complete,1,full,sherbrooke,223,aae165753d937b992a7708901704bdf8cdd0216fb08ce8d78bf3615d69d69abe,24,1,0.06021095812320709,127,2547,1557,328,394,68,24,1081,637,240,147,36
quality_4_6_line_3,line,complete,1,full,sherbrooke,227,aae165753d937b992a7708901704bdf8cdd0216fb08ce8d78bf3615d69d69abe,24,1,0.06395823461934924,127,2467,1516,314,391,67,24,1081,637,240,147,36
quality_4_6_line_3,line,complete,1,full,sherbrooke,229,aae165753d937b992a7708901704bdf8cdd0216fb08ce8d78bf3615d69d69abe,24,1,0.07887027692049742,127,2512,1529,320,416,70,24,1081,637,240,147,36
quality_4_6_line_3,line,complete,1,full,sherbrooke,233,aae165753d937b992a7708901704bdf8cdd0216fb08ce8d78bf3615d69d69abe,24,1,0.07763504795730114,127,2374,1461,311,374,59,24,1081,637,240,147,36
quality_4_6_line_3,line,complete,1,full,line25,211,aae165753d937b992a7708901704bdf8cdd0216fb08ce8d78bf3615d69d69abe,24,1,0.040677497163414955,25,1501,861,300,185,47,24,1081,637,240,147,36
quality_4_6_line_3,line,complete,1,full,line25,223,aae165753d937b992a7708901704bdf8cdd0216fb08ce8d78bf3615d69d69abe,24,1,0.040073501877486706,25,1491,856,306,188,52,24,1081,637,240,147,36
quality_4_6_line_3,line,complete,1,full,line25,227,aae165753d937b992a7708901704bdf8cdd0216fb08ce8d78bf3615d69d69abe,24,1,0.0405615190975368,25,1440,828,324,205,58,24,1081,637,240,147,36
quality_4_6_line_3,line,complete,1,full,line25,229,aae165753d937b992a7708901704bdf8cdd0216fb08ce8d78bf3615d69d69abe,24,1,0.04013290489092469,25,1481,851,312,188,52,24,1081,637,240,147,36
quality_4_6_line_3,line,complete,1,full,line25,233,aae165753d937b992a7708901704bdf8cdd0216fb08ce8d78bf3615d69d69abe,24,1,0.04014263255521655,25,1463,840,318,198,55,24,1081,637,240,147,36
quality_4_6_line_3,line,complete,1,full,grid25,211,aae165753d937b992a7708901704bdf8cdd0216fb08ce8d78bf3615d69d69abe,24,1,0.04054995719343424,25,1261,726,293,207,60,24,1081,637,240,147,36
quality_4_6_line_3,line,complete,1,full,grid25,223,aae165753d937b992a7708901704bdf8cdd0216fb08ce8d78bf3615d69d69abe,24,1,0.04030348500236869,25,1274,734,297,217,63,24,1081,637,240,147,36
quality_4_6_line_3,line,complete,1,full,grid25,227,aae165753d937b992a7708901704bdf8cdd0216fb08ce8d78bf3615d69d69abe,24,1,0.03971584141254425,25,1261,723,297,206,60,24,1081,637,240,147,36
quality_4_6_line_3,line,complete,1,full,grid25,229,aae165753d937b992a7708901704bdf8cdd0216fb08ce8d78bf3615d69d69abe,24,1,0.03964743297547102,25,1245,716,298,229,64,24,1081,637,240,147,36
quality_4_6_line_3,line,complete,1,full,grid25,233,aae165753d937b992a7708901704bdf8cdd0216fb08ce8d78bf3615d69d69abe,24,1,0.040190090890973806,25,1276,734,301,212,63,24,1081,637,240,147,36
quality_4_6_line_3,line,complete,2,full,sherbrooke,211,c6b9d842af9b07e2b952b58042260a318b049881f43023cf0152a1b0680b2c72,24,3,1.5534497569315135,127,10997,6641,1686,2005,432,24,2401,1513,912,376,126
quality_4_6_line_3,line,complete,2,full,sherbrooke,223,c6b9d842af9b07e2b952b58042260a318b049881f43023cf0152a1b0680b2c72,24,3,1.1155428169295192,127,10401,6327,1541,1824,379,24,2401,1513,912,376,126
quality_4_6_line_3,line,complete,2,full,sherbrooke,227,c6b9d842af9b07e2b952b58042260a318b049881f43023cf0152a1b0680b2c72,24,3,1.2381286467425525,127,11381,6910,1685,2031,419,24,2401,1513,912,376,126
quality_4_6_line_3,line,complete,2,full,sherbrooke,229,c6b9d842af9b07e2b952b58042260a318b049881f43023cf0152a1b0680b2c72,24,3,1.3212863351218402,127,10873,6630,1584,1753,355,24,2401,1513,912,376,126
quality_4_6_line_3,line,complete,2,full,sherbrooke,233,c6b9d842af9b07e2b952b58042260a318b049881f43023cf0152a1b0680b2c72,24,3,1.3565762462094426,127,10839,6570,1677,1779,398,24,2401,1513,912,376,126
quality_4_6_line_3,line,complete,2,full,line25,211,c6b9d842af9b07e2b952b58042260a318b049881f43023cf0152a1b0680b2c72,24,3,0.20819743582978845,25,5232,3036,1501,778,314,24,2401,1513,912,376,126
quality_4_6_line_3,line,complete,2,full,line25,223,c6b9d842af9b07e2b952b58042260a318b049881f43023cf0152a1b0680b2c72,24,3,0.19845099421218038,25,5084,2959,1521,771,310,24,2401,1513,912,376,126
quality_4_6_line_3,line,complete,2,full,line25,227,c6b9d842af9b07e2b952b58042260a318b049881f43023cf0152a1b0680b2c72,24,3,0.19569660210981965,25,5010,2916,1519,781,319,24,2401,1513,912,376,126
quality_4_6_line_3,line,complete,2,full,line25,229,c6b9d842af9b07e2b952b58042260a318b049881f43023cf0152a1b0680b2c72,24,3,0.20631659356877208,25,5174,3006,1525,797,317,24,2401,1513,912,376,126
quality_4_6_line_3,line,complete,2,full,line25,233,c6b9d842af9b07e2b952b58042260a318b049881f43023cf0152a1b0680b2c72,24,3,0.19820564286783338,25,5261,3054,1507,780,303,24,2401,1513,912,376,126
quality_4_6_line_3,line,complete,2,full,grid25,211,c6b9d842af9b07e2b952b58042260a318b049881f43023cf0152a1b0680b2c72,24,3,0.19871252495795488,25,3595,2139,1402,945,374,24,2401,1513,912,376,126
quality_4_6_line_3,line,complete,2,full,grid25,223,c6b9d842af9b07e2b952b58042260a318b049881f43023cf0152a1b0680b2c72,24,3,0.1977848527021706,25,3388,2028,1408,889,369,24,2401,1513,912,376,126
quality_4_6_line_3,line,complete,2,full,grid25,227,c6b9d842af9b07e2b952b58042260a318b049881f43023cf0152a1b0680b2c72,24,3,0.19734023790806532,25,3337,1995,1435,960,411,24,2401,1513,912,376,126
quality_4_6_line_3,line,complete,2,full,grid25,229,c6b9d842af9b07e2b952b58042260a318b049881f43023cf0152a1b0680b2c72,24,3,0.1970221297815442,25,3240,1945,1413,968,414,24,2401,1513,912,376,126
quality_4_6_line_3,line,complete,2,full,grid25,233,c6b9d842af9b07e2b952b58042260a318b049881f43023cf0152a1b0680b2c72,24,3,0.20147028379142284,25,3518,2096,1401,967,372,24,2401,1513,912,376,126
quality_4_6_line_3,line,complete,3,full,sherbrooke,211,0d312e64edf980a8a021a5680f57b82b08cdc8db0ef95d6b7e8095f616ab76eb,24,5,3.6758268331177533,127,19468,11810,2969,3400,741,24,3721,2389,1584,587,204
quality_4_6_line_3,line,complete,3,full,sherbrooke,223,0d312e64edf980a8a021a5680f57b82b08cdc8db0ef95d6b7e8095f616ab76eb,24,5,3.7833181959576905,127,20332,12344,3150,3085,655,24,3721,2389,1584,587,204
quality_4_6_line_3,line,complete,3,full,sherbrooke,227,0d312e64edf980a8a021a5680f57b82b08cdc8db0ef95d6b7e8095f616ab76eb,24,5,4.561300882138312,127,20428,12387,3075,3756,794,24,3721,2389,1584,587,204
quality_4_6_line_3,line,complete,3,full,sherbrooke,229,0d312e64edf980a8a021a5680f57b82b08cdc8db0ef95d6b7e8095f616ab76eb,24,5,4.18763899570331,127,20147,12204,3049,3151,659,24,3721,2389,1584,587,204
quality_4_6_line_3,line,complete,3,full,sherbrooke,233,0d312e64edf980a8a021a5680f57b82b08cdc8db0ef95d6b7e8095f616ab76eb,24,5,4.301882149185985,127,20578,12386,3222,3833,835,24,3721,2389,1584,587,204
quality_4_6_line_3,line,complete,3,full,line25,211,0d312e64edf980a8a021a5680f57b82b08cdc8db0ef95d6b7e8095f616ab76eb,24,5,0.36266597686335444,25,8921,5201,2764,1278,564,24,3721,2389,1584,587,204
quality_4_6_line_3,line,complete,3,full,line25,223,0d312e64edf980a8a021a5680f57b82b08cdc8db0ef95d6b7e8095f616ab76eb,24,5,0.3520746580325067,25,8878,5171,2767,1340,558,24,3721,2389,1584,587,204
quality_4_6_line_3,line,complete,3,full,line25,227,0d312e64edf980a8a021a5680f57b82b08cdc8db0ef95d6b7e8095f616ab76eb,24,5,0.3591760736890137,25,8949,5214,2794,1318,551,24,3721,2389,1584,587,204
quality_4_6_line_3,line,complete,3,full,line25,229,0d312e64edf980a8a021a5680f57b82b08cdc8db0ef95d6b7e8095f616ab76eb,24,5,0.3526678020134568,25,8656,5053,2769,1247,508,24,3721,2389,1584,587,204
quality_4_6_line_3,line,complete,3,full,line25,233,0d312e64edf980a8a021a5680f57b82b08cdc8db0ef95d6b7e8095f616ab76eb,24,5,0.3520667729899287,25,8669,5058,2821,1337,591,24,3721,2389,1584,587,204
quality_4_6_line_3,line,complete,3,full,grid25,211,0d312e64edf980a8a021a5680f57b82b08cdc8db0ef95d6b7e8095f616ab76eb,24,5,0.3514660648070276,25,5344,3228,2546,1565,707,24,3721,2389,1584,587,204
quality_4_6_line_3,line,complete,3,full,grid25,223,0d312e64edf980a8a021a5680f57b82b08cdc8db0ef95d6b7e8095f616ab76eb,24,5,0.3537731780670583,25,5284,3202,2625,1887,757,24,3721,2389,1584,587,204
quality_4_6_line_3,line,complete,3,full,grid25,227,0d312e64edf980a8a021a5680f57b82b08cdc8db0ef95d6b7e8095f616ab76eb,24,5,0.35481942305341363,25,5403,3264,2591,1629,735,24,3721,2389,1584,587,204
quality_4_6_line_3,line,complete,3,full,grid25,229,0d312e64edf980a8a021a5680f57b82b08cdc8db0ef95d6b7e8095f616ab76eb,24,5,0.3508271146565676,25,5850,3513,2497,1358,598,24,3721,2389,1584,587,204
quality_4_6_line_3,line,complete,3,full,grid25,233,0d312e64edf980a8a021a5680f57b82b08cdc8db0ef95d6b7e8095f616ab76eb,24,5,0.35634367540478706,25,5365,3247,2602,1787,786,24,3721,2389,1584,587,204
quality_4_6_line_3,line,complete,4,full,sherbrooke,211,40bc701e50756b5cb4f4296b4b8885b1a4b0dc620ebb1a3791548d280095c968,24,7,8.329013534355909,127,28813,17434,4476,5369,1155,24,5041,3265,2256,798,282
quality_4_6_line_3,line,complete,4,full,sherbrooke,223,40bc701e50756b5cb4f4296b4b8885b1a4b0dc620ebb1a3791548d280095c968,24,7,8.475928900763392,127,29956,18142,4586,5960,1258,24,5041,3265,2256,798,282
quality_4_6_line_3,line,complete,4,full,sherbrooke,227,40bc701e50756b5cb4f4296b4b8885b1a4b0dc620ebb1a3791548d280095c968,24,7,7.952959805727005,127,30380,18339,4726,5686,1180,24,5041,3265,2256,798,282
quality_4_6_line_3,line,complete,4,full,sherbrooke,229,40bc701e50756b5cb4f4296b4b8885b1a4b0dc620ebb1a3791548d280095c968,24,7,8.213518721051514,127,29390,17837,4442,5143,1051,24,5041,3265,2256,798,282
quality_4_6_line_3,line,complete,4,full,sherbrooke,233,40bc701e50756b5cb4f4296b4b8885b1a4b0dc620ebb1a3791548d280095c968,24,7,8.199001959059387,127,29126,17714,4354,4425,910,24,5041,3265,2256,798,282
quality_4_6_line_3,line,complete,4,full,line25,211,40bc701e50756b5cb4f4296b4b8885b1a4b0dc620ebb1a3791548d280095c968,24,7,0.5388337257318199,25,12579,7343,4019,1775,761,24,5041,3265,2256,798,282
quality_4_6_line_3,line,complete,4,full,line25,223,40bc701e50756b5cb4f4296b4b8885b1a4b0dc620ebb1a3791548d280095c968,24,7,0.5369854858145118,25,12416,7252,4052,1804,749,24,5041,3265,2256,798,282
quality_4_6_line_3,line,complete,4,full,line25,227,40bc701e50756b5cb4f4296b4b8885b1a4b0dc620ebb1a3791548d280095c968,24,7,0.5369377261959016,25,12589,7343,4021,1788,783,24,5041,3265,2256,798,282
quality_4_6_line_3,line,complete,4,full,line25,229,40bc701e50756b5cb4f4296b4b8885b1a4b0dc620ebb1a3791548d280095c968,24,7,0.5339133562520146,25,12567,7337,4081,1810,791,24,5041,3265,2256,798,282
quality_4_6_line_3,line,complete,4,full,line25,233,40bc701e50756b5cb4f4296b4b8885b1a4b0dc620ebb1a3791548d280095c968,24,7,0.5389689807780087,25,12678,7387,4030,1848,783,24,5041,3265,2256,798,282
quality_4_6_line_3,line,complete,4,full,grid25,211,40bc701e50756b5cb4f4296b4b8885b1a4b0dc620ebb1a3791548d280095c968,24,7,0.5330232554115355,25,7982,4825,3695,2571,1074,24,5041,3265,2256,798,282
quality_4_6_line_3,line,complete,4,full,grid25,223,40bc701e50756b5cb4f4296b4b8885b1a4b0dc620ebb1a3791548d280095c968,24,7,0.5250786668621004,25,7710,4674,3699,2220,929,24,5041,3265,2256,798,282
quality_4_6_line_3,line,complete,4,full,grid25,227,40bc701e50756b5cb4f4296b4b8885b1a4b0dc620ebb1a3791548d280095c968,24,7,0.5328863780014217,25,7777,4714,3746,2494,1113,24,5041,3265,2256,798,282
quality_4_6_line_3,line,complete,4,full,grid25,229,40bc701e50756b5cb4f4296b4b8885b1a4b0dc620ebb1a3791548d280095c968,24,7,0.5329925077967346,25,7810,4719,3791,2403,1042,24,5041,3265,2256,798,282
quality_4_6_line_3,line,complete,4,full,grid25,233,40bc701e50756b5cb4f4296b4b8885b1a4b0dc620ebb1a3791548d280095c968,24,7,0.5339183760806918,25,7478,4537,3825,2446,1094,24,5041,3265,2256,798,282
quality_4_6_line_3,line,complete,5,full,sherbrooke,211,d6074ff9ff2def877fca5ce2d9faaf85eb044fac10290bceb839db2131d00667,24,9,13.84782946901396,127,40076,24222,6265,8397,1758,24,6361,4141,2928,1009,360
quality_4_6_line_3,line,complete,5,full,sherbrooke,223,d6074ff9ff2def877fca5ce2d9faaf85eb044fac10290bceb839db2131d00667,24,9,13.79000057419762,127,37997,22951,5976,5935,1316,24,6361,4141,2928,1009,360
quality_4_6_line_3,line,complete,5,full,sherbrooke,227,d6074ff9ff2def877fca5ce2d9faaf85eb044fac10290bceb839db2131d00667,24,9,14.571948534809053,127,38428,23167,6045,6281,1347,24,6361,4141,2928,1009,360
quality_4_6_line_3,line,complete,5,full,sherbrooke,229,d6074ff9ff2def877fca5ce2d9faaf85eb044fac10290bceb839db2131d00667,24,9,14.548758437857032,127,38847,23482,6054,6536,1393,24,6361,4141,2928,1009,360
quality_4_6_line_3,line,complete,5,full,sherbrooke,233,d6074ff9ff2def877fca5ce2d9faaf85eb044fac10290bceb839db2131d00667,24,9,15.758188483305275,127,38891,23506,6082,7078,1508,24,6361,4141,2928,1009,360
quality_4_6_line_3,line,complete,5,full,line25,211,d6074ff9ff2def877fca5ce2d9faaf85eb044fac10290bceb839db2131d00667,24,9,0.7051072553731501,25,16208,9470,5333,2305,987,24,6361,4141,2928,1009,360
quality_4_6_line_3,line,complete,5,full,line25,223,d6074ff9ff2def877fca5ce2d9faaf85eb044fac10290bceb839db2131d00667,24,9,0.7057040957733989,25,16352,9542,5344,2404,1022,24,6361,4141,2928,1009,360
quality_4_6_line_3,line,complete,5,full,line25,227,d6074ff9ff2def877fca5ce2d9faaf85eb044fac10290bceb839db2131d00667,24,9,0.6999703086912632,25,16382,9564,5291,2365,1035,24,6361,4141,2928,1009,360
quality_4_6_line_3,line,complete,5,full,line25,229,d6074ff9ff2def877fca5ce2d9faaf85eb044fac10290bceb839db2131d00667,24,9,0.7007401641458273,25,16121,9419,5354,2484,1070,24,6361,4141,2928,1009,360
quality_4_6_line_3,line,complete,5,full,line25,233,d6074ff9ff2def877fca5ce2d9faaf85eb044fac10290bceb839db2131d00667,24,9,0.6962318490259349,25,16175,9454,5374,2415,1027,24,6361,4141,2928,1009,360
quality_4_6_line_3,line,complete,5,full,grid25,211,d6074ff9ff2def877fca5ce2d9faaf85eb044fac10290bceb839db2131d00667,24,9,0.6819193209521472,25,9848,5979,4905,3031,1354,24,6361,4141,2928,1009,360
quality_4_6_line_3,line,complete,5,full,grid25,223,d6074ff9ff2def877fca5ce2d9faaf85eb044fac10290bceb839db2131d00667,24,9,0.6878762780688703,25,9796,5952,4873,3124,1389,24,6361,4141,2928,1009,360
quality_4_6_line_3,line,complete,5,full,grid25,227,d6074ff9ff2def877fca5ce2d9faaf85eb044fac10290bceb839db2131d00667,24,9,0.6903158589266241,25,9758,5931,4974,3104,1336,24,6361,4141,2928,1009,360
quality_4_6_line_3,line,complete,5,full,grid25,229,d6074ff9ff2def877fca5ce2d9faaf85eb044fac10290bceb839db2131d00667,24,9,0.6900787139311433,25,10008,6056,4870,3111,1348,24,6361,4141,2928,1009,360
quality_4_6_line_3,line,complete,5,full,grid25,233,d6074ff9ff2def877fca5ce2d9faaf85eb044fac10290bceb839db2131d00667,24,9,0.685868747998029,25,10313,6233,4827,3007,1347,24,6361,4141,2928,1009,360
quality_4_6_line_3,line,complete,6,full,sherbrooke,211,e261fcaef8a678e1744a9180906eed641672471219d362940ac4ab4c483a4226,24,11,17.75137564726174,127,45447,27699,6723,6159,1329,24,7681,5017,3600,1220,438
quality_4_6_line_3,line,complete,6,full,sherbrooke,223,e261fcaef8a678e1744a9180906eed641672471219d362940ac4ab4c483a4226,24,11,22.169013449922204,127,47733,28831,7353,7992,1684,24,7681,5017,3600,1220,438
quality_4_6_line_3,line,complete,6,full,sherbrooke,227,e261fcaef8a678e1744a9180906eed641672471219d362940ac4ab4c483a4226,24,11,22.09417148726061,127,47959,28913,7555,8510,1836,24,7681,5017,3600,1220,438
quality_4_6_line_3,line,complete,6,full,sherbrooke,229,e261fcaef8a678e1744a9180906eed641672471219d362940ac4ab4c483a4226,24,11,22.253799655940384,127,47389,28611,7355,7784,1659,24,7681,5017,3600,1220,438
quality_4_6_line_3,line,complete,6,full,sherbrooke,233,e261fcaef8a678e1744a9180906eed641672471219d362940ac4ab4c483a4226,24,11,22.121035452000797,127,46774,28335,7037,7337,1555,24,7681,5017,3600,1220,438
quality_4_6_line_3,line,complete,6,full,line25,211,e261fcaef8a678e1744a9180906eed641672471219d362940ac4ab4c483a4226,24,11,0.8822093866765499,25,19728,11526,6672,3028,1302,24,7681,5017,3600,1220,438
quality_4_6_line_3,line,complete,6,full,line25,223,e261fcaef8a678e1744a9180906eed641672471219d362940ac4ab4c483a4226,24,11,0.8788417731411755,25,19844,11598,6692,3111,1319,24,7681,5017,3600,1220,438
quality_4_6_line_3,line,complete,6,full,line25,227,e261fcaef8a678e1744a9180906eed641672471219d362940ac4ab4c483a4226,24,11,0.8826235742308199,25,19933,11648,6645,2898,1266,24,7681,5017,3600,1220,438
quality_4_6_line_3,line,complete,6,full,line25,229,e261fcaef8a678e1744a9180906eed641672471219d362940ac4ab4c483a4226,24,11,0.8753840900026262,25,19816,11584,6625,2977,1294,24,7681,5017,3600,1220,438
quality_4_6_line_3,line,complete,6,full,line25,233,e261fcaef8a678e1744a9180906eed641672471219d362940ac4ab4c483a4226,24,11,0.8779664491303265,25,20028,11705,6654,3077,1376,24,7681,5017,3600,1220,438
quality_4_6_line_3,line,complete,6,full,grid25,211,e261fcaef8a678e1744a9180906eed641672471219d362940ac4ab4c483a4226,24,11,0.8541826060973108,25,12457,7547,6080,3689,1649,24,7681,5017,3600,1220,438
quality_4_6_line_3,line,complete,6,full,grid25,223,e261fcaef8a678e1744a9180906eed641672471219d362940ac4ab4c483a4226,24,11,0.8600777457468212,25,12004,7289,6158,3922,1794,24,7681,5017,3600,1220,438
quality_4_6_line_3,line,complete,6,full,grid25,227,e261fcaef8a678e1744a9180906eed641672471219d362940ac4ab4c483a4226,24,11,0.8541887868195772,25,12392,7501,6105,3778,1665,24,7681,5017,3600,1220,438
quality_4_6_line_3,line,complete,6,full,grid25,229,e261fcaef8a678e1744a9180906eed641672471219d362940ac4ab4c483a4226,24,11,0.8569951481185853,25,12343,7484,6087,3712,1677,24,7681,5017,3600,1220,438
quality_4_6_line_3,line,complete,6,full,grid25,233,e261fcaef8a678e1744a9180906eed641672471219d362940ac4ab4c483a4226,24,11,0.9350491128861904,25,12182,7404,6016,3862,1639,24,7681,5017,3600,1220,438
quality_4_6_line_3,line,complete,7,full,sherbrooke,211,8a63863f0c3f260cdb57a4472995f7fcbfeea892c6467060f37382c55c1927e2,24,13,27.293246280867606,127,58085,35207,8926,10769,2318,24,9001,5893,4272,1431,516
quality_4_6_line_3,line,complete,7,full,sherbrooke,223,8a63863f0c3f260cdb57a4472995f7fcbfeea892c6467060f37382c55c1927e2,24,13,32.41881022742018,127,55838,33797,8585,8470,1876,24,9001,5893,4272,1431,516
quality_4_6_line_3,line,complete,7,full,sherbrooke,227,8a63863f0c3f260cdb57a4472995f7fcbfeea892c6467060f37382c55c1927e2,24,13,33.10006580129266,127,57528,34787,9096,11783,2572,24,9001,5893,4272,1431,516
quality_4_6_line_3,line,complete,7,full,sherbrooke,229,8a63863f0c3f260cdb57a4472995f7fcbfeea892c6467060f37382c55c1927e2,24,13,32.825417747255415,127,57496,34718,8982,10094,2161,24,9001,5893,4272,1431,516
quality_4_6_line_3,line,complete,7,full,sherbrooke,233,8a63863f0c3f260cdb57a4472995f7fcbfeea892c6467060f37382c55c1927e2,24,13,33.248341244179755,127,58621,35485,9257,11918,2577,24,9001,5893,4272,1431,516
quality_4_6_line_3,line,complete,7,full,line25,211,8a63863f0c3f260cdb57a4472995f7fcbfeea892c6467060f37382c55c1927e2,24,13,1.086256570648402,25,23724,13861,7942,3644,1649,24,9001,5893,4272,1431,516
quality_4_6_line_3,line,complete,7,full,line25,223,8a63863f0c3f260cdb57a4472995f7fcbfeea892c6467060f37382c55c1927e2,24,13,1.0882985759526491,25,23565,13773,8019,3701,1658,24,9001,5893,4272,1431,516
quality_4_6_line_3,line,complete,7,full,line25,227,8a63863f0c3f260cdb57a4472995f7fcbfeea892c6467060f37382c55c1927e2,24,13,1.0877935369499028,25,23547,13759,7942,3539,1564,24,9001,5893,4272,1431,516
quality_4_6_line_3,line,complete,7,full,line25,229,8a63863f0c3f260cdb57a4472995f7fcbfeea892c6467060f37382c55c1927e2,24,13,1.0853040018118918,25,23178,13554,7986,3515,1596,24,9001,5893,4272,1431,516
quality_4_6_line_3,line,complete,7,full,line25,233,8a63863f0c3f260cdb57a4472995f7fcbfeea892c6467060f37382c55c1927e2,24,13,1.0795357208698988,25,23911,13969,7833,3466,1526,24,9001,5893,4272,1431,516
quality_4_6_line_3,line,complete,7,full,grid25,211,8a63863f0c3f260cdb57a4472995f7fcbfeea892c6467060f37382c55c1927e2,24,13,1.0504033039323986,25,14029,8544,7368,4766,2213,24,9001,5893,4272,1431,516
quality_4_6_line_3,line,complete,7,full,grid25,223,8a63863f0c3f260cdb57a4472995f7fcbfeea892c6467060f37382c55c1927e2,24,13,1.0506791910156608,25,13918,8474,7364,4815,2138,24,9001,5893,4272,1431,516
quality_4_6_line_3,line,complete,7,full,grid25,227,8a63863f0c3f260cdb57a4472995f7fcbfeea892c6467060f37382c55c1927e2,24,13,1.056975875981152,25,14193,8644,7267,4724,2088,24,9001,5893,4272,1431,516
quality_4_6_line_3,line,complete,7,full,grid25,229,8a63863f0c3f260cdb57a4472995f7fcbfeea892c6467060f37382c55c1927e2,24,13,1.1462209559977055,25,13807,8430,7269,4360,2035,24,9001,5893,4272,1431,516
quality_4_6_line_3,line,complete,7,full,grid25,233,8a63863f0c3f260cdb57a4472995f7fcbfeea892c6467060f37382c55c1927e2,24,13,1.0540682058781385,25,14265,8655,7350,4908,2182,24,9001,5893,4272,1431,516
quality_4_6_line_3,line,complete,8,full,sherbrooke,211,fb77e7fc62b9d3daba13325116d150d65c0fd3ff0749a4b32095ed77c23c7e1c,24,15,39.76426485227421,127,65785,39658,10618,11954,2644,24,10321,6769,4944,1642,594
quality_4_6_line_3,line,complete,8,full,sherbrooke,223,fb77e7fc62b9d3daba13325116d150d65c0fd3ff0749a4b32095ed77c23c7e1c,24,15,41.55142930429429,127,66899,40413,10442,11869,2538,24,10321,6769,4944,1642,594
quality_4_6_line_3,line,complete,8,full,sherbrooke,227,fb77e7fc62b9d3daba13325116d150d65c0fd3ff0749a4b32095ed77c23c7e1c,24,15,42.09884972916916,127,65920,39700,10596,12676,2804,24,10321,6769,4944,1642,594
quality_4_6_line_3,line,complete,8,full,sherbrooke,229,fb77e7fc62b9d3daba13325116d150d65c0fd3ff0749a4b32095ed77c23c7e1c,24,15,46.757942581083626,127,67894,40923,10768,12965,2860,24,10321,6769,4944,1642,594
quality_4_6_line_3,line,complete,8,full,sherbrooke,233,fb77e7fc62b9d3daba13325116d150d65c0fd3ff0749a4b32095ed77c23c7e1c,24,15,42.81302829599008,127,66786,40417,10182,11862,2485,24,10321,6769,4944,1642,594
quality_4_6_line_3,line,complete,8,full,line25,211,fb77e7fc62b9d3daba13325116d150d65c0fd3ff0749a4b32095ed77c23c7e1c,24,15,1.2742905248887837,25,27181,15899,9309,4061,1798,24,10321,6769,4944,1642,594
quality_4_6_line_3,line,complete,8,full,line25,223,fb77e7fc62b9d3daba13325116d150d65c0fd3ff0749a4b32095ed77c23c7e1c,24,15,1.274852380156517,25,27148,15874,9296,4220,1903,24,10321,6769,4944,1642,594
quality_4_6_line_3,line,complete,8,full,line25,227,fb77e7fc62b9d3daba13325116d150d65c0fd3ff0749a4b32095ed77c23c7e1c,24,15,1.277454586699605,25,27177,15895,9368,4230,1943,24,10321,6769,4944,1642,594
quality_4_6_line_3,line,complete,8,full,line25,229,fb77e7fc62b9d3daba13325116d150d65c0fd3ff0749a4b32095ed77c23c7e1c,24,15,1.2740051387809217,25,27422,16025,9225,4287,1931,24,10321,6769,4944,1642,594
quality_4_6_line_3,line,complete,8,full,line25,233,fb77e7fc62b9d3daba13325116d150d65c0fd3ff0749a4b32095ed77c23c7e1c,24,15,1.4330280739814043,25,27353,15993,9216,4097,1797,24,10321,6769,4944,1642,594
quality_4_6_line_3,line,complete,8,full,grid25,211,fb77e7fc62b9d3daba13325116d150d65c0fd3ff0749a4b32095ed77c23c7e1c,24,15,1.2288827546872199,25,16124,9831,8606,5337,2348,24,10321,6769,4944,1642,594
quality_4_6_line_3,line,complete,8,full,grid25,223,fb77e7fc62b9d3daba13325116d150d65c0fd3ff0749a4b32095ed77c23c7e1c,24,15,1.2320297039113939,25,16262,9910,8433,5218,2342,24,10321,6769,4944,1642,594
quality_4_6_line_3,line,complete,8,full,grid25,227,fb77e7fc62b9d3daba13325116d150d65c0fd3ff0749a4b32095ed77c23c7e1c,24,15,1.2279905588366091,25,16163,9842,8464,5418,2430,24,10321,6769,4944,1642,594
quality_4_6_line_3,line,complete,8,full,grid25,229,fb77e7fc62b9d3daba13325116d150d65c0fd3ff0749a4b32095ed77c23c7e1c,24,15,1.2284949468448758,25,15882,9697,8612,5529,2507,24,10321,6769,4944,1642,594
quality_4_6_line_3,line,complete,8,full,grid25,233,fb77e7fc62b9d3daba13325116d150d65c0fd3ff0749a4b32095ed77c23c7e1c,24,15,1.2224262598901987,25,16352,9951,8527,5229,2473,24,10321,6769,4944,1642,594
quality_4_6_line_3,line,complete,9,full,sherbrooke,211,ec3fd973a67edc6aa2ad61df1769dcf3be357cff84e56388067da9c24afc8db7,24,17,56.78281877189875,127,75574,45470,12221,12922,2903,24,11641,7645,5616,1853,672
quality_4_6_line_3,line,complete,9,full,sherbrooke,223,ec3fd973a67edc6aa2ad61df1769dcf3be357cff84e56388067da9c24afc8db7,24,17,52.952984178904444,127,74446,45015,11565,10844,2414,24,11641,7645,5616,1853,672
quality_4_6_line_3,line,complete,9,full,sherbrooke,227,ec3fd973a67edc6aa2ad61df1769dcf3be357cff84e56388067da9c24afc8db7,24,17,57.53994465479627,127,78154,47215,12312,15826,3474,24,11641,7645,5616,1853,672
quality_4_6_line_3,line,complete,9,full,sherbrooke,229,ec3fd973a67edc6aa2ad61df1769dcf3be357cff84e56388067da9c24afc8db7,24,17,57.29810672532767,127,74637,44820,12097,13719,3099,24,11641,7645,5616,1853,672
quality_4_6_line_3,line,complete,9,full,sherbrooke,233,ec3fd973a67edc6aa2ad61df1769dcf3be357cff84e56388067da9c24afc8db7,24,17,60.42463971534744,127,78329,47197,12465,13525,2970,24,11641,7645,5616,1853,672
quality_4_6_line_3,line,complete,9,full,line25,211,ec3fd973a67edc6aa2ad61df1769dcf3be357cff84e56388067da9c24afc8db7,24,17,1.4787701722234488,25,30940,18095,10491,4781,2118,24,11641,7645,5616,1853,672
quality_4_6_line_3,line,complete,9,full,line25,223,ec3fd973a67edc6aa2ad61df1769dcf3be357cff84e56388067da9c24afc8db7,24,17,1.4766434780322015,25,30856,18046,10585,4765,2075,24,11641,7645,5616,1853,672
quality_4_6_line_3,line,complete,9,full,line25,227,ec3fd973a67edc6aa2ad61df1769dcf3be357cff84e56388067da9c24afc8db7,24,17,1.5873840041458607,25,30201,17694,10740,4673,2068,24,11641,7645,5616,1853,672
quality_4_6_line_3,line,complete,9,full,line25,229,ec3fd973a67edc6aa2ad61df1769dcf3be357cff84e56388067da9c24afc8db7,24,17,1.4780657589435577,25,31212,18239,10561,4752,2176,24,11641,7645,5616,1853,672
quality_4_6_line_3,line,complete,9,full,line25,233,ec3fd973a67edc6aa2ad61df1769dcf3be357cff84e56388067da9c24afc8db7,24,17,1.4521261476911604,25,30322,17751,10635,4707,2149,24,11641,7645,5616,1853,672
quality_4_6_line_3,line,complete,9,full,grid25,211,ec3fd973a67edc6aa2ad61df1769dcf3be357cff84e56388067da9c24afc8db7,24,17,1.4114957288838923,25,18374,11200,9812,6162,2858,24,11641,7645,5616,1853,672
quality_4_6_line_3,line,complete,9,full,grid25,223,ec3fd973a67edc6aa2ad61df1769dcf3be357cff84e56388067da9c24afc8db7,24,17,1.408304194919765,25,18416,11222,9756,6056,2800,24,11641,7645,5616,1853,672
quality_4_6_line_3,line,complete,9,full,grid25,227,ec3fd973a67edc6aa2ad61df1769dcf3be357cff84e56388067da9c24afc8db7,24,17,1.4004631210118532,25,18478,11248,9740,6498,2850,24,11641,7645,5616,1853,672
quality_4_6_line_3,line,complete,9,full,grid25,229,ec3fd973a67edc6aa2ad61df1769dcf3be357cff84e56388067da9c24afc8db7,24,17,1.4130492871627212,25,18905,11485,9597,6085,2670,24,11641,7645,5616,1853,672
quality_4_6_line_3,line,complete,9,full,grid25,233,ec3fd973a67edc6aa2ad61df1769dcf3be357cff84e56388067da9c24afc8db7,24,17,1.4164773039519787,25,18834,11450,9767,6414,2839,24,11641,7645,5616,1853,672
quality_4_6_line_3,line,complete,10,full,sherbrooke,211,3d679bc2f8a23901a0991be40f96ab57cd29693bd8eacab6c591d6f035bd6f16,24,19,65.16297066397965,127,87145,52546,13915,16714,3614,24,12961,8521,6288,2064,750
quality_4_6_line_3,line,complete,10,full,sherbrooke,223,3d679bc2f8a23901a0991be40f96ab57cd29693bd8eacab6c591d6f035bd6f16,24,19,66.0999627369456,127,83980,50803,13329,15592,3374,24,12961,8521,6288,2064,750
quality_4_6_line_3,line,complete,10,full,sherbrooke,227,3d679bc2f8a23901a0991be40f96ab57cd29693bd8eacab6c591d6f035bd6f16,24,19,74.96730602905154,127,84426,50655,13791,17076,3823,24,12961,8521,6288,2064,750
quality_4_6_line_3,line,complete,10,full,sherbrooke,229,3d679bc2f8a23901a0991be40f96ab57cd29693bd8eacab6c591d6f035bd6f16,24,19,69.53187398891896,127,84766,51178,13303,12764,2771,24,12961,8521,6288,2064,750
quality_4_6_line_3,line,complete,10,full,sherbrooke,233,3d679bc2f8a23901a0991be40f96ab57cd29693bd8eacab6c591d6f035bd6f16,24,19,73.97608980862424,127,86566,52289,13803,17199,3737,24,12961,8521,6288,2064,750
quality_4_6_line_3,line,complete,10,full,line25,211,3d679bc2f8a23901a0991be40f96ab57cd29693bd8eacab6c591d6f035bd6f16,24,19,1.6562330438755453,25,34476,20166,11912,5603,2593,24,12961,8521,6288,2064,750
quality_4_6_line_3,line,complete,10,full,line25,223,3d679bc2f8a23901a0991be40f96ab57cd29693bd8eacab6c591d6f035bd6f16,24,19,1.7666297750547528,25,34617,20230,11936,5529,2545,24,12961,8521,6288,2064,750
quality_4_6_line_3,line,complete,10,full,line25,227,3d679bc2f8a23901a0991be40f96ab57cd29693bd8eacab6c591d6f035bd6f16,24,19,1.6446166299283504,25,34121,19962,11913,5254,2403,24,12961,8521,6288,2064,750
quality_4_6_line_3,line,complete,10,full,line25,229,3d679bc2f8a23901a0991be40f96ab57cd29693bd8eacab6c591d6f035bd6f16,24,19,1.63780483789742,25,33841,19817,12013,5424,2432,24,12961,8521,6288,2064,750
quality_4_6_line_3,line,complete,10,full,line25,233,3d679bc2f8a23901a0991be40f96ab57cd29693bd8eacab6c591d6f035bd6f16,24,19,1.634209608193487,25,34638,20256,11886,5156,2395,24,12961,8521,6288,2064,750
quality_4_6_line_3,line,complete,10,full,grid25,211,3d679bc2f8a23901a0991be40f96ab57cd29693bd8eacab6c591d6f035bd6f16,24,19,1.584269945975393,25,20785,12656,10848,7250,3075,24,12961,8521,6288,2064,750
quality_4_6_line_3,line,complete,10,full,grid25,223,3d679bc2f8a23901a0991be40f96ab57cd29693bd8eacab6c591d6f035bd6f16,24,19,1.575665197800845,25,19978,12208,10992,6885,3172,24,12961,8521,6288,2064,750
quality_4_6_line_3,line,complete,10,full,grid25,227,3d679bc2f8a23901a0991be40f96ab57cd29693bd8eacab6c591d6f035bd6f16,24,19,1.5733393710106611,25,20307,12390,11070,7514,3266,24,12961,8521,6288,2064,750
quality_4_6_line_3,line,complete,10,full,grid25,229,3d679bc2f8a23901a0991be40f96ab57cd29693bd8eacab6c591d6f035bd6f16,24,19,1.5742815602570772,25,20612,12559,10907,6913,3131,24,12961,8521,6288,2064,750
quality_4_6_line_3,line,complete,10,full,grid25,233,3d679bc2f8a23901a0991be40f96ab57cd29693bd8eacab6c591d6f035bd6f16,24,19,1.5639849943108857,25,20456,12480,10969,7805,3467,24,12961,8521,6288,2064,750
quality_4_6_line_3,line,complete,11,full,sherbrooke,211,f83515a8f7ffc1584acc0f9e08f80f8c3978d1587248cf80aa76c847969548df,24,21,86.71153202606365,127,92847,56195,14401,15435,3392,24,14281,9397,6960,2275,828
quality_4_6_line_3,line,complete,11,full,sherbrooke,223,f83515a8f7ffc1584acc0f9e08f80f8c3978d1587248cf80aa76c847969548df,24,21,88.76717757573351,127,95089,57215,15212,18715,4059,24,14281,9397,6960,2275,828
quality_4_6_line_3,line,complete,11,full,sherbrooke,227,f83515a8f7ffc1584acc0f9e08f80f8c3978d1587248cf80aa76c847969548df,24,21,89.90636955294758,127,94457,56977,15068,17848,3857,24,14281,9397,6960,2275,828
quality_4_6_line_3,line,complete,11,full,sherbrooke,229,f83515a8f7ffc1584acc0f9e08f80f8c3978d1587248cf80aa76c847969548df,24,21,97.99996822793037,127,96562,57892,15708,17495,3958,24,14281,9397,6960,2275,828
quality_4_6_line_3,line,complete,11,full,sherbrooke,233,f83515a8f7ffc1584acc0f9e08f80f8c3978d1587248cf80aa76c847969548df,24,21,89.8732429058291,127,98221,59042,15833,20021,4306,24,14281,9397,6960,2275,828
quality_4_6_line_3,line,complete,11,full,line25,211,f83515a8f7ffc1584acc0f9e08f80f8c3978d1587248cf80aa76c847969548df,24,21,1.9925932260230184,25,38409,22457,13235,5941,2602,24,14281,9397,6960,2275,828
quality_4_6_line_3,line,complete,11,full,line25,223,f83515a8f7ffc1584acc0f9e08f80f8c3978d1587248cf80aa76c847969548df,24,21,1.839097429998219,25,37057,21713,13338,6045,2830,24,14281,9397,6960,2275,828
quality_4_6_line_3,line,complete,11,full,line25,227,f83515a8f7ffc1584acc0f9e08f80f8c3978d1587248cf80aa76c847969548df,24,21,1.8424624088220298,25,37844,22141,13325,5828,2643,24,14281,9397,6960,2275,828
quality_4_6_line_3,line,complete,11,full,line25,229,f83515a8f7ffc1584acc0f9e08f80f8c3978d1587248cf80aa76c847969548df,24,21,1.8326191646046937,25,38208,22347,13239,6069,2770,24,14281,9397,6960,2275,828
quality_4_6_line_3,line,complete,11,full,line25,233,f83515a8f7ffc1584acc0f9e08f80f8c3978d1587248cf80aa76c847969548df,24,21,1.8322510938160121,25,37453,21944,13323,5930,2697,24,14281,9397,6960,2275,828
quality_4_6_line_3,line,complete,11,full,grid25,211,f83515a8f7ffc1584acc0f9e08f80f8c3978d1587248cf80aa76c847969548df,24,21,1.7659194120205939,25,22565,13776,12189,7403,3418,24,14281,9397,6960,2275,828
quality_4_6_line_3,line,complete,11,full,grid25,223,f83515a8f7ffc1584acc0f9e08f80f8c3978d1587248cf80aa76c847969548df,24,21,1.7637508590705693,25,22348,13655,12099,7432,3400,24,14281,9397,6960,2275,828
quality_4_6_line_3,line,complete,11,full,grid25,227,f83515a8f7ffc1584acc0f9e08f80f8c3978d1587248cf80aa76c847969548df,24,21,1.7689848481677473,25,22717,13849,12387,8445,3772,24,14281,9397,6960,2275,828
quality_4_6_line_3,line,complete,11,full,grid25,229,f83515a8f7ffc1584acc0f9e08f80f8c3978d1587248cf80aa76c847969548df,24,21,1.88752609398216,25,22464,13704,12251,7566,3451,24,14281,9397,6960,2275,828
quality_4_6_line_3,line,complete,11,full,grid25,233,f83515a8f7ffc1584acc0f9e08f80f8c3978d1587248cf80aa76c847969548df,24,21,1.7653011502698064,25,22934,13961,12206,8175,3553,24,14281,9397,6960,2275,828
quality_4_6_line_3,line,complete,12,full,sherbrooke,211,72e542a077b7379b005e7446d29741c64f69e904aabf68ea4bada1f8cbdb733a,24,23,102.52330524940044,127,103921,62422,16796,20031,4420,24,15601,10273,7632,2486,906
quality_4_6_line_3,line,complete,12,full,sherbrooke,223,72e542a077b7379b005e7446d29741c64f69e904aabf68ea4bada1f8cbdb733a,24,23,103.57370424410328,127,106083,63962,16941,21457,4658,24,15601,10273,7632,2486,906
quality_4_6_line_3,line,complete,12,full,sherbrooke,227,72e542a077b7379b005e7446d29741c64f69e904aabf68ea4bada1f8cbdb733a,24,23,104.93150018202141,127,105571,63247,17147,21807,4897,24,15601,10273,7632,2486,906
quality_4_6_line_3,line,complete,12,full,sherbrooke,229,72e542a077b7379b005e7446d29741c64f69e904aabf68ea4bada1f8cbdb733a,24,23,110.26776515692472,127,105984,63826,16920,21242,4582,24,15601,10273,7632,2486,906
quality_4_6_line_3,line,complete,12,full,sherbrooke,233,72e542a077b7379b005e7446d29741c64f69e904aabf68ea4bada1f8cbdb733a,24,23,107.13934031082317,127,103329,62215,16663,19463,4342,24,15601,10273,7632,2486,906
quality_4_6_line_3,line,complete,12,full,line25,211,72e542a077b7379b005e7446d29741c64f69e904aabf68ea4bada1f8cbdb733a,24,23,2.2156356438063085,25,41106,24072,14536,6637,3083,24,15601,10273,7632,2486,906
quality_4_6_line_3,line,complete,12,full,line25,223,72e542a077b7379b005e7446d29741c64f69e904aabf68ea4bada1f8cbdb733a,24,23,2.0617793607525527,25,41069,24057,14572,6418,2959,24,15601,10273,7632,2486,906
quality_4_6_line_3,line,complete,12,full,line25,227,72e542a077b7379b005e7446d29741c64f69e904aabf68ea4bada1f8cbdb733a,24,23,2.0693112551234663,25,41288,24168,14425,6408,2885,24,15601,10273,7632,2486,906
quality_4_6_line_3,line,complete,12,full,line25,229,72e542a077b7379b005e7446d29741c64f69e904aabf68ea4bada1f8cbdb733a,24,23,2.0975221917033195,25,41572,24328,14468,6502,2894,24,15601,10273,7632,2486,906
quality_4_6_line_3,line,complete,12,full,line25,233,72e542a077b7379b005e7446d29741c64f69e904aabf68ea4bada1f8cbdb733a,24,23,2.0748224230483174,25,41582,24343,14580,6649,3083,24,15601,10273,7632,2486,906
quality_4_6_line_3,line,complete,12,full,grid25,211,72e542a077b7379b005e7446d29741c64f69e904aabf68ea4bada1f8cbdb733a,24,23,1.9782464462332428,25,25532,15535,13229,8232,3732,24,15601,10273,7632,2486,906
quality_4_6_line_3,line,complete,12,full,grid25,223,72e542a077b7379b005e7446d29741c64f69e904aabf68ea4bada1f8cbdb733a,24,23,1.9660401344299316,25,24736,15081,13324,8720,3933,24,15601,10273,7632,2486,906
quality_4_6_line_3,line,complete,12,full,grid25,227,72e542a077b7379b005e7446d29741c64f69e904aabf68ea4bada1f8cbdb733a,24,23,1.9802057859487832,25,25071,15278,13275,8496,3831,24,15601,10273,7632,2486,906
quality_4_6_line_3,line,complete,12,full,grid25,229,72e542a077b7379b005e7446d29741c64f69e904aabf68ea4bada1f8cbdb733a,24,23,2.041905750054866,25,24800,15144,13250,7958,3683,24,15601,10273,7632,2486,906
quality_4_6_line_3,line,complete,12,full,grid25,233,72e542a077b7379b005e7446d29741c64f69e904aabf68ea4bada1f8cbdb733a,24,23,1.977544077206403,25,24531,14967,13425,8864,3902,24,15601,10273,7632,2486,906
quality_4_6_line_3,line,ring,1,full,sherbrooke,211,2ee7593459d24f7afd6c0760146f2b54d80be29caeb4580c085b0ab727971d67,24,1,0.21739218523725867,127,1127,682,146,186,34,24,541,313,96,106,24
quality_4_6_line_3,line,ring,1,full,sherbrooke,223,2ee7593459d24f7afd6c0760146f2b54d80be29caeb4580c085b0ab727971d67,24,1,0.03529682336375117,127,1189,723,151,209,42,24,541,313,96,106,24
quality_4_6_line_3,line,ring,1,full,sherbrooke,227,2ee7593459d24f7afd6c0760146f2b54d80be29caeb4580c085b0ab727971d67,24,1,0.03263336094096303,127,1121,686,151,250,46,24,541,313,96,106,24
quality_4_6_line_3,line,ring,1,full,sherbrooke,229,2ee7593459d24f7afd6c0760146f2b54d80be29caeb4580c085b0ab727971d67,24,1,0.03817029902711511,127,1111,681,143,190,36,24,541,313,96,106,24
quality_4_6_line_3,line,ring,1,full,sherbrooke,233,2ee7593459d24f7afd6c0760146f2b54d80be29caeb4580c085b0ab727971d67,24,1,0.03254227992147207,127,1079,655,151,199,39,24,541,313,96,106,24
quality_4_6_line_3,line,ring,1,full,line25,211,2ee7593459d24f7afd6c0760146f2b54d80be29caeb4580c085b0ab727971d67,24,1,0.023903056979179382,25,579,335,149,120,34,24,541,313,96,106,24
quality_4_6_line_3,line,ring,1,full,line25,223,2ee7593459d24f7afd6c0760146f2b54d80be29caeb4580c085b0ab727971d67,24,1,0.02370141912251711,25,597,348,144,121,34,24,541,313,96,106,24
quality_4_6_line_3,line,ring,1,full,line25,227,2ee7593459d24f7afd6c0760146f2b54d80be29caeb4580c085b0ab727971d67,24,1,0.022529267240315676,25,601,350,147,122,34,24,541,313,96,106,24
quality_4_6_line_3,line,ring,1,full,line25,229,2ee7593459d24f7afd6c0760146f2b54d80be29caeb4580c085b0ab727971d67,24,1,0.023677543736994267,25,605,352,149,122,32,24,541,313,96,106,24
quality_4_6_line_3,line,ring,1,full,line25,233,2ee7593459d24f7afd6c0760146f2b54d80be29caeb4580c085b0ab727971d67,24,1,0.022850219625979662,25,600,351,146,121,32,24,541,313,96,106,24
quality_4_6_line_3,line,ring,1,full,grid25,211,2ee7593459d24f7afd6c0760146f2b54d80be29caeb4580c085b0ab727971d67,24,1,0.01933892583474517,25,551,318,102,113,27,24,541,313,96,106,24
quality_4_6_line_3,line,ring,1,full,grid25,223,2ee7593459d24f7afd6c0760146f2b54d80be29caeb4580c085b0ab727971d67,24,1,0.018458552192896605,25,541,313,96,106,24,24,541,313,96,106,24
quality_4_6_line_3,line,ring,1,full,grid25,227,2ee7593459d24f7afd6c0760146f2b54d80be29caeb4580c085b0ab727971d67,24,1,0.019061515107750893,25,541,313,102,110,27,24,541,313,96,106,24
quality_4_6_line_3,line,ring,1,full,grid25,229,2ee7593459d24f7afd6c0760146f2b54d80be29caeb4580c085b0ab727971d67,24,1,0.018713211175054312,25,569,329,106,127,31,24,541,313,96,106,24
quality_4_6_line_3,line,ring,1,full,grid25,233,2ee7593459d24f7afd6c0760146f2b54d80be29caeb4580c085b0ab727971d67,24,1,0.01868461724370718,25,549,317,100,114,28,24,541,313,96,106,24
quality_4_6_line_3,line,ring,2,full,sherbrooke,211,19b4949993d8254b313a39464dbcb2793dea9c6bbe3332cead8545ae1d83f265,24,3,0.9763977001421154,127,8020,4881,1200,1548,335,24,1321,865,624,306,110
quality_4_6_line_3,line,ring,2,full,sherbrooke,223,19b4949993d8254b313a39464dbcb2793dea9c6bbe3332cead8545ae1d83f265,24,3,0.851267411839217,127,7966,4816,1226,1454,306,24,1321,865,624,306,110
quality_4_6_line_3,line,ring,2,full,sherbrooke,227,19b4949993d8254b313a39464dbcb2793dea9c6bbe3332cead8545ae1d83f265,24,3,0.834404805675149,127,8340,5062,1290,1794,383,24,1321,865,624,306,110
quality_4_6_line_3,line,ring,2,full,sherbrooke,229,19b4949993d8254b313a39464dbcb2793dea9c6bbe3332cead8545ae1d83f265,24,3,0.9079635590314865,127,8558,5168,1293,1695,346,24,1321,865,624,306,110
quality_4_6_line_3,line,ring,2,full,sherbrooke,233,19b4949993d8254b313a39464dbcb2793dea9c6bbe3332cead8545ae1d83f265,24,3,0.7939657266251743,127,7983,4870,1200,1428,311,24,1321,865,624,306,110
quality_4_6_line_3,line,ring,2,full,line25,211,19b4949993d8254b313a39464dbcb2793dea9c6bbe3332cead8545ae1d83f265,24,3,0.15489636594429612,25,3134,1855,1216,649,300,24,1321,865,624,306,110
quality_4_6_line_3,line,ring,2,full,line25,223,19b4949993d8254b313a39464dbcb2793dea9c6bbe3332cead8545ae1d83f265,24,3,0.15897312108427286,25,3367,1984,1186,668,283,24,1321,865,624,306,110
quality_4_6_line_3,line,ring,2,full,line25,227,19b4949993d8254b313a39464dbcb2793dea9c6bbe3332cead8545ae1d83f265,24,3,0.154258256778121,25,3140,1861,1218,663,307,24,1321,865,624,306,110
quality_4_6_line_3,line,ring,2,full,line25,229,19b4949993d8254b313a39464dbcb2793dea9c6bbe3332cead8545ae1d83f265,24,3,0.15664643188938498,25,3211,1897,1209,649,301,24,1321,865,624,306,110
quality_4_6_line_3,line,ring,2,full,line25,233,19b4949993d8254b313a39464dbcb2793dea9c6bbe3332cead8545ae1d83f265,24,3,0.15500743500888348,25,3311,1952,1194,642,289,24,1321,865,624,306,110
quality_4_6_line_3,line,ring,2,full,grid25,211,19b4949993d8254b313a39464dbcb2793dea9c6bbe3332cead8545ae1d83f265,24,3,0.14780776388943195,25,1959,1208,1030,703,344,24,1321,865,624,306,110
quality_4_6_line_3,line,ring,2,full,grid25,223,19b4949993d8254b313a39464dbcb2793dea9c6bbe3332cead8545ae1d83f265,24,3,0.14829429797828197,25,2112,1291,1003,722,339,24,1321,865,624,306,110
quality_4_6_line_3,line,ring,2,full,grid25,227,19b4949993d8254b313a39464dbcb2793dea9c6bbe3332cead8545ae1d83f265,24,3,0.1465524472296238,25,2037,1254,1044,690,360,24,1321,865,624,306,110
quality_4_6_line_3,line,ring,2,full,grid25,229,19b4949993d8254b313a39464dbcb2793dea9c6bbe3332cead8545ae1d83f265,24,3,0.1474454440176487,25,2047,1257,1010,762,355,24,1321,865,624,306,110
quality_4_6_line_3,line,ring,2,full,grid25,233,19b4949993d8254b313a39464dbcb2793dea9c6bbe3332cead8545ae1d83f265,24,3,0.1483841771259904,25,2082,1274,1018,656,316,24,1321,865,624,306,110
quality_4_6_line_3,line,ring,3,full,sherbrooke,211,6077ffc0a4e0998dd0e79be828ccce0935633657b5d90f8eb6ef8e4109f564b8,24,5,3.0740153887309134,127,15792,9527,2509,2770,618,24,2101,1417,1152,488,184
quality_4_6_line_3,line,ring,3,full,sherbrooke,223,6077ffc0a4e0998dd0e79be828ccce0935633657b5d90f8eb6ef8e4109f564b8,24,5,2.836710010189563,127,16008,9722,2425,2801,581,24,2101,1417,1152,488,184
quality_4_6_line_3,line,ring,3,full,sherbrooke,227,6077ffc0a4e0998dd0e79be828ccce0935633657b5d90f8eb6ef8e4109f564b8,24,5,2.6712130876258016,127,15602,9477,2382,2586,548,24,2101,1417,1152,488,184
quality_4_6_line_3,line,ring,3,full,sherbrooke,229,6077ffc0a4e0998dd0e79be828ccce0935633657b5d90f8eb6ef8e4109f564b8,24,5,2.774944281205535,127,16025,9729,2492,2984,641,24,2101,1417,1152,488,184
quality_4_6_line_3,line,ring,3,full,sherbrooke,233,6077ffc0a4e0998dd0e79be828ccce0935633657b5d90f8eb6ef8e4109f564b8,24,5,3.1545807411894202,127,15521,9296,2491,2934,652,24,2101,1417,1152,488,184
quality_4_6_line_3,line,ring,3,full,line25,211,6077ffc0a4e0998dd0e79be828ccce0935633657b5d90f8eb6ef8e4109f564b8,24,5,0.30716524785384536,25,5607,3329,2400,1145,578,24,2101,1417,1152,488,184
quality_4_6_line_3,line,ring,3,full,line25,223,6077ffc0a4e0998dd0e79be828ccce0935633657b5d90f8eb6ef8e4109f564b8,24,5,0.3016092129983008,25,5773,3424,2363,1116,517,24,2101,1417,1152,488,184
quality_4_6_line_3,line,ring,3,full,line25,227,6077ffc0a4e0998dd0e79be828ccce0935633657b5d90f8eb6ef8e4109f564b8,24,5,0.3042914210818708,25,5897,3487,2388,1138,530,24,2101,1417,1152,488,184
quality_4_6_line_3,line,ring,3,full,line25,229,6077ffc0a4e0998dd0e79be828ccce0935633657b5d90f8eb6ef8e4109f564b8,24,5,0.3018552460707724,25,5658,3359,2389,1135,550,24,2101,1417,1152,488,184
quality_4_6_line_3,line,ring,3,full,line25,233,6077ffc0a4e0998dd0e79be828ccce0935633657b5d90f8eb6ef8e4109f564b8,24,5,0.3018329837359488,25,5677,3369,2347,1111,523,24,2101,1417,1152,488,184
quality_4_6_line_3,line,ring,3,full,grid25,211,6077ffc0a4e0998dd0e79be828ccce0935633657b5d90f8eb6ef8e4109f564b8,24,5,0.28229590598493814,25,3261,2036,2066,1367,674,24,2101,1417,1152,488,184
quality_4_6_line_3,line,ring,3,full,grid25,223,6077ffc0a4e0998dd0e79be828ccce0935633657b5d90f8eb6ef8e4109f564b8,24,5,0.2798946560360491,25,3427,2133,2013,1317,681,24,2101,1417,1152,488,184
quality_4_6_line_3,line,ring,3,full,grid25,227,6077ffc0a4e0998dd0e79be828ccce0935633657b5d90f8eb6ef8e4109f564b8,24,5,0.27986005088314414,25,3411,2122,1998,1209,612,24,2101,1417,1152,488,184
quality_4_6_line_3,line,ring,3,full,grid25,229,6077ffc0a4e0998dd0e79be828ccce0935633657b5d90f8eb6ef8e4109f564b8,24,5,0.28465993516147137,25,3455,2141,2037,1310,629,24,2101,1417,1152,488,184
quality_4_6_line_3,line,ring,3,full,grid25,233,6077ffc0a4e0998dd0e79be828ccce0935633657b5d90f8eb6ef8e4109f564b8,24,5,0.2820108700543642,25,3431,2132,2027,1303,601,24,2101,1417,1152,488,184
quality_4_6_line_3,line,ring,4,full,sherbrooke,211,1c79191636cc8ac7ccdf849ad5ffcdd18a4813286b8c6d693375685ddacf1462,24,7,5.65756447520107,127,23820,14402,3781,4857,1065,24,2881,1969,1680,670,258
quality_4_6_line_3,line,ring,4,full,sherbrooke,223,1c79191636cc8ac7ccdf849ad5ffcdd18a4813286b8c6d693375685ddacf1462,24,7,5.8375128651969135,127,23830,14315,3847,4692,1021,24,2881,1969,1680,670,258
quality_4_6_line_3,line,ring,4,full,sherbrooke,227,1c79191636cc8ac7ccdf849ad5ffcdd18a4813286b8c6d693375685ddacf1462,24,7,5.839684271719307,127,23876,14419,3764,5301,1158,24,2881,1969,1680,670,258
quality_4_6_line_3,line,ring,4,full,sherbrooke,229,1c79191636cc8ac7ccdf849ad5ffcdd18a4813286b8c6d693375685ddacf1462,24,7,5.47559182299301,127,22331,13426,3598,3901,868,24,2881,1969,1680,670,258
quality_4_6_line_3,line,ring,4,full,sherbrooke,233,1c79191636cc8ac7ccdf849ad5ffcdd18a4813286b8c6d693375685ddacf1462,24,7,5.321617829147726,127,23351,14030,3913,4440,1031,24,2881,1969,1680,670,258
quality_4_6_line_3,line,ring,4,full,line25,211,1c79191636cc8ac7ccdf849ad5ffcdd18a4813286b8c6d693375685ddacf1462,24,7,0.4461238542571664,25,8186,4858,3617,1655,852,24,2881,1969,1680,670,258
quality_4_6_line_3,line,ring,4,full,line25,223,1c79191636cc8ac7ccdf849ad5ffcdd18a4813286b8c6d693375685ddacf1462,24,7,0.44398692017421126,25,8390,4968,3592,1645,784,24,2881,1969,1680,670,258
quality_4_6_line_3,line,ring,4,full,line25,227,1c79191636cc8ac7ccdf849ad5ffcdd18a4813286b8c6d693375685ddacf1462,24,7,0.44573670625686646,25,8402,4976,3564,1626,800,24,2881,1969,1680,670,258
quality_4_6_line_3,line,ring,4,full,line25,229,1c79191636cc8ac7ccdf849ad5ffcdd18a4813286b8c6d693375685ddacf1462,24,7,0.4427770576439798,25,8378,4965,3604,1690,830,24,2881,1969,1680,670,258
quality_4_6_line_3,line,ring,4,full,line25,233,1c79191636cc8ac7ccdf849ad5ffcdd18a4813286b8c6d693375685ddacf1462,24,7,0.44719813112169504,25,8548,5056,3562,1698,816,24,2881,1969,1680,670,258
quality_4_6_line_3,line,ring,4,full,grid25,211,1c79191636cc8ac7ccdf849ad5ffcdd18a4813286b8c6d693375685ddacf1462,24,7,0.41320287296548486,25,4927,3073,3011,1933,965,24,2881,1969,1680,670,258
quality_4_6_line_3,line,ring,4,full,grid25,223,1c79191636cc8ac7ccdf849ad5ffcdd18a4813286b8c6d693375685ddacf1462,24,7,0.41196918627247214,25,4872,3038,2967,1812,882,24,2881,1969,1680,670,258
quality_4_6_line_3,line,ring,4,full,grid25,227,1c79191636cc8ac7ccdf849ad5ffcdd18a4813286b8c6d693375685ddacf1462,24,7,0.4104199060238898,25,4764,2985,2990,1925,981,24,2881,1969,1680,670,258
quality_4_6_line_3,line,ring,4,full,grid25,229,1c79191636cc8ac7ccdf849ad5ffcdd18a4813286b8c6d693375685ddacf1462,24,7,0.4145573559217155,25,4822,3017,2981,1943,917,24,2881,1969,1680,670,258
quality_4_6_line_3,line,ring,4,full,grid25,233,1c79191636cc8ac7ccdf849ad5ffcdd18a4813286b8c6d693375685ddacf1462,24,7,0.4137426959350705,25,4999,3115,2979,1770,931,24,2881,1969,1680,670,258
quality_4_6_line_3,line,ring,5,full,sherbrooke,211,76f0a23dfdceee98bd388323c54993244994867ce39ea03edda1c37c6e9937ee,24,9,9.781483388040215,127,31125,18745,4952,5449,1202,24,3661,2521,2208,852,332
quality_4_6_line_3,line,ring,5,full,sherbrooke,223,76f0a23dfdceee98bd388323c54993244994867ce39ea03edda1c37c6e9937ee,24,9,10.463763854000717,127,30514,18412,4819,5602,1277,24,3661,2521,2208,852,332
quality_4_6_line_3,line,ring,5,full,sherbrooke,227,76f0a23dfdceee98bd388323c54993244994867ce39ea03edda1c37c6e9937ee,24,9,9.802087420132011,127,30145,18221,4716,5153,1091,24,3661,2521,2208,852,332
quality_4_6_line_3,line,ring,5,full,sherbrooke,229,76f0a23dfdceee98bd388323c54993244994867ce39ea03edda1c37c6e9937ee,24,9,11.124568430706859,127,31400,18910,5014,5789,1263,24,3661,2521,2208,852,332
quality_4_6_line_3,line,ring,5,full,sherbrooke,233,76f0a23dfdceee98bd388323c54993244994867ce39ea03edda1c37c6e9937ee,24,9,10.62524211872369,127,31408,18928,5032,5420,1221,24,3661,2521,2208,852,332
quality_4_6_line_3,line,ring,5,full,line25,211,76f0a23dfdceee98bd388323c54993244994867ce39ea03edda1c37c6e9937ee,24,9,0.5846127080731094,25,10670,6338,4836,2204,1059,24,3661,2521,2208,852,332
quality_4_6_line_3,line,ring,5,full,line25,223,76f0a23dfdceee98bd388323c54993244994867ce39ea03edda1c37c6e9937ee,24,9,0.5787921971641481,25,10765,6392,4796,2110,1035,24,3661,2521,2208,852,332
quality_4_6_line_3,line,ring,5,full,line25,227,76f0a23dfdceee98bd388323c54993244994867ce39ea03edda1c37c6e9937ee,24,9,0.5804421156644821,25,10671,6340,4824,2159,1077,24,3661,2521,2208,852,332
quality_4_6_line_3,line,ring,5,full,line25,229,76f0a23dfdceee98bd388323c54993244994867ce39ea03edda1c37c6e9937ee,24,9,0.5824444759637117,25,10709,6364,4785,2061,1012,24,3661,2521,2208,852,332
quality_4_6_line_3,line,ring,5,full,line25,233,76f0a23dfdceee98bd388323c54993244994867ce39ea03edda1c37c6e9937ee,24,9,0.5770385540090501,25,10480,6238,4907,2106,1100,24,3661,2521,2208,852,332
quality_4_6_line_3,line,ring,5,full,grid25,211,76f0a23dfdceee98bd388323c54993244994867ce39ea03edda1c37c6e9937ee,24,9,0.5370936230756342,25,6629,4122,3911,2595,1249,24,3661,2521,2208,852,332
quality_4_6_line_3,line,ring,5,full,grid25,223,76f0a23dfdceee98bd388323c54993244994867ce39ea03edda1c37c6e9937ee,24,9,0.536946136970073,25,6380,3982,3961,2309,1182,24,3661,2521,2208,852,332
quality_4_6_line_3,line,ring,5,full,grid25,227,76f0a23dfdceee98bd388323c54993244994867ce39ea03edda1c37c6e9937ee,24,9,0.5353976488113403,25,6186,3883,3962,2266,1180,24,3661,2521,2208,852,332
quality_4_6_line_3,line,ring,5,full,grid25,229,76f0a23dfdceee98bd388323c54993244994867ce39ea03edda1c37c6e9937ee,24,9,0.536417833995074,25,6162,3865,4046,2505,1274,24,3661,2521,2208,852,332
quality_4_6_line_3,line,ring,5,full,grid25,233,76f0a23dfdceee98bd388323c54993244994867ce39ea03edda1c37c6e9937ee,24,9,0.5345242680050433,25,5837,3688,4091,2480,1262,24,3661,2521,2208,852,332
quality_4_6_line_3,line,ring,6,full,sherbrooke,211,1b10e13a5505c032c1219572b7089db1604cc894d55d809cd3ad6949de689e19,24,11,15.481798473279923,127,39969,24127,6310,7713,1674,24,4441,3073,2736,1034,406
quality_4_6_line_3,line,ring,6,full,sherbrooke,223,1b10e13a5505c032c1219572b7089db1604cc894d55d809cd3ad6949de689e19,24,11,16.16931332880631,127,39260,23553,6493,7643,1764,24,4441,3073,2736,1034,406
quality_4_6_line_3,line,ring,6,full,sherbrooke,227,1b10e13a5505c032c1219572b7089db1604cc894d55d809cd3ad6949de689e19,24,11,15.806229501962662,127,38527,23182,6216,7105,1581,24,4441,3073,2736,1034,406
quality_4_6_line_3,line,ring,6,full,sherbrooke,229,1b10e13a5505c032c1219572b7089db1604cc894d55d809cd3ad6949de689e19,24,11,15.785121324006468,127,39552,23719,6455,7763,1715,24,4441,3073,2736,1034,406
quality_4_6_line_3,line,ring,6,full,sherbrooke,233,1b10e13a5505c032c1219572b7089db1604cc894d55d809cd3ad6949de689e19,24,11,17.146994648035616,127,38952,23561,6172,7174,1553,24,4441,3073,2736,1034,406
quality_4_6_line_3,line,ring,6,full,line25,211,1b10e13a5505c032c1219572b7089db1604cc894d55d809cd3ad6949de689e19,24,11,0.745710349176079,25,13011,7742,6082,2841,1488,24,4441,3073,2736,1034,406
quality_4_6_line_3,line,ring,6,full,line25,223,1b10e13a5505c032c1219572b7089db1604cc894d55d809cd3ad6949de689e19,24,11,0.7425707532092929,25,13190,7847,6031,2647,1348,24,4441,3073,2736,1034,406
quality_4_6_line_3,line,ring,6,full,line25,227,1b10e13a5505c032c1219572b7089db1604cc894d55d809cd3ad6949de689e19,24,11,0.7496986486949027,25,13361,7927,6060,2643,1290,24,4441,3073,2736,1034,406
quality_4_6_line_3,line,ring,6,full,line25,229,1b10e13a5505c032c1219572b7089db1604cc894d55d809cd3ad6949de689e19,24,11,0.7409426160156727,25,13067,7767,6035,2689,1393,24,4441,3073,2736,1034,406
quality_4_6_line_3,line,ring,6,full,line25,233,1b10e13a5505c032c1219572b7089db1604cc894d55d809cd3ad6949de689e19,24,11,0.7428845018148422,25,13140,7818,5972,2692,1405,24,4441,3073,2736,1034,406
quality_4_6_line_3,line,ring,6,full,grid25,211,1b10e13a5505c032c1219572b7089db1604cc894d55d809cd3ad6949de689e19,24,11,0.6801999192684889,25,7907,4943,4886,2908,1415,24,4441,3073,2736,1034,406
quality_4_6_line_3,line,ring,6,full,grid25,223,1b10e13a5505c032c1219572b7089db1604cc894d55d809cd3ad6949de689e19,24,11,0.6774110710248351,25,7914,4940,4891,3018,1438,24,4441,3073,2736,1034,406
quality_4_6_line_3,line,ring,6,full,grid25,227,1b10e13a5505c032c1219572b7089db1604cc894d55d809cd3ad6949de689e19,24,11,0.6781724621541798,25,7828,4891,4859,3125,1476,24,4441,3073,2736,1034,406
quality_4_6_line_3,line,ring,6,full,grid25,229,1b10e13a5505c032c1219572b7089db1604cc894d55d809cd3ad6949de689e19,24,11,0.6807754496112466,25,7882,4934,4953,2938,1468,24,4441,3073,2736,1034,406
quality_4_6_line_3,line,ring,6,full,grid25,233,1b10e13a5505c032c1219572b7089db1604cc894d55d809cd3ad6949de689e19,24,11,0.6804750352166593,25,7611,4777,5026,3041,1532,24,4441,3073,2736,1034,406
quality_4_6_line_3,line,ring,7,full,sherbrooke,211,c51668a5edabdba5419f0ebacaaf59772d14347d6698ad98b8ca7393a710a179,24,13,20.59505734127015,127,46409,27995,7461,8504,1890,24,5221,3625,3264,1216,480
quality_4_6_line_3,line,ring,7,full,sherbrooke,223,c51668a5edabdba5419f0ebacaaf59772d14347d6698ad98b8ca7393a710a179,24,13,24.608485355973244,127,46865,28212,7525,8127,1850,24,5221,3625,3264,1216,480
quality_4_6_line_3,line,ring,7,full,sherbrooke,227,c51668a5edabdba5419f0ebacaaf59772d14347d6698ad98b8ca7393a710a179,24,13,22.5010717920959,127,46902,28164,7649,9244,2071,24,5221,3625,3264,1216,480
quality_4_6_line_3,line,ring,7,full,sherbrooke,229,c51668a5edabdba5419f0ebacaaf59772d14347d6698ad98b8ca7393a710a179,24,13,23.766301793046296,127,48689,29252,7880,9483,2099,24,5221,3625,3264,1216,480
quality_4_6_line_3,line,ring,7,full,sherbrooke,233,c51668a5edabdba5419f0ebacaaf59772d14347d6698ad98b8ca7393a710a179,24,13,23.56337083503604,127,47363,28596,7582,8524,1906,24,5221,3625,3264,1216,480
quality_4_6_line_3,line,ring,7,full,line25,211,c51668a5edabdba5419f0ebacaaf59772d14347d6698ad98b8ca7393a710a179,24,13,0.8947316519916058,25,15665,9316,7264,3166,1608,24,5221,3625,3264,1216,480
quality_4_6_line_3,line,ring,7,full,line25,223,c51668a5edabdba5419f0ebacaaf59772d14347d6698ad98b8ca7393a710a179,24,13,0.891699958126992,25,15728,9344,7279,3153,1537,24,5221,3625,3264,1216,480
quality_4_6_line_3,line,ring,7,full,line25,227,c51668a5edabdba5419f0ebacaaf59772d14347d6698ad98b8ca7393a710a179,24,13,0.8965592440217733,25,15860,9425,7290,3282,1665,24,5221,3625,3264,1216,480
quality_4_6_line_3,line,ring,7,full,line25,229,c51668a5edabdba5419f0ebacaaf59772d14347d6698ad98b8ca7393a710a179,24,13,0.8954156069085002,25,15985,9495,7224,3200,1543,24,5221,3625,3264,1216,480
quality_4_6_line_3,line,ring,7,full,line25,233,c51668a5edabdba5419f0ebacaaf59772d14347d6698ad98b8ca7393a710a179,24,13,0.8885238538496196,25,15438,9185,7344,3195,1588,24,5221,3625,3264,1216,480
quality_4_6_line_3,line,ring,7,full,grid25,211,c51668a5edabdba5419f0ebacaaf59772d14347d6698ad98b8ca7393a710a179,24,13,0.8180604628287256,25,9000,5663,6043,3417,1778,24,5221,3625,3264,1216,480
quality_4_6_line_3,line,ring,7,full,grid25,223,c51668a5edabdba5419f0ebacaaf59772d14347d6698ad98b8ca7393a710a179,24,13,0.8201720179058611,25,9317,5833,6013,3462,1776,24,5221,3625,3264,1216,480
quality_4_6_line_3,line,ring,7,full,grid25,227,c51668a5edabdba5419f0ebacaaf59772d14347d6698ad98b8ca7393a710a179,24,13,0.8145057181827724,25,9216,5773,6011,3652,1780,24,5221,3625,3264,1216,480
quality_4_6_line_3,line,ring,7,full,grid25,229,c51668a5edabdba5419f0ebacaaf59772d14347d6698ad98b8ca7393a710a179,24,13,0.8167737671174109,25,9385,5873,5947,3284,1710,24,5221,3625,3264,1216,480
quality_4_6_line_3,line,ring,7,full,grid25,233,c51668a5edabdba5419f0ebacaaf59772d14347d6698ad98b8ca7393a710a179,24,13,0.8136238320730627,25,8679,5492,6094,3585,1859,24,5221,3625,3264,1216,480
quality_4_6_line_3,line,ring,8,full,sherbrooke,211,63feff1bcdc270e6981d8e7e7d04d894d0d8d27567dff85433d27592f300bdb5,24,15,31.597121533937752,127,53737,32322,8654,9119,2050,24,6001,4177,3792,1398,554
quality_4_6_line_3,line,ring,8,full,sherbrooke,223,63feff1bcdc270e6981d8e7e7d04d894d0d8d27567dff85433d27592f300bdb5,24,15,33.144662086851895,127,55406,33353,8810,10323,2290,24,6001,4177,3792,1398,554
quality_4_6_line_3,line,ring,8,full,sherbrooke,227,63feff1bcdc270e6981d8e7e7d04d894d0d8d27567dff85433d27592f300bdb5,24,15,33.05724886711687,127,54504,32787,8837,10442,2381,24,6001,4177,3792,1398,554
quality_4_6_line_3,line,ring,8,full,sherbrooke,229,63feff1bcdc270e6981d8e7e7d04d894d0d8d27567dff85433d27592f300bdb5,24,15,32.79222694924101,127,54551,32809,8933,10519,2379,24,6001,4177,3792,1398,554
quality_4_6_line_3,line,ring,8,full,sherbrooke,233,63feff1bcdc270e6981d8e7e7d04d894d0d8d27567dff85433d27592f300bdb5,24,15,33.09908430790529,127,54934,33053,8878,10788,2440,24,6001,4177,3792,1398,554
quality_4_6_line_3,line,ring,8,full,line25,211,63feff1bcdc270e6981d8e7e7d04d894d0d8d27567dff85433d27592f300bdb5,24,15,1.0490044662728906,25,17976,10690,8600,3746,1908,24,6001,4177,3792,1398,554
quality_4_6_line_3,line,ring,8,full,line25,223,63feff1bcdc270e6981d8e7e7d04d894d0d8d27567dff85433d27592f300bdb5,24,15,1.036238714121282,25,17356,10364,8525,3681,1881,24,6001,4177,3792,1398,554
quality_4_6_line_3,line,ring,8,full,line25,227,63feff1bcdc270e6981d8e7e7d04d894d0d8d27567dff85433d27592f300bdb5,24,15,1.0446308739483356,25,17869,10645,8578,3674,1870,24,6001,4177,3792,1398,554
quality_4_6_line_3,line,ring,8,full,line25,229,63feff1bcdc270e6981d8e7e7d04d894d0d8d27567dff85433d27592f300bdb5,24,15,1.0416142079047859,25,18584,11028,8348,3750,1796,24,6001,4177,3792,1398,554
quality_4_6_line_3,line,ring,8,full,line25,233,63feff1bcdc270e6981d8e7e7d04d894d0d8d27567dff85433d27592f300bdb5,24,15,1.0541845741681755,25,18065,10746,8492,3707,1846,24,6001,4177,3792,1398,554
quality_4_6_line_3,line,ring,8,full,grid25,211,63feff1bcdc270e6981d8e7e7d04d894d0d8d27567dff85433d27592f300bdb5,24,15,0.9542874600738287,25,10510,6614,6967,4097,2109,24,6001,4177,3792,1398,554
quality_4_6_line_3,line,ring,8,full,grid25,223,63feff1bcdc270e6981d8e7e7d04d894d0d8d27567dff85433d27592f300bdb5,24,15,0.974717615172267,25,10136,6407,7136,4190,2259,24,6001,4177,3792,1398,554
quality_4_6_line_3,line,ring,8,full,grid25,227,63feff1bcdc270e6981d8e7e7d04d894d0d8d27567dff85433d27592f300bdb5,24,15,0.9510735748335719,25,10303,6499,7032,3997,2060,24,6001,4177,3792,1398,554
quality_4_6_line_3,line,ring,8,full,grid25,229,63feff1bcdc270e6981d8e7e7d04d894d0d8d27567dff85433d27592f300bdb5,24,15,0.9428184619173408,25,10342,6516,7128,4590,2307,24,6001,4177,3792,1398,554
quality_4_6_line_3,line,ring,8,full,grid25,233,63feff1bcdc270e6981d8e7e7d04d894d0d8d27567dff85433d27592f300bdb5,24,15,1.0993889733217657,25,10326,6505,7093,4431,2307,24,6001,4177,3792,1398,554
quality_4_6_line_3,line,ring,9,full,sherbrooke,211,f5eca004dd5c507d1e0d5a659deed6c50bbbddb7e23cf3bd847b662fe83a99f8,24,17,41.91249958705157,127,64044,38582,10314,12623,2856,24,6781,4729,4320,1580,628
quality_4_6_line_3,line,ring,9,full,sherbrooke,223,f5eca004dd5c507d1e0d5a659deed6c50bbbddb7e23cf3bd847b662fe83a99f8,24,17,37.930524757131934,127,60602,36203,10076,10618,2408,24,6781,4729,4320,1580,628
quality_4_6_line_3,line,ring,9,full,sherbrooke,227,f5eca004dd5c507d1e0d5a659deed6c50bbbddb7e23cf3bd847b662fe83a99f8,24,17,40.252653518226,127,64050,38693,10007,12051,2508,24,6781,4729,4320,1580,628
quality_4_6_line_3,line,ring,9,full,sherbrooke,229,f5eca004dd5c507d1e0d5a659deed6c50bbbddb7e23cf3bd847b662fe83a99f8,24,17,39.65049655456096,127,61707,37207,9743,9964,2156,24,6781,4729,4320,1580,628
quality_4_6_line_3,line,ring,9,full,sherbrooke,233,f5eca004dd5c507d1e0d5a659deed6c50bbbddb7e23cf3bd847b662fe83a99f8,24,17,39.084404214750975,127,62218,37458,9935,11482,2535,24,6781,4729,4320,1580,628
quality_4_6_line_3,line,ring,9,full,line25,211,f5eca004dd5c507d1e0d5a659deed6c50bbbddb7e23cf3bd847b662fe83a99f8,24,17,1.1787834549322724,25,20646,12268,9723,4270,2122,24,6781,4729,4320,1580,628
quality_4_6_line_3,line,ring,9,full,line25,223,f5eca004dd5c507d1e0d5a659deed6c50bbbddb7e23cf3bd847b662fe83a99f8,24,17,1.1728511238470674,25,20560,12233,9630,4108,2104,24,6781,4729,4320,1580,628
quality_4_6_line_3,line,ring,9,full,line25,227,f5eca004dd5c507d1e0d5a659deed6c50bbbddb7e23cf3bd847b662fe83a99f8,24,17,1.1734601990319788,25,20541,12220,9728,4229,2105,24,6781,4729,4320,1580,628
quality_4_6_line_3,line,ring,9,full,line25,229,f5eca004dd5c507d1e0d5a659deed6c50bbbddb7e23cf3bd847b662fe83a99f8,24,17,1.182723753619939,25,20479,12182,9752,4367,2181,24,6781,4729,4320,1580,628
quality_4_6_line_3,line,ring,9,full,line25,233,f5eca004dd5c507d1e0d5a659deed6c50bbbddb7e23cf3bd847b662fe83a99f8,24,17,1.2821568767540157,25,20699,12300,9721,4189,2084,24,6781,4729,4320,1580,628
quality_4_6_line_3,line,ring,9,full,grid25,211,f5eca004dd5c507d1e0d5a659deed6c50bbbddb7e23cf3bd847b662fe83a99f8,24,17,1.0804950213059783,25,11818,7448,8030,4808,2480,24,6781,4729,4320,1580,628
quality_4_6_line_3,line,ring,9,full,grid25,223,f5eca004dd5c507d1e0d5a659deed6c50bbbddb7e23cf3bd847b662fe83a99f8,24,17,1.075313802342862,25,11957,7526,8066,4674,2444,24,6781,4729,4320,1580,628
quality_4_6_line_3,line,ring,9,full,grid25,227,f5eca004dd5c507d1e0d5a659deed6c50bbbddb7e23cf3bd847b662fe83a99f8,24,17,1.074529959820211,25,11733,7396,8120,4900,2570,24,6781,4729,4320,1580,628
quality_4_6_line_3,line,ring,9,full,grid25,229,f5eca004dd5c507d1e0d5a659deed6c50bbbddb7e23cf3bd847b662fe83a99f8,24,17,1.0749607887119055,25,11748,7400,8013,4628,2372,24,6781,4729,4320,1580,628
quality_4_6_line_3,line,ring,9,full,grid25,233,f5eca004dd5c507d1e0d5a659deed6c50bbbddb7e23cf3bd847b662fe83a99f8,24,17,1.0771488789469004,25,11712,7384,8087,4794,2524,24,6781,4729,4320,1580,628
quality_4_6_line_3,line,ring,10,full,sherbrooke,211,ede331a54e2306547358ebdeb602f700ea3580d1d79cb0a4ea6ca17895deba22,24,19,51.946947931777686,127,69004,41476,11259,12169,2761,24,7561,5281,4848,1762,702
quality_4_6_line_3,line,ring,10,full,sherbrooke,223,ede331a54e2306547358ebdeb602f700ea3580d1d79cb0a4ea6ca17895deba22,24,19,50.34327979711816,127,70084,41997,11557,13702,3106,24,7561,5281,4848,1762,702
quality_4_6_line_3,line,ring,10,full,sherbrooke,227,ede331a54e2306547358ebdeb602f700ea3580d1d79cb0a4ea6ca17895deba22,24,19,50.08508779620752,127,71124,42920,11390,13141,2934,24,7561,5281,4848,1762,702
quality_4_6_line_3,line,ring,10,full,sherbrooke,229,ede331a54e2306547358ebdeb602f700ea3580d1d79cb0a4ea6ca17895deba22,24,19,51.3203639970161,127,69130,41585,11108,13515,3020,24,7561,5281,4848,1762,702
quality_4_6_line_3,line,ring,10,full,sherbrooke,233,ede331a54e2306547358ebdeb602f700ea3580d1d79cb0a4ea6ca17895deba22,24,19,54.24408671492711,127,69985,42109,11202,12041,2616,24,7561,5281,4848,1762,702
quality_4_6_line_3,line,ring,10,full,line25,211,ede331a54e2306547358ebdeb602f700ea3580d1d79cb0a4ea6ca17895deba22,24,19,1.3543154723010957,25,23175,13784,11048,4850,2415,24,7561,5281,4848,1762,702
quality_4_6_line_3,line,ring,10,full,line25,223,ede331a54e2306547358ebdeb602f700ea3580d1d79cb0a4ea6ca17895deba22,24,19,1.3387877023778856,25,23250,13820,10884,4743,2386,24,7561,5281,4848,1762,702
quality_4_6_line_3,line,ring,10,full,line25,227,ede331a54e2306547358ebdeb602f700ea3580d1d79cb0a4ea6ca17895deba22,24,19,1.3521752529777586,25,22721,13536,11044,4700,2393,24,7561,5281,4848,1762,702
quality_4_6_line_3,line,ring,10,full,line25,229,ede331a54e2306547358ebdeb602f700ea3580d1d79cb0a4ea6ca17895deba22,24,19,1.3460246729664505,25,23330,13862,10790,4672,2339,24,7561,5281,4848,1762,702
quality_4_6_line_3,line,ring,10,full,line25,233,ede331a54e2306547358ebdeb602f700ea3580d1d79cb0a4ea6ca17895deba22,24,19,1.4715646910481155,25,23574,14000,10926,4796,2412,24,7561,5281,4848,1762,702
quality_4_6_line_3,line,ring,10,full,grid25,211,ede331a54e2306547358ebdeb602f700ea3580d1d79cb0a4ea6ca17895deba22,24,19,1.2286291480995715,25,13203,8320,9074,5174,2599,24,7561,5281,4848,1762,702
quality_4_6_line_3,line,ring,10,full,grid25,223,ede331a54e2306547358ebdeb602f700ea3580d1d79cb0a4ea6ca17895deba22,24,19,1.219923370052129,25,13397,8424,8992,5418,2767,24,7561,5281,4848,1762,702
quality_4_6_line_3,line,ring,10,full,grid25,227,ede331a54e2306547358ebdeb602f700ea3580d1d79cb0a4ea6ca17895deba22,24,19,1.222520801704377,25,13468,8467,8967,5285,2724,24,7561,5281,4848,1762,702
quality_4_6_line_3,line,ring,10,full,grid25,229,ede331a54e2306547358ebdeb602f700ea3580d1d79cb0a4ea6ca17895deba22,24,19,1.220399061217904,25,13344,8394,9022,5436,2866,24,7561,5281,4848,1762,702
quality_4_6_line_3,line,ring,10,full,grid25,233,ede331a54e2306547358ebdeb602f700ea3580d1d79cb0a4ea6ca17895deba22,24,19,1.2204062440432608,25,13158,8300,9119,5277,2734,24,7561,5281,4848,1762,702
quality_4_6_line_3,line,ring,11,full,sherbrooke,211,55e02f5fde2b6c4980295a79ce675d7beb85147d4acedc1cad55228ef5a840c2,24,21,57.19372389698401,127,76357,46019,12122,11592,2589,24,8341,5833,5376,1944,776
quality_4_6_line_3,line,ring,11,full,sherbrooke,223,55e02f5fde2b6c4980295a79ce675d7beb85147d4acedc1cad55228ef5a840c2,24,21,61.4881979720667,127,76690,45794,12994,13654,3120,24,8341,5833,5376,1944,776
quality_4_6_line_3,line,ring,11,full,sherbrooke,227,55e02f5fde2b6c4980295a79ce675d7beb85147d4acedc1cad55228ef5a840c2,24,21,64.47165849013254,127,77883,46717,12790,14509,3239,24,8341,5833,5376,1944,776
quality_4_6_line_3,line,ring,11,full,sherbrooke,229,55e02f5fde2b6c4980295a79ce675d7beb85147d4acedc1cad55228ef5a840c2,24,21,70.49731161398813,127,78631,47264,12758,15139,3328,24,8341,5833,5376,1944,776
quality_4_6_line_3,line,ring,11,full,sherbrooke,233,55e02f5fde2b6c4980295a79ce675d7beb85147d4acedc1cad55228ef5a840c2,24,21,63.13382872380316,127,77658,46768,12542,14373,3182,24,8341,5833,5376,1944,776
quality_4_6_line_3,line,ring,11,full,line25,211,55e02f5fde2b6c4980295a79ce675d7beb85147d4acedc1cad55228ef5a840c2,24,21,1.5003630090504885,25,25692,15281,12147,5390,2803,24,8341,5833,5376,1944,776
quality_4_6_line_3,line,ring,11,full,line25,223,55e02f5fde2b6c4980295a79ce675d7beb85147d4acedc1cad55228ef5a840c2,24,21,1.5184029662050307,25,25734,15294,12254,5344,2578,24,8341,5833,5376,1944,776
quality_4_6_line_3,line,ring,11,full,line25,227,55e02f5fde2b6c4980295a79ce675d7beb85147d4acedc1cad55228ef5a840c2,24,21,1.6330101350322366,25,25734,15302,12221,5299,2717,24,8341,5833,5376,1944,776
quality_4_6_line_3,line,ring,11,full,line25,229,55e02f5fde2b6c4980295a79ce675d7beb85147d4acedc1cad55228ef5a840c2,24,21,1.5118941240943968,25,24966,14880,12328,5306,2735,24,8341,5833,5376,1944,776
quality_4_6_line_3,line,ring,11,full,line25,233,55e02f5fde2b6c4980295a79ce675d7beb85147d4acedc1cad55228ef5a840c2,24,21,1.518331070896238,25,25458,15152,12180,5114,2602,24,8341,5833,5376,1944,776
quality_4_6_line_3,line,ring,11,full,grid25,211,55e02f5fde2b6c4980295a79ce675d7beb85147d4acedc1cad55228ef5a840c2,24,21,1.3696587919257581,25,14837,9333,10103,5851,3044,24,8341,5833,5376,1944,776
quality_4_6_line_3,line,ring,11,full,grid25,223,55e02f5fde2b6c4980295a79ce675d7beb85147d4acedc1cad55228ef5a840c2,24,21,1.3632541853003204,25,13999,8883,10143,6002,3152,24,8341,5833,5376,1944,776
quality_4_6_line_3,line,ring,11,full,grid25,227,55e02f5fde2b6c4980295a79ce675d7beb85147d4acedc1cad55228ef5a840c2,24,21,1.3710136567242444,25,14385,9084,10164,5879,3119,24,8341,5833,5376,1944,776
quality_4_6_line_3,line,ring,11,full,grid25,229,55e02f5fde2b6c4980295a79ce675d7beb85147d4acedc1cad55228ef5a840c2,24,21,1.36449457379058,25,14617,9211,10136,6107,3190,24,8341,5833,5376,1944,776
quality_4_6_line_3,line,ring,11,full,grid25,233,55e02f5fde2b6c4980295a79ce675d7beb85147d4acedc1cad55228ef5a840c2,24,21,1.3700199811719358,25,14647,9228,10198,6047,3176,24,8341,5833,5376,1944,776
quality_4_6_line_3,line,ring,12,full,sherbrooke,211,2987b581e12ce351d52a0c492fd1c840b694e43b09c74347fc4ec42b66152d17,24,23,65.98563093692064,127,84346,50594,14018,15054,3428,24,9121,6385,5904,2126,850
quality_4_6_line_3,line,ring,12,full,sherbrooke,223,2987b581e12ce351d52a0c492fd1c840b694e43b09c74347fc4ec42b66152d17,24,23,85.51140686264262,127,84748,50885,13792,15333,3458,24,9121,6385,5904,2126,850
quality_4_6_line_3,line,ring,12,full,sherbrooke,227,2987b581e12ce351d52a0c492fd1c840b694e43b09c74347fc4ec42b66152d17,24,23,74.92364581301808,127,87020,52152,14583,17642,4124,24,9121,6385,5904,2126,850
quality_4_6_line_3,line,ring,12,full,sherbrooke,229,2987b581e12ce351d52a0c492fd1c840b694e43b09c74347fc4ec42b66152d17,24,23,79.82075771410018,127,86507,51900,14351,16973,3889,24,9121,6385,5904,2126,850
quality_4_6_line_3,line,ring,12,full,sherbrooke,233,2987b581e12ce351d52a0c492fd1c840b694e43b09c74347fc4ec42b66152d17,24,23,71.09811051608995,127,83627,50396,13308,14716,3169,24,9121,6385,5904,2126,850
quality_4_6_line_3,line,ring,12,full,line25,211,2987b581e12ce351d52a0c492fd1c840b694e43b09c74347fc4ec42b66152d17,24,23,1.6373419892042875,25,28123,16727,13324,6002,2987,24,9121,6385,5904,2126,850
quality_4_6_line_3,line,ring,12,full,line25,223,2987b581e12ce351d52a0c492fd1c840b694e43b09c74347fc4ec42b66152d17,24,23,1.6303697461262345,25,27974,16641,13428,5869,2970,24,9121,6385,5904,2126,850
quality_4_6_line_3,line,ring,12,full,line25,227,2987b581e12ce351d52a0c492fd1c840b694e43b09c74347fc4ec42b66152d17,24,23,1.6350749218836427,25,28430,16889,13328,5788,2845,24,9121,6385,5904,2126,850
quality_4_6_line_3,line,ring,12,full,line25,229,2987b581e12ce351d52a0c492fd1c840b694e43b09c74347fc4ec42b66152d17,24,23,1.6291691111400723,25,28807,17105,13228,5842,2893,24,9121,6385,5904,2126,850
quality_4_6_line_3,line,ring,12,full,line25,233,2987b581e12ce351d52a0c492fd1c840b694e43b09c74347fc4ec42b66152d17,24,23,1.770007778890431,25,28391,16876,13354,5762,2833,24,9121,6385,5904,2126,850
quality_4_6_line_3,line,ring,12,full,grid25,211,2987b581e12ce351d52a0c492fd1c840b694e43b09c74347fc4ec42b66152d17,24,23,1.4859529789537191,25,16469,10352,11044,6510,3345,24,9121,6385,5904,2126,850
quality_4_6_line_3,line,ring,12,full,grid25,223,2987b581e12ce351d52a0c492fd1c840b694e43b09c74347fc4ec42b66152d17,24,23,1.4798642746172845,25,15464,9806,11215,6792,3625,24,9121,6385,5904,2126,850
quality_4_6_line_3,line,ring,12,full,grid25,227,2987b581e12ce351d52a0c492fd1c840b694e43b09c74347fc4ec42b66152d17,24,23,1.4793422240763903,25,16202,10197,11111,6769,3441,24,9121,6385,5904,2126,850
quality_4_6_line_3,line,ring,12,full,grid25,229,2987b581e12ce351d52a0c492fd1c840b694e43b09c74347fc4ec42b66152d17,24,23,1.487578000407666,25,16181,10191,11064,6909,3487,24,9121,6385,5904,2126,850
quality_4_6_line_3,line,ring,12,full,grid25,233,2987b581e12ce351d52a0c492fd1c840b694e43b09c74347fc4ec42b66152d17,24,23,1.4820388490334153,25,16615,10434,10953,6582,3306,24,9121,6385,5904,2126,850
quality_4_6_scatter_0,scatter,serial,3,full,sherbrooke,211,522ad9c1ca9db88fa5e7e858729e708d60190638c2c96652d0a07c22f687fabe,19,5,3.640185173135251,127,16511,9516,3129,7918,1997,19,1397,1095,1061,1296,786
quality_4_6_scatter_0,scatter,serial,3,full,sherbrooke,223,522ad9c1ca9db88fa5e7e858729e708d60190638c2c96652d0a07c22f687fabe,19,5,3.4623755691573024,127,18085,10637,3199,8966,2117,19,1397,1095,1061,1296,786
quality_4_6_scatter_0,scatter,serial,3,full,sherbrooke,227,522ad9c1ca9db88fa5e7e858729e708d60190638c2c96652d0a07c22f687fabe,19,5,3.4437899379990995,127,17023,9967,3085,8306,2028,19,1397,1095,1061,1296,786
quality_4_6_scatter_0,scatter,serial,3,full,sherbrooke,229,522ad9c1ca9db88fa5e7e858729e708d60190638c2c96652d0a07c22f687fabe,19,5,3.3076104200445116,127,17213,10147,3057,8309,1976,19,1397,1095,1061,1296,786
quality_4_6_scatter_0,scatter,serial,3,full,sherbrooke,233,522ad9c1ca9db88fa5e7e858729e708d60190638c2c96652d0a07c22f687fabe,19,5,3.439850459806621,127,16163,9379,3009,7872,1982,19,1397,1095,1061,1296,786
quality_4_6_scatter_0,scatter,serial,3,full,line25,211,522ad9c1ca9db88fa5e7e858729e708d60190638c2c96652d0a07c22f687fabe,19,5,0.29287425009533763,25,2753,1825,3284,2985,2043,19,1397,1095,1061,1296,786
quality_4_6_scatter_0,scatter,serial,3,full,line25,223,522ad9c1ca9db88fa5e7e858729e708d60190638c2c96652d0a07c22f687fabe,19,5,0.29400206776335835,25,2606,1747,3284,3005,2052,19,1397,1095,1061,1296,786
quality_4_6_scatter_0,scatter,serial,3,full,line25,227,522ad9c1ca9db88fa5e7e858729e708d60190638c2c96652d0a07c22f687fabe,19,5,0.29252235032618046,25,2616,1758,3306,3033,2080,19,1397,1095,1061,1296,786
quality_4_6_scatter_0,scatter,serial,3,full,line25,229,522ad9c1ca9db88fa5e7e858729e708d60190638c2c96652d0a07c22f687fabe,19,5,0.29355198331177235,25,2606,1754,3316,2980,2037,19,1397,1095,1061,1296,786
quality_4_6_scatter_0,scatter,serial,3,full,line25,233,522ad9c1ca9db88fa5e7e858729e708d60190638c2c96652d0a07c22f687fabe,19,5,0.29882065672427416,25,2561,1720,3375,3069,2154,19,1397,1095,1061,1296,786
quality_4_6_scatter_0,scatter,serial,3,full,grid25,211,522ad9c1ca9db88fa5e7e858729e708d60190638c2c96652d0a07c22f687fabe,19,5,0.2017694371752441,25,2082,1468,2276,2430,1576,19,1397,1095,1061,1296,786
quality_4_6_scatter_0,scatter,serial,3,full,grid25,223,522ad9c1ca9db88fa5e7e858729e708d60190638c2c96652d0a07c22f687fabe,19,5,0.1999576948583126,25,2176,1522,2236,2405,1502,19,1397,1095,1061,1296,786
quality_4_6_scatter_0,scatter,serial,3,full,grid25,227,522ad9c1ca9db88fa5e7e858729e708d60190638c2c96652d0a07c22f687fabe,19,5,0.21784821106120944,25,2171,1518,2227,2427,1569,19,1397,1095,1061,1296,786
quality_4_6_scatter_0,scatter,serial,3,full,grid25,229,522ad9c1ca9db88fa5e7e858729e708d60190638c2c96652d0a07c22f687fabe,19,5,0.20074869086965919,25,2083,1472,2255,2387,1537,19,1397,1095,1061,1296,786
quality_4_6_scatter_0,scatter,serial,3,full,grid25,233,522ad9c1ca9db88fa5e7e858729e708d60190638c2c96652d0a07c22f687fabe,19,5,0.25422693509608507,25,2261,1563,2263,2530,1536,19,1397,1095,1061,1296,786
quality_4_6_scatter_0,scatter,complete,1,full,sherbrooke,211,aae165753d937b992a7708901704bdf8cdd0216fb08ce8d78bf3615d69d69abe,24,1,0.23664034996181726,127,2423,1485,324,664,117,24,1081,637,240,147,36
quality_4_6_scatter_0,scatter,complete,1,full,sherbrooke,223,aae165753d937b992a7708901704bdf8cdd0216fb08ce8d78bf3615d69d69abe,24,1,0.059890096075832844,127,2547,1557,328,394,68,24,1081,637,240,147,36
quality_4_6_scatter_0,scatter,complete,1,full,sherbrooke,227,aae165753d937b992a7708901704bdf8cdd0216fb08ce8d78bf3615d69d69abe,24,1,0.06340548675507307,127,2467,1516,314,391,67,24,1081,637,240,147,36
quality_4_6_scatter_0,scatter,complete,1,full,sherbrooke,229,aae165753d937b992a7708901704bdf8cdd0216fb08ce8d78bf3615d69d69abe,24,1,0.07861562957987189,127,2512,1529,320,416,70,24,1081,637,240,147,36
quality_4_6_scatter_0,scatter,complete,1,full,sherbrooke,233,aae165753d937b992a7708901704bdf8cdd0216fb08ce8d78bf3615d69d69abe,24,1,0.07708258181810379,127,2374,1461,311,374,59,24,1081,637,240,147,36
quality_4_6_scatter_0,scatter,complete,1,full,line25,211,aae165753d937b992a7708901704bdf8cdd0216fb08ce8d78bf3615d69d69abe,24,1,0.04087700229138136,25,1501,861,300,185,47,24,1081,637,240,147,36
quality_4_6_scatter_0,scatter,complete,1,full,line25,223,aae165753d937b992a7708901704bdf8cdd0216fb08ce8d78bf3615d69d69abe,24,1,0.040105662774294615,25,1491,856,306,188,52,24,1081,637,240,147,36
quality_4_6_scatter_0,scatter,complete,1,full,line25,227,aae165753d937b992a7708901704bdf8cdd0216fb08ce8d78bf3615d69d69abe,24,1,0.04024512507021427,25,1440,828,324,205,58,24,1081,637,240,147,36
quality_4_6_scatter_0,scatter,complete,1,full,line25,229,aae165753d937b992a7708901704bdf8cdd0216fb08ce8d78bf3615d69d69abe,24,1,0.04006924480199814,25,1481,851,312,188,52,24,1081,637,240,147,36
quality_4_6_scatter_0,scatter,complete,1,full,line25,233,aae165753d937b992a7708901704bdf8cdd0216fb08ce8d78bf3615d69d69abe,24,1,0.039999083150178194,25,1463,840,318,198,55,24,1081,637,240,147,36
quality_4_6_scatter_0,scatter,complete,1,full,grid25,211,aae165753d937b992a7708901704bdf8cdd0216fb08ce8d78bf3615d69d69abe,24,1,0.04118081275373697,25,1261,726,293,207,60,24,1081,637,240,147,36
quality_4_6_scatter_0,scatter,complete,1,full,grid25,223,aae165753d937b992a7708901704bdf8cdd0216fb08ce8d78bf3615d69d69abe,24,1,0.040292555000633,25,1274,734,297,217,63,24,1081,637,240,147,36
quality_4_6_scatter_0,scatter,complete,1,full,grid25,227,aae165753d937b992a7708901704bdf8cdd0216fb08ce8d78bf3615d69d69abe,24,1,0.03964270418509841,25,1261,723,297,206,60,24,1081,637,240,147,36
quality_4_6_scatter_0,scatter,complete,1,full,grid25,229,aae165753d937b992a7708901704bdf8cdd0216fb08ce8d78bf3615d69d69abe,24,1,0.039883817080408335,25,1245,716,298,229,64,24,1081,637,240,147,36
quality_4_6_scatter_0,scatter,complete,1,full,grid25,233,aae165753d937b992a7708901704bdf8cdd0216fb08ce8d78bf3615d69d69abe,24,1,0.039905056823045015,25,1276,734,301,212,63,24,1081,637,240,147,36
quality_4_6_scatter_0,scatter,complete,2,full,sherbrooke,211,21e814bb88ec833f37539c966577118a4762365d0dbf895c3c8f6f3fe8605d08,24,3,1.387496240902692,127,10235,6220,1554,1577,347,24,2371,1483,852,361,116
quality_4_6_scatter_0,scatter,complete,2,full,sherbrooke,223,21e814bb88ec833f37539c966577118a4762365d0dbf895c3c8f6f3fe8605d08,24,3,1.0270611997693777,127,10621,6448,1573,1711,351,24,2371,1483,852,361,116
quality_4_6_scatter_0,scatter,complete,2,full,sherbrooke,227,21e814bb88ec833f37539c966577118a4762365d0dbf895c3c8f6f3fe8605d08,24,3,1.0732201701030135,127,10718,6497,1635,1999,417,24,2371,1483,852,361,116
quality_4_6_scatter_0,scatter,complete,2,full,sherbrooke,229,21e814bb88ec833f37539c966577118a4762365d0dbf895c3c8f6f3fe8605d08,24,3,1.2229191469959915,127,10631,6448,1576,1876,402,24,2371,1483,852,361,116
quality_4_6_scatter_0,scatter,complete,2,full,sherbrooke,233,21e814bb88ec833f37539c966577118a4762365d0dbf895c3c8f6f3fe8605d08,24,3,1.2033507488667965,127,10687,6450,1610,1998,439,24,2371,1483,852,361,116
quality_4_6_scatter_0,scatter,complete,2,full,line25,211,21e814bb88ec833f37539c966577118a4762365d0dbf895c3c8f6f3fe8605d08,24,3,0.20282246358692646,25,4829,2804,1524,886,321,24,2371,1483,852,361,116
quality_4_6_scatter_0,scatter,complete,2,full,line25,223,21e814bb88ec833f37539c966577118a4762365d0dbf895c3c8f6f3fe8605d08,24,3,0.19837280921638012,25,4875,2830,1545,900,343,24,2371,1483,852,361,116
quality_4_6_scatter_0,scatter,complete,2,full,line25,227,21e814bb88ec833f37539c966577118a4762365d0dbf895c3c8f6f3fe8605d08,24,3,0.19648307003080845,25,4981,2889,1495,926,335,24,2371,1483,852,361,116
quality_4_6_scatter_0,scatter,complete,2,full,line25,229,21e814bb88ec833f37539c966577118a4762365d0dbf895c3c8f6f3fe8605d08,24,3,0.19979609176516533,25,4578,2665,1538,820,321,24,2371,1483,852,361,116
quality_4_6_scatter_0,scatter,complete,2,full,line25,233,21e814bb88ec833f37539c966577118a4762365d0dbf895c3c8f6f3fe8605d08,24,3,0.19917504489421844,25,4810,2791,1525,858,332,24,2371,1483,852,361,116
quality_4_6_scatter_0,scatter,complete,2,full,grid25,211,21e814bb88ec833f37539c966577118a4762365d0dbf895c3c8f6f3fe8605d08,24,3,0.18850764306262136,25,3302,1961,1342,1058,387,24,2371,1483,852,361,116
quality_4_6_scatter_0,scatter,complete,2,full,grid25,223,21e814bb88ec833f37539c966577118a4762365d0dbf895c3c8f6f3fe8605d08,24,3,0.18945750687271357,25,3244,1933,1372,1208,477,24,2371,1483,852,361,116
quality_4_6_scatter_0,scatter,complete,2,full,grid25,227,21e814bb88ec833f37539c966577118a4762365d0dbf895c3c8f6f3fe8605d08,24,3,0.19155466463416815,25,3190,1906,1386,871,383,24,2371,1483,852,361,116
quality_4_6_scatter_0,scatter,complete,2,full,grid25,229,21e814bb88ec833f37539c966577118a4762365d0dbf895c3c8f6f3fe8605d08,24,3,0.1897699530236423,25,3332,1984,1372,1070,405,24,2371,1483,852,361,116
quality_4_6_scatter_0,scatter,complete,2,full,grid25,233,21e814bb88ec833f37539c966577118a4762365d0dbf895c3c8f6f3fe8605d08,24,3,0.18825273495167494,25,3306,1973,1335,971,392,24,2371,1483,852,361,116
quality_4_6_scatter_0,scatter,complete,3,full,sherbrooke,211,513f2b3f6b573a11aec13abd113266cf679f8b47d26d91d4f45a13145527fbce,24,5,3.5947039760649204,127,18574,11267,2869,3426,765,24,3661,2329,1464,557,184
quality_4_6_scatter_0,scatter,complete,3,full,sherbrooke,223,513f2b3f6b573a11aec13abd113266cf679f8b47d26d91d4f45a13145527fbce,24,5,3.9808037523180246,127,18997,11460,2991,3393,748,24,3661,2329,1464,557,184
quality_4_6_scatter_0,scatter,complete,3,full,sherbrooke,227,513f2b3f6b573a11aec13abd113266cf679f8b47d26d91d4f45a13145527fbce,24,5,3.7027682373300195,127,19531,11814,2982,3831,822,24,3661,2329,1464,557,184
quality_4_6_scatter_0,scatter,complete,3,full,sherbrooke,229,513f2b3f6b573a11aec13abd113266cf679f8b47d26d91d4f45a13145527fbce,24,5,3.69676450220868,127,19349,11687,3026,4228,891,24,3661,2329,1464,557,184
quality_4_6_scatter_0,scatter,complete,3,full,sherbrooke,233,513f2b3f6b573a11aec13abd113266cf679f8b47d26d91d4f45a13145527fbce,24,5,3.240500946994871,127,19263,11709,2941,3513,730,24,3661,2329,1464,557,184
quality_4_6_scatter_0,scatter,complete,3,full,line25,211,513f2b3f6b573a11aec13abd113266cf679f8b47d26d91d4f45a13145527fbce,24,5,0.3806253862567246,25,8065,4704,2876,1426,577,24,3661,2329,1464,557,184
quality_4_6_scatter_0,scatter,complete,3,full,line25,223,513f2b3f6b573a11aec13abd113266cf679f8b47d26d91d4f45a13145527fbce,24,5,0.37138525396585464,25,8150,4746,2875,1464,607,24,3661,2329,1464,557,184
quality_4_6_scatter_0,scatter,complete,3,full,line25,227,513f2b3f6b573a11aec13abd113266cf679f8b47d26d91d4f45a13145527fbce,24,5,0.37447158014401793,25,8120,4731,2851,1684,681,24,3661,2329,1464,557,184
quality_4_6_scatter_0,scatter,complete,3,full,line25,229,513f2b3f6b573a11aec13abd113266cf679f8b47d26d91d4f45a13145527fbce,24,5,0.37905245181173086,25,7958,4643,2876,1587,669,24,3661,2329,1464,557,184
quality_4_6_scatter_0,scatter,complete,3,full,line25,233,513f2b3f6b573a11aec13abd113266cf679f8b47d26d91d4f45a13145527fbce,24,5,0.3721430879086256,25,7853,4587,2888,1576,616,24,3661,2329,1464,557,184
quality_4_6_scatter_0,scatter,complete,3,full,grid25,211,513f2b3f6b573a11aec13abd113266cf679f8b47d26d91d4f45a13145527fbce,24,5,0.3484821547754109,25,5267,3163,2484,1769,740,24,3661,2329,1464,557,184
quality_4_6_scatter_0,scatter,complete,3,full,grid25,223,513f2b3f6b573a11aec13abd113266cf679f8b47d26d91d4f45a13145527fbce,24,5,0.3510412909090519,25,5648,3375,2457,1772,705,24,3661,2329,1464,557,184
quality_4_6_scatter_0,scatter,complete,3,full,grid25,227,513f2b3f6b573a11aec13abd113266cf679f8b47d26d91d4f45a13145527fbce,24,5,0.34902482526376843,25,5209,3139,2449,1736,719,24,3661,2329,1464,557,184
quality_4_6_scatter_0,scatter,complete,3,full,grid25,229,513f2b3f6b573a11aec13abd113266cf679f8b47d26d91d4f45a13145527fbce,24,5,0.35020431922748685,25,5293,3177,2509,1764,741,24,3661,2329,1464,557,184
quality_4_6_scatter_0,scatter,complete,3,full,grid25,233,513f2b3f6b573a11aec13abd113266cf679f8b47d26d91d4f45a13145527fbce,24,5,0.3551983372308314,25,5482,3285,2498,1635,644,24,3661,2329,1464,557,184
quality_4_6_scatter_0,scatter,complete,4,full,sherbrooke,211,b8c0b82e5b02fe8b64a7828bb531bfd77acff58dcb3ac1db8023342389000b05,24,7,7.7988228551112115,127,27943,16898,4409,5354,1180,24,4951,3175,2076,753,252
quality_4_6_scatter_0,scatter,complete,4,full,sherbrooke,223,b8c0b82e5b02fe8b64a7828bb531bfd77acff58dcb3ac1db8023342389000b05,24,7,6.857377280015498,127,28067,16944,4333,5398,1112,24,4951,3175,2076,753,252
quality_4_6_scatter_0,scatter,complete,4,full,sherbrooke,227,b8c0b82e5b02fe8b64a7828bb531bfd77acff58dcb3ac1db8023342389000b05,24,7,7.803580509033054,127,28893,17403,4504,5901,1273,24,4951,3175,2076,753,252
quality_4_6_scatter_0,scatter,complete,4,full,sherbrooke,229,b8c0b82e5b02fe8b64a7828bb531bfd77acff58dcb3ac1db8023342389000b05,24,7,7.94539927598089,127,27684,16717,4329,5184,1120,24,4951,3175,2076,753,252
quality_4_6_scatter_0,scatter,complete,4,full,sherbrooke,233,b8c0b82e5b02fe8b64a7828bb531bfd77acff58dcb3ac1db8023342389000b05,24,7,8.732391376979649,127,27517,16567,4360,5238,1197,24,4951,3175,2076,753,252
quality_4_6_scatter_0,scatter,complete,4,full,line25,211,b8c0b82e5b02fe8b64a7828bb531bfd77acff58dcb3ac1db8023342389000b05,24,7,0.557355382014066,25,10862,6357,4274,2369,977,24,4951,3175,2076,753,252
quality_4_6_scatter_0,scatter,complete,4,full,line25,223,b8c0b82e5b02fe8b64a7828bb531bfd77acff58dcb3ac1db8023342389000b05,24,7,0.5517002628184855,25,10823,6331,4334,2399,999,24,4951,3175,2076,753,252
quality_4_6_scatter_0,scatter,complete,4,full,line25,227,b8c0b82e5b02fe8b64a7828bb531bfd77acff58dcb3ac1db8023342389000b05,24,7,0.545727807097137,25,11262,6578,4202,2172,896,24,4951,3175,2076,753,252
quality_4_6_scatter_0,scatter,complete,4,full,line25,229,b8c0b82e5b02fe8b64a7828bb531bfd77acff58dcb3ac1db8023342389000b05,24,7,0.5505013512447476,25,10833,6352,4303,2071,875,24,4951,3175,2076,753,252
quality_4_6_scatter_0,scatter,complete,4,full,line25,233,b8c0b82e5b02fe8b64a7828bb531bfd77acff58dcb3ac1db8023342389000b05,24,7,0.5515043246559799,25,10919,6390,4314,2432,988,24,4951,3175,2076,753,252
quality_4_6_scatter_0,scatter,complete,4,full,grid25,211,b8c0b82e5b02fe8b64a7828bb531bfd77acff58dcb3ac1db8023342389000b05,24,7,0.5120115717872977,25,7390,4439,3626,2527,1056,24,4951,3175,2076,753,252
quality_4_6_scatter_0,scatter,complete,4,full,grid25,223,b8c0b82e5b02fe8b64a7828bb531bfd77acff58dcb3ac1db8023342389000b05,24,7,0.5133210606873035,25,7390,4446,3622,2652,1156,24,4951,3175,2076,753,252
quality_4_6_scatter_0,scatter,complete,4,full,grid25,227,b8c0b82e5b02fe8b64a7828bb531bfd77acff58dcb3ac1db8023342389000b05,24,7,0.5157809909433126,25,7388,4456,3616,2292,992,24,4951,3175,2076,753,252
quality_4_6_scatter_0,scatter,complete,4,full,grid25,229,b8c0b82e5b02fe8b64a7828bb531bfd77acff58dcb3ac1db8023342389000b05,24,7,0.516742286272347,25,7707,4628,3534,2577,1025,24,4951,3175,2076,753,252
quality_4_6_scatter_0,scatter,complete,4,full,grid25,233,b8c0b82e5b02fe8b64a7828bb531bfd77acff58dcb3ac1db8023342389000b05,24,7,0.5147315799258649,25,7200,4351,3727,2471,1162,24,4951,3175,2076,753,252
quality_4_6_scatter_0,scatter,complete,5,full,sherbrooke,211,842323576da5d9ac4eeb7a3767ca33b752ede303a4d277493374850a37be2797,24,9,13.370281092822552,127,37685,22709,5964,7955,1734,24,6241,4021,2688,949,320
quality_4_6_scatter_0,scatter,complete,5,full,sherbrooke,223,842323576da5d9ac4eeb7a3767ca33b752ede303a4d277493374850a37be2797,24,9,12.07145585399121,127,37509,22663,5917,7480,1588,24,6241,4021,2688,949,320
quality_4_6_scatter_0,scatter,complete,5,full,sherbrooke,227,842323576da5d9ac4eeb7a3767ca33b752ede303a4d277493374850a37be2797,24,9,13.151043551973999,127,37770,22898,5840,7688,1612,24,6241,4021,2688,949,320
quality_4_6_scatter_0,scatter,complete,5,full,sherbrooke,229,842323576da5d9ac4eeb7a3767ca33b752ede303a4d277493374850a37be2797,24,9,13.136235575191677,127,37071,22343,5955,7446,1637,24,6241,4021,2688,949,320
quality_4_6_scatter_0,scatter,complete,5,full,sherbrooke,233,842323576da5d9ac4eeb7a3767ca33b752ede303a4d277493374850a37be2797,24,9,13.457178715150803,127,36589,21991,5883,6879,1540,24,6241,4021,2688,949,320
quality_4_6_scatter_0,scatter,complete,5,full,line25,211,842323576da5d9ac4eeb7a3767ca33b752ede303a4d277493374850a37be2797,24,9,0.7384230038151145,25,13859,8123,5862,3171,1441,24,6241,4021,2688,949,320
quality_4_6_scatter_0,scatter,complete,5,full,line25,223,842323576da5d9ac4eeb7a3767ca33b752ede303a4d277493374850a37be2797,24,9,0.741864066105336,25,13904,8149,5743,3127,1281,24,6241,4021,2688,949,320
quality_4_6_scatter_0,scatter,complete,5,full,line25,227,842323576da5d9ac4eeb7a3767ca33b752ede303a4d277493374850a37be2797,24,9,0.7408530982211232,25,13901,8145,5772,2996,1362,24,6241,4021,2688,949,320
quality_4_6_scatter_0,scatter,complete,5,full,line25,229,842323576da5d9ac4eeb7a3767ca33b752ede303a4d277493374850a37be2797,24,9,0.7300498811528087,25,14530,8482,5674,2898,1270,24,6241,4021,2688,949,320
quality_4_6_scatter_0,scatter,complete,5,full,line25,233,842323576da5d9ac4eeb7a3767ca33b752ede303a4d277493374850a37be2797,24,9,0.7305992017500103,25,13902,8148,5781,2945,1289,24,6241,4021,2688,949,320
quality_4_6_scatter_0,scatter,complete,5,full,grid25,211,842323576da5d9ac4eeb7a3767ca33b752ede303a4d277493374850a37be2797,24,9,0.6754031609743834,25,9377,5661,4744,3205,1392,24,6241,4021,2688,949,320
quality_4_6_scatter_0,scatter,complete,5,full,grid25,223,842323576da5d9ac4eeb7a3767ca33b752ede303a4d277493374850a37be2797,24,9,0.6794008780270815,25,9449,5708,4828,3261,1431,24,6241,4021,2688,949,320
quality_4_6_scatter_0,scatter,complete,5,full,grid25,227,842323576da5d9ac4eeb7a3767ca33b752ede303a4d277493374850a37be2797,24,9,0.6788822142407298,25,9059,5487,4822,3458,1466,24,6241,4021,2688,949,320
quality_4_6_scatter_0,scatter,complete,5,full,grid25,229,842323576da5d9ac4eeb7a3767ca33b752ede303a4d277493374850a37be2797,24,9,0.6790023189969361,25,9245,5594,4813,3147,1460,24,6241,4021,2688,949,320
quality_4_6_scatter_0,scatter,complete,5,full,grid25,233,842323576da5d9ac4eeb7a3767ca33b752ede303a4d277493374850a37be2797,24,9,0.6807067599147558,25,9509,5732,4811,3376,1454,24,6241,4021,2688,949,320
quality_4_6_scatter_0,scatter,complete,6,full,sherbrooke,211,7e505b2c3eb675e40862157254127259d43dd241c4c28d002a6e023f9c3f8e63,24,11,18.67870734911412,127,45283,27177,7390,8492,1922,24,7531,4867,3300,1145,388
quality_4_6_scatter_0,scatter,complete,6,full,sherbrooke,223,7e505b2c3eb675e40862157254127259d43dd241c4c28d002a6e023f9c3f8e63,24,11,22.462767101358622,127,46410,27920,7386,8663,1849,24,7531,4867,3300,1145,388
quality_4_6_scatter_0,scatter,complete,6,full,sherbrooke,227,7e505b2c3eb675e40862157254127259d43dd241c4c28d002a6e023f9c3f8e63,24,11,18.920918500982225,127,45284,27410,7110,7818,1732,24,7531,4867,3300,1145,388
quality_4_6_scatter_0,scatter,complete,6,full,sherbrooke,229,7e505b2c3eb675e40862157254127259d43dd241c4c28d002a6e023f9c3f8e63,24,11,19.63293457729742,127,45855,27587,7429,8238,1885,24,7531,4867,3300,1145,388
quality_4_6_scatter_0,scatter,complete,6,full,sherbrooke,233,7e505b2c3eb675e40862157254127259d43dd241c4c28d002a6e023f9c3f8e63,24,11,20.382227134890854,127,45457,27368,7230,8287,1838,24,7531,4867,3300,1145,388
quality_4_6_scatter_0,scatter,complete,6,full,line25,211,7e505b2c3eb675e40862157254127259d43dd241c4c28d002a6e023f9c3f8e63,24,11,0.926091006025672,25,17381,10181,7129,3738,1694,24,7531,4867,3300,1145,388
quality_4_6_scatter_0,scatter,complete,6,full,line25,223,7e505b2c3eb675e40862157254127259d43dd241c4c28d002a6e023f9c3f8e63,24,11,0.9195801690220833,25,17466,10231,7074,3839,1656,24,7531,4867,3300,1145,388
quality_4_6_scatter_0,scatter,complete,6,full,line25,227,7e505b2c3eb675e40862157254127259d43dd241c4c28d002a6e023f9c3f8e63,24,11,0.9174697366543114,25,16922,9920,7267,3982,1849,24,7531,4867,3300,1145,388
quality_4_6_scatter_0,scatter,complete,6,full,line25,229,7e505b2c3eb675e40862157254127259d43dd241c4c28d002a6e023f9c3f8e63,24,11,0.9196958867833018,25,16636,9763,7206,3681,1631,24,7531,4867,3300,1145,388
quality_4_6_scatter_0,scatter,complete,6,full,line25,233,7e505b2c3eb675e40862157254127259d43dd241c4c28d002a6e023f9c3f8e63,24,11,0.9210264347493649,25,17054,10002,7107,3757,1660,24,7531,4867,3300,1145,388
quality_4_6_scatter_0,scatter,complete,6,full,grid25,211,7e505b2c3eb675e40862157254127259d43dd241c4c28d002a6e023f9c3f8e63,24,11,0.8512452254071832,25,11374,6870,6029,4095,1788,24,7531,4867,3300,1145,388
quality_4_6_scatter_0,scatter,complete,6,full,grid25,223,7e505b2c3eb675e40862157254127259d43dd241c4c28d002a6e023f9c3f8e63,24,11,0.8500049961730838,25,11311,6848,5977,3962,1785,24,7531,4867,3300,1145,388
quality_4_6_scatter_0,scatter,complete,6,full,grid25,227,7e505b2c3eb675e40862157254127259d43dd241c4c28d002a6e023f9c3f8e63,24,11,0.8503081551752985,25,11345,6857,5979,4122,1852,24,7531,4867,3300,1145,388
quality_4_6_scatter_0,scatter,complete,6,full,grid25,229,7e505b2c3eb675e40862157254127259d43dd241c4c28d002a6e023f9c3f8e63,24,11,0.8502533920109272,25,11317,6843,6038,4205,1862,24,7531,4867,3300,1145,388
quality_4_6_scatter_0,scatter,complete,6,full,grid25,233,7e505b2c3eb675e40862157254127259d43dd241c4c28d002a6e023f9c3f8e63,24,11,0.8481786861084402,25,11345,6873,6034,3862,1708,24,7531,4867,3300,1145,388
quality_4_6_scatter_0,scatter,complete,7,full,sherbrooke,211,51b2ae1265c878538a5084dbb9a8dcab4b7bea37c8b3023e0ea64b3a233c717c,24,13,25.735456654801965,127,53129,31872,8657,10281,2346,24,8821,5713,3912,1341,456
quality_4_6_scatter_0,scatter,complete,7,full,sherbrooke,223,51b2ae1265c878538a5084dbb9a8dcab4b7bea37c8b3023e0ea64b3a233c717c,24,13,26.85932797100395,127,54016,32460,8624,10435,2351,24,8821,5713,3912,1341,456
quality_4_6_scatter_0,scatter,complete,7,full,sherbrooke,227,51b2ae1265c878538a5084dbb9a8dcab4b7bea37c8b3023e0ea64b3a233c717c,24,13,32.23321699490771,127,54493,32803,8656,11475,2464,24,8821,5713,3912,1341,456
quality_4_6_scatter_0,scatter,complete,7,full,sherbrooke,229,51b2ae1265c878538a5084dbb9a8dcab4b7bea37c8b3023e0ea64b3a233c717c,24,13,28.68315024394542,127,53795,32386,8654,10218,2278,24,8821,5713,3912,1341,456
quality_4_6_scatter_0,scatter,complete,7,full,sherbrooke,233,51b2ae1265c878538a5084dbb9a8dcab4b7bea37c8b3023e0ea64b3a233c717c,24,13,30.75118502182886,127,55874,33563,8932,10151,2260,24,8821,5713,3912,1341,456
quality_4_6_scatter_0,scatter,complete,7,full,line25,211,51b2ae1265c878538a5084dbb9a8dcab4b7bea37c8b3023e0ea64b3a233c717c,24,13,1.135534425266087,25,20094,11786,8598,4977,2162,24,8821,5713,3912,1341,456
quality_4_6_scatter_0,scatter,complete,7,full,line25,223,51b2ae1265c878538a5084dbb9a8dcab4b7bea37c8b3023e0ea64b3a233c717c,24,13,1.1234225910156965,25,20048,11758,8593,4667,2032,24,8821,5713,3912,1341,456
quality_4_6_scatter_0,scatter,complete,7,full,line25,227,51b2ae1265c878538a5084dbb9a8dcab4b7bea37c8b3023e0ea64b3a233c717c,24,13,1.1246522297151387,25,20691,12117,8478,4695,1985,24,8821,5713,3912,1341,456
quality_4_6_scatter_0,scatter,complete,7,full,line25,229,51b2ae1265c878538a5084dbb9a8dcab4b7bea37c8b3023e0ea64b3a233c717c,24,13,1.1204091319814324,25,19834,11645,8592,4510,2022,24,8821,5713,3912,1341,456
quality_4_6_scatter_0,scatter,complete,7,full,line25,233,51b2ae1265c878538a5084dbb9a8dcab4b7bea37c8b3023e0ea64b3a233c717c,24,13,1.1322368034161627,25,19685,11561,8681,4767,2127,24,8821,5713,3912,1341,456
quality_4_6_scatter_0,scatter,complete,7,full,grid25,211,51b2ae1265c878538a5084dbb9a8dcab4b7bea37c8b3023e0ea64b3a233c717c,24,13,1.0338273718953133,25,12934,7852,7201,5069,2385,24,8821,5713,3912,1341,456
quality_4_6_scatter_0,scatter,complete,7,full,grid25,223,51b2ae1265c878538a5084dbb9a8dcab4b7bea37c8b3023e0ea64b3a233c717c,24,13,1.0413623820059001,25,13514,8173,7060,5214,2263,24,8821,5713,3912,1341,456
quality_4_6_scatter_0,scatter,complete,7,full,grid25,227,51b2ae1265c878538a5084dbb9a8dcab4b7bea37c8b3023e0ea64b3a233c717c,24,13,1.0318855559453368,25,13334,8080,7210,4841,2187,24,8821,5713,3912,1341,456
quality_4_6_scatter_0,scatter,complete,7,full,grid25,229,51b2ae1265c878538a5084dbb9a8dcab4b7bea37c8b3023e0ea64b3a233c717c,24,13,1.0324562368914485,25,13060,7920,7258,4874,2219,24,8821,5713,3912,1341,456
quality_4_6_scatter_0,scatter,complete,7,full,grid25,233,51b2ae1265c878538a5084dbb9a8dcab4b7bea37c8b3023e0ea64b3a233c717c,24,13,1.207623700145632,25,13678,8263,7141,4660,2178,24,8821,5713,3912,1341,456
quality_4_6_scatter_0,scatter,complete,8,full,sherbrooke,211,586bb870f8836c63c211d4074b808683431494b67133e7d00d30873f952b41aa,24,15,39.56656853109598,127,66978,40240,10598,13373,2865,24,10111,6559,4524,1537,524
quality_4_6_scatter_0,scatter,complete,8,full,sherbrooke,223,586bb870f8836c63c211d4074b808683431494b67133e7d00d30873f952b41aa,24,15,36.298743499908596,127,63186,38027,10127,12471,2749,24,10111,6559,4524,1537,524
quality_4_6_scatter_0,scatter,complete,8,full,sherbrooke,227,586bb870f8836c63c211d4074b808683431494b67133e7d00d30873f952b41aa,24,15,40.04604209214449,127,65834,39797,10341,13184,2752,24,10111,6559,4524,1537,524
quality_4_6_scatter_0,scatter,complete,8,full,sherbrooke,229,586bb870f8836c63c211d4074b808683431494b67133e7d00d30873f952b41aa,24,15,38.2919217068702,127,63428,38078,10183,11991,2681,24,10111,6559,4524,1537,524
quality_4_6_scatter_0,scatter,complete,8,full,sherbrooke,233,586bb870f8836c63c211d4074b808683431494b67133e7d00d30873f952b41aa,24,15,41.42717618262395,127,63813,38308,10311,11205,2523,24,10111,6559,4524,1537,524
quality_4_6_scatter_0,scatter,complete,8,full,line25,211,586bb870f8836c63c211d4074b808683431494b67133e7d00d30873f952b41aa,24,15,1.3140295571647584,25,23626,13850,9920,5456,2411,24,10111,6559,4524,1537,524
quality_4_6_scatter_0,scatter,complete,8,full,line25,223,586bb870f8836c63c211d4074b808683431494b67133e7d00d30873f952b41aa,24,15,1.2941189082339406,25,23108,13561,9995,5293,2310,24,10111,6559,4524,1537,524
quality_4_6_scatter_0,scatter,complete,8,full,line25,227,586bb870f8836c63c211d4074b808683431494b67133e7d00d30873f952b41aa,24,15,1.3018333544023335,25,23682,13878,10014,5167,2307,24,10111,6559,4524,1537,524
quality_4_6_scatter_0,scatter,complete,8,full,line25,229,586bb870f8836c63c211d4074b808683431494b67133e7d00d30873f952b41aa,24,15,1.317472052294761,25,23039,13519,9995,5181,2350,24,10111,6559,4524,1537,524
quality_4_6_scatter_0,scatter,complete,8,full,line25,233,586bb870f8836c63c211d4074b808683431494b67133e7d00d30873f952b41aa,24,15,1.411480057053268,25,23039,13528,10174,5167,2306,24,10111,6559,4524,1537,524
quality_4_6_scatter_0,scatter,complete,8,full,grid25,211,586bb870f8836c63c211d4074b808683431494b67133e7d00d30873f952b41aa,24,15,1.2053442797623575,25,15734,9511,8363,5907,2646,24,10111,6559,4524,1537,524
quality_4_6_scatter_0,scatter,complete,8,full,grid25,223,586bb870f8836c63c211d4074b808683431494b67133e7d00d30873f952b41aa,24,15,1.200040529947728,25,15797,9551,8307,5639,2477,24,10111,6559,4524,1537,524
quality_4_6_scatter_0,scatter,complete,8,full,grid25,227,586bb870f8836c63c211d4074b808683431494b67133e7d00d30873f952b41aa,24,15,1.189285994041711,25,15591,9445,8175,5620,2490,24,10111,6559,4524,1537,524
quality_4_6_scatter_0,scatter,complete,8,full,grid25,229,586bb870f8836c63c211d4074b808683431494b67133e7d00d30873f952b41aa,24,15,1.1868248423561454,25,15604,9430,8217,5205,2334,24,10111,6559,4524,1537,524
quality_4_6_scatter_0,scatter,complete,8,full,grid25,233,586bb870f8836c63c211d4074b808683431494b67133e7d00d30873f952b41aa,24,15,1.1990508818998933,25,14977,9113,8407,6065,2762,24,10111,6559,4524,1537,524
quality_4_6_scatter_0,scatter,complete,9,full,sherbrooke,211,13ebc1834aad9c51c3893247ac7087f71eec7a318a3c7d67dbc136eaf48e9709,24,17,51.41324213985354,127,71750,43026,11729,14101,3159,24,11401,7405,5136,1733,592
quality_4_6_scatter_0,scatter,complete,9,full,sherbrooke,223,13ebc1834aad9c51c3893247ac7087f71eec7a318a3c7d67dbc136eaf48e9709,24,17,49.949809411074966,127,74595,45035,11719,15346,3195,24,11401,7405,5136,1733,592
quality_4_6_scatter_0,scatter,complete,9,full,sherbrooke,227,13ebc1834aad9c51c3893247ac7087f71eec7a318a3c7d67dbc136eaf48e9709,24,17,50.36078830808401,127,71636,43100,11603,14001,3165,24,11401,7405,5136,1733,592
quality_4_6_scatter_0,scatter,complete,9,full,sherbrooke,229,13ebc1834aad9c51c3893247ac7087f71eec7a318a3c7d67dbc136eaf48e9709,24,17,50.40922102890909,127,72627,43595,11737,15259,3338,24,11401,7405,5136,1733,592
quality_4_6_scatter_0,scatter,complete,9,full,sherbrooke,233,13ebc1834aad9c51c3893247ac7087f71eec7a318a3c7d67dbc136eaf48e9709,24,17,51.500655349809676,127,73708,44336,11750,13561,2986,24,11401,7405,5136,1733,592
quality_4_6_scatter_0,scatter,complete,9,full,line25,211,13ebc1834aad9c51c3893247ac7087f71eec7a318a3c7d67dbc136eaf48e9709,24,17,1.5152846099808812,25,26134,15360,11546,6135,2754,24,11401,7405,5136,1733,592
quality_4_6_scatter_0,scatter,complete,9,full,line25,223,13ebc1834aad9c51c3893247ac7087f71eec7a318a3c7d67dbc136eaf48e9709,24,17,1.5207984237931669,25,26317,15434,11529,6044,2638,24,11401,7405,5136,1733,592
quality_4_6_scatter_0,scatter,complete,9,full,line25,227,13ebc1834aad9c51c3893247ac7087f71eec7a318a3c7d67dbc136eaf48e9709,24,17,1.5214869570918381,25,25873,15194,11577,6281,2792,24,11401,7405,5136,1733,592
quality_4_6_scatter_0,scatter,complete,9,full,line25,229,13ebc1834aad9c51c3893247ac7087f71eec7a318a3c7d67dbc136eaf48e9709,24,17,1.5307963690720499,25,26395,15481,11569,6289,2858,24,11401,7405,5136,1733,592
quality_4_6_scatter_0,scatter,complete,9,full,line25,233,13ebc1834aad9c51c3893247ac7087f71eec7a318a3c7d67dbc136eaf48e9709,24,17,1.6280292309820652,25,26301,15442,11546,6231,2752,24,11401,7405,5136,1733,592
quality_4_6_scatter_0,scatter,complete,9,full,grid25,211,13ebc1834aad9c51c3893247ac7087f71eec7a318a3c7d67dbc136eaf48e9709,24,17,1.3845129562541842,25,17265,10493,9358,6493,2854,24,11401,7405,5136,1733,592
quality_4_6_scatter_0,scatter,complete,9,full,grid25,223,13ebc1834aad9c51c3893247ac7087f71eec7a318a3c7d67dbc136eaf48e9709,24,17,1.3852111380547285,25,17319,10511,9464,6336,2752,24,11401,7405,5136,1733,592
quality_4_6_scatter_0,scatter,complete,9,full,grid25,227,13ebc1834aad9c51c3893247ac7087f71eec7a318a3c7d67dbc136eaf48e9709,24,17,1.3881911039352417,25,17188,10438,9487,6606,2969,24,11401,7405,5136,1733,592
quality_4_6_scatter_0,scatter,complete,9,full,grid25,229,13ebc1834aad9c51c3893247ac7087f71eec7a318a3c7d67dbc136eaf48e9709,24,17,1.3895185668952763,25,17247,10474,9478,6361,2994,24,11401,7405,5136,1733,592
quality_4_6_scatter_0,scatter,complete,9,full,grid25,233,13ebc1834aad9c51c3893247ac7087f71eec7a318a3c7d67dbc136eaf48e9709,24,17,1.3934909561648965,25,17966,10860,9447,6366,2778,24,11401,7405,5136,1733,592
quality_4_6_scatter_0,scatter,complete,10,full,sherbrooke,211,5ef1841f4da4f6eafc982a164e187e2d745101f87bad027a179b1a86496c67c1,24,19,61.648393837269396,127,84706,51052,13404,17081,3664,24,12691,8251,5748,1929,660
quality_4_6_scatter_0,scatter,complete,10,full,sherbrooke,223,5ef1841f4da4f6eafc982a164e187e2d745101f87bad027a179b1a86496c67c1,24,19,64.91643772739917,127,82019,49200,13377,15706,3440,24,12691,8251,5748,1929,660
quality_4_6_scatter_0,scatter,complete,10,full,sherbrooke,227,5ef1841f4da4f6eafc982a164e187e2d745101f87bad027a179b1a86496c67c1,24,19,63.43019635602832,127,83304,50044,13315,17219,3725,24,12691,8251,5748,1929,660
quality_4_6_scatter_0,scatter,complete,10,full,sherbrooke,229,5ef1841f4da4f6eafc982a164e187e2d745101f87bad027a179b1a86496c67c1,24,19,65.8707088609226,127,81382,48961,13124,15751,3511,24,12691,8251,5748,1929,660
quality_4_6_scatter_0,scatter,complete,10,full,sherbrooke,233,5ef1841f4da4f6eafc982a164e187e2d745101f87bad027a179b1a86496c67c1,24,19,65.90175112523139,127,83493,50297,13321,17294,3690,24,12691,8251,5748,1929,660
quality_4_6_scatter_0,scatter,complete,10,full,line25,211,5ef1841f4da4f6eafc982a164e187e2d745101f87bad027a179b1a86496c67c1,24,19,1.7169361067935824,25,29572,17341,12916,6743,3063,24,12691,8251,5748,1929,660
quality_4_6_scatter_0,scatter,complete,10,full,line25,223,5ef1841f4da4f6eafc982a164e187e2d745101f87bad027a179b1a86496c67c1,24,19,1.7098937123082578,25,28706,16876,13081,6717,3041,24,12691,8251,5748,1929,660
quality_4_6_scatter_0,scatter,complete,10,full,line25,227,5ef1841f4da4f6eafc982a164e187e2d745101f87bad027a179b1a86496c67c1,24,19,1.729084369726479,25,29207,17150,13010,6795,3079,24,12691,8251,5748,1929,660
quality_4_6_scatter_0,scatter,complete,10,full,line25,229,5ef1841f4da4f6eafc982a164e187e2d745101f87bad027a179b1a86496c67c1,24,19,1.7265791962854564,25,29087,17088,13057,6958,3084,24,12691,8251,5748,1929,660
quality_4_6_scatter_0,scatter,complete,10,full,line25,233,5ef1841f4da4f6eafc982a164e187e2d745101f87bad027a179b1a86496c67c1,24,19,1.8543205177411437,25,28782,16924,13012,6760,3109,24,12691,8251,5748,1929,660
quality_4_6_scatter_0,scatter,complete,10,full,grid25,211,5ef1841f4da4f6eafc982a164e187e2d745101f87bad027a179b1a86496c67c1,24,19,1.57316385069862,25,19205,11668,10571,7082,3207,24,12691,8251,5748,1929,660
quality_4_6_scatter_0,scatter,complete,10,full,grid25,223,5ef1841f4da4f6eafc982a164e187e2d745101f87bad027a179b1a86496c67c1,24,19,1.568516172003001,25,19507,11821,10740,7518,3275,24,12691,8251,5748,1929,660
quality_4_6_scatter_0,scatter,complete,10,full,grid25,227,5ef1841f4da4f6eafc982a164e187e2d745101f87bad027a179b1a86496c67c1,24,19,1.5798994689248502,25,19559,11841,10731,7597,3547,24,12691,8251,5748,1929,660
quality_4_6_scatter_0,scatter,complete,10,full,grid25,229,5ef1841f4da4f6eafc982a164e187e2d745101f87bad027a179b1a86496c67c1,24,19,1.5661446093581617,25,19397,11773,10697,7705,3406,24,12691,8251,5748,1929,660
quality_4_6_scatter_0,scatter,complete,10,full,grid25,233,5ef1841f4da4f6eafc982a164e187e2d745101f87bad027a179b1a86496c67c1,24,19,1.577006815932691,25,19638,11900,10650,6757,3207,24,12691,8251,5748,1929,660
quality_4_6_scatter_0,scatter,complete,11,full,sherbrooke,211,9b83e4a7402c1193efae80a3d2397a4bd313a93f6410840822c621824a19bffd,24,21,71.34880595142022,127,90326,54287,14717,17744,3923,24,13981,9097,6360,2125,728
quality_4_6_scatter_0,scatter,complete,11,full,sherbrooke,223,9b83e4a7402c1193efae80a3d2397a4bd313a93f6410840822c621824a19bffd,24,21,81.19441427476704,127,92293,55379,14976,18489,4003,24,13981,9097,6360,2125,728
quality_4_6_scatter_0,scatter,complete,11,full,sherbrooke,227,9b83e4a7402c1193efae80a3d2397a4bd313a93f6410840822c621824a19bffd,24,21,76.30938270129263,127,91645,55301,14515,17455,3747,24,13981,9097,6360,2125,728
quality_4_6_scatter_0,scatter,complete,11,full,sherbrooke,229,9b83e4a7402c1193efae80a3d2397a4bd313a93f6410840822c621824a19bffd,24,21,75.00647959625348,127,92996,56078,14641,18020,3823,24,13981,9097,6360,2125,728
quality_4_6_scatter_0,scatter,complete,11,full,sherbrooke,233,9b83e4a7402c1193efae80a3d2397a4bd313a93f6410840822c621824a19bffd,24,21,78.41506972489879,127,90053,54140,14507,17100,3834,24,13981,9097,6360,2125,728
quality_4_6_scatter_0,scatter,complete,11,full,line25,211,9b83e4a7402c1193efae80a3d2397a4bd313a93f6410840822c621824a19bffd,24,21,1.9160972470417619,25,32603,19148,14486,7745,3502,24,13981,9097,6360,2125,728
quality_4_6_scatter_0,scatter,complete,11,full,line25,223,9b83e4a7402c1193efae80a3d2397a4bd313a93f6410840822c621824a19bffd,24,21,2.0302759311161935,25,32875,19281,14310,7417,3343,24,13981,9097,6360,2125,728
quality_4_6_scatter_0,scatter,complete,11,full,line25,227,9b83e4a7402c1193efae80a3d2397a4bd313a93f6410840822c621824a19bffd,24,21,1.915121725294739,25,32182,18915,14542,7365,3338,24,13981,9097,6360,2125,728
quality_4_6_scatter_0,scatter,complete,11,full,line25,229,9b83e4a7402c1193efae80a3d2397a4bd313a93f6410840822c621824a19bffd,24,21,1.8997399299405515,25,32780,19242,14195,7908,3541,24,13981,9097,6360,2125,728
quality_4_6_scatter_0,scatter,complete,11,full,line25,233,9b83e4a7402c1193efae80a3d2397a4bd313a93f6410840822c621824a19bffd,24,21,1.9034170848317444,25,32134,18871,14266,7495,3339,24,13981,9097,6360,2125,728
quality_4_6_scatter_0,scatter,complete,11,full,grid25,211,9b83e4a7402c1193efae80a3d2397a4bd313a93f6410840822c621824a19bffd,24,21,1.7512538209557533,25,21565,13074,11924,8208,3750,24,13981,9097,6360,2125,728
quality_4_6_scatter_0,scatter,complete,11,full,grid25,223,9b83e4a7402c1193efae80a3d2397a4bd313a93f6410840822c621824a19bffd,24,21,1.7394079063087702,25,21584,13079,11846,8245,3665,24,13981,9097,6360,2125,728
quality_4_6_scatter_0,scatter,complete,11,full,grid25,227,9b83e4a7402c1193efae80a3d2397a4bd313a93f6410840822c621824a19bffd,24,21,1.7426261291839182,25,21715,13156,11811,7603,3449,24,13981,9097,6360,2125,728
quality_4_6_scatter_0,scatter,complete,11,full,grid25,229,9b83e4a7402c1193efae80a3d2397a4bd313a93f6410840822c621824a19bffd,24,21,1.7260953071527183,25,21294,12934,11871,7844,3594,24,13981,9097,6360,2125,728
quality_4_6_scatter_0,scatter,complete,11,full,grid25,233,9b83e4a7402c1193efae80a3d2397a4bd313a93f6410840822c621824a19bffd,24,21,1.7354118023067713,25,21343,12948,11841,8346,3676,24,13981,9097,6360,2125,728
quality_4_6_scatter_0,scatter,complete,12,full,sherbrooke,211,b43c7e1a27d8cc0ed993ee1687ca0e33d542855fa3338ff96f93262b5da257b2,24,23,94.18909537326545,127,100984,60579,16366,19630,4411,24,15271,9943,6972,2321,796
quality_4_6_scatter_0,scatter,complete,12,full,sherbrooke,223,b43c7e1a27d8cc0ed993ee1687ca0e33d542855fa3338ff96f93262b5da257b2,24,23,98.35643889801577,127,101110,60561,16438,20654,4489,24,15271,9943,6972,2321,796
quality_4_6_scatter_0,scatter,complete,12,full,sherbrooke,227,b43c7e1a27d8cc0ed993ee1687ca0e33d542855fa3338ff96f93262b5da257b2,24,23,101.58805742487311,127,101474,61046,16328,19983,4421,24,15271,9943,6972,2321,796
quality_4_6_scatter_0,scatter,complete,12,full,sherbrooke,229,b43c7e1a27d8cc0ed993ee1687ca0e33d542855fa3338ff96f93262b5da257b2,24,23,93.58693195367232,127,99973,60025,16081,20004,4538,24,15271,9943,6972,2321,796
quality_4_6_scatter_0,scatter,complete,12,full,sherbrooke,233,b43c7e1a27d8cc0ed993ee1687ca0e33d542855fa3338ff96f93262b5da257b2,24,23,98.87627363484353,127,99477,59818,16059,19326,4306,24,15271,9943,6972,2321,796
quality_4_6_scatter_0,scatter,complete,12,full,line25,211,b43c7e1a27d8cc0ed993ee1687ca0e33d542855fa3338ff96f93262b5da257b2,24,23,2.241662454791367,25,33909,19974,16174,8577,3926,24,15271,9943,6972,2321,796
quality_4_6_scatter_0,scatter,complete,12,full,line25,223,b43c7e1a27d8cc0ed993ee1687ca0e33d542855fa3338ff96f93262b5da257b2,24,23,2.1139178052544594,25,35773,21004,15759,8154,3658,24,15271,9943,6972,2321,796
quality_4_6_scatter_0,scatter,complete,12,full,line25,227,b43c7e1a27d8cc0ed993ee1687ca0e33d542855fa3338ff96f93262b5da257b2,24,23,2.111716511193663,25,34637,20383,15998,8230,3809,24,15271,9943,6972,2321,796
quality_4_6_scatter_0,scatter,complete,12,full,line25,229,b43c7e1a27d8cc0ed993ee1687ca0e33d542855fa3338ff96f93262b5da257b2,24,23,2.1055494411848485,25,35508,20858,15802,8395,3729,24,15271,9943,6972,2321,796
quality_4_6_scatter_0,scatter,complete,12,full,line25,233,b43c7e1a27d8cc0ed993ee1687ca0e33d542855fa3338ff96f93262b5da257b2,24,23,2.097321829292923,25,35295,20739,15853,8612,3890,24,15271,9943,6972,2321,796
quality_4_6_scatter_0,scatter,complete,12,full,grid25,211,b43c7e1a27d8cc0ed993ee1687ca0e33d542855fa3338ff96f93262b5da257b2,24,23,1.9184128898195922,25,23890,14477,12965,8867,3936,24,15271,9943,6972,2321,796
quality_4_6_scatter_0,scatter,complete,12,full,grid25,223,b43c7e1a27d8cc0ed993ee1687ca0e33d542855fa3338ff96f93262b5da257b2,24,23,1.915998816024512,25,24476,14779,12938,9394,4122,24,15271,9943,6972,2321,796
quality_4_6_scatter_0,scatter,complete,12,full,grid25,227,b43c7e1a27d8cc0ed993ee1687ca0e33d542855fa3338ff96f93262b5da257b2,24,23,1.9122452368028462,25,23661,14349,12948,8927,4005,24,15271,9943,6972,2321,796
quality_4_6_scatter_0,scatter,complete,12,full,grid25,229,b43c7e1a27d8cc0ed993ee1687ca0e33d542855fa3338ff96f93262b5da257b2,24,23,1.9902968290261924,25,23352,14190,12840,8661,3939,24,15271,9943,6972,2321,796
quality_4_6_scatter_0,scatter,complete,12,full,grid25,233,b43c7e1a27d8cc0ed993ee1687ca0e33d542855fa3338ff96f93262b5da257b2,24,23,1.9251949549652636,25,23896,14470,12983,9465,4204,24,15271,9943,6972,2321,796
quality_4_6_scatter_0,scatter,ring,1,full,sherbrooke,211,2ee7593459d24f7afd6c0760146f2b54d80be29caeb4580c085b0ab727971d67,24,1,0.2169414390809834,127,1127,682,146,186,34,24,541,313,96,106,24
quality_4_6_scatter_0,scatter,ring,1,full,sherbrooke,223,2ee7593459d24f7afd6c0760146f2b54d80be29caeb4580c085b0ab727971d67,24,1,0.03276959666982293,127,1189,723,151,209,42,24,541,313,96,106,24
quality_4_6_scatter_0,scatter,ring,1,full,sherbrooke,227,2ee7593459d24f7afd6c0760146f2b54d80be29caeb4580c085b0ab727971d67,24,1,0.030312202870845795,127,1121,686,151,250,46,24,541,313,96,106,24
quality_4_6_scatter_0,scatter,ring,1,full,sherbrooke,229,2ee7593459d24f7afd6c0760146f2b54d80be29caeb4580c085b0ab727971d67,24,1,0.03547394508495927,127,1111,681,143,190,36,24,541,313,96,106,24
quality_4_6_scatter_0,scatter,ring,1,full,sherbrooke,233,2ee7593459d24f7afd6c0760146f2b54d80be29caeb4580c085b0ab727971d67,24,1,0.029953157994896173,127,1079,655,151,199,39,24,541,313,96,106,24
quality_4_6_scatter_0,scatter,ring,1,full,line25,211,2ee7593459d24f7afd6c0760146f2b54d80be29caeb4580c085b0ab727971d67,24,1,0.02229343494400382,25,579,335,149,120,34,24,541,313,96,106,24
quality_4_6_scatter_0,scatter,ring,1,full,line25,223,2ee7593459d24f7afd6c0760146f2b54d80be29caeb4580c085b0ab727971d67,24,1,0.02161627309396863,25,597,348,144,121,34,24,541,313,96,106,24
quality_4_6_scatter_0,scatter,ring,1,full,line25,227,2ee7593459d24f7afd6c0760146f2b54d80be29caeb4580c085b0ab727971d67,24,1,0.02150345966219902,25,601,350,147,122,34,24,541,313,96,106,24
quality_4_6_scatter_0,scatter,ring,1,full,line25,229,2ee7593459d24f7afd6c0760146f2b54d80be29caeb4580c085b0ab727971d67,24,1,0.021561099216341972,25,605,352,149,122,32,24,541,313,96,106,24
quality_4_6_scatter_0,scatter,ring,1,full,line25,233,2ee7593459d24f7afd6c0760146f2b54d80be29caeb4580c085b0ab727971d67,24,1,0.021339884027838707,25,600,351,146,121,32,24,541,313,96,106,24
quality_4_6_scatter_0,scatter,ring,1,full,grid25,211,2ee7593459d24f7afd6c0760146f2b54d80be29caeb4580c085b0ab727971d67,24,1,0.01756891328841448,25,551,318,102,113,27,24,541,313,96,106,24
quality_4_6_scatter_0,scatter,ring,1,full,grid25,223,2ee7593459d24f7afd6c0760146f2b54d80be29caeb4580c085b0ab727971d67,24,1,0.017020811792463064,25,541,313,96,106,24,24,541,313,96,106,24
quality_4_6_scatter_0,scatter,ring,1,full,grid25,227,2ee7593459d24f7afd6c0760146f2b54d80be29caeb4580c085b0ab727971d67,24,1,0.017653530929237604,25,541,313,102,110,27,24,541,313,96,106,24
quality_4_6_scatter_0,scatter,ring,1,full,grid25,229,2ee7593459d24f7afd6c0760146f2b54d80be29caeb4580c085b0ab727971d67,24,1,0.017346976324915886,25,569,329,106,127,31,24,541,313,96,106,24
quality_4_6_scatter_0,scatter,ring,1,full,grid25,233,2ee7593459d24f7afd6c0760146f2b54d80be29caeb4580c085b0ab727971d67,24,1,0.01787967560812831,25,549,317,100,114,28,24,541,313,96,106,24
quality_4_6_scatter_0,scatter,ring,2,full,sherbrooke,211,2151d589ead2318fc340ffbef1b8961b3e30ba8a1dfccc2c06d90d691a63acac,24,3,0.854145301040262,127,7850,4734,1232,1612,353,24,1291,835,564,291,100
quality_4_6_scatter_0,scatter,ring,2,full,sherbrooke,223,2151d589ead2318fc340ffbef1b8961b3e30ba8a1dfccc2c06d90d691a63acac,24,3,0.7397054568864405,127,7989,4826,1270,1686,374,24,1291,835,564,291,100
quality_4_6_scatter_0,scatter,ring,2,full,sherbrooke,227,2151d589ead2318fc340ffbef1b8961b3e30ba8a1dfccc2c06d90d691a63acac,24,3,0.7820203588344157,127,7924,4760,1252,1687,366,24,1291,835,564,291,100
quality_4_6_scatter_0,scatter,ring,2,full,sherbrooke,229,2151d589ead2318fc340ffbef1b8961b3e30ba8a1dfccc2c06d90d691a63acac,24,3,0.6855288902297616,127,8102,4919,1207,1605,327,24,1291,835,564,291,100
quality_4_6_scatter_0,scatter,ring,2,full,sherbrooke,233,2151d589ead2318fc340ffbef1b8961b3e30ba8a1dfccc2c06d90d691a63acac,24,3,0.7501894338056445,127,7775,4696,1224,1427,315,24,1291,835,564,291,100
quality_4_6_scatter_0,scatter,ring,2,full,line25,211,2151d589ead2318fc340ffbef1b8961b3e30ba8a1dfccc2c06d90d691a63acac,24,3,0.15298450691625476,25,2916,1721,1206,676,292,24,1291,835,564,291,100
quality_4_6_scatter_0,scatter,ring,2,full,line25,223,2151d589ead2318fc340ffbef1b8961b3e30ba8a1dfccc2c06d90d691a63acac,24,3,0.1529584783129394,25,2939,1735,1204,650,263,24,1291,835,564,291,100
quality_4_6_scatter_0,scatter,ring,2,full,line25,227,2151d589ead2318fc340ffbef1b8961b3e30ba8a1dfccc2c06d90d691a63acac,24,3,0.1511598201468587,25,3148,1849,1162,696,283,24,1291,835,564,291,100
quality_4_6_scatter_0,scatter,ring,2,full,line25,229,2151d589ead2318fc340ffbef1b8961b3e30ba8a1dfccc2c06d90d691a63acac,24,3,0.15297440718859434,25,2970,1750,1213,715,306,24,1291,835,564,291,100
quality_4_6_scatter_0,scatter,ring,2,full,line25,233,2151d589ead2318fc340ffbef1b8961b3e30ba8a1dfccc2c06d90d691a63acac,24,3,0.15160461468622088,25,2930,1729,1191,637,290,24,1291,835,564,291,100
quality_4_6_scatter_0,scatter,ring,2,full,grid25,211,2151d589ead2318fc340ffbef1b8961b3e30ba8a1dfccc2c06d90d691a63acac,24,3,0.1354515920393169,25,1753,1082,947,690,318,24,1291,835,564,291,100
quality_4_6_scatter_0,scatter,ring,2,full,grid25,223,2151d589ead2318fc340ffbef1b8961b3e30ba8a1dfccc2c06d90d691a63acac,24,3,0.1396581307053566,25,1881,1148,945,706,309,24,1291,835,564,291,100
quality_4_6_scatter_0,scatter,ring,2,full,grid25,227,2151d589ead2318fc340ffbef1b8961b3e30ba8a1dfccc2c06d90d691a63acac,24,3,0.13984434120357037,25,1863,1143,977,645,296,24,1291,835,564,291,100
quality_4_6_scatter_0,scatter,ring,2,full,grid25,229,2151d589ead2318fc340ffbef1b8961b3e30ba8a1dfccc2c06d90d691a63acac,24,3,0.1383868339471519,25,1948,1187,953,771,355,24,1291,835,564,291,100
quality_4_6_scatter_0,scatter,ring,2,full,grid25,233,2151d589ead2318fc340ffbef1b8961b3e30ba8a1dfccc2c06d90d691a63acac,24,3,0.13670538598671556,25,1813,1113,979,731,342,24,1291,835,564,291,100
quality_4_6_scatter_0,scatter,ring,3,full,sherbrooke,211,60f11f13b7b6098e6d4fb5bc37ed6ba45672c5189565f04dd38b972c0e52eacd,24,5,2.6342405430041254,127,15259,9230,2367,3090,673,24,2041,1357,1032,458,164
quality_4_6_scatter_0,scatter,ring,3,full,sherbrooke,223,60f11f13b7b6098e6d4fb5bc37ed6ba45672c5189565f04dd38b972c0e52eacd,24,5,2.7758301910944283,127,15171,9089,2461,3473,792,24,2041,1357,1032,458,164
quality_4_6_scatter_0,scatter,ring,3,full,sherbrooke,227,60f11f13b7b6098e6d4fb5bc37ed6ba45672c5189565f04dd38b972c0e52eacd,24,5,2.3010750291869044,127,14989,9004,2464,3384,770,24,2041,1357,1032,458,164
quality_4_6_scatter_0,scatter,ring,3,full,sherbrooke,229,60f11f13b7b6098e6d4fb5bc37ed6ba45672c5189565f04dd38b972c0e52eacd,24,5,2.1435371208935976,127,14846,8965,2388,2937,652,24,2041,1357,1032,458,164
quality_4_6_scatter_0,scatter,ring,3,full,sherbrooke,233,60f11f13b7b6098e6d4fb5bc37ed6ba45672c5189565f04dd38b972c0e52eacd,24,5,2.519232370890677,127,14757,8898,2346,2774,618,24,2041,1357,1032,458,164
quality_4_6_scatter_0,scatter,ring,3,full,line25,211,60f11f13b7b6098e6d4fb5bc37ed6ba45672c5189565f04dd38b972c0e52eacd,24,5,0.314694887958467,25,5261,3109,2421,1223,558,24,2041,1357,1032,458,164
quality_4_6_scatter_0,scatter,ring,3,full,line25,223,60f11f13b7b6098e6d4fb5bc37ed6ba45672c5189565f04dd38b972c0e52eacd,24,5,0.3132174746133387,25,4931,2929,2458,1263,595,24,2041,1357,1032,458,164
quality_4_6_scatter_0,scatter,ring,3,full,line25,227,60f11f13b7b6098e6d4fb5bc37ed6ba45672c5189565f04dd38b972c0e52eacd,24,5,0.30889796232804656,25,4976,2951,2456,1291,631,24,2041,1357,1032,458,164
quality_4_6_scatter_0,scatter,ring,3,full,line25,229,60f11f13b7b6098e6d4fb5bc37ed6ba45672c5189565f04dd38b972c0e52eacd,24,5,0.30758579913526773,25,5309,3133,2380,1181,558,24,2041,1357,1032,458,164
quality_4_6_scatter_0,scatter,ring,3,full,line25,233,60f11f13b7b6098e6d4fb5bc37ed6ba45672c5189565f04dd38b972c0e52eacd,24,5,0.31024600472301245,25,5090,3017,2439,1338,621,24,2041,1357,1032,458,164
quality_4_6_scatter_0,scatter,ring,3,full,grid25,211,60f11f13b7b6098e6d4fb5bc37ed6ba45672c5189565f04dd38b972c0e52eacd,24,5,0.2728258641436696,25,3201,1983,1913,1267,625,24,2041,1357,1032,458,164
quality_4_6_scatter_0,scatter,ring,3,full,grid25,223,60f11f13b7b6098e6d4fb5bc37ed6ba45672c5189565f04dd38b972c0e52eacd,24,5,0.2724878187291324,25,3346,2057,1898,1289,655,24,2041,1357,1032,458,164
quality_4_6_scatter_0,scatter,ring,3,full,grid25,227,60f11f13b7b6098e6d4fb5bc37ed6ba45672c5189565f04dd38b972c0e52eacd,24,5,0.273338726721704,25,3199,1982,1915,1240,617,24,2041,1357,1032,458,164
quality_4_6_scatter_0,scatter,ring,3,full,grid25,229,60f11f13b7b6098e6d4fb5bc37ed6ba45672c5189565f04dd38b972c0e52eacd,24,5,0.2784293959848583,25,2936,1835,1955,1304,624,24,2041,1357,1032,458,164
quality_4_6_scatter_0,scatter,ring,3,full,grid25,233,60f11f13b7b6098e6d4fb5bc37ed6ba45672c5189565f04dd38b972c0e52eacd,24,5,0.27687489707022905,25,3244,2001,1910,1185,592,24,2041,1357,1032,458,164
quality_4_6_scatter_0,scatter,ring,4,full,sherbrooke,211,fa9ffeb987e7de72be2fac37e0e2aac811b12e72d93d6d6aabaf92880d1e36d4,24,7,5.49794187489897,127,22228,13316,3695,4358,1017,24,2791,1879,1500,625,228
quality_4_6_scatter_0,scatter,ring,4,full,sherbrooke,223,fa9ffeb987e7de72be2fac37e0e2aac811b12e72d93d6d6aabaf92880d1e36d4,24,7,5.884649905841798,127,22344,13400,3643,4479,1042,24,2791,1879,1500,625,228
quality_4_6_scatter_0,scatter,ring,4,full,sherbrooke,227,fa9ffeb987e7de72be2fac37e0e2aac811b12e72d93d6d6aabaf92880d1e36d4,24,7,5.033068188931793,127,22237,13294,3688,4575,1078,24,2791,1879,1500,625,228
quality_4_6_scatter_0,scatter,ring,4,full,sherbrooke,229,fa9ffeb987e7de72be2fac37e0e2aac811b12e72d93d6d6aabaf92880d1e36d4,24,7,5.102374718058854,127,22505,13458,3741,4099,950,24,2791,1879,1500,625,228
quality_4_6_scatter_0,scatter,ring,4,full,sherbrooke,233,fa9ffeb987e7de72be2fac37e0e2aac811b12e72d93d6d6aabaf92880d1e36d4,24,7,5.355051896069199,127,22700,13635,3694,4719,1027,24,2791,1879,1500,625,228
quality_4_6_scatter_0,scatter,ring,4,full,line25,211,fa9ffeb987e7de72be2fac37e0e2aac811b12e72d93d6d6aabaf92880d1e36d4,24,7,0.44657316990196705,25,7154,4253,3610,1727,844,24,2791,1879,1500,625,228
quality_4_6_scatter_0,scatter,ring,4,full,line25,223,fa9ffeb987e7de72be2fac37e0e2aac811b12e72d93d6d6aabaf92880d1e36d4,24,7,0.44108940195292234,25,7103,4222,3681,1834,916,24,2791,1879,1500,625,228
quality_4_6_scatter_0,scatter,ring,4,full,line25,227,fa9ffeb987e7de72be2fac37e0e2aac811b12e72d93d6d6aabaf92880d1e36d4,24,7,0.44342489819973707,25,7277,4317,3693,1751,907,24,2791,1879,1500,625,228
quality_4_6_scatter_0,scatter,ring,4,full,line25,229,fa9ffeb987e7de72be2fac37e0e2aac811b12e72d93d6d6aabaf92880d1e36d4,24,7,0.44151266664266586,25,7180,4264,3634,1825,936,24,2791,1879,1500,625,228
quality_4_6_scatter_0,scatter,ring,4,full,line25,233,fa9ffeb987e7de72be2fac37e0e2aac811b12e72d93d6d6aabaf92880d1e36d4,24,7,0.4465345679782331,25,6984,4157,3745,1761,903,24,2791,1879,1500,625,228
quality_4_6_scatter_0,scatter,ring,4,full,grid25,211,fa9ffeb987e7de72be2fac37e0e2aac811b12e72d93d6d6aabaf92880d1e36d4,24,7,0.39591354690492153,25,4389,2731,2890,1823,977,24,2791,1879,1500,625,228
quality_4_6_scatter_0,scatter,ring,4,full,grid25,223,fa9ffeb987e7de72be2fac37e0e2aac811b12e72d93d6d6aabaf92880d1e36d4,24,7,0.3994821491651237,25,4399,2741,2859,1824,917,24,2791,1879,1500,625,228
quality_4_6_scatter_0,scatter,ring,4,full,grid25,227,fa9ffeb987e7de72be2fac37e0e2aac811b12e72d93d6d6aabaf92880d1e36d4,24,7,0.3943579262122512,25,4248,2661,2922,1785,950,24,2791,1879,1500,625,228
quality_4_6_scatter_0,scatter,ring,4,full,grid25,229,fa9ffeb987e7de72be2fac37e0e2aac811b12e72d93d6d6aabaf92880d1e36d4,24,7,0.3948332089930773,25,4464,2777,2832,1799,887,24,2791,1879,1500,625,228
quality_4_6_scatter_0,scatter,ring,4,full,grid25,233,fa9ffeb987e7de72be2fac37e0e2aac811b12e72d93d6d6aabaf92880d1e36d4,24,7,0.3931163549423218,25,4370,2726,2876,1911,983,24,2791,1879,1500,625,228
quality_4_6_scatter_0,scatter,ring,5,full,sherbrooke,211,d56caf51c09a5ea086698b6013c4c1e9a43074df94a1a6e9d583c82682d787a6,24,9,10.22855785721913,127,29783,17818,4910,6184,1419,24,3541,2401,1968,792,292
quality_4_6_scatter_0,scatter,ring,5,full,sherbrooke,223,d56caf51c09a5ea086698b6013c4c1e9a43074df94a1a6e9d583c82682d787a6,24,9,9.044308960903436,127,29483,17707,4821,6193,1384,24,3541,2401,1968,792,292
quality_4_6_scatter_0,scatter,ring,5,full,sherbrooke,227,d56caf51c09a5ea086698b6013c4c1e9a43074df94a1a6e9d583c82682d787a6,24,9,9.374269938096404,127,30039,17948,4988,6456,1503,24,3541,2401,1968,792,292
quality_4_6_scatter_0,scatter,ring,5,full,sherbrooke,229,d56caf51c09a5ea086698b6013c4c1e9a43074df94a1a6e9d583c82682d787a6,24,9,9.144503564108163,127,29851,17851,4957,5890,1350,24,3541,2401,1968,792,292
quality_4_6_scatter_0,scatter,ring,5,full,sherbrooke,233,d56caf51c09a5ea086698b6013c4c1e9a43074df94a1a6e9d583c82682d787a6,24,9,9.568778911605477,127,29724,17739,4986,6015,1391,24,3541,2401,1968,792,292
quality_4_6_scatter_0,scatter,ring,5,full,line25,211,d56caf51c09a5ea086698b6013c4c1e9a43074df94a1a6e9d583c82682d787a6,24,9,0.6031011398881674,25,9431,5602,4915,2326,1178,24,3541,2401,1968,792,292
quality_4_6_scatter_0,scatter,ring,5,full,line25,223,d56caf51c09a5ea086698b6013c4c1e9a43074df94a1a6e9d583c82682d787a6,24,9,0.6054569040425122,25,9325,5543,4904,2298,1176,24,3541,2401,1968,792,292
quality_4_6_scatter_0,scatter,ring,5,full,line25,227,d56caf51c09a5ea086698b6013c4c1e9a43074df94a1a6e9d583c82682d787a6,24,9,0.6042830599471927,25,9771,5788,4750,2213,1088,24,3541,2401,1968,792,292
quality_4_6_scatter_0,scatter,ring,5,full,line25,229,d56caf51c09a5ea086698b6013c4c1e9a43074df94a1a6e9d583c82682d787a6,24,9,0.6015349198132753,25,9230,5491,4972,2264,1170,24,3541,2401,1968,792,292
quality_4_6_scatter_0,scatter,ring,5,full,line25,233,d56caf51c09a5ea086698b6013c4c1e9a43074df94a1a6e9d583c82682d787a6,24,9,0.6051103631034493,25,9239,5499,4919,2256,1149,24,3541,2401,1968,792,292
quality_4_6_scatter_0,scatter,ring,5,full,grid25,211,d56caf51c09a5ea086698b6013c4c1e9a43074df94a1a6e9d583c82682d787a6,24,9,0.5391062260605395,25,6093,3779,3779,2398,1185,24,3541,2401,1968,792,292
quality_4_6_scatter_0,scatter,ring,5,full,grid25,223,d56caf51c09a5ea086698b6013c4c1e9a43074df94a1a6e9d583c82682d787a6,24,9,0.5350765092298388,25,5464,3431,3921,2467,1272,24,3541,2401,1968,792,292
quality_4_6_scatter_0,scatter,ring,5,full,grid25,227,d56caf51c09a5ea086698b6013c4c1e9a43074df94a1a6e9d583c82682d787a6,24,9,0.5374949402175844,25,5525,3465,3834,2397,1238,24,3541,2401,1968,792,292
quality_4_6_scatter_0,scatter,ring,5,full,grid25,229,d56caf51c09a5ea086698b6013c4c1e9a43074df94a1a6e9d583c82682d787a6,24,9,0.5388507656753063,25,5728,3577,3839,2429,1213,24,3541,2401,1968,792,292
quality_4_6_scatter_0,scatter,ring,5,full,grid25,233,d56caf51c09a5ea086698b6013c4c1e9a43074df94a1a6e9d583c82682d787a6,24,9,0.5395029508508742,25,5979,3713,3777,2258,1172,24,3541,2401,1968,792,292
quality_4_6_scatter_0,scatter,ring,6,full,sherbrooke,211,886e0b5724d17a2be62b39fd1a8ef41722f000927a187b0d1471d82e2e081d2e,24,11,15.010619235225022,127,36607,21980,5982,7171,1652,24,4291,2923,2436,959,356
quality_4_6_scatter_0,scatter,ring,6,full,sherbrooke,223,886e0b5724d17a2be62b39fd1a8ef41722f000927a187b0d1471d82e2e081d2e,24,11,14.655505083967,127,36874,22085,6153,7810,1754,24,4291,2923,2436,959,356
quality_4_6_scatter_0,scatter,ring,6,full,sherbrooke,227,886e0b5724d17a2be62b39fd1a8ef41722f000927a187b0d1471d82e2e081d2e,24,11,14.228072207886726,127,35321,21014,5994,7296,1698,24,4291,2923,2436,959,356
quality_4_6_scatter_0,scatter,ring,6,full,sherbrooke,229,886e0b5724d17a2be62b39fd1a8ef41722f000927a187b0d1471d82e2e081d2e,24,11,14.479162423871458,127,36780,22058,6020,7519,1709,24,4291,2923,2436,959,356
quality_4_6_scatter_0,scatter,ring,6,full,sherbrooke,233,886e0b5724d17a2be62b39fd1a8ef41722f000927a187b0d1471d82e2e081d2e,24,11,14.96592203900218,127,37433,22366,6127,7813,1720,24,4291,2923,2436,959,356
quality_4_6_scatter_0,scatter,ring,6,full,line25,211,886e0b5724d17a2be62b39fd1a8ef41722f000927a187b0d1471d82e2e081d2e,24,11,0.7520550480112433,25,11621,6906,6145,2936,1455,24,4291,2923,2436,959,356
quality_4_6_scatter_0,scatter,ring,6,full,line25,223,886e0b5724d17a2be62b39fd1a8ef41722f000927a187b0d1471d82e2e081d2e,24,11,0.7451683753170073,25,11636,6913,6214,3099,1564,24,4291,2923,2436,959,356
quality_4_6_scatter_0,scatter,ring,6,full,line25,227,886e0b5724d17a2be62b39fd1a8ef41722f000927a187b0d1471d82e2e081d2e,24,11,0.7430312321521342,25,11330,6747,6185,2928,1559,24,4291,2923,2436,959,356
quality_4_6_scatter_0,scatter,ring,6,full,line25,229,886e0b5724d17a2be62b39fd1a8ef41722f000927a187b0d1471d82e2e081d2e,24,11,0.7474683341570199,25,11625,6902,6141,2829,1398,24,4291,2923,2436,959,356
quality_4_6_scatter_0,scatter,ring,6,full,line25,233,886e0b5724d17a2be62b39fd1a8ef41722f000927a187b0d1471d82e2e081d2e,24,11,0.7465734835714102,25,11539,6861,6195,3013,1603,24,4291,2923,2436,959,356
quality_4_6_scatter_0,scatter,ring,6,full,grid25,211,886e0b5724d17a2be62b39fd1a8ef41722f000927a187b0d1471d82e2e081d2e,24,11,0.6517734620720148,25,7078,4419,4818,2867,1543,24,4291,2923,2436,959,356
quality_4_6_scatter_0,scatter,ring,6,full,grid25,223,886e0b5724d17a2be62b39fd1a8ef41722f000927a187b0d1471d82e2e081d2e,24,11,0.6567604057490826,25,6914,4334,4793,2973,1530,24,4291,2923,2436,959,356
quality_4_6_scatter_0,scatter,ring,6,full,grid25,227,886e0b5724d17a2be62b39fd1a8ef41722f000927a187b0d1471d82e2e081d2e,24,11,0.6623199470341206,25,7206,4491,4768,2903,1535,24,4291,2923,2436,959,356
quality_4_6_scatter_0,scatter,ring,6,full,grid25,229,886e0b5724d17a2be62b39fd1a8ef41722f000927a187b0d1471d82e2e081d2e,24,11,0.6552014388144016,25,7046,4407,4790,3089,1553,24,4291,2923,2436,959,356
quality_4_6_scatter_0,scatter,ring,6,full,grid25,233,886e0b5724d17a2be62b39fd1a8ef41722f000927a187b0d1471d82e2e081d2e,24,11,0.6554882666096091,25,6928,4340,4808,3041,1619,24,4291,2923,2436,959,356
quality_4_6_scatter_0,scatter,ring,7,full,sherbrooke,211,9a1207faf5f0888a5ec366617e763b7c7e10f38348537897afb9096c4b8307ed,24,13,18.525113658048213,127,44462,26578,7426,9009,2064,24,5041,3445,2904,1126,420
quality_4_6_scatter_0,scatter,ring,7,full,sherbrooke,223,9a1207faf5f0888a5ec366617e763b7c7e10f38348537897afb9096c4b8307ed,24,13,20.77045094780624,127,44775,26757,7498,9699,2229,24,5041,3445,2904,1126,420
quality_4_6_scatter_0,scatter,ring,7,full,sherbrooke,227,9a1207faf5f0888a5ec366617e763b7c7e10f38348537897afb9096c4b8307ed,24,13,19.189448899123818,127,43808,26311,7243,8163,1908,24,5041,3445,2904,1126,420
quality_4_6_scatter_0,scatter,ring,7,full,sherbrooke,229,9a1207faf5f0888a5ec366617e763b7c7e10f38348537897afb9096c4b8307ed,24,13,20.02019879501313,127,45222,27202,7349,9479,2082,24,5041,3445,2904,1126,420
quality_4_6_scatter_0,scatter,ring,7,full,sherbrooke,233,9a1207faf5f0888a5ec366617e763b7c7e10f38348537897afb9096c4b8307ed,24,13,21.615460583008826,127,44756,26800,7417,9337,2124,24,5041,3445,2904,1126,420
quality_4_6_scatter_0,scatter,ring,7,full,line25,211,9a1207faf5f0888a5ec366617e763b7c7e10f38348537897afb9096c4b8307ed,24,13,0.9008064139634371,25,13261,7908,7519,3655,1912,24,5041,3445,2904,1126,420
quality_4_6_scatter_0,scatter,ring,7,full,line25,223,9a1207faf5f0888a5ec366617e763b7c7e10f38348537897afb9096c4b8307ed,24,13,0.8986209211871028,25,13809,8209,7435,3497,1831,24,5041,3445,2904,1126,420
quality_4_6_scatter_0,scatter,ring,7,full,line25,227,9a1207faf5f0888a5ec366617e763b7c7e10f38348537897afb9096c4b8307ed,24,13,0.8979841852560639,25,13509,8038,7470,3560,1861,24,5041,3445,2904,1126,420
quality_4_6_scatter_0,scatter,ring,7,full,line25,229,9a1207faf5f0888a5ec366617e763b7c7e10f38348537897afb9096c4b8307ed,24,13,0.892973926384002,25,13656,8121,7450,3498,1788,24,5041,3445,2904,1126,420
quality_4_6_scatter_0,scatter,ring,7,full,line25,233,9a1207faf5f0888a5ec366617e763b7c7e10f38348537897afb9096c4b8307ed,24,13,0.8972417609766126,25,13726,8158,7382,3495,1798,24,5041,3445,2904,1126,420
quality_4_6_scatter_0,scatter,ring,7,full,grid25,211,9a1207faf5f0888a5ec366617e763b7c7e10f38348537897afb9096c4b8307ed,24,13,0.7910190182738006,25,8191,5133,5719,3510,1833,24,5041,3445,2904,1126,420
quality_4_6_scatter_0,scatter,ring,7,full,grid25,223,9a1207faf5f0888a5ec366617e763b7c7e10f38348537897afb9096c4b8307ed,24,13,0.7901139077730477,25,8295,5194,5826,3793,2034,24,5041,3445,2904,1126,420
quality_4_6_scatter_0,scatter,ring,7,full,grid25,227,9a1207faf5f0888a5ec366617e763b7c7e10f38348537897afb9096c4b8307ed,24,13,0.786600629799068,25,8300,5199,5779,3491,1903,24,5041,3445,2904,1126,420
quality_4_6_scatter_0,scatter,ring,7,full,grid25,229,9a1207faf5f0888a5ec366617e763b7c7e10f38348537897afb9096c4b8307ed,24,13,0.7901049507781863,25,8128,5102,5927,3745,1942,24,5041,3445,2904,1126,420
quality_4_6_scatter_0,scatter,ring,7,full,grid25,233,9a1207faf5f0888a5ec366617e763b7c7e10f38348537897afb9096c4b8307ed,24,13,0.7894576559774578,25,8274,5187,5774,3539,1864,24,5041,3445,2904,1126,420
quality_4_6_scatter_0,scatter,ring,8,full,sherbrooke,211,eed44e1246edc5039c096000a16f3ed6d74ccfd752ac17af800322bb72cee52b,24,15,27.78648696001619,127,52687,31568,8813,11423,2600,24,5791,3967,3372,1293,484
quality_4_6_scatter_0,scatter,ring,8,full,sherbrooke,223,eed44e1246edc5039c096000a16f3ed6d74ccfd752ac17af800322bb72cee52b,24,15,27.871912027243525,127,52295,31256,8716,11118,2541,24,5791,3967,3372,1293,484
quality_4_6_scatter_0,scatter,ring,8,full,sherbrooke,227,eed44e1246edc5039c096000a16f3ed6d74ccfd752ac17af800322bb72cee52b,24,15,28.610471021849662,127,51799,30903,8787,10215,2416,24,5791,3967,3372,1293,484
quality_4_6_scatter_0,scatter,ring,8,full,sherbrooke,229,eed44e1246edc5039c096000a16f3ed6d74ccfd752ac17af800322bb72cee52b,24,15,31.70215509692207,127,53183,31782,8957,10622,2485,24,5791,3967,3372,1293,484
quality_4_6_scatter_0,scatter,ring,8,full,sherbrooke,233,eed44e1246edc5039c096000a16f3ed6d74ccfd752ac17af800322bb72cee52b,24,15,29.35135307814926,127,54081,32511,8836,10536,2403,24,5791,3967,3372,1293,484
quality_4_6_scatter_0,scatter,ring,8,full,line25,211,eed44e1246edc5039c096000a16f3ed6d74ccfd752ac17af800322bb72cee52b,24,15,1.070200766902417,25,16405,9733,8508,4052,2072,24,5791,3967,3372,1293,484
quality_4_6_scatter_0,scatter,ring,8,full,line25,223,eed44e1246edc5039c096000a16f3ed6d74ccfd752ac17af800322bb72cee52b,24,15,1.0620776829309762,25,16087,9558,8682,4021,2040,24,5791,3967,3372,1293,484
quality_4_6_scatter_0,scatter,ring,8,full,line25,227,eed44e1246edc5039c096000a16f3ed6d74ccfd752ac17af800322bb72cee52b,24,15,1.0585459000431001,25,15537,9259,8745,3925,2000,24,5791,3967,3372,1293,484
quality_4_6_scatter_0,scatter,ring,8,full,line25,229,eed44e1246edc5039c096000a16f3ed6d74ccfd752ac17af800322bb72cee52b,24,15,1.0611904859542847,25,15931,9471,8680,4128,2151,24,5791,3967,3372,1293,484
quality_4_6_scatter_0,scatter,ring,8,full,line25,233,eed44e1246edc5039c096000a16f3ed6d74ccfd752ac17af800322bb72cee52b,24,15,1.058717172127217,25,16125,9580,8687,3987,2034,24,5791,3967,3372,1293,484
quality_4_6_scatter_0,scatter,ring,8,full,grid25,211,eed44e1246edc5039c096000a16f3ed6d74ccfd752ac17af800322bb72cee52b,24,15,0.9384425808675587,25,9673,6054,6829,4386,2237,24,5791,3967,3372,1293,484
quality_4_6_scatter_0,scatter,ring,8,full,grid25,223,eed44e1246edc5039c096000a16f3ed6d74ccfd752ac17af800322bb72cee52b,24,15,0.9403429296799004,25,9961,6214,6696,4377,2268,24,5791,3967,3372,1293,484
quality_4_6_scatter_0,scatter,ring,8,full,grid25,227,eed44e1246edc5039c096000a16f3ed6d74ccfd752ac17af800322bb72cee52b,24,15,0.9326790180057287,25,9544,5983,6620,4178,2133,24,5791,3967,3372,1293,484
quality_4_6_scatter_0,scatter,ring,8,full,grid25,229,eed44e1246edc5039c096000a16f3ed6d74ccfd752ac17af800322bb72cee52b,24,15,0.9366673473268747,25,9695,6068,6719,4329,2143,24,5791,3967,3372,1293,484
quality_4_6_scatter_0,scatter,ring,8,full,grid25,233,eed44e1246edc5039c096000a16f3ed6d74ccfd752ac17af800322bb72cee52b,24,15,0.9382547996938229,25,9446,5939,6849,4209,2272,24,5791,3967,3372,1293,484
quality_4_6_scatter_0,scatter,ring,9,full,sherbrooke,211,05fb6e82c695034b322e762e9c2eedf5399ccc1c8288cd25dd19611fb291f43e,24,17,33.341754144988954,127,59147,35483,9870,12077,2796,24,6541,4489,3840,1460,548
quality_4_6_scatter_0,scatter,ring,9,full,sherbrooke,223,05fb6e82c695034b322e762e9c2eedf5399ccc1c8288cd25dd19611fb291f43e,24,17,37.75918450113386,127,59386,35518,9812,11940,2766,24,6541,4489,3840,1460,548
quality_4_6_scatter_0,scatter,ring,9,full,sherbrooke,227,05fb6e82c695034b322e762e9c2eedf5399ccc1c8288cd25dd19611fb291f43e,24,17,39.66977474698797,127,58749,35096,9873,12353,2836,24,6541,4489,3840,1460,548
quality_4_6_scatter_0,scatter,ring,9,full,sherbrooke,229,05fb6e82c695034b322e762e9c2eedf5399ccc1c8288cd25dd19611fb291f43e,24,17,38.52385275484994,127,60077,35972,9976,11769,2682,24,6541,4489,3840,1460,548
quality_4_6_scatter_0,scatter,ring,9,full,sherbrooke,233,05fb6e82c695034b322e762e9c2eedf5399ccc1c8288cd25dd19611fb291f43e,24,17,35.68221384380013,127,59515,35673,9885,12872,2926,24,6541,4489,3840,1460,548
quality_4_6_scatter_0,scatter,ring,9,full,line25,211,05fb6e82c695034b322e762e9c2eedf5399ccc1c8288cd25dd19611fb291f43e,24,17,1.2090925881639123,25,18089,10757,9968,4725,2465,24,6541,4489,3840,1460,548
quality_4_6_scatter_0,scatter,ring,9,full,line25,223,05fb6e82c695034b322e762e9c2eedf5399ccc1c8288cd25dd19611fb291f43e,24,17,1.2035964680835605,25,18015,10719,9971,4472,2324,24,6541,4489,3840,1460,548
quality_4_6_scatter_0,scatter,ring,9,full,line25,227,05fb6e82c695034b322e762e9c2eedf5399ccc1c8288cd25dd19611fb291f43e,24,17,1.2000600472092628,25,18227,10834,9898,4960,2536,24,6541,4489,3840,1460,548
quality_4_6_scatter_0,scatter,ring,9,full,line25,229,05fb6e82c695034b322e762e9c2eedf5399ccc1c8288cd25dd19611fb291f43e,24,17,1.2028774367645383,25,18232,10832,9970,4475,2248,24,6541,4489,3840,1460,548
quality_4_6_scatter_0,scatter,ring,9,full,line25,233,05fb6e82c695034b322e762e9c2eedf5399ccc1c8288cd25dd19611fb291f43e,24,17,1.1983361393213272,25,17909,10662,9971,4549,2361,24,6541,4489,3840,1460,548
quality_4_6_scatter_0,scatter,ring,9,full,grid25,211,05fb6e82c695034b322e762e9c2eedf5399ccc1c8288cd25dd19611fb291f43e,24,17,1.056534884031862,25,10236,6467,7871,4759,2564,24,6541,4489,3840,1460,548
quality_4_6_scatter_0,scatter,ring,9,full,grid25,223,05fb6e82c695034b322e762e9c2eedf5399ccc1c8288cd25dd19611fb291f43e,24,17,1.0588741870597005,25,10672,6712,7825,5125,2706,24,6541,4489,3840,1460,548
quality_4_6_scatter_0,scatter,ring,9,full,grid25,227,05fb6e82c695034b322e762e9c2eedf5399ccc1c8288cd25dd19611fb291f43e,24,17,1.0561253540217876,25,10552,6641,7795,5089,2626,24,6541,4489,3840,1460,548
quality_4_6_scatter_0,scatter,ring,9,full,grid25,229,05fb6e82c695034b322e762e9c2eedf5399ccc1c8288cd25dd19611fb291f43e,24,17,1.05822418583557,25,10472,6602,7873,4849,2599,24,6541,4489,3840,1460,548
quality_4_6_scatter_0,scatter,ring,9,full,grid25,233,05fb6e82c695034b322e762e9c2eedf5399ccc1c8288cd25dd19611fb291f43e,24,17,1.0598596069030464,25,11018,6898,7790,4912,2656,24,6541,4489,3840,1460,548
quality_4_6_scatter_0,scatter,ring,10,full,sherbrooke,211,2165e7d7bc072fa4aa0e6127f2a8e112e6a0be91c803f9434ce520c37d532ed6,24,19,41.60129945492372,127,67498,40606,10998,14999,3317,24,7291,5011,4308,1627,612
quality_4_6_scatter_0,scatter,ring,10,full,sherbrooke,223,2165e7d7bc072fa4aa0e6127f2a8e112e6a0be91c803f9434ce520c37d532ed6,24,19,45.785602608229965,127,66397,39595,11236,13653,3212,24,7291,5011,4308,1627,612
quality_4_6_scatter_0,scatter,ring,10,full,sherbrooke,227,2165e7d7bc072fa4aa0e6127f2a8e112e6a0be91c803f9434ce520c37d532ed6,24,19,45.61814240878448,127,66706,39910,11113,13535,3118,24,7291,5011,4308,1627,612
quality_4_6_scatter_0,scatter,ring,10,full,sherbrooke,229,2165e7d7bc072fa4aa0e6127f2a8e112e6a0be91c803f9434ce520c37d532ed6,24,19,45.516192657873034,127,68155,40976,11125,13859,3014,24,7291,5011,4308,1627,612
quality_4_6_scatter_0,scatter,ring,10,full,sherbrooke,233,2165e7d7bc072fa4aa0e6127f2a8e112e6a0be91c803f9434ce520c37d532ed6,24,19,50.63550204830244,127,67558,40280,11363,14280,3303,24,7291,5011,4308,1627,612
quality_4_6_scatter_0,scatter,ring,10,full,line25,211,2165e7d7bc072fa4aa0e6127f2a8e112e6a0be91c803f9434ce520c37d532ed6,24,19,1.3460626010783017,25,19786,11795,11266,5281,2724,24,7291,5011,4308,1627,612
quality_4_6_scatter_0,scatter,ring,10,full,line25,223,2165e7d7bc072fa4aa0e6127f2a8e112e6a0be91c803f9434ce520c37d532ed6,24,19,1.3437785119749606,25,20298,12075,11215,5103,2666,24,7291,5011,4308,1627,612
quality_4_6_scatter_0,scatter,ring,10,full,line25,227,2165e7d7bc072fa4aa0e6127f2a8e112e6a0be91c803f9434ce520c37d532ed6,24,19,1.3506450466811657,25,20118,11969,11236,5196,2729,24,7291,5011,4308,1627,612
quality_4_6_scatter_0,scatter,ring,10,full,line25,229,2165e7d7bc072fa4aa0e6127f2a8e112e6a0be91c803f9434ce520c37d532ed6,24,19,1.34596347482875,25,19945,11873,11225,5238,2756,24,7291,5011,4308,1627,612
quality_4_6_scatter_0,scatter,ring,10,full,line25,233,2165e7d7bc072fa4aa0e6127f2a8e112e6a0be91c803f9434ce520c37d532ed6,24,19,1.4551918632350862,25,20139,11984,11233,5116,2665,24,7291,5011,4308,1627,612
quality_4_6_scatter_0,scatter,ring,10,full,grid25,211,2165e7d7bc072fa4aa0e6127f2a8e112e6a0be91c803f9434ce520c37d532ed6,24,19,1.191284277010709,25,11884,7494,8790,5324,2856,24,7291,5011,4308,1627,612
quality_4_6_scatter_0,scatter,ring,10,full,grid25,223,2165e7d7bc072fa4aa0e6127f2a8e112e6a0be91c803f9434ce520c37d532ed6,24,19,1.185934801120311,25,12347,7734,8746,5575,2899,24,7291,5011,4308,1627,612
quality_4_6_scatter_0,scatter,ring,10,full,grid25,227,2165e7d7bc072fa4aa0e6127f2a8e112e6a0be91c803f9434ce520c37d532ed6,24,19,1.1842830488458276,25,12333,7725,8650,5103,2693,24,7291,5011,4308,1627,612
quality_4_6_scatter_0,scatter,ring,10,full,grid25,229,2165e7d7bc072fa4aa0e6127f2a8e112e6a0be91c803f9434ce520c37d532ed6,24,19,1.1825809120200574,25,11603,7323,8755,5643,3026,24,7291,5011,4308,1627,612
quality_4_6_scatter_0,scatter,ring,10,full,grid25,233,2165e7d7bc072fa4aa0e6127f2a8e112e6a0be91c803f9434ce520c37d532ed6,24,19,1.1941998517140746,25,12153,7624,8708,5427,2807,24,7291,5011,4308,1627,612
quality_4_6_scatter_0,scatter,ring,11,full,sherbrooke,211,e9233c2e98b825b55f189a1e8e2158c4cee9986def3344ea9e733e464cf266b8,24,21,56.46985285775736,127,76181,45763,12434,16324,3613,24,8041,5533,4776,1794,676
quality_4_6_scatter_0,scatter,ring,11,full,sherbrooke,223,e9233c2e98b825b55f189a1e8e2158c4cee9986def3344ea9e733e464cf266b8,24,21,57.220721488818526,127,73885,44046,12497,15817,3722,24,8041,5533,4776,1794,676
quality_4_6_scatter_0,scatter,ring,11,full,sherbrooke,227,e9233c2e98b825b55f189a1e8e2158c4cee9986def3344ea9e733e464cf266b8,24,21,55.507879129145294,127,74469,44523,12396,16164,3585,24,8041,5533,4776,1794,676
quality_4_6_scatter_0,scatter,ring,11,full,sherbrooke,229,e9233c2e98b825b55f189a1e8e2158c4cee9986def3344ea9e733e464cf266b8,24,21,54.7162597742863,127,74563,44591,12571,15351,3557,24,8041,5533,4776,1794,676
quality_4_6_scatter_0,scatter,ring,11,full,sherbrooke,233,e9233c2e98b825b55f189a1e8e2158c4cee9986def3344ea9e733e464cf266b8,24,21,59.604634155053645,127,74577,44556,12589,15238,3525,24,8041,5533,4776,1794,676
quality_4_6_scatter_0,scatter,ring,11,full,line25,211,e9233c2e98b825b55f189a1e8e2158c4cee9986def3344ea9e733e464cf266b8,24,21,1.5092158340848982,25,22918,13609,12306,5560,2781,24,8041,5533,4776,1794,676
quality_4_6_scatter_0,scatter,ring,11,full,line25,223,e9233c2e98b825b55f189a1e8e2158c4cee9986def3344ea9e733e464cf266b8,24,21,1.507311528082937,25,22472,13368,12545,5980,3125,24,8041,5533,4776,1794,676
quality_4_6_scatter_0,scatter,ring,11,full,line25,227,e9233c2e98b825b55f189a1e8e2158c4cee9986def3344ea9e733e464cf266b8,24,21,1.5069123078137636,25,22818,13552,12331,5700,2911,24,8041,5533,4776,1794,676
quality_4_6_scatter_0,scatter,ring,11,full,line25,229,e9233c2e98b825b55f189a1e8e2158c4cee9986def3344ea9e733e464cf266b8,24,21,1.5085223410278559,25,22208,13220,12599,5528,2965,24,8041,5533,4776,1794,676
quality_4_6_scatter_0,scatter,ring,11,full,line25,233,e9233c2e98b825b55f189a1e8e2158c4cee9986def3344ea9e733e464cf266b8,24,21,1.6245257430709898,25,22680,13477,12420,5754,2913,24,8041,5533,4776,1794,676
quality_4_6_scatter_0,scatter,ring,11,full,grid25,211,e9233c2e98b825b55f189a1e8e2158c4cee9986def3344ea9e733e464cf266b8,24,21,1.32824148517102,25,13255,8330,9846,6349,3359,24,8041,5533,4776,1794,676
quality_4_6_scatter_0,scatter,ring,11,full,grid25,223,e9233c2e98b825b55f189a1e8e2158c4cee9986def3344ea9e733e464cf266b8,24,21,1.313700227998197,25,13486,8457,9607,6088,3126,24,8041,5533,4776,1794,676
quality_4_6_scatter_0,scatter,ring,11,full,grid25,227,e9233c2e98b825b55f189a1e8e2158c4cee9986def3344ea9e733e464cf266b8,24,21,1.32046898920089,25,13301,8360,9721,5728,3145,24,8041,5533,4776,1794,676
quality_4_6_scatter_0,scatter,ring,11,full,grid25,229,e9233c2e98b825b55f189a1e8e2158c4cee9986def3344ea9e733e464cf266b8,24,21,1.3193179168738425,25,13277,8346,9752,6185,3137,24,8041,5533,4776,1794,676
quality_4_6_scatter_0,scatter,ring,11,full,grid25,233,e9233c2e98b825b55f189a1e8e2158c4cee9986def3344ea9e733e464cf266b8,24,21,1.3152141822502017,25,13447,8434,9690,5982,3077,24,8041,5533,4776,1794,676
quality_4_6_scatter_0,scatter,ring,12,full,sherbrooke,211,43c6a3ea9b1f9b84812e541c990cc4b934f3ace8be2c0b6292c584e676dc4ce3,24,23,64.68295235140249,127,82638,49494,13529,17225,3845,24,8791,6055,5244,1961,740
quality_4_6_scatter_0,scatter,ring,12,full,sherbrooke,223,43c6a3ea9b1f9b84812e541c990cc4b934f3ace8be2c0b6292c584e676dc4ce3,24,23,68.80672390013933,127,81560,48788,13529,16677,3857,24,8791,6055,5244,1961,740
quality_4_6_scatter_0,scatter,ring,12,full,sherbrooke,227,43c6a3ea9b1f9b84812e541c990cc4b934f3ace8be2c0b6292c584e676dc4ce3,24,23,69.6699466179125,127,81311,48565,13841,16275,3867,24,8791,6055,5244,1961,740
quality_4_6_scatter_0,scatter,ring,12,full,sherbrooke,229,43c6a3ea9b1f9b84812e541c990cc4b934f3ace8be2c0b6292c584e676dc4ce3,24,23,77.81940709007904,127,82916,49510,13934,17575,4004,24,8791,6055,5244,1961,740
quality_4_6_scatter_0,scatter,ring,12,full,sherbrooke,233,43c6a3ea9b1f9b84812e541c990cc4b934f3ace8be2c0b6292c584e676dc4ce3,24,23,68.65394360711798,127,83109,49793,13788,18096,4016,24,8791,6055,5244,1961,740
quality_4_6_scatter_0,scatter,ring,12,full,line25,211,43c6a3ea9b1f9b84812e541c990cc4b934f3ace8be2c0b6292c584e676dc4ce3,24,23,1.67596540087834,25,24007,14320,13764,5997,3134,24,8791,6055,5244,1961,740
quality_4_6_scatter_0,scatter,ring,12,full,line25,223,43c6a3ea9b1f9b84812e541c990cc4b934f3ace8be2c0b6292c584e676dc4ce3,24,23,1.6585880778729916,25,23966,14294,14055,6323,3323,24,8791,6055,5244,1961,740
quality_4_6_scatter_0,scatter,ring,12,full,line25,227,43c6a3ea9b1f9b84812e541c990cc4b934f3ace8be2c0b6292c584e676dc4ce3,24,23,1.7837251909077168,25,24168,14402,14032,6571,3440,24,8791,6055,5244,1961,740
quality_4_6_scatter_0,scatter,ring,12,full,line25,229,43c6a3ea9b1f9b84812e541c990cc4b934f3ace8be2c0b6292c584e676dc4ce3,24,23,1.6616096422076225,25,23979,14293,13981,6295,3227,24,8791,6055,5244,1961,740
quality_4_6_scatter_0,scatter,ring,12,full,line25,233,43c6a3ea9b1f9b84812e541c990cc4b934f3ace8be2c0b6292c584e676dc4ce3,24,23,1.656641392968595,25,23730,14156,13929,6264,3271,24,8791,6055,5244,1961,740
quality_4_6_scatter_0,scatter,ring,12,full,grid25,211,43c6a3ea9b1f9b84812e541c990cc4b934f3ace8be2c0b6292c584e676dc4ce3,24,23,1.473663771059364,25,14411,9075,10751,6796,3517,24,8791,6055,5244,1961,740
quality_4_6_scatter_0,scatter,ring,12,full,grid25,223,43c6a3ea9b1f9b84812e541c990cc4b934f3ace8be2c0b6292c584e676dc4ce3,24,23,1.456787368748337,25,14368,9052,10749,6373,3374,24,8791,6055,5244,1961,740
quality_4_6_scatter_0,scatter,ring,12,full,grid25,227,43c6a3ea9b1f9b84812e541c990cc4b934f3ace8be2c0b6292c584e676dc4ce3,24,23,1.4515850502066314,25,14442,9097,10654,6782,3678,24,8791,6055,5244,1961,740
quality_4_6_scatter_0,scatter,ring,12,full,grid25,229,43c6a3ea9b1f9b84812e541c990cc4b934f3ace8be2c0b6292c584e676dc4ce3,24,23,1.4483312498778105,25,14593,9183,10706,6692,3478,24,8791,6055,5244,1961,740
quality_4_6_scatter_0,scatter,ring,12,full,grid25,233,43c6a3ea9b1f9b84812e541c990cc4b934f3ace8be2c0b6292c584e676dc4ce3,24,23,1.4523950209841132,25,13899,8788,10898,7066,3658,24,8791,6055,5244,1961,740
quality_4_6_scatter_1,scatter,serial,3,full,sherbrooke,211,618dfafadae31bacacc0743133f6041379d9a302149f07c74a18a37f2dbf36a0,19,5,2.7296177498064935,127,15018,8826,2644,7221,1690,19,1371,1069,937,1140,664
quality_4_6_scatter_1,scatter,serial,3,full,sherbrooke,223,618dfafadae31bacacc0743133f6041379d9a302149f07c74a18a37f2dbf36a0,19,5,2.963398731779307,127,15656,9169,2805,7363,1730,19,1371,1069,937,1140,664
quality_4_6_scatter_1,scatter,serial,3,full,sherbrooke,227,618dfafadae31bacacc0743133f6041379d9a302149f07c74a18a37f2dbf36a0,19,5,2.952338903211057,127,15873,9311,2802,7366,1736,19,1371,1069,937,1140,664
quality_4_6_scatter_1,scatter,serial,3,full,sherbrooke,229,618dfafadae31bacacc0743133f6041379d9a302149f07c74a18a37f2dbf36a0,19,5,2.8618697025813162,127,15263,8901,2772,7219,1754,19,1371,1069,937,1140,664
quality_4_6_scatter_1,scatter,serial,3,full,sherbrooke,233,618dfafadae31bacacc0743133f6041379d9a302149f07c74a18a37f2dbf36a0,19,5,2.9297945578582585,127,15410,9010,2774,7120,1705,19,1371,1069,937,1140,664
quality_4_6_scatter_1,scatter,serial,3,full,line25,211,618dfafadae31bacacc0743133f6041379d9a302149f07c74a18a37f2dbf36a0,19,5,0.29259176226332784,25,2569,1717,3117,2725,1817,19,1371,1069,937,1140,664
quality_4_6_scatter_1,scatter,serial,3,full,line25,223,618dfafadae31bacacc0743133f6041379d9a302149f07c74a18a37f2dbf36a0,19,5,0.2914330759085715,25,2523,1695,3076,2706,1784,19,1371,1069,937,1140,664
quality_4_6_scatter_1,scatter,serial,3,full,line25,227,618dfafadae31bacacc0743133f6041379d9a302149f07c74a18a37f2dbf36a0,19,5,0.29252850310876966,25,2406,1632,3158,2807,1904,19,1371,1069,937,1140,664
quality_4_6_scatter_1,scatter,serial,3,full,line25,229,618dfafadae31bacacc0743133f6041379d9a302149f07c74a18a37f2dbf36a0,19,5,0.28925838181748986,25,2532,1700,3144,2844,1873,19,1371,1069,937,1140,664
quality_4_6_scatter_1,scatter,serial,3,full,line25,233,618dfafadae31bacacc0743133f6041379d9a302149f07c74a18a37f2dbf36a0,19,5,0.2904354417696595,25,2528,1700,3151,2801,1890,19,1371,1069,937,1140,664
quality_4_6_scatter_1,scatter,serial,3,full,grid25,211,618dfafadae31bacacc0743133f6041379d9a302149f07c74a18a37f2dbf36a0,19,5,0.239217440597713,25,2181,1502,1973,2156,1279,19,1371,1069,937,1140,664
quality_4_6_scatter_1,scatter,serial,3,full,grid25,223,618dfafadae31bacacc0743133f6041379d9a302149f07c74a18a37f2dbf36a0,19,5,0.20270502474159002,25,1961,1392,1951,2089,1341,19,1371,1069,937,1140,664
quality_4_6_scatter_1,scatter,serial,3,full,grid25,227,618dfafadae31bacacc0743133f6041379d9a302149f07c74a18a37f2dbf36a0,19,5,0.20961649529635906,25,2093,1458,2020,2108,1315,19,1371,1069,937,1140,664
quality_4_6_scatter_1,scatter,serial,3,full,grid25,229,618dfafadae31bacacc0743133f6041379d9a302149f07c74a18a37f2dbf36a0,19,5,0.18916626134887338,25,2007,1415,2000,2060,1296,19,1371,1069,937,1140,664
quality_4_6_scatter_1,scatter,serial,3,full,grid25,233,618dfafadae31bacacc0743133f6041379d9a302149f07c74a18a37f2dbf36a0,19,5,0.18732440285384655,25,1890,1350,2033,2067,1327,19,1371,1069,937,1140,664
quality_4_6_scatter_1,scatter,complete,1,full,sherbrooke,211,aae165753d937b992a7708901704bdf8cdd0216fb08ce8d78bf3615d69d69abe,24,1,0.2374697388149798,127,2423,1485,324,664,117,24,1081,637,240,147,36
quality_4_6_scatter_1,scatter,complete,1,full,sherbrooke,223,aae165753d937b992a7708901704bdf8cdd0216fb08ce8d78bf3615d69d69abe,24,1,0.06025186600163579,127,2547,1557,328,394,68,24,1081,637,240,147,36
quality_4_6_scatter_1,scatter,complete,1,full,sherbrooke,227,aae165753d937b992a7708901704bdf8cdd0216fb08ce8d78bf3615d69d69abe,24,1,0.06387993926182389,127,2467,1516,314,391,67,24,1081,637,240,147,36
quality_4_6_scatter_1,scatter,complete,1,full,sherbrooke,229,aae165753d937b992a7708901704bdf8cdd0216fb08ce8d78bf3615d69d69abe,24,1,0.07885552104562521,127,2512,1529,320,416,70,24,1081,637,240,147,36
quality_4_6_scatter_1,scatter,complete,1,full,sherbrooke,233,aae165753d937b992a7708901704bdf8cdd0216fb08ce8d78bf3615d69d69abe,24,1,0.07768050488084555,127,2374,1461,311,374,59,24,1081,637,240,147,36
quality_4_6_scatter_1,scatter,complete,1,full,line25,211,aae165753d937b992a7708901704bdf8cdd0216fb08ce8d78bf3615d69d69abe,24,1,0.04101581312716007,25,1501,861,300,185,47,24,1081,637,240,147,36
quality_4_6_scatter_1,scatter,complete,1,full,line25,223,aae165753d937b992a7708901704bdf8cdd0216fb08ce8d78bf3615d69d69abe,24,1,0.04027044307440519,25,1491,856,306,188,52,24,1081,637,240,147,36
quality_4_6_scatter_1,scatter,complete,1,full,line25,227,aae165753d937b992a7708901704bdf8cdd0216fb08ce8d78bf3615d69d69abe,24,1,0.04031990608200431,25,1440,828,324,205,58,24,1081,637,240,147,36
quality_4_6_scatter_1,scatter,complete,1,full,line25,229,aae165753d937b992a7708901704bdf8cdd0216fb08ce8d78bf3615d69d69abe,24,1,0.040308655239641666,25,1481,851,312,188,52,24,1081,637,240,147,36
quality_4_6_scatter_1,scatter,complete,1,full,line25,233,aae165753d937b992a7708901704bdf8cdd0216fb08ce8d78bf3615d69d69abe,24,1,0.0401579518802464,25,1463,840,318,198,55,24,1081,637,240,147,36
quality_4_6_scatter_1,scatter,complete,1,full,grid25,211,aae165753d937b992a7708901704bdf8cdd0216fb08ce8d78bf3615d69d69abe,24,1,0.04132402082905173,25,1261,726,293,207,60,24,1081,637,240,147,36
quality_4_6_scatter_1,scatter,complete,1,full,grid25,223,aae165753d937b992a7708901704bdf8cdd0216fb08ce8d78bf3615d69d69abe,24,1,0.0406360300257802,25,1274,734,297,217,63,24,1081,637,240,147,36
quality_4_6_scatter_1,scatter,complete,1,full,grid25,227,aae165753d937b992a7708901704bdf8cdd0216fb08ce8d78bf3615d69d69abe,24,1,0.039820298086851835,25,1261,723,297,206,60,24,1081,637,240,147,36
quality_4_6_scatter_1,scatter,complete,1,full,grid25,229,aae165753d937b992a7708901704bdf8cdd0216fb08ce8d78bf3615d69d69abe,24,1,0.03972622100263834,25,1245,716,298,229,64,24,1081,637,240,147,36
quality_4_6_scatter_1,scatter,complete,1,full,grid25,233,aae165753d937b992a7708901704bdf8cdd0216fb08ce8d78bf3615d69d69abe,24,1,0.04026426142081618,25,1276,734,301,212,63,24,1081,637,240,147,36
quality_4_6_scatter_1,scatter,complete,2,full,sherbrooke,211,9194d69b3a0d8241a66869588bfdc900be34629af64cc882884248314a3f543a,24,3,1.220466568134725,127,9569,5812,1438,1550,325,24,2341,1453,792,346,106
quality_4_6_scatter_1,scatter,complete,2,full,sherbrooke,223,9194d69b3a0d8241a66869588bfdc900be34629af64cc882884248314a3f543a,24,3,1.094936297275126,127,9833,5914,1512,1942,422,24,2341,1453,792,346,106
quality_4_6_scatter_1,scatter,complete,2,full,sherbrooke,227,9194d69b3a0d8241a66869588bfdc900be34629af64cc882884248314a3f543a,24,3,1.1664823619648814,127,10468,6316,1592,1986,432,24,2341,1453,792,346,106
quality_4_6_scatter_1,scatter,complete,2,full,sherbrooke,229,9194d69b3a0d8241a66869588bfdc900be34629af64cc882884248314a3f543a,24,3,1.0427467110566795,127,9616,5863,1469,1574,347,24,2341,1453,792,346,106
quality_4_6_scatter_1,scatter,complete,2,full,sherbrooke,233,9194d69b3a0d8241a66869588bfdc900be34629af64cc882884248314a3f543a,24,3,0.8345061312429607,127,9292,5664,1361,1516,332,24,2341,1453,792,346,106
quality_4_6_scatter_1,scatter,complete,2,full,line25,211,9194d69b3a0d8241a66869588bfdc900be34629af64cc882884248314a3f543a,24,3,0.21184052992612123,25,4355,2529,1522,834,339,24,2341,1453,792,346,106
quality_4_6_scatter_1,scatter,complete,2,full,line25,223,9194d69b3a0d8241a66869588bfdc900be34629af64cc882884248314a3f543a,24,3,0.2096596360206604,25,4547,2637,1503,848,304,24,2341,1453,792,346,106
quality_4_6_scatter_1,scatter,complete,2,full,line25,227,9194d69b3a0d8241a66869588bfdc900be34629af64cc882884248314a3f543a,24,3,0.21050482243299484,25,4427,2568,1539,864,312,24,2341,1453,792,346,106
quality_4_6_scatter_1,scatter,complete,2,full,line25,229,9194d69b3a0d8241a66869588bfdc900be34629af64cc882884248314a3f543a,24,3,0.2141671096906066,25,4556,2643,1498,821,299,24,2341,1453,792,346,106
quality_4_6_scatter_1,scatter,complete,2,full,line25,233,9194d69b3a0d8241a66869588bfdc900be34629af64cc882884248314a3f543a,24,3,0.216754418797791,25,4416,2567,1518,939,361,24,2341,1453,792,346,106
quality_4_6_scatter_1,scatter,complete,2,full,grid25,211,9194d69b3a0d8241a66869588bfdc900be34629af64cc882884248314a3f543a,24,3,0.19357728399336338,25,3147,1870,1306,1026,429,24,2341,1453,792,346,106
quality_4_6_scatter_1,scatter,complete,2,full,grid25,223,9194d69b3a0d8241a66869588bfdc900be34629af64cc882884248314a3f543a,24,3,0.1912124427035451,25,3103,1843,1265,968,377,24,2341,1453,792,346,106
quality_4_6_scatter_1,scatter,complete,2,full,grid25,227,9194d69b3a0d8241a66869588bfdc900be34629af64cc882884248314a3f543a,24,3,0.18958158092573285,25,3124,1852,1309,934,406,24,2341,1453,792,346,106
quality_4_6_scatter_1,scatter,complete,2,full,grid25,229,9194d69b3a0d8241a66869588bfdc900be34629af64cc882884248314a3f543a,24,3,0.19220966706052423,25,3040,1808,1323,1182,490,24,2341,1453,792,346,106
quality_4_6_scatter_1,scatter,complete,2,full,grid25,233,9194d69b3a0d8241a66869588bfdc900be34629af64cc882884248314a3f543a,24,3,0.19168741581961513,25,3085,1837,1337,840,348,24,2341,1453,792,346,106
quality_4_6_scatter_1,scatter,complete,3,full,sherbrooke,211,e4bd6a228b39059cc4a002db74fc13c0289640f8c7db897ab28d992733fd5519,24,5,3.139879281166941,127,17827,10779,2713,3264,669,24,3601,2269,1344,527,164
quality_4_6_scatter_1,scatter,complete,3,full,sherbrooke,223,e4bd6a228b39059cc4a002db74fc13c0289640f8c7db897ab28d992733fd5519,24,5,2.8743346808478236,127,17775,10764,2720,3134,679,24,3601,2269,1344,527,164
quality_4_6_scatter_1,scatter,complete,3,full,sherbrooke,227,e4bd6a228b39059cc4a002db74fc13c0289640f8c7db897ab28d992733fd5519,24,5,3.2014629868790507,127,18410,11134,2757,3846,751,24,3601,2269,1344,527,164
quality_4_6_scatter_1,scatter,complete,3,full,sherbrooke,229,e4bd6a228b39059cc4a002db74fc13c0289640f8c7db897ab28d992733fd5519,24,5,3.0224642902612686,127,17405,10533,2684,3376,736,24,3601,2269,1344,527,164
quality_4_6_scatter_1,scatter,complete,3,full,sherbrooke,233,e4bd6a228b39059cc4a002db74fc13c0289640f8c7db897ab28d992733fd5519,24,5,3.123646577820182,127,17938,10820,2759,3653,774,24,3601,2269,1344,527,164
quality_4_6_scatter_1,scatter,complete,3,full,line25,211,e4bd6a228b39059cc4a002db74fc13c0289640f8c7db897ab28d992733fd5519,24,5,0.38286289013922215,25,7047,4118,2853,1495,604,24,3601,2269,1344,527,164
quality_4_6_scatter_1,scatter,complete,3,full,line25,223,e4bd6a228b39059cc4a002db74fc13c0289640f8c7db897ab28d992733fd5519,24,5,0.37754967203363776,25,7502,4365,2816,1614,640,24,3601,2269,1344,527,164
quality_4_6_scatter_1,scatter,complete,3,full,line25,227,e4bd6a228b39059cc4a002db74fc13c0289640f8c7db897ab28d992733fd5519,24,5,0.3786075389944017,25,7144,4167,2871,1648,659,24,3601,2269,1344,527,164
quality_4_6_scatter_1,scatter,complete,3,full,line25,229,e4bd6a228b39059cc4a002db74fc13c0289640f8c7db897ab28d992733fd5519,24,5,0.383405698928982,25,6918,4046,2888,1460,621,24,3601,2269,1344,527,164
quality_4_6_scatter_1,scatter,complete,3,full,line25,233,e4bd6a228b39059cc4a002db74fc13c0289640f8c7db897ab28d992733fd5519,24,5,0.3778533828444779,25,7392,4305,2823,1578,631,24,3601,2269,1344,527,164
quality_4_6_scatter_1,scatter,complete,3,full,grid25,211,e4bd6a228b39059cc4a002db74fc13c0289640f8c7db897ab28d992733fd5519,24,5,0.33890494192019105,25,5108,3053,2329,1603,674,24,3601,2269,1344,527,164
quality_4_6_scatter_1,scatter,complete,3,full,grid25,223,e4bd6a228b39059cc4a002db74fc13c0289640f8c7db897ab28d992733fd5519,24,5,0.3398978370241821,25,5063,3023,2366,1700,750,24,3601,2269,1344,527,164
quality_4_6_scatter_1,scatter,complete,3,full,grid25,227,e4bd6a228b39059cc4a002db74fc13c0289640f8c7db897ab28d992733fd5519,24,5,0.33922355016693473,25,5238,3120,2273,1584,680,24,3601,2269,1344,527,164
quality_4_6_scatter_1,scatter,complete,3,full,grid25,229,e4bd6a228b39059cc4a002db74fc13c0289640f8c7db897ab28d992733fd5519,24,5,0.33763133035972714,25,5142,3074,2271,1620,664,24,3601,2269,1344,527,164
quality_4_6_scatter_1,scatter,complete,3,full,grid25,233,e4bd6a228b39059cc4a002db74fc13c0289640f8c7db897ab28d992733fd5519,24,5,0.3408260000869632,25,5176,3085,2350,1580,662,24,3601,2269,1344,527,164
quality_4_6_scatter_1,scatter,complete,4,full,sherbrooke,211,d3dbeb3b1ba66b56f498d51476b4d33296150082dbf141feb34e9844b5b0228d,24,7,5.856351254973561,127,25189,15168,3940,5088,1082,24,4861,3085,1896,708,222
quality_4_6_scatter_1,scatter,complete,4,full,sherbrooke,223,d3dbeb3b1ba66b56f498d51476b4d33296150082dbf141feb34e9844b5b0228d,24,7,6.520822651218623,127,26017,15645,4143,4779,1065,24,4861,3085,1896,708,222
quality_4_6_scatter_1,scatter,complete,4,full,sherbrooke,227,d3dbeb3b1ba66b56f498d51476b4d33296150082dbf141feb34e9844b5b0228d,24,7,6.279454950708896,127,25881,15591,4056,4998,1101,24,4861,3085,1896,708,222
quality_4_6_scatter_1,scatter,complete,4,full,sherbrooke,229,d3dbeb3b1ba66b56f498d51476b4d33296150082dbf141feb34e9844b5b0228d,24,7,6.195037535857409,127,25414,15326,3971,4521,965,24,4861,3085,1896,708,222
quality_4_6_scatter_1,scatter,complete,4,full,sherbrooke,233,d3dbeb3b1ba66b56f498d51476b4d33296150082dbf141feb34e9844b5b0228d,24,7,6.450811007991433,127,25898,15645,4038,5537,1172,24,4861,3085,1896,708,222
quality_4_6_scatter_1,scatter,complete,4,full,line25,211,d3dbeb3b1ba66b56f498d51476b4d33296150082dbf141feb34e9844b5b0228d,24,7,0.5514411786571145,25,9897,5788,4242,2038,876,24,4861,3085,1896,708,222
quality_4_6_scatter_1,scatter,complete,4,full,line25,223,d3dbeb3b1ba66b56f498d51476b4d33296150082dbf141feb34e9844b5b0228d,24,7,0.5433702431619167,25,9870,5775,4207,2244,886,24,4861,3085,1896,708,222
quality_4_6_scatter_1,scatter,complete,4,full,line25,227,d3dbeb3b1ba66b56f498d51476b4d33296150082dbf141feb34e9844b5b0228d,24,7,0.5481728622689843,25,10111,5910,4225,2013,847,24,4861,3085,1896,708,222
quality_4_6_scatter_1,scatter,complete,4,full,line25,229,d3dbeb3b1ba66b56f498d51476b4d33296150082dbf141feb34e9844b5b0228d,24,7,0.5491680898703635,25,9953,5814,4199,1984,862,24,4861,3085,1896,708,222
quality_4_6_scatter_1,scatter,complete,4,full,line25,233,d3dbeb3b1ba66b56f498d51476b4d33296150082dbf141feb34e9844b5b0228d,24,7,0.5463949232362211,25,10049,5871,4246,2283,962,24,4861,3085,1896,708,222
quality_4_6_scatter_1,scatter,complete,4,full,grid25,211,d3dbeb3b1ba66b56f498d51476b4d33296150082dbf141feb34e9844b5b0228d,24,7,0.494277433026582,25,7099,4247,3376,2435,1024,24,4861,3085,1896,708,222
quality_4_6_scatter_1,scatter,complete,4,full,grid25,223,d3dbeb3b1ba66b56f498d51476b4d33296150082dbf141feb34e9844b5b0228d,24,7,0.49059615936130285,25,7003,4196,3397,2170,949,24,4861,3085,1896,708,222
quality_4_6_scatter_1,scatter,complete,4,full,grid25,227,d3dbeb3b1ba66b56f498d51476b4d33296150082dbf141feb34e9844b5b0228d,24,7,0.4899561582133174,25,7189,4308,3353,2120,863,24,4861,3085,1896,708,222
quality_4_6_scatter_1,scatter,complete,4,full,grid25,229,d3dbeb3b1ba66b56f498d51476b4d33296150082dbf141feb34e9844b5b0228d,24,7,0.49491724371910095,25,7008,4198,3390,2287,945,24,4861,3085,1896,708,222
quality_4_6_scatter_1,scatter,complete,4,full,grid25,233,d3dbeb3b1ba66b56f498d51476b4d33296150082dbf141feb34e9844b5b0228d,24,7,0.4936169721186161,25,7127,4275,3315,2322,968,24,4861,3085,1896,708,222
quality_4_6_scatter_1,scatter,complete,5,full,sherbrooke,211,bab29a3c730342e2edd2b0a34d0a540f7c5f18caf47b5967b0edb91abbc4769f,24,9,10.163524121046066,127,34036,20621,5128,6608,1340,24,6121,3901,2448,889,280
quality_4_6_scatter_1,scatter,complete,5,full,sherbrooke,223,bab29a3c730342e2edd2b0a34d0a540f7c5f18caf47b5967b0edb91abbc4769f,24,9,10.935040544718504,127,34288,20700,5353,6810,1453,24,6121,3901,2448,889,280
quality_4_6_scatter_1,scatter,complete,5,full,sherbrooke,227,bab29a3c730342e2edd2b0a34d0a540f7c5f18caf47b5967b0edb91abbc4769f,24,9,10.951455470174551,127,33251,20054,5266,6272,1379,24,6121,3901,2448,889,280
quality_4_6_scatter_1,scatter,complete,5,full,sherbrooke,229,bab29a3c730342e2edd2b0a34d0a540f7c5f18caf47b5967b0edb91abbc4769f,24,9,11.019753294996917,127,33248,20023,5356,6278,1344,24,6121,3901,2448,889,280
quality_4_6_scatter_1,scatter,complete,5,full,sherbrooke,233,bab29a3c730342e2edd2b0a34d0a540f7c5f18caf47b5967b0edb91abbc4769f,24,9,11.607831294182688,127,33363,20211,5104,6280,1335,24,6121,3901,2448,889,280
quality_4_6_scatter_1,scatter,complete,5,full,line25,211,bab29a3c730342e2edd2b0a34d0a540f7c5f18caf47b5967b0edb91abbc4769f,24,9,0.7329726736061275,25,12608,7392,5523,2911,1219,24,6121,3901,2448,889,280
quality_4_6_scatter_1,scatter,complete,5,full,line25,223,bab29a3c730342e2edd2b0a34d0a540f7c5f18caf47b5967b0edb91abbc4769f,24,9,0.7249936200678349,25,12601,7386,5549,2782,1198,24,6121,3901,2448,889,280
quality_4_6_scatter_1,scatter,complete,5,full,line25,227,bab29a3c730342e2edd2b0a34d0a540f7c5f18caf47b5967b0edb91abbc4769f,24,9,0.7147235642187297,25,12461,7299,5489,2834,1180,24,6121,3901,2448,889,280
quality_4_6_scatter_1,scatter,complete,5,full,line25,229,bab29a3c730342e2edd2b0a34d0a540f7c5f18caf47b5967b0edb91abbc4769f,24,9,0.7189121400006115,25,12532,7345,5495,2957,1241,24,6121,3901,2448,889,280
quality_4_6_scatter_1,scatter,complete,5,full,line25,233,bab29a3c730342e2edd2b0a34d0a540f7c5f18caf47b5967b0edb91abbc4769f,24,9,0.7322565694339573,25,12562,7356,5507,2709,1156,24,6121,3901,2448,889,280
quality_4_6_scatter_1,scatter,complete,5,full,grid25,211,bab29a3c730342e2edd2b0a34d0a540f7c5f18caf47b5967b0edb91abbc4769f,24,9,0.6529162679798901,25,9215,5516,4450,3054,1290,24,6121,3901,2448,889,280
quality_4_6_scatter_1,scatter,complete,5,full,grid25,223,bab29a3c730342e2edd2b0a34d0a540f7c5f18caf47b5967b0edb91abbc4769f,24,9,0.6483444720506668,25,8829,5306,4450,3406,1432,24,6121,3901,2448,889,280
quality_4_6_scatter_1,scatter,complete,5,full,grid25,227,bab29a3c730342e2edd2b0a34d0a540f7c5f18caf47b5967b0edb91abbc4769f,24,9,0.6515028928406537,25,8975,5386,4443,3072,1324,24,6121,3901,2448,889,280
quality_4_6_scatter_1,scatter,complete,5,full,grid25,229,bab29a3c730342e2edd2b0a34d0a540f7c5f18caf47b5967b0edb91abbc4769f,24,9,0.6490336856804788,25,8691,5230,4493,2896,1249,24,6121,3901,2448,889,280
quality_4_6_scatter_1,scatter,complete,5,full,grid25,233,bab29a3c730342e2edd2b0a34d0a540f7c5f18caf47b5967b0edb91abbc4769f,24,9,0.6495372517965734,25,9242,5534,4404,2902,1220,24,6121,3901,2448,889,280
quality_4_6_scatter_1,scatter,complete,6,full,sherbrooke,211,762ec1b33da87e26c25700ec68ce44cf266cf9c488e989b8654d20c8e8a8268f,24,11,15.13298644637689,127,41729,25153,6503,7439,1593,24,7381,4717,3000,1070,338
quality_4_6_scatter_1,scatter,complete,6,full,sherbrooke,223,762ec1b33da87e26c25700ec68ce44cf266cf9c488e989b8654d20c8e8a8268f,24,11,15.131154416128993,127,41300,24884,6528,8318,1848,24,7381,4717,3000,1070,338
quality_4_6_scatter_1,scatter,complete,6,full,sherbrooke,227,762ec1b33da87e26c25700ec68ce44cf266cf9c488e989b8654d20c8e8a8268f,24,11,16.151872700080276,127,40870,24595,6501,7623,1683,24,7381,4717,3000,1070,338
quality_4_6_scatter_1,scatter,complete,6,full,sherbrooke,229,762ec1b33da87e26c25700ec68ce44cf266cf9c488e989b8654d20c8e8a8268f,24,11,14.936192671302706,127,41009,24660,6613,7352,1608,24,7381,4717,3000,1070,338
quality_4_6_scatter_1,scatter,complete,6,full,sherbrooke,233,762ec1b33da87e26c25700ec68ce44cf266cf9c488e989b8654d20c8e8a8268f,24,11,18.57429227884859,127,42265,25403,6697,8458,1861,24,7381,4717,3000,1070,338
quality_4_6_scatter_1,scatter,complete,6,full,line25,211,762ec1b33da87e26c25700ec68ce44cf266cf9c488e989b8654d20c8e8a8268f,24,11,0.8993177390657365,25,15684,9184,6890,3503,1484,24,7381,4717,3000,1070,338
quality_4_6_scatter_1,scatter,complete,6,full,line25,223,762ec1b33da87e26c25700ec68ce44cf266cf9c488e989b8654d20c8e8a8268f,24,11,0.8992792069911957,25,16241,9485,6824,3599,1572,24,7381,4717,3000,1070,338
quality_4_6_scatter_1,scatter,complete,6,full,line25,227,762ec1b33da87e26c25700ec68ce44cf266cf9c488e989b8654d20c8e8a8268f,24,11,0.8926821178756654,25,15949,9337,6907,3761,1645,24,7381,4717,3000,1070,338
quality_4_6_scatter_1,scatter,complete,6,full,line25,229,762ec1b33da87e26c25700ec68ce44cf266cf9c488e989b8654d20c8e8a8268f,24,11,0.8894960447214544,25,15482,9068,6847,3096,1414,24,7381,4717,3000,1070,338
quality_4_6_scatter_1,scatter,complete,6,full,line25,233,762ec1b33da87e26c25700ec68ce44cf266cf9c488e989b8654d20c8e8a8268f,24,11,0.8875776631757617,25,15657,9176,6882,3397,1492,24,7381,4717,3000,1070,338
quality_4_6_scatter_1,scatter,complete,6,full,grid25,211,762ec1b33da87e26c25700ec68ce44cf266cf9c488e989b8654d20c8e8a8268f,24,11,0.7977837910875678,25,10833,6507,5524,3574,1566,24,7381,4717,3000,1070,338
quality_4_6_scatter_1,scatter,complete,6,full,grid25,223,762ec1b33da87e26c25700ec68ce44cf266cf9c488e989b8654d20c8e8a8268f,24,11,0.79680280899629,25,11024,6626,5446,3604,1581,24,7381,4717,3000,1070,338
quality_4_6_scatter_1,scatter,complete,6,full,grid25,227,762ec1b33da87e26c25700ec68ce44cf266cf9c488e989b8654d20c8e8a8268f,24,11,0.7984352642670274,25,10911,6540,5528,3542,1550,24,7381,4717,3000,1070,338
quality_4_6_scatter_1,scatter,complete,6,full,grid25,229,762ec1b33da87e26c25700ec68ce44cf266cf9c488e989b8654d20c8e8a8268f,24,11,0.7924971440806985,25,11051,6638,5530,3972,1682,24,7381,4717,3000,1070,338
quality_4_6_scatter_1,scatter,complete,6,full,grid25,233,762ec1b33da87e26c25700ec68ce44cf266cf9c488e989b8654d20c8e8a8268f,24,11,0.7995501379482448,25,10763,6474,5538,3664,1529,24,7381,4717,3000,1070,338
quality_4_6_scatter_1,scatter,complete,7,full,sherbrooke,211,8e0c9a2dc79dcccfc43d065f45f736618851be69593b18e81751b23d01fcc403,24,13,21.462702052202076,127,49643,29895,7912,8642,1906,24,8641,5533,3552,1251,396
quality_4_6_scatter_1,scatter,complete,7,full,sherbrooke,223,8e0c9a2dc79dcccfc43d065f45f736618851be69593b18e81751b23d01fcc403,24,13,22.94256214890629,127,48926,29407,7741,8656,1919,24,8641,5533,3552,1251,396
quality_4_6_scatter_1,scatter,complete,7,full,sherbrooke,227,8e0c9a2dc79dcccfc43d065f45f736618851be69593b18e81751b23d01fcc403,24,13,22.582174153998494,127,50096,30176,7938,9720,2057,24,8641,5533,3552,1251,396
quality_4_6_scatter_1,scatter,complete,7,full,sherbrooke,229,8e0c9a2dc79dcccfc43d065f45f736618851be69593b18e81751b23d01fcc403,24,13,25.576425704173744,127,49608,29657,8083,9504,2158,24,8641,5533,3552,1251,396
quality_4_6_scatter_1,scatter,complete,7,full,sherbrooke,233,8e0c9a2dc79dcccfc43d065f45f736618851be69593b18e81751b23d01fcc403,24,13,21.88302015606314,127,48559,29281,7751,9242,2023,24,8641,5533,3552,1251,396
quality_4_6_scatter_1,scatter,complete,7,full,line25,211,8e0c9a2dc79dcccfc43d065f45f736618851be69593b18e81751b23d01fcc403,24,13,1.084246430080384,25,18451,10806,8312,4315,1959,24,8641,5533,3552,1251,396
quality_4_6_scatter_1,scatter,complete,7,full,line25,223,8e0c9a2dc79dcccfc43d065f45f736618851be69593b18e81751b23d01fcc403,24,13,1.0835953778587282,25,18049,10595,8324,4377,1976,24,8641,5533,3552,1251,396
quality_4_6_scatter_1,scatter,complete,7,full,line25,227,8e0c9a2dc79dcccfc43d065f45f736618851be69593b18e81751b23d01fcc403,24,13,1.0840646387077868,25,18382,10772,8256,4317,1928,24,8641,5533,3552,1251,396
quality_4_6_scatter_1,scatter,complete,7,full,line25,229,8e0c9a2dc79dcccfc43d065f45f736618851be69593b18e81751b23d01fcc403,24,13,1.0768541488796473,25,17578,10320,8343,4262,1863,24,8641,5533,3552,1251,396
quality_4_6_scatter_1,scatter,complete,7,full,line25,233,8e0c9a2dc79dcccfc43d065f45f736618851be69593b18e81751b23d01fcc403,24,13,1.0813205260783434,25,18185,10658,8282,4391,1921,24,8641,5533,3552,1251,396
quality_4_6_scatter_1,scatter,complete,7,full,grid25,211,8e0c9a2dc79dcccfc43d065f45f736618851be69593b18e81751b23d01fcc403,24,13,0.9670733725652099,25,12646,7609,6404,3813,1748,24,8641,5533,3552,1251,396
quality_4_6_scatter_1,scatter,complete,7,full,grid25,223,8e0c9a2dc79dcccfc43d065f45f736618851be69593b18e81751b23d01fcc403,24,13,0.971217785961926,25,12955,7783,6599,4791,2001,24,8641,5533,3552,1251,396
quality_4_6_scatter_1,scatter,complete,7,full,grid25,227,8e0c9a2dc79dcccfc43d065f45f736618851be69593b18e81751b23d01fcc403,24,13,0.9696242832578719,25,13037,7835,6541,4404,1899,24,8641,5533,3552,1251,396
quality_4_6_scatter_1,scatter,complete,7,full,grid25,229,8e0c9a2dc79dcccfc43d065f45f736618851be69593b18e81751b23d01fcc403,24,13,0.9628898156806827,25,12449,7502,6622,4097,1852,24,8641,5533,3552,1251,396
quality_4_6_scatter_1,scatter,complete,7,full,grid25,233,8e0c9a2dc79dcccfc43d065f45f736618851be69593b18e81751b23d01fcc403,24,13,1.0613355259411037,25,12965,7803,6527,4705,1927,24,8641,5533,3552,1251,396
quality_4_6_scatter_1,scatter,complete,8,full,sherbrooke,211,b974888f13092aa1a527b69b800f86f0461a176ed405b4ff62b34861aad53318,24,15,28.967796204145998,127,56235,33966,8904,10248,2277,24,9901,6349,4104,1432,454
quality_4_6_scatter_1,scatter,complete,8,full,sherbrooke,223,b974888f13092aa1a527b69b800f86f0461a176ed405b4ff62b34861aad53318,24,15,31.702113569248468,127,57379,34526,9026,12032,2579,24,9901,6349,4104,1432,454
quality_4_6_scatter_1,scatter,complete,8,full,sherbrooke,227,b974888f13092aa1a527b69b800f86f0461a176ed405b4ff62b34861aad53318,24,15,32.84118511294946,127,59145,35731,9211,11480,2390,24,9901,6349,4104,1432,454
quality_4_6_scatter_1,scatter,complete,8,full,sherbrooke,229,b974888f13092aa1a527b69b800f86f0461a176ed405b4ff62b34861aad53318,24,15,30.293171017896384,127,56686,34161,9143,9994,2198,24,9901,6349,4104,1432,454
quality_4_6_scatter_1,scatter,complete,8,full,sherbrooke,233,b974888f13092aa1a527b69b800f86f0461a176ed405b4ff62b34861aad53318,24,15,32.736944295000285,127,57582,34651,9077,10735,2442,24,9901,6349,4104,1432,454
quality_4_6_scatter_1,scatter,complete,8,full,line25,211,b974888f13092aa1a527b69b800f86f0461a176ed405b4ff62b34861aad53318,24,15,1.2591063468717039,25,21296,12484,9579,4688,2017,24,9901,6349,4104,1432,454
quality_4_6_scatter_1,scatter,complete,8,full,line25,223,b974888f13092aa1a527b69b800f86f0461a176ed405b4ff62b34861aad53318,24,15,1.2448837393894792,25,20334,11954,9626,4816,2093,24,9901,6349,4104,1432,454
quality_4_6_scatter_1,scatter,complete,8,full,line25,227,b974888f13092aa1a527b69b800f86f0461a176ed405b4ff62b34861aad53318,24,15,1.2576259579509497,25,21345,12497,9604,4872,2199,24,9901,6349,4104,1432,454
quality_4_6_scatter_1,scatter,complete,8,full,line25,229,b974888f13092aa1a527b69b800f86f0461a176ed405b4ff62b34861aad53318,24,15,1.2528859260492027,25,21498,12588,9559,4807,2058,24,9901,6349,4104,1432,454
quality_4_6_scatter_1,scatter,complete,8,full,line25,233,b974888f13092aa1a527b69b800f86f0461a176ed405b4ff62b34861aad53318,24,15,1.2507622777484357,25,20720,12160,9681,4891,2178,24,9901,6349,4104,1432,454
quality_4_6_scatter_1,scatter,complete,8,full,grid25,211,b974888f13092aa1a527b69b800f86f0461a176ed405b4ff62b34861aad53318,24,15,1.1194536359980702,25,14584,8785,7690,4957,2280,24,9901,6349,4104,1432,454
quality_4_6_scatter_1,scatter,complete,8,full,grid25,223,b974888f13092aa1a527b69b800f86f0461a176ed405b4ff62b34861aad53318,24,15,1.1168724279850721,25,15020,9031,7656,5491,2398,24,9901,6349,4104,1432,454
quality_4_6_scatter_1,scatter,complete,8,full,grid25,227,b974888f13092aa1a527b69b800f86f0461a176ed405b4ff62b34861aad53318,24,15,1.112205013167113,25,14643,8834,7682,5025,2302,24,9901,6349,4104,1432,454
quality_4_6_scatter_1,scatter,complete,8,full,grid25,229,b974888f13092aa1a527b69b800f86f0461a176ed405b4ff62b34861aad53318,24,15,1.2224222188815475,25,14847,8944,7578,5403,2310,24,9901,6349,4104,1432,454
quality_4_6_scatter_1,scatter,complete,8,full,grid25,233,b974888f13092aa1a527b69b800f86f0461a176ed405b4ff62b34861aad53318,24,15,1.1222892911173403,25,15067,9066,7580,5316,2317,24,9901,6349,4104,1432,454
quality_4_6_scatter_1,scatter,complete,9,full,sherbrooke,211,a12e95bb5cef8b79a24d63ad9c9bbc792082dafa9de66291ea693cddf29d7172,24,17,42.22366565419361,127,64071,38482,10354,11974,2651,24,11161,7165,4656,1613,512
quality_4_6_scatter_1,scatter,complete,9,full,sherbrooke,223,a12e95bb5cef8b79a24d63ad9c9bbc792082dafa9de66291ea693cddf29d7172,24,17,39.13907915260643,127,63429,38259,10165,11578,2571,24,11161,7165,4656,1613,512
quality_4_6_scatter_1,scatter,complete,9,full,sherbrooke,227,a12e95bb5cef8b79a24d63ad9c9bbc792082dafa9de66291ea693cddf29d7172,24,17,40.394212486222386,127,66846,40315,10489,13396,2840,24,11161,7165,4656,1613,512
quality_4_6_scatter_1,scatter,complete,9,full,sherbrooke,229,a12e95bb5cef8b79a24d63ad9c9bbc792082dafa9de66291ea693cddf29d7172,24,17,41.05451715178788,127,65406,39174,10723,12615,2874,24,11161,7165,4656,1613,512
quality_4_6_scatter_1,scatter,complete,9,full,sherbrooke,233,a12e95bb5cef8b79a24d63ad9c9bbc792082dafa9de66291ea693cddf29d7172,24,17,41.37036680104211,127,66382,40072,10247,12212,2595,24,11161,7165,4656,1613,512
quality_4_6_scatter_1,scatter,complete,9,full,line25,211,a12e95bb5cef8b79a24d63ad9c9bbc792082dafa9de66291ea693cddf29d7172,24,17,1.4594035018235445,25,23850,13990,10980,5140,2403,24,11161,7165,4656,1613,512
quality_4_6_scatter_1,scatter,complete,9,full,line25,223,a12e95bb5cef8b79a24d63ad9c9bbc792082dafa9de66291ea693cddf29d7172,24,17,1.458939941599965,25,23136,13591,11109,5381,2430,24,11161,7165,4656,1613,512
quality_4_6_scatter_1,scatter,complete,9,full,line25,227,a12e95bb5cef8b79a24d63ad9c9bbc792082dafa9de66291ea693cddf29d7172,24,17,1.4583175634033978,25,24081,14117,10879,5345,2433,24,11161,7165,4656,1613,512
quality_4_6_scatter_1,scatter,complete,9,full,line25,229,a12e95bb5cef8b79a24d63ad9c9bbc792082dafa9de66291ea693cddf29d7172,24,17,1.467730538919568,25,24443,14321,10905,6035,2608,24,11161,7165,4656,1613,512
quality_4_6_scatter_1,scatter,complete,9,full,line25,233,a12e95bb5cef8b79a24d63ad9c9bbc792082dafa9de66291ea693cddf29d7172,24,17,1.5680235177278519,25,23783,13946,11002,5728,2590,24,11161,7165,4656,1613,512
quality_4_6_scatter_1,scatter,complete,9,full,grid25,211,a12e95bb5cef8b79a24d63ad9c9bbc792082dafa9de66291ea693cddf29d7172,24,17,1.3027949589304626,25,16474,9937,8611,5723,2632,24,11161,7165,4656,1613,512
quality_4_6_scatter_1,scatter,complete,9,full,grid25,223,a12e95bb5cef8b79a24d63ad9c9bbc792082dafa9de66291ea693cddf29d7172,24,17,1.3025922891683877,25,16594,9997,8653,6401,2732,24,11161,7165,4656,1613,512
quality_4_6_scatter_1,scatter,complete,9,full,grid25,227,a12e95bb5cef8b79a24d63ad9c9bbc792082dafa9de66291ea693cddf29d7172,24,17,1.303015103098005,25,16343,9870,8725,6281,2774,24,11161,7165,4656,1613,512
quality_4_6_scatter_1,scatter,complete,9,full,grid25,229,a12e95bb5cef8b79a24d63ad9c9bbc792082dafa9de66291ea693cddf29d7172,24,17,1.2967162150889635,25,16478,9951,8566,5662,2517,24,11161,7165,4656,1613,512
quality_4_6_scatter_1,scatter,complete,9,full,grid25,233,a12e95bb5cef8b79a24d63ad9c9bbc792082dafa9de66291ea693cddf29d7172,24,17,1.2944615106098354,25,16258,9812,8746,5758,2569,24,11161,7165,4656,1613,512
quality_4_6_scatter_1,scatter,complete,10,full,sherbrooke,211,508ce3edb0cccb4be10219592dcd15043e6bc5d007ea5e659c8f5022bea1a053,24,19,48.933882046025246,127,73400,44126,11867,14749,3210,24,12421,7981,5208,1794,570
quality_4_6_scatter_1,scatter,complete,10,full,sherbrooke,223,508ce3edb0cccb4be10219592dcd15043e6bc5d007ea5e659c8f5022bea1a053,24,19,49.280285690911114,127,74287,44801,11850,13020,2864,24,12421,7981,5208,1794,570
quality_4_6_scatter_1,scatter,complete,10,full,sherbrooke,227,508ce3edb0cccb4be10219592dcd15043e6bc5d007ea5e659c8f5022bea1a053,24,19,51.92809165595099,127,74710,45110,11613,15679,3215,24,12421,7981,5208,1794,570
quality_4_6_scatter_1,scatter,complete,10,full,sherbrooke,229,508ce3edb0cccb4be10219592dcd15043e6bc5d007ea5e659c8f5022bea1a053,24,19,53.73079743096605,127,73395,44233,11749,13088,2928,24,12421,7981,5208,1794,570
quality_4_6_scatter_1,scatter,complete,10,full,sherbrooke,233,508ce3edb0cccb4be10219592dcd15043e6bc5d007ea5e659c8f5022bea1a053,24,19,55.17623412469402,127,72940,43905,11641,14523,3188,24,12421,7981,5208,1794,570
quality_4_6_scatter_1,scatter,complete,10,full,line25,211,508ce3edb0cccb4be10219592dcd15043e6bc5d007ea5e659c8f5022bea1a053,24,19,1.641661001369357,25,26479,15547,12452,6196,2850,24,12421,7981,5208,1794,570
quality_4_6_scatter_1,scatter,complete,10,full,line25,223,508ce3edb0cccb4be10219592dcd15043e6bc5d007ea5e659c8f5022bea1a053,24,19,1.6403350210748613,25,26470,15540,12407,6232,2766,24,12421,7981,5208,1794,570
quality_4_6_scatter_1,scatter,complete,10,full,line25,227,508ce3edb0cccb4be10219592dcd15043e6bc5d007ea5e659c8f5022bea1a053,24,19,1.7566567501053214,25,26979,15816,12209,6391,2748,24,12421,7981,5208,1794,570
quality_4_6_scatter_1,scatter,complete,10,full,line25,229,508ce3edb0cccb4be10219592dcd15043e6bc5d007ea5e659c8f5022bea1a053,24,19,1.6522139180451632,25,26573,15594,12290,5986,2727,24,12421,7981,5208,1794,570
quality_4_6_scatter_1,scatter,complete,10,full,line25,233,508ce3edb0cccb4be10219592dcd15043e6bc5d007ea5e659c8f5022bea1a053,24,19,1.737359631806612,25,26204,15392,12479,5925,2748,24,12421,7981,5208,1794,570
quality_4_6_scatter_1,scatter,complete,10,full,grid25,211,508ce3edb0cccb4be10219592dcd15043e6bc5d007ea5e659c8f5022bea1a053,24,19,1.5328227751888335,25,18628,11218,9793,6473,2725,24,12421,7981,5208,1794,570
quality_4_6_scatter_1,scatter,complete,10,full,grid25,223,508ce3edb0cccb4be10219592dcd15043e6bc5d007ea5e659c8f5022bea1a053,24,19,1.5437150192447007,25,18397,11088,9838,6932,3036,24,12421,7981,5208,1794,570
quality_4_6_scatter_1,scatter,complete,10,full,grid25,227,508ce3edb0cccb4be10219592dcd15043e6bc5d007ea5e659c8f5022bea1a053,24,19,1.547760697081685,25,18562,11190,9823,6455,2930,24,12421,7981,5208,1794,570
quality_4_6_scatter_1,scatter,complete,10,full,grid25,229,508ce3edb0cccb4be10219592dcd15043e6bc5d007ea5e659c8f5022bea1a053,24,19,1.5227386681362987,25,18645,11244,9817,7002,2989,24,12421,7981,5208,1794,570
quality_4_6_scatter_1,scatter,complete,10,full,grid25,233,508ce3edb0cccb4be10219592dcd15043e6bc5d007ea5e659c8f5022bea1a053,24,19,1.466457037255168,25,18876,11363,9685,6259,2759,24,12421,7981,5208,1794,570
quality_4_6_scatter_1,scatter,complete,11,full,sherbrooke,211,7de340a89438afcfbdb2f4ef93875bfd1110b49c38c4fdec008b7b8592e05f73,24,21,57.10823421133682,127,80145,48159,12691,13992,3178,24,13681,8797,5760,1975,628
quality_4_6_scatter_1,scatter,complete,11,full,sherbrooke,223,7de340a89438afcfbdb2f4ef93875bfd1110b49c38c4fdec008b7b8592e05f73,24,21,63.78024109406397,127,80987,48596,12992,14955,3322,24,13681,8797,5760,1975,628
quality_4_6_scatter_1,scatter,complete,11,full,sherbrooke,227,7de340a89438afcfbdb2f4ef93875bfd1110b49c38c4fdec008b7b8592e05f73,24,21,60.55882096616551,127,79367,47819,12749,14482,3234,24,13681,8797,5760,1975,628
quality_4_6_scatter_1,scatter,complete,11,full,sherbrooke,229,7de340a89438afcfbdb2f4ef93875bfd1110b49c38c4fdec008b7b8592e05f73,24,21,64.16368148988113,127,80355,48356,12821,14515,3251,24,13681,8797,5760,1975,628
quality_4_6_scatter_1,scatter,complete,11,full,sherbrooke,233,7de340a89438afcfbdb2f4ef93875bfd1110b49c38c4fdec008b7b8592e05f73,24,21,63.874269757885486,127,80532,48284,12982,15483,3469,24,13681,8797,5760,1975,628
quality_4_6_scatter_1,scatter,complete,11,full,line25,211,7de340a89438afcfbdb2f4ef93875bfd1110b49c38c4fdec008b7b8592e05f73,24,21,1.8369825729168952,25,29157,17117,13827,6781,2989,24,13681,8797,5760,1975,628
quality_4_6_scatter_1,scatter,complete,11,full,line25,223,7de340a89438afcfbdb2f4ef93875bfd1110b49c38c4fdec008b7b8592e05f73,24,21,1.820319401100278,25,28969,17013,13750,6697,2983,24,13681,8797,5760,1975,628
quality_4_6_scatter_1,scatter,complete,11,full,line25,227,7de340a89438afcfbdb2f4ef93875bfd1110b49c38c4fdec008b7b8592e05f73,24,21,1.8389925169758499,25,29191,17134,13769,7131,3161,24,13681,8797,5760,1975,628
quality_4_6_scatter_1,scatter,complete,11,full,line25,229,7de340a89438afcfbdb2f4ef93875bfd1110b49c38c4fdec008b7b8592e05f73,24,21,1.8419254538603127,25,29334,17214,13687,6878,3000,24,13681,8797,5760,1975,628
quality_4_6_scatter_1,scatter,complete,11,full,line25,233,7de340a89438afcfbdb2f4ef93875bfd1110b49c38c4fdec008b7b8592e05f73,24,21,1.9425716372206807,25,29516,17315,13635,6714,2972,24,13681,8797,5760,1975,628
quality_4_6_scatter_1,scatter,complete,11,full,grid25,211,7de340a89438afcfbdb2f4ef93875bfd1110b49c38c4fdec008b7b8592e05f73,24,21,1.6232708157040179,25,20415,12295,10858,7293,3242,24,13681,8797,5760,1975,628
quality_4_6_scatter_1,scatter,complete,11,full,grid25,223,7de340a89438afcfbdb2f4ef93875bfd1110b49c38c4fdec008b7b8592e05f73,24,21,1.6249629938974977,25,20252,12225,10896,7264,3246,24,13681,8797,5760,1975,628
quality_4_6_scatter_1,scatter,complete,11,full,grid25,227,7de340a89438afcfbdb2f4ef93875bfd1110b49c38c4fdec008b7b8592e05f73,24,21,1.6238545621745288,25,20433,12333,10873,7377,3251,24,13681,8797,5760,1975,628
quality_4_6_scatter_1,scatter,complete,11,full,grid25,229,7de340a89438afcfbdb2f4ef93875bfd1110b49c38c4fdec008b7b8592e05f73,24,21,1.6174961822107434,25,19856,12011,10969,6879,3196,24,13681,8797,5760,1975,628
quality_4_6_scatter_1,scatter,complete,11,full,grid25,233,7de340a89438afcfbdb2f4ef93875bfd1110b49c38c4fdec008b7b8592e05f73,24,21,1.6247302778065205,25,20252,12228,10974,7397,3317,24,13681,8797,5760,1975,628
quality_4_6_scatter_1,scatter,complete,12,full,sherbrooke,211,a59d33360822f4688777a3dc7dd9d011ba39569b7d06658a42555863f6ce0407,24,23,77.20841384120286,127,91144,54764,14526,17896,3890,24,14941,9613,6312,2156,686
quality_4_6_scatter_1,scatter,complete,12,full,sherbrooke,223,a59d33360822f4688777a3dc7dd9d011ba39569b7d06658a42555863f6ce0407,24,23,74.62640573596582,127,88359,53059,14201,16232,3618,24,14941,9613,6312,2156,686
quality_4_6_scatter_1,scatter,complete,12,full,sherbrooke,227,a59d33360822f4688777a3dc7dd9d011ba39569b7d06658a42555863f6ce0407,24,23,79.87215481093153,127,91457,55143,14378,18232,3825,24,14941,9613,6312,2156,686
quality_4_6_scatter_1,scatter,complete,12,full,sherbrooke,229,a59d33360822f4688777a3dc7dd9d011ba39569b7d06658a42555863f6ce0407,24,23,78.80629023863003,127,89978,53929,14484,17291,3911,24,14941,9613,6312,2156,686
quality_4_6_scatter_1,scatter,complete,12,full,sherbrooke,233,a59d33360822f4688777a3dc7dd9d011ba39569b7d06658a42555863f6ce0407,24,23,79.20203681616113,127,90414,54391,14488,16904,3793,24,14941,9613,6312,2156,686
quality_4_6_scatter_1,scatter,complete,12,full,line25,211,a59d33360822f4688777a3dc7dd9d011ba39569b7d06658a42555863f6ce0407,24,23,2.0389452152885497,25,31670,18612,15282,7739,3443,24,14941,9613,6312,2156,686
quality_4_6_scatter_1,scatter,complete,12,full,line25,223,a59d33360822f4688777a3dc7dd9d011ba39569b7d06658a42555863f6ce0407,24,23,2.200215102173388,25,31347,18421,15155,7515,3372,24,14941,9613,6312,2156,686
quality_4_6_scatter_1,scatter,complete,12,full,line25,227,a59d33360822f4688777a3dc7dd9d011ba39569b7d06658a42555863f6ce0407,24,23,2.039107350166887,25,31952,18756,15178,7586,3495,24,14941,9613,6312,2156,686
quality_4_6_scatter_1,scatter,complete,12,full,line25,229,a59d33360822f4688777a3dc7dd9d011ba39569b7d06658a42555863f6ce0407,24,23,2.0516826640814543,25,32975,19310,14992,7463,3294,24,14941,9613,6312,2156,686
quality_4_6_scatter_1,scatter,complete,12,full,line25,233,a59d33360822f4688777a3dc7dd9d011ba39569b7d06658a42555863f6ce0407,24,23,2.0460184579715133,25,31939,18752,15188,7384,3252,24,14941,9613,6312,2156,686
quality_4_6_scatter_1,scatter,complete,12,full,grid25,211,a59d33360822f4688777a3dc7dd9d011ba39569b7d06658a42555863f6ce0407,24,23,1.8203052347525954,25,22225,13417,11981,8391,3665,24,14941,9613,6312,2156,686
quality_4_6_scatter_1,scatter,complete,12,full,grid25,223,a59d33360822f4688777a3dc7dd9d011ba39569b7d06658a42555863f6ce0407,24,23,1.8149115350097418,25,22566,13606,11905,8377,3603,24,14941,9613,6312,2156,686
quality_4_6_scatter_1,scatter,complete,12,full,grid25,227,a59d33360822f4688777a3dc7dd9d011ba39569b7d06658a42555863f6ce0407,24,23,1.817805230151862,25,21936,13260,12076,8003,3689,24,14941,9613,6312,2156,686
quality_4_6_scatter_1,scatter,complete,12,full,grid25,229,a59d33360822f4688777a3dc7dd9d011ba39569b7d06658a42555863f6ce0407,24,23,1.8114016340114176,25,22576,13617,11938,8269,3539,24,14941,9613,6312,2156,686
quality_4_6_scatter_1,scatter,complete,12,full,grid25,233,a59d33360822f4688777a3dc7dd9d011ba39569b7d06658a42555863f6ce0407,24,23,1.8155335527844727,25,22258,13437,11928,8025,3598,24,14941,9613,6312,2156,686
quality_4_6_scatter_1,scatter,ring,1,full,sherbrooke,211,2ee7593459d24f7afd6c0760146f2b54d80be29caeb4580c085b0ab727971d67,24,1,0.21807571174576879,127,1127,682,146,186,34,24,541,313,96,106,24
quality_4_6_scatter_1,scatter,ring,1,full,sherbrooke,223,2ee7593459d24f7afd6c0760146f2b54d80be29caeb4580c085b0ab727971d67,24,1,0.03549169888719916,127,1189,723,151,209,42,24,541,313,96,106,24
quality_4_6_scatter_1,scatter,ring,1,full,sherbrooke,227,2ee7593459d24f7afd6c0760146f2b54d80be29caeb4580c085b0ab727971d67,24,1,0.032719232607632875,127,1121,686,151,250,46,24,541,313,96,106,24
quality_4_6_scatter_1,scatter,ring,1,full,sherbrooke,229,2ee7593459d24f7afd6c0760146f2b54d80be29caeb4580c085b0ab727971d67,24,1,0.03796673798933625,127,1111,681,143,190,36,24,541,313,96,106,24
quality_4_6_scatter_1,scatter,ring,1,full,sherbrooke,233,2ee7593459d24f7afd6c0760146f2b54d80be29caeb4580c085b0ab727971d67,24,1,0.0324495667591691,127,1079,655,151,199,39,24,541,313,96,106,24
quality_4_6_scatter_1,scatter,ring,1,full,line25,211,2ee7593459d24f7afd6c0760146f2b54d80be29caeb4580c085b0ab727971d67,24,1,0.023637359030544758,25,579,335,149,120,34,24,541,313,96,106,24
quality_4_6_scatter_1,scatter,ring,1,full,line25,223,2ee7593459d24f7afd6c0760146f2b54d80be29caeb4580c085b0ab727971d67,24,1,0.022838898934423923,25,597,348,144,121,34,24,541,313,96,106,24
quality_4_6_scatter_1,scatter,ring,1,full,line25,227,2ee7593459d24f7afd6c0760146f2b54d80be29caeb4580c085b0ab727971d67,24,1,0.023068560287356377,25,601,350,147,122,34,24,541,313,96,106,24
quality_4_6_scatter_1,scatter,ring,1,full,line25,229,2ee7593459d24f7afd6c0760146f2b54d80be29caeb4580c085b0ab727971d67,24,1,0.023009409196674824,25,605,352,149,122,32,24,541,313,96,106,24
quality_4_6_scatter_1,scatter,ring,1,full,line25,233,2ee7593459d24f7afd6c0760146f2b54d80be29caeb4580c085b0ab727971d67,24,1,0.02280373265966773,25,600,351,146,121,32,24,541,313,96,106,24
quality_4_6_scatter_1,scatter,ring,1,full,grid25,211,2ee7593459d24f7afd6c0760146f2b54d80be29caeb4580c085b0ab727971d67,24,1,0.01921755913645029,25,551,318,102,113,27,24,541,313,96,106,24
quality_4_6_scatter_1,scatter,ring,1,full,grid25,223,2ee7593459d24f7afd6c0760146f2b54d80be29caeb4580c085b0ab727971d67,24,1,0.01839703693985939,25,541,313,96,106,24,24,541,313,96,106,24
quality_4_6_scatter_1,scatter,ring,1,full,grid25,227,2ee7593459d24f7afd6c0760146f2b54d80be29caeb4580c085b0ab727971d67,24,1,0.018871177919209003,25,541,313,102,110,27,24,541,313,96,106,24
quality_4_6_scatter_1,scatter,ring,1,full,grid25,229,2ee7593459d24f7afd6c0760146f2b54d80be29caeb4580c085b0ab727971d67,24,1,0.018570332787930965,25,569,329,106,127,31,24,541,313,96,106,24
quality_4_6_scatter_1,scatter,ring,1,full,grid25,233,2ee7593459d24f7afd6c0760146f2b54d80be29caeb4580c085b0ab727971d67,24,1,0.01923528080806136,25,549,317,100,114,28,24,541,313,96,106,24
quality_4_6_scatter_1,scatter,ring,2,full,sherbrooke,211,78398fe8f2ff93594bf6418094d80bc91e9494a9153d3fc75288059f7a086938,24,3,0.7871745429001749,127,6986,4191,1128,1228,273,24,1261,805,504,276,90
quality_4_6_scatter_1,scatter,ring,2,full,sherbrooke,223,78398fe8f2ff93594bf6418094d80bc91e9494a9153d3fc75288059f7a086938,24,3,0.8467167667113245,127,6932,4161,1097,1376,306,24,1261,805,504,276,90
quality_4_6_scatter_1,scatter,ring,2,full,sherbrooke,227,78398fe8f2ff93594bf6418094d80bc91e9494a9153d3fc75288059f7a086938,24,3,0.6489644711837173,127,7157,4288,1132,1393,302,24,1261,805,504,276,90
quality_4_6_scatter_1,scatter,ring,2,full,sherbrooke,229,78398fe8f2ff93594bf6418094d80bc91e9494a9153d3fc75288059f7a086938,24,3,0.5824498040601611,127,6936,4184,1093,1369,299,24,1261,805,504,276,90
quality_4_6_scatter_1,scatter,ring,2,full,sherbrooke,233,78398fe8f2ff93594bf6418094d80bc91e9494a9153d3fc75288059f7a086938,24,3,0.6781749450601637,127,6801,4094,1070,1227,282,24,1261,805,504,276,90
quality_4_6_scatter_1,scatter,ring,2,full,line25,211,78398fe8f2ff93594bf6418094d80bc91e9494a9153d3fc75288059f7a086938,24,3,0.15828480990603566,25,2575,1524,1214,649,284,24,1261,805,504,276,90
quality_4_6_scatter_1,scatter,ring,2,full,line25,223,78398fe8f2ff93594bf6418094d80bc91e9494a9153d3fc75288059f7a086938,24,3,0.15631430130451918,25,2520,1490,1190,608,278,24,1261,805,504,276,90
quality_4_6_scatter_1,scatter,ring,2,full,line25,227,78398fe8f2ff93594bf6418094d80bc91e9494a9153d3fc75288059f7a086938,24,3,0.1576392180286348,25,2566,1514,1200,623,257,24,1261,805,504,276,90
quality_4_6_scatter_1,scatter,ring,2,full,line25,229,78398fe8f2ff93594bf6418094d80bc91e9494a9153d3fc75288059f7a086938,24,3,0.15751025592908263,25,2459,1457,1178,620,275,24,1261,805,504,276,90
quality_4_6_scatter_1,scatter,ring,2,full,line25,233,78398fe8f2ff93594bf6418094d80bc91e9494a9153d3fc75288059f7a086938,24,3,0.1581855951808393,25,2527,1492,1192,617,259,24,1261,805,504,276,90
quality_4_6_scatter_1,scatter,ring,2,full,grid25,211,78398fe8f2ff93594bf6418094d80bc91e9494a9153d3fc75288059f7a086938,24,3,0.13607754837721586,25,1825,1109,873,591,265,24,1261,805,504,276,90
quality_4_6_scatter_1,scatter,ring,2,full,grid25,223,78398fe8f2ff93594bf6418094d80bc91e9494a9153d3fc75288059f7a086938,24,3,0.1377507303841412,25,1794,1093,895,695,306,24,1261,805,504,276,90
quality_4_6_scatter_1,scatter,ring,2,full,grid25,227,78398fe8f2ff93594bf6418094d80bc91e9494a9153d3fc75288059f7a086938,24,3,0.1347091980278492,25,1664,1018,928,638,322,24,1261,805,504,276,90
quality_4_6_scatter_1,scatter,ring,2,full,grid25,229,78398fe8f2ff93594bf6418094d80bc91e9494a9153d3fc75288059f7a086938,24,3,0.1338302679359913,25,1790,1092,895,634,324,24,1261,805,504,276,90
quality_4_6_scatter_1,scatter,ring,2,full,grid25,233,78398fe8f2ff93594bf6418094d80bc91e9494a9153d3fc75288059f7a086938,24,3,0.12370102712884545,25,1758,1071,903,665,290,24,1261,805,504,276,90
quality_4_6_scatter_1,scatter,ring,3,full,sherbrooke,211,12bdf038645a001a76cb6129fe3e91bc187d52b02b14184953ff5bc5915c72fb,24,5,2.092842298094183,127,13150,7881,2115,2458,557,24,1981,1297,912,428,144
quality_4_6_scatter_1,scatter,ring,3,full,sherbrooke,223,12bdf038645a001a76cb6129fe3e91bc187d52b02b14184953ff5bc5915c72fb,24,5,2.011667611077428,127,13188,7908,2142,2576,583,24,1981,1297,912,428,144
quality_4_6_scatter_1,scatter,ring,3,full,sherbrooke,227,12bdf038645a001a76cb6129fe3e91bc187d52b02b14184953ff5bc5915c72fb,24,5,2.01545439241454,127,13298,7960,2155,3104,693,24,1981,1297,912,428,144
quality_4_6_scatter_1,scatter,ring,3,full,sherbrooke,229,12bdf038645a001a76cb6129fe3e91bc187d52b02b14184953ff5bc5915c72fb,24,5,1.9533195500262082,127,12801,7694,2064,2573,588,24,1981,1297,912,428,144
quality_4_6_scatter_1,scatter,ring,3,full,sherbrooke,233,12bdf038645a001a76cb6129fe3e91bc187d52b02b14184953ff5bc5915c72fb,24,5,2.035680654924363,127,13193,7930,2129,2695,601,24,1981,1297,912,428,144
quality_4_6_scatter_1,scatter,ring,3,full,line25,211,12bdf038645a001a76cb6129fe3e91bc187d52b02b14184953ff5bc5915c72fb,24,5,0.31160052958875895,25,4605,2721,2380,1261,615,24,1981,1297,912,428,144
quality_4_6_scatter_1,scatter,ring,3,full,line25,223,12bdf038645a001a76cb6129fe3e91bc187d52b02b14184953ff5bc5915c72fb,24,5,0.3088257387280464,25,4379,2600,2410,1264,685,24,1981,1297,912,428,144
quality_4_6_scatter_1,scatter,ring,3,full,line25,227,12bdf038645a001a76cb6129fe3e91bc187d52b02b14184953ff5bc5915c72fb,24,5,0.3065113639459014,25,4455,2640,2390,1115,513,24,1981,1297,912,428,144
quality_4_6_scatter_1,scatter,ring,3,full,line25,229,12bdf038645a001a76cb6129fe3e91bc187d52b02b14184953ff5bc5915c72fb,24,5,0.30519490083679557,25,4471,2653,2351,1142,530,24,1981,1297,912,428,144
quality_4_6_scatter_1,scatter,ring,3,full,line25,233,12bdf038645a001a76cb6129fe3e91bc187d52b02b14184953ff5bc5915c72fb,24,5,0.30907900584861636,25,4206,2508,2464,1170,590,24,1981,1297,912,428,144
quality_4_6_scatter_1,scatter,ring,3,full,grid25,211,12bdf038645a001a76cb6129fe3e91bc187d52b02b14184953ff5bc5915c72fb,24,5,0.254681842867285,25,2913,1794,1723,1128,581,24,1981,1297,912,428,144
quality_4_6_scatter_1,scatter,ring,3,full,grid25,223,12bdf038645a001a76cb6129fe3e91bc187d52b02b14184953ff5bc5915c72fb,24,5,0.2541950587183237,25,2835,1753,1763,1209,592,24,1981,1297,912,428,144
quality_4_6_scatter_1,scatter,ring,3,full,grid25,227,12bdf038645a001a76cb6129fe3e91bc187d52b02b14184953ff5bc5915c72fb,24,5,0.25439052702859044,25,2920,1799,1758,1083,554,24,1981,1297,912,428,144
quality_4_6_scatter_1,scatter,ring,3,full,grid25,229,12bdf038645a001a76cb6129fe3e91bc187d52b02b14184953ff5bc5915c72fb,24,5,0.2551743080839515,25,2950,1818,1744,1208,587,24,1981,1297,912,428,144
quality_4_6_scatter_1,scatter,ring,3,full,grid25,233,12bdf038645a001a76cb6129fe3e91bc187d52b02b14184953ff5bc5915c72fb,24,5,0.2531061237677932,25,2877,1774,1740,1180,513,24,1981,1297,912,428,144
quality_4_6_scatter_1,scatter,ring,4,full,sherbrooke,211,88ca9c3294e72e50ab138a65358d056dcfca7967122fae1b3cb6ea90eddc1125,24,7,3.9496338786557317,127,19529,11727,3147,3453,774,24,2701,1789,1320,580,198
quality_4_6_scatter_1,scatter,ring,4,full,sherbrooke,223,88ca9c3294e72e50ab138a65358d056dcfca7967122fae1b3cb6ea90eddc1125,24,7,3.746000318787992,127,19632,11745,3185,4271,940,24,2701,1789,1320,580,198
quality_4_6_scatter_1,scatter,ring,4,full,sherbrooke,227,88ca9c3294e72e50ab138a65358d056dcfca7967122fae1b3cb6ea90eddc1125,24,7,3.6658916738815606,127,19428,11725,3125,3641,818,24,2701,1789,1320,580,198
quality_4_6_scatter_1,scatter,ring,4,full,sherbrooke,229,88ca9c3294e72e50ab138a65358d056dcfca7967122fae1b3cb6ea90eddc1125,24,7,4.10356164816767,127,19159,11490,3107,3712,861,24,2701,1789,1320,580,198
quality_4_6_scatter_1,scatter,ring,4,full,sherbrooke,233,88ca9c3294e72e50ab138a65358d056dcfca7967122fae1b3cb6ea90eddc1125,24,7,4.345859715715051,127,19608,11793,3153,3574,804,24,2701,1789,1320,580,198
quality_4_6_scatter_1,scatter,ring,4,full,line25,211,88ca9c3294e72e50ab138a65358d056dcfca7967122fae1b3cb6ea90eddc1125,24,7,0.44916999991983175,25,6247,3717,3568,1583,788,24,2701,1789,1320,580,198
quality_4_6_scatter_1,scatter,ring,4,full,line25,223,88ca9c3294e72e50ab138a65358d056dcfca7967122fae1b3cb6ea90eddc1125,24,7,0.44459162233397365,25,6240,3707,3605,1604,846,24,2701,1789,1320,580,198
quality_4_6_scatter_1,scatter,ring,4,full,line25,227,88ca9c3294e72e50ab138a65358d056dcfca7967122fae1b3cb6ea90eddc1125,24,7,0.44643407221883535,25,5952,3551,3665,1564,820,24,2701,1789,1320,580,198
quality_4_6_scatter_1,scatter,ring,4,full,line25,229,88ca9c3294e72e50ab138a65358d056dcfca7967122fae1b3cb6ea90eddc1125,24,7,0.4458179548382759,25,6218,3703,3648,1690,859,24,2701,1789,1320,580,198
quality_4_6_scatter_1,scatter,ring,4,full,line25,233,88ca9c3294e72e50ab138a65358d056dcfca7967122fae1b3cb6ea90eddc1125,24,7,0.44819230400025845,25,6217,3698,3622,1555,795,24,2701,1789,1320,580,198
quality_4_6_scatter_1,scatter,ring,4,full,grid25,211,88ca9c3294e72e50ab138a65358d056dcfca7967122fae1b3cb6ea90eddc1125,24,7,0.3678192417137325,25,3974,2472,2629,1850,876,24,2701,1789,1320,580,198
quality_4_6_scatter_1,scatter,ring,4,full,grid25,223,88ca9c3294e72e50ab138a65358d056dcfca7967122fae1b3cb6ea90eddc1125,24,7,0.36997440876439214,25,4183,2577,2573,1566,823,24,2701,1789,1320,580,198
quality_4_6_scatter_1,scatter,ring,4,full,grid25,227,88ca9c3294e72e50ab138a65358d056dcfca7967122fae1b3cb6ea90eddc1125,24,7,0.3672262686304748,25,4112,2543,2585,1892,897,24,2701,1789,1320,580,198
quality_4_6_scatter_1,scatter,ring,4,full,grid25,229,88ca9c3294e72e50ab138a65358d056dcfca7967122fae1b3cb6ea90eddc1125,24,7,0.3665599781088531,25,3977,2472,2612,1642,825,24,2701,1789,1320,580,198
quality_4_6_scatter_1,scatter,ring,4,full,grid25,233,88ca9c3294e72e50ab138a65358d056dcfca7967122fae1b3cb6ea90eddc1125,24,7,0.3698387439362705,25,4118,2548,2593,1741,828,24,2701,1789,1320,580,198
quality_4_6_scatter_1,scatter,ring,5,full,sherbrooke,211,0fb0891cba19d677fcdfa75c310ca86d7d796584ec2b0bb6b3badd800b545ce1,24,9,6.654884519055486,127,25337,15184,4154,4704,1103,24,3421,2281,1728,732,252
quality_4_6_scatter_1,scatter,ring,5,full,sherbrooke,223,0fb0891cba19d677fcdfa75c310ca86d7d796584ec2b0bb6b3badd800b545ce1,24,9,7.212736472021788,127,26394,15841,4320,4922,1122,24,3421,2281,1728,732,252
quality_4_6_scatter_1,scatter,ring,5,full,sherbrooke,227,0fb0891cba19d677fcdfa75c310ca86d7d796584ec2b0bb6b3badd800b545ce1,24,9,6.798464506864548,127,25416,15290,4141,5532,1250,24,3421,2281,1728,732,252
quality_4_6_scatter_1,scatter,ring,5,full,sherbrooke,229,0fb0891cba19d677fcdfa75c310ca86d7d796584ec2b0bb6b3badd800b545ce1,24,9,7.017779885791242,127,25504,15274,4208,5163,1160,24,3421,2281,1728,732,252
quality_4_6_scatter_1,scatter,ring,5,full,sherbrooke,233,0fb0891cba19d677fcdfa75c310ca86d7d796584ec2b0bb6b3badd800b545ce1,24,9,7.012234501075,127,26004,15616,4259,4919,1131,24,3421,2281,1728,732,252
quality_4_6_scatter_1,scatter,ring,5,full,line25,211,0fb0891cba19d677fcdfa75c310ca86d7d796584ec2b0bb6b3badd800b545ce1,24,9,0.5554917198605835,25,7810,4665,4894,2093,1108,24,3421,2281,1728,732,252
quality_4_6_scatter_1,scatter,ring,5,full,line25,223,0fb0891cba19d677fcdfa75c310ca86d7d796584ec2b0bb6b3badd800b545ce1,24,9,0.5922130481339991,25,7968,4748,4930,2181,1218,24,3421,2281,1728,732,252
quality_4_6_scatter_1,scatter,ring,5,full,line25,227,0fb0891cba19d677fcdfa75c310ca86d7d796584ec2b0bb6b3badd800b545ce1,24,9,0.5895149512216449,25,8357,4961,4785,2154,1099,24,3421,2281,1728,732,252
quality_4_6_scatter_1,scatter,ring,5,full,line25,229,0fb0891cba19d677fcdfa75c310ca86d7d796584ec2b0bb6b3badd800b545ce1,24,9,0.6225393069908023,25,7890,4707,4826,2067,1134,24,3421,2281,1728,732,252
quality_4_6_scatter_1,scatter,ring,5,full,line25,233,0fb0891cba19d677fcdfa75c310ca86d7d796584ec2b0bb6b3badd800b545ce1,24,9,0.5934747979044914,25,7838,4683,4913,2053,1065,24,3421,2281,1728,732,252
quality_4_6_scatter_1,scatter,ring,5,full,grid25,211,0fb0891cba19d677fcdfa75c310ca86d7d796584ec2b0bb6b3badd800b545ce1,24,9,0.4819975970312953,25,4964,3100,3543,2335,1255,24,3421,2281,1728,732,252
quality_4_6_scatter_1,scatter,ring,5,full,grid25,223,0fb0891cba19d677fcdfa75c310ca86d7d796584ec2b0bb6b3badd800b545ce1,24,9,0.4840123592875898,25,5125,3195,3482,2042,1089,24,3421,2281,1728,732,252
quality_4_6_scatter_1,scatter,ring,5,full,grid25,227,0fb0891cba19d677fcdfa75c310ca86d7d796584ec2b0bb6b3badd800b545ce1,24,9,0.4883045298047364,25,5125,3192,3497,2199,1143,24,3421,2281,1728,732,252
quality_4_6_scatter_1,scatter,ring,5,full,grid25,229,0fb0891cba19d677fcdfa75c310ca86d7d796584ec2b0bb6b3badd800b545ce1,24,9,0.4839111790060997,25,5044,3149,3510,2133,1147,24,3421,2281,1728,732,252
quality_4_6_scatter_1,scatter,ring,5,full,grid25,233,0fb0891cba19d677fcdfa75c310ca86d7d796584ec2b0bb6b3badd800b545ce1,24,9,0.4826652901247144,25,5177,3225,3474,2127,1105,24,3421,2281,1728,732,252
quality_4_6_scatter_1,scatter,ring,6,full,sherbrooke,211,d2253d7e8b255ea8741dbb3ca49477049cc016e8e199c3293d8d0370a350e671,24,11,11.196668098215014,127,32410,19411,5340,6822,1582,24,4141,2773,2136,884,306
quality_4_6_scatter_1,scatter,ring,6,full,sherbrooke,223,d2253d7e8b255ea8741dbb3ca49477049cc016e8e199c3293d8d0370a350e671,24,11,10.969616760965437,127,33355,20092,5322,6298,1390,24,4141,2773,2136,884,306
quality_4_6_scatter_1,scatter,ring,6,full,sherbrooke,227,d2253d7e8b255ea8741dbb3ca49477049cc016e8e199c3293d8d0370a350e671,24,11,11.044951612129807,127,32162,19256,5271,6133,1402,24,4141,2773,2136,884,306
quality_4_6_scatter_1,scatter,ring,6,full,sherbrooke,229,d2253d7e8b255ea8741dbb3ca49477049cc016e8e199c3293d8d0370a350e671,24,11,11.077151509001851,127,32596,19586,5389,6576,1473,24,4141,2773,2136,884,306
quality_4_6_scatter_1,scatter,ring,6,full,sherbrooke,233,d2253d7e8b255ea8741dbb3ca49477049cc016e8e199c3293d8d0370a350e671,24,11,11.069674838799983,127,32246,19309,5397,6753,1575,24,4141,2773,2136,884,306
quality_4_6_scatter_1,scatter,ring,6,full,line25,211,d2253d7e8b255ea8741dbb3ca49477049cc016e8e199c3293d8d0370a350e671,24,11,0.7610928346402943,25,9593,5723,6262,2603,1362,24,4141,2773,2136,884,306
quality_4_6_scatter_1,scatter,ring,6,full,line25,223,d2253d7e8b255ea8741dbb3ca49477049cc016e8e199c3293d8d0370a350e671,24,11,0.7535568936727941,25,9849,5870,6027,2639,1413,24,4141,2773,2136,884,306
quality_4_6_scatter_1,scatter,ring,6,full,line25,227,d2253d7e8b255ea8741dbb3ca49477049cc016e8e199c3293d8d0370a350e671,24,11,0.7551600229926407,25,9383,5619,6245,2757,1477,24,4141,2773,2136,884,306
quality_4_6_scatter_1,scatter,ring,6,full,line25,229,d2253d7e8b255ea8741dbb3ca49477049cc016e8e199c3293d8d0370a350e671,24,11,0.7541617290116847,25,9701,5794,6056,2615,1449,24,4141,2773,2136,884,306
quality_4_6_scatter_1,scatter,ring,6,full,line25,233,d2253d7e8b255ea8741dbb3ca49477049cc016e8e199c3293d8d0370a350e671,24,11,0.7549373861402273,25,9751,5817,6154,2785,1507,24,4141,2773,2136,884,306
quality_4_6_scatter_1,scatter,ring,6,full,grid25,211,d2253d7e8b255ea8741dbb3ca49477049cc016e8e199c3293d8d0370a350e671,24,11,0.612832578830421,25,6438,4010,4262,2545,1345,24,4141,2773,2136,884,306
quality_4_6_scatter_1,scatter,ring,6,full,grid25,223,d2253d7e8b255ea8741dbb3ca49477049cc016e8e199c3293d8d0370a350e671,24,11,0.6115515539422631,25,6276,3916,4312,2724,1365,24,4141,2773,2136,884,306
quality_4_6_scatter_1,scatter,ring,6,full,grid25,227,d2253d7e8b255ea8741dbb3ca49477049cc016e8e199c3293d8d0370a350e671,24,11,0.609071115963161,25,6472,4023,4267,2664,1352,24,4141,2773,2136,884,306
quality_4_6_scatter_1,scatter,ring,6,full,grid25,229,d2253d7e8b255ea8741dbb3ca49477049cc016e8e199c3293d8d0370a350e671,24,11,0.6076993588358164,25,6496,4037,4287,2689,1451,24,4141,2773,2136,884,306
quality_4_6_scatter_1,scatter,ring,6,full,grid25,233,d2253d7e8b255ea8741dbb3ca49477049cc016e8e199c3293d8d0370a350e671,24,11,0.6131331939250231,25,6424,3999,4331,2763,1401,24,4141,2773,2136,884,306
quality_4_6_scatter_1,scatter,ring,7,full,sherbrooke,211,ba6746699fb478700562dab32e4718599e688dcfeacfaa57e781e9df1bbc6a63,24,13,14.814845929853618,127,39065,23377,6449,8239,1874,24,4861,3265,2544,1036,360
quality_4_6_scatter_1,scatter,ring,7,full,sherbrooke,223,ba6746699fb478700562dab32e4718599e688dcfeacfaa57e781e9df1bbc6a63,24,13,14.370927842799574,127,38159,22920,6318,6906,1605,24,4861,3265,2544,1036,360
quality_4_6_scatter_1,scatter,ring,7,full,sherbrooke,227,ba6746699fb478700562dab32e4718599e688dcfeacfaa57e781e9df1bbc6a63,24,13,15.654783307109028,127,39381,23658,6392,7685,1739,24,4861,3265,2544,1036,360
quality_4_6_scatter_1,scatter,ring,7,full,sherbrooke,229,ba6746699fb478700562dab32e4718599e688dcfeacfaa57e781e9df1bbc6a63,24,13,16.25025901105255,127,38432,22949,6340,7419,1714,24,4861,3265,2544,1036,360
quality_4_6_scatter_1,scatter,ring,7,full,sherbrooke,233,ba6746699fb478700562dab32e4718599e688dcfeacfaa57e781e9df1bbc6a63,24,13,17.51170796714723,127,38179,22892,6247,7919,1820,24,4861,3265,2544,1036,360
quality_4_6_scatter_1,scatter,ring,7,full,line25,211,ba6746699fb478700562dab32e4718599e688dcfeacfaa57e781e9df1bbc6a63,24,13,0.893056477420032,25,11840,7044,7326,3107,1646,24,4861,3265,2544,1036,360
quality_4_6_scatter_1,scatter,ring,7,full,line25,223,ba6746699fb478700562dab32e4718599e688dcfeacfaa57e781e9df1bbc6a63,24,13,0.8898329241201282,25,11295,6756,7366,3032,1675,24,4861,3265,2544,1036,360
quality_4_6_scatter_1,scatter,ring,7,full,line25,227,ba6746699fb478700562dab32e4718599e688dcfeacfaa57e781e9df1bbc6a63,24,13,0.890740348957479,25,11914,7088,7321,3235,1758,24,4861,3265,2544,1036,360
quality_4_6_scatter_1,scatter,ring,7,full,line25,229,ba6746699fb478700562dab32e4718599e688dcfeacfaa57e781e9df1bbc6a63,24,13,0.8934726789593697,25,11864,7064,7335,3135,1637,24,4861,3265,2544,1036,360
quality_4_6_scatter_1,scatter,ring,7,full,line25,233,ba6746699fb478700562dab32e4718599e688dcfeacfaa57e781e9df1bbc6a63,24,13,0.8862037579528987,25,11959,7116,7255,3265,1707,24,4861,3265,2544,1036,360
quality_4_6_scatter_1,scatter,ring,7,full,grid25,211,ba6746699fb478700562dab32e4718599e688dcfeacfaa57e781e9df1bbc6a63,24,13,0.7191912475973368,25,7625,4748,5192,3323,1694,24,4861,3265,2544,1036,360
quality_4_6_scatter_1,scatter,ring,7,full,grid25,223,ba6746699fb478700562dab32e4718599e688dcfeacfaa57e781e9df1bbc6a63,24,13,0.7213004198856652,25,7465,4658,5242,3134,1609,24,4861,3265,2544,1036,360
quality_4_6_scatter_1,scatter,ring,7,full,grid25,227,ba6746699fb478700562dab32e4718599e688dcfeacfaa57e781e9df1bbc6a63,24,13,0.714677763171494,25,7491,4678,5146,3469,1766,24,4861,3265,2544,1036,360
quality_4_6_scatter_1,scatter,ring,7,full,grid25,229,ba6746699fb478700562dab32e4718599e688dcfeacfaa57e781e9df1bbc6a63,24,13,0.7199794980697334,25,7543,4706,5175,3331,1692,24,4861,3265,2544,1036,360
quality_4_6_scatter_1,scatter,ring,7,full,grid25,233,ba6746699fb478700562dab32e4718599e688dcfeacfaa57e781e9df1bbc6a63,24,13,0.720803436357528,25,7727,4804,5188,3160,1604,24,4861,3265,2544,1036,360
quality_4_6_scatter_1,scatter,ring,8,full,sherbrooke,211,147b7048bebd5bc4d8d96fdd71b0dfe179a3c55b53aa68f23446131dc1164546,24,15,19.48813681397587,127,44278,26570,7248,9071,2052,24,5581,3757,2952,1188,414
quality_4_6_scatter_1,scatter,ring,8,full,sherbrooke,223,147b7048bebd5bc4d8d96fdd71b0dfe179a3c55b53aa68f23446131dc1164546,24,15,21.150305095128715,127,44578,26788,7239,8576,1886,24,5581,3757,2952,1188,414
quality_4_6_scatter_1,scatter,ring,8,full,sherbrooke,227,147b7048bebd5bc4d8d96fdd71b0dfe179a3c55b53aa68f23446131dc1164546,24,15,21.395078031346202,127,46187,27611,7605,9903,2142,24,5581,3757,2952,1188,414
quality_4_6_scatter_1,scatter,ring,8,full,sherbrooke,229,147b7048bebd5bc4d8d96fdd71b0dfe179a3c55b53aa68f23446131dc1164546,24,15,20.584053029771894,127,46185,27711,7546,9701,2183,24,5581,3757,2952,1188,414
quality_4_6_scatter_1,scatter,ring,8,full,sherbrooke,233,147b7048bebd5bc4d8d96fdd71b0dfe179a3c55b53aa68f23446131dc1164546,24,15,21.62516022892669,127,44209,26488,7331,8753,2022,24,5581,3757,2952,1188,414
quality_4_6_scatter_1,scatter,ring,8,full,line25,211,147b7048bebd5bc4d8d96fdd71b0dfe179a3c55b53aa68f23446131dc1164546,24,15,1.0640335129573941,25,13279,7929,8539,3488,1922,24,5581,3757,2952,1188,414
quality_4_6_scatter_1,scatter,ring,8,full,line25,223,147b7048bebd5bc4d8d96fdd71b0dfe179a3c55b53aa68f23446131dc1164546,24,15,1.0589187182486057,25,13106,7829,8748,3692,2009,24,5581,3757,2952,1188,414
quality_4_6_scatter_1,scatter,ring,8,full,line25,227,147b7048bebd5bc4d8d96fdd71b0dfe179a3c55b53aa68f23446131dc1164546,24,15,1.064376155845821,25,13205,7891,8639,3641,2045,24,5581,3757,2952,1188,414
quality_4_6_scatter_1,scatter,ring,8,full,line25,229,147b7048bebd5bc4d8d96fdd71b0dfe179a3c55b53aa68f23446131dc1164546,24,15,1.0582864601165056,25,12974,7761,8750,3529,1846,24,5581,3757,2952,1188,414
quality_4_6_scatter_1,scatter,ring,8,full,line25,233,147b7048bebd5bc4d8d96fdd71b0dfe179a3c55b53aa68f23446131dc1164546,24,15,1.0680342260748148,25,13394,8002,8630,3626,1946,24,5581,3757,2952,1188,414
quality_4_6_scatter_1,scatter,ring,8,full,grid25,211,147b7048bebd5bc4d8d96fdd71b0dfe179a3c55b53aa68f23446131dc1164546,24,15,0.8583542108535767,25,8503,5320,6073,3768,2056,24,5581,3757,2952,1188,414
quality_4_6_scatter_1,scatter,ring,8,full,grid25,223,147b7048bebd5bc4d8d96fdd71b0dfe179a3c55b53aa68f23446131dc1164546,24,15,0.8607525951229036,25,8681,5419,6077,3594,1876,24,5581,3757,2952,1188,414
quality_4_6_scatter_1,scatter,ring,8,full,grid25,227,147b7048bebd5bc4d8d96fdd71b0dfe179a3c55b53aa68f23446131dc1164546,24,15,0.8659918932244182,25,8727,5446,6046,3760,1953,24,5581,3757,2952,1188,414
quality_4_6_scatter_1,scatter,ring,8,full,grid25,229,147b7048bebd5bc4d8d96fdd71b0dfe179a3c55b53aa68f23446131dc1164546,24,15,0.8591727078892291,25,8636,5393,6133,3891,2012,24,5581,3757,2952,1188,414
quality_4_6_scatter_1,scatter,ring,8,full,grid25,233,147b7048bebd5bc4d8d96fdd71b0dfe179a3c55b53aa68f23446131dc1164546,24,15,0.8572064363397658,25,8394,5253,6134,3527,1932,24,5581,3757,2952,1188,414
quality_4_6_scatter_1,scatter,ring,9,full,sherbrooke,211,80df6a5f493a759f065aeb2e24b3de146531960c0a9617716edf439d9e99a4d5,24,17,26.883035796228796,127,50478,30218,8441,9582,2248,24,6301,4249,3360,1340,468
quality_4_6_scatter_1,scatter,ring,9,full,sherbrooke,223,80df6a5f493a759f065aeb2e24b3de146531960c0a9617716edf439d9e99a4d5,24,17,25.93665153486654,127,50949,30477,8478,10202,2287,24,6301,4249,3360,1340,468
quality_4_6_scatter_1,scatter,ring,9,full,sherbrooke,227,80df6a5f493a759f065aeb2e24b3de146531960c0a9617716edf439d9e99a4d5,24,17,29.818891507107764,127,53410,32010,8724,11120,2460,24,6301,4249,3360,1340,468
quality_4_6_scatter_1,scatter,ring,9,full,sherbrooke,229,80df6a5f493a759f065aeb2e24b3de146531960c0a9617716edf439d9e99a4d5,24,17,27.148847971111536,127,51616,30871,8660,9348,2170,24,6301,4249,3360,1340,468
quality_4_6_scatter_1,scatter,ring,9,full,sherbrooke,233,80df6a5f493a759f065aeb2e24b3de146531960c0a9617716edf439d9e99a4d5,24,17,26.895203426014632,127,51054,30656,8446,9773,2183,24,6301,4249,3360,1340,468
quality_4_6_scatter_1,scatter,ring,9,full,line25,211,80df6a5f493a759f065aeb2e24b3de146531960c0a9617716edf439d9e99a4d5,24,17,1.2037618970498443,25,15404,9187,9911,4293,2282,24,6301,4249,3360,1340,468
quality_4_6_scatter_1,scatter,ring,9,full,line25,223,80df6a5f493a759f065aeb2e24b3de146531960c0a9617716edf439d9e99a4d5,24,17,1.201571824029088,25,15126,9031,9897,4247,2270,24,6301,4249,3360,1340,468
quality_4_6_scatter_1,scatter,ring,9,full,line25,227,80df6a5f493a759f065aeb2e24b3de146531960c0a9617716edf439d9e99a4d5,24,17,1.1941564790904522,25,14909,8912,9991,4088,2213,24,6301,4249,3360,1340,468
quality_4_6_scatter_1,scatter,ring,9,full,line25,229,80df6a5f493a759f065aeb2e24b3de146531960c0a9617716edf439d9e99a4d5,24,17,1.1950124856084585,25,15033,8986,9982,4160,2273,24,6301,4249,3360,1340,468
quality_4_6_scatter_1,scatter,ring,9,full,line25,233,80df6a5f493a759f065aeb2e24b3de146531960c0a9617716edf439d9e99a4d5,24,17,1.1927514099515975,25,15613,9304,9584,4170,2199,24,6301,4249,3360,1340,468
quality_4_6_scatter_1,scatter,ring,9,full,grid25,211,80df6a5f493a759f065aeb2e24b3de146531960c0a9617716edf439d9e99a4d5,24,17,0.9706483562476933,25,9708,6066,6941,4038,2172,24,6301,4249,3360,1340,468
quality_4_6_scatter_1,scatter,ring,9,full,grid25,223,80df6a5f493a759f065aeb2e24b3de146531960c0a9617716edf439d9e99a4d5,24,17,0.9691312578506768,25,9999,6232,6949,4350,2324,24,6301,4249,3360,1340,468
quality_4_6_scatter_1,scatter,ring,9,full,grid25,227,80df6a5f493a759f065aeb2e24b3de146531960c0a9617716edf439d9e99a4d5,24,17,0.9678503018803895,25,9562,5993,7044,4404,2296,24,6301,4249,3360,1340,468
quality_4_6_scatter_1,scatter,ring,9,full,grid25,229,80df6a5f493a759f065aeb2e24b3de146531960c0a9617716edf439d9e99a4d5,24,17,0.9692434277385473,25,10423,6470,6826,4354,2195,24,6301,4249,3360,1340,468
quality_4_6_scatter_1,scatter,ring,9,full,grid25,233,80df6a5f493a759f065aeb2e24b3de146531960c0a9617716edf439d9e99a4d5,24,17,0.9700554120354354,25,10127,6298,6918,4553,2264,24,6301,4249,3360,1340,468
quality_4_6_scatter_1,scatter,ring,10,full,sherbrooke,211,d19ef5994f35d8878fb1042456ac37160f2df78d9207eb872fa855e71f3f3ad2,24,19,32.429213400930166,127,57661,34456,9665,11109,2526,24,7021,4741,3768,1492,522
quality_4_6_scatter_1,scatter,ring,10,full,sherbrooke,223,d19ef5994f35d8878fb1042456ac37160f2df78d9207eb872fa855e71f3f3ad2,24,19,34.40655433991924,127,58593,35165,9583,10780,2448,24,7021,4741,3768,1492,522
quality_4_6_scatter_1,scatter,ring,10,full,sherbrooke,227,d19ef5994f35d8878fb1042456ac37160f2df78d9207eb872fa855e71f3f3ad2,24,19,36.14281982788816,127,59736,35953,9546,11938,2573,24,7021,4741,3768,1492,522
quality_4_6_scatter_1,scatter,ring,10,full,sherbrooke,229,d19ef5994f35d8878fb1042456ac37160f2df78d9207eb872fa855e71f3f3ad2,24,19,36.5340384519659,127,58332,34907,9704,11612,2660,24,7021,4741,3768,1492,522
quality_4_6_scatter_1,scatter,ring,10,full,sherbrooke,233,d19ef5994f35d8878fb1042456ac37160f2df78d9207eb872fa855e71f3f3ad2,24,19,36.68547471193597,127,58783,35224,9659,11337,2600,24,7021,4741,3768,1492,522
quality_4_6_scatter_1,scatter,ring,10,full,line25,211,d19ef5994f35d8878fb1042456ac37160f2df78d9207eb872fa855e71f3f3ad2,24,19,1.3647764828056097,25,16932,10117,11221,4852,2509,24,7021,4741,3768,1492,522
quality_4_6_scatter_1,scatter,ring,10,full,line25,223,d19ef5994f35d8878fb1042456ac37160f2df78d9207eb872fa855e71f3f3ad2,24,19,1.3606852698139846,25,16657,9968,11168,4433,2423,24,7021,4741,3768,1492,522
quality_4_6_scatter_1,scatter,ring,10,full,line25,227,d19ef5994f35d8878fb1042456ac37160f2df78d9207eb872fa855e71f3f3ad2,24,19,1.3610861729830503,25,16905,10098,11195,4586,2506,24,7021,4741,3768,1492,522
quality_4_6_scatter_1,scatter,ring,10,full,line25,229,d19ef5994f35d8878fb1042456ac37160f2df78d9207eb872fa855e71f3f3ad2,24,19,1.3596782092936337,25,17082,10201,11167,4406,2478,24,7021,4741,3768,1492,522
quality_4_6_scatter_1,scatter,ring,10,full,line25,233,d19ef5994f35d8878fb1042456ac37160f2df78d9207eb872fa855e71f3f3ad2,24,19,1.3636504388414323,25,16420,9831,11261,4544,2479,24,7021,4741,3768,1492,522
quality_4_6_scatter_1,scatter,ring,10,full,grid25,211,d19ef5994f35d8878fb1042456ac37160f2df78d9207eb872fa855e71f3f3ad2,24,19,1.0962068000808358,25,10838,6784,7907,4794,2507,24,7021,4741,3768,1492,522
quality_4_6_scatter_1,scatter,ring,10,full,grid25,223,d19ef5994f35d8878fb1042456ac37160f2df78d9207eb872fa855e71f3f3ad2,24,19,1.0957853090949357,25,10859,6797,7835,4700,2439,24,7021,4741,3768,1492,522
quality_4_6_scatter_1,scatter,ring,10,full,grid25,227,d19ef5994f35d8878fb1042456ac37160f2df78d9207eb872fa855e71f3f3ad2,24,19,1.0955319739878178,25,10842,6794,7891,4668,2424,24,7021,4741,3768,1492,522
quality_4_6_scatter_1,scatter,ring,10,full,grid25,229,d19ef5994f35d8878fb1042456ac37160f2df78d9207eb872fa855e71f3f3ad2,24,19,1.0979013219475746,25,11203,6979,7734,4356,2347,24,7021,4741,3768,1492,522
quality_4_6_scatter_1,scatter,ring,10,full,grid25,233,d19ef5994f35d8878fb1042456ac37160f2df78d9207eb872fa855e71f3f3ad2,24,19,1.1961631970480084,25,10746,6731,7945,4953,2583,24,7021,4741,3768,1492,522
quality_4_6_scatter_1,scatter,ring,11,full,sherbrooke,211,1e275cbaf24a3c3d0b2db4e81419aab3a2625099c90d25dd5e9bc5c3acc0d31f,24,21,41.9227099576965,127,64785,38809,10819,13521,3068,24,7741,5233,4176,1644,576
quality_4_6_scatter_1,scatter,ring,11,full,sherbrooke,223,1e275cbaf24a3c3d0b2db4e81419aab3a2625099c90d25dd5e9bc5c3acc0d31f,24,21,38.98194047994912,127,64002,38256,10655,13280,2947,24,7741,5233,4176,1644,576
quality_4_6_scatter_1,scatter,ring,11,full,sherbrooke,227,1e275cbaf24a3c3d0b2db4e81419aab3a2625099c90d25dd5e9bc5c3acc0d31f,24,21,40.881598751060665,127,65577,39435,10798,13197,2970,24,7741,5233,4176,1644,576
quality_4_6_scatter_1,scatter,ring,11,full,sherbrooke,229,1e275cbaf24a3c3d0b2db4e81419aab3a2625099c90d25dd5e9bc5c3acc0d31f,24,21,40.870857659727335,127,65879,39736,10510,13412,2882,24,7741,5233,4176,1644,576
quality_4_6_scatter_1,scatter,ring,11,full,sherbrooke,233,1e275cbaf24a3c3d0b2db4e81419aab3a2625099c90d25dd5e9bc5c3acc0d31f,24,21,41.947445468977094,127,63472,37917,10539,12098,2795,24,7741,5233,4176,1644,576
quality_4_6_scatter_1,scatter,ring,11,full,line25,211,1e275cbaf24a3c3d0b2db4e81419aab3a2625099c90d25dd5e9bc5c3acc0d31f,24,21,1.5194029547274113,25,18730,11187,12266,5012,2653,24,7741,5233,4176,1644,576
quality_4_6_scatter_1,scatter,ring,11,full,line25,223,1e275cbaf24a3c3d0b2db4e81419aab3a2625099c90d25dd5e9bc5c3acc0d31f,24,21,1.5104799680411816,25,17984,10777,12485,4859,2704,24,7741,5233,4176,1644,576
quality_4_6_scatter_1,scatter,ring,11,full,line25,227,1e275cbaf24a3c3d0b2db4e81419aab3a2625099c90d25dd5e9bc5c3acc0d31f,24,21,1.5167387719266117,25,18359,10987,12510,5344,2905,24,7741,5233,4176,1644,576
quality_4_6_scatter_1,scatter,ring,11,full,line25,229,1e275cbaf24a3c3d0b2db4e81419aab3a2625099c90d25dd5e9bc5c3acc0d31f,24,21,1.522927783895284,25,18720,11181,12582,5346,2956,24,7741,5233,4176,1644,576
quality_4_6_scatter_1,scatter,ring,11,full,line25,233,1e275cbaf24a3c3d0b2db4e81419aab3a2625099c90d25dd5e9bc5c3acc0d31f,24,21,1.5185885149985552,25,18587,11119,12501,5213,2821,24,7741,5233,4176,1644,576
quality_4_6_scatter_1,scatter,ring,11,full,grid25,211,1e275cbaf24a3c3d0b2db4e81419aab3a2625099c90d25dd5e9bc5c3acc0d31f,24,21,1.217812251765281,25,12268,7657,8656,5370,2777,24,7741,5233,4176,1644,576
quality_4_6_scatter_1,scatter,ring,11,full,grid25,223,1e275cbaf24a3c3d0b2db4e81419aab3a2625099c90d25dd5e9bc5c3acc0d31f,24,21,1.219768445007503,25,11940,7483,8747,5242,2715,24,7741,5233,4176,1644,576
quality_4_6_scatter_1,scatter,ring,11,full,grid25,227,1e275cbaf24a3c3d0b2db4e81419aab3a2625099c90d25dd5e9bc5c3acc0d31f,24,21,1.2212790315970778,25,12042,7534,8705,5361,2867,24,7741,5233,4176,1644,576
quality_4_6_scatter_1,scatter,ring,11,full,grid25,229,1e275cbaf24a3c3d0b2db4e81419aab3a2625099c90d25dd5e9bc5c3acc0d31f,24,21,1.3236615443602204,25,11904,7449,8760,5416,2780,24,7741,5233,4176,1644,576
quality_4_6_scatter_1,scatter,ring,11,full,grid25,233,1e275cbaf24a3c3d0b2db4e81419aab3a2625099c90d25dd5e9bc5c3acc0d31f,24,21,1.226699790917337,25,11892,7459,8777,5390,2804,24,7741,5233,4176,1644,576
quality_4_6_scatter_1,scatter,ring,12,full,sherbrooke,211,f3485dbe7c9638dd160c82ea521cb6d12518c4f11a20ea35f99fdc61886ecea7,24,23,47.917619050014764,127,70010,41967,11642,12651,2936,24,8461,5725,4584,1796,630
quality_4_6_scatter_1,scatter,ring,12,full,sherbrooke,223,f3485dbe7c9638dd160c82ea521cb6d12518c4f11a20ea35f99fdc61886ecea7,24,23,50.835681105963886,127,70640,42173,11782,13711,3162,24,8461,5725,4584,1796,630
quality_4_6_scatter_1,scatter,ring,12,full,sherbrooke,227,f3485dbe7c9638dd160c82ea521cb6d12518c4f11a20ea35f99fdc61886ecea7,24,23,50.71003612782806,127,72299,43399,11895,14746,3357,24,8461,5725,4584,1796,630
quality_4_6_scatter_1,scatter,ring,12,full,sherbrooke,229,f3485dbe7c9638dd160c82ea521cb6d12518c4f11a20ea35f99fdc61886ecea7,24,23,52.15939185209572,127,70886,42387,11752,13917,3235,24,8461,5725,4584,1796,630
quality_4_6_scatter_1,scatter,ring,12,full,sherbrooke,233,f3485dbe7c9638dd160c82ea521cb6d12518c4f11a20ea35f99fdc61886ecea7,24,23,54.029750341083854,127,71713,43004,11796,14794,3345,24,8461,5725,4584,1796,630
quality_4_6_scatter_1,scatter,ring,12,full,line25,211,f3485dbe7c9638dd160c82ea521cb6d12518c4f11a20ea35f99fdc61886ecea7,24,23,1.7452914672903717,25,20398,12198,13788,5877,3218,24,8461,5725,4584,1796,630
quality_4_6_scatter_1,scatter,ring,12,full,line25,223,f3485dbe7c9638dd160c82ea521cb6d12518c4f11a20ea35f99fdc61886ecea7,24,23,1.7344108237884939,25,20615,12320,13747,5913,3332,24,8461,5725,4584,1796,630
quality_4_6_scatter_1,scatter,ring,12,full,line25,227,f3485dbe7c9638dd160c82ea521cb6d12518c4f11a20ea35f99fdc61886ecea7,24,23,1.7234713919460773,25,19948,11959,13660,5641,3209,24,8461,5725,4584,1796,630
quality_4_6_scatter_1,scatter,ring,12,full,line25,229,f3485dbe7c9638dd160c82ea521cb6d12518c4f11a20ea35f99fdc61886ecea7,24,23,1.7380743040703237,25,20497,12254,13789,5660,3082,24,8461,5725,4584,1796,630
quality_4_6_scatter_1,scatter,ring,12,full,line25,233,f3485dbe7c9638dd160c82ea521cb6d12518c4f11a20ea35f99fdc61886ecea7,24,23,1.9589034663513303,25,20890,12473,13377,5704,3194,24,8461,5725,4584,1796,630
quality_4_6_scatter_1,scatter,ring,12,full,grid25,211,f3485dbe7c9638dd160c82ea521cb6d12518c4f11a20ea35f99fdc61886ecea7,24,23,1.4004530203528702,25,13112,8224,9639,6017,3201,24,8461,5725,4584,1796,630
quality_4_6_scatter_1,scatter,ring,12,full,grid25,223,f3485dbe7c9638dd160c82ea521cb6d12518c4f11a20ea35f99fdc61886ecea7,24,23,1.3857696768827736,25,13098,8208,9646,6013,3255,24,8461,5725,4584,1796,630
quality_4_6_scatter_1,scatter,ring,12,full,grid25,227,f3485dbe7c9638dd160c82ea521cb6d12518c4f11a20ea35f99fdc61886ecea7,24,23,1.3850271520204842,25,13305,8318,9603,5586,2963,24,8461,5725,4584,1796,630
quality_4_6_scatter_1,scatter,ring,12,full,grid25,229,f3485dbe7c9638dd160c82ea521cb6d12518c4f11a20ea35f99fdc61886ecea7,24,23,1.3835056540556252,25,13360,8351,9564,5746,2996,24,8461,5725,4584,1796,630
quality_4_6_scatter_1,scatter,ring,12,full,grid25,233,f3485dbe7c9638dd160c82ea521cb6d12518c4f11a20ea35f99fdc61886ecea7,24,23,1.3799100830219686,25,13384,8356,9532,6037,3193,24,8461,5725,4584,1796,630
quality_4_6_scatter_2,scatter,serial,3,full,sherbrooke,211,9f41c22ee8e2e744d45567f3a0ada20135662c6f66fdadddbaaaf00142947ecf,19,5,4.086729770060629,127,18410,10799,3286,8775,2116,19,1493,1191,1133,1442,842
quality_4_6_scatter_2,scatter,serial,3,full,sherbrooke,223,9f41c22ee8e2e744d45567f3a0ada20135662c6f66fdadddbaaaf00142947ecf,19,5,4.003299086820334,127,18553,10818,3340,9048,2164,19,1493,1191,1133,1442,842
quality_4_6_scatter_2,scatter,serial,3,full,sherbrooke,227,9f41c22ee8e2e744d45567f3a0ada20135662c6f66fdadddbaaaf00142947ecf,19,5,3.782646876759827,127,18410,10729,3337,8995,2141,19,1493,1191,1133,1442,842
quality_4_6_scatter_2,scatter,serial,3,full,sherbrooke,229,9f41c22ee8e2e744d45567f3a0ada20135662c6f66fdadddbaaaf00142947ecf,19,5,3.9708936531096697,127,18863,10992,3411,9521,2292,19,1493,1191,1133,1442,842
quality_4_6_scatter_2,scatter,serial,3,full,sherbrooke,233,9f41c22ee8e2e744d45567f3a0ada20135662c6f66fdadddbaaaf00142947ecf,19,5,3.925272470805794,127,18738,10985,3336,9304,2227,19,1493,1191,1133,1442,842
quality_4_6_scatter_2,scatter,serial,3,full,line25,211,9f41c22ee8e2e744d45567f3a0ada20135662c6f66fdadddbaaaf00142947ecf,19,5,0.33101554913446307,25,2942,1976,3820,3533,2376,19,1493,1191,1133,1442,842
quality_4_6_scatter_2,scatter,serial,3,full,line25,223,9f41c22ee8e2e744d45567f3a0ada20135662c6f66fdadddbaaaf00142947ecf,19,5,0.3292493219487369,25,3073,2045,3787,3458,2307,19,1493,1191,1133,1442,842
quality_4_6_scatter_2,scatter,serial,3,full,line25,227,9f41c22ee8e2e744d45567f3a0ada20135662c6f66fdadddbaaaf00142947ecf,19,5,0.32448594784364104,25,3044,2026,3762,3494,2337,19,1493,1191,1133,1442,842
quality_4_6_scatter_2,scatter,serial,3,full,line25,229,9f41c22ee8e2e744d45567f3a0ada20135662c6f66fdadddbaaaf00142947ecf,19,5,0.32764334604144096,25,2896,1957,3832,3565,2394,19,1493,1191,1133,1442,842
quality_4_6_scatter_2,scatter,serial,3,full,line25,233,9f41c22ee8e2e744d45567f3a0ada20135662c6f66fdadddbaaaf00142947ecf,19,5,0.3300362001173198,25,3028,2023,3810,3508,2368,19,1493,1191,1133,1442,842
quality_4_6_scatter_2,scatter,serial,3,full,grid25,211,9f41c22ee8e2e744d45567f3a0ada20135662c6f66fdadddbaaaf00142947ecf,19,5,0.21244910499081016,25,2243,1593,2412,2599,1655,19,1493,1191,1133,1442,842
quality_4_6_scatter_2,scatter,serial,3,full,grid25,223,9f41c22ee8e2e744d45567f3a0ada20135662c6f66fdadddbaaaf00142947ecf,19,5,0.2129915631376207,25,2164,1558,2470,2657,1713,19,1493,1191,1133,1442,842
quality_4_6_scatter_2,scatter,serial,3,full,grid25,227,9f41c22ee8e2e744d45567f3a0ada20135662c6f66fdadddbaaaf00142947ecf,19,5,0.21306519210338593,25,2159,1549,2452,2549,1668,19,1493,1191,1133,1442,842
quality_4_6_scatter_2,scatter,serial,3,full,grid25,229,9f41c22ee8e2e744d45567f3a0ada20135662c6f66fdadddbaaaf00142947ecf,19,5,0.23368613608181477,25,2230,1580,2435,2607,1657,19,1493,1191,1133,1442,842
quality_4_6_scatter_2,scatter,serial,3,full,grid25,233,9f41c22ee8e2e744d45567f3a0ada20135662c6f66fdadddbaaaf00142947ecf,19,5,0.23434665566310287,25,2240,1591,2410,2580,1652,19,1493,1191,1133,1442,842
quality_4_6_scatter_2,scatter,complete,1,full,sherbrooke,211,aae165753d937b992a7708901704bdf8cdd0216fb08ce8d78bf3615d69d69abe,24,1,0.23764483910053968,127,2423,1485,324,664,117,24,1081,637,240,147,36
quality_4_6_scatter_2,scatter,complete,1,full,sherbrooke,223,aae165753d937b992a7708901704bdf8cdd0216fb08ce8d78bf3615d69d69abe,24,1,0.059761235024780035,127,2547,1557,328,394,68,24,1081,637,240,147,36
quality_4_6_scatter_2,scatter,complete,1,full,sherbrooke,227,aae165753d937b992a7708901704bdf8cdd0216fb08ce8d78bf3615d69d69abe,24,1,0.06341515574604273,127,2467,1516,314,391,67,24,1081,637,240,147,36
quality_4_6_scatter_2,scatter,complete,1,full,sherbrooke,229,aae165753d937b992a7708901704bdf8cdd0216fb08ce8d78bf3615d69d69abe,24,1,0.07849672762677073,127,2512,1529,320,416,70,24,1081,637,240,147,36
quality_4_6_scatter_2,scatter,complete,1,full,sherbrooke,233,aae165753d937b992a7708901704bdf8cdd0216fb08ce8d78bf3615d69d69abe,24,1,0.08084040926769376,127,2374,1461,311,374,59,24,1081,637,240,147,36
quality_4_6_scatter_2,scatter,complete,1,full,line25,211,aae165753d937b992a7708901704bdf8cdd0216fb08ce8d78bf3615d69d69abe,24,1,0.04085255600512028,25,1501,861,300,185,47,24,1081,637,240,147,36
quality_4_6_scatter_2,scatter,complete,1,full,line25,223,aae165753d937b992a7708901704bdf8cdd0216fb08ce8d78bf3615d69d69abe,24,1,0.039938659872859716,25,1491,856,306,188,52,24,1081,637,240,147,36
quality_4_6_scatter_2,scatter,complete,1,full,line25,227,aae165753d937b992a7708901704bdf8cdd0216fb08ce8d78bf3615d69d69abe,24,1,0.04029419831931591,25,1440,828,324,205,58,24,1081,637,240,147,36
quality_4_6_scatter_2,scatter,complete,1,full,line25,229,aae165753d937b992a7708901704bdf8cdd0216fb08ce8d78bf3615d69d69abe,24,1,0.0402773367241025,25,1481,851,312,188,52,24,1081,637,240,147,36
quality_4_6_scatter_2,scatter,complete,1,full,line25,233,aae165753d937b992a7708901704bdf8cdd0216fb08ce8d78bf3615d69d69abe,24,1,0.03981901565566659,25,1463,840,318,198,55,24,1081,637,240,147,36
quality_4_6_scatter_2,scatter,complete,1,full,grid25,211,aae165753d937b992a7708901704bdf8cdd0216fb08ce8d78bf3615d69d69abe,24,1,0.04132689721882343,25,1261,726,293,207,60,24,1081,637,240,147,36
quality_4_6_scatter_2,scatter,complete,1,full,grid25,223,aae165753d937b992a7708901704bdf8cdd0216fb08ce8d78bf3615d69d69abe,24,1,0.040294477716088295,25,1274,734,297,217,63,24,1081,637,240,147,36
quality_4_6_scatter_2,scatter,complete,1,full,grid25,227,aae165753d937b992a7708901704bdf8cdd0216fb08ce8d78bf3615d69d69abe,24,1,0.039639928843826056,25,1261,723,297,206,60,24,1081,637,240,147,36
quality_4_6_scatter_2,scatter,complete,1,full,grid25,229,aae165753d937b992a7708901704bdf8cdd0216fb08ce8d78bf3615d69d69abe,24,1,0.03997204313054681,25,1245,716,298,229,64,24,1081,637,240,147,36
quality_4_6_scatter_2,scatter,complete,1,full,grid25,233,aae165753d937b992a7708901704bdf8cdd0216fb08ce8d78bf3615d69d69abe,24,1,0.04010473191738129,25,1276,734,301,212,63,24,1081,637,240,147,36
quality_4_6_scatter_2,scatter,complete,2,full,sherbrooke,211,3b0e67d4668406c452500826a9b9a6b963dae30a4b45142f3810c4e3d453f5f9,24,3,1.5050862091593444,127,10997,6641,1686,2005,432,24,2401,1513,912,376,126
quality_4_6_scatter_2,scatter,complete,2,full,sherbrooke,223,3b0e67d4668406c452500826a9b9a6b963dae30a4b45142f3810c4e3d453f5f9,24,3,1.0985331991687417,127,10401,6327,1541,1824,379,24,2401,1513,912,376,126
quality_4_6_scatter_2,scatter,complete,2,full,sherbrooke,227,3b0e67d4668406c452500826a9b9a6b963dae30a4b45142f3810c4e3d453f5f9,24,3,1.1994569427333772,127,11381,6910,1685,2031,419,24,2401,1513,912,376,126
quality_4_6_scatter_2,scatter,complete,2,full,sherbrooke,229,3b0e67d4668406c452500826a9b9a6b963dae30a4b45142f3810c4e3d453f5f9,24,3,1.3201375072821975,127,10873,6630,1584,1753,355,24,2401,1513,912,376,126
quality_4_6_scatter_2,scatter,complete,2,full,sherbrooke,233,3b0e67d4668406c452500826a9b9a6b963dae30a4b45142f3810c4e3d453f5f9,24,3,1.318058593198657,127,10839,6570,1677,1779,398,24,2401,1513,912,376,126
quality_4_6_scatter_2,scatter,complete,2,full,line25,211,3b0e67d4668406c452500826a9b9a6b963dae30a4b45142f3810c4e3d453f5f9,24,3,0.1970458198338747,25,5232,3036,1501,778,314,24,2401,1513,912,376,126
quality_4_6_scatter_2,scatter,complete,2,full,line25,223,3b0e67d4668406c452500826a9b9a6b963dae30a4b45142f3810c4e3d453f5f9,24,3,0.19279116997495294,25,5084,2959,1521,771,310,24,2401,1513,912,376,126
quality_4_6_scatter_2,scatter,complete,2,full,line25,227,3b0e67d4668406c452500826a9b9a6b963dae30a4b45142f3810c4e3d453f5f9,24,3,0.18833250692114234,25,5010,2916,1519,781,319,24,2401,1513,912,376,126
quality_4_6_scatter_2,scatter,complete,2,full,line25,229,3b0e67d4668406c452500826a9b9a6b963dae30a4b45142f3810c4e3d453f5f9,24,3,0.19667979190126061,25,5174,3006,1525,797,317,24,2401,1513,912,376,126
quality_4_6_scatter_2,scatter,complete,2,full,line25,233,3b0e67d4668406c452500826a9b9a6b963dae30a4b45142f3810c4e3d453f5f9,24,3,0.18941147299483418,25,5261,3054,1507,780,303,24,2401,1513,912,376,126
quality_4_6_scatter_2,scatter,complete,2,full,grid25,211,3b0e67d4668406c452500826a9b9a6b963dae30a4b45142f3810c4e3d453f5f9,24,3,0.19526880187913775,25,3595,2139,1402,945,374,24,2401,1513,912,376,126
quality_4_6_scatter_2,scatter,complete,2,full,grid25,223,3b0e67d4668406c452500826a9b9a6b963dae30a4b45142f3810c4e3d453f5f9,24,3,0.19216806907206774,25,3388,2028,1408,889,369,24,2401,1513,912,376,126
quality_4_6_scatter_2,scatter,complete,2,full,grid25,227,3b0e67d4668406c452500826a9b9a6b963dae30a4b45142f3810c4e3d453f5f9,24,3,0.19064034102484584,25,3337,1995,1435,960,411,24,2401,1513,912,376,126
quality_4_6_scatter_2,scatter,complete,2,full,grid25,229,3b0e67d4668406c452500826a9b9a6b963dae30a4b45142f3810c4e3d453f5f9,24,3,0.1903938981704414,25,3240,1945,1413,968,414,24,2401,1513,912,376,126
quality_4_6_scatter_2,scatter,complete,2,full,grid25,233,3b0e67d4668406c452500826a9b9a6b963dae30a4b45142f3810c4e3d453f5f9,24,3,0.19482795475050807,25,3518,2096,1401,967,372,24,2401,1513,912,376,126
quality_4_6_scatter_2,scatter,complete,3,full,sherbrooke,211,42d5d0141cb8c3f2ae276d96de0ff93dd3974d5052a326495f2fe71f4707ea48,24,5,3.6732627260498703,127,19468,11810,2969,3400,741,24,3721,2389,1584,587,204
quality_4_6_scatter_2,scatter,complete,3,full,sherbrooke,223,42d5d0141cb8c3f2ae276d96de0ff93dd3974d5052a326495f2fe71f4707ea48,24,5,3.781303965020925,127,20332,12344,3150,3085,655,24,3721,2389,1584,587,204
quality_4_6_scatter_2,scatter,complete,3,full,sherbrooke,227,42d5d0141cb8c3f2ae276d96de0ff93dd3974d5052a326495f2fe71f4707ea48,24,5,4.5520323337987065,127,20428,12387,3075,3756,794,24,3721,2389,1584,587,204
quality_4_6_scatter_2,scatter,complete,3,full,sherbrooke,229,42d5d0141cb8c3f2ae276d96de0ff93dd3974d5052a326495f2fe71f4707ea48,24,5,4.207234223373234,127,20147,12204,3049,3151,659,24,3721,2389,1584,587,204
quality_4_6_scatter_2,scatter,complete,3,full,sherbrooke,233,42d5d0141cb8c3f2ae276d96de0ff93dd3974d5052a326495f2fe71f4707ea48,24,5,4.314531886018813,127,20578,12386,3222,3833,835,24,3721,2389,1584,587,204
quality_4_6_scatter_2,scatter,complete,3,full,line25,211,42d5d0141cb8c3f2ae276d96de0ff93dd3974d5052a326495f2fe71f4707ea48,24,5,0.3624808369204402,25,8921,5201,2764,1278,564,24,3721,2389,1584,587,204
quality_4_6_scatter_2,scatter,complete,3,full,line25,223,42d5d0141cb8c3f2ae276d96de0ff93dd3974d5052a326495f2fe71f4707ea48,24,5,0.35394578892737627,25,8878,5171,2767,1340,558,24,3721,2389,1584,587,204
quality_4_6_scatter_2,scatter,complete,3,full,line25,227,42d5d0141cb8c3f2ae276d96de0ff93dd3974d5052a326495f2fe71f4707ea48,24,5,0.3604350257664919,25,8949,5214,2794,1318,551,24,3721,2389,1584,587,204
quality_4_6_scatter_2,scatter,complete,3,full,line25,229,42d5d0141cb8c3f2ae276d96de0ff93dd3974d5052a326495f2fe71f4707ea48,24,5,0.35354065941646695,25,8656,5053,2769,1247,508,24,3721,2389,1584,587,204
quality_4_6_scatter_2,scatter,complete,3,full,line25,233,42d5d0141cb8c3f2ae276d96de0ff93dd3974d5052a326495f2fe71f4707ea48,24,5,0.35285135405138135,25,8669,5058,2821,1337,591,24,3721,2389,1584,587,204
quality_4_6_scatter_2,scatter,complete,3,full,grid25,211,42d5d0141cb8c3f2ae276d96de0ff93dd3974d5052a326495f2fe71f4707ea48,24,5,0.350782569963485,25,5344,3228,2546,1565,707,24,3721,2389,1584,587,204
quality_4_6_scatter_2,scatter,complete,3,full,grid25,223,42d5d0141cb8c3f2ae276d96de0ff93dd3974d5052a326495f2fe71f4707ea48,24,5,0.3536579287610948,25,5284,3202,2625,1887,757,24,3721,2389,1584,587,204
quality_4_6_scatter_2,scatter,complete,3,full,grid25,227,42d5d0141cb8c3f2ae276d96de0ff93dd3974d5052a326495f2fe71f4707ea48,24,5,0.35510410368442535,25,5403,3264,2591,1629,735,24,3721,2389,1584,587,204
quality_4_6_scatter_2,scatter,complete,3,full,grid25,229,42d5d0141cb8c3f2ae276d96de0ff93dd3974d5052a326495f2fe71f4707ea48,24,5,0.34977809293195605,25,5850,3513,2497,1358,598,24,3721,2389,1584,587,204
quality_4_6_scatter_2,scatter,complete,3,full,grid25,233,42d5d0141cb8c3f2ae276d96de0ff93dd3974d5052a326495f2fe71f4707ea48,24,5,0.35752056213095784,25,5365,3247,2602,1787,786,24,3721,2389,1584,587,204
quality_4_6_scatter_2,scatter,complete,4,full,sherbrooke,211,8aff538a3cf430e2a015788fe3313a83d711558b67893394af8f9e83c330382b,24,7,8.263060459401459,127,28813,17434,4476,5369,1155,24,5041,3265,2256,798,282
quality_4_6_scatter_2,scatter,complete,4,full,sherbrooke,223,8aff538a3cf430e2a015788fe3313a83d711558b67893394af8f9e83c330382b,24,7,8.494483195245266,127,29956,18142,4586,5960,1258,24,5041,3265,2256,798,282
quality_4_6_scatter_2,scatter,complete,4,full,sherbrooke,227,8aff538a3cf430e2a015788fe3313a83d711558b67893394af8f9e83c330382b,24,7,7.956750443670899,127,30380,18339,4726,5686,1180,24,5041,3265,2256,798,282
quality_4_6_scatter_2,scatter,complete,4,full,sherbrooke,229,8aff538a3cf430e2a015788fe3313a83d711558b67893394af8f9e83c330382b,24,7,8.239103861153126,127,29390,17837,4442,5143,1051,24,5041,3265,2256,798,282
quality_4_6_scatter_2,scatter,complete,4,full,sherbrooke,233,8aff538a3cf430e2a015788fe3313a83d711558b67893394af8f9e83c330382b,24,7,8.201054177712649,127,29126,17714,4354,4425,910,24,5041,3265,2256,798,282
quality_4_6_scatter_2,scatter,complete,4,full,line25,211,8aff538a3cf430e2a015788fe3313a83d711558b67893394af8f9e83c330382b,24,7,0.5291317491792142,25,12579,7343,4019,1775,761,24,5041,3265,2256,798,282
quality_4_6_scatter_2,scatter,complete,4,full,line25,223,8aff538a3cf430e2a015788fe3313a83d711558b67893394af8f9e83c330382b,24,7,0.5263749319128692,25,12416,7252,4052,1804,749,24,5041,3265,2256,798,282
quality_4_6_scatter_2,scatter,complete,4,full,line25,227,8aff538a3cf430e2a015788fe3313a83d711558b67893394af8f9e83c330382b,24,7,0.5282833552919328,25,12589,7343,4021,1788,783,24,5041,3265,2256,798,282
quality_4_6_scatter_2,scatter,complete,4,full,line25,229,8aff538a3cf430e2a015788fe3313a83d711558b67893394af8f9e83c330382b,24,7,0.5222373721189797,25,12567,7337,4081,1810,791,24,5041,3265,2256,798,282
quality_4_6_scatter_2,scatter,complete,4,full,line25,233,8aff538a3cf430e2a015788fe3313a83d711558b67893394af8f9e83c330382b,24,7,0.5346403429284692,25,12678,7387,4030,1848,783,24,5041,3265,2256,798,282
quality_4_6_scatter_2,scatter,complete,4,full,grid25,211,8aff538a3cf430e2a015788fe3313a83d711558b67893394af8f9e83c330382b,24,7,0.5238583562895656,25,7982,4825,3695,2571,1074,24,5041,3265,2256,798,282
quality_4_6_scatter_2,scatter,complete,4,full,grid25,223,8aff538a3cf430e2a015788fe3313a83d711558b67893394af8f9e83c330382b,24,7,0.5134413037449121,25,7710,4674,3699,2220,929,24,5041,3265,2256,798,282
quality_4_6_scatter_2,scatter,complete,4,full,grid25,227,8aff538a3cf430e2a015788fe3313a83d711558b67893394af8f9e83c330382b,24,7,0.5218030973337591,25,7777,4714,3746,2494,1113,24,5041,3265,2256,798,282
quality_4_6_scatter_2,scatter,complete,4,full,grid25,229,8aff538a3cf430e2a015788fe3313a83d711558b67893394af8f9e83c330382b,24,7,0.5221322341822088,25,7810,4719,3791,2403,1042,24,5041,3265,2256,798,282
quality_4_6_scatter_2,scatter,complete,4,full,grid25,233,8aff538a3cf430e2a015788fe3313a83d711558b67893394af8f9e83c330382b,24,7,0.5241145868785679,25,7478,4537,3825,2446,1094,24,5041,3265,2256,798,282
quality_4_6_scatter_2,scatter,complete,5,full,sherbrooke,211,3a9cd8799cf48e349b36bef41ca3684901843646971548631d3152abc774f9e9,24,9,13.683187915943563,127,40076,24222,6265,8397,1758,24,6361,4141,2928,1009,360
quality_4_6_scatter_2,scatter,complete,5,full,sherbrooke,223,3a9cd8799cf48e349b36bef41ca3684901843646971548631d3152abc774f9e9,24,9,13.470444599166512,127,37997,22951,5976,5935,1316,24,6361,4141,2928,1009,360
quality_4_6_scatter_2,scatter,complete,5,full,sherbrooke,227,3a9cd8799cf48e349b36bef41ca3684901843646971548631d3152abc774f9e9,24,9,14.185203393921256,127,38428,23167,6045,6281,1347,24,6361,4141,2928,1009,360
quality_4_6_scatter_2,scatter,complete,5,full,sherbrooke,229,3a9cd8799cf48e349b36bef41ca3684901843646971548631d3152abc774f9e9,24,9,14.235315098427236,127,38847,23482,6054,6536,1393,24,6361,4141,2928,1009,360
quality_4_6_scatter_2,scatter,complete,5,full,sherbrooke,233,3a9cd8799cf48e349b36bef41ca3684901843646971548631d3152abc774f9e9,24,9,15.433189860079437,127,38891,23506,6082,7078,1508,24,6361,4141,2928,1009,360
quality_4_6_scatter_2,scatter,complete,5,full,line25,211,3a9cd8799cf48e349b36bef41ca3684901843646971548631d3152abc774f9e9,24,9,0.7021459201350808,25,16208,9470,5333,2305,987,24,6361,4141,2928,1009,360
quality_4_6_scatter_2,scatter,complete,5,full,line25,223,3a9cd8799cf48e349b36bef41ca3684901843646971548631d3152abc774f9e9,24,9,0.7060726429335773,25,16352,9542,5344,2404,1022,24,6361,4141,2928,1009,360
quality_4_6_scatter_2,scatter,complete,5,full,line25,227,3a9cd8799cf48e349b36bef41ca3684901843646971548631d3152abc774f9e9,24,9,0.7025672900490463,25,16382,9564,5291,2365,1035,24,6361,4141,2928,1009,360
quality_4_6_scatter_2,scatter,complete,5,full,line25,229,3a9cd8799cf48e349b36bef41ca3684901843646971548631d3152abc774f9e9,24,9,0.7016427149064839,25,16121,9419,5354,2484,1070,24,6361,4141,2928,1009,360
quality_4_6_scatter_2,scatter,complete,5,full,line25,233,3a9cd8799cf48e349b36bef41ca3684901843646971548631d3152abc774f9e9,24,9,0.6951126921921968,25,16175,9454,5374,2415,1027,24,6361,4141,2928,1009,360
quality_4_6_scatter_2,scatter,complete,5,full,grid25,211,3a9cd8799cf48e349b36bef41ca3684901843646971548631d3152abc774f9e9,24,9,0.6853287480771542,25,9848,5979,4905,3031,1354,24,6361,4141,2928,1009,360
quality_4_6_scatter_2,scatter,complete,5,full,grid25,223,3a9cd8799cf48e349b36bef41ca3684901843646971548631d3152abc774f9e9,24,9,0.6904676891863346,25,9796,5952,4873,3124,1389,24,6361,4141,2928,1009,360
quality_4_6_scatter_2,scatter,complete,5,full,grid25,227,3a9cd8799cf48e349b36bef41ca3684901843646971548631d3152abc774f9e9,24,9,0.690095990896225,25,9758,5931,4974,3104,1336,24,6361,4141,2928,1009,360
quality_4_6_scatter_2,scatter,complete,5,full,grid25,229,3a9cd8799cf48e349b36bef41ca3684901843646971548631d3152abc774f9e9,24,9,0.6899807942099869,25,10008,6056,4870,3111,1348,24,6361,4141,2928,1009,360
quality_4_6_scatter_2,scatter,complete,5,full,grid25,233,3a9cd8799cf48e349b36bef41ca3684901843646971548631d3152abc774f9e9,24,9,0.6902335388585925,25,10313,6233,4827,3007,1347,24,6361,4141,2928,1009,360
quality_4_6_scatter_2,scatter,complete,6,full,sherbrooke,211,73044bf81531314a0c67727916b26db6b6e50755452feef645d299e90ab70695,24,11,17.719074258115143,127,45447,27699,6723,6159,1329,24,7681,5017,3600,1220,438
quality_4_6_scatter_2,scatter,complete,6,full,sherbrooke,223,73044bf81531314a0c67727916b26db6b6e50755452feef645d299e90ab70695,24,11,22.101781378965825,127,47733,28831,7353,7992,1684,24,7681,5017,3600,1220,438
quality_4_6_scatter_2,scatter,complete,6,full,sherbrooke,227,73044bf81531314a0c67727916b26db6b6e50755452feef645d299e90ab70695,24,11,21.976692777127028,127,47959,28913,7555,8510,1836,24,7681,5017,3600,1220,438
quality_4_6_scatter_2,scatter,complete,6,full,sherbrooke,229,73044bf81531314a0c67727916b26db6b6e50755452feef645d299e90ab70695,24,11,22.287163105327636,127,47389,28611,7355,7784,1659,24,7681,5017,3600,1220,438
quality_4_6_scatter_2,scatter,complete,6,full,sherbrooke,233,73044bf81531314a0c67727916b26db6b6e50755452feef645d299e90ab70695,24,11,22.865111676044762,127,46774,28335,7037,7337,1555,24,7681,5017,3600,1220,438
quality_4_6_scatter_2,scatter,complete,6,full,line25,211,73044bf81531314a0c67727916b26db6b6e50755452feef645d299e90ab70695,24,11,0.9154397207312286,25,19728,11526,6672,3028,1302,24,7681,5017,3600,1220,438
quality_4_6_scatter_2,scatter,complete,6,full,line25,223,73044bf81531314a0c67727916b26db6b6e50755452feef645d299e90ab70695,24,11,0.8991569429636002,25,19844,11598,6692,3111,1319,24,7681,5017,3600,1220,438
quality_4_6_scatter_2,scatter,complete,6,full,line25,227,73044bf81531314a0c67727916b26db6b6e50755452feef645d299e90ab70695,24,11,0.9078307119198143,25,19933,11648,6645,2898,1266,24,7681,5017,3600,1220,438
quality_4_6_scatter_2,scatter,complete,6,full,line25,229,73044bf81531314a0c67727916b26db6b6e50755452feef645d299e90ab70695,24,11,0.8988254405558109,25,19816,11584,6625,2977,1294,24,7681,5017,3600,1220,438
quality_4_6_scatter_2,scatter,complete,6,full,line25,233,73044bf81531314a0c67727916b26db6b6e50755452feef645d299e90ab70695,24,11,0.9022864601574838,25,20028,11705,6654,3077,1376,24,7681,5017,3600,1220,438
quality_4_6_scatter_2,scatter,complete,6,full,grid25,211,73044bf81531314a0c67727916b26db6b6e50755452feef645d299e90ab70695,24,11,0.8785083377733827,25,12457,7547,6080,3689,1649,24,7681,5017,3600,1220,438
quality_4_6_scatter_2,scatter,complete,6,full,grid25,223,73044bf81531314a0c67727916b26db6b6e50755452feef645d299e90ab70695,24,11,0.876659044995904,25,12004,7289,6158,3922,1794,24,7681,5017,3600,1220,438
quality_4_6_scatter_2,scatter,complete,6,full,grid25,227,73044bf81531314a0c67727916b26db6b6e50755452feef645d299e90ab70695,24,11,0.874751933850348,25,12392,7501,6105,3778,1665,24,7681,5017,3600,1220,438
quality_4_6_scatter_2,scatter,complete,6,full,grid25,229,73044bf81531314a0c67727916b26db6b6e50755452feef645d299e90ab70695,24,11,0.8833141732029617,25,12343,7484,6087,3712,1677,24,7681,5017,3600,1220,438
quality_4_6_scatter_2,scatter,complete,6,full,grid25,233,73044bf81531314a0c67727916b26db6b6e50755452feef645d299e90ab70695,24,11,1.0885776239447296,25,12182,7404,6016,3862,1639,24,7681,5017,3600,1220,438
quality_4_6_scatter_2,scatter,complete,7,full,sherbrooke,211,22aae8b877c5edcb3ef495cd6e269a984a3e44b701a4ea45516a369c4e96765c,24,13,27.01856523519382,127,58085,35207,8926,10769,2318,24,9001,5893,4272,1431,516
quality_4_6_scatter_2,scatter,complete,7,full,sherbrooke,223,22aae8b877c5edcb3ef495cd6e269a984a3e44b701a4ea45516a369c4e96765c,24,13,31.886022081132978,127,55838,33797,8585,8470,1876,24,9001,5893,4272,1431,516
quality_4_6_scatter_2,scatter,complete,7,full,sherbrooke,227,22aae8b877c5edcb3ef495cd6e269a984a3e44b701a4ea45516a369c4e96765c,24,13,32.556512635201216,127,57528,34787,9096,11783,2572,24,9001,5893,4272,1431,516
quality_4_6_scatter_2,scatter,complete,7,full,sherbrooke,229,22aae8b877c5edcb3ef495cd6e269a984a3e44b701a4ea45516a369c4e96765c,24,13,32.35061318939552,127,57496,34718,8982,10094,2161,24,9001,5893,4272,1431,516
quality_4_6_scatter_2,scatter,complete,7,full,sherbrooke,233,22aae8b877c5edcb3ef495cd6e269a984a3e44b701a4ea45516a369c4e96765c,24,13,32.92562802089378,127,58621,35485,9257,11918,2577,24,9001,5893,4272,1431,516
quality_4_6_scatter_2,scatter,complete,7,full,line25,211,22aae8b877c5edcb3ef495cd6e269a984a3e44b701a4ea45516a369c4e96765c,24,13,1.0696713202632964,25,23724,13861,7942,3644,1649,24,9001,5893,4272,1431,516
quality_4_6_scatter_2,scatter,complete,7,full,line25,223,22aae8b877c5edcb3ef495cd6e269a984a3e44b701a4ea45516a369c4e96765c,24,13,1.066923410166055,25,23565,13773,8019,3701,1658,24,9001,5893,4272,1431,516
quality_4_6_scatter_2,scatter,complete,7,full,line25,227,22aae8b877c5edcb3ef495cd6e269a984a3e44b701a4ea45516a369c4e96765c,24,13,1.0624580741859972,25,23547,13759,7942,3539,1564,24,9001,5893,4272,1431,516
quality_4_6_scatter_2,scatter,complete,7,full,line25,229,22aae8b877c5edcb3ef495cd6e269a984a3e44b701a4ea45516a369c4e96765c,24,13,1.0611465713009238,25,23178,13554,7986,3515,1596,24,9001,5893,4272,1431,516
quality_4_6_scatter_2,scatter,complete,7,full,line25,233,22aae8b877c5edcb3ef495cd6e269a984a3e44b701a4ea45516a369c4e96765c,24,13,1.0701174880377948,25,23911,13969,7833,3466,1526,24,9001,5893,4272,1431,516
quality_4_6_scatter_2,scatter,complete,7,full,grid25,211,22aae8b877c5edcb3ef495cd6e269a984a3e44b701a4ea45516a369c4e96765c,24,13,1.0317853740416467,25,14029,8544,7368,4766,2213,24,9001,5893,4272,1431,516
quality_4_6_scatter_2,scatter,complete,7,full,grid25,223,22aae8b877c5edcb3ef495cd6e269a984a3e44b701a4ea45516a369c4e96765c,24,13,1.036685355938971,25,13918,8474,7364,4815,2138,24,9001,5893,4272,1431,516
quality_4_6_scatter_2,scatter,complete,7,full,grid25,227,22aae8b877c5edcb3ef495cd6e269a984a3e44b701a4ea45516a369c4e96765c,24,13,1.0301297949627042,25,14193,8644,7267,4724,2088,24,9001,5893,4272,1431,516
quality_4_6_scatter_2,scatter,complete,7,full,grid25,229,22aae8b877c5edcb3ef495cd6e269a984a3e44b701a4ea45516a369c4e96765c,24,13,1.131074108183384,25,13807,8430,7269,4360,2035,24,9001,5893,4272,1431,516
quality_4_6_scatter_2,scatter,complete,7,full,grid25,233,22aae8b877c5edcb3ef495cd6e269a984a3e44b701a4ea45516a369c4e96765c,24,13,1.039784305728972,25,14265,8655,7350,4908,2182,24,9001,5893,4272,1431,516
quality_4_6_scatter_2,scatter,complete,8,full,sherbrooke,211,572f998fe28fd414e130b9a5dc117c8a7bb40a037bc9529ebaeb08d23fb4ea50,24,15,38.9816757440567,127,65785,39658,10618,11954,2644,24,10321,6769,4944,1642,594
quality_4_6_scatter_2,scatter,complete,8,full,sherbrooke,223,572f998fe28fd414e130b9a5dc117c8a7bb40a037bc9529ebaeb08d23fb4ea50,24,15,41.67749687610194,127,66899,40413,10442,11869,2538,24,10321,6769,4944,1642,594
quality_4_6_scatter_2,scatter,complete,8,full,sherbrooke,227,572f998fe28fd414e130b9a5dc117c8a7bb40a037bc9529ebaeb08d23fb4ea50,24,15,42.455805339850485,127,65920,39700,10596,12676,2804,24,10321,6769,4944,1642,594
quality_4_6_scatter_2,scatter,complete,8,full,sherbrooke,229,572f998fe28fd414e130b9a5dc117c8a7bb40a037bc9529ebaeb08d23fb4ea50,24,15,46.99829581566155,127,67894,40923,10768,12965,2860,24,10321,6769,4944,1642,594
quality_4_6_scatter_2,scatter,complete,8,full,sherbrooke,233,572f998fe28fd414e130b9a5dc117c8a7bb40a037bc9529ebaeb08d23fb4ea50,24,15,42.84544984577224,127,66786,40417,10182,11862,2485,24,10321,6769,4944,1642,594
quality_4_6_scatter_2,scatter,complete,8,full,line25,211,572f998fe28fd414e130b9a5dc117c8a7bb40a037bc9529ebaeb08d23fb4ea50,24,15,1.2840165360830724,25,27181,15899,9309,4061,1798,24,10321,6769,4944,1642,594
quality_4_6_scatter_2,scatter,complete,8,full,line25,223,572f998fe28fd414e130b9a5dc117c8a7bb40a037bc9529ebaeb08d23fb4ea50,24,15,1.2726732236333191,25,27148,15874,9296,4220,1903,24,10321,6769,4944,1642,594
quality_4_6_scatter_2,scatter,complete,8,full,line25,227,572f998fe28fd414e130b9a5dc117c8a7bb40a037bc9529ebaeb08d23fb4ea50,24,15,1.2825778140686452,25,27177,15895,9368,4230,1943,24,10321,6769,4944,1642,594
quality_4_6_scatter_2,scatter,complete,8,full,line25,229,572f998fe28fd414e130b9a5dc117c8a7bb40a037bc9529ebaeb08d23fb4ea50,24,15,1.2791338660754263,25,27422,16025,9225,4287,1931,24,10321,6769,4944,1642,594
quality_4_6_scatter_2,scatter,complete,8,full,line25,233,572f998fe28fd414e130b9a5dc117c8a7bb40a037bc9529ebaeb08d23fb4ea50,24,15,1.381242174655199,25,27353,15993,9216,4097,1797,24,10321,6769,4944,1642,594
quality_4_6_scatter_2,scatter,complete,8,full,grid25,211,572f998fe28fd414e130b9a5dc117c8a7bb40a037bc9529ebaeb08d23fb4ea50,24,15,1.2275820970535278,25,16124,9831,8606,5337,2348,24,10321,6769,4944,1642,594
quality_4_6_scatter_2,scatter,complete,8,full,grid25,223,572f998fe28fd414e130b9a5dc117c8a7bb40a037bc9529ebaeb08d23fb4ea50,24,15,1.2313017430715263,25,16262,9910,8433,5218,2342,24,10321,6769,4944,1642,594
quality_4_6_scatter_2,scatter,complete,8,full,grid25,227,572f998fe28fd414e130b9a5dc117c8a7bb40a037bc9529ebaeb08d23fb4ea50,24,15,1.2224204847589135,25,16163,9842,8464,5418,2430,24,10321,6769,4944,1642,594
quality_4_6_scatter_2,scatter,complete,8,full,grid25,229,572f998fe28fd414e130b9a5dc117c8a7bb40a037bc9529ebaeb08d23fb4ea50,24,15,1.2294917041435838,25,15882,9697,8612,5529,2507,24,10321,6769,4944,1642,594
quality_4_6_scatter_2,scatter,complete,8,full,grid25,233,572f998fe28fd414e130b9a5dc117c8a7bb40a037bc9529ebaeb08d23fb4ea50,24,15,1.2307955119758844,25,16352,9951,8527,5229,2473,24,10321,6769,4944,1642,594
quality_4_6_scatter_2,scatter,complete,9,full,sherbrooke,211,a519579b258df09b42705308c3f5b89013a5e8a8836f9638a18f3a482dccafa3,24,17,56.75993809103966,127,75574,45470,12221,12922,2903,24,11641,7645,5616,1853,672
quality_4_6_scatter_2,scatter,complete,9,full,sherbrooke,223,a519579b258df09b42705308c3f5b89013a5e8a8836f9638a18f3a482dccafa3,24,17,53.025134306866676,127,74446,45015,11565,10844,2414,24,11641,7645,5616,1853,672
quality_4_6_scatter_2,scatter,complete,9,full,sherbrooke,227,a519579b258df09b42705308c3f5b89013a5e8a8836f9638a18f3a482dccafa3,24,17,57.48341914592311,127,78154,47215,12312,15826,3474,24,11641,7645,5616,1853,672
quality_4_6_scatter_2,scatter,complete,9,full,sherbrooke,229,a519579b258df09b42705308c3f5b89013a5e8a8836f9638a18f3a482dccafa3,24,17,57.20516398688778,127,74637,44820,12097,13719,3099,24,11641,7645,5616,1853,672
quality_4_6_scatter_2,scatter,complete,9,full,sherbrooke,233,a519579b258df09b42705308c3f5b89013a5e8a8836f9638a18f3a482dccafa3,24,17,60.358608729206026,127,78329,47197,12465,13525,2970,24,11641,7645,5616,1853,672
quality_4_6_scatter_2,scatter,complete,9,full,line25,211,a519579b258df09b42705308c3f5b89013a5e8a8836f9638a18f3a482dccafa3,24,17,1.4654278666712344,25,30940,18095,10491,4781,2118,24,11641,7645,5616,1853,672
quality_4_6_scatter_2,scatter,complete,9,full,line25,223,a519579b258df09b42705308c3f5b89013a5e8a8836f9638a18f3a482dccafa3,24,17,1.4744218261912465,25,30856,18046,10585,4765,2075,24,11641,7645,5616,1853,672
quality_4_6_scatter_2,scatter,complete,9,full,line25,227,a519579b258df09b42705308c3f5b89013a5e8a8836f9638a18f3a482dccafa3,24,17,1.575330602005124,25,30201,17694,10740,4673,2068,24,11641,7645,5616,1853,672
quality_4_6_scatter_2,scatter,complete,9,full,line25,229,a519579b258df09b42705308c3f5b89013a5e8a8836f9638a18f3a482dccafa3,24,17,1.4749259133823216,25,31212,18239,10561,4752,2176,24,11641,7645,5616,1853,672
quality_4_6_scatter_2,scatter,complete,9,full,line25,233,a519579b258df09b42705308c3f5b89013a5e8a8836f9638a18f3a482dccafa3,24,17,1.4600722901523113,25,30322,17751,10635,4707,2149,24,11641,7645,5616,1853,672
quality_4_6_scatter_2,scatter,complete,9,full,grid25,211,a519579b258df09b42705308c3f5b89013a5e8a8836f9638a18f3a482dccafa3,24,17,1.4030574010685086,25,18374,11200,9812,6162,2858,24,11641,7645,5616,1853,672
quality_4_6_scatter_2,scatter,complete,9,full,grid25,223,a519579b258df09b42705308c3f5b89013a5e8a8836f9638a18f3a482dccafa3,24,17,1.4085654551163316,25,18416,11222,9756,6056,2800,24,11641,7645,5616,1853,672
quality_4_6_scatter_2,scatter,complete,9,full,grid25,227,a519579b258df09b42705308c3f5b89013a5e8a8836f9638a18f3a482dccafa3,24,17,1.3953145211562514,25,18478,11248,9740,6498,2850,24,11641,7645,5616,1853,672
quality_4_6_scatter_2,scatter,complete,9,full,grid25,229,a519579b258df09b42705308c3f5b89013a5e8a8836f9638a18f3a482dccafa3,24,17,1.4144292059354484,25,18905,11485,9597,6085,2670,24,11641,7645,5616,1853,672
quality_4_6_scatter_2,scatter,complete,9,full,grid25,233,a519579b258df09b42705308c3f5b89013a5e8a8836f9638a18f3a482dccafa3,24,17,1.4110853681340814,25,18834,11450,9767,6414,2839,24,11641,7645,5616,1853,672
quality_4_6_scatter_2,scatter,complete,10,full,sherbrooke,211,9ca0cfc8d6895a62142abc22cfb402d1ec6a207d46b2a917919c617b73a3f79a,24,19,64.36099117528647,127,87145,52546,13915,16714,3614,24,12961,8521,6288,2064,750
quality_4_6_scatter_2,scatter,complete,10,full,sherbrooke,223,9ca0cfc8d6895a62142abc22cfb402d1ec6a207d46b2a917919c617b73a3f79a,24,19,65.04960727132857,127,83980,50803,13329,15592,3374,24,12961,8521,6288,2064,750
quality_4_6_scatter_2,scatter,complete,10,full,sherbrooke,227,9ca0cfc8d6895a62142abc22cfb402d1ec6a207d46b2a917919c617b73a3f79a,24,19,73.31934447493404,127,84426,50655,13791,17076,3823,24,12961,8521,6288,2064,750
quality_4_6_scatter_2,scatter,complete,10,full,sherbrooke,229,9ca0cfc8d6895a62142abc22cfb402d1ec6a207d46b2a917919c617b73a3f79a,24,19,67.97060814034194,127,84766,51178,13303,12764,2771,24,12961,8521,6288,2064,750
quality_4_6_scatter_2,scatter,complete,10,full,sherbrooke,233,9ca0cfc8d6895a62142abc22cfb402d1ec6a207d46b2a917919c617b73a3f79a,24,19,72.35772472480312,127,86566,52289,13803,17199,3737,24,12961,8521,6288,2064,750
quality_4_6_scatter_2,scatter,complete,10,full,line25,211,9ca0cfc8d6895a62142abc22cfb402d1ec6a207d46b2a917919c617b73a3f79a,24,19,1.6374830682761967,25,34476,20166,11912,5603,2593,24,12961,8521,6288,2064,750
quality_4_6_scatter_2,scatter,complete,10,full,line25,223,9ca0cfc8d6895a62142abc22cfb402d1ec6a207d46b2a917919c617b73a3f79a,24,19,1.7520788358524442,25,34617,20230,11936,5529,2545,24,12961,8521,6288,2064,750
quality_4_6_scatter_2,scatter,complete,10,full,line25,227,9ca0cfc8d6895a62142abc22cfb402d1ec6a207d46b2a917919c617b73a3f79a,24,19,1.6365572288632393,25,34121,19962,11913,5254,2403,24,12961,8521,6288,2064,750
quality_4_6_scatter_2,scatter,complete,10,full,line25,229,9ca0cfc8d6895a62142abc22cfb402d1ec6a207d46b2a917919c617b73a3f79a,24,19,1.642129693645984,25,33841,19817,12013,5424,2432,24,12961,8521,6288,2064,750
quality_4_6_scatter_2,scatter,complete,10,full,line25,233,9ca0cfc8d6895a62142abc22cfb402d1ec6a207d46b2a917919c617b73a3f79a,24,19,1.634554267860949,25,34638,20256,11886,5156,2395,24,12961,8521,6288,2064,750
quality_4_6_scatter_2,scatter,complete,10,full,grid25,211,9ca0cfc8d6895a62142abc22cfb402d1ec6a207d46b2a917919c617b73a3f79a,24,19,1.578756215982139,25,20785,12656,10848,7250,3075,24,12961,8521,6288,2064,750
quality_4_6_scatter_2,scatter,complete,10,full,grid25,223,9ca0cfc8d6895a62142abc22cfb402d1ec6a207d46b2a917919c617b73a3f79a,24,19,1.572912571951747,25,19978,12208,10992,6885,3172,24,12961,8521,6288,2064,750
quality_4_6_scatter_2,scatter,complete,10,full,grid25,227,9ca0cfc8d6895a62142abc22cfb402d1ec6a207d46b2a917919c617b73a3f79a,24,19,1.5737880747765303,25,20307,12390,11070,7514,3266,24,12961,8521,6288,2064,750
quality_4_6_scatter_2,scatter,complete,10,full,grid25,229,9ca0cfc8d6895a62142abc22cfb402d1ec6a207d46b2a917919c617b73a3f79a,24,19,1.5706496117636561,25,20612,12559,10907,6913,3131,24,12961,8521,6288,2064,750
quality_4_6_scatter_2,scatter,complete,10,full,grid25,233,9ca0cfc8d6895a62142abc22cfb402d1ec6a207d46b2a917919c617b73a3f79a,24,19,1.5706459861248732,25,20456,12480,10969,7805,3467,24,12961,8521,6288,2064,750
quality_4_6_scatter_2,scatter,complete,11,full,sherbrooke,211,eec9fbec9bcbdf993772d9134840e1d3de75ae75265ff3f85c14075e66c03d59,24,21,86.35027459589764,127,92847,56195,14401,15435,3392,24,14281,9397,6960,2275,828
quality_4_6_scatter_2,scatter,complete,11,full,sherbrooke,223,eec9fbec9bcbdf993772d9134840e1d3de75ae75265ff3f85c14075e66c03d59,24,21,87.47578797116876,127,95089,57215,15212,18715,4059,24,14281,9397,6960,2275,828
quality_4_6_scatter_2,scatter,complete,11,full,sherbrooke,227,eec9fbec9bcbdf993772d9134840e1d3de75ae75265ff3f85c14075e66c03d59,24,21,88.8689049249515,127,94457,56977,15068,17848,3857,24,14281,9397,6960,2275,828
quality_4_6_scatter_2,scatter,complete,11,full,sherbrooke,229,eec9fbec9bcbdf993772d9134840e1d3de75ae75265ff3f85c14075e66c03d59,24,21,96.33203407283872,127,96562,57892,15708,17495,3958,24,14281,9397,6960,2275,828
quality_4_6_scatter_2,scatter,complete,11,full,sherbrooke,233,eec9fbec9bcbdf993772d9134840e1d3de75ae75265ff3f85c14075e66c03d59,24,21,91.29373597772792,127,98221,59042,15833,20021,4306,24,14281,9397,6960,2275,828
quality_4_6_scatter_2,scatter,complete,11,full,line25,211,eec9fbec9bcbdf993772d9134840e1d3de75ae75265ff3f85c14075e66c03d59,24,21,2.0053847478702664,25,38409,22457,13235,5941,2602,24,14281,9397,6960,2275,828
quality_4_6_scatter_2,scatter,complete,11,full,line25,223,eec9fbec9bcbdf993772d9134840e1d3de75ae75265ff3f85c14075e66c03d59,24,21,1.8633169000968337,25,37057,21713,13338,6045,2830,24,14281,9397,6960,2275,828
quality_4_6_scatter_2,scatter,complete,11,full,line25,227,eec9fbec9bcbdf993772d9134840e1d3de75ae75265ff3f85c14075e66c03d59,24,21,1.8624074622057378,25,37844,22141,13325,5828,2643,24,14281,9397,6960,2275,828
quality_4_6_scatter_2,scatter,complete,11,full,line25,229,eec9fbec9bcbdf993772d9134840e1d3de75ae75265ff3f85c14075e66c03d59,24,21,1.881064707878977,25,38208,22347,13239,6069,2770,24,14281,9397,6960,2275,828
quality_4_6_scatter_2,scatter,complete,11,full,line25,233,eec9fbec9bcbdf993772d9134840e1d3de75ae75265ff3f85c14075e66c03d59,24,21,1.8682034956291318,25,37453,21944,13323,5930,2697,24,14281,9397,6960,2275,828
quality_4_6_scatter_2,scatter,complete,11,full,grid25,211,eec9fbec9bcbdf993772d9134840e1d3de75ae75265ff3f85c14075e66c03d59,24,21,1.788597343955189,25,22565,13776,12189,7403,3418,24,14281,9397,6960,2275,828
quality_4_6_scatter_2,scatter,complete,11,full,grid25,223,eec9fbec9bcbdf993772d9134840e1d3de75ae75265ff3f85c14075e66c03d59,24,21,1.7927769129164517,25,22348,13655,12099,7432,3400,24,14281,9397,6960,2275,828
quality_4_6_scatter_2,scatter,complete,11,full,grid25,227,eec9fbec9bcbdf993772d9134840e1d3de75ae75265ff3f85c14075e66c03d59,24,21,1.795106768142432,25,22717,13849,12387,8445,3772,24,14281,9397,6960,2275,828
quality_4_6_scatter_2,scatter,complete,11,full,grid25,229,eec9fbec9bcbdf993772d9134840e1d3de75ae75265ff3f85c14075e66c03d59,24,21,1.8584519736468792,25,22464,13704,12251,7566,3451,24,14281,9397,6960,2275,828
quality_4_6_scatter_2,scatter,complete,11,full,grid25,233,eec9fbec9bcbdf993772d9134840e1d3de75ae75265ff3f85c14075e66c03d59,24,21,1.7898934381082654,25,22934,13961,12206,8175,3553,24,14281,9397,6960,2275,828
quality_4_6_scatter_2,scatter,complete,12,full,sherbrooke,211,9d0cf1043ed58d96f6e80e93d9c629f33a25583ab7272ad04ef906882dcb2924,24,23,103.74038304621354,127,103921,62422,16796,20031,4420,24,15601,10273,7632,2486,906
quality_4_6_scatter_2,scatter,complete,12,full,sherbrooke,223,9d0cf1043ed58d96f6e80e93d9c629f33a25583ab7272ad04ef906882dcb2924,24,23,103.61046984698623,127,106083,63962,16941,21457,4658,24,15601,10273,7632,2486,906
quality_4_6_scatter_2,scatter,complete,12,full,sherbrooke,227,9d0cf1043ed58d96f6e80e93d9c629f33a25583ab7272ad04ef906882dcb2924,24,23,105.24841049406677,127,105571,63247,17147,21807,4897,24,15601,10273,7632,2486,906
quality_4_6_scatter_2,scatter,complete,12,full,sherbrooke,229,9d0cf1043ed58d96f6e80e93d9c629f33a25583ab7272ad04ef906882dcb2924,24,23,110.15823281509802,127,105984,63826,16920,21242,4582,24,15601,10273,7632,2486,906
quality_4_6_scatter_2,scatter,complete,12,full,sherbrooke,233,9d0cf1043ed58d96f6e80e93d9c629f33a25583ab7272ad04ef906882dcb2924,24,23,109.24312740378082,127,103329,62215,16663,19463,4342,24,15601,10273,7632,2486,906
quality_4_6_scatter_2,scatter,complete,12,full,line25,211,9d0cf1043ed58d96f6e80e93d9c629f33a25583ab7272ad04ef906882dcb2924,24,23,2.943532198201865,25,41106,24072,14536,6637,3083,24,15601,10273,7632,2486,906
quality_4_6_scatter_2,scatter,complete,12,full,line25,223,9d0cf1043ed58d96f6e80e93d9c629f33a25583ab7272ad04ef906882dcb2924,24,23,2.4860989982262254,25,41069,24057,14572,6418,2959,24,15601,10273,7632,2486,906
quality_4_6_scatter_2,scatter,complete,12,full,line25,227,9d0cf1043ed58d96f6e80e93d9c629f33a25583ab7272ad04ef906882dcb2924,24,23,2.0714981821365654,25,41288,24168,14425,6408,2885,24,15601,10273,7632,2486,906
quality_4_6_scatter_2,scatter,complete,12,full,line25,229,9d0cf1043ed58d96f6e80e93d9c629f33a25583ab7272ad04ef906882dcb2924,24,23,2.0882448200136423,25,41572,24328,14468,6502,2894,24,15601,10273,7632,2486,906
quality_4_6_scatter_2,scatter,complete,12,full,line25,233,9d0cf1043ed58d96f6e80e93d9c629f33a25583ab7272ad04ef906882dcb2924,24,23,2.086000075098127,25,41582,24343,14580,6649,3083,24,15601,10273,7632,2486,906
quality_4_6_scatter_2,scatter,complete,12,full,grid25,211,9d0cf1043ed58d96f6e80e93d9c629f33a25583ab7272ad04ef906882dcb2924,24,23,1.9762023268267512,25,25532,15535,13229,8232,3732,24,15601,10273,7632,2486,906
quality_4_6_scatter_2,scatter,complete,12,full,grid25,223,9d0cf1043ed58d96f6e80e93d9c629f33a25583ab7272ad04ef906882dcb2924,24,23,1.9754933561198413,25,24736,15081,13324,8720,3933,24,15601,10273,7632,2486,906
quality_4_6_scatter_2,scatter,complete,12,full,grid25,227,9d0cf1043ed58d96f6e80e93d9c629f33a25583ab7272ad04ef906882dcb2924,24,23,1.96803417801857,25,25071,15278,13275,8496,3831,24,15601,10273,7632,2486,906
quality_4_6_scatter_2,scatter,complete,12,full,grid25,229,9d0cf1043ed58d96f6e80e93d9c629f33a25583ab7272ad04ef906882dcb2924,24,23,2.0514686391688883,25,24800,15144,13250,7958,3683,24,15601,10273,7632,2486,906
quality_4_6_scatter_2,scatter,complete,12,full,grid25,233,9d0cf1043ed58d96f6e80e93d9c629f33a25583ab7272ad04ef906882dcb2924,24,23,1.9836453841999173,25,24531,14967,13425,8864,3902,24,15601,10273,7632,2486,906
quality_4_6_scatter_2,scatter,ring,1,full,sherbrooke,211,2ee7593459d24f7afd6c0760146f2b54d80be29caeb4580c085b0ab727971d67,24,1,0.21506412560120225,127,1127,682,146,186,34,24,541,313,96,106,24
quality_4_6_scatter_2,scatter,ring,1,full,sherbrooke,223,2ee7593459d24f7afd6c0760146f2b54d80be29caeb4580c085b0ab727971d67,24,1,0.03279255097731948,127,1189,723,151,209,42,24,541,313,96,106,24
quality_4_6_scatter_2,scatter,ring,1,full,sherbrooke,227,2ee7593459d24f7afd6c0760146f2b54d80be29caeb4580c085b0ab727971d67,24,1,0.03021392785012722,127,1121,686,151,250,46,24,541,313,96,106,24
quality_4_6_scatter_2,scatter,ring,1,full,sherbrooke,229,2ee7593459d24f7afd6c0760146f2b54d80be29caeb4580c085b0ab727971d67,24,1,0.035121975000947714,127,1111,681,143,190,36,24,541,313,96,106,24
quality_4_6_scatter_2,scatter,ring,1,full,sherbrooke,233,2ee7593459d24f7afd6c0760146f2b54d80be29caeb4580c085b0ab727971d67,24,1,0.030066151171922684,127,1079,655,151,199,39,24,541,313,96,106,24
quality_4_6_scatter_2,scatter,ring,1,full,line25,211,2ee7593459d24f7afd6c0760146f2b54d80be29caeb4580c085b0ab727971d67,24,1,0.022363636177033186,25,579,335,149,120,34,24,541,313,96,106,24
quality_4_6_scatter_2,scatter,ring,1,full,line25,223,2ee7593459d24f7afd6c0760146f2b54d80be29caeb4580c085b0ab727971d67,24,1,0.0215320847928524,25,597,348,144,121,34,24,541,313,96,106,24
quality_4_6_scatter_2,scatter,ring,1,full,line25,227,2ee7593459d24f7afd6c0760146f2b54d80be29caeb4580c085b0ab727971d67,24,1,0.021264763083308935,25,601,350,147,122,34,24,541,313,96,106,24
quality_4_6_scatter_2,scatter,ring,1,full,line25,229,2ee7593459d24f7afd6c0760146f2b54d80be29caeb4580c085b0ab727971d67,24,1,0.021437236107885838,25,605,352,149,122,32,24,541,313,96,106,24
quality_4_6_scatter_2,scatter,ring,1,full,line25,233,2ee7593459d24f7afd6c0760146f2b54d80be29caeb4580c085b0ab727971d67,24,1,0.021337619982659817,25,600,351,146,121,32,24,541,313,96,106,24
quality_4_6_scatter_2,scatter,ring,1,full,grid25,211,2ee7593459d24f7afd6c0760146f2b54d80be29caeb4580c085b0ab727971d67,24,1,0.017592207062989473,25,551,318,102,113,27,24,541,313,96,106,24
quality_4_6_scatter_2,scatter,ring,1,full,grid25,223,2ee7593459d24f7afd6c0760146f2b54d80be29caeb4580c085b0ab727971d67,24,1,0.016958727035671473,25,541,313,96,106,24,24,541,313,96,106,24
quality_4_6_scatter_2,scatter,ring,1,full,grid25,227,2ee7593459d24f7afd6c0760146f2b54d80be29caeb4580c085b0ab727971d67,24,1,0.017406467348337173,25,541,313,102,110,27,24,541,313,96,106,24
quality_4_6_scatter_2,scatter,ring,1,full,grid25,229,2ee7593459d24f7afd6c0760146f2b54d80be29caeb4580c085b0ab727971d67,24,1,0.01723724976181984,25,569,329,106,127,31,24,541,313,96,106,24
quality_4_6_scatter_2,scatter,ring,1,full,grid25,233,2ee7593459d24f7afd6c0760146f2b54d80be29caeb4580c085b0ab727971d67,24,1,0.0184741229750216,25,549,317,100,114,28,24,541,313,96,106,24
quality_4_6_scatter_2,scatter,ring,2,full,sherbrooke,211,612b1b29661d341d8fecbb3fbe236b0d87bf3c561403828f056fc5da42312010,24,3,0.9603024679236114,127,8020,4881,1200,1548,335,24,1321,865,624,306,110
quality_4_6_scatter_2,scatter,ring,2,full,sherbrooke,223,612b1b29661d341d8fecbb3fbe236b0d87bf3c561403828f056fc5da42312010,24,3,0.8427374041639268,127,7966,4816,1226,1454,306,24,1321,865,624,306,110
quality_4_6_scatter_2,scatter,ring,2,full,sherbrooke,227,612b1b29661d341d8fecbb3fbe236b0d87bf3c561403828f056fc5da42312010,24,3,0.8190481578931212,127,8340,5062,1290,1794,383,24,1321,865,624,306,110
quality_4_6_scatter_2,scatter,ring,2,full,sherbrooke,229,612b1b29661d341d8fecbb3fbe236b0d87bf3c561403828f056fc5da42312010,24,3,0.8816347178071737,127,8558,5168,1293,1695,346,24,1321,865,624,306,110
quality_4_6_scatter_2,scatter,ring,2,full,sherbrooke,233,612b1b29661d341d8fecbb3fbe236b0d87bf3c561403828f056fc5da42312010,24,3,0.7688502334058285,127,7983,4870,1200,1428,311,24,1321,865,624,306,110
quality_4_6_scatter_2,scatter,ring,2,full,line25,211,612b1b29661d341d8fecbb3fbe236b0d87bf3c561403828f056fc5da42312010,24,3,0.15119027765467763,25,3134,1855,1216,649,300,24,1321,865,624,306,110
quality_4_6_scatter_2,scatter,ring,2,full,line25,223,612b1b29661d341d8fecbb3fbe236b0d87bf3c561403828f056fc5da42312010,24,3,0.15238598408177495,25,3367,1984,1186,668,283,24,1321,865,624,306,110
quality_4_6_scatter_2,scatter,ring,2,full,line25,227,612b1b29661d341d8fecbb3fbe236b0d87bf3c561403828f056fc5da42312010,24,3,0.15209635999053717,25,3140,1861,1218,663,307,24,1321,865,624,306,110
quality_4_6_scatter_2,scatter,ring,2,full,line25,229,612b1b29661d341d8fecbb3fbe236b0d87bf3c561403828f056fc5da42312010,24,3,0.15104371309280396,25,3211,1897,1209,649,301,24,1321,865,624,306,110
quality_4_6_scatter_2,scatter,ring,2,full,line25,233,612b1b29661d341d8fecbb3fbe236b0d87bf3c561403828f056fc5da42312010,24,3,0.1497944169677794,25,3311,1952,1194,642,289,24,1321,865,624,306,110
quality_4_6_scatter_2,scatter,ring,2,full,grid25,211,612b1b29661d341d8fecbb3fbe236b0d87bf3c561403828f056fc5da42312010,24,3,0.14296337822452188,25,1959,1208,1030,703,344,24,1321,865,624,306,110
quality_4_6_scatter_2,scatter,ring,2,full,grid25,223,612b1b29661d341d8fecbb3fbe236b0d87bf3c561403828f056fc5da42312010,24,3,0.1449091830290854,25,2112,1291,1003,722,339,24,1321,865,624,306,110
quality_4_6_scatter_2,scatter,ring,2,full,grid25,227,612b1b29661d341d8fecbb3fbe236b0d87bf3c561403828f056fc5da42312010,24,3,0.14502963796257973,25,2037,1254,1044,690,360,24,1321,865,624,306,110
quality_4_6_scatter_2,scatter,ring,2,full,grid25,229,612b1b29661d341d8fecbb3fbe236b0d87bf3c561403828f056fc5da42312010,24,3,0.14471319504082203,25,2047,1257,1010,762,355,24,1321,865,624,306,110
quality_4_6_scatter_2,scatter,ring,2,full,grid25,233,612b1b29661d341d8fecbb3fbe236b0d87bf3c561403828f056fc5da42312010,24,3,0.1442795298062265,25,2082,1274,1018,656,316,24,1321,865,624,306,110
quality_4_6_scatter_2,scatter,ring,3,full,sherbrooke,211,574c31ce8bea1de961f31f8798e6eaca58b4efa5537a52dc48082fa0d1124743,24,5,3.0808049580082297,127,15792,9527,2509,2770,618,24,2101,1417,1152,488,184
quality_4_6_scatter_2,scatter,ring,3,full,sherbrooke,223,574c31ce8bea1de961f31f8798e6eaca58b4efa5537a52dc48082fa0d1124743,24,5,2.821513799019158,127,16008,9722,2425,2801,581,24,2101,1417,1152,488,184
quality_4_6_scatter_2,scatter,ring,3,full,sherbrooke,227,574c31ce8bea1de961f31f8798e6eaca58b4efa5537a52dc48082fa0d1124743,24,5,2.685266372282058,127,15602,9477,2382,2586,548,24,2101,1417,1152,488,184
quality_4_6_scatter_2,scatter,ring,3,full,sherbrooke,229,574c31ce8bea1de961f31f8798e6eaca58b4efa5537a52dc48082fa0d1124743,24,5,2.7898445082828403,127,16025,9729,2492,2984,641,24,2101,1417,1152,488,184
quality_4_6_scatter_2,scatter,ring,3,full,sherbrooke,233,574c31ce8bea1de961f31f8798e6eaca58b4efa5537a52dc48082fa0d1124743,24,5,3.1540890079922974,127,15521,9296,2491,2934,652,24,2101,1417,1152,488,184
quality_4_6_scatter_2,scatter,ring,3,full,line25,211,574c31ce8bea1de961f31f8798e6eaca58b4efa5537a52dc48082fa0d1124743,24,5,0.32246856903657317,25,5607,3329,2400,1145,578,24,2101,1417,1152,488,184
quality_4_6_scatter_2,scatter,ring,3,full,line25,223,574c31ce8bea1de961f31f8798e6eaca58b4efa5537a52dc48082fa0d1124743,24,5,0.3035124219022691,25,5773,3424,2363,1116,517,24,2101,1417,1152,488,184
quality_4_6_scatter_2,scatter,ring,3,full,line25,227,574c31ce8bea1de961f31f8798e6eaca58b4efa5537a52dc48082fa0d1124743,24,5,0.3011532509699464,25,5897,3487,2388,1138,530,24,2101,1417,1152,488,184
quality_4_6_scatter_2,scatter,ring,3,full,line25,229,574c31ce8bea1de961f31f8798e6eaca58b4efa5537a52dc48082fa0d1124743,24,5,0.2999937031418085,25,5658,3359,2389,1135,550,24,2101,1417,1152,488,184
quality_4_6_scatter_2,scatter,ring,3,full,line25,233,574c31ce8bea1de961f31f8798e6eaca58b4efa5537a52dc48082fa0d1124743,24,5,0.3018838441930711,25,5677,3369,2347,1111,523,24,2101,1417,1152,488,184
quality_4_6_scatter_2,scatter,ring,3,full,grid25,211,574c31ce8bea1de961f31f8798e6eaca58b4efa5537a52dc48082fa0d1124743,24,5,0.2817656039260328,25,3261,2036,2066,1367,674,24,2101,1417,1152,488,184
quality_4_6_scatter_2,scatter,ring,3,full,grid25,223,574c31ce8bea1de961f31f8798e6eaca58b4efa5537a52dc48082fa0d1124743,24,5,0.27884551975876093,25,3427,2133,2013,1317,681,24,2101,1417,1152,488,184
quality_4_6_scatter_2,scatter,ring,3,full,grid25,227,574c31ce8bea1de961f31f8798e6eaca58b4efa5537a52dc48082fa0d1124743,24,5,0.2805493287742138,25,3411,2122,1998,1209,612,24,2101,1417,1152,488,184
quality_4_6_scatter_2,scatter,ring,3,full,grid25,229,574c31ce8bea1de961f31f8798e6eaca58b4efa5537a52dc48082fa0d1124743,24,5,0.2842964460141957,25,3455,2141,2037,1310,629,24,2101,1417,1152,488,184
quality_4_6_scatter_2,scatter,ring,3,full,grid25,233,574c31ce8bea1de961f31f8798e6eaca58b4efa5537a52dc48082fa0d1124743,24,5,0.28097418742254376,25,3431,2132,2027,1303,601,24,2101,1417,1152,488,184
quality_4_6_scatter_2,scatter,ring,4,full,sherbrooke,211,14dc3df4eccdbee325e31325508538a713dc2da648086771feef263de7742b9f,24,7,5.676228414755315,127,23820,14402,3781,4857,1065,24,2881,1969,1680,670,258
quality_4_6_scatter_2,scatter,ring,4,full,sherbrooke,223,14dc3df4eccdbee325e31325508538a713dc2da648086771feef263de7742b9f,24,7,5.932520754169673,127,23830,14315,3847,4692,1021,24,2881,1969,1680,670,258
quality_4_6_scatter_2,scatter,ring,4,full,sherbrooke,227,14dc3df4eccdbee325e31325508538a713dc2da648086771feef263de7742b9f,24,7,5.817437919788063,127,23876,14419,3764,5301,1158,24,2881,1969,1680,670,258
quality_4_6_scatter_2,scatter,ring,4,full,sherbrooke,229,14dc3df4eccdbee325e31325508538a713dc2da648086771feef263de7742b9f,24,7,5.540496106259525,127,22331,13426,3598,3901,868,24,2881,1969,1680,670,258
quality_4_6_scatter_2,scatter,ring,4,full,sherbrooke,233,14dc3df4eccdbee325e31325508538a713dc2da648086771feef263de7742b9f,24,7,5.419977035839111,127,23351,14030,3913,4440,1031,24,2881,1969,1680,670,258
quality_4_6_scatter_2,scatter,ring,4,full,line25,211,14dc3df4eccdbee325e31325508538a713dc2da648086771feef263de7742b9f,24,7,0.4491216829046607,25,8186,4858,3617,1655,852,24,2881,1969,1680,670,258
quality_4_6_scatter_2,scatter,ring,4,full,line25,223,14dc3df4eccdbee325e31325508538a713dc2da648086771feef263de7742b9f,24,7,0.4451019228436053,25,8390,4968,3592,1645,784,24,2881,1969,1680,670,258
quality_4_6_scatter_2,scatter,ring,4,full,line25,227,14dc3df4eccdbee325e31325508538a713dc2da648086771feef263de7742b9f,24,7,0.448555959854275,25,8402,4976,3564,1626,800,24,2881,1969,1680,670,258
quality_4_6_scatter_2,scatter,ring,4,full,line25,229,14dc3df4eccdbee325e31325508538a713dc2da648086771feef263de7742b9f,24,7,0.44506415305659175,25,8378,4965,3604,1690,830,24,2881,1969,1680,670,258
quality_4_6_scatter_2,scatter,ring,4,full,line25,233,14dc3df4eccdbee325e31325508538a713dc2da648086771feef263de7742b9f,24,7,0.44091821694746614,25,8548,5056,3562,1698,816,24,2881,1969,1680,670,258
quality_4_6_scatter_2,scatter,ring,4,full,grid25,211,14dc3df4eccdbee325e31325508538a713dc2da648086771feef263de7742b9f,24,7,0.40564713161438704,25,4927,3073,3011,1933,965,24,2881,1969,1680,670,258
quality_4_6_scatter_2,scatter,ring,4,full,grid25,223,14dc3df4eccdbee325e31325508538a713dc2da648086771feef263de7742b9f,24,7,0.4092073468491435,25,4872,3038,2967,1812,882,24,2881,1969,1680,670,258
quality_4_6_scatter_2,scatter,ring,4,full,grid25,227,14dc3df4eccdbee325e31325508538a713dc2da648086771feef263de7742b9f,24,7,0.4029370630159974,25,4764,2985,2990,1925,981,24,2881,1969,1680,670,258
quality_4_6_scatter_2,scatter,ring,4,full,grid25,229,14dc3df4eccdbee325e31325508538a713dc2da648086771feef263de7742b9f,24,7,0.4052391452714801,25,4822,3017,2981,1943,917,24,2881,1969,1680,670,258
quality_4_6_scatter_2,scatter,ring,4,full,grid25,233,14dc3df4eccdbee325e31325508538a713dc2da648086771feef263de7742b9f,24,7,0.40256834030151367,25,4999,3115,2979,1770,931,24,2881,1969,1680,670,258
quality_4_6_scatter_2,scatter,ring,5,full,sherbrooke,211,5c058d7102aaed527b12303960ce973378d40058c33234f5f9159c54be9335a6,24,9,9.794742221944034,127,31125,18745,4952,5449,1202,24,3661,2521,2208,852,332
quality_4_6_scatter_2,scatter,ring,5,full,sherbrooke,223,5c058d7102aaed527b12303960ce973378d40058c33234f5f9159c54be9335a6,24,9,10.47460160497576,127,30514,18412,4819,5602,1277,24,3661,2521,2208,852,332
quality_4_6_scatter_2,scatter,ring,5,full,sherbrooke,227,5c058d7102aaed527b12303960ce973378d40058c33234f5f9159c54be9335a6,24,9,9.80010075122118,127,30145,18221,4716,5153,1091,24,3661,2521,2208,852,332
quality_4_6_scatter_2,scatter,ring,5,full,sherbrooke,229,5c058d7102aaed527b12303960ce973378d40058c33234f5f9159c54be9335a6,24,9,11.12364182015881,127,31400,18910,5014,5789,1263,24,3661,2521,2208,852,332
quality_4_6_scatter_2,scatter,ring,5,full,sherbrooke,233,5c058d7102aaed527b12303960ce973378d40058c33234f5f9159c54be9335a6,24,9,10.639010483399034,127,31408,18928,5032,5420,1221,24,3661,2521,2208,852,332
quality_4_6_scatter_2,scatter,ring,5,full,line25,211,5c058d7102aaed527b12303960ce973378d40058c33234f5f9159c54be9335a6,24,9,0.5900783739052713,25,10670,6338,4836,2204,1059,24,3661,2521,2208,852,332
quality_4_6_scatter_2,scatter,ring,5,full,line25,223,5c058d7102aaed527b12303960ce973378d40058c33234f5f9159c54be9335a6,24,9,0.5848560170270503,25,10765,6392,4796,2110,1035,24,3661,2521,2208,852,332
quality_4_6_scatter_2,scatter,ring,5,full,line25,227,5c058d7102aaed527b12303960ce973378d40058c33234f5f9159c54be9335a6,24,9,0.5797504000365734,25,10671,6340,4824,2159,1077,24,3661,2521,2208,852,332
quality_4_6_scatter_2,scatter,ring,5,full,line25,229,5c058d7102aaed527b12303960ce973378d40058c33234f5f9159c54be9335a6,24,9,0.5773649890907109,25,10709,6364,4785,2061,1012,24,3661,2521,2208,852,332
quality_4_6_scatter_2,scatter,ring,5,full,line25,233,5c058d7102aaed527b12303960ce973378d40058c33234f5f9159c54be9335a6,24,9,0.5801803669892251,25,10480,6238,4907,2106,1100,24,3661,2521,2208,852,332
quality_4_6_scatter_2,scatter,ring,5,full,grid25,211,5c058d7102aaed527b12303960ce973378d40058c33234f5f9159c54be9335a6,24,9,0.5350588331930339,25,6629,4122,3911,2595,1249,24,3661,2521,2208,852,332
quality_4_6_scatter_2,scatter,ring,5,full,grid25,223,5c058d7102aaed527b12303960ce973378d40058c33234f5f9159c54be9335a6,24,9,0.5350040099583566,25,6380,3982,3961,2309,1182,24,3661,2521,2208,852,332
quality_4_6_scatter_2,scatter,ring,5,full,grid25,227,5c058d7102aaed527b12303960ce973378d40058c33234f5f9159c54be9335a6,24,9,0.5348882619291544,25,6186,3883,3962,2266,1180,24,3661,2521,2208,852,332
quality_4_6_scatter_2,scatter,ring,5,full,grid25,229,5c058d7102aaed527b12303960ce973378d40058c33234f5f9159c54be9335a6,24,9,0.5348988231271505,25,6162,3865,4046,2505,1274,24,3661,2521,2208,852,332
quality_4_6_scatter_2,scatter,ring,5,full,grid25,233,5c058d7102aaed527b12303960ce973378d40058c33234f5f9159c54be9335a6,24,9,0.5389332687482238,25,5837,3688,4091,2480,1262,24,3661,2521,2208,852,332
quality_4_6_scatter_2,scatter,ring,6,full,sherbrooke,211,8156c91cd3bfd33b4c29b4ae1f16b8a16c6882d01b787eab712601e3badaa651,24,11,15.32191615132615,127,39969,24127,6310,7713,1674,24,4441,3073,2736,1034,406
quality_4_6_scatter_2,scatter,ring,6,full,sherbrooke,223,8156c91cd3bfd33b4c29b4ae1f16b8a16c6882d01b787eab712601e3badaa651,24,11,15.914740989916027,127,39260,23553,6493,7643,1764,24,4441,3073,2736,1034,406
quality_4_6_scatter_2,scatter,ring,6,full,sherbrooke,227,8156c91cd3bfd33b4c29b4ae1f16b8a16c6882d01b787eab712601e3badaa651,24,11,15.685956499073654,127,38527,23182,6216,7105,1581,24,4441,3073,2736,1034,406
quality_4_6_scatter_2,scatter,ring,6,full,sherbrooke,229,8156c91cd3bfd33b4c29b4ae1f16b8a16c6882d01b787eab712601e3badaa651,24,11,15.64950845297426,127,39552,23719,6455,7763,1715,24,4441,3073,2736,1034,406
quality_4_6_scatter_2,scatter,ring,6,full,sherbrooke,233,8156c91cd3bfd33b4c29b4ae1f16b8a16c6882d01b787eab712601e3badaa651,24,11,17.00321206310764,127,38952,23561,6172,7174,1553,24,4441,3073,2736,1034,406
quality_4_6_scatter_2,scatter,ring,6,full,line25,211,8156c91cd3bfd33b4c29b4ae1f16b8a16c6882d01b787eab712601e3badaa651,24,11,0.7352525764144957,25,13011,7742,6082,2841,1488,24,4441,3073,2736,1034,406
quality_4_6_scatter_2,scatter,ring,6,full,line25,223,8156c91cd3bfd33b4c29b4ae1f16b8a16c6882d01b787eab712601e3badaa651,24,11,0.7277681608684361,25,13190,7847,6031,2647,1348,24,4441,3073,2736,1034,406
quality_4_6_scatter_2,scatter,ring,6,full,line25,227,8156c91cd3bfd33b4c29b4ae1f16b8a16c6882d01b787eab712601e3badaa651,24,11,0.7379491403698921,25,13361,7927,6060,2643,1290,24,4441,3073,2736,1034,406
quality_4_6_scatter_2,scatter,ring,6,full,line25,229,8156c91cd3bfd33b4c29b4ae1f16b8a16c6882d01b787eab712601e3badaa651,24,11,0.7307007978670299,25,13067,7767,6035,2689,1393,24,4441,3073,2736,1034,406
quality_4_6_scatter_2,scatter,ring,6,full,line25,233,8156c91cd3bfd33b4c29b4ae1f16b8a16c6882d01b787eab712601e3badaa651,24,11,0.7353402897715569,25,13140,7818,5972,2692,1405,24,4441,3073,2736,1034,406
quality_4_6_scatter_2,scatter,ring,6,full,grid25,211,8156c91cd3bfd33b4c29b4ae1f16b8a16c6882d01b787eab712601e3badaa651,24,11,0.6713833059184253,25,7907,4943,4886,2908,1415,24,4441,3073,2736,1034,406
quality_4_6_scatter_2,scatter,ring,6,full,grid25,223,8156c91cd3bfd33b4c29b4ae1f16b8a16c6882d01b787eab712601e3badaa651,24,11,0.6672782469540834,25,7914,4940,4891,3018,1438,24,4441,3073,2736,1034,406
quality_4_6_scatter_2,scatter,ring,6,full,grid25,227,8156c91cd3bfd33b4c29b4ae1f16b8a16c6882d01b787eab712601e3badaa651,24,11,0.6659726346842945,25,7828,4891,4859,3125,1476,24,4441,3073,2736,1034,406
quality_4_6_scatter_2,scatter,ring,6,full,grid25,229,8156c91cd3bfd33b4c29b4ae1f16b8a16c6882d01b787eab712601e3badaa651,24,11,0.6703931060619652,25,7882,4934,4953,2938,1468,24,4441,3073,2736,1034,406
quality_4_6_scatter_2,scatter,ring,6,full,grid25,233,8156c91cd3bfd33b4c29b4ae1f16b8a16c6882d01b787eab712601e3badaa651,24,11,0.6683216369710863,25,7611,4777,5026,3041,1532,24,4441,3073,2736,1034,406
quality_4_6_scatter_2,scatter,ring,7,full,sherbrooke,211,c9abb72d56c7caea77020914df25a63e54a5d885680b877f5ffbb45049478f00,24,13,20.707583317067474,127,46409,27995,7461,8504,1890,24,5221,3625,3264,1216,480
quality_4_6_scatter_2,scatter,ring,7,full,sherbrooke,223,c9abb72d56c7caea77020914df25a63e54a5d885680b877f5ffbb45049478f00,24,13,24.81788774812594,127,46865,28212,7525,8127,1850,24,5221,3625,3264,1216,480
quality_4_6_scatter_2,scatter,ring,7,full,sherbrooke,227,c9abb72d56c7caea77020914df25a63e54a5d885680b877f5ffbb45049478f00,24,13,22.808751524891704,127,46902,28164,7649,9244,2071,24,5221,3625,3264,1216,480
quality_4_6_scatter_2,scatter,ring,7,full,sherbrooke,229,c9abb72d56c7caea77020914df25a63e54a5d885680b877f5ffbb45049478f00,24,13,23.892344526015222,127,48689,29252,7880,9483,2099,24,5221,3625,3264,1216,480
quality_4_6_scatter_2,scatter,ring,7,full,sherbrooke,233,c9abb72d56c7caea77020914df25a63e54a5d885680b877f5ffbb45049478f00,24,13,23.627562143839896,127,47363,28596,7582,8524,1906,24,5221,3625,3264,1216,480
quality_4_6_scatter_2,scatter,ring,7,full,line25,211,c9abb72d56c7caea77020914df25a63e54a5d885680b877f5ffbb45049478f00,24,13,0.9023281261324883,25,15665,9316,7264,3166,1608,24,5221,3625,3264,1216,480
quality_4_6_scatter_2,scatter,ring,7,full,line25,223,c9abb72d56c7caea77020914df25a63e54a5d885680b877f5ffbb45049478f00,24,13,0.8967029522173107,25,15728,9344,7279,3153,1537,24,5221,3625,3264,1216,480
quality_4_6_scatter_2,scatter,ring,7,full,line25,227,c9abb72d56c7caea77020914df25a63e54a5d885680b877f5ffbb45049478f00,24,13,0.8949026418849826,25,15860,9425,7290,3282,1665,24,5221,3625,3264,1216,480
quality_4_6_scatter_2,scatter,ring,7,full,line25,229,c9abb72d56c7caea77020914df25a63e54a5d885680b877f5ffbb45049478f00,24,13,0.8979002311825752,25,15985,9495,7224,3200,1543,24,5221,3625,3264,1216,480
quality_4_6_scatter_2,scatter,ring,7,full,line25,233,c9abb72d56c7caea77020914df25a63e54a5d885680b877f5ffbb45049478f00,24,13,0.8917213571257889,25,15438,9185,7344,3195,1588,24,5221,3625,3264,1216,480
quality_4_6_scatter_2,scatter,ring,7,full,grid25,211,c9abb72d56c7caea77020914df25a63e54a5d885680b877f5ffbb45049478f00,24,13,0.8189799371175468,25,9000,5663,6043,3417,1778,24,5221,3625,3264,1216,480
quality_4_6_scatter_2,scatter,ring,7,full,grid25,223,c9abb72d56c7caea77020914df25a63e54a5d885680b877f5ffbb45049478f00,24,13,0.8208181792870164,25,9317,5833,6013,3462,1776,24,5221,3625,3264,1216,480
quality_4_6_scatter_2,scatter,ring,7,full,grid25,227,c9abb72d56c7caea77020914df25a63e54a5d885680b877f5ffbb45049478f00,24,13,0.8207215368747711,25,9216,5773,6011,3652,1780,24,5221,3625,3264,1216,480
quality_4_6_scatter_2,scatter,ring,7,full,grid25,229,c9abb72d56c7caea77020914df25a63e54a5d885680b877f5ffbb45049478f00,24,13,0.8209806429222226,25,9385,5873,5947,3284,1710,24,5221,3625,3264,1216,480
quality_4_6_scatter_2,scatter,ring,7,full,grid25,233,c9abb72d56c7caea77020914df25a63e54a5d885680b877f5ffbb45049478f00,24,13,0.8129806299693882,25,8679,5492,6094,3585,1859,24,5221,3625,3264,1216,480
quality_4_6_scatter_2,scatter,ring,8,full,sherbrooke,211,c8e2b619028d7752fe9ca12044c4bc45741ae330e72d3b65edbd377fdcf86caf,24,15,31.39405379490927,127,53737,32322,8654,9119,2050,24,6001,4177,3792,1398,554
quality_4_6_scatter_2,scatter,ring,8,full,sherbrooke,223,c8e2b619028d7752fe9ca12044c4bc45741ae330e72d3b65edbd377fdcf86caf,24,15,33.12324117310345,127,55406,33353,8810,10323,2290,24,6001,4177,3792,1398,554
quality_4_6_scatter_2,scatter,ring,8,full,sherbrooke,227,c8e2b619028d7752fe9ca12044c4bc45741ae330e72d3b65edbd377fdcf86caf,24,15,33.257601636927575,127,54504,32787,8837,10442,2381,24,6001,4177,3792,1398,554
quality_4_6_scatter_2,scatter,ring,8,full,sherbrooke,229,c8e2b619028d7752fe9ca12044c4bc45741ae330e72d3b65edbd377fdcf86caf,24,15,32.687085930258036,127,54551,32809,8933,10519,2379,24,6001,4177,3792,1398,554
quality_4_6_scatter_2,scatter,ring,8,full,sherbrooke,233,c8e2b619028d7752fe9ca12044c4bc45741ae330e72d3b65edbd377fdcf86caf,24,15,33.20767234498635,127,54934,33053,8878,10788,2440,24,6001,4177,3792,1398,554
quality_4_6_scatter_2,scatter,ring,8,full,line25,211,c8e2b619028d7752fe9ca12044c4bc45741ae330e72d3b65edbd377fdcf86caf,24,15,1.0317982262931764,25,17976,10690,8600,3746,1908,24,6001,4177,3792,1398,554
quality_4_6_scatter_2,scatter,ring,8,full,line25,223,c8e2b619028d7752fe9ca12044c4bc45741ae330e72d3b65edbd377fdcf86caf,24,15,1.0250002914108336,25,17356,10364,8525,3681,1881,24,6001,4177,3792,1398,554
quality_4_6_scatter_2,scatter,ring,8,full,line25,227,c8e2b619028d7752fe9ca12044c4bc45741ae330e72d3b65edbd377fdcf86caf,24,15,1.0276223146356642,25,17869,10645,8578,3674,1870,24,6001,4177,3792,1398,554
quality_4_6_scatter_2,scatter,ring,8,full,line25,229,c8e2b619028d7752fe9ca12044c4bc45741ae330e72d3b65edbd377fdcf86caf,24,15,1.0229362449608743,25,18584,11028,8348,3750,1796,24,6001,4177,3792,1398,554
quality_4_6_scatter_2,scatter,ring,8,full,line25,233,c8e2b619028d7752fe9ca12044c4bc45741ae330e72d3b65edbd377fdcf86caf,24,15,1.02357291104272,25,18065,10746,8492,3707,1846,24,6001,4177,3792,1398,554
quality_4_6_scatter_2,scatter,ring,8,full,grid25,211,c8e2b619028d7752fe9ca12044c4bc45741ae330e72d3b65edbd377fdcf86caf,24,15,0.9383219187147915,25,10510,6614,6967,4097,2109,24,6001,4177,3792,1398,554
quality_4_6_scatter_2,scatter,ring,8,full,grid25,223,c8e2b619028d7752fe9ca12044c4bc45741ae330e72d3b65edbd377fdcf86caf,24,15,0.9477856899611652,25,10136,6407,7136,4190,2259,24,6001,4177,3792,1398,554
quality_4_6_scatter_2,scatter,ring,8,full,grid25,227,c8e2b619028d7752fe9ca12044c4bc45741ae330e72d3b65edbd377fdcf86caf,24,15,0.9406288508325815,25,10303,6499,7032,3997,2060,24,6001,4177,3792,1398,554
quality_4_6_scatter_2,scatter,ring,8,full,grid25,229,c8e2b619028d7752fe9ca12044c4bc45741ae330e72d3b65edbd377fdcf86caf,24,15,0.9382165200076997,25,10342,6516,7128,4590,2307,24,6001,4177,3792,1398,554
quality_4_6_scatter_2,scatter,ring,8,full,grid25,233,c8e2b619028d7752fe9ca12044c4bc45741ae330e72d3b65edbd377fdcf86caf,24,15,1.0409584576264024,25,10326,6505,7093,4431,2307,24,6001,4177,3792,1398,554
quality_4_6_scatter_2,scatter,ring,9,full,sherbrooke,211,dd549e07efd2703b0e5addba40a5d4fd5f5a704568e037f717e3543f5a679232,24,17,41.93978890730068,127,64044,38582,10314,12623,2856,24,6781,4729,4320,1580,628
quality_4_6_scatter_2,scatter,ring,9,full,sherbrooke,223,dd549e07efd2703b0e5addba40a5d4fd5f5a704568e037f717e3543f5a679232,24,17,38.000072550959885,127,60602,36203,10076,10618,2408,24,6781,4729,4320,1580,628
quality_4_6_scatter_2,scatter,ring,9,full,sherbrooke,227,dd549e07efd2703b0e5addba40a5d4fd5f5a704568e037f717e3543f5a679232,24,17,40.2837647004053,127,64050,38693,10007,12051,2508,24,6781,4729,4320,1580,628
quality_4_6_scatter_2,scatter,ring,9,full,sherbrooke,229,dd549e07efd2703b0e5addba40a5d4fd5f5a704568e037f717e3543f5a679232,24,17,39.68233100231737,127,61707,37207,9743,9964,2156,24,6781,4729,4320,1580,628
quality_4_6_scatter_2,scatter,ring,9,full,sherbrooke,233,dd549e07efd2703b0e5addba40a5d4fd5f5a704568e037f717e3543f5a679232,24,17,38.90666023502126,127,62218,37458,9935,11482,2535,24,6781,4729,4320,1580,628
quality_4_6_scatter_2,scatter,ring,9,full,line25,211,dd549e07efd2703b0e5addba40a5d4fd5f5a704568e037f717e3543f5a679232,24,17,1.1873058532364666,25,20646,12268,9723,4270,2122,24,6781,4729,4320,1580,628
quality_4_6_scatter_2,scatter,ring,9,full,line25,223,dd549e07efd2703b0e5addba40a5d4fd5f5a704568e037f717e3543f5a679232,24,17,1.18259462621063,25,20560,12233,9630,4108,2104,24,6781,4729,4320,1580,628
quality_4_6_scatter_2,scatter,ring,9,full,line25,227,dd549e07efd2703b0e5addba40a5d4fd5f5a704568e037f717e3543f5a679232,24,17,1.1773790819570422,25,20541,12220,9728,4229,2105,24,6781,4729,4320,1580,628
quality_4_6_scatter_2,scatter,ring,9,full,line25,229,dd549e07efd2703b0e5addba40a5d4fd5f5a704568e037f717e3543f5a679232,24,17,1.1805169037543237,25,20479,12182,9752,4367,2181,24,6781,4729,4320,1580,628
quality_4_6_scatter_2,scatter,ring,9,full,line25,233,dd549e07efd2703b0e5addba40a5d4fd5f5a704568e037f717e3543f5a679232,24,17,1.2851779172196984,25,20699,12300,9721,4189,2084,24,6781,4729,4320,1580,628
quality_4_6_scatter_2,scatter,ring,9,full,grid25,211,dd549e07efd2703b0e5addba40a5d4fd5f5a704568e037f717e3543f5a679232,24,17,1.0865659746341407,25,11818,7448,8030,4808,2480,24,6781,4729,4320,1580,628
quality_4_6_scatter_2,scatter,ring,9,full,grid25,223,dd549e07efd2703b0e5addba40a5d4fd5f5a704568e037f717e3543f5a679232,24,17,1.0783322318457067,25,11957,7526,8066,4674,2444,24,6781,4729,4320,1580,628
quality_4_6_scatter_2,scatter,ring,9,full,grid25,227,dd549e07efd2703b0e5addba40a5d4fd5f5a704568e037f717e3543f5a679232,24,17,1.0818827701732516,25,11733,7396,8120,4900,2570,24,6781,4729,4320,1580,628
quality_4_6_scatter_2,scatter,ring,9,full,grid25,229,dd549e07efd2703b0e5addba40a5d4fd5f5a704568e037f717e3543f5a679232,24,17,1.0768026011064649,25,11748,7400,8013,4628,2372,24,6781,4729,4320,1580,628
quality_4_6_scatter_2,scatter,ring,9,full,grid25,233,dd549e07efd2703b0e5addba40a5d4fd5f5a704568e037f717e3543f5a679232,24,17,1.083816901780665,25,11712,7384,8087,4794,2524,24,6781,4729,4320,1580,628
quality_4_6_scatter_2,scatter,ring,10,full,sherbrooke,211,764f0cb62a57d51059ff09c71f06ba4dea308311f176529e27e49da9a7ab7e2a,24,19,51.560540618840605,127,69004,41476,11259,12169,2761,24,7561,5281,4848,1762,702
quality_4_6_scatter_2,scatter,ring,10,full,sherbrooke,223,764f0cb62a57d51059ff09c71f06ba4dea308311f176529e27e49da9a7ab7e2a,24,19,49.875876299105585,127,70084,41997,11557,13702,3106,24,7561,5281,4848,1762,702
quality_4_6_scatter_2,scatter,ring,10,full,sherbrooke,227,764f0cb62a57d51059ff09c71f06ba4dea308311f176529e27e49da9a7ab7e2a,24,19,49.94100695801899,127,71124,42920,11390,13141,2934,24,7561,5281,4848,1762,702
quality_4_6_scatter_2,scatter,ring,10,full,sherbrooke,229,764f0cb62a57d51059ff09c71f06ba4dea308311f176529e27e49da9a7ab7e2a,24,19,50.22405412979424,127,69130,41585,11108,13515,3020,24,7561,5281,4848,1762,702
quality_4_6_scatter_2,scatter,ring,10,full,sherbrooke,233,764f0cb62a57d51059ff09c71f06ba4dea308311f176529e27e49da9a7ab7e2a,24,19,52.73751326696947,127,69985,42109,11202,12041,2616,24,7561,5281,4848,1762,702
quality_4_6_scatter_2,scatter,ring,10,full,line25,211,764f0cb62a57d51059ff09c71f06ba4dea308311f176529e27e49da9a7ab7e2a,24,19,1.3334940490312874,25,23175,13784,11048,4850,2415,24,7561,5281,4848,1762,702
quality_4_6_scatter_2,scatter,ring,10,full,line25,223,764f0cb62a57d51059ff09c71f06ba4dea308311f176529e27e49da9a7ab7e2a,24,19,1.3276523491367698,25,23250,13820,10884,4743,2386,24,7561,5281,4848,1762,702
quality_4_6_scatter_2,scatter,ring,10,full,line25,227,764f0cb62a57d51059ff09c71f06ba4dea308311f176529e27e49da9a7ab7e2a,24,19,1.3298886781558394,25,22721,13536,11044,4700,2393,24,7561,5281,4848,1762,702
quality_4_6_scatter_2,scatter,ring,10,full,line25,229,764f0cb62a57d51059ff09c71f06ba4dea308311f176529e27e49da9a7ab7e2a,24,19,1.3265591971576214,25,23330,13862,10790,4672,2339,24,7561,5281,4848,1762,702
quality_4_6_scatter_2,scatter,ring,10,full,line25,233,764f0cb62a57d51059ff09c71f06ba4dea308311f176529e27e49da9a7ab7e2a,24,19,1.451604678761214,25,23574,14000,10926,4796,2412,24,7561,5281,4848,1762,702
quality_4_6_scatter_2,scatter,ring,10,full,grid25,211,764f0cb62a57d51059ff09c71f06ba4dea308311f176529e27e49da9a7ab7e2a,24,19,1.2167115439660847,25,13203,8320,9074,5174,2599,24,7561,5281,4848,1762,702
quality_4_6_scatter_2,scatter,ring,10,full,grid25,223,764f0cb62a57d51059ff09c71f06ba4dea308311f176529e27e49da9a7ab7e2a,24,19,1.2152660000137985,25,13397,8424,8992,5418,2767,24,7561,5281,4848,1762,702
quality_4_6_scatter_2,scatter,ring,10,full,grid25,227,764f0cb62a57d51059ff09c71f06ba4dea308311f176529e27e49da9a7ab7e2a,24,19,1.2121726907789707,25,13468,8467,8967,5285,2724,24,7561,5281,4848,1762,702
quality_4_6_scatter_2,scatter,ring,10,full,grid25,229,764f0cb62a57d51059ff09c71f06ba4dea308311f176529e27e49da9a7ab7e2a,24,19,1.21243646601215,25,13344,8394,9022,5436,2866,24,7561,5281,4848,1762,702
quality_4_6_scatter_2,scatter,ring,10,full,grid25,233,764f0cb62a57d51059ff09c71f06ba4dea308311f176529e27e49da9a7ab7e2a,24,19,1.2121259132400155,25,13158,8300,9119,5277,2734,24,7561,5281,4848,1762,702
quality_4_6_scatter_2,scatter,ring,11,full,sherbrooke,211,65313c7c0799fd11b155fb36ded99e60778d55d589c2e1cfdcbdad34bfdef0e9,24,21,56.41593278571963,127,76357,46019,12122,11592,2589,24,8341,5833,5376,1944,776
quality_4_6_scatter_2,scatter,ring,11,full,sherbrooke,223,65313c7c0799fd11b155fb36ded99e60778d55d589c2e1cfdcbdad34bfdef0e9,24,21,60.21863511390984,127,76690,45794,12994,13654,3120,24,8341,5833,5376,1944,776
quality_4_6_scatter_2,scatter,ring,11,full,sherbrooke,227,65313c7c0799fd11b155fb36ded99e60778d55d589c2e1cfdcbdad34bfdef0e9,24,21,63.09907800797373,127,77883,46717,12790,14509,3239,24,8341,5833,5376,1944,776
quality_4_6_scatter_2,scatter,ring,11,full,sherbrooke,229,65313c7c0799fd11b155fb36ded99e60778d55d589c2e1cfdcbdad34bfdef0e9,24,21,69.22417151695117,127,78631,47264,12758,15139,3328,24,8341,5833,5376,1944,776
quality_4_6_scatter_2,scatter,ring,11,full,sherbrooke,233,65313c7c0799fd11b155fb36ded99e60778d55d589c2e1cfdcbdad34bfdef0e9,24,21,61.77541313599795,127,77658,46768,12542,14373,3182,24,8341,5833,5376,1944,776
quality_4_6_scatter_2,scatter,ring,11,full,line25,211,65313c7c0799fd11b155fb36ded99e60778d55d589c2e1cfdcbdad34bfdef0e9,24,21,1.5005028741434216,25,25692,15281,12147,5390,2803,24,8341,5833,5376,1944,776
quality_4_6_scatter_2,scatter,ring,11,full,line25,223,65313c7c0799fd11b155fb36ded99e60778d55d589c2e1cfdcbdad34bfdef0e9,24,21,1.5113806216977537,25,25734,15294,12254,5344,2578,24,8341,5833,5376,1944,776
quality_4_6_scatter_2,scatter,ring,11,full,line25,227,65313c7c0799fd11b155fb36ded99e60778d55d589c2e1cfdcbdad34bfdef0e9,24,21,1.6712909960187972,25,25734,15302,12221,5299,2717,24,8341,5833,5376,1944,776
quality_4_6_scatter_2,scatter,ring,11,full,line25,229,65313c7c0799fd11b155fb36ded99e60778d55d589c2e1cfdcbdad34bfdef0e9,24,21,1.5148008042015135,25,24966,14880,12328,5306,2735,24,8341,5833,5376,1944,776
quality_4_6_scatter_2,scatter,ring,11,full,line25,233,65313c7c0799fd11b155fb36ded99e60778d55d589c2e1cfdcbdad34bfdef0e9,24,21,1.511088051367551,25,25458,15152,12180,5114,2602,24,8341,5833,5376,1944,776
quality_4_6_scatter_2,scatter,ring,11,full,grid25,211,65313c7c0799fd11b155fb36ded99e60778d55d589c2e1cfdcbdad34bfdef0e9,24,21,1.3620723760686815,25,14837,9333,10103,5851,3044,24,8341,5833,5376,1944,776
quality_4_6_scatter_2,scatter,ring,11,full,grid25,223,65313c7c0799fd11b155fb36ded99e60778d55d589c2e1cfdcbdad34bfdef0e9,24,21,1.366116430144757,25,13999,8883,10143,6002,3152,24,8341,5833,5376,1944,776
quality_4_6_scatter_2,scatter,ring,11,full,grid25,227,65313c7c0799fd11b155fb36ded99e60778d55d589c2e1cfdcbdad34bfdef0e9,24,21,1.3587305312976241,25,14385,9084,10164,5879,3119,24,8341,5833,5376,1944,776
quality_4_6_scatter_2,scatter,ring,11,full,grid25,229,65313c7c0799fd11b155fb36ded99e60778d55d589c2e1cfdcbdad34bfdef0e9,24,21,1.362173526082188,25,14617,9211,10136,6107,3190,24,8341,5833,5376,1944,776
quality_4_6_scatter_2,scatter,ring,11,full,grid25,233,65313c7c0799fd11b155fb36ded99e60778d55d589c2e1cfdcbdad34bfdef0e9,24,21,1.3590555302798748,25,14647,9228,10198,6047,3176,24,8341,5833,5376,1944,776
quality_4_6_scatter_2,scatter,ring,12,full,sherbrooke,211,2146f88b79ef002dfe0c14efa2c42e441943a94f4586b2af25434f84ca8b1962,24,23,65.6043101050891,127,84346,50594,14018,15054,3428,24,9121,6385,5904,2126,850
quality_4_6_scatter_2,scatter,ring,12,full,sherbrooke,223,2146f88b79ef002dfe0c14efa2c42e441943a94f4586b2af25434f84ca8b1962,24,23,84.54484004387632,127,84748,50885,13792,15333,3458,24,9121,6385,5904,2126,850
quality_4_6_scatter_2,scatter,ring,12,full,sherbrooke,227,2146f88b79ef002dfe0c14efa2c42e441943a94f4586b2af25434f84ca8b1962,24,23,74.35494908830151,127,87020,52152,14583,17642,4124,24,9121,6385,5904,2126,850
quality_4_6_scatter_2,scatter,ring,12,full,sherbrooke,229,2146f88b79ef002dfe0c14efa2c42e441943a94f4586b2af25434f84ca8b1962,24,23,79.08185837883502,127,86507,51900,14351,16973,3889,24,9121,6385,5904,2126,850
quality_4_6_scatter_2,scatter,ring,12,full,sherbrooke,233,2146f88b79ef002dfe0c14efa2c42e441943a94f4586b2af25434f84ca8b1962,24,23,70.57679858524352,127,83627,50396,13308,14716,3169,24,9121,6385,5904,2126,850
quality_4_6_scatter_2,scatter,ring,12,full,line25,211,2146f88b79ef002dfe0c14efa2c42e441943a94f4586b2af25434f84ca8b1962,24,23,1.6367100230418146,25,28123,16727,13324,6002,2987,24,9121,6385,5904,2126,850
quality_4_6_scatter_2,scatter,ring,12,full,line25,223,2146f88b79ef002dfe0c14efa2c42e441943a94f4586b2af25434f84ca8b1962,24,23,1.6285908548161387,25,27974,16641,13428,5869,2970,24,9121,6385,5904,2126,850
quality_4_6_scatter_2,scatter,ring,12,full,line25,227,2146f88b79ef002dfe0c14efa2c42e441943a94f4586b2af25434f84ca8b1962,24,23,1.6330620520748198,25,28430,16889,13328,5788,2845,24,9121,6385,5904,2126,850
quality_4_6_scatter_2,scatter,ring,12,full,line25,229,2146f88b79ef002dfe0c14efa2c42e441943a94f4586b2af25434f84ca8b1962,24,23,1.6296240449883044,25,28807,17105,13228,5842,2893,24,9121,6385,5904,2126,850
quality_4_6_scatter_2,scatter,ring,12,full,line25,233,2146f88b79ef002dfe0c14efa2c42e441943a94f4586b2af25434f84ca8b1962,24,23,1.759201989043504,25,28391,16876,13354,5762,2833,24,9121,6385,5904,2126,850
quality_4_6_scatter_2,scatter,ring,12,full,grid25,211,2146f88b79ef002dfe0c14efa2c42e441943a94f4586b2af25434f84ca8b1962,24,23,1.4830782292410731,25,16469,10352,11044,6510,3345,24,9121,6385,5904,2126,850
quality_4_6_scatter_2,scatter,ring,12,full,grid25,223,2146f88b79ef002dfe0c14efa2c42e441943a94f4586b2af25434f84ca8b1962,24,23,1.4811525023542345,25,15464,9806,11215,6792,3625,24,9121,6385,5904,2126,850
quality_4_6_scatter_2,scatter,ring,12,full,grid25,227,2146f88b79ef002dfe0c14efa2c42e441943a94f4586b2af25434f84ca8b1962,24,23,1.4785526497289538,25,16202,10197,11111,6769,3441,24,9121,6385,5904,2126,850
quality_4_6_scatter_2,scatter,ring,12,full,grid25,229,2146f88b79ef002dfe0c14efa2c42e441943a94f4586b2af25434f84ca8b1962,24,23,1.4832652797922492,25,16181,10191,11064,6909,3487,24,9121,6385,5904,2126,850
quality_4_6_scatter_2,scatter,ring,12,full,grid25,233,2146f88b79ef002dfe0c14efa2c42e441943a94f4586b2af25434f84ca8b1962,24,23,1.4820757061243057,25,16615,10434,10953,6582,3306,24,9121,6385,5904,2126,850
quality_4_6_scatter_3,scatter,serial,3,full,sherbrooke,211,4f6ed2881422ce6b91117bbc039e1e931a46be2b1781f4c9509821b1e6e043a3,19,5,3.508393296971917,127,16968,9882,3069,7581,1821,19,1411,1109,1017,1260,742
quality_4_6_scatter_3,scatter,serial,3,full,sherbrooke,223,4f6ed2881422ce6b91117bbc039e1e931a46be2b1781f4c9509821b1e6e043a3,19,5,3.393811224028468,127,17480,10280,3067,8398,1965,19,1411,1109,1017,1260,742
quality_4_6_scatter_3,scatter,serial,3,full,sherbrooke,227,4f6ed2881422ce6b91117bbc039e1e931a46be2b1781f4c9509821b1e6e043a3,19,5,3.4240864678286016,127,17203,10094,3087,8263,1974,19,1411,1109,1017,1260,742
quality_4_6_scatter_3,scatter,serial,3,full,sherbrooke,229,4f6ed2881422ce6b91117bbc039e1e931a46be2b1781f4c9509821b1e6e043a3,19,5,3.060453213751316,127,16267,9494,2984,7790,1886,19,1411,1109,1017,1260,742
quality_4_6_scatter_3,scatter,serial,3,full,sherbrooke,233,4f6ed2881422ce6b91117bbc039e1e931a46be2b1781f4c9509821b1e6e043a3,19,5,3.1513233790174127,127,16302,9579,2907,7721,1817,19,1411,1109,1017,1260,742
quality_4_6_scatter_3,scatter,serial,3,full,line25,211,4f6ed2881422ce6b91117bbc039e1e931a46be2b1781f4c9509821b1e6e043a3,19,5,0.29464470176026225,25,2571,1741,3387,3046,2089,19,1411,1109,1017,1260,742
quality_4_6_scatter_3,scatter,serial,3,full,line25,223,4f6ed2881422ce6b91117bbc039e1e931a46be2b1781f4c9509821b1e6e043a3,19,5,0.24616176588460803,25,2572,1738,3390,3015,2068,19,1411,1109,1017,1260,742
quality_4_6_scatter_3,scatter,serial,3,full,line25,227,4f6ed2881422ce6b91117bbc039e1e931a46be2b1781f4c9509821b1e6e043a3,19,5,0.22277565905824304,25,2552,1731,3404,3025,2088,19,1411,1109,1017,1260,742
quality_4_6_scatter_3,scatter,serial,3,full,line25,229,4f6ed2881422ce6b91117bbc039e1e931a46be2b1781f4c9509821b1e6e043a3,19,5,0.2192931491881609,25,2607,1759,3375,3054,2063,19,1411,1109,1017,1260,742
quality_4_6_scatter_3,scatter,serial,3,full,line25,233,4f6ed2881422ce6b91117bbc039e1e931a46be2b1781f4c9509821b1e6e043a3,19,5,0.22145104221999645,25,2611,1759,3385,3077,2084,19,1411,1109,1017,1260,742
quality_4_6_scatter_3,scatter,serial,3,full,grid25,211,4f6ed2881422ce6b91117bbc039e1e931a46be2b1781f4c9509821b1e6e043a3,19,5,0.19024943793192506,25,2023,1444,2175,2243,1414,19,1411,1109,1017,1260,742
quality_4_6_scatter_3,scatter,serial,3,full,grid25,223,4f6ed2881422ce6b91117bbc039e1e931a46be2b1781f4c9509821b1e6e043a3,19,5,0.1913547138683498,25,1942,1403,2159,2319,1472,19,1411,1109,1017,1260,742
quality_4_6_scatter_3,scatter,serial,3,full,grid25,227,4f6ed2881422ce6b91117bbc039e1e931a46be2b1781f4c9509821b1e6e043a3,19,5,0.20917996810749173,25,2098,1479,2166,2268,1460,19,1411,1109,1017,1260,742
quality_4_6_scatter_3,scatter,serial,3,full,grid25,229,4f6ed2881422ce6b91117bbc039e1e931a46be2b1781f4c9509821b1e6e043a3,19,5,0.19141711108386517,25,2080,1478,2166,2272,1448,19,1411,1109,1017,1260,742
quality_4_6_scatter_3,scatter,serial,3,full,grid25,233,4f6ed2881422ce6b91117bbc039e1e931a46be2b1781f4c9509821b1e6e043a3,19,5,0.19117376394569874,25,1977,1421,2220,2362,1555,19,1411,1109,1017,1260,742
quality_4_6_scatter_3,scatter,complete,1,full,sherbrooke,211,aae165753d937b992a7708901704bdf8cdd0216fb08ce8d78bf3615d69d69abe,24,1,0.24500176683068275,127,2423,1485,324,664,117,24,1081,637,240,147,36
quality_4_6_scatter_3,scatter,complete,1,full,sherbrooke,223,aae165753d937b992a7708901704bdf8cdd0216fb08ce8d78bf3615d69d69abe,24,1,0.061066675931215286,127,2547,1557,328,394,68,24,1081,637,240,147,36
quality_4_6_scatter_3,scatter,complete,1,full,sherbrooke,227,aae165753d937b992a7708901704bdf8cdd0216fb08ce8d78bf3615d69d69abe,24,1,0.06394388014450669,127,2467,1516,314,391,67,24,1081,637,240,147,36
quality_4_6_scatter_3,scatter,complete,1,full,sherbrooke,229,aae165753d937b992a7708901704bdf8cdd0216fb08ce8d78bf3615d69d69abe,24,1,0.08117238385602832,127,2512,1529,320,416,70,24,1081,637,240,147,36
quality_4_6_scatter_3,scatter,complete,1,full,sherbrooke,233,aae165753d937b992a7708901704bdf8cdd0216fb08ce8d78bf3615d69d69abe,24,1,0.07950244704261422,127,2374,1461,311,374,59,24,1081,637,240,147,36
quality_4_6_scatter_3,scatter,complete,1,full,line25,211,aae165753d937b992a7708901704bdf8cdd0216fb08ce8d78bf3615d69d69abe,24,1,0.042382518760859966,25,1501,861,300,185,47,24,1081,637,240,147,36
quality_4_6_scatter_3,scatter,complete,1,full,line25,223,aae165753d937b992a7708901704bdf8cdd0216fb08ce8d78bf3615d69d69abe,24,1,0.040522206109017134,25,1491,856,306,188,52,24,1081,637,240,147,36
quality_4_6_scatter_3,scatter,complete,1,full,line25,227,aae165753d937b992a7708901704bdf8cdd0216fb08ce8d78bf3615d69d69abe,24,1,0.041269800160080194,25,1440,828,324,205,58,24,1081,637,240,147,36
quality_4_6_scatter_3,scatter,complete,1,full,line25,229,aae165753d937b992a7708901704bdf8cdd0216fb08ce8d78bf3615d69d69abe,24,1,0.04018851974979043,25,1481,851,312,188,52,24,1081,637,240,147,36
quality_4_6_scatter_3,scatter,complete,1,full,line25,233,aae165753d937b992a7708901704bdf8cdd0216fb08ce8d78bf3615d69d69abe,24,1,0.04097153013572097,25,1463,840,318,198,55,24,1081,637,240,147,36
quality_4_6_scatter_3,scatter,complete,1,full,grid25,211,aae165753d937b992a7708901704bdf8cdd0216fb08ce8d78bf3615d69d69abe,24,1,0.041733581107109785,25,1261,726,293,207,60,24,1081,637,240,147,36
quality_4_6_scatter_3,scatter,complete,1,full,grid25,223,aae165753d937b992a7708901704bdf8cdd0216fb08ce8d78bf3615d69d69abe,24,1,0.04117202619090676,25,1274,734,297,217,63,24,1081,637,240,147,36
quality_4_6_scatter_3,scatter,complete,1,full,grid25,227,aae165753d937b992a7708901704bdf8cdd0216fb08ce8d78bf3615d69d69abe,24,1,0.04119281563907862,25,1261,723,297,206,60,24,1081,637,240,147,36
quality_4_6_scatter_3,scatter,complete,1,full,grid25,229,aae165753d937b992a7708901704bdf8cdd0216fb08ce8d78bf3615d69d69abe,24,1,0.040949319023638964,25,1245,716,298,229,64,24,1081,637,240,147,36
quality_4_6_scatter_3,scatter,complete,1,full,grid25,233,aae165753d937b992a7708901704bdf8cdd0216fb08ce8d78bf3615d69d69abe,24,1,0.04050110699608922,25,1276,734,301,212,63,24,1081,637,240,147,36
quality_4_6_scatter_3,scatter,complete,2,full,sherbrooke,211,512bca82fe41afc20173cb689356151b562523237dd209a598ea786487bb5098,24,3,1.3822824587114155,127,10235,6220,1554,1577,347,24,2371,1483,852,361,116
quality_4_6_scatter_3,scatter,complete,2,full,sherbrooke,223,512bca82fe41afc20173cb689356151b562523237dd209a598ea786487bb5098,24,3,1.0138345728628337,127,10621,6448,1573,1711,351,24,2371,1483,852,361,116
quality_4_6_scatter_3,scatter,complete,2,full,sherbrooke,227,512bca82fe41afc20173cb689356151b562523237dd209a598ea786487bb5098,24,3,1.06519391015172,127,10718,6497,1635,1999,417,24,2371,1483,852,361,116
quality_4_6_scatter_3,scatter,complete,2,full,sherbrooke,229,512bca82fe41afc20173cb689356151b562523237dd209a598ea786487bb5098,24,3,1.2206385182216763,127,10631,6448,1576,1876,402,24,2371,1483,852,361,116
quality_4_6_scatter_3,scatter,complete,2,full,sherbrooke,233,512bca82fe41afc20173cb689356151b562523237dd209a598ea786487bb5098,24,3,1.20113477203995,127,10687,6450,1610,1998,439,24,2371,1483,852,361,116
quality_4_6_scatter_3,scatter,complete,2,full,line25,211,512bca82fe41afc20173cb689356151b562523237dd209a598ea786487bb5098,24,3,0.20423410972580314,25,4829,2804,1524,886,321,24,2371,1483,852,361,116
quality_4_6_scatter_3,scatter,complete,2,full,line25,223,512bca82fe41afc20173cb689356151b562523237dd209a598ea786487bb5098,24,3,0.2019667220301926,25,4875,2830,1545,900,343,24,2371,1483,852,361,116
quality_4_6_scatter_3,scatter,complete,2,full,line25,227,512bca82fe41afc20173cb689356151b562523237dd209a598ea786487bb5098,24,3,0.198367933742702,25,4981,2889,1495,926,335,24,2371,1483,852,361,116
quality_4_6_scatter_3,scatter,complete,2,full,line25,229,512bca82fe41afc20173cb689356151b562523237dd209a598ea786487bb5098,24,3,0.200273672118783,25,4578,2665,1538,820,321,24,2371,1483,852,361,116
quality_4_6_scatter_3,scatter,complete,2,full,line25,233,512bca82fe41afc20173cb689356151b562523237dd209a598ea786487bb5098,24,3,0.19825378898531199,25,4810,2791,1525,858,332,24,2371,1483,852,361,116
quality_4_6_scatter_3,scatter,complete,2,full,grid25,211,512bca82fe41afc20173cb689356151b562523237dd209a598ea786487bb5098,24,3,0.18920283298939466,25,3302,1961,1342,1058,387,24,2371,1483,852,361,116
quality_4_6_scatter_3,scatter,complete,2,full,grid25,223,512bca82fe41afc20173cb689356151b562523237dd209a598ea786487bb5098,24,3,0.18992947787046432,25,3244,1933,1372,1208,477,24,2371,1483,852,361,116
quality_4_6_scatter_3,scatter,complete,2,full,grid25,227,512bca82fe41afc20173cb689356151b562523237dd209a598ea786487bb5098,24,3,0.19267817912623286,25,3190,1906,1386,871,383,24,2371,1483,852,361,116
quality_4_6_scatter_3,scatter,complete,2,full,grid25,229,512bca82fe41afc20173cb689356151b562523237dd209a598ea786487bb5098,24,3,0.18974846694618464,25,3332,1984,1372,1070,405,24,2371,1483,852,361,116
quality_4_6_scatter_3,scatter,complete,2,full,grid25,233,512bca82fe41afc20173cb689356151b562523237dd209a598ea786487bb5098,24,3,0.1894322531297803,25,3306,1973,1335,971,392,24,2371,1483,852,361,116
quality_4_6_scatter_3,scatter,complete,3,full,sherbrooke,211,966c5ff1e48f4fe3370b28c1baef1e2b71f00a30b3e7b2a6ac47aa9943ef959d,24,5,3.556206345092505,127,18574,11267,2869,3426,765,24,3661,2329,1464,557,184
quality_4_6_scatter_3,scatter,complete,3,full,sherbrooke,223,966c5ff1e48f4fe3370b28c1baef1e2b71f00a30b3e7b2a6ac47aa9943ef959d,24,5,3.929942441172898,127,18997,11460,2991,3393,748,24,3661,2329,1464,557,184
quality_4_6_scatter_3,scatter,complete,3,full,sherbrooke,227,966c5ff1e48f4fe3370b28c1baef1e2b71f00a30b3e7b2a6ac47aa9943ef959d,24,5,3.638334742747247,127,19531,11814,2982,3831,822,24,3661,2329,1464,557,184
quality_4_6_scatter_3,scatter,complete,3,full,sherbrooke,229,966c5ff1e48f4fe3370b28c1baef1e2b71f00a30b3e7b2a6ac47aa9943ef959d,24,5,3.634513507131487,127,19349,11687,3026,4228,891,24,3661,2329,1464,557,184
quality_4_6_scatter_3,scatter,complete,3,full,sherbrooke,233,966c5ff1e48f4fe3370b28c1baef1e2b71f00a30b3e7b2a6ac47aa9943ef959d,24,5,3.2054658108390868,127,19263,11709,2941,3513,730,24,3661,2329,1464,557,184
quality_4_6_scatter_3,scatter,complete,3,full,line25,211,966c5ff1e48f4fe3370b28c1baef1e2b71f00a30b3e7b2a6ac47aa9943ef959d,24,5,0.3797880820930004,25,8065,4704,2876,1426,577,24,3661,2329,1464,557,184
quality_4_6_scatter_3,scatter,complete,3,full,line25,223,966c5ff1e48f4fe3370b28c1baef1e2b71f00a30b3e7b2a6ac47aa9943ef959d,24,5,0.3715100260451436,25,8150,4746,2875,1464,607,24,3661,2329,1464,557,184
quality_4_6_scatter_3,scatter,complete,3,full,line25,227,966c5ff1e48f4fe3370b28c1baef1e2b71f00a30b3e7b2a6ac47aa9943ef959d,24,5,0.37339574797078967,25,8120,4731,2851,1684,681,24,3661,2329,1464,557,184
quality_4_6_scatter_3,scatter,complete,3,full,line25,229,966c5ff1e48f4fe3370b28c1baef1e2b71f00a30b3e7b2a6ac47aa9943ef959d,24,5,0.3762361607514322,25,7958,4643,2876,1587,669,24,3661,2329,1464,557,184
quality_4_6_scatter_3,scatter,complete,3,full,line25,233,966c5ff1e48f4fe3370b28c1baef1e2b71f00a30b3e7b2a6ac47aa9943ef959d,24,5,0.37299643689766526,25,7853,4587,2888,1576,616,24,3661,2329,1464,557,184
quality_4_6_scatter_3,scatter,complete,3,full,grid25,211,966c5ff1e48f4fe3370b28c1baef1e2b71f00a30b3e7b2a6ac47aa9943ef959d,24,5,0.3480253950692713,25,5267,3163,2484,1769,740,24,3661,2329,1464,557,184
quality_4_6_scatter_3,scatter,complete,3,full,grid25,223,966c5ff1e48f4fe3370b28c1baef1e2b71f00a30b3e7b2a6ac47aa9943ef959d,24,5,0.34936952823773026,25,5648,3375,2457,1772,705,24,3661,2329,1464,557,184
quality_4_6_scatter_3,scatter,complete,3,full,grid25,227,966c5ff1e48f4fe3370b28c1baef1e2b71f00a30b3e7b2a6ac47aa9943ef959d,24,5,0.34788171388208866,25,5209,3139,2449,1736,719,24,3661,2329,1464,557,184
quality_4_6_scatter_3,scatter,complete,3,full,grid25,229,966c5ff1e48f4fe3370b28c1baef1e2b71f00a30b3e7b2a6ac47aa9943ef959d,24,5,0.34919900819659233,25,5293,3177,2509,1764,741,24,3661,2329,1464,557,184
quality_4_6_scatter_3,scatter,complete,3,full,grid25,233,966c5ff1e48f4fe3370b28c1baef1e2b71f00a30b3e7b2a6ac47aa9943ef959d,24,5,0.354397761169821,25,5482,3285,2498,1635,644,24,3661,2329,1464,557,184
quality_4_6_scatter_3,scatter,complete,4,full,sherbrooke,211,998842887887ca28438fb37c0c6ed116c1eb76e1dd5dd4172400e80ebcf42755,24,7,7.701266956049949,127,27943,16898,4409,5354,1180,24,4951,3175,2076,753,252
quality_4_6_scatter_3,scatter,complete,4,full,sherbrooke,223,998842887887ca28438fb37c0c6ed116c1eb76e1dd5dd4172400e80ebcf42755,24,7,6.733774728607386,127,28067,16944,4333,5398,1112,24,4951,3175,2076,753,252
quality_4_6_scatter_3,scatter,complete,4,full,sherbrooke,227,998842887887ca28438fb37c0c6ed116c1eb76e1dd5dd4172400e80ebcf42755,24,7,7.705364118795842,127,28893,17403,4504,5901,1273,24,4951,3175,2076,753,252
quality_4_6_scatter_3,scatter,complete,4,full,sherbrooke,229,998842887887ca28438fb37c0c6ed116c1eb76e1dd5dd4172400e80ebcf42755,24,7,7.859212369658053,127,27684,16717,4329,5184,1120,24,4951,3175,2076,753,252
quality_4_6_scatter_3,scatter,complete,4,full,sherbrooke,233,998842887887ca28438fb37c0c6ed116c1eb76e1dd5dd4172400e80ebcf42755,24,7,8.698048064019531,127,27517,16567,4360,5238,1197,24,4951,3175,2076,753,252
quality_4_6_scatter_3,scatter,complete,4,full,line25,211,998842887887ca28438fb37c0c6ed116c1eb76e1dd5dd4172400e80ebcf42755,24,7,0.5555859110318124,25,10862,6357,4274,2369,977,24,4951,3175,2076,753,252
quality_4_6_scatter_3,scatter,complete,4,full,line25,223,998842887887ca28438fb37c0c6ed116c1eb76e1dd5dd4172400e80ebcf42755,24,7,0.5537081537768245,25,10823,6331,4334,2399,999,24,4951,3175,2076,753,252
quality_4_6_scatter_3,scatter,complete,4,full,line25,227,998842887887ca28438fb37c0c6ed116c1eb76e1dd5dd4172400e80ebcf42755,24,7,0.544742118101567,25,11262,6578,4202,2172,896,24,4951,3175,2076,753,252
quality_4_6_scatter_3,scatter,complete,4,full,line25,229,998842887887ca28438fb37c0c6ed116c1eb76e1dd5dd4172400e80ebcf42755,24,7,0.5500217918306589,25,10833,6352,4303,2071,875,24,4951,3175,2076,753,252
quality_4_6_scatter_3,scatter,complete,4,full,line25,233,998842887887ca28438fb37c0c6ed116c1eb76e1dd5dd4172400e80ebcf42755,24,7,0.5565959881059825,25,10919,6390,4314,2432,988,24,4951,3175,2076,753,252
quality_4_6_scatter_3,scatter,complete,4,full,grid25,211,998842887887ca28438fb37c0c6ed116c1eb76e1dd5dd4172400e80ebcf42755,24,7,0.5069847931154072,25,7390,4439,3626,2527,1056,24,4951,3175,2076,753,252
quality_4_6_scatter_3,scatter,complete,4,full,grid25,223,998842887887ca28438fb37c0c6ed116c1eb76e1dd5dd4172400e80ebcf42755,24,7,0.5081705800257623,25,7390,4446,3622,2652,1156,24,4951,3175,2076,753,252
quality_4_6_scatter_3,scatter,complete,4,full,grid25,227,998842887887ca28438fb37c0c6ed116c1eb76e1dd5dd4172400e80ebcf42755,24,7,0.5087556890211999,25,7388,4456,3616,2292,992,24,4951,3175,2076,753,252
quality_4_6_scatter_3,scatter,complete,4,full,grid25,229,998842887887ca28438fb37c0c6ed116c1eb76e1dd5dd4172400e80ebcf42755,24,7,0.518471394199878,25,7707,4628,3534,2577,1025,24,4951,3175,2076,753,252
quality_4_6_scatter_3,scatter,complete,4,full,grid25,233,998842887887ca28438fb37c0c6ed116c1eb76e1dd5dd4172400e80ebcf42755,24,7,0.5143917519599199,25,7200,4351,3727,2471,1162,24,4951,3175,2076,753,252
quality_4_6_scatter_3,scatter,complete,5,full,sherbrooke,211,03c98c5f78bb34d4b60f7783151cb24585ca56312942246b3df016b9701c9514,24,9,13.338796972762793,127,37685,22709,5964,7955,1734,24,6241,4021,2688,949,320
quality_4_6_scatter_3,scatter,complete,5,full,sherbrooke,223,03c98c5f78bb34d4b60f7783151cb24585ca56312942246b3df016b9701c9514,24,9,12.00988555001095,127,37509,22663,5917,7480,1588,24,6241,4021,2688,949,320
quality_4_6_scatter_3,scatter,complete,5,full,sherbrooke,227,03c98c5f78bb34d4b60f7783151cb24585ca56312942246b3df016b9701c9514,24,9,13.079216028098017,127,37770,22898,5840,7688,1612,24,6241,4021,2688,949,320
quality_4_6_scatter_3,scatter,complete,5,full,sherbrooke,229,03c98c5f78bb34d4b60f7783151cb24585ca56312942246b3df016b9701c9514,24,9,13.110266538336873,127,37071,22343,5955,7446,1637,24,6241,4021,2688,949,320
quality_4_6_scatter_3,scatter,complete,5,full,sherbrooke,233,03c98c5f78bb34d4b60f7783151cb24585ca56312942246b3df016b9701c9514,24,9,13.409866675268859,127,36589,21991,5883,6879,1540,24,6241,4021,2688,949,320
quality_4_6_scatter_3,scatter,complete,5,full,line25,211,03c98c5f78bb34d4b60f7783151cb24585ca56312942246b3df016b9701c9514,24,9,0.7384696272201836,25,13859,8123,5862,3171,1441,24,6241,4021,2688,949,320
quality_4_6_scatter_3,scatter,complete,5,full,line25,223,03c98c5f78bb34d4b60f7783151cb24585ca56312942246b3df016b9701c9514,24,9,0.7394759673625231,25,13904,8149,5743,3127,1281,24,6241,4021,2688,949,320
quality_4_6_scatter_3,scatter,complete,5,full,line25,227,03c98c5f78bb34d4b60f7783151cb24585ca56312942246b3df016b9701c9514,24,9,0.7424066909588873,25,13901,8145,5772,2996,1362,24,6241,4021,2688,949,320
quality_4_6_scatter_3,scatter,complete,5,full,line25,229,03c98c5f78bb34d4b60f7783151cb24585ca56312942246b3df016b9701c9514,24,9,0.7349494569934905,25,14530,8482,5674,2898,1270,24,6241,4021,2688,949,320
quality_4_6_scatter_3,scatter,complete,5,full,line25,233,03c98c5f78bb34d4b60f7783151cb24585ca56312942246b3df016b9701c9514,24,9,0.7342192349024117,25,13902,8148,5781,2945,1289,24,6241,4021,2688,949,320
quality_4_6_scatter_3,scatter,complete,5,full,grid25,211,03c98c5f78bb34d4b60f7783151cb24585ca56312942246b3df016b9701c9514,24,9,0.680001970846206,25,9377,5661,4744,3205,1392,24,6241,4021,2688,949,320
quality_4_6_scatter_3,scatter,complete,5,full,grid25,223,03c98c5f78bb34d4b60f7783151cb24585ca56312942246b3df016b9701c9514,24,9,0.6802463298663497,25,9449,5708,4828,3261,1431,24,6241,4021,2688,949,320
quality_4_6_scatter_3,scatter,complete,5,full,grid25,227,03c98c5f78bb34d4b60f7783151cb24585ca56312942246b3df016b9701c9514,24,9,0.6784720281139016,25,9059,5487,4822,3458,1466,24,6241,4021,2688,949,320
quality_4_6_scatter_3,scatter,complete,5,full,grid25,229,03c98c5f78bb34d4b60f7783151cb24585ca56312942246b3df016b9701c9514,24,9,0.6784289069473743,25,9245,5594,4813,3147,1460,24,6241,4021,2688,949,320
quality_4_6_scatter_3,scatter,complete,5,full,grid25,233,03c98c5f78bb34d4b60f7783151cb24585ca56312942246b3df016b9701c9514,24,9,0.6839425410144031,25,9509,5732,4811,3376,1454,24,6241,4021,2688,949,320
quality_4_6_scatter_3,scatter,complete,6,full,sherbrooke,211,b55b25a84f245272cdafd86abbeb1b73a749bbbb82dc6ae385d0d2c73440f0b3,24,11,18.68902713386342,127,45283,27177,7390,8492,1922,24,7531,4867,3300,1145,388
quality_4_6_scatter_3,scatter,complete,6,full,sherbrooke,223,b55b25a84f245272cdafd86abbeb1b73a749bbbb82dc6ae385d0d2c73440f0b3,24,11,22.409883263055235,127,46410,27920,7386,8663,1849,24,7531,4867,3300,1145,388
quality_4_6_scatter_3,scatter,complete,6,full,sherbrooke,227,b55b25a84f245272cdafd86abbeb1b73a749bbbb82dc6ae385d0d2c73440f0b3,24,11,18.890553509350866,127,45284,27410,7110,7818,1732,24,7531,4867,3300,1145,388
quality_4_6_scatter_3,scatter,complete,6,full,sherbrooke,229,b55b25a84f245272cdafd86abbeb1b73a749bbbb82dc6ae385d0d2c73440f0b3,24,11,19.527941084001213,127,45855,27587,7429,8238,1885,24,7531,4867,3300,1145,388
quality_4_6_scatter_3,scatter,complete,6,full,sherbrooke,233,b55b25a84f245272cdafd86abbeb1b73a749bbbb82dc6ae385d0d2c73440f0b3,24,11,20.375195327214897,127,45457,27368,7230,8287,1838,24,7531,4867,3300,1145,388
quality_4_6_scatter_3,scatter,complete,6,full,line25,211,b55b25a84f245272cdafd86abbeb1b73a749bbbb82dc6ae385d0d2c73440f0b3,24,11,0.9262582240626216,25,17381,10181,7129,3738,1694,24,7531,4867,3300,1145,388
quality_4_6_scatter_3,scatter,complete,6,full,line25,223,b55b25a84f245272cdafd86abbeb1b73a749bbbb82dc6ae385d0d2c73440f0b3,24,11,0.9131114259362221,25,17466,10231,7074,3839,1656,24,7531,4867,3300,1145,388
quality_4_6_scatter_3,scatter,complete,6,full,line25,227,b55b25a84f245272cdafd86abbeb1b73a749bbbb82dc6ae385d0d2c73440f0b3,24,11,0.9142547319643199,25,16922,9920,7267,3982,1849,24,7531,4867,3300,1145,388
quality_4_6_scatter_3,scatter,complete,6,full,line25,229,b55b25a84f245272cdafd86abbeb1b73a749bbbb82dc6ae385d0d2c73440f0b3,24,11,0.9125237818807364,25,16636,9763,7206,3681,1631,24,7531,4867,3300,1145,388
quality_4_6_scatter_3,scatter,complete,6,full,line25,233,b55b25a84f245272cdafd86abbeb1b73a749bbbb82dc6ae385d0d2c73440f0b3,24,11,0.9149761968292296,25,17054,10002,7107,3757,1660,24,7531,4867,3300,1145,388
quality_4_6_scatter_3,scatter,complete,6,full,grid25,211,b55b25a84f245272cdafd86abbeb1b73a749bbbb82dc6ae385d0d2c73440f0b3,24,11,0.8470876198261976,25,11374,6870,6029,4095,1788,24,7531,4867,3300,1145,388
quality_4_6_scatter_3,scatter,complete,6,full,grid25,223,b55b25a84f245272cdafd86abbeb1b73a749bbbb82dc6ae385d0d2c73440f0b3,24,11,0.8448294689878821,25,11311,6848,5977,3962,1785,24,7531,4867,3300,1145,388
quality_4_6_scatter_3,scatter,complete,6,full,grid25,227,b55b25a84f245272cdafd86abbeb1b73a749bbbb82dc6ae385d0d2c73440f0b3,24,11,0.847104751970619,25,11345,6857,5979,4122,1852,24,7531,4867,3300,1145,388
quality_4_6_scatter_3,scatter,complete,6,full,grid25,229,b55b25a84f245272cdafd86abbeb1b73a749bbbb82dc6ae385d0d2c73440f0b3,24,11,0.8442964479327202,25,11317,6843,6038,4205,1862,24,7531,4867,3300,1145,388
quality_4_6_scatter_3,scatter,complete,6,full,grid25,233,b55b25a84f245272cdafd86abbeb1b73a749bbbb82dc6ae385d0d2c73440f0b3,24,11,0.8491814122535288,25,11345,6873,6034,3862,1708,24,7531,4867,3300,1145,388
quality_4_6_scatter_3,scatter,complete,7,full,sherbrooke,211,d548ca1c36079686f6059193a40bb90470e595f49fa9022aa8837992263c1d97,24,13,25.435004357248545,127,53129,31872,8657,10281,2346,24,8821,5713,3912,1341,456
quality_4_6_scatter_3,scatter,complete,7,full,sherbrooke,223,d548ca1c36079686f6059193a40bb90470e595f49fa9022aa8837992263c1d97,24,13,26.440153338946402,127,54016,32460,8624,10435,2351,24,8821,5713,3912,1341,456
quality_4_6_scatter_3,scatter,complete,7,full,sherbrooke,227,d548ca1c36079686f6059193a40bb90470e595f49fa9022aa8837992263c1d97,24,13,31.5246097240597,127,54493,32803,8656,11475,2464,24,8821,5713,3912,1341,456
quality_4_6_scatter_3,scatter,complete,7,full,sherbrooke,229,d548ca1c36079686f6059193a40bb90470e595f49fa9022aa8837992263c1d97,24,13,28.50576731096953,127,53795,32386,8654,10218,2278,24,8821,5713,3912,1341,456
quality_4_6_scatter_3,scatter,complete,7,full,sherbrooke,233,d548ca1c36079686f6059193a40bb90470e595f49fa9022aa8837992263c1d97,24,13,30.69038011971861,127,55874,33563,8932,10151,2260,24,8821,5713,3912,1341,456
quality_4_6_scatter_3,scatter,complete,7,full,line25,211,d548ca1c36079686f6059193a40bb90470e595f49fa9022aa8837992263c1d97,24,13,1.119287402369082,25,20094,11786,8598,4977,2162,24,8821,5713,3912,1341,456
quality_4_6_scatter_3,scatter,complete,7,full,line25,223,d548ca1c36079686f6059193a40bb90470e595f49fa9022aa8837992263c1d97,24,13,1.1112227877601981,25,20048,11758,8593,4667,2032,24,8821,5713,3912,1341,456
quality_4_6_scatter_3,scatter,complete,7,full,line25,227,d548ca1c36079686f6059193a40bb90470e595f49fa9022aa8837992263c1d97,24,13,1.1095322030596435,25,20691,12117,8478,4695,1985,24,8821,5713,3912,1341,456
quality_4_6_scatter_3,scatter,complete,7,full,line25,229,d548ca1c36079686f6059193a40bb90470e595f49fa9022aa8837992263c1d97,24,13,1.106392445974052,25,19834,11645,8592,4510,2022,24,8821,5713,3912,1341,456
quality_4_6_scatter_3,scatter,complete,7,full,line25,233,d548ca1c36079686f6059193a40bb90470e595f49fa9022aa8837992263c1d97,24,13,1.1047624158672988,25,19685,11561,8681,4767,2127,24,8821,5713,3912,1341,456
quality_4_6_scatter_3,scatter,complete,7,full,grid25,211,d548ca1c36079686f6059193a40bb90470e595f49fa9022aa8837992263c1d97,24,13,1.0206817211583257,25,12934,7852,7201,5069,2385,24,8821,5713,3912,1341,456
quality_4_6_scatter_3,scatter,complete,7,full,grid25,223,d548ca1c36079686f6059193a40bb90470e595f49fa9022aa8837992263c1d97,24,13,1.022059920243919,25,13514,8173,7060,5214,2263,24,8821,5713,3912,1341,456
quality_4_6_scatter_3,scatter,complete,7,full,grid25,227,d548ca1c36079686f6059193a40bb90470e595f49fa9022aa8837992263c1d97,24,13,1.0187529190443456,25,13334,8080,7210,4841,2187,24,8821,5713,3912,1341,456
quality_4_6_scatter_3,scatter,complete,7,full,grid25,229,d548ca1c36079686f6059193a40bb90470e595f49fa9022aa8837992263c1d97,24,13,1.0179031230509281,25,13060,7920,7258,4874,2219,24,8821,5713,3912,1341,456
quality_4_6_scatter_3,scatter,complete,7,full,grid25,233,d548ca1c36079686f6059193a40bb90470e595f49fa9022aa8837992263c1d97,24,13,1.123837926890701,25,13678,8263,7141,4660,2178,24,8821,5713,3912,1341,456
quality_4_6_scatter_3,scatter,complete,8,full,sherbrooke,211,f4ea952043b3764844bd14ce78c01d4c88999a94748ad0e96638f23802c66d0f,24,15,39.925394068006426,127,66978,40240,10598,13373,2865,24,10111,6559,4524,1537,524
quality_4_6_scatter_3,scatter,complete,8,full,sherbrooke,223,f4ea952043b3764844bd14ce78c01d4c88999a94748ad0e96638f23802c66d0f,24,15,37.07758134091273,127,63186,38027,10127,12471,2749,24,10111,6559,4524,1537,524
quality_4_6_scatter_3,scatter,complete,8,full,sherbrooke,227,f4ea952043b3764844bd14ce78c01d4c88999a94748ad0e96638f23802c66d0f,24,15,40.62878115521744,127,65834,39797,10341,13184,2752,24,10111,6559,4524,1537,524
quality_4_6_scatter_3,scatter,complete,8,full,sherbrooke,229,f4ea952043b3764844bd14ce78c01d4c88999a94748ad0e96638f23802c66d0f,24,15,38.8373392582871,127,63428,38078,10183,11991,2681,24,10111,6559,4524,1537,524
quality_4_6_scatter_3,scatter,complete,8,full,sherbrooke,233,f4ea952043b3764844bd14ce78c01d4c88999a94748ad0e96638f23802c66d0f,24,15,42.34035588800907,127,63813,38308,10311,11205,2523,24,10111,6559,4524,1537,524
quality_4_6_scatter_3,scatter,complete,8,full,line25,211,f4ea952043b3764844bd14ce78c01d4c88999a94748ad0e96638f23802c66d0f,24,15,1.3136914586648345,25,23626,13850,9920,5456,2411,24,10111,6559,4524,1537,524
quality_4_6_scatter_3,scatter,complete,8,full,line25,223,f4ea952043b3764844bd14ce78c01d4c88999a94748ad0e96638f23802c66d0f,24,15,1.2986639589071274,25,23108,13561,9995,5293,2310,24,10111,6559,4524,1537,524
quality_4_6_scatter_3,scatter,complete,8,full,line25,227,f4ea952043b3764844bd14ce78c01d4c88999a94748ad0e96638f23802c66d0f,24,15,1.3079255009070039,25,23682,13878,10014,5167,2307,24,10111,6559,4524,1537,524
quality_4_6_scatter_3,scatter,complete,8,full,line25,229,f4ea952043b3764844bd14ce78c01d4c88999a94748ad0e96638f23802c66d0f,24,15,1.308120177127421,25,23039,13519,9995,5181,2350,24,10111,6559,4524,1537,524
quality_4_6_scatter_3,scatter,complete,8,full,line25,233,f4ea952043b3764844bd14ce78c01d4c88999a94748ad0e96638f23802c66d0f,24,15,1.4167935028672218,25,23039,13528,10174,5167,2306,24,10111,6559,4524,1537,524
quality_4_6_scatter_3,scatter,complete,8,full,grid25,211,f4ea952043b3764844bd14ce78c01d4c88999a94748ad0e96638f23802c66d0f,24,15,1.205496430862695,25,15734,9511,8363,5907,2646,24,10111,6559,4524,1537,524
quality_4_6_scatter_3,scatter,complete,8,full,grid25,223,f4ea952043b3764844bd14ce78c01d4c88999a94748ad0e96638f23802c66d0f,24,15,1.195776506792754,25,15797,9551,8307,5639,2477,24,10111,6559,4524,1537,524
quality_4_6_scatter_3,scatter,complete,8,full,grid25,227,f4ea952043b3764844bd14ce78c01d4c88999a94748ad0e96638f23802c66d0f,24,15,1.196828082203865,25,15591,9445,8175,5620,2490,24,10111,6559,4524,1537,524
quality_4_6_scatter_3,scatter,complete,8,full,grid25,229,f4ea952043b3764844bd14ce78c01d4c88999a94748ad0e96638f23802c66d0f,24,15,1.1928525571711361,25,15604,9430,8217,5205,2334,24,10111,6559,4524,1537,524
quality_4_6_scatter_3,scatter,complete,8,full,grid25,233,f4ea952043b3764844bd14ce78c01d4c88999a94748ad0e96638f23802c66d0f,24,15,1.195645711850375,25,14977,9113,8407,6065,2762,24,10111,6559,4524,1537,524
quality_4_6_scatter_3,scatter,complete,9,full,sherbrooke,211,57d843cbda98f4afec42e99d8823ab65e30f08fa5f6a0240904a5050aaf9479c,24,17,50.9768871399574,127,71750,43026,11729,14101,3159,24,11401,7405,5136,1733,592
quality_4_6_scatter_3,scatter,complete,9,full,sherbrooke,223,57d843cbda98f4afec42e99d8823ab65e30f08fa5f6a0240904a5050aaf9479c,24,17,49.366956774145365,127,74595,45035,11719,15346,3195,24,11401,7405,5136,1733,592
quality_4_6_scatter_3,scatter,complete,9,full,sherbrooke,227,57d843cbda98f4afec42e99d8823ab65e30f08fa5f6a0240904a5050aaf9479c,24,17,50.45799707993865,127,71636,43100,11603,14001,3165,24,11401,7405,5136,1733,592
quality_4_6_scatter_3,scatter,complete,9,full,sherbrooke,229,57d843cbda98f4afec42e99d8823ab65e30f08fa5f6a0240904a5050aaf9479c,24,17,50.302140090148896,127,72627,43595,11737,15259,3338,24,11401,7405,5136,1733,592
quality_4_6_scatter_3,scatter,complete,9,full,sherbrooke,233,57d843cbda98f4afec42e99d8823ab65e30f08fa5f6a0240904a5050aaf9479c,24,17,51.53537008911371,127,73708,44336,11750,13561,2986,24,11401,7405,5136,1733,592
quality_4_6_scatter_3,scatter,complete,9,full,line25,211,57d843cbda98f4afec42e99d8823ab65e30f08fa5f6a0240904a5050aaf9479c,24,17,1.5115940878167748,25,26134,15360,11546,6135,2754,24,11401,7405,5136,1733,592
quality_4_6_scatter_3,scatter,complete,9,full,line25,223,57d843cbda98f4afec42e99d8823ab65e30f08fa5f6a0240904a5050aaf9479c,24,17,1.534249423071742,25,26317,15434,11529,6044,2638,24,11401,7405,5136,1733,592
quality_4_6_scatter_3,scatter,complete,9,full,line25,227,57d843cbda98f4afec42e99d8823ab65e30f08fa5f6a0240904a5050aaf9479c,24,17,1.5371217569336295,25,25873,15194,11577,6281,2792,24,11401,7405,5136,1733,592
quality_4_6_scatter_3,scatter,complete,9,full,line25,229,57d843cbda98f4afec42e99d8823ab65e30f08fa5f6a0240904a5050aaf9479c,24,17,1.53501308709383,25,26395,15481,11569,6289,2858,24,11401,7405,5136,1733,592
quality_4_6_scatter_3,scatter,complete,9,full,line25,233,57d843cbda98f4afec42e99d8823ab65e30f08fa5f6a0240904a5050aaf9479c,24,17,1.6389032611623406,25,26301,15442,11546,6231,2752,24,11401,7405,5136,1733,592
quality_4_6_scatter_3,scatter,complete,9,full,grid25,211,57d843cbda98f4afec42e99d8823ab65e30f08fa5f6a0240904a5050aaf9479c,24,17,1.3917723163031042,25,17265,10493,9358,6493,2854,24,11401,7405,5136,1733,592
quality_4_6_scatter_3,scatter,complete,9,full,grid25,223,57d843cbda98f4afec42e99d8823ab65e30f08fa5f6a0240904a5050aaf9479c,24,17,1.3941549309529364,25,17319,10511,9464,6336,2752,24,11401,7405,5136,1733,592
quality_4_6_scatter_3,scatter,complete,9,full,grid25,227,57d843cbda98f4afec42e99d8823ab65e30f08fa5f6a0240904a5050aaf9479c,24,17,1.3955402108840644,25,17188,10438,9487,6606,2969,24,11401,7405,5136,1733,592
quality_4_6_scatter_3,scatter,complete,9,full,grid25,229,57d843cbda98f4afec42e99d8823ab65e30f08fa5f6a0240904a5050aaf9479c,24,17,1.3914136630482972,25,17247,10474,9478,6361,2994,24,11401,7405,5136,1733,592
quality_4_6_scatter_3,scatter,complete,9,full,grid25,233,57d843cbda98f4afec42e99d8823ab65e30f08fa5f6a0240904a5050aaf9479c,24,17,1.3982727830298245,25,17966,10860,9447,6366,2778,24,11401,7405,5136,1733,592
quality_4_6_scatter_3,scatter,complete,10,full,sherbrooke,211,1e95313058ff48f592096bf4f4de81fd43bc4f817b22d0cd6295e542bd0e3821,24,19,61.618757393211126,127,84706,51052,13404,17081,3664,24,12691,8251,5748,1929,660
quality_4_6_scatter_3,scatter,complete,10,full,sherbrooke,223,1e95313058ff48f592096bf4f4de81fd43bc4f817b22d0cd6295e542bd0e3821,24,19,64.18709022784606,127,82019,49200,13377,15706,3440,24,12691,8251,5748,1929,660
quality_4_6_scatter_3,scatter,complete,10,full,sherbrooke,227,1e95313058ff48f592096bf4f4de81fd43bc4f817b22d0cd6295e542bd0e3821,24,19,63.515419146977365,127,83304,50044,13315,17219,3725,24,12691,8251,5748,1929,660
quality_4_6_scatter_3,scatter,complete,10,full,sherbrooke,229,1e95313058ff48f592096bf4f4de81fd43bc4f817b22d0cd6295e542bd0e3821,24,19,65.73032373888418,127,81382,48961,13124,15751,3511,24,12691,8251,5748,1929,660
quality_4_6_scatter_3,scatter,complete,10,full,sherbrooke,233,1e95313058ff48f592096bf4f4de81fd43bc4f817b22d0cd6295e542bd0e3821,24,19,65.7398034511134,127,83493,50297,13321,17294,3690,24,12691,8251,5748,1929,660
quality_4_6_scatter_3,scatter,complete,10,full,line25,211,1e95313058ff48f592096bf4f4de81fd43bc4f817b22d0cd6295e542bd0e3821,24,19,1.7032224647700787,25,29572,17341,12916,6743,3063,24,12691,8251,5748,1929,660
quality_4_6_scatter_3,scatter,complete,10,full,line25,223,1e95313058ff48f592096bf4f4de81fd43bc4f817b22d0cd6295e542bd0e3821,24,19,1.6875304072164,25,28706,16876,13081,6717,3041,24,12691,8251,5748,1929,660
quality_4_6_scatter_3,scatter,complete,10,full,line25,227,1e95313058ff48f592096bf4f4de81fd43bc4f817b22d0cd6295e542bd0e3821,24,19,1.6930697299540043,25,29207,17150,13010,6795,3079,24,12691,8251,5748,1929,660
quality_4_6_scatter_3,scatter,complete,10,full,line25,229,1e95313058ff48f592096bf4f4de81fd43bc4f817b22d0cd6295e542bd0e3821,24,19,1.698919284157455,25,29087,17088,13057,6958,3084,24,12691,8251,5748,1929,660
quality_4_6_scatter_3,scatter,complete,10,full,line25,233,1e95313058ff48f592096bf4f4de81fd43bc4f817b22d0cd6295e542bd0e3821,24,19,1.822117076255381,25,28782,16924,13012,6760,3109,24,12691,8251,5748,1929,660
quality_4_6_scatter_3,scatter,complete,10,full,grid25,211,1e95313058ff48f592096bf4f4de81fd43bc4f817b22d0cd6295e542bd0e3821,24,19,1.5438153757713735,25,19205,11668,10571,7082,3207,24,12691,8251,5748,1929,660
quality_4_6_scatter_3,scatter,complete,10,full,grid25,223,1e95313058ff48f592096bf4f4de81fd43bc4f817b22d0cd6295e542bd0e3821,24,19,1.5464025139808655,25,19507,11821,10740,7518,3275,24,12691,8251,5748,1929,660
quality_4_6_scatter_3,scatter,complete,10,full,grid25,227,1e95313058ff48f592096bf4f4de81fd43bc4f817b22d0cd6295e542bd0e3821,24,19,1.5496669858694077,25,19559,11841,10731,7597,3547,24,12691,8251,5748,1929,660
quality_4_6_scatter_3,scatter,complete,10,full,grid25,229,1e95313058ff48f592096bf4f4de81fd43bc4f817b22d0cd6295e542bd0e3821,24,19,1.540790134575218,25,19397,11773,10697,7705,3406,24,12691,8251,5748,1929,660
quality_4_6_scatter_3,scatter,complete,10,full,grid25,233,1e95313058ff48f592096bf4f4de81fd43bc4f817b22d0cd6295e542bd0e3821,24,19,1.5574216470122337,25,19638,11900,10650,6757,3207,24,12691,8251,5748,1929,660
quality_4_6_scatter_3,scatter,complete,11,full,sherbrooke,211,5b9e778bb3ea2ac33360cc88e252d870f7227962cd4f9ff660cfbb7eadfe1dcf,24,21,71.1081694047898,127,90326,54287,14717,17744,3923,24,13981,9097,6360,2125,728
quality_4_6_scatter_3,scatter,complete,11,full,sherbrooke,223,5b9e778bb3ea2ac33360cc88e252d870f7227962cd4f9ff660cfbb7eadfe1dcf,24,21,81.70483704796061,127,92293,55379,14976,18489,4003,24,13981,9097,6360,2125,728
quality_4_6_scatter_3,scatter,complete,11,full,sherbrooke,227,5b9e778bb3ea2ac33360cc88e252d870f7227962cd4f9ff660cfbb7eadfe1dcf,24,21,76.24273803271353,127,91645,55301,14515,17455,3747,24,13981,9097,6360,2125,728
quality_4_6_scatter_3,scatter,complete,11,full,sherbrooke,229,5b9e778bb3ea2ac33360cc88e252d870f7227962cd4f9ff660cfbb7eadfe1dcf,24,21,74.32224710192531,127,92996,56078,14641,18020,3823,24,13981,9097,6360,2125,728
quality_4_6_scatter_3,scatter,complete,11,full,sherbrooke,233,5b9e778bb3ea2ac33360cc88e252d870f7227962cd4f9ff660cfbb7eadfe1dcf,24,21,78.21677249390632,127,90053,54140,14507,17100,3834,24,13981,9097,6360,2125,728
quality_4_6_scatter_3,scatter,complete,11,full,line25,211,5b9e778bb3ea2ac33360cc88e252d870f7227962cd4f9ff660cfbb7eadfe1dcf,24,21,1.9107319158501923,25,32603,19148,14486,7745,3502,24,13981,9097,6360,2125,728
quality_4_6_scatter_3,scatter,complete,11,full,line25,223,5b9e778bb3ea2ac33360cc88e252d870f7227962cd4f9ff660cfbb7eadfe1dcf,24,21,2.0297256223857403,25,32875,19281,14310,7417,3343,24,13981,9097,6360,2125,728
quality_4_6_scatter_3,scatter,complete,11,full,line25,227,5b9e778bb3ea2ac33360cc88e252d870f7227962cd4f9ff660cfbb7eadfe1dcf,24,21,1.901478748768568,25,32182,18915,14542,7365,3338,24,13981,9097,6360,2125,728
quality_4_6_scatter_3,scatter,complete,11,full,line25,229,5b9e778bb3ea2ac33360cc88e252d870f7227962cd4f9ff660cfbb7eadfe1dcf,24,21,1.8968052030541003,25,32780,19242,14195,7908,3541,24,13981,9097,6360,2125,728
quality_4_6_scatter_3,scatter,complete,11,full,line25,233,5b9e778bb3ea2ac33360cc88e252d870f7227962cd4f9ff660cfbb7eadfe1dcf,24,21,1.9156679743900895,25,32134,18871,14266,7495,3339,24,13981,9097,6360,2125,728
quality_4_6_scatter_3,scatter,complete,11,full,grid25,211,5b9e778bb3ea2ac33360cc88e252d870f7227962cd4f9ff660cfbb7eadfe1dcf,24,21,1.7378348130732775,25,21565,13074,11924,8208,3750,24,13981,9097,6360,2125,728
quality_4_6_scatter_3,scatter,complete,11,full,grid25,223,5b9e778bb3ea2ac33360cc88e252d870f7227962cd4f9ff660cfbb7eadfe1dcf,24,21,1.7389133488759398,25,21584,13079,11846,8245,3665,24,13981,9097,6360,2125,728
quality_4_6_scatter_3,scatter,complete,11,full,grid25,227,5b9e778bb3ea2ac33360cc88e252d870f7227962cd4f9ff660cfbb7eadfe1dcf,24,21,1.7304799119010568,25,21715,13156,11811,7603,3449,24,13981,9097,6360,2125,728
quality_4_6_scatter_3,scatter,complete,11,full,grid25,229,5b9e778bb3ea2ac33360cc88e252d870f7227962cd4f9ff660cfbb7eadfe1dcf,24,21,1.7244324148632586,25,21294,12934,11871,7844,3594,24,13981,9097,6360,2125,728
quality_4_6_scatter_3,scatter,complete,11,full,grid25,233,5b9e778bb3ea2ac33360cc88e252d870f7227962cd4f9ff660cfbb7eadfe1dcf,24,21,1.724359910003841,25,21343,12948,11841,8346,3676,24,13981,9097,6360,2125,728
quality_4_6_scatter_3,scatter,complete,12,full,sherbrooke,211,05690ef7b9da01f0b198b5e60a128af547af4ea57bc43b152b6d1fdedf071171,24,23,94.52119350619614,127,100984,60579,16366,19630,4411,24,15271,9943,6972,2321,796
quality_4_6_scatter_3,scatter,complete,12,full,sherbrooke,223,05690ef7b9da01f0b198b5e60a128af547af4ea57bc43b152b6d1fdedf071171,24,23,99.4761436986737,127,101110,60561,16438,20654,4489,24,15271,9943,6972,2321,796
quality_4_6_scatter_3,scatter,complete,12,full,sherbrooke,227,05690ef7b9da01f0b198b5e60a128af547af4ea57bc43b152b6d1fdedf071171,24,23,102.23245533136651,127,101474,61046,16328,19983,4421,24,15271,9943,6972,2321,796
quality_4_6_scatter_3,scatter,complete,12,full,sherbrooke,229,05690ef7b9da01f0b198b5e60a128af547af4ea57bc43b152b6d1fdedf071171,24,23,93.59229259984568,127,99973,60025,16081,20004,4538,24,15271,9943,6972,2321,796
quality_4_6_scatter_3,scatter,complete,12,full,sherbrooke,233,05690ef7b9da01f0b198b5e60a128af547af4ea57bc43b152b6d1fdedf071171,24,23,98.37796757323667,127,99477,59818,16059,19326,4306,24,15271,9943,6972,2321,796
quality_4_6_scatter_3,scatter,complete,12,full,line25,211,05690ef7b9da01f0b198b5e60a128af547af4ea57bc43b152b6d1fdedf071171,24,23,2.2192083708941936,25,33909,19974,16174,8577,3926,24,15271,9943,6972,2321,796
quality_4_6_scatter_3,scatter,complete,12,full,line25,223,05690ef7b9da01f0b198b5e60a128af547af4ea57bc43b152b6d1fdedf071171,24,23,2.108476597815752,25,35773,21004,15759,8154,3658,24,15271,9943,6972,2321,796
quality_4_6_scatter_3,scatter,complete,12,full,line25,227,05690ef7b9da01f0b198b5e60a128af547af4ea57bc43b152b6d1fdedf071171,24,23,2.098159573972225,25,34637,20383,15998,8230,3809,24,15271,9943,6972,2321,796
quality_4_6_scatter_3,scatter,complete,12,full,line25,229,05690ef7b9da01f0b198b5e60a128af547af4ea57bc43b152b6d1fdedf071171,24,23,2.094434968661517,25,35508,20858,15802,8395,3729,24,15271,9943,6972,2321,796
quality_4_6_scatter_3,scatter,complete,12,full,line25,233,05690ef7b9da01f0b198b5e60a128af547af4ea57bc43b152b6d1fdedf071171,24,23,2.103653009980917,25,35295,20739,15853,8612,3890,24,15271,9943,6972,2321,796
quality_4_6_scatter_3,scatter,complete,12,full,grid25,211,05690ef7b9da01f0b198b5e60a128af547af4ea57bc43b152b6d1fdedf071171,24,23,1.917533858679235,25,23890,14477,12965,8867,3936,24,15271,9943,6972,2321,796
quality_4_6_scatter_3,scatter,complete,12,full,grid25,223,05690ef7b9da01f0b198b5e60a128af547af4ea57bc43b152b6d1fdedf071171,24,23,1.9194407290779054,25,24476,14779,12938,9394,4122,24,15271,9943,6972,2321,796
quality_4_6_scatter_3,scatter,complete,12,full,grid25,227,05690ef7b9da01f0b198b5e60a128af547af4ea57bc43b152b6d1fdedf071171,24,23,1.9143056268803775,25,23661,14349,12948,8927,4005,24,15271,9943,6972,2321,796
quality_4_6_scatter_3,scatter,complete,12,full,grid25,229,05690ef7b9da01f0b198b5e60a128af547af4ea57bc43b152b6d1fdedf071171,24,23,1.9844085020013154,25,23352,14190,12840,8661,3939,24,15271,9943,6972,2321,796
quality_4_6_scatter_3,scatter,complete,12,full,grid25,233,05690ef7b9da01f0b198b5e60a128af547af4ea57bc43b152b6d1fdedf071171,24,23,1.9183091749437153,25,23896,14470,12983,9465,4204,24,15271,9943,6972,2321,796
quality_4_6_scatter_3,scatter,ring,1,full,sherbrooke,211,2ee7593459d24f7afd6c0760146f2b54d80be29caeb4580c085b0ab727971d67,24,1,0.21967407502233982,127,1127,682,146,186,34,24,541,313,96,106,24
quality_4_6_scatter_3,scatter,ring,1,full,sherbrooke,223,2ee7593459d24f7afd6c0760146f2b54d80be29caeb4580c085b0ab727971d67,24,1,0.034903225023299456,127,1189,723,151,209,42,24,541,313,96,106,24
quality_4_6_scatter_3,scatter,ring,1,full,sherbrooke,227,2ee7593459d24f7afd6c0760146f2b54d80be29caeb4580c085b0ab727971d67,24,1,0.03225461067631841,127,1121,686,151,250,46,24,541,313,96,106,24
quality_4_6_scatter_3,scatter,ring,1,full,sherbrooke,229,2ee7593459d24f7afd6c0760146f2b54d80be29caeb4580c085b0ab727971d67,24,1,0.03807993000373244,127,1111,681,143,190,36,24,541,313,96,106,24
quality_4_6_scatter_3,scatter,ring,1,full,sherbrooke,233,2ee7593459d24f7afd6c0760146f2b54d80be29caeb4580c085b0ab727971d67,24,1,0.03192293783649802,127,1079,655,151,199,39,24,541,313,96,106,24
quality_4_6_scatter_3,scatter,ring,1,full,line25,211,2ee7593459d24f7afd6c0760146f2b54d80be29caeb4580c085b0ab727971d67,24,1,0.023598616011440754,25,579,335,149,120,34,24,541,313,96,106,24
quality_4_6_scatter_3,scatter,ring,1,full,line25,223,2ee7593459d24f7afd6c0760146f2b54d80be29caeb4580c085b0ab727971d67,24,1,0.0231084949336946,25,597,348,144,121,34,24,541,313,96,106,24
quality_4_6_scatter_3,scatter,ring,1,full,line25,227,2ee7593459d24f7afd6c0760146f2b54d80be29caeb4580c085b0ab727971d67,24,1,0.022811437025666237,25,601,350,147,122,34,24,541,313,96,106,24
quality_4_6_scatter_3,scatter,ring,1,full,line25,229,2ee7593459d24f7afd6c0760146f2b54d80be29caeb4580c085b0ab727971d67,24,1,0.022776932921260595,25,605,352,149,122,32,24,541,313,96,106,24
quality_4_6_scatter_3,scatter,ring,1,full,line25,233,2ee7593459d24f7afd6c0760146f2b54d80be29caeb4580c085b0ab727971d67,24,1,0.022989352233707905,25,600,351,146,121,32,24,541,313,96,106,24
quality_4_6_scatter_3,scatter,ring,1,full,grid25,211,2ee7593459d24f7afd6c0760146f2b54d80be29caeb4580c085b0ab727971d67,24,1,0.018805143889039755,25,551,318,102,113,27,24,541,313,96,106,24
quality_4_6_scatter_3,scatter,ring,1,full,grid25,223,2ee7593459d24f7afd6c0760146f2b54d80be29caeb4580c085b0ab727971d67,24,1,0.018337384797632694,25,541,313,96,106,24,24,541,313,96,106,24
quality_4_6_scatter_3,scatter,ring,1,full,grid25,227,2ee7593459d24f7afd6c0760146f2b54d80be29caeb4580c085b0ab727971d67,24,1,0.018961377907544374,25,541,313,102,110,27,24,541,313,96,106,24
quality_4_6_scatter_3,scatter,ring,1,full,grid25,229,2ee7593459d24f7afd6c0760146f2b54d80be29caeb4580c085b0ab727971d67,24,1,0.018578208051621914,25,569,329,106,127,31,24,541,313,96,106,24
quality_4_6_scatter_3,scatter,ring,1,full,grid25,233,2ee7593459d24f7afd6c0760146f2b54d80be29caeb4580c085b0ab727971d67,24,1,0.018815644085407257,25,549,317,100,114,28,24,541,313,96,106,24
quality_4_6_scatter_3,scatter,ring,2,full,sherbrooke,211,21eb7cd0d38b7a589d773a26ea75124739f3f7c1788ce6016a4668e109b85e7a,24,3,0.8769011767581105,127,7850,4734,1232,1612,353,24,1291,835,564,291,100
quality_4_6_scatter_3,scatter,ring,2,full,sherbrooke,223,21eb7cd0d38b7a589d773a26ea75124739f3f7c1788ce6016a4668e109b85e7a,24,3,0.7611833810806274,127,7989,4826,1270,1686,374,24,1291,835,564,291,100
quality_4_6_scatter_3,scatter,ring,2,full,sherbrooke,227,21eb7cd0d38b7a589d773a26ea75124739f3f7c1788ce6016a4668e109b85e7a,24,3,0.8455568347126245,127,7924,4760,1252,1687,366,24,1291,835,564,291,100
quality_4_6_scatter_3,scatter,ring,2,full,sherbrooke,229,21eb7cd0d38b7a589d773a26ea75124739f3f7c1788ce6016a4668e109b85e7a,24,3,0.7252056789584458,127,8102,4919,1207,1605,327,24,1291,835,564,291,100
quality_4_6_scatter_3,scatter,ring,2,full,sherbrooke,233,21eb7cd0d38b7a589d773a26ea75124739f3f7c1788ce6016a4668e109b85e7a,24,3,0.7871203077957034,127,7775,4696,1224,1427,315,24,1291,835,564,291,100
quality_4_6_scatter_3,scatter,ring,2,full,line25,211,21eb7cd0d38b7a589d773a26ea75124739f3f7c1788ce6016a4668e109b85e7a,24,3,0.1683014719747007,25,2916,1721,1206,676,292,24,1291,835,564,291,100
quality_4_6_scatter_3,scatter,ring,2,full,line25,223,21eb7cd0d38b7a589d773a26ea75124739f3f7c1788ce6016a4668e109b85e7a,24,3,0.163398043718189,25,2939,1735,1204,650,263,24,1291,835,564,291,100
quality_4_6_scatter_3,scatter,ring,2,full,line25,227,21eb7cd0d38b7a589d773a26ea75124739f3f7c1788ce6016a4668e109b85e7a,24,3,0.15931876422837377,25,3148,1849,1162,696,283,24,1291,835,564,291,100
quality_4_6_scatter_3,scatter,ring,2,full,line25,229,21eb7cd0d38b7a589d773a26ea75124739f3f7c1788ce6016a4668e109b85e7a,24,3,0.16585113108158112,25,2970,1750,1213,715,306,24,1291,835,564,291,100
quality_4_6_scatter_3,scatter,ring,2,full,line25,233,21eb7cd0d38b7a589d773a26ea75124739f3f7c1788ce6016a4668e109b85e7a,24,3,0.1618828889913857,25,2930,1729,1191,637,290,24,1291,835,564,291,100
quality_4_6_scatter_3,scatter,ring,2,full,grid25,211,21eb7cd0d38b7a589d773a26ea75124739f3f7c1788ce6016a4668e109b85e7a,24,3,0.1541893808171153,25,1753,1082,947,690,318,24,1291,835,564,291,100
quality_4_6_scatter_3,scatter,ring,2,full,grid25,223,21eb7cd0d38b7a589d773a26ea75124739f3f7c1788ce6016a4668e109b85e7a,24,3,0.14493623515591025,25,1881,1148,945,706,309,24,1291,835,564,291,100
quality_4_6_scatter_3,scatter,ring,2,full,grid25,227,21eb7cd0d38b7a589d773a26ea75124739f3f7c1788ce6016a4668e109b85e7a,24,3,0.147670429199934,25,1863,1143,977,645,296,24,1291,835,564,291,100
quality_4_6_scatter_3,scatter,ring,2,full,grid25,229,21eb7cd0d38b7a589d773a26ea75124739f3f7c1788ce6016a4668e109b85e7a,24,3,0.14761961298063397,25,1948,1187,953,771,355,24,1291,835,564,291,100
quality_4_6_scatter_3,scatter,ring,2,full,grid25,233,21eb7cd0d38b7a589d773a26ea75124739f3f7c1788ce6016a4668e109b85e7a,24,3,0.14525758801028132,25,1813,1113,979,731,342,24,1291,835,564,291,100
quality_4_6_scatter_3,scatter,ring,3,full,sherbrooke,211,d66164e1f253ebcea1c4cc28f30c25aa869fd5fb3d637bf69a7a003a69c5115f,24,5,2.6572901769541204,127,15259,9230,2367,3090,673,24,2041,1357,1032,458,164
quality_4_6_scatter_3,scatter,ring,3,full,sherbrooke,223,d66164e1f253ebcea1c4cc28f30c25aa869fd5fb3d637bf69a7a003a69c5115f,24,5,2.8154916018247604,127,15171,9089,2461,3473,792,24,2041,1357,1032,458,164
quality_4_6_scatter_3,scatter,ring,3,full,sherbrooke,227,d66164e1f253ebcea1c4cc28f30c25aa869fd5fb3d637bf69a7a003a69c5115f,24,5,2.342980656772852,127,14989,9004,2464,3384,770,24,2041,1357,1032,458,164
quality_4_6_scatter_3,scatter,ring,3,full,sherbrooke,229,d66164e1f253ebcea1c4cc28f30c25aa869fd5fb3d637bf69a7a003a69c5115f,24,5,2.19342192215845,127,14846,8965,2388,2937,652,24,2041,1357,1032,458,164
quality_4_6_scatter_3,scatter,ring,3,full,sherbrooke,233,d66164e1f253ebcea1c4cc28f30c25aa869fd5fb3d637bf69a7a003a69c5115f,24,5,2.5571349756792188,127,14757,8898,2346,2774,618,24,2041,1357,1032,458,164
quality_4_6_scatter_3,scatter,ring,3,full,line25,211,d66164e1f253ebcea1c4cc28f30c25aa869fd5fb3d637bf69a7a003a69c5115f,24,5,0.31330860033631325,25,5261,3109,2421,1223,558,24,2041,1357,1032,458,164
quality_4_6_scatter_3,scatter,ring,3,full,line25,223,d66164e1f253ebcea1c4cc28f30c25aa869fd5fb3d637bf69a7a003a69c5115f,24,5,0.307771401014179,25,4931,2929,2458,1263,595,24,2041,1357,1032,458,164
quality_4_6_scatter_3,scatter,ring,3,full,line25,227,d66164e1f253ebcea1c4cc28f30c25aa869fd5fb3d637bf69a7a003a69c5115f,24,5,0.3060724618844688,25,4976,2951,2456,1291,631,24,2041,1357,1032,458,164
quality_4_6_scatter_3,scatter,ring,3,full,line25,229,d66164e1f253ebcea1c4cc28f30c25aa869fd5fb3d637bf69a7a003a69c5115f,24,5,0.30763943400233984,25,5309,3133,2380,1181,558,24,2041,1357,1032,458,164
quality_4_6_scatter_3,scatter,ring,3,full,line25,233,d66164e1f253ebcea1c4cc28f30c25aa869fd5fb3d637bf69a7a003a69c5115f,24,5,0.30424452805891633,25,5090,3017,2439,1338,621,24,2041,1357,1032,458,164
quality_4_6_scatter_3,scatter,ring,3,full,grid25,211,d66164e1f253ebcea1c4cc28f30c25aa869fd5fb3d637bf69a7a003a69c5115f,24,5,0.27245854772627354,25,3201,1983,1913,1267,625,24,2041,1357,1032,458,164
quality_4_6_scatter_3,scatter,ring,3,full,grid25,223,d66164e1f253ebcea1c4cc28f30c25aa869fd5fb3d637bf69a7a003a69c5115f,24,5,0.2732335226610303,25,3346,2057,1898,1289,655,24,2041,1357,1032,458,164
quality_4_6_scatter_3,scatter,ring,3,full,grid25,227,d66164e1f253ebcea1c4cc28f30c25aa869fd5fb3d637bf69a7a003a69c5115f,24,5,0.2702316967770457,25,3199,1982,1915,1240,617,24,2041,1357,1032,458,164
quality_4_6_scatter_3,scatter,ring,3,full,grid25,229,d66164e1f253ebcea1c4cc28f30c25aa869fd5fb3d637bf69a7a003a69c5115f,24,5,0.2749408590607345,25,2936,1835,1955,1304,624,24,2041,1357,1032,458,164
quality_4_6_scatter_3,scatter,ring,3,full,grid25,233,d66164e1f253ebcea1c4cc28f30c25aa869fd5fb3d637bf69a7a003a69c5115f,24,5,0.27506152633577585,25,3244,2001,1910,1185,592,24,2041,1357,1032,458,164
quality_4_6_scatter_3,scatter,ring,4,full,sherbrooke,211,8e9a895ec3d1462e4316fcd56c7f09adbddc8ef61daeeac3c80c9b52739690e8,24,7,5.660447525326163,127,22228,13316,3695,4358,1017,24,2791,1879,1500,625,228
quality_4_6_scatter_3,scatter,ring,4,full,sherbrooke,223,8e9a895ec3d1462e4316fcd56c7f09adbddc8ef61daeeac3c80c9b52739690e8,24,7,6.107032945379615,127,22344,13400,3643,4479,1042,24,2791,1879,1500,625,228
quality_4_6_scatter_3,scatter,ring,4,full,sherbrooke,227,8e9a895ec3d1462e4316fcd56c7f09adbddc8ef61daeeac3c80c9b52739690e8,24,7,5.098974106833339,127,22237,13294,3688,4575,1078,24,2791,1879,1500,625,228
quality_4_6_scatter_3,scatter,ring,4,full,sherbrooke,229,8e9a895ec3d1462e4316fcd56c7f09adbddc8ef61daeeac3c80c9b52739690e8,24,7,5.295307360123843,127,22505,13458,3741,4099,950,24,2791,1879,1500,625,228
quality_4_6_scatter_3,scatter,ring,4,full,sherbrooke,233,8e9a895ec3d1462e4316fcd56c7f09adbddc8ef61daeeac3c80c9b52739690e8,24,7,5.558870919980109,127,22700,13635,3694,4719,1027,24,2791,1879,1500,625,228
quality_4_6_scatter_3,scatter,ring,4,full,line25,211,8e9a895ec3d1462e4316fcd56c7f09adbddc8ef61daeeac3c80c9b52739690e8,24,7,0.46011939411982894,25,7154,4253,3610,1727,844,24,2791,1879,1500,625,228
quality_4_6_scatter_3,scatter,ring,4,full,line25,223,8e9a895ec3d1462e4316fcd56c7f09adbddc8ef61daeeac3c80c9b52739690e8,24,7,0.45780504820868373,25,7103,4222,3681,1834,916,24,2791,1879,1500,625,228
quality_4_6_scatter_3,scatter,ring,4,full,line25,227,8e9a895ec3d1462e4316fcd56c7f09adbddc8ef61daeeac3c80c9b52739690e8,24,7,0.4572076159529388,25,7277,4317,3693,1751,907,24,2791,1879,1500,625,228
quality_4_6_scatter_3,scatter,ring,4,full,line25,229,8e9a895ec3d1462e4316fcd56c7f09adbddc8ef61daeeac3c80c9b52739690e8,24,7,0.45478232204914093,25,7180,4264,3634,1825,936,24,2791,1879,1500,625,228
quality_4_6_scatter_3,scatter,ring,4,full,line25,233,8e9a895ec3d1462e4316fcd56c7f09adbddc8ef61daeeac3c80c9b52739690e8,24,7,0.4589523021131754,25,6984,4157,3745,1761,903,24,2791,1879,1500,625,228
quality_4_6_scatter_3,scatter,ring,4,full,grid25,211,8e9a895ec3d1462e4316fcd56c7f09adbddc8ef61daeeac3c80c9b52739690e8,24,7,0.4050040626898408,25,4389,2731,2890,1823,977,24,2791,1879,1500,625,228
quality_4_6_scatter_3,scatter,ring,4,full,grid25,223,8e9a895ec3d1462e4316fcd56c7f09adbddc8ef61daeeac3c80c9b52739690e8,24,7,0.4054815508425236,25,4399,2741,2859,1824,917,24,2791,1879,1500,625,228
quality_4_6_scatter_3,scatter,ring,4,full,grid25,227,8e9a895ec3d1462e4316fcd56c7f09adbddc8ef61daeeac3c80c9b52739690e8,24,7,0.40228966623544693,25,4248,2661,2922,1785,950,24,2791,1879,1500,625,228
quality_4_6_scatter_3,scatter,ring,4,full,grid25,229,8e9a895ec3d1462e4316fcd56c7f09adbddc8ef61daeeac3c80c9b52739690e8,24,7,0.4049080731347203,25,4464,2777,2832,1799,887,24,2791,1879,1500,625,228
quality_4_6_scatter_3,scatter,ring,4,full,grid25,233,8e9a895ec3d1462e4316fcd56c7f09adbddc8ef61daeeac3c80c9b52739690e8,24,7,0.4055812465958297,25,4370,2726,2876,1911,983,24,2791,1879,1500,625,228
quality_4_6_scatter_3,scatter,ring,5,full,sherbrooke,211,62f27321bd8a1200d79c9919f774fdff0125d329bbddae7eb0437048c2e11b3e,24,9,10.431721717119217,127,29783,17818,4910,6184,1419,24,3541,2401,1968,792,292
quality_4_6_scatter_3,scatter,ring,5,full,sherbrooke,223,62f27321bd8a1200d79c9919f774fdff0125d329bbddae7eb0437048c2e11b3e,24,9,9.19603055715561,127,29483,17707,4821,6193,1384,24,3541,2401,1968,792,292
quality_4_6_scatter_3,scatter,ring,5,full,sherbrooke,227,62f27321bd8a1200d79c9919f774fdff0125d329bbddae7eb0437048c2e11b3e,24,9,9.540421768091619,127,30039,17948,4988,6456,1503,24,3541,2401,1968,792,292
quality_4_6_scatter_3,scatter,ring,5,full,sherbrooke,229,62f27321bd8a1200d79c9919f774fdff0125d329bbddae7eb0437048c2e11b3e,24,9,9.312125503085554,127,29851,17851,4957,5890,1350,24,3541,2401,1968,792,292
quality_4_6_scatter_3,scatter,ring,5,full,sherbrooke,233,62f27321bd8a1200d79c9919f774fdff0125d329bbddae7eb0437048c2e11b3e,24,9,9.775739049073309,127,29724,17739,4986,6015,1391,24,3541,2401,1968,792,292
quality_4_6_scatter_3,scatter,ring,5,full,line25,211,62f27321bd8a1200d79c9919f774fdff0125d329bbddae7eb0437048c2e11b3e,24,9,0.6041768081486225,25,9431,5602,4915,2326,1178,24,3541,2401,1968,792,292
quality_4_6_scatter_3,scatter,ring,5,full,line25,223,62f27321bd8a1200d79c9919f774fdff0125d329bbddae7eb0437048c2e11b3e,24,9,0.6014837608672678,25,9325,5543,4904,2298,1176,24,3541,2401,1968,792,292
quality_4_6_scatter_3,scatter,ring,5,full,line25,227,62f27321bd8a1200d79c9919f774fdff0125d329bbddae7eb0437048c2e11b3e,24,9,0.6098896060138941,25,9771,5788,4750,2213,1088,24,3541,2401,1968,792,292
quality_4_6_scatter_3,scatter,ring,5,full,line25,229,62f27321bd8a1200d79c9919f774fdff0125d329bbddae7eb0437048c2e11b3e,24,9,0.6059444169513881,25,9230,5491,4972,2264,1170,24,3541,2401,1968,792,292
quality_4_6_scatter_3,scatter,ring,5,full,line25,233,62f27321bd8a1200d79c9919f774fdff0125d329bbddae7eb0437048c2e11b3e,24,9,0.6043921117670834,25,9239,5499,4919,2256,1149,24,3541,2401,1968,792,292
quality_4_6_scatter_3,scatter,ring,5,full,grid25,211,62f27321bd8a1200d79c9919f774fdff0125d329bbddae7eb0437048c2e11b3e,24,9,0.5403933897614479,25,6093,3779,3779,2398,1185,24,3541,2401,1968,792,292
quality_4_6_scatter_3,scatter,ring,5,full,grid25,223,62f27321bd8a1200d79c9919f774fdff0125d329bbddae7eb0437048c2e11b3e,24,9,0.5364643922075629,25,5464,3431,3921,2467,1272,24,3541,2401,1968,792,292
quality_4_6_scatter_3,scatter,ring,5,full,grid25,227,62f27321bd8a1200d79c9919f774fdff0125d329bbddae7eb0437048c2e11b3e,24,9,0.5330945327877998,25,5525,3465,3834,2397,1238,24,3541,2401,1968,792,292
quality_4_6_scatter_3,scatter,ring,5,full,grid25,229,62f27321bd8a1200d79c9919f774fdff0125d329bbddae7eb0437048c2e11b3e,24,9,0.5346225528046489,25,5728,3577,3839,2429,1213,24,3541,2401,1968,792,292
quality_4_6_scatter_3,scatter,ring,5,full,grid25,233,62f27321bd8a1200d79c9919f774fdff0125d329bbddae7eb0437048c2e11b3e,24,9,0.5352188618853688,25,5979,3713,3777,2258,1172,24,3541,2401,1968,792,292
quality_4_6_scatter_3,scatter,ring,6,full,sherbrooke,211,064bac8b8bbe048abedd3fe227bf6257f8bd09a788a1bdf5c7b10b868f97428e,24,11,15.242077405098826,127,36607,21980,5982,7171,1652,24,4291,2923,2436,959,356
quality_4_6_scatter_3,scatter,ring,6,full,sherbrooke,223,064bac8b8bbe048abedd3fe227bf6257f8bd09a788a1bdf5c7b10b868f97428e,24,11,14.852528173010796,127,36874,22085,6153,7810,1754,24,4291,2923,2436,959,356
quality_4_6_scatter_3,scatter,ring,6,full,sherbrooke,227,064bac8b8bbe048abedd3fe227bf6257f8bd09a788a1bdf5c7b10b868f97428e,24,11,14.036315535660833,127,35321,21014,5994,7296,1698,24,4291,2923,2436,959,356
quality_4_6_scatter_3,scatter,ring,6,full,sherbrooke,229,064bac8b8bbe048abedd3fe227bf6257f8bd09a788a1bdf5c7b10b868f97428e,24,11,14.38262292323634,127,36780,22058,6020,7519,1709,24,4291,2923,2436,959,356
quality_4_6_scatter_3,scatter,ring,6,full,sherbrooke,233,064bac8b8bbe048abedd3fe227bf6257f8bd09a788a1bdf5c7b10b868f97428e,24,11,14.78233481803909,127,37433,22366,6127,7813,1720,24,4291,2923,2436,959,356
quality_4_6_scatter_3,scatter,ring,6,full,line25,211,064bac8b8bbe048abedd3fe227bf6257f8bd09a788a1bdf5c7b10b868f97428e,24,11,0.7621036670170724,25,11621,6906,6145,2936,1455,24,4291,2923,2436,959,356
quality_4_6_scatter_3,scatter,ring,6,full,line25,223,064bac8b8bbe048abedd3fe227bf6257f8bd09a788a1bdf5c7b10b868f97428e,24,11,0.7562083071097732,25,11636,6913,6214,3099,1564,24,4291,2923,2436,959,356
quality_4_6_scatter_3,scatter,ring,6,full,line25,227,064bac8b8bbe048abedd3fe227bf6257f8bd09a788a1bdf5c7b10b868f97428e,24,11,0.7516170740127563,25,11330,6747,6185,2928,1559,24,4291,2923,2436,959,356
quality_4_6_scatter_3,scatter,ring,6,full,line25,229,064bac8b8bbe048abedd3fe227bf6257f8bd09a788a1bdf5c7b10b868f97428e,24,11,0.7532924609258771,25,11625,6902,6141,2829,1398,24,4291,2923,2436,959,356
quality_4_6_scatter_3,scatter,ring,6,full,line25,233,064bac8b8bbe048abedd3fe227bf6257f8bd09a788a1bdf5c7b10b868f97428e,24,11,0.7569296606816351,25,11539,6861,6195,3013,1603,24,4291,2923,2436,959,356
quality_4_6_scatter_3,scatter,ring,6,full,grid25,211,064bac8b8bbe048abedd3fe227bf6257f8bd09a788a1bdf5c7b10b868f97428e,24,11,0.665817623026669,25,7078,4419,4818,2867,1543,24,4291,2923,2436,959,356
quality_4_6_scatter_3,scatter,ring,6,full,grid25,223,064bac8b8bbe048abedd3fe227bf6257f8bd09a788a1bdf5c7b10b868f97428e,24,11,0.6662731179967523,25,6914,4334,4793,2973,1530,24,4291,2923,2436,959,356
quality_4_6_scatter_3,scatter,ring,6,full,grid25,227,064bac8b8bbe048abedd3fe227bf6257f8bd09a788a1bdf5c7b10b868f97428e,24,11,0.6700543388724327,25,7206,4491,4768,2903,1535,24,4291,2923,2436,959,356
quality_4_6_scatter_3,scatter,ring,6,full,grid25,229,064bac8b8bbe048abedd3fe227bf6257f8bd09a788a1bdf5c7b10b868f97428e,24,11,0.6652201409451663,25,7046,4407,4790,3089,1553,24,4291,2923,2436,959,356
quality_4_6_scatter_3,scatter,ring,6,full,grid25,233,064bac8b8bbe048abedd3fe227bf6257f8bd09a788a1bdf5c7b10b868f97428e,24,11,0.6644307686947286,25,6928,4340,4808,3041,1619,24,4291,2923,2436,959,356
quality_4_6_scatter_3,scatter,ring,7,full,sherbrooke,211,9f728f180ab974af129e0351f2eb37220b7de046a99621b0c7332c9cde5648a5,24,13,18.535377280786633,127,44462,26578,7426,9009,2064,24,5041,3445,2904,1126,420
quality_4_6_scatter_3,scatter,ring,7,full,sherbrooke,223,9f728f180ab974af129e0351f2eb37220b7de046a99621b0c7332c9cde5648a5,24,13,20.45555457379669,127,44775,26757,7498,9699,2229,24,5041,3445,2904,1126,420
quality_4_6_scatter_3,scatter,ring,7,full,sherbrooke,227,9f728f180ab974af129e0351f2eb37220b7de046a99621b0c7332c9cde5648a5,24,13,18.945840315893292,127,43808,26311,7243,8163,1908,24,5041,3445,2904,1126,420
quality_4_6_scatter_3,scatter,ring,7,full,sherbrooke,229,9f728f180ab974af129e0351f2eb37220b7de046a99621b0c7332c9cde5648a5,24,13,19.75250176806003,127,45222,27202,7349,9479,2082,24,5041,3445,2904,1126,420
quality_4_6_scatter_3,scatter,ring,7,full,sherbrooke,233,9f728f180ab974af129e0351f2eb37220b7de046a99621b0c7332c9cde5648a5,24,13,21.69556724280119,127,44756,26800,7417,9337,2124,24,5041,3445,2904,1126,420
quality_4_6_scatter_3,scatter,ring,7,full,line25,211,9f728f180ab974af129e0351f2eb37220b7de046a99621b0c7332c9cde5648a5,24,13,0.9008913361467421,25,13261,7908,7519,3655,1912,24,5041,3445,2904,1126,420
quality_4_6_scatter_3,scatter,ring,7,full,line25,223,9f728f180ab974af129e0351f2eb37220b7de046a99621b0c7332c9cde5648a5,24,13,0.8961960580199957,25,13809,8209,7435,3497,1831,24,5041,3445,2904,1126,420
quality_4_6_scatter_3,scatter,ring,7,full,line25,227,9f728f180ab974af129e0351f2eb37220b7de046a99621b0c7332c9cde5648a5,24,13,0.8920259173028171,25,13509,8038,7470,3560,1861,24,5041,3445,2904,1126,420
quality_4_6_scatter_3,scatter,ring,7,full,line25,229,9f728f180ab974af129e0351f2eb37220b7de046a99621b0c7332c9cde5648a5,24,13,0.8880076413042843,25,13656,8121,7450,3498,1788,24,5041,3445,2904,1126,420
quality_4_6_scatter_3,scatter,ring,7,full,line25,233,9f728f180ab974af129e0351f2eb37220b7de046a99621b0c7332c9cde5648a5,24,13,0.8947700001299381,25,13726,8158,7382,3495,1798,24,5041,3445,2904,1126,420
quality_4_6_scatter_3,scatter,ring,7,full,grid25,211,9f728f180ab974af129e0351f2eb37220b7de046a99621b0c7332c9cde5648a5,24,13,0.7863024203106761,25,8191,5133,5719,3510,1833,24,5041,3445,2904,1126,420
quality_4_6_scatter_3,scatter,ring,7,full,grid25,223,9f728f180ab974af129e0351f2eb37220b7de046a99621b0c7332c9cde5648a5,24,13,0.7880620453506708,25,8295,5194,5826,3793,2034,24,5041,3445,2904,1126,420
quality_4_6_scatter_3,scatter,ring,7,full,grid25,227,9f728f180ab974af129e0351f2eb37220b7de046a99621b0c7332c9cde5648a5,24,13,0.785902488976717,25,8300,5199,5779,3491,1903,24,5041,3445,2904,1126,420
quality_4_6_scatter_3,scatter,ring,7,full,grid25,229,9f728f180ab974af129e0351f2eb37220b7de046a99621b0c7332c9cde5648a5,24,13,0.7889220900833607,25,8128,5102,5927,3745,1942,24,5041,3445,2904,1126,420
quality_4_6_scatter_3,scatter,ring,7,full,grid25,233,9f728f180ab974af129e0351f2eb37220b7de046a99621b0c7332c9cde5648a5,24,13,0.7848044270649552,25,8274,5187,5774,3539,1864,24,5041,3445,2904,1126,420
quality_4_6_scatter_3,scatter,ring,8,full,sherbrooke,211,eb76e62a3d3bb1864e28f1363c63813d2cefee14acb6a2b56bba1b33d82dd204,24,15,27.65341311506927,127,52687,31568,8813,11423,2600,24,5791,3967,3372,1293,484
quality_4_6_scatter_3,scatter,ring,8,full,sherbrooke,223,eb76e62a3d3bb1864e28f1363c63813d2cefee14acb6a2b56bba1b33d82dd204,24,15,27.68211760884151,127,52295,31256,8716,11118,2541,24,5791,3967,3372,1293,484
quality_4_6_scatter_3,scatter,ring,8,full,sherbrooke,227,eb76e62a3d3bb1864e28f1363c63813d2cefee14acb6a2b56bba1b33d82dd204,24,15,28.517083584796637,127,51799,30903,8787,10215,2416,24,5791,3967,3372,1293,484
quality_4_6_scatter_3,scatter,ring,8,full,sherbrooke,229,eb76e62a3d3bb1864e28f1363c63813d2cefee14acb6a2b56bba1b33d82dd204,24,15,31.746731860097498,127,53183,31782,8957,10622,2485,24,5791,3967,3372,1293,484
quality_4_6_scatter_3,scatter,ring,8,full,sherbrooke,233,eb76e62a3d3bb1864e28f1363c63813d2cefee14acb6a2b56bba1b33d82dd204,24,15,29.32792819198221,127,54081,32511,8836,10536,2403,24,5791,3967,3372,1293,484
quality_4_6_scatter_3,scatter,ring,8,full,line25,211,eb76e62a3d3bb1864e28f1363c63813d2cefee14acb6a2b56bba1b33d82dd204,24,15,1.071657445281744,25,16405,9733,8508,4052,2072,24,5791,3967,3372,1293,484
quality_4_6_scatter_3,scatter,ring,8,full,line25,223,eb76e62a3d3bb1864e28f1363c63813d2cefee14acb6a2b56bba1b33d82dd204,24,15,1.0606692810542881,25,16087,9558,8682,4021,2040,24,5791,3967,3372,1293,484
quality_4_6_scatter_3,scatter,ring,8,full,line25,227,eb76e62a3d3bb1864e28f1363c63813d2cefee14acb6a2b56bba1b33d82dd204,24,15,1.0556671782396734,25,15537,9259,8745,3925,2000,24,5791,3967,3372,1293,484
quality_4_6_scatter_3,scatter,ring,8,full,line25,229,eb76e62a3d3bb1864e28f1363c63813d2cefee14acb6a2b56bba1b33d82dd204,24,15,1.0595139507204294,25,15931,9471,8680,4128,2151,24,5791,3967,3372,1293,484
quality_4_6_scatter_3,scatter,ring,8,full,line25,233,eb76e62a3d3bb1864e28f1363c63813d2cefee14acb6a2b56bba1b33d82dd204,24,15,1.0632826290093362,25,16125,9580,8687,3987,2034,24,5791,3967,3372,1293,484
quality_4_6_scatter_3,scatter,ring,8,full,grid25,211,eb76e62a3d3bb1864e28f1363c63813d2cefee14acb6a2b56bba1b33d82dd204,24,15,0.937514889985323,25,9673,6054,6829,4386,2237,24,5791,3967,3372,1293,484
quality_4_6_scatter_3,scatter,ring,8,full,grid25,223,eb76e62a3d3bb1864e28f1363c63813d2cefee14acb6a2b56bba1b33d82dd204,24,15,0.9393662768416107,25,9961,6214,6696,4377,2268,24,5791,3967,3372,1293,484
quality_4_6_scatter_3,scatter,ring,8,full,grid25,227,eb76e62a3d3bb1864e28f1363c63813d2cefee14acb6a2b56bba1b33d82dd204,24,15,0.9321714462712407,25,9544,5983,6620,4178,2133,24,5791,3967,3372,1293,484
quality_4_6_scatter_3,scatter,ring,8,full,grid25,229,eb76e62a3d3bb1864e28f1363c63813d2cefee14acb6a2b56bba1b33d82dd204,24,15,0.9372113300487399,25,9695,6068,6719,4329,2143,24,5791,3967,3372,1293,484
quality_4_6_scatter_3,scatter,ring,8,full,grid25,233,eb76e62a3d3bb1864e28f1363c63813d2cefee14acb6a2b56bba1b33d82dd204,24,15,0.9361033602617681,25,9446,5939,6849,4209,2272,24,5791,3967,3372,1293,484
quality_4_6_scatter_3,scatter,ring,9,full,sherbrooke,211,2580fc1c7cdd6f11843f96498a87505e9ac2cd5b43e3a18c554ef73782f2c2be,24,17,33.661864751018584,127,59147,35483,9870,12077,2796,24,6541,4489,3840,1460,548
quality_4_6_scatter_3,scatter,ring,9,full,sherbrooke,223,2580fc1c7cdd6f11843f96498a87505e9ac2cd5b43e3a18c554ef73782f2c2be,24,17,38.09816394513473,127,59386,35518,9812,11940,2766,24,6541,4489,3840,1460,548
quality_4_6_scatter_3,scatter,ring,9,full,sherbrooke,227,2580fc1c7cdd6f11843f96498a87505e9ac2cd5b43e3a18c554ef73782f2c2be,24,17,40.11967792827636,127,58749,35096,9873,12353,2836,24,6541,4489,3840,1460,548
quality_4_6_scatter_3,scatter,ring,9,full,sherbrooke,229,2580fc1c7cdd6f11843f96498a87505e9ac2cd5b43e3a18c554ef73782f2c2be,24,17,38.83838694402948,127,60077,35972,9976,11769,2682,24,6541,4489,3840,1460,548
quality_4_6_scatter_3,scatter,ring,9,full,sherbrooke,233,2580fc1c7cdd6f11843f96498a87505e9ac2cd5b43e3a18c554ef73782f2c2be,24,17,36.21371269179508,127,59515,35673,9885,12872,2926,24,6541,4489,3840,1460,548
quality_4_6_scatter_3,scatter,ring,9,full,line25,211,2580fc1c7cdd6f11843f96498a87505e9ac2cd5b43e3a18c554ef73782f2c2be,24,17,1.2034666589461267,25,18089,10757,9968,4725,2465,24,6541,4489,3840,1460,548
quality_4_6_scatter_3,scatter,ring,9,full,line25,223,2580fc1c7cdd6f11843f96498a87505e9ac2cd5b43e3a18c554ef73782f2c2be,24,17,1.2015887717716396,25,18015,10719,9971,4472,2324,24,6541,4489,3840,1460,548
quality_4_6_scatter_3,scatter,ring,9,full,line25,227,2580fc1c7cdd6f11843f96498a87505e9ac2cd5b43e3a18c554ef73782f2c2be,24,17,1.20253190305084,25,18227,10834,9898,4960,2536,24,6541,4489,3840,1460,548
quality_4_6_scatter_3,scatter,ring,9,full,line25,229,2580fc1c7cdd6f11843f96498a87505e9ac2cd5b43e3a18c554ef73782f2c2be,24,17,1.1997637948952615,25,18232,10832,9970,4475,2248,24,6541,4489,3840,1460,548
quality_4_6_scatter_3,scatter,ring,9,full,line25,233,2580fc1c7cdd6f11843f96498a87505e9ac2cd5b43e3a18c554ef73782f2c2be,24,17,1.204942018724978,25,17909,10662,9971,4549,2361,24,6541,4489,3840,1460,548
quality_4_6_scatter_3,scatter,ring,9,full,grid25,211,2580fc1c7cdd6f11843f96498a87505e9ac2cd5b43e3a18c554ef73782f2c2be,24,17,1.060160554945469,25,10236,6467,7871,4759,2564,24,6541,4489,3840,1460,548
quality_4_6_scatter_3,scatter,ring,9,full,grid25,223,2580fc1c7cdd6f11843f96498a87505e9ac2cd5b43e3a18c554ef73782f2c2be,24,17,1.06643728306517,25,10672,6712,7825,5125,2706,24,6541,4489,3840,1460,548
quality_4_6_scatter_3,scatter,ring,9,full,grid25,227,2580fc1c7cdd6f11843f96498a87505e9ac2cd5b43e3a18c554ef73782f2c2be,24,17,1.0560002229176462,25,10552,6641,7795,5089,2626,24,6541,4489,3840,1460,548
quality_4_6_scatter_3,scatter,ring,9,full,grid25,229,2580fc1c7cdd6f11843f96498a87505e9ac2cd5b43e3a18c554ef73782f2c2be,24,17,1.0554973678663373,25,10472,6602,7873,4849,2599,24,6541,4489,3840,1460,548
quality_4_6_scatter_3,scatter,ring,9,full,grid25,233,2580fc1c7cdd6f11843f96498a87505e9ac2cd5b43e3a18c554ef73782f2c2be,24,17,1.057425919920206,25,11018,6898,7790,4912,2656,24,6541,4489,3840,1460,548
quality_4_6_scatter_3,scatter,ring,10,full,sherbrooke,211,13964a145fedb08f09c5e042347988f8f7566287e2cbda3b0b87b968256296e4,24,19,42.13085848418996,127,67498,40606,10998,14999,3317,24,7291,5011,4308,1627,612
quality_4_6_scatter_3,scatter,ring,10,full,sherbrooke,223,13964a145fedb08f09c5e042347988f8f7566287e2cbda3b0b87b968256296e4,24,19,45.21842850325629,127,66397,39595,11236,13653,3212,24,7291,5011,4308,1627,612
quality_4_6_scatter_3,scatter,ring,10,full,sherbrooke,227,13964a145fedb08f09c5e042347988f8f7566287e2cbda3b0b87b968256296e4,24,19,44.955037073697895,127,66706,39910,11113,13535,3118,24,7291,5011,4308,1627,612
quality_4_6_scatter_3,scatter,ring,10,full,sherbrooke,229,13964a145fedb08f09c5e042347988f8f7566287e2cbda3b0b87b968256296e4,24,19,45.00079238601029,127,68155,40976,11125,13859,3014,24,7291,5011,4308,1627,612
quality_4_6_scatter_3,scatter,ring,10,full,sherbrooke,233,13964a145fedb08f09c5e042347988f8f7566287e2cbda3b0b87b968256296e4,24,19,49.829649372026324,127,67558,40280,11363,14280,3303,24,7291,5011,4308,1627,612
quality_4_6_scatter_3,scatter,ring,10,full,line25,211,13964a145fedb08f09c5e042347988f8f7566287e2cbda3b0b87b968256296e4,24,19,1.3733887141570449,25,19786,11795,11266,5281,2724,24,7291,5011,4308,1627,612
quality_4_6_scatter_3,scatter,ring,10,full,line25,223,13964a145fedb08f09c5e042347988f8f7566287e2cbda3b0b87b968256296e4,24,19,1.3721352899447083,25,20298,12075,11215,5103,2666,24,7291,5011,4308,1627,612
quality_4_6_scatter_3,scatter,ring,10,full,line25,227,13964a145fedb08f09c5e042347988f8f7566287e2cbda3b0b87b968256296e4,24,19,1.365110669285059,25,20118,11969,11236,5196,2729,24,7291,5011,4308,1627,612
quality_4_6_scatter_3,scatter,ring,10,full,line25,229,13964a145fedb08f09c5e042347988f8f7566287e2cbda3b0b87b968256296e4,24,19,1.360934466123581,25,19945,11873,11225,5238,2756,24,7291,5011,4308,1627,612
quality_4_6_scatter_3,scatter,ring,10,full,line25,233,13964a145fedb08f09c5e042347988f8f7566287e2cbda3b0b87b968256296e4,24,19,1.52917365077883,25,20139,11984,11233,5116,2665,24,7291,5011,4308,1627,612
quality_4_6_scatter_3,scatter,ring,10,full,grid25,211,13964a145fedb08f09c5e042347988f8f7566287e2cbda3b0b87b968256296e4,24,19,1.213629794307053,25,11884,7494,8790,5324,2856,24,7291,5011,4308,1627,612
quality_4_6_scatter_3,scatter,ring,10,full,grid25,223,13964a145fedb08f09c5e042347988f8f7566287e2cbda3b0b87b968256296e4,24,19,1.206788927782327,25,12347,7734,8746,5575,2899,24,7291,5011,4308,1627,612
quality_4_6_scatter_3,scatter,ring,10,full,grid25,227,13964a145fedb08f09c5e042347988f8f7566287e2cbda3b0b87b968256296e4,24,19,1.1992407538928092,25,12333,7725,8650,5103,2693,24,7291,5011,4308,1627,612
quality_4_6_scatter_3,scatter,ring,10,full,grid25,229,13964a145fedb08f09c5e042347988f8f7566287e2cbda3b0b87b968256296e4,24,19,1.1969823818653822,25,11603,7323,8755,5643,3026,24,7291,5011,4308,1627,612
quality_4_6_scatter_3,scatter,ring,10,full,grid25,233,13964a145fedb08f09c5e042347988f8f7566287e2cbda3b0b87b968256296e4,24,19,1.1950403950177133,25,12153,7624,8708,5427,2807,24,7291,5011,4308,1627,612
quality_4_6_scatter_3,scatter,ring,11,full,sherbrooke,211,7d6aa454bc7afdca82890bfa391410b8511c27a32f21df8df276129481a7988b,24,21,57.822827194817364,127,76181,45763,12434,16324,3613,24,8041,5533,4776,1794,676
quality_4_6_scatter_3,scatter,ring,11,full,sherbrooke,223,7d6aa454bc7afdca82890bfa391410b8511c27a32f21df8df276129481a7988b,24,21,57.98470901185647,127,73885,44046,12497,15817,3722,24,8041,5533,4776,1794,676
quality_4_6_scatter_3,scatter,ring,11,full,sherbrooke,227,7d6aa454bc7afdca82890bfa391410b8511c27a32f21df8df276129481a7988b,24,21,56.27434802101925,127,74469,44523,12396,16164,3585,24,8041,5533,4776,1794,676
quality_4_6_scatter_3,scatter,ring,11,full,sherbrooke,229,7d6aa454bc7afdca82890bfa391410b8511c27a32f21df8df276129481a7988b,24,21,55.72202254412696,127,74563,44591,12571,15351,3557,24,8041,5533,4776,1794,676
quality_4_6_scatter_3,scatter,ring,11,full,sherbrooke,233,7d6aa454bc7afdca82890bfa391410b8511c27a32f21df8df276129481a7988b,24,21,61.01133363228291,127,74577,44556,12589,15238,3525,24,8041,5533,4776,1794,676
quality_4_6_scatter_3,scatter,ring,11,full,line25,211,7d6aa454bc7afdca82890bfa391410b8511c27a32f21df8df276129481a7988b,24,21,1.534165043849498,25,22918,13609,12306,5560,2781,24,8041,5533,4776,1794,676
quality_4_6_scatter_3,scatter,ring,11,full,line25,223,7d6aa454bc7afdca82890bfa391410b8511c27a32f21df8df276129481a7988b,24,21,1.545253427233547,25,22472,13368,12545,5980,3125,24,8041,5533,4776,1794,676
quality_4_6_scatter_3,scatter,ring,11,full,line25,227,7d6aa454bc7afdca82890bfa391410b8511c27a32f21df8df276129481a7988b,24,21,1.5273444461636245,25,22818,13552,12331,5700,2911,24,8041,5533,4776,1794,676
quality_4_6_scatter_3,scatter,ring,11,full,line25,229,7d6aa454bc7afdca82890bfa391410b8511c27a32f21df8df276129481a7988b,24,21,1.525483240839094,25,22208,13220,12599,5528,2965,24,8041,5533,4776,1794,676
quality_4_6_scatter_3,scatter,ring,11,full,line25,233,7d6aa454bc7afdca82890bfa391410b8511c27a32f21df8df276129481a7988b,24,21,1.6523692291229963,25,22680,13477,12420,5754,2913,24,8041,5533,4776,1794,676
quality_4_6_scatter_3,scatter,ring,11,full,grid25,211,7d6aa454bc7afdca82890bfa391410b8511c27a32f21df8df276129481a7988b,24,21,1.351480412762612,25,13255,8330,9846,6349,3359,24,8041,5533,4776,1794,676
quality_4_6_scatter_3,scatter,ring,11,full,grid25,223,7d6aa454bc7afdca82890bfa391410b8511c27a32f21df8df276129481a7988b,24,21,1.3368582637049258,25,13486,8457,9607,6088,3126,24,8041,5533,4776,1794,676
quality_4_6_scatter_3,scatter,ring,11,full,grid25,227,7d6aa454bc7afdca82890bfa391410b8511c27a32f21df8df276129481a7988b,24,21,1.3349409429356456,25,13301,8360,9721,5728,3145,24,8041,5533,4776,1794,676
quality_4_6_scatter_3,scatter,ring,11,full,grid25,229,7d6aa454bc7afdca82890bfa391410b8511c27a32f21df8df276129481a7988b,24,21,1.3405920350924134,25,13277,8346,9752,6185,3137,24,8041,5533,4776,1794,676
quality_4_6_scatter_3,scatter,ring,11,full,grid25,233,7d6aa454bc7afdca82890bfa391410b8511c27a32f21df8df276129481a7988b,24,21,1.3352176719345152,25,13447,8434,9690,5982,3077,24,8041,5533,4776,1794,676
quality_4_6_scatter_3,scatter,ring,12,full,sherbrooke,211,23d1462b47d83c8cd75121f0c198f45749f69682adc6a59f21eed7a0269660f8,24,23,63.5247965012677,127,82638,49494,13529,17225,3845,24,8791,6055,5244,1961,740
quality_4_6_scatter_3,scatter,ring,12,full,sherbrooke,223,23d1462b47d83c8cd75121f0c198f45749f69682adc6a59f21eed7a0269660f8,24,23,67.07106586592272,127,81560,48788,13529,16677,3857,24,8791,6055,5244,1961,740
quality_4_6_scatter_3,scatter,ring,12,full,sherbrooke,227,23d1462b47d83c8cd75121f0c198f45749f69682adc6a59f21eed7a0269660f8,24,23,68.10505294101313,127,81311,48565,13841,16275,3867,24,8791,6055,5244,1961,740
quality_4_6_scatter_3,scatter,ring,12,full,sherbrooke,229,23d1462b47d83c8cd75121f0c198f45749f69682adc6a59f21eed7a0269660f8,24,23,76.23345371894538,127,82916,49510,13934,17575,4004,24,8791,6055,5244,1961,740
quality_4_6_scatter_3,scatter,ring,12,full,sherbrooke,233,23d1462b47d83c8cd75121f0c198f45749f69682adc6a59f21eed7a0269660f8,24,23,66.8165501030162,127,83109,49793,13788,18096,4016,24,8791,6055,5244,1961,740
quality_4_6_scatter_3,scatter,ring,12,full,line25,211,23d1462b47d83c8cd75121f0c198f45749f69682adc6a59f21eed7a0269660f8,24,23,1.67789688706398,25,24007,14320,13764,5997,3134,24,8791,6055,5244,1961,740
quality_4_6_scatter_3,scatter,ring,12,full,line25,223,23d1462b47d83c8cd75121f0c198f45749f69682adc6a59f21eed7a0269660f8,24,23,1.681010794825852,25,23966,14294,14055,6323,3323,24,8791,6055,5244,1961,740
quality_4_6_scatter_3,scatter,ring,12,full,line25,227,23d1462b47d83c8cd75121f0c198f45749f69682adc6a59f21eed7a0269660f8,24,23,1.7911944277584553,25,24168,14402,14032,6571,3440,24,8791,6055,5244,1961,740
quality_4_6_scatter_3,scatter,ring,12,full,line25,229,23d1462b47d83c8cd75121f0c198f45749f69682adc6a59f21eed7a0269660f8,24,23,1.6837150319479406,25,23979,14293,13981,6295,3227,24,8791,6055,5244,1961,740
quality_4_6_scatter_3,scatter,ring,12,full,line25,233,23d1462b47d83c8cd75121f0c198f45749f69682adc6a59f21eed7a0269660f8,24,23,1.6775763351470232,25,23730,14156,13929,6264,3271,24,8791,6055,5244,1961,740
quality_4_6_scatter_3,scatter,ring,12,full,grid25,211,23d1462b47d83c8cd75121f0c198f45749f69682adc6a59f21eed7a0269660f8,24,23,1.463842575903982,25,14411,9075,10751,6796,3517,24,8791,6055,5244,1961,740
quality_4_6_scatter_3,scatter,ring,12,full,grid25,223,23d1462b47d83c8cd75121f0c198f45749f69682adc6a59f21eed7a0269660f8,24,23,1.4711392079479992,25,14368,9052,10749,6373,3374,24,8791,6055,5244,1961,740
quality_4_6_scatter_3,scatter,ring,12,full,grid25,227,23d1462b47d83c8cd75121f0c198f45749f69682adc6a59f21eed7a0269660f8,24,23,1.4629405122250319,25,14442,9097,10654,6782,3678,24,8791,6055,5244,1961,740
quality_4_6_scatter_3,scatter,ring,12,full,grid25,229,23d1462b47d83c8cd75121f0c198f45749f69682adc6a59f21eed7a0269660f8,24,23,1.468046620953828,25,14593,9183,10706,6692,3478,24,8791,6055,5244,1961,740
quality_4_6_scatter_3,scatter,ring,12,full,grid25,233,23d1462b47d83c8cd75121f0c198f45749f69682adc6a59f21eed7a0269660f8,24,23,1.4622652740217745,25,13899,8788,10898,7066,3658,24,8791,6055,5244,1961,740
