instance_id,family,cells,sites,method,initialization,optimizer_seed,training,initial_assignment,initial_cost,exact_cost,optimal_probability,feasible_probability,improvement_probability,evaluations,training_shots,theta,reported_loss,optimizer_success,runtime_seconds,expected_best_32,expected_best_128,expected_best_512
quality_4_6_compact_0,compact,4,6,penalty_row_xy,deterministic,41,analytic,"{""A"": 0, ""B"": 1, ""C"": 2, ""D"": 3}",12.38,9.66,0.005132772853277227,0.3401310035502941,0.011896063286629097,84,0,"[0.5610674038635111, 1.5785318712967709, 0.08070100354032622, 1.3313623709334543, 0.08719733426807613]",14.423725533309154,True,0.08731538383290172,11.853192589067692,10.825139242706054,9.767367863210929
quality_4_6_compact_0,compact,4,6,penalty_row_xy,deterministic,41,finite2048,"{""A"": 0, ""B"": 1, ""C"": 2, ""D"": 3}",12.38,9.66,0.0031700482124226554,0.3151354875300068,0.018440151557288766,31,63488,"[0.5963090654499029, 1.5709276328172959, 0.20533818303233103, 1.2205933788980565, 0.15243668963329218]",15.095312499999999,True,0.040048578288406134,11.878856182920911,10.943199207743016,9.886937992631983
quality_4_6_compact_0,compact,4,6,penalty_row_xy,deterministic,53,analytic,"{""A"": 0, ""B"": 1, ""C"": 2, ""D"": 3}",12.38,9.66,0.005004342207777694,0.3402068169856859,0.011719526262185448,99,0,"[0.5620439834821762, 1.575010962112265, 0.07945433766955308, 1.3340440173269252, 0.08641424211148857]",14.423019268864634,True,0.10163717810064554,11.862756229523455,10.845269398652736,9.774743410711508
quality_4_6_compact_0,compact,4,6,penalty_row_xy,deterministic,53,finite2048,"{""A"": 0, ""B"": 1, ""C"": 2, ""D"": 3}",12.38,9.66,0.005561560630298364,0.33328495147508863,0.01784434873081958,32,65536,"[0.5549520532941706, 1.5810528949841312, 0.1715741099164732, 1.2220642084813316, 0.13404582424147143]",15.003828125,True,0.04112484585493803,11.71762514574128,10.595756852252231,9.723632634278866
quality_4_6_compact_0,compact,4,6,penalty_row_xy,poor,41,analytic,"{""A"": 5, ""B"": 4, ""C"": 0, ""D"": 2}",24.64,9.66,0.055803584903422215,0.5209976290303856,0.5209924273245956,200,0,"[0.7532729590622801, 1.4749625756343712, 0.091600107815458, 1.0866848929702437, -0.08804393619536259]",11.665707985555946,False,0.20373095199465752,9.984669287195478,9.660795469545532,9.660000000000144
quality_4_6_compact_0,compact,4,6,penalty_row_xy,poor,41,finite2048,"{""A"": 5, ""B"": 4, ""C"": 0, ""D"": 2}",24.64,9.66,0.004655424132157127,0.449388449120379,0.4493840090098842,47,96256,"[0.8103551189328517, 1.5069970889310622, -0.058532634402635245, 1.2144280095376925, -0.14928663876787931]",12.249687499999997,True,0.05905373487621546,11.597389797129532,10.502043800022886,9.745683631837016
quality_4_6_compact_0,compact,4,6,penalty_row_xy,poor,53,analytic,"{""A"": 5, ""B"": 4, ""C"": 0, ""D"": 2}",24.64,9.66,0.05688468821217707,0.529736033402562,0.5297302425691046,155,0,"[0.7547655912132427, 1.3877670592991802, 0.09034563452906773, 1.085613579530534, -0.08592053709610126]",11.660827560470581,True,0.15834638569504023,9.978430488971426,9.660713950775866,9.660000000000078
quality_4_6_compact_0,compact,4,6,penalty_row_xy,poor,53,finite2048,"{""A"": 5, ""B"": 4, ""C"": 0, ""D"": 2}",24.64,9.66,0.032512713320138685,0.4660229037924596,0.4660213800954374,49,100352,"[0.7435498630022587, 1.5161461247855392, 0.12993661347770166, 0.9353093654078712, -0.020491351781984746]",11.990078124999998,True,0.06115375366061926,10.481358211333806,9.686154634499898,9.660000049155816
quality_4_6_compact_0,compact,4,6,penalty_row_xy,random,41,analytic,"{""A"": 4, ""B"": 5, ""C"": 0, ""D"": 2}",19.6,9.66,0.001644641582785777,0.35874636007337857,0.3251377124582639,200,0,"[0.6235015372736857, 1.9410653024035625, 0.3271247119997474, 0.8208239624587104, 0.02167672705710499]",13.281500094432865,False,0.20489272009581327,11.294795669286273,10.589283611537759,10.053790811606868
quality_4_6_compact_0,compact,4,6,penalty_row_xy,random,41,finite2048,"{""A"": 4, ""B"": 5, ""C"": 0, ""D"": 2}",19.6,9.66,0.0010543405628654886,0.2896718950287606,0.2397437099753597,37,75776,"[0.40477325664084923, 1.700042120296825, 0.37198042893538596, 1.2234237324813, 0.10544780731739294]",14.830234374999998,True,0.047588760033249855,11.66004492358708,10.610069090414262,10.141835985206727
quality_4_6_compact_0,compact,4,6,penalty_row_xy,random,53,analytic,"{""A"": 4, ""B"": 5, ""C"": 0, ""D"": 2}",19.6,9.66,0.00048631541358623527,0.4661588055900556,0.45782875987386545,60,0,"[0.8222345329449706, 2.2183182416735643, -0.12498931586029348, 0.8702174989474804, -0.07759720470907021]",11.711821387816268,True,0.06236937362700701,11.531793662057915,11.077087595030129,10.403951687836146
quality_4_6_compact_0,compact,4,6,penalty_row_xy,random,53,finite2048,"{""A"": 4, ""B"": 5, ""C"": 0, ""D"": 2}",19.6,9.66,0.015096384153289474,0.3015864879032719,0.2641475215328516,35,71680,"[0.3596431632928664, 1.7916562308356148, 0.17482152656568115, 1.2778295280021026, 0.09237464407708379]",13.838476562499999,True,0.04516420280560851,10.914852673193407,9.809632166094163,9.660341204992344
quality_4_6_compact_0,compact,4,6,token,deterministic,41,analytic,"{""A"": 0, ""B"": 1, ""C"": 2, ""D"": 3}",12.38,9.66,0.026425986157779014,1.0,0.11348801079646936,98,0,"[0.4684779146234076, 2.042615544929683, 0.6701490193501293, 1.2366738795512238, 0.4717062309322885]",11.88411151689814,True,0.024145459290593863,10.433479154324054,9.697135578464145,9.660000936401977
quality_4_6_compact_0,compact,4,6,token,deterministic,41,finite2048,"{""A"": 0, ""B"": 1, ""C"": 2, ""D"": 3}",12.38,9.66,0.012880433486759907,1.0000000000000002,0.06146026956884758,35,71680,"[0.3693700822981738, 1.8060062292303496, 0.45223886510984, 1.200179500714909, 0.35419255951608375]",12.137109375,True,0.014109936077147722,10.995431043344116,9.912734419602916,9.661192116047253
quality_4_6_compact_0,compact,4,6,token,deterministic,53,analytic,"{""A"": 0, ""B"": 1, ""C"": 2, ""D"": 3}",12.38,9.66,0.021068835403089323,1.0,0.13883893725809576,89,0,"[0.42272214001522945, 2.1507802240927187, 0.7202111045735715, 1.199929842510835, 0.6004853604775036]",11.85406199669689,True,0.02148910705000162,10.480290648221393,9.725031471193208,9.660015323100858
quality_4_6_compact_0,compact,4,6,token,deterministic,53,finite2048,"{""A"": 0, ""B"": 1, ""C"": 2, ""D"": 3}",12.38,9.66,0.002963202837616187,1.0,0.052435504397724,37,75776,"[0.18267235159213951, 1.8132688561492443, 0.44229985286956164, 1.0477597792459803, 0.38661551036445396]",12.176835937499998,True,0.014632145408540964,11.334266686983515,10.419311283376523,9.858608142146936
quality_4_6_compact_0,compact,4,6,token,poor,41,analytic,"{""A"": 5, ""B"": 4, ""C"": 0, ""D"": 2}",24.64,9.66,0.1134662171926753,0.9999999999999999,0.9999999997775141,200,0,"[1.5727652526411358, 1.5840279124518188, -0.13356475093988254, 0.9410313052134817, 1.0127611491272566]",10.159470564385403,False,0.048090842086821795,9.678259607030968,9.660000165850487,9.66
quality_4_6_compact_0,compact,4,6,token,poor,41,finite2048,"{""A"": 5, ""B"": 4, ""C"": 0, ""D"": 2}",24.64,9.66,0.10613066253628965,0.9999999999999998,0.9999578282508685,60,122880,"[1.3823347741472471, 1.2121001211394415, 0.24333997640315605, 0.2809879447523472, 0.9784652928741486]",10.182070312499999,True,0.024935140274465084,9.683180551021264,9.660000475271051,9.66
quality_4_6_compact_0,compact,4,6,token,poor,53,analytic,"{""A"": 5, ""B"": 4, ""C"": 0, ""D"": 2}",24.64,9.66,0.11528427608952149,1.0,0.999999999928796,166,0,"[1.5714703836992268, 2.0805686004197055, -0.14923886769328418, 0.8560580573681865, 1.0064456577718055]",10.155752297295603,True,0.03993538487702608,9.67732167658126,9.660000127953627,9.66
quality_4_6_compact_0,compact,4,6,token,poor,53,finite2048,"{""A"": 5, ""B"": 4, ""C"": 0, ""D"": 2}",24.64,9.66,0.11116533866513593,1.0,0.9999540652457127,50,102400,"[1.434230549474497, 1.677041116051623, 1.0627335507484998, 1.5831365919488225, 0.40149451673833103]",10.143359375,True,0.021108251996338367,9.679115201195598,9.660000230623014,9.66
quality_4_6_compact_0,compact,4,6,token,random,41,analytic,"{""A"": 4, ""B"": 5, ""C"": 0, ""D"": 2}",19.6,9.66,0.16092354775878692,1.0,0.9895693106964756,70,0,"[1.5783398065143839, 1.941661363600961, 0.449390724181382, 1.4730215463077603, 0.774511178190623]",9.953324969820084,True,0.017010025214403868,9.66300279984071,9.66000000014468,9.66
quality_4_6_compact_0,compact,4,6,token,random,41,finite2048,"{""A"": 4, ""B"": 5, ""C"": 0, ""D"": 2}",19.6,9.66,0.15948070165847486,1.0,0.9931900130843476,53,108544,"[1.5670590546227374, 2.234326221619024, 0.4104292410920746, 1.469727012979209, 0.7432019339913875]",9.96140625,True,0.021826489828526974,9.663178469690395,9.660000000180268,9.66
quality_4_6_compact_0,compact,4,6,token,random,53,analytic,"{""A"": 4, ""B"": 5, ""C"": 0, ""D"": 2}",19.6,9.66,0.16071071192875253,1.0,0.9897785299346993,69,0,"[1.5662368784075669, 2.0994027721805333, 0.4474130014109835, 1.4738073885134635, 0.7781712380208718]",9.953433463940122,True,0.016722765751183033,9.663026430587216,9.660000000149456,9.66
quality_4_6_compact_0,compact,4,6,token,random,53,finite2048,"{""A"": 4, ""B"": 5, ""C"": 0, ""D"": 2}",19.6,9.66,0.14384405967535513,0.9999999999999998,0.9963026824379192,39,79872,"[1.5722550259584347, 1.994058891332182, 0.3125510811188643, 1.5443138316889808, 0.850702888373722]",10.021367187499997,True,0.01606919104233384,9.66570508544648,9.660000001908015,9.66
quality_4_6_compact_1,compact,4,6,penalty_row_xy,deterministic,41,analytic,"{""A"": 0, ""B"": 1, ""C"": 2, ""D"": 3}",11.129999999999999,8.23,0.0014036772306261478,0.4026755435693065,0.06529872366248607,200,0,"[0.60271800129254, 1.907421005362432, 0.4545534262070642, 0.7536196447200217, -0.07285936901839775]",11.30829225526343,True,0.20486860489472747,10.23250340642152,9.714803313385026,8.828436957162332
quality_4_6_compact_1,compact,4,6,penalty_row_xy,deterministic,41,finite2048,"{""A"": 0, ""B"": 1, ""C"": 2, ""D"": 3}",11.129999999999999,8.23,0.0014449725084075202,0.32626187468730583,0.03238765794887012,35,71680,"[0.4115760447265438, 1.7691111045935002, 0.19725634223396776, 1.2000030457017679, 0.3520971053442094]",12.48818359375,True,0.04518092516809702,10.212245246958608,9.116483374842634,8.326903305697797
quality_4_6_compact_1,compact,4,6,penalty_row_xy,deterministic,53,analytic,"{""A"": 0, ""B"": 1, ""C"": 2, ""D"": 3}",11.129999999999999,8.23,0.0015861190091486647,0.4298740148624586,0.055289090003175,54,0,"[0.07569583897484007, 1.8770352347422807, 0.05798571740101744, 1.179187931272269, 0.46991626543464143]",11.019282371885714,True,0.055949964094907045,9.161893258109222,8.291117737967763,8.243309481115128
quality_4_6_compact_1,compact,4,6,penalty_row_xy,deterministic,53,finite2048,"{""A"": 0, ""B"": 1, ""C"": 2, ""D"": 3}",11.129999999999999,8.23,0.0011967876968638732,0.33446324025724883,0.05838758547349604,41,83968,"[0.08282519008907537, 1.8395815428633226, 0.13187071520515348, 0.9846628366280089, 0.4763241729948932]",11.386992187499999,True,0.05252768378704786,9.182202459352311,8.305766064346766,8.246251154691032
quality_4_6_compact_1,compact,4,6,penalty_row_xy,poor,41,analytic,"{""A"": 1, ""B"": 2, ""C"": 4, ""D"": 5}",17.99,8.23,0.0002476702578660052,0.37423026176113133,0.37334531833770473,100,0,"[0.4092805391895226, 1.6960582320159796, 0.10275128213811183, 1.0722635117926806, 0.06217007239130311]",11.407057452048509,True,0.10358369909226894,9.548190734702791,9.037925971230763,8.503804351778728
quality_4_6_compact_1,compact,4,6,penalty_row_xy,poor,41,finite2048,"{""A"": 1, ""B"": 2, ""C"": 4, ""D"": 5}",17.99,8.23,7.15802269474748e-05,0.4768034882596144,0.47617346770723057,45,92160,"[0.6685483100457281, 1.7845762378454513, 0.09093597838717048, 0.8896000818746013, 0.08106996582342962]",10.2480859375,True,0.057315644808113575,10.163937634093916,9.94845198757863,9.582292443052076
quality_4_6_compact_1,compact,4,6,penalty_row_xy,poor,53,analytic,"{""A"": 1, ""B"": 2, ""C"": 4, ""D"": 5}",17.99,8.23,0.00025455191300553814,0.3739672833324139,0.37307923581303537,98,0,"[0.4094887876002932, 1.693825320199837, 0.10243113610905812, 1.071924206469243, 0.06271940660746661]",11.406808197294083,True,0.10120432637631893,9.550193237228747,9.044507725735022,8.512210199644688
quality_4_6_compact_1,compact,4,6,penalty_row_xy,poor,53,finite2048,"{""A"": 1, ""B"": 2, ""C"": 4, ""D"": 5}",17.99,8.23,9.415495374967338e-07,0.5810763476498473,0.5809473686287141,41,83968,"[0.69659877784725, 1.8212166513898296, -0.0037401108928348825, 1.1420291160292657, -0.050655910506525625]",10.193750000000001,True,0.05106545193120837,9.936297123560742,9.724374474325181,9.65592684717289
quality_4_6_compact_1,compact,4,6,penalty_row_xy,random,41,analytic,"{""A"": 0, ""B"": 5, ""C"": 3, ""D"": 4}",13.989999999999998,8.23,0.2501710924151759,0.6017716337505405,0.3745292737476767,110,0,"[0.6768034105290969, 1.7511305227732639, 0.03009041865094575, 0.9950943639689914, 0.04749754851245164]",8.23,True,0.1133921048603952,8.230193325069143,8.229999999999999,8.23
quality_4_6_compact_1,compact,4,6,penalty_row_xy,random,41,finite2048,"{""A"": 0, ""B"": 5, ""C"": 3, ""D"": 4}",13.989999999999998,8.23,0.23733541314758805,0.6162256869433086,0.3649091923169057,37,75776,"[0.673964110795031, 1.8363549182659098, 0.02220571935185013, 0.9586185659853037, 0.04871712138818065]",8.230058593750002,True,0.045869966968894005,8.230334676150484,8.23,8.23
quality_4_6_compact_1,compact,4,6,penalty_row_xy,random,53,analytic,"{""A"": 0, ""B"": 5, ""C"": 3, ""D"": 4}",13.989999999999998,8.23,0.2330190963842936,0.637380166943214,0.3578532158173006,200,0,"[0.6746343350555672, 1.880637106847405, 0.01787483635336624, 0.8795601076424407, 0.04539727207515968]",8.307944751024063,False,0.2045101230032742,8.23042258436629,8.230000000000002,8.23
quality_4_6_compact_1,compact,4,6,penalty_row_xy,random,53,finite2048,"{""A"": 0, ""B"": 5, ""C"": 3, ""D"": 4}",13.989999999999998,8.23,0.0022203319075612977,0.27637520723637277,0.1661403901966485,34,69632,"[0.42176784648748455, 1.5794803398341393, 0.43087686850326956, 1.23162600655761, 0.13778682531644448]",12.9528125,True,0.04406557185575366,10.410590708714928,9.161446350640295,8.343926895280612
quality_4_6_compact_1,compact,4,6,token,deterministic,41,analytic,"{""A"": 0, ""B"": 1, ""C"": 2, ""D"": 3}",11.129999999999999,8.23,0.0002658086056255218,1.0000000000000002,0.34134674481643534,116,0,"[0.4873582282347895, 0.8400542778850667, 0.5321957940046819, 1.5133936692996697, -0.5007325700034584]",10.141254824593016,True,0.02758079208433628,9.547514830385296,8.852616474499401,8.327506751922188
quality_4_6_compact_1,compact,4,6,token,deterministic,41,finite2048,"{""A"": 0, ""B"": 1, ""C"": 2, ""D"": 3}",11.129999999999999,8.23,4.179508919838466e-06,1.0000000000000002,0.19529206956293382,34,69632,"[0.5813476189806788, 1.5221752557281922, 0.4012512861780645, 1.2795509484523093, -0.08602697801746115]",10.47833984375,True,0.013482669368386269,10.028403143315877,9.580238971344327,8.942857840622933
quality_4_6_compact_1,compact,4,6,token,deterministic,53,analytic,"{""A"": 0, ""B"": 1, ""C"": 2, ""D"": 3}",11.129999999999999,8.23,7.811032502751011e-07,1.0,0.26469012271949954,87,0,"[0.5255902706946567, 1.0426017803290164, 0.48447111493163425, 1.0813225739949135, -0.025108048199442793]",10.23353668979464,True,0.020407648291438818,10.05680770967385,9.624122175089024,8.903195476308206
quality_4_6_compact_1,compact,4,6,token,deterministic,53,finite2048,"{""A"": 0, ""B"": 1, ""C"": 2, ""D"": 3}",11.129999999999999,8.23,2.205227303816682e-07,1.0,0.17494082932332472,39,79872,"[0.6689004073475098, 1.6097328859812159, 0.48528232968002694, 0.9783122107147532, -0.01181120534840805]",10.49234375,True,0.015449969097971916,9.900148112687171,9.34358255106679,8.755274275575298
quality_4_6_compact_1,compact,4,6,token,poor,41,analytic,"{""A"": 1, ""B"": 2, ""C"": 4, ""D"": 5}",17.99,8.23,1.498736935418733e-13,1.0,0.9733413070175387,200,0,"[1.0473186612815522, 2.267940078382947, 1.516124692198443, 0.8508518572484147, -0.013519781194922871]",10.113596199393088,False,0.04634673101827502,9.423171886777187,9.400000218791662,9.399999522045347
quality_4_6_compact_1,compact,4,6,token,poor,41,finite2048,"{""A"": 1, ""B"": 2, ""C"": 4, ""D"": 5}",17.99,8.23,6.566067640624836e-14,1.0000000000000002,0.8437957299407534,40,81920,"[0.8445246786544408, 1.843160075559492, 0.4286769661768714, 0.9760464830080521, 0.033277941256645203]",11.609785156249998,True,0.016907221637666225,11.189484493986242,10.802179097852687,10.391383867159664
quality_4_6_compact_1,compact,4,6,token,poor,53,analytic,"{""A"": 1, ""B"": 2, ""C"": 4, ""D"": 5}",17.99,8.23,1.5406061794340008e-14,1.0,0.9744597217804375,200,0,"[1.0507890993195284, 1.9646213686688632, 1.54246226462327, 1.1090151005738453, -0.009186501144134171]",10.121901758371415,False,0.0464490232989192,9.425528002705743,9.40000048376009,9.399999893069458
quality_4_6_compact_1,compact,4,6,token,poor,53,finite2048,"{""A"": 1, ""B"": 2, ""C"": 4, ""D"": 5}",17.99,8.23,2.0189028073070128e-10,1.0,0.8079574337376964,32,65536,"[0.7476385258756267, 1.8231086883254508, 0.47114987618434573, 1.0154437952006166, 0.11304736982727678]",11.642187499999999,True,0.01359363691881299,11.248178347270954,10.930505393045049,10.461519966174729
quality_4_6_compact_1,compact,4,6,token,random,41,analytic,"{""A"": 0, ""B"": 5, ""C"": 3, ""D"": 4}",13.989999999999998,8.23,0.19880761925697857,1.0,0.8492078589667933,100,0,"[0.863179324283242, 1.8902877771858317, -0.3974388459070649, 0.9407159310735229, -0.490769179016995]",8.236143085689163,True,0.0234320810995996,8.230048262363535,8.230000000000015,8.23
quality_4_6_compact_1,compact,4,6,token,random,41,finite2048,"{""A"": 0, ""B"": 5, ""C"": 3, ""D"": 4}",13.989999999999998,8.23,0.12976400596483098,1.0000000000000002,0.8504656037198899,41,83968,"[0.9013213324345143, 1.5478749683043125, 0.06392097456165839, 1.1620340078115508, -0.200236774594553]",8.273417968750003,True,0.01662811916321516,8.230544820219613,8.230000000563201,8.23
quality_4_6_compact_1,compact,4,6,token,random,53,analytic,"{""A"": 0, ""B"": 5, ""C"": 3, ""D"": 4}",13.989999999999998,8.23,0.1252666527119015,1.0,0.8723651773734953,200,0,"[0.923214055524685, 1.8950522017294509, 0.11898683344105448, 1.655369800863389, 0.14340302150306652]",8.329840773232766,False,0.0464022159576416,8.230686711663985,8.230000001089454,8.23
quality_4_6_compact_1,compact,4,6,token,random,53,finite2048,"{""A"": 0, ""B"": 5, ""C"": 3, ""D"": 4}",13.989999999999998,8.23,0.12678178241588078,1.0,0.72588447312804,37,75776,"[0.7704212717320559, 1.8030871385003038, 0.48564387199421194, 1.2399364114229015, 0.3618106755857163]",8.90716796875,True,0.015377503354102373,8.23404365357013,8.230000000903935,8.23
quality_4_6_compact_2,compact,4,6,penalty_row_xy,deterministic,41,analytic,"{""A"": 0, ""B"": 1, ""C"": 2, ""D"": 3}",19.88,16.330000000000002,0.0029003091057871458,0.3831226899421,0.1274553578989783,121,0,"[0.683600623632893, 2.0069279099598942, 0.055653788810897095, 0.623172438939529, 0.3937821788384782]",19.403075891995925,True,0.12419436825439334,17.091453297277944,16.64520726168984,16.430519048403085
quality_4_6_compact_2,compact,4,6,penalty_row_xy,deterministic,41,finite2048,"{""A"": 0, ""B"": 1, ""C"": 2, ""D"": 3}",19.88,16.330000000000002,0.008695882744656503,0.3036137781229271,0.08696477445623496,39,79872,"[0.332092541455254, 1.6224345836313707, 0.4936212337491372, 0.9425509360134865, 0.10754517130577539]",20.175546875,True,0.04983796924352646,17.620745630981705,16.59256833309054,16.335314456875746
quality_4_6_compact_2,compact,4,6,penalty_row_xy,deterministic,53,analytic,"{""A"": 0, ""B"": 1, ""C"": 2, ""D"": 3}",19.88,16.330000000000002,0.02396303342952682,0.3612007832815278,0.10957342825239544,82,0,"[0.8160024234021928, 2.073009351897359, -0.08554465118483463, 0.7004886437598253, 0.5318142128800765]",19.124887870867667,True,0.08449949324131012,17.13006950950112,16.37307906475314,16.33000221087916
quality_4_6_compact_2,compact,4,6,penalty_row_xy,deterministic,53,finite2048,"{""A"": 0, ""B"": 1, ""C"": 2, ""D"": 3}",19.88,16.330000000000002,0.0037255919856034932,0.32268420752459465,0.10891711173938586,39,79872,"[0.6236372805596482, 1.5824815051575958, 0.07547429695649803, 0.8660761776200803, 0.19067874271660254]",20.136601562499997,True,0.04955316474661231,17.88786283756951,16.817861501705327,16.39910203338158
quality_4_6_compact_2,compact,4,6,penalty_row_xy,poor,41,analytic,"{""A"": 2, ""B"": 0, ""C"": 4, ""D"": 5}",31.1,16.330000000000002,0.0004935971643400365,0.4818280687872375,0.4818145545439001,56,0,"[0.7757932818659992, 1.3828955296912815, -0.09274543190353947, 0.8549171593601833, -0.13123545279065832]",19.237710845666257,True,0.058278210926800966,18.15035194214347,17.670727541308626,17.186887092279463
quality_4_6_compact_2,compact,4,6,penalty_row_xy,poor,41,finite2048,"{""A"": 2, ""B"": 0, ""C"": 4, ""D"": 5}",31.1,16.330000000000002,0.00020403003969098686,0.5929672709624567,0.5929626560361815,38,77824,"[0.8219255339187386, 1.5085360041395415, 0.09202717591941595, 0.8488922740834768, 0.12630243051657494]",19.35302734375,True,0.04752802709117532,18.3965451213541,17.7574249202468,17.241110453423094
quality_4_6_compact_2,compact,4,6,penalty_row_xy,poor,53,analytic,"{""A"": 2, ""B"": 0, ""C"": 4, ""D"": 5}",31.1,16.330000000000002,0.0001212268117914236,0.5069157504196837,0.5069131157908588,87,0,"[0.8262716807634896, 1.2305142122618906, -0.005516936286123869, 1.545865012969849, -0.1454980621611825]",19.436297743580905,True,0.0894096028059721,18.40780560704908,17.797329460259334,17.431845393122245
quality_4_6_compact_2,compact,4,6,penalty_row_xy,poor,53,finite2048,"{""A"": 2, ""B"": 0, ""C"": 4, ""D"": 5}",31.1,16.330000000000002,2.0749755716488524e-05,0.5145034136225004,0.5145027924326467,39,79872,"[0.7343477775320705, 1.3897112191197847, -0.11635732359425403, 1.2754242402255098, 0.08157405363072531]",19.4252734375,True,0.04896817822009325,18.32640753801468,17.760537189065285,17.444052425752766
quality_4_6_compact_2,compact,4,6,penalty_row_xy,random,41,analytic,"{""A"": 2, ""B"": 3, ""C"": 1, ""D"": 0}",23.91,16.330000000000002,0.00516154483888946,0.3180002054283165,0.22935781372285413,85,0,"[0.15083987935499713, 1.5298668695509385, 0.08867882194788267, 1.0133666680886173, 0.17537646768450124]",20.017860668106128,True,0.08711493900045753,17.880134654447158,16.894202520108472,16.383224554004556
quality_4_6_compact_2,compact,4,6,penalty_row_xy,random,41,finite2048,"{""A"": 2, ""B"": 3, ""C"": 1, ""D"": 0}",23.91,16.330000000000002,0.0016062121133912505,0.34904470848060176,0.2783047036554685,49,100352,"[0.6415897885729885, 1.640860058728275, 0.09873911433753356, 1.2478987014705623, 0.413436438259389]",19.66521484375,True,0.06206246791407466,17.726455874714777,16.997661507872483,16.546405159034126
quality_4_6_compact_2,compact,4,6,penalty_row_xy,random,53,analytic,"{""A"": 2, ""B"": 3, ""C"": 1, ""D"": 0}",23.91,16.330000000000002,0.005031965265056723,0.429319137213216,0.27845206804860734,153,0,"[0.11313478177174809, 1.6766665884669243, 0.10396724469183453, 0.9970067772527081, -0.03775003033885205]",19.823582924381757,True,0.15608926210552454,18.158319841663562,16.809004047094202,16.36266163269806
quality_4_6_compact_2,compact,4,6,penalty_row_xy,random,53,finite2048,"{""A"": 2, ""B"": 3, ""C"": 1, ""D"": 0}",23.91,16.330000000000002,0.0029877669346357215,0.2920537175361867,0.21046380885133315,39,79872,"[0.2329397832115861, 1.8243531070575227, 0.044446051362169475, 1.0577077559398875, 0.027031575633790626]",20.58890625,True,0.04965047677978873,18.27856987739268,17.21447000632259,16.477511724418854
quality_4_6_compact_2,compact,4,6,token,deterministic,41,analytic,"{""A"": 0, ""B"": 1, ""C"": 2, ""D"": 3}",19.88,16.330000000000002,0.0005089547151730349,1.0000000000000004,0.34172113777764374,57,0,"[1.0906948230831142, 1.5628144808311653, -0.20812481148257567, 1.0765388807345628, -0.516108705554187]",17.332073148911554,True,0.014202529098838568,17.279418608848417,17.126861646606795,16.790978698632077
quality_4_6_compact_2,compact,4,6,token,deterministic,41,finite2048,"{""A"": 0, ""B"": 1, ""C"": 2, ""D"": 3}",19.88,16.330000000000002,0.00032953239048851143,1.0,0.3587027427169722,48,98304,"[1.024495107382981, 1.3856724513297147, -0.2524884921543626, 1.2429444818105255, -0.2769643494288877]",17.33890625,True,0.020015351939946413,17.32182751304113,17.26944439532759,17.0894556547776
quality_4_6_compact_2,compact,4,6,token,deterministic,53,analytic,"{""A"": 0, ""B"": 1, ""C"": 2, ""D"": 3}",19.88,16.330000000000002,0.001310948048855308,1.0,0.3474515146337164,59,0,"[1.0795978868920226, 1.4834146642363866, -0.48912651465293927, 1.29823675047333, -0.47733042427945965]",17.326770575813914,True,0.014271609019488096,17.237168205166174,17.00175922794815,16.601079815093517
quality_4_6_compact_2,compact,4,6,token,deterministic,53,finite2048,"{""A"": 0, ""B"": 1, ""C"": 2, ""D"": 3}",19.88,16.330000000000002,2.0097375329769242e-05,1.0,0.33323349246486433,46,94208,"[1.3177357405485095, 2.0398941587136683, 0.5594846146323591, 1.412356840688819, 0.2561881729568906]",17.33890625,True,0.0194132630713284,17.322145184070706,17.271694953102966,17.11193724125856
quality_4_6_compact_2,compact,4,6,token,poor,41,analytic,"{""A"": 2, ""B"": 0, ""C"": 4, ""D"": 5}",31.1,16.330000000000002,0.016068435263480944,1.0,0.9998359580743041,143,0,"[1.3947484777728947, 1.3204978832449608, 0.7060175906829989, 0.6955460901731646, 0.6433081770423161]",17.100079194212846,True,0.033823732286691666,16.625147170560904,16.38563696245703,16.33010652005259
quality_4_6_compact_2,compact,4,6,token,poor,41,finite2048,"{""A"": 2, ""B"": 0, ""C"": 4, ""D"": 5}",31.1,16.330000000000002,0.01169794969245925,1.0,0.9996345152142031,59,120832,"[1.338452799386563, 1.5490145617721047, 0.718521919669097, 0.6588623020254349, 0.5403977801583202]",17.128398437500003,True,0.025160181801766157,16.66558475859193,16.42526947122995,16.331015970648853
quality_4_6_compact_2,compact,4,6,token,poor,53,analytic,"{""A"": 2, ""B"": 0, ""C"": 4, ""D"": 5}",31.1,16.330000000000002,0.016036542332027885,1.0,0.999833883596682,107,0,"[1.3926320268767138, 1.3390778798321505, 0.7069229032632252, 0.6945521139819001, 0.6420299306975267]",17.10005987474185,True,0.02541604219004512,16.62537525722932,16.38585572377421,16.33010827936263
quality_4_6_compact_2,compact,4,6,token,poor,53,finite2048,"{""A"": 2, ""B"": 0, ""C"": 4, ""D"": 5}",31.1,16.330000000000002,0.021234733623133446,0.9999999999999999,0.9999796934480434,51,104448,"[1.5075876329454923, 1.6356219614428842, 0.7070287404565053, 0.6939452163107076, 0.8431487095294418]",17.155546875000002,True,0.02169007295742631,16.584324431665085,16.358319633765483,16.33000719658779
quality_4_6_compact_2,compact,4,6,token,random,41,analytic,"{""A"": 2, ""B"": 3, ""C"": 1, ""D"": 0}",23.91,16.330000000000002,1.1670077200919246e-05,1.0,0.9238351203468249,200,0,"[1.2646295094211037, 1.895002184166296, -0.34253960107383685, 0.9909948865368576, 1.7422853783078627]",17.538036262111373,False,0.046976231038570404,16.789773891451276,16.77929515865365,16.777187448965865
quality_4_6_compact_2,compact,4,6,token,random,41,finite2048,"{""A"": 2, ""B"": 3, ""C"": 1, ""D"": 0}",23.91,16.330000000000002,2.5217543810570284e-05,0.9999999999999999,0.7535552200952182,40,81920,"[1.1401057803801555, 1.573330817916382, 0.2842816233050133, 1.4352962750895306, 0.687700090324183]",18.470332031250003,True,0.01717925164848566,18.135723308413645,17.83170157883771,17.310025256704037
quality_4_6_compact_2,compact,4,6,token,random,53,analytic,"{""A"": 2, ""B"": 3, ""C"": 1, ""D"": 0}",23.91,16.330000000000002,1.1829251637035334e-05,1.0,0.9248878316436387,200,0,"[1.2643622075698806, 1.883001365665308, -0.34075079853372253, 1.039994297991897, 1.7386791534406973]",17.538563899050455,False,0.047042515594512224,16.7898458772905,16.779287078631555,16.77715526798085
quality_4_6_compact_2,compact,4,6,token,random,53,finite2048,"{""A"": 2, ""B"": 3, ""C"": 1, ""D"": 0}",23.91,16.330000000000002,6.3768310109905425e-06,1.0,0.7432527017611205,37,75776,"[0.8790232436531832, 1.588393166433781, 0.46880031063105426, 0.9424239310552462, 0.0626239468641719]",18.5230078125,True,0.015650955960154533,17.96861927391376,17.46779358211097,17.272475008802534
quality_4_6_compact_3,compact,4,6,penalty_row_xy,deterministic,41,analytic,"{""A"": 0, ""B"": 1, ""C"": 2, ""D"": 3}",16.47,10.03,0.013449464376654735,0.30582901833727927,0.18900270104023165,63,0,"[0.34975656835386165, 1.5324355838325814, 0.2578722274996802, 1.03803742828784, 0.09024009874782302]",14.25983029101378,True,0.06542401388287544,11.485517872433036,10.261665550406915,10.031102605882703
quality_4_6_compact_3,compact,4,6,penalty_row_xy,deterministic,41,finite2048,"{""A"": 0, ""B"": 1, ""C"": 2, ""D"": 3}",16.47,10.03,0.016967549726866094,0.28304135153584425,0.17179518853984171,33,67584,"[0.3963335921233279, 1.5572589583860914, 0.2665997082222027, 1.0308393967561138, 0.1488521738845202]",14.5115625,True,0.042367967776954174,11.505733563145453,10.198076618477765,10.030177889058667
quality_4_6_compact_3,compact,4,6,penalty_row_xy,deterministic,53,analytic,"{""A"": 0, ""B"": 1, ""C"": 2, ""D"": 3}",16.47,10.03,0.009554552843719966,0.4567175300573286,0.29965218128813365,178,0,"[0.5926464830111888, 1.7126755402857392, 0.09384219466543701, 1.0676838859404154, 0.05250733430738686]",13.151313252457387,True,0.18033557897433639,11.384132547125144,10.367785740170067,10.03828562328208
quality_4_6_compact_3,compact,4,6,penalty_row_xy,deterministic,53,finite2048,"{""A"": 0, ""B"": 1, ""C"": 2, ""D"": 3}",16.47,10.03,0.013174887333146937,0.4327850819099853,0.291990985945753,47,96256,"[0.6130332693694868, 1.7880943080596197, 0.12415358359772438, 1.3070591834574912, -0.029693133975194977]",13.33375,True,0.058659776113927364,11.610470930499812,10.297594903386665,10.031274621033905
quality_4_6_compact_3,compact,4,6,penalty_row_xy,poor,41,analytic,"{""A"": 1, ""B"": 3, ""C"": 4, ""D"": 2}",22.19,10.03,0.006285086369341424,0.28584407668072864,0.285828038227258,52,0,"[0.5278282136789573, 1.5816038278033684, 0.24612837130909967, 1.0307710924484341, 0.21385412770579404]",14.458495802830601,True,0.05388777516782284,11.723763666063052,10.573852393949975,10.074788709373495
quality_4_6_compact_3,compact,4,6,penalty_row_xy,poor,41,finite2048,"{""A"": 1, ""B"": 3, ""C"": 4, ""D"": 2}",22.19,10.03,0.00523142348819872,0.28149423023638126,0.2814497901895282,32,65536,"[0.5256702323497281, 1.5535190238030778, 0.23968753999304537, 0.9777495500252753, 0.19201318615727697]",14.38640625,True,0.041085381992161274,11.742340020172012,10.63831211558061,10.107050457089837
quality_4_6_compact_3,compact,4,6,penalty_row_xy,poor,53,analytic,"{""A"": 1, ""B"": 3, ""C"": 4, ""D"": 2}",22.19,10.03,0.006197743329085104,0.28583325012666116,0.2858190024867877,48,0,"[0.5290305472513259, 1.580450567873249, 0.24578531752078675, 1.032580397117924, 0.2140950239601805]",14.458501592592247,True,0.049881290178745985,11.72897134795942,10.580186846049916,10.07685032937553
quality_4_6_compact_3,compact,4,6,penalty_row_xy,poor,53,finite2048,"{""A"": 1, ""B"": 3, ""C"": 4, ""D"": 2}",22.19,10.03,0.005068448939507715,0.2863841368184345,0.28633384225120107,35,71680,"[0.5495914048843527, 1.5270864707965683, 0.24202475895985048, 1.0112179889551351, 0.17412040032903467]",14.399609375,True,0.04492616606876254,11.762044147762891,10.655247560209522,10.113791863345398
quality_4_6_compact_3,compact,4,6,penalty_row_xy,random,41,analytic,"{""A"": 5, ""B"": 3, ""C"": 2, ""D"": 1}",17.310000000000002,10.03,0.020142660863644885,0.3180044510649494,0.23952131928450845,87,0,"[0.5935878264695615, 1.5448238527236233, 0.26319451312281156, 1.2447960594759977, 0.13277296879136444]",13.880809610135572,True,0.08925719605758786,11.182385347329497,10.136105293404762,10.030033877241303
quality_4_6_compact_3,compact,4,6,penalty_row_xy,random,41,finite2048,"{""A"": 5, ""B"": 3, ""C"": 2, ""D"": 1}",17.310000000000002,10.03,0.016021947784700195,0.30589018617537,0.2239047065331215,38,77824,"[0.5719563799100275, 1.5400646694646232, 0.28533868288322134, 1.2169516142750583, 0.1712014043983777]",14.50388671875,True,0.048520328011363745,11.386629545962323,10.211605677922476,10.030290622864317
quality_4_6_compact_3,compact,4,6,penalty_row_xy,random,53,analytic,"{""A"": 5, ""B"": 3, ""C"": 2, ""D"": 1}",17.310000000000002,10.03,0.001993958069810124,0.3807566774013385,0.30752752871552563,186,0,"[0.6574555583979063, 1.3659026859079635, -0.06145432926515756, 1.1289910467312758, 0.08882029263783478]",13.394661266975568,True,0.1897805449552834,11.42750955759683,10.907210743027798,10.436688380169915
quality_4_6_compact_3,compact,4,6,penalty_row_xy,random,53,finite2048,"{""A"": 5, ""B"": 3, ""C"": 2, ""D"": 1}",17.310000000000002,10.03,0.009406973371617477,0.3366257427751725,0.2480958347083401,41,83968,"[0.5985418170868649, 1.5229593020484722, 0.07699229291419873, 0.998707872613227, 0.10255264358924349]",14.371210937499999,True,0.05208236863836646,11.391514971432978,10.378883842698354,10.038948154377145
quality_4_6_compact_3,compact,4,6,token,deterministic,41,analytic,"{""A"": 0, ""B"": 1, ""C"": 2, ""D"": 3}",16.47,10.03,0.02245171114304535,1.0,0.5661293168818369,200,0,"[0.862262988932775, 2.0552057668244785, 1.4673546764227745, 1.2497992950029524, 0.9400779345064576]",12.338152889218016,False,0.047872803173959255,10.717061128932935,10.091938414371926,10.030010088974295
quality_4_6_compact_3,compact,4,6,token,deterministic,41,finite2048,"{""A"": 0, ""B"": 1, ""C"": 2, ""D"": 3}",16.47,10.03,0.0034361724507082875,0.9999999999999999,0.6118303364837433,43,88064,"[0.8222590688362635, 2.0810115801167415, 0.6102495779437496, 1.1372421961777432, 0.9145176667806654]",13.4262890625,True,0.018864492885768414,12.050349820858942,10.991628518818043,10.22549569378966
quality_4_6_compact_3,compact,4,6,token,deterministic,53,analytic,"{""A"": 0, ""B"": 1, ""C"": 2, ""D"": 3}",16.47,10.03,0.023208391771672776,1.0000000000000002,0.5619928093470675,200,0,"[0.8695093898746069, 1.9876636066823015, 1.4889443920631766, 1.3549910870614257, 0.9415567746325283]",12.32892094582095,False,0.04745067097246647,10.70826746572869,10.086143912016118,10.030006786743897
quality_4_6_compact_3,compact,4,6,token,deterministic,53,finite2048,"{""A"": 0, ""B"": 1, ""C"": 2, ""D"": 3}",16.47,10.03,0.0004619126290934022,1.0,0.4829664825084746,37,75776,"[0.9058669071137073, 1.8275458553341155, 0.28496755274504953, 1.0578424952360024, 0.4697767715488746]",13.750078125000002,True,0.015412498265504837,12.80278883783958,12.333110597987924,11.609291286222394
quality_4_6_compact_3,compact,4,6,token,poor,41,analytic,"{""A"": 1, ""B"": 3, ""C"": 4, ""D"": 2}",22.19,10.03,0.0757044700758704,1.0,0.9955831810898915,67,0,"[0.6858842079537677, 1.8776378171990002, 0.5203229206317213, 1.4361126827498298, 0.6691758070148744]",11.397984908337895,True,0.016102963592857122,10.127666496723094,10.03004752013838,10.03
quality_4_6_compact_3,compact,4,6,token,poor,41,finite2048,"{""A"": 1, ""B"": 3, ""C"": 4, ""D"": 2}",22.19,10.03,0.03079243756495287,1.0000000000000002,0.9970100147066057,42,86016,"[1.0622567832771594, 1.6619373307945204, 0.6805650121648809, 1.4830472007131716, 0.7328083649608319]",11.997031249999997,True,0.018461067229509354,10.4986796380945,10.050633698561157,10.030000125451842
quality_4_6_compact_3,compact,4,6,token,poor,53,analytic,"{""A"": 1, ""B"": 3, ""C"": 4, ""D"": 2}",22.19,10.03,0.07577140738096545,1.0000000000000002,0.9956103341541014,101,0,"[0.6853714395562317, 1.8751711388065617, 0.5205393031578274, 1.435480170256691, 0.6672865986110399]",11.398042987392031,True,0.024045090656727552,10.127443817393607,10.030047081660463,10.03
quality_4_6_compact_3,compact,4,6,token,poor,53,finite2048,"{""A"": 1, ""B"": 3, ""C"": 4, ""D"": 2}",22.19,10.03,0.010056775306775153,1.0,0.9934851256912175,47,96256,"[0.7888862156997767, 1.658817290382784, 0.6912449985853947, 0.7090350449148917, 0.639306596853972]",12.097363281249999,True,0.020514178089797497,10.888283717668177,10.339882452497601,10.036390659874668
quality_4_6_compact_3,compact,4,6,token,random,41,analytic,"{""A"": 5, ""B"": 3, ""C"": 2, ""D"": 1}",17.310000000000002,10.03,0.2567179781808215,0.9999999999999998,0.5295436587114075,41,0,"[0.23639459818378133, 1.7078176823364433, 0.3099082159051778, 0.8777159895441126, 0.40029343747962237]",10.03,True,0.010084394831210375,10.030085835312274,10.03,10.03
quality_4_6_compact_3,compact,4,6,token,random,41,finite2048,"{""A"": 5, ""B"": 3, ""C"": 2, ""D"": 1}",17.310000000000002,10.03,0.238651163754308,1.0,0.5045744607791159,38,77824,"[0.3440155780882644, 1.6402100162908764, 0.2325344047288674, 1.015050482006341, 0.41599686392657736]",10.04765625,True,0.015205009374767542,10.030195579603092,10.03,10.03
quality_4_6_compact_3,compact,4,6,token,random,53,analytic,"{""A"": 5, ""B"": 3, ""C"": 2, ""D"": 1}",17.310000000000002,10.03,0.25115100840801025,0.9999999999999998,0.5348535204411642,43,0,"[0.37083582643392693, 1.682979869921812, 0.2592258801314011, 0.9346724792549759, 0.39070417352127784]",10.03,True,0.010519430972635746,10.030113630589534,10.03,10.03
quality_4_6_compact_3,compact,4,6,token,random,53,finite2048,"{""A"": 5, ""B"": 3, ""C"": 2, ""D"": 1}",17.310000000000002,10.03,0.23444860268168358,1.0,0.47438071025022055,36,73728,"[0.3573845358935011, 1.7283709570753725, 0.3242509112446439, 0.994688049345889, 0.2677295154922453]",10.07634765625,True,0.01436670683324337,10.03023192966557,10.030000000000001,10.03
quality_4_6_line_0,line,4,6,penalty_row_xy,deterministic,41,analytic,"{""A"": 0, ""B"": 1, ""C"": 2, ""D"": 3}",41.46,15.02,9.27257797370411e-05,0.27289349037129096,0.17538358020507977,44,0,"[0.6296748007088745, 1.7679341546624059, 0.14667902364007243, 1.2787433144138023, 0.2384174796185807]",20.29119276748375,True,0.046500359661877155,18.644867873991664,16.18908529114456,15.53298494257541
quality_4_6_line_0,line,4,6,penalty_row_xy,deterministic,41,finite2048,"{""A"": 0, ""B"": 1, ""C"": 2, ""D"": 3}",41.46,15.02,1.2328574992099525e-05,0.307811214210648,0.1639717480823495,37,75776,"[0.6032646961012631, 1.7798726006799788, 0.19716753554242725, 1.2504341754080643, 0.3155513186594115]",21.340546875,True,0.04719743598252535,19.76728669902707,17.28166694898273,16.047239469903584
quality_4_6_line_0,line,4,6,penalty_row_xy,deterministic,53,analytic,"{""A"": 0, ""B"": 1, ""C"": 2, ""D"": 3}",41.46,15.02,0.00024064233289755824,0.26100599796864143,0.13945784706410963,200,0,"[0.7402359453420189, 1.8261247183807032, 0.09014898342124868, 1.510563955773882, 0.33681340025794715]",19.964369917314087,False,0.20289019402116537,17.93734794429327,15.575270633962665,15.254925429089168
quality_4_6_line_0,line,4,6,penalty_row_xy,deterministic,53,finite2048,"{""A"": 0, ""B"": 1, ""C"": 2, ""D"": 3}",41.46,15.02,0.00029487367432595106,0.3137385054226732,0.1749281901026397,42,86016,"[0.6543476040655035, 1.765516835545848, 0.14654056431955154, 1.3246020068996025, 0.30190343303150713]",21.240117187499997,True,0.05328576639294624,18.9498142253605,16.25230436161639,15.159323279603285
quality_4_6_line_0,line,4,6,penalty_row_xy,poor,41,analytic,"{""A"": 1, ""B"": 4, ""C"": 5, ""D"": 3}",60.879999999999995,15.02,0.0024228456608511246,0.3613235463638155,0.36104697622302034,140,0,"[0.43072117115388, 1.8887524096839812, 0.011627400345218754, 1.0675215943581717, 0.1108580592694706]",20.947124248386046,True,0.1427309662103653,18.107490058735152,16.496145664867967,15.279590728943615
quality_4_6_line_0,line,4,6,penalty_row_xy,poor,41,finite2048,"{""A"": 1, ""B"": 4, ""C"": 5, ""D"": 3}",60.879999999999995,15.02,0.00012064511842292501,0.31212668751198874,0.30892358550308646,34,69632,"[0.2753847384226043, 1.8117041159302916, 0.19812693616238886, 1.2559540176413548, 0.004944500161759888]",24.48689453125,True,0.04326073219999671,19.935832146561676,17.971497696122675,17.08454512072621
quality_4_6_line_0,line,4,6,penalty_row_xy,poor,53,analytic,"{""A"": 1, ""B"": 4, ""C"": 5, ""D"": 3}",60.879999999999995,15.02,0.007973458636903767,0.29422318956567334,0.29403447385201575,194,0,"[0.3389868397023545, 1.668120158895719, 0.32994900006532785, 0.996787825323324, 0.5151783237589264]",22.781456309640824,True,0.19574393006041646,20.138277153329767,15.912531591471929,15.032197328465351
quality_4_6_line_0,line,4,6,penalty_row_xy,poor,53,finite2048,"{""A"": 1, ""B"": 4, ""C"": 5, ""D"": 3}",60.879999999999995,15.02,0.0038874222943911874,0.3188496292764688,0.31849138109288544,43,88064,"[0.056956883913809195, 1.8166995907799306, 0.4182699117036783, 0.9693110079686167, 0.06364192674444397]",20.427089843750004,True,0.05421170312911272,18.070516707646867,16.00606361240125,15.1107852648712
quality_4_6_line_0,line,4,6,penalty_row_xy,random,41,analytic,"{""A"": 2, ""B"": 1, ""C"": 0, ""D"": 3}",40.980000000000004,15.02,0.03265418090770072,0.3364042592263265,0.23128513969644138,87,0,"[0.7839009181707184, 1.4732514269841794, 0.35097431766053677, 1.2532942437764885, 0.08882966628720347]",19.95044951596055,True,0.08889999706298113,16.30780996706745,15.03967355730339,15.020000007292637
quality_4_6_line_0,line,4,6,penalty_row_xy,random,41,finite2048,"{""A"": 2, ""B"": 1, ""C"": 0, ""D"": 3}",40.980000000000004,15.02,0.001477591499219324,0.30718812094715886,0.17386342052785725,38,77824,"[0.6375992401073193, 1.5681778987877095, 0.31060097757886823, 1.2206690965218148, 0.11335533817438727]",21.645605468750002,True,0.04823140613734722,18.871506236995398,15.817621405440741,15.074349606663034
quality_4_6_line_0,line,4,6,penalty_row_xy,random,53,analytic,"{""A"": 2, ""B"": 1, ""C"": 0, ""D"": 3}",40.980000000000004,15.02,0.0050648441738181975,0.2876719889536584,0.16459801984980255,66,0,"[0.6347635539615248, 1.6896926942566395, 0.2943448318445666, 1.0943869350364606, 0.016443901605421085]",21.115365274512996,True,0.06796316616237164,17.99334340101334,15.32083644535735,15.026135268390815
quality_4_6_line_0,line,4,6,penalty_row_xy,random,53,finite2048,"{""A"": 2, ""B"": 1, ""C"": 0, ""D"": 3}",40.980000000000004,15.02,0.004375141087179096,0.3075024059586293,0.14933709888569013,43,88064,"[0.5789414030969713, 1.6704847986178368, 0.370872790371731, 1.0594746398077897, 0.08785476216622642]",21.789355468750003,True,0.054322300013154745,18.35357022679589,15.611313121068235,15.046559445215149
quality_4_6_line_0,line,4,6,token,deterministic,41,analytic,"{""A"": 0, ""B"": 1, ""C"": 2, ""D"": 3}",41.46,15.02,0.06010554631384464,1.0,0.5062320702862732,200,0,"[1.3138971494182725, 1.658791967849897, 1.0381213714774251, 0.9469742850476973, 1.4026061385958322]",20.23913967135794,False,0.04760744608938694,15.189506457320084,15.020022842085421,15.020000000000001
quality_4_6_line_0,line,4,6,token,deterministic,41,finite2048,"{""A"": 0, ""B"": 1, ""C"": 2, ""D"": 3}",41.46,15.02,0.0005229535876475111,1.0,0.26996987877138,47,96256,"[0.7348004247686742, 1.4666331825828607, 0.7349838199180855, 0.828370998462293, 0.7858575781310304]",27.710566406250003,True,0.02046458376571536,16.943779475328533,15.942933873553566,15.481429954342012
quality_4_6_line_0,line,4,6,token,deterministic,53,analytic,"{""A"": 0, ""B"": 1, ""C"": 2, ""D"": 3}",41.46,15.02,0.05914970876380348,1.0,0.5044490543811924,200,0,"[1.3101208508636097, 1.162198097338089, 1.0427761797241863, 0.7492133649969773, 1.427127015781155]",20.25289265440658,False,0.04750906117260456,15.18567183190018,15.020025768790502,15.02
quality_4_6_line_0,line,4,6,token,deterministic,53,finite2048,"{""A"": 0, ""B"": 1, ""C"": 2, ""D"": 3}",41.46,15.02,1.1030705195702911e-10,1.0,0.3405351337124142,49,100352,"[1.0350416661824182, 1.5192749669769696, 1.1414849395066593, 0.835340178984451, -0.011089349307092943]",30.013437500000002,True,0.02092589996755123,19.259477623508285,16.951376315424245,16.28103724231075
quality_4_6_line_0,line,4,6,token,poor,41,analytic,"{""A"": 1, ""B"": 4, ""C"": 5, ""D"": 3}",60.879999999999995,15.02,0.1171086639917415,1.0,0.9999994405635936,200,0,"[1.5141748200761234, 1.7334024647835364, 0.42086047713475955, 0.8340002069130497, 0.30676645016525605]",15.072247113300016,False,0.047211904078722,15.021227300216927,15.020000007149575,15.02
quality_4_6_line_0,line,4,6,token,poor,41,finite2048,"{""A"": 1, ""B"": 4, ""C"": 5, ""D"": 3}",60.879999999999995,15.02,0.012280779372354845,1.0,0.9998072113501816,42,86016,"[1.7493346095764666, 1.9002855805499892, 0.6954360199258189, 0.813812785088567, 0.4967117036033844]",15.198554687500003,True,0.017525882925838232,15.064541190514053,15.032337925004903,15.02010727680643
quality_4_6_line_0,line,4,6,token,poor,53,analytic,"{""A"": 1, ""B"": 4, ""C"": 5, ""D"": 3}",60.879999999999995,15.02,0.08722130403695377,1.0,0.9999965115698426,190,0,"[1.4953502171597426, 1.3444535514778602, 0.36101017844772526, 1.394898506097537, 0.46232675566518583]",15.101252994093672,True,0.04476790875196457,15.02343013172443,15.020000506914485,15.02
quality_4_6_line_0,line,4,6,token,poor,53,finite2048,"{""A"": 1, ""B"": 4, ""C"": 5, ""D"": 3}",60.879999999999995,15.02,0.013091356484730721,1.0,0.9999964788445271,44,90112,"[1.5467558072520224, 1.4765578239508836, 0.7107268961967731, 0.8422318663346806, 0.5154665760638377]",15.152578125000005,True,0.018394703045487404,15.061146633409967,15.031107115324899,15.020070461354821
quality_4_6_line_0,line,4,6,token,random,41,analytic,"{""A"": 2, ""B"": 1, ""C"": 0, ""D"": 3}",40.980000000000004,15.02,0.01172235920834846,1.0,0.5025667676973274,117,0,"[1.3097844873832003, 1.412371873029898, 1.2366570974369135, 1.3411546328375274, 0.8754856051960122]",19.92006756337223,True,0.027808007784187794,16.14556259798464,15.067598168955435,15.02014388275205
quality_4_6_line_0,line,4,6,token,random,41,finite2048,"{""A"": 2, ""B"": 1, ""C"": 0, ""D"": 3}",40.980000000000004,15.02,0.015811238197411984,1.0,0.6268676108382405,52,106496,"[1.2029670527968386, 1.589760061536857, 1.2507753451080308, 1.229338277210159, 1.017888990299517]",20.856875000000002,True,0.022526662331074476,16.351610065822708,15.077828756933442,15.020017849543242
quality_4_6_line_0,line,4,6,token,random,53,analytic,"{""A"": 2, ""B"": 1, ""C"": 0, ""D"": 3}",40.980000000000004,15.02,0.00016136218536964855,1.0,0.577896020054904,166,0,"[0.42624337403576806, 0.9075968507168214, 1.9500781286217574, 1.2296311527908466, 1.5118003381490497]",16.499350113330248,True,0.03887830302119255,15.855206156001115,15.671571459742976,15.498487144356929
quality_4_6_line_0,line,4,6,token,random,53,finite2048,"{""A"": 2, ""B"": 1, ""C"": 0, ""D"": 3}",40.980000000000004,15.02,0.0010419192516594822,1.0,0.35066375307074804,57,116736,"[1.032094666420855, 1.2974399565822636, 1.0635306595445961, 0.9821283510209757, -0.42768610215639136]",24.51748046875,True,0.02436281694099307,16.91391058709645,15.714841736687937,15.17380525644741
quality_4_6_line_1,line,4,6,penalty_row_xy,deterministic,41,analytic,"{""A"": 0, ""B"": 1, ""C"": 2, ""D"": 3}",29.479999999999997,9.989999999999998,6.166063973266219e-05,0.3410836617277175,0.22702349036011807,91,0,"[0.581309455044105, 1.9646069859507465, 0.5814377262165168, 1.2035374942115495, -0.031121216329380058]",13.699857765622857,True,0.09455247782170773,10.757703557255503,10.634890277823379,10.619799265224602
quality_4_6_line_1,line,4,6,penalty_row_xy,deterministic,41,finite2048,"{""A"": 0, ""B"": 1, ""C"": 2, ""D"": 3}",29.479999999999997,9.989999999999998,4.3622753013873576e-05,0.26019580753657623,0.18730955582783726,41,83968,"[0.6785437961558147, 1.747193995736892, 0.5869226002976726, 1.2283858323985424, 0.08599073925635937]",15.06849609375,True,0.05170049285516143,11.594806693351725,10.6490823410949,10.625642982334755
quality_4_6_line_1,line,4,6,penalty_row_xy,deterministic,53,analytic,"{""A"": 0, ""B"": 1, ""C"": 2, ""D"": 3}",29.479999999999997,9.989999999999998,1.7891331519685383e-05,0.35856437738541247,0.22935793140604177,91,0,"[0.5883984537105613, 1.9441191407807847, 0.5811385785858943, 1.0468215182563005, 0.0357978134507901]",13.5231481124406,True,0.09339760197326541,10.750038353084392,10.638513551426508,10.63407290048273
quality_4_6_line_1,line,4,6,penalty_row_xy,deterministic,53,finite2048,"{""A"": 0, ""B"": 1, ""C"": 2, ""D"": 3}",29.479999999999997,9.989999999999998,0.0018653101995091213,0.28726244313268,0.17988823002651838,40,81920,"[0.32854577412684755, 1.5650841789425478, 0.17665229977392416, 0.9177171659633081, 0.13022485353514784]",21.074609375,True,0.05080506298691034,16.74774314998861,12.948393491823548,10.712763301640633
quality_4_6_line_1,line,4,6,penalty_row_xy,poor,41,analytic,"{""A"": 5, ""B"": 2, ""C"": 3, ""D"": 1}",39.830000000000005,9.989999999999998,0.0014702834787592544,0.33740805118098915,0.3370212332331968,106,0,"[0.6575613419668129, 1.5270187941869051, 0.21379092522769108, 0.9455616675540652, 0.11260578080217248]",19.253935124288354,True,0.10840882873162627,15.582193627651918,12.076201016396706,10.442244730583644
quality_4_6_line_1,line,4,6,penalty_row_xy,poor,41,finite2048,"{""A"": 5, ""B"": 2, ""C"": 3, ""D"": 1}",39.830000000000005,9.989999999999998,0.0012360762532808863,0.33424049353019974,0.3339129556256928,41,83968,"[0.6476807626960768, 1.5391484868906435, 0.20154478118445188, 0.9697829923323704, 0.1153976845032064]",19.19875,True,0.052335494197905064,15.689808769032412,11.99544877251179,10.444399380290847
quality_4_6_line_1,line,4,6,penalty_row_xy,poor,53,analytic,"{""A"": 5, ""B"": 2, ""C"": 3, ""D"": 1}",39.830000000000005,9.989999999999998,0.00022856792357461048,0.38572053737326106,0.38567911571776664,144,0,"[0.5318142726931424, 1.6390325356568478, -0.03439001463893616, 1.0054443197015754, -0.0871542901402319]",14.952613918087795,True,0.1469858968630433,10.95580601307213,10.621533363853354,10.568207158226945
quality_4_6_line_1,line,4,6,penalty_row_xy,poor,53,finite2048,"{""A"": 5, ""B"": 2, ""C"": 3, ""D"": 1}",39.830000000000005,9.989999999999998,1.5816116005076085e-05,0.3129282924956413,0.31288975666312185,35,71680,"[0.6418148996685518, 1.5643771622952762, 0.12276307467489908, 0.9880844197051172, 0.11208510575875855]",19.5771484375,True,0.04451453406363726,16.724605432774652,11.807784625326551,10.655866304321911
quality_4_6_line_1,line,4,6,penalty_row_xy,random,41,analytic,"{""A"": 1, ""B"": 4, ""C"": 0, ""D"": 5}",15.760000000000002,9.989999999999998,3.074332375154722e-05,0.4157148391631966,0.047865252683477945,52,0,"[-0.1433068416814396, 1.7899431128522156, -0.002973092915570182, 1.2252782534187947, -0.07633627193239947]",15.175117956769945,True,0.05426906980574131,13.410386088184651,11.929389761770436,10.997966908881985
quality_4_6_line_1,line,4,6,penalty_row_xy,random,41,finite2048,"{""A"": 1, ""B"": 4, ""C"": 0, ""D"": 5}",15.760000000000002,9.989999999999998,0.0034890435677609744,0.28990006038860827,0.03519953597500597,31,63488,"[0.3924112506113438, 1.5749959153590674, 0.21515069703750847, 1.029053509274416, 0.1521099259991845]",20.1169140625,True,0.040004224982112646,13.296168090823901,11.001354401429662,10.148780386275641
quality_4_6_line_1,line,4,6,penalty_row_xy,random,53,analytic,"{""A"": 1, ""B"": 4, ""C"": 0, ""D"": 5}",15.760000000000002,9.989999999999998,0.00021881158097349361,0.3610908560773296,0.06061635715918902,200,0,"[0.1593143343977184, 1.760551629244898, 0.08289836034839448, 0.945130639631321, -0.05318947189481595]",15.197286985546187,False,0.20436899829655886,13.602476855502587,12.21954973190885,10.98954465627926
quality_4_6_line_1,line,4,6,penalty_row_xy,random,53,finite2048,"{""A"": 1, ""B"": 4, ""C"": 0, ""D"": 5}",15.760000000000002,9.989999999999998,0.002076215565664114,0.2517405041791734,0.04124707477601389,38,77824,"[0.3152569182370807, 1.5329875093169767, 0.012070487413498464, 1.0448221328272578, -0.0821756923700218]",17.20107421875,True,0.04857515078037977,12.634202723450048,10.765253667379005,10.232541942403607
quality_4_6_line_1,line,4,6,token,deterministic,41,analytic,"{""A"": 0, ""B"": 1, ""C"": 2, ""D"": 3}",29.479999999999997,9.989999999999998,0.2424671361474614,0.9999999999999999,0.9723514461024185,99,0,"[1.6650097938217139, 1.1962414132173411, 0.4139638981938241, 1.4463506574542908, 0.45236679295243715]",10.018325198001406,True,0.023885902017354965,9.990133325113856,9.989999999999998,9.989999999999998
quality_4_6_line_1,line,4,6,token,deterministic,41,finite2048,"{""A"": 0, ""B"": 1, ""C"": 2, ""D"": 3}",29.479999999999997,9.989999999999998,0.011083272613668593,1.0,0.6571676172446747,40,81920,"[0.9042744304461214, 1.5258592029485443, 0.15858358399577915, 1.260885133160279, 0.37881006163480907]",12.815117187500002,True,0.016767038963735104,10.887710768327374,10.177561994848993,9.992165963568628
quality_4_6_line_1,line,4,6,token,deterministic,53,analytic,"{""A"": 0, ""B"": 1, ""C"": 2, ""D"": 3}",29.479999999999997,9.989999999999998,0.24246704801114283,1.0,0.9711805884055653,92,0,"[1.6642736964293185, 1.2169128463726047, 0.41400660554479624, 1.4465436115831847, 0.45101339674561924]",10.018338295871507,True,0.021917029283940792,9.990133382540757,9.989999999999998,9.989999999999998
quality_4_6_line_1,line,4,6,token,deterministic,53,finite2048,"{""A"": 0, ""B"": 1, ""C"": 2, ""D"": 3}",29.479999999999997,9.989999999999998,0.025139902801136153,1.0,0.851900707240734,49,100352,"[1.1432595725549173, 1.5483118389475206, 0.4548816495952403, 1.180702396436715, 0.4324365424591686]",11.753847656250002,True,0.020746213383972645,10.390995039929221,10.01572305401833,9.99000141700219
quality_4_6_line_1,line,4,6,token,poor,41,analytic,"{""A"": 5, ""B"": 2, ""C"": 3, ""D"": 1}",39.830000000000005,9.989999999999998,4.179693598356548e-09,1.0,0.9999820935991736,87,0,"[0.9477008200800028, 1.3325837009358072, 0.229379066707731, 1.0759503865025102, 1.4941672718234198]",19.63025928080029,True,0.02084893500432372,18.942532774165212,18.9248461846707,18.90944178401999
quality_4_6_line_1,line,4,6,token,poor,41,finite2048,"{""A"": 5, ""B"": 2, ""C"": 3, ""D"": 1}",39.830000000000005,9.989999999999998,6.629959770232827e-08,0.9999999999999999,0.9999557104954198,51,104448,"[0.896475249495413, 1.3469754864514265, 0.31407931826767355, 1.109328331647048, 1.4783004147849848]",19.663242187499996,True,0.021418814081698656,18.937926662211897,18.889261640128097,18.769150785990224
quality_4_6_line_1,line,4,6,token,poor,53,analytic,"{""A"": 5, ""B"": 2, ""C"": 3, ""D"": 1}",39.830000000000005,9.989999999999998,1.4328554949155397e-09,1.0000000000000002,0.9999958628622612,97,0,"[0.9474686585058189, 1.3378131477886357, 0.2383843089350712, 0.7333069853881633, 1.6078809857389638]",19.648619074002326,True,0.02307116286829114,18.94336276834853,18.922959082262622,18.90194338470072
quality_4_6_line_1,line,4,6,token,poor,53,finite2048,"{""A"": 5, ""B"": 2, ""C"": 3, ""D"": 1}",39.830000000000005,9.989999999999998,1.1976507711290414e-05,0.9999999999999999,0.9996154182276662,46,94208,"[1.1180953066911359, 1.5342694845096132, 0.547821265931152, 1.027170614588061, 1.3610051628224429]",20.349414062499996,True,0.019719337113201618,18.67898862957136,16.756411720099,13.168090335820606
quality_4_6_line_1,line,4,6,token,random,41,analytic,"{""A"": 1, ""B"": 4, ""C"": 0, ""D"": 5}",15.760000000000002,9.989999999999998,0.0006619204237327593,1.0,0.5422436468094943,79,0,"[0.47651222936956705, 1.4148577311287684, -0.41676168297845034, 1.2023717716629219, 0.8796742315997461]",12.91137162020657,True,0.018914246931672096,11.393819248652472,10.613119775760085,10.453106489689016
quality_4_6_line_1,line,4,6,token,random,41,finite2048,"{""A"": 1, ""B"": 4, ""C"": 0, ""D"": 5}",15.760000000000002,9.989999999999998,3.9143691849776085e-05,1.0,0.40225181005537153,50,102400,"[0.5730475475569418, 1.6210006685780092, 0.13607859718695647, 0.9670740856358981, 0.6598802420036606]",13.293046875000002,True,0.020802508108317852,12.203002775047187,11.071502147599698,10.631591317626068
quality_4_6_line_1,line,4,6,token,random,53,analytic,"{""A"": 1, ""B"": 4, ""C"": 0, ""D"": 5}",15.760000000000002,9.989999999999998,3.652940480158078e-07,1.0,0.5316040556713596,73,0,"[0.46632857056541216, 1.6753618898268712, 0.020413484485444427, 0.7955880806508192, 0.8564003902236913]",13.04320180370019,True,0.01740791229531169,11.891723216130522,10.839755470786034,10.640256749869302
quality_4_6_line_1,line,4,6,token,random,53,finite2048,"{""A"": 1, ""B"": 4, ""C"": 0, ""D"": 5}",15.760000000000002,9.989999999999998,5.6798225687160875e-05,0.9999999999999999,0.3768744491131724,37,75776,"[0.7190622904563574, 1.5738873254079289, 0.12391971748953746, 1.019003584720925, 0.37723846223501634]",13.401777343750002,True,0.015226910822093487,12.728457538301257,11.93626136159595,10.948409599363032
quality_4_6_line_2,line,4,6,penalty_row_xy,deterministic,41,analytic,"{""A"": 0, ""B"": 1, ""C"": 2, ""D"": 3}",58.980000000000004,21.240000000000002,5.563055856007029e-07,0.3047161371206968,0.2988325616685532,68,0,"[0.575054075817953, 1.878332271671141, 0.05994686272722791, 0.9291749170531316, -0.035922415103777285]",18.700406576097457,True,0.06986957229673862,25.34471885884355,23.227963543417157,22.431030123766217
quality_4_6_line_2,line,4,6,penalty_row_xy,deterministic,41,finite2048,"{""A"": 0, ""B"": 1, ""C"": 2, ""D"": 3}",58.980000000000004,21.240000000000002,1.4894785190264943e-06,0.2985458624612382,0.2930945983989314,51,104448,"[0.5712140458803248, 1.895979406075843, 0.05446514300144669, 0.9160570360867867, -0.0164466910699745]",19.648613281250004,True,0.06286751898005605,25.375789214517404,23.213154334072474,22.485997166568797
quality_4_6_line_2,line,4,6,penalty_row_xy,deterministic,53,analytic,"{""A"": 0, ""B"": 1, ""C"": 2, ""D"": 3}",58.980000000000004,21.240000000000002,0.0001941539931542777,0.4201709172284239,0.4071465980313292,66,0,"[0.7175887843068539, 1.7467390053666392, 0.049826372859543284, 1.2428288769646914, 0.061062437933998695]",15.274855523091523,True,0.06709159212186933,28.931269301561557,25.36716135593655,23.21961976663567
quality_4_6_line_2,line,4,6,penalty_row_xy,deterministic,53,finite2048,"{""A"": 0, ""B"": 1, ""C"": 2, ""D"": 3}",58.980000000000004,21.240000000000002,8.141637519066462e-06,0.29644880024840387,0.2848303636376565,37,75776,"[0.5768942899193965, 1.8649873985708783, 0.08165228389940446, 1.1683035705057505, -0.030190904364193076]",19.04310546875,True,0.04600246483460069,25.875983298520673,23.45619518917071,22.525487179285964
quality_4_6_line_2,line,4,6,penalty_row_xy,poor,41,analytic,"{""A"": 4, ""B"": 3, ""C"": 0, ""D"": 2}",68.10000000000001,21.240000000000002,0.008031464855905687,0.27433690116832976,0.2736850261196131,57,0,"[0.5605219166913923, 1.8837776078068704, -0.08685761055964858, 1.1083067018839163, 0.05528848755104686]",19.516853523640474,True,0.05805586278438568,25.224834737474378,22.43772326333353,21.285071747652704
quality_4_6_line_2,line,4,6,penalty_row_xy,poor,41,finite2048,"{""A"": 4, ""B"": 3, ""C"": 0, ""D"": 2}",68.10000000000001,21.240000000000002,0.0032678910164334785,0.2873980229180744,0.28667173650525374,32,65536,"[0.6072412893698839, 1.8674822599643186, -0.017051084940691384, 0.9403829185073239, 0.11814779371301834]",22.421171875,True,0.04039112012833357,27.48698569248853,24.662288500301038,21.866398540127935
quality_4_6_line_2,line,4,6,penalty_row_xy,poor,53,analytic,"{""A"": 4, ""B"": 3, ""C"": 0, ""D"": 2}",68.10000000000001,21.240000000000002,0.004186589806687285,0.2988393502762243,0.2978812950631211,65,0,"[0.643871548385939, 1.8664182662332798, 0.004492637294919123, 1.0236996787059238, 0.14256873807203468]",22.299799611180532,True,0.06603041104972363,27.30485694357663,24.41970306698442,21.672647351045505
quality_4_6_line_2,line,4,6,penalty_row_xy,poor,53,finite2048,"{""A"": 4, ""B"": 3, ""C"": 0, ""D"": 2}",68.10000000000001,21.240000000000002,0.005757356813425651,0.34689608861199417,0.34688955359415896,40,81920,"[0.5897203986414071, 1.854121685316793, 0.02553755541995557, 0.8980862491499896, 0.03500449161670448]",23.987695312499998,True,0.05013677990064025,25.442267482751582,22.901305089085582,21.406757078375815
quality_4_6_line_2,line,4,6,penalty_row_xy,random,41,analytic,"{""A"": 3, ""B"": 1, ""C"": 0, ""D"": 4}",39.17,21.240000000000002,0.00039256191234633497,0.2552525500326939,0.1734497848145153,126,0,"[0.4752216361339454, 1.838992310786765, 0.041539030723437585, 0.8291073610080198, 0.09843013487298255]",18.03591367462134,True,0.12744453269988298,25.869405310568126,24.141180183517154,22.531539818009527
quality_4_6_line_2,line,4,6,penalty_row_xy,random,41,finite2048,"{""A"": 3, ""B"": 1, ""C"": 0, ""D"": 4}",39.17,21.240000000000002,0.0002732818438732843,0.2621332895113536,0.15303780405477146,41,83968,"[0.47763358582266247, 1.9595770099215977, -0.054617215010042734, 0.8588676197728838, -0.014459411102200097]",20.88580078125,True,0.05151263019070029,24.9219010559006,22.202134129162044,21.71004465487608
quality_4_6_line_2,line,4,6,penalty_row_xy,random,53,analytic,"{""A"": 3, ""B"": 1, ""C"": 0, ""D"": 4}",39.17,21.240000000000002,0.0003915050522892784,0.25556888644722875,0.17443738973422188,172,0,"[0.4740513493930333, 1.8345676608627863, 0.04216747065325398, 0.8320755257654646, 0.09665755666324423]",18.040542963125894,True,0.17350800288841128,25.878290160683736,24.165211456920595,22.571535137867386
quality_4_6_line_2,line,4,6,penalty_row_xy,random,53,finite2048,"{""A"": 3, ""B"": 1, ""C"": 0, ""D"": 4}",39.17,21.240000000000002,2.2349009262277664e-05,0.2674095831487284,0.1397915584971569,39,79872,"[0.4132967501729219, 1.6433871951395145, 0.09078784952489068, 1.0400600405752212, 0.08573993904208091]",24.1016796875,True,0.049336067866533995,28.142130613888526,24.83489509146697,23.152929699454535
quality_4_6_line_2,line,4,6,token,deterministic,41,analytic,"{""A"": 0, ""B"": 1, ""C"": 2, ""D"": 3}",58.980000000000004,21.240000000000002,0.2568848455264403,1.0000000000000002,0.9012219797388689,148,0,"[1.4248014677873155, 1.7012934443573553, 1.007731229215715, 1.213501455032952, 0.207693477265213]",21.240000000000002,True,0.03706101514399052,21.240174558284973,21.240000000000002,21.240000000000002
quality_4_6_line_2,line,4,6,token,deterministic,41,finite2048,"{""A"": 0, ""B"": 1, ""C"": 2, ""D"": 3}",58.980000000000004,21.240000000000002,6.768555927206415e-05,1.0,0.7712980954558557,38,77824,"[0.7556299668443373, 1.721590432239343, 0.5036692305145342, 0.9866693788270061, 0.016600249571874528]",32.843847656250006,True,0.016187874134629965,30.219492434865764,29.24779796907594,27.567903297093885
quality_4_6_line_2,line,4,6,token,deterministic,53,analytic,"{""A"": 0, ""B"": 1, ""C"": 2, ""D"": 3}",58.980000000000004,21.240000000000002,0.2592779712410972,1.0,0.9460453200749764,141,0,"[1.391811942447579, 1.6779138211897415, 1.050811557866888, 1.5181327151214932, 0.3517492254868836]",21.240000000000006,True,0.034822274930775166,21.240073848421154,21.240000000000002,21.240000000000002
quality_4_6_line_2,line,4,6,token,deterministic,53,finite2048,"{""A"": 0, ""B"": 1, ""C"": 2, ""D"": 3}",58.980000000000004,21.240000000000002,1.8973956154659486e-05,1.0000000000000002,0.8697176459495689,45,92160,"[0.671123681611577, 1.750936304546529, 0.4916717943568877, 1.2891186387501274, 0.16106301941885723]",32.85871093750001,True,0.01876643905416131,30.239633533963037,29.52961726806739,28.316008872944174
quality_4_6_line_2,line,4,6,token,poor,41,analytic,"{""A"": 4, ""B"": 3, ""C"": 0, ""D"": 2}",68.10000000000001,21.240000000000002,1.1620821686448454e-08,1.0,0.9999872842670378,179,0,"[1.7318698228322862, 1.3422245953661918, -0.3856702122367211, 0.8366308035076913, 0.5241106478842243]",27.23997931308785,True,0.0437980811111629,27.24000962536249,27.23933813420997,27.23735393170653
quality_4_6_line_2,line,4,6,token,poor,41,finite2048,"{""A"": 4, ""B"": 3, ""C"": 0, ""D"": 2}",68.10000000000001,21.240000000000002,4.513856015895125e-06,1.0,0.9828824334585391,36,73728,"[0.6918088047651993, 1.2944086313526149, 0.6310818035420737, 0.917598111329533, 0.4428178244578441]",34.41861328125,True,0.015823508612811565,29.9772974702276,28.001547867579816,26.691208355812343
quality_4_6_line_2,line,4,6,token,poor,53,analytic,"{""A"": 4, ""B"": 3, ""C"": 0, ""D"": 2}",68.10000000000001,21.240000000000002,2.0802931644477438e-11,1.0,0.9999998342025611,200,0,"[1.552599140912902, 1.3666555914263454, 0.7385332436128388, 1.068372965292139, 0.2716615028795255]",28.78538632305306,False,0.04893343336880207,27.306310788232338,27.23979831312943,27.239158174824052
quality_4_6_line_2,line,4,6,token,poor,53,finite2048,"{""A"": 4, ""B"": 3, ""C"": 0, ""D"": 2}",68.10000000000001,21.240000000000002,4.619130860327743e-06,0.9999999999999998,0.8908338706820401,37,75776,"[0.7980143848127471, 1.3029534615495173, 0.5525566037531846, 1.2437303130862152, 0.3796268729523825]",32.09300781249999,True,0.01604085834696889,29.440576635234233,27.822027603772757,27.011865890611126
quality_4_6_line_2,line,4,6,token,random,41,analytic,"{""A"": 3, ""B"": 1, ""C"": 0, ""D"": 4}",39.17,21.240000000000002,1.495602658818363e-07,1.0,0.5842743722928871,200,0,"[0.593767314862814, 1.361621955699065, 0.4274017340859674, 1.5408056257994966, 0.6193222735568851]",29.042824475588674,False,0.04880834789946675,27.360830020814724,27.238468281059653,27.233734669602825
quality_4_6_line_2,line,4,6,token,random,41,finite2048,"{""A"": 3, ""B"": 1, ""C"": 0, ""D"": 4}",39.17,21.240000000000002,7.551208195344114e-21,1.0,0.500416877797421,39,79872,"[0.7002634294106707, 1.5253424101259372, 0.5490642597616543, 1.3909650016500499, -0.009564668293147153]",29.90818359375,True,0.016541094984859228,28.00758763948658,27.29202292030478,27.24000213525997
quality_4_6_line_2,line,4,6,token,random,53,analytic,"{""A"": 3, ""B"": 1, ""C"": 0, ""D"": 4}",39.17,21.240000000000002,8.558082438040824e-08,1.0000000000000002,0.5852646914957603,200,0,"[0.6241877998127249, 1.3837614058278405, 0.4018191802209874, 1.5238657955956008, 0.5922382615203358]",29.07818254265753,False,0.04825097322463989,27.402430673526354,27.239173492204355,27.236174128360744
quality_4_6_line_2,line,4,6,token,random,53,finite2048,"{""A"": 3, ""B"": 1, ""C"": 0, ""D"": 4}",39.17,21.240000000000002,3.037279742941311e-08,0.9999999999999999,0.6249226356100913,40,81920,"[0.7487747873824409, 1.6646442520878195, 0.3912160829511462, 1.2784580423350875, 0.48416847858111545]",29.718417968750003,True,0.017016849014908075,27.923145810327455,27.275691839149573,27.23745928118499
quality_4_6_line_3,line,4,6,penalty_row_xy,deterministic,41,analytic,"{""A"": 0, ""B"": 1, ""C"": 2, ""D"": 3}",31.529999999999998,18.5,0.0010734889839766385,0.258547979172244,0.17633010719229508,144,0,"[0.3923657812530541, 1.5359576260528425, 0.007867809505477575, 0.9177207948005457, 0.07437793347035199]",21.549113625175625,True,0.14970338298007846,21.065220032407108,20.17442953720675,19.446443719124236
quality_4_6_line_3,line,4,6,penalty_row_xy,deterministic,41,finite2048,"{""A"": 0, ""B"": 1, ""C"": 2, ""D"": 3}",31.529999999999998,18.5,0.006195880773564659,0.31071359714506597,0.1291753358421701,36,73728,"[0.3937082686394785, 1.5709501511203656, 0.20619351713785788, 1.2227491677889604, 0.1479755693713771]",24.54607421875,True,0.046899027191102505,21.62100563011015,19.18954619872326,18.523285464026888
quality_4_6_line_3,line,4,6,penalty_row_xy,deterministic,53,analytic,"{""A"": 0, ""B"": 1, ""C"": 2, ""D"": 3}",31.529999999999998,18.5,0.00103634726160741,0.25819389164680684,0.17595560222573575,53,0,"[0.39282755730988667, 1.5081210896535904, 0.008795893647816144, 0.9475002407929338, 0.07434840673962956]",21.544954982899927,True,0.0555104692466557,21.066950234384134,20.181892502035858,19.464881204684573
quality_4_6_line_3,line,4,6,penalty_row_xy,deterministic,53,finite2048,"{""A"": 0, ""B"": 1, ""C"": 2, ""D"": 3}",31.529999999999998,18.5,0.0017588397950611227,0.25074017257197295,0.15648479464245002,35,71680,"[0.3655341251372966, 1.4305298386030645, 0.029703697799936188, 1.0213148905157714, 0.07721398844441857]",21.673085937499998,True,0.04512112168595195,21.090810599123223,19.960103379744332,19.065410707284045
quality_4_6_line_3,line,4,6,penalty_row_xy,poor,41,analytic,"{""A"": 4, ""B"": 0, ""C"": 1, ""D"": 5}",50.97,18.5,0.0008753154808466073,0.3208149947750451,0.3202594400335853,70,0,"[0.48056506244430836, 1.6558468064448117, 0.20829288587395828, 1.0297065193881556, 0.38074946535681176]",22.97609946361795,True,0.07321324292570353,21.2984922960655,19.93853472374594,19.186834685751545
quality_4_6_line_3,line,4,6,penalty_row_xy,poor,41,finite2048,"{""A"": 4, ""B"": 0, ""C"": 1, ""D"": 5}",50.97,18.5,0.000868930032390843,0.33627432130224855,0.3357672639847801,31,63488,"[0.5970329885435426, 1.5641564736137046, 0.20715575278488874, 1.029514193235715, 0.15844311582031326]",24.780468749999997,True,0.0402761441655457,21.974479427085573,19.893941634674146,18.98866819773729
quality_4_6_line_3,line,4,6,penalty_row_xy,poor,53,analytic,"{""A"": 4, ""B"": 0, ""C"": 1, ""D"": 5}",50.97,18.5,0.0008794338516610613,0.32111911829313167,0.32054457806965686,56,0,"[0.480925172961451, 1.6559148048473895, 0.20966612529491496, 1.0297557528495054, 0.38192213041138035]",22.976100476751174,True,0.05860375100746751,21.29606159546615,19.938217722591002,19.185345683641067
quality_4_6_line_3,line,4,6,penalty_row_xy,poor,53,finite2048,"{""A"": 4, ""B"": 0, ""C"": 1, ""D"": 5}",50.97,18.5,0.0009769634069750819,0.3018513323919816,0.3015739392453892,34,69632,"[0.47720269274940036, 1.5998608035590611, 0.18090138967759326, 1.0424376325118565, 0.34670980778543725]",23.2070703125,True,0.0441873911768198,21.657414855169513,19.99639735267902,19.159228652149178
quality_4_6_line_3,line,4,6,penalty_row_xy,random,41,analytic,"{""A"": 2, ""B"": 4, ""C"": 1, ""D"": 3}",21.64,18.5,0.00010596225475097594,0.31023642639527504,0.2000562882064748,51,0,"[0.7019071377998448, 1.5241561692269952, 0.02142296784036246, 0.9026134908391615, -0.004342219731165831]",20.207695892875886,True,0.05353939160704613,19.512579392051457,18.846120543563142,18.77468814898049
quality_4_6_line_3,line,4,6,penalty_row_xy,random,41,finite2048,"{""A"": 2, ""B"": 4, ""C"": 1, ""D"": 3}",21.64,18.5,4.5003886974557606e-05,0.37168413995212407,0.2619405778918572,45,92160,"[0.7131110713263737, 1.4821122152234185, 0.04288128567384337, 0.7748798590007706, 0.025768987325534162]",20.233398437499996,True,0.056604321114718914,19.443517651692446,18.828759374646783,18.783394717454243
quality_4_6_line_3,line,4,6,penalty_row_xy,random,53,analytic,"{""A"": 2, ""B"": 4, ""C"": 1, ""D"": 3}",21.64,18.5,0.00013315162357458184,0.34662497149250265,0.22742832219941617,56,0,"[0.7119248072435599, 1.8739037893888215, 0.02602109584650563, 0.9122646239468399, -0.05898091333845564]",20.348606706512953,True,0.058968245051801205,20.11836875206702,19.47115318360313,18.821981474772194
quality_4_6_line_3,line,4,6,penalty_row_xy,random,53,finite2048,"{""A"": 2, ""B"": 4, ""C"": 1, ""D"": 3}",21.64,18.5,0.00032921379016715704,0.3301072655413192,0.2245270053890448,43,88064,"[0.8661630596683015, 1.813560477459109, 0.03039869713971225, 0.794386688441317, 0.018060446502547588]",20.224902343749996,True,0.05387302814051509,19.57641539539785,18.863939128720464,18.745022461539858
quality_4_6_line_3,line,4,6,token,deterministic,41,analytic,"{""A"": 0, ""B"": 1, ""C"": 2, ""D"": 3}",31.529999999999998,18.5,0.04924570380500208,1.0,0.4155042216135533,200,0,"[1.22137831232081, 1.6599804113626144, -0.5515550896099013, 1.5079977271358251, 0.8398833868648713]",21.396878608349677,False,0.04779871413484216,18.89883281767429,18.502116694416053,18.500000000003357
quality_4_6_line_3,line,4,6,token,deterministic,41,finite2048,"{""A"": 0, ""B"": 1, ""C"": 2, ""D"": 3}",31.529999999999998,18.5,0.004332100464818094,1.0,0.4497061753884302,55,112640,"[1.0691842345610725, 1.472654951084532, -0.36318260248210965, 0.8500621704448718, 1.1624122853810617]",22.525898437499997,True,0.023828354198485613,20.262113905499923,19.15325474358452,18.547451443352927
quality_4_6_line_3,line,4,6,token,deterministic,53,analytic,"{""A"": 0, ""B"": 1, ""C"": 2, ""D"": 3}",31.529999999999998,18.5,0.03205650857305599,1.0,0.4297658760208636,136,0,"[1.2468121338658436, 1.8172140199483788, -0.5354186690539595, 1.1901792085883287, 0.9123302793109757]",21.56142751514364,True,0.03245205897837877,19.10607655010506,18.511779671036173,18.50000001709774
quality_4_6_line_3,line,4,6,token,deterministic,53,finite2048,"{""A"": 0, ""B"": 1, ""C"": 2, ""D"": 3}",31.529999999999998,18.5,0.0010686129220229964,0.9999999999999999,0.30436834972759974,45,92160,"[0.7899382548448853, 1.8364001347778702, -0.06782502157054959, 0.8298703942772454, 0.5341068819024416]",28.206054687500007,True,0.018338536843657494,23.74454360280381,20.60285515733591,19.50375320916372
quality_4_6_line_3,line,4,6,token,poor,41,analytic,"{""A"": 4, ""B"": 0, ""C"": 1, ""D"": 5}",50.97,18.5,4.935786666760722e-06,0.9999999999999999,0.9999994669481092,112,0,"[0.9656832957101716, 1.6194473106791936, 1.7831073121696754, 1.60462901885727, 1.5841468738547906]",20.727434676525647,True,0.026726549956947565,19.48828208096557,19.399363509406104,19.397232320670874
quality_4_6_line_3,line,4,6,token,poor,41,finite2048,"{""A"": 4, ""B"": 0, ""C"": 1, ""D"": 5}",50.97,18.5,0.004056139899903724,1.0,0.9999892991010173,60,122880,"[1.0198825568944025, 2.102856459212556, 1.6089141465493242, 1.1306123488433097, 1.0837413959399365]",21.16859375,True,0.025995619129389524,19.490721182941368,18.86727110246743,18.542080294671756
quality_4_6_line_3,line,4,6,token,poor,53,analytic,"{""A"": 4, ""B"": 0, ""C"": 1, ""D"": 5}",50.97,18.5,4.901768905018766e-06,1.0,0.9999994260307339,131,0,"[0.9657388341286268, 1.6191095500638428, 1.7819380474966993, 1.0236704592393517, 1.584054370662106]",20.72743286346224,True,0.031124649103730917,19.488117521242152,19.399427905331915,19.397491264706595
quality_4_6_line_3,line,4,6,token,poor,53,finite2048,"{""A"": 4, ""B"": 0, ""C"": 1, ""D"": 5}",50.97,18.5,0.010504445756058285,1.0,0.9950392308703251,50,102400,"[1.0547634418129304, 1.4554440412281315, 0.43618538885435637, 1.7219690594841088, 0.8248603848582677]",27.442265624999997,True,0.02136201784014702,21.006987857243146,19.02396231872649,18.50632157791654
quality_4_6_line_3,line,4,6,token,random,41,analytic,"{""A"": 2, ""B"": 4, ""C"": 1, ""D"": 3}",21.64,18.5,0.027187079951647028,1.0000000000000002,0.38761461247760604,150,0,"[0.5655490179819321, 1.5537520445019684, 0.48932083691051526, 0.9169357690585843, 0.06348942463046592]",19.368948597447734,True,0.03550387267023325,18.624014215307856,18.508514364249002,18.500000215483936
quality_4_6_line_3,line,4,6,token,random,41,finite2048,"{""A"": 2, ""B"": 4, ""C"": 1, ""D"": 3}",21.64,18.5,0.033200683337276465,1.0,0.38259955387595085,34,69632,"[0.5949065812981312, 1.5822592720486788, 0.3925716820111804, 1.0005406678169817, 0.15404448011002628]",19.38255859375,True,0.01422788668423891,18.605156015254295,18.5038498949645,18.50000000900744
quality_4_6_line_3,line,4,6,token,random,53,analytic,"{""A"": 2, ""B"": 4, ""C"": 1, ""D"": 3}",21.64,18.5,0.027136507294835542,1.0,0.3855378621675857,112,0,"[0.5673704376885849, 1.5548276355511204, 0.4910328055463964, 0.9289160171663274, 0.06261728266679015]",19.369869156559325,True,0.026489244773983955,18.624224256889395,18.508571208042724,18.500000221296293
quality_4_6_line_3,line,4,6,token,random,53,finite2048,"{""A"": 2, ""B"": 4, ""C"": 1, ""D"": 3}",21.64,18.5,0.031386320304929216,1.0,0.39768466409178876,33,67584,"[0.5862644855455256, 1.528306281224388, 0.36010580002564263, 1.0086747890368175, 0.16835496125341048]",19.75568359375,True,0.013687232974916697,18.617123482844306,18.504894123018335,18.50000002352363
quality_4_6_scatter_0,scatter,4,6,penalty_row_xy,deterministic,41,analytic,"{""A"": 0, ""B"": 1, ""C"": 2, ""D"": 3}",45.980000000000004,31.11,7.422821300096644e-05,0.26811733984018316,0.11109560049041572,62,0,"[0.40108551537335163, 1.7239564656777109, 0.16317389205832009, 1.0390925212773428, 0.14935073218587225]",36.55433466726845,True,0.06400295812636614,37.85758372608901,34.88944259617802,32.67773155801716
quality_4_6_scatter_0,scatter,4,6,penalty_row_xy,deterministic,41,finite2048,"{""A"": 0, ""B"": 1, ""C"": 2, ""D"": 3}",45.980000000000004,31.11,3.98208981920646e-05,0.2799407173526507,0.0937874764938024,34,69632,"[0.4306995518913903, 1.7659462235186199, 0.1851515382128476, 1.0261824252867895, 0.10999453649352486]",37.08671875,True,0.043604948092252016,38.43549216882017,35.17034202498949,32.92203907025934
quality_4_6_scatter_0,scatter,4,6,penalty_row_xy,deterministic,53,analytic,"{""A"": 0, ""B"": 1, ""C"": 2, ""D"": 3}",45.980000000000004,31.11,0.0012291393125741295,0.24846284079267666,0.10296644261158204,200,0,"[0.4590806334781333, 1.5820820412867476, 0.45736734029567977, 1.2419018904061563, 0.1137391986203387]",35.74347411882854,False,0.2024382660165429,37.88799120109858,34.36063289936755,32.24012606721541
quality_4_6_scatter_0,scatter,4,6,penalty_row_xy,deterministic,53,finite2048,"{""A"": 0, ""B"": 1, ""C"": 2, ""D"": 3}",45.980000000000004,31.11,0.0028840759479505916,0.28799927205028,0.11419778631075826,34,69632,"[0.25284746717161277, 1.5271081072510682, 0.14421731500344115, 0.9330190106669648, 0.03789356822962056]",36.56396484375,True,0.04324423195794225,37.81421914913164,34.318945671838236,31.754574261783333
quality_4_6_scatter_0,scatter,4,6,penalty_row_xy,poor,41,analytic,"{""A"": 3, ""B"": 4, ""C"": 2, ""D"": 1}",74.55,31.11,9.648381829845006e-05,0.2701160787514874,0.2700277992836623,71,0,"[0.7020576541710769, 1.4546025446138287, 0.1349100375431167, 1.0727434423968543, 0.0764955734607985]",33.085412812985055,True,0.07303340593352914,40.15371701135456,35.829656964292816,34.13179711966948
quality_4_6_scatter_0,scatter,4,6,penalty_row_xy,poor,41,finite2048,"{""A"": 3, ""B"": 4, ""C"": 2, ""D"": 1}",74.55,31.11,0.00042105955426404703,0.2330742098796992,0.23290280123502888,35,71680,"[0.6507509303608254, 1.5763911229278202, 0.13868798136740568, 1.0037041415806764, 0.07591070959475449]",36.137246093749994,True,0.044724499341100454,39.485922866322326,35.49986256203789,33.50851817033373
quality_4_6_scatter_0,scatter,4,6,penalty_row_xy,poor,53,analytic,"{""A"": 3, ""B"": 4, ""C"": 2, ""D"": 1}",74.55,31.11,7.187515888089115e-05,0.29897201952032426,0.29645727607541184,200,0,"[0.33679091680878076, 1.5012469443826975, 0.17552943716534755, 0.9083769041365541, -0.06919607310499956]",36.15720898895836,False,0.20324355689808726,37.5718482601106,34.21215804253669,32.848411555218775
quality_4_6_scatter_0,scatter,4,6,penalty_row_xy,poor,53,finite2048,"{""A"": 3, ""B"": 4, ""C"": 2, ""D"": 1}",74.55,31.11,0.0005766983752763004,0.3013206687867098,0.29578292469224765,33,67584,"[0.2033399152690891, 1.5213426795468334, 0.17893180749411303, 0.9894761612568003, -0.00685801611003071]",36.5049609375,True,0.04215119080618024,37.12857568412966,33.53366816555146,32.311506220164084
quality_4_6_scatter_0,scatter,4,6,penalty_row_xy,random,41,analytic,"{""A"": 1, ""B"": 0, ""C"": 4, ""D"": 5}",36.209999999999994,31.11,0.0008429588194414729,0.2988484293167061,0.038780066114827934,105,0,"[0.35487459135012706, 1.7439669159098334, 0.02674653547357928, 1.0689020556553988, 0.05554480671046165]",34.86130620261922,True,0.10713321575894952,34.78336363034142,33.49604831095876,32.43469359933691
quality_4_6_scatter_0,scatter,4,6,penalty_row_xy,random,41,finite2048,"{""A"": 1, ""B"": 0, ""C"": 4, ""D"": 5}",36.209999999999994,31.11,0.00015420996199804924,0.4252501913760809,0.020969249599221154,56,114688,"[-0.08165681447481249, 1.4671791701902515, 0.09089853152780802, 0.7223916051554993, -0.08680069659900468]",31.156015625000002,True,0.0698236059397459,34.89725000271477,33.075139440002424,31.70979219227229
quality_4_6_scatter_0,scatter,4,6,penalty_row_xy,random,53,analytic,"{""A"": 1, ""B"": 0, ""C"": 4, ""D"": 5}",36.209999999999994,31.11,0.0002609655911296721,0.30346954683289973,0.021970763667086512,142,0,"[0.06080293027423647, 1.5166499988544615, -0.05558735175875646, 0.46426439691026616, 0.15125872379034117]",30.77441115456882,True,0.1447432399727404,34.84912813382283,32.915520265887935,31.505195692624056
quality_4_6_scatter_0,scatter,4,6,penalty_row_xy,random,53,finite2048,"{""A"": 1, ""B"": 0, ""C"": 4, ""D"": 5}",36.209999999999994,31.11,0.0009875219503651719,0.3590130743221095,0.005833604177754756,43,88064,"[0.1221204671387388, 1.4439804457131207, -0.05732172368856704, 0.9296235751217024, -0.09417237895424294]",31.794121093749997,True,0.05403796723112464,35.766678816575336,34.69153561004593,32.53615994875665
quality_4_6_scatter_0,scatter,4,6,token,deterministic,41,analytic,"{""A"": 0, ""B"": 1, ""C"": 2, ""D"": 3}",45.980000000000004,31.11,0.00048118910730107637,1.0,0.6033744994258134,148,0,"[1.0000973978805427, 1.8343777928139242, 0.48655186527096506, 0.9979626429113108, 0.5832005124731097]",36.38083868552397,True,0.03537692502140999,34.70294608901329,33.303449924319004,31.757395269809262
quality_4_6_scatter_0,scatter,4,6,token,deterministic,41,finite2048,"{""A"": 0, ""B"": 1, ""C"": 2, ""D"": 3}",45.980000000000004,31.11,6.242901515207306e-05,1.0,0.5528392487388328,37,75776,"[0.820086250655276, 1.7832762075660091, 0.4090929044853816, 0.9631414899259011, 0.41739826024259513]",36.61001953124999,True,0.015612474177032709,35.38381994765771,34.18257763173297,32.96581375708142
quality_4_6_scatter_0,scatter,4,6,token,deterministic,53,analytic,"{""A"": 0, ""B"": 1, ""C"": 2, ""D"": 3}",45.980000000000004,31.11,0.0005428725113948145,0.9999999999999999,0.5799476627558879,63,0,"[0.9929791429616471, 1.8553651670616358, 0.5384206037313206, 1.0175511663053287, 0.4849101527507685]",36.413748914850906,True,0.015107257291674614,34.69415635086214,32.955088345914746,31.504292917164715
quality_4_6_scatter_0,scatter,4,6,token,deterministic,53,finite2048,"{""A"": 0, ""B"": 1, ""C"": 2, ""D"": 3}",45.980000000000004,31.11,0.000204468557515484,1.0,0.5658602682506708,43,88064,"[0.919083626629395, 1.8450352517165534, 0.5249575786745343, 1.0025012533820576, 0.37067548930303773]",36.4699609375,True,0.01827771170064807,35.161194269761644,33.66701561840269,32.03673603187341
quality_4_6_scatter_0,scatter,4,6,token,poor,41,analytic,"{""A"": 3, ""B"": 4, ""C"": 2, ""D"": 1}",74.55,31.11,0.027774216822581615,0.9999999999999999,0.9995949610371677,200,0,"[0.7683016859437332, 2.352390538866786, 1.31031803998547, 1.1286199765288187, 1.2974453920850606]",35.52680669169331,False,0.04741082713007927,31.69495688450797,31.11917110502693,31.110000163641807
quality_4_6_scatter_0,scatter,4,6,token,poor,41,finite2048,"{""A"": 3, ""B"": 4, ""C"": 2, ""D"": 1}",74.55,31.11,0.00013970705535973533,1.0,0.998695816335697,57,116736,"[1.032142035049055, 1.9737292321085667, 0.6022853035463477, 0.9318390517978962, 0.912731883518476]",41.935937499999994,True,0.02491431124508381,37.26626063100604,35.6513743071421,34.097068222600974
quality_4_6_scatter_0,scatter,4,6,token,poor,53,analytic,"{""A"": 3, ""B"": 4, ""C"": 2, ""D"": 1}",74.55,31.11,0.021336611907668945,1.0,0.999999991931171,156,0,"[0.4998063733275636, 2.1133370823726807, 1.4374731058958412, 1.3624883473564684, 1.5820980991903615]",33.10161329205652,True,0.03694061888381839,31.378453208949622,31.128985422287897,31.110004801668378
quality_4_6_scatter_0,scatter,4,6,token,poor,53,finite2048,"{""A"": 3, ""B"": 4, ""C"": 2, ""D"": 1}",74.55,31.11,2.0028651654083856e-06,1.0,0.9978851562565193,50,102400,"[1.0139144527009565, 2.1275440746535637, 0.37708448041453024, 0.9525818192010574, 0.7984599983429697]",42.723437499999996,True,0.021578313782811165,37.34932675496469,35.51593354285763,34.48782607376927
quality_4_6_scatter_0,scatter,4,6,token,random,41,analytic,"{""A"": 1, ""B"": 0, ""C"": 4, ""D"": 5}",36.209999999999994,31.11,0.12271341976743139,1.0,0.3749861664005228,76,0,"[0.4212395574535469, 1.2957869778131526, 0.6522939442213324, 0.8959784404564369, 0.6163064767855471]",31.26274389627908,True,0.018120246939361095,31.114581933163674,31.11000001582091,31.11
quality_4_6_scatter_0,scatter,4,6,token,random,41,finite2048,"{""A"": 1, ""B"": 0, ""C"": 4, ""D"": 5}",36.209999999999994,31.11,0.07931841394615234,1.0,0.4073785801474771,38,77824,"[0.45066793752118084, 1.3984125277840127, 0.4120016474582699, 0.8954464700067065, 0.5125849972259953]",31.32855468750001,True,0.015560747124254704,31.131345480293945,31.110007640675867,31.11
quality_4_6_scatter_0,scatter,4,6,token,random,53,analytic,"{""A"": 1, ""B"": 0, ""C"": 4, ""D"": 5}",36.209999999999994,31.11,0.12271241864455712,1.0,0.3748239406724446,77,0,"[0.41969615402367194, 1.2969891947256609, 0.6519835653916559, 0.896421178478259, 0.6177332501346036]",31.262745097626528,True,0.018366580363363028,31.114582153949378,31.110000015823218,31.11
quality_4_6_scatter_0,scatter,4,6,token,random,53,finite2048,"{""A"": 1, ""B"": 0, ""C"": 4, ""D"": 5}",36.209999999999994,31.11,0.09220152546932876,1.0000000000000002,0.3874447043716033,37,75776,"[0.36584639592004403, 1.3585874386650727, 0.5965335503307118, 0.8981841137800106, 0.4144760457484587]",31.295156250000012,True,0.015054376795887947,31.12358709156242,31.110001258260834,31.11
quality_4_6_scatter_1,scatter,4,6,penalty_row_xy,deterministic,41,analytic,"{""A"": 0, ""B"": 1, ""C"": 2, ""D"": 3}",76.07000000000001,44.98,0.00017516272395533988,0.2106062767481774,0.08483816062186063,77,0,"[0.7080234512692107, 1.524903694262348, 0.505327860119448, 1.0363691213770445, 0.1008500083281697]",44.58805847192832,True,0.07998811081051826,56.66255892464877,47.881839667837575,46.08943965886402
quality_4_6_scatter_1,scatter,4,6,penalty_row_xy,deterministic,41,finite2048,"{""A"": 0, ""B"": 1, ""C"": 2, ""D"": 3}",76.07000000000001,44.98,0.00021915894085492804,0.26114913117528477,0.11880601107392923,36,73728,"[0.6548153020524363, 1.5017239409302008, 0.41655686368235467, 1.016953352229637, 0.0696227727934449]",45.9201953125,True,0.04621171811595559,54.78167947919853,47.65470788644868,45.99511096769418
quality_4_6_scatter_1,scatter,4,6,penalty_row_xy,deterministic,53,analytic,"{""A"": 0, ""B"": 1, ""C"": 2, ""D"": 3}",76.07000000000001,44.98,0.0009721502597175226,0.26634066677953233,0.12196117757688105,66,0,"[0.7314597687300908, 1.3631013715513642, 0.01654184155979014, 1.2384082227926132, 0.4111923764061152]",39.70717524529153,True,0.06796079175546765,54.16499028842895,48.54663517979186,45.83652232341758
quality_4_6_scatter_1,scatter,4,6,penalty_row_xy,deterministic,53,finite2048,"{""A"": 0, ""B"": 1, ""C"": 2, ""D"": 3}",76.07000000000001,44.98,0.0004442013173116108,0.29149461878621796,0.08772241070833932,39,79872,"[0.390675001078594, 1.588551786017524, 0.3783510938644627, 1.215625191509616, 0.11671000871022767]",50.8096484375,True,0.049777706153690815,58.13499269075137,50.65033022825892,47.06611446084888
quality_4_6_scatter_1,scatter,4,6,penalty_row_xy,poor,41,analytic,"{""A"": 2, ""B"": 5, ""C"": 3, ""D"": 1}",123.36,44.98,0.01182666193698622,0.21423805287587971,0.21366298935039846,63,0,"[0.6330945256685094, 1.7374367323167328, 0.14426615174148447, 1.0302172931028946, 0.0704997951342929]",40.39642103552647,True,0.06494502490386367,56.98671902552855,46.863105005844034,44.991864908658705
quality_4_6_scatter_1,scatter,4,6,penalty_row_xy,poor,41,finite2048,"{""A"": 2, ""B"": 5, ""C"": 3, ""D"": 1}",123.36,44.98,0.003011225479565584,0.2927792621173766,0.29274345548316494,42,86016,"[0.6593387847685311, 1.779815499803939, 0.06175138206637615, 0.9876435611376296, 0.023859436995276935]",44.281835937500006,True,0.052306318655610085,62.26962936332389,51.82255756757828,46.42001445004399
quality_4_6_scatter_1,scatter,4,6,penalty_row_xy,poor,53,analytic,"{""A"": 2, ""B"": 5, ""C"": 3, ""D"": 1}",123.36,44.98,0.0008279118182665051,0.29524266549343114,0.29237337380246775,94,0,"[0.48037402797497203, 1.5704140657110082, 0.207636874900829, 1.0204623440805762, 0.14617844778796915]",49.39363910815391,True,0.09637358505278826,58.29256049282262,50.35202437084221,46.34452866109945
quality_4_6_scatter_1,scatter,4,6,penalty_row_xy,poor,53,finite2048,"{""A"": 2, ""B"": 5, ""C"": 3, ""D"": 1}",123.36,44.98,0.0011247373262181495,0.27455874385356505,0.2729078130007117,43,88064,"[0.3993002111116734, 1.6191312327978926, 0.019424345234848206, 0.8640604421935786, 0.160529348255996]",46.29748046875,True,0.05478440783917904,56.32508115969656,50.40357995029972,46.93614143010875
quality_4_6_scatter_1,scatter,4,6,penalty_row_xy,random,41,analytic,"{""A"": 3, ""B"": 4, ""C"": 0, ""D"": 2}",75.45,44.98,0.0024966906334329014,0.2675216877955228,0.10431734140483712,62,0,"[0.3140776288551931, 1.354137794767346, 0.3401784059644209, 0.9418166449683587, 0.04504416373920119]",44.88184807132352,True,0.06443330505862832,57.417769063507265,50.16526864038159,45.96065587764891
quality_4_6_scatter_1,scatter,4,6,penalty_row_xy,random,41,finite2048,"{""A"": 3, ""B"": 4, ""C"": 0, ""D"": 2}",75.45,44.98,0.0009672271207135871,0.29575658044804576,0.10317481665792617,31,63488,"[0.39844455512025767, 1.568481081169861, 0.20640924082006187, 1.2215684847911445, 0.35525603140339007]",49.901640625,True,0.04007715219631791,56.38788170737682,48.44930622959054,45.702689989886615
quality_4_6_scatter_1,scatter,4,6,penalty_row_xy,random,53,analytic,"{""A"": 3, ""B"": 4, ""C"": 0, ""D"": 2}",75.45,44.98,0.0004371076464692795,0.26456317879026736,0.09722704354896929,101,0,"[0.5053587243578964, 1.5655093119681915, 0.2994757876655938, 1.0348112079946232, 0.0319876888786094]",47.56277970654193,True,0.10408866591751575,56.477506023343615,48.98313966919815,45.984552099028015
quality_4_6_scatter_1,scatter,4,6,penalty_row_xy,random,53,finite2048,"{""A"": 3, ""B"": 4, ""C"": 0, ""D"": 2}",75.45,44.98,0.0009604651477497463,0.2792839601729179,0.08451318997739755,36,73728,"[0.3611269065202524, 1.593346397129847, 0.1762626891585425, 1.22370769935149, 0.3538155049231922]",50.41767578125,True,0.04638055479153991,57.3581894888856,48.52339758021477,45.6806101370228
quality_4_6_scatter_1,scatter,4,6,token,deterministic,41,analytic,"{""A"": 0, ""B"": 1, ""C"": 2, ""D"": 3}",76.07000000000001,44.98,2.7954492490507438e-05,0.9999999999999999,0.33258466622348987,193,0,"[0.3534175677347352, 1.5295165349169018, 0.4524562315082439, 1.2346301675666533, 1.0624712081184042]",58.55606595900902,True,0.04639961989596486,52.70991259601009,52.12428551736156,51.16506183310885
quality_4_6_scatter_1,scatter,4,6,token,deterministic,41,finite2048,"{""A"": 0, ""B"": 1, ""C"": 2, ""D"": 3}",76.07000000000001,44.98,3.4901722435991634e-05,1.0,0.3321372816648501,35,71680,"[0.618943451174077, 1.5212575519746716, 0.3852496371382416, 1.1821163071028074, 0.42057060983995675]",68.3723828125,True,0.014553007204085588,56.82079569969342,51.55275138421379,50.12434725219266
quality_4_6_scatter_1,scatter,4,6,token,deterministic,53,analytic,"{""A"": 0, ""B"": 1, ""C"": 2, ""D"": 3}",76.07000000000001,44.98,3.57032366912607e-05,0.9999999999999999,0.3347121459354438,200,0,"[0.3658190200578311, 1.5291807916679856, 0.44541255974957994, 1.2355741842251562, 1.0368177595893506]",58.61827353967503,False,0.047870269045233727,52.71424548620777,52.123765959332545,51.20975857282556
quality_4_6_scatter_1,scatter,4,6,token,deterministic,53,finite2048,"{""A"": 0, ""B"": 1, ""C"": 2, ""D"": 3}",76.07000000000001,44.98,3.217877675906326e-05,1.0,0.3729570738228905,45,92160,"[0.6262361934721583, 1.5684517260810982, 0.4413764955396042, 1.1525877506281212, 0.4125031495471174]",67.87599609374999,True,0.0183348897844553,56.249882156215456,50.66911611457583,48.005985689181685
quality_4_6_scatter_1,scatter,4,6,token,poor,41,analytic,"{""A"": 2, ""B"": 5, ""C"": 3, ""D"": 1}",123.36,44.98,0.0,1.0,0.9979098342575363,200,0,"[1.535340678514273, 1.8785361139474055, 0.9217028140962671, 0.8622900910043665, 0.6266725153402996]",51.588140988605566,False,0.047753910068422556,48.3175689345844,46.372490047661245,46.180373449321635
quality_4_6_scatter_1,scatter,4,6,token,poor,41,finite2048,"{""A"": 2, ""B"": 5, ""C"": 3, ""D"": 1}",123.36,44.98,0.0,1.0,0.9993965690309293,41,83968,"[1.5066218044284991, 1.8558468811687856, 0.558533511518907, 1.020438788860063, 0.487696332272534]",52.14298828125001,True,0.01663085399195552,51.00406052716993,49.36812418052335,47.283929000108806
quality_4_6_scatter_1,scatter,4,6,token,poor,53,analytic,"{""A"": 2, ""B"": 5, ""C"": 3, ""D"": 1}",123.36,44.98,0.0,0.9999999999999999,0.9987370713084315,200,0,"[1.5731288095689384, 1.9185446180856975, 0.8968896363409904, 0.8560485256609481, 0.5691878268891518]",51.746307577970256,False,0.04761127196252346,49.00568211983247,46.69149744019414,46.190091934202435
quality_4_6_scatter_1,scatter,4,6,token,poor,53,finite2048,"{""A"": 2, ""B"": 5, ""C"": 3, ""D"": 1}",123.36,44.98,0.0,1.0,0.9999693948853144,48,98304,"[1.5071481007517449, 1.9171463541978833, 0.7502372971299878, 0.8442495053369662, 0.2637503578336675]",51.957050781250004,True,0.02002084208652377,51.21459355422232,50.121809075162155,47.93927442258113
quality_4_6_scatter_1,scatter,4,6,token,random,41,analytic,"{""A"": 3, ""B"": 4, ""C"": 0, ""D"": 2}",75.45,44.98,0.21613651829679983,1.0,0.7057087138864075,200,0,"[1.1305186413665977, 1.585283709224624, 0.32676024161005424, 1.2788779405522825, 0.20548681467438928]",45.10868123047215,False,0.047149837017059326,44.980393596180335,44.98000000000003,44.98
quality_4_6_scatter_1,scatter,4,6,token,random,41,finite2048,"{""A"": 3, ""B"": 4, ""C"": 0, ""D"": 2}",75.45,44.98,0.08961312815778617,0.9999999999999999,0.74803886336326,35,71680,"[0.8156505298702077, 1.5885989173473274, 0.3436958646903055, 1.2684943580414354, 0.1426622950699204]",45.81388671874999,True,0.014627436175942421,45.02777893957966,44.98000573653794,44.98
quality_4_6_scatter_1,scatter,4,6,token,random,53,analytic,"{""A"": 3, ""B"": 4, ""C"": 0, ""D"": 2}",75.45,44.98,0.2227079881253201,1.0,0.6458956863088188,200,0,"[1.163372610157525, 1.5844695889980531, 0.21584834171295997, 1.279286462456326, 0.2529574081961362]",45.08370964512378,False,0.047285852022469044,44.98030272622904,44.980000000000004,44.98
quality_4_6_scatter_1,scatter,4,6,token,random,53,finite2048,"{""A"": 3, ""B"": 4, ""C"": 0, ""D"": 2}",75.45,44.98,0.022139563333352458,0.9999999999999998,0.592389907026387,47,96256,"[0.8702309344955903, 1.5443809837496483, 0.5398388491181052, 1.1628119403349035, 0.3921184624443366]",45.955,True,0.020033476408571005,45.44528187962709,45.03409581240667,44.98000998812051
quality_4_6_scatter_2,scatter,4,6,penalty_row_xy,deterministic,41,analytic,"{""A"": 0, ""B"": 1, ""C"": 2, ""D"": 3}",69.18,51.489999999999995,0.0001530192012819983,0.27029407583142173,0.21519430178078425,116,0,"[0.6926583309499169, 2.0251663335042958, 0.24509813904324193, 1.1482159872278879, 0.042620913289250786]",48.77432421909956,True,0.11861534276977181,55.610486336366506,52.99280405924837,52.41867922001762
quality_4_6_scatter_2,scatter,4,6,penalty_row_xy,deterministic,41,finite2048,"{""A"": 0, ""B"": 1, ""C"": 2, ""D"": 3}",69.18,51.489999999999995,2.184473719985795e-05,0.2747355858754973,0.16506983224776317,34,69632,"[0.626653811371115, 1.583738374407027, 0.1457476786626968, 1.2517768758956707, 0.1077862017048034]",51.43236328125,True,0.04339715838432312,56.375671499507874,53.61923324480698,52.541200572993986
quality_4_6_scatter_2,scatter,4,6,penalty_row_xy,deterministic,53,analytic,"{""A"": 0, ""B"": 1, ""C"": 2, ""D"": 3}",69.18,51.489999999999995,0.0012746171697396533,0.31920878091551474,0.22540839470892943,52,0,"[0.30746890088799017, 1.514147682411493, 0.02491327467196156, 0.4804651491673158, -0.05428865059689181]",50.00637261452493,True,0.05374129116535187,53.47730756466297,52.012640869253694,51.57660135561648
quality_4_6_scatter_2,scatter,4,6,penalty_row_xy,deterministic,53,finite2048,"{""A"": 0, ""B"": 1, ""C"": 2, ""D"": 3}",69.18,51.489999999999995,0.003260669065232669,0.31288078022842114,0.22655628234722577,34,69632,"[0.3014741209300672, 1.5292998219030254, 0.06615845287631182, 1.0206107304369436, 0.0032714923736745483]",51.374667968749996,True,0.043262405786663294,53.73044483267534,52.10987551662941,51.56392340188955
quality_4_6_scatter_2,scatter,4,6,penalty_row_xy,poor,41,analytic,"{""A"": 4, ""B"": 2, ""C"": 0, ""D"": 1}",83.93,51.489999999999995,0.0003520444746681891,0.2853215614733507,0.28517824279429355,51,0,"[0.35018872625766534, 1.5270238182859321, 0.21317936621811573, 1.1890405881993495, 0.15836276122707793]",51.013286414985565,True,0.0528569919988513,56.611823544535206,53.45063891838254,52.08852197359668
quality_4_6_scatter_2,scatter,4,6,penalty_row_xy,poor,41,finite2048,"{""A"": 4, ""B"": 2, ""C"": 0, ""D"": 1}",83.93,51.489999999999995,0.00023963360711153008,0.28743551589122585,0.28679184334309715,28,57344,"[0.3980551770162273, 1.5707035059253922, 0.20601697525294319, 1.0197584306007417, 0.1532730888028328]",52.32333984375,True,0.03602808713912964,57.926801203633566,54.03491156774501,52.0999807474104
quality_4_6_scatter_2,scatter,4,6,penalty_row_xy,poor,53,analytic,"{""A"": 4, ""B"": 2, ""C"": 0, ""D"": 1}",83.93,51.489999999999995,3.722719942852252e-05,0.2880993374147795,0.2880613945587565,98,0,"[0.4688219877933695, 1.6589847945372744, 0.1391896490717614, 1.1344995093124044, 0.06106027746081931]",50.05801894269462,True,0.10069447895511985,56.31573741965901,53.30816083731444,52.2064559904215
quality_4_6_scatter_2,scatter,4,6,penalty_row_xy,poor,53,finite2048,"{""A"": 4, ""B"": 2, ""C"": 0, ""D"": 1}",83.93,51.489999999999995,0.0015720126684038841,0.3039469059259573,0.3038994600639776,40,81920,"[0.5789398849609385, 1.5861691224300967, 0.1785505756084129, 1.0444780976467332, 0.12900290793854985]",51.51056640625001,True,0.050952079240232706,56.50124835887755,52.80372421172592,51.7050724353582
quality_4_6_scatter_2,scatter,4,6,penalty_row_xy,random,41,analytic,"{""A"": 0, ""B"": 4, ""C"": 1, ""D"": 2}",78.56,51.489999999999995,0.00039941628179332656,0.25996675684429404,0.23899074451803776,137,0,"[0.4723223177140009, 1.7095713460761828, 0.36911294939164485, 1.0403004243853164, 0.049095893505254694]",50.56107009332575,True,0.14010680373758078,56.73068694576702,53.17412590212921,51.876533362765585
quality_4_6_scatter_2,scatter,4,6,penalty_row_xy,random,41,finite2048,"{""A"": 0, ""B"": 4, ""C"": 1, ""D"": 2}",78.56,51.489999999999995,0.000658420487761116,0.280802842973342,0.25518824877207935,32,65536,"[0.6020196852096786, 1.5780217139140398, 0.28399604805007905, 1.0095315826029183, 0.18258157543195955]",52.8043359375,True,0.04104420589283109,56.701973456840115,53.104237185099876,51.93914148424524
quality_4_6_scatter_2,scatter,4,6,penalty_row_xy,random,53,analytic,"{""A"": 0, ""B"": 4, ""C"": 1, ""D"": 2}",78.56,51.489999999999995,0.00021305013123336643,0.2845004099328319,0.2563623242998182,109,0,"[0.5714686983510561, 1.8677410766266604, 0.4228280398056625, 1.1871287854305526, 0.4430959522036642]",52.09949009797127,True,0.11194394994527102,56.595559335750906,53.272803633654355,52.08411977007894
quality_4_6_scatter_2,scatter,4,6,penalty_row_xy,random,53,finite2048,"{""A"": 0, ""B"": 4, ""C"": 1, ""D"": 2}",78.56,51.489999999999995,0.0007530306630517225,0.2979178094626826,0.2798837084757959,31,63488,"[0.5761400945454459, 1.5991784021674236, 0.15521439401346582, 1.0241460197044145, 0.14068324043087824]",53.45033203125,True,0.039781888015568256,55.97018315083759,52.720514340653544,51.77253245633441
quality_4_6_scatter_2,scatter,4,6,token,deterministic,41,analytic,"{""A"": 0, ""B"": 1, ""C"": 2, ""D"": 3}",69.18,51.489999999999995,0.005181557293952122,1.0,0.6741172980578043,200,0,"[1.5472497877604894, 1.6634134810115828, 0.8826892266734843, 1.1134330223051316, 1.3927045530396016]",53.24172144715162,False,0.047703525982797146,52.00892016212804,51.77050773163959,51.521899138982576
quality_4_6_scatter_2,scatter,4,6,token,deterministic,41,finite2048,"{""A"": 0, ""B"": 1, ""C"": 2, ""D"": 3}",69.18,51.489999999999995,0.0031987058267063584,1.0,0.7815582519570123,60,122880,"[1.373804361039796, 1.6396414260520265, 1.0854196116495534, 1.3603433961170892, 1.3347144144281662]",54.012050781250004,True,0.025965663138777018,52.05950249951886,51.82560879584887,51.56985257696219
quality_4_6_scatter_2,scatter,4,6,token,deterministic,53,analytic,"{""A"": 0, ""B"": 1, ""C"": 2, ""D"": 3}",69.18,51.489999999999995,0.005171918020927715,0.9999999999999998,0.6747783246940544,200,0,"[1.5448725140679405, 1.6160549295858948, 0.884275886660273, 1.1125524500704624, 1.3927242917940095]",53.239946444382795,True,0.047369449865072966,52.008812978060945,51.770749293384924,51.52203943451423
quality_4_6_scatter_2,scatter,4,6,token,deterministic,53,finite2048,"{""A"": 0, ""B"": 1, ""C"": 2, ""D"": 3}",69.18,51.489999999999995,0.011039668860599889,1.0,0.7228062713928427,57,116736,"[1.6753739258158933, 1.4975216569444725, 0.9774378919403952, 0.9972588492557597, 1.3005990314896232]",53.70652343750001,True,0.02447600895538926,51.917289531445874,51.609699530157826,51.4914243583007
quality_4_6_scatter_2,scatter,4,6,token,poor,41,analytic,"{""A"": 4, ""B"": 2, ""C"": 0, ""D"": 1}",83.93,51.489999999999995,7.852391013027008e-06,1.0,0.9979511002067284,54,0,"[1.0939623214801275, 1.4775330968505231, 0.27782984364232083, 1.1119663312667323, 0.2328454073828406]",56.26945503515976,True,0.013072089292109013,56.119976320821486,55.68049603905745,54.64891859402857
quality_4_6_scatter_2,scatter,4,6,token,poor,41,finite2048,"{""A"": 4, ""B"": 2, ""C"": 0, ""D"": 1}",83.93,51.489999999999995,9.25306712781339e-06,1.0,0.9995634975563008,42,86016,"[1.138245910093391, 1.271901983759438, 0.3173210685811927, 1.0184876867382606, 0.3659534222246393]",56.27179687499999,True,0.017353279050439596,56.11477537917882,55.65966934292203,54.56765665653241
quality_4_6_scatter_2,scatter,4,6,token,poor,53,analytic,"{""A"": 4, ""B"": 2, ""C"": 0, ""D"": 1}",83.93,51.489999999999995,6.502081143357505e-06,1.0000000000000002,0.9987219685287949,50,0,"[1.1515169711070923, 1.5080733750321054, 0.3272601803438956, 1.092557116913172, 0.3037243555346601]",56.27169742227929,True,0.012124160770326853,56.147949001938606,55.77024998363571,54.79322546851559
quality_4_6_scatter_2,scatter,4,6,token,poor,53,finite2048,"{""A"": 4, ""B"": 2, ""C"": 0, ""D"": 1}",83.93,51.489999999999995,3.0864345978835086e-06,1.0,0.9995138823118512,58,118784,"[1.1009498402589875, 1.5235397313222376, 0.35021639906887936, 0.9882775321638383, 0.1569636129026451]",56.245820312499994,True,0.023724880069494247,56.0449943554099,55.45161455785699,54.320498071663636
quality_4_6_scatter_2,scatter,4,6,token,random,41,analytic,"{""A"": 0, ""B"": 4, ""C"": 1, ""D"": 2}",78.56,51.489999999999995,0.0020667601101430288,1.0,0.9272920332520196,179,0,"[1.85945223527023, 1.3483984862992782, 0.6434880083223653, 1.6810723437799748, 1.1168827416288123]",52.784491699246885,True,0.042319606989622116,51.80133363936629,51.585018712943544,51.53160480246234
quality_4_6_scatter_2,scatter,4,6,token,random,41,finite2048,"{""A"": 0, ""B"": 4, ""C"": 1, ""D"": 2}",78.56,51.489999999999995,5.671099854618488e-05,1.0,0.8277682653145831,45,92160,"[0.88041992052817, 2.0697434241304866, 0.6054010668009946, 1.2572893037053157, 0.3642177686646931]",64.13423828124999,True,0.019130512606352568,56.29381126477366,52.53516983354773,51.99726875435189
quality_4_6_scatter_2,scatter,4,6,token,random,53,analytic,"{""A"": 0, ""B"": 4, ""C"": 1, ""D"": 2}",78.56,51.489999999999995,0.0039648540909676695,1.0,0.8780762706840353,107,0,"[1.8849709579643679, 1.672115979070637, 0.6856024453044088, 0.3681984613300889, 1.1326767453256794]",52.841925156536746,True,0.025475984904915094,51.800929104612706,51.563246061270284,51.50569671479932
quality_4_6_scatter_2,scatter,4,6,token,random,53,finite2048,"{""A"": 0, ""B"": 4, ""C"": 1, ""D"": 2}",78.56,51.489999999999995,0.0012324490983159524,1.0,0.9177414362469528,50,102400,"[1.1758159812103068, 1.406612912266923, 1.4746030314329945, 1.7181947019193986, 0.613493206511224]",57.50341796875,True,0.0213650637306273,53.521626748238155,52.052937288247335,51.56934323211603
quality_4_6_scatter_3,scatter,4,6,penalty_row_xy,deterministic,41,analytic,"{""A"": 0, ""B"": 1, ""C"": 2, ""D"": 3}",84.06,29.15,0.0015456818715428584,0.25501690790591725,0.226558967427321,59,0,"[0.3675234965584762, 1.7976042601292814, 0.07529883360720548, 1.0095825970749612, 0.09249098176493327]",31.69843552180706,True,0.06396373501047492,37.66021153037527,32.046026663814544,30.022226768539422
quality_4_6_scatter_3,scatter,4,6,penalty_row_xy,deterministic,41,finite2048,"{""A"": 0, ""B"": 1, ""C"": 2, ""D"": 3}",84.06,29.15,0.0029736867015938036,0.3206021145923614,0.30456420522443756,38,77824,"[0.4067444306814975, 1.8332807491762053, 0.06461127248473862, 1.2697730906773705, -0.009055910859619251]",35.144375,True,0.04958551609888673,35.85703142420119,31.259979840794387,29.602597218901842
quality_4_6_scatter_3,scatter,4,6,penalty_row_xy,deterministic,53,analytic,"{""A"": 0, ""B"": 1, ""C"": 2, ""D"": 3}",84.06,29.15,0.0006785124936969365,0.304469078764395,0.29330775983139445,123,0,"[0.4882018754411237, 1.6381942525269073, 0.07480525342754327, 1.245549139368099, 0.07847519100716753]",32.587118409055684,True,0.13070520898327231,34.015796621812534,32.54194978106737,31.125710961489773
quality_4_6_scatter_3,scatter,4,6,penalty_row_xy,deterministic,53,finite2048,"{""A"": 0, ""B"": 1, ""C"": 2, ""D"": 3}",84.06,29.15,0.002426340232745657,0.336146644622422,0.3212467182651089,43,88064,"[0.4871587327433235, 1.7590683990204705, 0.05953893184102173, 1.2830588066713038, 0.11484817030343426]",33.116816406249995,True,0.05623722216114402,34.45428080068292,31.846625812877818,29.955639949344313
quality_4_6_scatter_3,scatter,4,6,penalty_row_xy,poor,41,analytic,"{""A"": 0, ""B"": 1, ""C"": 4, ""D"": 2}",99.51,29.15,0.0009564723150412379,0.28192343545030724,0.2818431515973696,153,0,"[0.4498455353296137, 1.8747169739238005, 0.08904506483020676, 1.0621749090363033, 0.05980597069350919]",32.674333520165455,True,0.16140477219596505,36.77464476310392,32.47894558434984,30.515634825164657
quality_4_6_scatter_3,scatter,4,6,penalty_row_xy,poor,41,finite2048,"{""A"": 0, ""B"": 1, ""C"": 4, ""D"": 2}",99.51,29.15,9.223639904496713e-05,0.31353274494345224,0.31347171904169313,46,94208,"[0.7171051478787255, 1.7110247658096536, 0.010316128101255075, 0.8971742445295358, 0.16995134346366073]",34.5027734375,True,0.059662486892193556,38.12494252756619,35.623056482313665,32.617417926498256
quality_4_6_scatter_3,scatter,4,6,penalty_row_xy,poor,53,analytic,"{""A"": 0, ""B"": 1, ""C"": 4, ""D"": 2}",99.51,29.15,0.00016562341144388265,0.35939162406195974,0.3593903499081636,58,0,"[0.6244413755967915, 1.77432151815853, 0.1115272674521082, 0.9755377590979414, 0.08967157026980514]",33.07802990398004,True,0.06240968871861696,39.546939676445184,35.439498586835,32.796630509038174
quality_4_6_scatter_3,scatter,4,6,penalty_row_xy,poor,53,finite2048,"{""A"": 0, ""B"": 1, ""C"": 4, ""D"": 2}",99.51,29.15,0.0005159546841686298,0.3114545916100887,0.3114484887480935,36,73728,"[0.5623454091457942, 1.8085905833555813, 0.0781174547965725, 0.9750253225657929, 0.1080726405412143]",33.58111328125,True,0.04699154105037451,37.629166127176674,33.86040107638267,32.17175049373961
quality_4_6_scatter_3,scatter,4,6,penalty_row_xy,random,41,analytic,"{""A"": 5, ""B"": 3, ""C"": 2, ""D"": 0}",53.14999999999999,29.15,0.000421698139431992,0.2591048251755378,0.08382791322497048,53,0,"[0.3408230927791512, 1.6117750754708435, 0.3881754784121436, 1.0014003735094257, 0.1280643287483012]",35.97622476470259,True,0.05784493824467063,39.3710748954484,34.028356802377765,31.373531607044974
quality_4_6_scatter_3,scatter,4,6,penalty_row_xy,random,41,finite2048,"{""A"": 5, ""B"": 3, ""C"": 2, ""D"": 0}",53.14999999999999,29.15,0.0005181547163599629,0.27615803317007187,0.09858343509219807,36,73728,"[0.5967772018179607, 1.5660869824892312, 0.38087159196241616, 1.2616882489477546, 0.15516795384839158]",36.9508203125,True,0.04742688685655594,39.30419492319003,34.19838277243373,31.56766067259726
quality_4_6_scatter_3,scatter,4,6,penalty_row_xy,random,53,analytic,"{""A"": 5, ""B"": 3, ""C"": 2, ""D"": 0}",53.14999999999999,29.15,0.000414638936245584,0.26303698969594774,0.0948724823475814,65,0,"[0.29170504257678154, 1.5306256099686335, 0.5971837328424369, 0.8733763561376799, -0.09403341640144883]",34.989144213670315,True,0.06898788781836629,39.186486817072655,34.54371325936438,31.646078454522417
quality_4_6_scatter_3,scatter,4,6,penalty_row_xy,random,53,finite2048,"{""A"": 5, ""B"": 3, ""C"": 2, ""D"": 0}",53.14999999999999,29.15,0.0005241291721621854,0.2802343487122691,0.10448659615245812,38,77824,"[0.5875960882587996, 1.5676653490692016, 0.40798255022747293, 1.2610862861201901, 0.14133509807757255]",37.7112109375,True,0.04964142106473446,39.263851928108174,34.37904318026667,31.7812235229015
quality_4_6_scatter_3,scatter,4,6,token,deterministic,41,analytic,"{""A"": 0, ""B"": 1, ""C"": 2, ""D"": 3}",84.06,29.15,0.11005149116071608,0.9999999999999998,0.988490126749912,70,0,"[1.4120562874818243, 1.9511393155723957, 1.5711351511316083, 0.6375315299014863, 0.9510022892677211]",31.97008782784507,True,0.017109281849116087,29.228554598280947,29.1500008295266,29.15
quality_4_6_scatter_3,scatter,4,6,token,deterministic,41,finite2048,"{""A"": 0, ""B"": 1, ""C"": 2, ""D"": 3}",84.06,29.15,0.0908051175868542,1.0,0.9985774670524192,51,104448,"[1.5280290435319208, 2.194307700009039, 1.6179223928528823, 1.1203795683047444, 0.8873853078219198]",32.17462890624999,True,0.02133657969534397,29.311379237595617,29.15001560961856,29.15
quality_4_6_scatter_3,scatter,4,6,token,deterministic,53,analytic,"{""A"": 0, ""B"": 1, ""C"": 2, ""D"": 3}",84.06,29.15,0.012408559128504994,1.0,0.9499142538553192,200,0,"[1.2131659057266682, 1.5898345499700377, 1.4784688833023008, 1.0561441625548404, 0.7653971565240898]",34.07633452614668,False,0.04735247790813446,31.11478965616259,29.578424686088432,29.151944111633277
quality_4_6_scatter_3,scatter,4,6,token,deterministic,53,finite2048,"{""A"": 0, ""B"": 1, ""C"": 2, ""D"": 3}",84.06,29.15,9.252630296053783e-08,1.0,0.706630967619868,39,79872,"[0.7468692821772157, 1.9202456452916679, 0.40059730617772343, 1.0000178531702624, 0.4158548744521094]",55.863203124999984,True,0.01600260566920042,43.56203360019969,36.473335672232935,32.9045843122474
quality_4_6_scatter_3,scatter,4,6,token,poor,41,analytic,"{""A"": 0, ""B"": 1, ""C"": 4, ""D"": 2}",99.51,29.15,0.10546858925125646,1.0,1.0,70,0,"[1.046808339756088, 1.9560389438858887, 1.5705828894801233, 0.8189776192025023, 1.5709418061406706]",29.722344386565023,True,0.016825889237225056,29.177970391625582,29.150000630770485,29.15
quality_4_6_scatter_3,scatter,4,6,token,poor,41,finite2048,"{""A"": 0, ""B"": 1, ""C"": 4, ""D"": 2}",99.51,29.15,3.118993981031643e-06,1.0,0.9992332636312393,43,88064,"[0.9298962926369617, 1.6930445805298349, 0.5171510673002068, 0.9600583117028191, 0.7258855966235344]",47.90154296874999,True,0.018551336135715246,40.86642478965731,38.78883897691425,37.607194774386876
quality_4_6_scatter_3,scatter,4,6,token,poor,53,analytic,"{""A"": 0, ""B"": 1, ""C"": 4, ""D"": 2}",99.51,29.15,1.197856724710974e-07,1.0,0.9999234050281662,200,0,"[1.3456610741585942, 2.0092038097035956, 0.47192823863536054, 1.0013289071438582, 0.5726552967547552]",43.12805358364115,False,0.047037236858159304,41.10629011906956,38.941889439099555,37.48116325493825
quality_4_6_scatter_3,scatter,4,6,token,poor,53,finite2048,"{""A"": 0, ""B"": 1, ""C"": 4, ""D"": 2}",99.51,29.15,9.525728947087201e-08,1.0,0.9982742454141683,42,86016,"[1.152839802859814, 1.6174823806694298, 0.4355270447621914, 1.0156024501201266, 0.5497730662695829]",44.862636718750004,True,0.01746766408905387,41.42778131209316,39.423062414360516,38.31945189665666
quality_4_6_scatter_3,scatter,4,6,token,random,41,analytic,"{""A"": 5, ""B"": 3, ""C"": 2, ""D"": 0}",53.14999999999999,29.15,0.000249500063641423,1.0,0.7262396530856915,200,0,"[0.33807653852862785, 1.8302724414054687, 0.0371004358120839, 1.0478012749070373, 0.7422059074154853]",34.6595528422095,False,0.04672409873455763,33.6465701799678,32.963653752511526,31.290880470819314
quality_4_6_scatter_3,scatter,4,6,token,random,41,finite2048,"{""A"": 5, ""B"": 3, ""C"": 2, ""D"": 0}",53.14999999999999,29.15,0.00019361383631508628,1.0,0.5510021696462176,36,73728,"[0.5808395057428174, 1.8639001532867048, 0.14939435243971064, 1.0093859125011402, 0.39920797503619676]",35.040800781250006,True,0.014524873811751604,33.9486835473844,33.456443292153956,32.42702741763223
quality_4_6_scatter_3,scatter,4,6,token,random,53,analytic,"{""A"": 5, ""B"": 3, ""C"": 2, ""D"": 0}",53.14999999999999,29.15,0.00025979815520578084,1.0,0.7250366102539532,200,0,"[0.3425257156483824, 1.8253521417486236, 0.03346144158345826, 1.0534264410446803, 0.7397693397001897]",34.65967841263472,False,0.04686779761686921,33.65381750566013,32.987502446159354,31.33156340797489
quality_4_6_scatter_3,scatter,4,6,token,random,53,finite2048,"{""A"": 5, ""B"": 3, ""C"": 2, ""D"": 0}",53.14999999999999,29.15,0.00011415010764410658,1.0,0.47062104911594177,33,67584,"[0.5759877430428646, 1.7890183387735124, 0.17790265169695776, 1.0250954807745416, 0.1415261773370025]",35.38718750000001,True,0.012932387180626392,34.374270045164316,33.44200514205453,32.31801986924776
quality_5_8_compact_0,compact,5,8,penalty_row_xy,deterministic,41,analytic,"{""A"": 0, ""B"": 1, ""C"": 2, ""D"": 3, ""E"": 4}",31.340000000000003,22.14,5.530099067652373e-05,0.3155177175870466,0.18548196867525713,200,0,"[0.34377934808254756, 1.502479649566558, -0.009837865869845976, 1.2638024920792703, -0.026624271963596586]",26.279161887060013,False,1.4451908357441425,23.494181820436157,22.988536244950318,22.629312721399792
quality_5_8_compact_0,compact,5,8,penalty_row_xy,deterministic,53,analytic,"{""A"": 0, ""B"": 1, ""C"": 2, ""D"": 3, ""E"": 4}",31.340000000000003,22.14,5.85643924814583e-05,0.3214151412364682,0.20720078158198035,107,0,"[0.348579105419404, 1.8953240591582912, 0.03678625357555043, 0.8213081215362289, -0.023790279074175844]",25.863562921089837,True,0.7681701709516346,23.364426506993258,22.938790858513435,22.55868671674469
quality_5_8_compact_0,compact,5,8,penalty_row_xy,poor,41,analytic,"{""A"": 0, ""B"": 2, ""C"": 6, ""D"": 3, ""E"": 1}",45.4,22.14,5.2442668150450015e-06,0.2944633747442418,0.294463238778199,104,0,"[0.48321188533725634, 1.5532380425522232, -0.040905154700894605, 1.026667836484133, 0.02743664860183113]",26.391073702890836,True,0.7434445354156196,23.70956492307903,23.051981330312337,22.49132199867769
quality_5_8_compact_0,compact,5,8,penalty_row_xy,poor,53,analytic,"{""A"": 0, ""B"": 2, ""C"": 6, ""D"": 3, ""E"": 1}",45.4,22.14,5.1046013918586795e-06,0.3078629469857549,0.3078629152276499,114,0,"[0.0024651707626716065, 1.752406771788095, 0.4834056323981747, 0.8095598016076654, -0.012720131621369899]",26.640558212933993,True,0.811464237049222,23.86201801038576,23.19452451658219,22.707751546055192
quality_5_8_compact_0,compact,5,8,penalty_row_xy,random,41,analytic,"{""A"": 0, ""B"": 7, ""C"": 6, ""D"": 3, ""E"": 1}",42.099999999999994,22.14,4.3515611924561304e-06,0.2804337599565832,0.27729534868335365,111,0,"[0.4651084746954958, 1.7556850658995167, -0.018334912292408245, 0.9875429815620301, -0.0494163135094242]",28.49591376627845,True,0.7917532157152891,24.375599734317984,22.758474840705617,22.386511687087797
quality_5_8_compact_0,compact,5,8,penalty_row_xy,random,53,analytic,"{""A"": 0, ""B"": 7, ""C"": 6, ""D"": 3, ""E"": 1}",42.099999999999994,22.14,3.020929392202509e-07,0.3037416289600692,0.298699508989668,53,0,"[0.4422955974936207, 1.4491366659281713, 0.012318732629691015, 0.7552251423572839, 0.0499413517651591]",28.391504922804017,True,0.3778908778913319,24.294740924533706,22.790161692727864,22.44410266233001
quality_5_8_compact_0,compact,5,8,token,deterministic,41,analytic,"{""A"": 0, ""B"": 1, ""C"": 2, ""D"": 3, ""E"": 4}",31.340000000000003,22.14,0.007620412005336674,1.0,0.29448872838617957,200,0,"[0.9580974052982373, 1.3742902915759225, 1.467403828464515, 0.9939182153598796, 0.8205371032944234]",26.565676403017,False,1.1894254959188402,23.195683251253556,22.387482171274268,22.14818030526323
quality_5_8_compact_0,compact,5,8,token,deterministic,53,analytic,"{""A"": 0, ""B"": 1, ""C"": 2, ""D"": 3, ""E"": 4}",31.340000000000003,22.14,0.009529185454234609,1.0000000000000002,0.3036969533754946,200,0,"[0.9519512281881745, 1.2648517052015125, 1.6923417347706533, 1.2920747355168556, 0.7520055280984715]",26.518476738522146,False,1.1867255717515945,23.116660983634315,22.330271838145798,22.142829139125176
quality_5_8_compact_0,compact,5,8,token,poor,41,analytic,"{""A"": 0, ""B"": 2, ""C"": 6, ""D"": 3, ""E"": 1}",45.4,22.14,0.0005817992816147837,1.0,0.9999890611578165,106,0,"[1.0461105704489957, 2.3440284859051443, 1.0244103991134375, 1.451098665393489, 1.26298792565562]",27.95210288504106,True,0.6321200672537088,23.826335204478987,22.621614664632258,22.26876084455899
quality_5_8_compact_0,compact,5,8,token,poor,53,analytic,"{""A"": 0, ""B"": 2, ""C"": 6, ""D"": 3, ""E"": 1}",45.4,22.14,1.3380466772159841e-05,1.0,0.9999988499467019,118,0,"[0.3231297579917328, 2.307285714003016, 1.0411322526335431, 1.1247572040424976, 1.6224418161992018]",26.925668398888302,True,0.7002779780887067,22.710200468248555,22.213246031974876,22.20952207985888
quality_5_8_compact_0,compact,5,8,token,random,41,analytic,"{""A"": 0, ""B"": 7, ""C"": 6, ""D"": 3, ""E"": 1}",42.099999999999994,22.14,0.0,1.0000000000000002,0.9853076138915277,71,0,"[1.1801815363689563, 1.5148216886826886, 1.1691636236410268, 1.0713949451542293, 1.5755865343648052]",28.055062123943475,True,0.42548804404214025,24.547893375827773,23.579974024839476,23.311959053943944
quality_5_8_compact_0,compact,5,8,token,random,53,analytic,"{""A"": 0, ""B"": 7, ""C"": 6, ""D"": 3, ""E"": 1}",42.099999999999994,22.14,0.0,1.0,0.9852938045551357,167,0,"[1.1799924134951145, 1.5707308127177675, 1.170619631393278, 1.2904412674610903, 1.5841131253869192]",28.056231333066066,True,0.9888952481560409,24.54505584902005,23.577341598449117,23.30726828294647
quality_5_8_compact_1,compact,5,8,penalty_row_xy,deterministic,41,analytic,"{""A"": 0, ""B"": 1, ""C"": 2, ""D"": 3, ""E"": 4}",29.56,15.43,0.0009747001153060215,0.21357565688398153,0.1663678829851261,79,0,"[0.5844625958327346, 1.757461046315588, 0.5498493412147955, 1.1788855508497424, 0.029177910373110832]",23.918397611739497,True,0.5927342120558023,20.0231968581625,17.680858558751023,16.293873197212346
quality_5_8_compact_1,compact,5,8,penalty_row_xy,deterministic,53,analytic,"{""A"": 0, ""B"": 1, ""C"": 2, ""D"": 3, ""E"": 4}",29.56,15.43,0.0014552888224418662,0.20955694694854698,0.1666275462654352,56,0,"[0.5875849411550171, 1.717170798729426, 0.553861849177162, 1.1169250516121885, -0.013193268132626943]",23.917912243561744,True,0.5067746099084616,19.936107527050353,17.62799385327723,16.171773828448647
quality_5_8_compact_1,compact,5,8,penalty_row_xy,poor,41,analytic,"{""A"": 2, ""B"": 6, ""C"": 5, ""D"": 3, ""E"": 7}",41.07,15.43,0.020948386545221128,0.2554831066034118,0.25548103510607256,59,0,"[0.502967673038103, 1.8424580413230613, -0.006173328415089036, 1.0507624566708977, -0.015527383620939304]",21.822167233520894,True,0.5420438940636814,17.637529219714384,15.583610197263269,15.430022239637067
quality_5_8_compact_1,compact,5,8,penalty_row_xy,poor,53,analytic,"{""A"": 2, ""B"": 6, ""C"": 5, ""D"": 3, ""E"": 7}",41.07,15.43,0.020923074954594733,0.25509588728933213,0.2550943918362327,49,0,"[0.5036172150560289, 1.850344062648377, -0.005061112469325973, 0.9990587633751539, -0.011910380221601602]",21.84521677075905,True,0.3787356219254434,17.664143367022472,15.58777701374028,15.430023604528069
quality_5_8_compact_1,compact,5,8,penalty_row_xy,random,41,analytic,"{""A"": 6, ""B"": 7, ""C"": 3, ""D"": 5, ""E"": 1}",24.950000000000003,15.43,0.0006776356612767292,0.2272638746038021,0.0845470908828132,108,0,"[0.2464348464192455, 1.9238379075094734, 0.5348851559772231, 1.2690354031260371, -0.033183408683910585]",25.1745331173203,True,0.9736602720804513,21.01876669872894,18.58956692146043,16.945879105740765
quality_5_8_compact_1,compact,5,8,penalty_row_xy,random,53,analytic,"{""A"": 6, ""B"": 7, ""C"": 3, ""D"": 5, ""E"": 1}",24.950000000000003,15.43,0.0005590464594319866,0.27626474979508964,0.11545193166472327,109,0,"[0.2699778107639231, 1.9599179670832139, 0.6365708414914508, 1.2007601434585864, -0.004337264743572909]",24.31225219010158,True,0.8322187247686088,20.752194550164415,18.50280052302391,17.110566577596085
quality_5_8_compact_1,compact,5,8,token,deterministic,41,analytic,"{""A"": 0, ""B"": 1, ""C"": 2, ""D"": 3, ""E"": 4}",29.56,15.43,0.00026385162327996383,1.0,0.6535446718381649,200,0,"[0.6169046481603394, 1.9551418005011314, 1.6714595642774936, 0.3553722284074088, 0.15487708115813772]",19.893274719311556,False,1.1577771049924195,17.21477725092151,16.669971396982447,16.15365219771577
quality_5_8_compact_1,compact,5,8,token,deterministic,53,analytic,"{""A"": 0, ""B"": 1, ""C"": 2, ""D"": 3, ""E"": 4}",29.56,15.43,3.776772319548668e-05,1.0,0.8686280052735158,89,0,"[0.26764176834653214, 2.224698519882653, 0.42729787915245726, 0.6309894246167653, 1.4746854383049977]",18.90334312557969,True,0.5180772701278329,17.248822074053034,17.088581979972076,16.702644836492315
quality_5_8_compact_1,compact,5,8,token,poor,41,analytic,"{""A"": 2, ""B"": 6, ""C"": 5, ""D"": 3, ""E"": 7}",41.07,15.43,0.0,1.0,1.0,59,0,"[1.5704375391488843, 1.047695610937262, 1.5827495252791604, 0.9701694455380047, 0.6251104830645963]",18.887196260489876,True,0.3453729138709605,16.612314461460226,16.204129580453984,16.190000031619583
quality_5_8_compact_1,compact,5,8,token,poor,53,analytic,"{""A"": 2, ""B"": 6, ""C"": 5, ""D"": 3, ""E"": 7}",41.07,15.43,0.0,1.0,1.0,67,0,"[1.570835525265866, 0.8633474971193213, 1.5814940859118887, 1.305483802399992, 0.6256472961267733]",18.887998261077207,True,0.3914380972273648,16.612087111983918,16.204078606186282,16.19000003116549
quality_5_8_compact_1,compact,5,8,token,random,41,analytic,"{""A"": 6, ""B"": 7, ""C"": 3, ""D"": 5, ""E"": 1}",24.950000000000003,15.43,0.0,1.0,0.27263575642559,107,0,"[0.6309236196971708, 1.0753298536603393, 0.8308054184745984, 1.36871965002452, 0.22951635070541487]",23.12049783750459,True,0.6217771670781076,21.18877591164022,20.26286713053569,19.804483276230627
quality_5_8_compact_1,compact,5,8,token,random,53,analytic,"{""A"": 6, ""B"": 7, ""C"": 3, ""D"": 5, ""E"": 1}",24.950000000000003,15.43,0.0,1.0,0.29006443045293384,107,0,"[0.6531937655966129, 0.9748028705798514, 0.8594747847739544, 0.9057225006657457, 0.2281598773754682]",23.135730159926524,True,0.6210473580285907,21.245341783577235,20.26661636473614,19.80533218427594
quality_5_8_compact_2,compact,5,8,penalty_row_xy,deterministic,41,analytic,"{""A"": 0, ""B"": 1, ""C"": 2, ""D"": 3, ""E"": 4}",23.67,12.97,4.4349302438963e-06,0.21577314842681133,0.10243907470366534,200,0,"[0.4513813505322331, 1.7186748791275028, 0.5064298850321178, 1.0957098341831917, 0.06138031240007228]",23.150644571448456,False,1.5237223147414625,19.092406630597843,16.832978683752362,15.438441100415227
quality_5_8_compact_2,compact,5,8,penalty_row_xy,deterministic,53,analytic,"{""A"": 0, ""B"": 1, ""C"": 2, ""D"": 3, ""E"": 4}",23.67,12.97,3.999673844150934e-07,0.24972163094612299,0.11307115025377823,200,0,"[0.3506220617056733, 1.7864833075989668, 0.22428074400062448, 1.3046695910284392, 0.018833833811083053]",23.191993165912763,False,1.5126178269274533,19.458757071203216,17.240290551353905,15.500450945580136
quality_5_8_compact_2,compact,5,8,penalty_row_xy,poor,41,analytic,"{""A"": 1, ""B"": 5, ""C"": 2, ""D"": 4, ""E"": 3}",33.38,12.97,8.75560478220204e-06,0.23528053480347375,0.235264480579621,54,0,"[0.3732858713399962, 1.8072597951852594, 0.12431353473002694, 1.1664904636050284, 0.3692495685802513]",23.18935264481868,True,0.42469186102971435,19.296168671828855,16.889464993637755,15.289735051366543
quality_5_8_compact_2,compact,5,8,penalty_row_xy,poor,53,analytic,"{""A"": 1, ""B"": 5, ""C"": 2, ""D"": 4, ""E"": 3}",33.38,12.97,1.3158771981814703e-05,0.21533529661648654,0.21532979976830985,84,0,"[0.49545379305029896, 1.887567840253814, 0.33420991798159366, 1.1082185557893447, 0.40882314309399487]",23.231117616401797,True,0.7090362561866641,19.441350176411703,17.166289499588647,15.669637919262517
quality_5_8_compact_2,compact,5,8,penalty_row_xy,random,41,analytic,"{""A"": 2, ""B"": 1, ""C"": 5, ""D"": 6, ""E"": 4}",31.11,12.97,1.623228998245834e-05,0.29411771336913023,0.29028559012918137,66,0,"[-0.004839577769712516, 1.6291746560864964, 0.24940156239934516, 1.0021836252787029, 0.07820510985490044]",22.27123553596867,True,0.5102565111592412,18.87665555265011,16.92897390799426,15.747757684609292
quality_5_8_compact_2,compact,5,8,penalty_row_xy,random,53,analytic,"{""A"": 2, ""B"": 1, ""C"": 5, ""D"": 6, ""E"": 4}",31.11,12.97,3.851225032280675e-06,0.2885145129711928,0.2849248598339996,95,0,"[0.08851700767882503, 1.5919010376329923, 0.4161863194260676, 1.32486824606615, 0.005956785695600466]",22.08129898005411,True,0.7249634489417076,18.60534530805576,16.822006423816646,15.641985838290502
quality_5_8_compact_2,compact,5,8,token,deterministic,41,analytic,"{""A"": 0, ""B"": 1, ""C"": 2, ""D"": 3, ""E"": 4}",23.67,12.97,0.0,1.0,0.5444238189434839,134,0,"[0.37384622666890877, 2.2831848271690665, 0.7430078177753033, 1.9848273560799023, 1.222463021645565]",17.65383466365104,True,0.7962416438385844,14.888489623014857,14.399242822405448,14.169541811887862
quality_5_8_compact_2,compact,5,8,token,deterministic,53,analytic,"{""A"": 0, ""B"": 1, ""C"": 2, ""D"": 3, ""E"": 4}",23.67,12.97,0.0,1.0,0.5444825413634368,121,0,"[0.37552254574084704, 2.283708042170423, 0.7426259398007437, 1.9843298946255419, 1.2213696348701204]",17.653830372408073,True,0.7187946396879852,14.889319252353854,14.398547115573392,14.168813401016244
quality_5_8_compact_2,compact,5,8,token,poor,41,analytic,"{""A"": 1, ""B"": 5, ""C"": 2, ""D"": 4, ""E"": 3}",33.38,12.97,0.0,1.0,0.9999999999997986,116,0,"[1.5780606789336276, 1.9002711103199765, 1.3881701934803536, 1.5461758946487436, 0.8175701792313659]",16.907684345438383,True,0.6873194421641529,15.92829950233947,15.35188921287849,14.458336013573636
quality_5_8_compact_2,compact,5,8,token,poor,53,analytic,"{""A"": 1, ""B"": 5, ""C"": 2, ""D"": 4, ""E"": 3}",33.38,12.97,0.0,0.9999999999999999,0.9999999999999994,58,0,"[1.5694434288638965, 1.4490656926716816, 1.389381449739714, 1.5592323567575186, 0.8176474747954763]",16.907845341683966,True,0.34803104028105736,15.93284264081752,15.364651029488119,14.472283473334167
quality_5_8_compact_2,compact,5,8,token,random,41,analytic,"{""A"": 2, ""B"": 1, ""C"": 5, ""D"": 6, ""E"": 4}",31.11,12.97,0.0022056339967129945,1.0,0.9967083843299315,200,0,"[0.16314160824372395, 1.3427420016095526, 0.9497745162083681, 1.9492553541433333, 1.2846548216876261]",17.956000400925802,False,1.1815969119779766,15.402492779039138,14.119955409406092,13.417390423019183
quality_5_8_compact_2,compact,5,8,token,random,53,analytic,"{""A"": 2, ""B"": 1, ""C"": 5, ""D"": 6, ""E"": 4}",31.11,12.97,0.002235634510669516,1.0000000000000002,0.9965485526063081,200,0,"[0.16897800525565695, 1.3496351558824449, 0.9515305298030343, 2.0119563008881114, 1.2839028791169367]",17.95219011941108,False,1.1847396870143712,15.393410481092879,14.11377704495226,13.409886593683702
quality_5_8_compact_3,compact,5,8,penalty_row_xy,deterministic,41,analytic,"{""A"": 0, ""B"": 1, ""C"": 2, ""D"": 3, ""E"": 4}",29.319999999999997,13.56,1.1296928164133949e-07,0.3363917065063487,0.30011751426366445,200,0,"[0.5130897248898177, 1.736187308842298, 0.006841669388325006, 1.2116397355827302, 0.07496300828785066]",23.00280075081391,False,1.5104939942248166,19.904129230411016,18.460492117505016,17.486143776457308
quality_5_8_compact_3,compact,5,8,penalty_row_xy,deterministic,53,analytic,"{""A"": 0, ""B"": 1, ""C"": 2, ""D"": 3, ""E"": 4}",29.319999999999997,13.56,3.105583506379393e-06,0.2675291778691297,0.21895277311769093,95,0,"[0.3428929612567021, 1.7223628764356793, 0.01144756125535553, 1.0983446370753092, 0.34763268074460874]",24.188506887469458,True,0.7337627853266895,20.717884644411694,18.609731333209716,17.085313005952862
quality_5_8_compact_3,compact,5,8,penalty_row_xy,poor,41,analytic,"{""A"": 3, ""B"": 1, ""C"": 2, ""D"": 5, ""E"": 4}",36.720000000000006,13.56,2.5321944131268093e-05,0.24054466145458261,0.24053529716063582,200,0,"[0.33343900466642235, 2.081468442561757, 0.25386584923020566, 1.063941622569003, 0.04854789314728771]",23.989525597554135,False,1.5426734709180892,20.0050391830058,17.744053892127237,16.79145195280418
quality_5_8_compact_3,compact,5,8,penalty_row_xy,poor,53,analytic,"{""A"": 3, ""B"": 1, ""C"": 2, ""D"": 5, ""E"": 4}",36.720000000000006,13.56,3.56657255589626e-05,0.2848021754810106,0.28478880774621274,103,0,"[0.23819335590895993, 1.479594497223793, -0.0005199622874366755, 0.9314006441290326, 0.27403802129276744]",23.48506944529454,True,0.8028231989592314,19.39861998699495,17.51699618220277,16.709202973410978
quality_5_8_compact_3,compact,5,8,penalty_row_xy,random,41,analytic,"{""A"": 0, ""B"": 1, ""C"": 5, ""D"": 7, ""E"": 2}",21.32,13.56,4.386914118704877e-09,0.48554327464071767,0.1270884480068591,147,0,"[0.8348879107157642, 1.8278727101743761, 0.04929542451680348, 1.063467050189445, 0.03478132080761152]",20.469123259690143,True,1.1477787806652486,19.066652471376933,17.56803507478143,16.327375623453204
quality_5_8_compact_3,compact,5,8,penalty_row_xy,random,53,analytic,"{""A"": 0, ""B"": 1, ""C"": 5, ""D"": 7, ""E"": 2}",21.32,13.56,3.59474964510847e-09,0.4940156917108077,0.12614103396925688,98,0,"[0.8348685594561985, 1.841952483254471, 0.04903921776760456, 1.0571096254638095, 0.03356665311282075]",20.47393139378799,True,0.7194765680469573,19.063909988220974,17.567936148533587,16.343129428552633
quality_5_8_compact_3,compact,5,8,token,deterministic,41,analytic,"{""A"": 0, ""B"": 1, ""C"": 2, ""D"": 3, ""E"": 4}",29.319999999999997,13.56,0.0,1.0,0.6675860141200879,88,0,"[0.2541947154883196, 1.297127987017833, 0.4551728747039225, 0.7283685026749581, 0.42340676972174657]",19.608168427228307,True,0.5122944340109825,18.69377751590272,17.72135664789418,16.55671782887798
quality_5_8_compact_3,compact,5,8,token,deterministic,53,analytic,"{""A"": 0, ""B"": 1, ""C"": 2, ""D"": 3, ""E"": 4}",29.319999999999997,13.56,0.0,1.0,0.6625075889277334,99,0,"[0.25282143845067123, 1.2959271090444044, 0.4508072851023635, 0.7322988384391436, 0.4249508478483356]",19.607777701429278,True,0.5711957821622491,18.697019737759796,17.726629434729492,16.560569150022907
quality_5_8_compact_3,compact,5,8,token,poor,41,analytic,"{""A"": 3, ""B"": 1, ""C"": 2, ""D"": 5, ""E"": 4}",36.720000000000006,13.56,0.0,0.9999999999999999,0.9999994251446745,200,0,"[1.629556256620826, 1.9123150417691266, 0.4681643495005767, 1.2657472826218654, 0.4203516239550399]",22.89062616369231,False,1.1486845803447068,22.066831524190984,21.66861394985406,21.582671478966343
quality_5_8_compact_3,compact,5,8,token,poor,53,analytic,"{""A"": 3, ""B"": 1, ""C"": 2, ""D"": 5, ""E"": 4}",36.720000000000006,13.56,0.0,1.0,0.9999993477456719,200,0,"[1.6453609405452654, 1.8197547552247602, 0.4695600533387802, 1.2662403484490137, 0.418492859040366]",22.885509684685033,False,1.1504206550307572,22.059547969816254,21.663010524915812,21.573883142248942
quality_5_8_compact_3,compact,5,8,token,random,41,analytic,"{""A"": 0, ""B"": 1, ""C"": 5, ""D"": 7, ""E"": 2}",21.32,13.56,0.0,1.0,0.5532048360807117,200,0,"[0.4693062906717475, 0.5492924317983178, 1.3418133112085133, 0.4794958886477301, 0.2619813522227577]",19.99049646735341,False,1.148354931268841,19.750190759818004,19.463571432501173,18.914018280588706
quality_5_8_compact_3,compact,5,8,token,random,53,analytic,"{""A"": 0, ""B"": 1, ""C"": 5, ""D"": 7, ""E"": 2}",21.32,13.56,0.0,0.9999999999999999,0.5536517731042979,185,0,"[0.4694647649527104, 0.549558749477254, 1.3421862664983333, 0.4812792928469677, 0.26054269073542397]",19.99050206486063,True,1.0638594049960375,19.75011632573336,19.46352017722071,18.91380658302135
quality_5_8_line_0,line,5,8,penalty_row_xy,deterministic,41,analytic,"{""A"": 0, ""B"": 1, ""C"": 2, ""D"": 3, ""E"": 4}",93.17,22.220000000000002,0.0001284721048490493,0.25968264659891716,0.23424882609832595,63,0,"[0.49383543841148186, 1.4328124440256016, 0.07161239373393154, 1.2432490507293321, 0.06252121056705624]",42.238315530047814,True,0.4923383118584752,39.089813038119686,29.851673038341545,26.341214353910765
quality_5_8_line_0,line,5,8,penalty_row_xy,deterministic,53,analytic,"{""A"": 0, ""B"": 1, ""C"": 2, ""D"": 3, ""E"": 4}",93.17,22.220000000000002,2.860100985403273e-05,0.24786717531802616,0.21941203830533912,64,0,"[0.4666175374577078, 1.6129396042563, 0.10160565751401099, 1.0745704031597834, 0.03034323651086478]",42.624650546648056,True,0.5016090120188892,41.155757150617184,30.325835062247666,25.568104945111152
quality_5_8_line_0,line,5,8,penalty_row_xy,poor,41,analytic,"{""A"": 7, ""B"": 2, ""C"": 1, ""D"": 4, ""E"": 0}",114.93,22.220000000000002,2.235016753119868e-05,0.2242391592421832,0.22423878106538384,59,0,"[0.6497791335978073, 1.6111008317370936, 0.2351503404379697, 1.0793940566121343, 0.06284714756625649]",43.02747378388935,True,0.4471697611734271,45.94082591678686,30.93374319555701,25.02403383191654
quality_5_8_line_0,line,5,8,penalty_row_xy,poor,53,analytic,"{""A"": 7, ""B"": 2, ""C"": 1, ""D"": 4, ""E"": 0}",114.93,22.220000000000002,2.175769573740819e-05,0.2253238369916294,0.2253234631766415,60,0,"[0.6480529943879182, 1.6112585573558715, 0.23509473673336176, 1.078622770007481, 0.06249456595030784]",43.02680971825093,True,0.45835592271760106,45.98200395600834,31.03296900403238,25.081897895282108
quality_5_8_line_0,line,5,8,penalty_row_xy,random,41,analytic,"{""A"": 0, ""B"": 6, ""C"": 7, ""D"": 2, ""E"": 5}",97.5,22.220000000000002,2.1449884869288916e-05,0.214637223445151,0.18285486473721524,54,0,"[0.5536596689052059, 1.545173540622884, 0.253245054759311, 1.2061249189179966, 0.09414871665851245]",47.21504534772757,True,0.42509336303919554,50.970107626069606,37.68014230802863,30.01474679991084
quality_5_8_line_0,line,5,8,penalty_row_xy,random,53,analytic,"{""A"": 0, ""B"": 6, ""C"": 7, ""D"": 2, ""E"": 5}",97.5,22.220000000000002,2.1524023211267363e-05,0.21506512965681163,0.1830855242739626,58,0,"[0.5548581522280007, 1.5431709876787585, 0.253796749086601, 1.2071991360648757, 0.09352396400450083]",47.21386834918178,True,0.44012488797307014,50.93898430054535,37.69904529696663,30.046435916259718
quality_5_8_line_0,line,5,8,token,deterministic,41,analytic,"{""A"": 0, ""B"": 1, ""C"": 2, ""D"": 3, ""E"": 4}",93.17,22.220000000000002,0.0,1.0,0.9964701607392824,166,0,"[1.5570708269274278, 1.9859524746687476, 0.397499708147524, 0.9963856811950206, 0.4245990688853387]",50.84435559318416,True,0.9678951390087605,49.922978067837356,49.77313189073655,49.75055171998008
quality_5_8_line_0,line,5,8,token,deterministic,53,analytic,"{""A"": 0, ""B"": 1, ""C"": 2, ""D"": 3, ""E"": 4}",93.17,22.220000000000002,0.0,0.9999999999999999,0.9961818736464572,184,0,"[1.5636609322545558, 1.905008305940817, 0.40475195856037943, 0.9983460374184348, 0.4242121711498258]",50.85947064832894,True,1.0687454799190164,49.92575410723327,49.772270995989174,49.747117840860795
quality_5_8_line_0,line,5,8,token,poor,41,analytic,"{""A"": 7, ""B"": 2, ""C"": 1, ""D"": 4, ""E"": 0}",114.93,22.220000000000002,2.3617825915660603e-06,1.0,0.9867256168389372,200,0,"[0.5359870157793792, 1.7103721876587428, 0.6610039771849756, 1.0825873611125243, 0.7693302714090264]",59.08054972487086,False,1.161968706175685,51.89541328767161,47.899277129436385,43.78615720933638
quality_5_8_line_0,line,5,8,token,poor,53,analytic,"{""A"": 7, ""B"": 2, ""C"": 1, ""D"": 4, ""E"": 0}",114.93,22.220000000000002,0.0006120041772781033,1.0,0.9999997739274334,200,0,"[1.1461436247056538, 1.3613548023511062, 1.6327413083791236, 1.712455670682571, 1.2523865012220177]",32.361001903546196,False,1.1590581671334803,26.955507208752877,25.226437269446222,24.064760043438035
quality_5_8_line_0,line,5,8,token,random,41,analytic,"{""A"": 0, ""B"": 6, ""C"": 7, ""D"": 2, ""E"": 5}",97.5,22.220000000000002,0.0,1.0000000000000002,0.6556791491841458,200,0,"[0.706231543198053, 1.7326966625233584, 0.3616278285830302, 1.2838712278022895, 0.3583320409382871]",74.45308610221001,False,1.1622608439065516,67.97965880660242,62.06359787401539,54.96719255516926
quality_5_8_line_0,line,5,8,token,random,53,analytic,"{""A"": 0, ""B"": 6, ""C"": 7, ""D"": 2, ""E"": 5}",97.5,22.220000000000002,0.0,0.9999999999999999,0.8199754607470195,200,0,"[1.6212558419815128, 1.1462664720911497, 0.9166772152640253, 0.9980073945352388, 0.7730127429285724]",60.23404814863338,False,1.1583490069024265,49.6295988636998,44.908685723103794,41.895242223551854
quality_5_8_line_1,line,5,8,penalty_row_xy,deterministic,41,analytic,"{""A"": 0, ""B"": 1, ""C"": 2, ""D"": 3, ""E"": 4}",68.21,23.49,2.6185393094805893e-07,0.31014299225435377,0.2394312835422685,57,0,"[0.3625737339934045, 1.1467593789269377, -0.0002916529277520568, 1.3609498505093618, -0.016931267214598828]",33.29321623059042,True,0.4198061269707978,31.607074154352947,30.06518484015395,28.63807347523032
quality_5_8_line_1,line,5,8,penalty_row_xy,deterministic,53,analytic,"{""A"": 0, ""B"": 1, ""C"": 2, ""D"": 3, ""E"": 4}",68.21,23.49,1.1805626057854432e-06,0.312659813588961,0.23978401890539647,66,0,"[0.3719062184838434, 1.5555501076283762, 0.022708211757106963, 1.2987622251954318, 0.02097331550281919]",33.24290255274778,True,0.47930432530120015,31.38575423238168,30.12951430504818,28.80088283162031
quality_5_8_line_1,line,5,8,penalty_row_xy,poor,41,analytic,"{""A"": 5, ""B"": 1, ""C"": 0, ""D"": 6, ""E"": 7}",125.47999999999999,23.49,5.744470158913724e-06,0.21423501831378688,0.21422651422346833,53,0,"[0.5904235805349696, 1.5819835469123988, 0.24829045604568906, 1.2211964925029906, 0.29880609245067613]",41.232296530470876,True,0.3832145631313324,43.77101616241369,31.18553116417269,26.96720495000386
quality_5_8_line_1,line,5,8,penalty_row_xy,poor,53,analytic,"{""A"": 5, ""B"": 1, ""C"": 0, ""D"": 6, ""E"": 7}",125.47999999999999,23.49,4.1575897410655364e-05,0.21566222395024826,0.21565583555241258,63,0,"[0.4754164102720891, 1.6505711729503176, 0.22809570753280586, 1.0107739258730573, 0.44161393474416105]",42.638089600732954,True,0.5912272050045431,45.73662939445595,31.73750686041817,27.14804209944044
quality_5_8_line_1,line,5,8,penalty_row_xy,random,41,analytic,"{""A"": 5, ""B"": 4, ""C"": 3, ""D"": 0, ""E"": 1}",74.72,23.49,2.9845076114392383e-05,0.5419933404609033,0.5222804878382562,108,0,"[0.7379095111462409, 1.3169950870780056, 0.04236697391030582, 1.085674602541676, 0.036357835606884215]",32.27520757416719,True,0.7853712849318981,30.33260876513425,29.984252806090137,29.246533561035527
quality_5_8_line_1,line,5,8,penalty_row_xy,random,53,analytic,"{""A"": 5, ""B"": 4, ""C"": 3, ""D"": 0, ""E"": 1}",74.72,23.49,3.821186440316651e-06,0.5407975109078726,0.5057056524469347,66,0,"[0.7363183971901502, 1.6373676063359133, -0.05003473537122813, 0.9782680090694139, 0.03257717791289107]",31.683505442207892,True,0.4775322419591248,30.348126443388885,29.99674486157475,29.01414505051576
quality_5_8_line_1,line,5,8,token,deterministic,41,analytic,"{""A"": 0, ""B"": 1, ""C"": 2, ""D"": 3, ""E"": 4}",68.21,23.49,0.0,1.0,0.27916474617823817,90,0,"[1.454294796788352, 1.7397980726666111, 0.691805898972894, 1.3313337081755696, 1.5280236368860003]",33.95320402489304,True,0.5305942171253264,30.389521323276075,29.946824732381295,29.232649353729073
quality_5_8_line_1,line,5,8,token,deterministic,53,analytic,"{""A"": 0, ""B"": 1, ""C"": 2, ""D"": 3, ""E"": 4}",68.21,23.49,0.0,1.0,0.2814971138899422,76,0,"[1.4529199415081528, 1.740622906889233, 0.6925373968659397, 1.8270861363250324, 1.5197107255830553]",33.95261444366773,True,0.44582490902394056,30.390388473880844,29.92237867701636,29.184497081713957
quality_5_8_line_1,line,5,8,token,poor,41,analytic,"{""A"": 5, ""B"": 1, ""C"": 0, ""D"": 6, ""E"": 7}",125.47999999999999,23.49,0.0,1.0,0.9999999987980785,77,0,"[1.1052037865824302, 1.6557459243556096, 1.330131852543428, 0.7546822887196097, 1.566392241332761]",52.9974055022234,True,0.45153973810374737,42.4812685660228,35.87212867081933,31.94501636882218
quality_5_8_line_1,line,5,8,token,poor,53,analytic,"{""A"": 5, ""B"": 1, ""C"": 0, ""D"": 6, ""E"": 7}",125.47999999999999,23.49,0.0,0.9999999999999999,0.9999999904524963,93,0,"[1.1139829682753863, 2.0024046696177713, 0.17117091688333927, 0.8809828764081908, 1.5377255879094187]",64.17821822406943,True,0.5455913678742945,60.136291953027815,59.409147591312994,58.81930569495705
quality_5_8_line_1,line,5,8,token,random,41,analytic,"{""A"": 5, ""B"": 4, ""C"": 3, ""D"": 0, ""E"": 1}",74.72,23.49,0.0002890258146668763,1.0,0.7454981057420674,200,0,"[0.47557511857966983, 1.5737950493239328, 0.6324757471034885, 1.2246817866752076, 0.6368456251325071]",39.58484684127869,False,1.1652059881016612,32.18357598647136,28.925484539905938,25.816353237893235
quality_5_8_line_1,line,5,8,token,random,53,analytic,"{""A"": 5, ""B"": 4, ""C"": 3, ""D"": 0, ""E"": 1}",74.72,23.49,0.00027756294776429795,1.0,0.745217786788677,200,0,"[0.47351332680914043, 1.5758589871777788, 0.6251760366896837, 1.224527311533569, 0.6326448187977931]",39.58671652090297,False,1.1655142758972943,32.21583162841457,28.986965956308616,25.882017722375345
quality_5_8_line_2,line,5,8,penalty_row_xy,deterministic,41,analytic,"{""A"": 0, ""B"": 1, ""C"": 2, ""D"": 3, ""E"": 4}",45.58,13.14,2.886308462594675e-07,0.17895433790260873,0.05962547131298924,79,0,"[0.37064621131597386, 1.6302418359879876, 0.2556605701629161, 1.0208776420208705, 0.01309870882918136]",33.47481819328924,True,0.5798692312091589,32.91505146939707,24.127722760488854,19.903592518005063
quality_5_8_line_2,line,5,8,penalty_row_xy,deterministic,53,analytic,"{""A"": 0, ""B"": 1, ""C"": 2, ""D"": 3, ""E"": 4}",45.58,13.14,1.840995343295569e-05,0.20837655673340763,0.0621667918946464,130,0,"[0.3391719823274887, 1.626707547944065, 0.09228790106946473, 1.1484225721817702, 0.26342669089385656]",33.05481331641991,True,1.222949715796858,31.60796880766048,22.977498203670958,19.477446513648694
quality_5_8_line_2,line,5,8,penalty_row_xy,poor,41,analytic,"{""A"": 7, ""B"": 0, ""C"": 3, ""D"": 1, ""E"": 4}",117.18,13.14,1.1232310553062168e-06,0.20501064562154303,0.20500915365327424,58,0,"[0.38501211739460683, 1.5376286257458402, 0.2508425505806166, 1.0213941602189995, 0.04267922500136466]",34.85060339355675,True,0.4258220703341067,34.04183460249052,23.965212645896013,19.390105123616568
quality_5_8_line_2,line,5,8,penalty_row_xy,poor,53,analytic,"{""A"": 7, ""B"": 0, ""C"": 3, ""D"": 1, ""E"": 4}",117.18,13.14,0.00035498563057808605,0.22557455556299283,0.2255723904906089,65,0,"[0.28253966081823273, 1.7221047484380119, 0.3906028005426236, 1.0625856380279566, 0.020099760388995032]",32.110927564450634,True,0.47414539800956845,30.334512182239187,20.38137378437581,15.384231005852014
quality_5_8_line_2,line,5,8,penalty_row_xy,random,41,analytic,"{""A"": 5, ""B"": 6, ""C"": 7, ""D"": 3, ""E"": 1}",59.120000000000005,13.14,1.7151905968582424e-05,0.19812662130998657,0.09824964600938371,69,0,"[0.5578445187906538, 1.6466001632321958, 0.20999869353610853, 0.901224214883856, 0.510499204969819]",34.89858351505967,True,0.6549813859164715,34.34555269081086,23.703548891486225,18.92598381924933
quality_5_8_line_2,line,5,8,penalty_row_xy,random,53,analytic,"{""A"": 5, ""B"": 6, ""C"": 7, ""D"": 3, ""E"": 1}",59.120000000000005,13.14,1.9139200451604677e-05,0.2059360268479838,0.1136258880493333,48,0,"[0.5605659649886535, 1.853366154885632, 0.38322148099047676, 1.2082497460692718, 0.109213804051751]",32.781824763215866,True,0.35053420485928655,32.59907199149363,22.306989151880178,18.376299593077675
quality_5_8_line_2,line,5,8,token,deterministic,41,analytic,"{""A"": 0, ""B"": 1, ""C"": 2, ""D"": 3, ""E"": 4}",45.58,13.14,0.0,0.9999999999999999,0.2107520899950338,200,0,"[0.9122509338356463, 1.552479198688637, -0.15776574058515175, 1.1062700292309218, 0.7680479727457284]",40.94378927596988,False,1.1908921361900866,32.28897993865947,26.467057932546286,22.933767417449165
quality_5_8_line_2,line,5,8,token,deterministic,53,analytic,"{""A"": 0, ""B"": 1, ""C"": 2, ""D"": 3, ""E"": 4}",45.58,13.14,0.0,0.9999999999999998,0.2360860833480106,200,0,"[0.7767373578395458, 1.5798440095103439, -0.17946546724905524, 1.0835255925665441, 0.6632067611956233]",41.770966578803574,False,1.1879114457406104,37.11761918942813,31.505308813280017,26.78291910089544
quality_5_8_line_2,line,5,8,token,poor,41,analytic,"{""A"": 7, ""B"": 0, ""C"": 3, ""D"": 1, ""E"": 4}",117.18,13.14,0.0,0.9999999999999999,0.9999999999989594,61,0,"[1.5763238021305948, 1.2095394096970395, 1.2679823356679343, 1.4698274239491844, 0.9789065870064134]",42.04195793289348,True,0.3661304893903434,30.042554766010173,25.157537956771453,22.341641447233002
quality_5_8_line_2,line,5,8,token,poor,53,analytic,"{""A"": 7, ""B"": 0, ""C"": 3, ""D"": 1, ""E"": 4}",117.18,13.14,0.0,0.9999999999999999,0.9999999999999044,85,0,"[1.5675284730517927, 1.4402232604033058, 1.181659047856516, 0.7727751376434981, 1.0399988596591088]",41.969213822824436,True,0.507299143821001,28.001994958970368,23.05487749782263,22.142468495704634
quality_5_8_line_2,line,5,8,token,random,41,analytic,"{""A"": 5, ""B"": 6, ""C"": 7, ""D"": 3, ""E"": 1}",59.120000000000005,13.14,0.0,1.0,0.6106750726175652,149,0,"[0.5207028911035883, 1.2004126458865987, 0.9370100717496095, 0.8858260323739493, 1.2638529321010328]",30.380388213192226,True,0.8824071022681892,24.011464522289756,19.383045579995866,16.82445456874378
quality_5_8_line_2,line,5,8,token,random,53,analytic,"{""A"": 5, ""B"": 6, ""C"": 7, ""D"": 3, ""E"": 1}",59.120000000000005,13.14,0.0,1.0,0.6344997597895561,200,0,"[0.8193295318166618, 1.5605509748397595, 0.5653734553924272, 0.7108133991392556, 1.0522025556183021]",33.20923484986374,True,1.1838459898717701,25.33617612265394,20.316371943390976,17.020170741535914
quality_5_8_line_3,line,5,8,penalty_row_xy,deterministic,41,analytic,"{""A"": 0, ""B"": 1, ""C"": 2, ""D"": 3, ""E"": 4}",85.03999999999999,29.979999999999997,1.5787757304339945e-05,0.2091664385442447,0.06632954823601968,69,0,"[0.2549264758941393, 1.5326883483857507, 0.5212827931062599, 0.9518166948371926, 0.009268181940291748]",49.4795820858502,True,0.5084168598987162,57.54079189484446,39.03686858492276,33.21603495665926
quality_5_8_line_3,line,5,8,penalty_row_xy,deterministic,53,analytic,"{""A"": 0, ""B"": 1, ""C"": 2, ""D"": 3, ""E"": 4}",85.03999999999999,29.979999999999997,0.00010132960027149807,0.19568227378974534,0.056208863887380486,132,0,"[0.347751909509548, 1.721577343399258, 0.1549657755085469, 1.2305446609414725, 0.09596343730057046]",48.78775081400497,True,0.953740649856627,63.176920034259936,43.88117109660254,33.1812857160036
quality_5_8_line_3,line,5,8,penalty_row_xy,poor,41,analytic,"{""A"": 3, ""B"": 0, ""C"": 7, ""D"": 5, ""E"": 4}",178.44000000000003,29.979999999999997,1.8545210208897214e-05,0.2217479270729245,0.22174192224944017,103,0,"[0.38131600200333926, 1.4241555561097425, 0.48942738853553436, 1.235300630866373, 0.3963814807788839]",59.59843751240156,True,0.7472286820411682,69.71728314886347,48.49544692333411,36.48622286946986
quality_5_8_line_3,line,5,8,penalty_row_xy,poor,53,analytic,"{""A"": 3, ""B"": 0, ""C"": 7, ""D"": 5, ""E"": 4}",178.44000000000003,29.979999999999997,1.312740319682624e-05,0.21142699645840957,0.21142119855420313,60,0,"[0.32110803190192233, 1.6768394744390258, 0.357188722730354, 1.249152392771625, 0.41143478093376684]",60.595353011094964,True,0.47574582090601325,69.84594001694163,49.1033781966725,36.48266842965866
quality_5_8_line_3,line,5,8,penalty_row_xy,random,41,analytic,"{""A"": 4, ""B"": 7, ""C"": 1, ""D"": 2, ""E"": 0}",89.97999999999999,29.979999999999997,2.292269377894876e-05,0.22289656941075278,0.0834932102502921,77,0,"[0.3244246759663986, 1.8016974093149156, 0.2654467722809991, 1.0557103102039276, 0.04693414818068484]",52.25246345087239,True,0.5628644661046565,60.711972995006164,43.77071204066431,33.49375860498
quality_5_8_line_3,line,5,8,penalty_row_xy,random,53,analytic,"{""A"": 4, ""B"": 7, ""C"": 1, ""D"": 2, ""E"": 0}",89.97999999999999,29.979999999999997,2.5871464993447155e-05,0.21873559853787478,0.08119659717934505,72,0,"[0.32138156345659197, 1.8027197470998084, 0.2523367292971487, 1.0594706137395151, 0.04394623125845293]",52.26481450108733,True,0.5264840289019048,60.735672491917256,43.65889682112486,33.44583861172558
quality_5_8_line_3,line,5,8,token,deterministic,41,analytic,"{""A"": 0, ""B"": 1, ""C"": 2, ""D"": 3, ""E"": 4}",85.03999999999999,29.979999999999997,0.0,1.0,0.2860958846542325,200,0,"[0.4835698576662718, 1.6377683657079198, 0.7803863183447748, 1.083206283517278, 0.6197335775508636]",75.8203754236095,False,1.1837738160975277,64.19235215847448,56.85811276655219,48.84814736930191
quality_5_8_line_3,line,5,8,token,deterministic,53,analytic,"{""A"": 0, ""B"": 1, ""C"": 2, ""D"": 3, ""E"": 4}",85.03999999999999,29.979999999999997,0.0,1.0,0.36026347823294586,200,0,"[0.5151036877775667, 1.5709819682382395, 0.5963650379146848, 1.3102811716744815, 0.6531458951162796]",75.55821943009839,False,1.1830100631341338,65.26731824597799,60.975525594893774,54.62556346403707
quality_5_8_line_3,line,5,8,token,poor,41,analytic,"{""A"": 3, ""B"": 0, ""C"": 7, ""D"": 5, ""E"": 4}",178.44000000000003,29.979999999999997,0.0,1.0,0.9999999998953526,82,0,"[0.9512129564434632, 0.6071331707480351, 1.5113741778883891, 1.6667676832433056, 1.552005363204814]",70.8406136601246,True,0.48922697687521577,50.101727072453336,35.70307347446732,34.19834567756462
quality_5_8_line_3,line,5,8,token,poor,53,analytic,"{""A"": 3, ""B"": 0, ""C"": 7, ""D"": 5, ""E"": 4}",178.44000000000003,29.979999999999997,0.0,0.9999999999999998,0.9999999989155647,102,0,"[0.9520408223294732, 1.2649932219855795, 1.614387203035374, 1.8033643336024079, 1.6393849746341769]",70.85683654449741,True,0.6056790319271386,50.27110852966381,35.762893113783626,33.94906787187624
quality_5_8_line_3,line,5,8,token,random,41,analytic,"{""A"": 4, ""B"": 7, ""C"": 1, ""D"": 2, ""E"": 0}",89.97999999999999,29.979999999999997,0.0,1.0,0.3096888272739995,53,0,"[0.3945032782443158, 1.4783905297368978, 0.06019062718580532, 1.0798585777479022, 0.37663435032470666]",85.04913638531403,True,0.3183863260783255,83.6412941519604,81.96940730315977,80.74553136797017
quality_5_8_line_3,line,5,8,token,random,53,analytic,"{""A"": 4, ""B"": 7, ""C"": 1, ""D"": 2, ""E"": 0}",89.97999999999999,29.979999999999997,0.0,1.0,0.30439079110968675,37,0,"[0.45868442240143337, 1.5691973920257034, 0.12396687098125476, 1.0039839565920148, 0.33407546170416536]",85.17678969720532,True,0.22364534391090274,84.15703120637555,82.58295438407815,80.82301768623097
quality_5_8_scatter_0,scatter,5,8,penalty_row_xy,deterministic,41,analytic,"{""A"": 0, ""B"": 1, ""C"": 2, ""D"": 3, ""E"": 4}",158.10999999999996,72.47,6.830783038946454e-05,0.2062080413161283,0.15946197016195293,55,0,"[0.2641974424879324, 1.3760692752068504, 0.5080336524197809, 0.9782564202923437, -0.012178834136082202]",87.87934048976992,True,0.4176089847460389,106.68876786045927,88.17777803897027,80.02172367416347
quality_5_8_scatter_0,scatter,5,8,penalty_row_xy,deterministic,53,analytic,"{""A"": 0, ""B"": 1, ""C"": 2, ""D"": 3, ""E"": 4}",158.10999999999996,72.47,6.17906877622713e-05,0.20808461924558164,0.16061953773628734,55,0,"[0.2640058491816775, 1.3754318737023412, 0.5082931815505719, 1.2995657215170424, 0.004310609644279389]",87.93038367279141,True,0.40959117701277137,107.10124891283371,88.56844229987321,79.98237875455509
quality_5_8_scatter_0,scatter,5,8,penalty_row_xy,poor,41,analytic,"{""A"": 4, ""B"": 1, ""C"": 0, ""D"": 2, ""E"": 5}",217.34000000000003,72.47,4.1227724940453103e-07,0.2813195168304118,0.28081572789421916,68,0,"[0.27437991625264574, 1.560189631484255, -0.03151136688420355, 1.3193237775716975, -0.02378453286140024]",81.19049098098041,True,0.5016175168566406,94.96178639912578,80.4644737921869,78.12846853391815
quality_5_8_scatter_0,scatter,5,8,penalty_row_xy,poor,53,analytic,"{""A"": 4, ""B"": 1, ""C"": 0, ""D"": 2, ""E"": 5}",217.34000000000003,72.47,3.3246239788464708e-06,0.29659143166680374,0.29622871262177985,57,0,"[0.2786708669218331, 1.493084130237917, 0.015450568871249286, 1.3322042719726805, 0.018765634357484386]",82.42800122325653,True,0.4219402791932225,92.87294265049542,80.1394326563338,78.40865875520491
quality_5_8_scatter_0,scatter,5,8,penalty_row_xy,random,41,analytic,"{""A"": 1, ""B"": 6, ""C"": 3, ""D"": 4, ""E"": 0}",147.48000000000002,72.47,8.669927816049855e-05,0.18589224882324656,0.11160547816911334,102,0,"[0.1073951762583604, 1.6928670930926708, 0.42095530018521865, 1.2586792421081388, -0.03004568680886302]",85.4899814720749,True,0.7635729778558016,109.76823894566412,92.042109934971,80.7361660439715
quality_5_8_scatter_0,scatter,5,8,penalty_row_xy,random,53,analytic,"{""A"": 1, ""B"": 6, ""C"": 3, ""D"": 4, ""E"": 0}",147.48000000000002,72.47,8.97433939312528e-05,0.18779211776434981,0.11546709551792306,86,0,"[0.10987173622653158, 1.6925390691275317, 0.4215916065515613, 1.2101944406914482, 0.0019283340629708161]",86.36079084659049,True,0.720965922344476,108.79696515242118,91.50601198565819,80.56060402353611
quality_5_8_scatter_0,scatter,5,8,token,deterministic,41,analytic,"{""A"": 0, ""B"": 1, ""C"": 2, ""D"": 3, ""E"": 4}",158.10999999999996,72.47,1.3781739228026427e-05,0.9999999999999999,0.6694839151918309,200,0,"[0.5848979254561159, 1.5808396363783108, 0.5773956731423097, 1.027581903637395, 0.3744095606865946]",118.24111692537016,False,1.187961851246655,110.9541139957585,106.12922212137536,99.31097840157729
quality_5_8_scatter_0,scatter,5,8,token,deterministic,53,analytic,"{""A"": 0, ""B"": 1, ""C"": 2, ""D"": 3, ""E"": 4}",158.10999999999996,72.47,1.9930484977090345e-05,1.0,0.6556144125387493,200,0,"[0.6227697335226353, 1.5808750089996075, 0.5374132623078103, 1.0266079378002506, 0.36136422046880373]",118.71971066846771,False,1.1859638928435743,111.02600188150463,106.08395842307704,98.85336422843413
quality_5_8_scatter_0,scatter,5,8,token,poor,41,analytic,"{""A"": 4, ""B"": 1, ""C"": 0, ""D"": 2, ""E"": 5}",217.34000000000003,72.47,5.771733833727546e-08,1.0,0.9999999974364624,200,0,"[1.5946778798775405, 1.5040674449424076, 1.1320218882718787, 1.6655512959725243, 0.4799756269523377]",113.86578193592098,False,1.1864073453471065,104.7312160734107,98.21659789036866,93.97103460078631
quality_5_8_scatter_0,scatter,5,8,token,poor,53,analytic,"{""A"": 4, ""B"": 1, ""C"": 0, ""D"": 2, ""E"": 5}",217.34000000000003,72.47,0.00011104229246519561,0.9999999999999998,0.9999986072134449,200,0,"[0.6447263297914996, 1.3693845119709847, 1.4344998685813362, 1.5995491709154053, 1.3534739456164366]",112.19628339672725,False,1.1854687938466668,91.87179316055023,79.30501352510154,74.75821717186194
quality_5_8_scatter_0,scatter,5,8,token,random,41,analytic,"{""A"": 1, ""B"": 6, ""C"": 3, ""D"": 4, ""E"": 0}",147.48000000000002,72.47,0.0,1.0,0.7554742123320641,200,0,"[1.0796415592728772, 1.7659877208005381, 0.9267875509705764, 1.1883877284160325, 0.2896587244595389]",99.1399534411273,False,1.1853142050094903,81.88172675974891,75.20288538452513,73.49761555630666
quality_5_8_scatter_0,scatter,5,8,token,random,53,analytic,"{""A"": 1, ""B"": 6, ""C"": 3, ""D"": 4, ""E"": 0}",147.48000000000002,72.47,0.0,0.9999999999999999,0.7480728650053738,200,0,"[1.0676607762635715, 1.7678306048182153, 0.964461455341512, 1.1913751685165355, 0.27104819439273375]",98.91426531143154,False,1.1834686328656971,81.75471189988306,75.35434064234208,73.60269350515263
quality_5_8_scatter_1,scatter,5,8,penalty_row_xy,deterministic,41,analytic,"{""A"": 0, ""B"": 1, ""C"": 2, ""D"": 3, ""E"": 4}",188.92,120.42999999999999,4.256447450498364e-07,0.1988960921152117,0.10928211995052882,71,0,"[0.6477322310052303, 1.877168346876183, 0.4629362079590962, 1.02386573202677, 0.011601568119156894]",119.25656638800766,True,0.514851049054414,152.94011571127407,138.52100837890706,128.18559098737495
quality_5_8_scatter_1,scatter,5,8,penalty_row_xy,deterministic,53,analytic,"{""A"": 0, ""B"": 1, ""C"": 2, ""D"": 3, ""E"": 4}",188.92,120.42999999999999,1.618823653618506e-06,0.23298569144492792,0.11844916655830535,56,0,"[0.7422717643574955, 1.8140710160278855, 0.3080105323180338, 0.951269613326614, 0.009394277399788415]",113.4225893632771,True,0.4428727817721665,145.46835943085145,129.7110799084093,123.72439077602832
quality_5_8_scatter_1,scatter,5,8,penalty_row_xy,poor,41,analytic,"{""A"": 7, ""B"": 1, ""C"": 2, ""D"": 3, ""E"": 6}",268.36,120.42999999999999,9.990143641783194e-07,0.21611839027183985,0.2161183326722046,57,0,"[0.5040290001549573, 1.5976038300555244, 0.11606635436311491, 1.2775327011279172, 0.037523469559719885]",119.26540885481789,True,0.4575853981077671,156.09263680958384,140.1572806661949,130.233866813546
quality_5_8_scatter_1,scatter,5,8,penalty_row_xy,poor,53,analytic,"{""A"": 7, ""B"": 1, ""C"": 2, ""D"": 3, ""E"": 6}",268.36,120.42999999999999,3.44195340342174e-05,0.21836829178021877,0.21836823551400253,72,0,"[0.5256921328078885, 1.8568447765147793, 0.042410527002859535, 1.1955653300595281, 0.08714875684639524]",117.39333691718404,True,0.5202501956373453,156.45469037685396,143.34483413412713,133.7479182139569
quality_5_8_scatter_1,scatter,5,8,penalty_row_xy,random,41,analytic,"{""A"": 2, ""B"": 3, ""C"": 5, ""D"": 4, ""E"": 6}",200.65999999999997,120.42999999999999,9.101183815307588e-06,0.23272185757032884,0.1380634104579947,86,0,"[0.3458791253344044, 1.533757078178196, -0.029241066231808978, 1.2133749815871426, 0.1080657768468966]",124.56860401480071,True,0.6174971987493336,153.06202938771307,137.17350380029413,129.36887897738518
quality_5_8_scatter_1,scatter,5,8,penalty_row_xy,random,53,analytic,"{""A"": 2, ""B"": 3, ""C"": 5, ""D"": 4, ""E"": 6}",200.65999999999997,120.42999999999999,2.053429637306299e-05,0.2116341988242721,0.13365048502325713,81,0,"[0.39592291534116697, 1.5672898666514938, 0.11091774690530946, 1.2287947810128181, 0.018299372275769513]",125.7437468215115,True,0.5937929381616414,153.83441230155356,138.40369405643906,129.74088629145072
quality_5_8_scatter_1,scatter,5,8,token,deterministic,41,analytic,"{""A"": 0, ""B"": 1, ""C"": 2, ""D"": 3, ""E"": 4}",188.92,120.42999999999999,0.0,0.9999999999999999,0.4889306041712615,200,0,"[0.5992298857095556, 1.637981595356003, 0.7210217026629192, 1.3577312775769441, 0.6390337428820927]",168.25756338665735,False,1.1642593923024833,149.57681844491276,143.18153369449774,141.86239257220652
quality_5_8_scatter_1,scatter,5,8,token,deterministic,53,analytic,"{""A"": 0, ""B"": 1, ""C"": 2, ""D"": 3, ""E"": 4}",188.92,120.42999999999999,0.0,1.0000000000000002,0.45807186182284093,200,0,"[0.6385701725692935, 1.66065935467145, 0.8217206132259024, 1.363085098488781, 0.65079940781774]",167.40037409917792,False,1.16229299409315,149.11401707797455,142.95521366833648,141.40711232988087
quality_5_8_scatter_1,scatter,5,8,token,poor,41,analytic,"{""A"": 7, ""B"": 1, ""C"": 2, ""D"": 3, ""E"": 6}",268.36,120.42999999999999,0.0,1.0,0.9999994697042804,97,0,"[1.9574498351299436, 1.7606902173533072, 1.5240419466050623, 0.9756112150705332, 1.0879948819247733]",163.13308358962337,True,0.5672743679024279,149.05364141262305,136.802546345816,128.36210383776972
quality_5_8_scatter_1,scatter,5,8,token,poor,53,analytic,"{""A"": 7, ""B"": 1, ""C"": 2, ""D"": 3, ""E"": 6}",268.36,120.42999999999999,0.0,1.0,0.9999987895380342,77,0,"[1.187000524248475, 2.031606495256953, 1.5004844565211346, 1.161416173529474, 1.0863778103999375]",163.07889632622965,True,0.450465252622962,148.89062121485784,136.47415704008097,127.77661868395364
quality_5_8_scatter_1,scatter,5,8,token,random,41,analytic,"{""A"": 2, ""B"": 3, ""C"": 5, ""D"": 4, ""E"": 6}",200.65999999999997,120.42999999999999,0.00027398339050252625,0.9999999999999999,0.7844669916046008,200,0,"[1.3051931501836271, 1.5974187244144107, 1.0217907147948384, 0.9869757044340435, 1.1171560449483786]",154.8906746554545,False,1.1623865491710603,144.24897211814385,138.3680609420523,131.15682830325537
quality_5_8_scatter_1,scatter,5,8,token,random,53,analytic,"{""A"": 2, ""B"": 3, ""C"": 5, ""D"": 4, ""E"": 6}",200.65999999999997,120.42999999999999,0.0001530118926973791,1.0,0.8084410429648341,200,0,"[1.1696846858642025, 1.855494979625571, 1.0033104678081735, 0.9768347349621647, 0.7558322005791255]",156.46302926281254,False,1.1627520462498069,145.13732633187263,138.6698311632293,133.17180782052927
quality_5_8_scatter_2,scatter,5,8,penalty_row_xy,deterministic,41,analytic,"{""A"": 0, ""B"": 1, ""C"": 2, ""D"": 3, ""E"": 4}",214.44,141.28,1.3716098133857367e-06,0.2530573375485712,0.14662599717665203,61,0,"[0.7446506039320853, 1.4517368008624683, 0.6962377011187842, 1.2525669540193813, 0.016786774507765518]",114.84239957744822,True,0.4573257309384644,187.7051164826242,167.3181664792268,151.7578061745832
quality_5_8_scatter_2,scatter,5,8,penalty_row_xy,deterministic,53,analytic,"{""A"": 0, ""B"": 1, ""C"": 2, ""D"": 3, ""E"": 4}",214.44,141.28,4.706099320105955e-06,0.19247822967681139,0.0897482149237802,88,0,"[0.6582304461821615, 1.8664794129220885, 0.6082273492911227, 1.2499036044544567, 0.016989824280315466]",117.47724235239068,True,0.6512741739861667,173.87002978984242,153.22968579065437,144.63080255729895
quality_5_8_scatter_2,scatter,5,8,penalty_row_xy,poor,41,analytic,"{""A"": 7, ""B"": 2, ""C"": 3, ""D"": 5, ""E"": 4}",332.34,141.28,1.0654081064513948e-05,0.21288408437688794,0.2128836423877691,68,0,"[0.42557526487769887, 1.5499709444936918, 0.1645046500610033, 1.0054994650094, 0.0041558576786681735]",134.138574137263,True,0.49393681110814214,180.17703479085682,156.558663633824,149.4681309919156
quality_5_8_scatter_2,scatter,5,8,penalty_row_xy,poor,53,analytic,"{""A"": 7, ""B"": 2, ""C"": 3, ""D"": 5, ""E"": 4}",332.34,141.28,0.00010536569782800071,0.19089072792162887,0.1908647404966632,56,0,"[0.4929075856066293, 1.7997550213415838, 0.22612466027902478, 1.0136305760297586, 0.22722240423975576]",140.26859895511615,True,0.43362205009907484,184.80766976678922,158.8844049564529,149.34276340734206
quality_5_8_scatter_2,scatter,5,8,penalty_row_xy,random,41,analytic,"{""A"": 0, ""B"": 6, ""C"": 1, ""D"": 4, ""E"": 5}",193.5,141.28,1.1177451312364479e-05,0.2277201054904995,0.0546724852067205,65,0,"[0.4367273261785386, 2.0354386342337563, 0.67317473769906, 1.2172597858868444, -0.01296039066726531]",126.88672384255312,True,0.4841920528560877,171.11238400295676,153.64783966107154,147.36705231125887
quality_5_8_scatter_2,scatter,5,8,penalty_row_xy,random,53,analytic,"{""A"": 0, ""B"": 6, ""C"": 1, ""D"": 4, ""E"": 5}",193.5,141.28,2.2983784961736598e-06,0.19464099619757846,0.03176052847421405,68,0,"[0.3708647705568982, 1.5256041364032504, 0.3556868486801621, 1.0415677905553629, 0.016990164059749176]",136.83001041028638,True,0.49649929720908403,175.16556905356916,156.49772165160044,149.07550851282562
quality_5_8_scatter_2,scatter,5,8,token,deterministic,41,analytic,"{""A"": 0, ""B"": 1, ""C"": 2, ""D"": 3, ""E"": 4}",214.44,141.28,0.00041268167075674016,1.0,0.44260223425172807,200,0,"[0.4836149628506652, 1.856675017799648, 0.8981178958125371, 1.1639552331513374, 1.320553680253552]",172.6688517713823,False,1.1732941679656506,149.2304873984206,146.73195636106615,145.17802898160613
quality_5_8_scatter_2,scatter,5,8,token,deterministic,53,analytic,"{""A"": 0, ""B"": 1, ""C"": 2, ""D"": 3, ""E"": 4}",214.44,141.28,0.0010222408224545502,0.9999999999999998,0.43697122421148493,200,0,"[0.5919753053344925, 1.846941358477711, 0.8065384973302746, 1.1644688224031559, 0.9722795780446638]",180.1867464364387,False,1.171220488846302,153.2671985146086,146.53073240382156,143.75372370857832
quality_5_8_scatter_2,scatter,5,8,token,poor,41,analytic,"{""A"": 7, ""B"": 2, ""C"": 3, ""D"": 5, ""E"": 4}",332.34,141.28,0.0,1.0,0.9999999991451723,200,0,"[1.2607586379366507, 1.2729711410895774, 1.5900837476726217, 0.7910417573228467, 1.1005083511223581]",168.54463406412515,False,1.171763587743044,157.28087026534058,153.0944263734291,151.12660319855007
quality_5_8_scatter_2,scatter,5,8,token,poor,53,analytic,"{""A"": 7, ""B"": 2, ""C"": 3, ""D"": 5, ""E"": 4}",332.34,141.28,0.0,1.0,0.999999999915153,200,0,"[1.2637289238606977, 0.6231072652661986, 1.569192045169638, 1.199602521197456, 1.0997883491733011]",168.55797759307927,False,1.1720533911138773,157.24406018593277,153.0642155955285,151.09728404995496
quality_5_8_scatter_2,scatter,5,8,token,random,41,analytic,"{""A"": 0, ""B"": 6, ""C"": 1, ""D"": 4, ""E"": 5}",193.5,141.28,0.0016211076139351372,1.0000000000000002,0.5041795624026842,200,0,"[0.5097803959502596, 1.676428385925067, 0.4993461244887435, 1.34796504697009, 0.9684324471637419]",150.5897000355812,False,1.1723885708488524,144.15958556870464,141.91566812007923,141.36165249013686
quality_5_8_scatter_2,scatter,5,8,token,random,53,analytic,"{""A"": 0, ""B"": 6, ""C"": 1, ""D"": 4, ""E"": 5}",193.5,141.28,0.0006841622085911409,1.0,0.4903278927389504,153,0,"[0.40986373229791584, 1.6525659103177908, 0.5606829393067427, 1.4738717483641508, 1.0019129472332142]",150.04182736864215,True,0.8963941559195518,144.21922122322383,142.00212628985307,141.41521734246714
quality_5_8_scatter_3,scatter,5,8,penalty_row_xy,deterministic,41,analytic,"{""A"": 0, ""B"": 1, ""C"": 2, ""D"": 3, ""E"": 4}",171.93,107.61,1.4213649198114789e-05,0.21332853759643156,0.08054227781800123,57,0,"[0.49901561462340566, 1.9531454150603191, 0.4636722323483061, 1.0342146056831854, 0.008010850797795545]",111.39475420785872,True,0.41546423314139247,145.59369858639545,128.108870946546,118.23939482319763
quality_5_8_scatter_3,scatter,5,8,penalty_row_xy,deterministic,53,analytic,"{""A"": 0, ""B"": 1, ""C"": 2, ""D"": 3, ""E"": 4}",171.93,107.61,2.9842746673637863e-06,0.19190716199958344,0.0706345451962421,49,0,"[0.41192165830401467, 1.8077862071401198, 0.4385102546787065, 0.8340387273144604, -0.0022213736172121802]",122.51271087587469,True,0.3549928981810808,150.4046847542158,134.03692143302962,122.25071332832965
quality_5_8_scatter_3,scatter,5,8,penalty_row_xy,poor,41,analytic,"{""A"": 1, ""B"": 7, ""C"": 6, ""D"": 5, ""E"": 0}",268.53000000000003,107.61,7.248903797901958e-06,0.2053904236954703,0.20520035918434326,55,0,"[0.2630357759838189, 1.8556457517363965, 0.11765597811228197, 1.2899929430940815, 0.026515601182888905]",122.5117505710086,True,0.3974123732186854,148.36854324215125,132.3638728996582,122.84856819539836
quality_5_8_scatter_3,scatter,5,8,penalty_row_xy,poor,53,analytic,"{""A"": 1, ""B"": 7, ""C"": 6, ""D"": 5, ""E"": 0}",268.53000000000003,107.61,3.008901139483215e-06,0.18826012259959163,0.18825198120601302,63,0,"[0.43838645664752196, 1.6287121713402506, 0.3114694629629822, 1.2329866885800735, 0.07219554430401183]",124.08091857887713,True,0.46810865588486195,154.59412046851008,138.5180399177234,127.08267469389229
quality_5_8_scatter_3,scatter,5,8,penalty_row_xy,random,41,analytic,"{""A"": 7, ""B"": 4, ""C"": 6, ""D"": 1, ""E"": 2}",203.72,107.61,0.001722573111105366,0.24024264858064628,0.192624336087816,150,0,"[0.5529079959391928, 1.6107709415158475, 0.2331030304445193, 1.1816713461753252, -0.0017830288207469668]",121.36664311292161,True,1.1050319620408118,145.4815866170749,128.2385490632692,113.62803478173844
quality_5_8_scatter_3,scatter,5,8,penalty_row_xy,random,53,analytic,"{""A"": 7, ""B"": 4, ""C"": 6, ""D"": 1, ""E"": 2}",203.72,107.61,0.001623191393853516,0.240371746907198,0.19225856237396907,111,0,"[0.5532840606090975, 1.6102709342589958, 0.23283197827474242, 0.9776843044947051, 0.01160577212270059]",121.32669766218686,True,0.8144628410227597,145.76859045940395,128.88039514167951,114.07311775044658
quality_5_8_scatter_3,scatter,5,8,token,deterministic,41,analytic,"{""A"": 0, ""B"": 1, ""C"": 2, ""D"": 3, ""E"": 4}",171.93,107.61,0.002073829382563584,0.9999999999999999,0.5547683773946734,200,0,"[0.9522328301086038, 1.463300387121361, 0.18798497362396863, 0.9786378676472614, 0.4294114501944623]",137.69019610541957,False,1.1834881487302482,131.18376786695526,121.1458900098351,111.16327984714344
quality_5_8_scatter_3,scatter,5,8,token,deterministic,53,analytic,"{""A"": 0, ""B"": 1, ""C"": 2, ""D"": 3, ""E"": 4}",171.93,107.61,0.002111652259181906,1.0,0.5477382022342703,53,0,"[0.9729065349273263, 1.3859157946892426, 0.1778664106423503, 0.9607820766735021, 0.4322560907378602]",137.9035579518974,True,0.3184748119674623,131.4475358103593,121.63688931492418,111.30957065360484
quality_5_8_scatter_3,scatter,5,8,token,poor,41,analytic,"{""A"": 1, ""B"": 7, ""C"": 6, ""D"": 5, ""E"": 0}",268.53000000000003,107.61,4.6055760137121936e-07,1.0,0.9999966772856227,200,0,"[1.4552390774115236, 1.9466247204304918, 0.8884862851746181, 0.9153243272568127, 0.7580265803476531]",149.50446612945035,False,1.181038153823465,134.81223156331112,125.52139582746229,122.30790857304673
quality_5_8_scatter_3,scatter,5,8,token,poor,53,analytic,"{""A"": 1, ""B"": 7, ""C"": 6, ""D"": 5, ""E"": 0}",268.53000000000003,107.61,2.371555260847121e-07,0.9999999999999999,0.9996816928791239,200,0,"[1.160596613943733, 1.400733395349568, 0.5001925956435453, 0.9413711411912878, 0.5978036061742451]",153.95908618991444,False,1.1834094813093543,142.7464123300477,134.50109435957881,129.86165056165652
quality_5_8_scatter_3,scatter,5,8,token,random,41,analytic,"{""A"": 7, ""B"": 4, ""C"": 6, ""D"": 1, ""E"": 2}",203.72,107.61,1.08899510023308e-11,1.0,0.7278645798184371,42,0,"[0.6046901718170986, 1.7981344411402487, 0.23110899926968895, 1.1958006113075998, 0.36263378467830637]",161.6604483043211,True,0.25264411605894566,159.86963007237748,156.45510863561228,150.03977925987562
quality_5_8_scatter_3,scatter,5,8,token,random,53,analytic,"{""A"": 7, ""B"": 4, ""C"": 6, ""D"": 1, ""E"": 2}",203.72,107.61,1.0045453401861284e-12,1.0,0.7270547456377346,38,0,"[0.5821600328589629, 1.7963605354285477, 0.37158182759942565, 1.208292257936001, 0.14186750350593436]",161.7113860525798,True,0.2295032311230898,160.62486752740062,158.58450019070506,154.55100619144795
quality_6_8_compact_0,compact,6,8,penalty_row_xy,deterministic,41,analytic,"{""A"": 0, ""B"": 1, ""C"": 2, ""D"": 3, ""E"": 4, ""F"": 5}",39.940000000000005,28.210000000000004,1.0897621322181885e-05,0.07728001480378816,0.018065054062424774,63,0,"[0.6328069481499624, 1.3945260510207373, 0.41342111532206105, 0.9355890356477476, 0.358843491553308]",42.960950615098135,True,3.6703783669508994,38.21445257998841,35.27751224039083,32.136178381678334
quality_6_8_compact_0,compact,6,8,penalty_row_xy,deterministic,53,analytic,"{""A"": 0, ""B"": 1, ""C"": 2, ""D"": 3, ""E"": 4, ""F"": 5}",39.940000000000005,28.210000000000004,2.2960343265382116e-07,0.1280621239834951,0.020867522609549976,109,0,"[0.2825886235178676, 1.7876223149306207, 0.026544169831286005, 1.353988645321816, 0.03273425294808079]",43.03175863828066,True,5.638039994053543,38.45598654546582,36.05889214494602,33.26984431491439
quality_6_8_compact_0,compact,6,8,penalty_row_xy,poor,41,analytic,"{""A"": 2, ""B"": 7, ""C"": 5, ""D"": 4, ""E"": 6, ""F"": 3}",58.26,28.210000000000004,4.586361205046594e-07,0.09122797139632417,0.0912279677562607,200,0,"[0.4107838867949841, 1.8401525777901673, 0.1549809346384779, 0.892931098604315, -0.022209153590598826]",42.034421350656565,False,10.35300301387906,39.5495951104369,34.270704838339675,31.567618648988855
quality_6_8_compact_0,compact,6,8,penalty_row_xy,poor,53,analytic,"{""A"": 2, ""B"": 7, ""C"": 5, ""D"": 4, ""E"": 6, ""F"": 3}",58.26,28.210000000000004,4.848541443886091e-07,0.08575237631655248,0.08575237047544931,51,0,"[0.2578883453726774, 1.6706919256487567, 0.3950316771796648, 0.9737549026401033, 0.0018030924563753976]",41.698454556931445,True,2.667867500334978,39.52746992894602,33.97164182128575,31.502699284146672
quality_6_8_compact_0,compact,6,8,penalty_row_xy,random,41,analytic,"{""A"": 5, ""B"": 4, ""C"": 7, ""D"": 2, ""E"": 0, ""F"": 3}",51.440000000000005,28.210000000000004,1.2247258850382532e-08,0.2541713989710811,0.246213063387857,99,0,"[0.5911052995251642, 1.7448349624353185, -0.0020534873214613156, 1.1015807751553928, -0.01356451447693675]",36.18267961645524,True,5.1428481801413,32.10409642053851,30.325685680291244,30.037916408622863
quality_6_8_compact_0,compact,6,8,penalty_row_xy,random,53,analytic,"{""A"": 5, ""B"": 4, ""C"": 7, ""D"": 2, ""E"": 0, ""F"": 3}",51.440000000000005,28.210000000000004,1.8407803700115587e-09,0.24715951841684433,0.23921892683415596,58,0,"[0.590985797127252, 1.4485898384309115, -0.00636486397410748, 0.9390105866156874, -0.005780410067502631]",36.24644929156554,True,3.0278199310414493,32.153929479543194,30.315051368482262,30.034966679068454
quality_6_8_compact_0,compact,6,8,token,deterministic,41,analytic,"{""A"": 0, ""B"": 1, ""C"": 2, ""D"": 3, ""E"": 4, ""F"": 5}",39.940000000000005,28.210000000000004,0.0,1.0,0.2490348694975893,200,0,"[0.47368620279965773, 1.0420983263046895, 0.8085702562268118, 0.5576801425650403, 1.5110759434074028]",36.34709253067072,False,1.2184592229314148,33.83116078962444,32.91995487584174,32.199946913908576
quality_6_8_compact_0,compact,6,8,token,deterministic,53,analytic,"{""A"": 0, ""B"": 1, ""C"": 2, ""D"": 3, ""E"": 4, ""F"": 5}",39.940000000000005,28.210000000000004,0.0,0.9999999999999999,0.24903301006375866,144,0,"[0.47372084804853964, 1.042148161870256, 0.8080729577387625, 0.5544244244061896, 1.5107139639402223]",36.34722317631349,True,0.8768451400101185,33.83113666972567,32.920680850123986,32.203022011837405
quality_6_8_compact_0,compact,6,8,token,poor,41,analytic,"{""A"": 2, ""B"": 7, ""C"": 5, ""D"": 4, ""E"": 6, ""F"": 3}",58.26,28.210000000000004,0.0,1.0,0.9999999876091075,135,0,"[1.5515122407712032, 1.991895448825751, -0.5311441312059272, 1.5597358358804108, 0.5908521677968647]",33.57186954306835,True,0.8243624293245375,32.121626889798286,31.05765080603569,30.28347197047478
quality_6_8_compact_0,compact,6,8,token,poor,53,analytic,"{""A"": 2, ""B"": 7, ""C"": 5, ""D"": 4, ""E"": 6, ""F"": 3}",58.26,28.210000000000004,0.0,1.0,0.9999990485980004,200,0,"[1.4305162881247513, 1.110198023917724, 0.5410697363951456, 0.5744842231017054, 0.5578369688267123]",33.75339540724033,False,1.2146416530013084,32.13769659810201,31.062456468061228,30.202405648856598
quality_6_8_compact_0,compact,6,8,token,random,41,analytic,"{""A"": 5, ""B"": 4, ""C"": 7, ""D"": 2, ""E"": 0, ""F"": 3}",51.440000000000005,28.210000000000004,0.0,1.0,0.9991671261708726,80,0,"[1.5963715165541095, 1.9742218832574299, 0.4888048788368908, 1.11901478549951, 0.5452534354662996]",32.98451941137085,True,0.49006910575553775,32.168698847158005,31.422991030265617,30.848371658486595
quality_6_8_compact_0,compact,6,8,token,random,53,analytic,"{""A"": 5, ""B"": 4, ""C"": 7, ""D"": 2, ""E"": 0, ""F"": 3}",51.440000000000005,28.210000000000004,0.0,1.0,0.9991418991586636,69,0,"[1.5777905162172086, 1.5164186210466317, 0.4942442062520739, 1.1207276757011577, 0.5494576265568719]",32.98611985380939,True,0.4230627240613103,32.15845359456136,31.402633821256487,30.828143912803743
quality_6_8_compact_1,compact,6,8,penalty_row_xy,deterministic,41,analytic,"{""A"": 0, ""B"": 1, ""C"": 2, ""D"": 3, ""E"": 4, ""F"": 5}",42.08,23.380000000000003,0.00014105584682005428,0.1406977406577858,0.12560380480661357,107,0,"[0.7621844404697202, 1.5916797853575468, 0.38375985523969236, 0.9845893706932095, -0.008605197424510882]",33.50230225851182,True,6.2702243607491255,29.682978901512616,26.881280473014563,25.415338353470915
quality_6_8_compact_1,compact,6,8,penalty_row_xy,deterministic,53,analytic,"{""A"": 0, ""B"": 1, ""C"": 2, ""D"": 3, ""E"": 4, ""F"": 5}",42.08,23.380000000000003,6.323121012761521e-08,0.43007523276570403,0.3962093112850809,147,0,"[0.7736865822373566, 1.471242473017123, -0.06097738827435539, 1.0798120798324566, 0.06500948527296929]",31.803620615175547,True,7.714878730941564,27.857338358636675,25.26069362627331,25.008362623906752
quality_6_8_compact_1,compact,6,8,penalty_row_xy,poor,41,analytic,"{""A"": 3, ""B"": 5, ""C"": 7, ""D"": 0, ""E"": 1, ""F"": 2}",52.74000000000001,23.380000000000003,8.375803024573594e-07,0.28898763356266416,0.28898763319117377,59,0,"[0.764315010558254, 1.4096047630280126, 0.10379959293624488, 1.021369579613501, 0.008073060138292296]",36.097207061906175,True,3.1260232380591333,32.28978312614195,30.30600080506422,29.176025873823733
quality_6_8_compact_1,compact,6,8,penalty_row_xy,poor,53,analytic,"{""A"": 3, ""B"": 5, ""C"": 7, ""D"": 0, ""E"": 1, ""F"": 2}",52.74000000000001,23.380000000000003,4.389702802136681e-05,0.2237757807447169,0.22377578066963347,141,0,"[0.5120985077699093, 1.7257367540012991, 0.00794017242131639, 0.9972687516450032, -0.02290673489552912]",34.38028130963819,True,7.28397471876815,30.352963982244315,28.417016916362506,27.27290157277522
quality_6_8_compact_1,compact,6,8,penalty_row_xy,random,41,analytic,"{""A"": 7, ""B"": 2, ""C"": 3, ""D"": 1, ""E"": 0, ""F"": 6}",42.11999999999999,23.380000000000003,1.0809033338619513e-06,0.3030951362809073,0.3023727068176221,49,0,"[0.8394118917811071, 1.8361211849335979, -0.012906232685978057, 1.1003659253623856, 0.040150883374662674]",29.613835621786464,True,2.6059858608059585,27.564341665562342,26.823870940956297,26.38554851673767
quality_6_8_compact_1,compact,6,8,penalty_row_xy,random,53,analytic,"{""A"": 7, ""B"": 2, ""C"": 3, ""D"": 1, ""E"": 0, ""F"": 6}",42.11999999999999,23.380000000000003,1.0399056013453087e-08,0.3376763528289988,0.33662370720794194,127,0,"[0.7295988211529929, 2.106301319510256, 0.015354799004880876, 1.0842283866944662, -0.013984157899407598]",29.763615095496633,True,6.56363444076851,27.997507860968977,27.011399890281307,26.845752759554408
quality_6_8_compact_1,compact,6,8,token,deterministic,41,analytic,"{""A"": 0, ""B"": 1, ""C"": 2, ""D"": 3, ""E"": 4, ""F"": 5}",42.08,23.380000000000003,0.0004071280643264161,1.0,0.9044303137752556,64,0,"[1.5598200735909997, 1.8402058602718991, 0.7627234955035318, 1.2576895158792443, 0.4343347672736749]",27.982121112420252,True,0.3966522580012679,26.658808418582957,25.469222362208303,24.100905431295324
quality_6_8_compact_1,compact,6,8,token,deterministic,53,analytic,"{""A"": 0, ""B"": 1, ""C"": 2, ""D"": 3, ""E"": 4, ""F"": 5}",42.08,23.380000000000003,0.000406980023010679,1.0,0.9048052251827247,73,0,"[1.5613095521197753, 1.7664078585563372, 0.7636107645086049, 1.2570685103216923, 0.43318404875270033]",27.982486730912978,True,0.4477086318656802,26.661196276032474,25.47457176572697,24.105456549860033
quality_6_8_compact_1,compact,6,8,token,poor,41,analytic,"{""A"": 3, ""B"": 5, ""C"": 7, ""D"": 0, ""E"": 1, ""F"": 2}",52.74000000000001,23.380000000000003,0.00017860935485938513,0.9999999999999999,0.9999760916398353,86,0,"[1.2190687567973306, 1.3229789790841104, 0.45337880977615747, 1.0103001110168568, 0.34736135610260704]",29.886962413592926,True,0.5268919230438769,26.189821676619317,23.97221374284017,23.654338807946438
quality_6_8_compact_1,compact,6,8,token,poor,53,analytic,"{""A"": 3, ""B"": 5, ""C"": 7, ""D"": 0, ""E"": 1, ""F"": 2}",52.74000000000001,23.380000000000003,0.00015936778398836375,1.0000000000000002,0.9998440697511308,73,0,"[1.1803251755141249, 1.932296028680962, 0.41093688099482645, 1.0028811988004793, 0.3543175789953016]",29.560538792524348,True,0.44760560896247625,25.852557321255443,23.91072830227441,23.65680605984459
quality_6_8_compact_1,compact,6,8,token,random,41,analytic,"{""A"": 7, ""B"": 2, ""C"": 3, ""D"": 1, ""E"": 0, ""F"": 6}",42.11999999999999,23.380000000000003,0.0,1.0,0.8249158108590998,96,0,"[0.11520213367012015, 1.071580772293288, 0.4667127523439908, 1.3732469696282268, 1.4473060570994138]",30.013957699192197,True,0.5873794588260353,28.638663102215077,27.82215842782667,27.22688975123338
quality_6_8_compact_1,compact,6,8,token,random,53,analytic,"{""A"": 7, ""B"": 2, ""C"": 3, ""D"": 1, ""E"": 0, ""F"": 6}",42.11999999999999,23.380000000000003,0.0,1.0,0.8487774214520439,200,0,"[1.3794663952016328, 1.053965946514395, -0.39844471271456955, 1.1958526315966385, 0.5228047835997885]",28.911688701247705,False,1.211637157946825,27.341256584127514,26.363583822144157,25.91104825160069
quality_6_8_compact_2,compact,6,8,penalty_row_xy,deterministic,41,analytic,"{""A"": 0, ""B"": 1, ""C"": 2, ""D"": 3, ""E"": 4, ""F"": 5}",32.87,27.22,6.686214490496327e-05,0.08163999096953539,0.023946628103343023,69,0,"[0.6033832332129035, 1.6214137866496312, 0.2864446172603742, 1.2183859566710646, -0.006212692145584171]",36.90305837832116,True,3.9840745758265257,31.91206870844791,30.552585106206926,29.33817418085346
quality_6_8_compact_2,compact,6,8,penalty_row_xy,deterministic,53,analytic,"{""A"": 0, ""B"": 1, ""C"": 2, ""D"": 3, ""E"": 4, ""F"": 5}",32.87,27.22,5.449906850959941e-07,0.16358335823193138,0.04488553775707314,119,0,"[0.7802552054345209, 1.6861337156872513, 0.34391620755895164, 0.9306841988137015, -0.045788426394866064]",35.066239544130895,True,6.0981517801992595,31.162299964547323,29.998888409980673,29.397482583702356
quality_6_8_compact_2,compact,6,8,penalty_row_xy,poor,41,analytic,"{""A"": 3, ""B"": 2, ""C"": 4, ""D"": 1, ""E"": 5, ""F"": 6}",45.85,27.22,3.1868284870335122e-06,0.15937754672635096,0.15937532047691397,69,0,"[0.34871595432329233, 1.6805149473177772, 0.048908762612205336, 1.0000504398110608, 0.01025706064755575]",36.76544428685688,True,3.570982623845339,33.164252653140906,31.14642292379506,30.190951120338575
quality_6_8_compact_2,compact,6,8,penalty_row_xy,poor,53,analytic,"{""A"": 3, ""B"": 2, ""C"": 4, ""D"": 1, ""E"": 5, ""F"": 6}",45.85,27.22,8.847593465839878e-06,0.0879928951463741,0.0879900233061067,200,0,"[0.4632630957241805, 1.7263249224762176, 0.23237445866829387, 0.8789609613482087, -0.061180430507047426]",37.46027413244843,True,10.313271660823375,33.768004125084296,30.798713371312566,29.30307324459535
quality_6_8_compact_2,compact,6,8,penalty_row_xy,random,41,analytic,"{""A"": 6, ""B"": 5, ""C"": 4, ""D"": 1, ""E"": 2, ""F"": 3}",37.56,27.22,6.833612987338952e-08,0.4296031030690446,0.20710373728204773,200,0,"[0.06122107696281463, 1.650784044551223, 0.051650132958656586, 1.0016907012882639, 0.06607556252536341]",34.10700071239505,False,10.254672929178923,30.930054300971467,29.24218470978738,28.129243404703594
quality_6_8_compact_2,compact,6,8,penalty_row_xy,random,53,analytic,"{""A"": 6, ""B"": 5, ""C"": 4, ""D"": 1, ""E"": 2, ""F"": 3}",37.56,27.22,1.2621660668102951e-06,0.15371984321121546,0.13697113456600643,87,0,"[0.31332225906163097, 1.4641646525976004, 0.030198651545626908, 1.0360974961574323, 0.02872471734331317]",35.88042797799146,True,4.5275782169774175,32.123568190037545,29.940868238228536,28.457828861687222
quality_6_8_compact_2,compact,6,8,token,deterministic,41,analytic,"{""A"": 0, ""B"": 1, ""C"": 2, ""D"": 3, ""E"": 4, ""F"": 5}",32.87,27.22,0.0,1.0,0.22815280775871075,73,0,"[0.4989297387628508, 1.2521013218184698, 0.6823260284960081, 1.2564381587513613, 0.46175859964861776]",31.717794107678372,True,0.45041924715042114,30.10856935236434,28.86151794820323,28.22380082844997
quality_6_8_compact_2,compact,6,8,token,deterministic,53,analytic,"{""A"": 0, ""B"": 1, ""C"": 2, ""D"": 3, ""E"": 4, ""F"": 5}",32.87,27.22,0.0,1.0,0.22794211204829176,76,0,"[0.49849850540752316, 1.2509332619617144, 0.6826617900146813, 1.2563535783252984, 0.4619914596702214]",31.71779864599405,True,0.4648943659849465,30.108310252739578,28.86136013993736,28.22407017990347
quality_6_8_compact_2,compact,6,8,token,poor,41,analytic,"{""A"": 3, ""B"": 2, ""C"": 4, ""D"": 1, ""E"": 5, ""F"": 6}",45.85,27.22,1.134272967970592e-16,1.0,1.0,67,0,"[1.5749798292295654, 1.7714458601618774, 1.5283288573923606, 1.2691759195244066, 0.9098011193994002]",30.23662446457061,True,0.41079873172566295,28.950609650511325,28.608547526179553,28.590893763679315
quality_6_8_compact_2,compact,6,8,token,poor,53,analytic,"{""A"": 3, ""B"": 2, ""C"": 4, ""D"": 1, ""E"": 5, ""F"": 6}",45.85,27.22,5.86743944349393e-20,1.0,0.9999999999423704,67,0,"[1.5634967611500126, 2.073959231366004, 0.864418034068108, 1.316084855006936, 0.2489110011085265]",30.49484034499344,True,0.4117699726484716,28.95209841780458,28.373069243833818,28.149210227116257
quality_6_8_compact_2,compact,6,8,token,random,41,analytic,"{""A"": 6, ""B"": 5, ""C"": 4, ""D"": 1, ""E"": 2, ""F"": 3}",37.56,27.22,4.6750431702552665e-08,1.0000000000000002,0.5496296470682979,55,0,"[0.34723210958525197, 1.3319108236537878, 0.47654694614619864, 1.206208229888662, 0.34090649438939935]",32.44116763472718,True,0.33803824707865715,32.26532611781331,31.868880732290386,31.226872711495982
quality_6_8_compact_2,compact,6,8,token,random,53,analytic,"{""A"": 6, ""B"": 5, ""C"": 4, ""D"": 1, ""E"": 2, ""F"": 3}",37.56,27.22,1.6277747814249904e-08,0.9999999999999998,0.5249789324042677,47,0,"[0.43127017163005, 1.364251307011775, 0.42116151221665843, 1.1880487319864717, 0.31215659752981856]",32.44106497365052,True,0.2900817468762398,32.26040540544564,31.841272930521853,31.138632550305335
quality_6_8_compact_3,compact,6,8,penalty_row_xy,deterministic,41,analytic,"{""A"": 0, ""B"": 1, ""C"": 2, ""D"": 3, ""E"": 4, ""F"": 5}",41.83,25.490000000000002,3.899010707971565e-08,0.26523995283956786,0.24132133587243804,200,0,"[0.8223975229616718, 1.4502590342369535, -0.07893683575146837, 0.4305987563936262, -0.04483645454369551]",37.754093489012135,False,11.570520941633731,35.765434715634086,33.59063707052039,32.552852545954075
quality_6_8_compact_3,compact,6,8,penalty_row_xy,deterministic,53,analytic,"{""A"": 0, ""B"": 1, ""C"": 2, ""D"": 3, ""E"": 4, ""F"": 5}",41.83,25.490000000000002,6.194701913186075e-08,0.14521384069512286,0.10530158252637287,157,0,"[0.3860260999133249, 1.6805705875007757, 0.005671958121661838, 1.0819779475522082, -0.0338965901998405]",37.930486119055615,True,8.109385875053704,34.269347534792686,31.548386260778347,29.460045425323468
quality_6_8_compact_3,compact,6,8,penalty_row_xy,poor,41,analytic,"{""A"": 2, ""B"": 4, ""C"": 3, ""D"": 0, ""E"": 6, ""F"": 1}",56.91999999999999,25.490000000000002,5.446749285949753e-07,0.1319259587518168,0.1319175389080911,200,0,"[0.3873001075569092, 1.8627471999039087, 0.06828459293492138, 0.9035748761523846, 0.02325820233620859]",38.602160788416704,False,10.267390182707459,35.89265208457491,32.59701996055519,30.51071912727
quality_6_8_compact_3,compact,6,8,penalty_row_xy,poor,53,analytic,"{""A"": 2, ""B"": 4, ""C"": 3, ""D"": 0, ""E"": 6, ""F"": 1}",56.91999999999999,25.490000000000002,1.1229182419494042e-06,0.13365425938610156,0.13364872098337277,52,0,"[0.38543263763233576, 1.8719381879364048, 0.06857689493236781, 1.1618515383503611, 0.010552798969321339]",38.680157966430485,True,2.733555084094405,35.912725065314675,32.683327211247914,30.599685060388616
quality_6_8_compact_3,compact,6,8,penalty_row_xy,random,41,analytic,"{""A"": 6, ""B"": 7, ""C"": 0, ""D"": 5, ""E"": 2, ""F"": 4}",33.529999999999994,25.490000000000002,2.0924795777257056e-05,0.09167555633819582,0.009998235335090892,97,0,"[0.3322067883031951, 2.0637975557626467, 0.50612526301029, 1.229276861633944, 0.014287079793714014]",39.40301937429452,True,5.037560257129371,32.884234298456846,31.524912292763588,29.458267107158647
quality_6_8_compact_3,compact,6,8,penalty_row_xy,random,53,analytic,"{""A"": 6, ""B"": 7, ""C"": 0, ""D"": 5, ""E"": 2, ""F"": 4}",33.529999999999994,25.490000000000002,1.7303468282531222e-09,0.5356871330193825,0.39503190828042767,166,0,"[0.7787039619291829, 1.3474620541997067, -0.04195493503627186, 1.2201693512386318, -0.07180970674701308]",28.792935003431726,True,8.659172978252172,28.479863973845866,27.991257431494972,27.741040776466683
quality_6_8_compact_3,compact,6,8,token,deterministic,41,analytic,"{""A"": 0, ""B"": 1, ""C"": 2, ""D"": 3, ""E"": 4, ""F"": 5}",41.83,25.490000000000002,0.0,1.0,0.6564602829260631,169,0,"[0.5236604244163925, 1.630604291095675, 0.7360384323349806, 1.0014521778922028, 1.4104672075617704]",32.919074669289664,True,1.0248634819872677,30.317014506216502,29.04451641178449,28.363309725370684
quality_6_8_compact_3,compact,6,8,token,deterministic,53,analytic,"{""A"": 0, ""B"": 1, ""C"": 2, ""D"": 3, ""E"": 4, ""F"": 5}",41.83,25.490000000000002,0.0,1.0,0.6562502639862291,152,0,"[0.523776311428164, 1.629908200971824, 0.7359516111226105, 1.0084902469391144, 1.4121882704703175]",32.919054970582465,True,0.9207575637847185,30.318507538379066,29.046079886649338,28.364010406129655
quality_6_8_compact_3,compact,6,8,token,poor,41,analytic,"{""A"": 2, ""B"": 4, ""C"": 3, ""D"": 0, ""E"": 6, ""F"": 1}",56.91999999999999,25.490000000000002,0.0,1.0,0.9999998533983994,69,0,"[1.1113968583630942, 1.9851286677783961, 0.27717610817022975, 1.2597850522582654, 1.6099937854334003]",32.773322019796694,True,0.4205751591362059,30.94727910818948,29.75769728244976,28.87248240828423
quality_6_8_compact_3,compact,6,8,token,poor,53,analytic,"{""A"": 2, ""B"": 4, ""C"": 3, ""D"": 0, ""E"": 6, ""F"": 1}",56.91999999999999,25.490000000000002,0.0,0.9999999999999999,0.9999999681108706,157,0,"[1.1110118147036578, 1.9829750792426708, 0.28282299000769756, 1.6531023954502588, 1.5456256943933073]",32.7817576693332,True,0.9502441608346999,30.86208771744183,29.61069733374221,28.85125404456094
quality_6_8_compact_3,compact,6,8,token,random,41,analytic,"{""A"": 6, ""B"": 7, ""C"": 0, ""D"": 5, ""E"": 2, ""F"": 4}",33.529999999999994,25.490000000000002,0.0,1.0000000000000002,0.4438771037230377,54,0,"[0.6237117315914124, 1.6041635466510884, 0.4889727260491782, 1.4012731472122562, 0.6601621726271741]",29.583897941610186,True,0.3298366032540798,27.73534435008366,27.403505815100093,27.382325121613245
quality_6_8_compact_3,compact,6,8,token,random,53,analytic,"{""A"": 6, ""B"": 7, ""C"": 0, ""D"": 5, ""E"": 2, ""F"": 4}",33.529999999999994,25.490000000000002,0.0,1.0,0.44388792841298547,58,0,"[0.6239998005027926, 1.6045793793913985, 0.48806184355623045, 1.401712219324682, 0.6603614862496346]",29.583893285785322,True,0.35406392626464367,27.735015781327352,27.403462440623873,27.382302126350936
quality_6_8_line_0,line,6,8,penalty_row_xy,deterministic,41,analytic,"{""A"": 0, ""B"": 1, ""C"": 2, ""D"": 3, ""E"": 4, ""F"": 5}",149.31,66.77,3.121370790174375e-07,0.08102553596656771,0.03790563290097264,70,0,"[0.411182126681284, 1.5637865397821487, 0.24932874974506433, 1.0711107136967086, 0.1568531405841848]",85.10405707460563,True,4.059173197019845,114.95385451724758,85.54078184094475,76.43389118546689
quality_6_8_line_0,line,6,8,penalty_row_xy,deterministic,53,analytic,"{""A"": 0, ""B"": 1, ""C"": 2, ""D"": 3, ""E"": 4, ""F"": 5}",149.31,66.77,2.059986322320266e-07,0.07740604975601309,0.034532358282753584,47,0,"[0.456208752309027, 1.6196479147354934, 0.15168516032554943, 1.0000381648674024, 0.18625917975524825]",85.27658162813088,True,2.456793856807053,118.86502574518079,88.56042998682825,77.2772745197916
quality_6_8_line_0,line,6,8,penalty_row_xy,poor,41,analytic,"{""A"": 4, ""B"": 0, ""C"": 1, ""D"": 3, ""E"": 5, ""F"": 2}",200.67000000000002,66.77,1.85751722146815e-06,0.07994412319812207,0.07994404295568766,119,0,"[0.4462184029418341, 1.5467769270939995, 0.2102595104840719, 1.0509611671563572, 0.19091325133683607]",85.40422602428076,True,6.1584261348471045,122.9566914228579,87.8330941664847,76.26606693535524
quality_6_8_line_0,line,6,8,penalty_row_xy,poor,53,analytic,"{""A"": 4, ""B"": 0, ""C"": 1, ""D"": 3, ""E"": 5, ""F"": 2}",200.67000000000002,66.77,3.976686494993541e-07,0.09054973307738981,0.09054972415319038,51,0,"[0.4245889969551925, 1.7940119893697737, 0.09900251222304993, 0.9862792628340312, -0.002540767110936844]",81.94741734095716,True,2.654549960978329,115.02074261524977,83.73689836139869,75.21383914715685
quality_6_8_line_0,line,6,8,penalty_row_xy,random,41,analytic,"{""A"": 7, ""B"": 4, ""C"": 6, ""D"": 5, ""E"": 0, ""F"": 2}",167.4,66.77,4.969138078865014e-10,0.296955489654446,0.281081696122244,70,0,"[0.6812743737247721, 1.5061572713706968, 0.03770506711453944, 0.6466582156518158, -0.02932954574096366]",66.20910121680723,True,3.630699031986296,79.42505913829135,76.33775592833703,73.60390747886431
quality_6_8_line_0,line,6,8,penalty_row_xy,random,53,analytic,"{""A"": 7, ""B"": 4, ""C"": 6, ""D"": 5, ""E"": 0, ""F"": 2}",167.4,66.77,3.914110403695521e-07,0.10599791257283515,0.0926458271272323,157,0,"[0.5369997213448817, 1.7762472718660922, 0.10861756046803227, 1.0313191026737212, 0.031371829987865675]",73.77526586490745,True,8.07242115214467,101.56871186004932,78.18381529619832,72.71591448698207
quality_6_8_line_0,line,6,8,token,deterministic,41,analytic,"{""A"": 0, ""B"": 1, ""C"": 2, ""D"": 3, ""E"": 4, ""F"": 5}",149.31,66.77,0.0,1.0,0.9634331426163208,59,0,"[1.6159588034569734, 1.560801067205282, 1.3137677727391626, 1.0239790308650358, 0.40637356370280947]",76.89861333177221,True,0.37287995778024197,76.1402003506182,75.22726366669761,74.34659501833872
quality_6_8_line_0,line,6,8,token,deterministic,53,analytic,"{""A"": 0, ""B"": 1, ""C"": 2, ""D"": 3, ""E"": 4, ""F"": 5}",149.31,66.77,0.0,0.9999999999999999,0.781993059303886,63,0,"[1.1860921486451739, 1.9640627306149727, 1.28933472743811, 0.7925105525148669, 0.13031934714628612]",76.73235055343139,True,0.3973520412109792,75.1376756807464,72.6186933472077,69.78711893146614
quality_6_8_line_0,line,6,8,token,poor,41,analytic,"{""A"": 4, ""B"": 0, ""C"": 1, ""D"": 3, ""E"": 5, ""F"": 2}",200.67000000000002,66.77,0.0,1.0,0.99999999998059,62,0,"[0.819989998144121, 1.7992659196904346, 1.503337575435513, 1.3491690177054496, 1.6164546264506428]",81.87404474046903,True,0.3899598540738225,76.80712128748029,75.41795178034779,74.62469189462618
quality_6_8_line_0,line,6,8,token,poor,53,analytic,"{""A"": 4, ""B"": 0, ""C"": 1, ""D"": 3, ""E"": 5, ""F"": 2}",200.67000000000002,66.77,0.0,1.0,0.9999999985582272,200,0,"[0.8236416031994621, 2.2980334456324973, 1.458512965979133, 0.7597804880264446, 1.4895542213931676]",81.46488336285633,False,1.2451397068798542,76.56039853442816,75.04841647221123,73.85204897283324
quality_6_8_line_0,line,6,8,token,random,41,analytic,"{""A"": 7, ""B"": 4, ""C"": 6, ""D"": 5, ""E"": 0, ""F"": 2}",167.4,66.77,2.080092132861488e-05,0.9999999999999999,0.830566086004696,200,0,"[0.9035689890321473, 1.4588258222459225, 0.6927997137402173, 0.8768261824905462, 0.8141220964239039]",110.08352540837741,False,1.2437755079008639,83.0464500232516,74.26052417428396,69.06983172043037
quality_6_8_line_0,line,6,8,token,random,53,analytic,"{""A"": 7, ""B"": 4, ""C"": 6, ""D"": 5, ""E"": 0, ""F"": 2}",167.4,66.77,2.6155032705068586e-05,1.0,0.8141912401780672,200,0,"[0.9355386197708155, 1.4596994899419644, 0.6639858091698572, 0.8773754336442819, 0.7306352409821879]",112.17689644120588,False,1.2451533530838788,83.42791120437185,74.13137260499225,68.83245440728972
quality_6_8_line_1,line,6,8,penalty_row_xy,deterministic,41,analytic,"{""A"": 0, ""B"": 1, ""C"": 2, ""D"": 3, ""E"": 4, ""F"": 5}",151.13000000000002,33.68,1.3444411776808627e-08,0.11110616522448599,0.11061905868965305,72,0,"[0.9894268257007408, 1.448210278149599, -0.010288369048617971, 0.8455955343104895, -0.036187673100855654]",53.18522614568168,True,4.228331751190126,61.331591624662074,43.448257280192166,39.65436879369765
quality_6_8_line_1,line,6,8,penalty_row_xy,deterministic,53,analytic,"{""A"": 0, ""B"": 1, ""C"": 2, ""D"": 3, ""E"": 4, ""F"": 5}",151.13000000000002,33.68,5.218171312700827e-09,0.09206191992918837,0.09169816255635818,62,0,"[0.5824215862879829, 1.5848218489607806, 0.015610449996018438, 1.0610806425561767, 0.03185023108689554]",53.43581655616267,True,3.266697986982763,67.5005718370233,45.7134889476106,40.42744142361076
quality_6_8_line_1,line,6,8,penalty_row_xy,poor,41,analytic,"{""A"": 3, ""B"": 7, ""C"": 6, ""D"": 0, ""E"": 1, ""F"": 4}",175.96,33.68,3.732570481079008e-07,0.09752215821608916,0.0975220851985503,65,0,"[0.35836829878411025, 1.487823899925569, -0.01328795108539433, 0.9969216758643507, 0.10325161564589407]",55.14092848264679,True,3.4399466537870467,88.40633771576748,53.84997316567369,41.21921287989014
quality_6_8_line_1,line,6,8,penalty_row_xy,poor,53,analytic,"{""A"": 3, ""B"": 7, ""C"": 6, ""D"": 0, ""E"": 1, ""F"": 4}",175.96,33.68,7.363361064876093e-06,0.09789828541004972,0.0978981511122878,47,0,"[0.34012381190268653, 1.564638748190086, 0.08598990987061401, 1.261353524665908, 0.027928192813275344]",58.23759345988134,True,2.4725216669030488,99.39929268648447,66.36635746196112,46.35656254835139
quality_6_8_line_1,line,6,8,penalty_row_xy,random,41,analytic,"{""A"": 4, ""B"": 3, ""C"": 0, ""D"": 6, ""E"": 7, ""F"": 2}",150.63000000000002,33.68,8.090246423151777e-06,0.08950770811459943,0.08080687323860476,93,0,"[0.2694271549892103, 1.5422191130306957, 0.3407682027283976, 1.0440187645191732, 0.004978249519735411]",61.49641287062443,True,4.895014104899019,93.24012083278603,61.584704786598394,44.71947335064796
quality_6_8_line_1,line,6,8,penalty_row_xy,random,53,analytic,"{""A"": 4, ""B"": 3, ""C"": 0, ""D"": 6, ""E"": 7, ""F"": 2}",150.63000000000002,33.68,6.495477968107095e-07,0.09097157499563552,0.08286391712994202,81,0,"[0.32457899171047666, 1.4648988277691564, 0.35956878425355576, 0.8946833267350232, -0.01296680213047461]",60.06428777691723,True,4.24205317767337,93.83778690884209,60.61473907456315,43.8788393235955
quality_6_8_line_1,line,6,8,token,deterministic,41,analytic,"{""A"": 0, ""B"": 1, ""C"": 2, ""D"": 3, ""E"": 4, ""F"": 5}",151.13000000000002,33.68,0.0,0.9999999999999999,0.7449760733496722,154,0,"[0.7602312401882717, 1.6295591390037243, 0.1285157308878135, 0.9624010336561847, 0.33252724112481097]",111.44804730856654,True,0.9379578558728099,101.57348468953866,95.01186666580506,86.77085808804729
quality_6_8_line_1,line,6,8,token,deterministic,53,analytic,"{""A"": 0, ""B"": 1, ""C"": 2, ""D"": 3, ""E"": 4, ""F"": 5}",151.13000000000002,33.68,0.0,1.0,0.8514075397439353,200,0,"[0.9401400789822255, 1.3862536235227167, 0.23570322759567708, 1.065043180584007, 0.48902350022047303]",108.58154336676124,False,1.2140146968886256,90.01423253979678,78.77323516152538,69.2507714911547
quality_6_8_line_1,line,6,8,token,poor,41,analytic,"{""A"": 3, ""B"": 7, ""C"": 6, ""D"": 0, ""E"": 1, ""F"": 4}",175.96,33.68,0.0,1.0,0.9999999681757495,169,0,"[0.9210292480718849, 2.1347704982880145, 1.3147226531163714, 0.7776952429622646, 1.4630739411367077]",78.38743167189284,True,1.0286245569586754,48.779604819180676,41.02013519363457,36.42813186626548
quality_6_8_line_1,line,6,8,token,poor,53,analytic,"{""A"": 3, ""B"": 7, ""C"": 6, ""D"": 0, ""E"": 1, ""F"": 4}",175.96,33.68,0.0,1.0000000000000002,0.9999998148430356,193,0,"[0.9420036973199145, 1.6352611820155925, 1.2838273018106459, 1.1168960974537812, 1.449950321863904]",78.60001752416684,True,1.1714167278259993,48.831779147802905,41.24202504200664,37.26487075004466
quality_6_8_line_1,line,6,8,token,random,41,analytic,"{""A"": 4, ""B"": 3, ""C"": 0, ""D"": 6, ""E"": 7, ""F"": 2}",150.63000000000002,33.68,0.0,0.9999999999999999,0.9940157086570591,132,0,"[1.0744041809615237, 1.5439846091957627, 1.428667156629034, 1.4893381702272561, 1.5263536599947218]",76.42112104121716,True,0.8033307711593807,47.58585588510586,44.08665354560408,43.60729325571684
quality_6_8_line_1,line,6,8,token,random,53,analytic,"{""A"": 4, ""B"": 3, ""C"": 0, ""D"": 6, ""E"": 7, ""F"": 2}",150.63000000000002,33.68,0.0,1.0,0.8739480941740971,200,0,"[1.0020761115717274, 1.4907715720267645, 0.3693990260419527, 1.2303763135271377, 1.3239989446315716]",98.65187322936227,False,1.2127949590794742,82.5255651100681,75.87834295741699,71.97528793329532
quality_6_8_line_2,line,6,8,penalty_row_xy,deterministic,41,analytic,"{""A"": 0, ""B"": 1, ""C"": 2, ""D"": 3, ""E"": 4, ""F"": 5}",98.74999999999999,50.12,8.414388762218182e-08,0.08566154102278542,0.04473513253828695,88,0,"[0.06114473513322105, 1.5118007942271823, 0.2209658715688837, 1.0332972306589734, 0.01081518243604528]",65.09169302488257,True,5.151938017923385,85.46957792165065,73.04422573291536,62.824748476092616
quality_6_8_line_2,line,6,8,penalty_row_xy,deterministic,53,analytic,"{""A"": 0, ""B"": 1, ""C"": 2, ""D"": 3, ""E"": 4, ""F"": 5}",98.74999999999999,50.12,1.3981038713533865e-08,0.1153052183588709,0.04986158839657123,128,0,"[0.11001932694221592, 1.9077375572483373, 0.4752401463969373, 1.2216524973241738, 0.020053362662982462]",66.26912258584753,True,6.462945542298257,78.9192436669311,67.13494546477177,62.272715213103545
quality_6_8_line_2,line,6,8,penalty_row_xy,poor,41,analytic,"{""A"": 5, ""B"": 6, ""C"": 0, ""D"": 7, ""E"": 3, ""F"": 2}",168.41,50.12,6.630969024440915e-07,0.1486223425446655,0.14862234015930695,130,0,"[0.5094474469573581, 1.6162350133996701, 0.015126156069625463, 1.011120349703883, -0.073007151540414]",70.370202585203,True,6.72594675514847,78.1958154352162,63.71953994714002,55.9344713103759
quality_6_8_line_2,line,6,8,penalty_row_xy,poor,53,analytic,"{""A"": 5, ""B"": 6, ""C"": 0, ""D"": 7, ""E"": 3, ""F"": 2}",168.41,50.12,2.154411682498468e-06,0.0786470311260612,0.07864415173252051,69,0,"[0.5896996650781966, 1.7986687152564849, 0.34714894808163865, 1.0032302784184857, -0.012498284588546345]",72.68888656445048,True,3.589909083675593,96.74028817241009,73.49424397349956,63.46280539569599
quality_6_8_line_2,line,6,8,penalty_row_xy,random,41,analytic,"{""A"": 4, ""B"": 2, ""C"": 6, ""D"": 5, ""E"": 7, ""F"": 3}",109.17,50.12,2.6011084338541964e-05,0.07311519745580392,0.04719953027000646,53,0,"[0.3454800773458127, 1.764785466883456, 0.16807265488835418, 1.2321197783602753, 0.3710085590518966]",71.18339384293219,True,2.758037243038416,87.75244854911686,70.81632620936611,60.70707719287953
quality_6_8_line_2,line,6,8,penalty_row_xy,random,53,analytic,"{""A"": 4, ""B"": 2, ""C"": 6, ""D"": 5, ""E"": 7, ""F"": 3}",109.17,50.12,0.00014255077438913392,0.09091663414758511,0.06054635272679339,73,0,"[0.3273307946461036, 1.446400479159836, 0.3597638838283715, 1.0985672889857172, 0.02015536546171796]",71.77326884109151,True,3.7969363969750702,83.53565916988376,66.74110439955089,56.50351135990075
quality_6_8_line_2,line,6,8,token,deterministic,41,analytic,"{""A"": 0, ""B"": 1, ""C"": 2, ""D"": 3, ""E"": 4, ""F"": 5}",98.74999999999999,50.12,8.192013074990908e-13,0.9999999999999998,0.543660951885721,55,0,"[0.5963062557200866, 1.5669548211849849, 0.34347828980865724, 1.2341696148700865, 0.3509505901975521]",71.50942353411048,True,0.3397155930288136,57.67541558069846,55.401780419173605,55.03522848625677
quality_6_8_line_2,line,6,8,token,deterministic,53,analytic,"{""A"": 0, ""B"": 1, ""C"": 2, ""D"": 3, ""E"": 4, ""F"": 5}",98.74999999999999,50.12,1.8285617837670967e-15,0.9999999999999999,0.5559898655095575,141,0,"[0.6958036638511073, 1.8433020838506549, 0.1858177123311445, 0.9658438309786934, 0.23471504347873576]",69.48270486545859,True,0.8551923059858382,56.59566298456622,55.05932045628568,55.03000320847633
quality_6_8_line_2,line,6,8,token,poor,41,analytic,"{""A"": 5, ""B"": 6, ""C"": 0, ""D"": 7, ""E"": 3, ""F"": 2}",168.41,50.12,0.0,1.0,0.994970589236434,200,0,"[0.9177893055040542, 1.4634049856339688, 0.6075678336188503, 0.9658242982797716, 0.4299469432802191]",92.064068081963,False,1.2104608207009733,78.76825471092586,70.62414085882925,66.37988431860637
quality_6_8_line_2,line,6,8,token,poor,53,analytic,"{""A"": 5, ""B"": 6, ""C"": 0, ""D"": 7, ""E"": 3, ""F"": 2}",168.41,50.12,0.0,1.0,0.9951777443975709,200,0,"[0.8920171070854458, 1.4610168370303513, 0.7275396525951549, 0.9707762020576521, 0.41528708601639125]",91.33951568432741,False,1.21326352795586,78.37304057363868,70.05667568509467,65.88342469538108
quality_6_8_line_2,line,6,8,token,random,41,analytic,"{""A"": 4, ""B"": 2, ""C"": 6, ""D"": 5, ""E"": 7, ""F"": 3}",109.17,50.12,0.0,0.9999999999999997,0.748282298887667,200,0,"[0.6550083504491313, 1.432011518731814, 0.49757553304006724, 0.9587873518962071, 0.9066299761660955]",68.8945317829116,False,1.2096160762012005,59.13619103147297,54.85027838107143,52.77239897103279
quality_6_8_line_2,line,6,8,token,random,53,analytic,"{""A"": 4, ""B"": 2, ""C"": 6, ""D"": 5, ""E"": 7, ""F"": 3}",109.17,50.12,0.0,0.9999999999999998,0.7751657864478303,200,0,"[0.665993780104405, 1.5543029500860934, 0.5298900314562983, 1.0590169515948018, 0.8365438068665912]",67.29612729794576,False,1.2130908141843975,55.07720701146639,52.364065284681494,52.0686818494473
quality_6_8_line_3,line,6,8,penalty_row_xy,deterministic,41,analytic,"{""A"": 0, ""B"": 1, ""C"": 2, ""D"": 3, ""E"": 4, ""F"": 5}",226.78999999999996,118.14999999999999,1.8965810189645884e-08,0.07460494810620934,0.0639533424463557,72,0,"[0.42533108791793395, 1.7436109105218323, 0.4179948940408171, 1.07158524614957, 0.4302854209980872]",129.9536354798642,True,4.08125840080902,182.92698823635732,153.84489517667961,134.08112333693947
quality_6_8_line_3,line,6,8,penalty_row_xy,deterministic,53,analytic,"{""A"": 0, ""B"": 1, ""C"": 2, ""D"": 3, ""E"": 4, ""F"": 5}",226.78999999999996,118.14999999999999,2.752910790232765e-06,0.07689523102347406,0.06868888060181448,85,0,"[0.5736869601688575, 1.5598486123337998, 0.2907211702641992, 1.1654344580211642, 0.7037013696831605]",121.43289140068475,True,4.738540692720562,177.94299536891145,149.80663376567958,132.67302277130656
quality_6_8_line_3,line,6,8,penalty_row_xy,poor,41,analytic,"{""A"": 5, ""B"": 1, ""C"": 0, ""D"": 4, ""E"": 3, ""F"": 6}",269.71,118.14999999999999,2.684520839127424e-07,0.07530356892494083,0.07530356023353191,200,0,"[0.33771279432612716, 1.7987201852474008, 0.2243575020193507, 0.765815463809473, 0.43619166595354325]",126.25808851474459,False,11.090157695114613,184.18535933642823,151.1112386959432,132.4204216167529
quality_6_8_line_3,line,6,8,penalty_row_xy,poor,53,analytic,"{""A"": 5, ""B"": 1, ""C"": 0, ""D"": 4, ""E"": 3, ""F"": 6}",269.71,118.14999999999999,8.098458120543318e-06,0.0795385312008743,0.07953782757527757,68,0,"[0.2476833433335641, 1.7498997879147946, 0.2171574688084104, 1.0870231774992793, 0.21254849787133903]",126.09711857256643,True,3.7555857901461422,181.9910147021892,149.7290432431705,131.6210739579964
quality_6_8_line_3,line,6,8,penalty_row_xy,random,41,analytic,"{""A"": 7, ""B"": 1, ""C"": 0, ""D"": 6, ""E"": 5, ""F"": 4}",219.91,118.14999999999999,4.897540772570434e-07,0.08228718039857735,0.07027871350676154,72,0,"[0.4299917319023988, 1.7642897384919445, 0.2164500636440064, 1.083916433038909, 0.0034373418186672976]",119.78310472502002,True,4.024117897730321,172.69473686773966,143.4560067782482,126.83374514076387
quality_6_8_line_3,line,6,8,penalty_row_xy,random,53,analytic,"{""A"": 7, ""B"": 1, ""C"": 0, ""D"": 6, ""E"": 5, ""F"": 4}",219.91,118.14999999999999,7.133825528227336e-07,0.127433967756014,0.12243818200022771,55,0,"[0.4990609450988797, 1.634232205694158, 0.011168304408668, 1.2207823133044085, 0.006325964888014749]",116.47709954444784,True,3.045729117002338,147.14048365413237,123.99983303110137,119.67876507261738
quality_6_8_line_3,line,6,8,token,deterministic,41,analytic,"{""A"": 0, ""B"": 1, ""C"": 2, ""D"": 3, ""E"": 4, ""F"": 5}",226.78999999999996,118.14999999999999,0.0,1.0000000000000002,0.979463938937214,200,0,"[1.0650472621552252, 1.3220849910915653, 0.6029459442280358, 1.1251043908070202, 0.9391508044215073]",139.67451612952294,False,1.2714713970199227,123.66863687295432,120.65770511617373,119.90671394721726
quality_6_8_line_3,line,6,8,token,deterministic,53,analytic,"{""A"": 0, ""B"": 1, ""C"": 2, ""D"": 3, ""E"": 4, ""F"": 5}",226.78999999999996,118.14999999999999,0.0,1.0,0.9797161352141708,200,0,"[1.039243216493051, 1.319597697379825, 0.6048769010834821, 1.125978972225189, 0.9122255390537853]",139.90773979189112,False,1.270954737905413,123.6715909139722,120.66147470263675,119.92442185815558
quality_6_8_line_3,line,6,8,token,poor,41,analytic,"{""A"": 5, ""B"": 1, ""C"": 0, ""D"": 4, ""E"": 3, ""F"": 6}",269.71,118.14999999999999,0.0,0.9999999999999998,0.9999999993677989,94,0,"[1.5640389410962845, 2.0445772105172066, 1.154536036089727, 1.1474654921387082, 0.9291972167543712]",147.81913643426523,True,0.5999734397046268,131.96187095571491,122.31182352881505,119.71976420727324
quality_6_8_line_3,line,6,8,token,poor,53,analytic,"{""A"": 5, ""B"": 1, ""C"": 0, ""D"": 4, ""E"": 3, ""F"": 6}",269.71,118.14999999999999,0.0,1.0,0.9999999810848016,111,0,"[1.5369805845190225, 1.9286091395649818, 1.1536423220583367, 1.1464546856311049, 0.937278106178485]",147.78048336517256,True,0.7081887857057154,131.92938598727,122.31601666557752,119.71267909093872
quality_6_8_line_3,line,6,8,token,random,41,analytic,"{""A"": 7, ""B"": 1, ""C"": 0, ""D"": 6, ""E"": 5, ""F"": 4}",219.91,118.14999999999999,5.968766426793428e-05,1.0,0.8973441390271393,200,0,"[0.552377619700714, 1.5921539729303436, 0.7983305483407279, 0.9790511001936596, 0.7087158975632281]",158.8604034340841,False,1.2689181379973888,131.1999231835066,121.85593757153934,119.65336323067123
quality_6_8_line_3,line,6,8,token,random,53,analytic,"{""A"": 7, ""B"": 1, ""C"": 0, ""D"": 6, ""E"": 5, ""F"": 4}",219.91,118.14999999999999,4.454842395646968e-05,1.0,0.9294051197931807,200,0,"[0.8819907883295087, 1.3011121847244187, 0.6515858006967564, 1.0663757879551932, 0.916334920206179]",151.14031324547997,False,1.2693467820063233,126.05790517071165,120.77853408604116,119.22993707714589
quality_6_8_scatter_0,scatter,6,8,penalty_row_xy,deterministic,41,analytic,"{""A"": 0, ""B"": 1, ""C"": 2, ""D"": 3, ""E"": 4, ""F"": 5}",204.48999999999998,80.2,7.705187580305995e-05,0.1546154926384229,0.15146795164065768,64,0,"[0.7486335337777019, 1.4761879199747998, 0.00021577557986011923, 1.130276416898514, -0.1371003292011954]",92.55342231472031,True,3.8736918037757277,118.9413886076473,101.2643123932799,88.80159997230648
quality_6_8_scatter_0,scatter,6,8,penalty_row_xy,deterministic,53,analytic,"{""A"": 0, ""B"": 1, ""C"": 2, ""D"": 3, ""E"": 4, ""F"": 5}",204.48999999999998,80.2,8.402450709893486e-07,0.16425360233770692,0.1631981944988183,71,0,"[0.7334080559815713, 1.5509893537615682, 0.03473880261428411, 1.255970909204509, -0.03910801701529775]",92.33239006695045,True,3.70324521092698,119.69361731831896,104.23198773909786,90.23584229148702
quality_6_8_scatter_0,scatter,6,8,penalty_row_xy,poor,41,analytic,"{""A"": 6, ""B"": 1, ""C"": 0, ""D"": 5, ""E"": 4, ""F"": 7}",254.25000000000003,80.2,8.079655508767715e-08,0.08922891386595286,0.08922118652793556,78,0,"[0.31170461959715545, 1.457102022429918, 0.03952060032995827, 1.0443839171164149, 0.03229073489998153]",112.33629743868143,True,4.144429713953286,152.49326068541006,125.32545811472949,104.10900917583531
quality_6_8_scatter_0,scatter,6,8,penalty_row_xy,poor,53,analytic,"{""A"": 6, ""B"": 1, ""C"": 0, ""D"": 5, ""E"": 4, ""F"": 7}",254.25000000000003,80.2,7.297914283022169e-08,0.0862688992794832,0.08626664625091067,59,0,"[0.3189463566755683, 1.3610647763543884, 0.025253046143443213, 1.055650136043074, 0.037442765349823]",112.4909118942467,True,3.112093319185078,151.35187026643155,121.79087111387959,100.14470745210825
quality_6_8_scatter_0,scatter,6,8,penalty_row_xy,random,41,analytic,"{""A"": 4, ""B"": 6, ""C"": 5, ""D"": 0, ""E"": 7, ""F"": 2}",207.11,80.2,8.754163800072241e-05,0.09272989795470657,0.08448399408127266,69,0,"[0.05367080973581904, 1.262676218613013, 0.24830961526409548, 1.2325183289917845, 0.06939586101713592]",103.43251842913864,True,3.5671774125657976,148.68838672473635,121.09950281037919,98.33070504112816
quality_6_8_scatter_0,scatter,6,8,penalty_row_xy,random,53,analytic,"{""A"": 4, ""B"": 6, ""C"": 5, ""D"": 0, ""E"": 7, ""F"": 2}",207.11,80.2,5.001096744733252e-07,0.10341392085022835,0.09462565099787208,70,0,"[0.24180199043174588, 1.501727007127507, 0.054338100197030746, 1.337516016988089, -0.0018909580293259638]",107.53536286846706,True,3.625747596845031,149.3389225779345,123.01821950822327,99.94878425300548
quality_6_8_scatter_0,scatter,6,8,token,deterministic,41,analytic,"{""A"": 0, ""B"": 1, ""C"": 2, ""D"": 3, ""E"": 4, ""F"": 5}",204.48999999999998,80.2,0.0,1.0,0.9145718547025412,200,0,"[0.4404950497375595, 1.682659107984113, 0.47319101670445757, 1.1647731791455451, 0.2624327553127315]",145.72369259618898,False,1.2473539910279214,138.53655305654695,133.99598091173792,131.77210322068785
quality_6_8_scatter_0,scatter,6,8,token,deterministic,53,analytic,"{""A"": 0, ""B"": 1, ""C"": 2, ""D"": 3, ""E"": 4, ""F"": 5}",204.48999999999998,80.2,0.0,1.0,0.9282144177175512,75,0,"[0.5750154707032935, 1.7921075316918027, 0.3980971869989679, 1.1936328809186936, 0.11257947113232684]",148.6614982715814,True,0.47180908592417836,142.09652768611184,137.75523118230984,133.3175810588855
quality_6_8_scatter_0,scatter,6,8,token,poor,41,analytic,"{""A"": 6, ""B"": 1, ""C"": 0, ""D"": 5, ""E"": 4, ""F"": 7}",254.25000000000003,80.2,0.0,1.0,0.9801413172178415,72,0,"[0.4911199530502498, 1.5196873788379317, 0.479195059476704, 0.9477593121219142, 0.3918623660935252]",144.20204156694302,True,0.45343184703961015,134.81012959321217,124.96302847260696,111.59669417786952
quality_6_8_scatter_0,scatter,6,8,token,poor,53,analytic,"{""A"": 6, ""B"": 1, ""C"": 0, ""D"": 5, ""E"": 4, ""F"": 7}",254.25000000000003,80.2,0.0,1.0,0.9915586973943213,99,0,"[0.5479572557165429, 1.577927356000126, 0.41053161851638265, 1.2388705289241606, 0.38698030066539657]",150.29203291608985,True,0.621443310752511,140.40227203420207,133.2964815270504,125.26680382070704
quality_6_8_scatter_0,scatter,6,8,token,random,41,analytic,"{""A"": 4, ""B"": 6, ""C"": 5, ""D"": 0, ""E"": 7, ""F"": 2}",207.11,80.2,0.0,1.0,0.9835414345976717,200,0,"[1.4971891802732282, 1.3941595823243373, 1.0682420909938177, 1.1112665972215863, 0.22494834290901425]",118.59505145114592,False,1.2460641809739172,93.4913685924305,89.29732671876008,85.45275920490187
quality_6_8_scatter_0,scatter,6,8,token,random,53,analytic,"{""A"": 4, ""B"": 6, ""C"": 5, ""D"": 0, ""E"": 7, ""F"": 2}",207.11,80.2,0.0,1.0,0.9196747331195855,200,0,"[0.9578159705346558, 1.3486928896934822, 0.5037482000287251, 0.7463510493318163, 0.4802706028517096]",146.33746142855853,False,1.2423972473479807,135.09727675793044,124.70137181278167,112.10011637040671
quality_6_8_scatter_1,scatter,6,8,penalty_row_xy,deterministic,41,analytic,"{""A"": 0, ""B"": 1, ""C"": 2, ""D"": 3, ""E"": 4, ""F"": 5}",254.39000000000001,130.13,1.147808546278376e-06,0.062082922324597306,0.05831574681568689,97,0,"[0.6182801036188732, 1.5734861282219754, 0.02637907444410587, 1.0350946046137512, 0.15895321908649926]",135.75223140381786,True,5.660227968823165,199.674608532629,168.985580900174,153.36357169333132
quality_6_8_scatter_1,scatter,6,8,penalty_row_xy,deterministic,53,analytic,"{""A"": 0, ""B"": 1, ""C"": 2, ""D"": 3, ""E"": 4, ""F"": 5}",254.39000000000001,130.13,6.749098912503465e-07,0.0762460188409929,0.07258425725848977,78,0,"[0.7262015546940335, 1.556069885178821, 0.15184931236922927, 1.0275914559148884, 0.1719502634302286]",139.20260992422448,True,4.111986313946545,189.68075226394836,162.25000746996452,148.2747649308246
quality_6_8_scatter_1,scatter,6,8,penalty_row_xy,poor,41,analytic,"{""A"": 6, ""B"": 0, ""C"": 2, ""D"": 1, ""E"": 4, ""F"": 3}",308.77000000000004,130.13,9.375227805327065e-07,0.07771116470878767,0.07770832713601729,42,0,"[0.40326690491877004, 1.555314031780385, 0.41034946701265185, 1.0032772427229442, 0.15032482563635316]",144.06571090931627,True,2.243596499785781,198.0510774696749,165.81461343627703,150.79577610838146
quality_6_8_scatter_1,scatter,6,8,penalty_row_xy,poor,53,analytic,"{""A"": 6, ""B"": 0, ""C"": 2, ""D"": 1, ""E"": 4, ""F"": 3}",308.77000000000004,130.13,3.153508226307419e-08,0.14071854690177885,0.14071854037677153,110,0,"[0.7574784720124442, 1.785895604138886, -0.011605002498308425, 0.9918545466084637, 0.1332081938137645]",128.29477606013012,True,5.768061351031065,160.9359724838013,143.3521821179217,138.73295295096688
quality_6_8_scatter_1,scatter,6,8,penalty_row_xy,random,41,analytic,"{""A"": 3, ""B"": 2, ""C"": 4, ""D"": 0, ""E"": 1, ""F"": 6}",212.98,130.13,2.455248190233112e-06,0.16002358283604087,0.116409043138817,82,0,"[0.712769763105975, 1.4304121133123413, -0.01769325390971246, 0.9386923652414891, -0.04049846795420523]",119.52853031603998,True,4.328035534359515,153.48305343479683,145.97882346785244,142.26342021472752
quality_6_8_scatter_1,scatter,6,8,penalty_row_xy,random,53,analytic,"{""A"": 3, ""B"": 2, ""C"": 4, ""D"": 0, ""E"": 1, ""F"": 6}",212.98,130.13,1.839999983864978e-06,0.14721557371643668,0.10516032352869885,74,0,"[0.8597479944286682, 1.5408368918868727, 0.02486593274378788, 0.8286874043190402, 0.033645934871163206]",119.93669056685657,True,3.9034430007450283,155.85487331109542,146.89932919575503,142.2099287893222
quality_6_8_scatter_1,scatter,6,8,token,deterministic,41,analytic,"{""A"": 0, ""B"": 1, ""C"": 2, ""D"": 3, ""E"": 4, ""F"": 5}",254.39000000000001,130.13,0.0,1.0,0.9909118647402138,110,0,"[0.936678648127968, 1.5779001460614004, 1.7235079019888446, 0.9233191704771464, 1.551978091369382]",164.5000372567777,True,0.6869261539541185,151.35313766216714,145.80471022218984,138.8891701282017
quality_6_8_scatter_1,scatter,6,8,token,deterministic,53,analytic,"{""A"": 0, ""B"": 1, ""C"": 2, ""D"": 3, ""E"": 4, ""F"": 5}",254.39000000000001,130.13,0.0,0.9999999999999999,0.8291488093311173,200,0,"[0.7970306499186163, 1.4870154961442452, 0.6044939376180652, 1.3054860197763538, 0.6158142412567971]",195.15254800497877,False,1.240344694815576,175.55183409623518,160.32104909142768,149.9123476459286
quality_6_8_scatter_1,scatter,6,8,token,poor,41,analytic,"{""A"": 6, ""B"": 0, ""C"": 2, ""D"": 1, ""E"": 4, ""F"": 3}",308.77000000000004,130.13,9.059984198585963e-25,0.9999999999999999,0.9999999999999997,200,0,"[1.5707029350195592, 1.5262430197080918, 1.0050820478407239, 1.2150441146012987, 0.15404709277768242]",161.016243691447,False,1.2430594866164029,147.42258877876245,144.86178109329114,143.97921227559638
quality_6_8_scatter_1,scatter,6,8,token,poor,53,analytic,"{""A"": 6, ""B"": 0, ""C"": 2, ""D"": 1, ""E"": 4, ""F"": 3}",308.77000000000004,130.13,2.1688802228815703e-12,1.0,0.9999999991552984,200,0,"[1.5897564442429784, 1.8238099570589688, 0.9582809345328308, 1.1259393022740076, 0.38758568883779887]",161.1848718834437,False,1.2401331891305745,147.94916938078276,144.7538400616223,142.51755085655373
quality_6_8_scatter_1,scatter,6,8,token,random,41,analytic,"{""A"": 3, ""B"": 2, ""C"": 4, ""D"": 0, ""E"": 1, ""F"": 6}",212.98,130.13,0.0,0.9999999999999998,0.6954688069624743,200,0,"[1.4766886749626846, 1.9805054241063451, -0.30568941091952756, 0.6404589818615075, 0.6440771132226181]",150.7278975948116,False,1.240881823003292,145.21106870335583,143.6896445022807,143.49273240952698
quality_6_8_scatter_1,scatter,6,8,token,random,53,analytic,"{""A"": 3, ""B"": 2, ""C"": 4, ""D"": 0, ""E"": 1, ""F"": 6}",212.98,130.13,0.0,1.0,0.3588512818551897,175,0,"[0.6067677824442904, 1.6738032601465995, 0.17455705740796487, 1.13478497462606, 0.3267025908348423]",194.39168963733704,True,1.0855311378836632,185.8981854811339,180.98714626818182,176.45246894918552
quality_6_8_scatter_2,scatter,6,8,penalty_row_xy,deterministic,41,analytic,"{""A"": 0, ""B"": 1, ""C"": 2, ""D"": 3, ""E"": 4, ""F"": 5}",171.36,106.05,1.4064884908708119e-06,0.07740242953321452,0.030924504992476013,72,0,"[0.5944211285778499, 1.53728630792047, 0.2609646812941002, 1.2104062175088504, 0.0339353071197932]",127.24773341999241,True,4.163446783088148,157.81977490962095,141.60478444956811,129.4536351381539
quality_6_8_scatter_2,scatter,6,8,penalty_row_xy,deterministic,53,analytic,"{""A"": 0, ""B"": 1, ""C"": 2, ""D"": 3, ""E"": 4, ""F"": 5}",171.36,106.05,1.2778953071945216e-05,0.09257542175637615,0.024976037234407993,89,0,"[0.47707777639444476, 1.6099139244515166, 0.325405384815923, 1.1750208932961734, 0.07307981889093194]",130.02183143274465,True,4.584592733066529,159.4311167092664,142.90157360531165,129.32842699886322
quality_6_8_scatter_2,scatter,6,8,penalty_row_xy,poor,41,analytic,"{""A"": 7, ""B"": 5, ""C"": 0, ""D"": 6, ""E"": 2, ""F"": 3}",268.33,106.05,6.827579611147184e-07,0.09704487479907806,0.0970448747923133,65,0,"[0.38408437064532674, 1.5811795870468985, -0.009531905889659839, 1.0323756545769813, -0.04276797353714205]",122.11267705404963,True,3.375454176682979,170.24877294783357,140.90309179121687,128.28901965497963
quality_6_8_scatter_2,scatter,6,8,penalty_row_xy,poor,53,analytic,"{""A"": 7, ""B"": 5, ""C"": 0, ""D"": 6, ""E"": 2, ""F"": 3}",268.33,106.05,4.019010554559594e-06,0.08498308253734224,0.08498308093158338,98,0,"[0.06250506594482454, 1.7536866002113525, -0.39251189902256417, 1.138849993218217, 0.015388625625963997]",116.12898791510239,True,5.086814316920936,172.60543189189855,143.5455183286687,130.49503527146302
quality_6_8_scatter_2,scatter,6,8,penalty_row_xy,random,41,analytic,"{""A"": 2, ""B"": 7, ""C"": 5, ""D"": 0, ""E"": 6, ""F"": 4}",162.31,106.05,0.0005122841976339021,0.14559907370950842,0.05870459328112819,59,0,"[0.6898526293199186, 1.5800904574575942, 0.5103867767894152, 1.1639904401601098, 0.04369338126349471]",113.4953126551909,True,3.067034767009318,138.18683373665107,124.07329633701096,115.32040304500306
quality_6_8_scatter_2,scatter,6,8,penalty_row_xy,random,53,analytic,"{""A"": 2, ""B"": 7, ""C"": 5, ""D"": 0, ""E"": 6, ""F"": 4}",162.31,106.05,0.028569643201454255,0.1560302995265636,0.11381469123672566,113,0,"[0.7232912750543447, 1.8356372507814798, 0.6089950431504643, 1.7664779551867895, -0.02475610318651118]",106.98315515154482,True,5.867523911874741,116.39976851467809,106.40262917016642,106.0500033383315
quality_6_8_scatter_2,scatter,6,8,token,deterministic,41,analytic,"{""A"": 0, ""B"": 1, ""C"": 2, ""D"": 3, ""E"": 4, ""F"": 5}",171.36,106.05,0.0,1.0,0.6562173386400632,200,0,"[0.6958838097489318, 1.6998732447891303, 0.5808665978516051, 0.7120243113811913, 1.4181884877718243]",132.6024093724418,False,1.2473964421078563,126.06228650367973,123.25914842036354,121.41059730982558
quality_6_8_scatter_2,scatter,6,8,token,deterministic,53,analytic,"{""A"": 0, ""B"": 1, ""C"": 2, ""D"": 3, ""E"": 4, ""F"": 5}",171.36,106.05,0.0,0.9999999999999999,0.5935749658391056,149,0,"[0.5491530988359097, 1.6195530644755791, 0.6005414499629017, 1.0599506747317584, 0.4723890878709223]",142.25290445039892,True,0.9382020877674222,129.3539759949797,124.25841021514185,122.64337480952247
quality_6_8_scatter_2,scatter,6,8,token,poor,41,analytic,"{""A"": 7, ""B"": 5, ""C"": 0, ""D"": 6, ""E"": 2, ""F"": 3}",268.33,106.05,0.0,1.0,0.9981336062903504,56,0,"[0.5285508327123393, 1.5051083960281264, 0.4777311486564851, 1.2996219128212054, 0.145486747936549]",157.8221971527468,True,0.36187177523970604,144.65972857176948,139.77352914557838,134.3581007594772
quality_6_8_scatter_2,scatter,6,8,token,poor,53,analytic,"{""A"": 7, ""B"": 5, ""C"": 0, ""D"": 6, ""E"": 2, ""F"": 3}",268.33,106.05,0.0,1.0,0.9841034603026713,45,0,"[0.615226934028839, 1.896921361000013, 0.16082143601700655, 0.935081705558947, 0.3294815775486898]",155.977993440902,True,0.28100409964099526,144.16247913108512,140.70706282631642,136.7322347488535
quality_6_8_scatter_2,scatter,6,8,token,random,41,analytic,"{""A"": 2, ""B"": 7, ""C"": 5, ""D"": 0, ""E"": 6, ""F"": 4}",162.31,106.05,0.0067276049394045575,1.0,0.25322474621075663,200,0,"[0.4627950287279248, 1.800704865681991, 0.673997643715338, 0.8398713211736524, 0.7262465424245906]",144.68558973408858,False,1.2174131949432194,122.6582295882371,111.05213216824482,106.28109145766412
quality_6_8_scatter_2,scatter,6,8,token,random,53,analytic,"{""A"": 2, ""B"": 7, ""C"": 5, ""D"": 0, ""E"": 6, ""F"": 4}",162.31,106.05,0.0032434802910858616,1.0,0.284795322618029,200,0,"[0.49045260249780015, 1.8003153140382957, 0.6967764964846697, 0.838357521536418, 0.8646882065225574]",143.8281739297342,False,1.2148638130165637,124.82075057045282,114.03243372111378,107.46560735768327
quality_6_8_scatter_3,scatter,6,8,penalty_row_xy,deterministic,41,analytic,"{""A"": 0, ""B"": 1, ""C"": 2, ""D"": 3, ""E"": 4, ""F"": 5}",263.71,238.65000000000003,1.1263885627336137e-06,0.09768390880648208,0.00467872971463454,59,0,"[0.2168373805997471, 1.4570624079239216, 0.8306818327080221, 1.0171037900981996, 0.0006841116977876145]",222.91944288978908,True,3.5083232861943543,262.59828838110303,259.8570359216419,254.06876245904945
quality_6_8_scatter_3,scatter,6,8,penalty_row_xy,deterministic,53,analytic,"{""A"": 0, ""B"": 1, ""C"": 2, ""D"": 3, ""E"": 4, ""F"": 5}",263.71,238.65000000000003,2.5518649019587067e-08,0.08931717414604355,0.002889815910146715,141,0,"[0.17333243663676345, 1.8352755473503735, 0.2669152683786449, 0.9527711194509557, 0.006270840587317942]",228.01655982019588,True,7.323600113391876,263.0190370323328,261.14136456278754,255.80094972085413
quality_6_8_scatter_3,scatter,6,8,penalty_row_xy,poor,41,analytic,"{""A"": 6, ""B"": 1, ""C"": 4, ""D"": 7, ""E"": 5, ""F"": 0}",432.51,238.65000000000003,1.6214874523974292e-06,0.07977030665259374,0.07977017797332783,81,0,"[0.5295480148070131, 1.5308706506929863, 0.1402829451843406, 1.1695142559079066, 0.14434586818451045]",232.73276560573265,True,4.253999182954431,310.2545322843783,278.0118490043829,263.2738682688949
quality_6_8_scatter_3,scatter,6,8,penalty_row_xy,poor,53,analytic,"{""A"": 6, ""B"": 1, ""C"": 4, ""D"": 7, ""E"": 5, ""F"": 0}",432.51,238.65000000000003,3.3487891007427305e-07,0.0754008608912021,0.07539957940353643,73,0,"[0.5305797288454829, 1.5048584059617824, 0.2187641406482623, 1.2043661159772774, 0.21157113746024056]",233.16057241559116,True,3.8537510791793466,314.21224145872407,280.4576554198396,265.4650944643331
quality_6_8_scatter_3,scatter,6,8,penalty_row_xy,random,41,analytic,"{""A"": 1, ""B"": 4, ""C"": 3, ""D"": 6, ""E"": 2, ""F"": 5}",287.29,238.65000000000003,3.727744252902486e-07,0.058564792634977464,0.01409396148046871,66,0,"[0.7433019573045032, 1.8509132749574537, 0.5357826190055032, 1.1622580241285312, 0.005935774844984194]",212.77551616196178,True,3.4790129316970706,282.6054755134081,273.9485713316219,262.8060490581663
quality_6_8_scatter_3,scatter,6,8,penalty_row_xy,random,53,analytic,"{""A"": 1, ""B"": 4, ""C"": 3, ""D"": 6, ""E"": 2, ""F"": 5}",287.29,238.65000000000003,6.020619038560117e-06,0.05673374685922403,0.010857819908790674,88,0,"[0.6392187789264507, 1.8214714766311124, -0.0852578699543238, 1.0892152537150637, -0.020263145528283257]",217.5100221833016,True,4.636038925033063,283.6450512459161,275.76372238132177,262.25871330799123
quality_6_8_scatter_3,scatter,6,8,token,deterministic,41,analytic,"{""A"": 0, ""B"": 1, ""C"": 2, ""D"": 3, ""E"": 4, ""F"": 5}",263.71,238.65000000000003,0.0,1.0,0.3522722106170258,84,0,"[0.9272800327186954, 1.5005719130922304, 0.16480964368887469, 0.9639859355787979, 0.200202358703814]",249.75121397289962,True,0.5279123513028026,244.99764468315885,243.86106173702936,243.46516039012937
quality_6_8_scatter_3,scatter,6,8,token,deterministic,53,analytic,"{""A"": 0, ""B"": 1, ""C"": 2, ""D"": 3, ""E"": 4, ""F"": 5}",263.71,238.65000000000003,0.0,1.0000000000000002,0.34150132721131293,182,0,"[0.9169908452079049, 1.5436502781423065, 0.18711948699389425, 0.8930153684263248, 0.21168591522367172]",249.8746806242403,True,1.1328656077384949,245.09297788148794,243.92449579254395,243.46928064145843
quality_6_8_scatter_3,scatter,6,8,token,poor,41,analytic,"{""A"": 6, ""B"": 1, ""C"": 4, ""D"": 7, ""E"": 5, ""F"": 0}",432.51,238.65000000000003,0.002181696175201996,1.0,0.9999999222540815,200,0,"[0.6793524409545347, 1.0534073165644935, 1.1293227667620331, 0.9815040064100564, 1.471890587927462]",277.8625210056627,False,1.243451943155378,260.67879602803265,250.29352267882226,242.07170852806252
quality_6_8_scatter_3,scatter,6,8,token,poor,53,analytic,"{""A"": 6, ""B"": 1, ""C"": 4, ""D"": 7, ""E"": 5, ""F"": 0}",432.51,238.65000000000003,0.00011099262030015339,1.0,0.9999999672584572,200,0,"[1.093791095617798, 1.9543758720202264, 0.771728539333234, 0.9543803751039369, 1.5400680627939285]",278.34126909644027,False,1.2438512821681798,262.326173057904,254.0922127162815,250.0266262304933
quality_6_8_scatter_3,scatter,6,8,token,random,41,analytic,"{""A"": 1, ""B"": 4, ""C"": 3, ""D"": 6, ""E"": 2, ""F"": 5}",287.29,238.65000000000003,9.730246565197082e-10,1.0,0.6021127395595993,182,0,"[0.26719341430786775, 1.5972683388707942, 0.3753193190814495, 1.1440133474226473, 0.2721665069837848]",259.42914090608804,True,1.1325201499275863,257.12346455426297,254.76326554968094,251.69911620925996
quality_6_8_scatter_3,scatter,6,8,token,random,53,analytic,"{""A"": 1, ""B"": 4, ""C"": 3, ""D"": 6, ""E"": 2, ""F"": 5}",287.29,238.65000000000003,1.1372466784010693e-09,1.0,0.6043916452466547,193,0,"[0.27418632562771245, 1.5951904274200184, 0.38172594016178385, 1.1447187895702677, 0.2652460939390102]",259.4404509670795,True,1.2000798536464572,257.06982510818324,254.74350366246168,251.68902453157568
